step,event_type,deposited_species,intended_species,impurity_kind,is_vacancy,species_flux,anchor_mode,growth_axis,surface_axes,n_atoms,n_initial,n_added,n_vacancies,n_growth_events,kmc_time,dt,temperature_K,flux_ML_s,n_sites,deposition_total_rate_s_inv,e_total_eV,e_before_eV,e_after_eV,delta_e_relaxed_eV,e_ads_unrelaxed_eV,chosen_boltzmann_probability,rate_s_inv,total_rate_s_inv,mobile_count,added_index,anchor_index,n_surface_anchors,n_tested_candidates,min_distance_A,x_event_A,y_event_A,z_event_A,surface_area_A2,gamma_initial_eV_A2,gamma_effective_eV_A2,gamma_effective_J_m2,top_coord_A,bottom_coord_A,slab_thickness_A,growth_height_A,roughness_A,coverage_estimate_ML,front_mean_A,front_median_A,front_p90_A,front_grid_rms_A,front_grid_occupied_fraction,growth_front_mean_A,growth_front_median_A,growth_front_p90_A,first_template_layer_occupancy,highest_90pct_complete_layer,n_template_layers,contiguous_90pct_complete_layers,contiguous_complete_layer_fraction,mean_template_layer_occupancy,n_template_growth_sites,n_occupied_template_growth_sites,template_growth_occupancy_fraction,frozen_vacancy_fraction_of_template,incorporation_efficiency_per_event,added_areal_density_atoms_A2,growth_front_mean_per_event_A,growth_front_mean_per_added_atom_A,growth_front_mean_per_template_site_A,template_growth_extent_A,growth_front_mean_fraction_of_template,coordination_mean,coordination_surface_mean,coordination_added_mean,fraction_added_CN4
1,deposition,Fe,Fe,none,0,1.0,"C:grid_anchor:1,6",z,xy,577,576,1,0,1,3.893699348420913,3.893699348420913,300.0,0.001,215.45543760153942,0.21545543760153943,-4986.4526,-4973.4434,-4986.4526,-12.609278,-8.169336,0.9342344843757568,0.21545543760153943,0.21545543760153943,9,576,46,64,124,1.7213175694837717,-8.672252724524055,32.35256007225746,7.835826755361078,1723.6435008123153,0.0,-0.0075475452,-0.12092501,7.295123484888809,2.1712595,5.123863984888809,0.7813449848888085,0.05228740118397289,0.004641330992301932,6.54298466777099,6.513778500000001,6.513778500000001,0.1346532163750447,0.5625,0.02920616777098939,0.0,0.0,0.0,-1,0,0,0.0,0.0,0,0,0.0,0.0,1.0,0.0005801663740377415,0.02920616777098939,0.02920616777098939,0.0,0.0,0.0,8.110918544194108,8.117647058823529,4.0,1.0
2,deposition,Fe,Fe,none,0,1.0,droplet_added:side_attach:anchor=576:cn=3,z,xy,578,576,2,0,2,5.245747962403488,1.3520486139825751,300.0,0.001,215.45543760153942,0.21545543760153943,-4996.0273,-4986.4526,-4996.0273,-9.174707,-6.778711,0.9866933294274027,0.21545543760153943,0.21545543760153943,10,577,576,1,53,1.8565401452349408,-5.98177132993343,33.36226681408237,7.275467654073119,1723.6435008123153,0.0,-0.013102468,-0.20992468,7.237452835533895,2.1712595,5.066193335533894,0.7236743355338939,0.06250595467068691,0.009282661984603865,6.551633304598658,6.513778500000001,6.513778500000001,0.15639729488262727,0.5625,0.03785480459865731,0.0,0.0,0.0,-1,0,0,0.0,0.0,0,0,0.0,0.0,1.0,0.001160332748075483,0.018927402299328655,0.018927402299328655,0.0,0.0,0.0,8.100346020761245,8.096551724137932,3.5,0.5
3,deposition,Fe,Fe,none,0,1.0,"C:grid_anchor:3,6",z,xy,579,576,3,0,3,10.435630755046859,5.189882792643371,300.0,0.001,215.45543760153942,0.21545543760153943,-5008.7544,-4996.0273,-5008.7544,-12.327051,-7.7640624,0.9288194122753465,0.21545543760153943,0.21545543760153943,17,578,286,64,126,1.7056768473651966,3.577768657002924,31.14577054218158,7.843752611076439,1723.6435008123153,0.0,-0.020486275,-0.32822633,7.614967844824934,2.1712595,5.443708344824934,1.1011893448249328,0.0907857980307575,0.013923992976905797,6.588369316838956,6.513778500000001,6.624432047912901,0.23531597954066263,0.5625,0.0745908168389553,0.0,0.11065354791290005,0.0,-1,0,0,0.0,0.0,0,0,0.0,0.0,1.0,0.0017404991221132246,0.0248636056129851,0.0248636056129851,0.0,0.0,0.0,8.1139896373057,8.123711340206185,4.0,0.3333333333333333
4,deposition,Fe,Fe,none,0,1.0,"C:grid_anchor:5,6",z,xy,580,576,4,0,4,24.367786410278292,13.932155655231433,300.0,0.001,215.45543760153942,0.21545543760153943,-5019.829,-5008.7544,-5019.829,-10.674707,-7.2889647,0.9129565620733946,0.21545543760153943,0.21545543760153943,11,579,430,64,124,1.8808140355038154,10.873918834655097,32.37270729412932,8.135609681709962,1723.6435008123153,0.0,-0.026911447,-0.4311689,7.614967844824934,2.1712595,5.443708344824934,1.1011893448249328,0.1007352518319413,0.01856532396920773,6.604843782490156,6.513778500000001,6.914548629722431,0.2490001175425888,0.5625,0.09106528249015522,0.0,0.40077012972242976,0.0,-1,0,0,0.0,0.0,0,0,0.0,0.0,1.0,0.002320665496150966,0.022766320622538805,0.022766320622538805,0.0,0.0,0.0,8.117241379310345,8.13013698630137,4.0,0.5
5,deposition,B,B,none,0,1.0,droplet_added:side_attach:anchor=579:cn=4,z,xy,581,576,5,0,5,24.521488947235063,0.1537025369567706,300.0,0.001,215.45543760153942,0.21545543760153943,-5031.867,-5019.829,-5031.867,-11.938086,-7.449805,0.9999999999898838,0.21545543760153943,0.21545543760153943,12,580,579,4,48,1.5611453531760497,13.671886436984504,32.767162352595136,7.104646331153873,1723.6435008123153,0.0,-0.03389554,-0.54306644,7.614967844824934,2.1712595,5.443708344824934,1.1011893448249328,0.10061916615101547,0.02320665496150966,6.607161278451027,6.513778500000001,6.888319270129275,0.24591047811688452,0.5625,0.09338277845102638,0.0,0.3745407701292738,0.0,-1,0,0,0.0,0.0,0,0,0.0,0.0,1.0,0.0029008318701887075,0.018676555690205276,0.018676555690205276,0.0,0.0,0.0,8.12736660929432,8.150170648464163,4.0,0.2
6,deposition,Fe,Fe,none,0,1.0,droplet_added:side_attach:anchor=580:cn=3,z,xy,582,576,6,0,6,26.134212464378713,1.6127235171436514,300.0,0.001,215.45543760153942,0.21545543760153943,-5039.549,-5031.867,-5039.549,-7.2816405,-6.591699,0.9999992682437485,0.21545543760153943,0.21545543760153943,8,581,580,5,44,2.0951030033995273,16.16683819976501,33.66394354301432,6.9612064579419615,1723.6435008123153,0.0,-0.03835217,-0.6144695,7.614967844824934,2.1712595,5.443708344824934,1.1011893448249328,0.10224079994519718,0.027847985953811594,6.61276261376324,6.513778500000001,6.9464340447250255,0.24909087734628593,0.5625,0.09898411376323946,0.0,0.43265554472502465,0.0,-1,0,0,0.0,0.0,0,0,0.0,0.0,1.0,0.0034809982442264493,0.01649735229387324,0.01649735229387324,0.0,0.0,0.0,8.123711340206185,8.142857142857142,3.8333333333333335,0.16666666666666666
7,deposition,Fe,Fe,none,0,1.0,droplet_added:side_attach:anchor=578:cn=2,z,xy,583,576,7,0,7,29.87380640751068,3.7395939431319696,300.0,0.001,215.45543760153942,0.21545543760153943,-5047.0957,-5039.549,-5047.0957,-7.146875,-6.732324,0.9730095802757343,0.21545543760153943,0.21545543760153943,10,582,578,6,37,1.8861458032664782,5.38800115888893,33.487690813809266,7.609545147371239,1723.6435008123153,0.0,-0.04273061,-0.6846199,7.701644895734686,2.1712595,5.530385395734687,1.1878663957346856,0.11244942746983964,0.032489316946113525,6.627381677656597,6.513778500000001,7.097215037225261,0.2742680133252312,0.5625,0.11360317765659644,0.0,0.5834365372252606,0.0,-1,0,0,0.0,0.0,0,0,0.0,0.0,1.0,0.004061164618264191,0.01622902537951378,0.01622902537951378,0.0,0.0,0.0,8.11663807890223,8.128813559322033,3.7142857142857144,0.14285714285714285
8,deposition,Fe,Fe,none,0,1.0,droplet_added:side_attach:anchor=582:cn=4,z,xy,584,576,8,0,8,34.32848117282814,4.4546747653174625,300.0,0.001,215.45543760153942,0.21545543760153943,-5055.625,-5047.0957,-5055.625,-8.129297,-7.557031,0.9999991958335115,0.21545543760153943,0.21545543760153943,11,583,582,7,43,1.9626776130096764,3.3063076148683734,33.54971393333791,7.077501794514295,1723.6435008123153,0.0,-0.047679022,-0.7639022,7.8639088890384645,2.1712595,5.692649389038465,1.3501303890384637,0.11921412524790957,0.03713064793841546,6.631894932152546,6.513778500000001,7.097215037225261,0.29261674404045984,0.5625,0.11811643215254541,0.0,0.5834365372252606,0.0,-1,0,0,0.0,0.0,0,0,0.0,0.0,1.0,0.004641330992301932,0.014764554019068177,0.014764554019068177,0.0,0.0,0.0,8.10958904109589,8.114864864864865,3.625,0.125
9,deposition,Fe,Fe,none,0,1.0,droplet_added:side_attach:anchor=583:cn=3,z,xy,585,576,9,0,9,35.45785567398621,1.1293745011580698,300.0,0.001,215.45543760153942,0.21545543760153943,-5066.956,-5055.625,-5066.956,-10.931055,-7.6463866,0.9997886170975329,0.21545543760153943,0.21545543760153943,14,584,583,8,46,1.7852410691923322,1.2428011935080754,32.93269509231145,7.058058233593548,1723.6435008123153,0.0,-0.05425292,-0.8692276,7.918173754543216,2.1712595,5.746914254543215,1.404395254543215,0.11745991954081435,0.04177197893071739,6.629630572447026,6.513778500000001,7.040339571578289,0.2929698720401633,0.5625,0.11585207244702556,0.0,0.5265610715782882,0.0,-1,0,0,0.0,0.0,0,0,0.0,0.0,1.0,0.005221497366339674,0.01287245249411395,0.01287245249411395,0.0,0.0,0.0,8.109401709401709,8.114478114478114,3.6666666666666665,0.1111111111111111
10,deposition,Fe,Fe,none,0,1.0,droplet_added:side_attach:anchor=577:cn=3,z,xy,586,576,10,0,10,43.064189075648116,7.606333401661905,300.0,0.001,215.45543760153942,0.21545543760153943,-5075.86,-5066.956,-5075.86,-8.503809,-7.1620116,0.9999886830791007,0.21545543760153943,0.21545543760153943,11,585,577,9,47,2.363284599613319,-3.3943840376970513,33.169940532316126,7.25413358255992,1723.6435008123153,0.0,-0.05941861,-0.95199114,7.918173754543216,2.1712595,5.746914254543215,1.404395254543215,0.11699265658279663,0.04641330992301932,6.626455574326391,6.513778500000001,7.038851698199375,0.2878568284872001,0.5625,0.11267707432639007,0.0,0.5250731981993741,0.0,-1,0,0,0.0,0.0,0,0,0.0,0.0,1.0,0.005801663740377415,0.011267707432639006,0.011267707432639006,0.0,0.0,0.0,8.1160409556314,8.12751677852349,4.0,0.2
11,deposition,Fe,Fe,none,0,1.0,droplet_added:side_attach:anchor=576:cn=2,z,xy,587,576,11,0,11,43.709398173382176,0.6452090977340574,300.0,0.001,215.45543760153942,0.21545543760153943,-5083.4097,-5075.86,-5083.4097,-7.1498046,-6.7308593,0.9999999999996398,0.21545543760153943,0.21545543760153943,6,586,576,10,44,1.9572572459895317,-10.826695109725161,33.21071917009831,7.341257742656604,1723.6435008123153,0.0,-0.063798755,-1.0221688,7.918173754543216,2.1712595,5.746914254543215,1.404395254543215,0.12188251116520947,0.051054640915321255,6.625720591137661,6.513778500000001,7.038851698199375,0.28632554075053046,0.5625,0.11194209113766007,0.0,0.5250731981993741,0.0,-1,0,0,0.0,0.0,0,0,0.0,0.0,1.0,0.006381830114415157,0.01017655373978728,0.01017655373978728,0.0,0.0,0.0,8.109028960817717,8.11371237458194,3.909090909090909,0.09090909090909091
12,deposition,Fe,Fe,none,0,1.0,"C:grid_anchor:1,2",z,xy,588,576,12,0,12,48.97995886881491,5.270560695432735,300.0,0.001,215.45543760153942,0.21545543760153943,-5093.0195,-5083.4097,-5093.0195,-9.209864,-7.4603515,0.9997676864578543,0.21545543760153943,0.21545543760153943,13,587,12,64,123,1.9489458589879674,-0.08593899012169803,12.068811119026854,8.016242728642355,1723.6435008123153,0.0,-0.06937407,-1.1114951,7.918173754543216,2.1712595,5.746914254543215,1.404395254543215,0.12949163381432433,0.05569597190762319,6.652344720075115,6.513778500000001,7.040339571578289,0.29772507856878083,0.5625,0.13856622007511454,0.0,0.5265610715782882,0.0,-1,0,0,0.0,0.0,0,0,0.0,0.0,1.0,0.006961996488452899,0.011547185006259545,0.011547185006259545,0.0,0.0,0.0,8.112244897959183,8.12,3.8333333333333335,0.08333333333333333
13,deposition,Fe,Fe,none,0,1.0,droplet_added:side_attach:anchor=587:cn=4,z,xy,589,576,13,0,13,49.352871788828715,0.37291292001380344,300.0,0.001,215.45543760153942,0.21545543760153943,-5104.055,-5093.0195,-5104.055,-10.635645,-7.011621,0.9999999999999993,0.21545543760153943,0.21545543760153943,14,588,587,12,51,1.6244017757554623,1.04095645987117,9.644445707371903,7.2495284636672235,1723.6435008123153,0.0,-0.075776584,-1.2140747,7.918173754543216,2.1712595,5.746914254543215,1.404395254543215,0.1320739311104871,0.06033730289992512,6.662421474550546,6.513778500000001,7.056399993119303,0.3016235895606167,0.5625,0.14864297455054487,0.0,0.5426214931193023,0.0,-1,0,0,0.0,0.0,0,0,0.0,0.0,1.0,0.00754216286249064,0.01143407496542653,0.01143407496542653,0.0,0.0,0.0,8.115449915110357,8.12624584717608,3.923076923076923,0.23076923076923078
14,deposition,Fe,Fe,none,0,1.0,droplet_added:side_attach:anchor=576:cn=2,z,xy,590,576,14,0,14,52.179404547584404,2.8265327587556928,300.0,0.001,215.45543760153942,0.21545543760153943,-5111.1025,-5104.055,-5111.1025,-6.647363,-5.853418,0.6372889465351513,0.21545543760153943,0.21545543760153943,7,589,576,13,37,2.245704213652537,-7.805351147695877,34.987958494596356,7.306320421710937,1723.6435008123153,0.0,-0.079865225,-1.279582,7.918173754543216,2.1712595,5.746914254543215,1.404395254543215,0.137259693699355,0.06497863389222705,6.679427099111508,6.513778500000001,7.053430583381992,0.32309349458426506,0.578125,0.1656485991115071,0.0,0.5396520833819913,0.0,-1,0,0,0.0,0.0,0,0,0.0,0.0,1.0,0.008122329236528381,0.011832042793679078,0.011832042793679078,0.0,0.0,0.0,8.115254237288136,8.125827814569536,4.071428571428571,0.21428571428571427
15,deposition,Fe,Fe,none,0,1.0,droplet_added:side_attach:anchor=581:cn=2,z,xy,591,576,15,0,15,58.366285883518174,6.186881335933768,300.0,0.001,215.45543760153942,0.21545543760153943,-5118.3833,-5111.1025,-5118.3833,-6.8807616,-5.888574,0.9248524729562998,0.21545543760153943,0.21545543760153943,9,590,581,14,45,2.071992194925978,14.331339703713574,34.5327773221147,6.894651380077916,1723.6435008123153,0.0,-0.08408928,-1.3472588,7.918173754543216,2.1712595,5.746914254543215,1.404395254543215,0.13512212973642876,0.06961996488452898,6.678021740277596,6.513778500000001,7.048762451648437,0.31568896289526055,0.59375,0.16424324027759507,0.0,0.534983951648436,0.0,-1,0,0,0.0,0.0,0,0,0.0,0.0,1.0,0.008702495610566123,0.010949549351839671,0.010949549351839671,0.0,0.0,0.0,8.115059221658207,8.125412541254125,4.266666666666667,0.3333333333333333
16,deposition,Fe,Fe,none,0,1.0,droplet_added:side_attach:anchor=584:cn=4,z,xy,592,576,16,0,16,59.94926219632864,1.5829763128104637,300.0,0.001,215.45543760153942,0.21545543760153943,-5125.5796,-5118.3833,-5125.5796,-6.796289,-6.421289,0.9999999999999993,0.21545543760153943,0.21545543760153943,9,591,584,15,48,2.1496318906341547,-1.084031710657026,33.824278416302484,6.860245615143489,1723.6435008123153,0.0,-0.088264324,-1.4141504,7.918173754543216,2.1712595,5.746914254543215,1.404395254543215,0.134474731842709,0.07426129587683092,6.678021740277596,6.513778500000001,7.048762451648437,0.31568896289526055,0.59375,0.16424324027759507,0.0,0.534983951648436,0.0,-1,0,0,0.0,0.0,0,0,0.0,0.0,1.0,0.009282661984603865,0.010265202517349692,0.010265202517349692,0.0,0.0,0.0,8.114864864864865,8.125,4.5,0.4375
17,deposition,B,B,none,0,1.0,droplet_added:side_attach:anchor=578:cn=5,z,xy,593,576,17,0,17,63.85580365960078,3.9065414632721414,300.0,0.001,215.45543760153942,0.21545543760153943,-5132.188,-5125.5796,-5132.188,-6.5083985,-5.8384767,0.9997331149728077,0.21545543760153943,0.21545543760153943,13,592,578,16,35,1.5400351485702235,5.214733198287764,32.78205909448124,7.889388830466368,1723.6435008123153,0.0,-0.092098296,-1.4755774,7.9967138933898445,2.1712595,5.825454393389844,1.4829353933898437,0.1582567680743201,0.07890262686913285,6.704655799967368,6.513778500000001,7.078812617014204,0.3806788270311239,0.59375,0.1908772999673669,0.0,0.5650341170142035,0.0,-1,0,0,0.0,0.0,0,0,0.0,0.0,1.0,0.009862828358641607,0.011228076468668642,0.011228076468668642,0.0,0.0,0.0,8.118043844856661,8.131147540983607,4.705882352941177,0.4117647058823529
18,deposition,Fe,Fe,none,0,1.0,droplet_added:side_attach:anchor=581:cn=3,z,xy,594,576,18,0,18,65.89374739991504,2.0379437403142613,300.0,0.001,215.45543760153942,0.21545543760153943,-5140.464,-5132.188,-5140.464,-7.875879,-6.31582,0.9348082280030237,0.21545543760153943,0.21545543760153943,9,593,581,17,43,1.7488120853551343,18.342254210081872,32.807921514361595,6.778731246651266,1723.6435008123153,0.0,-0.09689968,-1.5525041,7.9967138933898445,2.1712595,5.825454393389844,1.4829353933898437,0.1573405170684884,0.08354395786143479,6.702706775710326,6.513778500000001,7.078812617014204,0.3805187387567936,0.59375,0.18892827571032544,0.0,0.5650341170142035,0.0,-1,0,0,0.0,0.0,0,0,0.0,0.0,1.0,0.010442994732679348,0.010496015317240303,0.010496015317240303,0.0,0.0,0.0,8.121212121212121,8.137254901960784,4.666666666666667,0.3888888888888889
19,deposition,Fe,Fe,none,0,1.0,droplet_added:side_attach:anchor=592:cn=2,z,xy,595,576,19,0,19,68.38448328943397,2.4907358895189318,300.0,0.001,215.45543760153942,0.21545543760153943,-5148.5186,-5140.464,-5148.5186,-7.6546874,-6.1561522,0.6589312770455815,0.21545543760153943,0.21545543760153943,9,594,592,18,37,1.9846276615802185,3.2677883954081146,34.20077385079085,8.076714020430336,1723.6435008123153,0.0,-0.10157274,-1.6273746,8.055700090717407,2.1712595,5.884440590717407,1.541921590717406,0.1773281787810303,0.08818528885373672,6.698247743941098,6.513778500000001,7.078812617014204,0.3674074794397649,0.59375,0.18446924394109754,0.0,0.5650341170142035,0.0,-1,0,0,0.0,0.0,0,0,0.0,0.0,1.0,0.01102316110671709,0.009708907575847239,0.009708907575847239,0.0,0.0,0.0,8.117647058823529,8.13029315960912,4.7894736842105265,0.2631578947368421
20,deposition,Fe,Fe,none,0,1.0,droplet_added:side_attach:anchor=582:cn=3,z,xy,596,576,20,0,20,71.69546137461705,3.310978085183084,300.0,0.001,215.45543760153942,0.21545543760153943,-5156.021,-5148.5186,-5156.021,-7.1024413,-6.4603515,0.9999890609853681,0.21545543760153943,0.21545543760153943,11,595,582,19,39,2.1389472057515766,5.4232400803088865,34.809439724117034,6.619218545134768,1723.6435008123153,0.0,-0.1059254,-1.6971121,7.9871051018246275,2.1712595,5.815845601824627,1.4733266018246267,0.1763944235832315,0.09282661984603864,6.706481538298783,6.513778500000001,7.076290758611422,0.3707996198669362,0.609375,0.19270303829878177,0.0,0.5625122586114211,0.0,-1,0,0,0.0,0.0,0,0,0.0,0.0,1.0,0.01160332748075483,0.009635151914939088,0.009635151914939088,0.0,0.0,0.0,8.120805369127517,8.136363636363637,4.95,0.35
21,deposition,Fe,Fe,none,0,1.0,droplet_added:side_attach:anchor=578:cn=8,z,xy,597,576,21,0,21,72.47712891173825,0.7816675371211919,300.0,0.001,215.45543760153942,0.21545543760153943,-5163.922,-5156.021,-5163.922,-7.500879,-6.206445,0.9977887997169749,0.21545543760153943,0.21545543760153943,23,596,578,20,33,1.8417154375589617,6.202049726755057,31.068189480312537,8.06311285159881,1723.6435008123153,0.0,-0.110509224,-1.770553,7.995935396718829,2.1712595,5.824675896718828,1.4821568967188279,0.19411839243624146,0.09746795083834058,6.71042927353609,6.513778500000001,7.076290758611422,0.37380920809869683,0.609375,0.1966507735360894,0.0,0.5625122586114211,0.0,-1,0,0,0.0,0.0,0,0,0.0,0.0,1.0,0.012183493854792572,0.00936432254933759,0.00936432254933759,0.0,0.0,0.0,8.127303182579565,8.148867313915858,5.238095238095238,0.2857142857142857
22,deposition,Fe,Fe,none,0,1.0,"C:grid_anchor:5,1",z,xy,598,576,22,0,22,79.50240403853809,7.025275126799842,300.0,0.001,215.45543760153942,0.21545543760153943,-5179.585,-5163.922,-5179.585,-15.263086,-8.736719,0.9999686188641183,0.21545543760153943,0.21545543760153943,16,597,480,64,123,1.6694150430457555,27.52685537974778,6.958880321869471,7.759606268179482,1723.6435008123153,0.0,-0.11959642,-1.9161459,7.995935396718829,2.1712595,5.824675896718828,1.4821568967188279,0.1976150634095399,0.10210928183064251,6.7288109906764495,6.513778500000001,7.116324781960076,0.37963113635357554,0.609375,0.2150324906764487,0.0,0.6025462819600751,0.0,-1,0,0,0.0,0.0,0,0,0.0,0.0,1.0,0.012763660228830314,0.00977420412165676,0.00977420412165676,0.0,0.0,0.0,8.137123745819398,8.167741935483871,5.2272727272727275,0.2727272727272727
23,deposition,Fe,Fe,none,0,1.0,droplet_added:side_attach:anchor=592:cn=3,z,xy,599,576,23,0,23,81.30117101457029,1.7987669760321934,300.0,0.001,215.45543760153942,0.21545543760153943,-5186.8584,-5179.585,-5186.8584,-6.8734374,-5.7967772,0.9646047013566704,0.21545543760153943,0.21545543760153943,9,598,592,22,36,1.8927093913674715,6.573140766874417,35.0034576948993,7.80267086540872,1723.6435008123153,0.0,-0.12381622,-1.9837546,8.109089029148809,2.1712595,5.937829529148809,1.5953105291488079,0.21475159083066153,0.10675061282294444,6.756583169691398,6.513778500000001,7.27170753973951,0.4353752232057769,0.609375,0.24280466969139702,0.0,0.7579290397395093,0.0,-1,0,0,0.0,0.0,0,0,0.0,0.0,1.0,0.013343826602868055,0.010556724769191174,0.010556724769191174,0.0,0.0,0.0,8.136894824707847,8.167202572347266,5.3478260869565215,0.2608695652173913
24,deposition,Fe,Fe,none,0,1.0,droplet_added:side_attach:anchor=597:cn=3,z,xy,600,576,24,0,24,82.60381278015946,1.302641765589177,300.0,0.001,215.45543760153942,0.21545543760153943,-5194.6753,-5186.8584,-5194.6753,-7.4168944,-6.4652343,0.9971311555303184,0.21545543760153943,0.21545543760153943,9,599,597,23,45,1.7966737231076662,29.461345177940974,5.27667613099614,7.375555477983713,1723.6435008123153,0.0,-0.12835133,-2.056415,8.109089029148809,2.1712595,5.937829529148809,1.5953105291488079,0.21714389181102015,0.11139194381524638,6.760126527002396,6.513778500000001,7.284471941095236,0.4347112009058268,0.609375,0.24634802700239522,0.0,0.7706934410952355,0.0,-1,0,0,0.0,0.0,0,0,0.0,0.0,1.0,0.013923992976905797,0.0102645011250998,0.0102645011250998,0.0,0.0,0.0,8.133333333333333,8.16025641025641,5.291666666666667,0.25
25,deposition,Fe,Fe,none,0,1.0,droplet_added:side_attach:anchor=598:cn=5,z,xy,601,576,25,0,25,96.32260286950454,13.718790089345077,300.0,0.001,215.45543760153942,0.21545543760153943,-5202.8193,-5194.6753,-5202.8193,-7.744043,-6.8490233,1.0,0.21545543760153943,0.21545543760153943,15,600,598,24,36,1.867092470022047,8.434343637826217,32.912439440479105,8.119551440308753,1723.6435008123153,0.0,-0.13307622,-2.132116,8.299249977875812,2.1712595,6.127990477875812,1.7854714778758112,0.22812364354373516,0.11603327480754831,6.780894613726036,6.513778500000001,7.466714832609178,0.464562502165983,0.609375,0.2671161137260354,0.0,0.9529363326091769,0.0,-1,0,0,0.0,0.0,0,0,0.0,0.0,1.0,0.014504159350943539,0.010684644549041415,0.010684644549041415,0.0,0.0,0.0,8.139767054908486,8.172523961661343,5.48,0.24
26,deposition,Fe,Fe,none,0,1.0,droplet_added:side_attach:anchor=593:cn=4,z,xy,602,576,26,0,26,101.87131815720821,5.548715287703677,300.0,0.001,215.45543760153942,0.21545543760153943,-5213.4077,-5202.8193,-5213.4077,-10.188379,-7.772363,1.0,0.21545543760153943,0.21545543760153943,13,601,593,25,32,1.756338649894449,20.46031854755101,29.753581709965005,6.5139630843765515,1723.6435008123153,0.0,-0.13921924,-2.2305381,8.299249977875812,2.1712595,6.127990477875812,1.7854714778758112,0.22807717761302626,0.12067460579985025,6.781067386341558,6.516156795826478,7.466714832609178,0.4644637986875039,0.609375,0.26728888634155723,0.0023782958264773058,0.9529363326091769,0.0,-1,0,0,0.0,0.0,0,0,0.0,0.0,1.0,0.01508432572498128,0.010280341782367586,0.010280341782367586,0.0,0.0,0.0,8.142857142857142,8.184713375796179,5.384615384615385,0.23076923076923078
27,deposition,Fe,Fe,none,0,1.0,droplet_added:side_attach:anchor=587:cn=4,z,xy,603,576,27,0,27,103.21593772164617,1.3446195644379577,300.0,0.001,215.45543760153942,0.21545543760153943,-5222.2266,-5213.4077,-5222.2266,-8.418848,-7.8651366,1.0,0.21545543760153943,0.21545543760153943,10,602,587,26,32,2.127833075174704,-1.8080338030757215,13.583058923016896,7.17354000119309,1723.6435008123153,0.0,-0.14433564,-2.312512,8.299249977875812,2.1712595,6.127990477875812,1.7854714778758112,0.22897110484898106,0.12531593679215217,6.782110762540922,6.516156795826478,7.466714832609178,0.46369495850539416,0.609375,0.26833226254092146,0.0023782958264773058,0.9529363326091769,0.0,-1,0,0,0.0,0.0,0,0,0.0,0.0,1.0,0.01566449209901902,0.009938231945960054,0.009938231945960054,0.0,0.0,0.0,8.14262023217247,8.184126984126983,5.37037037037037,0.2222222222222222
28,deposition,Fe,Fe,none,0,1.0,droplet_added:side_attach:anchor=585:cn=2,z,xy,604,576,28,0,28,111.49245450303482,8.276516781388644,300.0,0.001,215.45543760153942,0.21545543760153943,-5229.1562,-5222.2266,-5229.1562,-6.5296874,-6.3055663,0.34475446004159854,0.21545543760153943,0.21545543760153943,7,603,585,27,41,2.150214462015786,-3.6945399570869952,34.786796117319085,6.781844390611465,1723.6435008123153,0.0,-0.14835602,-2.3769255,8.299249977875812,2.1712595,6.127990477875812,1.7854714778758112,0.22899165208819358,0.1299572677844541,6.783858330805206,6.516156795826478,7.466714832609178,0.46447931769197903,0.609375,0.27007983080520503,0.0023782958264773058,0.9529363326091769,0.0,-1,0,0,0.0,0.0,0,0,0.0,0.0,1.0,0.016244658473056763,0.009645708243043036,0.009645708243043036,0.0,0.0,0.0,8.142384105960264,8.183544303797468,5.428571428571429,0.17857142857142858
29,deposition,Fe,Fe,none,0,1.0,droplet_added:side_attach:anchor=594:cn=3,z,xy,605,576,29,0,29,118.53011912279428,7.037664619759448,300.0,0.001,215.45543760153942,0.21545543760153943,-5236.313,-5229.1562,-5236.313,-6.756738,-6.518457,0.3796309057012058,0.21545543760153943,0.21545543760153943,10,604,594,28,30,2.2055393825622227,1.14107633973018,34.62076571307286,7.69832546844237,1723.6435008123153,0.0,-0.15250811,-2.4434493,8.299249977875812,2.1712595,6.127990477875812,1.7854714778758112,0.23612025447586324,0.13459859877675603,6.802017749439999,6.5171475660026665,7.516760775860768,0.47244928359614513,0.625,0.28823924943999835,0.0033690660026657326,1.0029822758607674,0.0,-1,0,0,0.0,0.0,0,0,0.0,0.0,1.0,0.016824824847094504,0.009939284463448219,0.009939284463448219,0.0,0.0,0.0,8.138842975206611,8.176656151419559,5.448275862068965,0.1724137931034483
30,deposition,Fe,Fe,none,0,1.0,droplet_added:side_attach:anchor=584:cn=4,z,xy,606,576,30,0,30,123.79930268389121,5.269183561096935,300.0,0.001,215.45543760153942,0.21545543760153943,-5244.2812,-5236.313,-5244.2812,-7.5682616,-6.940332,0.9936511144444787,0.21545543760153943,0.21545543760153943,11,605,584,29,26,2.0023747242875944,2.0859204396328046,34.85323415441442,5.922209083265938,1723.6435008123153,0.0,-0.15713103,-2.5175166,8.299249977875812,2.1712595,6.127990477875812,1.7854714778758112,0.23744356102209577,0.13923992976905797,6.799652688788804,6.5171475660026665,7.453117677580954,0.4691231380671447,0.625,0.285874188788803,0.0033690660026657326,0.939339177580953,0.0,-1,0,0,0.0,0.0,0,0,0.0,0.0,1.0,0.017404991221132246,0.009529139626293433,0.009529139626293433,0.0,0.0,0.0,8.145214521452145,8.18867924528302,5.633333333333334,0.2
31,deposition,Fe,Fe,none,0,1.0,droplet_added:side_attach:anchor=604:cn=2,z,xy,607,576,31,0,31,124.4631150572234,0.6638123733321983,300.0,0.001,215.45543760153942,0.21545543760153943,-5251.305,-5244.2812,-5251.305,-6.6239257,-6.12832,0.9999968334541101,0.21545543760153943,0.21545543760153943,9,606,604,30,35,2.320563517886694,-1.0335176203577348,36.040891155562385,7.388008115216221,1723.6435008123153,0.0,-0.16120608,-2.582806,8.299249977875812,2.1712595,6.127990477875812,1.7854714778758112,0.24493766568856956,0.1438812607613599,6.805354409093671,6.5171475660026665,7.582313011785856,0.4778793619095586,0.625,0.2915759090936705,0.0033690660026657326,1.0685345117858551,0.0,-1,0,0,0.0,0.0,0,0,0.0,0.0,1.0,0.017985157595169988,0.009405674486892597,0.009405674486892597,0.0,0.0,0.0,8.13509060955519,8.169278996865204,5.548387096774194,0.1935483870967742
32,deposition,Fe,Fe,none,0,1.0,"C:grid_anchor:3,1",z,xy,608,576,32,0,32,135.67520780724004,11.212092750016632,300.0,0.001,215.45543760153942,0.21545543760153943,-5264.3193,-5251.305,-5264.3193,-12.614161,-7.4969726,0.9392717809770919,0.21545543760153943,0.21545543760153943,12,607,192,64,120,1.530907833323749,14.464766905140802,6.846491447997462,7.905296008822637,1723.6435008123153,0.0,-0.16875646,-2.7037766,8.299249977875812,2.1712595,6.127990477875812,1.7854714778758112,0.24888565371052077,0.14852259175366184,6.826667511247922,6.522637086141305,7.582313011785856,0.48327923539230094,0.625,0.312889011247921,0.008858586141304414,1.0685345117858551,0.0,-1,0,0,0.0,0.0,0,0,0.0,0.0,1.0,0.01856532396920773,0.009777781601497532,0.009777781601497532,0.0,0.0,0.0,8.148026315789474,8.19375,5.53125,0.1875
33,deposition,Fe,Fe,none,0,1.0,droplet_added:side_attach:anchor=607:cn=2,z,xy,609,576,33,0,33,139.724578632992,4.049370825751953,300.0,0.001,215.45543760153942,0.21545543760153943,-5274.9077,-5264.3193,-5274.9077,-10.188379,-6.2923827,0.999999999996779,0.21545543760153943,0.21545543760153943,10,608,607,32,31,1.669620639864295,16.468170877263148,5.399855736089322,7.520888420692511,1723.6435008123153,0.0,-0.17489947,-2.8021986,8.299249977875812,2.1712595,6.127990477875812,1.7854714778758112,0.24997424289700107,0.15316392274596377,6.825546305599073,6.532367807315149,7.582313011785856,0.4799912937740556,0.625,0.31176780559907247,0.018589307315147963,1.0685345117858551,0.0,-1,0,0,0.0,0.0,0,0,0.0,0.0,1.0,0.01914549034324547,0.009447509260577953,0.009447509260577953,0.0,0.0,0.0,8.141215106732348,8.180685358255452,5.424242424242424,0.18181818181818182
34,deposition,Fe,Fe,none,0,1.0,droplet_added:side_attach:anchor=608:cn=3,z,xy,610,576,34,0,34,145.80040458607078,6.0758259530787795,300.0,0.001,215.45543760153942,0.21545543760153943,-5284.536,-5274.9077,-5284.536,-9.228418,-6.0179687,0.9930868739751514,0.21545543760153943,0.21545543760153943,10,609,608,33,27,1.8169156112853444,19.4269347111163,5.200388037946101,6.972156855086134,1723.6435008123153,0.0,-0.18048556,-2.8916976,8.299249977875812,2.1712595,6.127990477875812,1.7854714778758112,0.24947670054312165,0.1578052537382657,6.8304064154016775,6.532367807315149,7.582313011785856,0.47835784399830034,0.625,0.3166279154016767,0.018589307315147963,1.0685345117858551,0.0,-1,0,0,0.0,0.0,0,0,0.0,0.0,1.0,0.019725656717283213,0.009312585747108137,0.009312585747108137,0.0,0.0,0.0,8.144262295081967,8.186335403726709,5.382352941176471,0.17647058823529413
35,deposition,Fe,Fe,none,0,1.0,droplet_added:side_attach:anchor=605:cn=5,z,xy,611,576,35,0,35,146.0124112826692,0.2120066965984291,300.0,0.001,215.45543760153942,0.21545543760153943,-5292.501,-5284.536,-5292.501,-7.5648437,-6.181543,0.9997246534170342,0.21545543760153943,0.21545543760153943,13,610,605,34,29,1.8313838043760855,0.6873299308336804,35.51165747127028,6.029369992608197,1723.6435008123153,0.0,-0.1851065,-2.965733,8.299249977875812,2.1712595,6.127990477875812,1.7854714778758112,0.25785056157447717,0.16244658473056764,6.832158336779753,6.532367807315149,7.589320697298168,0.4814515393948095,0.625,0.31837983677975235,0.018589307315147963,1.0755421972981676,0.0,-1,0,0,0.0,0.0,0,0,0.0,0.0,1.0,0.020305823091320955,0.009096566765135781,0.009096566765135781,0.0,0.0,0.0,8.147299509001636,8.191950464396285,5.514285714285714,0.2
36,deposition,Fe,Fe,none,0,1.0,"C:grid_anchor:6,3",z,xy,612,576,36,0,36,151.55828391812915,5.545872635459948,300.0,0.001,215.45543760153942,0.21545543760153943,-5302.0664,-5292.501,-5302.0664,-9.16543,-7.1395507,0.33079618119864385,0.21545543760153943,0.21545543760153943,11,611,546,64,119,1.8558476030962223,26.564172006168363,17.763660636297434,8.063957789194095,1723.6435008123153,0.0,-0.19065604,-3.0546465,8.299249977875812,2.1712595,6.127990477875812,1.7854714778758112,0.2602141379202815,0.16708791572286957,6.8522925348007035,6.5560967844316265,7.589320697298168,0.47939870533939033,0.625,0.33851403480070275,0.04231828443162566,1.0755421972981676,0.0,-1,0,0,0.0,0.0,0,0,0.0,0.0,1.0,0.020885989465358697,0.009403167633352853,0.009403167633352853,0.0,0.0,0.0,8.147058823529411,8.191358024691358,5.444444444444445,0.19444444444444445
37,deposition,Fe,Fe,none,0,1.0,droplet_added:side_attach:anchor=602:cn=4,z,xy,613,576,37,0,37,152.16620271077477,0.6079187926456183,300.0,0.001,215.45543760153942,0.21545543760153943,-5310.875,-5302.0664,-5310.875,-8.408594,-6.822656,0.9999999999995565,0.21545543760153943,0.21545543760153943,10,612,602,36,37,2.3154254746417084,-3.2817758489431945,15.403110019711535,6.941925507813441,1723.6435008123153,0.0,-0.19576648,-3.136525,8.299249977875812,2.1712595,6.127990477875812,1.7854714778758112,0.25998552258956414,0.1717292467151715,6.854789776045466,6.5560967844316265,7.589320697298168,0.47882844945811925,0.625,0.34101127604546555,0.04231828443162566,1.0755421972981676,0.0,-1,0,0,0.0,0.0,0,0,0.0,0.0,1.0,0.02146615583939644,0.009216520974201772,0.009216520974201772,0.0,0.0,0.0,8.146818923327896,8.19076923076923,5.4324324324324325,0.1891891891891892
38,deposition,Fe,Fe,none,0,1.0,droplet_added:side_attach:anchor=604:cn=7,z,xy,614,576,38,0,38,161.40141598312118,9.235213272346426,300.0,0.001,215.45543760153942,0.21545543760153943,-5319.194,-5310.875,-5319.194,-7.9188476,-7.381738,1.0,0.21545543760153943,0.21545543760153943,17,613,604,37,33,2.0238330092638637,-1.8558793292665534,33.168913142204126,7.853105817304538,1723.6435008123153,0.0,-0.2005928,-3.213851,8.299249977875812,2.1712595,6.127990477875812,1.7854714778758112,0.27235076890698345,0.17637057770747344,6.8518294882473585,6.5560967844316265,7.585246487507036,0.4764955258968662,0.625,0.3380509882473577,0.04231828443162566,1.0714679875070354,0.0,-1,0,0,0.0,0.0,0,0,0.0,0.0,1.0,0.02204632221343418,0.00889607863808836,0.00889607863808836,0.0,0.0,0.0,8.1628664495114,8.220858895705522,5.684210526315789,0.13157894736842105
39,deposition,Fe,Fe,none,0,1.0,droplet_added:side_attach:anchor=612:cn=4,z,xy,615,576,39,0,39,165.9957082887773,4.594292305656128,300.0,0.001,215.45543760153942,0.21545543760153943,-5328.0186,-5319.194,-5328.0186,-8.424707,-7.9793944,1.0,0.21545543760153943,0.21545543760153943,14,614,612,38,30,1.7907791220914486,-4.088867867828596,18.081151564013783,6.7994192399141244,1723.6435008123153,0.0,-0.2057126,-3.2958794,8.299249977875812,2.1712595,6.127990477875812,1.7854714778758112,0.2716307265593806,0.18101190869977535,6.851386291733111,6.568761976305437,7.585246487507036,0.4757550050132619,0.625,0.3376077917331104,0.054983476305435985,1.0714679875070354,0.0,-1,0,0,0.0,0.0,0,0,0.0,0.0,1.0,0.02262648858747192,0.008656610044438727,0.008656610044438727,0.0,0.0,0.0,8.16260162601626,8.220183486238533,5.666666666666667,0.1282051282051282
40,deposition,Fe,Fe,none,0,1.0,"C:grid_anchor:6,4",z,xy,616,576,40,0,40,166.718974734871,0.7232664460936933,300.0,0.001,215.45543760153942,0.21545543760153943,-5336.8535,-5328.0186,-5336.8535,-8.434961,-7.376367,0.9999995170844945,0.21545543760153943,0.21545543760153943,14,615,554,64,117,2.006977311954821,24.937356544365826,20.670598705621366,8.032726734819665,1723.6435008123153,0.0,-0.21083835,-3.378003,8.299249977875812,2.1712595,6.127990477875812,1.7854714778758112,0.2747446385501811,0.18565323969207728,6.87034336514579,6.591074106725394,7.585246487507036,0.47707389806286166,0.625,0.35656486514578933,0.07729560672539293,1.0714679875070354,0.0,-1,0,0,0.0,0.0,0,0,0.0,0.0,1.0,0.02320665496150966,0.008914121628644734,0.008914121628644734,0.0,0.0,0.0,8.162337662337663,8.21951219512195,5.65,0.175
41,deposition,Fe,Fe,none,0,1.0,droplet_added:side_attach:anchor=588:cn=3,z,xy,617,576,41,0,41,172.71138490107614,5.992410166205119,300.0,0.001,215.45543760153942,0.21545543760153943,-5344.84,-5336.8535,-5344.84,-7.586328,-6.053125,0.9997037468829486,0.21545543760153943,0.21545543760153943,9,616,588,40,41,1.9259857828249147,1.9100371227067505,7.217854231545361,7.227362219631323,1723.6435008123153,0.0,-0.21547174,-3.452238,8.299249977875812,2.1712595,6.127990477875812,1.7854714778758112,0.27400127831838655,0.19029457068437922,6.867312856884496,6.591074106725394,7.585246487507036,0.47617223663476815,0.625,0.3535343568844951,0.07729560672539293,1.0714679875070354,0.0,-1,0,0,0.0,0.0,0,0,0.0,0.0,1.0,0.023786821335547402,0.008622789192304758,0.008622789192304758,0.0,0.0,0.0,8.158833063209077,8.212765957446809,5.585365853658536,0.17073170731707318
42,deposition,Fe,Fe,none,0,1.0,droplet_added:side_attach:anchor=604:cn=3,z,xy,618,576,42,0,42,172.76594599315587,0.054561092079732,300.0,0.001,215.45543760153942,0.21545543760153943,-5352.6904,-5344.84,-5352.6904,-7.450586,-5.803125,0.9999339479622223,0.21545543760153943,0.21545543760153943,10,617,604,41,25,1.819153758148648,0.24590509068359978,36.12098769494437,7.539406856484294,1723.6435008123153,0.0,-0.22002639,-3.5252116,8.299249977875812,2.1712595,6.127990477875812,1.7854714778758112,0.2837994882818288,0.19493590167668115,6.864565342278328,6.591074106725394,7.564371279061474,0.47181238872114073,0.625,0.35078684227832735,0.07729560672539293,1.050592779061473,0.0,-1,0,0,0.0,0.0,0,0,0.0,0.0,1.0,0.024366987709585144,0.008352067673293509,0.008352067673293509,0.0,0.0,0.0,8.15210355987055,8.2,5.571428571428571,0.16666666666666666
43,deposition,Fe,Fe,none,0,1.0,droplet_added:side_attach:anchor=595:cn=3,z,xy,619,576,43,0,43,173.28060454288357,0.5146585497276881,300.0,0.001,215.45543760153942,0.21545543760153943,-5359.934,-5352.6904,-5359.934,-6.8436522,-6.337793,0.9848449396693432,0.21545543760153943,0.21545543760153943,8,618,595,42,33,2.3364569932438757,3.473285942512458,36.899400831276616,6.80705641219806,1723.6435008123153,0.0,-0.22422892,-3.5925434,8.299249977875812,2.1712595,6.127990477875812,1.7854714778758112,0.28636941513207437,0.19957723266898308,6.863585623564086,6.591074106725394,7.529101405348791,0.4703993616851124,0.625,0.3498071235640854,0.07729560672539293,1.01532290534879,0.0,-1,0,0,0.0,0.0,0,0,0.0,0.0,1.0,0.024947154083622886,0.008135049385211288,0.008135049385211288,0.0,0.0,0.0,8.151857835218093,8.19939577039275,5.604651162790698,0.16279069767441862
44,deposition,Fe,Fe,none,0,1.0,droplet_added:side_attach:anchor=600:cn=2,z,xy,620,576,44,0,44,174.34610798354115,1.0655034406575874,300.0,0.001,215.45543760153942,0.21545543760153943,-5367.351,-5359.934,-5367.351,-7.016992,-6.040918,0.9588616295818678,0.21545543760153943,0.21545543760153943,10,619,600,43,31,2.0513424567591465,7.931550606199437,35.623138210807205,7.617522508624687,1723.6435008123153,0.0,-0.228532,-3.6614864,8.483228706242212,2.1712595,6.311969206242212,1.969450206242211,0.26926455649752695,0.20421856366128502,6.870233236554047,6.591074106725394,7.529101405348791,0.48794903782254817,0.625,0.35645473655404647,0.07729560672539293,1.01532290534879,0.0,-1,0,0,0.0,0.0,0,0,0.0,0.0,1.0,0.025527320457660627,0.008101244012591964,0.008101244012591964,0.0,0.0,0.0,8.151612903225807,8.209726443768997,5.659090909090909,0.18181818181818182
45,deposition,Fe,Fe,none,0,1.0,droplet_added:side_attach:anchor=611:cn=4,z,xy,621,576,45,0,45,188.63028987114183,14.284181887600669,300.0,0.001,215.45543760153942,0.21545543760153943,-5376.166,-5367.351,-5376.166,-8.414942,-6.900781,0.9999999999999997,0.21545543760153943,0.21545543760153943,10,620,611,44,38,2.3704882107879017,28.52006192036871,16.71370260534252,7.079193066985695,1723.6435008123153,0.0,-0.23364614,-3.743424,8.483228706242212,2.1712595,6.311969206242212,1.969450206242211,0.26926980594734684,0.20885989465358695,6.870881999044528,6.591074106725394,7.529101405348791,0.48716730363060406,0.625,0.357103499044527,0.07729560672539293,1.01532290534879,0.0,-1,0,0,0.0,0.0,0,0,0.0,0.0,1.0,0.02610748683169837,0.0079356333121006,0.0079356333121006,0.0,0.0,0.0,8.151368760064413,8.209090909090909,5.644444444444445,0.17777777777777778
46,deposition,Fe,Fe,none,0,1.0,droplet_added:side_attach:anchor=610:cn=4,z,xy,622,576,46,0,46,191.57670061395226,2.946410742810426,300.0,0.001,215.45543760153942,0.21545543760153943,-5383.8115,-5376.166,-5383.8115,-7.2455077,-6.867578,0.9999999999999174,0.21545543760153943,0.21545543760153943,10,621,610,45,40,2.242574635366712,1.896049238658037,36.99009702398818,5.546662289985348,1723.6435008123153,0.0,-0.2380818,-3.814491,8.483228706242212,2.1712595,6.311969206242212,1.969450206242211,0.2835490234875556,0.2135012256458889,6.882932161941291,6.591074106725394,7.612912630378202,0.5086591283877355,0.625,0.36915366194129007,0.07729560672539293,1.099134130378201,0.0,-1,0,0,0.0,0.0,0,0,0.0,0.0,1.0,0.02668765320573611,0.00802507960741935,0.00802507960741935,0.0,0.0,0.0,8.154340836012862,8.210843373493976,5.739130434782608,0.17391304347826086
47,deposition,Fe,Fe,none,0,1.0,droplet_added:side_attach:anchor=620:cn=4,z,xy,623,576,47,0,47,193.5292449733058,1.9525443593535383,300.0,0.001,215.45543760153942,0.21545543760153943,-5392.5835,-5383.8115,-5392.5835,-8.371973,-7.805078,1.0,0.21545543760153943,0.21545543760153943,11,622,620,46,40,1.981802518830621,29.352055087331095,14.441065896815727,6.966686340868891,1723.6435008123153,0.0,-0.243171,-3.8960292,8.483228706242212,2.1712595,6.311969206242212,1.969450206242211,0.28287658080927713,0.21814255663819082,6.885563998510975,6.616986793694551,7.612912630378202,0.5070625784682449,0.625,0.37178549851097387,0.10320829369454998,1.099134130378201,0.0,-1,0,0,0.0,0.0,0,0,0.0,0.0,1.0,0.027267819579773853,0.007910329755552635,0.007910329755552635,0.0,0.0,0.0,8.150882825040128,8.204204204204204,5.723404255319149,0.1702127659574468
48,deposition,Fe,Fe,none,0,1.0,droplet_added:side_attach:anchor=609:cn=3,z,xy,624,576,48,0,48,196.08305995952793,2.5538149862221315,300.0,0.001,215.45543760153942,0.21545543760153943,-5401.9546,-5392.5835,-5401.9546,-8.971094,-7.1561522,1.0,0.21545543760153943,0.21545543760153943,10,623,609,47,31,1.9475631982791735,22.119203481834976,5.351095953046907,6.888016135393062,1723.6435008123153,0.0,-0.2486078,-3.9831362,8.483228706242212,2.1712595,6.311969206242212,1.969450206242211,0.2823807683809571,0.22278388763049276,6.884193511909613,6.616986793694551,7.612912630378202,0.5074628592313589,0.625,0.37041501190961235,0.10320829369454998,1.099134130378201,0.0,-1,0,0,0.0,0.0,0,0,0.0,0.0,1.0,0.027847985953811594,0.007716979414783591,0.007716979414783591,0.0,0.0,0.0,8.14102564102564,8.18562874251497,5.666666666666667,0.16666666666666666
49,deposition,Fe,Fe,none,0,1.0,droplet_added:side_attach:anchor=622:cn=4,z,xy,625,576,49,0,49,200.0433873679187,3.9603274083907904,300.0,0.001,215.45543760153942,0.21545543760153943,-5412.1084,-5401.9546,-5412.1084,-9.753809,-7.3094726,0.9999999999956432,0.21545543760153943,0.21545543760153943,15,624,622,48,37,1.6919236002791358,30.31256005690664,12.308037403515593,6.490109878970441,1723.6435008123153,0.0,-0.2544987,-4.0775185,8.483228706242212,2.1712595,6.311969206242212,1.969450206242211,0.28273237681873853,0.2274252186227947,6.881543976454964,6.591074106725394,7.612912630378202,0.5090562483002589,0.625,0.36776547645496294,0.07729560672539293,1.099134130378201,0.0,-1,0,0,0.0,0.0,0,0,0.0,0.0,1.0,0.028428152327849336,0.007505417886835978,0.007505417886835978,0.0,0.0,0.0,8.144,8.197014925373134,5.653061224489796,0.16326530612244897
50,deposition,Fe,Fe,none,0,1.0,droplet_added:side_attach:anchor=591:cn=4,z,xy,626,576,50,0,50,205.88736371932129,5.843976351402574,300.0,0.001,215.45543760153942,0.21545543760153943,-5419.773,-5412.1084,-5419.773,-7.2645507,-6.483789,0.999999999998916,0.21545543760153943,0.21545543760153943,13,625,591,49,32,1.8745112610236356,-1.835594845936921,35.7499572412448,5.3639159851261775,1723.6435008123153,0.0,-0.2589454,-4.1487627,8.483228706242212,2.1712595,6.311969206242212,1.969450206242211,0.285104001811506,0.23206654961509662,6.882454558939616,6.591074106725394,7.612912630378202,0.5110952320748025,0.625,0.36867605893961564,0.07729560672539293,1.099134130378201,0.0,-1,0,0,0.0,0.0,0,0,0.0,0.0,1.0,0.029008318701887078,0.007373521178792313,0.007373521178792313,0.0,0.0,0.0,8.143769968051119,8.2,5.7,0.2
51,deposition,Fe,Fe,none,0,1.0,droplet_added:side_attach:anchor=619:cn=3,z,xy,627,576,51,0,51,207.9058163055382,2.018452586216904,300.0,0.001,215.45543760153942,0.21545543760153943,-5426.918,-5419.773,-5426.918,-6.7450194,-6.39541,0.9999999956970154,0.21545543760153943,0.21545543760153943,9,626,619,50,35,2.2223162488082084,9.711576604641081,35.24854618073734,6.842916371113939,1723.6435008123153,0.0,-0.2630907,-4.215178,8.406007829527056,2.1712595,6.234748329527056,1.892229329527055,0.29795048073502195,0.23670788060739856,6.886861987277871,6.591074106725394,7.772388255452261,0.5141214091232377,0.625,0.3730834872778699,0.07729560672539293,1.2586097554522606,0.0,-1,0,0,0.0,0.0,0,0,0.0,0.0,1.0,0.02958848507592482,0.007315362495644508,0.007315362495644508,0.0,0.0,0.0,8.140350877192983,8.195266272189349,5.705882352941177,0.1568627450980392
52,deposition,Fe,Fe,none,0,1.0,"C:grid_no_anchor_point:4,7",z,xy,628,576,52,0,52,212.19576748073342,4.289951175195226,300.0,0.001,215.45543760153942,0.21545543760153943,-5434.8994,-5426.918,-5434.8994,-7.581445,-6.393945,0.9473037506752302,0.21545543760153943,0.21545543760153943,14,627,-1,64,122,2.198089140513664,4.894186775421925,34.60631900565645,9.60709064985892,1723.6435008123153,0.0,-0.26772127,-4.2893677,8.937862566481371,2.1712595,6.766603066481371,2.4240840664813703,0.29786252440398947,0.2413492115997005,6.900655437101767,6.591074106725394,7.767503783064583,0.5595031549633361,0.625,0.38687693710176596,0.07729560672539293,1.2537252830645818,0.0,-1,0,0,0.0,0.0,0,0,0.0,0.0,1.0,0.03016865144996256,0.007439941098110884,0.007439941098110884,0.0,0.0,0.0,8.136942675159236,8.195195195195195,5.653846153846154,0.15384615384615385
53,deposition,Fe,Fe,none,0,1.0,droplet_added:side_attach:anchor=599:cn=3,z,xy,629,576,53,0,53,215.86377079098696,3.668003310253539,300.0,0.001,215.45543760153942,0.21545543760153943,-5442.044,-5434.8994,-5442.044,-6.744531,-6.185449,0.99674054117016,0.21545543760153943,0.21545543760153943,7,628,599,52,29,1.9310444951730525,31.87085452063051,5.704149068691031,7.248670706646514,1723.6435008123153,0.0,-0.2718663,-4.355778,8.937862566481371,2.1712595,6.766603066481371,2.4240840664813703,0.2967914049483469,0.24599054259200243,6.903607816345422,6.591074106725394,7.767503783064583,0.5585846812017092,0.625,0.3898293163454216,0.07729560672539293,1.2537252830645818,0.0,-1,0,0,0.0,0.0,0,0,0.0,0.0,1.0,0.030748817824000303,0.007355270119724936,0.007355270119724936,0.0,0.0,0.0,8.133545310015899,8.188622754491018,5.622641509433962,0.16981132075471697
54,deposition,Fe,Fe,none,0,1.0,droplet_added:side_attach:anchor=615:cn=4,z,xy,630,576,54,0,54,233.72502369690076,17.861252905913812,300.0,0.001,215.45543760153942,0.21545543760153943,-5450.825,-5442.044,-5450.825,-8.38125,-7.344629,1.0,0.21545543760153943,0.21545543760153943,14,629,615,53,31,1.6662158332944097,24.04366482629397,22.70613835245387,7.171887579884939,1723.6435008123153,0.0,-0.27696088,-4.4374027,8.937862566481371,2.1712595,6.766603066481371,2.4240840664813703,0.2964106252065664,0.25063187358430433,6.903037454737538,6.601985922399177,7.767503783064583,0.5562905102200023,0.625,0.3892589547375369,0.08820742239917578,1.2537252830645818,0.0,-1,0,0,0.0,0.0,0,0,0.0,0.0,1.0,0.03132898419803804,0.007208499161806239,0.007208499161806239,0.0,0.0,0.0,8.133333333333333,8.188059701492538,5.611111111111111,0.16666666666666666
55,deposition,Fe,Fe,none,0,1.0,droplet_added:side_attach:anchor=606:cn=2,z,xy,631,576,55,0,55,238.03737000115694,4.312346304256179,300.0,0.001,215.45543760153942,0.21545543760153943,-5458.56,-5450.825,-5458.56,-7.334863,-6.254785,0.9999999999872814,0.21545543760153943,0.21545543760153943,8,630,606,54,29,2.2974920555535614,-0.8095289477261574,37.8805386265487,7.40059692620578,1723.6435008123153,0.0,-0.2814484,-4.5093007,8.937862566481371,2.1712595,6.766603066481371,2.4240840664813703,0.29771262149555094,0.2552732045766063,6.898600869757038,6.601985922399177,7.766305485933461,0.5473241646329613,0.625,0.3848223697570372,0.08820742239917578,1.2525269859334598,0.0,-1,0,0,0.0,0.0,0,0,0.0,0.0,1.0,0.03190915057207579,0.006996770359218858,0.006996770359218858,0.0,0.0,0.0,8.142630744849445,8.193452380952381,5.763636363636364,0.12727272727272726
56,deposition,Fe,Fe,none,0,1.0,droplet_added:side_attach:anchor=579:cn=3,z,xy,632,576,56,0,56,239.90896542982816,1.8715954286712195,300.0,0.001,215.45543760153942,0.21545543760153943,-5465.7104,-5458.56,-5465.7104,-6.7503905,-5.8983397,0.9209542309754226,0.21545543760153943,0.21545543760153943,9,631,579,55,39,1.871248929885278,11.838666567122083,35.19210249950463,6.790874000016744,1723.6435008123153,0.0,-0.28559682,-4.5757656,8.937862566481371,2.1712595,6.766603066481371,2.4240840664813703,0.30271207727206023,0.2599145355689082,6.89123770823623,6.601985922399177,7.691628064899322,0.5451153140175273,0.625,0.37745920823622914,0.08820742239917578,1.1778495648993212,0.0,-1,0,0,0.0,0.0,0,0,0.0,0.0,1.0,0.032489316946113525,0.006740343004218378,0.006740343004218378,0.0,0.0,0.0,8.129746835443038,8.169139465875372,5.696428571428571,0.125
57,deposition,Fe,Fe,none,0,1.0,droplet_added:side_attach:anchor=618:cn=2,z,xy,633,576,57,0,57,241.1234416734975,1.214476243669352,300.0,0.001,215.45543760153942,0.21545543760153943,-5473.1636,-5465.7104,-5473.1636,-7.053125,-6.3319335,0.9992368363026609,0.21545543760153943,0.21545543760153943,7,632,618,56,32,2.055293967013504,2.124864350553395,38.48594843588536,7.609566479400692,1723.6435008123153,0.0,-0.28992087,-4.6450443,8.937862566481371,2.1712595,6.766603066481371,2.4240840664813703,0.30825858064303985,0.26455586656121016,6.8896718892699536,6.601985922399177,7.685364789034213,0.5422193112989455,0.625,0.37589338926995275,0.08820742239917578,1.1715862890342121,0.0,-1,0,0,0.0,0.0,0,0,0.0,0.0,1.0,0.03306948332015127,0.006594620864385136,0.006594620864385136,0.0,0.0,0.0,8.126382306477094,8.169139465875372,5.701754385964913,0.14035087719298245
58,deposition,Fe,Fe,none,0,1.0,droplet_added:side_attach:anchor=629:cn=4,z,xy,634,576,58,0,58,246.23557649055172,5.112134817054217,300.0,0.001,215.45543760153942,0.21545543760153943,-5481.823,-5473.1636,-5481.823,-8.259668,-7.7674804,1.0,0.21545543760153943,0.21545543760153943,11,633,629,57,27,2.035645191992888,23.157525561752212,25.128271594183953,7.15374471643942,1723.6435008123153,0.0,-0.2949449,-4.7255387,8.937862566481371,2.1712595,6.766603066481371,2.4240840664813703,0.30822023493764567,0.26919719755351207,6.900143491393939,6.659410755250541,7.685364789034213,0.5396143649690136,0.625,0.386364991393938,0.1456322552505398,1.1715862890342121,0.0,-1,0,0,0.0,0.0,0,0,0.0,0.0,1.0,0.03364964969418901,0.006661465368861,0.006661465368861,0.0,0.0,0.0,8.123028391167193,8.162721893491124,5.689655172413793,0.13793103448275862
59,deposition,Fe,Fe,none,0,1.0,droplet_added:side_attach:anchor=630:cn=2,z,xy,635,576,59,0,59,250.4589013669332,4.223324876381468,300.0,0.001,215.45543760153942,0.21545543760153943,-5489.2554,-5481.823,-5489.2554,-7.032129,-6.4134765,0.9999999986676761,0.21545543760153943,0.21545543760153943,8,634,630,58,37,2.1971284794631303,-2.850179906339161,37.540734103426935,6.522961803019768,1723.6435008123153,0.0,-0.29925677,-4.794622,8.937862566481371,2.1712595,6.766603066481371,2.4240840664813703,0.30819059592078907,0.27383852854581403,6.900143491393939,6.659410755250541,7.685364789034213,0.5396143649690136,0.625,0.386364991393938,0.1456322552505398,1.1715862890342121,0.0,-1,0,0,0.0,0.0,0,0,0.0,0.0,1.0,0.034229816068226754,0.006548559176168441,0.006548559176168441,0.0,0.0,0.0,8.122834645669291,8.15929203539823,5.728813559322034,0.15254237288135594
60,deposition,Fe,Fe,none,0,1.0,droplet_added:side_attach:anchor=598:cn=5,z,xy,636,576,60,0,60,266.05901520422134,15.600113837288133,300.0,0.001,215.45543760153942,0.21545543760153943,-5497.2603,-5489.2554,-5497.2603,-7.6048827,-7.2137694,0.9973000201783928,0.21545543760153943,0.21545543760153943,12,635,598,59,32,2.215584132161528,5.540236938407158,36.38284361818026,8.410112795022487,1723.6435008123153,0.0,-0.30390093,-4.8690295,9.034378543479654,2.1712595,6.863119043479655,2.5206000434796536,0.3248107580417863,0.27847985953811594,6.905077159901273,6.659410755250541,7.685346721868902,0.548137951052321,0.625,0.3912986599012722,0.1456322552505398,1.1715682218689016,0.0,-1,0,0,0.0,0.0,0,0,0.0,0.0,1.0,0.03480998244226449,0.00652164433168787,0.00652164433168787,0.0,0.0,0.0,8.128930817610064,8.171091445427729,5.833333333333333,0.15
61,deposition,Fe,Fe,none,0,1.0,droplet_added:side_attach:anchor=595:cn=3,z,xy,637,576,61,0,61,269.13950635110655,3.0804911468851808,300.0,0.001,215.45543760153942,0.21545543760153943,-5505.202,-5497.2603,-5505.202,-7.5418944,-6.816797,0.9999999789067139,0.21545543760153943,0.21545543760153943,14,636,595,60,39,2.0629517786284746,5.211477000125825,36.96240543979302,6.403578251495792,1723.6435008123153,0.0,-0.30850855,-4.942852,9.099886887620237,2.1712595,6.928627387620237,2.5861083876202358,0.3301157448815266,0.2831211905304179,6.902820184050799,6.632458718242982,7.685346721868902,0.5558404273056566,0.625,0.389041684050798,0.11868021824298136,1.1715682218689016,0.0,-1,0,0,0.0,0.0,0,0,0.0,0.0,1.0,0.03539014881630224,0.0063777325254229175,0.0063777325254229175,0.0,0.0,0.0,8.1287284144427,8.176991150442477,5.868852459016393,0.14754098360655737
62,deposition,Fe,Fe,none,0,1.0,"C:grid_anchor:2,5",z,xy,638,576,62,0,62,269.7500043032847,0.6104979521781255,300.0,0.001,215.45543760153942,0.21545543760153943,-5511.834,-5505.202,-5511.834,-6.231836,-5.8827147,0.9996249832142015,0.21545543760153943,0.21545543760153943,25,637,180,64,119,1.9336881188228114,0.18484704985796974,24.799327010328142,7.956146687563935,1723.6435008123153,0.0,-0.3123561,-5.0044966,9.099886887620237,2.1712595,6.928627387620237,2.5861083876202358,0.33688302766072104,0.2877625215227198,6.938475591175697,6.670959279970269,7.870851263408962,0.5744301799923911,0.625,0.42469709117569643,0.15718077997026825,1.3570727634089614,0.0,-1,0,0,0.0,0.0,0,0,0.0,0.0,1.0,0.035970315190339976,0.006849953083478974,0.006849953083478974,0.0,0.0,0.0,8.134796238244514,8.188235294117646,5.870967741935484,0.14516129032258066
63,deposition,Fe,Fe,none,0,1.0,"C:grid_anchor:2,1",z,xy,639,576,63,0,63,272.78539713205134,3.0353928287666645,300.0,0.001,215.45543760153942,0.21545543760153943,-5522.022,-5511.834,-5522.022,-9.787989,-6.704492,0.9999997154267503,0.21545543760153943,0.21545543760153943,15,638,96,64,116,1.5398834493944977,9.509902759826204,7.41796806871385,7.8050125890857665,1723.6435008123153,0.0,-0.31826687,-5.0991974,9.099886887620237,2.1712595,6.928627387620237,2.5861083876202358,0.34058788544287466,0.2924038525150217,6.964415359297945,6.703504643980439,7.870851263408962,0.5780821176880594,0.625,0.45063685929794417,0.18972614398043852,1.3570727634089614,0.0,-1,0,0,0.0,0.0,0,0,0.0,0.0,1.0,0.036550481564377714,0.007152966020602288,0.007152966020602288,0.0,0.0,0.0,8.137715179968701,8.193548387096774,5.857142857142857,0.14285714285714285
64,deposition,Fe,Fe,none,0,1.0,droplet_added:side_attach:anchor=631:cn=3,z,xy,640,576,64,0,64,276.80094104110924,4.015543909057917,300.0,0.001,215.45543760153942,0.21545543760153943,-5530.049,-5522.022,-5530.049,-7.6268554,-6.5418944,0.9999999999939478,0.21545543760153943,0.21545543760153943,9,639,631,63,25,2.3231590066289036,14.505190468043086,35.30551991331617,6.4347707664394145,1723.6435008123153,0.0,-0.32292378,-5.1738095,9.099886887620237,2.1712595,6.928627387620237,2.5861083876202358,0.344458636102856,0.2970451835073237,6.9483589665682475,6.70909797098305,7.928214464694683,0.6070053963518127,0.640625,0.43458046656824667,0.19531947098304947,1.4144359646946825,0.0,-1,0,0,0.0,0.0,0,0,0.0,0.0,1.0,0.03713064793841546,0.006790319790128854,0.006790319790128854,0.0,0.0,0.0,8.1375,8.205278592375366,5.890625,0.171875
65,deposition,Fe,Fe,none,0,1.0,droplet_added:side_attach:anchor=603:cn=2,z,xy,641,576,65,0,65,278.3340721064299,1.533131065320661,300.0,0.001,215.45543760153942,0.21545543760153943,-5537.4253,-5530.049,-5537.4253,-6.9764647,-6.491113,0.9999306306074347,0.21545543760153943,0.21545543760153943,11,640,603,64,33,2.1318022895033844,-5.399419657288757,35.86809542998799,6.517734965001599,1723.6435008123153,0.0,-0.32720333,-5.2423754,9.099886887620237,2.1712595,6.928627387620237,2.5861083876202358,0.344136516874279,0.3016865144996256,6.960344407053605,6.70909797098305,7.928214464694683,0.6199526334701135,0.640625,0.4465659070536043,0.19531947098304947,1.4144359646946825,0.0,-1,0,0,0.0,0.0,0,0,0.0,0.0,1.0,0.0377108143124532,0.006870244723901605,0.006870244723901605,0.0,0.0,0.0,8.131045241809673,8.193548387096774,5.846153846153846,0.16923076923076924
66,deposition,Fe,Fe,none,0,1.0,droplet_added:side_attach:anchor=631:cn=3,z,xy,642,576,66,0,66,287.24686463495243,8.912792528522544,300.0,0.001,215.45543760153942,0.21545543760153943,-5546.134,-5537.4253,-5546.134,-8.308496,-6.055078,0.5358233707461436,0.21545543760153943,0.21545543760153943,11,641,631,65,28,1.8616325050361264,9.854281581475291,36.246859292835566,7.001562167201304,1723.6435008123153,0.0,-0.33225572,-5.3233237,9.099886887620237,2.1712595,6.928627387620237,2.5861083876202358,0.34366782279115654,0.30632784549192754,7.010140344781041,6.7092048785840355,7.9293204158244786,0.61060951024539,0.625,0.49636184478104006,0.19542637858403467,1.4155419158244777,0.0,-1,0,0,0.0,0.0,0,0,0.0,0.0,1.0,0.03829098068649094,0.00752063401183394,0.00752063401183394,0.0,0.0,0.0,8.143302180685358,8.211143695014663,5.96969696969697,0.10606060606060606
67,deposition,Fe,Fe,none,0,1.0,"C:grid_anchor:6,5",z,xy,643,576,67,0,67,295.96322938302967,8.716364748077243,300.0,0.001,215.45543760153942,0.21545543760153943,-5554.172,-5546.134,-5554.172,-7.638086,-6.6395507,0.9999999999606073,0.21545543760153943,0.21545543760153943,13,642,562,64,117,2.165851781451731,21.69726276400644,27.017331815794844,8.042705893896732,1723.6435008123153,0.0,-0.33691916,-5.3980403,9.099886887620237,2.1712595,6.928627387620237,2.5861083876202358,0.34348539822990987,0.31096917648422945,7.015226490293162,6.7092048785840355,7.9293204158244786,0.6095485488098419,0.625,0.501447990293161,0.19542637858403467,1.4155419158244777,0.0,-1,0,0,0.0,0.0,0,0,0.0,0.0,1.0,0.03887114706052868,0.007484298362584492,0.007484298362584492,0.0,0.0,0.0,8.149300155520995,8.222222222222221,5.985074626865671,0.1044776119402985
68,deposition,Fe,Fe,none,0,1.0,droplet_added:side_attach:anchor=626:cn=3,z,xy,644,576,68,0,68,299.42861944630346,3.4653900632738015,300.0,0.001,215.45543760153942,0.21545543760153943,-5561.714,-5554.172,-5561.714,-7.141992,-6.603906,0.9996132036511383,0.21545543760153943,0.21545543760153943,10,643,626,67,33,2.2173449235285947,9.170732289928079,36.73575901310036,5.373287986647705,1723.6435008123153,0.0,-0.34129477,-5.468145,9.099886887620237,2.1712595,6.928627387620237,2.5861083876202358,0.3479150122415566,0.3156105074765314,7.0193718543949215,6.7092048785840355,7.9293204158244786,0.6147530806491316,0.625,0.5055933543949207,0.19542637858403467,1.4155419158244777,0.0,-1,0,0,0.0,0.0,0,0,0.0,0.0,1.0,0.039451313434566426,0.007435196388160599,0.007435196388160599,0.0,0.0,0.0,8.15527950310559,8.236842105263158,6.044117647058823,0.11764705882352941
69,deposition,Fe,Fe,none,0,1.0,droplet_added:side_attach:anchor=628:cn=2,z,xy,645,576,69,0,69,299.49013204753004,0.06151260122655575,300.0,0.001,215.45543760153942,0.21545543760153943,-5569.113,-5561.714,-5569.113,-6.9989257,-6.4930663,1.0,0.21545543760153943,0.21545543760153943,9,644,628,68,33,2.1496137403070814,33.039587539103636,8.4641084304666,6.86236725508325,1723.6435008123153,0.0,-0.34558737,-5.53692,9.099886887620237,2.1712595,6.928627387620237,2.5861083876202358,0.3478398394826849,0.3202518384688333,7.016025021043144,6.688288332670652,7.9293204158244786,0.6163699061333453,0.625,0.5022465210431433,0.17450983267065112,1.4155419158244777,0.0,-1,0,0,0.0,0.0,0,0,0.0,0.0,1.0,0.040031479808604165,0.007278935087581787,0.007278935087581787,0.0,0.0,0.0,8.145736434108526,8.21865889212828,5.971014492753623,0.10144927536231885
70,deposition,Fe,Fe,none,0,1.0,droplet_added:side_attach:anchor=643:cn=2,z,xy,646,576,70,0,70,309.191733122589,9.701601075058978,300.0,0.001,215.45543760153942,0.21545543760153943,-5577.148,-5569.113,-5577.148,-7.635156,-6.419824,0.9735971298546043,0.21545543760153943,0.21545543760153943,8,645,643,69,32,2.031504109878086,11.549014112986615,36.42773863997266,5.620614473449609,1723.6435008123153,0.0,-0.35024908,-5.611609,9.099886887620237,2.1712595,6.928627387620237,2.5861083876202358,0.34952510235840295,0.3248931694611353,7.016756475050952,6.688288332670652,7.9293204158244786,0.6173544893181946,0.625,0.5029779750509515,0.17450983267065112,1.4155419158244777,0.0,-1,0,0,0.0,0.0,0,0,0.0,0.0,1.0,0.04061164618264191,0.007185399643585022,0.007185399643585022,0.0,0.0,0.0,8.145510835913313,8.221574344023324,6.014285714285714,0.1
71,deposition,Fe,Fe,none,0,1.0,"C:grid_no_anchor_point:6,7",z,xy,647,576,71,0,71,314.01045898656145,4.81872586397243,300.0,0.001,215.45543760153942,0.21545543760153943,-5585.0537,-5577.148,-5585.0537,-7.5057616,-6.525293,0.9999983513735212,0.21545543760153943,0.21545543760153943,10,646,-1,64,118,2.362240520827168,13.352080331726114,36.11896077813247,7.421819475227663,1723.6435008123153,0.0,-0.35483575,-5.685096,9.099886887620237,2.1712595,6.928627387620237,2.5861083876202358,0.34959772008476636,0.3295345004534372,7.012335298123837,6.681243724107903,7.9293204158244786,0.6153405947960308,0.625,0.49855679812383613,0.167465224107902,1.4155419158244777,0.0,-1,0,0,0.0,0.0,0,0,0.0,0.0,1.0,0.04119181255667965,0.007021926734138537,0.007021926734138537,0.0,0.0,0.0,8.139103554868624,8.203488372093023,6.028169014084507,0.11267605633802817
72,deposition,Fe,Fe,none,0,1.0,droplet_added:side_attach:anchor=618:cn=3,z,xy,648,576,72,0,72,315.3176966159038,1.3072376293423547,300.0,0.001,215.45543760153942,0.21545543760153943,-5593.0386,-5585.0537,-5593.0386,-7.584863,-6.8006835,0.9999999999876635,0.21545543760153943,0.21545543760153943,10,647,618,71,34,2.478315984413694,4.547327494191467,38.483858637245895,8.248945705281926,1723.6435008123153,0.0,-0.3594683,-5.7593174,9.108655202911539,2.1712595,6.937395702911539,2.594876702911538,0.35473647430492533,0.33417583144573915,7.012912198530654,6.681243724107903,7.9293204158244786,0.6165837980369362,0.625,0.49913369853065337,0.167465224107902,1.4155419158244777,0.0,-1,0,0,0.0,0.0,0,0,0.0,0.0,1.0,0.04177197893071739,0.006932412479592408,0.006932412479592408,0.0,0.0,0.0,8.141975308641975,8.212209302325581,6.083333333333333,0.09722222222222222
73,deposition,B,B,none,0,1.0,droplet_added:side_attach:anchor=613:cn=6,z,xy,649,576,73,0,73,317.12140140746925,1.8037047915654403,300.0,0.001,215.45543760153942,0.21545543760153943,-5601.4385,-5593.0386,-5601.4385,-8.299902,-6.8296876,0.9999999999834602,0.21545543760153943,0.21545543760153943,15,648,613,72,32,1.746599243146331,-3.8747564193298523,34.73966413001231,7.762262820476063,1723.6435008123153,0.0,-0.36434165,-5.8373966,9.108655202911539,2.1712595,6.937395702911539,2.594876702911538,0.35507472833132214,0.33881716243804105,7.02990359350297,6.681243724107903,7.9293204158244786,0.6165530439560168,0.625,0.5161250935029695,0.167465224107902,1.4155419158244777,0.0,-1,0,0,0.0,0.0,0,0,0.0,0.0,1.0,0.04235214530475513,0.007070206760314651,0.007070206760314651,0.0,0.0,0.0,8.154083204930663,8.234782608695653,6.205479452054795,0.0958904109589041
74,deposition,Fe,Fe,none,0,1.0,droplet_added:side_attach:anchor=590:cn=4,z,xy,650,576,74,0,74,317.5873571877908,0.4659557803215693,300.0,0.001,215.45543760153942,0.21545543760153943,-5609.4775,-5601.4385,-5609.4775,-7.6390624,-7.0077147,0.9999999999998621,0.21545543760153943,0.21545543760153943,13,649,590,73,30,2.035376151349192,14.795594602809508,34.454046896445874,7.632659365112171,1723.6435008123153,0.0,-0.36900562,-5.912122,9.108655202911539,2.1712595,6.937395702911539,2.594876702911538,0.35796182714650043,0.343458493430343,7.042388834476891,6.70909797098305,7.928214464694683,0.6141919184406597,0.640625,0.5286103344768902,0.19531947098304947,1.4144359646946825,0.0,-1,0,0,0.0,0.0,0,0,0.0,0.0,1.0,0.04293231167879288,0.007143382898336354,0.007143382898336354,0.0,0.0,0.0,8.16,8.252173913043478,6.27027027027027,0.06756756756756757
75,deposition,Fe,Fe,none,0,1.0,droplet_added:side_attach:anchor=635:cn=2,z,xy,651,576,75,0,75,319.7092069779214,2.1218497901305793,300.0,0.001,215.45543760153942,0.21545543760153943,-5617.454,-5609.4775,-5617.454,-7.5765624,-5.881738,0.9996675339746288,0.21545543760153943,0.21545543760153943,10,650,635,74,29,2.01174706629216,6.4903863461576385,38.3915521666455,8.322313538365712,1723.6435008123153,0.0,-0.37363335,-5.9862666,9.108655202911539,2.1712595,6.937395702911539,2.594876702911538,0.356525458913415,0.3480998244226449,7.040615052467015,6.70909797098305,7.911038598563482,0.6116505136028085,0.640625,0.5268365524670138,0.19531947098304947,1.397260098563481,0.0,-1,0,0,0.0,0.0,0,0,0.0,0.0,1.0,0.043512478052830615,0.00702448736622685,0.00702448736622685,0.0,0.0,0.0,8.165898617511521,8.251445086705202,6.346666666666667,0.08
76,deposition,Fe,Fe,none,0,1.0,"C:grid_anchor:1,4",z,xy,652,576,76,0,76,330.4659307048032,10.756723726881841,300.0,0.001,215.45543760153942,0.21545543760153943,-5626.1636,-5617.454,-5626.1636,-8.309473,-7.0404296,0.9999999459927955,0.21545543760153943,0.21545543760153943,13,651,28,64,120,1.9000409334044583,-5.148365636766566,20.67458823010741,7.93622585695737,1723.6435008123153,0.0,-0.3786863,-6.0672235,9.108655202911539,2.1712595,6.937395702911539,2.594876702911538,0.35653734004193793,0.3527411554149469,7.055041735291659,6.748360913734666,7.911038598563482,0.6065832001492613,0.640625,0.541263235291658,0.23458241373466482,1.397260098563481,0.0,-1,0,0,0.0,0.0,0,0,0.0,0.0,1.0,0.04409264442686836,0.007121884674890237,0.007121884674890237,0.0,0.0,0.0,8.16564417177914,8.250720461095101,6.328947368421052,0.07894736842105263
77,deposition,B,B,none,0,1.0,droplet_added:side_attach:anchor=641:cn=3,z,xy,653,576,77,0,77,330.6842398715028,0.21830916669959968,300.0,0.001,215.45543760153942,0.21545543760153943,-5633.5073,-5626.1636,-5633.5073,-7.24375,-5.6177735,0.998867440556638,0.21545543760153943,0.21545543760153943,12,652,641,76,23,2.10108911913609,10.509373641011173,36.931667972829835,7.774187549892495,1723.6435008123153,0.0,-0.3829469,-6.135486,9.108655202911539,2.1712595,6.937395702911539,2.594876702911538,0.3617258602344922,0.3573824864072488,7.06002775868237,6.748360913734666,7.939273975992633,0.6138609937452751,0.640625,0.5462492586823693,0.23458241373466482,1.4254954759926326,0.0,-1,0,0,0.0,0.0,0,0,0.0,0.0,1.0,0.0446728108009061,0.007094146216654147,0.007094146216654147,0.0,0.0,0.0,8.165390505359877,8.25,6.363636363636363,0.06493506493506493
78,deposition,Fe,Fe,none,0,1.0,droplet_added:side_attach:anchor=652:cn=2,z,xy,654,576,78,0,78,338.90392169575523,8.21968182425239,300.0,0.001,215.45543760153942,0.21545543760153943,-5641.074,-5633.5073,-5641.074,-7.1668944,-6.119043,0.9999890310669656,0.21545543760153943,0.21545543760153943,10,653,652,77,27,2.272065051333712,9.9677446387185,38.58589060994189,6.731712747206558,1723.6435008123153,0.0,-0.38733697,-6.2058225,9.108655202911539,2.1712595,6.937395702911539,2.594876702911538,0.3607629513494501,0.3620238173995507,7.057364274729421,6.748360913734666,7.928214464694683,0.6099450374950348,0.640625,0.5435857747294204,0.23458241373466482,1.4144359646946825,0.0,-1,0,0,0.0,0.0,0,0,0.0,0.0,1.0,0.04525297717494384,0.006969048393966928,0.006969048393966928,0.0,0.0,0.0,8.17125382262997,8.249283667621777,6.423076923076923,0.07692307692307693
79,deposition,Fe,Fe,none,0,1.0,droplet_added:side_attach:anchor=638:cn=2,z,xy,655,576,79,0,79,339.8433243824358,0.9394026866806062,300.0,0.001,215.45543760153942,0.21545543760153943,-5651.017,-5641.074,-5651.017,-9.542871,-6.2591796,0.9181602039393015,0.21545543760153943,0.21545543760153943,10,654,638,78,26,2.246172453860555,8.938139017111043,4.813670277522841,7.472792841164123,1723.6435008123153,0.0,-0.39310548,-6.298244,9.108655202911539,2.1712595,6.937395702911539,2.594876702911538,0.36025214127339567,0.36666514839185266,7.058293526224143,6.748360913734666,7.928214464694683,0.6107254692372923,0.640625,0.5445150262241425,0.23458241373466482,1.4144359646946825,0.0,-1,0,0,0.0,0.0,0,0,0.0,0.0,1.0,0.04583314354898158,0.006892595268660031,0.006892595268660031,0.0,0.0,0.0,8.16793893129771,8.242857142857142,6.367088607594937,0.0759493670886076
80,deposition,Fe,Fe,none,0,1.0,droplet_added:side_attach:anchor=616:cn=3,z,xy,656,576,80,0,80,341.79803156187387,1.9547071794380766,300.0,0.001,215.45543760153942,0.21545543760153943,-5658.166,-5651.017,-5658.166,-6.7489257,-6.0404296,0.9999902701214178,0.21545543760153943,0.21545543760153943,9,655,616,79,30,2.072293614783418,4.569931195392066,4.70265379821492,6.7988771117279265,1723.6435008123153,0.0,-0.39725304,-6.3646955,9.108655202911539,2.1712595,6.937395702911539,2.594876702911538,0.35975807737552157,0.37130647938415456,7.058293526224143,6.748360913734666,7.928214464694683,0.6107254692372923,0.640625,0.5445150262241425,0.23458241373466482,1.4144359646946825,0.0,-1,0,0,0.0,0.0,0,0,0.0,0.0,1.0,0.04641330992301932,0.006806437827801781,0.006806437827801781,0.0,0.0,0.0,8.167682926829269,8.242165242165242,6.3375,0.0875
81,deposition,Fe,Fe,none,0,1.0,droplet_added:side_attach:anchor=601:cn=2,z,xy,657,576,81,0,81,352.18429509428483,10.386263532410965,300.0,0.001,215.45543760153942,0.21545543760153943,-5664.2583,-5658.166,-5664.2583,-5.692285,-5.322656,0.9780242555590607,0.21545543760153943,0.21545543760153943,8,656,601,80,27,2.3896325697611096,21.58804158640053,31.730214859331653,6.590453826548734,1723.6435008123153,0.0,-0.4007876,-6.421325,9.108655202911539,2.1712595,6.937395702911539,2.594876702911538,0.3598867943289639,0.3759478103764565,7.043040339022492,6.728836349959843,7.925766805750983,0.6072494855323533,0.65625,0.5292618390224915,0.2150578499598419,1.4119883057509819,0.0,-1,0,0,0.0,0.0,0,0,0.0,0.0,1.0,0.046993476297057066,0.0065340967780554505,0.0065340967780554505,0.0,0.0,0.0,8.161339421613395,8.242165242165242,6.308641975308642,0.08641975308641975
82,deposition,Fe,Fe,none,0,1.0,droplet_added:side_attach:anchor=625:cn=2,z,xy,658,576,82,0,82,361.44470029553486,9.260405201250038,300.0,0.001,215.45543760153942,0.21545543760153943,-5671.7373,-5664.2583,-5671.7373,-7.079004,-6.1458983,0.9999610771055761,0.21545543760153943,0.21545543760153943,8,657,625,81,33,1.9416795311550572,-3.6976817100658295,37.36954339040571,4.803756074771096,1723.6435008123153,0.0,-0.40512666,-6.4908447,9.108655202911539,2.1712595,6.937395702911539,2.594876702911538,0.36014448072595284,0.38058914136875843,7.043963453344036,6.728836349959843,7.925766805750983,0.6080275865771199,0.65625,0.530184953344035,0.2150578499598419,1.4119883057509819,0.0,-1,0,0,0.0,0.0,0,0,0.0,0.0,1.0,0.047573642671094804,0.006465670162732135,0.006465670162732135,0.0,0.0,0.0,8.164133738601823,8.250712250712251,6.353658536585366,0.0975609756097561
83,deposition,Fe,Fe,none,0,1.0,droplet_added:side_attach:anchor=624:cn=5,z,xy,659,576,83,0,83,370.16152658338683,8.716826287851994,300.0,0.001,215.45543760153942,0.21545543760153943,-5680.8804,-5671.7373,-5680.8804,-8.743067,-6.2298827,0.9998601540926708,0.21545543760153943,0.21545543760153943,16,658,624,82,31,1.7290541549947054,31.544751917211347,10.004306837179788,5.994743475336913,1723.6435008123153,0.0,-0.41043115,-6.575832,9.108655202911539,2.1712595,6.937395702911539,2.594876702911538,0.3625529420612369,0.3852304723610604,7.040282672763139,6.728836349959843,7.925766805750983,0.6108422498691608,0.65625,0.5265041727631381,0.2150578499598419,1.4119883057509819,0.0,-1,0,0,0.0,0.0,0,0,0.0,0.0,1.0,0.04815380904513255,0.00634342376823058,0.00634342376823058,0.0,0.0,0.0,8.17298937784522,8.28080229226361,6.397590361445783,0.12048192771084337
84,deposition,Fe,Fe,none,0,1.0,"C:grid_no_anchor_point:5,7",z,xy,660,576,84,0,84,372.19691636984766,2.0353897864608483,300.0,0.001,215.45543760153942,0.21545543760153943,-5688.373,-5680.8804,-5688.373,-7.0926757,-6.309961,0.9999999230263642,0.21545543760153943,0.21545543760153943,10,659,-1,64,118,2.50534387935605,8.111514809773116,38.258198980438124,9.281401803957099,1723.6435008123153,0.0,-0.41477814,-6.6454787,9.108655202911539,2.1712595,6.937395702911539,2.594876702911538,0.3734519058826057,0.3898718033533623,7.055273430854416,6.728836349959843,7.938168024862838,0.6389284672840263,0.65625,0.541494930854415,0.2150578499598419,1.4243895248628373,0.0,-1,0,0,0.0,0.0,0,0,0.0,0.0,1.0,0.04873397541917029,0.006446368224457322,0.006446368224457322,0.0,0.0,0.0,8.16969696969697,8.274285714285714,6.392857142857143,0.11904761904761904
85,deposition,Fe,Fe,none,0,1.0,droplet_added:side_attach:anchor=597:cn=4,z,xy,661,576,85,0,85,376.4913131417029,4.294396771855227,300.0,0.001,215.45543760153942,0.21545543760153943,-5695.573,-5688.373,-5695.573,-6.800195,-6.053125,0.9703051531770652,0.21545543760153943,0.21545543760153943,12,660,597,84,24,1.7891076090057085,25.136938964356602,5.2629769223413065,7.386932872256244,1723.6435008123153,0.0,-0.41895548,-6.7124066,9.108655202911539,2.1712595,6.937395702911539,2.594876702911538,0.3747022959862598,0.39451313434566426,7.059027220334095,6.714105327379642,7.938168024862838,0.6410531963112268,0.65625,0.5452487203340945,0.2003268273796408,1.4243895248628373,0.0,-1,0,0,0.0,0.0,0,0,0.0,0.0,1.0,0.04931414179320803,0.006414690827459936,0.006414690827459936,0.0,0.0,0.0,8.169440242057489,8.273504273504274,6.3882352941176475,0.15294117647058825
86,deposition,Fe,Fe,none,0,1.0,droplet_added:side_attach:anchor=639:cn=4,z,xy,662,576,86,0,86,378.9018989979745,2.4105858562716094,300.0,0.001,215.45543760153942,0.21545543760153943,-5703.2256,-5695.573,-5703.2256,-7.2523437,-6.8441405,0.9999898955491229,0.21545543760153943,0.21545543760153943,11,661,639,85,34,2.3027612354273135,14.850561556273142,35.35361933546044,5.288886067910139,1723.6435008123153,0.0,-0.4233951,-6.7835374,9.108655202911539,2.1712595,6.937395702911539,2.594876702911538,0.3743828656828781,0.39915446533796617,7.054570885155182,6.714105327379642,7.936244131049816,0.6399954379541123,0.65625,0.5407923851551812,0.2003268273796408,1.422465631049815,0.0,-1,0,0,0.0,0.0,0,0,0.0,0.0,1.0,0.04989430816724577,0.006288283548316061,0.006288283548316061,0.0,0.0,0.0,8.166163141993957,8.279202279202279,6.383720930232558,0.16279069767441862
87,deposition,Fe,Fe,none,0,1.0,droplet_added:side_attach:anchor=645:cn=4,z,xy,663,576,87,0,87,386.61655056273185,7.714651564757326,300.0,0.001,215.45543760153942,0.21545543760153943,-5711.5464,-5703.2256,-5711.5464,-7.9208007,-6.9452147,1.0,0.21545543760153943,0.21545543760153943,13,662,645,86,28,2.1737065620177773,12.101046220569376,37.09585231705051,5.310778597387423,1723.6435008123153,0.0,-0.42822254,-6.860882,9.108655202911539,2.1712595,6.937395702911539,2.594876702911538,0.37532911228266014,0.40379579633026813,7.047693914836587,6.714105327379642,7.936244131049816,0.6383001311117708,0.65625,0.5339154148365859,0.2003268273796408,1.422465631049815,0.0,-1,0,0,0.0,0.0,0,0,0.0,0.0,1.0,0.050474474541283516,0.006136958791225125,0.006136958791225125,0.0,0.0,0.0,8.165912518853695,8.282051282051283,6.413793103448276,0.16091954022988506
88,deposition,Fe,Fe,none,0,1.0,droplet_added:side_attach:anchor=651:cn=4,z,xy,664,576,88,0,88,403.18130804265127,16.564757479919432,300.0,0.001,215.45543760153942,0.21545543760153943,-5720.33,-5711.5464,-5720.33,-8.383692,-7.915918,1.0,0.21545543760153943,0.21545543760153943,14,663,651,87,35,1.801208287228777,-6.538026894353302,22.36164706365045,7.001846116582218,1723.6435008123153,0.0,-0.43331856,-6.9425287,9.108655202911539,2.1712595,6.937395702911539,2.594876702911538,0.3749875603557526,0.40843712732257004,7.0483877879538435,6.714105327379642,7.936244131049816,0.6377629543792891,0.65625,0.5346092879538427,0.2003268273796408,1.422465631049815,0.0,-1,0,0,0.0,0.0,0,0,0.0,0.0,1.0,0.051054640915321255,0.00607510554493003,0.00607510554493003,0.0,0.0,0.0,8.162650602409638,8.275568181818182,6.3977272727272725,0.1590909090909091
89,deposition,Fe,Fe,none,0,1.0,droplet_added:side_attach:anchor=657:cn=3,z,xy,665,576,89,0,89,406.34956957977596,3.168261537124678,300.0,0.001,215.45543760153942,0.21545543760153943,-5727.877,-5720.33,-5727.877,-7.146875,-6.33291,0.9999999999138558,0.21545543760153943,0.21545543760153943,10,664,657,88,23,1.9279348281761153,-2.8624445744357807,38.12358411496305,4.715705899585515,1723.6435008123153,0.0,-0.437697,-7.012679,9.108655202911539,2.1712595,6.937395702911539,2.594876702911538,0.37464966156111845,0.413078458314872,7.0482268574951785,6.714105327379642,7.936244131049816,0.6376308721009097,0.65625,0.5344483574951777,0.2003268273796408,1.422465631049815,0.0,-1,0,0,0.0,0.0,0,0,0.0,0.0,1.0,0.051634807289359,0.006005037724664918,0.006005037724664918,0.0,0.0,0.0,8.162406015037593,8.28125,6.415730337078652,0.15730337078651685
90,deposition,Fe,Fe,none,0,1.0,droplet_added:side_attach:anchor=625:cn=5,z,xy,666,576,90,0,90,409.2007910761773,2.851221496401358,300.0,0.001,215.45543760153942,0.21545543760153943,-5735.8896,-5727.877,-5735.8896,-7.612695,-6.8578124,1.0,0.21545543760153943,0.21545543760153943,13,665,625,89,36,1.9183671778298241,0.235278968922767,37.33615871636994,4.790516667697545,1723.6435008123153,0.0,-0.44234568,-7.087159,9.108655202911539,2.1712595,6.937395702911539,2.594876702911538,0.37371490159294424,0.4177197893071739,7.046842163006989,6.714105327379642,7.936244131049816,0.6358864696322364,0.65625,0.5330636630069883,0.2003268273796408,1.422465631049815,0.0,-1,0,0,0.0,0.0,0,0,0.0,0.0,1.0,0.05221497366339674,0.0059229295889665365,0.0059229295889665365,0.0,0.0,0.0,8.165165165165165,8.28125,6.455555555555556,0.14444444444444443
91,deposition,Fe,Fe,none,0,1.0,droplet_added:side_attach:anchor=597:cn=2,z,xy,667,576,91,0,91,410.1011315144423,0.9003404382649214,300.0,0.001,215.45543760153942,0.21545543760153943,-5742.976,-5735.8896,-5742.976,-6.6864257,-6.4100585,0.9999999984208113,0.21545543760153943,0.21545543760153943,7,666,597,90,28,2.2379432820832537,26.99822738972499,3.9022282087787272,7.374402362519376,1723.6435008123153,0.0,-0.446457,-7.15303,9.108655202911539,2.1712595,6.937395702911539,2.594876702911538,0.37392007767912994,0.42236112029947587,7.0490599027329015,6.748360913734666,7.935351945899246,0.6304258383943692,0.671875,0.5352814027329007,0.23458241373466482,1.421573445899245,0.0,-1,0,0,0.0,0.0,0,0,0.0,0.0,1.0,0.05279514003743448,0.005882213216845063,0.005882213216845063,0.0,0.0,0.0,8.16191904047976,8.274787535410765,6.450549450549451,0.12087912087912088
92,deposition,Fe,Fe,none,0,1.0,droplet_added:side_attach:anchor=646:cn=2,z,xy,668,576,92,0,92,410.1126351406203,0.01150362617800119,300.0,0.001,215.45543760153942,0.21545543760153943,-5750.199,-5742.976,-5750.199,-6.8231444,-6.2015624,0.9999999999991679,0.21545543760153943,0.21545543760153943,8,667,646,91,23,2.5340279967258588,13.684479048128871,38.00044541404398,7.110206275355834,1723.6435008123153,0.0,-0.45064762,-7.220171,9.108655202911539,2.1712595,6.937395702911539,2.594876702911538,0.37345767413981273,0.4270024512917778,7.04726743135781,6.748360913734666,7.935351945899246,0.6304895910463159,0.671875,0.5334889313578088,0.23458241373466482,1.421573445899245,0.0,-1,0,0,0.0,0.0,0,0,0.0,0.0,1.0,0.05337530641147222,0.005798792732150096,0.005798792732150096,0.0,0.0,0.0,8.161676646706587,8.268361581920903,6.467391304347826,0.13043478260869565
93,deposition,Fe,Fe,none,0,1.0,droplet_added:side_attach:anchor=654:cn=3,z,xy,669,576,93,0,93,412.90956428961863,2.796929148998347,300.0,0.001,215.45543760153942,0.21545543760153943,-5757.7383,-5750.199,-5757.7383,-7.1390624,-5.9520507,0.9988577265204485,0.21545543760153943,0.21545543760153943,10,668,654,92,23,2.1140799047774457,9.368198724700559,4.608803994123264,6.614005529525348,1723.6435008123153,0.0,-0.45502153,-7.290249,9.108655202911539,2.1712595,6.937395702911539,2.594876702911538,0.37459533233481157,0.4316437822840797,7.049117607468166,6.748360913734666,7.935351945899246,0.6321924009736913,0.671875,0.5353391074681655,0.23458241373466482,1.421573445899245,0.0,-1,0,0,0.0,0.0,0,0,0.0,0.0,1.0,0.05395547278550996,0.005756334488905005,0.005756334488905005,0.0,0.0,0.0,8.164424514200299,8.285310734463277,6.483870967741935,0.16129032258064516
94,deposition,Fe,Fe,none,0,1.0,droplet_added:side_attach:anchor=657:cn=2,z,xy,670,576,94,0,94,414.29217026088526,1.3826059712666035,300.0,0.001,215.45543760153942,0.21545543760153943,-5765.0215,-5757.7383,-5765.0215,-6.883203,-5.765039,0.9575657484300663,0.21545543760153943,0.21545543760153943,7,669,657,93,31,1.8967456298523246,-4.767157807356774,38.599052177952515,4.817290158672977,1723.6435008123153,0.0,-0.459247,-7.3579483,9.108655202911539,2.1712595,6.937395702911539,2.594876702911538,0.3747179626872963,0.43628511327638164,7.049117607468166,6.748360913734666,7.935351945899246,0.6321924009736913,0.671875,0.5353391074681655,0.23458241373466482,1.421573445899245,0.0,-1,0,0,0.0,0.0,0,0,0.0,0.0,1.0,0.054535639159547705,0.005695096887959207,0.005695096887959207,0.0,0.0,0.0,8.164179104477611,8.290960451977401,6.5,0.1702127659574468
95,deposition,Fe,Fe,none,0,1.0,"C:grid_anchor:1,5",z,xy,671,576,95,0,95,425.67270440590795,11.380534145022713,300.0,0.001,215.45543760153942,0.21545543760153943,-5772.6396,-5765.0215,-5772.6396,-7.218164,-6.334863,0.9999978203970272,0.21545543760153943,0.21545543760153943,11,670,40,64,121,1.8248425361277556,-9.270817394255484,28.105412391498987,7.977858802802644,1723.6435008123153,0.0,-0.4636668,-7.428761,9.108655202911539,2.1712595,6.937395702911539,2.594876702911538,0.37769342071057066,0.44092644426868355,7.075332455461917,6.893443289321156,7.935351945899246,0.6344401420094591,0.671875,0.5615539554619158,0.3796647893211551,1.421573445899245,0.0,-1,0,0,0.0,0.0,0,0,0.0,0.0,1.0,0.055115805533585444,0.005911094268020166,0.005911094268020166,0.0,0.0,0.0,8.160953800298062,8.284507042253521,6.463157894736842,0.16842105263157894
96,deposition,Fe,Fe,none,0,1.0,droplet_added:side_attach:anchor=670:cn=3,z,xy,672,576,96,0,96,431.9397636711384,6.267059265230424,300.0,0.001,215.45543760153942,0.21545543760153943,-5781.0083,-5772.6396,-5781.0083,-7.9686522,-7.5243163,1.0,0.21545543760153943,0.21545543760153943,11,671,670,95,32,2.032915211627621,-8.825924567064153,25.56346373530377,7.703785941692177,1723.6435008123153,0.0,-0.468522,-7.5065503,9.108655202911539,2.1712595,6.937395702911539,2.594876702911538,0.37692970217410476,0.4455677752609855,7.070145293826033,6.893443289321156,7.935351945899246,0.6316387968745846,0.671875,0.5563667938260322,0.3796647893211551,1.421573445899245,0.0,-1,0,0,0.0,0.0,0,0,0.0,0.0,1.0,0.05569597190762319,0.005795487435687835,0.005795487435687835,0.0,0.0,0.0,8.154761904761905,8.27247191011236,6.427083333333333,0.16666666666666666
97,deposition,Fe,Fe,none,0,1.0,droplet_added:side_attach:anchor=581:cn=2,z,xy,673,576,97,0,97,450.1707848220519,18.231021150913545,300.0,0.001,215.45543760153942,0.21545543760153943,-5788.735,-5781.0083,-5788.735,-7.3265624,-5.995996,0.9999998828693191,0.21545543760153943,0.21545543760153943,11,672,581,96,31,1.9900107519757246,16.409716461458764,35.33863941512032,5.5457204072512285,1723.6435008123153,0.0,-0.4730047,-7.578371,9.108655202911539,2.1712595,6.937395702911539,2.594876702911538,0.3773071727190594,0.4502091062532874,7.07559098982693,6.893443289321156,7.935351945899246,0.6323749464074359,0.671875,0.561812489826929,0.3796647893211551,1.421573445899245,0.0,-1,0,0,0.0,0.0,0,0,0.0,0.0,1.0,0.05627613828166093,0.005791881338421948,0.005791881338421948,0.0,0.0,0.0,8.154531946508172,8.27808988764045,6.443298969072165,0.15463917525773196
98,deposition,Fe,Fe,none,0,1.0,droplet_added:side_attach:anchor=604:cn=9,z,xy,674,576,98,0,98,453.2583140272556,3.0875292052036762,300.0,0.001,215.45543760153942,0.21545543760153943,-5796.691,-5788.735,-5796.691,-7.5560546,-6.278711,0.9990882843369568,0.21545543760153943,0.21545543760153943,29,673,604,97,27,1.6141825244986432,1.3717788123388068,31.51285200988788,7.706563377478041,1723.6435008123153,0.0,-0.47762054,-7.6523247,9.041721170194338,2.1712595,6.870461670194338,2.527942670194337,0.38235443337735264,0.4548504372455894,7.0801343314822995,6.893443289321156,7.935351945899246,0.6349281692211038,0.671875,0.5663558314822987,0.3796647893211551,1.421573445899245,0.0,-1,0,0,0.0,0.0,0,0,0.0,0.0,1.0,0.05685630465569867,0.005779141137574477,0.005779141137574477,0.0,0.0,0.0,8.169139465875372,8.30167597765363,6.469387755102041,0.15306122448979592
99,deposition,Fe,Fe,none,0,1.0,"C:grid_no_anchor_point:4,7",z,xy,675,576,99,0,99,458.78744528641835,5.529131259162752,300.0,0.001,215.45543760153942,0.21545543760153943,-5804.0615,-5796.691,-5804.0615,-6.9706054,-6.0331054,0.9999996430263913,0.21545543760153943,0.21545543760153943,12,674,-1,64,115,2.185329296096844,6.804101521170686,34.64813201826557,10.33866882970451,1723.6435008123153,0.0,-0.48189673,-7.720837,9.855720156058826,2.1712595,7.6844606560588264,3.3419416560588253,0.6017385424407039,0.4594917682378913,7.103480570086048,6.893443289321156,7.946202865070784,0.7108072989566768,0.671875,0.5897020700860471,0.3796647893211551,1.4324243650707835,0.0,-1,0,0,0.0,0.0,0,0,0.0,0.0,1.0,0.05743647102973641,0.005956586566525729,0.005956586566525729,0.0,0.0,0.0,8.171851851851851,6.627450980392157,6.505050505050505,0.1414141414141414
100,deposition,Fe,Fe,none,0,1.0,droplet_added:side_attach:anchor=656:cn=3,z,xy,676,576,100,0,100,462.730261263767,3.9428159773486477,300.0,0.001,215.45543760153942,0.21545543760153943,-5811.1484,-5804.0615,-5811.1484,-6.686914,-5.848047,0.9999999912451559,0.21545543760153943,0.21545543760153943,8,675,656,99,33,1.9873398728338807,22.436857744097104,29.97059973668029,6.8316536160387065,1723.6435008123153,0.0,-0.48600832,-7.7867117,9.855720156058826,2.1712595,7.6844606560588264,3.3419416560588253,0.5993997355150733,0.46413309923019325,7.1141267944661495,6.950026711354125,7.946202865070784,0.7071971018146707,0.671875,0.6003482944661487,0.4362482113541244,1.4324243650707835,0.0,-1,0,0,0.0,0.0,0,0,0.0,0.0,1.0,0.058016637403774156,0.006003482944661487,0.006003482944661487,0.0,0.0,0.0,8.171597633136095,6.519230769230769,6.52,0.13
101,deposition,Fe,Fe,none,0,1.0,droplet_added:side_attach:anchor=657:cn=2,z,xy,677,576,101,0,101,465.8240143683532,3.0937531045862054,300.0,0.001,215.45543760153942,0.21545543760153943,-5819.015,-5811.1484,-5819.015,-7.466699,-6.5243163,0.9981019580721473,0.21545543760153943,0.21545543760153943,9,676,657,100,33,2.404238810031338,-6.331865631415912,35.93888773292682,4.3211624398547395,1723.6435008123153,0.0,-0.4905723,-7.859835,9.855720156058826,2.1712595,7.6844606560588264,3.3419416560588253,0.5963443847237322,0.46877443022249515,7.114886306098478,6.950026711354125,7.946202865070784,0.7077018346261088,0.671875,0.6011078060984776,0.4362482113541244,1.4324243650707835,0.0,-1,0,0,0.0,0.0,0,0,0.0,0.0,1.0,0.058596803777811894,0.00595156243661859,0.00595156243661859,0.0,0.0,0.0,8.16543574593796,6.461538461538462,6.4950495049504955,0.12871287128712872
102,deposition,Fe,Fe,none,0,1.0,"C:grid_no_anchor_point:5,7",z,xy,678,576,102,0,102,473.45371670604374,7.629702337690562,300.0,0.001,215.45543760153942,0.21545543760153943,-5827.136,-5819.015,-5827.136,-7.7210937,-6.916406,0.9998730502098282,0.21545543760153943,0.21545543760153943,10,677,-1,64,118,2.4907464371189465,10.30439130474208,37.10603367796645,9.319913547125783,1723.6435008123153,0.0,-0.49528387,-7.9353228,9.76209142276738,2.1712595,7.59083192276738,3.2483129227673793,0.6152586952758846,0.4734157612147971,7.122522422351445,6.950026711354125,7.946202865070784,0.7241388154824588,0.671875,0.6087439223514446,0.4362482113541244,1.4324243650707835,0.0,-1,0,0,0.0,0.0,0,0,0.0,0.0,1.0,0.05917697015184964,0.005968077670112201,0.005968077670112201,0.0,0.0,0.0,8.165191740412979,6.702702702702703,6.509803921568627,0.13725490196078433
103,deposition,Fe,Fe,none,0,1.0,droplet_added:side_attach:anchor=624:cn=2,z,xy,679,576,103,0,103,481.4635700210987,8.009853315054976,300.0,0.001,215.45543760153942,0.21545543760153943,-5835.1104,-5827.136,-5835.1104,-7.574121,-5.584375,0.9988361476087292,0.21545543760153943,0.21545543760153943,10,678,624,102,28,2.3731180955634947,33.01770274964409,12.040579726963697,5.881497752028575,1723.6435008123153,0.0,-0.4999102,-8.009444,9.76209142276738,2.1712595,7.59083192276738,3.2483129227673793,0.6152586952758846,0.478057092207099,7.122522422351445,6.950026711354125,7.946202865070784,0.7241388154824588,0.671875,0.6087439223514446,0.4362482113541244,1.4324243650707835,0.0,-1,0,0,0.0,0.0,0,0,0.0,0.0,1.0,0.05975713652588738,0.005910135168460627,0.005910135168460627,0.0,0.0,0.0,8.173784977908689,6.702702702702703,6.533980582524272,0.1262135922330097
104,deposition,Fe,Fe,none,0,1.0,droplet_added:side_attach:anchor=576:cn=3,z,xy,680,576,104,0,104,482.12100402574384,0.6574340046451724,300.0,0.001,215.45543760153942,0.21545543760153943,-5843.0737,-5835.1104,-5843.0737,-7.563379,-6.6009765,0.9999999999999996,0.21545543760153943,0.21545543760153943,10,679,576,103,29,1.96191088429041,-8.583163517377539,34.53615587660673,7.905840565053653,1723.6435008123153,0.0,-0.5045303,-8.083467,9.76209142276738,2.1712595,7.59083192276738,3.2483129227673793,0.6152198511092669,0.482698423199401,7.130271374694947,6.950026711354125,7.946202865070784,0.7306707739105155,0.671875,0.6164928746949458,0.4362482113541244,1.4324243650707835,0.0,-1,0,0,0.0,0.0,0,0,0.0,0.0,1.0,0.06033730289992512,0.005927816102836018,0.005927816102836018,0.0,0.0,0.0,8.170588235294117,6.662162162162162,6.528846153846154,0.125
105,deposition,Fe,Fe,none,0,1.0,droplet_added:side_attach:anchor=658:cn=8,z,xy,681,576,105,0,105,482.8475758520048,0.726571826260977,300.0,0.001,215.45543760153942,0.21545543760153943,-5856.475,-5843.0737,-5856.475,-13.001368,-7.5609374,1.0,0.21545543760153943,0.21545543760153943,23,680,658,104,33,2.0433446806253945,30.163803973739626,7.135072511954162,4.146925377128039,1723.6435008123153,0.0,-0.5123053,-8.208036,9.76209142276738,2.1712595,7.59083192276738,3.2483129227673793,0.6166702498309462,0.4873397541917029,7.122965502730266,6.950026711354125,7.946202865070784,0.7384771549161869,0.671875,0.6091870027302653,0.4362482113541244,1.4324243650707835,0.0,-1,0,0,0.0,0.0,0,0,0.0,0.0,1.0,0.06091746927396286,0.005801780978383479,0.005801780978383479,0.0,0.0,0.0,8.19676945668135,6.684931506849315,6.59047619047619,0.11428571428571428
106,deposition,Fe,Fe,none,0,1.0,droplet_added:side_attach:anchor=676:cn=2,z,xy,682,576,106,0,106,490.78648923856446,7.9389133865596495,300.0,0.001,215.45543760153942,0.21545543760153943,-5864.9927,-5856.475,-5864.9927,-8.1175785,-6.518457,0.9999999999981726,0.21545543760153943,0.21545543760153943,9,681,676,105,39,2.2941953997800786,-7.984813750308362,35.748841014951154,4.973668186260441,1723.6435008123153,0.0,-0.5172469,-8.2872095,9.76209142276738,2.1712595,7.59083192276738,3.2483129227673793,0.6145282190551956,0.49198108518400485,7.118230476928326,6.950026711354125,7.946202865070784,0.7343056147881203,0.671875,0.604451976928325,0.4362482113541244,1.4324243650707835,0.0,-1,0,0,0.0,0.0,0,0,0.0,0.0,1.0,0.061497635648000606,0.005702377140833255,0.005702377140833255,0.0,0.0,0.0,8.211143695014663,6.780821917808219,6.69811320754717,0.09433962264150944
107,deposition,Fe,Fe,none,0,1.0,droplet_added:side_attach:anchor=674:cn=5,z,xy,683,576,107,0,107,494.17615500174946,3.3896657631850076,300.0,0.001,215.45543760153942,0.21545543760153943,-5873.4897,-5864.9927,-5873.4897,-8.097071,-7.2870116,1.0,0.21545543760153943,0.21545543760153943,14,682,674,106,30,2.0949658398250532,9.442679638203952,34.98397236536695,9.860616455189362,1723.6435008123153,0.0,-0.5221766,-8.366192,10.052033356314986,2.1712595,7.8807738563149865,3.5382548563149854,0.6697659039867637,0.49662241617630676,7.140404698060121,6.950026711354125,7.964907110085362,0.801677235346198,0.671875,0.6266261980601202,0.4362482113541244,1.4511286100853615,0.0,-1,0,0,0.0,0.0,0,0,0.0,0.0,1.0,0.062077802022038345,0.005856319608038506,0.005856319608038506,0.0,0.0,0.0,8.222547584187408,7.116279069767442,6.766355140186916,0.08411214953271028
108,deposition,Fe,Fe,none,0,1.0,droplet_added:side_attach:anchor=581:cn=3,z,xy,684,576,108,0,108,494.63797952968383,0.4618245279343728,300.0,0.001,215.45543760153942,0.21545543760153943,-5881.3574,-5873.4897,-5881.3574,-7.4676757,-6.271875,0.998822100427259,0.21545543760153943,0.21545543760153943,11,683,581,107,28,2.0807766813190596,17.99090847481475,34.18350067074479,5.786435962091865,1723.6435008123153,0.0,-0.5267412,-8.439324,10.052033356314986,2.1712595,7.8807738563149865,3.5382548563149854,0.6713737221287522,0.5012637471686087,7.1517427809394825,7.014533127726796,7.964907110085362,0.7960030007401029,0.671875,0.6379642809394817,0.5007546277267956,1.4511286100853615,0.0,-1,0,0,0.0,0.0,0,0,0.0,0.0,1.0,0.06265796839607608,0.005907076675365571,0.005907076675365571,0.0,0.0,0.0,8.230994152046783,7.045454545454546,6.805555555555555,0.08333333333333333
109,deposition,B,B,none,0,1.0,droplet_added:side_attach:anchor=674:cn=4,z,xy,685,576,109,0,109,495.40824680759613,0.7702672779122873,300.0,0.001,215.45543760153942,0.21545543760153943,-5888.662,-5881.3574,-5888.662,-7.2046876,-5.7564454,0.9999999999982891,0.21545543760153943,0.21545543760153943,16,684,674,108,32,1.8921987208645232,7.180063817300187,33.940008765614024,10.243819507121284,1723.6435008123153,0.0,-0.53097916,-8.507224,10.092657037068193,2.1712595,7.921397537068193,3.578878537068192,0.7301296717106723,0.5059050781609106,7.183397706606889,7.014533127726796,7.91053385330172,0.8675542691006611,0.671875,0.669619206606888,0.5007546277267956,1.3967553533017192,0.0,-1,0,0,0.0,0.0,0,0,0.0,0.0,1.0,0.06323813477011382,0.006143295473457688,0.006143295473457688,0.0,0.0,0.0,8.227737226277373,7.209302325581396,6.825688073394495,0.08256880733944955
110,deposition,Fe,Fe,none,0,1.0,droplet_added:side_attach:anchor=682:cn=4,z,xy,686,576,110,0,110,518.1942012306544,22.785954423058186,300.0,0.001,215.45543760153942,0.21545543760153943,-5896.031,-5888.662,-5896.031,-6.9686522,-6.325586,0.9999999517730171,0.21545543760153943,0.21545543760153943,19,685,682,109,27,1.9974225910193635,10.576100827237553,33.464721827094884,9.67090462760382,1723.6435008123153,0.0,-0.5352542,-8.575718,10.053281069201676,2.1712595,7.882021569201676,3.539502569201675,0.7576863917874802,0.5105464091532126,7.212004845065137,7.014533127726796,7.91053385330172,0.9154700514009315,0.671875,0.6982263450651365,0.5007546277267956,1.3967553533017192,0.0,-1,0,0,0.0,0.0,0,0,0.0,0.0,1.0,0.06381830114415157,0.006347512227864877,0.006347512227864877,0.0,0.0,0.0,8.2332361516035,7.1521739130434785,6.872727272727273,0.09090909090909091
111,deposition,Fe,Fe,none,0,1.0,droplet_added:side_attach:anchor=661:cn=2,z,xy,687,576,111,0,111,518.6370763523806,0.44287512172631155,300.0,0.001,215.45543760153942,0.21545543760153943,-5903.228,-5896.031,-5903.228,-6.7972655,-5.9452147,0.9999999945066672,0.21545543760153943,0.21545543760153943,9,686,661,110,28,1.895706805976062,14.518957574923515,37.96933371701703,4.914139906991714,1723.6435008123153,0.0,-0.5394298,-8.642618,10.053281069201676,2.1712595,7.882021569201676,3.539502569201675,0.7602732631499938,0.5151877401455145,7.209529699282266,7.014533127726796,7.91053385330172,0.9158146907266045,0.671875,0.6957511992822649,0.5007546277267956,1.3967553533017192,0.0,-1,0,0,0.0,0.0,0,0,0.0,0.0,1.0,0.06439846751818931,0.006268028822362747,0.006268028822362747,0.0,0.0,0.0,8.22707423580786,7.155555555555556,6.846846846846847,0.09009009009009009
112,deposition,Fe,Fe,none,0,1.0,droplet_added:side_attach:anchor=608:cn=1,z,xy,688,576,112,0,112,523.0819722590915,4.444895906710837,300.0,0.001,215.45543760153942,0.21545543760153943,-5909.6143,-5903.228,-5909.6143,-5.9862304,-5.3963866,0.514160412601997,0.21545543760153943,0.21545543760153943,6,687,608,111,34,2.201773865658137,15.63825226903404,3.854107496889733,7.32711460402799,1723.6435008123153,0.0,-0.54313487,-8.701981,10.053281069201676,2.1712595,7.882021569201676,3.539502569201675,0.7652230096887944,0.5198290711378164,7.200098702412839,7.0085174759101,7.901693547605238,0.9060869536171072,0.6875,0.6863202024128379,0.4947389759100993,1.3879150476052375,0.0,-1,0,0,0.0,0.0,0,0,0.0,0.0,1.0,0.06497863389222705,0.006127858950114624,0.006127858950114624,0.0,0.0,0.0,8.223837209302326,7.181818181818182,6.839285714285714,0.08928571428571429
113,deposition,Fe,Fe,none,0,1.0,droplet_added:side_attach:anchor=679:cn=3,z,xy,689,576,113,0,113,529.4022141895165,6.32024193042504,300.0,0.001,215.45543760153942,0.21545543760153943,-5916.9175,-5909.6143,-5916.9175,-6.9032226,-6.3631835,1.0,0.21545543760153943,0.21545543760153943,11,688,679,112,37,2.011030073267177,-7.453128814543195,36.729214454704206,7.792162722200228,1723.6435008123153,0.0,-0.5473719,-8.769865,10.053281069201676,2.1712595,7.882021569201676,3.539502569201675,0.7577818342286516,0.5244704021301183,7.19910473394932,7.0085174759101,7.901693547605238,0.905597471668629,0.6875,0.6853262339493194,0.4947389759100993,1.3879150476052375,0.0,-1,0,0,0.0,0.0,0,0,0.0,0.0,1.0,0.06555880026626479,0.0060648339287550385,0.0060648339287550385,0.0,0.0,0.0,8.214804063860667,7.111111111111111,6.79646017699115,0.09734513274336283
114,deposition,Fe,Fe,none,0,1.0,droplet_added:side_attach:anchor=685:cn=2,z,xy,690,576,114,0,114,532.5407979088948,3.1385837193783432,300.0,0.001,215.45543760153942,0.21545543760153943,-5924.653,-5916.9175,-5924.653,-7.3353515,-6.029199,0.876997782903831,0.21545543760153943,0.21545543760153943,20,689,685,113,33,2.351158898735975,9.468002328764221,31.077071244570103,9.482335731232908,1723.6435008123153,0.0,-0.55185974,-8.841768,10.227586088353586,2.1712595,8.056326588353587,3.7138075883535855,0.8133119649105601,0.5291117331224203,7.2137949707470685,7.0085174759101,7.901693547605238,0.948352578955265,0.6875,0.7000164707470677,0.4947389759100993,1.3879150476052375,0.0,-1,0,0,0.0,0.0,0,0,0.0,0.0,1.0,0.06613896664030254,0.006140495357430419,0.006140495357430419,0.0,0.0,0.0,8.217391304347826,7.555555555555555,6.780701754385965,0.09649122807017543
115,deposition,Fe,Fe,none,0,1.0,droplet_added:side_attach:anchor=586:cn=2,z,xy,691,576,115,0,115,539.0149145756992,6.474116666804387,300.0,0.001,215.45543760153942,0.21545543760153943,-5932.2397,-5924.653,-5932.2397,-7.186914,-5.6410155,0.015351073441439215,0.21545543760153943,0.21545543760153943,9,690,586,114,38,1.8773630693133498,-10.053596311776865,35.560154365640486,6.413339996732329,1723.6435008123153,0.0,-0.5562614,-8.912291,10.227586088353586,2.1712595,8.056326588353587,3.7138075883535855,0.8182695327387827,0.5337530641147222,7.212888409169701,7.014533127726796,7.892853241908757,0.9384544187840242,0.703125,0.6991099091697004,0.5007546277267956,1.379074741908756,0.0,-1,0,0,0.0,0.0,0,0,0.0,0.0,1.0,0.06671913301434028,0.006079216601475656,0.006079216601475656,0.0,0.0,0.0,8.214182344428364,7.6571428571428575,6.773913043478261,0.09565217391304348
116,deposition,Fe,Fe,none,0,1.0,droplet_added:side_attach:anchor=596:cn=8,z,xy,692,576,116,0,116,540.5495913662835,1.534676790584269,300.0,0.001,215.45543760153942,0.21545543760153943,-5939.9937,-5932.2397,-5939.9937,-7.353906,-6.3490233,0.9999999999999974,0.21545543760153943,0.21545543760153943,27,691,596,115,31,2.006499322527837,8.447537711887481,30.78500342946735,8.679630654404106,1723.6435008123153,0.0,-0.56075996,-8.984365,10.327154454192366,2.1712595,8.155894954192366,3.813375954192365,0.8025517590144079,0.5383943951070241,7.2090293998110235,7.014533127726796,7.892853241908757,0.9327415474136462,0.703125,0.6952508998110227,0.5007546277267956,1.379074741908756,0.0,-1,0,0,0.0,0.0,0,0,0.0,0.0,1.0,0.06729929938837802,0.0059935422397501955,0.0059935422397501955,0.0,0.0,0.0,8.228323699421965,8.06060606060606,6.853448275862069,0.08620689655172414
117,deposition,Fe,Fe,none,0,1.0,droplet_added:side_attach:anchor=680:cn=5,z,xy,693,576,117,0,117,546.5418684421023,5.992277075818885,300.0,0.001,215.45543760153942,0.21545543760153943,-5950.0864,-5939.9937,-5950.0864,-9.692774,-5.254785,0.4066539282133714,0.21545543760153943,0.21545543760153943,25,692,680,116,35,1.7237511191301622,28.56819431622881,5.752665560982871,4.10181088075168,1723.6435008123153,0.0,-0.56661546,-9.07818,10.327154454192366,2.1712595,8.155894954192366,3.813375954192365,0.8048232569967673,0.543035726099326,7.180595324954843,7.002501824093403,7.892853241908757,0.9460037815401362,0.703125,0.6668168249548421,0.48872332409340213,1.379074741908756,0.0,-1,0,0,0.0,0.0,0,0,0.0,0.0,1.0,0.06787946576241576,0.005699289102178137,0.005699289102178137,0.0,0.0,0.0,8.23953823953824,8.09375,6.914529914529915,0.09401709401709402
118,deposition,Fe,Fe,none,0,1.0,droplet_added:side_attach:anchor=674:cn=3,z,xy,694,576,118,0,118,548.0924843947339,1.5506159526316243,300.0,0.001,215.45543760153942,0.21545543760153943,-5958.059,-5950.0864,-5958.059,-7.572656,-6.973535,0.9999997539882559,0.21545543760153943,0.21545543760153943,14,693,674,117,34,2.063855789351227,4.876523734443978,36.85639559551829,9.917251359645912,1723.6435008123153,0.0,-0.5712409,-9.152288,10.327154454192366,2.1712595,8.155894954192366,3.813375954192365,0.8415574967378977,0.5476770570916281,7.181594763082202,7.002501824093403,7.892853241908757,0.9490570312572281,0.703125,0.6678162630822015,0.48872332409340213,1.379074741908756,0.0,-1,0,0,0.0,0.0,0,0,0.0,0.0,1.0,0.06845963213645351,0.005659459856628826,0.005659459856628826,0.0,0.0,0.0,8.236311239193084,8.06060606060606,6.906779661016949,0.11016949152542373
119,deposition,Fe,Fe,none,0,1.0,droplet_added:side_attach:anchor=596:cn=4,z,xy,695,576,119,0,119,561.3172997797152,13.224815384981351,300.0,0.001,215.45543760153942,0.21545543760153943,-5965.128,-5958.059,-5965.128,-6.6688476,-6.088281,0.8274238575250001,0.21545543760153943,0.21545543760153943,23,694,596,118,37,2.0820591382802958,7.050868614334657,29.900535370697614,8.964130918722201,1723.6435008123153,0.0,-0.575342,-9.217996,10.24705178092057,2.1712595,8.07579228092057,3.733273280920569,0.8446589086044516,0.55231838808393,7.179208576187299,7.002501824093403,7.892853241908757,0.9436257043795803,0.703125,0.665430076187298,0.48872332409340213,1.379074741908756,0.0,-1,0,0,0.0,0.0,0,0,0.0,0.0,1.0,0.06903979851049125,0.005591849379725193,0.005591849379725193,0.0,0.0,0.0,8.227338129496403,7.666666666666667,6.882352941176471,0.11764705882352941
120,deposition,B,B,none,0,1.0,droplet_added:side_attach:anchor=689:cn=4,z,xy,696,576,120,0,120,563.1570381553134,1.8397383755982843,300.0,0.001,215.45543760153942,0.21545543760153943,-5972.1494,-5965.128,-5972.1494,-6.9214845,-5.544043,0.49971717228702783,0.21545543760153943,0.21545543760153943,15,695,689,119,24,1.9660991263505718,8.15318994647842,30.19481490632321,10.188915599546526,1723.6435008123153,0.0,-0.5794157,-9.283263,10.464329949800035,2.1712595,8.293070449800036,3.9505514498000345,0.8477930913916247,0.5569597190762319,7.18740181407734,7.002501824093403,7.892853241908757,0.9668268898495052,0.703125,0.6736233140773393,0.48872332409340213,1.379074741908756,0.0,-1,0,0,0.0,0.0,0,0,0.0,0.0,1.0,0.06961996488452898,0.0056135276173111615,0.0056135276173111615,0.0,0.0,0.0,8.229885057471265,7.96969696969697,6.875,0.10833333333333334
121,deposition,Fe,Fe,none,0,1.0,droplet_added:side_attach:anchor=669:cn=4,z,xy,697,576,121,0,121,563.5890503407998,0.43201218548626213,300.0,0.001,215.45543760153942,0.21545543760153943,-5980.519,-5972.1494,-5980.519,-7.969629,-6.3631835,0.826674011473993,0.21545543760153943,0.21545543760153943,12,696,669,120,36,1.9514905930812092,-4.14956235778671,38.565302277209646,5.385254900524332,1723.6435008123153,0.0,-0.58427143,-9.36106,10.464329949800035,2.1712595,8.293070449800036,3.9505514498000345,0.8468780838648486,0.5616010500685338,7.188123547205099,7.002501824093403,7.892853241908757,0.9671618599791958,0.703125,0.6743450472050982,0.48872332409340213,1.379074741908756,0.0,-1,0,0,0.0,0.0,0,0,0.0,0.0,1.0,0.07020013125856672,0.005573099563678498,0.005573099563678498,0.0,0.0,0.0,8.235294117647058,7.96969696969697,6.917355371900826,0.11570247933884298
122,deposition,Fe,Fe,none,0,1.0,droplet_added:side_attach:anchor=694:cn=7,z,xy,698,576,122,0,122,575.8115672980235,12.222516957223824,300.0,0.001,215.45543760153942,0.21545543760153943,-5987.813,-5980.519,-5987.813,-6.893945,-5.8402343,0.9652459415752589,0.21545543760153943,0.21545543760153943,24,697,694,121,35,2.143434414418891,5.637484476195379,28.6774116044571,8.407096371070885,1723.6435008123153,0.0,-0.5885031,-9.42886,10.464329949800035,2.1712595,8.293070449800036,3.9505514498000345,0.837565605580997,0.5662423810608358,7.188128628297214,7.002501824093403,7.892853241908757,0.9671583877393206,0.703125,0.6743501282972133,0.48872332409340213,1.379074741908756,0.0,-1,0,0,0.0,0.0,0,0,0.0,0.0,1.0,0.07078029763260447,0.005527460068009945,0.005527460068009945,0.0,0.0,0.0,8.2378223495702,8.0,6.934426229508197,0.11475409836065574
123,deposition,Fe,Fe,none,0,1.0,droplet_added:side_attach:anchor=697:cn=6,z,xy,699,576,123,0,123,592.7099435443416,16.898376246318097,300.0,0.001,215.45543760153942,0.21545543760153943,-5994.724,-5987.813,-5994.724,-6.5111327,-6.0384765,0.9999978921722465,0.21545543760153943,0.21545543760153943,25,698,697,122,32,2.102283738545006,3.1517748167812663,29.928871856577157,8.573298455974504,1723.6435008123153,0.0,-0.5925127,-9.493101,10.464329949800035,2.1712595,8.293070449800036,3.9505514498000345,0.821171711729414,0.5708837120531377,7.20357487075951,7.002501824093403,8.226129375626005,0.9812621500883604,0.703125,0.6897963707595096,0.48872332409340213,1.7123508756260044,0.0,-1,0,0,0.0,0.0,0,0,0.0,0.0,1.0,0.07136046400664221,0.005608100575280566,0.005608100575280566,0.0,0.0,0.0,8.240343347639485,8.028571428571428,6.926829268292683,0.11382113821138211
124,deposition,Fe,Fe,none,0,1.0,droplet_added:side_attach:anchor=692:cn=3,z,xy,700,576,124,0,124,599.8214876529377,7.11154410859607,300.0,0.001,215.45543760153942,0.21545543760153943,-6002.5312,-5994.724,-6002.5312,-7.407129,-6.7396483,0.9978054289400786,0.21545543760153943,0.21545543760153943,14,699,692,123,29,2.1326302493688534,28.45865615165846,4.02414081864603,4.010631721847542,1723.6435008123153,0.0,-0.59704214,-9.56567,10.464329949800035,2.1712595,8.293070449800036,3.9505514498000345,0.821171711729414,0.5755250430454396,7.187436724864708,7.002501824093403,8.226129375626005,0.9982807587273235,0.703125,0.673658224864707,0.48872332409340213,1.7123508756260044,0.0,-1,0,0,0.0,0.0,0,0,0.0,0.0,1.0,0.07194063038067995,0.005432727619876669,0.005432727619876669,0.0,0.0,0.0,8.237142857142857,8.028571428571428,6.911290322580645,0.10483870967741936
125,deposition,Fe,Fe,none,0,1.0,droplet_added:side_attach:anchor=670:cn=5,z,xy,701,576,125,0,125,610.1065064045922,10.2850187516545,300.0,0.001,215.45543760153942,0.21545543760153943,-6009.885,-6002.5312,-6009.885,-6.9535155,-6.3407226,0.9999999999999996,0.21545543760153943,0.21545543760153943,9,700,670,124,28,1.7346874665773597,-10.529613268104171,29.367999558177498,7.1501264015142905,1723.6435008123153,0.0,-0.6013084,-9.634023,10.464329949800035,2.1712595,8.293070449800036,3.9505514498000345,0.8208845177194608,0.5801663740377415,7.187707234581912,7.002501824093403,8.226129375626005,0.9984784383133598,0.703125,0.6739287345819109,0.48872332409340213,1.7123508756260044,0.0,-1,0,0,0.0,0.0,0,0,0.0,0.0,1.0,0.07252079675471769,0.005391429876655287,0.005391429876655287,0.0,0.0,0.0,8.239657631954351,8.028571428571428,6.904,0.112
126,deposition,Fe,Fe,none,0,1.0,droplet_added:side_attach:anchor=681:cn=3,z,xy,702,576,126,0,126,611.7560175011904,1.6495110965981745,300.0,0.001,215.45543760153942,0.21545543760153943,-6017.1943,-6009.885,-6017.1943,-6.90957,-5.7259765,0.9899030728276819,0.21545543760153943,0.21545543760153943,11,701,681,125,31,1.9131479795258528,-10.174285699795416,35.26390143799875,5.294397720728748,1723.6435008123153,0.0,-0.6055492,-9.701968,10.464329949800035,2.1712595,8.293070449800036,3.9505514498000345,0.8151719030824077,0.5848077050300434,7.1758035593408485,6.950026711354125,8.226129375626005,1.003938129139934,0.703125,0.6620250593408477,0.4362482113541244,1.7123508756260044,0.0,-1,0,0,0.0,0.0,0,0,0.0,0.0,1.0,0.07310096312875543,0.005254167137625775,0.005254167137625775,0.0,0.0,0.0,8.242165242165242,7.970588235294118,6.912698412698413,0.09523809523809523
127,deposition,Fe,Fe,none,0,1.0,droplet_added:side_attach:anchor=692:cn=3,z,xy,703,576,127,0,127,612.7690793626764,1.0130618614859654,300.0,0.001,215.45543760153942,0.21545543760153943,-6027.5938,-6017.1943,-6027.5938,-9.999414,-7.6429687,0.9994463154431896,0.21545543760153943,0.21545543760153943,20,702,692,126,31,2.164074875057893,25.235888252686347,5.242013581412795,4.242565565016689,1723.6435008123153,0.0,-0.6115826,-9.798634,10.464329949800035,2.1712595,8.293070449800036,3.9505514498000345,0.8151719030824077,0.5894490360223454,7.165255675874084,6.950026711354125,8.226129375626005,1.0230598366685946,0.703125,0.6514771758740832,0.4362482113541244,1.7123508756260044,0.0,-1,0,0,0.0,0.0,0,0,0.0,0.0,1.0,0.07368112950279318,0.005129741542315615,0.005129741542315615,0.0,0.0,0.0,8.2475106685633,7.970588235294118,6.937007874015748,0.07874015748031496
128,deposition,Fe,Fe,none,0,1.0,"C:grid_anchor:4,1",z,xy,704,576,128,0,128,620.0846663102533,7.315586947576924,300.0,0.001,215.45543760153942,0.21545543760153943,-6035.596,-6027.5938,-6035.596,-7.6024413,-6.3402343,0.9997720219029641,0.21545543760153943,0.21545543760153943,11,703,336,64,116,2.2734141798742824,22.186372859077146,5.319319096259396,8.116833112578467,1723.6435008123153,0.0,-0.61622536,-9.873019,10.464329949800035,2.1712595,8.293070449800036,3.9505514498000345,0.8151719030824077,0.5940903670146473,7.174448535641531,7.002501824093403,8.226129375626005,1.0205122603558616,0.703125,0.6606700356415303,0.48872332409340213,1.7123508756260044,0.0,-1,0,0,0.0,0.0,0,0,0.0,0.0,1.0,0.07426129587683092,0.005161484653449455,0.005161484653449455,0.0,0.0,0.0,8.255681818181818,7.970588235294118,6.9609375,0.0859375
129,deposition,B,B,none,0,1.0,droplet_added:side_attach:anchor=693:cn=4,z,xy,705,576,129,0,129,624.8192931803858,4.73462687013248,300.0,0.001,215.45543760153942,0.21545543760153943,-6042.8765,-6035.596,-6042.8765,-7.1802735,-5.9444337,0.9988543887946433,0.21545543760153943,0.21545543760153943,17,704,693,128,34,1.8297439350456135,2.7079552369450823,35.95401478090769,9.629097674185884,1723.6435008123153,0.0,-0.6204491,-9.940691,10.464329949800035,2.1712595,8.293070449800036,3.9505514498000345,0.8213456942979662,0.5987316980069493,7.174373686059474,7.002501824093403,8.226129375626005,1.0178288040179813,0.703125,0.6605951860594734,0.48872332409340213,1.7123508756260044,0.0,-1,0,0,0.0,0.0,0,0,0.0,0.0,1.0,0.07484146225086866,0.005120892915189717,0.005120892915189717,0.0,0.0,0.0,8.266666666666667,8.17142857142857,7.0310077519379846,0.06976744186046512
130,deposition,Fe,Fe,none,0,1.0,droplet_added:side_attach:anchor=609:cn=2,z,xy,706,576,130,0,130,625.7151529599812,0.8958597795954144,300.0,0.001,215.45543760153942,0.21545543760153943,-6051.334,-6042.8765,-6051.334,-8.05752,-5.4989257,0.8989171382659003,0.21545543760153943,0.21545543760153943,10,705,609,129,37,1.9375382858572952,19.18350323093986,3.87493712827278,6.404863903143261,1723.6435008123153,0.0,-0.6253559,-10.019306,10.464329949800035,2.1712595,8.293070449800036,3.9505514498000345,0.8213456942979662,0.6033730289992512,7.121562609626491,6.814496821085374,8.176476890470784,1.0317878303570602,0.71875,0.6077841096264898,0.3007183210853732,1.6626983904707835,0.0,-1,0,0,0.0,0.0,0,0,0.0,0.0,1.0,0.0754216286249064,0.004675262381742229,0.004675262381742229,0.0,0.0,0.0,8.266288951841359,8.17142857142857,7.023076923076923,0.06923076923076923
131,deposition,Fe,Fe,none,0,1.0,droplet_added:side_attach:anchor=666:cn=3,z,xy,707,576,131,0,131,630.3283115877153,4.6131586277341725,300.0,0.001,215.45543760153942,0.21545543760153943,-6059.5957,-6051.334,-6059.5957,-7.8617187,-6.33291,0.9999999656844664,0.21545543760153943,0.21545543760153943,14,706,666,130,23,1.9976729069492973,24.35880343955201,3.6585618524114416,5.052462927245207,1723.6435008123153,0.0,-0.63014907,-10.096102,10.464329949800035,2.1712595,8.293070449800036,3.9505514498000345,0.8213456942979662,0.6080143599915532,7.1104417095627,6.814496821085374,8.176476890470784,1.0432997370382806,0.71875,0.5966632095626991,0.3007183210853732,1.6626983904707835,0.0,-1,0,0,0.0,0.0,0,0,0.0,0.0,1.0,0.07600179499894415,0.004554680989028238,0.004554680989028238,0.0,0.0,0.0,8.268741159830268,8.17142857142857,7.022900763358779,0.07633587786259542
132,deposition,Fe,Fe,none,0,1.0,droplet_added:side_attach:anchor=632:cn=4,z,xy,708,576,132,0,132,642.1557545753757,11.827442987660334,300.0,0.001,215.45543760153942,0.21545543760153943,-6066.8135,-6059.5957,-6066.8135,-6.8177733,-6.488672,0.9998032080852732,0.21545543760153943,0.21545543760153943,15,707,632,131,36,2.0594092285739998,-0.37101571913563447,37.06113616313855,8.810939518764535,1723.6435008123153,0.0,-0.63433653,-10.163192,10.464329949800035,2.1712595,8.293070449800036,3.9505514498000345,0.811879124861946,0.6126556909838551,7.132562623903478,6.814496821085374,8.668794827947814,1.0701685100087337,0.71875,0.6187841239034775,0.3007183210853732,2.1550163279478127,0.0,-1,0,0,0.0,0.0,0,0,0.0,0.0,1.0,0.07658196137298189,0.004687758514420284,0.004687758514420284,0.0,0.0,0.0,8.268361581920903,8.11111111111111,7.03030303030303,0.08333333333333333
133,deposition,Fe,Fe,none,0,1.0,droplet_added:side_attach:anchor=642:cn=2,z,xy,709,576,133,0,133,642.4843271237556,0.3285725483799125,300.0,0.001,215.45543760153942,0.21545543760153943,-6073.4487,-6066.8135,-6073.4487,-6.235254,-5.6952147,0.9999863972580867,0.21545543760153943,0.21545543760153943,8,708,642,132,25,1.9882104299990635,23.75957564778833,28.644893492753503,6.505795106742544,1723.6435008123153,0.0,-0.6381861,-10.224869,10.464329949800035,2.1712595,8.293070449800036,3.9505514498000345,0.811879124861946,0.617297021976157,7.116135432745052,6.722874420789141,8.619983725607629,1.065174998324093,0.734375,0.6023569327450513,0.20909592078914052,2.106205225607628,0.0,-1,0,0,0.0,0.0,0,0,0.0,0.0,1.0,0.07716212774701962,0.004528999494323694,0.004528999494323694,0.0,0.0,0.0,8.259520451339915,8.11111111111111,6.992481203007519,0.09022556390977443
134,deposition,Fe,Fe,none,0,1.0,droplet_added:side_attach:anchor=690:cn=3,z,xy,710,576,134,0,134,650.0584495415577,7.574122417802085,300.0,0.001,215.45543760153942,0.21545543760153943,-6080.215,-6073.4487,-6080.215,-6.366113,-6.1249022,0.9731072167873784,0.21545543760153943,0.21545543760153943,7,709,690,133,29,2.2016037064048044,-11.541555474011332,35.52132972670652,7.188472494204994,1723.6435008123153,0.0,-0.6421116,-10.287763,10.464329949800035,2.1712595,8.293070449800036,3.9505514498000345,0.811879124861946,0.6219383529684589,7.12866036916018,6.748360913734666,8.619983725607629,1.0617519239782898,0.734375,0.614881869160179,0.23458241373466482,2.106205225607628,0.0,-1,0,0,0.0,0.0,0,0,0.0,0.0,1.0,0.07774229412105736,0.0045886706653744695,0.0045886706653744695,0.0,0.0,0.0,8.256338028169013,8.11111111111111,6.985074626865671,0.09701492537313433
135,deposition,Fe,Fe,none,0,1.0,droplet_added:side_attach:anchor=693:cn=4,z,xy,711,576,135,0,135,670.9668094258609,20.90835988430321,300.0,0.001,215.45543760153942,0.21545543760153943,-6088.6875,-6080.215,-6088.6875,-8.072657,-7.330957,1.0,0.21545543760153943,0.21545543760153943,14,710,693,134,30,2.0819710582886897,6.194728923383263,38.28051511773442,9.763559618287585,1723.6435008123153,0.0,-0.64702713,-10.366518,10.464329949800035,2.1712595,8.293070449800036,3.9505514498000345,0.8129459399722777,0.6265796839607609,7.127665258598263,6.748360913734666,8.619983725607629,1.0591759076561775,0.734375,0.6138867585982624,0.23458241373466482,2.106205225607628,0.0,-1,0,0,0.0,0.0,0,0,0.0,0.0,1.0,0.07832246049509511,0.004547309322950091,0.004547309322950091,0.0,0.0,0.0,8.255977496483826,8.135135135135135,6.992592592592593,0.0962962962962963
136,deposition,Fe,Fe,none,0,1.0,droplet_added:side_attach:anchor=683:cn=2,z,xy,712,576,136,0,136,672.240066057332,1.2732566314710652,300.0,0.001,215.45543760153942,0.21545543760153943,-6096.189,-6088.6875,-6096.189,-7.1014647,-6.280664,0.9999970131890197,0.21545543760153943,0.21545543760153943,8,711,683,135,28,2.277765640410843,19.92765512042028,33.66771333164853,6.114124067968376,1723.6435008123153,0.0,-0.6513792,-10.436246,10.464329949800035,2.1712595,8.293070449800036,3.9505514498000345,0.8129459399722777,0.6312210149530628,7.1213533873835395,6.748360913734666,8.619983725607629,1.059622393961245,0.734375,0.6075748873835387,0.23458241373466482,2.106205225607628,0.0,-1,0,0,0.0,0.0,0,0,0.0,0.0,1.0,0.07890262686913285,0.004467462407231902,0.004467462407231902,0.0,0.0,0.0,8.247191011235955,8.135135135135135,6.955882352941177,0.09558823529411764
137,deposition,Fe,Fe,none,0,1.0,droplet_added:side_attach:anchor=607:cn=4,z,xy,713,576,137,0,137,672.9645212058814,0.7244551485494458,300.0,0.001,215.45543760153942,0.21545543760153943,-6104.526,-6096.189,-6104.526,-7.936914,-6.405664,0.9999985084507402,0.21545543760153943,0.21545543760153943,14,712,607,136,31,1.9866494164249848,13.51440903870488,4.803401742023355,6.823676308545654,1723.6435008123153,0.0,-0.656216,-10.51374,10.464329949800035,2.1712595,8.293070449800036,3.9505514498000345,0.8156673038056227,0.6358623459453647,7.14745098228736,6.824800981438109,8.668794827947814,1.0549095222067062,0.71875,0.6336724822873592,0.3110224814381084,2.1550163279478127,0.0,-1,0,0,0.0,0.0,0,0,0.0,0.0,1.0,0.07948279324317059,0.004625346586039118,0.004625346586039118,0.0,0.0,0.0,8.249649368863954,8.135135135135135,6.956204379562044,0.0948905109489051
138,deposition,Fe,Fe,none,0,1.0,droplet_added:side_attach:anchor=681:cn=4,z,xy,714,576,138,0,138,683.4584544621821,10.493933256300688,300.0,0.001,215.45543760153942,0.21545543760153943,-6112.6235,-6104.526,-6112.6235,-7.697656,-6.7992187,0.9999999853323369,0.21545543760153943,0.21545543760153943,9,713,681,137,35,1.931672374314485,-9.541166787099126,37.51111770919802,4.947989367837016,1723.6435008123153,0.0,-0.660914,-10.58901,10.464329949800035,2.1712595,8.293070449800036,3.9505514498000345,0.8156673038056227,0.6405036769376666,7.144974013210833,6.824800981438109,8.668794827947814,1.0550905269569633,0.71875,0.631195513210832,0.3110224814381084,2.1550163279478127,0.0,-1,0,0,0.0,0.0,0,0,0.0,0.0,1.0,0.08006295961720833,0.0045738805305132755,0.0045738805305132755,0.0,0.0,0.0,8.249299719887954,8.135135135135135,6.963768115942029,0.08695652173913043
139,deposition,Fe,Fe,none,0,1.0,droplet_added:side_attach:anchor=655:cn=2,z,xy,715,576,139,0,139,693.3640140629165,9.9055596007344,300.0,0.001,215.45543760153942,0.21545543760153943,-6119.334,-6112.6235,-6119.334,-6.310449,-5.6058593,0.9040194917049037,0.21545543760153943,0.21545543760153943,6,714,655,138,29,2.268352293170263,6.350199834616201,3.3648663176094846,6.74413325067641,1723.6435008123153,0.0,-0.6648072,-10.651386,10.464329949800035,2.1712595,8.293070449800036,3.9505514498000345,0.8156673038056227,0.6451450079299687,7.141433982234596,6.901241049141553,8.619983725607629,1.0440819108322312,0.734375,0.6276554822345952,0.387462549141552,2.106205225607628,0.0,-1,0,0,0.0,0.0,0,0,0.0,0.0,1.0,0.08064312599124608,0.004515507066435937,0.004515507066435937,0.0,0.0,0.0,8.246153846153845,8.135135135135135,6.942446043165468,0.09352517985611511
140,deposition,Fe,Fe,none,0,1.0,droplet_added:side_attach:anchor=581:cn=9,z,xy,716,576,140,0,140,695.270699473467,1.9066854105505266,300.0,0.001,215.45543760153942,0.21545543760153943,-6128.6836,-6119.334,-6128.6836,-8.94961,-7.2958007,1.0,0.21545543760153943,0.21545543760153943,31,715,581,139,35,2.1619440745172978,13.703579358278592,31.495906894278082,4.771217408402704,1723.6435008123153,0.0,-0.6702315,-10.738293,10.464329949800035,2.1712595,8.293070449800036,3.9505514498000345,0.8164503660026711,0.6497863389222706,7.138458852587694,6.8912953813882245,8.619983725607629,1.0446019381370637,0.734375,0.6246803525876929,0.3775168813882237,2.106205225607628,0.0,-1,0,0,0.0,0.0,0,0,0.0,0.0,1.0,0.08122329236528382,0.004462002518483521,0.004462002518483521,0.0,0.0,0.0,8.27094972067039,8.18918918918919,7.007142857142857,0.09285714285714286
141,deposition,Fe,Fe,none,0,1.0,droplet_added:side_attach:anchor=624:cn=2,z,xy,717,576,141,0,141,698.2466753331173,2.975975859650348,300.0,0.001,215.45543760153942,0.21545543760153943,-6136.191,-6128.6836,-6136.191,-7.107324,-5.9759765,0.2860906674624853,0.21545543760153943,0.21545543760153943,12,716,624,140,38,2.09058229248732,32.969734078538124,11.806352431759137,5.354299742948653,1723.6435008123153,0.0,-0.674587,-10.808076,10.464329949800035,2.1712595,8.293070449800036,3.9505514498000345,0.8164503660026711,0.6544276699145725,7.083774177835122,6.819828147561445,8.571172623267445,1.1044109371874682,0.75,0.569995677835121,0.30604964756144426,2.0573941232674446,0.0,-1,0,0,0.0,0.0,0,0,0.0,0.0,1.0,0.08180345873932156,0.004042522537837738,0.004042522537837738,0.0,0.0,0.0,8.256624825662483,8.18918918918919,6.964539007092198,0.09219858156028368
142,deposition,Fe,Fe,none,0,1.0,droplet_added:side_attach:anchor=656:cn=3,z,xy,718,576,142,0,142,699.454546264615,1.2078709314977514,300.0,0.001,215.45543760153942,0.21545543760153943,-6144.658,-6136.191,-6144.658,-8.067286,-5.8666015,0.9999748813978411,0.21545543760153943,0.21545543760153943,7,717,656,141,33,1.8507564205046154,21.721499036118235,32.091087423392224,6.7851266367774805,1723.6435008123153,0.0,-0.67949945,-10.886782,10.464329949800035,2.1712595,8.293070449800036,3.9505514498000345,0.8164503660026711,0.6590690009068744,7.065067366817975,6.706796053229833,8.571172623267445,1.10896449183714,0.75,0.5512888668179743,0.19301755322983194,2.0573941232674446,0.0,-1,0,0,0.0,0.0,0,0,0.0,0.0,1.0,0.0823836251133593,0.003882315963506861,0.003882315963506861,0.0,0.0,0.0,8.267409470752089,8.18918918918919,7.0,0.09859154929577464
143,deposition,Fe,Fe,none,0,1.0,"C:grid_no_anchor_point:5,7",z,xy,719,576,143,0,143,700.2533457861325,0.7987995215174378,300.0,0.001,215.45543760153942,0.21545543760153943,-6152.9316,-6144.658,-6152.9316,-7.8734374,-6.2137694,0.8465867423431549,0.21545543760153943,0.21545543760153943,10,718,-1,64,115,2.426038277042526,11.219438862497174,34.563649092165406,10.905924822235352,1723.6435008123153,0.0,-0.6842994,-10.963685,10.442937367409057,2.1712595,8.271677867409057,3.929158867409056,0.8371474575898448,0.6637103318991763,7.067332333362259,6.706796053229833,8.571172623267445,1.1135594902241257,0.75,0.5535538333622583,0.19301755322983194,2.0573941232674446,0.0,-1,0,0,0.0,0.0,0,0,0.0,0.0,1.0,0.08296379148739703,0.0038710058277081,0.0038710058277081,0.0,0.0,0.0,8.26981919332406,8.205128205128204,7.020979020979021,0.0979020979020979
144,deposition,Fe,Fe,none,0,1.0,droplet_added:side_attach:anchor=715:cn=10,z,xy,720,576,144,0,144,705.8282815641793,5.574935778046828,300.0,0.001,215.45543760153942,0.21545543760153943,-6164.9243,-6152.9316,-6164.9243,-11.592676,-6.495996,0.868614037734828,0.21545543760153943,0.21545543760153943,34,719,715,143,33,1.8121148440828971,15.943756562759727,30.647985520191124,4.75250225052571,1723.6435008123153,0.0,-0.6912572,-11.075161,10.442937367409057,2.0009936176489913,8.441943749760066,3.929158867409056,0.8371474575898448,0.6683516628914783,7.070056538721004,6.706796053229833,8.571172623267445,1.1122395929228597,0.75,0.5562780387210031,0.19301755322983194,2.0573941232674446,0.0,-1,0,0,0.0,0.0,0,0,0.0,0.0,1.0,0.08354395786143479,0.0038630419355625218,0.0038630419355625218,0.0,0.0,0.0,8.291666666666666,8.205128205128204,7.076388888888889,0.09027777777777778
145,deposition,Fe,Fe,none,0,1.0,droplet_added:side_attach:anchor=658:cn=9,z,xy,721,576,145,0,145,712.5327234954981,6.70444193131881,300.0,0.001,215.45543760153942,0.21545543760153943,-6175.6953,-6164.9243,-6175.6953,-10.370996,-5.782129,0.9998550315488763,0.21545543760153943,0.21545543760153943,38,720,658,144,26,1.997903653491678,28.21828757829696,10.283886028924627,4.0530105266938055,1723.6435008123153,0.0,-0.6975061,-11.175281,10.442937367409057,1.9571551531872147,8.485782214221842,3.929158867409056,0.8371474575898448,0.6729929938837802,7.074357662960154,6.706796053229833,8.571172623267445,1.1096148320241583,0.75,0.5605791629601535,0.19301755322983194,2.0573941232674446,0.0,-1,0,0,0.0,0.0,0,0,0.0,0.0,1.0,0.08412412423547252,0.003866063192828645,0.003866063192828645,0.0,0.0,0.0,8.324549237170597,8.205128205128204,7.124137931034483,0.0896551724137931
146,deposition,Fe,Fe,none,0,1.0,droplet_added:side_attach:anchor=703:cn=4,z,xy,722,576,146,0,146,716.0356661112946,3.502942615796528,300.0,0.001,215.45543760153942,0.21545543760153943,-6184.1484,-6175.6953,-6184.1484,-8.053125,-6.407617,0.9981824469671574,0.21545543760153943,0.21545543760153943,11,721,703,145,38,1.9296922007067765,22.86956904130033,3.3676090262827207,6.536092295362978,1723.6435008123153,0.0,-0.70241034,-11.253855,10.442937367409057,1.9571551531872147,8.485782214221842,3.929158867409056,0.8371474575898448,0.6776343248760821,7.093791703123479,6.706796053229833,8.571172623267445,1.0924763191394817,0.75,0.5800132031234781,0.19301755322983194,2.0573941232674446,0.0,-1,0,0,0.0,0.0,0,0,0.0,0.0,1.0,0.08470429060951026,0.003972693172078617,0.003972693172078617,0.0,0.0,0.0,8.335180055401661,8.205128205128204,7.1506849315068495,0.0821917808219178
147,deposition,B,B,none,0,1.0,droplet_added:side_attach:anchor=680:cn=5,z,xy,723,576,147,0,147,719.1656392909713,3.1299731796766,300.0,0.001,215.45543760153942,0.21545543760153943,-6191.2954,-6184.1484,-6191.2954,-7.0469728,-6.1250978,0.9991191117906869,0.21545543760153943,0.21545543760153943,17,722,680,146,29,1.6786479422689167,32.18614621999105,6.0488925427468985,3.804021890688126,1723.6435008123153,0.0,-0.7065568,-11.320288,10.442937367409057,1.9571551531872147,8.485782214221842,3.929158867409056,0.8371474575898448,0.682275655868384,7.092511193971479,6.706796053229833,8.571172623267445,1.093466679148782,0.75,0.5787326939714781,0.19301755322983194,2.0573941232674446,0.0,-1,0,0,0.0,0.0,0,0,0.0,0.0,1.0,0.085284456983548,0.003936957101846789,0.003936957101846789,0.0,0.0,0.0,8.340248962655602,8.205128205128204,7.183673469387755,0.08163265306122448
148,deposition,Fe,Fe,none,0,1.0,droplet_added:side_attach:anchor=716:cn=2,z,xy,724,576,148,0,148,728.7061841100103,9.540544819039082,300.0,0.001,215.45543760153942,0.21545543760153943,-6201.6895,-6191.2954,-6201.6895,-9.994043,-6.2450194,0.9744492632652223,0.21545543760153943,0.21545543760153943,11,723,716,147,31,2.2011228962742386,31.961367740634465,13.535497351914106,4.430544987249284,1723.6435008123153,0.0,-0.71258706,-11.4169035,10.442937367409057,1.9571551531872147,8.485782214221842,3.929158867409056,0.8371474575898448,0.686916986860686,7.092641038609929,6.706796053229833,8.571172623267445,1.0931423449085669,0.75,0.5788625386099282,0.19301755322983194,2.0573941232674446,0.0,-1,0,0,0.0,0.0,0,0,0.0,0.0,1.0,0.08586462335758575,0.0039112333689860015,0.0039112333689860015,0.0,0.0,0.0,8.339779005524862,8.205128205128204,7.195945945945946,0.08783783783783784
149,deposition,Fe,Fe,none,0,1.0,droplet_added:side_attach:anchor=676:cn=7,z,xy,725,576,149,0,149,731.2690629007408,2.562878790730471,300.0,0.001,215.45543760153942,0.21545543760153943,-6211.929,-6201.6895,-6211.929,-9.839746,-7.1063476,0.9999999996064315,0.21545543760153943,0.21545543760153943,28,724,676,148,32,1.9626113674415715,-5.258122526194926,32.5302964181575,4.844707083645329,1723.6435008123153,0.0,-0.7185278,-11.512085,10.442937367409057,1.9571551531872147,8.485782214221842,3.929158867409056,0.8390400697998759,0.6915583178529879,7.090717790512215,6.706796053229833,8.571172623267445,1.091831187108392,0.75,0.5769392905122146,0.19301755322983194,2.0573941232674446,0.0,-1,0,0,0.0,0.0,0,0,0.0,0.0,1.0,0.08644478973162349,0.0038720757752497624,0.0038720757752497624,0.0,0.0,0.0,8.350344827586207,8.23076923076923,7.214765100671141,0.087248322147651
150,deposition,Fe,Fe,none,0,1.0,droplet_added:side_attach:anchor=701:cn=2,z,xy,726,576,150,0,150,737.0328072865726,5.763744385831807,300.0,0.001,215.45543760153942,0.21545543760153943,-6219.4316,-6211.929,-6219.4316,-7.1024413,-6.232324,0.34626855559487135,0.21545543760153943,0.21545543760153943,7,725,701,149,30,2.042721149448908,-11.617796945890369,37.65111285866327,5.135585256455635,1723.6435008123153,0.0,-0.7228805,-11.581822,10.442937367409057,1.9571551531872147,8.485782214221842,3.929158867409056,0.8390400697998759,0.6961996488452898,7.086845364668186,6.706796053229833,8.571172623267445,1.0924324462894346,0.75,0.5730668646681849,0.19301755322983194,2.0573941232674446,0.0,-1,0,0,0.0,0.0,0,0,0.0,0.0,1.0,0.08702495610566123,0.003820445764454566,0.003820445764454566,0.0,0.0,0.0,8.349862258953168,8.23076923076923,7.22,0.1
151,deposition,Fe,Fe,none,0,1.0,droplet_added:side_attach:anchor=724:cn=9,z,xy,727,576,151,0,151,747.2180404716341,10.185233185061515,300.0,0.001,215.45543760153942,0.21545543760153943,-6229.762,-6219.4316,-6229.762,-9.930567,-6.0736327,0.9999559652756635,0.21545543760153943,0.21545543760153943,32,726,724,150,31,1.803136209056591,-5.67200547218458,30.04476047916056,4.192879669000296,1723.6435008123153,0.0,-0.7288739,-11.677848,10.442937367409057,1.9571551531872147,8.485782214221842,3.929158867409056,0.8390400697998759,0.7008409798375917,7.086845364668186,6.706796053229833,8.571172623267445,1.0924324462894346,0.75,0.5730668646681849,0.19301755322983194,2.0573941232674446,0.0,-1,0,0,0.0,0.0,0,0,0.0,0.0,1.0,0.08760512247969897,0.003795144799127052,0.003795144799127052,0.0,0.0,0.0,8.379642365887207,8.23076923076923,7.258278145695364,0.09933774834437085
152,deposition,B,B,none,0,1.0,droplet_added:side_attach:anchor=724:cn=4,z,xy,728,576,152,0,152,748.1177065500598,0.8996660784256401,300.0,0.001,215.45543760153942,0.21545543760153943,-6236.964,-6229.762,-6236.964,-7.1016603,-5.5235353,0.9742181313533064,0.21545543760153943,0.21545543760153943,23,727,724,151,31,1.8655683887192405,-3.8690492750429666,34.358169744814965,3.831820136676036,1723.6435008123153,0.0,-0.7330521,-11.744789,10.442937367409057,1.9571551531872147,8.485782214221842,3.929158867409056,0.8342323339739455,0.7054823108298938,7.091168585432789,6.706796053229833,8.571172623267445,1.0950534582547515,0.75,0.5773900854327882,0.19301755322983194,2.0573941232674446,0.0,-1,0,0,0.0,0.0,0,0,0.0,0.0,1.0,0.08818528885373672,0.003798618983110449,0.003798618983110449,0.0,0.0,0.0,8.373626373626374,8.23076923076923,7.25,0.09868421052631579
153,deposition,Fe,Fe,none,0,1.0,droplet_added:side_attach:anchor=656:cn=2,z,xy,729,576,153,0,153,755.3470634898135,7.22935693975375,300.0,0.001,215.45543760153942,0.21545543760153943,-6245.9966,-6236.964,-6245.9966,-8.632715,-6.329492,0.9999952531751749,0.21545543760153943,0.21545543760153943,9,728,656,152,29,2.3186661483208746,21.425637977254027,33.023671195439576,6.47520426219086,1723.6435008123153,0.0,-0.7382926,-11.828752,10.442937367409057,1.9571551531872147,8.485782214221842,3.929158867409056,0.8342323339739455,0.7101236418221957,7.064256383818326,6.674481578645693,8.571172623267445,1.1192618170587227,0.75,0.5504778838183251,0.16070307864569244,2.0573941232674446,0.0,-1,0,0,0.0,0.0,0,0,0.0,0.0,1.0,0.08876545522777446,0.003597894665479249,0.003597894665479249,0.0,0.0,0.0,8.378600823045268,8.23076923076923,7.281045751633987,0.0915032679738562
154,deposition,Fe,Fe,none,0,1.0,"C:grid_no_anchor_point:7,5",z,xy,730,576,154,0,154,758.0994468758223,2.752383386008744,300.0,0.001,215.45543760153942,0.21545543760153943,-6253.437,-6245.9966,-6253.437,-7.0404296,-6.2362304,0.9999982537791237,0.21545543760153943,0.21545543760153943,9,729,-1,64,115,1.9542983170026258,24.078895782843055,26.188955021309223,8.048405289155566,1723.6435008123153,0.0,-0.74260926,-11.897912,10.442937367409057,1.9571551531872147,8.485782214221842,3.929158867409056,0.8318486466341706,0.7147649728144976,7.08147279229096,6.687224825118456,8.571172623267445,1.1258333444866588,0.75,0.5676942922909589,0.17344632511845504,2.0573941232674446,0.0,-1,0,0,0.0,0.0,0,0,0.0,0.0,1.0,0.0893456216018122,0.003686326573317915,0.003686326573317915,0.0,0.0,0.0,8.375342465753425,8.1,7.2727272727272725,0.09090909090909091
155,deposition,Fe,Fe,none,0,1.0,droplet_added:side_attach:anchor=726:cn=9,z,xy,731,576,155,0,155,766.9370189077425,8.837572031920272,300.0,0.001,215.45543760153942,0.21545543760153943,-6262.97,-6253.437,-6262.97,-9.1332035,-6.7835937,0.9999920954644336,0.21545543760153943,0.21545543760153943,32,730,726,154,26,1.9868772642272503,-2.5330925055067244,30.501266421688292,4.297356168535093,1723.6435008123153,0.0,-0.7481401,-11.9865265,10.442937367409057,1.9571551531872147,8.485782214221842,3.929158867409056,0.8326767514779436,0.7194063038067995,7.080822637418334,6.687224825118456,8.571172623267445,1.1255288279449385,0.75,0.5670441374183328,0.17344632511845504,2.0573941232674446,0.0,-1,0,0,0.0,0.0,0,0,0.0,0.0,1.0,0.08992578797584994,0.0036583492736666635,0.0036583492736666635,0.0,0.0,0.0,8.38030095759234,8.075,7.309677419354839,0.09032258064516129
156,deposition,B,B,none,0,1.0,droplet_added:side_attach:anchor=702:cn=3,z,xy,732,576,156,0,156,770.371124478382,3.4341055706394337,300.0,0.001,215.45543760153942,0.21545543760153943,-6268.9995,-6262.97,-6268.9995,-5.929297,-5.5376954,0.9998438856491202,0.21545543760153943,0.21545543760153943,15,731,702,155,29,1.9241482564854027,25.82095034592553,3.724807126058436,3.542986992526857,1723.6435008123153,0.0,-0.7516381,-12.04257,10.442937367409057,1.9571551531872147,8.485782214221842,3.929158867409056,0.8326767514779436,0.7240476347991014,7.081334750467192,6.6948392383531194,8.571172623267445,1.1264410198856794,0.75,0.5675562504671916,0.18106073835311864,2.0573941232674446,0.0,-1,0,0,0.0,0.0,0,0,0.0,0.0,1.0,0.09050595434988767,0.0036381810927384075,0.0036381810927384075,0.0,0.0,0.0,8.368852459016393,8.075,7.2756410256410255,0.08974358974358974
157,deposition,Fe,Fe,none,0,1.0,droplet_added:side_attach:anchor=701:cn=3,z,xy,733,576,157,0,157,777.3738122493002,7.002687770918221,300.0,0.001,215.45543760153942,0.21545543760153943,-6279.4995,-6268.9995,-6279.4995,-10.1,-6.603418,0.9876010039655588,0.21545543760153943,0.21545543760153943,13,732,701,156,43,2.0186334697045445,-10.434347478451466,33.32012232968349,4.711402837205913,1723.6435008123153,0.0,-0.7577298,-12.14017,10.442937367409057,1.9571551531872147,8.485782214221842,3.929158867409056,0.8341104922319993,0.7286889657914034,7.076394490620373,6.649158284729526,8.571172623267445,1.1266089939235493,0.75,0.5626159906203725,0.13537978472952528,2.0573941232674446,0.0,-1,0,0,0.0,0.0,0,0,0.0,0.0,1.0,0.09108612072392543,0.0035835413415310348,0.0035835413415310348,0.0,0.0,0.0,8.376534788540246,8.1,7.305732484076433,0.08917197452229299
158,deposition,Fe,Fe,none,0,1.0,droplet_added:side_attach:anchor=638:cn=4,z,xy,734,576,158,0,158,778.8723284451647,1.4985161958645667,300.0,0.001,215.45543760153942,0.21545543760153943,-6286.633,-6279.4995,-6286.633,-6.7333007,-6.047754,0.9999948267291331,0.21545543760153943,0.21545543760153943,12,733,638,157,33,1.9915612714066104,11.300245813537806,4.903827654540445,7.5941715383363215,1723.6435008123153,0.0,-0.76186836,-12.206477,10.442937367409057,1.9571551531872147,8.485782214221842,3.929158867409056,0.8355835135588776,0.7333302967837053,7.07614036592829,6.649158284729526,8.571172623267445,1.1269301388814648,0.75,0.5623618659282892,0.13537978472952528,2.0573941232674446,0.0,-1,0,0,0.0,0.0,0,0,0.0,0.0,1.0,0.09166628709796316,0.0035592523160018303,0.0035592523160018303,0.0,0.0,0.0,8.373297002724795,8.024390243902438,7.291139240506329,0.08860759493670886
159,deposition,Fe,Fe,none,0,1.0,droplet_added:side_attach:anchor=638:cn=5,z,xy,735,576,159,0,159,788.6367371282241,9.764408683059424,300.0,0.001,215.45543760153942,0.21545543760153943,-6295.205,-6286.633,-6295.205,-8.172266,-7.096582,0.9999999999999828,0.21545543760153943,0.21545543760153943,13,734,638,158,35,1.8714785653378248,9.27798854223796,4.98996407904661,7.75335934892909,1723.6435008123153,0.0,-0.76684165,-12.286158,10.442937367409057,1.9571551531872147,8.485782214221842,3.929158867409056,0.8323654153897738,0.7379716277760072,7.080837875029423,6.649158284729526,8.571172623267445,1.127555651412545,0.75,0.5670593750294222,0.13537978472952528,2.0573941232674446,0.0,-1,0,0,0.0,0.0,0,0,0.0,0.0,1.0,0.0922464534720009,0.0035664111637070577,0.0035664111637070577,0.0,0.0,0.0,8.372789115646258,8.073170731707316,7.30188679245283,0.08176100628930817
160,deposition,Fe,Fe,none,0,1.0,droplet_added:side_attach:anchor=715:cn=9,z,xy,736,576,160,0,160,814.8877182129838,26.250981084759726,300.0,0.001,215.45543760153942,0.21545543760153943,-6304.3154,-6295.205,-6304.3154,-8.710352,-7.0956054,0.9999999999999988,0.21545543760153943,0.21545543760153943,37,735,715,159,30,2.2138941988363676,11.491466721381453,31.436584067467738,4.869451715095244,1723.6435008123153,0.0,-0.7721272,-12.370842,10.442937367409057,1.9571551531872147,8.485782214221842,3.929158867409056,0.8323434999235126,0.7426129587683091,7.080456484400362,6.649158284729526,8.571172623267445,1.1277442803287,0.75,0.5666779844003615,0.13537978472952528,2.0573941232674446,0.0,-1,0,0,0.0,0.0,0,0,0.0,0.0,1.0,0.09282661984603864,0.0035417374025022595,0.0035417374025022595,0.0,0.0,0.0,8.383152173913043,8.048780487804878,7.325,0.08125
161,deposition,Fe,Fe,none,0,1.0,droplet_added:side_attach:anchor=660:cn=2,z,xy,737,576,161,0,161,815.1963735850317,0.3086553720478479,300.0,0.001,215.45543760153942,0.21545543760153943,-6312.8804,-6304.3154,-6312.8804,-8.164942,-5.9813476,0.9921014050334636,0.21545543760153943,0.21545543760153943,14,736,660,160,32,1.9469559994154508,25.381101678553904,2.9526088917059603,6.171832237197645,1723.6435008123153,0.0,-0.7770963,-12.450455,10.442937367409057,1.9571551531872147,8.485782214221842,3.929158867409056,0.8323434999235126,0.7472542897606111,7.08338565763369,6.643282795979021,8.571172623267445,1.124453777264971,0.75,0.5696071576336896,0.1295042959790198,2.0573941232674446,0.0,-1,0,0,0.0,0.0,0,0,0.0,0.0,1.0,0.0934067862200764,0.0035379326561098736,0.0035379326561098736,0.0,0.0,0.0,8.388059701492537,8.048780487804878,7.354037267080745,0.08074534161490683
162,deposition,Fe,Fe,none,0,1.0,droplet_added:side_attach:anchor=730:cn=7,z,xy,738,576,162,0,162,818.0792060898591,2.882832504827399,300.0,0.001,215.45543760153942,0.21545543760153943,-6323.325,-6312.8804,-6323.325,-10.044825,-8.152246,1.0,0.21545543760153943,0.21545543760153943,29,737,730,161,27,2.0160550583048695,0.180701876733373,32.31768765221749,3.725111536267952,1723.6435008123153,0.0,-0.78315604,-12.547544,10.442937367409057,1.9571551531872147,8.485782214221842,3.929158867409056,0.8354457734197891,0.751895620752913,7.08338565763369,6.643282795979021,8.571172623267445,1.124453777264971,0.75,0.5696071576336896,0.1295042959790198,2.0573941232674446,0.0,-1,0,0,0.0,0.0,0,0,0.0,0.0,1.0,0.09398695259411413,0.0035160935656400596,0.0035160935656400596,0.0,0.0,0.0,8.401084010840108,8.073170731707316,7.3765432098765435,0.08024691358024691
163,deposition,Fe,Fe,none,0,1.0,droplet_added:side_attach:anchor=737:cn=4,z,xy,739,576,163,0,163,819.1277019608856,1.048495871026467,300.0,0.001,215.45543760153942,0.21545543760153943,-6331.701,-6323.325,-6331.701,-7.9759765,-7.5233397,0.9999999999987236,0.21545543760153943,0.21545543760153943,19,738,737,162,28,2.115248911608746,-0.17846688837713032,34.52030678269444,3.500593322376206,1723.6435008123153,0.0,-0.7880155,-12.625401,10.442937367409057,1.9571551531872147,8.485782214221842,3.929158867409056,0.8382128662905001,0.756536951745215,7.08338565763369,6.643282795979021,8.571172623267445,1.124453777264971,0.75,0.5696071576336896,0.1295042959790198,2.0573941232674446,0.0,-1,0,0,0.0,0.0,0,0,0.0,0.0,1.0,0.09456711896815187,0.0034945224394704886,0.0034945224394704886,0.0,0.0,0.0,8.400541271989175,8.119047619047619,7.380368098159509,0.08588957055214724
164,deposition,Fe,Fe,none,0,1.0,droplet_added:side_attach:anchor=680:cn=3,z,xy,740,576,164,0,164,820.6914515355559,1.5637495746702563,300.0,0.001,215.45543760153942,0.21545543760153943,-6339.7046,-6331.701,-6339.7046,-7.603418,-6.3041015,0.6024022431045147,0.21545543760153943,0.21545543760153943,14,739,680,163,35,1.8756351497047192,31.103900547956385,4.228800060310424,3.8621212924400705,1723.6435008123153,0.0,-0.7926588,-12.699795,10.442937367409057,1.9571551531872147,8.485782214221842,3.929158867409056,0.8382128662905001,0.7611782827375169,7.08987723350878,6.643282795979021,8.571172623267445,1.115430213821372,0.75,0.576098733508779,0.1295042959790198,2.0573941232674446,0.0,-1,0,0,0.0,0.0,0,0,0.0,0.0,1.0,0.09514728534218961,0.0035127971555413357,0.0035127971555413357,0.0,0.0,0.0,8.41081081081081,8.119047619047619,7.408536585365853,0.09146341463414634
165,deposition,Fe,Fe,none,0,1.0,"C:grid_no_anchor_point:3,7",z,xy,741,576,165,0,165,827.9242489741151,7.232797438559213,300.0,0.001,215.45543760153942,0.21545543760153943,-6347.879,-6339.7046,-6347.879,-7.7743163,-7.051172,0.9999999269513036,0.21545543760153943,0.21545543760153943,16,740,-1,64,116,2.100540260674493,-1.5761999143767902,34.47382181663477,9.404830305713265,1723.6435008123153,0.0,-0.79740125,-12.775777,10.442937367409057,1.9571551531872147,8.485782214221842,3.929158867409056,0.8243869357788722,0.7658196137298189,7.101711813719255,6.643282795979021,8.684050670298666,1.1318546162922793,0.75,0.5879333137192546,0.1295042959790198,2.1702721702986647,0.0,-1,0,0,0.0,0.0,0,0,0.0,0.0,1.0,0.09572745171622736,0.003563232204359119,0.003563232204359119,0.0,0.0,0.0,8.399460188933872,7.976190476190476,7.363636363636363,0.08484848484848485
166,deposition,B,B,none,0,1.0,droplet_added:side_attach:anchor=737:cn=5,z,xy,742,576,166,0,166,828.589152074107,0.664903099991848,300.0,0.001,215.45543760153942,0.21545543760153943,-6355.064,-6347.879,-6355.064,-7.0850587,-5.7774415,0.9917132950506221,0.21545543760153943,0.21545543760153943,27,741,737,165,31,1.587697960840899,2.467052402530083,32.12370878315209,3.281696226384446,1723.6435008123153,0.0,-0.8015698,-12.842565,10.442937367409057,1.9571551531872147,8.485782214221842,3.929158867409056,0.8243869357788722,0.7704609447221208,7.101711813719255,6.643282795979021,8.684050670298666,1.1318546162922793,0.75,0.5879333137192546,0.1295042959790198,2.1702721702986647,0.0,-1,0,0,0.0,0.0,0,0,0.0,0.0,1.0,0.0963076180902651,0.0035417669501159915,0.0035417669501159915,0.0,0.0,0.0,8.39622641509434,7.880952380952381,7.325301204819277,0.08433734939759036
167,deposition,Fe,Fe,none,0,1.0,"C:grid_no_anchor_point:6,7",z,xy,743,576,167,0,167,841.5458884900438,12.95673641593679,300.0,0.001,215.45543760153942,0.21545543760153943,-6363.359,-6355.064,-6363.359,-7.894922,-6.910547,0.9999934558939444,0.21545543760153943,0.21545543760153943,12,742,-1,64,119,2.4460316466757375,12.936342806184303,38.09150996637434,8.318688168954242,1723.6435008123153,0.0,-0.80638224,-12.919668,10.442937367409057,1.9571551531872147,8.485782214221842,3.929158867409056,0.8295735044401641,0.7751022757144227,7.116117858993985,6.643282795979021,8.684050670298666,1.1334842035609638,0.75,0.6023393589939845,0.1295042959790198,2.1702721702986647,0.0,-1,0,0,0.0,0.0,0,0,0.0,0.0,1.0,0.09688778446430284,0.003606822508946015,0.003606822508946015,0.0,0.0,0.0,8.398384925975774,7.837209302325581,7.341317365269461,0.08383233532934131
168,deposition,Fe,Fe,none,0,1.0,droplet_added:side_attach:anchor=741:cn=5,z,xy,744,576,168,0,168,844.0731042694822,2.5272157794384067,300.0,0.001,215.45543760153942,0.21545543760153943,-6373.1914,-6363.359,-6373.1914,-9.43252,-7.1966796,0.9999999999999942,0.21545543760153943,0.21545543760153943,23,743,741,167,34,2.0542801352264686,4.618718471262913,32.894439210220206,3.4214687171064493,1723.6435008123153,0.0,-0.8120867,-13.011064,10.442937367409057,1.9571551531872147,8.485782214221842,3.929158867409056,0.8295041896680005,0.7797436067067246,7.116117858993985,6.643282795979021,8.684050670298666,1.1334842035609638,0.75,0.6023393589939845,0.1295042959790198,2.1702721702986647,0.0,-1,0,0,0.0,0.0,0,0,0.0,0.0,1.0,0.09746795083834058,0.0035853533273451457,0.0035853533273451457,0.0,0.0,0.0,8.400537634408602,7.8604651162790695,7.351190476190476,0.08928571428571429
169,deposition,Fe,Fe,none,0,1.0,droplet_added:side_attach:anchor=599:cn=2,z,xy,745,576,169,0,169,852.8687523231879,8.795648053705722,300.0,0.001,215.45543760153942,0.21545543760153943,-6380.3906,-6373.1914,-6380.3906,-6.7992187,-6.0404296,0.4018574331528919,0.21545543760153943,0.21545543760153943,10,744,599,168,24,2.0029144938486514,30.223417507930176,2.821433921424262,5.554882123788347,1723.6435008123153,0.0,-0.8162635,-13.077983,10.442937367409057,1.9571551531872147,8.485782214221842,3.929158867409056,0.8295041896680005,0.7843849376990266,7.111975980174307,6.643282795979021,8.684050670298666,1.1390532363713732,0.75,0.5981974801743064,0.1295042959790198,2.1702721702986647,0.0,-1,0,0,0.0,0.0,0,0,0.0,0.0,1.0,0.09804811721237833,0.0035396300602029964,0.0035396300602029964,0.0,0.0,0.0,8.39731543624161,7.8604651162790695,7.349112426035503,0.08284023668639054
170,deposition,Fe,Fe,none,0,1.0,droplet_added:side_attach:anchor=741:cn=5,z,xy,746,576,170,0,170,856.8688734346684,4.000121111480571,300.0,0.001,215.45543760153942,0.21545543760153943,-6389.356,-6380.3906,-6389.356,-8.565332,-7.053613,1.0,0.21545543760153943,0.21545543760153943,23,745,741,169,36,1.7959514168844617,2.5945605853462403,33.994968978855816,3.7206783711136096,1723.6435008123153,0.0,-0.82146484,-13.161318,10.442937367409057,1.9571551531872147,8.485782214221842,3.929158867409056,0.8341135730981707,0.7890262686913285,7.111975980174307,6.643282795979021,8.684050670298666,1.1390532363713732,0.75,0.5981974801743064,0.1295042959790198,2.1702721702986647,0.0,-1,0,0,0.0,0.0,0,0,0.0,0.0,1.0,0.09862828358641607,0.0035188087069076847,0.0035188087069076847,0.0,0.0,0.0,8.412868632707776,7.976744186046512,7.41764705882353,0.08235294117647059
171,deposition,Fe,Fe,none,0,1.0,droplet_added:side_attach:anchor=689:cn=4,z,xy,747,576,171,0,171,862.0636614096373,5.194787974968924,300.0,0.001,215.45543760153942,0.21545543760153943,-6396.872,-6389.356,-6396.872,-7.116113,-6.455957,0.999605831150185,0.21545543760153943,0.21545543760153943,14,746,689,170,31,2.037202033252038,10.100906504173292,30.937348549898854,10.47869385501923,1723.6435008123153,0.0,-0.82582545,-13.231183,10.719209113497774,1.9571551531872147,8.76205396031056,4.205430613497773,0.8333668594331263,0.7936675996836304,7.118956703355484,6.643282795979021,8.684050670298666,1.158701151683284,0.75,0.6051782033554831,0.1295042959790198,2.1702721702986647,0.0,-1,0,0,0.0,0.0,0,0,0.0,0.0,1.0,0.0992084499604538,0.003539053820792299,0.003539053820792299,0.0,0.0,0.0,8.417670682730924,7.696969696969697,7.444444444444445,0.08771929824561403
172,deposition,Fe,Fe,none,0,1.0,droplet_added:side_attach:anchor=743:cn=1,z,xy,748,576,172,0,172,869.9213748882037,7.857713478566329,300.0,0.001,215.45543760153942,0.21545543760153943,-6406.0034,-6396.872,-6406.0034,-8.731348,-6.060449,0.9942688121720146,0.21545543760153943,0.21545543760153943,18,747,743,171,39,2.4460791177470553,6.482382538055308,34.39690981101164,3.1722929350721847,1723.6435008123153,0.0,-0.8311232,-13.316062,10.719209113497774,1.9571551531872147,8.76205396031056,4.205430613497773,0.8333668594331263,0.7983089306759323,7.118956703355484,6.643282795979021,8.684050670298666,1.158701151683284,0.75,0.6051782033554831,0.1295042959790198,2.1702721702986647,0.0,-1,0,0,0.0,0.0,0,0,0.0,0.0,1.0,0.09978861633449154,0.003518477926485367,0.003518477926485367,0.0,0.0,0.0,8.43048128342246,7.696969696969697,7.505813953488372,0.08139534883720931
173,deposition,Fe,Fe,none,0,1.0,droplet_added:side_attach:anchor=705:cn=2,z,xy,749,576,173,0,173,872.8610793123171,2.939704424113371,300.0,0.001,215.45543760153942,0.21545543760153943,-6413.3745,-6406.0034,-6413.3745,-6.9710937,-5.841211,0.9893660624789656,0.21545543760153943,0.21545543760153943,9,748,705,172,26,2.43562803909571,20.493153635682482,2.6133172652479155,5.594085576080534,1723.6435008123153,0.0,-0.8353996,-13.384578,10.719209113497774,1.9571551531872147,8.76205396031056,4.205430613497773,0.8333668594331263,0.8029502616682342,7.1217833154191785,6.687139286598985,8.684050670298666,1.1575431414258244,0.75,0.6080048154191777,0.1733607865989839,2.1702721702986647,0.0,-1,0,0,0.0,0.0,0,0,0.0,0.0,1.0,0.10036878270852928,0.003514478701844958,0.003514478701844958,0.0,0.0,0.0,8.440587449933245,7.696969696969697,7.543352601156069,0.08670520231213873
174,deposition,Fe,Fe,none,0,1.0,"C:grid_no_anchor_point:3,7",z,xy,750,576,174,0,174,874.8907921699337,2.0297128576165826,300.0,0.001,215.45543760153942,0.21545543760153943,-6420.979,-6413.3745,-6420.979,-7.204492,-6.4588866,0.9999999999992162,0.21545543760153943,0.21545543760153943,14,749,-1,64,116,2.138541026050394,1.1597835184429464,34.843324822506446,10.469184142336967,1723.6435008123153,0.0,-0.8398115,-13.455264,10.719209113497774,1.9571551531872147,8.76205396031056,4.205430613497773,0.8615460858105309,0.8075915926605363,7.136806957487589,6.687139286598985,8.732180217760003,1.189805354448333,0.75,0.623028457487588,0.1733607865989839,2.2184017177600026,0.0,-1,0,0,0.0,0.0,0,0,0.0,0.0,1.0,0.10094894908256703,0.0035806233188941834,0.0035806233188941834,0.0,0.0,0.0,8.44,7.914285714285715,7.545977011494253,0.08620689655172414
175,deposition,Fe,Fe,none,0,1.0,droplet_added:side_attach:anchor=703:cn=9,z,xy,751,576,175,0,175,875.6982572724182,0.8074651024845872,300.0,0.001,215.45543760153942,0.21545543760153943,-6429.595,-6420.979,-6429.595,-8.216211,-6.773828,0.9999999999999986,0.21545543760153943,0.21545543760153943,21,750,703,174,40,1.701009288687059,19.963742082936047,6.426419484035829,6.791670134001318,1723.6435008123153,0.0,-0.8448103,-13.535354,10.719209113497774,1.9571551531872147,8.76205396031056,4.205430613497773,0.8615460858105309,0.8122329236528382,7.139801189510845,6.7375310926185055,8.732180217760003,1.1886630218954906,0.75,0.6260226895108438,0.22375259261850466,2.2184017177600026,0.0,-1,0,0,0.0,0.0,0,0,0.0,0.0,1.0,0.10152911545660477,0.0035772725114905364,0.0035772725114905364,0.0,0.0,0.0,8.44474034620506,7.914285714285715,7.56,0.08571428571428572
176,deposition,Fe,Fe,none,0,1.0,droplet_added:side_attach:anchor=737:cn=6,z,xy,752,576,176,0,176,888.459347873479,12.761090601060843,300.0,0.001,215.45543760153942,0.21545543760153943,-6438.589,-6429.595,-6438.589,-8.593653,-6.673242,0.6844692026537936,0.21545543760153943,0.21545543760153943,23,751,737,175,31,1.8990385578545002,-1.5337905893136927,34.270950923202676,3.1672270262872475,1723.6435008123153,0.0,-0.85002816,-13.618953,10.719209113497774,1.9571551531872147,8.76205396031056,4.205430613497773,0.8615460858105309,0.8168742546451401,7.139801189510845,6.7375310926185055,8.732180217760003,1.1886630218954906,0.75,0.6260226895108438,0.22375259261850466,2.2184017177600026,0.0,-1,0,0,0.0,0.0,0,0,0.0,0.0,1.0,0.10210928183064251,0.003556947099493431,0.003556947099493431,0.0,0.0,0.0,8.441489361702128,7.885714285714286,7.551136363636363,0.08522727272727272
177,deposition,Fe,Fe,none,0,1.0,droplet_added:side_attach:anchor=739:cn=3,z,xy,753,576,177,0,177,890.716745943206,2.257398069726971,300.0,0.001,215.45543760153942,0.21545543760153943,-6446.064,-6438.589,-6446.064,-7.0750976,-6.2625976,0.9999999998841952,0.21545543760153943,0.21545543760153943,9,752,739,176,32,2.1991961630216004,31.914391625884644,3.026929702046119,3.7529033429580867,1723.6435008123153,0.0,-0.85436493,-13.688436,10.719209113497774,1.9571551531872147,8.76205396031056,4.205430613497773,0.8615460858105309,0.821515585637442,7.071609475521762,6.726701271502344,8.62969991725563,1.2661456247143281,0.765625,0.5578309755217612,0.21292277150234362,2.1159214172556293,0.0,-1,0,0,0.0,0.0,0,0,0.0,0.0,1.0,0.10268944820468025,0.0031515874323263344,0.0031515874323263344,0.0,0.0,0.0,8.44355909694555,7.885714285714286,7.559322033898305,0.096045197740113
178,deposition,Fe,Fe,none,0,1.0,droplet_added:side_attach:anchor=731:cn=5,z,xy,754,576,178,0,178,894.2314640296606,3.5147180864546814,300.0,0.001,215.45543760153942,0.21545543760153943,-6454.791,-6446.064,-6454.791,-8.327051,-7.516992,0.9999999999995036,0.21545543760153943,0.21545543760153943,15,753,731,177,34,2.2090898197483595,28.23313126253164,2.8032133916022905,3.5963199670365387,1723.6435008123153,0.0,-0.85942805,-13.769556,10.719209113497774,1.9571551531872147,8.76205396031056,4.205430613497773,0.8615460858105309,0.826156916629744,7.073420138573662,6.726701271502344,8.62969991725563,1.2666279084907706,0.765625,0.5596416385736616,0.21292277150234362,2.1159214172556293,0.0,-1,0,0,0.0,0.0,0,0,0.0,0.0,1.0,0.103269614578718,0.0031440541492902337,0.0031440541492902337,0.0,0.0,0.0,8.445623342175066,7.885714285714286,7.578651685393258,0.08426966292134831
179,deposition,Fe,Fe,none,0,1.0,droplet_added:side_attach:anchor=743:cn=3,z,xy,755,576,179,0,179,903.0424552387924,8.81099120913176,300.0,0.001,215.45543760153942,0.21545543760153943,-6464.446,-6454.791,-6464.446,-9.254786,-7.5936522,1.0,0.21545543760153943,0.21545543760153943,21,754,743,178,44,2.31940200955396,7.312734024019562,33.20303695373419,3.294612170135772,1723.6435008123153,0.0,-0.86502945,-13.8593,10.719209113497774,1.9571551531872147,8.76205396031056,4.205430613497773,0.8615460858105309,0.8307982476220459,7.073420138573662,6.726701271502344,8.62969991725563,1.2666279084907706,0.765625,0.5596416385736616,0.21292277150234362,2.1159214172556293,0.0,-1,0,0,0.0,0.0,0,0,0.0,0.0,1.0,0.10384978095275574,0.0031264896009701765,0.0031264896009701765,0.0,0.0,0.0,8.44503311258278,7.857142857142857,7.575418994413408,0.08379888268156424
180,deposition,Fe,Fe,none,0,1.0,droplet_added:side_attach:anchor=718:cn=2,z,xy,756,576,180,0,180,907.1744780875684,4.132022848776062,300.0,0.001,215.45543760153942,0.21545543760153943,-6472.6934,-6464.446,-6472.6934,-7.8475585,-6.4027343,0.9999999998857082,0.21545543760153943,0.21545543760153943,14,755,718,179,21,2.1733755826889642,13.889023674989541,34.60022787382488,9.631691110024603,1723.6435008123153,0.0,-0.8698144,-13.935964,10.719209113497774,1.9571551531872147,8.76205396031056,4.205430613497773,0.8520524277683686,0.8354395786143478,7.100947010397352,6.726701271502344,9.017415348290283,1.2920998626391123,0.765625,0.5871685103973512,0.21292277150234362,2.5036368482902827,0.0,-1,0,0,0.0,0.0,0,0,0.0,0.0,1.0,0.10442994732679348,0.003262047279985284,0.003262047279985284,0.0,0.0,0.0,8.444444444444445,7.833333333333333,7.5777777777777775,0.08333333333333333
181,deposition,Fe,Fe,none,0,1.0,"C:grid_no_anchor_point:2,7",z,xy,757,576,181,0,181,907.9130028579339,0.7385247703654213,300.0,0.001,215.45543760153942,0.21545543760153943,-6480.1504,-6472.6934,-6480.1504,-7.057031,-6.4725585,0.9925354156720583,0.21545543760153943,0.21545543760153943,12,756,-1,64,116,2.4555213240861664,-8.851408604329801,34.93819870586384,9.054274917135352,1723.6435008123153,0.0,-0.87414074,-14.005279,10.719209113497774,1.9571551531872147,8.76205396031056,4.205430613497773,0.842057202814801,0.8400809096066497,7.140153476441514,6.748360913734666,9.017415348290283,1.307271297714288,0.765625,0.6263749764415136,0.23458241373466482,2.5036368482902827,0.0,-1,0,0,0.0,0.0,0,0,0.0,0.0,1.0,0.10501011370083121,0.003460635228958639,0.003460635228958639,0.0,0.0,0.0,8.449141347424042,7.783783783783784,7.602209944751381,0.07734806629834254
182,deposition,Fe,Fe,none,0,1.0,droplet_added:side_attach:anchor=668:cn=4,z,xy,758,576,182,0,182,910.5648706062497,2.651867748315821,300.0,0.001,215.45543760153942,0.21545543760153943,-6487.8354,-6480.1504,-6487.8354,-7.2850585,-6.567285,0.99999999999995,0.21545543760153943,0.21545543760153943,12,757,668,181,25,1.931447723834072,10.878033110696055,3.9822501108899955,5.649335162817397,1723.6435008123153,0.0,-0.87859935,-14.076714,10.719209113497774,1.9571551531872147,8.76205396031056,4.205430613497773,0.842057202814801,0.8447222405989517,7.112194882877208,6.7375310926185055,8.964106305964206,1.3061686367448637,0.78125,0.5984163828772076,0.22375259261850466,2.4503278059642053,0.0,-1,0,0,0.0,0.0,0,0,0.0,0.0,1.0,0.10559028007486897,0.0032880021037209207,0.0032880021037209207,0.0,0.0,0.0,8.453825857519789,7.783783783783784,7.615384615384615,0.08791208791208792
183,deposition,Fe,Fe,none,0,1.0,droplet_added:side_attach:anchor=723:cn=7,z,xy,759,576,183,0,183,918.6098958672628,8.04502526101312,300.0,0.001,215.45543760153942,0.21545543760153943,-6499.102,-6487.8354,-6499.102,-10.866602,-7.1478515,1.0,0.21545543760153943,0.21545543760153943,26,758,723,182,22,1.641556427568546,28.273765860351027,14.4487565500358,3.7362958066782075,1723.6435008123153,0.0,-0.8851358,-14.181439,10.719209113497774,2.0009936176489913,8.718215495848783,4.205430613497773,0.842057202814801,0.8493635715912536,7.110253932157285,6.7375310926185055,8.964106305964206,1.307090755527949,0.78125,0.596475432157284,0.22375259261850466,2.4503278059642053,0.0,-1,0,0,0.0,0.0,0,0,0.0,0.0,1.0,0.1061704464489067,0.00325942859102341,0.00325942859102341,0.0,0.0,0.0,8.455862977602107,7.783783783783784,7.590163934426229,0.08743169398907104
184,deposition,Fe,Fe,none,0,1.0,droplet_added:side_attach:anchor=602:cn=2,z,xy,760,576,184,0,184,931.2667601293791,12.656864262116306,300.0,0.001,215.45543760153942,0.21545543760153943,-6505.103,-6499.102,-6505.103,-5.6009765,-5.4813476,0.6552320041011651,0.21545543760153943,0.21545543760153943,10,759,602,183,31,2.1831923413551966,-2.5993350852536214,11.290999295250781,6.844267270787377,1723.6435008123153,0.0,-0.8886174,-14.237221,10.719209113497774,2.0009936176489913,8.718215495848783,4.205430613497773,0.842057202814801,0.8540049025835555,7.100944742582307,6.726701271502344,8.91079726363813,1.296166643621335,0.796875,0.5871662425823061,0.21292277150234362,2.3970187636381297,0.0,-1,0,0,0.0,0.0,0,0,0.0,0.0,1.0,0.10675061282294444,0.0031911208835994896,0.0031911208835994896,0.0,0.0,0.0,8.45,7.783783783783784,7.570652173913044,0.08695652173913043
185,deposition,Fe,Fe,none,0,1.0,droplet_added:side_attach:anchor=721:cn=3,z,xy,761,576,185,0,185,933.4935675435414,2.2268074141622947,300.0,0.001,215.45543760153942,0.21545543760153943,-6513.0894,-6505.103,-6513.0894,-7.586328,-6.5560546,0.9997762949228567,0.21545543760153943,0.21545543760153943,13,760,721,184,33,2.0196810551590625,24.4167755609555,2.7957396802879866,6.87578662121581,1723.6435008123153,0.0,-0.8932508,-14.311457,10.719209113497774,2.0009936176489913,8.718215495848783,4.205430613497773,0.842057202814801,0.8586462335758575,7.1083205958778555,6.726701271502344,8.91079726363813,1.2952200373707743,0.796875,0.5945420958778547,0.21292277150234362,2.3970187636381297,0.0,-1,0,0,0.0,0.0,0,0,0.0,0.0,1.0,0.10733077919698218,0.0032137410587992146,0.0032137410587992146,0.0,0.0,0.0,8.449408672798949,7.783783783783784,7.572972972972973,0.08108108108108109
186,deposition,B,B,none,0,1.0,droplet_added:side_attach:anchor=704:cn=6,z,xy,762,576,186,0,186,938.4291063651216,4.935538821580135,300.0,0.001,215.45543760153942,0.21545543760153943,-6520.418,-6513.0894,-6520.418,-7.2286134,-6.3453126,0.9999999999999845,0.21545543760153943,0.21545543760153943,24,761,704,185,29,1.7787896264171816,1.9966172245176814,33.64222078557421,9.333616038989085,1723.6435008123153,0.0,-0.8975026,-14.379578,10.719209113497774,2.0009936176489913,8.718215495848783,4.205430613497773,0.8404663957114862,0.8632875645681594,7.12126523870666,6.726701271502344,8.978726197457997,1.3131450185346638,0.796875,0.6074867387066591,0.21292277150234362,2.464947697457996,0.0,-1,0,0,0.0,0.0,0,0,0.0,0.0,1.0,0.10791094557101992,0.0032660577349820385,0.0032660577349820385,0.0,0.0,0.0,8.456692913385826,7.82051282051282,7.612903225806452,0.08064516129032258
187,deposition,Fe,Fe,none,0,1.0,droplet_added:side_attach:anchor=675:cn=2,z,xy,763,576,187,0,187,940.9642264727104,2.535120107588773,300.0,0.001,215.45543760153942,0.21545543760153943,-6528.387,-6520.418,-6528.387,-7.569238,-5.7435546,0.9999999986760554,0.21545543760153943,0.21545543760153943,9,762,675,186,28,1.9366867338294669,23.581089372133572,31.174452800761994,5.3714730053301,1723.6435008123153,0.0,-0.90212613,-14.453654,10.719209113497774,2.0009936176489913,8.718215495848783,4.205430613497773,0.8404663957114862,0.8679288955604614,7.143356348188633,6.748360913734666,8.978726197457997,1.2961398369605135,0.796875,0.6295778481886325,0.23458241373466482,2.464947697457996,0.0,-1,0,0,0.0,0.0,0,0,0.0,0.0,1.0,0.10849111194505767,0.003366726460901778,0.003366726460901778,0.0,0.0,0.0,8.456094364351245,7.82051282051282,7.614973262032086,0.0855614973262032
188,deposition,Fe,Fe,none,0,1.0,droplet_added:side_attach:anchor=711:cn=2,z,xy,764,576,188,0,188,943.8599847611588,2.8957582884483823,300.0,0.001,215.45543760153942,0.21545543760153943,-6536.716,-6528.387,-6536.716,-7.928613,-6.0526366,0.9999841006014794,0.21545543760153943,0.21545543760153943,8,763,711,187,38,2.3529059813111095,18.980859596211857,34.85757727522155,5.24957659733611,1723.6435008123153,0.0,-0.9069581,-14.531071,10.719209113497774,2.0009936176489913,8.718215495848783,4.205430613497773,0.8404663957114862,0.8725702265527633,7.143356348188633,6.748360913734666,8.978726197457997,1.2961398369605135,0.796875,0.6295778481886325,0.23458241373466482,2.464947697457996,0.0,-1,0,0,0.0,0.0,0,0,0.0,0.0,1.0,0.10907127831909541,0.0033488183414288964,0.0033488183414288964,0.0,0.0,0.0,8.458115183246074,7.82051282051282,7.632978723404255,0.0851063829787234
189,deposition,Fe,Fe,none,0,1.0,"C:grid_anchor:6,6",z,xy,765,576,189,0,189,943.9997368982049,0.1397521370461432,300.0,0.001,215.45543760153942,0.21545543760153943,-6544.553,-6536.716,-6544.553,-7.4374022,-6.167871,0.9996992134599797,0.21545543760153943,0.21545543760153943,14,764,574,64,118,2.2789033211340284,18.627038628924446,32.17353193228996,7.871016268403409,1723.6435008123153,0.0,-0.9115051,-14.603922,10.719209113497774,2.0009936176489913,8.718215495848783,4.205430613497773,0.8404663957114862,0.8772115575450652,7.15259639024807,6.792885997817061,8.978726197457997,1.293579134365791,0.796875,0.6388178902480695,0.27910749781706023,2.464947697457996,0.0,-1,0,0,0.0,0.0,0,0,0.0,0.0,1.0,0.10965144469313315,0.003379988837291373,0.003379988837291373,0.0,0.0,0.0,8.46797385620915,7.82051282051282,7.656084656084656,0.07936507936507936
190,deposition,Fe,Fe,none,0,1.0,droplet_added:side_attach:anchor=609:cn=7,z,xy,766,576,190,0,190,950.7794185025891,6.779681604384193,300.0,0.001,215.45543760153942,0.21545543760153943,-6555.4,-6544.553,-6555.4,-10.44668,-6.695703,0.9999999998267228,0.21545543760153943,0.21545543760153943,27,765,609,189,27,1.8618432378751646,17.652543483357242,6.357458063977148,3.8834129199389165,1723.6435008123153,0.0,-0.917798,-14.704745,10.719209113497774,2.0009936176489913,8.718215495848783,4.205430613497773,0.8404663957114862,0.8818528885373671,7.143338932124624,6.748360913734666,8.978726197457997,1.2960739001412096,0.796875,0.6295604321246229,0.23458241373466482,2.464947697457996,0.0,-1,0,0,0.0,0.0,0,0,0.0,0.0,1.0,0.11023161106717089,0.0033134759585506466,0.0033134759585506466,0.0,0.0,0.0,8.483028720626631,7.82051282051282,7.684210526315789,0.07368421052631578
191,deposition,Fe,Fe,none,0,1.0,droplet_added:side_attach:anchor=691:cn=7,z,xy,767,576,191,0,191,955.7478453416401,4.968426839050977,300.0,0.001,215.45543760153942,0.21545543760153943,-6563.065,-6555.4,-6563.065,-7.265039,-6.33291,0.9999999799574553,0.21545543760153943,0.21545543760153943,28,766,691,190,45,1.7709712390392724,12.670091875217135,31.00232837754739,8.136496069208157,1723.6435008123153,0.0,-0.92224497,-14.775993,10.719209113497774,2.0009936176489913,8.718215495848783,4.205430613497773,0.8257562552107564,0.8864942195296691,7.164677316378199,6.748360913734666,8.978726197457997,1.341549168137346,0.796875,0.6508988163781986,0.23458241373466482,2.464947697457996,0.0,-1,0,0,0.0,0.0,0,0,0.0,0.0,1.0,0.11081177744120864,0.003407847206168579,0.003407847206168579,0.0,0.0,0.0,8.498044328552803,7.95,7.727748691099476,0.06806282722513089
192,deposition,Fe,Fe,none,0,1.0,droplet_added:side_attach:anchor=719:cn=11,z,xy,768,576,192,0,192,970.7442565271584,14.996411185518324,300.0,0.001,215.45543760153942,0.21545543760153943,-6570.0215,-6563.065,-6570.0215,-6.556543,-6.0643554,0.9999593621553906,0.21545543760153943,0.21545543760153943,39,767,719,191,29,2.1091587957699645,16.45063616877487,29.432096384212674,4.173855940751005,1723.6435008123153,0.0,-0.9262809,-14.840656,10.719209113497774,1.9844659227142702,8.734743190783504,4.205430613497773,0.8257562552107564,0.891135550521971,7.164677316378199,6.748360913734666,8.978726197457997,1.341549168137346,0.796875,0.6508988163781986,0.23458241373466482,2.464947697457996,0.0,-1,0,0,0.0,0.0,0,0,0.0,0.0,1.0,0.11139194381524638,0.0033900980019697844,0.0033900980019697844,0.0,0.0,0.0,8.497395833333334,7.95,7.729166666666667,0.06770833333333333
193,deposition,B,B,none,0,1.0,droplet_added:side_attach:anchor=747:cn=6,z,xy,769,576,193,0,193,971.7912606238879,1.0470040967294876,300.0,0.001,215.45543760153942,0.21545543760153943,-6577.4385,-6570.0215,-6577.4385,-7.3169923,-5.930762,0.9999946419344132,0.21545543760153943,0.21545543760153943,27,768,747,192,26,1.6950431186039898,6.6990647861441985,34.00730997258495,4.220533985726544,1723.6435008123153,0.0,-0.930584,-14.9096,10.719209113497774,1.9844659227142702,8.734743190783504,4.205430613497773,0.828205611548277,0.8957768815142729,7.164677316378199,6.748360913734666,8.978726197457997,1.341549168137346,0.796875,0.6508988163781986,0.23458241373466482,2.464947697457996,0.0,-1,0,0,0.0,0.0,0,0,0.0,0.0,1.0,0.11197211018928412,0.003372532727348179,0.003372532727348179,0.0,0.0,0.0,8.491547464239272,7.9,7.709844559585492,0.06735751295336788
194,deposition,Fe,Fe,none,0,1.0,droplet_added:side_attach:anchor=697:cn=5,z,xy,770,576,194,0,194,977.7873498549718,5.996089231083919,300.0,0.001,215.45543760153942,0.21545543760153943,-6584.2607,-6577.4385,-6584.2607,-6.4222655,-6.041406,0.9999942813459952,0.21545543760153943,0.21545543760153943,22,769,697,193,32,2.1332211155299627,5.836799721391994,27.621796751301623,8.487401767223634,1723.6435008123153,0.0,-0.93454206,-14.973015,10.719209113497774,1.9844659227142702,8.734743190783504,4.205430613497773,0.8182991074435931,0.9004182125065748,7.20302747331222,6.792885997817061,8.978726197457997,1.3501473278954368,0.796875,0.6892489733122193,0.27910749781706023,2.464947697457996,0.0,-1,0,0,0.0,0.0,0,0,0.0,0.0,1.0,0.11255227656332185,0.0035528297593413367,0.0035528297593413367,0.0,0.0,0.0,8.485714285714286,7.853658536585366,7.701030927835052,0.06701030927835051
195,deposition,Fe,Fe,none,0,1.0,droplet_added:side_attach:anchor=748:cn=3,z,xy,771,576,195,0,195,978.1821536910295,0.3948038360576824,300.0,0.001,215.45543760153942,0.21545543760153943,-6591.2847,-6584.2607,-6591.2847,-6.6239257,-6.432031,0.9988409571173431,0.21545543760153943,0.21545543760153943,9,770,748,194,32,2.152050721916748,23.68278474686677,0.9603342267926411,5.504079641774999,1723.6435008123153,0.0,-0.9386171,-15.038304,10.719209113497774,1.9844659227142702,8.734743190783504,4.205430613497773,0.8182991074435931,0.9050595434988769,7.203548090673411,6.792885997817061,8.978726197457997,1.350124427816539,0.796875,0.6897695906734098,0.27910749781706023,2.464947697457996,0.0,-1,0,0,0.0,0.0,0,0,0.0,0.0,1.0,0.1131324429373596,0.003537279952171332,0.003537279952171332,0.0,0.0,0.0,8.479896238651103,7.853658536585366,7.682051282051282,0.06666666666666667
196,deposition,Fe,Fe,none,0,1.0,droplet_added:side_attach:anchor=609:cn=10,z,xy,772,576,196,0,196,990.6337291830404,12.451575492010928,300.0,0.001,215.45543760153942,0.21545543760153943,-6598.3125,-6591.2847,-6598.3125,-6.627832,-6.0072265,0.9999542070013314,0.21545543760153943,0.21545543760153943,39,771,609,195,27,2.100556345089926,19.090705937045648,8.785180337379536,4.260950574508926,1723.6435008123153,0.0,-0.9426944,-15.10363,10.719209113497774,1.9844659227142702,8.734743190783504,4.205430613497773,0.8182991074435931,0.9097008744911788,7.206166531571769,6.792885997817061,8.978726197457997,1.3489345340645915,0.796875,0.6923880315717685,0.27910749781706023,2.464947697457996,0.0,-1,0,0,0.0,0.0,0,0,0.0,0.0,1.0,0.11371260931139734,0.0035325919978151455,0.0035325919978151455,0.0,0.0,0.0,8.5,7.853658536585366,7.709183673469388,0.0663265306122449
197,deposition,Fe,Fe,none,0,1.0,droplet_added:side_attach:anchor=633:cn=4,z,xy,773,576,197,0,197,997.4079555692482,6.774226386207835,300.0,0.001,215.45543760153942,0.21545543760153943,-6606.0244,-6598.3125,-6606.0244,-7.311914,-6.669336,0.424383038886194,0.21545543760153943,0.21545543760153943,9,772,633,196,35,2.078414850979301,25.20262989078271,25.336768362327433,5.913388855967768,1723.6435008123153,0.0,-0.9471686,-15.175314,10.719209113497774,1.9844659227142702,8.734743190783504,4.205430613497773,0.8112442995747227,0.9143422054834807,7.2025684628258215,6.792885997817061,8.978726197457997,1.3443492759699998,0.796875,0.6887899628258207,0.27910749781706023,2.464947697457996,0.0,-1,0,0,0.0,0.0,0,0,0.0,0.0,1.0,0.11429277568543508,0.003496395750384877,0.003496395750384877,0.0,0.0,0.0,8.501940491591203,7.975,7.710659898477157,0.07106598984771574
198,deposition,Fe,Fe,none,0,1.0,droplet_added:side_attach:anchor=722:cn=3,z,xy,774,576,198,0,198,1003.0657543981225,5.657798828874328,300.0,0.001,215.45543760153942,0.21545543760153943,-6613.3237,-6606.0244,-6613.3237,-6.8993163,-6.3558593,0.9999487219614384,0.21545543760153943,0.21545543760153943,11,773,722,197,28,1.9861835868323336,33.5763465119722,5.487783498723122,3.3211831434714,1723.6435008123153,0.0,-0.95140344,-15.243164,10.719209113497774,1.9844659227142702,8.734743190783504,4.205430613497773,0.8112442995747227,0.9189835364757826,7.20067623699467,6.792885997817061,8.978726197457997,1.3492486065419118,0.796875,0.6868977369946689,0.27910749781706023,2.464947697457996,0.0,-1,0,0,0.0,0.0,0,0,0.0,0.0,1.0,0.11487294205947282,0.0034691804898720653,0.0034691804898720653,0.0,0.0,0.0,8.501291989664082,7.975,7.712121212121212,0.0707070707070707
199,deposition,Fe,Fe,none,0,1.0,"C:grid_no_anchor_point:5,7",z,xy,775,576,199,0,199,1006.2929781647717,3.227223766649271,300.0,0.001,215.45543760153942,0.21545543760153943,-6620.713,-6613.3237,-6620.713,-6.98916,-6.1327147,0.9996966799227109,0.21545543760153943,0.21545543760153943,12,774,-1,64,117,2.1547582214690846,10.488920315891367,35.5528012470446,11.466114986490783,1723.6435008123153,0.0,-0.9556904,-15.311849,10.8775409783125,1.9844659227142702,8.89307505559823,4.363762478312498,0.8195605749504153,0.9236248674680846,7.224392212124553,6.792885997817061,8.978726197457997,1.40176169024221,0.796875,0.7106137121245526,0.27910749781706023,2.464947697457996,0.0,-1,0,0,0.0,0.0,0,0,0.0,0.0,1.0,0.11545310843351057,0.0035709231765052893,0.0035709231765052893,0.0,0.0,0.0,8.500645161290322,7.72972972972973,7.71356783919598,0.07537688442211055
200,deposition,Fe,Fe,none,0,1.0,droplet_added:side_attach:anchor=588:cn=3,z,xy,776,576,200,0,200,1006.8492936280734,0.5563154633016774,300.0,0.001,215.45543760153942,0.21545543760153943,-6627.817,-6620.713,-6627.817,-6.704004,-6.297754,0.9986809619010826,0.21545543760153943,0.21545543760153943,10,775,588,199,33,2.0278493609002233,-1.486744611264415,9.672629580195936,6.782202459179912,1723.6435008123153,0.0,-0.95981187,-15.377882,10.8775409783125,1.9844659227142702,8.89307505559823,4.363762478312498,0.8195605749504153,0.9282661984603865,7.211207735664455,6.770623455775864,8.978175699252365,1.3944359557065156,0.8125,0.6974292356644538,0.25684495577586297,2.464397199252364,0.0,-1,0,0,0.0,0.0,0,0,0.0,0.0,1.0,0.11603327480754831,0.003487146178322269,0.003487146178322269,0.0,0.0,0.0,8.49742268041237,7.72972972972973,7.705,0.07
201,deposition,Fe,Fe,none,0,1.0,droplet_added:side_attach:anchor=712:cn=2,z,xy,777,576,201,0,201,1014.3553823652406,7.5060887371673015,300.0,0.001,215.45543760153942,0.21545543760153943,-6638.038,-6627.817,-6638.038,-9.821192,-5.9901366,0.981157474185552,0.21545543760153943,0.21545543760153943,12,776,712,200,30,1.923572540204319,13.947212799306719,3.7384222116038583,5.258908389241078,1723.6435008123153,0.0,-0.9657419,-15.472891,10.8775409783125,1.9844659227142702,8.89307505559823,4.363762478312498,0.8195605749504153,0.9329075294526884,7.201324359642928,6.770623455775864,8.978175699252365,1.4059285429744353,0.8125,0.6875458596429276,0.25684495577586297,2.464397199252364,0.0,-1,0,0,0.0,0.0,0,0,0.0,0.0,1.0,0.11661344118158605,0.003420626167377749,0.003420626167377749,0.0,0.0,0.0,8.507078507078507,7.72972972972973,7.72636815920398,0.06467661691542288
202,deposition,Fe,Fe,none,0,1.0,droplet_added:side_attach:anchor=765:cn=2,z,xy,778,576,202,0,202,1023.1674433676087,8.812061002368091,300.0,0.001,215.45543760153942,0.21545543760153943,-6645.5415,-6638.038,-6645.5415,-7.103418,-6.3421874,0.8018155263510474,0.21545543760153943,0.21545543760153943,13,777,765,201,31,2.048237249292522,17.873093377675897,3.9696338043551345,4.015077832493941,1723.6435008123153,0.0,-0.9700951,-15.542637,10.8775409783125,1.9844659227142702,8.89307505559823,4.363762478312498,0.8195605749504153,0.9375488604449903,7.13836684397577,6.751382811264077,8.977625201046733,1.4657819463231456,0.828125,0.6245883439757689,0.237604311264076,2.463846701046732,0.0,-1,0,0,0.0,0.0,0,0,0.0,0.0,1.0,0.11719360755562379,0.0030920215048305393,0.0030920215048305393,0.0,0.0,0.0,8.50642673521851,7.72972972972973,7.7227722772277225,0.06435643564356436
203,deposition,Fe,Fe,none,0,1.0,droplet_added:side_attach:anchor=721:cn=4,z,xy,779,576,203,0,203,1023.2052441852118,0.03780081760303631,300.0,0.001,215.45543760153942,0.21545543760153943,-6652.981,-6645.5415,-6652.981,-7.039453,-6.106836,0.9999962158299175,0.21545543760153943,0.21545543760153943,9,778,721,202,24,1.88564962979243,22.474062123920696,1.5800718905588722,7.1221439739676695,1723.6435008123153,0.0,-0.9744112,-15.611789,10.8775409783125,1.9844659227142702,8.89307505559823,4.363762478312498,0.8195605749504153,0.9421901914372922,7.143772810916006,6.751382811264077,8.977625201046733,1.466369581495962,0.828125,0.6299943109160049,0.237604311264076,2.463846701046732,0.0,-1,0,0,0.0,0.0,0,0,0.0,0.0,1.0,0.11777377392966153,0.003103420250817758,0.003103420250817758,0.0,0.0,0.0,8.508344030808729,7.72972972972973,7.733990147783251,0.07389162561576355
204,deposition,Fe,Fe,none,0,1.0,droplet_added:side_attach:anchor=697:cn=6,z,xy,780,576,204,0,204,1025.547166470123,2.3419222849114014,300.0,0.001,215.45543760153942,0.21545543760153943,-6660.376,-6652.981,-6660.376,-6.9950194,-6.5902343,0.9999999097248898,0.21545543760153943,0.21545543760153943,24,779,697,203,31,2.0725759404333237,3.8974177236158383,27.86252139966568,8.724829252522188,1723.6435008123153,0.0,-0.97870153,-15.680528,10.8775409783125,1.9844659227142702,8.89307505559823,4.363762478312498,0.8129569415056029,0.9468315224295942,7.180147696141876,6.792885997817061,8.977625201046733,1.4744106532042494,0.828125,0.6663691961418756,0.27910749781706023,2.463846701046732,0.0,-1,0,0,0.0,0.0,0,0,0.0,0.0,1.0,0.11835394030369928,0.0032665156673621354,0.0032665156673621354,0.0,0.0,0.0,8.512820512820513,7.7368421052631575,7.735294117647059,0.07352941176470588
205,deposition,Fe,Fe,none,0,1.0,droplet_added:side_attach:anchor=658:cn=4,z,xy,781,576,205,0,205,1025.7543113321128,0.20714486198960938,300.0,0.001,215.45543760153942,0.21545543760153943,-6668.3486,-6660.376,-6668.3486,-7.572656,-6.494043,0.999999999999961,0.21545543760153943,0.21545543760153943,15,780,658,204,31,1.6738584389732527,32.997586518997224,9.612489265690954,2.6436604058706266,1723.6435008123153,0.0,-0.98332703,-15.754636,10.8775409783125,1.9844659227142702,8.89307505559823,4.363762478312498,0.8129569415056029,0.9514728534218961,7.178755170944182,6.792885997817061,8.977625201046733,1.4771014140706882,0.828125,0.6649766709441813,0.27910749781706023,2.463846701046732,0.0,-1,0,0,0.0,0.0,0,0,0.0,0.0,1.0,0.11893410667773702,0.003243788638752104,0.003243788638752104,0.0,0.0,0.0,8.51472471190781,7.7368421052631575,7.736585365853658,0.06829268292682927
206,deposition,Fe,Fe,none,0,1.0,droplet_added:side_attach:anchor=712:cn=12,z,xy,782,576,206,0,206,1026.7772686239098,1.0229572917970076,300.0,0.001,215.45543760153942,0.21545543760153943,-6676.7407,-6668.3486,-6676.7407,-7.9920897,-6.5472655,0.9999853303388446,0.21545543760153943,0.21545543760153943,37,781,712,205,26,1.9409889965291591,13.972120823746348,8.025129177252923,4.207662506071539,1723.6435008123153,0.0,-0.98819584,-15.8326435,10.8775409783125,1.9844659227142702,8.89307505559823,4.363762478312498,0.8129569415056029,0.956114184414198,7.1777758267587926,6.792885997817061,8.977625201046733,1.4775202480225087,0.828125,0.6639973267587918,0.27910749781706023,2.463846701046732,0.0,-1,0,0,0.0,0.0,0,0,0.0,0.0,1.0,0.11951427305177476,0.0032232879939747172,0.0032232879939747172,0.0,0.0,0.0,8.531969309462916,7.7368421052631575,7.752427184466019,0.06796116504854369
207,deposition,Fe,Fe,none,0,1.0,droplet_added:side_attach:anchor=683:cn=2,z,xy,783,576,207,0,207,1029.569157250114,2.7918886262040865,300.0,0.001,215.45543760153942,0.21545543760153943,-6684.719,-6676.7407,-6684.719,-7.5785155,-6.6864257,0.9989833227081945,0.21545543760153943,0.21545543760153943,11,782,683,206,27,2.3627317003615937,18.578598262262375,35.273664244895414,6.2918216673249905,1723.6435008123153,0.0,-0.9928247,-15.906805,10.8775409783125,1.9844659227142702,8.89307505559823,4.363762478312498,0.8129569415056029,0.9607555154065,7.174042599858963,6.792885997817061,8.977625201046733,1.4781520064765463,0.828125,0.6602640998589626,0.27910749781706023,2.463846701046732,0.0,-1,0,0,0.0,0.0,0,0,0.0,0.0,1.0,0.1200944394258125,0.003189681641830737,0.003189681641830737,0.0,0.0,0.0,8.538952745849297,7.7368421052631575,7.782608695652174,0.06763285024154589
208,deposition,B,B,none,0,1.0,droplet_added:side_attach:anchor=776:cn=4,z,xy,784,576,208,0,208,1034.3779272830154,4.808770032901418,300.0,0.001,215.45543760153942,0.21545543760153943,-6692.266,-6684.719,-6692.266,-7.446875,-5.6539063,0.1258775408056523,0.21545543760153943,0.21545543760153943,16,783,776,207,28,2.0087352717033022,15.72004204287595,4.139767416105884,5.2949211511147345,1723.6435008123153,0.0,-0.9972031,-15.976955,10.8775409783125,1.9844659227142702,8.89307505559823,4.363762478312498,0.8129569415056029,0.965396846398802,7.188217157038345,6.792885997817061,8.977625201046733,1.4494007473846908,0.828125,0.674438657038344,0.27910749781706023,2.463846701046732,0.0,-1,0,0,0.0,0.0,0,0,0.0,0.0,1.0,0.12067460579985025,0.003242493543453577,0.003242493543453577,0.0,0.0,0.0,8.53826530612245,7.7368421052631575,7.793269230769231,0.0673076923076923
209,deposition,Fe,Fe,none,0,1.0,droplet_added:side_attach:anchor=597:cn=5,z,xy,785,576,209,0,209,1039.5604978942217,5.1825706112063505,300.0,0.001,215.45543760153942,0.21545543760153943,-6699.4756,-6692.266,-6699.4756,-6.8094726,-6.115625,0.9699770757041578,0.21545543760153943,0.21545543760153943,16,784,597,208,29,1.9424218215213327,29.64633990110872,4.898149270078303,7.377615954828929,1723.6435008123153,0.0,-1.0013858,-16.04397,10.8775409783125,1.9844659227142702,8.89307505559823,4.363762478312498,0.8129569415056029,0.9700381773911039,7.187676619446078,6.792885997817061,8.977625201046733,1.4533846343452335,0.828125,0.6738981194460774,0.27910749781706023,2.463846701046732,0.0,-1,0,0,0.0,0.0,0,0,0.0,0.0,1.0,0.12125477217388798,0.0032243929160099393,0.0032243929160099393,0.0,0.0,0.0,8.537579617834394,7.7368421052631575,7.794258373205742,0.06698564593301436
210,deposition,Fe,Fe,none,0,1.0,droplet_added:side_attach:anchor=721:cn=4,z,xy,786,576,210,0,210,1040.4509559798075,0.8904580855857169,300.0,0.001,215.45543760153942,0.21545543760153943,-6707.239,-6699.4756,-6707.239,-7.3631835,-7.048242,0.9999999999998243,0.21545543760153943,0.21545543760153943,13,785,721,209,33,2.153615389690363,20.556545740563845,3.0963036914721216,7.21479436515309,1723.6435008123153,0.0,-1.0058898,-16.11613,10.8775409783125,1.9844659227142702,8.89307505559823,4.363762478312498,0.8129569415056029,0.9746795083834058,7.230864266977535,6.826890642029265,8.977625201046733,1.4089256784809367,0.828125,0.7170857669775339,0.3131121420292642,2.463846701046732,0.0,-1,0,0,0.0,0.0,0,0,0.0,0.0,1.0,0.12183493854792572,0.003414694128464447,0.003414694128464447,0.0,0.0,0.0,8.531806615776082,7.7368421052631575,7.776190476190476,0.06666666666666667
211,deposition,Fe,Fe,none,0,1.0,droplet_added:side_attach:anchor=749:cn=5,z,xy,787,576,211,0,211,1041.9542020450274,1.50324606521986,300.0,0.001,215.45543760153942,0.21545543760153943,-6715.7466,-6707.239,-6715.7466,-8.107813,-6.100488,0.9784435143842027,0.21545543760153943,0.21545543760153943,17,786,749,210,33,1.9316128916400919,1.1408322285679091,36.69191318076615,10.257250299626335,1723.6435008123153,0.0,-1.0108258,-16.195215,10.8775409783125,1.9844659227142702,8.89307505559823,4.363762478312498,0.8318730333275075,0.9793208393757077,7.234749947213015,6.826890642029265,8.971118027832617,1.4173672562151136,0.828125,0.7209714472130138,0.3131121420292642,2.457339527832616,0.0,-1,0,0,0.0,0.0,0,0,0.0,0.0,1.0,0.12241510492196346,0.00341692629010907,0.00341692629010907,0.0,0.0,0.0,8.538754764930115,7.846153846153846,7.805687203791469,0.06635071090047394
212,deposition,Fe,Fe,none,0,1.0,droplet_added:side_attach:anchor=779:cn=4,z,xy,788,576,212,0,212,1042.0400414857081,0.08583944068067244,300.0,0.001,215.45543760153942,0.21545543760153943,-6722.601,-6715.7466,-6722.601,-6.454492,-6.0213866,0.3196216887730885,0.21545543760153943,0.21545543760153943,24,787,779,211,29,2.055183602161775,2.302350993364893,26.53800927845744,8.668602184476338,1723.6435008123153,0.0,-1.0148025,-16.258928,10.8775409783125,1.9844659227142702,8.89307505559823,4.363762478312498,0.8257587752940647,0.9839621703680097,7.235545157747862,6.826890642029265,8.971118027832617,1.4178483622346472,0.828125,0.7217666577478612,0.3131121420292642,2.457339527832616,0.0,-1,0,0,0.0,0.0,0,0,0.0,0.0,1.0,0.12299527129600121,0.0034045597063578356,0.0034045597063578356,0.0,0.0,0.0,8.553299492385786,7.95,7.8254716981132075,0.0660377358490566
213,deposition,Fe,Fe,none,0,1.0,droplet_added:side_attach:anchor=647:cn=3,z,xy,789,576,213,0,213,1045.1522139822512,3.1121724965429904,300.0,0.001,215.45543760153942,0.21545543760153943,-6729.5293,-6722.601,-6729.5293,-6.5282226,-6.2552733,0.9997964515644827,0.21545543760153943,0.21545543760153943,8,788,647,212,19,2.154058717373208,24.665774454927597,0.7148088888345194,7.510094741754773,1723.6435008123153,0.0,-1.018822,-16.323328,10.8775409783125,1.9844659227142702,8.89307505559823,4.363762478312498,0.8257587752940647,0.9886035013603116,7.23684080249961,6.826890642029265,8.971118027832617,1.4180627644536852,0.828125,0.723062302499609,0.3131121420292642,2.457339527832616,0.0,-1,0,0,0.0,0.0,0,0,0.0,0.0,1.0,0.12357543767003895,0.003394658697181263,0.003394658697181263,0.0,0.0,0.0,8.552598225602027,7.95,7.826291079812207,0.06103286384976526
214,deposition,Fe,Fe,none,0,1.0,droplet_added:side_attach:anchor=773:cn=2,z,xy,790,576,214,0,214,1055.090903030132,9.938689047880866,300.0,0.001,215.45543760153942,0.21545543760153943,-6735.908,-6729.5293,-6735.908,-5.978906,-5.653711,0.8236403069949645,0.21545543760153943,0.21545543760153943,6,789,773,213,29,2.3800826053147723,34.49620879804834,3.143595848940223,4.168042113540492,1723.6435008123153,0.0,-1.0225228,-16.382622,10.8775409783125,1.9844659227142702,8.89307505559823,4.363762478312498,0.8257587752940647,0.9932448323526135,7.252176005958744,6.826890642029265,8.971118027832617,1.3846223506695385,0.828125,0.7383975059587433,0.3131121420292642,2.457339527832616,0.0,-1,0,0,0.0,0.0,0,0,0.0,0.0,1.0,0.12415560404407669,0.0034504556353212304,0.0034504556353212304,0.0,0.0,0.0,8.544303797468354,7.95,7.803738317757009,0.056074766355140186
215,deposition,Fe,Fe,none,0,1.0,droplet_added:side_attach:anchor=708:cn=3,z,xy,791,576,215,0,215,1056.8940512928716,1.8031482627395943,300.0,0.001,215.45543760153942,0.21545543760153943,-6745.0337,-6735.908,-6745.0337,-8.725489,-6.716699,0.9999904152749959,0.21545543760153943,0.21545543760153943,10,790,708,214,27,2.111564936788979,24.470049626946256,29.657584609350454,5.647885990537769,1723.6435008123153,0.0,-1.0278171,-16.467445,10.8775409783125,1.9844659227142702,8.89307505559823,4.363762478312498,0.8257587752940647,0.9978861633449154,7.223715229796417,6.826890642029265,8.971118027832617,1.4018307072737486,0.828125,0.7099367297964161,0.3131121420292642,2.457339527832616,0.0,-1,0,0,0.0,0.0,0,0,0.0,0.0,1.0,0.12473577041811443,0.0033020313013786794,0.0033020313013786794,0.0,0.0,0.0,8.556257901390644,7.95,7.837209302325581,0.05581395348837209
216,deposition,Fe,Fe,none,0,1.0,droplet_added:side_attach:anchor=746:cn=3,z,xy,792,576,216,0,216,1057.6731887359704,0.7791374430988491,300.0,0.001,215.45543760153942,0.21545543760153943,-6752.777,-6745.0337,-6752.777,-7.343164,-6.396875,0.9999985598526043,0.21545543760153943,0.21545543760153943,14,791,746,215,30,1.9106218770358268,12.230026373158747,31.78872799372104,10.446342999801681,1723.6435008123153,0.0,-1.0323094,-16.539421,10.8775409783125,1.9844659227142702,8.89307505559823,4.363762478312498,0.8516367439266189,1.0025274943372173,7.225800846392549,6.826890642029265,8.971118027832617,1.4067672377208118,0.828125,0.7120223463925486,0.3131121420292642,2.457339527832616,0.0,-1,0,0,0.0,0.0,0,0,0.0,0.0,1.0,0.12531593679215217,0.0032963997518173547,0.0032963997518173547,0.0,0.0,0.0,8.56060606060606,8.024390243902438,7.856481481481482,0.05555555555555555
217,deposition,Fe,Fe,none,0,1.0,droplet_added:side_attach:anchor=753:cn=4,z,xy,793,576,217,0,217,1061.7034691121892,4.030280376218767,300.0,0.001,215.45543760153942,0.21545543760153943,-6760.216,-6752.777,-6760.216,-7.0389647,-6.738672,0.9999999999992208,0.21545543760153943,0.21545543760153943,11,792,753,216,31,2.0365095475602155,30.10794746566199,1.8703959069602654,3.9184013349515174,1723.6435008123153,0.0,-1.0366253,-16.608568,10.8775409783125,1.9844659227142702,8.89307505559823,4.363762478312498,0.8516367439266189,1.0071688253295192,7.2268409421339195,6.826890642029265,8.971118027832617,1.4055313066161914,0.828125,0.7130624421339187,0.3131121420292642,2.457339527832616,0.0,-1,0,0,0.0,0.0,0,0,0.0,0.0,1.0,0.1258961031661899,0.003286002037483496,0.003286002037483496,0.0,0.0,0.0,8.557377049180328,8.024390243902438,7.84331797235023,0.059907834101382486
218,deposition,Fe,Fe,none,0,1.0,droplet_added:side_attach:anchor=690:cn=4,z,xy,794,576,218,0,218,1064.1414346851695,2.4379655729804046,300.0,0.001,215.45543760153942,0.21545543760153943,-6768.01,-6760.216,-6768.01,-7.393945,-6.450586,0.9999999997252983,0.21545543760153943,0.21545543760153943,11,793,690,217,25,1.9882643912275284,-9.342167975436078,38.41687918458601,7.010131407634162,1723.6435008123153,0.0,-1.041147,-16.681015,10.8775409783125,1.9844659227142702,8.89307505559823,4.363762478312498,0.851991177523196,1.0118101563218211,7.215286525544988,6.826890642029265,8.971118027832617,1.4015590057781493,0.828125,0.701508025544987,0.3131121420292642,2.457339527832616,0.0,-1,0,0,0.0,0.0,0,0,0.0,0.0,1.0,0.12647626954022764,0.003217926722683427,0.003217926722683427,0.0,0.0,0.0,8.554156171284635,8.024390243902438,7.834862385321101,0.05963302752293578
219,deposition,Fe,Fe,none,0,1.0,droplet_added:side_attach:anchor=747:cn=3,z,xy,795,576,219,0,219,1066.6658965581032,2.524461872933733,300.0,0.001,215.45543760153942,0.21545543760153943,-6775.7075,-6768.01,-6775.7075,-7.297754,-6.3895507,0.6257284410200179,0.21545543760153943,0.21545543760153943,16,794,747,218,33,2.059646672615692,5.956644675373315,36.96047426929547,3.989522645902429,1723.6435008123153,0.0,-1.045613,-16.75257,10.8775409783125,1.9844659227142702,8.89307505559823,4.363762478312498,0.8532575212571827,1.0164514873141233,7.215286525544988,6.826890642029265,8.971118027832617,1.4015590057781493,0.828125,0.701508025544987,0.3131121420292642,2.457339527832616,0.0,-1,0,0,0.0,0.0,0,0,0.0,0.0,1.0,0.1270564359142654,0.003203232993356105,0.003203232993356105,0.0,0.0,0.0,8.558490566037737,7.975609756097561,7.853881278538813,0.0593607305936073
220,deposition,Fe,Fe,none,0,1.0,droplet_added:side_attach:anchor=729:cn=4,z,xy,796,576,220,0,220,1070.038574722557,3.372678164453868,300.0,0.001,215.45543760153942,0.21545543760153943,-6786.488,-6775.7075,-6786.488,-10.380274,-6.4222655,0.9999999986163864,0.21545543760153943,0.21545543760153943,15,795,729,219,29,1.9097492672359766,23.786718322031454,28.08281100620849,7.25844847750456,1723.6435008123153,0.0,-1.0518674,-16.852774,10.8775409783125,1.9844659227142702,8.89307505559823,4.363762478312498,0.8532575212571827,1.0210928183064252,7.183726824676161,6.748360913734666,8.971118027832617,1.4277473022980458,0.828125,0.6699483246761604,0.23458241373466482,2.457339527832616,0.0,-1,0,0,0.0,0.0,0,0,0.0,0.0,1.0,0.12763660228830315,0.0030452196576189108,0.0030452196576189108,0.0,0.0,0.0,8.56532663316583,7.975609756097561,7.859090909090909,0.05454545454545454
221,deposition,Fe,Fe,none,0,1.0,"C:grid_no_anchor_point:1,7",z,xy,797,576,221,0,221,1070.72738309131,0.688808368752827,300.0,0.001,215.45543760153942,0.21545543760153943,-6795.03,-6786.488,-6795.03,-8.141993,-6.539453,0.9999999987431201,0.21545543760153943,0.21545543760153943,9,796,-1,64,118,2.056829349964793,-10.995279423003357,37.00863471576678,8.958063666158727,1723.6435008123153,0.0,-1.0568231,-16.932173,10.8775409783125,1.9844659227142702,8.89307505559823,4.363762478312498,0.848788180720485,1.025734149298727,7.185288809826113,6.748360913734666,8.971118027832617,1.4283006399181704,0.828125,0.6715103098261119,0.23458241373466482,2.457339527832616,0.0,-1,0,0,0.0,0.0,0,0,0.0,0.0,1.0,0.12821676866234089,0.003038508189258425,0.003038508189258425,0.0,0.0,0.0,8.569636135508155,7.9523809523809526,7.877828054298643,0.049773755656108594
222,deposition,Fe,Fe,none,0,1.0,droplet_added:side_attach:anchor=755:cn=3,z,xy,798,576,222,0,222,1074.6482395851615,3.9208564938514874,300.0,0.001,215.45543760153942,0.21545543760153943,-6803.264,-6795.03,-6803.264,-7.834375,-6.2367187,0.9999932199464253,0.21545543760153943,0.21545543760153943,10,797,755,221,24,2.3551413729663317,14.104080422483353,38.266782692315935,9.084303635051176,1723.6435008123153,0.0,-1.0616004,-17.008715,10.8775409783125,1.9844659227142702,8.89307505559823,4.363762478312498,0.8425988828921278,1.030375480291029,7.193887517617026,6.748360913734666,9.335703238167314,1.440359433938825,0.828125,0.680109017617025,0.23458241373466482,2.821924738167313,0.0,-1,0,0,0.0,0.0,0,0,0.0,0.0,1.0,0.12879693503637862,0.0030635541334100226,0.0030635541334100226,0.0,0.0,0.0,8.571428571428571,8.023255813953488,7.887387387387387,0.04954954954954955
223,deposition,Fe,Fe,none,0,1.0,droplet_added:side_attach:anchor=642:cn=10,z,xy,799,576,223,0,223,1076.6656911390833,2.0174515539218527,300.0,0.001,215.45543760153942,0.21545543760153943,-6812.9805,-6803.264,-6812.9805,-9.316309,-6.2279296,0.9999999999977497,0.21545543760153943,0.21545543760153943,40,798,642,222,36,2.314663921937469,19.70454137899887,24.540650216269796,4.464382153858826,1723.6435008123153,0.0,-1.0672375,-17.09903,10.8775409783125,1.9844659227142702,8.89307505559823,4.363762478312498,0.8425988828921278,1.035016811283331,7.1948398890422025,6.748360913734666,9.335703238167314,1.439923027203594,0.828125,0.6810613890422017,0.23458241373466482,2.821924738167313,0.0,-1,0,0,0.0,0.0,0,0,0.0,0.0,1.0,0.12937710141041636,0.0030540869463775862,0.0030540869463775862,0.0,0.0,0.0,8.595744680851064,8.023255813953488,7.928251121076233,0.04932735426008968
224,deposition,Fe,Fe,none,0,1.0,droplet_added:side_attach:anchor=767:cn=8,z,xy,800,576,224,0,224,1077.9846672974568,1.3189761583734714,300.0,0.001,215.45543760153942,0.21545543760153943,-6819.771,-6812.9805,-6819.771,-6.3905272,-6.0057616,0.9999595809516557,0.21545543760153943,0.21545543760153943,41,799,767,223,34,2.1640656710517323,14.19993656142706,27.608487038071917,4.150482968832031,1723.6435008123153,0.0,-1.0711771,-17.16215,10.8775409783125,1.837358219882651,9.040182758429848,4.363762478312498,0.8425988828921278,1.0396581422756328,7.196610262538867,6.748360913734666,9.335703238167314,1.4392055940236923,0.828125,0.682831762538866,0.23458241373466482,2.821924738167313,0.0,-1,0,0,0.0,0.0,0,0,0.0,0.0,1.0,0.1299572677844541,0.0030483560827627948,0.0030483560827627948,0.0,0.0,0.0,8.6,8.023255813953488,7.915178571428571,0.049107142857142856
225,deposition,B,B,none,0,1.0,droplet_added:side_attach:anchor=654:cn=5,z,xy,801,576,225,0,225,1081.5599154760225,3.5752481785656745,300.0,0.001,215.45543760153942,0.21545543760153943,-6828.398,-6819.771,-6828.398,-8.526953,-6.363379,0.9897941644367402,0.21545543760153943,0.21545543760153943,13,800,654,224,32,1.9088179470794746,8.76224662398824,3.989870303207221,5.646078586219118,1723.6435008123153,0.0,-1.0761822,-17.24234,10.8775409783125,1.837358219882651,9.040182758429848,4.363762478312498,0.8425988828921278,1.0442994732679347,7.163881225394937,6.686449828559614,9.335703238167314,1.456834845052747,0.828125,0.6501027253949365,0.17267132855961353,2.821924738167313,0.0,-1,0,0,0.0,0.0,0,0,0.0,0.0,1.0,0.13053743415849184,0.002889345446199718,0.002889345446199718,0.0,0.0,0.0,8.601747815230961,8.023255813953488,7.946666666666666,0.04
226,deposition,Fe,Fe,none,0,1.0,droplet_added:side_attach:anchor=799:cn=10,z,xy,802,576,226,0,226,1085.5946874375277,4.03477196150522,300.0,0.001,215.45543760153942,0.21545543760153943,-6835.331,-6828.398,-6835.331,-6.5331054,-6.3265624,0.9999999999990199,0.21545543760153943,0.21545543760153943,39,801,799,225,25,2.320541683844933,13.566010431385486,25.263766589744105,4.135608907324606,1723.6435008123153,0.0,-1.0802046,-17.306786,10.8775409783125,1.837358219882651,9.040182758429848,4.363762478312498,0.8425988828921278,1.0489408042602366,7.163738457835357,6.686449828559614,9.335703238167314,1.4568981749799523,0.828125,0.6499599578353559,0.17267132855961353,2.821924738167313,0.0,-1,0,0,0.0,0.0,0,0,0.0,0.0,1.0,0.13111760053252958,0.0028759290169706013,0.0028759290169706013,0.0,0.0,0.0,8.618453865336658,8.023255813953488,7.964601769911504,0.03982300884955752
227,deposition,Fe,Fe,none,0,1.0,droplet_added:side_attach:anchor=655:cn=3,z,xy,803,576,227,0,227,1093.3668871482469,7.772199710719116,300.0,0.001,215.45543760153942,0.21545543760153943,-6843.888,-6835.331,-6843.888,-8.157129,-5.5404296,0.9995328245857645,0.21545543760153943,0.21545543760153943,9,802,655,226,31,1.8930706158010564,2.8318248079465698,5.2359648572318696,5.7793059323815035,1723.6435008123153,0.0,-1.0851692,-17.386328,10.8775409783125,1.837358219882651,9.040182758429848,4.363762478312498,0.8425988828921278,1.0535821352525387,7.164739112143514,6.686449828559614,9.335703238167314,1.4567744158055895,0.828125,0.6509606121435132,0.17267132855961353,2.821924738167313,0.0,-1,0,0,0.0,0.0,0,0,0.0,0.0,1.0,0.13169776690656734,0.0028676678949053447,0.0028676678949053447,0.0,0.0,0.0,8.617683686176838,8.023255813953488,7.960352422907489,0.03524229074889868
228,deposition,Fe,Fe,none,0,1.0,droplet_added:side_attach:anchor=726:cn=10,z,xy,804,576,228,0,228,1093.7769298884741,0.4100427402273095,300.0,0.001,215.45543760153942,0.21545543760153943,-6852.318,-6843.888,-6852.318,-8.029688,-6.3563476,0.9991285022452232,0.21545543760153943,0.21545543760153943,32,803,726,227,31,1.6783692937334476,-6.953187832368142,30.440540235821384,4.2032434619241075,1723.6435008123153,0.0,-1.0900598,-17.464684,10.8775409783125,1.837358219882651,9.040182758429848,4.363762478312498,0.8425988828921278,1.0582234662448406,7.1667549208146415,6.686449828559614,9.335703238167314,1.4576409410275681,0.828125,0.6529764208146407,0.17267132855961353,2.821924738167313,0.0,-1,0,0,0.0,0.0,0,0,0.0,0.0,1.0,0.13227793328060508,0.002863931670239652,0.002863931670239652,0.0,0.0,0.0,8.621890547263682,8.023255813953488,7.964912280701754,0.03508771929824561
229,deposition,Fe,Fe,none,0,1.0,"C:grid_no_anchor_point:4,0",z,xy,805,576,229,0,229,1099.6299716132044,5.853041724730322,300.0,0.001,215.45543760153942,0.21545543760153943,-6859.677,-6852.318,-6859.677,-6.9588866,-6.501367,0.996065446211557,0.21545543760153943,0.21545543760153943,11,804,-1,64,113,2.0935637739514132,24.388116808287847,2.7502402184428028,8.75355115835746,1723.6435008123153,0.0,-1.0943291,-17.533085,10.8775409783125,1.837358219882651,9.040182758429848,4.363762478312498,0.8340215352944969,1.0628647972371426,7.19081177662682,6.686449828559614,9.335703238167314,1.4734631258154842,0.828125,0.677033276626819,0.17267132855961353,2.821924738167313,0.0,-1,0,0,0.0,0.0,0,0,0.0,0.0,1.0,0.13285809965464282,0.0029564771905101267,0.0029564771905101267,0.0,0.0,0.0,8.616149068322981,7.931818181818182,7.9475982532751095,0.043668122270742356
230,deposition,Fe,Fe,none,0,1.0,droplet_added:side_attach:anchor=740:cn=2,z,xy,806,576,230,0,230,1101.2754733772906,1.6455017640863356,300.0,0.001,215.45543760153942,0.21545543760153943,-6867.3447,-6859.677,-6867.3447,-7.2679687,-5.9989257,0.9482731380002427,0.21545543760153943,0.21545543760153943,21,805,740,229,26,1.9930831018544308,-2.134979575748801,32.42754862232033,9.469460813116198,1723.6435008123153,0.0,-1.0987779,-17.604362,10.8775409783125,1.837358219882651,9.040182758429848,4.363762478312498,0.8314671826057456,1.0675061282294445,7.203849162623905,6.686449828559614,9.46559966188242,1.490085531380717,0.828125,0.6900706626239046,0.17267132855961353,2.9518211618824193,0.0,-1,0,0,0.0,0.0,0,0,0.0,0.0,1.0,0.13343826602868056,0.0030003072287995854,0.0030003072287995854,0.0,0.0,0.0,8.61786600496278,7.866666666666666,7.956521739130435,0.043478260869565216
231,deposition,Fe,Fe,none,0,1.0,droplet_added:side_attach:anchor=744:cn=3,z,xy,807,576,231,0,231,1105.2666229492966,3.991149572005888,300.0,0.001,215.45543760153942,0.21545543760153943,-6875.367,-6867.3447,-6875.367,-7.622461,-6.509668,0.999981506927508,0.21545543760153943,0.21545543760153943,10,806,744,230,38,2.3183759406188913,28.728456548289792,1.231914601063267,5.534974580615144,1723.6435008123153,0.0,-1.1034322,-17.678932,10.8775409783125,1.837358219882651,9.040182758429848,4.363762478312498,0.8314671826057456,1.0721474592217464,7.221265403236342,6.686449828559614,9.46559966188242,1.47701858719156,0.828125,0.7074869032363411,0.17267132855961353,2.9518211618824193,0.0,-1,0,0,0.0,0.0,0,0,0.0,0.0,1.0,0.1340184324027183,0.0030627138668239875,0.0030627138668239875,0.0,0.0,0.0,8.617100371747211,7.866666666666666,7.956709956709957,0.04329004329004329
232,deposition,Fe,Fe,none,0,1.0,droplet_added:side_attach:anchor=801:cn=8,z,xy,808,576,232,0,232,1115.074170978156,9.807548028859475,300.0,0.001,215.45543760153942,0.21545543760153943,-6882.382,-6875.367,-6882.382,-6.6146483,-6.2811522,0.9941911191422843,0.21545543760153943,0.21545543760153943,40,807,801,231,29,2.252341383164543,16.101642780641534,24.940833001203245,4.092352290673223,1723.6435008123153,0.0,-1.1075019,-17.744137,10.8775409783125,1.820632042333919,9.05690893597858,4.363762478312498,0.8314671826057456,1.0767887902140483,7.220812839683199,6.686449828559614,9.46559966188242,1.4771929926567087,0.828125,0.7070343396831982,0.17267132855961353,2.9518211618824193,0.0,-1,0,0,0.0,0.0,0,0,0.0,0.0,1.0,0.13459859877675603,0.0030475618089793027,0.0030475618089793027,0.0,0.0,0.0,8.626237623762377,7.866666666666666,7.961206896551724,0.04310344827586207
233,deposition,Fe,Fe,none,0,1.0,droplet_added:side_attach:anchor=771:cn=12,z,xy,809,576,233,0,233,1123.4743053959571,8.40013441780106,300.0,0.001,215.45543760153942,0.21545543760153943,-6889.8228,-6882.382,-6889.8228,-7.040918,-6.119043,0.999999999989112,0.21545543760153943,0.21545543760153943,38,808,771,232,29,2.0139275909073215,21.26773653611312,9.08900685059708,3.9905723689598713,1723.6435008123153,0.0,-1.1118188,-17.813301,10.8775409783125,1.820632042333919,9.05690893597858,4.363762478312498,0.8314671826057456,1.0814301212063502,7.223662494590373,6.748360913734666,9.46559966188242,1.4763048143662743,0.828125,0.7098839945903723,0.23458241373466482,2.9518211618824193,0.0,-1,0,0,0.0,0.0,0,0,0.0,0.0,1.0,0.13517876515079377,0.003046712423134645,0.003046712423134645,0.0,0.0,0.0,8.650185414091471,7.866666666666666,7.9957081545064375,0.04291845493562232
234,deposition,Fe,Fe,none,0,1.0,droplet_added:side_attach:anchor=787:cn=5,z,xy,810,576,234,0,234,1137.5159265751515,14.041621179194312,300.0,0.001,215.45543760153942,0.21545543760153943,-6896.5215,-6889.8228,-6896.5215,-6.2987304,-5.9393554,0.9925486443084434,0.21545543760153943,0.21545543760153943,22,809,787,233,31,2.2304140194407807,-0.5431985975945679,27.510656645243923,8.529197826235796,1723.6435008123153,0.0,-1.1157053,-17.875568,10.8775409783125,1.820632042333919,9.05690893597858,4.363762478312498,0.8263105757758926,1.086071452198652,7.2349031014942,6.748360913734666,9.46559966188242,1.483900944144902,0.828125,0.721124601494199,0.23458241373466482,2.9518211618824193,0.0,-1,0,0,0.0,0.0,0,0,0.0,0.0,1.0,0.1357589315248315,0.0030817290662145257,0.0030817290662145257,0.0,0.0,0.0,8.644444444444444,7.782608695652174,7.978632478632479,0.042735042735042736
235,deposition,Fe,Fe,none,0,1.0,droplet_added:side_attach:anchor=782:cn=2,z,xy,811,576,235,0,235,1153.8499532425842,16.334026667432767,300.0,0.001,215.45543760153942,0.21545543760153943,-6904.116,-6896.5215,-6904.116,-7.1947265,-5.931543,0.955802318744897,0.21545543760153943,0.21545543760153943,9,810,782,234,32,1.9015956565610568,21.031605492454872,34.14789634709913,6.131510245976208,1723.6435008123153,0.0,-1.1201115,-17.946165,10.8775409783125,1.820632042333919,9.05690893597858,4.363762478312498,0.8263105757758926,1.090712783190954,7.2646783436356825,6.748360913734666,9.46559966188242,1.453447430057588,0.828125,0.7508998436356817,0.23458241373466482,2.9518211618824193,0.0,-1,0,0,0.0,0.0,0,0,0.0,0.0,1.0,0.13633909789886925,0.0031953184835560927,0.0031953184835560927,0.0,0.0,0.0,8.643649815043156,7.782608695652174,7.9787234042553195,0.04680851063829787
236,deposition,Fe,Fe,none,0,1.0,droplet_added:side_attach:anchor=806:cn=3,z,xy,812,576,236,0,236,1155.8107258899731,1.960772647388812,300.0,0.001,215.45543760153942,0.21545543760153943,-6913.4106,-6904.116,-6913.4106,-8.894434,-6.6717772,0.9999999480069486,0.21545543760153943,0.21545543760153943,16,811,806,235,31,1.8644184830184247,26.762640819674697,1.7660205833710225,6.356645990294671,1723.6435008123153,0.0,-1.1255038,-18.032558,10.8775409783125,1.820632042333919,9.05690893597858,4.363762478312498,0.8279052453273217,1.0953541141832561,7.268036155698977,6.748360913734666,9.46559966188242,1.448134992118069,0.828125,0.754257655698976,0.23458241373466482,2.9518211618824193,0.0,-1,0,0,0.0,0.0,0,0,0.0,0.0,1.0,0.13691926427290702,0.0031960070156736267,0.0031960070156736267,0.0,0.0,0.0,8.647783251231527,7.782608695652174,7.995762711864407,0.038135593220338986
237,deposition,Fe,Fe,none,0,1.0,droplet_added:side_attach:anchor=754:cn=4,z,xy,813,576,237,0,237,1167.6621312517702,11.851405361797214,300.0,0.001,215.45543760153942,0.21545543760153943,-6923.132,-6913.4106,-6923.132,-9.321192,-6.738672,0.8327776125702737,0.21545543760153943,0.21545543760153943,24,812,754,236,28,2.061363946192075,9.809760553648214,33.87360295109124,3.80659781428556,1723.6435008123153,0.0,-1.1311437,-18.122921,10.8775409783125,1.820632042333919,9.05690893597858,4.363762478312498,0.8194683035843431,1.099995445175558,7.268036155698977,6.748360913734666,9.46559966188242,1.448134992118069,0.828125,0.754257655698976,0.23458241373466482,2.9518211618824193,0.0,-1,0,0,0.0,0.0,0,0,0.0,0.0,1.0,0.13749943064694475,0.003182521754004118,0.003182521754004118,0.0,0.0,0.0,8.654366543665436,7.733333333333333,8.029535864978904,0.0379746835443038
238,deposition,Fe,Fe,none,0,1.0,droplet_added:side_attach:anchor=773:cn=2,z,xy,814,576,238,0,238,1168.148705930819,0.48657467904883434,300.0,0.001,215.45543760153942,0.21545543760153943,-6930.316,-6923.132,-6930.316,-6.784082,-5.515039,0.9896657801130103,0.21545543760153943,0.21545543760153943,4,813,773,237,35,2.388283368612966,36.13323903507882,4.985926630549952,4.405044567501519,1723.6435008123153,0.0,-1.1353116,-18.189697,10.8775409783125,1.820632042333919,9.05690893597858,4.363762478312498,0.8194683035843431,1.10463677616786,7.289983816314778,6.748360913734666,9.46559966188242,1.4127174683572727,0.828125,0.7762053163147771,0.23458241373466482,2.9518211618824193,0.0,-1,0,0,0.0,0.0,0,0,0.0,0.0,1.0,0.1380795970209825,0.0032613668752721724,0.0032613668752721724,0.0,0.0,0.0,8.65110565110565,7.733333333333333,8.021008403361344,0.04201680672268908
239,deposition,Fe,Fe,none,0,1.0,droplet_added:side_attach:anchor=698:cn=6,z,xy,815,576,239,0,239,1170.1301336031597,1.9814276723407058,300.0,0.001,215.45543760153942,0.21545543760153943,-6937.885,-6930.316,-6937.885,-7.1688476,-5.9798827,0.9999997597753124,0.21545543760153943,0.21545543760153943,27,814,698,238,23,1.9772723168911166,0.7600223288770174,29.80553708568179,8.545488767920064,1723.6435008123153,0.0,-1.1397028,-18.260052,10.8775409783125,1.820632042333919,9.05690893597858,4.363762478312498,0.8205789069383264,1.1092781071601618,7.289193989663013,6.748360913734666,9.484295262446718,1.4123352144353176,0.828125,0.7754154896630121,0.23458241373466482,2.9705167624467173,0.0,-1,0,0,0.0,0.0,0,0,0.0,0.0,1.0,0.13865976339502023,0.0032444162747406365,0.0032444162747406365,0.0,0.0,0.0,8.660122699386504,7.914893617021277,8.04602510460251,0.04184100418410042
240,deposition,Fe,Fe,none,0,1.0,droplet_added:side_attach:anchor=805:cn=1,z,xy,816,576,240,0,240,1176.9717007780014,6.8415671748416775,300.0,0.001,215.45543760153942,0.21545543760153943,-6945.4575,-6937.885,-6945.4575,-7.172754,-5.825586,0.97907098624972,0.21545543760153943,0.21545543760153943,19,815,805,239,31,1.949467817969821,-1.7821345202635008,31.005948529489498,9.653537469914845,1723.6435008123153,0.0,-1.1440963,-18.330442,10.8775409783125,1.820632042333919,9.05690893597858,4.363762478312498,0.8186955130558586,1.1139194381524637,7.309431063628666,6.748360913734666,9.658615386134386,1.4308438964547348,0.828125,0.7956525636286651,0.23458241373466482,3.144836886134385,0.0,-1,0,0,0.0,0.0,0,0,0.0,0.0,1.0,0.13923992976905797,0.0033152190151194377,0.0033152190151194377,0.0,0.0,0.0,8.656862745098039,7.833333333333333,8.029166666666667,0.041666666666666664
241,deposition,Fe,Fe,none,0,1.0,droplet_added:side_attach:anchor=755:cn=4,z,xy,817,576,241,0,241,1177.9734265856755,1.001725807674189,300.0,0.001,215.45543760153942,0.21545543760153943,-6953.9067,-6945.4575,-6953.9067,-8.049219,-6.779199,0.9997085966189242,0.21545543760153943,0.21545543760153943,20,816,755,240,33,2.062046397106502,14.509219387954285,32.968218932397804,9.240225972029702,1723.6435008123153,0.0,-1.1489983,-18.408981,10.8775409783125,1.820632042333919,9.05690893597858,4.363762478312498,0.8081841869967019,1.1185607691447657,7.341845208800619,6.748360913734666,9.657425161100392,1.4388420675645752,0.828125,0.828066708800618,0.23458241373466482,3.143646661100391,0.0,-1,0,0,0.0,0.0,0,0,0.0,0.0,1.0,0.1398200961430957,0.0034359614473054687,0.0034359614473054687,0.0,0.0,0.0,8.651162790697674,7.775510204081633,8.012448132780083,0.04979253112033195
242,deposition,Fe,Fe,none,0,1.0,droplet_added:side_attach:anchor=816:cn=4,z,xy,818,576,242,0,242,1196.4148173740896,18.441390788414054,300.0,0.001,215.45543760153942,0.21545543760153943,-6962.6187,-6953.9067,-6962.6187,-8.311914,-6.2088866,0.9999967737116968,0.21545543760153943,0.21545543760153943,17,817,816,241,33,2.0224630061952134,16.96153811296529,33.693238946972684,8.582871928968116,1723.6435008123153,0.0,-1.1540526,-18.489962,10.8775409783125,1.820632042333919,9.05690893597858,4.363762478312498,0.8077812776589954,1.1232021001370676,7.343252583051412,6.748360913734666,9.657425161100392,1.4400567931481498,0.828125,0.8294740830514113,0.23458241373466482,3.143646661100391,0.0,-1,0,0,0.0,0.0,0,0,0.0,0.0,1.0,0.14040026251713345,0.0034275788555843444,0.0034275788555843444,0.0,0.0,0.0,8.657701711491443,7.82,8.037190082644628,0.045454545454545456
243,deposition,Fe,Fe,none,0,1.0,droplet_added:side_attach:anchor=664:cn=2,z,xy,819,576,243,0,243,1213.5715553238815,17.156737949791918,300.0,0.001,215.45543760153942,0.21545543760153943,-6970.657,-6962.6187,-6970.657,-7.638574,-6.1029296,0.9999980827842554,0.21545543760153943,0.21545543760153943,11,818,664,242,35,1.8926751620856155,20.356952004720092,1.6068393332185356,5.1276373091478575,1723.6435008123153,0.0,-1.1587163,-18.564682,10.8775409783125,1.820632042333919,9.05690893597858,4.363762478312498,0.8077812776589954,1.1278434311293695,7.349741375061434,6.748360913734666,9.657425161100392,1.4390389960091345,0.828125,0.8359628750614334,0.23458241373466482,3.143646661100391,0.0,-1,0,0,0.0,0.0,0,0,0.0,0.0,1.0,0.14098042889117118,0.0034401764405820306,0.0034401764405820306,0.0,0.0,0.0,8.654456654456654,7.82,8.03292181069959,0.04526748971193416
244,deposition,Fe,Fe,none,0,1.0,droplet_added:side_attach:anchor=815:cn=7,z,xy,820,576,244,0,244,1213.9531868491679,0.3816315252862536,300.0,0.001,215.45543760153942,0.21545543760153943,-6977.787,-6970.657,-6977.787,-6.7298827,-6.3216796,0.8868284086614698,0.21545543760153943,0.21545543760153943,25,819,815,243,18,2.334192871626998,-2.5782506496355193,28.85390969907209,8.611289099683571,1723.6435008123153,0.0,-1.1628528,-18.630955,10.8775409783125,1.820632042333919,9.05690893597858,4.363762478312498,0.8075901792334573,1.1324847621216716,7.352123981352054,6.748360913734666,9.828101143694454,1.4446274212611152,0.828125,0.8383454813520528,0.23458241373466482,3.314322643694453,0.0,-1,0,0,0.0,0.0,0,0,0.0,0.0,1.0,0.14156059526520895,0.0034358421366887408,0.0034358421366887408,0.0,0.0,0.0,8.670731707317072,7.980392156862745,8.069672131147541,0.045081967213114756
245,deposition,Fe,Fe,none,0,1.0,droplet_added:side_attach:anchor=807:cn=10,z,xy,821,576,245,0,245,1218.0316050854226,4.078418236254683,300.0,0.001,215.45543760153942,0.21545543760153943,-6984.9204,-6977.787,-6984.9204,-6.7333007,-6.2171874,0.9999708739476121,0.21545543760153943,0.21545543760153943,44,820,807,244,27,1.9753470322091984,15.31121776466119,23.261062632343826,4.113804023836271,1723.6435008123153,0.0,-1.1669914,-18.697264,10.8775409783125,1.820632042333919,9.05690893597858,4.363762478312498,0.8075901792334573,1.1371260931139735,7.352123981352054,6.748360913734666,9.828101143694454,1.4446274212611152,0.828125,0.8383454813520528,0.23458241373466482,3.314322643694453,0.0,-1,0,0,0.0,0.0,0,0,0.0,0.0,1.0,0.1421407616392467,0.0034218182912328686,0.0034218182912328686,0.0,0.0,0.0,8.68940316686967,7.980392156862745,8.093877551020409,0.044897959183673466
246,deposition,Fe,Fe,none,0,1.0,droplet_added:side_attach:anchor=784:cn=4,z,xy,822,576,246,0,246,1218.2366172411707,0.20501215574806778,300.0,0.001,215.45543760153942,0.21545543760153943,-6993.105,-6984.9204,-6993.105,-7.78457,-6.2796874,0.9968108246836167,0.21545543760153943,0.21545543760153943,17,821,784,245,23,1.9564392228652883,32.119123747350976,4.6311296981784915,7.285492313285075,1723.6435008123153,0.0,-1.1717397,-18.77334,10.8775409783125,1.820632042333919,9.05690893597858,4.363762478312498,0.8075901792334573,1.1417674241062754,7.39325805062807,7.010577159622246,9.828101143694454,1.4236189073566312,0.828125,0.8794795506280693,0.4967986596222449,3.314322643694453,0.0,-1,0,0,0.0,0.0,0,0,0.0,0.0,1.0,0.14272092801328443,0.0035751201245043467,0.0035751201245043467,0.0,0.0,0.0,8.695863746958638,7.980392156862745,8.117886178861788,0.044715447154471545
247,deposition,Fe,Fe,none,0,1.0,droplet_added:side_attach:anchor=783:cn=3,z,xy,823,576,247,0,247,1221.4322004548235,3.195583213652817,300.0,0.001,215.45543760153942,0.21545543760153943,-7001.0034,-6993.105,-7001.0034,-7.4984374,-6.834375,0.999998495556946,0.21545543760153943,0.21545543760153943,11,822,783,246,23,2.177082660632746,17.205261466027608,2.5751334349951946,4.632351682408889,1723.6435008123153,0.0,-1.1763221,-18.846758,10.8775409783125,1.820632042333919,9.05690893597858,4.363762478312498,0.8075901792334573,1.1464087550985773,7.387161285044076,7.010577159622246,9.828101143694454,1.428104647365039,0.828125,0.8733827850440754,0.4967986596222449,3.314322643694453,0.0,-1,0,0,0.0,0.0,0,0,0.0,0.0,1.0,0.14330109438732216,0.0035359626924861354,0.0035359626924861354,0.0,0.0,0.0,8.690157958687728,7.980392156862745,8.105263157894736,0.044534412955465584
248,deposition,Fe,Fe,none,0,1.0,droplet_added:side_attach:anchor=801:cn=10,z,xy,824,576,248,0,248,1231.5862898278851,10.154089373061606,300.0,0.001,215.45543760153942,0.21545543760153943,-7008.076,-7001.0034,-7008.076,-6.672754,-6.0541015,0.9982164051269945,0.21545543760153943,0.21545543760153943,40,823,801,247,25,1.9311119440327116,12.800331437826083,23.010564763473116,4.366840991159737,1723.6435008123153,0.0,-1.1804255,-18.912502,10.8775409783125,1.820632042333919,9.05690893597858,4.363762478312498,0.8075901792334573,1.1510500860908792,7.387241473678342,7.010577159622246,9.828101143694454,1.4280557228103745,0.828125,0.8734629736783415,0.4967986596222449,3.314322643694453,0.0,-1,0,0,0.0,0.0,0,0,0.0,0.0,1.0,0.1438812607613599,0.0035220281196707316,0.0035220281196707316,0.0,0.0,0.0,8.694174757281553,7.980392156862745,8.108870967741936,0.04435483870967742
249,deposition,Fe,Fe,none,0,1.0,droplet_added:side_attach:anchor=774:cn=3,z,xy,825,576,249,0,249,1236.4282172436447,4.841927415759454,300.0,0.001,215.45543760153942,0.21545543760153943,-7015.5796,-7008.076,-7015.5796,-7.103418,-6.7240233,0.9999999995373475,0.21545543760153943,0.21545543760153943,13,824,774,248,24,2.154655211261628,10.855945757401521,37.85996015536313,10.952842088742061,1723.6435008123153,0.0,-1.1847787,-18.982248,10.940244002696053,1.820632042333919,9.119611960362134,4.426465502696052,0.8012506263406931,1.1556914170831811,7.39028775572424,7.010577159622246,9.84785112850425,1.4336794277786984,0.828125,0.8765092557242395,0.4967986596222449,3.3340726285042486,0.0,-1,0,0,0.0,0.0,0,0,0.0,0.0,1.0,0.14446142713539764,0.003520117492868432,0.003520117492868432,0.0,0.0,0.0,8.695757575757575,7.854166666666667,8.116465863453815,0.040160642570281124
250,deposition,Fe,Fe,none,0,1.0,"C:grid_no_anchor_point:3,7",z,xy,826,576,250,0,250,1251.129421198804,14.701203955159441,300.0,0.001,215.45543760153942,0.21545543760153943,-7023.1377,-7015.5796,-7023.1377,-7.1581054,-6.433496,0.9999879866141597,0.21545543760153943,0.21545543760153943,10,825,-1,64,109,2.4697296498304864,-4.734845906600537,38.232093155478125,8.717909091784936,1723.6435008123153,0.0,-1.1891637,-19.052504,10.940244002696053,1.820632042333919,9.119611960362134,4.426465502696052,0.8114641452854165,1.160332748075483,7.39028775572424,7.010577159622246,9.84785112850425,1.4336794277786984,0.828125,0.8765092557242395,0.4967986596222449,3.3340726285042486,0.0,-1,0,0,0.0,0.0,0,0,0.0,0.0,1.0,0.14504159350943538,0.0035060370228969582,0.0035060370228969582,0.0,0.0,0.0,8.694915254237289,7.76,8.116,0.04
251,deposition,Fe,Fe,none,0,1.0,droplet_added:side_attach:anchor=667:cn=1,z,xy,827,576,251,0,251,1268.427705440822,17.298284242017917,300.0,0.001,215.45543760153942,0.21545543760153943,-7030.7563,-7023.1377,-7030.7563,-7.2186522,-6.1458983,0.9784787488678292,0.21545543760153943,0.21545543760153943,8,826,667,250,23,2.4571529179036617,16.943198144744194,37.88454384195544,7.617295934016035,1723.6435008123153,0.0,-1.1935837,-19.12332,10.940244002696053,1.820632042333919,9.119611960362134,4.426465502696052,0.8129587406503253,1.164974079067785,7.39028775572424,7.010577159622246,9.84785112850425,1.4336794277786984,0.828125,0.8765092557242395,0.4967986596222449,3.3340726285042486,0.0,-1,0,0,0.0,0.0,0,0,0.0,0.0,1.0,0.14562175988347312,0.0034920687479053367,0.0034920687479053367,0.0,0.0,0.0,8.696493349455865,7.7254901960784315,8.123505976095618,0.0398406374501992
252,deposition,Fe,Fe,none,0,1.0,droplet_added:side_attach:anchor=740:cn=4,z,xy,828,576,252,0,252,1281.5083261669515,13.080620726129723,300.0,0.001,215.45543760153942,0.21545543760153943,-7039.4204,-7030.7563,-7039.4204,-8.264063,-7.7279296,1.0,0.21545543760153943,0.21545543760153943,15,827,740,251,36,1.9324997579080792,-3.480107327763207,36.294644024106134,9.450874477815555,1723.6435008123153,0.0,-1.1986104,-19.203857,10.940244002696053,1.820632042333919,9.119611960362134,4.426465502696052,0.8020468960977558,1.1696154100600868,7.391024445138454,7.010577159622246,9.84785112850425,1.4351407371566272,0.828125,0.8772459451384531,0.4967986596222449,3.3340726285042486,0.0,-1,0,0,0.0,0.0,0,0,0.0,0.0,1.0,0.14620192625751086,0.0034811347029303696,0.0034811347029303696,0.0,0.0,0.0,8.702898550724637,7.769230769230769,8.146825396825397,0.03571428571428571
253,deposition,Fe,Fe,none,0,1.0,"C:grid_no_anchor_point:4,7",z,xy,829,576,253,0,253,1286.6180632571688,5.109737090217381,300.0,0.001,215.45543760153942,0.21545543760153943,-7047.431,-7039.4204,-7047.431,-7.610742,-6.6180663,0.9999999999967459,0.21545543760153943,0.21545543760153943,16,828,-1,64,116,2.18713074716798,3.644208275666088,34.50921742189487,11.249409314567343,1723.6435008123153,0.0,-1.2032579,-19.278318,10.940244002696053,1.820632042333919,9.119611960362134,4.426465502696052,0.8241977090893873,1.174256741052389,7.3997922736174315,7.010577159622246,9.900207236937021,1.4541219092391793,0.828125,0.8860137736174307,0.4967986596222449,3.3864287369370203,0.0,-1,0,0,0.0,0.0,0,0,0.0,0.0,1.0,0.14678209263154862,0.003502030725760596,0.003502030725760596,0.0,0.0,0.0,8.704463208685162,7.811320754716981,8.154150197628459,0.03557312252964427
254,deposition,B,B,none,0,1.0,droplet_added:side_attach:anchor=597:cn=7,z,xy,830,576,254,0,254,1289.5136660869903,2.8956028298214735,300.0,0.001,215.45543760153942,0.21545543760153943,-7055.7954,-7047.431,-7055.7954,-8.264257,-7.208594,1.0,0.21545543760153943,0.21545543760153943,23,829,597,253,28,1.9265187591805852,26.086275668432982,3.7666800084411367,7.303552226235515,1723.6435008123153,0.0,-1.2081106,-19.356066,10.940244002696053,1.820632042333919,9.119611960362134,4.426465502696052,0.8240320561495426,1.1788980720446909,7.418730996190707,7.096816830436656,9.900207236937021,1.4498218805633367,0.828125,0.9049524961907061,0.5830383304366551,3.3864287369370203,0.0,-1,0,0,0.0,0.0,0,0,0.0,0.0,1.0,0.14736225900558636,0.003562805103113016,0.003562805103113016,0.0,0.0,0.0,8.713253012048193,7.830188679245283,8.18503937007874,0.031496062992125984
255,deposition,B,B,none,0,1.0,droplet_added:side_attach:anchor=702:cn=5,z,xy,831,576,255,0,255,1291.9889729843592,2.475306897368985,300.0,0.001,215.45543760153942,0.21545543760153943,-7062.958,-7055.7954,-7062.958,-7.0625978,-6.280371,0.9999884468834598,0.21545543760153943,0.21545543760153943,23,830,702,254,26,1.8887965185393298,22.960229907472044,4.024587590139278,3.3902911484939184,1723.6435008123153,0.0,-1.2122661,-19.422644,10.940244002696053,1.820632042333919,9.119611960362134,4.426465502696052,0.8240320561495426,1.1835394030369928,7.4227088612068,7.096816830436656,9.900207236937021,1.4498509728443771,0.828125,0.9089303612067994,0.5830383304366551,3.3864287369370203,0.0,-1,0,0,0.0,0.0,0,0,0.0,0.0,1.0,0.1479424253796241,0.003564432789046272,0.003564432789046272,0.0,0.0,0.0,8.719614921780988,7.830188679245283,8.20392156862745,0.03137254901960784
256,deposition,B,B,none,0,1.0,droplet_added:side_attach:anchor=805:cn=5,z,xy,832,576,256,0,256,1294.3282777257564,2.339304741397198,300.0,0.001,215.45543760153942,0.21545543760153943,-7071.0337,-7062.958,-7071.0337,-7.9756837,-6.5015626,0.9988625518222202,0.21545543760153943,0.21545543760153943,23,831,805,255,29,1.7445106858878485,2.5528914790356083,32.21669512696069,9.952039483283949,1723.6435008123153,0.0,-1.2169514,-19.497711,10.940244002696053,1.820632042333919,9.119611960362134,4.426465502696052,0.7978390336633464,1.1881807340292947,7.423514432237964,7.096816830436656,9.991788957087884,1.450123958043261,0.828125,0.9097359322379628,0.5830383304366551,3.4780104570878834,0.0,-1,0,0,0.0,0.0,0,0,0.0,0.0,1.0,0.14852259175366184,0.003553655985304542,0.003553655985304542,0.0,0.0,0.0,8.71875,7.754716981132075,8.21484375,0.03125
257,deposition,Fe,Fe,none,0,1.0,droplet_added:side_attach:anchor=622:cn=2,z,xy,833,576,257,0,257,1295.6935530370715,1.365275311315127,300.0,0.001,215.45543760153942,0.21545543760153943,-7078.471,-7071.0337,-7078.471,-7.0375,-5.9481444,0.8983777512354889,0.21545543760153943,0.21545543760153943,11,832,622,256,29,2.0356001361246454,30.7589891421124,15.61986576704436,5.458657237171843,1723.6435008123153,0.0,-1.2212663,-19.566843,10.940244002696053,1.820632042333919,9.119611960362134,4.426465502696052,0.7978390336633464,1.1928220650215966,7.42355077944828,7.096816830436656,9.991788957087884,1.4500454625118961,0.828125,0.909772279448279,0.5830383304366551,3.4780104570878834,0.0,-1,0,0,0.0,0.0,0,0,0.0,0.0,1.0,0.14910275812769958,0.00353996995894272,0.00353996995894272,0.0,0.0,0.0,8.722689075630251,7.754716981132075,8.22568093385214,0.03501945525291829
258,deposition,Fe,Fe,none,0,1.0,"C:grid_no_anchor_point:7,7",z,xy,834,576,258,0,258,1305.3553158920142,9.66176285494278,300.0,0.001,215.45543760153942,0.21545543760153943,-7085.91,-7078.471,-7085.91,-7.0389647,-6.316797,0.3576542357176236,0.21545543760153943,0.21545543760153943,10,833,-1,64,108,2.1931237781287587,20.058040181205207,34.8391232956364,7.917995627571385,1723.6435008123153,0.0,-1.2255821,-19.63599,10.940244002696053,1.820632042333919,9.119611960362134,4.426465502696052,0.7972117337850309,1.1974633960138985,7.423809304855026,7.108159614645398,9.933034278351778,1.4343103727451796,0.84375,0.9100308048550252,0.5943811146453974,3.4192557783517774,0.0,-1,0,0,0.0,0.0,0,0,0.0,0.0,1.0,0.1496829245017373,0.0035272511816086248,0.0035272511816086248,0.0,0.0,0.0,8.719424460431656,7.754716981132075,8.217054263565892,0.03875968992248062
259,deposition,Fe,Fe,none,0,1.0,droplet_added:side_attach:anchor=818:cn=3,z,xy,835,576,259,0,259,1312.2173914234359,6.862075531421669,300.0,0.001,215.45543760153942,0.21545543760153943,-7093.728,-7085.91,-7093.728,-7.417871,-6.0975585,0.9999999999999993,0.21545543760153943,0.21545543760153943,13,834,818,258,30,1.9530810736841049,20.755148491712074,1.0347094134442436,4.932334976080463,1723.6435008123153,0.0,-1.2301178,-19.70866,10.940244002696053,1.820632042333919,9.119611960362134,4.426465502696052,0.7972117337850309,1.2021047270062004,7.418341718482992,7.065039779238194,9.933034278351778,1.436108064561014,0.84375,0.9045632184829913,0.5512612792381928,3.4192557783517774,0.0,-1,0,0,0.0,0.0,0,0,0.0,0.0,1.0,0.15026309087577505,0.0034925220790849084,0.0034925220790849084,0.0,0.0,0.0,8.725748502994012,7.773584905660377,8.235521235521235,0.03861003861003861
260,deposition,Fe,Fe,none,0,1.0,droplet_added:side_attach:anchor=644:cn=3,z,xy,836,576,260,0,260,1323.4820581406389,11.264666717202951,300.0,0.001,215.45543760153942,0.21545543760153943,-7100.5337,-7093.728,-7100.5337,-6.405664,-6.1874022,0.9999958094693097,0.21545543760153943,0.21545543760153943,12,835,644,259,26,2.2826533347871467,34.369953374534894,7.928518311129554,4.40917921116384,1723.6435008123153,0.0,-1.2340662,-19.771921,10.940244002696053,1.820632042333919,9.119611960362134,4.426465502696052,0.7972117337850309,1.2067460579985023,7.418341718482992,7.065039779238194,9.933034278351778,1.436108064561014,0.84375,0.9045632184829913,0.5512612792381928,3.4192557783517774,0.0,-1,0,0,0.0,0.0,0,0,0.0,0.0,1.0,0.1508432572498128,0.0034790893018576585,0.0034790893018576585,0.0,0.0,0.0,8.724880382775119,7.773584905660377,8.234615384615385,0.04230769230769231
261,deposition,Fe,Fe,none,0,1.0,"C:grid_no_anchor_point:4,0",z,xy,837,576,261,0,261,1324.7850546955053,1.3029965548663551,300.0,0.001,215.45543760153942,0.21545543760153943,-7107.8237,-7100.5337,-7107.8237,-6.890039,-6.285547,0.9556297557802809,0.21545543760153943,0.21545543760153943,16,836,-1,64,112,2.0371327577815443,20.640101782619777,4.138114297978871,8.673953262282255,1723.6435008123153,0.0,-1.2382957,-19.839684,10.940244002696053,1.820632042333919,9.119611960362134,4.426465502696052,0.7889096936586855,1.2113873889908044,7.424926355257394,7.065039779238194,9.933034278351778,1.4410143764364935,0.84375,0.9111478552573935,0.5512612792381928,3.4192557783517774,0.0,-1,0,0,0.0,0.0,0,0,0.0,0.0,1.0,0.15142342362385056,0.003490987951177753,0.003490987951177753,0.0,0.0,0.0,8.726403823178016,7.7407407407407405,8.25287356321839,0.0421455938697318
262,deposition,Fe,Fe,none,0,1.0,droplet_added:side_attach:anchor=836:cn=4,z,xy,838,576,262,0,262,1327.8664049562242,3.0813502607187653,300.0,0.001,215.45543760153942,0.21545543760153943,-7116.2197,-7107.8237,-7116.2197,-7.995996,-6.9969726,0.9999996988183868,0.21545543760153943,0.21545543760153943,17,837,836,261,34,2.232410785117989,21.685309227968702,6.016648512131852,8.978723318009632,1723.6435008123153,0.0,-1.2431668,-19.917728,10.940244002696053,1.820632042333919,9.119611960362134,4.426465502696052,0.7817474886016701,1.2160287199831064,7.451638276652421,7.065039779238194,9.933034278351778,1.4556765629562802,0.84375,0.9378597766524202,0.5512612792381928,3.4192557783517774,0.0,-1,0,0,0.0,0.0,0,0,0.0,0.0,1.0,0.1520035899978883,0.0035796174681390082,0.0035796174681390082,0.0,0.0,0.0,8.725536992840096,7.745454545454545,8.255725190839694,0.04198473282442748
263,deposition,Fe,Fe,none,0,1.0,droplet_added:side_attach:anchor=828:cn=4,z,xy,839,576,263,0,263,1331.5053642418704,3.6389592856463304,300.0,0.001,215.45543760153942,0.21545543760153943,-7124.5605,-7116.2197,-7124.5605,-7.94082,-7.15957,1.0,0.21545543760153943,0.21545543760153943,20,838,828,262,27,2.1885836656538546,4.702997502513227,31.944096206569117,10.526663458961622,1723.6435008123153,0.0,-1.2480059,-19.995258,10.940244002696053,1.820632042333919,9.119611960362134,4.426465502696052,0.7978950322510635,1.2206700509754083,7.452338260610998,7.065039779238194,9.933034278351778,1.4572234418744974,0.84375,0.938559760610997,0.5512612792381928,3.4192557783517774,0.0,-1,0,0,0.0,0.0,0,0,0.0,0.0,1.0,0.15258375637192603,0.0035686682912965664,0.0035686682912965664,0.0,0.0,0.0,8.712753277711561,7.642857142857143,8.220532319391635,0.04182509505703422
264,deposition,Fe,Fe,none,0,1.0,"C:grid_anchor:2,6",z,xy,840,576,264,0,264,1347.5699677365974,16.06460349472702,300.0,0.001,215.45543760153942,0.21545543760153943,-7131.9805,-7124.5605,-7131.9805,-7.019922,-6.174707,0.33627163758587847,0.21545543760153943,0.21545543760153943,25,839,142,64,113,1.811235501057285,-3.9634056356045253,31.690604289924067,8.18392627788093,1723.6435008123153,0.0,-1.2523106,-20.064228,10.940244002696053,1.820632042333919,9.119611960362134,4.426465502696052,0.7992317878308604,1.2253113819677102,7.454031296943571,7.065039779238194,9.933034278351778,1.4583461029049827,0.84375,0.9402527969435699,0.5512612792381928,3.4192557783517774,0.0,-1,0,0,0.0,0.0,0,0,0.0,0.0,1.0,0.15316392274596377,0.0035615636247862494,0.0035615636247862494,0.0,0.0,0.0,8.711904761904762,7.614035087719298,8.212121212121213,0.041666666666666664
265,deposition,Fe,Fe,none,0,1.0,"C:grid_no_anchor_point:5,7",z,xy,841,576,265,0,265,1355.3463137675294,7.776346030932003,300.0,0.001,215.45543760153942,0.21545543760153943,-7140.6943,-7131.9805,-7140.6943,-8.313868,-6.963281,0.9999999999390385,0.21545543760153943,0.21545543760153943,16,840,-1,64,114,2.3035635457788968,11.08280603725623,33.815743244816595,11.833936127905814,1723.6435008123153,0.0,-1.2573661,-20.145226,11.417187660806626,1.820632042333919,9.596555618472706,4.903409160806625,0.7688306330129066,1.229952712960012,7.4720276492189805,7.065039779238194,9.952705589741111,1.5002394659409704,0.84375,0.9582491492189797,0.5512612792381928,3.43892708974111,0.0,-1,0,0,0.0,0.0,0,0,0.0,0.0,1.0,0.1537440891200015,0.0036160345253546406,0.0036160345253546406,0.0,0.0,0.0,8.72294887039239,7.5,8.249056603773585,0.03773584905660377
266,deposition,Fe,Fe,none,0,1.0,droplet_added:side_attach:anchor=792:cn=1,z,xy,842,576,266,0,266,1356.407575942598,1.0612621750684754,300.0,0.001,215.45543760153942,0.21545543760153943,-7148.5347,-7140.6943,-7148.5347,-7.440332,-5.7035155,0.9507546225659846,0.21545543760153943,0.21545543760153943,10,841,792,265,32,2.0249788272698934,31.158514615233916,0.8323033581328656,4.85276517025741,1723.6435008123153,0.0,-1.2619148,-20.218105,11.417187660806626,1.820632042333919,9.596555618472706,4.903409160806625,0.7688306330129066,1.234594043952314,7.474540725771111,7.065039779238194,9.952705589741111,1.4981515963779986,0.84375,0.9607622257711101,0.5512612792381928,3.43892708974111,0.0,-1,0,0,0.0,0.0,0,0,0.0,0.0,1.0,0.15432425549403925,0.0036118880668086846,0.0036118880668086846,0.0,0.0,0.0,8.724465558194774,7.5,8.25563909774436,0.041353383458646614
267,deposition,Fe,Fe,none,0,1.0,droplet_added:side_attach:anchor=593:cn=13,z,xy,843,576,267,0,267,1357.8411601944524,1.4335842518545268,300.0,0.001,215.45543760153942,0.21545543760153943,-7156.2915,-7148.5347,-7156.2915,-7.356836,-6.1371093,0.9279239836267563,0.21545543760153943,0.21545543760153943,43,842,593,266,29,2.019249339993845,17.392573506801398,29.206940572421175,4.75435595219425,1723.6435008123153,0.0,-1.266415,-20.290205,11.417187660806626,1.740604608233753,9.676583052572873,4.903409160806625,0.7688306330129066,1.2392353749446159,7.476936643167368,7.065039779238194,9.952705589741111,1.4969176860104765,0.84375,0.9631581431673668,0.5512612792381928,3.43892708974111,0.0,-1,0,0,0.0,0.0,0,0,0.0,0.0,1.0,0.15490442186807699,0.0036073338695406998,0.0036073338695406998,0.0,0.0,0.0,8.733096085409253,7.5,8.277153558052435,0.04119850187265917
268,deposition,Fe,Fe,none,0,1.0,"C:grid_anchor:6,2",z,xy,844,576,268,0,268,1363.24786391975,5.406703725297575,300.0,0.001,215.45543760153942,0.21545543760153943,-7164.1826,-7156.2915,-7164.1826,-7.491113,-6.4955077,0.9999999441247014,0.21545543760153943,0.21545543760153943,16,843,538,64,112,2.316169488198662,29.390290258252627,14.241235478890053,7.483281940377844,1723.6435008123153,0.0,-1.2709932,-20.363558,11.417187660806626,1.740604608233753,9.676583052572873,4.903409160806625,0.7688306330129066,1.2438767059369178,7.4787823121458175,7.065039779238194,9.952705589741111,1.4956925860582047,0.84375,0.9650038121458167,0.5512612792381928,3.43892708974111,0.0,-1,0,0,0.0,0.0,0,0,0.0,0.0,1.0,0.15548458824211472,0.0036007604930814053,0.0036007604930814053,0.0,0.0,0.0,8.746445497630331,7.5,8.305970149253731,0.041044776119402986
269,deposition,Fe,Fe,none,0,1.0,droplet_added:side_attach:anchor=791:cn=2,z,xy,845,576,269,0,269,1364.780208266325,1.5323443465750293,300.0,0.001,215.45543760153942,0.21545543760153943,-7171.2573,-7164.1826,-7171.2573,-6.674707,-6.228418,0.9999999931022168,0.21545543760153943,0.21545543760153943,18,844,791,268,20,1.9936928655566695,13.502218114330386,30.752916751963415,10.180562639800124,1723.6435008123153,0.0,-1.2750977,-20.429317,11.421915210579927,1.740604608233753,9.681310602346175,4.908136710579926,0.7749405312492689,1.2485180369292197,7.480217145527992,7.065039779238194,9.952705589741111,1.496984785533491,0.84375,0.9664386455279912,0.5512612792381928,3.43892708974111,0.0,-1,0,0,0.0,0.0,0,0,0.0,0.0,1.0,0.15606475461615246,0.0035927087194349114,0.0035927087194349114,0.0,0.0,0.0,8.740828402366864,7.448979591836735,8.28996282527881,0.040892193308550186
270,deposition,Fe,Fe,none,0,1.0,droplet_added:side_attach:anchor=650:cn=2,z,xy,846,576,270,0,270,1375.4083153559357,10.628107089610593,300.0,0.001,215.45543760153942,0.21545543760153943,-7178.632,-7171.2573,-7178.632,-6.9745116,-6.0384765,0.9254059636433178,0.21545543760153943,0.21545543760153943,9,845,650,269,20,2.108599047896189,31.29872406624705,0.6430306857225816,6.686990019853008,1723.6435008123153,0.0,-1.2793761,-20.497866,11.421915210579927,1.740604608233753,9.681310602346175,4.908136710579926,0.7749405312492689,1.2531593679215218,7.468952835449722,7.029283475657303,9.952705589741111,1.500190788060833,0.84375,0.9551743354497209,0.5155049756573025,3.43892708974111,0.0,-1,0,0,0.0,0.0,0,0,0.0,0.0,1.0,0.15664492099019023,0.003537682723887855,0.003537682723887855,0.0,0.0,0.0,8.739952718676124,7.448979591836735,8.285185185185185,0.040740740740740744
271,deposition,Fe,Fe,none,0,1.0,droplet_added:side_attach:anchor=838:cn=4,z,xy,847,576,271,0,271,1378.5833872216797,3.1750718657439374,300.0,0.001,215.45543760153942,0.21545543760153943,-7186.79,-7178.632,-7186.79,-7.758203,-7.0892577,0.999999687222065,0.21545543760153943,0.21545543760153943,15,846,838,270,27,2.2516731261167013,4.526353183041007,29.23140193191141,10.529957737932303,1723.6435008123153,0.0,-1.2841092,-20.573698,11.421915210579927,1.740604608233753,9.681310602346175,4.908136710579926,0.7691289936896055,1.2578006989138237,7.471231090916621,7.029283475657303,9.952705589741111,1.5017995573379421,0.84375,0.9574525909166205,0.5155049756573025,3.43892708974111,0.0,-1,0,0,0.0,0.0,0,0,0.0,0.0,1.0,0.15722508736422797,0.003533035390836238,0.003533035390836238,0.0,0.0,0.0,8.739079102715467,7.448979591836735,8.29520295202952,0.04059040590405904
272,deposition,Fe,Fe,none,0,1.0,droplet_added:side_attach:anchor=778:cn=4,z,xy,848,576,272,0,272,1381.3831278076334,2.799740585953661,300.0,0.001,215.45543760153942,0.21545543760153943,-7195.16,-7186.79,-7195.16,-7.970117,-6.287988,0.9424244508401977,0.21545543760153943,0.21545543760153943,17,847,778,271,27,1.9167860296859884,-1.5406115795512925,38.599780044867735,7.776862954515661,1723.6435008123153,0.0,-1.2889653,-20.651503,11.421915210579927,1.740604608233753,9.681310602346175,4.908136710579926,0.7680392058854987,1.2624420299061256,7.471231090916621,7.029283475657303,9.952705589741111,1.5017995573379421,0.84375,0.9574525909166205,0.5155049756573025,3.43892708974111,0.0,-1,0,0,0.0,0.0,0,0,0.0,0.0,1.0,0.1578052537382657,0.003520046290134634,0.003520046290134634,0.0,0.0,0.0,8.742924528301886,7.571428571428571,8.308823529411764,0.04044117647058824
273,deposition,Fe,Fe,none,0,1.0,"C:grid_no_anchor_point:2,7",z,xy,849,576,273,0,273,1394.9971183321568,13.613990524523397,300.0,0.001,215.45543760153942,0.21545543760153943,-7203.7803,-7195.16,-7203.7803,-8.220118,-6.3182616,0.7385103107387272,0.21545543760153943,0.21545543760153943,12,848,-1,64,111,2.6989429914941834,-6.499450513738346,35.98345203672239,9.951336914339297,1723.6435008123153,0.0,-1.2939664,-20.731628,11.421915210579927,1.740604608233753,9.681310602346175,4.908136710579926,0.7581587325015352,1.2670833608984275,7.4789143234816935,7.029283475657303,9.952705589741111,1.5083837354738319,0.84375,0.9651358234816927,0.5155049756573025,3.43892708974111,0.0,-1,0,0,0.0,0.0,0,0,0.0,0.0,1.0,0.15838542011230344,0.003535296056709497,0.003535296056709497,0.0,0.0,0.0,8.751472320376914,7.6,8.336996336996338,0.040293040293040296
274,deposition,Fe,Fe,none,0,1.0,droplet_added:side_attach:anchor=801:cn=9,z,xy,850,576,274,0,274,1395.6836539856372,0.6865356534804811,300.0,0.001,215.45543760153942,0.21545543760153943,-7210.827,-7203.7803,-7210.827,-6.646875,-6.1776366,0.9899401753459882,0.21545543760153943,0.21545543760153943,39,849,801,273,28,2.0169667275614525,11.11463072928641,23.8857332425322,4.365045872671401,1723.6435008123153,0.0,-1.2980548,-20.79713,11.421915210579927,1.740604608233753,9.681310602346175,4.908136710579926,0.7581587325015352,1.2717246918907295,7.4802585833362345,7.029283475657303,9.952705589741111,1.5075578674156402,0.84375,0.9664800833362337,0.5155049756573025,3.43892708974111,0.0,-1,0,0,0.0,0.0,0,0,0.0,0.0,1.0,0.15896558648634118,0.003527299574219831,0.003527299574219831,0.0,0.0,0.0,8.75529411764706,7.6,8.335766423357665,0.040145985401459854
275,deposition,Fe,Fe,none,0,1.0,droplet_added:side_attach:anchor=844:cn=4,z,xy,851,576,275,0,275,1404.3075621446735,8.623908159036226,300.0,0.001,215.45543760153942,0.21545543760153943,-7218.279,-7210.827,-7218.279,-7.05166,-6.7621093,0.9999999882026067,0.21545543760153943,0.21545543760153943,15,850,844,274,27,2.3735652964336005,11.770769902658582,29.205079438711707,10.109757936951526,1723.6435008123153,0.0,-1.302378,-20.866398,11.421915210579927,1.740604608233753,9.681310602346175,4.908136710579926,0.7583841439401449,1.2763660228830314,7.4802585833362345,7.029283475657303,9.952705589741111,1.5075578674156402,0.84375,0.9664800833362337,0.5155049756573025,3.43892708974111,0.0,-1,0,0,0.0,0.0,0,0,0.0,0.0,1.0,0.15954575286037892,0.003514473030313577,0.003514473030313577,0.0,0.0,0.0,8.756756756756756,7.588235294117647,8.338181818181818,0.04727272727272727
276,deposition,Fe,Fe,none,0,1.0,droplet_added:side_attach:anchor=624:cn=3,z,xy,852,576,276,0,276,1404.3975884575113,0.09002631283789975,300.0,0.001,215.45543760153942,0.21545543760153943,-7226.146,-7218.279,-7226.146,-7.4671874,-6.569238,0.9999996142494209,0.21545543760153943,0.21545543760153943,11,851,624,275,30,2.2192526084399002,32.33219369985083,14.1032511862419,5.78523932262126,1723.6435008123153,0.0,-1.3069422,-20.939524,11.421915210579927,1.740604608233753,9.681310602346175,4.908136710579926,0.7583841439401449,1.2810073538753333,7.450415302689182,7.010577159622246,9.900508014801451,1.504690105897012,0.859375,0.9366368026891809,0.4967986596222449,3.3867295148014502,0.0,-1,0,0,0.0,0.0,0,0,0.0,0.0,1.0,0.16012591923441666,0.003393611603946308,0.003393611603946308,0.0,0.0,0.0,8.748826291079812,7.588235294117647,8.322463768115941,0.04710144927536232
277,deposition,Fe,Fe,none,0,1.0,droplet_added:side_attach:anchor=771:cn=7,z,xy,853,576,277,0,277,1405.5584802758974,1.1608918183860513,300.0,0.001,215.45543760153942,0.21545543760153943,-7233.1055,-7226.146,-7233.1055,-6.5594726,-6.2313476,0.9999999567379714,0.21545543760153943,0.21545543760153943,40,852,771,276,30,2.198805311315361,19.63837329555599,11.030787344325045,4.103226956509143,1723.6435008123153,0.0,-1.31098,-21.004215,11.421915210579927,1.740604608233753,9.681310602346175,4.908136710579926,0.7583841439401449,1.2856486848676352,7.450123563105587,7.010577159622246,9.900508014801451,1.5048497680700368,0.859375,0.9363450631055859,0.4967986596222449,3.3867295148014502,0.0,-1,0,0,0.0,0.0,0,0,0.0,0.0,1.0,0.1607060856084544,0.0033803070870237757,0.0033803070870237757,0.0,0.0,0.0,8.759671746776084,7.588235294117647,8.332129963898916,0.04693140794223827
278,deposition,Fe,Fe,none,0,1.0,droplet_added:side_attach:anchor=736:cn=3,z,xy,854,576,278,0,278,1406.617703066562,1.0592227906644385,300.0,0.001,215.45543760153942,0.21545543760153943,-7240.9033,-7233.1055,-7240.9033,-7.3978515,-6.1947265,0.9999945034319572,0.21545543760153943,0.21545543760153943,14,853,736,277,28,2.004918910944722,25.07233897758554,0.8402629912129875,4.200684277644713,1723.6435008123153,0.0,-1.315504,-21.076698,11.421915210579927,1.740604608233753,9.681310602346175,4.908136710579926,0.7583841439401449,1.2902900158599373,7.450414905442477,7.010577159622246,9.900508014801451,1.5048347843973338,0.859375,0.9366364054424761,0.4967986596222449,3.3867295148014502,0.0,-1,0,0,0.0,0.0,0,0,0.0,0.0,1.0,0.16128625198249216,0.0033691957030304895,0.0033691957030304895,0.0,0.0,0.0,8.76112412177986,7.588235294117647,8.338129496402878,0.050359712230215826
279,deposition,Fe,Fe,none,0,1.0,droplet_added:side_attach:anchor=845:cn=4,z,xy,855,576,279,0,279,1407.4981180148452,0.880414948283214,300.0,0.001,215.45543760153942,0.21545543760153943,-7249.463,-7240.9033,-7249.463,-8.159571,-7.19375,1.0,0.21545543760153943,0.21545543760153943,13,854,845,278,33,2.3679547572533988,29.239610427218523,0.7549857077434343,6.497530515551473,1723.6435008123153,0.0,-1.32047,-21.156261,11.421915210579927,1.740604608233753,9.681310602346175,4.908136710579926,0.7583841439401449,1.2949313468522392,7.450429301397726,7.010577159622246,9.900508014801451,1.5050952522794547,0.859375,0.9366508013977253,0.4967986596222449,3.3867295148014502,0.0,-1,0,0,0.0,0.0,0,0,0.0,0.0,1.0,0.1618664183565299,0.0033571713311746428,0.0033571713311746428,0.0,0.0,0.0,8.757894736842106,7.588235294117647,8.329749103942651,0.04659498207885305
280,deposition,Fe,Fe,none,0,1.0,droplet_added:side_attach:anchor=708:cn=4,z,xy,856,576,280,0,280,1412.8824446584963,5.3843266436510095,300.0,0.001,215.45543760153942,0.21545543760153943,-7260.9253,-7249.463,-7260.9253,-11.062403,-6.7088866,0.9973503961585681,0.21545543760153943,0.21545543760153943,15,855,708,279,32,2.071976051541491,24.80297234231302,24.84293526958144,3.7694429810988805,1723.6435008123153,0.0,-1.3271201,-21.262808,11.421915210579927,1.740604608233753,9.681310602346175,4.908136710579926,0.7583841439401449,1.2995726778445411,7.443503695961875,7.010577159622246,9.900508014801451,1.5138413100106203,0.859375,0.9297251959618746,0.4967986596222449,3.3867295148014502,0.0,-1,0,0,0.0,0.0,0,0,0.0,0.0,1.0,0.16244658473056764,0.0033204471284352666,0.0033204471284352666,0.0,0.0,0.0,8.754672897196262,7.588235294117647,8.317857142857143,0.04642857142857143
281,deposition,Fe,Fe,none,0,1.0,droplet_added:side_attach:anchor=800:cn=3,z,xy,857,576,281,0,281,1416.366874653287,3.4844299947905304,300.0,0.001,215.45543760153942,0.21545543760153943,-7268.6567,-7260.9253,-7268.6567,-7.331445,-6.4486327,0.9999999982639131,0.21545543760153943,0.21545543760153943,9,856,800,280,32,1.902687827406661,8.826953061320921,2.478450408637085,4.810791741328395,1723.6435008123153,0.0,-1.3316056,-21.334673,11.421915210579927,1.740604608233753,9.681310602346175,4.908136710579926,0.7583841439401449,1.304214008836843,7.443279247946607,7.010577159622246,9.900508014801451,1.5120760585479789,0.859375,0.929500747946606,0.4967986596222449,3.3867295148014502,0.0,-1,0,0,0.0,0.0,0,0,0.0,0.0,1.0,0.16302675110460538,0.0033078318432263557,0.0033078318432263557,0.0,0.0,0.0,8.749124854142357,7.588235294117647,8.302491103202847,0.046263345195729534
282,deposition,Fe,Fe,none,0,1.0,"C:grid_no_anchor_point:5,7",z,xy,858,576,282,0,282,1416.827655794118,0.4607811408311968,300.0,0.001,215.45543760153942,0.21545543760153943,-7276.9033,-7268.6567,-7276.9033,-7.846582,-6.513086,0.9932130799676068,0.21545543760153943,0.21545543760153943,10,857,-1,64,112,2.4781902582849478,8.347379321255879,34.52029540383085,12.626099750403336,1723.6435008123153,0.0,-1.33639,-21.41133,11.801365218104412,1.740604608233753,10.060760609870659,5.287586718104411,0.7235605377755179,1.308855339829145,7.470785339565674,7.010577159622246,9.900508014801451,1.5761915826489787,0.859375,0.9570068395656728,0.4967986596222449,3.3867295148014502,0.0,-1,0,0,0.0,0.0,0,0,0.0,0.0,1.0,0.16360691747864312,0.0033936412750555775,0.0033936412750555775,0.0,0.0,0.0,8.752913752913752,7.5,8.315602836879433,0.04609929078014184
283,deposition,Fe,Fe,none,0,1.0,droplet_added:side_attach:anchor=850:cn=2,z,xy,859,576,283,0,283,1425.2204888653182,8.392833071200137,300.0,0.001,215.45543760153942,0.21545543760153943,-7285.387,-7276.9033,-7285.387,-8.083887,-6.7362304,0.9999916271078599,0.21545543760153943,0.21545543760153943,20,858,850,282,34,2.1998526265099816,9.641788174963828,28.574749406366347,9.727348826507475,1723.6435008123153,0.0,-1.341312,-21.490189,11.801365218104412,1.740604608233753,10.060760609870659,5.287586718104411,0.7221495891742644,1.3134966708214468,7.473783345645832,7.010577159622246,9.900508014801451,1.5792535448905156,0.859375,0.9600048456458312,0.4967986596222449,3.3867295148014502,0.0,-1,0,0,0.0,0.0,0,0,0.0,0.0,1.0,0.16418708385268085,0.003392243270833326,0.003392243270833326,0.0,0.0,0.0,8.749708963911525,7.463414634146342,8.30035335689046,0.045936395759717315
284,deposition,Fe,Fe,none,0,1.0,droplet_added:side_attach:anchor=724:cn=8,z,xy,860,576,284,0,284,1438.0251825326422,12.80469366732409,300.0,0.001,215.45543760153942,0.21545543760153943,-7294.311,-7285.387,-7294.311,-8.5238285,-6.141504,0.9966538430623519,0.21545543760153943,0.21545543760153943,23,859,724,283,18,1.6451168766997384,-7.789667227269774,32.80304407961646,3.4621204153907446,1723.6435008123153,0.0,-1.3464893,-21.573137,11.801365218104412,1.740604608233753,10.060760609870659,5.287586718104411,0.7221495891742644,1.3181380018137487,7.459704863411457,7.010577159622246,9.900508014801451,1.5791410497960967,0.859375,0.9459263634114565,0.4967986596222449,3.3867295148014502,0.0,-1,0,0,0.0,0.0,0,0,0.0,0.0,1.0,0.1647672502267186,0.003330726631730481,0.003330726631730481,0.0,0.0,0.0,8.755813953488373,7.463414634146342,8.309859154929578,0.045774647887323945
285,deposition,Fe,Fe,none,0,1.0,droplet_added:side_attach:anchor=789:cn=3,z,xy,861,576,285,0,285,1438.3192388970226,0.29405636438036153,300.0,0.001,215.45543760153942,0.21545543760153943,-7301.7183,-7294.311,-7301.7183,-7.0072265,-6.247461,0.9910126577749874,0.21545543760153943,0.21545543760153943,9,860,789,284,26,2.0099137912726364,35.11578655122499,3.89148851802933,5.991137282134306,1723.6435008123153,0.0,-1.3507868,-21.64199,11.801365218104412,1.740604608233753,10.060760609870659,5.287586718104411,0.7221495891742644,1.3227793328060506,7.45975724918147,7.010577159622246,9.900508014801451,1.5788342906342594,0.859375,0.9459787491814691,0.4967986596222449,3.3867295148014502,0.0,-1,0,0,0.0,0.0,0,0,0.0,0.0,1.0,0.16534741660075633,0.003319223681338488,0.003319223681338488,0.0,0.0,0.0,8.752613240418118,7.463414634146342,8.305263157894737,0.042105263157894736
286,deposition,Fe,Fe,none,0,1.0,droplet_added:side_attach:anchor=849:cn=8,z,xy,862,576,286,0,286,1449.9893772373518,11.670138340329208,300.0,0.001,215.45543760153942,0.21545543760153943,-7308.4214,-7301.7183,-7308.4214,-6.303125,-6.122949,0.3647180217242531,0.21545543760153943,0.21545543760153943,38,861,849,285,37,2.2014691103354846,8.767007766893878,24.44023787120866,4.38682107032145,1723.6435008123153,0.0,-1.3546757,-21.704298,11.801365218104412,1.740604608233753,10.060760609870659,5.287586718104411,0.7221495891742644,1.3274206637983526,7.460145202788895,7.010577159622246,9.900508014801451,1.5786142742135951,0.859375,0.946366702788894,0.4967986596222449,3.3867295148014502,0.0,-1,0,0,0.0,0.0,0,0,0.0,0.0,1.0,0.16592758297479407,0.003308974485275853,0.003308974485275853,0.0,0.0,0.0,8.756380510440835,7.463414634146342,8.297202797202797,0.04195804195804196
287,deposition,Fe,Fe,none,0,1.0,droplet_added:side_attach:anchor=823:cn=8,z,xy,863,576,287,0,287,1453.824752002379,3.8353747650270598,300.0,0.001,215.45543760153942,0.21545543760153943,-7315.4233,-7308.4214,-7315.4233,-6.601953,-6.1014647,0.9671005018079751,0.21545543760153943,0.21545543760153943,41,862,823,286,29,1.9619252568385919,14.471910060099209,21.16765697241227,4.148697121401804,1723.6435008123153,0.0,-1.358738,-21.769382,11.801365218104412,1.740604608233753,10.060760609870659,5.287586718104411,0.7221495891742644,1.3320619947906547,7.460145202788895,7.010577159622246,9.900508014801451,1.5786142742135951,0.859375,0.946366702788894,0.4967986596222449,3.3867295148014502,0.0,-1,0,0,0.0,0.0,0,0,0.0,0.0,1.0,0.16650774934883183,0.0032974449574525925,0.0032974449574525925,0.0,0.0,0.0,8.767091541135574,7.463414634146342,8.306620209059233,0.041811846689895474
288,deposition,Fe,Fe,none,0,1.0,droplet_added:side_attach:anchor=785:cn=3,z,xy,864,576,288,0,288,1460.307431560021,6.48267955764199,300.0,0.001,215.45543760153942,0.21545543760153943,-7323.0815,-7315.4233,-7323.0815,-7.258203,-6.459863,0.9152762062378202,0.21545543760153943,0.21545543760153943,14,863,785,287,23,1.9697400687759756,18.548798561279714,1.5768536562845035,7.016213934752929,1723.6435008123153,0.0,-1.363181,-21.840569,11.801365218104412,1.740604608233753,10.060760609870659,5.287586718104411,0.7208941296169272,1.3367033257829566,7.461811631586656,7.010577159622246,9.900508014801451,1.5791582863646176,0.859375,0.948033131586655,0.4967986596222449,3.3867295148014502,0.0,-1,0,0,0.0,0.0,0,0,0.0,0.0,1.0,0.16708791572286957,0.003291781706898108,0.003291781706898108,0.0,0.0,0.0,8.768518518518519,7.463414634146342,8.315972222222221,0.03819444444444445
289,deposition,Fe,Fe,none,0,1.0,droplet_added:side_attach:anchor=843:cn=3,z,xy,865,576,289,0,289,1468.087847051488,7.780415491466904,300.0,0.001,215.45543760153942,0.21545543760153943,-7330.841,-7323.0815,-7330.841,-7.3592772,-6.5628905,1.0,0.21545543760153943,0.21545543760153943,14,864,843,288,20,2.066592445105613,29.697349985500107,16.58350904262054,6.983362906779149,1723.6435008123153,0.0,-1.3676827,-21.912693,11.801365218104412,1.740604608233753,10.060760609870659,5.287586718104411,0.7208941296169272,1.3413446567752585,7.492271824839332,6.918695527075651,9.900508014801451,1.5391645168977106,0.859375,0.9784933248393308,0.40491702707565036,3.3867295148014502,0.0,-1,0,0,0.0,0.0,0,0,0.0,0.0,1.0,0.1676680820969073,0.0033857900513471653,0.0033857900513471653,0.0,0.0,0.0,8.772254335260115,7.463414634146342,8.328719723183392,0.03806228373702422
