step,event_type,deposited_species,intended_species,impurity_kind,is_vacancy,species_flux,anchor_mode,growth_axis,surface_axes,n_atoms,n_initial,n_added,n_vacancies,n_growth_events,kmc_time,dt,temperature_K,flux_ML_s,n_sites,deposition_total_rate_s_inv,e_total_eV,e_before_eV,e_after_eV,delta_e_relaxed_eV,e_ads_unrelaxed_eV,chosen_boltzmann_probability,rate_s_inv,total_rate_s_inv,mobile_count,added_index,anchor_index,n_surface_anchors,n_tested_candidates,min_distance_A,x_event_A,y_event_A,z_event_A,surface_area_A2,gamma_initial_eV_A2,gamma_effective_eV_A2,gamma_effective_J_m2,top_coord_A,bottom_coord_A,slab_thickness_A,growth_height_A,roughness_A,coverage_estimate_ML,front_mean_A,front_median_A,front_p90_A,front_grid_rms_A,front_grid_occupied_fraction,growth_front_mean_A,growth_front_median_A,growth_front_p90_A,first_template_layer_occupancy,highest_90pct_complete_layer,n_template_layers,contiguous_90pct_complete_layers,contiguous_complete_layer_fraction,mean_template_layer_occupancy,n_template_growth_sites,n_occupied_template_growth_sites,template_growth_occupancy_fraction,frozen_vacancy_fraction_of_template,incorporation_efficiency_per_event,added_areal_density_atoms_A2,growth_front_mean_per_event_A,growth_front_mean_per_added_atom_A,growth_front_mean_per_template_site_A,template_growth_extent_A,growth_front_mean_fraction_of_template,coordination_mean,coordination_surface_mean,coordination_added_mean,fraction_added_CN4
1,template_deposition,C,C,none,0,1.0,template_site:index=80:site=C:neigh=1:ahead0=1.230:mode=shell,x,yz,545,544,1,0,1,25.790877608714,25.790877608714,500.0,0.001,73.33890758690279,0.0733389075869028,-3776.0176,-3767.4905,-3776.0176,-8.5271,-7.175537,0.9834583966001141,0.0733389075869028,0.0733389075869028,17,544,80,8,8,1.419999999431977,6.7601533899566455,10.445495419695368,14.07247049315783,586.7112606952223,0.0,-0.014533725,-0.23285595,24.58811142524713,0.0,24.58811142524713,19.05771410836025,0.7244341737035371,0.013635327180392644,5.950710774290329,5.530397316886881,6.539149614655154,0.5944129919078815,0.16666666666666666,0.4203134574034477,0.0,1.0087522977682735,0.125,-1,34,0,0.0,0.003676470588235294,272,1,0.003676470588235294,0.0,1.0,0.0017044158975490806,0.4203134574034477,0.4203134574034477,0.0015452700639832636,41.81170649796779,0.010052530561599455,0.13944954128440368,0.0,1.0,0.0
2,template_deposition,C,C,none,0,1.0,template_site:index=81:site=C:neigh=2:ahead0=1.230:mode=shell,x,yz,546,544,2,0,2,61.584264699620846,35.79338709090685,500.0,0.001,73.33890758690279,0.0733389075869028,-3787.1233,-3776.0176,-3787.1233,-11.105713,-10.612793,1.0,0.0733389075869028,0.0733389075869028,16,545,81,7,7,1.3072564734145216,6.7601533899566455,11.865495420494945,14.07247049315783,586.7112606952223,0.0,-0.03346248,-0.53612804,24.58811142524713,0.0,24.58811142524713,19.05771410836025,0.7244341737035371,0.02727065436078529,5.963728517546923,5.530397316886881,6.570392198470983,0.6128228609728489,0.16666666666666666,0.43333120066004227,0.0,1.0399948815841018,0.25,-1,34,0,0.0,0.007352941176470588,272,2,0.007352941176470588,0.0,1.0,0.003408831795098161,0.21666560033002114,0.21666560033002114,0.0015931294141913318,41.81170649796779,0.01036387263172585,0.14652014652014653,0.0,2.0,0.0
3,template_deposition,C,C,none,0,1.0,template_site:index=116:site=C:neigh=1:ahead0=1.230:mode=shell,x,yz,547,544,3,0,3,75.30102560985154,13.716760910230692,500.0,0.001,73.33890758690279,0.0733389075869028,-3797.4133,-3787.1233,-3797.4133,-10.290039,-7.4416504,0.9999995076469098,0.0733389075869028,0.0733389075869028,16,546,116,6,6,1.466775362419037,6.7601533899566455,14.705495420076,14.07247049315783,586.7112606952223,0.0,-0.051000986,-0.8171259,24.58811142524713,0.0,24.58811142524713,19.05771410836025,0.7244341737035371,0.04090598154117794,6.363809777500158,6.730641096746588,6.810440954442924,0.5907169394796873,0.16666666666666666,0.8334124606132773,1.200243779859707,1.2800436375560427,0.375,-1,34,0,0.0,0.011029411764705883,272,3,0.011029411764705883,0.0,1.0,0.005113247692647242,0.2778041535377591,0.2778041535377591,0.0030640163993135195,41.81170649796779,0.01993251484853373,0.14990859232175502,0.0,1.6666666666666667,0.0
4,template_deposition,C,C,none,0,1.0,template_site:index=117:site=C:neigh=2:ahead0=1.230:mode=shell,x,yz,548,544,4,0,4,84.5510299051928,9.250004295341267,500.0,0.001,73.33890758690279,0.0733389075869028,-3810.7026,-3797.4133,-3810.7026,-13.289307,-9.811035,1.0,0.0733389075869028,0.0733389075869028,17,547,117,5,5,1.1928649752956002,6.7601533899566455,16.125495420875577,14.07247049315783,586.7112606952223,0.0,-0.07365149,-1.180027,24.58811142524713,0.0,24.58811142524713,19.05771410836025,0.7244341737035371,0.05454130872157058,6.388660094357373,6.805192047318232,6.825351144557253,0.6069706155300305,0.16666666666666666,0.8582627774704923,1.274794730431351,1.2949538276703718,0.5,-1,34,0,0.0,0.014705882352941176,272,4,0.014705882352941176,0.0,1.0,0.006817663590196322,0.21456569436762307,0.21456569436762307,0.003155377858347398,41.81170649796779,0.02052685358614117,0.16058394160583941,0.0,2.0,0.0
5,template_deposition,C,C,none,0,1.0,template_site:index=9:site=C:neigh=1:ahead0=1.230:mode=shell,x,yz,549,544,5,0,5,95.9437204005693,11.392690495376497,500.0,0.001,73.33890758690279,0.0733389075869028,-3819.4478,-3810.7026,-3819.4478,-8.745117,-6.804199,0.8181127537107418,0.0733389075869028,0.0733389075869028,13,548,9,4,4,1.4199999994319776,6.7601533899566455,3.345495419733684,14.07247049315783,586.7112606952223,0.0,-0.08855681,-1.4188366,24.58811142524713,0.0,24.58811142524713,19.05771410836025,0.7244341737035371,0.06817663590196323,7.08190367610996,6.830390918867008,7.454180633489114,0.37365268836458193,0.16666666666666666,1.5515063592230787,1.2999936019801268,1.9237833166022327,0.625,-1,34,0,0.0,0.01838235294117647,272,5,0.01838235294117647,0.0,1.0,0.008522079487745403,0.31030127184461576,0.31030127184461576,0.005704067497143672,41.81170649796779,0.037106984841637304,0.16393442622950818,0.0,1.8,0.0
6,template_deposition,C,C,none,0,1.0,template_site:index=8:site=C:neigh=1:ahead0=1.230:mode=shell,x,yz,550,544,6,0,6,128.6692481503494,32.72552774978011,500.0,0.001,73.33890758690279,0.0733389075869028,-3828.6597,-3819.4478,-3828.6597,-9.211914,-7.4348145,0.9999999934487578,0.0733389075869028,0.0733389075869028,14,549,8,3,3,1.4022781729936211,6.7601533899566455,1.9254954209522064,14.07247049315783,586.7112606952223,0.0,-0.10425774,-1.6703932,24.58811142524713,0.0,24.58811142524713,19.05771410836025,0.7244341737035371,0.08181196308235587,7.063626615048018,6.830390918867008,7.410315686940452,0.3478155469904666,0.16666666666666666,1.533229298161137,1.2999936019801268,1.8799183700535709,0.625,-1,34,0,0.0,0.01838235294117647,272,5,0.01838235294117647,0.0,1.0,0.010226495385294484,0.25553821636018953,0.25553821636018953,0.005636872419710063,41.81170649796779,0.03666985699891627,0.1709090909090909,0.0,2.0,0.0
7,template_deposition,C,C,none,0,1.0,template_site:index=45:site=C:neigh=1:ahead0=1.230:mode=shell,x,yz,551,544,7,0,7,131.26172485265127,2.5924767023018735,500.0,0.001,73.33890758690279,0.0733389075869028,-3836.5437,-3828.6597,-3836.5437,-7.884033,-6.524658,0.999999999997834,0.0733389075869028,0.0733389075869028,18,550,45,2,2,1.4819965724790904,6.7601533899566455,7.605495420114314,14.07247049315783,586.7112606952223,0.0,-0.11769541,-1.8856884,24.58811142524713,0.0,24.58811142524713,19.05771410836025,0.7244341737035371,0.09544729026274851,7.327504791468172,7.555296878958813,7.608679734293738,0.37033419817952207,0.16666666666666666,1.7971074745812912,2.0248995620719317,2.0782824174068573,0.75,-1,34,0,0.0,0.022058823529411766,272,6,0.022058823529411766,0.0,1.0,0.011930911282843563,0.25672963922589875,0.25672963922589875,0.006607012774195923,41.81170649796779,0.042980964545626416,0.17422867513611615,0.0,1.8571428571428572,0.0
8,template_deposition,C,C,none,0,1.0,template_site:index=44:site=C:neigh=2:ahead0=1.230:mode=shell,x,yz,552,544,8,0,8,151.70806827987084,20.446343427219578,500.0,0.001,73.33890758690279,0.0733389075869028,-3849.8796,-3836.5437,-3849.8796,-13.3359375,-10.010986,1.0,0.0733389075869028,0.0733389075869028,19,551,44,1,1,1.3671223768394982,6.7601533899566455,6.185495419314738,14.07247049315783,586.7112606952223,0.0,-0.1404254,-2.249863,24.58811142524713,0.0,24.58811142524713,19.05771410836025,0.7244341737035371,0.10908261744314116,7.305888066059187,7.547751208296426,7.561326995709607,0.3541133249470202,0.16666666666666666,1.775490749172306,2.0173538914095452,2.0309296788227265,0.75,-1,34,0,0.0,0.022058823529411766,272,6,0.022058823529411766,0.0,1.0,0.013635327180392644,0.22193634364653825,0.22193634364653825,0.006527539519015831,41.81170649796779,0.042463962796127484,0.18478260869565216,0.0,2.125,0.0
9,template_deposition,C,C,none,0,1.0,template_site:index=118:site=C:neigh=1:ahead0=2.460:mode=shell,x,yz,553,544,9,0,9,152.44039234031962,0.7323240604487833,500.0,0.001,73.33890758690279,0.0733389075869028,-3859.0195,-3849.8796,-3859.0195,-9.139893,-6.749756,0.9621463550123776,0.0733389075869028,0.0733389075869028,15,552,118,8,8,1.3799450292188713,7.989909463026413,16.835495420266316,14.07247049315783,586.7112606952223,0.0,-0.15600358,-2.499453,24.58811142524713,0.0,24.58811142524713,19.05771410836025,0.7244341737035371,0.1227179446235338,7.689359451254954,7.564720942562903,7.877429150837006,0.18839230795272618,0.16666666666666666,2.158962134368073,2.0343236256760218,2.3470318339501253,0.75,-1,34,0,0.0,0.025735294117647058,272,7,0.025735294117647058,0.0,1.0,0.015339743077941725,0.23988468159645254,0.23988468159645254,0.007937360788117916,41.81170649796779,0.05163535084302304,0.19168173598553345,0.0,2.111111111111111,0.0
10,template_deposition,C,C,none,0,1.0,template_site:index=119:site=C:neigh=1:ahead0=2.460:mode=shell,x,yz,554,544,10,0,10,165.04794544589203,12.6075531055724,500.0,0.001,73.33890758690279,0.0733389075869028,-3869.2756,-3859.0195,-3869.2756,-10.2561035,-8.018799,0.9999999999999987,0.0733389075869028,0.0733389075869028,12,553,119,7,7,1.3004928085731764,7.989909463026413,18.255495419047794,14.07247049315783,586.7112606952223,0.0,-0.17348425,-2.779524,24.58811142524713,0.0,24.58811142524713,19.05771410836025,0.7244341737035371,0.13635327180392645,7.709569552881994,7.564720942562903,7.925933394741903,0.21695692182726167,0.16666666666666666,2.1791722359951127,2.0343236256760218,2.395536077855022,0.75,-1,34,0,0.0,0.029411764705882353,272,8,0.029411764705882353,0.0,1.0,0.017044158975490806,0.21791722359951127,0.21791722359951127,0.008011662632334974,41.81170649796779,0.05211871072760517,0.20216606498194944,0.0,2.3,0.0
11,template_deposition,C,C,none,0,1.0,template_site:index=82:site=C:neigh=1:ahead0=2.460:mode=shell,x,yz,555,544,11,0,11,206.861037137542,41.81309169164998,500.0,0.001,73.33890758690279,0.0733389075869028,-3878.2104,-3869.2756,-3878.2104,-8.934814,-6.5202637,0.9999999996465818,0.0733389075869028,0.0733389075869028,16,554,82,6,6,1.4582255512292417,7.989909463026413,12.575495419885684,14.07247049315783,586.7112606952223,0.0,-0.18871288,-3.0235138,24.58811142524713,0.0,24.58811142524713,19.05771410836025,0.7244341737035371,0.1499885989843191,7.832525481800772,7.933588729319239,7.99970695209317,0.20417305398255658,0.16666666666666666,2.302128164913891,2.403191412432358,2.4693096352062893,0.75,-1,34,0,0.0,0.03308823529411765,272,9,0.03308823529411765,0.0,1.0,0.018748574873039887,0.20928437862853555,0.20928437862853555,0.008463706488654011,41.81170649796779,0.05505941655420793,0.209009009009009,0.0,2.3636363636363638,0.0
12,template_deposition,C,C,none,0,1.0,template_site:index=83:site=C:neigh=2:ahead0=2.460:mode=shell,x,yz,556,544,12,0,12,223.7582420959585,16.89720495841649,500.0,0.001,73.33890758690279,0.0733389075869028,-3888.6597,-3878.2104,-3888.6597,-10.449219,-9.105957,1.0,0.0733389075869028,0.0733389075869028,17,555,83,5,5,1.3372030630652092,7.989909463026413,13.99549542068526,14.07247049315783,586.7112606952223,0.0,-0.2065227,-3.3088586,24.58811142524713,0.0,24.58811142524713,19.05771410836025,0.7244341737035371,0.16362392616471175,7.803849342589324,7.8475603116848935,7.982501268566301,0.19373969748792186,0.16666666666666666,2.2734520257024426,2.3171629947980126,2.45210395167942,0.75,-1,34,0,0.0,0.03308823529411765,272,9,0.03308823529411765,0.0,1.0,0.02045299077058897,0.18945433547520354,0.18945433547520354,0.00835827950625898,41.81170649796779,0.05437357659183179,0.2158273381294964,0.0,2.5,0.0
13,template_deposition,C,C,none,0,1.0,template_site:index=11:site=C:neigh=1:ahead0=2.460:mode=shell,x,yz,557,544,13,0,13,252.9219284799849,29.16368638402639,500.0,0.001,73.33890758690279,0.0733389075869028,-3895.4922,-3888.6597,-3895.4922,-6.8325195,-5.5473633,0.9922784544674633,0.0733389075869028,0.0733389075869028,16,556,11,4,4,1.4289088135176038,7.989909463026413,5.475495419923999,14.07247049315783,586.7112606952223,0.0,-0.21816815,-3.4954393,24.58811142524713,0.0,24.58811142524713,19.05771410836025,0.7244341737035371,0.1772592533451044,7.952697999917086,7.9942971802797125,8.011848642285265,0.07488116647048851,0.16666666666666666,2.4223006830302047,2.4638998633928315,2.4814513253983845,0.75,-1,34,0,0.0,0.03676470588235294,272,10,0.03676470588235294,0.0,1.0,0.02215740666813805,0.18633082177155422,0.18633082177155422,0.008905517217022811,41.81170649796779,0.05793355224924718,0.21903052064631956,0.0,2.4615384615384617,0.0
14,template_deposition,C,C,none,0,1.0,template_site:index=10:site=C:neigh=2:ahead0=2.460:mode=shell,x,yz,558,544,14,0,14,255.6924372157851,2.770508735800211,500.0,0.001,73.33890758690279,0.0733389075869028,-3904.2998,-3895.4922,-3904.2998,-8.807617,-7.7143555,1.0,0.0733389075869028,0.0733389075869028,17,557,10,3,3,1.4626089134989262,7.989909463026413,4.055495419124423,14.07247049315783,586.7112606952223,0.0,-0.23318,-3.7359555,24.58811142524713,0.0,24.58811142524713,19.05771410836025,0.7244341737035371,0.19089458052549702,7.950102831144129,7.986511673960839,8.01029154102149,0.07351697155205615,0.16666666666666666,2.419705514257248,2.4561143570739583,2.4798942241346085,0.875,-1,34,0,0.0,0.04411764705882353,272,12,0.04411764705882353,0.0,1.0,0.023861822565687127,0.172836108161232,0.172836108161232,0.008895976155357529,41.81170649796779,0.057871484254651384,0.22580645161290322,0.0,2.5714285714285716,0.07142857142857142
15,template_deposition,C,C,none,0,1.0,template_site:index=47:site=C:neigh=1:ahead0=2.460:mode=shell,x,yz,559,544,15,0,15,263.0824037314476,7.389966515662499,500.0,0.001,73.33890758690279,0.0733389075869028,-3910.4885,-3904.2998,-3910.4885,-6.1887207,-5.3171387,0.9999998895321653,0.0733389075869028,0.0733389075869028,18,558,47,2,2,1.4547155191050771,7.989909463026413,9.73549542030463,14.07247049315783,586.7112606952223,0.0,-0.24372815,-3.9049554,24.58811142524713,0.0,24.58811142524713,19.05771410836025,0.7244341737035371,0.20452990770588966,8.015300491614866,8.016236507786653,8.037769936035016,0.023133314351094853,0.16666666666666666,2.484903174727985,2.485839190899772,2.5073726191481347,0.875,-1,34,0,0.0,0.04779411764705882,272,13,0.04779411764705882,0.0,1.0,0.025566238463236208,0.16566021164853234,0.16566021164853234,0.009135673436499944,41.81170649796779,0.059430800195843736,0.22898032200357782,0.0,2.533333333333333,0.06666666666666667
16,template_deposition,C,C,none,0,1.0,template_site:index=46:site=C:neigh=2:ahead0=2.460:mode=shell,x,yz,560,544,16,0,16,276.5512890009938,13.468885269546208,500.0,0.001,73.33890758690279,0.0733389075869028,-3919.6125,-3910.4885,-3919.6125,-9.124023,-8.1604,1.0,0.0733389075869028,0.0733389075869028,18,559,46,1,1,1.5038223854390402,7.989909463026413,8.315495419505053,14.07247049315783,586.7112606952223,0.0,-0.25927928,-4.1541123,24.58811142524713,0.0,24.58811142524713,19.05771410836025,0.7244341737035371,0.2181652348862823,8.000972631029299,8.000169711340407,8.013023148497403,0.012148386628496996,0.16666666666666666,2.470575314142418,2.4697723944535257,2.4826258316105223,1.0,0,34,1,0.029411764705882353,0.05514705882352941,272,15,0.05514705882352941,0.0,1.0,0.02727065436078529,0.15441095713390113,0.15441095713390113,0.009082997478464772,41.81170649796779,0.05908812438120643,0.2357142857142857,0.0,2.625,0.125
17,template_deposition,C,C,none,0,1.0,template_site:index=120:site=C:neigh=1:ahead0=3.689:mode=shell,x,yz,561,544,17,0,17,314.293544370557,37.742255369563196,500.0,0.001,73.33890758690279,0.0733389075869028,-3926.897,-3919.6125,-3926.897,-7.284424,-6.751709,0.9960224975834314,0.0733389075869028,0.0733389075869028,15,560,120,8,8,1.4242602299323126,9.219665536096178,14.705495420076,14.07247049315783,586.7112606952223,0.0,-0.27169496,-4.353033,24.58811142524713,0.0,24.58811142524713,19.05771410836025,0.7244341737035371,0.23180056206667496,8.402171035884692,8.000169711340407,8.975899320150344,0.5782003021692531,0.16666666666666666,2.8717737189978108,2.4697723944535257,3.4455020032634627,1.0,0,34,1,0.029411764705882353,0.05514705882352941,272,15,0.05514705882352941,0.0,1.0,0.02897507025833437,0.16892786582340064,0.16892786582340064,0.01055799161396254,41.81170649796779,0.06868348506984258,0.23885918003565063,0.0,2.588235294117647,0.11764705882352941
18,template_deposition,C,C,none,0,1.0,template_site:index=121:site=C:neigh=1:ahead0=3.689:mode=shell,x,yz,562,544,18,0,18,335.83844605340266,21.54490168284565,500.0,0.001,73.33890758690279,0.0733389075869028,-3937.168,-3926.897,-3937.168,-10.270996,-8.72168,1.0,0.0733389075869028,0.0733389075869028,16,561,121,7,7,1.3999056396825313,9.219665536096178,16.125495420875577,14.07247049315783,586.7112606952223,0.0,-0.28920102,-4.633511,24.58811142524713,0.0,24.58811142524713,19.05771410836025,0.7244341737035371,0.2454358892470676,8.39356683637839,8.000169711340407,8.955249241335219,0.5660327045120633,0.16666666666666666,2.8631695194915094,2.4697723944535257,3.4248519244483377,1.0,0,34,1,0.029411764705882353,0.0625,272,17,0.0625,0.0,1.0,0.03067948615588345,0.15906497330508385,0.15906497330508385,0.010526358527542315,41.81170649796779,0.0684777006083373,0.24199288256227758,0.0,2.611111111111111,0.1111111111111111
19,template_deposition,C,C,none,0,1.0,template_site:index=49:site=C:neigh=1:ahead0=3.689:mode=shell,x,yz,563,544,19,0,19,347.4228167806514,11.584370727248706,500.0,0.001,73.33890758690279,0.0733389075869028,-3944.032,-3937.168,-3944.032,-6.8640137,-6.305176,0.007765057450639946,0.0733389075869028,0.0733389075869028,17,562,49,6,6,1.466900253233134,9.219665536096178,7.605495420114314,14.07247049315783,586.7112606952223,0.0,-0.30090016,-4.820952,24.58811142524713,0.0,24.58811142524713,19.05771410836025,0.7244341737035371,0.2590712164274602,8.798766539215986,9.194019123833922,9.197250903933696,0.5618305033315251,0.16666666666666666,3.268369222329105,3.6636218069470408,3.6668535870468153,1.0,0,34,1,0.029411764705882353,0.0661764705882353,272,18,0.0661764705882353,0.0,1.0,0.03238390205343253,0.17201943275416343,0.17201943275416343,0.012016063317386416,41.81170649796779,0.07816875932791599,0.24511545293072823,0.0,2.5789473684210527,0.10526315789473684
20,template_deposition,C,C,none,0,1.0,template_site:index=48:site=C:neigh=2:ahead0=3.689:mode=shell,x,yz,564,544,20,0,20,354.72021811722186,7.297401336570461,500.0,0.001,73.33890758690279,0.0733389075869028,-3954.1057,-3944.032,-3954.1057,-10.07373,-9.523682,1.0,0.0733389075869028,0.0733389075869028,16,563,48,5,5,1.4017595149297044,9.219665536096178,6.185495419314738,14.07247049315783,586.7112606952223,0.0,-0.31807,-5.096043,24.58811142524713,0.0,24.58811142524713,19.05771410836025,0.7244341737035371,0.2727065436078529,9.201407905167152,9.194019123833922,9.218463429376385,0.016735441965718655,0.16666666666666666,3.6710105882802706,3.6636218069470408,3.688066112489504,1.0,0,34,1,0.029411764705882353,0.06985294117647059,272,19,0.06985294117647059,0.0,1.0,0.03408831795098161,0.18355052941401354,0.18355052941401354,0.013496362456912759,41.81170649796779,0.08779863095180522,0.25177304964539005,0.0,2.65,0.1
21,template_deposition,C,C,none,0,1.0,template_site:index=13:site=C:neigh=1:ahead0=3.689:mode=shell,x,yz,565,544,21,0,21,371.1473755818918,16.42715746466998,500.0,0.001,73.33890758690279,0.0733389075869028,-3961.536,-3954.1057,-3961.536,-7.430176,-7.1533203,0.9999999999999998,0.0733389075869028,0.0733389075869028,14,564,13,4,4,1.4163248326727178,9.219665536096178,3.345495419733684,14.07247049315783,586.7112606952223,0.0,-0.3307341,-5.2989445,24.58811142524713,0.0,24.58811142524713,19.05771410836025,0.7244341737035371,0.2863418707882455,9.203843680958382,9.194019123833922,9.224309291275338,0.0201196002690487,0.16666666666666666,3.673446364071501,3.6636218069470408,3.693911974388457,1.0,0,34,1,0.029411764705882353,0.07352941176470588,272,20,0.07352941176470588,0.0,1.0,0.03579273384853069,0.17492601733673815,0.17492601733673815,0.013505317514968754,41.81170649796779,0.08785688678480619,0.25486725663716814,0.0,2.619047619047619,0.09523809523809523
22,template_deposition,C,C,none,0,1.0,template_site:index=12:site=C:neigh=1:ahead0=3.689:mode=shell,x,yz,566,544,22,0,22,376.03035668638364,4.882981104491822,500.0,0.001,73.33890758690279,0.0733389075869028,-3970.1775,-3961.536,-3970.1775,-8.641602,-7.9069824,1.0,0.0733389075869028,0.0733389075869028,12,565,12,3,3,1.4231548343901894,9.219665536096178,1.9254954209522064,14.07247049315783,586.7112606952223,0.0,-0.34546298,-5.5349274,24.58811142524713,0.0,24.58811142524713,19.05771410836025,0.7244341737035371,0.2999771979686382,9.203397336640027,9.194019123833922,9.223238064911286,0.019497882491294083,0.16666666666666666,3.673000019753146,3.6636218069470408,3.6928407480244045,1.0,0,34,1,0.029411764705882353,0.07720588235294118,272,21,0.07720588235294118,0.0,1.0,0.037497149746079775,0.16695454635241572,0.16695454635241572,0.013503676543210094,41.81170649796779,0.08784621168073271,0.2579505300353357,0.0,2.590909090909091,0.09090909090909091
23,template_deposition,C,C,none,0,1.0,template_site:index=84:site=C:neigh=1:ahead0=3.689:mode=shell,x,yz,567,544,23,0,23,383.58961823030074,7.559261543917077,500.0,0.001,73.33890758690279,0.0733389075869028,-3976.6653,-3970.1775,-3976.6653,-6.487793,-5.5820312,1.0,0.0733389075869028,0.0733389075869028,18,566,84,2,2,1.4505055305787682,9.219665536096178,10.445495419695368,14.07247049315783,586.7112606952223,0.0,-0.35652086,-5.712094,24.58811142524713,0.0,24.58811142524713,19.05771410836025,0.7244341737035371,0.3136125251490308,9.269199362604722,9.230542800180626,9.352537491075822,0.08186414645897452,0.16666666666666666,3.738802045717841,3.7001454832937446,3.8221401741889407,1.0,0,34,1,0.029411764705882353,0.08088235294117647,272,22,0.08088235294117647,0.0,1.0,0.03920156564362885,0.1625566106833844,0.1625566106833844,0.013745595756315591,41.81170649796779,0.08941998207845357,0.25749559082892415,0.0,2.5217391304347827,0.043478260869565216
24,template_deposition,C,C,none,0,1.0,template_site:index=85:site=C:neigh=1:ahead0=3.689:mode=shell,x,yz,568,544,24,0,24,385.40822000062474,1.8186017703239876,500.0,0.001,73.33890758690279,0.0733389075869028,-3986.358,-3976.6653,-3986.358,-9.692627,-8.32373,1.0,0.0733389075869028,0.0733389075869028,17,567,85,1,1,1.4181592813030757,9.219665536096178,11.865495420494945,14.07247049315783,586.7112606952223,0.0,-0.37304115,-5.9767785,24.58811142524713,0.0,24.58811142524713,19.05771410836025,0.7244341737035371,0.3272478523294235,9.261436960997496,9.230542800180626,9.329444705284724,0.06677816179692318,0.16666666666666666,3.7310396441106155,3.7001454832937446,3.7990473883978426,1.0,2,34,3,0.08823529411764706,0.08823529411764706,272,24,0.08823529411764706,0.0,1.0,0.04090598154117794,0.15545998517127566,0.15545998517127566,0.013717057515112556,41.81170649796779,0.08923433068420583,0.2640845070422535,0.0,2.5833333333333335,0.08333333333333333
25,template_deposition,C,C,none,0,1.0,template_site:index=15:site=C:neigh=1:ahead0=4.919:mode=shell,x,yz,569,544,25,0,25,402.3843511879337,16.97613118730894,500.0,0.001,73.33890758690279,0.0733389075869028,-3994.8735,-3986.358,-3994.8735,-8.515625,-7.3271484,0.999999703371336,0.0733389075869028,0.0733389075869028,16,568,15,8,8,1.4508349328390733,10.449421609165945,5.475495419923999,14.07247049315783,586.7112606952223,0.0,-0.3875553,-6.2093205,24.58811142524713,0.0,24.58811142524713,19.05771410836025,0.7244341737035371,0.3408831795098161,9.661700767880367,9.354170181560749,10.215901412975539,0.5478594019049838,0.16666666666666666,4.131303450993486,3.8237728646738676,4.685504096088658,1.0,2,34,3,0.08823529411764706,0.09191176470588236,272,25,0.09191176470588236,0.0,1.0,0.042610397438727014,0.16525213803973945,0.16525213803973945,0.015188615628652521,41.81170649796779,0.09880733882971945,0.2671353251318102,0.0,2.56,0.08
26,template_deposition,C,C,none,0,1.0,template_site:index=14:site=C:neigh=2:ahead0=4.919:mode=shell,x,yz,570,544,26,0,26,431.5164099721431,29.132058784209402,500.0,0.001,73.33890758690279,0.0733389075869028,-4006.7834,-3994.8735,-4006.7834,-11.909912,-10.295166,1.0,0.0733389075869028,0.0733389075869028,17,569,14,7,7,1.3254183793093546,10.449421609165945,4.055495419124423,14.07247049315783,586.7112606952223,0.0,-0.40785477,-6.534554,24.58811142524713,0.0,24.58811142524713,19.05771410836025,0.7244341737035371,0.3545185066902088,9.682191395478519,9.354170181560749,10.265078919211104,0.5766543165860547,0.16666666666666666,4.151794078591638,3.8237728646738676,4.7346816023242235,1.0,1,34,2,0.058823529411764705,0.09191176470588236,272,25,0.09191176470588236,0.0,1.0,0.0443148133362761,0.1596843876381399,0.1596843876381399,0.01526394881835161,41.81170649796779,0.09929740798293968,0.2736842105263158,0.0,2.6538461538461537,0.038461538461538464
27,template_deposition,C,C,none,0,1.0,template_site:index=50:site=C:neigh=1:ahead0=4.919:mode=shell,x,yz,571,544,27,0,27,435.3098380925175,3.7934281203743887,500.0,0.001,73.33890758690279,0.0733389075869028,-4016.3943,-4006.7834,-4016.3943,-9.61084,-7.14209,0.9999785859377219,0.0733389075869028,0.0733389075869028,16,570,50,6,6,1.4887913223281122,10.449421609165945,8.315495419505053,14.07247049315783,586.7112606952223,0.0,-0.4242356,-6.797004,24.58811142524713,0.0,24.58811142524713,19.05771410836025,0.7244341737035371,0.3681538338706014,10.098193897568597,10.415642475096185,10.62660154810603,0.6444586064644384,0.16666666666666666,4.5677965806817165,4.885245158209304,5.09620423121915,1.0,1,34,2,0.058823529411764705,0.09191176470588236,272,25,0.09191176470588236,0.0,1.0,0.046019229233825176,0.16917765113635988,0.16917765113635988,0.016793369781918074,41.81170649796779,0.10924683451759447,0.28021015761821366,0.0,2.6666666666666665,0.037037037037037035
28,template_deposition,C,C,none,0,1.0,template_site:index=51:site=C:neigh=2:ahead0=4.919:mode=shell,x,yz,572,544,28,0,28,445.0654817889598,9.755643696442288,500.0,0.001,73.33890758690279,0.0733389075869028,-4026.5818,-4016.3943,-4026.5818,-10.1875,-8.402344,1.0,0.0733389075869028,0.0733389075869028,17,571,51,5,5,1.3890579198057937,10.449421609165945,9.73549542030463,14.07247049315783,586.7112606952223,0.0,-0.44159937,-7.075202,24.58811142524713,0.0,24.58811142524713,19.05771410836025,0.7244341737035371,0.38178916105099403,10.106154560175437,10.415642475096185,10.645707138362447,0.6516949261702214,0.16666666666666666,4.575757243288556,4.885245158209304,5.115309821475566,1.0,1,34,2,0.058823529411764705,0.09926470588235294,272,27,0.09926470588235294,0.0,1.0,0.047723645131374254,0.16341990154601985,0.16341990154601985,0.016822636923854984,41.81170649796779,0.10943722766998173,0.2867132867132867,0.0,2.7142857142857144,0.03571428571428571
29,template_deposition,C,C,none,0,1.0,template_site:index=86:site=C:neigh=1:ahead0=4.919:mode=shell,x,yz,573,544,29,0,29,450.5624823904652,5.497000601505435,500.0,0.001,73.33890758690279,0.0733389075869028,-4037.1426,-4026.5818,-4037.1426,-10.560791,-7.190674,0.9999999794898644,0.0733389075869028,0.0733389075869028,18,572,86,4,4,1.4972064987816989,10.449421609165945,12.575495419885684,14.07247049315783,586.7112606952223,0.0,-0.45959935,-7.3635936,24.58811142524713,0.0,24.58811142524713,19.05771410836025,0.7244341737035371,0.3954244882313867,10.123171112287805,10.415642475096185,10.660963495198622,0.6427615668646829,0.16666666666666666,4.592773795400924,4.885245158209304,5.130566178311741,1.0,1,34,2,0.058823529411764705,0.10294117647058823,272,28,0.10294117647058823,0.0,1.0,0.04942806102892334,0.15837151018623877,0.15837151018623877,0.01688519777720928,41.81170649796779,0.10984420823924397,0.2931937172774869,0.0,2.7241379310344827,0.034482758620689655
30,template_deposition,C,C,none,0,1.0,template_site:index=87:site=C:neigh=2:ahead0=4.919:mode=shell,x,yz,574,544,30,0,30,458.1549637979922,7.592481407526982,500.0,0.001,73.33890758690279,0.0733389075869028,-4047.013,-4037.1426,-4047.013,-9.870361,-9.054199,1.0,0.0733389075869028,0.0733389075869028,17,573,87,3,3,1.283266011796951,10.449421609165945,13.99549542068526,14.07247049315783,586.7112606952223,0.0,-0.47642255,-7.633131,24.58811142524713,0.0,24.58811142524713,19.05771410836025,0.7244341737035371,0.4090598154117793,10.534345166583469,10.457986809800643,10.675122333842989,0.13900808150263755,0.16666666666666666,5.003947849696588,4.927589492913762,5.144725016956108,1.0,1,34,2,0.058823529411764705,0.10294117647058823,272,28,0.10294117647058823,0.0,1.0,0.051132476926472416,0.16679826165655293,0.16679826165655293,0.01839686709447275,41.81170649796779,0.11967815401028416,0.29965156794425085,0.0,2.7666666666666666,0.03333333333333333
31,template_deposition,C,C,none,0,1.0,template_site:index=122:site=C:neigh=1:ahead0=4.919:mode=shell,x,yz,575,544,31,0,31,473.9605812237957,15.805617425803517,500.0,0.001,73.33890758690279,0.0733389075869028,-4057.9485,-4047.013,-4057.9485,-10.935547,-7.086914,1.0,0.0733389075869028,0.0733389075869028,15,574,122,2,2,1.4763505532637535,10.449421609165945,16.835495420266316,14.07247049315783,586.7112606952223,0.0,-0.49506125,-7.931756,24.58811142524713,0.0,24.58811142524713,19.05771410836025,0.7244341737035371,0.422695142592172,10.623495178572133,10.72543684576664,10.728612341036188,0.1469829893319462,0.16666666666666666,5.093097861685252,5.195039528879758,5.198215024149307,1.0,0,34,1,0.029411764705882353,0.10294117647058823,272,28,0.10294117647058823,0.0,1.0,0.0528368928240215,0.1642934794092017,0.1642934794092017,0.0187246244914899,41.81170649796779,0.12181033227937722,0.3026086956521739,0.0,2.7419354838709675,0.03225806451612903
32,template_deposition,C,C,none,0,1.0,template_site:index=123:site=C:neigh=1:ahead0=4.919:mode=shell,x,yz,576,544,32,0,32,481.05440743144976,7.0938262076540335,500.0,0.001,73.33890758690279,0.0733389075869028,-4067.1423,-4057.9485,-4067.1423,-9.193848,-7.3171387,1.0,0.0733389075869028,0.0733389075869028,11,575,123,1,1,1.443861572381028,10.449421609165945,18.255495419047794,14.07247049315783,586.7112606952223,0.0,-0.5107314,-8.182819,24.58811142524713,0.0,24.58811142524713,19.05771410836025,0.7244341737035371,0.4363304697725646,10.613955748257226,10.696818554821917,10.722888682847245,0.14085833221235444,0.16666666666666666,5.083558431370345,5.166421237935036,5.192491365960364,1.0,0,34,1,0.029411764705882353,0.10294117647058823,272,28,0.10294117647058823,0.0,1.0,0.05454130872157058,0.15886120098032327,0.15886120098032327,0.018689553056508622,41.81170649796779,0.12158218013936899,0.3125,0.0,2.78125,0.03125
33,template_deposition,C,C,none,0,1.0,template_site:index=124:site=C:neigh=1:ahead0=6.149:mode=shell,x,yz,577,544,33,0,33,491.7555796836446,10.701172252194867,500.0,0.001,73.33890758690279,0.0733389075869028,-4074.9102,-4067.1423,-4074.9102,-7.7678223,-6.66626,0.9998172229233766,0.0733389075869028,0.0733389075869028,16,576,124,8,8,1.4002462503185338,11.679177682235709,14.705495420076,14.07247049315783,586.7112606952223,0.0,-0.523971,-8.394941,24.58811142524713,0.0,24.58811142524713,19.05771410836025,0.7244341737035371,0.4499657969529573,10.890796130269399,10.727567541661358,11.36885620757279,0.46902255004019483,0.16666666666666666,5.360398813382518,5.197170224774477,5.838458890685909,1.0,0,34,1,0.029411764705882353,0.11029411764705882,272,30,0.11029411764705882,0.0,1.0,0.05624572461911966,0.1624363276782581,0.1624363276782581,0.0197073485786122,41.81170649796779,0.1282033014759408,0.31542461005199307,0.0,2.757575757575758,0.030303030303030304
34,template_deposition,C,C,none,0,1.0,template_site:index=125:site=C:neigh=2:ahead0=6.149:mode=shell,x,yz,578,544,34,0,34,492.53153716391523,0.7759574802706356,500.0,0.001,73.33890758690279,0.0733389075869028,-4085.2698,-4074.9102,-4085.2698,-10.359619,-8.825439,1.0,0.0733389075869028,0.0733389075869028,17,577,125,7,7,1.2757035933678906,11.679177682235709,16.125495420875577,14.07247049315783,586.7112606952223,0.0,-0.5416281,-8.677839,24.58811142524713,0.0,24.58811142524713,19.05771410836025,0.7244341737035371,0.4636011241333499,10.934625323553897,10.73333955403943,11.470583064028752,0.5255619341992823,0.16666666666666666,5.404228006667016,5.202942237152549,5.940185747141871,1.0,0,34,1,0.029411764705882353,0.11029411764705882,272,30,0.11029411764705882,0.0,1.0,0.05795014051666874,0.1589478825490299,0.1589478825490299,0.019868485318628736,41.81170649796779,0.129251553196703,0.31833910034602075,0.0,2.764705882352941,0.029411764705882353
35,template_deposition,C,C,none,0,1.0,template_site:index=17:site=C:neigh=1:ahead0=6.149:mode=shell,x,yz,579,544,35,0,35,498.111712055072,5.580174891156796,500.0,0.001,73.33890758690279,0.0733389075869028,-4092.333,-4085.2698,-4092.333,-7.0632324,-6.29541,0.9999994570890997,0.0733389075869028,0.0733389075869028,14,578,17,6,6,1.421121107509809,11.679177682235709,3.345495419733684,14.07247049315783,586.7112606952223,0.0,-0.5536668,-8.87072,24.58811142524713,0.0,24.58811142524713,19.05771410836025,0.7244341737035371,0.4772364513137426,11.347928884907896,11.654893941526081,11.655421315631756,0.4345803668329425,0.16666666666666666,5.817531568021015,6.1244966246392005,6.125023998744875,1.0,0,34,1,0.029411764705882353,0.11397058823529412,272,31,0.11397058823529412,0.0,1.0,0.059654556414217824,0.1662151876577433,0.1662151876577433,0.021387983705959613,41.81170649796779,0.13913642984898905,0.32124352331606215,0.0,2.742857142857143,0.02857142857142857
36,template_deposition,C,C,none,0,1.0,template_site:index=16:site=C:neigh=1:ahead0=6.149:mode=shell,x,yz,580,544,36,0,36,502.9460594013066,4.834347346234607,500.0,0.001,73.33890758690279,0.0733389075869028,-4100.433,-4092.333,-4100.433,-8.100098,-7.559082,1.0,0.0733389075869028,0.0733389075869028,14,579,16,5,5,1.39969893866183,11.679177682235709,1.9254954209522064,14.07247049315783,586.7112606952223,0.0,-0.5674727,-9.091915,24.58811142524713,0.0,24.58811142524713,19.05771410836025,0.7244341737035371,0.4908717784941352,11.372292329794783,11.654893941526081,11.71389358336029,0.45280992064364023,0.16666666666666666,5.841895012907902,6.1244966246392005,6.183496266473409,1.0,0,34,1,0.029411764705882353,0.11764705882352941,272,32,0.11764705882352941,0.0,1.0,0.0613589723117669,0.16227486146966397,0.16227486146966397,0.021477555194514348,41.81170649796779,0.13971912419293006,0.32413793103448274,0.0,2.7222222222222223,0.027777777777777776
37,template_deposition,C,C,none,0,1.0,template_site:index=88:site=C:neigh=1:ahead0=6.149:mode=shell,x,yz,581,544,37,0,37,503.0405250001933,0.09446559888671786,500.0,0.001,73.33890758690279,0.0733389075869028,-4106.849,-4100.433,-4106.849,-6.4160156,-5.6796875,0.9999994251987296,0.0733389075869028,0.0733389075869028,17,580,88,4,4,1.4268328701937332,11.679177682235709,10.445495419695368,14.07247049315783,586.7112606952223,0.0,-0.5784083,-9.267123,24.58811142524713,0.0,24.58811142524713,19.05771410836025,0.7244341737035371,0.5045071056745278,11.69255450527717,11.694126080486587,11.721740011152392,0.03012862982087287,0.16666666666666666,6.16215718839029,6.163728763599706,6.1913426942655105,1.0,0,34,1,0.029411764705882353,0.11764705882352941,272,32,0.11764705882352941,0.0,1.0,0.06306338820931598,0.16654478887541324,0.16654478887541324,0.022654989663199593,41.81170649796779,0.14737875357203595,0.3270223752151463,0.0,2.7027027027027026,0.02702702702702703
38,template_deposition,C,C,none,0,1.0,template_site:index=89:site=C:neigh=2:ahead0=6.149:mode=shell,x,yz,582,544,38,0,38,520.1758537594427,17.135328759249365,500.0,0.001,73.33890758690279,0.0733389075869028,-4116.5586,-4106.849,-4116.5586,-9.709473,-8.597656,1.0,0.0733389075869028,0.0733389075869028,19,581,89,3,3,1.403897952520982,11.679177682235709,11.865495420494945,14.07247049315783,586.7112606952223,0.0,-0.5949573,-9.532267,24.58811142524713,0.0,24.58811142524713,19.05771410836025,0.7244341737035371,0.5181424328549205,11.697599837594359,11.709262077438153,11.724767210542703,0.03121703588829105,0.16666666666666666,6.167202520707478,6.178864760551272,6.194369893655822,1.0,0,34,1,0.029411764705882353,0.12867647058823528,272,35,0.12867647058823528,0.0,1.0,0.06476780410686506,0.16229480317651257,0.16229480317651257,0.022673538679071608,41.81170649796779,0.14749942150787906,0.3333333333333333,0.0,2.736842105263158,0.05263157894736842
39,template_deposition,C,C,none,0,1.0,template_site:index=52:site=C:neigh=1:ahead0=6.149:mode=shell,x,yz,583,544,39,0,39,525.6639429084671,5.48808914902437,500.0,0.001,73.33890758690279,0.0733389075869028,-4122.2686,-4116.5586,-4122.2686,-5.709961,-5.001953,0.9999989874422744,0.0733389075869028,0.0733389075869028,18,582,52,2,2,1.612596589106476,11.679177682235709,6.185495419314738,14.07247049315783,586.7112606952223,0.0,-0.6046894,-9.688192,24.58811142524713,0.0,24.58811142524713,19.05771410836025,0.7244341737035371,0.5317777600353132,11.697599837594359,11.709262077438153,11.724767210542703,0.03121703588829105,0.16666666666666666,6.167202520707478,6.178864760551272,6.194369893655822,1.0,0,34,1,0.029411764705882353,0.1323529411764706,272,36,0.1323529411764706,0.0,1.0,0.06647222000441415,0.1581333979668584,0.1581333979668584,0.022673538679071608,41.81170649796779,0.14749942150787906,0.3361921097770154,0.0,2.717948717948718,0.05128205128205128
40,template_deposition,C,C,none,0,1.0,template_site:index=53:site=C:neigh=2:ahead0=6.149:mode=shell,x,yz,584,544,40,0,40,536.2020076873758,10.538064778908684,500.0,0.001,73.33890758690279,0.0733389075869028,-4132.04,-4122.2686,-4132.04,-9.771484,-8.777832,1.0,0.0733389075869028,0.0733389075869028,19,583,53,1,1,1.472725853340769,11.679177682235709,7.605495420114314,14.07247049315783,586.7112606952223,0.0,-0.6213441,-9.95503,24.58811142524713,0.0,24.58811142524713,19.05771410836025,0.7244341737035371,0.5454130872157058,11.69748348480895,11.708913019081931,11.72469739887146,0.031173972114768668,0.16666666666666666,6.167086167922069,6.1785157021950505,6.194300081984578,1.0,4,34,1,0.029411764705882353,0.13602941176470587,272,37,0.13602941176470587,0.0,1.0,0.06817663590196323,0.15417715419805172,0.15417715419805172,0.022673110911478195,41.81170649796779,0.14749663872776428,0.3424657534246575,0.0,2.75,0.075
41,template_deposition,C,C,none,0,1.0,template_site:index=19:site=C:neigh=1:ahead0=7.379:mode=shell,x,yz,585,544,41,0,41,565.4465518658787,29.24454417850292,500.0,0.001,73.33890758690279,0.0733389075869028,-4139.921,-4132.04,-4139.921,-7.8808594,-6.5356445,0.4047060779441396,0.0733389075869028,0.0733389075869028,17,584,19,8,8,1.4764305084918756,12.908933757764288,5.475495419923999,14.07247049315783,586.7112606952223,0.0,-0.63477635,-10.1702385,24.58811142524713,0.0,24.58811142524713,19.05771410836025,0.7244341737035371,0.5590484143960984,12.13122074585364,11.708913019081931,12.76566682537871,0.6358131436976303,0.16666666666666666,6.600823428966758,6.1785157021950505,7.23526950849183,1.0,4,34,1,0.029411764705882353,0.13970588235294118,272,38,0.13970588235294118,0.0,1.0,0.0698810517995123,0.16099569338943312,0.16099569338943312,0.024267733194730728,41.81170649796779,0.15787022300291867,0.3452991452991453,0.0,2.731707317073171,0.07317073170731707
42,template_deposition,C,C,none,0,1.0,template_site:index=18:site=C:neigh=1:ahead0=7.379:mode=shell,x,yz,586,544,42,0,42,569.0416725202546,3.5951206543758243,500.0,0.001,73.33890758690279,0.0733389075869028,-4149.714,-4139.921,-4149.714,-9.792969,-8.288086,0.9999999990262594,0.0733389075869028,0.0733389075869028,15,585,18,7,7,1.4010856013796351,12.908933757764288,4.055495419124423,14.07247049315783,586.7112606952223,0.0,-0.6514676,-10.437662,24.58811142524713,0.0,24.58811142524713,19.05771410836025,0.7244341737035371,0.572683741576491,12.127710939104993,11.708913019081931,12.75724328918196,0.6308525375250948,0.16666666666666666,6.597313622218112,6.1785157021950505,7.226845972295078,1.0,4,34,1,0.029411764705882353,0.14338235294117646,272,39,0.14338235294117646,0.0,1.0,0.07158546769706138,0.1570788957670979,0.1570788957670979,0.024254829493448943,41.81170649796779,0.15778627984339189,0.3515358361774744,0.0,2.761904761904762,0.07142857142857142
43,template_deposition,C,C,none,0,1.0,template_site:index=54:site=C:neigh=1:ahead0=7.379:mode=shell,x,yz,587,544,43,0,43,588.0749643427331,19.033291822478542,500.0,0.001,73.33890758690279,0.0733389075869028,-4157.462,-4149.714,-4157.462,-7.748047,-7.101074,0.9999996502773738,0.0733389075869028,0.0733389075869028,16,586,54,6,6,1.4979614383387838,12.908933757764288,8.315495419505053,14.07247049315783,586.7112606952223,0.0,-0.6646735,-10.649244,24.58811142524713,0.0,24.58811142524713,19.05771410836025,0.7244341737035371,0.5863190687568838,12.515451579425807,12.890699975922733,12.978748651847436,0.6101627834744963,0.16666666666666666,6.9850542625389265,7.360302659035852,7.448351334960555,1.0,4,34,1,0.029411764705882353,0.14705882352941177,272,40,0.14705882352941177,0.0,1.0,0.07328988359461047,0.1624431223846262,0.1624431223846262,0.025680346553451937,41.81170649796779,0.1670597745843841,0.3543441226575809,0.0,2.744186046511628,0.06976744186046512
44,template_deposition,C,C,none,0,1.0,template_site:index=55:site=C:neigh=2:ahead0=7.379:mode=shell,x,yz,588,544,44,0,44,589.9515800861072,1.876615743374152,500.0,0.001,73.33890758690279,0.0733389075869028,-4168.403,-4157.462,-4168.403,-10.940918,-10.280762,1.0,0.0733389075869028,0.0733389075869028,16,587,55,5,5,1.4003757686924485,12.908933757764288,9.73549542030463,14.07247049315783,586.7112606952223,0.0,-0.6833214,-10.948016,24.58811142524713,0.0,24.58811142524713,19.05771410836025,0.7244341737035371,0.5999543959372764,12.542429438734587,12.971633553849065,12.994935367432703,0.6276950127380256,0.16666666666666666,7.012032121847706,7.441236236962184,7.464538050545822,1.0,4,34,1,0.029411764705882353,0.15073529411764705,272,41,0.15073529411764705,0.0,1.0,0.07499429949215955,0.15936436640562968,0.15936436640562968,0.025779529859734213,41.81170649796779,0.16770499721623458,0.36054421768707484,0.0,2.772727272727273,0.06818181818181818
45,template_deposition,C,C,none,0,1.0,template_site:index=90:site=C:neigh=1:ahead0=7.379:mode=shell,x,yz,589,544,45,0,45,600.8641383801603,10.912558294052994,500.0,0.001,73.33890758690279,0.0733389075869028,-4176.167,-4168.403,-4176.167,-7.76416,-7.2192383,0.9999999794709251,0.0733389075869028,0.0733389075869028,18,588,90,4,4,1.4437439048768241,12.908933757764288,12.575495419885684,14.07247049315783,586.7112606952223,0.0,-0.6965548,-11.160038,24.58811142524713,0.0,24.58811142524713,19.05771410836025,0.7244341737035371,0.613589723117669,12.53709302253471,12.98629499824424,12.997867656311737,0.6455234223597519,0.16666666666666666,7.00669570564783,7.455897681357359,7.467470339424856,1.0,4,34,1,0.029411764705882353,0.15441176470588236,272,42,0.15441176470588236,0.0,1.0,0.07669871538970863,0.15570434901439623,0.15570434901439623,0.025759910682528784,41.81170649796779,0.16757736750085486,0.3633276740237691,0.0,2.7555555555555555,0.06666666666666667
46,template_deposition,C,C,none,0,1.0,template_site:index=91:site=C:neigh=2:ahead0=7.379:mode=shell,x,yz,590,544,46,0,46,602.5548574319471,1.690719051786756,500.0,0.001,73.33890758690279,0.0733389075869028,-4186.754,-4176.167,-4186.754,-10.586914,-9.392578,1.0,0.0733389075869028,0.0733389075869028,16,589,91,3,3,1.391346128526256,12.908933757764288,13.99549542068526,14.07247049315783,586.7112606952223,0.0,-0.71459925,-11.449142,24.58811142524713,0.0,24.58811142524713,19.05771410836025,0.7244341737035371,0.6272250502980616,12.954469616721717,12.98629499824424,12.997867656311737,0.05555157194631224,0.16666666666666666,7.424072299834836,7.455897681357359,7.467470339424856,1.0,4,34,1,0.029411764705882353,0.15808823529411764,272,43,0.15808823529411764,0.0,1.0,0.0784031312872577,0.161392876083366,0.161392876083366,0.027294383455275132,41.81170649796779,0.177559657848351,0.3694915254237288,0.0,2.782608695652174,0.06521739130434782
47,template_deposition,C,C,none,0,1.0,template_site:index=126:site=C:neigh=1:ahead0=7.379:mode=shell,x,yz,591,544,47,0,47,604.5483488819305,1.9934914499833456,500.0,0.001,73.33890758690279,0.0733389075869028,-4195.304,-4186.754,-4195.304,-8.550293,-6.938965,1.0,0.0733389075869028,0.0733389075869028,14,590,126,2,2,1.463105240808654,12.908933757764288,16.835495420266316,14.07247049315783,586.7112606952223,0.0,-0.7291725,-11.682632,24.58811142524713,0.0,24.58811142524713,19.05771410836025,0.7244341737035371,0.6408603774784543,13.26763429562437,13.000760820828612,13.652829818405934,0.38768995145463286,0.16666666666666666,7.7372369787374895,7.470363503941731,8.122432501519054,1.0,4,34,1,0.029411764705882353,0.16176470588235295,272,44,0.16176470588235295,0.0,1.0,0.08010754718480678,0.1646220633773934,0.1646220633773934,0.028445724186534887,41.81170649796779,0.1850495381984361,0.37225042301184436,0.0,2.765957446808511,0.06382978723404255
48,template_deposition,C,C,none,0,1.0,template_site:index=127:site=C:neigh=1:ahead0=7.379:mode=shell,x,yz,592,544,48,0,48,616.5305632820831,11.982214400152616,500.0,0.001,73.33890758690279,0.0733389075869028,-4206.9854,-4195.304,-4206.9854,-11.681152,-7.823242,1.0,0.0733389075869028,0.0733389075869028,12,591,127,1,1,1.4029642958699429,12.908933757764288,18.255495419047794,14.07247049315783,586.7112606952223,0.0,-0.7490821,-12.001618,24.58811142524713,0.0,24.58811142524713,19.05771410836025,0.7244341737035371,0.654495704658847,13.225028108468846,13.000760820828612,13.550574969232674,0.32744398128841523,0.16666666666666666,7.694630791581965,7.470363503941731,8.020177652345794,1.0,4,34,1,0.029411764705882353,0.16176470588235295,272,44,0.16176470588235295,0.0,1.0,0.08181196308235587,0.1603048081579576,0.1603048081579576,0.028289083792580754,41.81170649796779,0.184030536805666,0.3783783783783784,0.0,2.7708333333333335,0.0625
49,template_deposition,C,C,none,0,1.0,template_site:index=21:site=C:neigh=1:ahead0=8.608:mode=shell,x,yz,593,544,49,0,49,618.2088008488329,1.6782375667497231,500.0,0.001,73.33890758690279,0.0733389075869028,-4216.4385,-4206.9854,-4216.4385,-9.453125,-6.7177734,0.7620855991561877,0.0733389075869028,0.0733389075869028,14,592,21,8,8,1.4865146422038134,14.138689830834052,3.345495419733684,14.07247049315783,586.7112606952223,0.0,-0.7651941,-12.259762,24.58811142524713,0.0,24.58811142524713,19.05771410836025,0.7244341737035371,0.6681310318392396,13.558059442462339,13.688028506333689,13.93748955951401,0.42386699774471565,0.16666666666666666,8.027662125575457,8.157631189446807,8.40709224262713,1.0,4,34,1,0.029411764705882353,0.16176470588235295,272,44,0.16176470588235295,0.0,1.0,0.08351637897990495,0.1638298392974583,0.1638298392974583,0.02951346369696859,41.81170649796779,0.19199556291646772,0.3844856661045531,0.0,2.7755102040816326,0.061224489795918366
50,template_deposition,C,C,none,0,1.0,template_site:index=20:site=C:neigh=1:ahead0=8.608:mode=shell,x,yz,594,544,50,0,50,643.9931961217912,25.784395272958307,500.0,0.001,73.33890758690279,0.0733389075869028,-4227.1704,-4216.4385,-4227.1704,-10.731934,-7.2509766,0.9999986668701333,0.0733389075869028,0.0733389075869028,14,593,20,7,7,1.407334385000762,14.138689830834052,1.9254954209522064,14.07247049315783,586.7112606952223,0.0,-0.78348583,-12.552827,24.58811142524713,0.0,24.58811142524713,19.05771410836025,0.7244341737035371,0.6817663590196322,13.537515797127162,13.688028506333689,13.88818481070958,0.40293316976305843,0.16666666666666666,8.00711848024028,8.157631189446807,8.357787493822698,1.0,0,34,1,0.029411764705882353,0.15808823529411764,272,43,0.15808823529411764,0.0,1.0,0.08522079487745403,0.1601423696048056,0.1601423696048056,0.029437935589118676,41.81170649796779,0.1915042257514521,0.39057239057239057,0.0,2.8,0.06
51,template_deposition,C,C,none,0,1.0,template_site:index=129:site=C:neigh=1:ahead0=8.608:mode=shell,x,yz,595,544,51,0,51,663.9171886049182,19.923992483126987,500.0,0.001,73.33890758690279,0.0733389075869028,-4236.959,-4227.1704,-4236.959,-9.788574,-6.6679688,0.9969354393755876,0.0733389075869028,0.0733389075869028,16,594,129,6,6,1.5866614452365637,14.138689830834052,16.125495420875577,14.07247049315783,586.7112606952223,0.0,-0.8001696,-12.82013,24.58811142524713,0.0,24.58811142524713,19.05771410836025,0.7244341737035371,0.6954016862000248,13.615702618708447,13.922588971077548,13.935096903658351,0.4451041654648576,0.16666666666666666,8.085305301821567,8.392191654190668,8.404699586771471,1.0,0,34,1,0.029411764705882353,0.16176470588235295,272,44,0.16176470588235295,0.0,1.0,0.0869252107750031,0.1585353980749327,0.1585353980749327,0.029725387139049878,41.81170649796779,0.19337420017081924,0.39327731092436974,0.0,2.784313725490196,0.058823529411764705
52,template_deposition,C,C,none,0,1.0,template_site:index=128:site=C:neigh=2:ahead0=8.608:mode=shell,x,yz,596,544,52,0,52,673.7848462980305,9.867657693112287,500.0,0.001,73.33890758690279,0.0733389075869028,-4246.1816,-4236.959,-4246.1816,-9.222656,-6.4189453,0.9990064927616387,0.0733389075869028,0.0733389075869028,17,595,128,5,5,1.1424862028266818,14.138689830834052,14.705495420076,14.07247049315783,586.7112606952223,0.0,-0.8158888,-13.07198,24.58811142524713,0.0,24.58811142524713,19.05771410836025,0.7244341737035371,0.7090370133804176,13.972011151475767,13.938223886803552,14.134726921520114,0.160957275379499,0.16666666666666666,8.441613834588885,8.407826569916672,8.604329604633232,1.0,0,34,1,0.029411764705882353,0.16544117647058823,272,45,0.16544117647058823,0.0,1.0,0.0886296266725522,0.1623387275882478,0.1623387275882478,0.031035344980106197,41.81170649796779,0.20189594115225076,0.39932885906040266,0.0,2.8076923076923075,0.057692307692307696
53,template_deposition,C,C,none,0,1.0,template_site:index=92:site=C:neigh=1:ahead0=8.608:mode=shell,x,yz,597,544,53,0,53,692.00934922416,18.224502926129507,500.0,0.001,73.33890758690279,0.0733389075869028,-4255.0986,-4246.1816,-4255.0986,-8.916992,-6.080078,0.9642470299613896,0.0733389075869028,0.0733389075869028,16,596,92,4,4,1.3678378540489922,14.138689830834052,10.445495419695368,14.07247049315783,586.7112606952223,0.0,-0.8310871,-13.315484,24.58811142524713,0.0,24.58811142524713,19.05771410836025,0.7244341737035371,0.7226723405608102,14.061641357225293,14.062847504673067,14.159651645094018,0.10028116184012015,0.16666666666666666,8.53124404033841,8.532450187786186,8.629254328207136,1.0,0,34,1,0.029411764705882353,0.16176470588235295,272,44,0.16176470588235295,0.0,1.0,0.09033404257010128,0.1609668686856304,0.1609668686856304,0.0313648677953618,41.81170649796779,0.204039604093965,0.40871021775544386,0.0,2.830188679245283,0.05660377358490566
54,template_deposition,C,C,none,0,1.0,template_site:index=93:site=C:neigh=2:ahead0=8.608:mode=shell,x,yz,598,544,54,0,54,703.8722481698474,11.86289894568732,500.0,0.001,73.33890758690279,0.0733389075869028,-4265.2705,-4255.0986,-4265.2705,-10.171875,-8.962402,1.0,0.0733389075869028,0.0733389075869028,19,597,93,3,3,1.365679495797251,14.138689830834052,11.865495420494945,14.07247049315783,586.7112606952223,0.0,-0.8484242,-13.593254,24.58811142524713,0.0,24.58811142524713,19.05771410836025,0.7244341737035371,0.7363076677412028,14.078953178028195,14.146770293384659,14.15084634179403,0.0995323731819524,0.16666666666666666,8.548555861141313,8.616372976497779,8.620449024907149,1.0,0,34,1,0.029411764705882353,0.17279411764705882,272,47,0.17279411764705882,0.0,1.0,0.09203845846765035,0.15830659002113542,0.15830659002113542,0.03142851419537247,41.81170649796779,0.20445364652975373,0.411371237458194,0.0,2.8333333333333335,0.05555555555555555
55,template_deposition,C,C,none,0,1.0,template_site:index=56:site=C:neigh=1:ahead0=8.608:mode=shell,x,yz,599,544,55,0,55,711.6247295252368,7.752481355389526,500.0,0.001,73.33890758690279,0.0733389075869028,-4272.026,-4265.2705,-4272.026,-6.755371,-5.4541016,0.9999996264796475,0.0733389075869028,0.0733389075869028,18,598,56,2,2,1.4889630721938645,14.138689830834052,6.185495419314738,14.07247049315783,586.7112606952223,0.0,-0.8599382,-13.777729,24.58811142524713,0.0,24.58811142524713,19.05771410836025,0.7244341737035371,0.7499429949215954,14.143082689949267,14.146770293384659,14.15084634179403,0.009059822913934432,0.16666666666666666,8.612685373062387,8.616372976497779,8.620449024907149,1.0,0,34,1,0.029411764705882353,0.17647058823529413,272,48,0.17647058823529413,0.0,1.0,0.09374287436519943,0.15659427951022523,0.15659427951022523,0.03166428445978819,41.81170649796779,0.20598741583247737,0.41402337228714525,0.0,2.8181818181818183,0.05454545454545454
56,template_deposition,C,C,none,0,1.0,template_site:index=57:site=C:neigh=2:ahead0=8.608:mode=shell,x,yz,600,544,56,0,56,716.6745523854456,5.049822860208841,500.0,0.001,73.33890758690279,0.0733389075869028,-4281.6875,-4272.026,-4281.6875,-9.661621,-8.463867,1.0,0.0733389075869028,0.0733389075869028,18,599,57,1,1,1.3879574759223292,14.138689830834052,7.605495420114314,14.07247049315783,586.7112606952223,0.0,-0.8764056,-14.041566,24.58811142524713,0.0,24.58811142524713,19.05771410836025,0.7244341737035371,0.7635783221019881,14.157131838176873,14.146770293384659,14.187735803054585,0.030027573483356607,0.16666666666666666,8.626734521289993,8.616372976497779,8.657338486167703,1.0,0,34,1,0.029411764705882353,0.1801470588235294,272,49,0.1801470588235294,0.0,1.0,0.09544729026274851,0.1540488307373213,0.1540488307373213,0.03171593574003674,41.81170649796779,0.2063234257542032,0.42,0.0,2.8392857142857144,0.07142857142857142
57,template_deposition,C,C,none,0,1.0,template_site:index=94:site=C:neigh=1:ahead0=9.838:mode=shell,x,yz,601,544,57,0,57,723.2457713488013,6.571218963355674,500.0,0.001,73.33890758690279,0.0733389075869028,-4288.947,-4281.6875,-4288.947,-7.2592773,-6.79541,0.9963457121951013,0.0733389075869028,0.0733389075869028,17,600,94,8,8,1.4162446071444372,15.368445903903819,12.575495419885684,14.07247049315783,586.7112606952223,0.0,-0.88877845,-14.2398,24.58811142524713,0.0,24.58811142524713,19.05771410836025,0.7244341737035371,0.7772136492823808,14.551093434677542,14.165652278763337,15.121914443428984,0.5728976060057139,0.16666666666666666,9.02069611779066,8.635254961876456,9.591517126542104,1.0,0,34,1,0.029411764705882353,0.18382352941176472,272,50,0.18382352941176472,0.0,1.0,0.0971517061602976,0.15825782662790633,0.15825782662790633,0.03316432396246566,41.81170649796779,0.21574570552936173,0.4226289517470882,0.0,2.824561403508772,0.07017543859649122
58,template_deposition,C,C,none,0,1.0,template_site:index=95:site=C:neigh=2:ahead0=9.838:mode=shell,x,yz,602,544,58,0,58,763.045966689684,39.80019534088259,500.0,0.001,73.33890758690279,0.0733389075869028,-4299.7715,-4288.947,-4299.7715,-10.824707,-10.447266,1.0,0.0733389075869028,0.0733389075869028,16,601,95,7,7,1.3422066242843707,15.368445903903819,13.99549542068526,14.07247049315783,586.7112606952223,0.0,-0.90722823,-14.535399,24.58811142524713,0.0,24.58811142524713,19.05771410836025,0.7244341737035371,0.7908489764627734,14.961275685897183,15.368199993876038,15.384823217288499,0.5902318310870359,0.16666666666666666,9.430878369010301,9.837802676989156,9.854425900401619,1.0,0,34,1,0.029411764705882353,0.1875,272,51,0.1875,0.0,1.0,0.09885612205784668,0.1626013511898328,0.1626013511898328,0.03467234694489081,41.81170649796779,0.22555593059730003,0.42857142857142855,0.0,2.8448275862068964,0.06896551724137931
59,template_deposition,C,C,none,0,1.0,template_site:index=58:site=C:neigh=1:ahead0=9.838:mode=shell,x,yz,603,544,59,0,59,766.434351964559,3.388385274875066,500.0,0.001,73.33890758690279,0.0733389075869028,-4306.637,-4299.7715,-4306.637,-6.8657227,-6.5507812,0.9999999999929354,0.0733389075869028,0.0733389075869028,15,602,58,6,6,1.4630081613525077,15.368445903903819,8.315495419505053,14.07247049315783,586.7112606952223,0.0,-0.9189303,-14.722887,24.58811142524713,0.0,24.58811142524713,19.05771410836025,0.7244341737035371,0.804484303643166,14.957817033014384,15.368199993876038,15.384823217288499,0.5951226038475717,0.16666666666666666,9.427419716127503,9.837802676989156,9.854425900401619,1.0,0,34,1,0.029411764705882353,0.19117647058823528,272,52,0.19117647058823528,0.0,1.0,0.10056053795539575,0.1597867748496187,0.1597867748496187,0.03465963130929229,41.81170649796779,0.2254732108718335,0.4311774461028192,0.0,2.830508474576271,0.06779661016949153
60,template_deposition,C,C,none,0,1.0,template_site:index=59:site=C:neigh=2:ahead0=9.838:mode=shell,x,yz,604,544,60,0,60,769.5132864291915,3.0789344646324524,500.0,0.001,73.33890758690279,0.0733389075869028,-4316.9697,-4306.637,-4316.9697,-10.33252,-9.698242,1.0,0.0733389075869028,0.0733389075869028,17,603,59,5,5,1.4189279790557403,15.368445903903819,9.73549542030463,14.07247049315783,586.7112606952223,0.0,-0.9365412,-15.005045,24.58811142524713,0.0,24.58811142524713,19.05771410836025,0.7244341737035371,0.8181196308235587,14.970340363724858,15.388979023141614,15.391938474386217,0.5946621976833816,0.16666666666666666,9.439943046837978,9.858581706254732,9.861541157499335,1.0,0,34,1,0.029411764705882353,0.1948529411764706,272,53,0.1948529411764706,0.0,1.0,0.10226495385294483,0.1573323841139663,0.1573323841139663,0.034705672966316096,41.81170649796779,0.2257727282022511,0.4370860927152318,0.0,2.85,0.06666666666666667
61,template_deposition,C,C,none,0,1.0,template_site:index=23:site=C:neigh=1:ahead0=9.838:mode=shell,x,yz,605,544,61,0,61,782.0420647483895,12.528778319198107,500.0,0.001,73.33890758690279,0.0733389075869028,-4323.3823,-4316.9697,-4323.3823,-6.4125977,-5.5092773,0.9999177780355948,0.0733389075869028,0.0733389075869028,17,604,23,4,4,1.4195742240922462,15.368445903903819,5.475495419923999,14.07247049315783,586.7112606952223,0.0,-0.9474709,-15.180158,24.58811142524713,0.0,24.58811142524713,19.05771410836025,0.7244341737035371,0.8317549580039514,15.437943700495104,15.392678337197367,15.504274660356538,0.06664781392748818,0.16666666666666666,9.907546383608224,9.862281020310487,9.973877343469656,1.0,0,34,1,0.029411764705882353,0.19852941176470587,272,54,0.19852941176470587,0.0,1.0,0.10396936975049392,0.1624187931739053,0.1624187931739053,0.03642480288091259,41.81170649796779,0.23695627883759704,0.43636363636363634,0.0,2.819672131147541,0.04918032786885246
62,template_deposition,C,C,none,0,1.0,template_site:index=22:site=C:neigh=1:ahead0=9.838:mode=shell,x,yz,606,544,62,0,62,788.2495433648817,6.207478616492188,500.0,0.001,73.33890758690279,0.0733389075869028,-4333.491,-4323.3823,-4333.491,-10.108887,-8.345215,1.0,0.0733389075869028,0.0733389075869028,16,605,22,3,3,1.3587118875233963,15.368445903903819,4.055495419124423,14.07247049315783,586.7112606952223,0.0,-0.9647007,-15.456209,24.58811142524713,0.0,24.58811142524713,19.05771410836025,0.7244341737035371,0.845390285184344,15.425511074860198,15.392678337197367,15.474436358832765,0.04907155819526555,0.16666666666666666,9.895113757973316,9.862281020310487,9.944039041945885,1.0,0,34,1,0.029411764705882353,0.20588235294117646,272,56,0.20588235294117646,0.0,1.0,0.105673785648043,0.15959860899956962,0.15959860899956962,0.036379094698431313,41.81170649796779,0.2366589308775105,0.44224422442244227,0.0,2.838709677419355,0.06451612903225806
63,template_deposition,C,C,none,0,1.0,template_site:index=130:site=C:neigh=1:ahead0=9.838:mode=shell,x,yz,607,544,63,0,63,825.0361258901959,36.786582525314245,500.0,0.001,73.33890758690279,0.0733389075869028,-4339.581,-4333.491,-4339.581,-6.0898438,-5.104004,1.0,0.0733389075869028,0.0733389075869028,14,606,130,2,2,1.6622961954877928,15.368445903903819,16.835495420266316,14.07247049315783,586.7112606952223,0.0,-0.9750803,-15.622509,24.58811142524713,0.0,24.58811142524713,19.05771410836025,0.7244341737035371,0.8590256123647366,15.418440016125123,15.392678337197367,15.474436358832765,0.05499689203774272,0.16666666666666666,9.888042699238241,9.862281020310487,9.944039041945885,1.0,0,34,1,0.029411764705882353,0.20955882352941177,272,57,0.20955882352941177,0.0,1.0,0.10737820154559208,0.1569530587180673,0.1569530587180673,0.03635309815896412,41.81170649796779,0.23648981415572784,0.44481054365733114,0.0,2.8253968253968256,0.06349206349206349
64,template_deposition,C,C,none,0,1.0,template_site:index=131:site=C:neigh=1:ahead0=9.838:mode=shell,x,yz,608,544,64,0,64,849.8290935420117,24.792967651815836,500.0,0.001,73.33890758690279,0.0733389075869028,-4347.841,-4339.581,-4347.841,-8.259766,-7.586426,1.0,0.0733389075869028,0.0733389075869028,10,607,131,1,1,1.4573034612033826,15.368445903903819,18.255495419047794,14.07247049315783,586.7112606952223,0.0,-0.9891584,-15.848065,24.58811142524713,0.0,24.58811142524713,19.05771410836025,0.7244341737035371,0.8726609395451292,15.418440016125123,15.392678337197367,15.474436358832765,0.05499689203774272,0.16666666666666666,9.888042699238241,9.862281020310487,9.944039041945885,1.0,7,34,1,0.029411764705882353,0.21323529411764705,272,58,0.21323529411764705,0.0,1.0,0.10908261744314116,0.15450066717559752,0.15450066717559752,0.03635309815896412,41.81170649796779,0.23648981415572784,0.4473684210526316,0.0,2.8125,0.0625
65,template_deposition,C,C,none,0,1.0,template_site:index=96:site=C:neigh=1:ahead0=11.068:mode=shell,x,yz,609,544,65,0,65,889.9919916286278,40.16289808661613,500.0,0.001,73.33890758690279,0.0733389075869028,-4355.914,-4347.841,-4355.914,-8.073242,-7.184082,0.9944881590870119,0.0733389075869028,0.0733389075869028,16,608,96,8,8,1.435470608871675,16.598201976973584,10.445495419695368,14.07247049315783,586.7112606952223,0.0,-1.0029186,-16.068527,24.58811142524713,0.0,24.58811142524713,19.05771410836025,0.7244341737035371,0.8862962667255219,15.81999079213084,15.494875864241616,16.36756693464201,0.5435161500090145,0.16666666666666666,10.289593475243958,9.964478547354734,10.83716961775513,1.0,7,34,1,0.029411764705882353,0.21691176470588236,272,59,0.21691176470588236,0.0,1.0,0.11078703334069023,0.1583014380806763,0.1583014380806763,0.037829387776632195,41.81170649796779,0.24609360241596626,0.44991789819376027,0.0,2.8,0.06153846153846154
66,template_deposition,C,C,none,0,1.0,template_site:index=97:site=C:neigh=2:ahead0=11.068:mode=shell,x,yz,610,544,66,0,66,915.7453403390899,25.753348710462053,500.0,0.001,73.33890758690279,0.0733389075869028,-4366.834,-4355.914,-4366.834,-10.919922,-10.411621,1.0,0.0733389075869028,0.0733389075869028,19,609,97,7,7,1.315458141474762,16.598201976973584,11.865495420494945,14.07247049315783,586.7112606952223,0.0,-1.0215306,-16.366726,24.58811142524713,0.0,24.58811142524713,19.05771410836025,0.7244341737035371,0.8999315939059146,15.834917271189402,15.494875864241616,16.42028654868686,0.580197448740955,0.16666666666666666,10.30451995430252,9.964478547354734,10.88988923179998,1.0,7,34,1,0.029411764705882353,0.22058823529411764,272,60,0.22058823529411764,0.0,1.0,0.11249144923823932,0.15612909021670485,0.15612909021670485,0.03788426453787691,41.81170649796779,0.24645059523708654,0.4557377049180328,0.0,2.8181818181818183,0.06060606060606061
67,template_deposition,C,C,none,0,1.0,template_site:index=132:site=C:neigh=1:ahead0=11.068:mode=shell,x,yz,611,544,67,0,67,929.5398412665608,13.79450092747086,500.0,0.001,73.33890758690279,0.0733389075869028,-4376.6377,-4366.834,-4376.6377,-9.803711,-7.7817383,0.9999999987481769,0.0733389075869028,0.0733389075869028,17,610,132,6,6,1.445537769440271,16.598201976973584,14.705495420076,14.07247049315783,586.7112606952223,0.0,-1.0382402,-16.634441,24.58811142524713,0.0,24.58811142524713,19.05771410836025,0.7244341737035371,0.9135669210863072,16.20159431685454,16.464785942828115,16.609054103360734,0.5051194080594512,0.16666666666666666,10.671196999967659,10.934388625941235,11.078656786473854,1.0,7,34,1,0.029411764705882353,0.22426470588235295,272,61,0.22426470588235295,0.0,1.0,0.1141958651357884,0.15927159701444268,0.15927159701444268,0.039232341911645804,41.81170649796779,0.2552203173167859,0.4582651391162029,0.0,2.8059701492537314,0.05970149253731343
68,template_deposition,C,C,none,0,1.0,template_site:index=133:site=C:neigh=2:ahead0=11.068:mode=shell,x,yz,612,544,68,0,68,931.3709931825207,1.8311519159599137,500.0,0.001,73.33890758690279,0.0733389075869028,-4387.431,-4376.6377,-4387.431,-10.793457,-7.791504,0.999999999069048,0.0733389075869028,0.0733389075869028,18,611,133,5,5,1.1673897880116393,16.598201976973584,16.125495420875577,14.07247049315783,586.7112606952223,0.0,-1.0566368,-16.929188,24.58811142524713,0.0,24.58811142524713,19.05771410836025,0.7244341737035371,0.9272022482666998,16.265663374693737,16.64512114349389,16.65461872177535,0.5450506249493928,0.16666666666666666,10.735266057806857,11.114723826607008,11.12422140488847,1.0,7,34,1,0.029411764705882353,0.22794117647058823,272,62,0.22794117647058823,0.0,1.0,0.11590028103333748,0.15787155967363026,0.15787155967363026,0.039467889918407564,41.81170649796779,0.25675264075453685,0.4673202614379085,0.0,2.8529411764705883,0.058823529411764705
69,template_deposition,C,C,none,0,1.0,template_site:index=61:site=C:neigh=1:ahead0=11.068:mode=shell,x,yz,613,544,69,0,69,957.3712496998122,26.000256517291483,500.0,0.001,73.33890758690279,0.0733389075869028,-4397.0146,-4387.431,-4397.0146,-9.583496,-6.8969727,0.9996247136597088,0.0733389075869028,0.0733389075869028,17,612,61,4,4,1.3921654557278196,16.598201976973584,7.605495420114314,14.07247049315783,586.7112606952223,0.0,-1.072971,-17.190891,24.58811142524713,0.0,24.58811142524713,19.05771410836025,0.7244341737035371,0.9408375754470925,16.356397211514764,16.656993116345713,16.8295229948925,0.5842748203245728,0.16666666666666666,10.825999894627884,11.126595799458833,11.29912567800562,1.0,7,34,1,0.029411764705882353,0.23161764705882354,272,63,0.23161764705882354,0.0,1.0,0.11760469693088656,0.15689854919750557,0.15689854919750557,0.03980147020083781,41.81170649796779,0.25892269896121245,0.4730831973898858,0.0,2.8550724637681157,0.057971014492753624
70,template_deposition,C,C,none,0,1.0,template_site:index=60:site=C:neigh=2:ahead0=11.068:mode=shell,x,yz,614,544,70,0,70,971.7879972677155,14.41674756790324,500.0,0.001,73.33890758690279,0.0733389075869028,-4408.2026,-4397.0146,-4408.2026,-11.187988,-8.85498,1.0,0.0733389075869028,0.0733389075869028,18,613,60,3,3,1.4550390723567859,16.598201976973584,6.185495419314738,14.07247049315783,586.7112606952223,0.0,-1.0920401,-17.49641,24.58811142524713,0.0,24.58811142524713,19.05771410836025,0.7244341737035371,0.9544729026274852,16.741877383149628,16.66563516906807,16.855530125041692,0.1139882403312305,0.16666666666666666,11.211480066262748,11.135237852181191,11.325132808154812,1.0,7,34,1,0.029411764705882353,0.22794117647058823,272,62,0.22794117647058823,0.0,1.0,0.11930911282843565,0.16016400094661068,0.16016400094661068,0.04121867671420128,41.81170649796779,0.26814213064486303,0.4788273615635179,0.0,2.8714285714285714,0.05714285714285714
71,template_deposition,C,C,none,0,1.0,template_site:index=25:site=C:neigh=1:ahead0=11.068:mode=shell,x,yz,615,544,71,0,71,1000.3792933841609,28.591296116445395,500.0,0.001,73.33890758690279,0.0733389075869028,-4418.0293,-4408.2026,-4418.0293,-9.82666,-7.373047,1.0,0.0733389075869028,0.0733389075869028,14,614,25,2,2,1.3995685956074122,16.598201976973584,3.345495419733684,14.07247049315783,586.7112606952223,0.0,-1.1087887,-17.764753,24.58811142524713,0.0,24.58811142524713,19.05771410836025,0.7244341737035371,0.9681082298078778,16.819361887232738,16.898088681317404,16.902020827491558,0.11482959280257947,0.16666666666666666,11.288964570345858,11.367691364430524,11.371623510604678,1.0,7,34,1,0.029411764705882353,0.22794117647058823,272,62,0.22794117647058823,0.0,1.0,0.12101352872598473,0.15899950099078672,0.15899950099078672,0.04150354621450683,41.81170649796779,0.26999530791441256,0.4845528455284553,0.0,2.8732394366197185,0.056338028169014086
72,template_deposition,C,C,none,0,1.0,template_site:index=24:site=C:neigh=1:ahead0=11.068:mode=shell,x,yz,616,544,72,0,72,1000.4736658624176,0.09437247825680117,500.0,0.001,73.33890758690279,0.0733389075869028,-4425.7686,-4418.0293,-4425.7686,-7.739258,-5.8125,1.0,0.0733389075869028,0.0733389075869028,15,615,24,1,1,1.4745588784016161,16.598201976973584,1.9254954209522064,14.07247049315783,586.7112606952223,0.0,-1.1219796,-17.976095,24.58811142524713,0.0,24.58811142524713,19.05771410836025,0.7244341737035371,0.9817435569882704,16.82479317651377,16.903003864035096,16.91210681213542,0.11874345950577171,0.16666666666666666,11.294395859626889,11.372606547148216,11.38170949524854,1.0,7,34,1,0.029411764705882353,0.23529411764705882,272,64,0.23529411764705882,0.0,1.0,0.1227179446235338,0.15686660916148457,0.15686660916148457,0.04152351418980474,41.81170649796779,0.27012520668525786,0.487012987012987,0.0,2.861111111111111,0.05555555555555555
73,template_deposition,C,C,none,0,1.0,template_site:index=134:site=C:neigh=1:ahead0=12.298:mode=shell,x,yz,617,544,73,0,73,1010.3730776956921,9.899411833274492,500.0,0.001,73.33890758690279,0.0733389075869028,-4432.929,-4425.7686,-4432.929,-7.1606445,-6.616699,0.9854528181845625,0.0733389075869028,0.0733389075869028,13,616,134,8,8,1.344842407500183,17.827958050043353,16.835495420266316,14.07247049315783,586.7112606952223,0.0,-1.1341844,-18.171637,24.58811142524713,0.0,24.58811142524713,19.05771410836025,0.7244341737035371,0.995378884168663,17.222715199941003,16.9143825491605,17.663483859134033,0.44411845681718454,0.16666666666666666,11.692317883054123,11.38398523227362,12.133086542247153,1.0,7,34,1,0.029411764705882353,0.23897058823529413,272,65,0.23897058823529413,0.0,1.0,0.12442236052108288,0.1601687381240291,0.1601687381240291,0.04298646280534604,41.81170649796779,0.2796422069886675,0.48946515397082657,0.0,2.8493150684931505,0.0547945205479452
74,template_deposition,C,C,none,0,1.0,template_site:index=135:site=C:neigh=1:ahead0=12.298:mode=shell,x,yz,618,544,74,0,74,1041.4745059886986,31.101428293006602,500.0,0.001,73.33890758690279,0.0733389075869028,-4441.7603,-4432.929,-4441.7603,-8.831055,-8.185059,1.0,0.0733389075869028,0.0733389075869028,11,617,135,7,7,1.3745157986208172,17.827958050043353,18.255495419047794,14.07247049315783,586.7112606952223,0.0,-1.1492362,-18.412794,24.58811142524713,0.0,24.58811142524713,19.05771410836025,0.7244341737035371,1.0090142113490557,17.214438693781073,16.9143825491605,17.643620244350195,0.43241436718160986,0.16666666666666666,11.684041376894193,11.38398523227362,12.113222927463315,1.0,7,34,1,0.029411764705882353,0.2426470588235294,272,66,0.2426470588235294,0.0,1.0,0.12612677641863196,0.1578924510391107,0.1578924510391107,0.04295603447387571,41.81170649796779,0.2794442598859743,0.4919093851132686,0.0,2.8378378378378377,0.05405405405405406
75,template_deposition,C,C,none,0,1.0,template_site:index=98:site=C:neigh=1:ahead0=12.298:mode=shell,x,yz,619,544,75,0,75,1059.5950821948165,18.120576206117967,500.0,0.001,73.33890758690279,0.0733389075869028,-4448.8774,-4441.7603,-4448.8774,-7.1171875,-6.414551,0.9999999996921665,0.0733389075869028,0.0733389075869028,18,618,98,6,6,1.395872420011938,17.827958050043353,12.575495419885684,14.07247049315783,586.7112606952223,0.0,-1.1613668,-18.60715,24.58811142524713,0.0,24.58811142524713,19.05771410836025,0.7244341737035371,1.0226495385294483,17.50319276139032,17.76926606686284,17.814596947890664,0.41699383724241806,0.16666666666666666,11.97279544450344,12.23886874997596,12.284199631003784,1.0,7,34,1,0.029411764705882353,0.24632352941176472,272,67,0.24632352941176472,0.0,1.0,0.12783119231618104,0.1596372725933792,0.1596372725933792,0.04401763031067441,41.81170649796779,0.2863503178251135,0.49434571890145396,0.0,2.8266666666666667,0.05333333333333334
76,template_deposition,C,C,none,0,1.0,template_site:index=99:site=C:neigh=2:ahead0=12.298:mode=shell,x,yz,620,544,76,0,76,1084.4608783890403,24.865796194223794,500.0,0.001,73.33890758690279,0.0733389075869028,-4459.3506,-4448.8774,-4459.3506,-10.473145,-9.772461,1.0,0.0733389075869028,0.0733389075869028,17,619,99,5,5,1.266584100857931,17.827958050043353,13.99549542068526,14.07247049315783,586.7112606952223,0.0,-1.1792175,-18.893147,24.58811142524713,0.0,24.58811142524713,19.05771410836025,0.7244341737035371,1.036284865709841,17.50922777321571,17.723402813855643,17.856598928075915,0.4260757276806657,0.16666666666666666,11.97883045632883,12.193005496968762,12.326201611189035,1.0,7,34,1,0.029411764705882353,0.25,272,68,0.25,0.0,1.0,0.1295356082137301,0.157616190214853,0.157616190214853,0.04403981785415011,41.81170649796779,0.28649465567522453,0.5,0.0,2.8421052631578947,0.05263157894736842
77,template_deposition,C,C,none,0,1.0,template_site:index=27:site=C:neigh=1:ahead0=12.298:mode=shell,x,yz,621,544,77,0,77,1085.1461406691067,0.6852622800663538,500.0,0.001,73.33890758690279,0.0733389075869028,-4465.5093,-4459.3506,-4465.5093,-6.1586914,-5.2280273,0.24565509795393398,0.0733389075869028,0.0733389075869028,17,620,27,4,4,1.5391775657477091,17.827958050043353,5.475495419923999,14.07247049315783,586.7112606952223,0.0,-1.1897144,-19.061327,24.58811142524713,0.0,24.58811142524713,19.05771410836025,0.7244341737035371,1.0499201928902337,17.80819685136242,17.81128978360064,17.874176322024912,0.06800653308968592,0.16666666666666666,12.277799534475541,12.280892466713759,12.343779005138032,1.0,7,34,1,0.029411764705882353,0.25,272,68,0.25,0.0,1.0,0.13124002411127922,0.15945194200617585,0.15945194200617585,0.045138968876748314,41.81170649796779,0.2936450234355369,0.5024154589371981,0.0,2.831168831168831,0.05194805194805195
78,template_deposition,C,C,none,0,1.0,template_site:index=26:site=C:neigh=2:ahead0=12.298:mode=shell,x,yz,622,544,78,0,78,1111.326380248715,26.180239579608255,500.0,0.001,73.33890758690279,0.0733389075869028,-4474.6206,-4465.5093,-4474.6206,-9.111328,-8.056152,1.0,0.0733389075869028,0.0733389075869028,15,621,26,3,3,1.4150924309584605,17.827958050043353,4.055495419124423,14.07247049315783,586.7112606952223,0.0,-1.2052438,-19.310135,24.58811142524713,0.0,24.58811142524713,19.05771410836025,0.7244341737035371,1.0635555200706264,17.81247701312748,17.824130268895825,17.876744419083952,0.06846900476102043,0.16666666666666666,12.2820796962406,12.293732952008945,12.346347102197072,1.0,7,34,1,0.029411764705882353,0.25735294117647056,272,70,0.25735294117647056,0.0,1.0,0.1329444400088283,0.15746256020821284,0.15746256020821284,0.04515470476559044,41.81170649796779,0.2937473909809818,0.5080385852090032,0.0,2.8461538461538463,0.0641025641025641
79,template_deposition,C,C,none,0,1.0,template_site:index=63:site=C:neigh=1:ahead0=12.298:mode=shell,x,yz,623,544,79,0,79,1160.5546277431295,49.22824749441456,500.0,0.001,73.33890758690279,0.0733389075869028,-4480.199,-4474.6206,-4480.199,-5.5786133,-5.2617188,0.9999999999035225,0.0733389075869028,0.0733389075869028,16,622,63,2,2,1.4335259357997068,17.827958050043353,9.73549542030463,14.07247049315783,586.7112606952223,0.0,-1.2147522,-19.462477,24.58811142524713,0.0,24.58811142524713,19.05771410836025,0.7244341737035371,1.077190847251019,17.85622242165032,17.85463903942415,17.882846173189616,0.0268728799097143,0.16666666666666666,12.325825104763439,12.32424172253727,12.352448856302736,1.0,7,34,1,0.029411764705882353,0.2610294117647059,272,71,0.2610294117647059,0.0,1.0,0.13464885590637737,0.15602310259194227,0.15602310259194227,0.045315533473394995,41.81170649796779,0.2947936388428088,0.5104333868378812,0.0,2.8354430379746836,0.06329113924050633
80,template_deposition,C,C,none,0,1.0,template_site:index=62:site=C:neigh=2:ahead0=12.298:mode=shell,x,yz,624,544,80,0,80,1160.8509673374513,0.2963395943218866,500.0,0.001,73.33890758690279,0.0733389075869028,-4489.635,-4480.199,-4489.635,-9.435547,-8.489746,1.0,0.0733389075869028,0.0733389075869028,19,623,62,1,1,1.421878047707619,17.827958050043353,8.315495419505053,14.07247049315783,586.7112606952223,0.0,-1.2308342,-19.720139,24.58811142524713,0.0,24.58811142524713,19.05771410836025,0.7244341737035371,1.0908261744314116,17.861465514139272,17.868060290063898,17.885530423317565,0.026323632509759092,0.16666666666666666,12.331068197252392,12.337662973177018,12.355133106430685,1.0,9,34,1,0.029411764705882353,0.26838235294117646,272,73,0.26838235294117646,0.0,1.0,0.13635327180392645,0.1541383524656549,0.1541383524656549,0.04533480954872203,41.81170649796779,0.29491903655861856,0.5160256410256411,0.0,2.85,0.075
81,template_deposition,C,C,none,0,1.0,template_site:index=136:site=C:neigh=1:ahead0=13.527:mode=shell,x,yz,625,544,81,0,81,1165.7886318344074,4.93766449695618,500.0,0.001,73.33890758690279,0.0733389075869028,-4500.7827,-4489.635,-4500.7827,-11.147949,-6.5771484,0.6523831044438062,0.0733389075869028,0.0733389075869028,15,624,136,8,8,1.3771834468662072,19.05771412311312,14.705495420076,14.07247049315783,586.7112606952223,0.0,-1.249835,-20.024565,24.58811142524713,0.0,24.58811142524713,19.05771410836025,0.7244341737035371,1.1044615016118042,18.27753244556105,17.868060290063898,18.884091058729837,0.6087494679050545,0.16666666666666666,12.74713512867417,12.337662973177018,13.353693741842957,1.0,8,34,1,0.029411764705882353,0.2647058823529412,272,72,0.2647058823529412,0.0,1.0,0.13805768770147553,0.15737203862560703,0.15737203862560703,0.04686446738483151,41.81170649796779,0.3048700040332898,0.5248,0.0,2.8641975308641974,0.07407407407407407
82,template_deposition,C,C,none,0,1.0,template_site:index=137:site=C:neigh=2:ahead0=13.527:mode=shell,x,yz,626,544,82,0,82,1179.4677525738143,13.679120739406939,500.0,0.001,73.33890758690279,0.0733389075869028,-4512.6367,-4500.7827,-4512.6367,-11.854004,-10.0390625,1.0,0.0733389075869028,0.0733389075869028,17,625,137,7,7,1.2868891714006185,19.05771412311312,16.125495420875577,14.07247049315783,586.7112606952223,0.0,-1.2700391,-20.34827,24.58811142524713,0.0,24.58811142524713,19.05771410836025,0.7244341737035371,1.1180968287921969,18.274465384193913,17.868060290063898,18.876730111448715,0.6044136903377054,0.16666666666666666,12.744068067307033,12.337662973177018,13.346332794561835,1.0,8,34,1,0.029411764705882353,0.26838235294117646,272,73,0.26838235294117646,0.0,1.0,0.1397621035990246,0.15541546423545163,0.15541546423545163,0.04685319142392291,41.81170649796779,0.304796649902975,0.5303514376996805,0.0,2.8780487804878048,0.07317073170731707
83,template_deposition,C,C,none,0,1.0,template_site:index=100:site=C:neigh=1:ahead0=13.527:mode=shell,x,yz,627,544,83,0,83,1182.9972728549326,3.529520281118334,500.0,0.001,73.33890758690279,0.0733389075869028,-4520.278,-4512.6367,-4520.278,-7.6411133,-6.4384766,0.1467567216952573,0.0733389075869028,0.0733389075869028,17,626,100,6,6,1.4315632962517189,19.05771412311312,10.445495419695368,14.07247049315783,586.7112606952223,0.0,-1.2830628,-20.556932,24.58811142524713,0.0,24.58811142524713,19.05771410836025,0.7244341737035371,1.1317321559725895,18.71891389847845,19.12889756679492,19.18690417969299,0.6317694137892405,0.16666666666666666,13.188516581591571,13.598500249908039,13.656506862806111,1.0,8,34,1,0.029411764705882353,0.27205882352941174,272,74,0.27205882352941174,0.0,1.0,0.14146651949657368,0.1588977901396575,0.1588977901396575,0.048487193314674895,41.81170649796779,0.3154264125103955,0.532695374800638,0.0,2.8674698795180724,0.07228915662650602
84,template_deposition,C,C,none,0,1.0,template_site:index=101:site=C:neigh=1:ahead0=13.527:mode=shell,x,yz,628,544,84,0,84,1186.4016564210397,3.404383566107083,500.0,0.001,73.33890758690279,0.0733389075869028,-4529.0796,-4520.278,-4529.0796,-8.801758,-7.7060547,0.9916931273770913,0.0733389075869028,0.0733389075869028,18,627,101,5,5,1.4855913838137886,19.05771412311312,11.865495420494945,14.07247049315783,586.7112606952223,0.0,-1.2980646,-20.797289,24.58811142524713,0.0,24.58811142524713,19.05771410836025,0.7244341737035371,1.145367483152982,18.716405040418188,19.130968417003963,19.17964041022293,0.6297914899074447,0.16666666666666666,13.186007723531308,13.600571100117083,13.64924309333605,1.0,8,34,1,0.029411764705882353,0.2757352941176471,272,75,0.2757352941176471,0.0,1.0,0.14317093539412276,0.15697628242299175,0.15697628242299175,0.04847796957180628,41.81170649796779,0.3153664087872663,0.535031847133758,0.0,2.857142857142857,0.07142857142857142
85,template_deposition,C,C,none,0,1.0,template_site:index=65:site=C:neigh=1:ahead0=13.527:mode=shell,x,yz,629,544,85,0,85,1206.8600556452288,20.458399224189293,500.0,0.001,73.33890758690279,0.0733389075869028,-4537.103,-4529.0796,-4537.103,-8.0234375,-7.1748047,0.9999999825157718,0.0733389075869028,0.0733389075869028,19,628,65,4,4,1.401799158281222,19.05771412311312,7.605495420114314,14.07247049315783,586.7112606952223,0.0,-1.3117399,-21.016392,24.58811142524713,0.0,24.58811142524713,19.05771410836025,0.7244341737035371,1.1590028103333747,18.975088595707195,19.130968417003963,19.747158267799307,0.8271857669278384,0.16666666666666666,13.444691278820315,13.600571100117083,14.216760950912427,1.0,8,34,1,0.029411764705882353,0.27941176470588236,272,76,0.27941176470588236,0.0,1.0,0.14487535129167184,0.15817283857435666,0.15817283857435666,0.04942901205448645,41.81170649796779,0.32155327789536114,0.5373608903020668,0.0,2.847058823529412,0.07058823529411765
86,template_deposition,C,C,none,0,1.0,template_site:index=64:site=C:neigh=2:ahead0=13.527:mode=shell,x,yz,630,544,86,0,86,1207.067158759665,0.20710311443625984,500.0,0.001,73.33890758690279,0.0733389075869028,-4549.562,-4537.103,-4549.562,-12.458984,-10.195801,1.0,0.0733389075869028,0.0733389075869028,18,629,64,3,3,1.2883216223608869,19.05771412311312,6.185495419314738,14.07247049315783,586.7112606952223,0.0,-1.3329751,-21.356617,24.58811142524713,0.0,24.58811142524713,19.05771410836025,0.7244341737035371,1.1726381375137676,19.41165390809178,19.241305442400574,19.738411380376753,0.3220944865709936,0.16666666666666666,13.881256591204899,13.710908125513694,14.208014063489873,1.0,8,34,1,0.029411764705882353,0.27941176470588236,272,76,0.27941176470588236,0.0,1.0,0.14657976718922094,0.16140996036284766,0.16140996036284766,0.051034031585312126,41.81170649796779,0.3319944999585124,0.546031746031746,0.0,2.872093023255814,0.06976744186046512
87,template_deposition,C,C,none,0,1.0,template_site:index=29:site=C:neigh=1:ahead0=13.527:mode=shell,x,yz,631,544,87,0,87,1210.0065813470383,2.939422587373231,500.0,0.001,73.33890758690279,0.0733389075869028,-4557.5923,-4549.562,-4557.5923,-8.030273,-6.9663086,1.0,0.0733389075869028,0.0733389075869028,14,630,29,2,2,1.4481554741606233,19.05771412311312,3.345495419733684,14.07247049315783,586.7112606952223,0.0,-1.3466622,-21.575907,24.58811142524713,0.0,24.58811142524713,19.05771410836025,0.7244341737035371,1.1862734646941602,19.395192555479884,19.191921384564885,19.728534568809618,0.33150436325987503,0.16666666666666666,13.864795238593004,13.661524067678005,14.198137251922738,1.0,8,34,1,0.029411764705882353,0.28308823529411764,272,77,0.28308823529411764,0.0,1.0,0.14828418308677002,0.15936546251256326,0.15936546251256326,0.050973511906591926,41.81170649796779,0.33160079795515846,0.5483359746434231,0.0,2.8620689655172415,0.06896551724137931
88,template_deposition,C,C,none,0,1.0,template_site:index=28:site=C:neigh=1:ahead0=13.527:mode=shell,x,yz,632,544,88,0,88,1214.1145877451122,4.108006398073858,500.0,0.001,73.33890758690279,0.0733389075869028,-4568.2607,-4557.5923,-4568.2607,-10.668457,-7.841797,1.0,0.0733389075869028,0.0733389075869028,14,631,28,1,1,1.3997059277143442,19.05771412311312,1.9254954209522064,14.07247049315783,586.7112606952223,0.0,-1.3648456,-21.867239,24.58811142524713,0.0,24.58811142524713,19.05771410836025,0.7244341737035371,1.1999087918745528,19.640156478177506,19.8626878648708,19.91398809510037,0.36100080735338674,0.16666666666666666,14.109759161290626,14.33229054798392,14.383590778213488,1.0,7,34,1,0.029411764705882353,0.28308823529411764,272,77,0.28308823529411764,0.0,1.0,0.1499885989843191,0.16033817228739347,0.16033817228739347,0.051874114563568476,41.81170649796779,0.33745953808358464,0.5506329113924051,0.0,2.852272727272727,0.06818181818181818
89,template_deposition,C,C,none,0,1.0,template_site:index=102:site=C:neigh=1:ahead0=14.757:mode=shell,x,yz,633,544,89,0,89,1223.093146947329,8.978559202216669,500.0,0.001,73.33890758690279,0.0733389075869028,-4577.922,-4568.2607,-4577.922,-9.661133,-6.9887695,0.9999982946415055,0.0733389075869028,0.0733389075869028,17,632,102,8,8,1.4662408377000127,20.287470196182884,12.575495419885684,14.07247049315783,586.7112606952223,0.0,-1.3813123,-22.131063,24.58811142524713,0.0,24.58811142524713,19.05771410836025,0.7232570998606062,1.2135441190549454,19.74969728778753,19.92681315265776,20.128823774826113,0.44124472945291127,0.16666666666666666,14.21929997090065,14.396415835770881,14.598426457939233,1.0,7,34,1,0.029411764705882353,0.29044117647058826,272,79,0.29044117647058826,0.0,1.0,0.15169301488186818,0.15976741540337808,0.15976741540337808,0.052276838128311215,41.81170649796779,0.3400793978976142,0.5592417061611374,0.041666666666666664,2.865168539325843,0.06741573033707865
90,template_deposition,C,C,none,0,1.0,template_site:index=103:site=C:neigh=2:ahead0=14.757:mode=shell,x,yz,634,544,90,0,90,1271.377805896491,48.28465894916219,500.0,0.001,73.33890758690279,0.0733389075869028,-4587.8853,-4577.922,-4587.8853,-9.963379,-8.739746,1.0,0.0733389075869028,0.0733389075869028,18,633,103,7,7,1.3164161073287222,20.287470196182884,13.99549542068526,14.07247049315783,586.7112606952223,0.0,-1.398294,-22.40314,24.58811142524713,0.0,24.58811142524713,19.05771410836025,0.7684166908036426,1.227179446235338,20.126094154860652,20.133849889085017,20.28086551608835,0.15964021791369454,0.16666666666666666,14.595696837973772,14.603452572198137,14.750468199201471,1.0,7,34,1,0.029411764705882353,0.29044117647058826,272,79,0.29044117647058826,0.0,1.0,0.15339743077941725,0.1621744093108197,0.1621744093108197,0.05366065013960946,41.81170649796779,0.3490815864854303,0.5615141955835962,0.0,2.8777777777777778,0.06666666666666667
91,template_deposition,C,C,none,0,1.0,template_site:index=138:site=C:neigh=1:ahead0=14.757:mode=shell,x,yz,635,544,91,0,91,1288.7634545683795,17.38564867188852,500.0,0.001,73.33890758690279,0.0733389075869028,-4597.165,-4587.8853,-4597.165,-9.279785,-7.241699,1.0,0.0733389075869028,0.0733389075869028,16,634,138,6,6,1.4162969874265705,20.287470196182884,16.835495420266316,14.07247049315783,586.7112606952223,0.0,-1.4141105,-22.65655,24.58811142524713,0.0,24.58811142524713,19.05771410836025,0.767708465014207,1.2408147734157307,20.121875526188834,20.133849889085017,20.27074080727598,0.15461127015042905,0.16666666666666666,14.591478209301954,14.603452572198137,14.740343490389101,1.0,7,34,1,0.029411764705882353,0.29411764705882354,272,80,0.29411764705882354,0.0,1.0,0.15510184667696633,0.16034591438793355,0.16034591438793355,0.05364514047537483,41.81170649796779,0.34898069061139986,0.5637795275590551,0.0,2.868131868131868,0.06593406593406594
92,template_deposition,C,C,none,0,1.0,template_site:index=139:site=C:neigh=1:ahead0=14.757:mode=shell,x,yz,636,544,92,0,92,1293.7732831674994,5.0098285991198575,500.0,0.001,73.33890758690279,0.0733389075869028,-4606.763,-4597.165,-4606.763,-9.598145,-7.6533203,1.0,0.0733389075869028,0.0733389075869028,12,635,139,5,5,1.3011186219140158,20.287470196182884,18.255495419047794,14.07247049315783,586.7112606952223,0.0,-1.4304698,-22.918653,24.58811142524713,0.0,24.58811142524713,19.05771410836025,0.7675252752830272,1.2544501005961233,20.12868885941367,20.133849889085017,20.287092807015597,0.16276476009459578,0.16666666666666666,14.598291542526791,14.603452572198137,14.756695490128717,1.0,7,34,1,0.029411764705882353,0.2977941176470588,272,81,0.2977941176470588,0.0,1.0,0.1568062625745154,0.15867708198398686,0.15867708198398686,0.05367018949458379,41.81170649796779,0.3491436433773954,0.5723270440251572,0.0,2.880434782608696,0.06521739130434782
93,template_deposition,C,C,none,0,1.0,template_site:index=31:site=C:neigh=1:ahead0=14.757:mode=shell,x,yz,637,544,93,0,93,1304.74546006901,10.972176901510805,500.0,0.001,73.33890758690279,0.0733389075869028,-4615.268,-4606.763,-4615.268,-8.504883,-5.5810547,0.3618033869441972,0.0733389075869028,0.0733389075869028,16,636,31,4,4,1.3241717046853114,20.287470196182884,5.475495419923999,14.07247049315783,586.7112606952223,0.0,-1.4449656,-23.150902,24.58811142524713,0.0,24.58811142524713,19.05771410836025,0.7679511430137396,1.268085427776516,20.269319168487687,20.325403536498243,20.344043971203497,0.09626239513911486,0.16666666666666666,14.738921851600807,14.795006219611363,14.813646654316617,1.0,7,34,1,0.029411764705882353,0.29411764705882354,272,80,0.29411764705882354,0.0,1.0,0.1585106784720645,0.15848303066237426,0.15848303066237426,0.05418721268970885,41.81170649796779,0.3525070628800376,0.5839874411302983,0.04081632653061224,2.903225806451613,0.06451612903225806
94,template_deposition,C,C,none,0,1.0,template_site:index=30:site=C:neigh=2:ahead0=14.757:mode=shell,x,yz,638,544,94,0,94,1304.9095484352522,0.16408836624221426,500.0,0.001,73.33890758690279,0.0733389075869028,-4624.584,-4615.268,-4624.584,-9.315918,-7.940918,1.0,0.0733389075869028,0.0733389075869028,17,637,30,3,3,1.401278504811975,20.287470196182884,4.055495419124423,14.07247049315783,586.7112606952223,0.0,-1.4608438,-23.405298,24.58811142524713,0.0,24.58811142524713,19.05771410836025,0.767963215480569,1.2817207549569085,20.25814298453626,20.315175528025524,20.3233579348037,0.08798762497066884,0.16666666666666666,14.72774566764938,14.784778211138644,14.792960617916819,1.0,7,34,1,0.029411764705882353,0.2977941176470588,272,81,0.2977941176470588,0.0,1.0,0.16021509436961356,0.15667814540052533,0.15667814540052533,0.05414612377812272,41.81170649796779,0.35223976491763626,0.5862068965517241,0.0,2.9148936170212765,0.07446808510638298
95,template_deposition,C,C,none,0,1.0,template_site:index=67:site=C:neigh=1:ahead0=14.757:mode=shell,x,yz,639,544,95,0,95,1318.6656300412362,13.756081605983967,500.0,0.001,73.33890758690279,0.0733389075869028,-4630.9727,-4624.584,-4630.9727,-6.388672,-5.2875977,0.999999509731763,0.0733389075869028,0.0733389075869028,18,638,67,2,2,1.4676540128929105,20.287470196182884,9.73549542030463,14.07247049315783,586.7112606952223,0.0,-1.4717329,-23.57976,24.58811142524713,0.0,24.58811142524713,19.05771410836025,0.7685549739628181,1.2953560821373014,20.32748497244727,20.325403536498243,20.338581389554086,0.010999276270554243,0.16666666666666666,14.79708765556039,14.795006219611363,14.808184072667206,1.0,7,34,1,0.029411764705882353,0.3014705882352941,272,82,0.3014705882352941,0.0,1.0,0.16191951026716267,0.15575881742695147,0.15575881742695147,0.05440105755720731,41.81170649796779,0.353898199689113,0.5915492957746479,0.04081632653061224,2.905263157894737,0.07368421052631578
96,template_deposition,C,C,none,0,1.0,template_site:index=66:site=C:neigh=2:ahead0=14.757:mode=shell,x,yz,640,544,96,0,96,1338.893428878927,20.22779883769074,500.0,0.001,73.33890758690279,0.0733389075869028,-4640.055,-4630.9727,-4640.055,-9.08252,-7.9804688,1.0,0.0733389075869028,0.0733389075869028,18,639,66,1,1,1.4337499662656914,20.287470196182884,8.315495419505053,14.07247049315783,586.7112606952223,0.0,-1.4872131,-23.827782,24.58811142524713,0.0,24.58811142524713,19.05771410836025,0.7683073872330131,1.308991409317694,20.324348112726646,20.325403536498243,20.35049516832118,0.026912014121870075,0.16666666666666666,14.793950795839766,14.795006219611363,14.820097851434301,1.0,7,34,1,0.029411764705882353,0.3088235294117647,272,84,0.3088235294117647,0.0,1.0,0.16362392616471175,0.1541036541233309,0.1541036541233309,0.05438952498470502,41.81170649796779,0.3538231762092468,0.59375,0.0,2.9166666666666665,0.08333333333333333
97,template_deposition,C,C,none,0,1.0,template_site:index=140:site=C:neigh=1:ahead0=15.987:mode=shell,x,yz,641,544,97,0,97,1360.5436933571045,21.65026447817758,500.0,0.001,73.33890758690279,0.0733389075869028,-4647.7007,-4640.055,-4647.7007,-7.645508,-6.857422,0.9989811299617084,0.0733389075869028,0.0733389075869028,16,640,140,8,8,1.40173915103883,21.517226269252646,14.705495420076,14.07247049315783,586.7112606952223,0.0,-1.5002443,-24.036564,24.58811142524713,0.0,24.58811142524713,19.05771410836025,0.7668522478427253,1.3226267364980866,20.724886685025837,20.356768076276914,21.292969017972037,0.5678309855620217,0.16666666666666666,15.194489368138957,14.826370759390034,15.762571701085157,1.0,7,34,1,0.029411764705882353,0.3125,272,85,0.3125,0.0,1.0,0.16532834206226082,0.15664422029009234,0.15664422029009234,0.05586209326521675,41.81170649796779,0.36340275584966775,0.5959438377535101,0.0,2.9072164948453607,0.08247422680412371
98,template_deposition,C,C,none,0,1.0,template_site:index=141:site=C:neigh=2:ahead0=15.987:mode=shell,x,yz,642,544,98,0,98,1361.9756478289862,1.4319544718817048,500.0,0.001,73.33890758690279,0.0733389075869028,-4658.0303,-4647.7007,-4658.0303,-10.32959,-9.032715,1.0,0.0733389075869028,0.0733389075869028,17,641,141,7,7,1.393644568094567,21.517226269252646,16.125495420875577,14.07247049315783,586.7112606952223,0.0,-1.5178503,-24.318644,24.58811142524713,0.0,24.58811142524713,19.05771410836025,0.7671555038450474,1.3362620636784792,20.728130972282234,20.356768076276914,21.30075530738739,0.572413989960892,0.16666666666666666,15.197733655395353,14.826370759390034,15.77035799050051,1.0,7,34,1,0.029411764705882353,0.3161764705882353,272,86,0.3161764705882353,0.0,1.0,0.1670327579598099,0.155078914850973,0.155078914850973,0.055874020791894685,41.81170649796779,0.36348034864671264,0.5981308411214953,0.0,2.9081632653061225,0.08163265306122448
99,template_deposition,C,C,none,0,1.0,template_site:index=69:site=C:neigh=1:ahead0=15.987:mode=shell,x,yz,643,544,99,0,99,1371.9985242265834,10.022876397597301,500.0,0.001,73.33890758690279,0.0733389075869028,-4665.0557,-4658.0303,-4665.0557,-7.0253906,-6.546875,0.6762551812656346,0.0733389075869028,0.0733389075869028,17,642,69,6,6,1.4297418428086763,21.517226269252646,7.605495420114314,14.07247049315783,586.7112606952223,0.0,-1.5298244,-24.510489,24.58811142524713,0.0,24.58811142524713,19.05771410836025,0.7669731740522289,1.3498973908588718,21.118441693899978,21.52904066567507,21.53520982526702,0.5861359074571426,0.16666666666666666,15.588044377013098,15.998643348788189,16.00481250838014,1.0,7,34,1,0.029411764705882353,0.31985294117647056,272,87,0.31985294117647056,0.0,1.0,0.16873717385735898,0.157454993707203,0.157454993707203,0.05730898668019521,41.81170649796779,0.3728153113714872,0.6003110419906688,0.0,2.898989898989899,0.08080808080808081
100,template_deposition,C,C,none,0,1.0,template_site:index=68:site=C:neigh=2:ahead0=15.987:mode=shell,x,yz,644,544,100,0,100,1375.0472329787708,3.0487087521874825,500.0,0.001,73.33890758690279,0.0733389075869028,-4675.137,-4665.0557,-4675.137,-10.081543,-9.539551,1.0,0.0733389075869028,0.0733389075869028,16,643,68,5,5,1.4090813522180776,21.517226269252646,6.185495419314738,14.07247049315783,586.7112606952223,0.0,-1.5470076,-24.785793,24.58811142524713,0.0,24.58811142524713,19.05771410836025,0.7670539522781039,1.3635327180392645,21.532694098860947,21.53510868449214,21.536423429030435,0.0046257358299930385,0.16666666666666666,16.002296781974067,16.00471136760526,16.006026112143555,1.0,7,34,1,0.029411764705882353,0.3235294117647059,272,88,0.3235294117647059,0.0,1.0,0.17044158975490806,0.16002296781974068,0.16002296781974068,0.05883197346313995,41.81170649796779,0.38272288127612875,0.6055900621118012,0.0,2.91,0.08
101,template_deposition,C,C,none,0,1.0,template_site:index=33:site=C:neigh=1:ahead0=15.987:mode=shell,x,yz,645,544,101,0,101,1380.7008280795194,5.653595100748667,500.0,0.001,73.33890758690279,0.0733389075869028,-4682.606,-4675.137,-4682.606,-7.46875,-7.2250977,0.9999999999999993,0.0733389075869028,0.0733389075869028,14,644,33,4,4,1.3875467745393077,21.517226269252646,3.345495419733684,14.07247049315783,586.7112606952223,0.0,-1.5597374,-24.98975,24.58811142524713,0.0,24.58811142524713,19.05771410836025,0.7671492896584924,1.377168045219657,21.537789918357674,21.536752115165008,21.540557587365704,0.0027139938067166133,0.16666666666666666,16.007392601470794,16.006354798278128,16.010160270478824,1.0,7,34,1,0.029411764705882353,0.3272058823529412,272,89,0.3272058823529412,0.0,1.0,0.17214600565245713,0.15848903565812666,0.15848903565812666,0.05885070809364262,41.81170649796779,0.38284475670106444,0.6077519379844961,0.0,2.900990099009901,0.07920792079207921
102,template_deposition,C,C,none,0,1.0,template_site:index=32:site=C:neigh=1:ahead0=15.987:mode=shell,x,yz,646,544,102,0,102,1384.0484821649902,3.347654085470723,500.0,0.001,73.33890758690279,0.0733389075869028,-4690.5767,-4682.606,-4690.5767,-7.970703,-7.448242,1.0,0.0733389075869028,0.0733389075869028,12,645,32,3,3,1.4120695159515473,21.517226269252646,1.9254954209522064,14.07247049315783,586.7112606952223,0.0,-1.5733228,-25.20741,24.58811142524713,0.0,24.58811142524713,19.05771410836025,0.7675333585447163,1.3908033724000497,21.552912467774377,21.536752115165008,21.57685170596579,0.0240256406261005,0.16666666666666666,16.022515150887497,16.006354798278128,16.04645438907891,1.0,7,34,1,0.029411764705882353,0.33088235294117646,272,90,0.33088235294117646,0.0,1.0,0.1738504215500062,0.15708348187144605,0.15708348187144605,0.05890630570179227,41.81170649796779,0.38320643888730666,0.6099071207430341,0.0,2.892156862745098,0.0784313725490196
103,template_deposition,C,C,none,0,1.0,template_site:index=104:site=C:neigh=1:ahead0=15.987:mode=shell,x,yz,647,544,103,0,103,1394.112390529423,10.06390836443285,500.0,0.001,73.33890758690279,0.0733389075869028,-4697.657,-4690.5767,-4697.657,-7.0805664,-5.7163086,1.0,0.0733389075869028,0.0733389075869028,17,646,104,2,2,1.4053783400226771,21.517226269252646,10.445495419695368,14.07247049315783,586.7112606952223,0.0,-1.585391,-25.400764,24.58811142524713,0.0,24.58811142524713,19.05771410836025,0.8019712989771102,1.4044386995804423,22.029279385105458,21.586876603665985,22.688742869921498,0.6614120081647625,0.16666666666666666,16.498882068218578,16.056479286779105,17.158345553034618,1.0,7,34,1,0.029411764705882353,0.33455882352941174,272,91,0.33455882352941174,0.0,1.0,0.1755548374475553,0.1601833210506658,0.1601833210506658,0.0606576546625683,41.81170649796779,0.3945995858604931,0.6120556414219475,0.02,2.883495145631068,0.07766990291262135
104,template_deposition,C,C,none,0,1.0,template_site:index=105:site=C:neigh=1:ahead0=15.987:mode=shell,x,yz,648,544,104,0,104,1397.3414722230282,3.229081693605212,500.0,0.001,73.33890758690279,0.0733389075869028,-4707.441,-4697.657,-4707.441,-9.783691,-8.321777,1.0,0.0733389075869028,0.0733389075869028,17,647,105,1,1,1.423502869329732,21.517226269252646,11.865495420494945,14.07247049315783,586.7112606952223,0.0,-1.6020665,-25.667936,24.58811142524713,0.0,24.58811142524713,19.05771410836025,0.8053823534827756,1.4180740267608352,22.03497873222771,21.586876603665985,22.688742869921498,0.6572036532937501,0.16666666666666666,16.50458141534083,16.056479286779105,17.158345553034618,1.0,12,34,1,0.029411764705882353,0.34191176470588236,272,93,0.34191176470588236,0.0,1.0,0.1772592533451044,0.15869789822443106,0.15869789822443106,0.0606786081446354,41.81170649796779,0.3947358957028701,0.6141975308641975,0.04,2.8846153846153846,0.07692307692307693
105,template_deposition,C,C,none,0,1.0,template_site:index=35:site=C:neigh=1:ahead0=17.217:mode=shell,x,yz,649,544,105,0,105,1400.3700777345277,3.028605511499622,500.0,0.001,73.33890758690279,0.0733389075869028,-4716.092,-4707.441,-4716.092,-8.650879,-7.148926,0.9992315008127561,0.0733389075869028,0.0733389075869028,15,648,35,8,8,1.4227849922123115,22.746982344781223,5.475495419923999,14.07247049315783,586.7112606952223,0.0,-1.6168113,-25.904173,24.58811142524713,0.0,24.58811142524713,19.05771410836025,0.8813319810668001,1.4317093539412278,22.380439923899235,22.760890805042024,22.813441209107545,0.5851021056991496,0.16666666666666666,16.850042607012355,17.230493488155144,17.283043892220665,1.0,12,34,1,0.029411764705882353,0.34558823529411764,272,94,0.34558823529411764,0.0,1.0,0.17896366924265347,0.16047659625726052,0.16047659625726052,0.061948686055192485,41.81170649796779,0.4029982035732345,0.6194144838212635,0.2037037037037037,2.8857142857142857,0.0761904761904762
106,template_deposition,C,C,none,0,1.0,template_site:index=34:site=C:neigh=2:ahead0=17.217:mode=shell,x,yz,650,544,106,0,106,1413.0066034497884,12.636525715260694,500.0,0.001,73.33890758690279,0.0733389075869028,-4726.225,-4716.092,-4726.225,-10.133301,-9.203125,1.0,0.0733389075869028,0.0733389075869028,15,649,34,7,7,1.3178984612022024,22.746982344781223,4.055495419124423,14.07247049315783,586.7112606952223,0.0,-1.6340826,-26.18089,24.58811142524713,0.0,24.58811142524713,19.05771410836025,0.8778618173207784,1.4453446811216204,22.465049943350405,22.826578810123923,22.977092452741203,0.6488775676381807,0.16666666666666666,16.934652626463524,17.296181493237043,17.446695135854323,1.0,12,34,1,0.029411764705882353,0.3492647058823529,272,95,0.3492647058823529,0.0,1.0,0.18066808514020255,0.15976087383456156,0.15976087383456156,0.06225975230317472,41.81170649796779,0.4050217999900725,0.6215384615384615,0.21818181818181817,2.8867924528301887,0.07547169811320754
107,template_deposition,C,C,none,0,1.0,template_site:index=70:site=C:neigh=1:ahead0=17.217:mode=shell,x,yz,651,544,107,0,107,1413.7520544646154,0.7454510148270412,500.0,0.001,73.33890758690279,0.0733389075869028,-4736.0347,-4726.225,-4736.0347,-9.80957,-7.0180664,0.9996666570459849,0.0733389075869028,0.0733389075869028,15,650,70,6,6,1.3295656760402943,22.746982344781223,8.315495419505053,14.07247049315783,586.7112606952223,0.0,-1.6508021,-26.448767,24.58811142524713,0.0,24.58811142524713,19.05771410836025,0.8747085496514986,1.458980008302013,22.472911952684417,22.85016483812596,22.98180965834161,0.6533378963566666,0.16666666666666666,16.942514635797536,17.31976752123908,17.45141234145473,1.0,12,34,1,0.029411764705882353,0.35294117647058826,272,96,0.35294117647058826,0.0,1.0,0.18237250103775163,0.15834125827848164,0.15834125827848164,0.06228865674925565,41.81170649796779,0.40520983367710683,0.6236559139784946,0.2857142857142857,2.878504672897196,0.06542056074766354
108,template_deposition,C,C,none,0,1.0,template_site:index=71:site=C:neigh=2:ahead0=17.217:mode=shell,x,yz,652,544,108,0,108,1437.9129721987326,24.1609177341172,500.0,0.001,73.33890758690279,0.0733389075869028,-4744.8604,-4736.0347,-4744.8604,-8.825684,-7.694336,0.9999999989691915,0.0733389075869028,0.0733389075869028,16,651,71,5,5,1.3588549840278392,22.746982344781223,9.73549542030463,14.07247049315783,586.7112606952223,0.0,-1.6658448,-26.689777,24.58811142524713,0.0,24.58811142524713,19.05771410836025,0.8703857222464589,1.4726153354824056,22.47878083069193,22.86777147214851,22.98533098514612,0.6567704291448949,0.16666666666666666,16.94838351380505,17.33737415526163,17.45493366825924,1.0,12,34,1,0.029411764705882353,0.35294117647058826,272,96,0.35294117647058826,0.0,1.0,0.1840769169353007,0.1569294769796764,0.1569294769796764,0.06231023350663622,41.81170649796779,0.4053501981467513,0.6319018404907976,0.3508771929824561,2.8981481481481484,0.07407407407407407
109,template_deposition,C,C,none,0,1.0,template_site:index=106:site=C:neigh=1:ahead0=17.217:mode=shell,x,yz,653,544,109,0,109,1463.676621893725,25.763649694992505,500.0,0.001,73.33890758690279,0.0733389075869028,-4755.42,-4744.8604,-4755.42,-10.55957,-7.4848633,0.9999999999559055,0.0733389075869028,0.0733389075869028,16,652,106,4,4,1.4047811903895773,22.746982344781223,12.575495419885684,14.07247049315783,586.7112606952223,0.0,-1.6838427,-26.978134,24.58811142524713,0.0,24.58811142524713,19.05771410836025,0.8663750811182788,1.4862506626627983,22.58571028889661,23.014720863395524,23.127840143411554,0.7090505633036353,0.16666666666666666,17.05531297200973,17.484323546508644,17.597442826524674,1.0,12,34,1,0.029411764705882353,0.35661764705882354,272,97,0.35661764705882354,0.0,1.0,0.18578133283284978,0.15647076121109843,0.15647076121109843,0.06270335651474165,41.81170649796779,0.4079076029302627,0.6339969372128637,0.3620689655172414,2.889908256880734,0.07339449541284404
110,template_deposition,C,C,none,0,1.0,template_site:index=107:site=C:neigh=2:ahead0=17.217:mode=shell,x,yz,654,544,110,0,110,1466.6088843301761,2.9322624364509746,500.0,0.001,73.33890758690279,0.0733389075869028,-4765.651,-4755.42,-4765.651,-10.230957,-8.743652,1.0,0.0733389075869028,0.0733389075869028,16,653,107,3,3,1.2582576924292548,22.746982344781223,13.99549542068526,14.07247049315783,586.7112606952223,0.0,-1.7012805,-27.257519,24.58811142524713,0.0,24.58811142524713,19.05771410836025,0.8824444609326016,1.4998859898431909,22.966554642922787,23.014720863395524,23.078582339460027,0.12875597549577245,0.16666666666666666,17.436157326035907,17.484323546508644,17.548185022573147,1.0,12,34,1,0.029411764705882353,0.3602941176470588,272,98,0.3602941176470588,0.0,1.0,0.18748574873039886,0.15851052114578099,0.15851052114578099,0.06410351958101436,41.81170649796779,0.4170161609376879,0.6422018348623854,0.48333333333333334,2.909090909090909,0.07272727272727272
111,template_deposition,C,C,none,0,1.0,template_site:index=142:site=C:neigh=1:ahead0=17.217:mode=shell,x,yz,655,544,111,0,111,1469.2069961630257,2.598111832849524,500.0,0.001,73.33890758690279,0.0733389075869028,-4776.17,-4765.651,-4776.17,-10.519043,-7.0307617,1.0,0.0733389075869028,0.0733389075869028,13,654,142,2,2,1.3652427057483774,22.746982344781223,16.835495420266316,14.07247049315783,586.7112606952223,0.0,-1.7192093,-27.544771,24.58811142524713,0.0,24.58811142524713,19.05771410836025,0.8767407242384583,1.5135213170235835,23.0818646510765,23.094547708476153,23.12796984678149,0.0504483871956478,0.16666666666666666,17.55146733418962,17.564150391589273,17.59757252989461,1.0,12,34,1,0.029411764705882353,0.3602941176470588,272,98,0.3602941176470588,0.0,1.0,0.18919016462794794,0.15812132733504164,0.15812132733504164,0.06452745343452067,41.81170649796779,0.4197740012128586,0.6442748091603053,0.4918032786885246,2.900900900900901,0.07207207207207207
112,template_deposition,C,C,none,0,1.0,template_site:index=143:site=C:neigh=1:ahead0=17.217:mode=shell,x,yz,656,544,112,0,112,1474.9292382488904,5.722242085864684,500.0,0.001,73.33890758690279,0.0733389075869028,-4786.4883,-4776.17,-4786.4883,-10.318359,-7.163086,1.0,0.0733389075869028,0.0733389075869028,10,655,143,1,1,1.4619265127833048,22.746982344781223,18.255495419047794,14.07247049315783,586.7112606952223,0.0,-1.7367961,-27.826542,24.58811142524713,0.0,24.58811142524713,19.05771410836025,0.8906425008915916,1.5271566442039761,23.050516442457962,23.042280755502205,23.084094317881362,0.033105399394525406,0.16666666666666666,17.52011912557108,17.511883438615325,17.553697000994482,1.0,12,34,1,0.029411764705882353,0.3602941176470588,272,98,0.3602941176470588,0.0,1.0,0.19089458052549702,0.1564296350497418,0.1564296350497418,0.06441220266754075,41.81170649796779,0.41902425404288696,0.6524390243902439,0.5714285714285714,2.9107142857142856,0.07142857142857142
113,template_deposition,C,C,none,0,1.0,template_site:index=148:site=C:neigh=1:ahead0=18.446:mode=shell,x,yz,657,544,113,0,113,1483.1142014114894,8.184963162599018,500.0,0.001,73.33890758690279,0.0733389075869028,-4794.0386,-4786.4883,-4794.0386,-7.550293,-6.574707,0.9729025781089478,0.0733389075869028,0.0733389075869028,12,656,148,8,8,1.3840796887893216,23.976738418284896,14.705495420076,14.07247049315783,586.7112606952223,0.0,-1.7496649,-28.032722,24.58811142524713,0.0,24.58811142524713,19.05771410836025,0.869303056560966,1.540791971384369,23.32287648114064,23.052987556526304,23.731334330105327,0.4090376548798792,0.16666666666666666,17.79247916425376,17.522590239639424,18.200937013218446,1.0,12,34,1,0.029411764705882353,0.3639705882352941,272,99,0.3639705882352941,0.0,1.0,0.19259899642304612,0.1574555678252545,0.1574555678252545,0.06541352633916823,41.81170649796779,0.42553822014221165,0.654490106544901,0.5555555555555556,2.9026548672566372,0.07079646017699115
114,template_deposition,C,C,none,0,1.0,template_site:index=149:site=C:neigh=2:ahead0=18.446:mode=shell,x,yz,658,544,114,0,114,1541.0847139672794,57.97051255579,500.0,0.001,73.33890758690279,0.0733389075869028,-4803.727,-4794.0386,-4803.727,-9.688477,-8.759277,1.0,0.0733389075869028,0.0733389075869028,13,657,149,7,7,1.2478596371233468,23.976738418284896,16.125495420875577,14.07247049315783,586.7112606952223,0.0,-1.7661781,-28.297295,24.58811142524713,0.0,24.58811142524713,19.05771410836025,0.8856562685910905,1.5544272985647616,23.355048499135375,23.02288268644069,23.82661009534407,0.4755363515578235,0.16666666666666666,17.824651182248495,17.49248536955381,18.29621277845719,1.0,12,34,1,0.029411764705882353,0.36764705882352944,272,100,0.36764705882352944,0.0,1.0,0.1943034123205952,0.15635658931796925,0.15635658931796925,0.06553180581709006,41.81170649796779,0.4263076701524928,0.6595744680851063,0.6,2.912280701754386,0.07894736842105263
115,template_deposition,C,C,none,0,1.0,template_site:index=147:site=C:neigh=1:ahead0=18.446:mode=shell,x,yz,659,544,115,0,115,1546.9654062733591,5.8806923060798,500.0,0.001,73.33890758690279,0.0733389075869028,-4811.0166,-4803.727,-4811.0166,-7.289551,-6.3652344,0.7029265125447521,0.0733389075869028,0.0733389075869028,13,658,147,6,6,1.3711488580963336,23.976738418284896,10.445495419695368,14.07247049315783,586.7112606952223,0.0,-1.7786026,-28.496355,24.58811142524713,0.0,24.58811142524713,19.05771410836025,0.8996731911176762,1.5680626257451542,23.666667142934582,23.957738617838306,24.013581281623594,0.46187558913919596,0.16666666666666666,18.1362698260477,18.427341300951426,18.483183964736714,1.0,12,34,1,0.029411764705882353,0.3713235294117647,272,101,0.3713235294117647,0.0,1.0,0.19600782821814428,0.15770669413954524,0.15770669413954524,0.06667746259576361,41.81170649796779,0.4337605743723757,0.661608497723824,0.6119402985074627,2.9043478260869566,0.0782608695652174
116,template_deposition,C,C,none,0,1.0,template_site:index=146:site=C:neigh=2:ahead0=18.446:mode=shell,x,yz,660,544,116,0,116,1547.9018891221845,0.93648284882533,500.0,0.001,73.33890758690279,0.0733389075869028,-4820.3667,-4811.0166,-4820.3667,-9.350098,-8.344238,1.0,0.0733389075869028,0.0733389075869028,15,659,146,5,5,1.3844553742273629,23.976738418284896,11.865495420494945,14.07247049315783,586.7112606952223,0.0,-1.794539,-28.751684,24.58811142524713,0.0,24.58811142524713,19.05771410836025,0.8801427473910571,1.5816979529255468,23.664673492699507,23.951757667133084,24.01238509148255,0.4606261170368747,0.16666666666666666,18.134276175812627,18.421360350246204,18.48198777459567,1.0,12,34,1,0.029411764705882353,0.3786764705882353,272,103,0.3786764705882353,0.0,1.0,0.19771224411569335,0.15632996703286747,0.15632996703286747,0.06667013299931113,41.81170649796779,0.43371289274438063,0.6666666666666666,0.6268656716417911,2.913793103448276,0.08620689655172414
117,template_deposition,C,C,none,0,1.0,template_site:index=144:site=C:neigh=1:ahead0=18.446:mode=shell,x,yz,661,544,117,0,117,1549.7734837559924,1.8715946338079998,500.0,0.001,73.33890758690279,0.0733389075869028,-4828.5645,-4820.3667,-4828.5645,-8.197754,-6.326172,0.9999999999386862,0.0733389075869028,0.0733389075869028,9,660,144,4,4,1.3845839490173875,23.976738418284896,3.345495419733684,14.07247049315783,586.7112606952223,0.0,-1.8085114,-28.975548,24.58811142524713,0.0,24.58811142524713,19.05771410836025,0.8753223804544742,1.5953332801059394,23.952856026385103,23.951757667133084,24.01238509148255,0.06053737822613595,0.16666666666666666,18.422458709498223,18.421360350246204,18.48198777459567,1.0,12,34,1,0.029411764705882353,0.38235294117647056,272,104,0.38235294117647056,0.0,1.0,0.19941666001324243,0.15745691204699336,0.15745691204699336,0.06772962760844935,41.81170649796779,0.44060528145134725,0.6686838124054463,0.6470588235294118,2.905982905982906,0.08547008547008547
118,template_deposition,C,C,none,0,1.0,template_site:index=145:site=C:neigh=1:ahead0=18.446:mode=shell,x,yz,662,544,118,0,118,1570.985914728543,21.212430972550717,500.0,0.001,73.33890758690279,0.0733389075869028,-4839.3975,-4828.5645,-4839.3975,-10.833008,-7.5947266,1.0,0.0733389075869028,0.0733389075869028,10,661,145,3,3,1.3234770838951362,23.976738418284896,1.9254954209522064,14.07247049315783,586.7112606952223,0.0,-1.8269753,-29.271372,24.58811142524713,0.0,24.58811142524713,19.05771410836025,0.8599648480808552,1.608968607286332,23.865993292999892,23.951757667133084,24.01238509148255,0.17759244525053788,0.16666666666666666,18.335595976113012,18.421360350246204,18.48198777459567,1.0,7,34,1,0.029411764705882353,0.3786764705882353,272,103,0.3786764705882353,0.0,1.0,0.2011210759107915,0.1553864065772289,0.1553864065772289,0.0674102793239449,41.81170649796779,0.438527807445606,0.676737160120846,0.7246376811594203,2.9237288135593222,0.0847457627118644
119,template_deposition,C,C,none,0,1.0,template_site:index=150:site=C:neigh=1:ahead0=18.446:mode=shell,x,yz,663,544,119,0,119,1587.7259580459292,16.74004331738611,500.0,0.001,73.33890758690279,0.0733389075869028,-4845.3496,-4839.3975,-4845.3496,-5.9521484,-5.3183594,0.9999999947304823,0.0733389075869028,0.0733389075869028,14,662,150,2,2,1.5168155684932645,23.976738418284896,6.185495419314738,14.07247049315783,586.7112606952223,0.0,-1.8371203,-29.433912,24.58811142524713,0.0,24.58811142524713,19.05771410836025,0.8375714691982498,1.6226039344667247,23.980033363175732,23.960800474824193,24.014193653020772,0.03379588028235705,0.16666666666666666,18.449636046288852,18.430403157937313,18.483796336133892,1.0,7,34,1,0.029411764705882353,0.38235294117647056,272,104,0.38235294117647056,0.0,1.0,0.20282549180834059,0.1550389583721752,0.1550389583721752,0.06782954428782666,41.81170649796779,0.44125527493563493,0.6787330316742082,0.7101449275362319,2.9159663865546217,0.08403361344537816
120,template_deposition,C,C,none,0,1.0,template_site:index=151:site=C:neigh=2:ahead0=18.446:mode=shell,x,yz,664,544,120,0,120,1595.0029923560853,7.277034310156171,500.0,0.001,73.33890758690279,0.0733389075869028,-4855.0283,-4845.3496,-4855.0283,-9.678711,-8.806152,1.0,0.0733389075869028,0.0733389075869028,15,663,151,1,1,1.4300796096251227,23.976738418284896,7.605495420114314,14.07247049315783,586.7112606952223,0.0,-1.8536168,-29.698215,24.58811142524713,0.0,24.58811142524713,19.05771410836025,0.8128664710963037,1.6362392616471173,23.987794781893,23.977358413007167,24.017505240657364,0.029142625044182635,0.16666666666666666,18.45739746500612,18.446961096120287,18.487107923770484,1.0,7,34,1,0.029411764705882353,0.3860294117647059,272,105,0.3860294117647059,0.0,1.0,0.20452990770588966,0.15381164554171767,0.15381164554171767,0.06785807891546368,41.81170649796779,0.44144090282235243,0.6837349397590361,0.7246376811594203,2.925,0.09166666666666666
121,template_deposition,C,C,none,0,1.0,template_site:index=153:site=C:neigh=1:ahead0=19.676:mode=shell,x,yz,665,544,121,0,121,1606.8637417084892,11.860749352403856,500.0,0.001,73.33890758690279,0.0733389075869028,-4862.1772,-4855.0283,-4862.1772,-7.148926,-6.54541,0.9996929404954509,0.0733389075869028,0.0733389075869028,12,664,153,8,8,1.4563462819018815,25.20649449178857,12.575495419885684,14.07247049315783,586.7112606952223,0.0,-1.8658016,-29.893438,25.18701680594542,0.0,25.18701680594542,19.65661948905854,0.7166985055436628,1.64987458882751,24.397428967207475,24.027911682669835,24.955195781290303,0.5587042297916022,0.16666666666666666,18.867031650320595,18.497514365782955,19.424798464403423,1.0,7,34,1,0.029411764705882353,0.3897058823529412,272,106,0.3897058823529412,0.0,1.0,0.20623432360343874,0.1559258814076082,0.1559258814076082,0.06936408694970807,41.81170649796779,0.4512380199367755,0.6857142857142857,0.7692307692307693,2.9173553719008263,0.09090909090909091
122,template_deposition,C,C,none,0,1.0,template_site:index=152:site=C:neigh=2:ahead0=19.676:mode=shell,x,yz,666,544,122,0,122,1608.1494431123622,1.2857014038728853,500.0,0.001,73.33890758690279,0.0733389075869028,-4872.951,-4862.1772,-4872.951,-10.773926,-10.01416,1.0,0.0733389075869028,0.0733389075869028,12,665,152,7,7,1.3848376079209255,25.20649449178857,13.99549542068526,14.07247049315783,586.7112606952223,0.0,-1.8841648,-30.187649,25.188128949439015,0.0,25.188128949439015,19.657731632552135,0.7398497091434847,1.6635099160079028,24.776699554717826,25.1646113017073,25.18342541989267,0.5653010794035245,0.16666666666666666,19.246302237830946,19.63421398482042,19.65302810300579,1.0,7,34,1,0.029411764705882353,0.39338235294117646,272,107,0.39338235294117646,0.0,1.0,0.20793873950098785,0.1577565757199258,0.1577565757199258,0.0707584641096726,41.81170649796779,0.4603089385688286,0.6906906906906907,0.8181818181818182,2.9262295081967213,0.09016393442622951
123,template_deposition,C,C,none,0,1.0,template_site:index=158:site=C:neigh=1:ahead0=19.676:mode=shell,x,yz,667,544,123,0,123,1618.792288546864,10.64284543450182,500.0,0.001,73.33890758690279,0.0733389075869028,-4880.002,-4872.951,-4880.002,-7.0507812,-6.817383,0.9999997777562138,0.0733389075869028,0.0733389075869028,10,666,158,6,6,1.3907045564329854,25.20649449178857,16.835495420266316,14.07247049315783,586.7112606952223,0.0,-1.8961823,-30.38019,25.22426926307942,0.0,25.22426926307942,19.69387194619254,0.7621428197275159,1.6771452431882954,24.788746325931296,25.1646113017073,25.212337670804995,0.574254604984177,0.16666666666666666,19.258349009044416,19.63421398482042,19.681940353918115,1.0,13,34,1,0.029411764705882353,0.4007352941176471,272,109,0.4007352941176471,0.0,1.0,0.20964315539853692,0.15657194316296272,0.15657194316296272,0.07080275370972211,41.81170649796779,0.4605970581463937,0.6926536731634183,0.835820895522388,2.9186991869918697,0.08943089430894309
124,template_deposition,C,C,none,0,1.0,template_site:index=159:site=C:neigh=1:ahead0=19.676:mode=shell,x,yz,668,544,124,0,124,1620.1639708551074,1.3716823082435063,500.0,0.001,73.33890758690279,0.0733389075869028,-4888.1333,-4880.002,-4888.1333,-8.131348,-7.770996,1.0,0.0733389075869028,0.0733389075869028,7,667,159,5,5,1.4103175373858607,25.20649449178857,18.255495419047794,14.07247049315783,586.7112606952223,0.0,-1.9100415,-30.602238,25.2127268734059,0.0,25.2127268734059,19.68232955651902,0.7798585349000163,1.690780570368688,24.784898862706786,25.1646113017073,25.203103759066178,0.5713550912732356,0.16666666666666666,19.254501545819906,19.63421398482042,19.672706442179297,1.0,13,34,1,0.029411764705882353,0.40441176470588236,272,110,0.40441176470588236,0.0,1.0,0.211347571296086,0.15527823827274118,0.15527823827274118,0.07078860862433789,41.81170649796779,0.4605050393424088,0.6946107784431138,0.8529411764705882,2.911290322580645,0.08870967741935484
125,template_deposition,C,C,none,0,1.0,template_site:index=154:site=C:neigh=1:ahead0=19.676:mode=shell,x,yz,669,544,125,0,125,1621.3347241025238,1.1707532474162339,500.0,0.001,73.33890758690279,0.0733389075869028,-4894.842,-4888.1333,-4894.842,-6.708496,-6.1567383,0.9979024799204068,0.0733389075869028,0.0733389075869028,11,668,154,4,4,1.4772200336524568,25.20649449178857,8.315495419505053,14.07247049315783,586.7112606952223,0.0,-1.9214755,-30.785433,25.2127268734059,0.0,25.2127268734059,19.68232955651902,0.7978147089318167,1.7044158975490806,24.7936361372374,25.18343239594449,25.206867977913618,0.5720944965426472,0.16666666666666666,19.26323882035052,19.65303507905761,19.676470661026737,1.0,13,34,1,0.029411764705882353,0.40808823529411764,272,111,0.40808823529411764,0.0,1.0,0.21305198719363508,0.15410591056280415,0.15410591056280415,0.07082073095717102,41.81170649796779,0.4607140065255836,0.6965620328849028,0.8695652173913043,2.904,0.088
126,template_deposition,C,C,none,0,1.0,template_site:index=155:site=C:neigh=2:ahead0=19.676:mode=shell,x,yz,670,544,126,0,126,1629.9446268476406,8.609902745116925,500.0,0.001,73.33890758690279,0.0733389075869028,-4905.4224,-4894.842,-4905.4224,-10.580566,-9.486328,1.0,0.0733389075869028,0.0733389075869028,13,669,155,3,3,1.3975160026955438,25.20649449178857,9.73549542030463,14.07247049315783,586.7112606952223,0.0,-1.9395093,-31.074366,25.2127268734059,0.0,25.2127268734059,19.68232955651902,0.8124602881421867,1.7180512247294732,24.791513417505172,25.173380838637165,25.204857666452153,0.5680910718683172,0.16666666666666666,19.261116100618292,19.642983521750285,19.674460349565273,1.0,13,34,1,0.029411764705882353,0.4117647058823529,272,112,0.4117647058823529,0.0,1.0,0.21475640309118416,0.15286600079855786,0.15286600079855786,0.07081292684050843,41.81170649796779,0.4606632379750981,0.7014925373134329,0.9142857142857143,2.9126984126984126,0.0873015873015873
127,template_deposition,C,C,none,0,1.0,template_site:index=156:site=C:neigh=1:ahead0=19.676:mode=shell,x,yz,671,544,127,0,127,1684.1992047261717,54.25457787853109,500.0,0.001,73.33890758690279,0.0733389075869028,-4912.3223,-4905.4224,-4912.3223,-6.8999023,-6.642578,1.0,0.0733389075869028,0.0733389075869028,11,670,156,2,2,1.4119935307677816,25.20649449178857,5.475495419923999,14.07247049315783,586.7112606952223,0.0,-1.9512695,-31.262785,25.221022719912455,0.0,25.221022719912455,19.690625403025575,0.8274571803443859,1.7316865519098659,25.19986288047024,25.2127268734059,25.219363550611142,0.02429569433148367,0.16666666666666666,19.66946556358336,19.68232955651902,19.688966233724262,1.0,13,34,1,0.029411764705882353,0.41544117647058826,272,113,0.41544117647058826,0.0,1.0,0.21646081898873323,0.15487768160301857,0.15487768160301857,0.07231421163082118,41.81170649796779,0.47042962871030797,0.7034277198211625,0.9295774647887324,2.905511811023622,0.08661417322834646
128,template_deposition,C,C,none,0,1.0,template_site:index=157:site=C:neigh=1:ahead0=19.676:mode=shell,x,yz,672,544,128,0,128,1707.347623591133,23.14841886496132,500.0,0.001,73.33890758690279,0.0733389075869028,-4922.4634,-4912.3223,-4922.4634,-10.141113,-8.572754,1.0,0.0733389075869028,0.0733389075869028,12,671,157,1,1,1.4022443461555834,25.20649449178857,4.055495419124423,14.07247049315783,586.7112606952223,0.0,-1.9685543,-31.539717,25.2127268734059,0.0,25.2127268734059,19.68232955651902,0.8378839887588959,1.7453218790902585,25.18179997824227,25.16683401322855,25.20354830137043,0.021872389326150713,0.16666666666666666,19.65140266135539,19.63643669634167,19.67315098448355,1.0,15,34,1,0.029411764705882353,0.41544117647058826,272,113,0.41544117647058826,0.0,1.0,0.2181652348862823,0.153526583291839,0.153526583291839,0.07224780390204188,41.81170649796779,0.4699976228502064,0.7083333333333334,0.9722222222222222,2.9140625,0.09375
129,template_deposition,C,C,none,0,1.0,template_site:index=164:site=C:neigh=1:ahead0=20.906:mode=shell,x,yz,673,544,129,0,129,1710.4044052308689,3.0567816397357954,500.0,0.001,73.33890758690279,0.0733389075869028,-4929.153,-4922.4634,-4929.153,-6.689453,-6.197754,0.926225974075163,0.0733389075869028,0.0733389075869028,10,672,164,8,8,1.4562004858478557,26.43625056529224,14.705495420076,14.07247049315783,586.7112606952223,0.0,-1.9799558,-31.72239,26.43556047750642,0.0,26.43556047750642,20.90516316061954,0.5078013425447915,1.758957206270651,25.59215702680893,25.174076589691822,26.183263699943502,0.5963836288915506,0.16666666666666666,20.06175970992205,19.643679272804942,20.652866383056622,1.0,15,34,1,0.029411764705882353,0.41911764705882354,272,114,0.41911764705882354,0.0,1.0,0.2198696507838314,0.15551751713117867,0.15551751713117867,0.07375646952177224,41.81170649796779,0.47981202850204474,0.7102526002971769,1.21875,2.9069767441860463,0.09302325581395349
130,template_deposition,C,C,none,0,1.0,template_site:index=165:site=C:neigh=2:ahead0=20.906:mode=shell,x,yz,674,544,130,0,130,1720.598425256927,10.194020026058098,500.0,0.001,73.33890758690279,0.0733389075869028,-4939.721,-4929.153,-4939.721,-10.568359,-10.074219,1.0,0.0733389075869028,0.0733389075869028,9,673,165,7,7,1.3732456959815456,26.43625056529224,16.125495420875577,14.07247049315783,586.7112606952223,0.0,-1.9979687,-32.010986,26.42564471695347,0.0,26.42564471695347,20.89524740006659,0.5837397966578398,1.7725925334510437,25.58809377824537,25.17180260455409,26.174876294473595,0.5922414220136105,0.16666666666666666,20.05769646135849,19.64140528766721,20.644478977586715,1.0,15,34,1,0.029411764705882353,0.4227941176470588,272,115,0.4227941176470588,0.0,1.0,0.22157406668138047,0.15428997277968068,0.15428997277968068,0.07374153110793562,41.81170649796779,0.47971484881473014,0.7151335311572701,1.303030303030303,2.9153846153846152,0.09230769230769231
131,template_deposition,C,C,none,0,1.0,template_site:index=162:site=C:neigh=1:ahead0=20.906:mode=shell,x,yz,675,544,131,0,131,1728.5905256198357,7.992100362908759,500.0,0.001,73.33890758690279,0.0733389075869028,-4946.9785,-4939.721,-4946.9785,-7.257324,-6.8554688,0.9999998162559858,0.0733389075869028,0.0733389075869028,10,674,162,6,6,1.470304148131787,26.43625056529224,11.865495420494945,14.07247049315783,586.7112606952223,0.0,-2.0103383,-32.20917,26.42148536246018,0.0,26.42148536246018,20.8910880455733,0.645405277293516,1.7862278606314366,26.001864306794133,26.41727354469367,26.420642998906878,0.5904580867040974,0.16666666666666666,20.471466989907253,20.88687622780679,20.890245682019998,1.0,15,34,1,0.029411764705882353,0.4264705882352941,272,116,0.4264705882352941,0.0,1.0,0.22327848257892957,0.15627074038097138,0.15627074038097138,0.07526274628642372,41.81170649796779,0.4896108938032042,0.717037037037037,1.3235294117647058,2.9083969465648853,0.0916030534351145
132,template_deposition,C,C,none,0,1.0,template_site:index=163:site=C:neigh=2:ahead0=20.906:mode=shell,x,yz,676,544,132,0,132,1737.5503955482052,8.959869928369562,500.0,0.001,73.33890758690279,0.0733389075869028,-4958.1274,-4946.9785,-4958.1274,-11.148926,-10.666016,1.0,0.0733389075869028,0.0733389075869028,11,675,163,5,5,1.3803425171205355,26.43625056529224,10.445495419695368,14.07247049315783,586.7112606952223,0.0,-2.0293407,-32.513622,26.429256996522444,0.0,26.429256996522444,20.898859679635564,0.6943297355345932,1.7998631878118292,26.00585879073706,26.42148536246018,26.42770266970999,0.5932885933668943,0.16666666666666666,20.47546147385018,20.8910880455733,20.89730535282311,1.0,15,34,1,0.029411764705882353,0.43014705882352944,272,117,0.43014705882352944,0.0,1.0,0.22498289847647865,0.1551171323776529,0.1551171323776529,0.07527743188915507,41.81170649796779,0.4897064288644944,0.7218934911242604,1.4,2.9166666666666665,0.09090909090909091
133,template_deposition,C,C,none,0,1.0,template_site:index=167:site=C:neigh=1:ahead0=20.906:mode=shell,x,yz,677,544,133,0,133,1740.8637633348003,3.3133677865950673,500.0,0.001,73.33890758690279,0.0733389075869028,-4965.2593,-4958.1274,-4965.2593,-7.131836,-6.722168,0.9999999269558217,0.0733389075869028,0.0733389075869028,10,676,167,4,4,1.4871753663654628,26.43625056529224,7.605495420114314,14.07247049315783,586.7112606952223,0.0,-2.0414963,-32.708378,26.42404182436535,0.0,26.42404182436535,20.89364450747847,0.7350902993427042,1.8134985149922218,26.014010415717376,26.42148536246018,26.423530531984316,0.57806522971179,0.16666666666666666,20.483613098830496,20.8910880455733,20.893133215097436,1.0,15,34,1,0.029411764705882353,0.4338235294117647,272,118,0.4338235294117647,0.0,1.0,0.22668731437402773,0.1540121285626353,0.1540121285626353,0.07530740109864154,41.81170649796779,0.4899013892156274,0.723781388478582,1.4166666666666667,2.9097744360902253,0.09022556390977443
134,template_deposition,C,C,none,0,1.0,template_site:index=166:site=C:neigh=2:ahead0=20.906:mode=shell,x,yz,678,544,134,0,134,1748.762569631661,7.898806296860787,500.0,0.001,73.33890758690279,0.0733389075869028,-4976.289,-4965.2593,-4976.289,-11.029785,-10.332031,1.0,0.0733389075869028,0.0733389075869028,10,677,166,3,3,1.3986008441223408,26.43625056529224,6.185495419314738,14.07247049315783,586.7112606952223,0.0,-2.0602956,-33.009575,26.42404182436535,0.0,26.42404182436535,20.89364450747847,0.770191529640128,1.8271338421726144,26.417539058471345,26.42148536246018,26.423530531984316,0.007461955527008102,0.16666666666666666,20.887141741584465,20.8910880455733,20.893133215097436,1.0,15,34,1,0.029411764705882353,0.4375,272,119,0.4375,0.0,1.0,0.2283917302715768,0.1558741921013766,0.1558741921013766,0.076790962285237,41.81170649796779,0.499552481614202,0.7286135693215339,1.4864864864864864,2.917910447761194,0.08955223880597014
135,template_deposition,C,C,none,0,1.0,template_site:index=160:site=C:neigh=1:ahead0=20.906:mode=shell,x,yz,679,544,135,0,135,1766.2708369957677,17.508267364106494,500.0,0.001,73.33890758690279,0.0733389075869028,-4983.7407,-4976.289,-4983.7407,-7.45166,-6.772949,1.0,0.0733389075869028,0.0733389075869028,9,678,160,2,2,1.5332339598450782,26.43625056529224,3.345495419733684,14.07247049315783,586.7112606952223,0.0,-2.0729964,-33.213066,26.42404182436535,0.0,26.42404182436535,20.89364450747847,0.7953093948007041,1.840769169353007,26.411851175094196,26.42148536246018,26.423530531984316,0.015467740516888753,0.16666666666666666,20.881453858207315,20.8910880455733,20.893133215097436,1.0,15,34,1,0.029411764705882353,0.4411764705882353,272,120,0.4411764705882353,0.0,1.0,0.23009614616912588,0.15467743598672085,0.15467743598672085,0.0767700509492916,41.81170649796779,0.49941644594731466,0.7304860088365243,1.5,2.911111111111111,0.08888888888888889
136,template_deposition,C,C,none,0,1.0,template_site:index=161:site=C:neigh=1:ahead0=20.906:mode=shell,x,yz,680,544,136,0,136,1775.5133662416795,9.242529245911694,500.0,0.001,73.33890758690279,0.0733389075869028,-4991.797,-4983.7407,-4991.797,-8.056152,-7.3691406,1.0,0.0733389075869028,0.0733389075869028,6,679,161,1,1,1.4409922345636417,26.43625056529224,1.9254954209522064,14.07247049315783,586.7112606952223,0.0,-2.0867274,-33.43306,26.498914989945675,0.0,26.498914989945675,20.968517673058795,0.818787207761047,1.8544044965333997,26.44814739225707,26.42404182436535,26.48394035682961,0.035913280790187366,0.16666666666666666,20.91775007537019,20.89364450747847,20.95354303994273,1.0,16,34,1,0.029411764705882353,0.44485294117647056,272,121,0.44485294117647056,0.0,1.0,0.23180056206667496,0.1538069858483102,0.1538069858483102,0.0769034929241551,41.81170649796779,0.5002845333850909,0.7323529411764705,1.5128205128205128,2.9044117647058822,0.08823529411764706
137,template_deposition,C,C,none,0,1.0,template_site:index=174:site=C:neigh=1:ahead0=22.136:mode=shell,x,yz,681,544,137,0,137,1779.255525454034,3.7421592123544487,500.0,0.001,73.33890758690279,0.0733389075869028,-4998.4854,-4991.797,-4998.4854,-6.6884766,-6.154297,0.467985857937268,0.0733389075869028,0.0733389075869028,7,680,174,8,8,1.4600339788374352,27.666006638795913,16.835495420266316,14.07247049315783,586.7112606952223,0.0,-2.0981274,-33.615707,27.68149447894061,0.0,27.68149447894061,22.15109716205373,0.7293257887395139,1.8680398237137923,26.868150431083876,26.498914989945675,27.444978581141623,0.5759328102414871,0.16666666666666666,21.337753114196996,20.968517673058795,21.914581264254743,1.0,16,34,1,0.029411764705882353,0.4485294117647059,272,122,0.4485294117647059,0.0,1.0,0.23350497796422404,0.15575002273136493,0.15575002273136493,0.0784476217433713,41.81170649796779,0.5103296397441729,0.7342143906020558,2.2941176470588234,2.897810218978102,0.08759124087591241
138,template_deposition,C,C,none,0,1.0,template_site:index=175:site=C:neigh=1:ahead0=22.136:mode=shell,x,yz,682,544,138,0,138,1790.3495679615673,11.094042507533386,500.0,0.001,73.33890758690279,0.0733389075869028,-5006.7427,-4998.4854,-5006.7427,-8.257324,-7.8359375,0.9999988399425536,0.0733389075869028,0.0733389075869028,6,681,175,7,7,1.4106180816633724,27.666006638795913,18.255495419047794,14.07247049315783,586.7112606952223,0.0,-2.1122012,-33.841194,27.701809747671742,0.0,27.701809747671742,22.171412430784862,0.8148638822441636,1.881675150894185,26.874922187327588,26.498914989945675,27.46123079612653,0.5854962429824999,0.16666666666666666,21.344524870440708,20.968517673058795,21.93083347923965,1.0,16,34,1,0.029411764705882353,0.4522058823529412,272,123,0.4522058823529412,0.0,1.0,0.23520939386177311,0.1546704700756573,0.1546704700756573,0.07847251790603202,41.81170649796779,0.5104915981240358,0.7360703812316716,2.2777777777777777,2.891304347826087,0.08695652173913043
139,template_deposition,C,C,none,0,1.0,template_site:index=168:site=C:neigh=1:ahead0=22.136:mode=shell,x,yz,683,544,139,0,139,1799.6502538177763,9.30068585620898,500.0,0.001,73.33890758690279,0.0733389075869028,-5014.0566,-5006.7427,-5014.0566,-7.313965,-6.993164,0.9999999938169071,0.0733389075869028,0.0733389075869028,10,682,168,6,6,1.450822788494023,27.666006638795913,13.99549542068526,14.07247049315783,586.7112606952223,0.0,-2.1246672,-34.04092,27.701809747671742,0.0,27.701809747671742,22.171412430784862,0.8725273505200677,1.8953104780745775,26.88222202694733,26.498914989945675,27.46123079612653,0.5799394082048072,0.16666666666666666,21.35182471006045,20.968517673058795,21.93083347923965,1.0,16,34,1,0.029411764705882353,0.45588235294117646,272,124,0.45588235294117646,0.0,1.0,0.2369138097593222,0.1536102497126651,0.1536102497126651,0.07849935555169282,41.81170649796779,0.5106661865403228,0.7379209370424598,2.263157894736842,2.884892086330935,0.08633093525179857
140,template_deposition,C,C,none,0,1.0,template_site:index=169:site=C:neigh=2:ahead0=22.136:mode=shell,x,yz,684,544,140,0,140,1804.6559667597548,5.0057129419786675,500.0,0.001,73.33890758690279,0.0733389075869028,-5025.0586,-5014.0566,-5025.0586,-11.001953,-10.604004,1.0,0.0733389075869028,0.0733389075869028,10,683,169,5,5,1.3779682640464004,27.666006638795913,12.575495419885684,14.07247049315783,586.7112606952223,0.0,-2.1434193,-34.341362,27.701809747671742,0.0,27.701809747671742,22.171412430784862,0.9158444497288918,1.9089458052549704,27.286614351698883,27.659118317479233,27.69327146163324,0.5572601743846284,0.16666666666666666,21.756217034812003,22.128721000592353,22.16287414474636,1.0,16,34,1,0.029411764705882353,0.45955882352941174,272,125,0.45955882352941174,0.0,1.0,0.2386182256568713,0.15540155024865718,0.15540155024865718,0.07998609203975002,41.81170649796779,0.5203379354025992,0.7426900584795322,2.35,2.892857142857143,0.08571428571428572
141,template_deposition,C,C,none,0,1.0,template_site:index=171:site=C:neigh=1:ahead0=22.136:mode=shell,x,yz,685,544,141,0,141,1813.228476068666,8.572509308911137,500.0,0.001,73.33890758690279,0.0733389075869028,-5032.3633,-5025.0586,-5032.3633,-7.3046875,-7.102539,0.9999999988770596,0.0733389075869028,0.0733389075869028,10,684,171,4,4,1.4403346516431212,27.666006638795913,9.73549542030463,14.07247049315783,586.7112606952223,0.0,-2.1558695,-34.540836,27.701809747671742,0.0,27.701809747671742,22.171412430784862,0.9473780785985533,1.922581132435363,27.284632559430662,27.653172940674576,27.692082386272308,0.5559409195209922,0.16666666666666666,21.754235242543782,22.122775623787696,22.161685069385427,1.0,16,34,1,0.029411764705882353,0.4632352941176471,272,126,0.4632352941176471,0.0,1.0,0.24032264155442037,0.15428535633009774,0.15428535633009774,0.07997880603876391,41.81170649796779,0.5202905373785957,0.7445255474452555,2.3333333333333335,2.8865248226950353,0.0851063829787234
142,template_deposition,C,C,none,0,1.0,template_site:index=170:site=C:neigh=2:ahead0=22.136:mode=shell,x,yz,686,544,142,0,142,1814.05040995439,0.8219338857241096,500.0,0.001,73.33890758690279,0.0733389075869028,-5043.37,-5032.3633,-5043.37,-11.006836,-10.54248,1.0,0.0733389075869028,0.0733389075869028,10,685,170,3,3,1.3817638188199926,27.666006638795913,8.315495419505053,14.07247049315783,586.7112606952223,0.0,-2.1746297,-34.841408,27.701809747671742,0.0,27.701809747671742,22.171412430784862,0.9705471213487029,1.9362164596157556,27.284722322764225,27.65344223067525,27.692136244272444,0.5560004360961426,0.16666666666666666,21.754325005877345,22.12304491378837,22.161738927385564,1.0,16,34,1,0.029411764705882353,0.46691176470588236,272,127,0.46691176470588236,0.0,1.0,0.24202705745196945,0.15319947187237568,0.15319947187237568,0.07997913605101965,41.81170649796779,0.5202926842255216,0.749271137026239,2.409090909090909,2.8943661971830985,0.08450704225352113
143,template_deposition,C,C,none,0,1.0,template_site:index=172:site=C:neigh=1:ahead0=22.136:mode=shell,x,yz,687,544,143,0,143,1815.8472473844267,1.7968374300368106,500.0,0.001,73.33890758690279,0.0733389075869028,-5050.8335,-5043.37,-5050.8335,-7.463379,-7.118164,0.9999999999999998,0.0733389075869028,0.0733389075869028,10,686,172,2,2,1.4476228492871357,27.666006638795913,5.475495419923999,14.07247049315783,586.7112606952223,0.0,-2.1873503,-35.045216,27.701809747671742,0.0,27.701809747671742,22.171412430784862,0.9894419942799103,1.9498517867961482,27.669506569544524,27.65485063775817,27.69241792568903,0.022874417712517654,0.16666666666666666,22.139109252657644,22.12445332087129,22.16202060880215,1.0,16,34,1,0.029411764705882353,0.47058823529411764,272,128,0.47058823529411764,0.0,1.0,0.24373147334951853,0.15481894582278072,0.15481894582278072,0.08139378401712369,41.81170649796779,0.5294954716505936,0.7510917030567685,2.391304347826087,2.888111888111888,0.08391608391608392
144,template_deposition,C,C,none,0,1.0,template_site:index=173:site=C:neigh=2:ahead0=22.136:mode=shell,x,yz,688,544,144,0,144,1834.2364356426617,18.389188258234896,500.0,0.001,73.33890758690279,0.0733389075869028,-5060.797,-5050.8335,-5060.797,-9.963379,-9.287598,1.0,0.0733389075869028,0.0733389075869028,9,687,173,1,1,1.39329595437301,27.666006638795913,4.055495419124423,14.07247049315783,586.7112606952223,0.0,-2.204332,-35.317295,27.701809747671742,0.0,27.701809747671742,22.171412430784862,0.9965788365850442,1.9634871139765409,27.660487619722243,27.65185932320366,27.691819662778126,0.030826678774076258,0.16666666666666666,22.130090302835363,22.12146200631678,22.161422345891246,1.0,17,34,1,0.029411764705882353,0.4742647058823529,272,129,0.4742647058823529,0.0,1.0,0.2454358892470676,0.1536811826585789,0.1536811826585789,0.08136062611336531,41.81170649796779,0.5292797677107719,0.7558139534883721,2.4583333333333335,2.8958333333333335,0.08333333333333333
145,template_deposition,C,C,none,0,1.0,template_site:index=176:site=C:neigh=1:ahead0=23.365:mode=shell,x,yz,689,544,145,0,145,1835.0328186727493,0.7963830300874518,500.0,0.001,73.33890758690279,0.0733389075869028,-5067.4814,-5060.797,-5067.4814,-6.6845703,-6.3652344,0.9776629486248083,0.0733389075869028,0.0733389075869028,7,688,176,8,8,1.4913064458780005,28.895762712299586,3.345495419733684,14.07247049315783,586.7112606952223,0.0,-2.2157254,-35.499836,28.862747005242802,0.0,28.862747005242802,23.332349688355922,0.7061768881745416,1.9771224411569335,28.072138692039402,27.701809747671742,28.63055955372859,0.5594162969297436,0.16666666666666666,22.541741375152522,22.171412430784862,23.10016223684171,1.0,17,34,1,0.029411764705882353,0.47794117647058826,272,130,0.47794117647058826,0.0,1.0,0.24714030514461668,0.15546028534587947,0.15546028534587947,0.08287404917335486,41.81170649796779,0.5391251222010788,0.7576197387518142,2.2941176470588234,2.889655172413793,0.08275862068965517
146,template_deposition,C,C,none,0,1.0,template_site:index=177:site=C:neigh=1:ahead0=23.365:mode=shell,x,yz,690,544,146,0,146,1862.1233987720707,27.090580099321382,500.0,0.001,73.33890758690279,0.0733389075869028,-5076.0576,-5067.4814,-5076.0576,-8.576172,-8.094727,0.9999999959395649,0.0733389075869028,0.0733389075869028,6,689,177,7,7,1.4177314436577373,28.895762712299586,1.9254954209522064,14.07247049315783,586.7112606952223,0.0,-2.2303426,-35.734028,28.840387225698485,0.0,28.840387225698485,23.309989908811605,0.7760358293017209,1.990757768337326,28.064685432191293,27.701809747671742,28.612671730093137,0.5488829356452604,0.16666666666666666,22.534288115304413,22.171412430784862,23.082274413206257,1.0,17,34,1,0.029411764705882353,0.48161764705882354,272,131,0.48161764705882354,0.0,1.0,0.24884472104216576,0.15434443914592064,0.15434443914592064,0.08284664748273682,41.81170649796779,0.5389468644720269,0.7594202898550725,2.2777777777777777,2.8835616438356166,0.0821917808219178
147,template_deposition,C,C,none,0,1.0,template_site:index=182:site=C:neigh=1:ahead0=23.365:mode=shell,x,yz,691,544,147,0,147,1873.2522564466583,11.128857674587682,500.0,0.001,73.33890758690279,0.0733389075869028,-5083.495,-5076.0576,-5083.495,-7.4375,-7.0844727,0.9999999996605666,0.0733389075869028,0.0733389075869028,10,690,182,6,6,1.4819920868602472,28.895762712299586,6.185495419314738,14.07247049315783,586.7112606952223,0.0,-2.2430193,-35.937134,28.86313167233489,0.0,28.86313167233489,23.33273435544801,0.8351279577794738,2.004393095517719,28.07822595934553,27.701809747671742,28.63086728740226,0.5551665862241191,0.16666666666666666,22.54782864245865,22.171412430784862,23.10046997051538,1.0,17,34,1,0.029411764705882353,0.4852941176470588,272,132,0.4852941176470588,0.0,1.0,0.25054913693971487,0.1533865894044806,0.1533865894044806,0.08289642883256856,41.81170649796779,0.5392707098322945,0.7612156295224313,2.263157894736842,2.877551020408163,0.08163265306122448
148,template_deposition,C,C,none,0,1.0,template_site:index=183:site=C:neigh=2:ahead0=23.365:mode=shell,x,yz,692,544,148,0,148,1892.6752127526158,19.422956305957555,500.0,0.001,73.33890758690279,0.0733389075869028,-5094.3755,-5083.495,-5094.3755,-10.880371,-10.462891,1.0,0.0733389075869028,0.0733389075869028,10,691,183,5,5,1.386348472273834,28.895762712299586,7.605495420114314,14.07247049315783,586.7112606952223,0.0,-2.261564,-36.23425,28.8918990718489,0.0,28.8918990718489,23.36150175496202,0.8816601548867923,2.0180284226981113,28.481010991056564,28.849324153649047,28.88338408820893,0.5512525671500431,0.16666666666666666,22.950613674169684,23.318926836762166,23.35298677132205,1.0,17,34,1,0.029411764705882353,0.4889705882352941,272,133,0.4889705882352941,0.0,1.0,0.2522535528372639,0.15507171401466002,0.15507171401466002,0.08437725615503561,41.81170649796779,0.5489040174737946,0.7658959537572254,2.35,2.885135135135135,0.08108108108108109
149,template_deposition,C,C,none,0,1.0,template_site:index=179:site=C:neigh=1:ahead0=23.365:mode=shell,x,yz,693,544,149,0,149,1898.1466021301294,5.471389377513605,500.0,0.001,73.33890758690279,0.0733389075869028,-5101.825,-5094.3755,-5101.825,-7.449707,-7.182129,0.9999999999942593,0.0733389075869028,0.0733389075869028,10,692,179,4,4,1.469057762459913,28.895762712299586,10.445495419695368,14.07247049315783,586.7112606952223,0.0,-2.2742615,-36.437687,28.876086194610416,0.0,28.876086194610416,23.345688877723536,0.9139120745050088,2.031663749878504,28.475740031977068,28.849324153649047,28.870733786418143,0.5473604025580687,0.16666666666666666,22.945342715090188,23.318926836762166,23.340336469531263,1.0,17,34,1,0.029411764705882353,0.49264705882352944,272,134,0.49264705882352944,0.0,1.0,0.253957968734813,0.15399558869188046,0.15399558869188046,0.08435787762900804,41.81170649796779,0.5487779532797931,0.7676767676767676,2.3333333333333335,2.879194630872483,0.08053691275167785
150,template_deposition,C,C,none,0,1.0,template_site:index=178:site=C:neigh=2:ahead0=23.365:mode=shell,x,yz,694,544,150,0,150,1899.6283524430378,1.4817503129082974,500.0,0.001,73.33890758690279,0.0733389075869028,-5112.7095,-5101.825,-5112.7095,-10.884277,-10.446289,1.0,0.0733389075869028,0.0733389075869028,10,693,178,3,3,1.3886533626381126,28.895762712299586,11.865495420494945,14.07247049315783,586.7112606952223,0.0,-2.2928128,-36.734913,28.888970516332822,0.0,28.888970516332822,23.358573199445942,0.9395678673661232,2.0452990770588966,28.48003480588454,28.849324153649047,28.881041243796066,0.5505261964346743,0.16666666666666666,22.94963748899766,23.318926836762166,23.350643926909186,1.0,17,34,1,0.029411764705882353,0.4963235294117647,272,135,0.4963235294117647,0.0,1.0,0.25566238463236207,0.1529975832599844,0.1529975832599844,0.08437366723896199,41.81170649796779,0.5488806703001491,0.7723342939481268,2.409090909090909,2.8866666666666667,0.08
151,template_deposition,C,C,none,0,1.0,template_site:index=180:site=C:neigh=1:ahead0=23.365:mode=shell,x,yz,695,544,151,0,151,1904.1812930711706,4.552940628132752,500.0,0.001,73.33890758690279,0.0733389075869028,-5120.104,-5112.7095,-5120.104,-7.3945312,-7.1523438,1.0,0.0733389075869028,0.0733389075869028,10,694,180,2,2,1.4393113153099972,28.895762712299586,14.705495420076,14.07247049315783,586.7112606952223,0.0,-2.305416,-36.93684,28.887882284208395,0.0,28.887882284208395,23.357484967321515,0.9586326648615711,2.0589344042392894,28.872033647252923,28.878894503901336,28.886084728146983,0.016471912933242062,0.16666666666666666,23.341636330366043,23.348497187014456,23.355687411260103,1.0,17,34,1,0.029411764705882353,0.5,272,136,0.5,0.0,1.0,0.2573668005299112,0.15458037304878175,0.15458037304878175,0.08581483944987515,41.81170649796779,0.5582560073576651,0.7741007194244605,2.391304347826087,2.880794701986755,0.07947019867549669
152,template_deposition,C,C,none,0,1.0,template_site:index=181:site=C:neigh=2:ahead0=23.365:mode=shell,x,yz,696,544,152,0,152,1930.702788838833,26.521495767662284,500.0,0.001,73.33890758690279,0.0733389075869028,-5130.2593,-5120.104,-5130.2593,-10.155273,-9.524902,1.0,0.0733389075869028,0.0733389075869028,9,695,181,1,1,1.3939619747910372,28.895762712299586,16.125495420875577,14.07247049315783,586.7112606952223,0.0,-2.3227248,-37.214153,28.878894503901336,0.0,28.878894503901336,23.348497187014456,0.9696275768780048,2.072569731419682,28.867542618622966,28.874409198318517,28.87799744278477,0.013011887924696009,0.16666666666666666,23.337145301736086,23.344011881431637,23.34760012589789,1.0,18,34,1,0.029411764705882353,0.5036764705882353,272,137,0.5036764705882353,0.0,1.0,0.2590712164274602,0.15353385066931635,0.15353385066931635,0.0857983283152062,41.81170649796779,0.5581485965627918,0.7787356321839081,2.4583333333333335,2.888157894736842,0.07894736842105263
153,template_deposition,C,C,none,0,1.0,template_site:index=188:site=C:neigh=1:ahead0=24.595:mode=shell,x,yz,697,544,153,0,153,1931.1526669354848,0.449878096651984,500.0,0.001,73.33890758690279,0.0733389075869028,-5136.9546,-5130.2593,-5136.9546,-6.6953125,-5.9506836,0.005415262877489558,0.0733389075869028,0.0733389075869028,9,696,188,8,8,1.500892036673577,30.125518785803255,5.475495419923999,14.07247049315783,586.7112606952223,0.0,-2.3341365,-37.39699,30.11421479908828,0.0,30.11421479908828,24.5838174822014,0.704918244156128,2.0862050586000747,29.293939385795294,28.89319415997907,29.87001067126644,0.5800730034147353,0.16666666666666666,23.763542068908414,23.36279684309219,24.33961335437956,1.0,18,34,1,0.029411764705882353,0.5073529411764706,272,138,0.5073529411764706,0.0,1.0,0.26077563232500933,0.15531726842423801,0.15531726842423801,0.08736596348863387,41.81170649796779,0.5683466201041906,0.7804878048780488,2.2941176470588234,2.8823529411764706,0.0784313725490196
154,template_deposition,C,C,none,0,1.0,template_site:index=189:site=C:neigh=2:ahead0=24.595:mode=shell,x,yz,698,544,154,0,154,1931.8161733711368,0.66350643565195,500.0,0.001,73.33890758690279,0.0733389075869028,-5148.673,-5136.9546,-5148.673,-11.718262,-10.12793,1.0,0.0733389075869028,0.0733389075869028,9,697,189,7,7,1.3923714083431062,30.125518785803255,4.055495419124423,14.07247049315783,586.7112606952223,0.0,-2.3541093,-37.71699,30.100122853112577,0.0,30.100122853112577,24.569725536225697,0.7823395194498904,2.0998403857804675,29.28545570796189,28.88183507245458,29.85646529698098,0.5760646398583216,0.16666666666666666,23.75505839107501,23.3514377555677,24.3260679800941,1.0,18,34,1,0.029411764705882353,0.5110294117647058,272,139,0.5110294117647058,0.0,1.0,0.26248004822255844,0.1542536259160715,0.1542536259160715,0.08733477349659931,41.81170649796779,0.5681437181290268,0.7851002865329513,2.388888888888889,2.8896103896103895,0.07792207792207792
155,template_deposition,C,C,none,0,1.0,template_site:index=186:site=C:neigh=1:ahead0=24.595:mode=shell,x,yz,699,544,155,0,155,1941.6193712998925,9.803197928755626,500.0,0.001,73.33890758690279,0.0733389075869028,-5156.101,-5148.673,-5156.101,-7.4282227,-7.177246,0.9999999999131015,0.0733389075869028,0.0733389075869028,10,698,186,6,6,1.448664589296652,30.125518785803255,8.315495419505053,14.07247049315783,586.7112606952223,0.0,-2.36677,-37.919838,30.104934724967492,0.0,30.104934724967492,24.574537408080612,0.8463125780721443,2.11347571296086,29.689534111813725,30.089258412155154,30.101799462405026,0.5764158829330726,0.16666666666666666,24.159136794926845,24.558861095268274,24.571402145518146,1.0,18,34,1,0.029411764705882353,0.5147058823529411,272,140,0.5147058823529411,0.0,1.0,0.2641844641201075,0.15586539867694738,0.15586539867694738,0.08882035586370163,41.81170649796779,0.5778079590246112,0.7868383404864091,2.3684210526315788,2.8838709677419354,0.07741935483870968
156,template_deposition,C,C,none,0,1.0,template_site:index=187:site=C:neigh=2:ahead0=24.595:mode=shell,x,yz,700,544,156,0,156,1944.1199338042159,2.50056250432347,500.0,0.001,73.33890758690279,0.0733389075869028,-5167.0312,-5156.101,-5167.0312,-10.930176,-10.50293,1.0,0.0733389075869028,0.0733389075869028,10,699,187,5,5,1.3827377684726425,30.125518785803255,9.73549542030463,14.07247049315783,586.7112606952223,0.0,-2.3853996,-38.218315,30.113664671380086,0.0,30.113664671380086,24.583267354493206,0.8922628555898054,2.1271110401412527,29.692444093951252,30.089258412155154,30.1087834195351,0.5785238308125162,0.16666666666666666,24.162046777064372,24.558861095268274,24.57838610264822,1.0,18,34,1,0.029411764705882353,0.5183823529411765,272,141,0.5183823529411765,0.0,1.0,0.2658888800176566,0.15488491523759212,0.15488491523759212,0.08883105432744254,41.81170649796779,0.5778775563307549,0.7914285714285715,2.45,2.891025641025641,0.07692307692307693
157,template_deposition,C,C,none,0,1.0,template_site:index=185:site=C:neigh=1:ahead0=24.595:mode=shell,x,yz,701,544,157,0,157,1955.579570090654,11.459636286438117,500.0,0.001,73.33890758690279,0.0733389075869028,-5174.442,-5167.0312,-5174.442,-7.4106445,-7.1987305,0.9999999999490725,0.0733389075869028,0.0733389075869028,10,700,185,4,4,1.446630743921719,30.125518785803255,12.575495419885684,14.07247049315783,586.7112606952223,0.0,-2.3980305,-38.420685,30.10681553277668,0.0,30.10681553277668,24.5764182158898,0.9268348808206874,2.140746367321645,29.697661239756428,30.089258412155154,30.103304108652374,0.5662621566901691,0.16666666666666666,24.167263922869548,24.558861095268274,24.572906791765494,1.0,18,34,1,0.029411764705882353,0.5220588235294118,272,142,0.5220588235294118,0.0,1.0,0.26759329591520564,0.15393161734311814,0.15393161734311814,0.08885023501054981,41.81170649796779,0.5780023334862969,0.7931526390870185,2.4285714285714284,2.8853503184713376,0.07643312101910828
158,template_deposition,C,C,none,0,1.0,template_site:index=184:site=C:neigh=2:ahead0=24.595:mode=shell,x,yz,702,544,158,0,158,1970.3249850033064,14.745414912652361,500.0,0.001,73.33890758690279,0.0733389075869028,-5185.34,-5174.442,-5185.34,-10.897949,-10.440918,1.0,0.0733389075869028,0.0733389075869028,10,701,184,3,3,1.387437219325711,30.125518785803255,13.99549542068526,14.07247049315783,586.7112606952223,0.0,-2.416605,-38.71828,30.11657983323549,0.0,30.11657983323549,24.58618251634861,0.9520978614591964,2.154381694502038,30.103919633602754,30.105920655417602,30.114447997671913,0.01124331145436893,0.16666666666666666,24.573522316715874,24.575523338530722,24.584050680785033,1.0,18,34,1,0.029411764705882353,0.5257352941176471,272,143,0.5257352941176471,0.0,1.0,0.26929771181275475,0.1555286222576954,0.1555286222576954,0.09034383204674953,41.81170649796779,0.587718712650732,0.7977207977207977,2.5,2.892405063291139,0.0759493670886076
159,template_deposition,C,C,none,0,1.0,template_site:index=190:site=C:neigh=1:ahead0=24.595:mode=shell,x,yz,703,544,159,0,159,1985.924515559184,15.599530555877637,500.0,0.001,73.33890758690279,0.0733389075869028,-5192.802,-5185.34,-5192.802,-7.461914,-7.229492,1.0,0.0733389075869028,0.0733389075869028,8,702,190,2,2,1.4455631407823828,30.125518785803255,16.835495420266316,14.07247049315783,586.7112606952223,0.0,-2.4293232,-38.92205,30.11807360339156,0.0,30.11807360339156,24.58767628650468,0.9709816620879895,2.1680170216824304,30.104417556988107,30.105920655417602,30.11564301379677,0.011811669093577335,0.16666666666666666,24.574020240101227,24.575523338530722,24.58524569690989,1.0,18,34,1,0.029411764705882353,0.5294117647058824,272,144,0.5294117647058824,0.0,1.0,0.2710021277103038,0.154553586415731,0.154553586415731,0.09034566264743098,41.81170649796779,0.587730621358294,0.7994310099573257,2.4782608695652173,2.8867924528301887,0.07547169811320754
160,template_deposition,C,C,none,0,1.0,template_site:index=191:site=C:neigh=1:ahead0=24.595:mode=shell,x,yz,704,544,160,0,160,2039.6233885168824,53.69887295769829,500.0,0.001,73.33890758690279,0.0733389075869028,-5201.135,-5192.802,-5201.135,-8.333008,-7.932129,1.0,0.0733389075869028,0.0733389075869028,6,703,191,1,1,1.412061048096818,30.125518785803255,18.255495419047794,14.07247049315783,586.7112606952223,0.0,-2.4435263,-39.14961,30.107551759811244,0.0,30.107551759811244,24.577154442924364,0.9764885863081092,2.181652348862823,30.10091027579467,30.105920655417602,30.107225538932514,0.00826597725987249,0.16666666666666666,24.57051295890779,24.575523338530722,24.576828222045634,1.0,19,34,1,0.029411764705882353,0.5330882352941176,272,145,0.5330882352941176,0.0,1.0,0.2727065436078529,0.1535657059931737,0.1535657059931737,0.09033276823127864,41.81170649796779,0.5876467386018318,0.8011363636363636,2.4583333333333335,2.88125,0.075
161,template_deposition,C,C,none,0,1.0,template_site:index=196:site=C:neigh=1:ahead0=25.825:mode=shell,x,yz,705,544,161,0,161,2050.8035380473125,11.180149530430228,500.0,0.001,73.33890758690279,0.0733389075869028,-5207.797,-5201.135,-5207.797,-6.6621094,-6.092285,0.40647777521431344,0.0733389075869028,0.0733389075869028,9,704,196,8,8,1.4659000387657635,31.35527485930693,14.705495420076,14.07247049315783,586.7112606952223,0.0,-2.4548812,-39.331535,31.349600532383437,0.0,31.349600532383437,25.819203215496557,0.7435419240323139,2.1952876760432156,30.517091057847562,30.1124142290041,31.10216327170757,0.5887489939736534,0.16666666666666666,24.986693740960682,24.58201691211722,25.57176595482069,1.0,19,34,1,0.029411764705882353,0.5367647058823529,272,146,0.5367647058823529,0.0,1.0,0.27441095950540195,0.15519685553391727,0.15519685553391727,0.09186284463588486,41.81170649796779,0.597600429013227,0.8028368794326242,2.2941176470588234,2.875776397515528,0.07453416149068323
162,template_deposition,C,C,none,0,1.0,template_site:index=197:site=C:neigh=2:ahead0=25.825:mode=shell,x,yz,706,544,162,0,162,2065.858764165372,15.055226118059597,500.0,0.001,73.33890758690279,0.0733389075869028,-5219.0537,-5207.797,-5219.0537,-11.256836,-10.200684,1.0,0.0733389075869028,0.0733389075869028,9,705,197,7,7,1.377013793287436,31.35527485930693,16.125495420875577,14.07247049315783,586.7112606952223,0.0,-2.4740674,-39.63893,31.33405787023478,0.0,31.33405787023478,25.8036605533479,0.8226233863705064,2.2089230032236085,30.510840123906092,30.109204089328355,31.089087114053495,0.5821598010353815,0.16666666666666666,24.980442807019212,24.578806772441474,25.558689797166615,1.0,19,34,1,0.029411764705882353,0.5404411764705882,272,147,0.5404411764705882,0.0,1.0,0.27611537540295106,0.15420026424085934,0.15420026424085934,0.09183986326110005,41.81170649796779,0.5974509270085246,0.8073654390934845,2.388888888888889,2.882716049382716,0.07407407407407407
163,template_deposition,C,C,none,0,1.0,template_site:index=194:site=C:neigh=1:ahead0=25.825:mode=shell,x,yz,707,544,163,0,163,2074.97968691671,9.120922751337904,500.0,0.001,73.33890758690279,0.0733389075869028,-5226.5044,-5219.0537,-5226.5044,-7.4506836,-7.220703,0.9999999999432123,0.0733389075869028,0.0733389075869028,10,706,194,6,6,1.4402396798859838,31.35527485930693,11.865495420494945,14.07247049315783,586.7112606952223,0.0,-2.4867666,-39.842392,31.340458895347826,0.0,31.340458895347826,25.810061578460946,0.884219853031545,2.2225583304040013,30.918822282509733,31.326749540026228,31.337717024283506,0.5866169379609882,0.16666666666666666,25.388424965622853,25.796352223139348,25.807319707396626,1.0,19,34,1,0.029411764705882353,0.5441176470588235,272,148,0.5441176470588235,0.0,1.0,0.27781979130050016,0.15575720837805432,0.15575720837805432,0.09333979766773108,41.81170649796779,0.6072085330183026,0.809052333804809,2.3684210526315788,2.8773006134969323,0.0736196319018405
164,template_deposition,C,C,none,0,1.0,template_site:index=195:site=C:neigh=2:ahead0=25.825:mode=shell,x,yz,708,544,164,0,164,2075.1846140156294,0.2049270989193973,500.0,0.001,73.33890758690279,0.0733389075869028,-5237.42,-5226.5044,-5237.42,-10.915527,-10.528809,1.0,0.0733389075869028,0.0733389075869028,10,707,195,5,5,1.374527048338594,31.35527485930693,10.445495419695368,14.07247049315783,586.7112606952223,0.0,-2.505371,-40.140472,31.34907072391193,0.0,31.34907072391193,25.81867340702505,0.9286919405479007,2.2361936575843937,30.921692892031103,31.326749540026228,31.34460648713479,0.5886905985757839,0.16666666666666666,25.391295575144223,25.796352223139348,25.81420917024791,1.0,19,34,1,0.029411764705882353,0.5477941176470589,272,149,0.5477941176470589,0.0,1.0,0.2795242071980492,0.15482497301917209,0.15482497301917209,0.0933503513792067,41.81170649796779,0.6072771886595525,0.8135593220338984,2.45,2.8841463414634148,0.07317073170731707
165,template_deposition,C,C,none,0,1.0,template_site:index=199:site=C:neigh=1:ahead0=25.825:mode=shell,x,yz,709,544,165,0,165,2075.5761159365643,0.3915019209350585,500.0,0.001,73.33890758690279,0.0733389075869028,-5244.798,-5237.42,-5244.798,-7.3779297,-7.1401367,0.9999999999522615,0.0733389075869028,0.0733389075869028,10,708,199,4,4,1.4586404159528135,31.35527485930693,7.605495420114314,14.07247049315783,586.7112606952223,0.0,-2.5179462,-40.341946,31.337105350441,0.0,31.337105350441,25.80670803355412,0.9609017793526693,2.2498289847647865,30.92452348051734,31.326749540026228,31.335034188358044,0.5761717233035955,0.16666666666666666,25.39412616363046,25.796352223139348,25.804636871471164,1.0,19,34,1,0.029411764705882353,0.5514705882352942,272,150,0.5514705882352942,0.0,1.0,0.2812286230955983,0.15390379493109368,0.15390379493109368,0.09336075795452375,41.81170649796779,0.6073448871278361,0.8152327221438646,2.4285714285714284,2.878787878787879,0.07272727272727272
166,template_deposition,C,C,none,0,1.0,template_site:index=198:site=C:neigh=2:ahead0=25.825:mode=shell,x,yz,710,544,166,0,166,2093.6551742540864,18.07905831752194,500.0,0.001,73.33890758690279,0.0733389075869028,-5255.771,-5244.798,-5255.771,-10.973145,-10.474121,1.0,0.0733389075869028,0.0733389075869028,10,709,198,3,3,1.3871043113361996,31.35527485930693,6.185495419314738,14.07247049315783,586.7112606952223,0.0,-2.536649,-40.641598,31.337105350441,0.0,31.337105350441,25.80670803355412,0.9858680838665304,2.263464311945179,31.33185010447455,31.331695422956425,31.336023364944086,0.004229156505003003,0.16666666666666666,25.80145278758767,25.801298106069545,25.805626048057206,1.0,19,34,1,0.029411764705882353,0.5551470588235294,272,151,0.5551470588235294,0.0,1.0,0.28293303899314737,0.1554304384794438,0.1554304384794438,0.09485828230730761,41.81170649796779,0.6170868148814189,0.819718309859155,2.5,2.8855421686746987,0.07228915662650602
167,template_deposition,C,C,none,0,1.0,template_site:index=192:site=C:neigh=1:ahead0=25.825:mode=shell,x,yz,711,544,167,0,167,2097.0605635671895,3.4053893131030306,500.0,0.001,73.33890758690279,0.0733389075869028,-5263.9697,-5255.771,-5263.9697,-8.19873,-7.0947266,1.0,0.0733389075869028,0.0733389075869028,8,710,192,2,2,1.4883761628956658,31.35527485930693,3.345495419733684,14.07247049315783,586.7112606952223,0.0,-2.5506232,-40.86549,31.337105350441,0.0,31.337105350441,25.80670803355412,0.966886457409105,2.277099639125572,31.330421252146923,31.327408865973542,31.335166053547507,0.00473402965628372,0.16666666666666666,25.800023935260043,25.797011549086662,25.804768736660627,1.0,19,34,1,0.029411764705882353,0.5551470588235294,272,151,0.5551470588235294,0.0,1.0,0.2846374548906965,0.1544911612889823,0.1544911612889823,0.09485302917375016,41.81170649796779,0.617052641382002,0.8241912798874824,2.5454545454545454,2.8922155688622753,0.0718562874251497
168,template_deposition,C,C,none,0,1.0,template_site:index=193:site=C:neigh=1:ahead0=25.825:mode=shell,x,yz,712,544,168,0,168,2124.926338061311,27.865774494121748,500.0,0.001,73.33890758690279,0.0733389075869028,-5272.175,-5263.9697,-5272.175,-8.205078,-7.5249023,1.0,0.0733389075869028,0.0733389075869028,6,711,193,1,1,1.4280311029321286,31.35527485930693,1.9254954209522064,14.07247049315783,586.7112606952223,0.0,-2.5646079,-41.08955,31.41199028045687,0.0,31.41199028045687,25.88159296356999,0.9782368839435915,2.290734966305964,31.3586150569747,31.337105350441,31.397013294453696,0.03797803368321755,0.16666666666666666,25.82821774008782,25.80670803355412,25.866615977566816,1.0,20,34,1,0.029411764705882353,0.5588235294117647,272,152,0.5588235294117647,0.0,1.0,0.2863418707882455,0.15373939131004655,0.15373939131004655,0.09495668286796992,41.81170649796779,0.6177269454750232,0.8258426966292135,2.5217391304347827,2.886904761904762,0.07142857142857142
169,template_deposition,C,C,none,0,1.0,template_site:index=203:site=C:neigh=1:ahead0=27.055:mode=shell,x,yz,713,544,169,0,169,2126.1911270256132,1.2647889643023058,500.0,0.001,73.33890758690279,0.0733389075869028,-5278.7217,-5272.175,-5278.7217,-6.546875,-6.102051,0.1291619257401142,0.0733389075869028,0.0733389075869028,9,712,203,8,8,1.467176842359047,32.585030932810604,9.73549542030463,14.07247049315783,586.7112606952223,0.0,-2.5757666,-41.26833,32.578095846201876,0.0,32.578095846201876,27.047698529314996,0.7447720097382342,2.304370293486357,31.772278555561655,31.41199028045687,32.344874733052876,0.5708605348526307,0.16666666666666666,26.241881238674775,25.88159296356999,26.814477416165996,1.0,20,34,1,0.029411764705882353,0.5625,272,153,0.5625,0.0,1.0,0.28804628668579463,0.15527740377914068,0.15527740377914068,0.09647750455395138,41.81170649796779,0.6276204306549945,0.8274894810659187,2.2941176470588234,2.8816568047337277,0.07100591715976332
170,template_deposition,C,C,none,0,1.0,template_site:index=202:site=C:neigh=2:ahead0=27.055:mode=shell,x,yz,714,544,170,0,170,2144.632061009498,18.440933983885056,500.0,0.001,73.33890758690279,0.0733389075869028,-5289.7993,-5278.7217,-5289.7993,-11.077637,-10.605469,1.0,0.0733389075869028,0.0733389075869028,10,713,202,7,7,1.373922804917951,32.585030932810604,8.315495419505053,14.07247049315783,586.7112606952223,0.0,-2.5946474,-41.570835,32.56184525721627,0.0,32.56184525721627,27.03144794032939,0.827203046380845,2.3180056206667494,31.766861692566454,31.41199028045687,32.33187426186439,0.5632143742275433,0.16666666666666666,26.236464375679574,25.88159296356999,26.801476944977512,1.0,20,34,1,0.029411764705882353,0.5661764705882353,272,154,0.5661764705882353,0.0,1.0,0.2897507025833437,0.15433214338635043,0.15433214338635043,0.09645758961646902,41.81170649796779,0.6274908769139754,0.8319327731092437,2.388888888888889,2.888235294117647,0.07058823529411765
171,template_deposition,C,C,none,0,1.0,template_site:index=204:site=C:neigh=1:ahead0=27.055:mode=shell,x,yz,715,544,171,0,171,2145.7812811392096,1.1492201297116411,500.0,0.001,73.33890758690279,0.0733389075869028,-5297.2734,-5289.7993,-5297.2734,-7.474121,-7.1503906,0.3139008347734252,0.0733389075869028,0.0733389075869028,10,714,204,6,6,1.4582118815358536,32.585030932810604,5.475495419923999,14.07247049315783,586.7112606952223,0.0,-2.6073866,-41.77494,32.56427161768414,0.0,32.56427161768414,27.03387430079726,0.8874997897429847,2.3316409478471423,32.15093701126125,32.56178987607338,32.56377526936199,0.5827894305641558,0.16666666666666666,26.62053969437437,27.031392559186497,27.03337795247511,1.0,20,34,1,0.029411764705882353,0.5698529411764706,272,155,0.5698529411764706,0.0,1.0,0.2914551184808928,0.15567567072733549,0.15567567072733549,0.09786963122931754,41.81170649796779,0.6366767090854861,0.8335664335664336,2.3684210526315788,2.8830409356725144,0.07017543859649122
172,template_deposition,C,C,none,0,1.0,template_site:index=205:site=C:neigh=2:ahead0=27.055:mode=shell,x,yz,716,544,172,0,172,2150.6365316630145,4.855250523804969,500.0,0.001,73.33890758690279,0.0733389075869028,-5307.3945,-5297.2734,-5307.3945,-10.121094,-9.507324,1.0,0.0733389075869028,0.0733389075869028,9,715,205,5,5,1.3946707717799385,32.585030932810604,4.055495419124423,14.07247049315783,586.7112606952223,0.0,-2.6246371,-42.051323,32.56178987607338,0.0,32.56178987607338,27.031392559186497,0.9245431751507742,2.345276275027535,32.14071199395729,32.53359656577225,32.55615121401315,0.5756734450441703,0.16666666666666666,26.61031467707041,27.00319924888537,27.02575389712627,1.0,20,34,1,0.029411764705882353,0.5735294117647058,272,156,0.5735294117647058,0.0,1.0,0.2931595343784419,0.1547111318434326,0.1547111318434326,0.09783203925393533,41.81170649796779,0.6364321599350118,0.8379888268156425,2.45,2.88953488372093,0.06976744186046512
173,template_deposition,C,C,none,0,1.0,template_site:index=201:site=C:neigh=1:ahead0=27.055:mode=shell,x,yz,717,544,173,0,173,2189.5723359376166,38.93580427460218,500.0,0.001,73.33890758690279,0.0733389075869028,-5314.7783,-5307.3945,-5314.7783,-7.383789,-7.1875,0.9999999999683562,0.0733389075869028,0.0733389075869028,10,716,201,4,4,1.4437085078850194,32.585030932810604,12.575495419885684,14.07247049315783,586.7112606952223,0.0,-2.637222,-42.252956,32.56859201728586,0.0,32.56859201728586,27.03819470039898,0.9559575140196086,2.3589116022079275,32.151290658833936,32.53359656577225,32.56159292698314,0.5655881920946312,0.16666666666666666,26.620893341947056,27.00319924888537,27.03119561009626,1.0,20,34,1,0.029411764705882353,0.5772058823529411,272,157,0.5772058823529411,0.0,1.0,0.29486395027599094,0.15387799619622575,0.15387799619622575,0.09787093140421711,41.81170649796779,0.6366851671849589,0.8396094839609484,2.4285714285714284,2.884393063583815,0.06936416184971098
174,template_deposition,C,C,none,0,1.0,template_site:index=200:site=C:neigh=2:ahead0=27.055:mode=shell,x,yz,718,544,174,0,174,2201.229455438686,11.65711950106911,500.0,0.001,73.33890758690279,0.0733389075869028,-5325.7065,-5314.7783,-5325.7065,-10.928223,-10.469238,1.0,0.0733389075869028,0.0733389075869028,10,717,200,3,3,1.3864578746805991,32.585030932810604,13.99549542068526,14.07247049315783,586.7112606952223,0.0,-2.6558483,-42.55138,32.56969421163863,0.0,32.56969421163863,27.039296894751747,0.9796773562030674,2.3725469293883203,32.552077282032464,32.552941068686515,32.5663435830482,0.0147494543359267,0.16666666666666666,27.021679965145584,27.022543751799635,27.03594626616132,1.0,20,34,1,0.029411764705882353,0.5808823529411765,272,158,0.5808823529411765,0.0,1.0,0.29656836617354004,0.15529701129394013,0.15529701129394013,0.09934441163656464,41.81170649796779,0.6462706793959472,0.8440111420612814,2.5,2.8908045977011496,0.06896551724137931
175,template_deposition,C,C,none,0,1.0,template_site:index=206:site=C:neigh=1:ahead0=27.055:mode=shell,x,yz,719,544,175,0,175,2202.0971064225178,0.8676509838318265,500.0,0.001,73.33890758690279,0.0733389075869028,-5334.2764,-5325.7065,-5334.2764,-8.569824,-7.1972656,1.0,0.0733389075869028,0.0733389075869028,8,718,206,2,2,1.4480917796057327,32.585030932810604,16.835495420266316,14.07247049315783,586.7112606952223,0.0,-2.6704547,-42.785404,32.62309138969668,0.0,32.62309138969668,27.092694072809802,0.9725016846576774,2.3861822565687127,32.56987634138515,32.552941068686515,32.60906132549465,0.03844852379783597,0.16666666666666666,27.039479024498267,27.022543751799635,27.07866400860777,1.0,20,34,1,0.029411764705882353,0.5808823529411765,272,158,0.5808823529411765,0.0,1.0,0.2982727820710891,0.15451130871141866,0.15451130871141866,0.09940984935477304,41.81170649796779,0.6466963749927903,0.8484005563282336,2.5454545454545454,2.8971428571428572,0.06857142857142857
176,template_deposition,C,C,none,0,1.0,template_site:index=207:site=C:neigh=1:ahead0=27.055:mode=shell,x,yz,720,544,176,0,176,2205.1120119949474,3.0149055724295355,500.0,0.001,73.33890758690279,0.0733389075869028,-5342.4014,-5334.2764,-5342.4014,-8.125,-7.632324,1.0,0.0733389075869028,0.0733389075869028,6,719,207,1,1,1.3974175644607858,32.585030932810604,18.255495419047794,14.07247049315783,586.7112606952223,0.0,-2.6843033,-43.007282,32.646041007057036,0.0,32.646041007057036,27.115643690170156,0.9823048995509955,2.3998175837491056,32.5775262138386,32.552941068686515,32.62742101938293,0.04908672675699464,0.16666666666666666,27.047128896951723,27.022543751799635,27.09702370249605,1.0,21,34,1,0.029411764705882353,0.5845588235294118,272,159,0.5845588235294118,0.0,1.0,0.2999771979686382,0.15367686873268024,0.15367686873268024,0.09943797388585192,41.81170649796779,0.6468793350557532,0.85,2.5217391304347827,2.8920454545454546,0.06818181818181818
177,template_deposition,C,C,none,0,1.0,template_site:index=208:site=C:neigh=1:ahead0=28.284:mode=shell,x,yz,721,544,177,0,177,2207.2284580267533,2.1164460318057885,500.0,0.001,73.33890758690279,0.0733389075869028,-5349.0684,-5342.4014,-5349.0684,-6.666992,-6.304199,0.9644792007102564,0.0733389075869028,0.0733389075869028,7,720,208,8,8,1.489264105558785,33.814787006314276,3.345495419733684,14.07247049315783,586.7112606952223,0.0,-2.6956666,-43.18934,33.79027632049536,0.0,33.79027632049536,28.25987900360848,0.7145922616221427,2.413452910929498,32.99641946541297,32.646041007057036,33.561429257807696,0.5626268327539574,0.16666666666666666,27.46602214852609,27.115643690170156,28.031031940920816,1.0,21,34,1,0.029411764705882353,0.5882352941176471,272,160,0.5882352941176471,0.0,1.0,0.30168161386618725,0.1551752663758536,0.1551752663758536,0.10097802260487533,41.81170649796779,0.6568978989140528,0.8515950069348127,2.2941176470588234,2.8870056497175143,0.06779661016949153
178,template_deposition,C,C,none,0,1.0,template_site:index=209:site=C:neigh=1:ahead0=28.284:mode=shell,x,yz,722,544,178,0,178,2209.2410510832974,2.0125930565441132,500.0,0.001,73.33890758690279,0.0733389075869028,-5357.616,-5349.0684,-5357.616,-8.547852,-8.102539,0.9999999964154551,0.0733389075869028,0.0733389075869028,6,721,209,7,7,1.4135021072413987,33.814787006314276,1.9254954209522064,14.07247049315783,586.7112606952223,0.0,-2.7102356,-43.422764,33.774493544873344,0.0,33.774493544873344,28.244096227986464,0.787470363380778,2.427088238109891,32.991158540205625,32.646041007057036,33.54880303731008,0.5552039846065424,0.16666666666666666,27.460761223318745,27.115643690170156,28.0184057204232,1.0,21,34,1,0.029411764705882353,0.5919117647058824,272,161,0.5919117647058824,0.0,1.0,0.30338602976373635,0.1542739394568469,0.1542739394568469,0.10095868096808362,41.81170649796779,0.6567720746976314,0.853185595567867,2.2777777777777777,2.8820224719101124,0.06741573033707865
179,template_deposition,C,C,none,0,1.0,template_site:index=214:site=C:neigh=1:ahead0=28.284:mode=shell,x,yz,723,544,179,0,179,2223.9850333264703,14.743982243173047,500.0,0.001,73.33890758690279,0.0733389075869028,-5365.018,-5357.616,-5365.018,-7.4018555,-7.0620117,0.9999999991857296,0.0733389075869028,0.0733389075869028,10,722,214,6,6,1.491891834300957,33.814787006314276,6.185495419314738,14.07247049315783,586.7112606952223,0.0,-2.7228515,-43.624893,33.77532213425452,0.0,33.77532213425452,28.244924817367643,0.8459255516753604,2.4407235652902832,32.99731510127111,32.646041007057036,33.54946590881502,0.5509958964361051,0.16666666666666666,27.466917784384233,27.115643690170156,28.019068591928143,1.0,21,34,1,0.029411764705882353,0.5955882352941176,272,162,0.5955882352941176,0.0,1.0,0.3050904456612854,0.15344646806918566,0.15344646806918566,0.10098131538376556,41.81170649796779,0.6569193196101487,0.8547717842323651,2.263157894736842,2.877094972067039,0.0670391061452514
180,template_deposition,C,C,none,0,1.0,template_site:index=215:site=C:neigh=2:ahead0=28.284:mode=shell,x,yz,724,544,180,0,180,2225.023479888304,1.0384465618336838,500.0,0.001,73.33890758690279,0.0733389075869028,-5375.908,-5365.018,-5375.908,-10.890137,-10.490234,1.0,0.0733389075869028,0.0733389075869028,10,723,215,5,5,1.3866946879474094,33.814787006314276,7.605495420114314,14.07247049315783,586.7112606952223,0.0,-2.7414129,-43.92228,33.79943324690344,0.0,33.79943324690344,28.26903593001656,0.8906097498281687,2.454358892470676,33.4066559329446,33.774493544873344,33.79444530649742,0.537932335457756,0.16666666666666666,27.876258616057722,28.244096227986464,28.264047989610543,1.0,21,34,1,0.029411764705882353,0.5992647058823529,272,163,0.5992647058823529,0.0,1.0,0.3067948615588345,0.1548681034225429,0.1548681034225429,0.10248624491197691,41.81170649796779,0.6667094206598005,0.8591160220994475,2.35,2.8833333333333333,0.06666666666666667
181,template_deposition,C,C,none,0,1.0,template_site:index=211:site=C:neigh=1:ahead0=28.284:mode=shell,x,yz,725,544,181,0,181,2252.9241103139034,27.900630425599434,500.0,0.001,73.33890758690279,0.0733389075869028,-5383.294,-5375.908,-5383.294,-7.385742,-7.126465,0.9999999999541798,0.0733389075869028,0.0733389075869028,10,724,211,4,4,1.4802631992066477,33.814787006314276,10.445495419695368,14.07247049315783,586.7112606952223,0.0,-2.7540011,-44.123962,33.78293326980442,0.0,33.78293326980442,28.252535952917537,0.9224941691582312,2.467994219651069,33.40115594057826,33.774493544873344,33.7812453248182,0.5339580066879831,0.16666666666666666,27.870758623691383,28.244096227986464,28.25084800793132,1.0,21,34,1,0.029411764705882353,0.6029411764705882,272,164,0.6029411764705882,0.0,1.0,0.3084992774563836,0.1539820918435988,0.1539820918435988,0.10246602435180656,41.81170649796779,0.6665778787346556,0.8606896551724138,2.3333333333333335,2.8784530386740332,0.06629834254143646
182,template_deposition,C,C,none,0,1.0,template_site:index=210:site=C:neigh=2:ahead0=28.284:mode=shell,x,yz,726,544,182,0,182,2272.472446728116,19.54833641421292,500.0,0.001,73.33890758690279,0.0733389075869028,-5394.264,-5383.294,-5394.264,-10.970215,-10.474121,1.0,0.0733389075869028,0.0733389075869028,10,725,210,3,3,1.3968585793621773,33.814787006314276,11.865495420494945,14.07247049315783,586.7112606952223,0.0,-2.772699,-44.42354,33.79197816006993,0.0,33.79197816006993,28.26158084318305,0.9476952685976234,2.4816295468314613,33.404170904000104,33.774493544873344,33.78848123703062,0.5361263118714488,0.16666666666666666,27.873773587113224,28.244096227986464,28.258083920143736,1.0,21,34,1,0.029411764705882353,0.6066176470588235,272,165,0.6066176470588235,0.0,1.0,0.31020369335393266,0.15315260212699575,0.15315260212699575,0.10247710877615156,41.81170649796779,0.6666499868516009,0.8650137741046832,2.409090909090909,2.8846153846153846,0.06593406593406594
183,template_deposition,C,C,none,0,1.0,template_site:index=212:site=C:neigh=1:ahead0=28.284:mode=shell,x,yz,727,544,183,0,183,2297.3373577053817,24.864910977265403,500.0,0.001,73.33890758690279,0.0733389075869028,-5401.7637,-5394.264,-5401.7637,-7.4995117,-7.1240234,0.9999999999998874,0.0733389075869028,0.0733389075869028,10,726,212,2,2,1.4763723024707966,33.814787006314276,14.705495420076,14.07247049315783,586.7112606952223,0.0,-2.7854812,-44.62833,33.784753209238204,0.0,33.784753209238204,28.254355892351324,0.9675781535675179,2.495264874011854,33.78072667463866,33.78293326980442,33.78438922135145,0.004469673730752253,0.16666666666666666,28.250329357751777,28.252535952917537,28.253991904464566,1.0,21,34,1,0.029411764705882353,0.6102941176470589,272,166,0.6102941176470589,0.0,1.0,0.31190810925148177,0.15437338446858895,0.15437338446858895,0.10386150499173448,41.81170649796779,0.6756559758957662,0.8665749656121046,2.391304347826087,2.879781420765027,0.06557377049180328
184,template_deposition,C,C,none,0,1.0,template_site:index=213:site=C:neigh=2:ahead0=28.284:mode=shell,x,yz,728,544,184,0,184,2319.1625467653885,21.825189060006654,500.0,0.001,73.33890758690279,0.0733389075869028,-5411.9077,-5401.7637,-5411.9077,-10.144043,-9.616211,1.0,0.0733389075869028,0.0733389075869028,9,727,213,1,1,1.3958057513371553,33.814787006314276,16.125495420875577,14.07247049315783,586.7112606952223,0.0,-2.8027709,-44.905342,33.78293326980442,0.0,33.78293326980442,28.252535952917537,0.9776788035807562,2.5089002011922465,33.772773869535875,33.774493544873344,33.7812453248182,0.009078970836246304,0.16666666666666666,28.242376552648995,28.244096227986464,28.25084800793132,1.0,22,34,1,0.029411764705882353,0.6139705882352942,272,167,0.6139705882352942,0.0,1.0,0.3136125251490308,0.15349117691657063,0.15349117691657063,0.10383226673768013,41.81170649796779,0.6754657706693145,0.8708791208791209,2.4583333333333335,2.885869565217391,0.06521739130434782
185,template_deposition,C,C,none,0,1.0,template_site:index=222:site=C:neigh=1:ahead0=29.514:mode=shell,x,yz,729,544,185,0,185,2335.3534861130956,16.19093934770731,500.0,0.001,73.33890758690279,0.0733389075869028,-5418.5693,-5411.9077,-5418.5693,-6.661621,-6.2680664,0.9560701640296919,0.0733389075869028,0.0733389075869028,7,728,222,8,8,1.4893165489189102,35.04454307981795,16.835495420266316,14.07247049315783,586.7112606952223,0.0,-2.814125,-45.087254,35.02285888895428,0.0,35.02285888895428,29.492461572067402,0.7084195383594172,2.5225355283726394,34.19342856787734,33.78293326980442,34.77487376512431,0.5865059251650505,0.16666666666666666,28.66303125099046,28.252535952917537,29.24447644823743,1.0,22,34,1,0.029411764705882353,0.6176470588235294,272,168,0.6176470588235294,0.0,1.0,0.3153169410465799,0.1549353040594079,0.1549353040594079,0.10537879136393552,41.81170649796779,0.6855264626040459,0.8724279835390947,2.2941176470588234,2.881081081081081,0.06486486486486487
186,template_deposition,C,C,none,0,1.0,template_site:index=223:site=C:neigh=1:ahead0=29.514:mode=shell,x,yz,730,544,186,0,186,2352.2341495771607,16.880663464065112,500.0,0.001,73.33890758690279,0.0733389075869028,-5427.157,-5418.5693,-5427.157,-8.587891,-8.124023,0.9999999979193694,0.0733389075869028,0.0733389075869028,6,729,223,7,7,1.4124388493782427,35.04454307981795,18.255495419047794,14.07247049315783,586.7112606952223,0.0,-2.8287625,-45.321774,34.99028731921066,0.0,34.99028731921066,29.459890002323778,0.7799006491305649,2.536170855553032,34.1825713779628,33.78293326980442,34.74881650932941,0.5711518120130323,0.16666666666666666,28.65217406107592,28.252535952917537,29.21841919244253,1.0,22,34,1,0.029411764705882353,0.6213235294117647,272,169,0.6213235294117647,0.0,1.0,0.317021356944129,0.15404394656492432,0.15404394656492432,0.10533887522454383,41.81170649796779,0.685266793941274,0.873972602739726,2.2777777777777777,2.8763440860215055,0.06451612903225806
187,template_deposition,C,C,none,0,1.0,template_site:index=216:site=C:neigh=1:ahead0=29.514:mode=shell,x,yz,731,544,187,0,187,2375.776010125322,23.54186054816155,500.0,0.001,73.33890758690279,0.0733389075869028,-5434.5693,-5427.157,-5434.5693,-7.4121094,-7.07959,0.9999999994852384,0.0733389075869028,0.0733389075869028,10,730,216,6,6,1.4867660549795843,35.04454307981795,13.99549542068526,14.07247049315783,586.7112606952223,0.0,-2.8413959,-45.52418,35.00860997033911,0.0,35.00860997033911,29.47821265345223,0.8401176026970685,2.5498061827334246,34.19458708854582,33.800657750425,34.767019526356286,0.5757002000319996,0.16666666666666666,28.664189771658943,28.270260433538123,29.236622209469406,1.0,22,34,1,0.029411764705882353,0.625,272,170,0.625,0.0,1.0,0.3187257728416781,0.15328443728159863,0.15328443728159863,0.10538305063109905,41.81170649796779,0.6855541706496034,0.8755129958960328,2.263157894736842,2.871657754010695,0.06417112299465241
188,template_deposition,C,C,none,0,1.0,template_site:index=217:site=C:neigh=2:ahead0=29.514:mode=shell,x,yz,732,544,188,0,188,2430.4313485507887,54.65533842546687,500.0,0.001,73.33890758690279,0.0733389075869028,-5445.493,-5434.5693,-5445.493,-10.923828,-10.503906,1.0,0.0733389075869028,0.0733389075869028,10,731,217,5,5,1.387196837307561,35.04454307981795,12.575495419885684,14.07247049315783,586.7112606952223,0.0,-2.8600144,-45.822483,35.03020636851693,0.0,35.03020636851693,29.49980905163005,0.8861415629940378,2.563441509913817,34.59832907753364,34.99028731921066,35.02222255865568,0.5827676044986478,0.16666666666666666,29.06793176064676,29.459890002323778,29.491825241768797,1.0,22,34,1,0.029411764705882353,0.6286764705882353,272,171,0.6286764705882353,0.0,1.0,0.32043018873922713,0.15461665830131255,0.15461665830131255,0.10686739617884838,41.81170649796779,0.695210365596046,0.8797814207650273,2.35,2.877659574468085,0.06382978723404255
189,template_deposition,C,C,none,0,1.0,template_site:index=219:site=C:neigh=1:ahead0=29.514:mode=shell,x,yz,733,544,189,0,189,2487.384648087181,56.95329953639229,500.0,0.001,73.33890758690279,0.0733389075869028,-5452.9155,-5445.493,-5452.9155,-7.4223633,-7.121582,0.9999999999197577,0.0733389075869028,0.0733389075869028,10,732,219,4,4,1.4878827998355404,35.04454307981795,9.73549542030463,14.07247049315783,586.7112606952223,0.0,-2.8726654,-46.025173,35.01078390363229,0.0,35.01078390363229,29.480386586745407,0.9186276693239674,2.57707683709421,34.59185492257209,34.99028731921066,35.00668458674796,0.5780223431716345,0.16666666666666666,29.06145760568521,29.459890002323778,29.47628726986108,1.0,22,34,1,0.029411764705882353,0.6323529411764706,272,172,0.6323529411764706,0.0,1.0,0.32213460463677623,0.1537643259560064,0.1537643259560064,0.10684359413854856,41.81170649796779,0.6950555248707131,0.8813096862210096,2.3333333333333335,2.873015873015873,0.06349206349206349
190,template_deposition,C,C,none,0,1.0,template_site:index=218:site=C:neigh=2:ahead0=29.514:mode=shell,x,yz,734,544,190,0,190,2495.5103665068727,8.125718419691545,500.0,0.001,73.33890758690279,0.0733389075869028,-5463.84,-5452.9155,-5463.84,-10.924316,-10.483887,1.0,0.0733389075869028,0.0733389075869028,10,733,218,3,3,1.3936961013668894,35.04454307981795,8.315495419505053,14.07247049315783,586.7112606952223,0.0,-2.891285,-46.323494,35.023646489745964,0.0,35.023646489745964,29.493249172859084,0.944061169157984,2.5907121642746027,34.596142451276656,34.99028731921066,35.016974655638904,0.5811531081163946,0.16666666666666666,29.065745134389775,29.459890002323778,29.486577338752024,1.0,22,34,1,0.029411764705882353,0.6360294117647058,272,173,0.6360294117647058,0.0,1.0,0.32383902053432534,0.1529776059704725,0.1529776059704725,0.10685935711172712,41.81170649796779,0.6951580686093853,0.885558583106267,2.409090909090909,2.8789473684210525,0.06315789473684211
191,template_deposition,C,C,none,0,1.0,template_site:index=220:site=C:neigh=1:ahead0=29.514:mode=shell,x,yz,735,544,191,0,191,2505.66792878014,10.157562273266937,500.0,0.001,73.33890758690279,0.0733389075869028,-5471.3506,-5463.84,-5471.3506,-7.510742,-7.121582,0.9999999999999958,0.0733389075869028,0.0733389075869028,10,734,220,2,2,1.468542655020369,35.04454307981795,5.475495419923999,14.07247049315783,586.7112606952223,0.0,-2.9040864,-46.528595,35.018729526700525,0.0,35.018729526700525,29.488332209813645,0.9625533613704443,2.604347491454995,35.00660024984782,35.01078390363229,35.01714040208688,0.011982404070562691,0.16666666666666666,29.47620293296094,29.480386586745407,29.4867430852,1.0,22,34,1,0.029411764705882353,0.6397058823529411,272,174,0.6397058823529411,0.0,1.0,0.3255434364318744,0.15432566980607823,0.15432566980607823,0.10836839313588581,41.81170649796779,0.7049748838735773,0.8870748299319728,2.391304347826087,2.8743455497382198,0.06282722513089005
192,template_deposition,C,C,none,0,1.0,template_site:index=221:site=C:neigh=2:ahead0=29.514:mode=shell,x,yz,736,544,192,0,192,2536.233771337982,30.565842557842288,500.0,0.001,73.33890758690279,0.0733389075869028,-5482.764,-5471.3506,-5482.764,-11.413574,-10.006836,1.0,0.0733389075869028,0.0733389075869028,9,735,221,1,1,1.3956342874161376,35.04454307981795,4.055495419124423,14.07247049315783,586.7112606952223,0.0,-2.9235399,-46.840275,35.01078390363229,0.0,35.01078390363229,29.480386586745407,0.9744367000973673,2.617982818635388,34.99838876256779,34.99409506486043,35.00744613587791,0.008901474531030896,0.16666666666666666,29.467991445680912,29.46369774797355,29.477048818991033,1.0,23,34,1,0.029411764705882353,0.6433823529411765,272,175,0.6433823529411765,0.0,1.0,0.3272478523294235,0.15347912211292142,0.15347912211292142,0.10833820384441512,41.81170649796779,0.7047784918109757,0.8913043478260869,2.4583333333333335,2.8802083333333335,0.0625
193,template_deposition,C,C,none,0,1.0,template_site:index=226:site=C:neigh=1:ahead0=30.744:mode=shell,x,yz,737,544,193,0,193,2547.6727022493646,11.438930911382633,500.0,0.001,73.33890758690279,0.0733389075869028,-5489.345,-5482.764,-5489.345,-6.5810547,-6.0981445,0.2635814113176094,0.0733389075869028,0.0733389075869028,9,736,226,8,8,1.485658966682321,36.274299153321614,11.865495420494945,14.07247049315783,586.7112606952223,0.0,-2.9347568,-47.01999,36.25702957653168,0.0,36.25702957653168,30.7266322596448,0.7424777451632776,2.6316181458157804,35.41982154976278,35.00834000789622,36.00729166280459,0.5920240364856992,0.16666666666666666,29.8894242328759,29.477942691009343,30.47689434591771,1.0,23,34,1,0.029411764705882353,0.6470588235294118,272,176,0.6470588235294118,0.0,1.0,0.32895226822697254,0.15486748307189585,0.15486748307189585,0.10988758909145552,41.81170649796779,0.7148577930998496,0.89280868385346,2.2941176470588234,2.8756476683937824,0.06217616580310881
194,template_deposition,C,C,none,0,1.0,template_site:index=227:site=C:neigh=2:ahead0=30.744:mode=shell,x,yz,738,544,194,0,194,2550.1377787318493,2.4650764824847196,500.0,0.001,73.33890758690279,0.0733389075869028,-5500.383,-5489.345,-5500.383,-11.037598,-10.60791,1.0,0.0733389075869028,0.0733389075869028,10,737,227,7,7,1.3773579438820023,36.274299153321614,10.445495419695368,14.07247049315783,586.7112606952223,0.0,-2.9535694,-47.3214,36.25056127346708,0.0,36.25056127346708,30.720163956580198,0.826304298082116,2.645253472996173,35.41626405820746,35.00413583629487,36.001276186032634,0.5899514594807577,0.16666666666666666,29.88586674132058,29.47373851940799,30.470878869145753,1.0,23,34,1,0.029411764705882353,0.6507352941176471,272,177,0.6507352941176471,0.0,1.0,0.33065668412452165,0.1540508594913432,0.1540508594913432,0.10987451007838449,41.81170649796779,0.7147727094748727,0.8970189701897019,2.388888888888889,2.881443298969072,0.061855670103092786
195,template_deposition,C,C,none,0,1.0,template_site:index=231:site=C:neigh=1:ahead0=30.744:mode=shell,x,yz,739,544,195,0,195,2559.407945324726,9.270166592876691,500.0,0.001,73.33890758690279,0.0733389075869028,-5507.767,-5500.383,-5507.767,-7.3842773,-7.145508,0.5480148684570748,0.0733389075869028,0.0733389075869028,10,738,231,6,6,1.4645727411266887,36.274299153321614,7.605495420114314,14.07247049315783,586.7112606952223,0.0,-2.9661553,-47.52305,36.24848398445032,0.0,36.24848398445032,30.718086667563437,0.8862551199100791,2.6588888001765656,35.42336266564558,35.01746817619152,36.00228082279856,0.583474267288252,0.16666666666666666,29.892965348758697,29.48707085930464,30.47188350591168,1.0,23,34,1,0.029411764705882353,0.6544117647058824,272,178,0.6544117647058824,0.0,1.0,0.3323611000220707,0.15329725819876255,0.15329725819876255,0.10990060789984815,41.81170649796779,0.7149424850720123,0.8985115020297699,2.3684210526315788,2.876923076923077,0.06153846153846154
196,template_deposition,C,C,none,0,1.0,template_site:index=230:site=C:neigh=2:ahead0=30.744:mode=shell,x,yz,740,544,196,0,196,2559.649501359779,0.24155603505330456,500.0,0.001,73.33890758690279,0.0733389075869028,-5518.726,-5507.767,-5518.726,-10.958984,-10.474609,1.0,0.0733389075869028,0.0733389075869028,10,739,230,5,5,1.3897354326039737,36.274299153321614,6.185495419314738,14.07247049315783,586.7112606952223,0.0,-2.984834,-47.82231,36.24562731678125,0.0,36.24562731678125,30.715229999894373,0.9297319371899648,2.6725241273569584,35.82898822491347,36.23720152166429,36.24394215775786,0.5832688606827303,0.16666666666666666,30.298590908026593,30.70680420477741,30.713544840870977,1.0,23,34,1,0.029411764705882353,0.6580882352941176,272,179,0.6580882352941176,0.0,1.0,0.3340655159196198,0.1545846474899316,0.1545846474899316,0.11139187833833307,41.81170649796779,0.7246437288920322,0.9027027027027027,2.45,2.88265306122449,0.061224489795918366
197,template_deposition,C,C,none,0,1.0,template_site:index=228:site=C:neigh=1:ahead0=30.744:mode=shell,x,yz,741,544,197,0,197,2562.1526541954604,2.5031528356814623,500.0,0.001,73.33890758690279,0.0733389075869028,-5526.2637,-5518.726,-5526.2637,-7.5375977,-7.138672,0.6353630426181045,0.0733389075869028,0.0733389075869028,10,740,228,4,4,1.4613594166029493,36.274299153321614,14.705495420076,14.07247049315783,586.7112606952223,0.0,-2.9976811,-48.02815,36.250379550966215,0.0,36.250379550966215,30.719982234079335,0.9608619386912578,2.686159454537351,36.243968568738445,36.24562731678125,36.24942910412922,0.006026958459957789,0.16666666666666666,30.713571251851565,30.715229999894373,30.71903178724234,1.0,23,34,1,0.029411764705882353,0.6617647058823529,272,180,0.6617647058823529,0.0,1.0,0.33576993181716885,0.15590645305508408,0.15590645305508408,0.11291754136710135,41.81170649796779,0.7345687087262119,0.9041835357624831,2.4285714285714284,2.8781725888324874,0.06091370558375635
198,template_deposition,C,C,none,0,1.0,template_site:index=229:site=C:neigh=2:ahead0=30.744:mode=shell,x,yz,742,544,198,0,198,2568.323907287198,6.1712530917375314,500.0,0.001,73.33890758690279,0.0733389075869028,-5537.8203,-5526.2637,-5537.8203,-11.556641,-10.04834,1.0,0.0733389075869028,0.0733389075869028,9,741,229,3,3,1.3970977438929928,36.274299153321614,16.125495420875577,14.07247049315783,586.7112606952223,0.0,-3.0173783,-48.34373,36.24562731678125,0.0,36.24562731678125,30.715229999894373,0.9814637210498768,2.6997947817177437,36.235232363798396,36.23589883846787,36.243681621118576,0.008772198844618318,0.16666666666666666,30.704835046911516,30.705501521580988,30.713284304231696,1.0,23,34,1,0.029411764705882353,0.6654411764705882,272,181,0.6654411764705882,0.0,1.0,0.33747434771471796,0.1550749244793511,0.1550749244793511,0.11288542296658645,41.81170649796779,0.7343597671241638,0.9083557951482479,2.5,2.8838383838383836,0.06060606060606061
199,template_deposition,C,C,none,0,1.0,template_site:index=224:site=C:neigh=1:ahead0=30.744:mode=shell,x,yz,743,544,199,0,199,2582.734272825812,14.410365538613854,500.0,0.001,73.33890758690279,0.0733389075869028,-5546.3745,-5537.8203,-5546.3745,-8.554199,-7.114746,1.0,0.0733389075869028,0.0733389075869028,8,742,224,2,2,1.483998771277295,36.274299153321614,3.345495419733684,14.07247049315783,586.7112606952223,0.0,-3.0319583,-48.577328,36.27336336087929,0.0,36.27336336087929,30.742966043992407,0.9714424512610629,2.7134301088981365,36.244477711831074,36.23589883846787,36.265870456397,0.020978901527007827,0.16666666666666666,30.714080394944194,30.705501521580988,30.735473139510123,1.0,23,34,1,0.029411764705882353,0.6654411764705882,272,181,0.6654411764705882,0.0,1.0,0.33917876361226706,0.154342112537408,0.154342112537408,0.1129194132167066,41.81170649796779,0.7345808857726727,0.9125168236877523,2.5454545454545454,2.8894472361809047,0.06030150753768844
200,template_deposition,C,C,none,0,1.0,template_site:index=225:site=C:neigh=1:ahead0=30.744:mode=shell,x,yz,744,544,200,0,200,2610.5723931356115,27.838120309799592,500.0,0.001,73.33890758690279,0.0733389075869028,-5554.4644,-5546.3745,-5554.4644,-8.089844,-7.5668945,1.0,0.0733389075869028,0.0733389075869028,6,743,225,1,1,1.413214448226247,36.274299153321614,1.9254954209522064,14.07247049315783,586.7112606952223,0.0,-3.0457468,-48.798244,36.33121786701958,0.0,36.33121786701958,30.800820550132702,0.9827928706651688,2.727065436078529,36.26376254721117,36.23589883846787,36.312154061309236,0.047937814239272965,0.16666666666666666,30.733365230324292,30.705501521580988,30.781756744422356,1.0,24,34,1,0.029411764705882353,0.6691176470588235,272,182,0.6691176470588235,0.0,1.0,0.3408831795098161,0.15366682615162147,0.15366682615162147,0.11299031334678049,41.81170649796779,0.7350421162986508,0.9139784946236559,2.5217391304347827,2.885,0.06
201,template_deposition,C,C,none,0,1.0,template_site:index=235:site=C:neigh=1:ahead0=31.974:mode=shell,x,yz,745,544,201,0,201,2614.6616849569946,4.089291821383194,500.0,0.001,73.33890758690279,0.0733389075869028,-5561.014,-5554.4644,-5561.014,-6.5498047,-6.119629,0.23675128070533435,0.0733389075869028,0.0733389075869028,9,744,235,8,8,1.4885408353190495,37.504055226825294,9.73549542030463,14.07247049315783,586.7112606952223,0.0,-3.0569103,-48.977104,37.484870721925596,0.0,37.484870721925596,31.954473405038716,0.7523802895881727,2.7407007632589218,36.68008650836375,36.33121786701958,37.254140150944394,0.5707439496838788,0.16666666666666666,31.14968919147687,30.800820550132702,31.723742834057514,1.0,24,34,1,0.029411764705882353,0.6727941176470589,272,183,0.6727941176470589,0.0,1.0,0.3425875954073652,0.15497357806704912,0.15497357806704912,0.11452091614513556,41.81170649796779,0.7449992310883284,0.9154362416107382,2.2941176470588234,2.8805970149253732,0.05970149253731343
202,template_deposition,C,C,none,0,1.0,template_site:index=234:site=C:neigh=2:ahead0=31.974:mode=shell,x,yz,746,544,202,0,202,2639.3756312918313,24.71394633483691,500.0,0.001,73.33890758690279,0.0733389075869028,-5572.087,-5561.014,-5572.087,-11.072754,-10.57959,1.0,0.0733389075869028,0.0733389075869028,10,745,234,7,7,1.381604425549192,37.504055226825294,8.315495419505053,14.07247049315783,586.7112606952223,0.0,-3.075783,-49.279476,37.4723402120237,0.0,37.4723402120237,31.941942895136823,0.8350436181582086,2.754336090439314,36.675909671729784,36.33121786701958,37.24411574302288,0.564854533183549,0.16666666666666666,31.145512354842904,30.800820550132702,31.713718426136,1.0,24,34,1,0.029411764705882353,0.6764705882352942,272,184,0.6764705882352942,0.0,1.0,0.34429201130491427,0.15418570472694507,0.15418570472694507,0.11450556012809891,41.81170649796779,0.7448993347438879,0.9195710455764075,2.388888888888889,2.886138613861386,0.0594059405940594
203,template_deposition,C,C,none,0,1.0,template_site:index=233:site=C:neigh=1:ahead0=31.974:mode=shell,x,yz,747,544,203,0,203,2641.732413525174,2.356782233342524,500.0,0.001,73.33890758690279,0.0733389075869028,-5579.466,-5572.087,-5579.466,-7.3789062,-7.1689453,0.8440331081480655,0.0733389075869028,0.0733389075869028,10,746,233,6,6,1.456460917183924,37.504055226825294,12.575495419885684,14.07247049315783,586.7112606952223,0.0,-3.0883596,-49.480976,37.48155864529573,0.0,37.48155864529573,31.951161328408848,0.8941229663853144,2.767971417619707,36.68656942695528,36.33121786701958,37.251490489640496,0.5631944185074695,0.16666666666666666,31.1561721100684,30.800820550132702,31.721093172753616,1.0,24,34,1,0.029411764705882353,0.6801470588235294,272,185,0.6801470588235294,0.0,1.0,0.3459964272024634,0.15347868034516454,0.15347868034516454,0.11454475040466323,41.81170649796779,0.7451542814111811,0.9210174029451138,2.3684210526315788,2.8817733990147785,0.059113300492610835
204,template_deposition,C,C,none,0,1.0,template_site:index=232:site=C:neigh=2:ahead0=31.974:mode=shell,x,yz,748,544,204,0,204,2647.182003871446,5.449590346272146,500.0,0.001,73.33890758690279,0.0733389075869028,-5590.444,-5579.466,-5590.444,-10.978027,-10.478027,1.0,0.0733389075869028,0.0733389075869028,10,747,232,5,5,1.3878909062621176,37.504055226825294,13.99549542068526,14.07247049315783,586.7112606952223,0.0,-3.1070707,-49.78076,37.47506589712608,0.0,37.47506589712608,31.9446685802392,0.9371575834718531,2.7816067448000994,37.092874658723126,37.4723402120237,37.474520760105605,0.5385738318936508,0.16666666666666666,31.562477341836246,31.941942895136823,31.944123443218725,1.0,24,34,1,0.029411764705882353,0.6838235294117647,272,186,0.6838235294117647,0.0,1.0,0.3477008431000124,0.15471802618547179,0.15471802618547179,0.11603851963910385,41.81170649796779,0.7548717807863284,0.9251336898395722,2.45,2.8872549019607843,0.058823529411764705
205,template_deposition,C,C,none,0,1.0,template_site:index=236:site=C:neigh=1:ahead0=31.974:mode=shell,x,yz,749,544,205,0,205,2666.516053066177,19.33404919473119,500.0,0.001,73.33890758690279,0.0733389075869028,-5597.948,-5590.444,-5597.948,-7.5043945,-7.1000977,0.4801784529525062,0.0733389075869028,0.0733389075869028,10,748,236,4,4,1.4880236756103677,37.504055226825294,5.475495419923999,14.07247049315783,586.7112606952223,0.0,-3.1198614,-49.98569,37.47506589712608,0.0,37.47506589712608,31.9446685802392,0.9695125078785549,2.7952420719804922,37.46770868731564,37.46779997211381,37.473612712123625,0.0060447481624865415,0.16666666666666666,31.937311370428763,31.93740265522693,31.943215395236745,1.0,24,34,1,0.029411764705882353,0.6875,272,187,0.6875,0.0,1.0,0.34940525899756153,0.15579176278257933,0.15579176278257933,0.11741658592069398,41.81170649796779,0.7638365913618245,0.9265687583444593,2.4285714285714284,2.8829268292682926,0.05853658536585366
206,template_deposition,C,C,none,0,1.0,template_site:index=237:site=C:neigh=2:ahead0=31.974:mode=shell,x,yz,750,544,206,0,206,2677.120502686459,10.604449620282013,500.0,0.001,73.33890758690279,0.0733389075869028,-5608.053,-5597.948,-5608.053,-10.10498,-9.507324,1.0,0.0733389075869028,0.0733389075869028,9,749,237,3,3,1.4009897852718407,37.504055226825294,4.055495419124423,14.07247049315783,586.7112606952223,0.0,-3.1370845,-50.261635,37.47506589712608,0.0,37.47506589712608,31.9446685802392,0.9885274498518503,2.8088773991608846,37.45811901600935,37.46026019270703,37.47210475624227,0.014788907649110289,0.16666666666666666,31.92772169912247,31.929862875820152,31.941707439355387,1.0,24,34,1,0.029411764705882353,0.6911764705882353,272,188,0.6911764705882353,0.0,1.0,0.3511096748951106,0.15498894028700227,0.15498894028700227,0.11738132977618554,41.81170649796779,0.7636072376207433,0.9306666666666666,2.5,2.8883495145631066,0.05825242718446602
207,template_deposition,C,C,none,0,1.0,template_site:index=238:site=C:neigh=1:ahead0=31.974:mode=shell,x,yz,751,544,207,0,207,2688.1355243982453,11.015021711786398,500.0,0.001,73.33890758690279,0.0733389075869028,-5616.2397,-5608.053,-5616.2397,-8.186523,-7.1035156,1.0,0.0733389075869028,0.0733389075869028,8,750,238,2,2,1.4865163392463792,37.504055226825294,16.835495420266316,14.07247049315783,586.7112606952223,0.0,-3.1510377,-50.48519,37.47868906878934,0.0,37.47868906878934,31.948291751902463,0.9714338404217201,2.8225127263412775,37.4593267398971,37.46026019270703,37.47500329357288,0.016203804791691673,0.16666666666666666,31.92892942301022,31.929862875820152,31.944605976686002,1.0,24,34,1,0.029411764705882353,0.6911764705882353,272,188,0.6911764705882353,0.0,1.0,0.3528140907926597,0.15424603585995275,0.15424603585995275,0.11738576993753758,41.81170649796779,0.7636361224472407,0.9347536617842876,2.5454545454545454,2.893719806763285,0.057971014492753624
208,template_deposition,C,C,none,0,1.0,template_site:index=239:site=C:neigh=1:ahead0=31.974:mode=shell,x,yz,752,544,208,0,208,2688.666794265947,0.5312698677015801,500.0,0.001,73.33890758690279,0.0733389075869028,-5624.449,-5616.2397,-5624.449,-8.209473,-7.5302734,1.0,0.0733389075869028,0.0733389075869028,6,751,239,1,1,1.4309644246308992,37.504055226825294,18.255495419047794,14.07247049315783,586.7112606952223,0.0,-3.16503,-50.709373,37.559429691481014,0.0,37.559429691481014,32.02903237459413,0.9829472248586214,2.8361480535216703,37.48624028079433,37.46026019270703,37.53959579172622,0.0524734058166031,0.16666666666666666,31.955842963907447,31.929862875820152,32.00919847483934,1.0,25,34,1,0.029411764705882353,0.6948529411764706,272,189,0.6948529411764706,0.0,1.0,0.3545185066902088,0.15363386040340118,0.15363386040340118,0.11748471677907149,41.81170649796779,0.7642798067919238,0.9361702127659575,2.5217391304347827,2.889423076923077,0.057692307692307696
209,template_deposition,C,C,none,0,1.0,template_site:index=240:site=C:neigh=1:ahead0=33.203:mode=shell,x,yz,753,544,209,0,209,2696.8912465552617,8.224452289314868,500.0,0.001,73.33890758690279,0.0733389075869028,-5631.1265,-5624.449,-5631.1265,-6.677246,-6.315918,0.9440019533467869,0.0733389075869028,0.0733389075869028,7,752,240,8,8,1.494650467365933,38.733811300328966,3.345495419733684,14.07247049315783,586.7112606952223,0.0,-3.176411,-50.891716,38.70423256027555,0.0,38.70423256027555,33.173835243388666,0.7158278832623016,2.8497833807020627,37.90797414815453,37.559429691481014,38.475271986516645,0.5644934257230896,0.16666666666666666,32.377576831267646,32.02903237459413,32.94487466962976,1.0,25,34,1,0.029411764705882353,0.6985294117647058,272,190,0.6985294117647058,0.0,1.0,0.35622292258775784,0.15491663555630453,0.15491663555630453,0.11903520893848399,41.81170649796779,0.774366308938893,0.9375830013280213,2.2941176470588234,2.8851674641148324,0.05741626794258373
210,template_deposition,C,C,none,0,1.0,template_site:index=241:site=C:neigh=1:ahead0=33.203:mode=shell,x,yz,754,544,210,0,210,2697.3676166562395,0.47637010097784943,500.0,0.001,73.33890758690279,0.0733389075869028,-5639.6797,-5631.1265,-5639.6797,-8.553223,-8.100098,0.9999999975616389,0.0733389075869028,0.0733389075869028,6,753,241,7,7,1.4162791190053008,38.733811300328966,1.9254954209522064,14.07247049315783,586.7112606952223,0.0,-3.1909893,-51.125286,38.69223434292766,0.0,38.69223434292766,33.16183702604078,0.7898552036902943,2.8634187078824556,37.9039747423719,37.559429691481014,38.46567341263833,0.5588521246108041,0.16666666666666666,32.37357742548502,32.02903237459413,32.93527609575145,1.0,25,34,1,0.029411764705882353,0.7022058823529411,272,191,0.7022058823529411,0.0,1.0,0.35792733848530695,0.1541598925023096,0.1541598925023096,0.11902050524075374,41.81170649796779,0.7742706561632087,0.9389920424403183,2.2777777777777777,2.880952380952381,0.05714285714285714
211,template_deposition,C,C,none,0,1.0,template_site:index=246:site=C:neigh=1:ahead0=33.203:mode=shell,x,yz,755,544,211,0,211,2711.4281707252035,14.060554068963985,500.0,0.001,73.33890758690279,0.0733389075869028,-5647.0703,-5639.6797,-5647.0703,-7.390625,-7.041504,0.9999999965975856,0.0733389075869028,0.0733389075869028,10,754,246,6,6,1.5033893069701132,38.733811300328966,6.185495419314738,14.07247049315783,586.7112606952223,0.0,-3.2035859,-51.327106,38.69223434292766,0.0,38.69223434292766,33.16183702604078,0.8480920828955024,2.877054035062848,37.909553746586305,37.559429691481014,38.46567341263833,0.5544609788550634,0.16666666666666666,32.37915642969942,32.02903237459413,32.93527609575145,1.0,25,34,1,0.029411764705882353,0.7058823529411765,272,192,0.7058823529411765,0.0,1.0,0.359631754382856,0.15345571767630056,0.15345571767630056,0.11904101628565963,41.81170649796779,0.7744040877947226,0.9403973509933775,2.263157894736842,2.876777251184834,0.05687203791469194
212,template_deposition,C,C,none,0,1.0,template_site:index=247:site=C:neigh=2:ahead0=33.203:mode=shell,x,yz,756,544,212,0,212,2724.563253448785,13.135082723581638,500.0,0.001,73.33890758690279,0.0733389075869028,-5657.97,-5647.0703,-5657.97,-10.899902,-10.48291,1.0,0.0733389075869028,0.0733389075869028,10,755,247,5,5,1.3896961731582045,38.733811300328966,7.605495420114314,14.07247049315783,586.7112606952223,0.0,-3.222164,-51.62476,38.71191087744468,0.0,38.71191087744468,33.181513560557796,0.892796268461706,2.890689362243241,38.32119163728445,38.69223434292766,38.70797557054128,0.538706932112028,0.16666666666666666,32.790794320397566,33.16183702604078,33.177578253654396,1.0,25,34,1,0.029411764705882353,0.7095588235294118,272,193,0.7095588235294118,0.0,1.0,0.3613361702804051,0.15467355811508285,0.15467355811508285,0.12055439088381459,41.81170649796779,0.7842491270235843,0.9444444444444444,2.35,2.8820754716981134,0.05660377358490566
213,template_deposition,C,C,none,0,1.0,template_site:index=243:site=C:neigh=1:ahead0=33.203:mode=shell,x,yz,757,544,213,0,213,2733.9393733531783,9.37611990439351,500.0,0.001,73.33890758690279,0.0733389075869028,-5665.3486,-5657.97,-5665.3486,-7.378418,-7.084961,0.9999999992179951,0.0733389075869028,0.0733389075869028,10,756,243,4,4,1.4984435777260363,38.733811300328966,10.445495419695368,14.07247049315783,586.7112606952223,0.0,-3.2347398,-51.826244,38.69223434292766,0.0,38.69223434292766,33.16183702604078,0.9244660776277946,2.904324689423633,38.314398481779754,38.69153141093058,38.692093756528244,0.5338436283358655,0.16666666666666666,32.78400116489287,33.161134094043696,33.16169643964136,1.0,25,34,1,0.029411764705882353,0.7132352941176471,272,194,0.7132352941176471,0.0,1.0,0.36304058617795415,0.15391549842672708,0.15391549842672708,0.12052941604740026,41.81170649796779,0.7840866568430136,0.9458388375165125,2.3333333333333335,2.8779342723004695,0.056338028169014086
214,template_deposition,C,C,none,0,1.0,template_site:index=242:site=C:neigh=2:ahead0=33.203:mode=shell,x,yz,758,544,214,0,214,2743.262125700881,9.322752347702572,500.0,0.001,73.33890758690279,0.0733389075869028,-5676.328,-5665.3486,-5676.328,-10.979492,-10.451172,1.0,0.0733389075869028,0.0733389075869028,10,757,242,3,3,1.402702652670449,38.733811300328966,11.865495420494945,14.07247049315783,586.7112606952223,0.0,-3.2534533,-52.12607,38.701677018124904,0.0,38.701677018124904,33.17127970123802,0.9490731396378224,2.917960016604026,38.31778035084452,38.69223434292766,38.699788483085456,0.5362487500818539,0.16666666666666666,32.78738303395764,33.16183702604078,33.16939116619857,1.0,25,34,1,0.029411764705882353,0.7169117647058824,272,195,0.7169117647058824,0.0,1.0,0.36474500207550326,0.1532120702521385,0.1532120702521385,0.12054184938955015,41.81170649796779,0.7841675401493414,0.9498680738786279,2.409090909090909,2.883177570093458,0.056074766355140186
215,template_deposition,C,C,none,0,1.0,template_site:index=244:site=C:neigh=1:ahead0=33.203:mode=shell,x,yz,759,544,215,0,215,2761.413028984209,18.15090328332808,500.0,0.001,73.33890758690279,0.0733389075869028,-5683.805,-5676.328,-5683.805,-7.477051,-7.157715,0.9999999999999925,0.0733389075869028,0.0733389075869028,10,758,244,2,2,1.4675257896176181,38.733811300328966,14.705495420076,14.07247049315783,586.7112606952223,0.0,-3.2661974,-52.330254,38.70496920325825,0.0,38.70496920325825,33.17457188637137,0.9690001812848944,2.9315953437844184,38.69614262462982,38.69223434292766,38.70242223119213,0.006254939402908541,0.16666666666666666,33.16574530774294,33.16183702604078,33.17202491430525,1.0,25,34,1,0.029411764705882353,0.7205882352941176,272,196,0.7205882352941176,0.0,1.0,0.3664494179730523,0.15425928050112994,0.15425928050112994,0.12193288716081963,41.81170649796779,0.7932167348719651,0.9512516469038208,2.391304347826087,2.8790697674418606,0.05581395348837209
216,template_deposition,C,C,none,0,1.0,template_site:index=245:site=C:neigh=2:ahead0=33.203:mode=shell,x,yz,760,544,216,0,216,2773.923626478538,12.510597494329161,500.0,0.001,73.33890758690279,0.0733389075869028,-5693.9253,-5683.805,-5693.9253,-10.120117,-9.508789,1.0,0.0733389075869028,0.0733389075869028,9,759,245,1,1,1.3990127288016476,38.733811300328966,16.125495420875577,14.07247049315783,586.7112606952223,0.0,-3.2834463,-52.60661,38.69223434292766,0.0,38.69223434292766,33.16183702604078,0.978812109864753,2.9452306709648113,38.68612222583084,38.69122432770356,38.69203233988284,0.007940363678096697,0.16666666666666666,33.15572490894396,33.160827010816675,33.16163502299596,1.0,26,34,1,0.029411764705882353,0.7242647058823529,272,197,0.7242647058823529,0.0,1.0,0.3681538338706014,0.1534987264302961,0.1534987264302961,0.12189604745935279,41.81170649796779,0.7929770795304768,0.9552631578947368,2.4583333333333335,2.884259259259259,0.05555555555555555
217,template_deposition,C,C,none,0,1.0,template_site:index=254:site=C:neigh=1:ahead0=34.433:mode=shell,x,yz,761,544,217,0,217,2825.6628773498655,51.739250871327556,500.0,0.001,73.33890758690279,0.0733389075869028,-5700.5913,-5693.9253,-5700.5913,-6.6660156,-6.294922,0.9728476710656065,0.0733389075869028,0.0733389075869028,7,760,254,8,8,1.492112298444494,39.96356737383264,16.835495420266316,14.07247049315783,586.7112606952223,0.0,-3.294808,-52.788643,39.937321863241806,0.0,39.937321863241806,34.40692454635492,0.7101380707962963,2.958865998145204,39.10692684462435,38.69223434292766,39.68830435917898,0.5871780935066814,0.16666666666666666,33.57652952773746,33.16183702604078,34.157907042292095,1.0,26,34,1,0.029411764705882353,0.7279411764705882,272,198,0.7279411764705882,0.0,1.0,0.3698582497681505,0.15473055081906664,0.15473055081906664,0.12344312326374067,41.81170649796779,0.8030413570747085,0.9566360052562418,2.2941176470588234,2.880184331797235,0.055299539170506916
218,template_deposition,C,C,none,0,1.0,template_site:index=255:site=C:neigh=1:ahead0=34.433:mode=shell,x,yz,762,544,218,0,218,2845.536836730007,19.873959380141454,500.0,0.001,73.33890758690279,0.0733389075869028,-5709.1313,-5700.5913,-5709.1313,-8.540039,-8.097168,0.9999999972690452,0.0733389075869028,0.0733389075869028,6,761,255,7,7,1.4149298347893657,39.96356737383264,18.255495419047794,14.07247049315783,586.7112606952223,0.0,-3.3093636,-53.02185,39.923747044887676,0.0,39.923747044887676,34.39334972800079,0.7857764327501755,2.9725013253255965,39.10240190517297,38.69223434292766,39.677444504495675,0.5807788643608519,0.16666666666666666,33.572004588286084,33.16183702604078,34.14704718760879,1.0,26,34,1,0.029411764705882353,0.7316176470588235,272,199,0.7316176470588235,0.0,1.0,0.37156266566569957,0.15400002104718388,0.15400002104718388,0.12342648745693413,41.81170649796779,0.8029331352433036,0.958005249343832,2.2777777777777777,2.876146788990826,0.05504587155963303
219,template_deposition,C,C,none,0,1.0,template_site:index=248:site=C:neigh=1:ahead0=34.433:mode=shell,x,yz,763,544,219,0,219,2854.2144761698264,8.677639439819568,500.0,0.001,73.33890758690279,0.0733389075869028,-5716.4946,-5709.1313,-5716.4946,-7.3632812,-7.0439453,0.9999999989620845,0.0733389075869028,0.0733389075869028,10,762,248,6,6,1.4947949071557503,39.96356737383264,13.99549542068526,14.07247049315783,586.7112606952223,0.0,-3.3219137,-53.222927,39.92422547186285,0.0,39.92422547186285,34.393828154975964,0.8456645043187899,2.9861366525059894,39.108276493741975,38.70836966643541,39.68105431077736,0.57700065761866,0.16666666666666666,33.57787917685509,33.177972349548526,34.15065699389048,1.0,26,34,1,0.029411764705882353,0.7352941176470589,272,200,0.7352941176470589,0.0,1.0,0.37326708156324867,0.153323649209384,0.153323649209384,0.12344808520902607,41.81170649796779,0.8030736362910016,0.9593709043250328,2.263157894736842,2.872146118721461,0.0547945205479452
220,template_deposition,C,C,none,0,1.0,template_site:index=249:site=C:neigh=2:ahead0=34.433:mode=shell,x,yz,764,544,220,0,220,2859.931006557876,5.716530388049861,500.0,0.001,73.33890758690279,0.0733389075869028,-5727.434,-5716.4946,-5727.434,-10.939453,-10.499512,1.0,0.0733389075869028,0.0733389075869028,10,763,249,5,5,1.391373789939538,39.96356737383264,12.575495419885684,14.07247049315783,586.7112606952223,0.0,-3.3405592,-53.52166,39.94305707234996,0.0,39.94305707234996,34.412659755463075,0.8913337067706922,2.9997719796863818,39.51967948672176,39.923747044887676,39.9391950668575,0.5851451778726836,0.16666666666666666,33.98928216983488,34.39334972800079,34.40879774997062,1.0,26,34,1,0.029411764705882353,0.7389705882352942,272,201,0.7389705882352942,0.0,1.0,0.3749714974607977,0.1544967371356131,0.1544967371356131,0.12496059621262823,41.81170649796779,0.8129130575305958,0.9633507853403142,2.35,2.8772727272727274,0.05454545454545454
221,template_deposition,C,C,none,0,1.0,template_site:index=251:site=C:neigh=1:ahead0=34.433:mode=shell,x,yz,765,544,221,0,221,2861.6881531085915,1.7571465507153565,500.0,0.001,73.33890758690279,0.0733389075869028,-5734.8555,-5727.434,-5734.8555,-7.4213867,-7.1088867,0.9999999998608089,0.0733389075869028,0.0733389075869028,10,764,251,4,4,1.4966958080527912,39.96356737383264,9.73549542030463,14.07247049315783,586.7112606952223,0.0,-3.3532083,-53.72432,39.923747044887676,0.0,39.923747044887676,34.39334972800079,0.9234607273720179,3.0134073068667746,39.512531556415986,39.921613281432634,39.92332029219667,0.5800383763620921,0.16666666666666666,33.9821342395291,34.39121596454575,34.39292297530979,1.0,26,34,1,0.029411764705882353,0.7426470588235294,272,202,0.7426470588235294,0.0,1.0,0.3766759133583468,0.15376531330103665,0.15376531330103665,0.12493431705709229,41.81170649796779,0.8127421022909161,0.9647058823529412,2.3333333333333335,2.8733031674208145,0.05429864253393665
222,template_deposition,C,C,none,0,1.0,template_site:index=250:site=C:neigh=2:ahead0=34.433:mode=shell,x,yz,766,544,222,0,222,2876.9657821826286,15.277629074036998,500.0,0.001,73.33890758690279,0.0733389075869028,-5745.7803,-5734.8555,-5745.7803,-10.924805,-10.478027,1.0,0.0733389075869028,0.0733389075869028,10,765,250,3,3,1.3960837657422305,39.96356737383264,8.315495419505053,14.07247049315783,586.7112606952223,0.0,-3.3718288,-54.022655,39.936435825830145,0.0,39.936435825830145,34.40603850894326,0.9485156700533071,3.027042634047167,39.51747240454849,39.923747044887676,39.93389806964165,0.583554421941509,0.16666666666666666,33.98707508766161,34.39334972800079,34.403500752754766,1.0,26,34,1,0.029411764705882353,0.7463235294117647,272,203,0.7463235294117647,0.0,1.0,0.3783803292558959,0.15309493282730455,0.15309493282730455,0.12495248193993239,41.81170649796779,0.8128602713049636,0.9686684073107049,2.409090909090909,2.8783783783783785,0.05405405405405406
223,template_deposition,C,C,none,0,1.0,template_site:index=252:site=C:neigh=1:ahead0=34.433:mode=shell,x,yz,767,544,223,0,223,2902.882522338386,25.91674015575729,500.0,0.001,73.33890758690279,0.0733389075869028,-5753.296,-5745.7803,-5753.296,-7.515625,-7.0961914,0.9999999999999953,0.0733389075869028,0.0733389075869028,10,766,252,2,2,1.4825403703632798,39.96356737383264,5.475495419923999,14.07247049315783,586.7112606952223,0.0,-3.3846385,-54.22789,39.929805259814486,0.0,39.929805259814486,34.3994079429276,0.9665861262009233,3.04067796122756,39.92495198570828,39.923747044887676,39.928593616829126,0.0035738162466190946,0.16666666666666666,34.3945546688214,34.39334972800079,34.39819629994224,1.0,26,34,1,0.029411764705882353,0.75,272,204,0.75,0.0,1.0,0.380084745153445,0.15423567116063408,0.15423567116063408,0.1264505686353728,41.81170649796779,0.8226058572972406,0.970013037809648,2.391304347826087,2.874439461883408,0.053811659192825115
224,template_deposition,C,C,none,0,1.0,template_site:index=253:site=C:neigh=2:ahead0=34.433:mode=shell,x,yz,768,544,224,0,224,2908.8993739267903,6.016851588404188,500.0,0.001,73.33890758690279,0.0733389075869028,-5764.733,-5753.296,-5764.733,-11.437012,-9.981445,1.0,0.0733389075869028,0.0733389075869028,9,767,253,1,1,1.4004429554986926,39.96356737383264,4.055495419124423,14.07247049315783,586.7112606952223,0.0,-3.404132,-54.540207,39.923747044887676,0.0,39.923747044887676,34.39334972800079,0.9782741192186932,3.0543132884079522,39.916803693533446,39.9213036524227,39.923258366394684,0.008152895341771289,0.16666666666666666,34.38640637664656,34.39090633553582,34.3928610495078,1.0,27,34,1,0.029411764705882353,0.7536764705882353,272,205,0.7536764705882353,0.0,1.0,0.38178916105099403,0.15351074275288643,0.15351074275288643,0.12642061167884766,41.81170649796779,0.8224109766559725,0.9739583333333334,2.4583333333333335,2.8794642857142856,0.05357142857142857
225,template_deposition,C,C,none,0,1.0,template_site:index=256:site=C:neigh=1:ahead0=35.663:mode=shell,x,yz,769,544,225,0,225,2911.3534172415325,2.4540433147420506,500.0,0.001,73.33890758690279,0.0733389075869028,-5772.1523,-5764.733,-5772.1523,-7.4194336,-6.076172,0.15617395531540135,0.0733389075869028,0.0733389075869028,7,768,256,8,8,1.5074736875391894,41.19332344733631,3.345495419733684,14.07247049315783,586.7112606952223,0.0,-3.4167776,-54.742813,41.17737345218753,0.0,41.17737345218753,35.64697613530065,0.7202716351494077,3.067948615588345,40.34080804983264,39.923747044887676,40.92664817072756,0.5915419099576914,0.16666666666666666,34.810410732945755,34.39334972800079,35.39625085384068,1.0,27,34,1,0.029411764705882353,0.7536764705882353,272,205,0.7536764705882353,0.0,1.0,0.38349357694854314,0.15471293659087001,0.15471293659087001,0.1279794512240653,41.81170649796779,0.8325517815121388,0.9778933680104032,2.375,2.8844444444444446,0.05333333333333334
226,template_deposition,C,C,none,0,1.0,template_site:index=257:site=C:neigh=1:ahead0=35.663:mode=shell,x,yz,770,544,226,0,226,2917.711286346163,6.357869104630523,500.0,0.001,73.33890758690279,0.0733389075869028,-5780.636,-5772.1523,-5780.636,-8.483887,-7.666992,0.9994357645557369,0.0733389075869028,0.0733389075869028,6,769,257,7,7,1.4256665379308293,41.19332344733631,1.9254954209522064,14.07247049315783,586.7112606952223,0.0,-3.4312377,-54.97449,41.24481913040455,0.0,41.24481913040455,35.71442181351767,0.8052410642922687,3.081583942768738,40.36328994257164,39.923747044887676,40.980604713301176,0.6233360646781662,0.16666666666666666,34.83289262568476,34.39334972800079,35.45020739641429,1.0,27,34,1,0.029411764705882353,0.7573529411764706,272,206,0.7573529411764706,0.0,1.0,0.38519799284609224,0.15412784347648123,0.15412784347648123,0.1280621052414881,41.81170649796779,0.8330894752496593,0.9792207792207792,2.3529411764705883,2.8805309734513274,0.05309734513274336
227,template_deposition,C,C,none,0,1.0,template_site:index=262:site=C:neigh=1:ahead0=35.663:mode=shell,x,yz,771,544,227,0,227,2920.54723497655,2.835948630386942,500.0,0.001,73.33890758690279,0.0733389075869028,-5788.068,-5780.636,-5788.068,-7.4316406,-6.987793,0.9999999974218179,0.0733389075869028,0.0733389075869028,10,770,262,6,6,1.5290503825226367,41.19332344733631,6.185495419314738,14.07247049315783,586.7112606952223,0.0,-3.4439044,-55.177433,41.24481913040455,0.0,41.24481913040455,35.71442181351767,0.8567046035229401,3.0952192699491303,40.369232724674674,39.939131998731796,40.98368170407,0.6191649428197193,0.16666666666666666,34.83883540778779,34.40873468184491,35.45328438718312,1.0,27,34,1,0.029411764705882353,0.7610294117647058,272,207,0.7610294117647058,0.0,1.0,0.3869024087436413,0.15347504584928542,0.15347504584928542,0.12808395370510217,41.81170649796779,0.833231607264848,0.980544747081712,2.3333333333333335,2.8766519823788546,0.05286343612334802
228,template_deposition,C,C,none,0,1.0,template_site:index=263:site=C:neigh=2:ahead0=35.663:mode=shell,x,yz,772,544,228,0,228,2929.365567846705,8.818332870154938,500.0,0.001,73.33890758690279,0.0733389075869028,-5799.0327,-5788.068,-5799.0327,-10.964844,-10.432129,1.0,0.0733389075869028,0.0733389075869028,10,771,263,5,5,1.4170754695993257,41.19332344733631,7.605495420114314,14.07247049315783,586.7112606952223,0.0,-3.462593,-55.47686,41.24481913040455,0.0,41.24481913040455,35.71442181351767,0.8998102105587249,3.108854597129523,40.77694686247219,41.162274412124326,41.22831018674851,0.604243799677839,0.16666666666666666,35.2465495455853,35.63187709523744,35.697912869861625,1.0,27,34,1,0.029411764705882353,0.7647058823529411,272,208,0.7647058823529411,0.0,1.0,0.3886068246411904,0.15459012958590046,0.15459012958590046,0.12958290274112244,41.81170649796779,0.8429828030888531,0.9844559585492227,2.4210526315789473,2.8815789473684212,0.05263157894736842
229,template_deposition,C,C,none,0,1.0,template_site:index=259:site=C:neigh=1:ahead0=35.663:mode=shell,x,yz,773,544,229,0,229,2931.8253576262205,2.4597897795156425,500.0,0.001,73.33890758690279,0.0733389075869028,-5806.4653,-5799.0327,-5806.4653,-7.432617,-7.1557617,0.9999999998787661,0.0733389075869028,0.0733389075869028,10,772,259,4,4,1.4835028653057198,41.19332344733631,10.445495419695368,14.07247049315783,586.7112606952223,0.0,-3.4752612,-55.679825,41.24481913040455,0.0,41.24481913040455,35.71442181351767,0.9304405468328878,3.1224899243099156,40.77517848958838,41.15696929347291,41.22724916301822,0.6031202352384218,0.16666666666666666,35.244781172701494,35.62657197658603,35.69685184613134,1.0,27,34,1,0.029411764705882353,0.7683823529411765,272,209,0.7683823529411765,0.0,1.0,0.39031124053873945,0.1539073413655087,0.1539073413655087,0.12957640137022608,41.81170649796779,0.8429405093622411,0.9857697283311773,2.4,2.8777292576419216,0.05240174672489083
230,template_deposition,C,C,none,0,1.0,template_site:index=258:site=C:neigh=2:ahead0=35.663:mode=shell,x,yz,774,544,230,0,230,2934.4251416954908,2.5997840692703305,500.0,0.001,73.33890758690279,0.0733389075869028,-5817.381,-5806.4653,-5817.381,-10.915527,-10.491699,1.0,0.0733389075869028,0.0733389075869028,10,773,258,3,3,1.3896589518777762,41.19332344733631,11.865495420494945,14.07247049315783,586.7112606952223,0.0,-3.493866,-55.977905,41.24481913040455,0.0,41.24481913040455,35.71442181351767,0.9534004844287409,3.1361252514903084,40.7792767868402,41.169264185228364,41.229708141369315,0.6057367370726628,0.16666666666666666,35.248879469953316,35.63886686834148,35.69931082448243,1.0,27,34,1,0.029411764705882353,0.7720588235294118,272,210,0.7720588235294118,0.0,1.0,0.39201565643628855,0.1532559976954492,0.1532559976954492,0.12959146863953425,41.81170649796779,0.8430385273001605,0.9896640826873385,2.4761904761904763,2.882608695652174,0.05217391304347826
231,template_deposition,C,C,none,0,1.0,template_site:index=260:site=C:neigh=1:ahead0=35.663:mode=shell,x,yz,775,544,231,0,231,2935.9708339444464,1.5456922489555434,500.0,0.001,73.33890758690279,0.0733389075869028,-5824.8853,-5817.381,-5824.8853,-7.5043945,-7.092285,0.9999999999999962,0.0733389075869028,0.0733389075869028,10,774,260,2,2,1.485378999425298,41.19332344733631,14.705495420076,14.07247049315783,586.7112606952223,0.0,-3.5066564,-56.18283,41.24481913040455,0.0,41.24481913040455,35.71442181351767,0.9697645135730741,3.149760578670701,41.18488585573638,41.15854472847218,41.22756425001808,0.04248248566648471,0.16666666666666666,35.6544885388495,35.628147411585296,35.69716693313119,1.0,27,34,1,0.029411764705882353,0.7757352941176471,272,211,0.7757352941176471,0.0,1.0,0.3937200723338376,0.15434843523311473,0.15434843523311473,0.13108267845165256,41.81170649796779,0.8527393767241345,0.9909677419354839,2.4545454545454546,2.878787878787879,0.05194805194805195
232,template_deposition,C,C,none,0,1.0,template_site:index=261:site=C:neigh=2:ahead0=35.663:mode=shell,x,yz,776,544,232,0,232,2940.9648376573414,4.994003712895064,500.0,0.001,73.33890758690279,0.0733389075869028,-5836.2837,-5824.8853,-5836.2837,-11.3984375,-9.973633,1.0,0.0733389075869028,0.0733389075869028,9,775,261,1,1,1.4033439247410242,41.19332344733631,16.125495420875577,14.07247049315783,586.7112606952223,0.0,-3.5260842,-56.4941,41.24481913040455,0.0,41.24481913040455,35.71442181351767,0.9803223933409746,3.1633959058510936,41.17726101590634,41.15129370833241,41.22611404599012,0.04819472695155532,0.16666666666666666,35.646863699019455,35.62089639144553,35.69571672910324,1.0,28,34,1,0.029411764705882353,0.7794117647058824,272,212,0.7794117647058824,0.0,1.0,0.3954244882313867,0.15365027456473904,0.15365027456473904,0.13105464595227742,41.81170649796779,0.8525570153600889,0.9948453608247423,2.5217391304347827,2.8836206896551726,0.05172413793103448
233,template_deposition,C,C,none,0,1.0,template_site:index=264:site=C:neigh=1:ahead0=36.893:mode=shell,x,yz,777,544,233,0,233,2988.2603767149,47.29553905755827,500.0,0.001,73.33890758690279,0.0733389075869028,-5842.8867,-5836.2837,-5842.8867,-6.6030273,-6.1103516,0.36745820894731146,0.0733389075869028,0.0733389075869028,9,776,264,8,8,1.5194324426755321,42.423079520839984,13.99549542068526,14.07247049315783,586.7112606952223,0.0,-3.5373385,-56.67441,42.38750445284503,0.0,42.38750445284503,36.857107135958145,0.7484678230807272,3.177031233031486,41.602395379223026,41.24481913040455,42.158967388356935,0.5558900813071981,0.16666666666666666,36.07199806233614,35.71442181351767,36.62857007147005,1.0,28,34,1,0.029411764705882353,0.7830882352941176,272,213,0.7830882352941176,0.0,1.0,0.39712890412893576,0.15481544232762293,0.15481544232762293,0.13261763993505934,41.81170649796779,0.86272484630804,0.9961389961389961,2.2941176470588234,2.8798283261802573,0.05150214592274678
234,template_deposition,C,C,none,0,1.0,template_site:index=265:site=C:neigh=2:ahead0=36.893:mode=shell,x,yz,778,544,234,0,234,3002.164155722134,13.903779007234153,500.0,0.001,73.33890758690279,0.0733389075869028,-5853.8955,-5842.8867,-5853.8955,-11.008789,-10.548828,1.0,0.0733389075869028,0.0733389075869028,10,777,265,7,7,1.392241347851547,42.423079520839984,12.575495419885684,14.07247049315783,586.7112606952223,0.0,-3.556102,-56.975037,42.39713300615142,0.0,42.39713300615142,36.86673568926454,0.8329269597152282,3.190666560211879,42.00285723424419,42.366619566176595,42.39103031815645,0.5361586162442168,0.16666666666666666,36.472459917357305,36.83622224928971,36.86063300126957,1.0,28,34,1,0.029411764705882353,0.7867647058823529,272,214,0.7867647058823529,0.0,1.0,0.39883332002648486,0.15586521332203976,0.15586521332203976,0.1340899261667548,41.81170649796779,0.8723025911207428,1.0,2.388888888888889,2.8846153846153846,0.05128205128205128
235,template_deposition,C,C,none,0,1.0,template_site:index=267:site=C:neigh=1:ahead0=36.893:mode=shell,x,yz,779,544,235,0,235,3004.6095229973007,2.4453672751667304,500.0,0.001,73.33890758690279,0.0733389075869028,-5861.2817,-5853.8955,-5861.2817,-7.3862305,-7.125,0.502833103932333,0.0733389075869028,0.0733389075869028,10,778,267,6,6,1.4808537928059922,42.423079520839984,9.73549542030463,14.07247049315783,586.7112606952223,0.0,-3.5686913,-57.17674,42.39022233180104,0.0,42.39022233180104,36.85982501491416,0.891365539214684,3.2043018873922717,42.000553676127396,42.366619566176595,42.38550177867615,0.5344718890864557,0.16666666666666666,36.47015635924051,36.83622224928971,36.85510446178927,1.0,28,34,1,0.029411764705882353,0.7904411764705882,272,215,0.7904411764705882,0.0,1.0,0.40053773592403397,0.1551921547201724,0.1551921547201724,0.13408145720309012,41.81170649796779,0.8722474975043916,1.0012836970474968,2.3684210526315788,2.880851063829787,0.05106382978723404
236,template_deposition,C,C,none,0,1.0,template_site:index=266:site=C:neigh=2:ahead0=36.893:mode=shell,x,yz,780,544,236,0,236,3010.957940814223,6.348417816922221,500.0,0.001,73.33890758690279,0.0733389075869028,-5872.24,-5861.2817,-5872.24,-10.958496,-10.4765625,1.0,0.0733389075869028,0.0733389075869028,10,779,266,5,5,1.3927812126108765,42.423079520839984,8.315495419505053,14.07247049315783,586.7112606952223,0.0,-3.587369,-57.47599,42.39193748388761,0.0,42.39193748388761,36.861540167000726,0.9342433206309098,3.217937214572664,42.00112539348959,42.366619566176595,42.38687390034541,0.534889161057717,0.16666666666666666,36.470728076602704,36.83622224928971,36.85647658345852,1.0,28,34,1,0.029411764705882353,0.7941176470588235,272,216,0.7941176470588235,0.0,1.0,0.402242151821583,0.1545369833754352,0.1545369833754352,0.134083559105157,41.81170649796779,0.8722611711238172,1.005128205128205,2.45,2.885593220338983,0.05084745762711865
237,template_deposition,C,C,none,0,1.0,template_site:index=270:site=C:neigh=1:ahead0=36.893:mode=shell,x,yz,781,544,237,0,237,3016.2032633944027,5.2453225801795345,500.0,0.001,73.33890758690279,0.0733389075869028,-5880.806,-5872.24,-5880.806,-8.565918,-7.1254883,0.9116945108226683,0.0733389075869028,0.0733389075869028,8,780,270,4,4,1.4812612656131683,42.423079520839984,16.835495420266316,14.07247049315783,586.7112606952223,0.0,-3.601969,-57.709908,42.419379449408844,0.0,42.419379449408844,36.88898213252196,0.9414587728176691,3.231572541753057,42.01871202123367,42.39193748388761,42.4138910563046,0.5473395778519967,0.16666666666666666,36.488314704346784,36.861540167000726,36.883493739417716,1.0,28,34,1,0.029411764705882353,0.7941176470588235,272,216,0.7941176470588235,0.0,1.0,0.4039465677191321,0.15395913377361511,0.15395913377361511,0.13414821582480435,41.81170649796779,0.8726817860476529,1.0089628681177978,2.5,2.890295358649789,0.05063291139240506
238,template_deposition,C,C,none,0,1.0,template_site:index=271:site=C:neigh=1:ahead0=36.893:mode=shell,x,yz,782,544,238,0,238,3094.054172847975,77.85090945357244,500.0,0.001,73.33890758690279,0.0733389075869028,-5888.9067,-5880.806,-5888.9067,-8.100586,-7.57666,0.9999972238273505,0.0733389075869028,0.0733389075869028,6,781,271,3,3,1.4120100984706918,42.423079520839984,18.255495419047794,14.07247049315783,586.7112606952223,0.0,-3.6157758,-57.931118,42.47994803440533,0.0,42.47994803440533,36.94955071751845,0.9625868578324281,3.2452078689334494,42.03890154956583,42.39193748388761,42.462345924301786,0.5626494649225106,0.16666666666666666,36.508504232678945,36.861540167000726,36.9319486074149,1.0,28,34,1,0.029411764705882353,0.7977941176470589,272,217,0.7977941176470589,0.0,1.0,0.40565098361668117,0.15339707660789473,0.15339707660789473,0.1342224420319079,41.81170649796779,0.8731646538859493,1.010230179028133,2.4761904761904763,2.8865546218487395,0.05042016806722689
239,template_deposition,C,C,none,0,1.0,template_site:index=268:site=C:neigh=1:ahead0=36.893:mode=shell,x,yz,783,544,239,0,239,3098.0083848814,3.954212033425134,500.0,0.001,73.33890758690279,0.0733389075869028,-5896.314,-5888.9067,-5896.314,-7.4072266,-7.0253906,1.0,0.0733389075869028,0.0733389075869028,10,782,268,2,2,1.4989440547354012,42.423079520839984,5.475495419923999,14.07247049315783,586.7112606952223,0.0,-3.6284008,-58.133392,42.47994803440533,0.0,42.47994803440533,36.94955071751845,0.9787468247939646,3.258843196113842,42.41428079469136,42.38743227635174,42.461444882794616,0.04669019325235156,0.16666666666666666,36.883883477804474,36.857034959464855,36.93104756590773,1.0,28,34,1,0.029411764705882353,0.8014705882352942,272,218,0.8014705882352942,0.0,1.0,0.4073553995142303,0.15432587229206893,0.15432587229206893,0.13560251278604585,41.81170649796779,0.882142504267248,1.0114942528735633,2.4545454545454546,2.8828451882845187,0.0502092050209205
240,template_deposition,C,C,none,0,1.0,template_site:index=269:site=C:neigh=2:ahead0=36.893:mode=shell,x,yz,784,544,240,0,240,3106.5320340308203,8.52364914941996,500.0,0.001,73.33890758690279,0.0733389075869028,-5906.372,-5896.314,-5906.372,-10.058105,-9.213867,1.0,0.0733389075869028,0.0733389075869028,9,783,269,1,1,1.4143567564917219,42.423079520839984,4.055495419124423,14.07247049315783,586.7112606952223,0.0,-3.6455438,-58.40805,42.47994803440533,0.0,42.47994803440533,36.94955071751845,0.9851948254233741,3.2724785232942346,42.403646059127915,42.375462073316996,42.459050842187665,0.05456393619025798,0.16666666666666666,36.87324874224103,36.84506475643011,36.92865352530078,1.0,29,34,1,0.029411764705882353,0.8051470588235294,272,219,0.8051470588235294,0.0,1.0,0.4090598154117793,0.1536385364260043,0.1536385364260043,0.1355634144935332,41.81170649796779,0.8818881559888787,1.0153061224489797,2.5217391304347827,2.8875,0.05
241,template_deposition,C,C,none,0,1.0,template_site:index=272:site=C:neigh=1:ahead0=38.122:mode=shell,x,yz,785,544,241,0,241,3143.5838247408046,37.05179070998408,500.0,0.001,73.33890758690279,0.0733389075869028,-5913.0513,-5906.372,-5913.0513,-6.679199,-6.355957,0.967359682043917,0.0733389075869028,0.0733389075869028,7,784,272,8,8,1.4984582712138508,43.65283559434366,3.345495419733684,14.07247049315783,586.7112606952223,0.0,-3.656928,-58.590446,43.61812185766185,0.0,43.61812185766185,38.087724540774964,0.7175771473453215,3.2861138504746275,42.82451065512805,42.47994803440533,43.39048709301054,0.5627867474194724,0.16666666666666666,37.29411333824117,36.94955071751845,37.86008977612366,1.0,29,34,1,0.029411764705882353,0.8088235294117647,272,220,0.8088235294117647,0.0,1.0,0.41076423130932843,0.15474735824996336,0.15474735824996336,0.13711071080235723,41.81170649796779,0.8919538679927786,1.0165605095541401,2.2941176470588234,2.883817427385892,0.04979253112033195
242,template_deposition,C,C,none,0,1.0,template_site:index=273:site=C:neigh=1:ahead0=38.122:mode=shell,x,yz,786,544,242,0,242,3162.36728565602,18.78346091521545,500.0,0.001,73.33890758690279,0.0733389075869028,-5921.574,-5913.0513,-5921.574,-8.522949,-8.053711,0.9999999936109059,0.0733389075869028,0.0733389075869028,6,785,273,7,7,1.4214961041124456,43.65283559434366,1.9254954209522064,14.07247049315783,586.7112606952223,0.0,-3.6714547,-58.82319,43.61497946954418,0.0,43.61497946954418,38.0845821526573,0.7926084916316658,3.29974917765502,42.82346319242217,42.47994803440533,43.38797318251641,0.5613096838216584,0.16666666666666666,37.293065875535284,36.94955071751845,37.85757586562953,1.0,29,34,1,0.029411764705882353,0.8125,272,221,0.8125,0.0,1.0,0.4124686472068775,0.1541035779980797,0.1541035779980797,0.1371068598365268,41.81170649796779,0.8919288160923992,1.0178117048346056,2.2777777777777777,2.8801652892561984,0.049586776859504134
243,template_deposition,C,C,none,0,1.0,template_site:index=278:site=C:neigh=1:ahead0=38.122:mode=shell,x,yz,787,544,243,0,243,3180.4466546203325,18.07936896431235,500.0,0.001,73.33890758690279,0.0733389075869028,-5928.964,-5921.574,-5928.964,-7.3896484,-7.0356445,0.9999999959162789,0.0733389075869028,0.0733389075869028,10,786,278,6,6,1.507372735142936,43.65283559434366,6.185495419314738,14.07247049315783,586.7112606952223,0.0,-3.6840496,-59.024982,43.61497946954418,0.0,43.61497946954418,38.0845821526573,0.8510862027822991,3.3133845048354127,42.82896422666454,42.47994803440533,43.38797318251641,0.5569561427202425,0.16666666666666666,37.298566909777655,36.94955071751845,37.85757586562953,1.0,29,34,1,0.029411764705882353,0.8161764705882353,272,222,0.8161764705882353,0.0,1.0,0.4141730631044266,0.15349204489620435,0.15349204489620435,0.13712708422712372,41.81170649796779,0.8920603829358295,1.0190597204574332,2.263157894736842,2.876543209876543,0.04938271604938271
244,template_deposition,C,C,none,0,1.0,template_site:index=279:site=C:neigh=2:ahead0=38.122:mode=shell,x,yz,788,544,244,0,244,3202.0407144013093,21.594059780976544,500.0,0.001,73.33890758690279,0.0733389075869028,-5939.8823,-5928.964,-5939.8823,-10.918457,-10.485352,1.0,0.0733389075869028,0.0733389075869028,10,787,279,5,5,1.3928375451631665,43.65283559434366,7.605495420114314,14.07247049315783,586.7112606952223,0.0,-3.7026594,-59.323143,43.62715522809358,0.0,43.62715522809358,38.096757911206694,0.8960431013057024,3.3270198320158055,43.24069424401436,43.61497946954418,43.624720076383696,0.5379517691205813,0.16666666666666666,37.71029692712747,38.0845821526573,38.09432275949681,1.0,29,34,1,0.029411764705882353,0.8198529411764706,272,223,0.8198529411764706,0.0,1.0,0.4158774790019757,0.15455039724232572,0.15455039724232572,0.13864079752620395,41.81170649796779,0.9019076255344981,1.0228426395939085,2.35,2.8811475409836067,0.04918032786885246
245,template_deposition,C,C,none,0,1.0,template_site:index=275:site=C:neigh=1:ahead0=38.122:mode=shell,x,yz,789,544,245,0,245,3202.375654615106,0.3349402137968199,500.0,0.001,73.33890758690279,0.0733389075869028,-5947.277,-5939.8823,-5947.277,-7.3945312,-7.11084,0.9999999990372432,0.0733389075869028,0.0733389075869028,10,788,275,4,4,1.4987453742589114,43.65283559434366,10.445495419695368,14.07247049315783,586.7112606952223,0.0,-3.7152627,-59.52507,43.61497946954418,0.0,43.61497946954418,38.0845821526573,0.9272725219797044,3.340655159196198,43.23452551097574,43.60864902897771,43.613713381430884,0.533573109473585,0.16666666666666666,37.70412819408886,38.078251712090825,38.083316064544,1.0,29,34,1,0.029411764705882353,0.8235294117647058,272,224,0.8235294117647058,0.0,1.0,0.41758189489952474,0.15389440079219943,0.15389440079219943,0.1386181183606208,41.81170649796779,0.9017600895079808,1.0240811153358682,2.3333333333333335,2.877551020408163,0.04897959183673469
246,template_deposition,C,C,none,0,1.0,template_site:index=274:site=C:neigh=2:ahead0=38.122:mode=shell,x,yz,790,544,246,0,246,3215.4774113690282,13.10175675392186,500.0,0.001,73.33890758690279,0.0733389075869028,-5958.2397,-5947.277,-5958.2397,-10.962891,-10.465332,1.0,0.0733389075869028,0.0733389075869028,10,789,274,3,3,1.4004871193461306,43.65283559434366,11.865495420494945,14.07247049315783,586.7112606952223,0.0,-3.733948,-59.824444,43.617467454261856,0.0,43.617467454261856,38.08707013737497,0.9516471233928729,3.3542904863765908,43.23746498607046,43.61497946954418,43.616969857318324,0.5356463364086455,0.16666666666666666,37.70706766918357,38.0845821526573,38.08657254043144,1.0,29,34,1,0.029411764705882353,0.8272058823529411,272,225,0.8272058823529411,0.0,1.0,0.41928631079707385,0.15328076288286005,0.15328076288286005,0.13862892525435136,41.81170649796779,0.9018303921897156,1.0278481012658227,2.409090909090909,2.8821138211382116,0.04878048780487805
247,template_deposition,C,C,none,0,1.0,template_site:index=276:site=C:neigh=1:ahead0=38.122:mode=shell,x,yz,791,544,247,0,247,3220.6621229236484,5.18471155462006,500.0,0.001,73.33890758690279,0.0733389075869028,-5965.735,-5958.2397,-5965.735,-7.495117,-7.0668945,0.9999999999999576,0.0733389075869028,0.0733389075869028,10,790,276,2,2,1.501068326837595,43.65283559434366,14.705495420076,14.07247049315783,586.7112606952223,0.0,-3.7467227,-60.029118,43.61497946954418,0.0,43.61497946954418,38.0845821526573,0.9710479263673002,3.367925813556983,43.610237922066496,43.611546457770466,43.61429286718944,0.004501779080791138,0.16666666666666666,38.07984060517961,38.08114914088358,38.08389555030256,1.0,29,34,1,0.029411764705882353,0.8308823529411765,272,226,0.8308823529411765,0.0,1.0,0.4209907266946229,0.1541693951626705,0.1541693951626705,0.13999941398963092,41.81170649796779,0.9107459081353314,1.0290771175726927,2.391304347826087,2.8785425101214575,0.048582995951417005
248,template_deposition,C,C,none,0,1.0,template_site:index=277:site=C:neigh=2:ahead0=38.122:mode=shell,x,yz,792,544,248,0,248,3227.2470092502263,6.584886326577805,500.0,0.001,73.33890758690279,0.0733389075869028,-5975.8374,-5965.735,-5975.8374,-10.102539,-9.486328,1.0,0.0733389075869028,0.0733389075869028,9,791,277,1,1,1.4048208061968195,43.65283559434366,16.125495420875577,14.07247049315783,586.7112606952223,0.0,-3.7639418,-60.304996,43.61497946954418,0.0,43.61497946954418,38.0845821526573,0.9808918527214806,3.381561140737376,43.601777328072046,43.60418783888483,43.61282114341231,0.011886435030441388,0.16666666666666666,38.07138001118516,38.07379052199795,38.08242382652543,1.0,30,34,1,0.029411764705882353,0.8345588235294118,272,227,0.8345588235294118,0.0,1.0,0.422695142592172,0.15351362907735952,0.15351362907735952,0.13996830886465134,41.81170649796779,0.9105435582505005,1.0328282828282829,2.4583333333333335,2.8830645161290325,0.04838709677419355
249,template_deposition,C,C,none,0,1.0,template_site:index=286:site=C:neigh=1:ahead0=39.352:mode=shell,x,yz,793,544,249,0,249,3262.1240085407126,34.87699929048634,500.0,0.001,73.33890758690279,0.0733389075869028,-5982.513,-5975.8374,-5982.513,-6.6757812,-6.3154297,0.977618942561804,0.0733389075869028,0.0733389075869028,7,792,286,8,8,1.4972430920602728,44.88259166784733,16.835495420266316,14.07247049315783,586.7112606952223,0.0,-3.77532,-60.487297,44.850567786692785,0.0,44.850567786692785,39.3201704698059,0.7108868739936045,3.3951964679177684,44.02324503170727,43.61497946954418,44.603450123263066,0.5850221195309305,0.16666666666666666,38.492847714820385,38.0845821526573,39.07305280637618,1.0,30,34,1,0.029411764705882353,0.8382352941176471,272,228,0.8382352941176471,0.0,1.0,0.42439955848972105,0.1545897498587164,0.1545897498587164,0.1415178224809573,41.81170649796779,0.9206236946270367,1.034047919293821,2.2941176470588234,2.8795180722891565,0.04819277108433735
250,template_deposition,C,C,none,0,1.0,template_site:index=287:site=C:neigh=1:ahead0=39.352:mode=shell,x,yz,794,544,250,0,250,3280.81335361411,18.68934507339737,500.0,0.001,73.33890758690279,0.0733389075869028,-5991.0605,-5982.513,-5991.0605,-8.547363,-8.093262,0.9999999981422876,0.0733389075869028,0.0733389075869028,6,793,287,7,7,1.4177558663624146,44.88259166784733,18.255495419047794,14.07247049315783,586.7112606952223,0.0,-3.7898884,-60.720707,44.8414068911204,0.0,44.8414068911204,39.311009574233516,0.786951195545525,3.4088317950981613,44.02019139984981,43.61497946954418,44.59612140680515,0.5807037553119925,0.16666666666666666,38.48979408296292,38.0845821526573,39.06572408991827,1.0,30,34,1,0.029411764705882353,0.8419117647058824,272,229,0.8419117647058824,0.0,1.0,0.42610397438727016,0.1539591763318517,0.1539591763318517,0.14150659589324605,41.81170649796779,0.9205506616869052,1.035264483627204,2.2777777777777777,2.876,0.048
251,template_deposition,C,C,none,0,1.0,template_site:index=280:site=C:neigh=1:ahead0=39.352:mode=shell,x,yz,795,544,251,0,251,3297.0306166321634,16.217263018053487,500.0,0.001,73.33890758690279,0.0733389075869028,-5998.428,-5991.0605,-5998.428,-7.367676,-7.024414,0.9999999978244498,0.0733389075869028,0.0733389075869028,10,794,280,6,6,1.505881478147786,44.88259166784733,13.99549542068526,14.07247049315783,586.7112606952223,0.0,-3.802446,-60.9219,44.8414068911204,0.0,44.8414068911204,39.311009574233516,0.8462680974339519,3.4224671222785537,44.02454523682146,43.617249349799785,44.59657538285628,0.5776091583917853,0.16666666666666666,38.494147919934576,38.0868520329129,39.066178065969396,1.0,30,34,1,0.029411764705882353,0.8455882352941176,272,230,0.8455882352941176,0.0,1.0,0.4278083902848192,0.1533631391232453,0.1533631391232453,0.1415226026468183,41.81170649796779,0.9206547913036159,1.0364779874213836,2.263157894736842,2.8725099601593627,0.04780876494023904
252,template_deposition,C,C,none,0,1.0,template_site:index=281:site=C:neigh=2:ahead0=39.352:mode=shell,x,yz,796,544,252,0,252,3356.814607844394,59.78399121223058,500.0,0.001,73.33890758690279,0.0733389075869028,-6009.3623,-5998.428,-6009.3623,-10.934082,-10.488281,1.0,0.0733389075869028,0.0733389075869028,10,795,281,5,5,1.3934129818778351,44.88259166784733,12.575495419885684,14.07247049315783,586.7112606952223,0.0,-3.821082,-61.220486,44.855468043114634,0.0,44.855468043114634,39.32507072622775,0.8917546772359263,3.4361024494589465,44.43728480125974,44.8414068911204,44.85265581271579,0.5814860118264384,0.16666666666666666,38.90688748437286,39.311009574233516,39.322258495828905,1.0,30,34,1,0.029411764705882353,0.8492647058823529,272,231,0.8492647058823529,0.0,1.0,0.4295128061823683,0.15439241065227324,0.15439241065227324,0.1430400275160767,41.81170649796779,0.9305261789844402,1.0402010050251256,2.35,2.876984126984127,0.047619047619047616
253,template_deposition,C,C,none,0,1.0,template_site:index=283:site=C:neigh=1:ahead0=39.352:mode=shell,x,yz,797,544,253,0,253,3374.7299141455896,17.915306301195926,500.0,0.001,73.33890758690279,0.0733389075869028,-6016.782,-6009.3623,-6016.782,-7.419922,-7.0981445,0.9999999998447782,0.0733389075869028,0.0733389075869028,10,796,283,4,4,1.5035383979073436,44.88259166784733,9.73549542030463,14.07247049315783,586.7112606952223,0.0,-3.8337288,-61.423107,44.8414068911204,0.0,44.8414068911204,39.311009574233516,0.9237706500289435,3.4497377766393393,44.43093425887971,44.83641641597453,44.840408796091225,0.576970761760784,0.16666666666666666,38.900536941992826,39.30601909908765,39.31001147920434,1.0,30,34,1,0.029411764705882353,0.8529411764705882,272,232,0.8529411764705882,0.0,1.0,0.4312172220799174,0.15375706301182934,0.15375706301182934,0.14301667993379716,41.81170649796779,0.9303742946699279,1.041405269761606,2.3333333333333335,2.8735177865612647,0.04743083003952569
254,template_deposition,C,C,none,0,1.0,template_site:index=282:site=C:neigh=2:ahead0=39.352:mode=shell,x,yz,798,544,254,0,254,3379.746375132614,5.0164609870242645,500.0,0.001,73.33890758690279,0.0733389075869028,-6027.71,-6016.782,-6027.71,-10.927734,-10.469238,1.0,0.0733389075869028,0.0733389075869028,10,797,282,3,3,1.3984925861836275,44.88259166784733,8.315495419505053,14.07247049315783,586.7112606952223,0.0,-3.852354,-61.72152,44.85180629000826,0.0,44.85180629000826,39.32140897312138,0.9488515350425809,3.4633731038197317,44.43606421689095,44.8414068911204,44.84972641023069,0.5806101150906892,0.16666666666666666,38.905666900004064,39.311009574233516,39.3193290933438,1.0,30,34,1,0.029411764705882353,0.8566176470588235,272,233,0.8566176470588235,0.0,1.0,0.43292163797746647,0.15317191692914986,0.15317191692914986,0.14303554007354435,41.81170649796779,0.9304969865770734,1.0451127819548873,2.409090909090909,2.877952755905512,0.047244094488188976
255,template_deposition,C,C,none,0,1.0,template_site:index=284:site=C:neigh=1:ahead0=39.352:mode=shell,x,yz,799,544,255,0,255,3396.5849861152597,16.83861098264548,500.0,0.001,73.33890758690279,0.0733389075869028,-6035.201,-6027.71,-6035.201,-7.491211,-7.091797,0.9999999999999971,0.0733389075869028,0.0733389075869028,10,798,284,2,2,1.4855553062458968,44.88259166784733,5.475495419923999,14.07247049315783,586.7112606952223,0.0,-3.8651223,-61.926086,44.84741378683717,0.0,44.84741378683717,39.31701646995029,0.9670694817863459,3.4770084310001246,44.84052140163777,44.8414068911204,44.84621240769382,0.006021749467000459,0.16666666666666666,39.31012408475089,39.311009574233516,39.315815090806936,1.0,30,34,1,0.029411764705882353,0.8602941176470589,272,234,0.8602941176470589,0.0,1.0,0.43462605387501557,0.15415734935196426,0.15415734935196426,0.1445225150174665,41.81170649796779,0.9401702866794378,1.04630788485607,2.391304347826087,2.8745098039215686,0.047058823529411764
256,template_deposition,C,C,none,0,1.0,template_site:index=285:site=C:neigh=2:ahead0=39.352:mode=shell,x,yz,800,544,256,0,256,3407.0356896789413,10.450703563681726,500.0,0.001,73.33890758690279,0.0733389075869028,-6046.5776,-6035.201,-6046.5776,-11.376465,-9.932617,1.0,0.0733389075869028,0.0733389075869028,9,799,285,1,1,1.4026440620501301,44.88259166784733,4.055495419124423,14.07247049315783,586.7112606952223,0.0,-3.8845124,-62.23675,44.8414068911204,0.0,44.8414068911204,39.311009574233516,0.9785762551176332,3.490643758180517,44.83233981594153,44.83274352695575,44.83967421828747,0.007573432202938599,0.16666666666666666,39.30194249905465,39.30234621006887,39.30927690140059,1.0,31,34,1,0.029411764705882353,0.8639705882352942,272,235,0.8639705882352942,0.0,1.0,0.4363304697725646,0.15352321288693221,0.15352321288693221,0.14449243565828915,41.81170649796779,0.9399746097654462,1.05,2.4583333333333335,2.87890625,0.046875
257,template_deposition,C,C,none,0,1.0,template_site:index=294:site=C:neigh=1:ahead0=40.582:mode=shell,x,yz,801,544,257,0,257,3436.117363118818,29.081673439876766,500.0,0.001,73.33890758690279,0.0733389075869028,-6053.167,-6046.5776,-6053.167,-6.5893555,-6.102051,0.28522648090030744,0.0733389075869028,0.0733389075869028,9,800,294,8,8,1.52286224362561,46.112347741351,6.185495419314738,14.07247049315783,586.7112606952223,0.0,-3.8957436,-62.416695,46.07469922845463,0.0,46.07469922845463,40.54430191156774,0.7427926198515413,3.50427908536091,45.25743726827955,44.85620568526363,45.83100051981643,0.5779230541279848,0.16666666666666666,39.72703995139267,39.32580836837675,40.300603202929544,1.0,31,34,1,0.029411764705882353,0.8676470588235294,272,236,0.8676470588235294,0.0,1.0,0.4380348856701137,0.15457992198985473,0.15457992198985473,0.14605529393894365,41.81170649796779,0.9501415579228644,1.0511860174781522,2.2941176470588234,2.875486381322957,0.04669260700389105
258,template_deposition,C,C,none,0,1.0,template_site:index=295:site=C:neigh=2:ahead0=40.582:mode=shell,x,yz,802,544,258,0,258,3458.1138021786824,21.99643905986442,500.0,0.001,73.33890758690279,0.0733389075869028,-6064.19,-6053.167,-6064.19,-11.022949,-10.55127,1.0,0.0733389075869028,0.0733389075869028,10,801,295,7,7,1.3945325420115255,46.112347741351,7.605495420114314,14.07247049315783,586.7112606952223,0.0,-3.9145312,-62.717705,46.08210860090687,0.0,46.08210860090687,40.55171128401999,0.8278544374251279,3.517914412541302,45.65879353004198,46.05286509809869,46.076259900345235,0.5781029226298553,0.16666666666666666,40.1283962131551,40.52246778121181,40.54586258345835,1.0,31,34,1,0.029411764705882353,0.8713235294117647,272,237,0.8713235294117647,0.0,1.0,0.4397393015676628,0.1555364194308337,0.1555364194308337,0.14753086843071728,41.81170649796779,0.9597406940351859,1.054862842892768,2.388888888888889,2.87984496124031,0.046511627906976744
259,template_deposition,C,C,none,0,1.0,template_site:index=291:site=C:neigh=1:ahead0=40.582:mode=shell,x,yz,803,544,259,0,259,3459.011935376954,0.8981331982717606,500.0,0.001,73.33890758690279,0.0733389075869028,-6071.616,-6064.19,-6071.616,-7.4262695,-7.135742,0.5814292975823239,0.0733389075869028,0.0733389075869028,10,802,291,6,6,1.4880918895624093,46.112347741351,10.445495419695368,14.07247049315783,586.7112606952223,0.0,-3.9271886,-62.9205,46.07406842871082,0.0,46.07406842871082,40.54367111182393,0.8866114569491681,3.531549739721695,45.656113472643305,46.05286509809869,46.06982776258839,0.5761495788362676,0.16666666666666666,40.12571615575642,40.52246778121181,40.539430445701505,1.0,31,34,1,0.029411764705882353,0.875,272,238,0.875,0.0,1.0,0.4414437174652119,0.15492554500292055,0.15492554500292055,0.14752101527851624,41.81170649796779,0.9596765957808177,1.0560398505603985,2.3684210526315788,2.8764478764478763,0.04633204633204633
260,template_deposition,C,C,none,0,1.0,template_site:index=290:site=C:neigh=2:ahead0=40.582:mode=shell,x,yz,804,544,260,0,260,3469.6307005466883,10.618765169733946,500.0,0.001,73.33890758690279,0.0733389075869028,-6082.5366,-6071.616,-6082.5366,-10.92041,-10.491211,1.0,0.0733389075869028,0.0733389075869028,10,803,290,5,5,1.389658844019015,46.112347741351,11.865495420494945,14.07247049315783,586.7112606952223,0.0,-3.9458015,-63.21871,46.08322141755902,0.0,46.08322141755902,40.55282410067213,0.9301053622174758,3.5451850669020875,45.659164468926036,46.05286509809869,46.07715015366695,0.5783747162389337,0.16666666666666666,40.12876715203915,40.52246778121181,40.546752836780065,1.0,31,34,1,0.029411764705882353,0.8786764705882353,272,239,0.8786764705882353,0.0,1.0,0.44314813336276093,0.15434141212322752,0.15434141212322752,0.14753223217661454,41.81170649796779,0.9597495656865754,1.0597014925373134,2.45,2.8807692307692307,0.046153846153846156
261,template_deposition,C,C,none,0,1.0,template_site:index=292:site=C:neigh=1:ahead0=40.582:mode=shell,x,yz,805,544,261,0,261,3470.072640150193,0.44193960350475686,500.0,0.001,73.33890758690279,0.0733389075869028,-6090.048,-6082.5366,-6090.048,-7.5112305,-7.0786133,0.26064991340663746,0.0733389075869028,0.0733389075869028,10,804,292,4,4,1.4915547782379934,46.112347741351,14.705495420076,14.07247049315783,586.7112606952223,0.0,-3.9586039,-63.42383,46.074125837943534,0.0,46.074125837943534,40.54372852105665,0.960919072145677,3.5588203940824803,46.063496158047485,46.06349753810022,46.07200017797487,0.008679660750509934,0.16666666666666666,40.5330988411606,40.53310022121334,40.54160286108799,1.0,31,34,1,0.029411764705882353,0.8823529411764706,272,240,0.8823529411764706,0.0,1.0,0.44485254926031004,0.1552992292764774,0.1552992292764774,0.14901874573956103,41.81170649796779,0.969419864341836,1.0608695652173914,2.4285714285714284,2.8773946360153255,0.04597701149425287
262,template_deposition,C,C,none,0,1.0,template_site:index=293:site=C:neigh=2:ahead0=40.582:mode=shell,x,yz,806,544,262,0,262,3487.9938085341682,17.92116838397554,500.0,0.001,73.33890758690279,0.0733389075869028,-6101.4785,-6090.048,-6101.4785,-11.430664,-9.957031,1.0,0.0733389075869028,0.0733389075869028,9,805,293,3,3,1.4043709067430168,46.112347741351,16.125495420875577,14.07247049315783,586.7112606952223,0.0,-3.9780865,-63.735973,46.06349753810022,0.0,46.06349753810022,40.53310022121334,0.9813677652709403,3.572455721262873,46.0555696679805,46.05286509809869,46.061371050099915,0.00569937681553134,0.16666666666666666,40.525172351093616,40.52246778121181,40.53097373321303,1.0,31,34,1,0.029411764705882353,0.8860294117647058,272,241,0.8860294117647058,0.0,1.0,0.44655696515785914,0.15467623034768554,0.15467623034768554,0.14898960423196184,41.81170649796779,0.969230288485434,1.064516129032258,2.5,2.881679389312977,0.04580152671755725
263,template_deposition,C,C,none,0,1.0,template_site:index=288:site=C:neigh=1:ahead0=40.582:mode=shell,x,yz,807,544,263,0,263,3488.756692647419,0.7628841132511511,500.0,0.001,73.33890758690279,0.0733389075869028,-6110.084,-6101.4785,-6110.084,-8.605469,-7.123535,1.0,0.0733389075869028,0.0733389075869028,8,806,288,2,2,1.483571743318467,46.112347741351,3.345495419733684,14.07247049315783,586.7112606952223,0.0,-3.9927537,-63.97097,46.10482845151406,0.0,46.10482845151406,40.574431134627176,0.9730340363935814,3.5860910484432655,46.072890785785624,46.06349753810022,46.09656226883129,0.023212772196646726,0.16666666666666666,40.54249346889874,40.53310022121334,40.56616495194441,1.0,31,34,1,0.029411764705882353,0.8860294117647058,272,241,0.8860294117647058,0.0,1.0,0.4482613810554082,0.15415396756235264,0.15415396756235264,0.14905328481212773,41.81170649796779,0.9696445532752714,1.0681536555142503,2.5454545454545454,2.8859315589353614,0.045627376425855515
264,template_deposition,C,C,none,0,1.0,template_site:index=289:site=C:neigh=1:ahead0=40.582:mode=shell,x,yz,808,544,264,0,264,3496.149655604719,7.392962957299975,500.0,0.001,73.33890758690279,0.0733389075869028,-6118.19,-6110.084,-6118.19,-8.105957,-7.57959,1.0,0.0733389075869028,0.0733389075869028,6,807,289,1,1,1.4114837306999988,46.112347741351,1.9254954209522064,14.07247049315783,586.7112606952223,0.0,-4.00657,-64.19233,46.16910903933745,0.0,46.16910903933745,40.638711722450566,0.9848874161252692,3.5997263756236584,46.09431764839342,46.06349753810022,46.14798673909,0.05315732900206936,0.16666666666666666,40.56392033150654,40.53310022121334,40.61758942220312,1.0,32,34,1,0.029411764705882353,0.8897058823529411,272,242,0.8897058823529411,0.0,1.0,0.4499657969529573,0.1536512133769187,0.1536512133769187,0.14913206004230345,41.81170649796779,0.9701570141242166,1.0693069306930694,2.5217391304347827,2.882575757575758,0.045454545454545456
265,template_deposition,C,C,none,0,1.0,template_site:index=299:site=C:neigh=1:ahead0=41.812:mode=shell,x,yz,809,544,265,0,265,3504.9599613229916,8.810305718272607,500.0,0.001,73.33890758690279,0.0733389075869028,-6124.7583,-6118.19,-6124.7583,-6.5683594,-6.0585938,0.04288795674431204,0.0733389075869028,0.0733389075869028,9,808,299,8,8,1.5184216002635593,47.34210381485467,9.73549542030463,14.07247049315783,586.7112606952223,0.0,-4.017765,-64.3717,47.31094432924218,0.0,47.31094432924218,41.7805470123553,0.7496789719739797,3.613361702804051,46.510133245440734,46.16910903933745,47.082577271261236,0.5683308525823806,0.16666666666666666,40.97973592855385,40.638711722450566,41.55217995437435,1.0,32,34,1,0.029411764705882353,0.8933823529411765,272,243,0.8933823529411765,0.0,1.0,0.45167021285050635,0.15464051293793907,0.15464051293793907,0.15066079385497738,41.81170649796779,0.9801019704982772,1.0704573547589618,2.2941176470588234,2.879245283018868,0.045283018867924525
266,template_deposition,C,C,none,0,1.0,template_site:index=298:site=C:neigh=2:ahead0=41.812:mode=shell,x,yz,810,544,266,0,266,3532.508502900964,27.548541577972077,500.0,0.001,73.33890758690279,0.0733389075869028,-6135.8203,-6124.7583,-6135.8203,-11.062012,-10.577148,1.0,0.0733389075869028,0.0733389075869028,10,809,298,7,7,1.3872735504524627,47.34210381485467,8.315495419505053,14.07247049315783,586.7112606952223,0.0,-4.036619,-64.67377,47.305592488972394,0.0,47.305592488972394,41.77519517208551,0.8328418817976936,3.6269970299844436,46.508349298684145,46.16910903933745,47.07829579904541,0.5658172092274044,0.16666666666666666,40.97795198179726,40.638711722450566,41.54789848215852,1.0,32,34,1,0.029411764705882353,0.8970588235294118,272,244,0.8970588235294118,0.0,1.0,0.45337462874805545,0.1540524510593882,0.1540524510593882,0.15065423522719582,41.81170649796779,0.9800593042952922,1.0740740740740742,2.388888888888889,2.8834586466165413,0.045112781954887216
267,template_deposition,C,C,none,0,1.0,template_site:index=297:site=C:neigh=1:ahead0=41.812:mode=shell,x,yz,811,544,267,0,267,3541.7233884644716,9.214885563507696,500.0,0.001,73.33890758690279,0.0733389075869028,-6143.2095,-6135.8203,-6143.2095,-7.38916,-7.166504,0.9506304837873952,0.0733389075869028,0.0733389075869028,10,810,297,6,6,1.4625887638824775,47.34210381485467,12.575495419885684,14.07247049315783,586.7112606952223,0.0,-4.0492134,-64.87555,47.314406726067645,0.0,47.314406726067645,41.78400940918076,0.8926454870272192,3.640632357164836,46.518417998656815,46.16910903933745,47.085347188721606,0.5642510134234411,0.16666666666666666,40.98802068176993,40.638711722450566,41.55494987183472,1.0,32,34,1,0.029411764705882353,0.9007352941176471,272,245,0.9007352941176471,0.0,1.0,0.4550790446456045,0.15351318607404468,0.15351318607404468,0.1506912525065071,41.81170649796779,0.9803001148437246,1.0752157829839704,2.3684210526315788,2.8801498127340825,0.0449438202247191
268,template_deposition,C,C,none,0,1.0,template_site:index=296:site=C:neigh=2:ahead0=41.812:mode=shell,x,yz,812,544,268,0,268,3546.521920162662,4.798531698190526,500.0,0.001,73.33890758690279,0.0733389075869028,-6154.1685,-6143.2095,-6154.1685,-10.958984,-10.465332,1.0,0.0733389075869028,0.0733389075869028,10,811,296,5,5,1.3891091894757635,47.34210381485467,13.99549542068526,14.07247049315783,586.7112606952223,0.0,-4.067892,-65.17482,47.30691537173195,0.0,47.30691537173195,41.77651805484506,0.9353007188521497,3.654267684345229,46.92720563334726,47.305592488972394,47.30665079518003,0.5360555144706932,0.16666666666666666,41.39680831646038,41.77519517208551,41.77625347829315,1.0,32,34,1,0.029411764705882353,0.9044117647058824,272,246,0.9044117647058824,0.0,1.0,0.4567834605431536,0.15446570267335963,0.15446570267335963,0.1521941482222808,41.81170649796779,0.9900769852211706,1.0788177339901477,2.45,2.8843283582089554,0.04477611940298507
269,template_deposition,C,C,none,0,1.0,template_site:index=300:site=C:neigh=1:ahead0=41.812:mode=shell,x,yz,813,544,269,0,269,3547.9933491916904,1.4714290290284622,500.0,0.001,73.33890758690279,0.0733389075869028,-6161.6675,-6154.1685,-6161.6675,-7.4990234,-7.0444336,0.3262308311373907,0.0733389075869028,0.0733389075869028,10,812,300,4,4,1.5064821986882595,47.34210381485467,5.475495419923999,14.07247049315783,586.7112606952223,0.0,-4.0806737,-65.3796,47.30691537173195,0.0,47.30691537173195,41.77651805484506,0.9676139102297949,3.6679030115256213,47.29846493150183,47.29863975679553,47.305260248744666,0.006972223684546176,0.16666666666666666,41.76806761461495,41.76824243990865,41.77486293185778,1.0,32,34,1,0.029411764705882353,0.9080882352941176,272,247,0.9080882352941176,0.0,1.0,0.45848787644070266,0.15527162682012993,0.15527162682012993,0.15355907211255496,41.81170649796779,0.9989562998736977,1.079950799507995,2.4285714285714284,2.8810408921933086,0.04460966542750929
270,template_deposition,C,C,none,0,1.0,template_site:index=301:site=C:neigh=2:ahead0=41.812:mode=shell,x,yz,814,544,270,0,270,3598.3830466566696,50.389697464979065,500.0,0.001,73.33890758690279,0.0733389075869028,-6171.7666,-6161.6675,-6171.7666,-10.099121,-9.46875,1.0,0.0733389075869028,0.0733389075869028,9,813,301,3,3,1.40667157890621,47.34210381485467,4.055495419124423,14.07247049315783,586.7112606952223,0.0,-4.0978866,-65.65538,47.30691537173195,0.0,47.30691537173195,41.77651805484506,0.9870374630373792,3.681538338706014,47.28993246964877,47.289839665978036,47.303500230581164,0.01382875024565666,0.16666666666666666,41.759535152761885,41.75944234909115,41.77310291369428,1.0,32,34,1,0.029411764705882353,0.9117647058823529,272,248,0.9117647058823529,0.0,1.0,0.46019229233825176,0.1546649450102292,0.1546649450102292,0.15352770276750694,41.81170649796779,0.9987522311434851,1.0835380835380835,2.5,2.8851851851851853,0.044444444444444446
271,template_deposition,C,C,none,0,1.0,template_site:index=302:site=C:neigh=1:ahead0=41.812:mode=shell,x,yz,815,544,271,0,271,3608.062689295588,9.679642638918462,500.0,0.001,73.33890758690279,0.0733389075869028,-6180.0366,-6171.7666,-6180.0366,-8.27002,-7.0751953,1.0,0.0733389075869028,0.0733389075869028,8,814,302,2,2,1.4996308761399189,47.34210381485467,16.835495420266316,14.07247049315783,586.7112606952223,0.0,-4.1119823,-65.88122,47.31029451765065,0.0,47.31029451765065,41.77989720076376,0.9728316549512545,3.695173665886407,47.29105885162167,47.289839665978036,47.30620354731612,0.015232540023336025,0.16666666666666666,41.76066153473479,41.75944234909115,41.77580623042924,1.0,32,34,1,0.029411764705882353,0.9117647058823529,272,248,0.9117647058823529,0.0,1.0,0.46189670823580087,0.15409838204699183,0.15409838204699183,0.1535318438777014,41.81170649796779,0.9987791705359961,1.0871165644171779,2.5454545454545454,2.88929889298893,0.04428044280442804
272,template_deposition,C,C,none,0,1.0,template_site:index=303:site=C:neigh=1:ahead0=41.812:mode=shell,x,yz,816,544,272,0,272,3624.390862554964,16.328173259376086,500.0,0.001,73.33890758690279,0.0733389075869028,-6188.3403,-6180.0366,-6188.3403,-8.303711,-7.5371094,1.0,0.0733389075869028,0.0733389075869028,6,815,303,1,1,1.435216237456604,47.34210381485467,18.255495419047794,14.07247049315783,586.7112606952223,0.0,-4.126135,-66.10797,47.396877225223825,0.0,47.396877225223825,41.86647990833694,0.98499170128554,3.7088089930667993,47.31991975414606,47.289839665978036,47.37546971337467,0.054847525277953925,0.16666666666666666,41.78952243725918,41.75944234909115,41.84507239648779,1.0,33,34,1,0.029411764705882353,0.9154411764705882,272,249,0.9154411764705882,0.0,1.0,0.4636011241333499,0.15363795013698228,0.15363795013698228,0.15363795013698228,41.81170649796779,0.9994694294357565,1.088235294117647,2.5217391304347827,2.886029411764706,0.04411764705882353
