step,event_type,deposited_species,intended_species,impurity_kind,is_vacancy,species_flux,anchor_mode,growth_axis,surface_axes,n_atoms,n_initial,n_added,n_vacancies,n_growth_events,kmc_time,dt,temperature_K,flux_ML_s,n_sites,deposition_total_rate_s_inv,e_total_eV,e_before_eV,e_after_eV,delta_e_relaxed_eV,e_ads_unrelaxed_eV,chosen_boltzmann_probability,rate_s_inv,total_rate_s_inv,mobile_count,added_index,anchor_index,n_surface_anchors,n_tested_candidates,min_distance_A,x_event_A,y_event_A,z_event_A,surface_area_A2,gamma_initial_eV_A2,gamma_effective_eV_A2,gamma_effective_J_m2,top_coord_A,bottom_coord_A,slab_thickness_A,growth_height_A,roughness_A,coverage_estimate_ML,front_mean_A,front_median_A,front_p90_A,front_grid_rms_A,front_grid_occupied_fraction,growth_front_mean_A,growth_front_median_A,growth_front_p90_A,first_template_layer_occupancy,highest_90pct_complete_layer,n_template_layers,contiguous_90pct_complete_layers,contiguous_complete_layer_fraction,mean_template_layer_occupancy,n_template_growth_sites,n_occupied_template_growth_sites,template_growth_occupancy_fraction,frozen_vacancy_fraction_of_template,incorporation_efficiency_per_event,added_areal_density_atoms_A2,growth_front_mean_per_event_A,growth_front_mean_per_added_atom_A,growth_front_mean_per_template_site_A,template_growth_extent_A,growth_front_mean_fraction_of_template,coordination_mean,coordination_surface_mean,coordination_added_mean,fraction_added_CN4
1,template_deposition,C,C,none,0,1.0,template_site:index=47:site=C:neigh=1:ahead0=1.230:mode=shell,x,yz,427,426,1,0,1,28.89812362356872,28.89812362356872,500.0,0.001,65.45320430382367,0.06545320430382368,-2988.9329,-2979.2625,-2988.9329,-9.67041,-7.868408,0.9999982840301913,0.06545320430382368,0.06545320430382368,16,426,47,5,5,1.4199999996044521,16.289448578721245,9.760223426889405,13.394515547457617,523.6256344305893,0.0,-0.018468177,-0.29589283,32.27189624963243,1.5367569803675698,30.735139269264856,17.21220374362237,0.7244341735586498,0.015278090822844278,16.19731079860665,15.11356206079821,17.75765467635252,1.5708976413059073,0.16666666666666666,1.137618293108849,0.05386955509550795,2.697962170403935,0.16666666666666666,-1,20,0,0.0,0.008333333333333333,120,1,0.008333333333333333,0.0,1.0,0.0019097613528555348,1.137618293108849,1.137618293108849,0.009480152442573742,24.59512146882299,0.046253818853909896,0.24355971896955503,0.0,1.0,0.0
2,template_deposition,C,C,none,0,1.0,template_site:index=45:site=C:neigh=2:ahead0=1.230:mode=shell,x,yz,428,426,2,0,2,69.00384397756682,40.105720353998095,500.0,0.001,65.45320430382367,0.06545320430382368,-2999.1985,-2988.9329,-2999.1985,-10.265625,-9.685303,1.0,0.06545320430382368,0.06545320430382368,17,427,45,4,4,1.356897873617884,16.289448578721245,8.3402234261759,13.394515547457617,523.6256344305893,0.0,-0.03807307,-0.60999787,32.27189624963243,1.5367569803675698,30.735139269264856,17.21220374362237,0.7244341735586498,0.030556181645688556,16.186257618784087,15.088056996647314,17.746430083268905,1.573189556628475,0.16666666666666666,1.1265651132862846,0.02836449094461102,2.6867375773203204,0.3333333333333333,-1,20,0,0.0,0.016666666666666666,120,2,0.016666666666666666,0.0,1.0,0.0038195227057110696,0.5632825566431423,0.5632825566431423,0.009388042610719039,24.59512146882299,0.04580441347745849,0.2523364485981308,0.0,2.0,0.0
3,template_deposition,C,C,none,0,1.0,template_site:index=46:site=C:neigh=1:ahead0=1.230:mode=shell,x,yz,429,426,3,0,3,84.37317954313335,15.369335565566528,500.0,0.001,65.45320430382367,0.06545320430382368,-3008.3584,-2999.1985,-3008.3584,-9.159912,-7.2980957,0.2784962290024862,0.06545320430382368,0.06545320430382368,16,428,46,3,3,1.4200000006691487,16.289448578721245,4.080223427229459,13.394515547457617,523.6256344305893,0.0,-0.05556632,-0.8902706,32.27189624963243,1.5367569803675698,30.735139269264856,17.21220374362237,0.7244341735586498,0.04583427246853283,17.303707395996373,18.411023354924303,18.411838140118867,1.5667014772929522,0.16666666666666666,2.244014890498571,3.3513308492216005,3.3521456341702827,0.5,-1,20,0,0.0,0.025,120,3,0.025,0.0,1.0,0.005729284058566604,0.7480049634995236,0.7480049634995236,0.01870012408748809,24.59512146882299,0.09123821133972057,0.26107226107226106,0.0,1.6666666666666667,0.0
4,template_deposition,C,C,none,0,1.0,template_site:index=44:site=C:neigh=2:ahead0=1.230:mode=shell,x,yz,430,426,4,0,4,94.73761039735902,10.36443085422568,500.0,0.001,65.45320430382367,0.06545320430382368,-3019.0117,-3008.3584,-3019.0117,-10.65332,-9.259766,1.0,0.06545320430382368,0.06545320430382368,19,429,44,2,2,1.2320042157146467,16.289448578721245,5.500223426345923,13.394515547457617,523.6256344305893,0.0,-0.07591162,-1.2162383,32.27189624963243,1.5367569803675698,30.735139269264856,17.21220374362237,0.7244341735586498,0.06111236329137711,17.304239085151924,18.411023354924303,18.413114194092188,1.5670777463623258,0.16666666666666666,2.2445465796541217,3.3513308492216005,3.3534216881436034,0.6666666666666666,-1,20,0,0.0,0.03333333333333333,120,4,0.03333333333333333,0.0,1.0,0.007639045411422139,0.5611366449135304,0.5611366449135304,0.018704554830451015,24.59512146882299,0.09125982900711957,0.26976744186046514,0.0,2.0,0.0
5,template_deposition,C,C,none,0,1.0,template_site:index=42:site=C:neigh=1:ahead0=1.230:mode=shell,x,yz,431,426,5,0,5,107.50287505160289,12.765264654243865,500.0,0.001,65.45320430382367,0.06545320430382368,-3026.1877,-3019.0117,-3026.1877,-7.1760254,-5.73584,1.0,0.06545320430382368,0.06545320430382368,16,430,42,1,1,1.3966077243345696,16.289448578721245,12.600223426719383,13.394515547457617,523.6256344305893,0.0,-0.08961611,-1.4358084,32.27189624963243,1.5367569803675698,30.735139269264856,17.21220374362237,0.7244341735586498,0.07639045411422139,18.422218244014108,18.41363690388416,18.43632295936392,0.014024552070220566,0.16666666666666666,3.3625257385163057,3.353944398181458,3.376630453415336,0.8333333333333334,-1,20,0,0.0,0.04166666666666667,120,5,0.041666666666666664,0.0,1.0,0.009548806764277674,0.6725051477032611,0.6725051477032611,0.028021047820969213,24.59512146882299,0.13671515071713206,0.2737819025522042,0.0,1.8,0.0
6,template_deposition,C,C,none,0,1.0,template_site:index=43:site=C:neigh=1:ahead0=1.230:mode=shell,x,yz,432,426,6,0,6,144.17112500057505,36.66824994897216,500.0,0.001,65.45320430382367,0.06545320430382368,-3036.5037,-3026.1877,-3036.5037,-10.315918,-8.094727,1.0,0.06545320430382368,0.06545320430382368,13,431,43,1,1,1.3700634797928055,16.289448578721245,14.020223427432889,13.394515547457617,523.6256344305893,0.0,-0.10931706,-1.7514523,32.27189624963243,1.5367569803675698,30.735139269264856,17.21220374362237,0.7244341735586498,0.09166854493706567,17.78186829260282,18.411023354924303,18.413114194092188,0.8916083185826174,0.16666666666666666,2.7221757871050176,3.3513308492216005,3.3534216881436034,1.0,0,20,1,0.05,0.05,120,6,0.05,0.0,1.0,0.011458568117133208,0.45369596451750294,0.45369596451750294,0.022684798225875148,24.59512146882299,0.1106795016465226,0.2824074074074074,0.0,2.0,0.0
7,template_deposition,C,C,none,0,1.0,template_site:index=51:site=C:neigh=1:ahead0=2.460:mode=shell,x,yz,433,426,7,0,7,147.0759393838215,2.9048143832464524,500.0,0.001,65.45320430382367,0.06545320430382368,-3045.3625,-3036.5037,-3045.3625,-8.858887,-7.2875977,0.9998483901223217,0.06545320430382368,0.06545320430382368,17,432,51,5,5,1.4098785261775877,17.519204652200813,7.630223427416188,13.394515547457617,523.6256344305893,0.0,-0.12623541,-2.0225143,32.27189624963243,1.5367569803675698,30.735139269264856,17.21220374362237,0.7244341735586498,0.10694663575990995,17.470044112699977,17.475550815215776,18.226019686150483,0.7726982007418189,0.16666666666666666,2.410351607202175,2.415858309513073,3.1663271802018986,1.0,0,20,1,0.05,0.058333333333333334,120,7,0.058333333333333334,0.0,1.0,0.013368329469988744,0.344335943886025,0.344335943886025,0.02008626339335146,24.59512146882299,0.09800120768899473,0.2863741339491917,0.0,2.0,0.0
8,template_deposition,C,C,none,0,1.0,template_site:index=50:site=C:neigh=2:ahead0=2.460:mode=shell,x,yz,434,426,8,0,8,169.98562741282046,22.909688028998985,500.0,0.001,65.45320430382367,0.06545320430382368,-3055.5256,-3045.3625,-3055.5256,-10.163086,-7.1000977,0.999999999999772,0.06545320430382368,0.06545320430382368,18,433,50,4,4,1.1220911703255039,17.519204652200813,6.210223426702676,13.394515547457617,523.6256344305893,0.0,-0.14564449,-2.333482,32.27189624963243,1.5367569803675698,30.735139269264856,17.21220374362237,0.7244341735586498,0.12222472658275423,18.295170083679462,18.423490384924495,19.637558274676014,1.399207621745112,0.16666666666666666,3.2354775781816603,3.363797879221792,4.577865768727429,1.0,0,20,1,0.05,0.06666666666666667,120,8,0.06666666666666667,0.0,1.0,0.015278090822844278,0.40443469727270753,0.40443469727270753,0.026962313151513834,24.59512146882299,0.13154956694493183,0.29493087557603687,0.0,2.25,0.0
9,template_deposition,C,C,none,0,1.0,template_site:index=49:site=C:neigh=1:ahead0=2.460:mode=shell,x,yz,435,426,9,0,9,170.80618077096645,0.8205533581460001,500.0,0.001,65.45320430382367,0.06545320430382368,-3062.1968,-3055.5256,-3062.1968,-6.6711426,-5.743164,0.09783091742570438,0.06545320430382368,0.06545320430382368,15,434,49,3,3,1.4398270086544798,17.519204652200813,3.3702234268727027,13.394515547457617,523.6256344305893,0.0,-0.15838479,-2.537604,32.27189624963243,1.5367569803675698,30.735139269264856,17.21220374362237,0.7244341735586498,0.1375028174055985,18.02020425929565,17.59859291177306,19.472578780045726,1.4277349134463686,0.16666666666666666,2.9605117537978476,2.5389004060703577,4.412886274097142,1.0,0,20,1,0.05,0.075,120,9,0.075,0.0,1.0,0.017187852175699812,0.32894575042198304,0.32894575042198304,0.02467093128164873,24.59512146882299,0.12036987731695573,0.2988505747126437,0.0,2.2222222222222223,0.0
10,template_deposition,C,C,none,0,1.0,template_site:index=48:site=C:neigh=1:ahead0=2.460:mode=shell,x,yz,436,426,10,0,10,184.93267284940742,14.12649207844097,500.0,0.001,65.45320430382367,0.06545320430382368,-3070.9485,-3062.1968,-3070.9485,-8.751709,-7.9836426,1.0,0.06545320430382368,0.06545320430382368,13,435,48,3,3,1.4182222051026576,17.519204652200813,1.9502234261591922,13.394515547457617,523.6256344305893,0.0,-0.17509845,-2.8053865,32.27189624963243,1.5367569803675698,30.735139269264856,17.21220374362237,0.7244341735586498,0.15278090822844279,18.022573202671236,17.605699741899826,19.47400014607108,1.4270391235146882,0.16666666666666666,2.962880697173434,2.5460072361971235,4.414307640122496,1.0,0,20,1,0.05,0.08333333333333333,120,10,0.08333333333333333,0.0,1.0,0.019097613528555348,0.2962880697173434,0.2962880697173434,0.024690672476445283,24.59512146882299,0.12046619492931594,0.30275229357798167,0.0,2.2,0.0
11,template_deposition,C,C,none,0,1.0,template_site:index=52:site=C:neigh=1:ahead0=2.460:mode=shell,x,yz,437,426,11,0,11,231.78334273047648,46.85066988106905,500.0,0.001,65.45320430382367,0.06545320430382368,-3078.3196,-3070.9485,-3078.3196,-7.3710938,-5.838135,0.9996533241089234,0.06545320430382368,0.06545320430382368,16,436,52,2,2,1.603133850428125,17.519204652200813,11.890223426362624,13.394515547457617,523.6256344305893,0.0,-0.18917549,-3.0309255,32.27189624963243,1.5367569803675698,30.735139269264856,17.21220374362237,0.7244341735586498,0.16805899905128707,19.170926678252894,19.941075247113893,19.961019086018748,1.1068293742123196,0.16666666666666666,4.111234172755092,4.8813827414111906,4.9013265800701635,1.0,0,20,1,0.05,0.09166666666666667,120,11,0.09166666666666666,0.0,1.0,0.021007374881410884,0.3737485611595538,0.3737485611595538,0.034260284772959095,24.59512146882299,0.16715648987408055,0.30205949656750575,0.0,2.090909090909091,0.0
12,template_deposition,C,C,none,0,1.0,template_site:index=53:site=C:neigh=2:ahead0=2.460:mode=shell,x,yz,438,426,12,0,12,250.71629744373976,18.932954713263282,500.0,0.001,65.45320430382367,0.06545320430382368,-3088.3865,-3078.3196,-3088.3865,-10.066895,-8.967285,1.0,0.06545320430382368,0.06545320430382368,20,437,53,1,1,1.3615654100598666,17.519204652200813,10.470223427246165,13.394515547457617,523.6256344305893,0.0,-0.20840085,-3.3389497,32.27189624963243,1.5367569803675698,30.735139269264856,17.21220374362237,0.7244341735586498,0.18333708987413133,19.164075322561427,19.941075247113893,19.94457583235922,1.1019393887017088,0.16666666666666666,4.104382817063625,4.8813827414111906,4.884883326410636,1.0,1,20,2,0.1,0.1,120,12,0.1,0.0,1.0,0.022917136234266416,0.34203190142196876,0.34203190142196876,0.034203190142196874,24.59512146882299,0.1668779242365759,0.3105022831050228,0.0,2.25,0.0
13,template_deposition,C,C,none,0,1.0,template_site:index=59:site=C:neigh=1:ahead0=3.689:mode=shell,x,yz,439,426,13,0,13,283.39358075417016,32.677283310430376,500.0,0.001,65.45320430382367,0.06545320430382368,-3096.3447,-3088.3865,-3096.3447,-7.958252,-6.980713,0.9995475836854814,0.06545320430382368,0.06545320430382368,16,438,59,5,5,1.4342747935427047,18.748960725680377,9.760223426889405,13.394515547457617,523.6256344305893,0.0,-0.22359921,-3.5824544,32.27189624963243,1.5367569803675698,30.735139269264856,17.21220374362237,0.7244341735586498,0.19861518069697562,19.164600041081624,19.941075247113893,19.945835156807703,1.102311649030044,0.16666666666666666,4.104907535583822,4.8813827414111906,4.886142650859119,1.0,1,20,2,0.1,0.10833333333333332,120,13,0.10833333333333334,0.0,1.0,0.024826897587121952,0.3157621181218324,0.3157621181218324,0.034207562796531844,24.59512146882299,0.16689925848860884,0.3143507972665148,0.0,2.230769230769231,0.0
14,template_deposition,C,C,none,0,1.0,template_site:index=57:site=C:neigh=2:ahead0=3.689:mode=shell,x,yz,440,426,14,0,14,286.4978762016535,3.1042954474833673,500.0,0.001,65.45320430382367,0.06545320430382368,-3106.4001,-3096.3447,-3106.4001,-10.05542,-9.289307,1.0,0.06545320430382368,0.06545320430382368,17,439,57,4,4,1.3742718150504212,18.74896072568038,8.3402234261759,13.394515547457617,523.6256344305893,0.0,-0.24280266,-3.8901277,32.27189624963243,1.5367569803675698,30.735139269264856,17.21220374362237,0.7244341735586498,0.2138932715198199,19.672927013683417,19.947025134231154,21.162249958781643,1.5878571016630585,0.16666666666666666,4.613234508185615,4.887332628528451,6.102557452833059,1.0,1,20,2,0.1,0.11666666666666667,120,14,0.11666666666666667,0.0,1.0,0.026736658939977488,0.32951675058468677,0.32951675058468677,0.038443620901546786,24.59512146882299,0.1875670552809993,0.32272727272727275,0.0,2.357142857142857,0.0
15,template_deposition,C,C,none,0,1.0,template_site:index=56:site=C:neigh=1:ahead0=3.689:mode=shell,x,yz,441,426,15,0,15,294.7781747313745,8.280298529720978,500.0,0.001,65.45320430382367,0.06545320430382368,-3115.0479,-3106.4001,-3115.0479,-8.647705,-7.1364746,0.9999999997805951,0.06545320430382368,0.06545320430382368,17,440,56,3,3,1.3865587650748712,18.74896072568038,5.500223426345923,13.394515547457617,523.6256344305893,0.0,-0.25931773,-4.154728,32.27189624963243,1.5367569803675698,30.735139269264856,17.21220374362237,0.7244341735586498,0.22917136234266416,19.772370508923093,19.947025134231154,21.162249958781643,1.4594257713466936,0.16666666666666666,4.712678003425291,4.887332628528451,6.102557452833059,1.0,1,20,2,0.1,0.125,120,15,0.125,0.0,1.0,0.02864642029283302,0.31417853356168607,0.31417853356168607,0.03927231669521076,24.59512146882299,0.19161027561498836,0.32653061224489793,0.0,2.3333333333333335,0.0
16,template_deposition,C,C,none,0,1.0,template_site:index=58:site=C:neigh=2:ahead0=3.689:mode=shell,x,yz,442,426,16,0,16,309.8697709731209,15.091596241746416,500.0,0.001,65.45320430382367,0.06545320430382368,-3125.0684,-3115.0479,-3125.0684,-10.020508,-9.537842,1.0,0.06545320430382368,0.06545320430382368,17,441,58,2,2,1.2633069474000838,18.74896072568038,4.080223427229459,13.394515547457617,523.6256344305893,0.0,-0.2784545,-4.4613333,32.27189624963243,1.5367569803675698,30.735139269264856,17.21220374362237,0.7244341735586498,0.24444945316550845,20.063852111134626,19.947025134231154,21.162249958781643,1.1003058636509593,0.16666666666666666,5.004159605636824,4.887332628528451,6.102557452833059,1.0,0,20,1,0.05,0.125,120,15,0.125,0.0,1.0,0.030556181645688556,0.3127599753523015,0.3127599753523015,0.04170133004697353,24.59512146882299,0.2034614714946679,0.334841628959276,0.0,2.4375,0.0
17,template_deposition,C,C,none,0,1.0,template_site:index=54:site=C:neigh=1:ahead0=3.689:mode=shell,x,yz,443,426,17,0,17,352.1591563150694,42.289385341948496,500.0,0.001,65.45320430382367,0.06545320430382368,-3131.4636,-3125.0684,-3131.4636,-6.3952637,-5.6220703,1.0,0.06545320430382368,0.06545320430382368,16,442,54,1,1,1.3076395522390953,18.74896072568038,12.600223426719383,13.394515547457617,523.6256344305893,0.0,-0.29066792,-4.6570134,32.27189624963243,1.5367569803675698,30.735139269264856,17.21220374362237,0.7244341735586498,0.25972754398835274,20.06570041489462,19.952570045511134,21.16335894103764,1.1001127044793653,0.16666666666666666,5.0060079093968195,4.892877539808431,6.103666435089055,1.0,0,20,1,0.05,0.13333333333333336,120,16,0.13333333333333333,0.0,1.0,0.03246594299854409,0.29447105349393055,0.29447105349393055,0.04171673257830683,24.59512146882299,0.20353662069701434,0.33860045146726864,0.0,2.411764705882353,0.0
18,template_deposition,C,C,none,0,1.0,template_site:index=55:site=C:neigh=1:ahead0=3.689:mode=shell,x,yz,444,426,18,0,18,376.29975524056493,24.140598925495507,500.0,0.001,65.45320430382367,0.06545320430382368,-3141.7815,-3131.4636,-3141.7815,-10.317871,-8.206543,1.0,0.06545320430382368,0.06545320430382368,13,443,55,1,1,1.3710531038373381,18.74896072568038,14.020223427432889,13.394515547457617,523.6256344305893,0.0,-0.3103726,-4.9727173,32.27189624963243,1.5367569803675698,30.735139269264856,17.21220374362237,0.7244341735586498,0.275005634811197,20.584202824326493,21.466056164919266,21.499673052029255,1.2769576036500612,0.16666666666666666,5.524510318828691,6.406363659216563,6.439980546080671,0.8333333333333334,2,20,0,0.0,0.13333333333333336,120,16,0.13333333333333333,0.0,1.0,0.034375704351399625,0.30691723993492726,0.30691723993492726,0.04603758599023909,24.59512146882299,0.22461813517902776,0.34684684684684686,0.0,2.5,0.0
19,template_deposition,C,C,none,0,1.0,template_site:index=63:site=C:neigh=1:ahead0=4.919:mode=shell,x,yz,445,426,19,0,19,389.279793471764,12.98003823119907,500.0,0.001,65.45320430382367,0.06545320430382368,-3149.6843,-3141.7815,-3149.6843,-7.902832,-6.4526367,0.8575965474660382,0.06545320430382368,0.06545320430382368,16,444,63,5,5,1.3779495677633375,19.978716799159944,7.630223427416188,13.394515547457617,523.6256344305893,0.0,-0.3254651,-5.214526,32.27189624963243,1.5367569803675698,30.735139269264856,17.21220374362237,0.7244341735586498,0.2902837256340413,20.605443958823432,21.43468717362859,21.49339925377112,1.2249880985884896,0.16666666666666666,5.5457514533256305,6.374994667925886,6.433706747822535,0.8333333333333334,2,20,0,0.0,0.14166666666666666,120,17,0.14166666666666666,0.0,1.0,0.036285465704255164,0.29188165543819106,0.29188165543819106,0.04621459544438025,24.59512146882299,0.2254817672014947,0.3550561797752809,0.0,2.473684210526316,0.0
20,template_deposition,C,C,none,0,1.0,template_site:index=62:site=C:neigh=2:ahead0=4.919:mode=shell,x,yz,446,426,20,0,20,397.4563747093004,8.176581237536409,500.0,0.001,65.45320430382367,0.06545320430382368,-3160.2856,-3149.6843,-3160.2856,-10.601318,-9.395752,1.0,0.06545320430382368,0.06545320430382368,14,445,62,4,4,1.1981051551232993,19.978716799159947,6.210223426702676,13.394515547457617,523.6256344305893,0.0,-0.3457111,-5.5389028,32.27189624963243,1.5367569803675698,30.735139269264856,17.21220374362237,0.7244341735586498,0.30556181645688557,20.598295138338866,21.43468717362859,21.49339925377112,1.2350950577902364,0.16666666666666666,5.538602632841064,6.374994667925886,6.433706747822535,0.8333333333333334,2,20,0,0.0,0.15,120,18,0.15,0.0,1.0,0.038195227057110696,0.2769301316420532,0.2769301316420532,0.0461550219403422,24.59512146882299,0.2251911071007252,0.3632286995515695,0.0,2.55,0.0
21,template_deposition,C,C,none,0,1.0,template_site:index=61:site=C:neigh=1:ahead0=4.919:mode=shell,x,yz,447,426,21,0,21,415.86265131609065,18.40627660679024,500.0,0.001,65.45320430382367,0.06545320430382368,-3167.8062,-3160.2856,-3167.8062,-7.520508,-6.084961,0.70645519672322,0.06545320430382368,0.06545320430382368,17,446,61,3,3,1.3562938976736316,19.978716799159947,3.3702234268727027,13.394515547457617,523.6256344305893,0.0,-0.36007348,-5.7690134,32.27189624963243,1.5367569803675698,30.735139269264856,17.21220374362237,0.7244341735586498,0.32083990727972983,20.976604000252344,21.43468717362859,21.49339925377112,0.7003632381117435,0.16666666666666666,5.916911494754542,6.374994667925886,6.433706747822535,0.8333333333333334,2,20,0,0.0,0.15833333333333335,120,19,0.15833333333333333,0.0,1.0,0.04010498840996623,0.2817576902264068,0.2817576902264068,0.049307595789621184,24.59512146882299,0.24057256648457195,0.3713646532438479,0.0,2.5238095238095237,0.0
22,template_deposition,C,C,none,0,1.0,template_site:index=60:site=C:neigh=1:ahead0=4.919:mode=shell,x,yz,448,426,22,0,22,421.3339266154422,5.471275299351508,500.0,0.001,65.45320430382367,0.06545320430382368,-3177.7974,-3167.8062,-3177.7974,-9.991211,-8.45459,1.0,0.06545320430382368,0.06545320430382368,12,447,60,3,3,1.4779160866641354,19.978716799159947,1.9502234261591922,13.394515547457617,523.6256344305893,0.0,-0.37915432,-6.0747223,32.27189624963243,1.5367569803675698,30.735139269264856,17.21220374362237,0.7244341735586498,0.33611799810257414,20.981870453766675,21.43468717362859,21.49339925377112,0.6929222397271378,0.16666666666666666,5.922177948268873,6.374994667925886,6.433706747822535,0.8333333333333334,2,20,0,0.0,0.16666666666666666,120,20,0.16666666666666666,0.0,1.0,0.04201474976282177,0.2691899067394942,0.2691899067394942,0.049351482902240604,24.59512146882299,0.24078669242499498,0.3705357142857143,0.0,2.590909090909091,0.0
23,template_deposition,C,C,none,0,1.0,template_site:index=64:site=C:neigh=1:ahead0=4.919:mode=shell,x,yz,449,426,23,0,23,429.80391658294906,8.46998996750685,500.0,0.001,65.45320430382367,0.06545320430382368,-3184.5964,-3177.7974,-3184.5964,-6.7990723,-6.047119,0.9999538683389383,0.06545320430382368,0.06545320430382368,16,448,64,2,2,1.4581466956817788,19.978716799159947,11.890223426362624,13.394515547457617,523.6256344305893,0.0,-0.39213893,-6.282758,32.27189624963243,1.5367569803675698,30.735139269264856,17.21220374362237,0.7244341735586498,0.3513960889254184,20.97800655807499,21.43468717362859,21.48412590411107,0.6900033863384493,0.16666666666666666,5.918314052577189,6.374994667925886,6.424433398162487,0.8333333333333334,2,20,0,0.0,0.175,120,21,0.175,0.0,1.0,0.0439245111156773,0.25731800228596474,0.25731800228596474,0.049319283771476576,24.59512146882299,0.24062959233924908,0.3741648106904232,0.0,2.5652173913043477,0.0
24,template_deposition,C,C,none,0,1.0,template_site:index=65:site=C:neigh=2:ahead0=4.919:mode=shell,x,yz,450,426,24,0,24,431.8416207502205,2.0377041672714142,500.0,0.001,65.45320430382367,0.06545320430382368,-3195.2603,-3184.5964,-3195.2603,-10.663818,-9.493164,1.0,0.06545320430382368,0.06545320430382368,19,449,65,1,1,1.3190738368188752,19.978716799159947,10.470223427246165,13.394515547457617,523.6256344305893,0.0,-0.4125043,-6.6090474,32.27189624963243,1.5367569803675698,30.735139269264856,17.21220374362237,0.7244341735586498,0.36667417974826266,20.979384124416743,21.438819872653863,21.484952443916125,0.690917277412006,0.16666666666666666,5.919691618918941,6.37912736695116,6.425259937967541,0.8333333333333334,3,20,0,0.0,0.18333333333333335,120,22,0.18333333333333332,0.0,1.0,0.04583427246853283,0.24665381745495588,0.24665381745495588,0.04933076349099118,24.59512146882299,0.24068560207855846,0.38222222222222224,0.0,2.625,0.0
25,template_deposition,C,C,none,0,1.0,template_site:index=66:site=C:neigh=1:ahead0=6.149:mode=shell,x,yz,451,426,25,0,25,450.86301060533043,19.021389855109923,500.0,0.001,65.45320430382367,0.06545320430382368,-3203.8425,-3195.2603,-3203.8425,-8.582275,-6.9648438,0.9999998894939899,0.06545320430382368,0.06545320430382368,15,450,66,5,5,1.2953804404494678,21.208472872639515,12.600223426719383,13.394515547457617,523.6256344305893,0.0,-0.42889437,-6.8716455,32.27189624963243,1.5367569803675698,30.735139269264856,17.21220374362237,0.7244341735586498,0.381952270571107,21.487777816379193,21.438819872653863,22.705097304626,1.2329141167866435,0.16666666666666666,6.428085310881391,6.37912736695116,7.645404798677417,0.8333333333333334,3,20,0,0.0,0.19166666666666668,120,23,0.19166666666666668,0.0,1.0,0.04774403382138837,0.25712341243525566,0.25712341243525566,0.05356737759067826,24.59512146882299,0.26135611157804983,0.3858093126385809,0.0,2.6,0.0
26,template_deposition,C,C,none,0,1.0,template_site:index=67:site=C:neigh=1:ahead0=6.149:mode=shell,x,yz,452,426,26,0,26,483.50485587044517,32.64184526511472,500.0,0.001,65.45320430382367,0.06545320430382368,-3212.2175,-3203.8425,-3212.2175,-8.375,-7.819824,0.9999999999999998,0.06545320430382368,0.06545320430382368,13,451,67,5,5,1.4421373210492967,21.208472872639515,14.020223427432889,13.394515547457617,523.6256344305893,0.0,-0.44488862,-7.1279016,32.27189624963243,1.5367569803675698,30.735139269264856,17.21220374362237,0.7244341735586498,0.39723036139395124,21.487777816379193,21.438819872653863,22.705097304626,1.2329141167866435,0.16666666666666666,6.428085310881391,6.37912736695116,7.645404798677417,0.8333333333333334,3,20,0,0.0,0.2,120,24,0.2,0.0,1.0,0.049653795174243905,0.24723405041851504,0.24723405041851504,0.05356737759067826,24.59512146882299,0.26135611157804983,0.3893805309734513,0.0,2.576923076923077,0.0
27,template_deposition,C,C,none,0,1.0,template_site:index=68:site=C:neigh=1:ahead0=6.149:mode=shell,x,yz,453,426,27,0,27,487.75531048633087,4.250454615885678,500.0,0.001,65.45320430382367,0.06545320430382368,-3219.3687,-3212.2175,-3219.3687,-7.151123,-6.2507324,0.8309281839887033,0.06545320430382368,0.06545320430382368,16,452,68,4,4,1.3477390752128078,21.208472872639515,5.500223426345923,13.394515547457617,523.6256344305893,0.0,-0.45854557,-7.34671,32.27189624963243,1.5367569803675698,30.735139269264856,17.21220374362237,0.7244341735586498,0.4125084522167955,21.487511697664967,21.438819872653863,22.705097304626,1.2332346479138168,0.16666666666666666,6.427819192167165,6.37912736695116,7.645404798677417,0.8333333333333334,3,20,0,0.0,0.20833333333333334,120,25,0.20833333333333334,0.0,1.0,0.05156355652709944,0.2380673774876728,0.2380673774876728,0.053565159934726374,24.59512146882299,0.2613452915983818,0.39293598233995586,0.0,2.5555555555555554,0.0
28,template_deposition,C,C,none,0,1.0,template_site:index=70:site=C:neigh=2:ahead0=6.149:mode=shell,x,yz,454,426,28,0,28,498.6862994136726,10.930988927341716,500.0,0.001,65.45320430382367,0.06545320430382368,-3230.1025,-3219.3687,-3230.1025,-10.733887,-9.950684,1.0,0.06545320430382368,0.06545320430382368,17,453,70,3,3,1.3345882580048702,21.208472872639515,4.080223427229459,13.394515547457617,523.6256344305893,0.0,-0.47904474,-7.675143,32.27189624963243,1.5367569803675698,30.735139269264856,17.21220374362237,0.7244341735586498,0.4277865430396398,22.43492642262589,22.94610654267711,23.00655463863065,0.7769595316279934,0.16666666666666666,7.375233917128087,7.886414036974408,7.946862132682066,0.8333333333333334,3,20,0,0.0,0.2166666666666667,120,26,0.21666666666666667,0.0,1.0,0.053473317879954976,0.2634012113260031,0.2634012113260031,0.06146028264273406,24.59512146882299,0.29986572444771226,0.4008810572687225,0.0,2.607142857142857,0.0
29,template_deposition,C,C,none,0,1.0,template_site:index=69:site=C:neigh=1:ahead0=6.149:mode=shell,x,yz,455,426,29,0,29,504.8455703524585,6.159270938785881,500.0,0.001,65.45320430382367,0.06545320430382368,-3237.36,-3230.1025,-3237.36,-7.2575684,-5.6567383,0.8990923094558056,0.06545320430382368,0.06545320430382368,17,454,69,2,2,1.408745952908881,21.208472872639515,8.3402234261759,13.394515547457617,523.6256344305893,0.0,-0.49290496,-7.897208,32.27189624963243,1.5367569803675698,30.735139269264856,17.21220374362237,0.7244341735586498,0.44306463386248407,22.45103737115556,22.994439388266137,23.01622120774846,0.787817512067179,0.16666666666666666,7.391344865657759,7.934746882563434,7.956528701799874,0.8333333333333334,3,20,0,0.0,0.225,120,27,0.225,0.0,1.0,0.05538307923281051,0.2548739608847503,0.2548739608847503,0.06159454054714799,24.59512146882299,0.30052077095968394,0.4043956043956044,0.0,2.586206896551724,0.0
30,template_deposition,C,C,none,0,1.0,template_site:index=71:site=C:neigh=2:ahead0=6.149:mode=shell,x,yz,456,426,30,0,30,513.3527824626129,8.507212110154402,500.0,0.001,65.45320430382367,0.06545320430382368,-3247.696,-3237.36,-3247.696,-10.3359375,-9.302002,1.0,0.06545320430382368,0.06545320430382368,18,455,71,1,1,1.3506829119428467,21.208472872639515,9.760223426889405,13.394515547457617,523.6256344305893,0.0,-0.5126441,-8.213465,32.27189624963243,1.5367569803675698,30.735139269264856,17.21220374362237,0.7244341735586498,0.45834272468532833,22.456159402676988,22.994439388266137,23.028514083399877,0.7915519346002392,0.16666666666666666,7.396466897179186,7.934746882563434,7.968821577451292,0.8333333333333334,4,20,0,0.0,0.23333333333333334,120,28,0.23333333333333334,0.0,1.0,0.05729284058566604,0.24654889657263954,0.24654889657263954,0.061637224143159884,24.59512146882299,0.3007290249228904,0.41228070175438597,0.0,2.6333333333333333,0.0
31,template_deposition,C,C,none,0,1.0,template_site:index=77:site=C:neigh=1:ahead0=7.379:mode=shell,x,yz,457,426,31,0,31,531.0626368245823,17.709854361969377,500.0,0.001,65.45320430382367,0.06545320430382368,-3256.1018,-3247.696,-3256.1018,-8.405762,-7.2697754,0.9999999981686762,0.06545320430382368,0.06545320430382368,18,456,77,5,5,1.4036025123767346,22.438228946119082,10.470223427246165,13.394515547457617,523.6256344305893,0.0,-0.52869713,-8.470662,32.27189624963243,1.5367569803675698,30.735139269264856,17.21220374362237,0.7244341735586498,0.47362081550817264,22.37134343892231,21.337006062581512,23.899836164961684,1.5344051274577697,0.16666666666666666,7.311650933424508,6.277313556878809,8.8401436590131,0.8333333333333334,4,20,0,0.0,0.2416666666666667,120,29,0.24166666666666667,0.0,1.0,0.05920260193852158,0.23585970752982283,0.23585970752982283,0.06093042444520423,24.59512146882299,0.29728053763397044,0.41575492341356673,0.0,2.6129032258064515,0.0
32,template_deposition,C,C,none,0,1.0,template_site:index=76:site=C:neigh=2:ahead0=7.379:mode=shell,x,yz,458,426,32,0,32,539.0111165088733,7.948479684290963,500.0,0.001,65.45320430382367,0.06545320430382368,-3265.7634,-3256.1018,-3265.7634,-9.661621,-8.696045,1.0,0.06545320430382368,0.06545320430382368,17,457,76,4,4,1.4662700773291493,22.438228946119082,11.890223426362624,13.394515547457617,523.6256344305893,0.0,-0.5471485,-8.766286,32.27189624963243,1.5367569803675698,30.735139269264856,17.21220374362237,0.7244341735586498,0.4888989063310169,22.784617511667374,22.476302781863883,24.12769550881816,1.325885066141008,0.16666666666666666,7.724925006169572,7.41661027616118,9.068003002869576,0.8333333333333334,4,20,0,0.0,0.25,120,30,0.25,0.0,1.0,0.06111236329137711,0.24140390644279913,0.24140390644279913,0.06437437505141311,24.59512146882299,0.3140836289815344,0.42358078602620086,0.0,2.65625,0.0
33,template_deposition,C,C,none,0,1.0,template_site:index=73:site=C:neigh=1:ahead0=7.379:mode=shell,x,yz,459,426,33,0,33,551.0015498455251,11.99043333665179,500.0,0.001,65.45320430382367,0.06545320430382368,-3273.1143,-3265.7634,-3273.1143,-7.35083,-6.398926,0.9986507670370331,0.06545320430382368,0.06545320430382368,15,458,73,3,3,1.3241223846402432,22.438228946119082,3.3702234268727027,13.394515547457617,523.6256344305893,0.0,-0.56118685,-8.991205,32.27189624963243,1.5367569803675698,30.735139269264856,17.21220374362237,0.7244341735586498,0.5041769971538612,23.18233786261496,22.53016711542428,24.138468375530238,0.960648268930485,0.16666666666666666,8.12264535711716,7.4704746097215775,9.078775869581653,0.8333333333333334,4,20,0,0.0,0.25833333333333336,120,31,0.25833333333333336,0.0,1.0,0.06302212464423265,0.24614076839748966,0.24614076839748966,0.06768871130930966,24.59512146882299,0.3302543298033108,0.42701525054466233,0.0,2.6363636363636362,0.0
34,template_deposition,C,C,none,0,1.0,template_site:index=72:site=C:neigh=1:ahead0=7.379:mode=shell,x,yz,460,426,34,0,34,551.8709935120686,0.8694436665434518,500.0,0.001,65.45320430382367,0.06545320430382368,-3281.7886,-3273.1143,-3281.7886,-8.674316,-8.103516,0.9999999999964337,0.06545320430382368,0.06545320430382368,13,459,72,3,3,1.4342349723754353,22.438228946119082,1.9502234261591922,13.394515547457617,523.6256344305893,0.0,-0.5777527,-9.256619,32.27189624963243,1.5367569803675698,30.735139269264856,17.21220374362237,0.7244341735586498,0.5194550879767055,23.184745866440352,22.537391126900445,24.13991317782547,0.9590181615881427,0.16666666666666666,8.12505336094255,7.477698621197742,9.080220671876885,0.8333333333333334,4,20,0,0.0,0.2666666666666667,120,32,0.26666666666666666,0.0,1.0,0.06493188599708818,0.2389721576747809,0.2389721576747809,0.06770877800785459,24.59512146882299,0.3303522355537843,0.43478260869565216,0.0,2.6176470588235294,0.0
35,template_deposition,C,C,none,0,1.0,template_site:index=74:site=C:neigh=1:ahead0=7.379:mode=shell,x,yz,461,426,35,0,35,558.1234594534097,6.252465941341183,500.0,0.001,65.45320430382367,0.06545320430382368,-3289.545,-3281.7886,-3289.545,-7.7563477,-6.67749,0.9999999999995035,0.06545320430382368,0.06545320430382368,16,460,74,2,2,1.3953902785957326,22.438228946119082,6.210223426702676,13.394515547457617,523.6256344305893,0.0,-0.5925655,-9.493946,32.27189624963243,1.5367569803675698,30.735139269264856,17.21220374362237,0.7244341735586498,0.5347331787995497,23.177750199009026,22.51640412460647,24.135715777366677,0.9637795753788033,0.16666666666666666,8.118057693511224,7.456711618903768,9.076023271418093,0.8333333333333334,4,20,0,0.0,0.275,120,33,0.275,0.0,1.0,0.06684164734994372,0.23194450552889212,0.23194450552889212,0.0676504807792602,24.59512146882299,0.33006780242178313,0.43817787418655096,0.0,2.6,0.0
36,template_deposition,C,C,none,0,1.0,template_site:index=75:site=C:neigh=2:ahead0=7.379:mode=shell,x,yz,462,426,36,0,36,563.5402416726995,5.416782219289708,500.0,0.001,65.45320430382367,0.06545320430382368,-3299.3127,-3289.545,-3299.3127,-9.767822,-8.256836,1.0,0.06545320430382368,0.06545320430382368,19,461,75,1,1,1.2178075263911592,22.438228946119082,7.630223427416188,13.394515547457617,523.6256344305893,0.0,-0.6112197,-9.792819,32.27189624963243,1.5367569803675698,30.735139269264856,17.21220374362237,0.7244341735586498,0.550011269622394,23.17576650192342,22.51640412460647,24.130954904361225,0.9609746100031321,0.16666666666666666,8.116073996425618,7.456711618903768,9.07126239841264,0.8333333333333334,5,20,0,0.0,0.2833333333333333,120,34,0.2833333333333333,0.0,1.0,0.06875140870279925,0.2254464999007116,0.2254464999007116,0.06763394997021348,24.59512146882299,0.3299871483340153,0.4458874458874459,0.0,2.638888888888889,0.0
37,template_deposition,C,C,none,0,1.0,template_site:index=78:site=C:neigh=1:ahead0=8.608:mode=shell,x,yz,463,426,37,0,37,563.6460883443877,0.1058466716883058,500.0,0.001,65.45320430382367,0.06545320430382368,-3308.1777,-3299.3127,-3308.1777,-8.86499,-7.664795,0.999999999999998,0.06545320430382368,0.06545320430382368,15,462,78,5,5,1.4407622770756767,23.66798501959865,12.600223426719383,13.394515547457617,523.6256344305893,0.0,-0.62814975,-10.064069,32.27189624963243,1.5367569803675698,30.735139269264856,17.21220374362237,0.7244341735586498,0.5652893604452383,24.377366293860806,24.534592599299913,25.77180024600082,1.459522319135967,0.16666666666666666,9.317673788363004,9.47490009359721,10.712107740052234,0.8333333333333334,5,20,0,0.0,0.2916666666666667,120,35,0.2916666666666667,0.0,1.0,0.07066117005565478,0.2518290213071082,0.2518290213071082,0.07764728156969171,24.59512146882299,0.3788423570167838,0.44924406047516197,0.0,2.6216216216216215,0.0
38,template_deposition,C,C,none,0,1.0,template_site:index=79:site=C:neigh=1:ahead0=8.608:mode=shell,x,yz,464,426,38,0,38,582.8458556546701,19.199767310282365,500.0,0.001,65.45320430382367,0.06545320430382368,-3316.5994,-3308.1777,-3316.5994,-8.421631,-7.706543,0.9999999999999993,0.06545320430382368,0.06545320430382368,13,463,79,5,5,1.5137859870332988,23.66798501959865,14.020223427432889,13.394515547457617,523.6256344305893,0.0,-0.64423305,-10.321752,32.27189624963243,1.5367569803675698,30.735139269264856,17.21220374362237,0.7244341735586498,0.5805674512680826,24.377366293860806,24.534592599299913,25.77180024600082,1.459522319135967,0.16666666666666666,9.317673788363004,9.47490009359721,10.712107740052234,0.8333333333333334,5,20,0,0.0,0.3,120,36,0.3,0.0,1.0,0.07257093140851033,0.24520194179902643,0.24520194179902643,0.07764728156969171,24.59512146882299,0.3788423570167838,0.4525862068965517,0.0,2.6052631578947367,0.0
39,template_deposition,C,C,none,0,1.0,template_site:index=81:site=C:neigh=1:ahead0=8.608:mode=shell,x,yz,465,426,39,0,39,588.9951415026278,6.149285847957629,500.0,0.001,65.45320430382367,0.06545320430382368,-3323.4338,-3316.5994,-3323.4338,-6.8344727,-6.194336,0.9995469441776349,0.06545320430382368,0.06545320430382368,16,464,81,4,4,1.382106098099596,23.66798501959865,8.3402234261759,13.394515547457617,523.6256344305893,0.0,-0.6572853,-10.530871,32.27189624963243,1.5367569803675698,30.735139269264856,17.21220374362237,0.7244341735586498,0.5958455420909269,24.378964244209758,24.539386450346758,25.772759016210188,1.4596961966813327,0.16666666666666666,9.319271738711956,9.479693944644055,10.713066510261603,0.8333333333333334,5,20,0,0.0,0.30833333333333335,120,37,0.30833333333333335,0.0,1.0,0.07448069276136586,0.23895568560799887,0.23895568560799887,0.07766059782259964,24.59512146882299,0.3789073272325633,0.4559139784946237,0.0,2.58974358974359,0.0
40,template_deposition,C,C,none,0,1.0,template_site:index=83:site=C:neigh=2:ahead0=8.608:mode=shell,x,yz,466,426,40,0,40,600.8028164237475,11.807674921119643,500.0,0.001,65.45320430382367,0.06545320430382368,-3333.8286,-3323.4338,-3333.8286,-10.394775,-9.618652,1.0,0.06545320430382368,0.06545320430382368,18,465,83,3,3,1.356208075940056,23.66798501959865,9.760223426889405,13.394515547457617,523.6256344305893,0.0,-0.6771368,-10.8489275,32.27189624963243,1.5367569803675698,30.735139269264856,17.21220374362237,0.7244341735586498,0.6111236329137711,24.38160550763537,24.547310240623602,25.774343774265557,1.4599912238648447,0.16666666666666666,9.321913002137569,9.4876177349209,10.714651268316972,0.8333333333333334,5,20,0,0.0,0.3166666666666667,120,38,0.31666666666666665,0.0,1.0,0.07639045411422139,0.2330478250534392,0.2330478250534392,0.0776826083511464,24.59512146882299,0.37901471696141503,0.463519313304721,0.0,2.625,0.0
41,template_deposition,C,C,none,0,1.0,template_site:index=80:site=C:neigh=1:ahead0=8.608:mode=shell,x,yz,467,426,41,0,41,633.5706991537153,32.76788272996786,500.0,0.001,65.45320430382367,0.06545320430382368,-3342.0989,-3333.8286,-3342.0989,-8.270264,-6.404541,0.999999999975095,0.06545320430382368,0.06545320430382368,17,466,80,2,2,1.4812091654739472,23.66798501959865,5.500223426345923,13.394515547457617,523.6256344305893,0.0,-0.692931,-11.101978,32.27189624963243,1.5367569803675698,30.735139269264856,17.21220374362237,0.7244341735586498,0.6264017237366154,24.8786816767559,26.058037979583116,26.07648932205746,1.6841968362350541,0.16666666666666666,9.818989171258098,10.998345473880413,11.016796816108874,0.8333333333333334,5,20,0,0.0,0.325,120,39,0.325,0.0,1.0,0.07830021546707693,0.23948754076239262,0.23948754076239262,0.08182490976048415,24.59512146882299,0.39922507330182294,0.4668094218415418,0.0,2.6097560975609757,0.0
42,template_deposition,C,C,none,0,1.0,template_site:index=82:site=C:neigh=2:ahead0=8.608:mode=shell,x,yz,468,426,42,0,42,637.5989545193526,4.02825536563733,500.0,0.001,65.45320430382367,0.06545320430382368,-3351.958,-3342.0989,-3351.958,-9.859131,-9.031494,1.0,0.06545320430382368,0.06545320430382368,17,467,82,1,1,1.3185707240043085,23.66798501959865,4.080223427229459,13.394515547457617,523.6256344305893,0.0,-0.7117596,-11.403646,32.27189624963243,1.5367569803675698,30.735139269264856,17.21220374362237,0.7244341735586498,0.6416798145594597,25.29332929685403,26.058037979583116,26.07648932205746,1.0978106079459171,0.16666666666666666,10.233636791356227,10.998345473880413,11.016796816108874,0.8333333333333334,6,20,0,0.0,0.33333333333333337,120,40,0.3333333333333333,0.0,1.0,0.08020997681993246,0.24365801884181493,0.24365801884181493,0.08528030659463523,24.59512146882299,0.4160840109827667,0.47435897435897434,0.0,2.642857142857143,0.0
43,template_deposition,C,C,none,0,1.0,template_site:index=89:site=C:neigh=1:ahead0=9.838:mode=shell,x,yz,469,426,43,0,43,658.9253486186215,21.326394099268892,500.0,0.001,65.45320430382367,0.06545320430382368,-3360.3403,-3351.958,-3360.3403,-8.382324,-6.5930176,0.860153279567117,0.06545320430382368,0.06545320430382368,16,468,89,5,5,1.411260812645151,24.897741093078217,10.470223427246165,13.394515547457617,523.6256344305893,0.0,-0.7277678,-11.660127,32.27189624963243,1.5367569803675698,30.735139269264856,17.21220374362237,0.7244341735586498,0.6569579053823039,25.299076888927246,26.058037979583116,26.09028354303318,1.1019572562711204,0.16666666666666666,10.239384383429444,10.998345473880413,11.030591037084596,0.8333333333333334,6,20,0,0.0,0.3416666666666667,120,41,0.3416666666666667,0.0,1.0,0.08211973817278799,0.2381252182192894,0.2381252182192894,0.08532820319524537,24.59512146882299,0.416317699280688,0.47761194029850745,0.0,2.627906976744186,0.0
44,template_deposition,C,C,none,0,1.0,template_site:index=88:site=C:neigh=2:ahead0=9.838:mode=shell,x,yz,470,426,44,0,44,661.0280561948707,2.1027075762493075,500.0,0.001,65.45320430382367,0.06545320430382368,-3370.187,-3360.3403,-3370.187,-9.84668,-8.973389,1.0,0.06545320430382368,0.06545320430382368,16,469,88,4,4,1.41772857431272,24.897741093078217,11.890223426362624,13.394515547457617,523.6256344305893,0.0,-0.7465727,-11.961413,32.27189624963243,1.5367569803675698,30.735139269264856,17.21220374362237,0.7244341735586498,0.6722359962051483,24.914204593384834,24.943728047268444,25.83517599312018,0.9462192705495606,0.16666666666666666,9.854512087887032,9.88403554156574,10.775483487171597,0.8333333333333334,6,20,0,0.0,0.35,120,42,0.35,0.0,1.0,0.08402949952564354,0.22396618381561437,0.22396618381561437,0.08212093406572527,24.59512146882299,0.4006693807297803,0.4851063829787234,0.0,2.659090909090909,0.0
45,template_deposition,C,C,none,0,1.0,template_site:index=85:site=C:neigh=1:ahead0=9.838:mode=shell,x,yz,471,426,45,0,45,673.2553430447139,12.22728684984318,500.0,0.001,65.45320430382367,0.06545320430382368,-3377.1382,-3370.187,-3377.1382,-6.951172,-6.505127,0.9999744090673985,0.06545320430382368,0.06545320430382368,11,470,85,3,3,1.3711060650227531,24.897741093078217,3.3702234268727027,13.394515547457617,523.6256344305893,0.0,-0.75984776,-12.174104,32.27189624963243,1.5367569803675698,30.735139269264856,17.21220374362237,0.7244341735586498,0.6875140870279925,25.315035501319063,24.943728047268444,25.83517599312018,0.5253821146445364,0.16666666666666666,10.25534299582126,9.88403554156574,10.775483487171597,0.8333333333333334,6,20,0,0.0,0.35833333333333334,120,43,0.35833333333333334,0.0,1.0,0.08593926087849907,0.22789651101825023,0.22789651101825023,0.08546119163184383,24.59512146882299,0.4169665520384207,0.4883227176220807,0.0,2.6444444444444444,0.0
46,template_deposition,C,C,none,0,1.0,template_site:index=84:site=C:neigh=1:ahead0=9.838:mode=shell,x,yz,472,426,46,0,46,675.1497573764987,1.8944143317848414,500.0,0.001,65.45320430382367,0.06545320430382368,-3386.1953,-3377.1382,-3386.1953,-9.057129,-8.634033,1.0,0.06545320430382368,0.06545320430382368,11,471,84,3,3,1.388280392574955,24.897741093078217,1.9502234261591922,13.394515547457617,523.6256344305893,0.0,-0.7771447,-12.451231,32.27189624963243,1.5367569803675698,30.735139269264856,17.21220374362237,0.7244341735586498,0.7027921778508368,25.31571062217091,24.945365839661175,25.835503551598727,0.524905134135633,0.16666666666666666,10.25601811667311,9.885673333958472,10.775811045650142,0.8333333333333334,6,20,0,0.0,0.3666666666666667,120,44,0.36666666666666664,0.0,1.0,0.0878490222313546,0.2229569155798502,0.2229569155798502,0.08546681763894258,24.59512146882299,0.41699400141909176,0.4872881355932203,0.0,2.630434782608696,0.0
47,template_deposition,C,C,none,0,1.0,template_site:index=86:site=C:neigh=1:ahead0=9.838:mode=shell,x,yz,473,426,47,0,47,677.3834216681195,2.2336642916207636,500.0,0.001,65.45320430382367,0.06545320430382368,-3394.4749,-3386.1953,-3394.4749,-8.279541,-6.39917,0.9999999985846686,0.06545320430382368,0.06545320430382368,18,472,86,2,2,1.5211111999328784,24.897741093078217,6.210223426702676,13.394515547457617,523.6256344305893,0.0,-0.79295665,-12.704566,32.27189624963243,1.5367569803675698,30.735139269264856,17.21220374362237,0.7244341735586498,0.7180702686736811,24.98744842039534,24.943728047268444,25.05747218281345,0.0697667708976447,0.16666666666666666,9.927755914897537,9.88403554156574,9.997779676864864,0.8333333333333334,6,20,0,0.0,0.375,120,45,0.375,0.0,1.0,0.08975878358421013,0.2112288492531391,0.2112288492531391,0.08273129929081281,24.59512146882299,0.4036473626479972,0.4904862579281184,0.0,2.617021276595745,0.0
48,template_deposition,C,C,none,0,1.0,template_site:index=87:site=C:neigh=2:ahead0=9.838:mode=shell,x,yz,474,426,48,0,48,690.8092351775722,13.425813509452778,500.0,0.001,65.45320430382367,0.06545320430382368,-3404.186,-3394.4749,-3404.186,-9.711182,-7.1152344,1.0,0.06545320430382368,0.06545320430382368,18,473,87,1,1,1.1941271407802394,24.897741093078217,7.630223427416188,13.394515547457617,523.6256344305893,0.0,-0.8115027,-13.001707,32.27189624963243,1.5367569803675698,30.735139269264856,17.21220374362237,0.7244341735586498,0.7333483594965253,24.987881593357418,24.943728047268444,25.058511797922446,0.07037810627131755,0.16666666666666666,9.928189087859616,9.88403554156574,9.998819291973861,0.8333333333333334,7,20,0,0.0,0.38333333333333336,120,46,0.38333333333333336,0.0,1.0,0.09166854493706567,0.206837272663742,0.206837272663742,0.0827349090654968,24.59512146882299,0.40366497479773306,0.4978902953586498,0.0,2.6458333333333335,0.0
49,template_deposition,C,C,none,0,1.0,template_site:index=94:site=C:neigh=1:ahead0=11.068:mode=shell,x,yz,475,426,49,0,49,692.6896642738378,1.8804290962655956,500.0,0.001,65.45320430382367,0.06545320430382368,-3412.1082,-3404.186,-3412.1082,-7.922119,-6.7563477,0.9935908474235108,0.06545320430382368,0.06545320430382368,13,474,94,5,5,1.4532810624688541,26.127497166557784,4.080223427229459,13.394515547457617,523.6256344305893,0.0,-0.826632,-13.244105,32.27189624963243,1.5367569803675698,30.735139269264856,17.21220374362237,0.7244341735586498,0.7486264503193696,25.376359832648433,25.087207735585945,25.895956519189912,0.5137285826550959,0.16666666666666666,10.31666732715063,10.027515229883242,10.836264013241328,0.8333333333333334,7,20,0,0.0,0.3916666666666667,120,47,0.39166666666666666,0.0,1.0,0.0935783062899212,0.2105442311663394,0.2105442311663394,0.08597222772625526,24.59512146882299,0.4194599055031355,0.5010526315789474,0.0,2.63265306122449,0.0
50,template_deposition,C,C,none,0,1.0,template_site:index=92:site=C:neigh=2:ahead0=11.068:mode=shell,x,yz,476,426,50,0,50,721.580524579621,28.890860305783278,500.0,0.001,65.45320430382367,0.06545320430382368,-3423.6428,-3412.1082,-3423.6428,-11.534668,-9.466309,1.0,0.06545320430382368,0.06545320430382368,16,475,92,4,4,1.3477107827631183,26.127497166557784,5.500223426345923,13.394515547457617,523.6256344305893,0.0,-0.84866047,-13.59704,32.27189624963243,1.5367569803675698,30.735139269264856,17.21220374362237,0.7244341735586498,0.763904541142214,25.746365684533487,26.102490258199282,26.174801050146037,0.5687488621784463,0.16666666666666666,10.686673179035685,11.042797752496579,11.115108544197453,0.8333333333333334,7,20,0,0.0,0.4,120,48,0.4,0.0,1.0,0.09548806764277674,0.21373346358071368,0.21373346358071368,0.08905560982529738,24.59512146882299,0.434503777205663,0.5126050420168067,0.0,2.66,0.0
51,template_deposition,C,C,none,0,1.0,template_site:index=90:site=C:neigh=1:ahead0=11.068:mode=shell,x,yz,477,426,51,0,51,743.9049296110312,22.324405031410127,500.0,0.001,65.45320430382367,0.06545320430382368,-3431.3958,-3423.6428,-3431.3958,-7.7529297,-6.525879,0.9999999846012206,0.06545320430382368,0.06545320430382368,14,476,90,3,3,1.4314529508435485,26.127497166557784,12.600223426719383,13.394515547457617,523.6256344305893,0.0,-0.86346674,-13.834263,32.27189624963243,1.5367569803675698,30.735139269264856,17.21220374362237,0.7244341735586498,0.7791826319650582,26.211240385459448,26.192878748132724,26.30925746966361,0.09716161896690853,0.16666666666666666,11.151547879961646,11.133186242430021,11.249564963715025,0.8333333333333334,7,20,0,0.0,0.4,120,48,0.4,0.0,1.0,0.09739782899563228,0.2186578015678754,0.2186578015678754,0.09292956566634705,24.59512146882299,0.45340487112850625,0.5157232704402516,0.0,2.6470588235294117,0.0
52,template_deposition,C,C,none,0,1.0,template_site:index=91:site=C:neigh=1:ahead0=11.068:mode=shell,x,yz,478,426,52,0,52,754.9614278123282,11.056498201297014,500.0,0.001,65.45320430382367,0.06545320430382368,-3440.7764,-3431.3958,-3440.7764,-9.380615,-8.1501465,1.0,0.06545320430382368,0.06545320430382368,14,477,91,3,3,1.4221430820365704,26.127497166557788,14.020223427432889,13.394515547457617,523.6256344305893,0.0,-0.88138145,-14.121288,32.27189624963243,1.5367569803675698,30.735139269264856,17.21220374362237,0.7244341735586498,0.7944607227879025,26.21108400610484,26.192878748132724,26.308882159212548,0.09695707193318667,0.16666666666666666,11.151391500607039,11.133186242430021,11.249189653263963,0.8333333333333334,7,20,0,0.0,0.4083333333333334,120,49,0.4083333333333333,0.0,1.0,0.09930759034848781,0.21444983655013536,0.21444983655013536,0.09292826250505866,24.59512146882299,0.45339851298326167,0.5188284518828452,0.0,2.6346153846153846,0.0
53,template_deposition,C,C,none,0,1.0,template_site:index=95:site=C:neigh=1:ahead0=11.068:mode=shell,x,yz,479,426,53,0,53,775.38159134951,20.420163537181807,500.0,0.001,65.45320430382367,0.06545320430382368,-3448.4321,-3440.7764,-3448.4321,-7.6557617,-6.142578,0.9998526245951717,0.06545320430382368,0.06545320430382368,20,478,95,2,2,1.3108536449247568,26.127497166557784,9.760223426889405,13.394515547457617,523.6256344305893,0.0,-0.8960022,-14.355537,32.27189624963243,1.5367569803675698,30.735139269264856,17.21220374362237,0.7244341735586498,0.8097388136107467,26.681191821991565,26.337482953433607,27.350378394160167,0.6592602652391497,0.16666666666666666,11.621499316493763,11.277790447730904,12.290685888211582,0.8333333333333334,7,20,0,0.0,0.4166666666666667,120,50,0.4166666666666667,0.0,1.0,0.10121735170134334,0.21927357200931627,0.21927357200931627,0.09684582763744802,24.59512146882299,0.4725123773519592,0.5219206680584552,0.0,2.6226415094339623,0.0
54,template_deposition,C,C,none,0,1.0,template_site:index=93:site=C:neigh=2:ahead0=11.068:mode=shell,x,yz,480,426,54,0,54,788.6737144585952,13.292123109085193,500.0,0.001,65.45320430382367,0.06545320430382368,-3458.9465,-3448.4321,-3458.9465,-10.514404,-9.712158,1.0,0.06545320430382368,0.06545320430382368,17,479,93,1,1,1.3493542491410988,26.127497166557784,8.3402234261759,13.394515547457617,523.6256344305893,0.0,-0.91608214,-14.677255,32.27189624963243,1.5367569803675698,30.735139269264856,17.21220374362237,0.7244341735586498,0.825016904433591,26.202044658527882,26.166160763950753,26.303218515537036,0.09923417462712443,0.16666666666666666,11.14235215303008,11.10646825824805,11.243526009588452,0.8333333333333334,8,20,0,0.0,0.425,120,51,0.425,0.0,1.0,0.10312711305419887,0.20633985468574223,0.20633985468574223,0.092852934608584,24.59512146882299,0.45303098694406657,0.525,0.0,2.6481481481481484,0.0
55,template_deposition,C,C,none,0,1.0,template_site:index=99:site=C:neigh=1:ahead0=12.298:mode=shell,x,yz,481,426,55,0,55,797.3602030688844,8.686488610289246,500.0,0.001,65.45320430382367,0.06545320430382368,-3467.9434,-3458.9465,-3467.9434,-8.996826,-7.46875,0.998580277215657,0.06545320430382368,0.06545320430382368,15,480,99,5,5,1.4285683987815891,27.357253240037352,7.630223427416188,13.394515547457617,523.6256344305893,0.0,-0.93326396,-14.952538,32.27189624963243,1.5367569803675698,30.735139269264856,17.21220374362237,0.7244341735586498,0.8402949952564353,26.600158618323704,26.337482953433607,27.13397460667513,0.5251493280816056,0.16666666666666666,11.540466112825902,11.277790447730904,12.074282100726547,0.8333333333333334,8,20,0,0.0,0.4333333333333334,120,52,0.43333333333333335,0.0,1.0,0.1050368744070544,0.20982665659683458,0.20982665659683458,0.09617055094021584,24.59512146882299,0.46921769129925645,0.5280665280665281,0.0,2.6363636363636362,0.0
56,template_deposition,C,C,none,0,1.0,template_site:index=98:site=C:neigh=2:ahead0=12.298:mode=shell,x,yz,482,426,56,0,56,803.018420966911,5.658217898026578,500.0,0.001,65.45320430382367,0.06545320430382368,-3478.5325,-3467.9434,-3478.5325,-10.589111,-9.95874,1.0,0.06545320430382368,0.06545320430382368,15,481,98,4,4,1.2405149878179467,27.357253240037352,6.210223426702676,13.394515547457617,523.6256344305893,0.0,-0.9534866,-15.27654,32.27189624963243,1.5367569803675698,30.735139269264856,17.21220374362237,0.7244341735586498,0.8555730860792796,26.5982845621035,26.337482953433607,27.17071162851095,0.5621071550182802,0.16666666666666666,11.5385920566057,11.277790447730904,12.111019122562366,0.8333333333333334,8,20,0,0.0,0.4416666666666667,120,53,0.44166666666666665,0.0,1.0,0.10694663575990995,0.20604628672510178,0.20604628672510178,0.0961549338050475,24.59512146882299,0.46914149504128805,0.5352697095435685,0.0,2.6607142857142856,0.0
57,template_deposition,C,C,none,0,1.0,template_site:index=100:site=C:neigh=1:ahead0=12.298:mode=shell,x,yz,483,426,57,0,57,810.3813304747453,7.362909507834312,500.0,0.001,65.45320430382367,0.06545320430382368,-3485.5283,-3478.5325,-3485.5283,-6.9958496,-5.8168945,0.9997824244537916,0.06545320430382368,0.06545320430382368,16,482,100,3,3,1.3542453351134849,27.357253240037352,11.890223426362624,13.394515547457617,523.6256344305893,0.0,-0.96684706,-15.490598,32.27189624963243,1.5367569803675698,30.735139269264856,17.21220374362237,0.7244341735586498,0.8708511769021239,26.965008119883823,27.379018797280285,27.425926660875717,0.6274174063351692,0.16666666666666666,11.905315614386021,12.319326291577582,12.366234154927133,0.8333333333333334,8,20,0,0.0,0.45,120,54,0.45,0.0,1.0,0.10885639711276549,0.2088651862172986,0.2088651862172986,0.09921096345321684,24.59512146882299,0.4840519136885464,0.5383022774327122,0.0,2.6491228070175437,0.0
58,template_deposition,C,C,none,0,1.0,template_site:index=101:site=C:neigh=2:ahead0=12.298:mode=shell,x,yz,484,426,58,0,58,854.9765932902458,44.59526281550053,500.0,0.001,65.45320430382367,0.06545320430382368,-3495.844,-3485.5283,-3495.844,-10.315674,-9.713379,1.0,0.06545320430382368,0.06545320430382368,18,483,101,2,2,1.4120351047557615,27.357253240037352,10.470223427246165,13.394515547457617,523.6256344305893,0.0,-0.9865475,-15.806234,32.27189624963243,1.5367569803675698,30.735139269264856,17.21220374362237,0.7244341735586498,0.8861292677249681,26.971354956570107,27.38543372982114,27.437310109398283,0.63200318063055,0.16666666666666666,11.911662451072305,12.325741224118438,12.377617603449698,0.8333333333333334,8,20,0,0.0,0.45833333333333337,120,55,0.4583333333333333,0.0,1.0,0.11076615846562102,0.2053734905357294,0.2053734905357294,0.09926385375893587,24.59512146882299,0.48430996635538637,0.5454545454545454,0.0,2.6724137931034484,0.0
59,template_deposition,C,C,none,0,1.0,template_site:index=97:site=C:neigh=1:ahead0=12.298:mode=shell,x,yz,485,426,59,0,59,858.7732061098319,3.796612819586094,500.0,0.001,65.45320430382367,0.06545320430382368,-3501.7551,-3495.844,-3501.7551,-5.911133,-5.4108887,1.0,0.06545320430382368,0.06545320430382368,11,484,97,1,1,1.5228792432414107,27.357253240037352,3.3702234268727027,13.394515547457617,523.6256344305893,0.0,-0.99783635,-15.987102,32.27189624963243,1.5367569803675698,30.735139269264856,17.21220374362237,0.7244341735586498,0.9014073585478124,27.391409601126266,27.38543372982114,27.437310109398283,0.04582244022679656,0.16666666666666666,12.331717095628465,12.325741224118438,12.377617603449698,0.8333333333333334,8,20,0,0.0,0.4666666666666667,120,56,0.4666666666666667,0.0,1.0,0.11267591981847655,0.20901215416319432,0.20901215416319432,0.10276430913023721,24.59512146882299,0.5013887453762026,0.5525773195876289,0.0,2.6610169491525424,0.0
60,template_deposition,C,C,none,0,1.0,template_site:index=96:site=C:neigh=1:ahead0=12.298:mode=shell,x,yz,486,426,60,0,60,862.2230859525307,3.4498798426988277,500.0,0.001,65.45320430382367,0.06545320430382368,-3509.971,-3501.7551,-3509.971,-8.21582,-7.653076,1.0,0.06545320430382368,0.06545320430382368,8,485,96,1,1,1.433888098124836,27.357253240037352,1.9502234261591922,13.394515547457617,523.6256344305893,0.0,-1.0135267,-16.238487,32.27189624963243,1.5367569803675698,30.735139269264856,17.21220374362237,0.7244341735586498,0.9166854493706567,27.410975126183118,27.39721244443565,27.439665852321184,0.028205111197768074,0.16666666666666666,12.351282620685316,12.337519938732946,12.3799733463726,0.8333333333333334,9,20,0,0.0,0.475,120,57,0.475,0.0,1.0,0.11458568117133208,0.20585471034475528,0.20585471034475528,0.10292735517237764,24.59512146882299,0.5021842496830893,0.5555555555555556,0.0,2.65,0.0
61,template_deposition,C,C,none,0,1.0,template_site:index=107:site=C:neigh=1:ahead0=13.527:mode=shell,x,yz,487,426,61,0,61,876.2613125772092,14.038226624678538,500.0,0.001,65.45320430382367,0.06545320430382368,-3518.4194,-3509.971,-3518.4194,-8.448486,-7.394043,0.9999999993669753,0.06545320430382368,0.06545320430382368,15,486,107,5,5,1.4313251683972386,28.58700931351692,9.760223426889405,13.394515547457617,523.6256344305893,0.0,-1.0296612,-16.49699,32.27189624963243,1.5367569803675698,30.735139269264856,17.21220374362237,0.7244341735586498,0.931963540193501,27.81499238472482,27.420824990006444,28.385716773787184,0.5742143874875067,0.16666666666666666,12.75529987922702,12.361132484303742,13.3260242678386,0.8333333333333334,9,20,0,0.0,0.4833333333333334,120,58,0.48333333333333334,0.0,1.0,0.11649544252418763,0.20910327670863965,0.20910327670863965,0.10629416566022516,24.59512146882299,0.5186109731312267,0.5626283367556468,0.0,2.6557377049180326,0.0
62,template_deposition,C,C,none,0,1.0,template_site:index=105:site=C:neigh=2:ahead0=13.527:mode=shell,x,yz,488,426,62,0,62,883.2166588500883,6.955346272879124,500.0,0.001,65.45320430382367,0.06545320430382368,-3528.2432,-3518.4194,-3528.2432,-9.82373,-9.280762,1.0,0.06545320430382368,0.06545320430382368,14,487,105,4,4,1.4324358744177097,28.58700931351692,8.3402234261759,13.394515547457617,523.6256344305893,0.0,-1.0484222,-16.797577,32.27189624963243,1.5367569803675698,30.735139269264856,17.21220374362237,0.7244341735586498,0.9472416310163453,27.816149340510933,27.41177748779913,28.393921968998246,0.5821975649749073,0.16666666666666666,12.75645683501313,12.352084982096429,13.334229463049661,0.8333333333333334,9,20,0,0.0,0.4916666666666667,120,59,0.49166666666666664,0.0,1.0,0.11840520387704316,0.20574930379053435,0.20574930379053435,0.10630380695844276,24.59512146882299,0.5186580131829532,0.5655737704918032,0.0,2.661290322580645,0.0
63,template_deposition,C,C,none,0,1.0,template_site:index=104:site=C:neigh=1:ahead0=13.527:mode=shell,x,yz,489,426,63,0,63,924.4352333256604,41.21857447557213,500.0,0.001,65.45320430382367,0.06545320430382368,-3535.4604,-3528.2432,-3535.4604,-7.217285,-6.961426,0.999999999999093,0.06545320430382368,0.06545320430382368,13,488,104,3,3,1.3956705842390282,28.587009313516923,5.500223426345923,13.394515547457617,523.6256344305893,0.0,-1.0622054,-17.018408,32.27189624963243,1.5367569803675698,30.735139269264856,17.21220374362237,0.7244341735586498,0.9625197218391895,27.832071329041053,27.444978410025996,28.40056215344362,0.5710695292098079,0.16666666666666666,12.772378823543251,12.385285904323293,13.340869647495035,0.8333333333333334,9,20,0,0.0,0.5,120,60,0.5,0.0,1.0,0.1203149652298987,0.20273617180227382,0.20273617180227382,0.10643649019619376,24.59512146882299,0.5193053768705164,0.5685071574642127,0.0,2.6507936507936507,0.0
64,template_deposition,C,C,none,0,1.0,template_site:index=106:site=C:neigh=2:ahead0=13.527:mode=shell,x,yz,490,426,64,0,64,952.215220306609,27.779986980948625,500.0,0.001,65.45320430382367,0.06545320430382368,-3545.557,-3535.4604,-3545.557,-10.096436,-9.699951,1.0,0.06545320430382368,0.06545320430382368,11,489,106,2,2,1.3835065041311714,28.58700931351692,4.080223427229459,13.394515547457617,523.6256344305893,0.0,-1.0814873,-17.327337,32.27189624963243,1.5367569803675698,30.735139269264856,17.21220374362237,0.7244341735586498,0.9777978126620338,28.203446077982875,28.55910265685147,28.623387002808713,0.5607546203664933,0.16666666666666666,13.143753572485073,13.499410151148766,13.563694496860128,0.8333333333333334,9,20,0,0.0,0.5083333333333334,120,61,0.5083333333333333,0.0,1.0,0.12222472658275423,0.20537114957007926,0.20537114957007926,0.10953127977070894,24.59512146882299,0.5344049058324928,0.5755102040816327,0.0,2.671875,0.0
65,template_deposition,C,C,none,0,1.0,template_site:index=102:site=C:neigh=1:ahead0=13.527:mode=shell,x,yz,491,426,65,0,65,997.2168837473164,45.001663440707425,500.0,0.001,65.45320430382367,0.06545320430382368,-3551.7498,-3545.557,-3551.7498,-6.192871,-5.6850586,1.0,0.06545320430382368,0.06545320430382368,17,490,102,1,1,1.371577451915732,28.58700931351692,12.600223426719383,13.394515547457617,523.6256344305893,0.0,-1.0933142,-17.516825,32.27189624963243,1.5367569803675698,30.735139269264856,17.21220374362237,0.7220731363677422,0.9930759034848781,28.619223177069617,28.640943827261548,28.654287203128984,0.04305350784814975,0.16666666666666666,13.559530671571816,13.581251321558845,13.5945946971804,0.8333333333333334,9,20,0,0.0,0.5166666666666667,120,62,0.5166666666666667,0.0,1.0,0.12413448793560976,0.20860816417802794,0.20860816417802794,0.11299608892976513,24.59512146882299,0.5513097664006256,0.5784114052953157,0.0,2.6615384615384614,0.0
66,template_deposition,C,C,none,0,1.0,template_site:index=103:site=C:neigh=1:ahead0=13.527:mode=shell,x,yz,492,426,66,0,66,1026.0729570476044,28.856073300287953,500.0,0.001,65.45320430382367,0.06545320430382368,-3561.9902,-3551.7498,-3561.9902,-10.2404785,-8.411865,1.0,0.06545320430382368,0.06545320430382368,13,491,103,1,1,1.3764768629294593,28.587009313516923,14.020223427432889,13.394515547457617,523.6256344305893,0.0,-1.112871,-17.83016,32.27189624963243,1.5367569803675698,30.735139269264856,17.21220374362237,0.7191514477239145,1.0083539943077224,29.324731998209842,28.640943827261548,30.34750837386552,1.025437414969652,0.16666666666666666,14.26503949271204,13.581251321558845,15.287815867916935,0.8333333333333334,10,20,0,0.0,0.525,120,63,0.525,0.0,1.0,0.1260442492884653,0.21613696201078847,0.21613696201078847,0.11887532910593367,24.59512146882299,0.579994675399125,0.5813008130081301,0.0,2.6515151515151514,0.0
67,template_deposition,C,C,none,0,1.0,template_site:index=112:site=C:neigh=1:ahead0=14.757:mode=shell,x,yz,493,426,67,0,67,1041.5293986303755,15.456441582771065,500.0,0.001,65.45320430382367,0.06545320430382368,-3571.2903,-3561.9902,-3571.2903,-9.300049,-6.7993164,0.8484520351149032,0.06545320430382368,0.06545320430382368,15,492,112,5,5,1.4561639613204913,29.816765386996487,11.890223426362624,13.394515547457617,523.6256344305893,0.0,-1.1306319,-18.114721,32.27189624963243,1.5367569803675698,30.735139269264856,17.21220374362237,0.8961291739532499,1.0236320851305667,29.325688930156176,28.675984540943077,30.328780582327802,1.0026048654242443,0.16666666666666666,14.265996424658374,13.616292035240374,15.269088076379218,0.8333333333333334,10,20,0,0.0,0.525,120,63,0.525,0.0,1.0,0.12795401064132084,0.2129253197710205,0.2129253197710205,0.11888330353881978,24.59512146882299,0.5800335827876307,0.5882352941176471,0.07142857142857142,2.671641791044776,0.0
68,template_deposition,C,C,none,0,1.0,template_site:index=113:site=C:neigh=2:ahead0=14.757:mode=shell,x,yz,494,426,68,0,68,1043.5811649658904,2.051766335514896,500.0,0.001,65.45320430382367,0.06545320430382368,-3580.9575,-3571.2903,-3580.9575,-9.667236,-8.783447,1.0,0.06545320430382368,0.06545320430382368,15,493,113,4,4,1.3866387770074031,29.816765386996487,10.470223427246165,13.394515547457617,523.6256344305893,0.0,-1.149094,-18.410515,32.27189624963243,1.5367569803675698,30.735139269264856,17.21220374362237,0.9105082781084121,1.038910175953411,29.722307038661707,29.865838866459672,30.566751447431123,0.8969165581515904,0.16666666666666666,14.662614533163906,14.80614636075697,15.507058941482539,0.8333333333333334,10,20,0,0.0,0.5333333333333333,120,64,0.5333333333333333,0.0,1.0,0.12986377199417637,0.2156266843112339,0.2156266843112339,0.12218845444303254,24.59512146882299,0.5961594681185199,0.5951417004048583,0.26666666666666666,2.6911764705882355,0.0
69,template_deposition,C,C,none,0,1.0,template_site:index=111:site=C:neigh=1:ahead0=14.757:mode=shell,x,yz,495,426,69,0,69,1072.713893152981,29.132728187090652,500.0,0.001,65.45320430382367,0.06545320430382368,-3588.6086,-3580.9575,-3588.6086,-7.651123,-7.1757812,0.9999999989696342,0.06545320430382368,0.06545320430382368,13,494,111,3,3,1.3686837262180447,29.816765386996487,7.630223427416188,13.394515547457617,523.6256344305893,0.0,-1.1637058,-18.644623,32.27189624963243,1.5367569803675698,30.735139269264856,17.21220374362237,0.9213963565447637,1.0541882667762552,29.74064681371924,29.90298946915734,30.574181567970655,0.8912842772451595,0.16666666666666666,14.68095430822144,14.843296963454637,15.51448906202207,0.8333333333333334,10,20,0,0.0,0.5416666666666667,120,65,0.5416666666666666,0.0,1.0,0.1317735333470319,0.2127674537423397,0.2127674537423397,0.12234128590184533,24.59512146882299,0.5969051353062499,0.597979797979798,0.3125,2.681159420289855,0.0
70,template_deposition,C,C,none,0,1.0,template_site:index=110:site=C:neigh=2:ahead0=14.757:mode=shell,x,yz,496,426,70,0,70,1088.8675487124292,16.153655559448218,500.0,0.001,65.45320430382367,0.06545320430382368,-3599.1553,-3588.6086,-3599.1553,-10.546631,-10.278076,1.0,0.06545320430382368,0.06545320430382368,11,495,110,2,2,1.2507504161894551,29.816765386996483,6.210223426702676,13.394515547457617,523.6256344305893,0.0,-1.1838474,-18.967327,32.27189624963243,1.5367569803675698,30.735139269264856,17.21220374362237,0.9259204938471107,1.0694663575990995,29.73681480678413,29.90298946915734,30.574181567970655,0.8962898281741035,0.16666666666666666,14.677122301286326,14.843296963454637,15.51448906202207,0.8333333333333334,10,20,0,0.0,0.55,120,66,0.55,0.0,1.0,0.13368329469988743,0.2096731757326618,0.2096731757326618,0.12230935251071938,24.59512146882299,0.5967493317685455,0.6048387096774194,0.47058823529411764,2.7,0.0
71,template_deposition,C,C,none,0,1.0,template_site:index=109:site=C:neigh=1:ahead0=14.757:mode=shell,x,yz,497,426,71,0,71,1120.9034810395997,32.03593232717053,500.0,0.001,65.45320430382367,0.06545320430382368,-3606.5632,-3599.1553,-3606.5632,-7.407959,-7.0944824,1.0,0.06545320430382368,0.06545320430382368,8,496,109,1,1,1.4569276417616097,29.816765386996487,3.3702234268727027,13.394515547457617,523.6256344305893,0.0,-1.1979948,-19.193995,32.27189624963243,1.5367569803675698,30.735139269264856,17.21220374362237,0.928605107572749,1.0847444484219437,30.15304634659297,29.90298946915734,30.574181567970655,0.4180143552234664,0.16666666666666666,15.093353841095167,14.843296963454637,15.51448906202207,0.8333333333333334,10,20,0,0.0,0.5583333333333333,120,67,0.5583333333333333,0.0,1.0,0.13559305605274297,0.21258244846612911,0.21258244846612911,0.12577794867579306,24.59512146882299,0.6136726692009895,0.607645875251509,0.5,2.6901408450704225,0.0
72,template_deposition,C,C,none,0,1.0,template_site:index=108:site=C:neigh=1:ahead0=14.757:mode=shell,x,yz,498,426,72,0,72,1121.009223371625,0.10574233202541942,500.0,0.001,65.45320430382367,0.06545320430382368,-3614.945,-3606.5632,-3614.945,-8.381836,-7.9660645,1.0,0.06545320430382368,0.06545320430382368,6,497,108,1,1,1.4074042034468937,29.816765386996487,1.9502234261591922,13.394515547457617,523.6256344305893,0.0,-1.2140021,-19.450459,32.27189624963243,1.5367569803675698,30.735139269264856,17.21220374362237,0.9315096115069857,1.100022539244788,30.142510000261485,29.90298946915734,30.574181567970655,0.4267306737605435,0.16666666666666666,15.082817494763683,14.843296963454637,15.51448906202207,0.8333333333333334,11,20,0,0.0,0.5666666666666667,120,68,0.5666666666666667,0.0,1.0,0.1375028174055985,0.20948357631616227,0.20948357631616227,0.12569014578969737,24.59512146882299,0.613244277483354,0.6104417670682731,0.5789473684210527,2.6805555555555554,0.0
73,template_deposition,C,C,none,0,1.0,template_site:index=119:site=C:neigh=1:ahead0=15.987:mode=shell,x,yz,499,426,73,0,73,1132.1013014039727,11.092078032347722,500.0,0.001,65.45320430382367,0.06545320430382368,-3621.6418,-3614.945,-3621.6418,-6.6967773,-6.229248,0.9322468044614103,0.06545320430382368,0.06545320430382368,12,498,119,5,5,1.438696304037466,31.04652146047605,9.760223426889405,13.394515547457617,523.6256344305893,0.0,-1.2267914,-19.655365,32.27189624963243,1.5367569803675698,30.735139269264856,17.21220374362237,0.8668277093223592,1.1153006300676322,30.519947967743082,30.741979592673985,30.976638615816494,0.5349856275277672,0.16666666666666666,15.46025546224528,15.682287086971282,15.91694610986791,0.8333333333333334,11,20,0,0.0,0.575,120,69,0.575,0.0,1.0,0.13941257875845403,0.21178432140062028,0.21178432140062028,0.12883546218537734,24.59512146882299,0.6285903276323659,0.6132264529058116,0.6842105263157895,2.671232876712329,0.0
74,template_deposition,C,C,none,0,1.0,template_site:index=117:site=C:neigh=2:ahead0=15.987:mode=shell,x,yz,500,426,74,0,74,1166.949782844449,34.848481440476185,500.0,0.001,65.45320430382367,0.06545320430382368,-3632.591,-3621.6418,-3632.591,-10.949219,-10.46167,1.0,0.06545320430382368,0.06545320430382368,11,499,117,4,4,1.3922488972834381,31.046521460476054,8.3402234261759,13.394515547457617,523.6256344305893,0.0,-1.2477018,-19.990387,32.27189624963243,1.5367569803675698,30.735139269264856,17.21220374362237,0.8413781583237739,1.1305787208904765,30.523554329575493,30.741979592673985,30.985293884214286,0.5384726079103946,0.16666666666666666,15.463861824077691,15.682287086971282,15.925601378265702,0.8333333333333334,11,20,0,0.0,0.5833333333333333,120,70,0.5833333333333334,0.0,1.0,0.14132234011130956,0.20897110573077962,0.20897110573077962,0.12886551520064743,24.59512146882299,0.6287369567855083,0.62,0.85,2.689189189189189,0.0
75,template_deposition,C,C,none,0,1.0,template_site:index=116:site=C:neigh=1:ahead0=15.987:mode=shell,x,yz,501,426,75,0,75,1187.2534987272218,20.303715882772764,500.0,0.001,65.45320430382367,0.06545320430382368,-3640.0479,-3632.591,-3640.0479,-7.456787,-7.1430664,0.9999999999973679,0.06545320430382368,0.06545320430382368,10,500,116,3,3,1.398758018131663,31.046521460476054,5.500223426345923,13.394515547457617,523.6256344305893,0.0,-1.2619425,-20.218548,32.27189624963243,1.5367569803675698,30.735139269264856,17.21220374362237,0.8231372388654002,1.1458568117133208,30.535647595198782,30.741979592673985,30.989494800314606,0.5259638673804128,0.16666666666666666,15.47595508970098,15.682287086971282,15.929802294366022,0.8333333333333334,11,20,0,0.0,0.5916666666666667,120,71,0.5916666666666667,0.0,1.0,0.1432321014641651,0.20634606786267973,0.20634606786267973,0.12896629241417484,24.59512146882299,0.6292286504589313,0.6227544910179641,0.9047619047619048,2.68,0.0
76,template_deposition,C,C,none,0,1.0,template_site:index=118:site=C:neigh=2:ahead0=15.987:mode=shell,x,yz,502,426,76,0,76,1215.1150885234665,27.861589796244772,500.0,0.001,65.45320430382367,0.06545320430382368,-3652.3794,-3640.0479,-3652.3794,-12.331543,-10.182129,1.0,0.06545320430382368,0.06545320430382368,9,501,118,2,2,1.3734114764758376,31.046521460476054,4.080223427229459,13.394515547457617,523.6256344305893,0.0,-1.2854928,-20.595865,32.27189624963243,1.5367569803675698,30.735139269264856,17.21220374362237,0.778666186605627,1.1611349025361652,30.932301351720607,31.00355086026308,31.041809053832424,0.1359865989405673,0.16666666666666666,15.872608846222805,15.943858354560376,15.98211654788384,0.8333333333333334,10,20,0,0.0,0.5916666666666667,120,71,0.5916666666666667,0.0,1.0,0.14514186281702066,0.20885011639766848,0.20885011639766848,0.13227174038519005,24.59512146882299,0.6453559851836095,0.6334661354581673,1.0476190476190477,2.723684210526316,0.0
77,template_deposition,C,C,none,0,1.0,template_site:index=114:site=C:neigh=1:ahead0=15.987:mode=shell,x,yz,503,426,77,0,77,1215.8829101689478,0.7678216454811628,500.0,0.001,65.45320430382367,0.06545320430382368,-3658.8745,-3652.3794,-3658.8745,-6.495117,-5.731201,1.0,0.06545320430382368,0.06545320430382368,14,502,114,1,1,1.3003413030685795,31.046521460476054,12.600223426719383,13.394515547457617,523.6256344305893,0.0,-1.2978969,-20.794601,32.27189624963243,1.5367569803675698,30.735139269264856,17.21220374362237,0.7624934662698754,1.1764129933590095,31.062498453359396,31.05137360222476,31.116331438517232,0.05325638767671327,0.16666666666666666,16.002805947861596,15.991681096522058,16.056638932568646,0.8333333333333334,10,20,0,0.0,0.6,120,72,0.6,0.0,1.0,0.1470516241698762,0.2078286486735272,0.2078286486735272,0.13335671623217996,24.59512146882299,0.6506496000902823,0.6401590457256461,1.1818181818181819,2.7142857142857144,0.0
78,template_deposition,C,C,none,0,1.0,template_site:index=115:site=C:neigh=1:ahead0=15.987:mode=shell,x,yz,504,426,78,0,78,1245.2173055061016,29.334395337153868,500.0,0.001,65.45320430382367,0.06545320430382368,-3668.05,-3658.8745,-3668.05,-9.175537,-7.7338867,1.0,0.06545320430382368,0.06545320430382368,10,503,115,1,1,1.3681886943996118,31.046521460476058,14.020223427432889,13.394515547457617,523.6256344305893,0.0,-1.31542,-21.075354,32.27189624963243,1.5367569803675698,30.735139269264856,17.21220374362237,0.7402831664560617,1.1916910841818538,31.120136205411303,31.05137360222476,31.254662043441805,0.13250698126542343,0.16666666666666666,16.0604436999135,15.991681096522058,16.194969537493222,0.8333333333333334,12,20,0,0.0,0.6083333333333334,120,73,0.6083333333333333,0.0,1.0,0.14896138552273172,0.20590312435786537,0.20590312435786537,0.1338370308326125,24.59512146882299,0.6529930628832986,0.6428571428571429,1.2173913043478262,2.7051282051282053,0.0
79,template_deposition,C,C,none,0,1.0,template_site:index=121:site=C:neigh=1:ahead0=17.217:mode=shell,x,yz,505,426,79,0,79,1300.376497971292,55.15919246519055,500.0,0.001,65.45320430382367,0.06545320430382368,-3674.7822,-3668.05,-3674.7822,-6.7321777,-6.255615,0.9432716168158024,0.06545320430382368,0.06545320430382368,7,504,121,5,5,1.4465411290165777,32.27627753395562,3.3702234268727027,13.394515547457617,523.6256344305893,0.0,-1.3282769,-21.281342,32.27756356209907,1.5367569803675698,30.740806581731498,17.217871056089013,0.781469508673175,1.206969175004698,31.5448071060233,31.305484153746065,32.08314768042847,0.5284203257755813,0.16666666666666666,16.4851146005255,16.24579164804336,17.023455174479885,0.8333333333333334,12,20,0,0.0,0.6166666666666667,120,74,0.6166666666666667,0.0,1.0,0.15087114687558725,0.20867233671551264,0.20867233671551264,0.13737595500437916,24.59512146882299,0.6702595318108994,0.6455445544554456,1.25,2.6962025316455698,0.0
80,template_deposition,C,C,none,0,1.0,template_site:index=120:site=C:neigh=1:ahead0=17.217:mode=shell,x,yz,506,426,80,0,80,1300.70854011275,0.3320421414577481,500.0,0.001,65.45320430382367,0.06545320430382368,-3682.938,-3674.7822,-3682.938,-8.155762,-7.58374,0.9999355563776055,0.06545320430382368,0.06545320430382368,6,505,120,5,5,1.4270170536411608,32.27627753395562,1.9502234261591922,13.394515547457617,523.6256344305893,0.0,-1.3438524,-21.53089,32.32373200728013,1.5367569803675698,30.786975026912557,17.264039501270073,0.808769646802722,1.2222472658275423,31.560196587750315,31.305484153746065,32.12008243657331,0.5497774069300156,0.16666666666666666,16.50050408225251,16.24579164804336,17.06038993062473,0.8333333333333334,12,20,0,0.0,0.625,120,75,0.625,0.0,1.0,0.15278090822844279,0.2062563010281564,0.2062563010281564,0.1375042006854376,24.59512146882299,0.6708852445867651,0.6482213438735178,1.28,2.6875,0.0
81,template_deposition,C,C,none,0,1.0,template_site:index=122:site=C:neigh=1:ahead0=17.217:mode=shell,x,yz,507,426,81,0,81,1306.2410869771704,5.532546864420594,500.0,0.001,65.45320430382367,0.06545320430382368,-3690.2527,-3682.938,-3690.2527,-7.3146973,-6.8598633,0.9999999908058387,0.06545320430382368,0.06545320430382368,10,506,122,4,4,1.5362047623818609,32.27627753395562,6.210223426702676,13.394515547457617,523.6256344305893,0.0,-1.3578217,-21.754702,32.32373200728013,1.5367569803675698,30.786975026912557,17.264039501270073,0.8257735343816494,1.2375253566503865,31.948106196742827,32.21510242920229,32.30200609166456,0.4565613605474021,0.16666666666666666,16.888413691245027,17.155409923499587,17.242313585715976,0.8333333333333334,12,20,0,0.0,0.6333333333333334,120,76,0.6333333333333333,0.0,1.0,0.15469066958129832,0.20849893445981516,0.20849893445981516,0.14073678076037524,24.59512146882299,0.6866570556544289,0.650887573964497,1.3076923076923077,2.6790123456790123,0.0
82,template_deposition,C,C,none,0,1.0,template_site:index=123:site=C:neigh=2:ahead0=17.217:mode=shell,x,yz,508,426,82,0,82,1321.5682475409328,15.327160563762419,500.0,0.001,65.45320430382367,0.06545320430382368,-3701.2236,-3690.2527,-3701.2236,-10.970947,-10.38208,1.0,0.06545320430382368,0.06545320430382368,10,507,123,3,3,1.412983444846532,32.27627753395562,7.630223427416188,13.394515547457617,523.6256344305893,0.0,-1.3787736,-22.09039,32.32373200728013,1.5367569803675698,30.786975026912557,17.264039501270073,0.842923598780341,1.2528034474732308,31.9698672924806,32.28038571641561,32.31506274910723,0.4701229920698008,0.16666666666666666,16.9101747869828,17.220693210712906,17.255370243158644,0.8333333333333334,12,20,0,0.0,0.6416666666666667,120,77,0.6416666666666667,0.0,1.0,0.15660043093415385,0.20622164374369267,0.20622164374369267,0.14091812322485667,24.59512146882299,0.68754182850523,0.65748031496063,1.4074074074074074,2.6951219512195124,0.0
83,template_deposition,C,C,none,0,1.0,template_site:index=125:site=C:neigh=1:ahead0=17.217:mode=shell,x,yz,509,426,83,0,83,1325.5229990993362,3.9547515584033066,500.0,0.001,65.45320430382367,0.06545320430382368,-3709.0051,-3701.2236,-3709.0051,-7.781494,-6.840576,0.9999999999999982,0.06545320430382368,0.06545320430382368,12,508,125,2,2,1.409232765995629,32.276277533955614,10.470223427246165,13.394515547457617,523.6256344305893,0.0,-1.3936344,-22.328485,32.360970568889414,1.5367569803675698,30.824213588521843,17.30127806287936,0.8602627656839295,1.268081538296075,32.073187412259934,32.32373200728013,32.35352285656756,0.38095866246862,0.16666666666666666,17.013494906762133,17.264039501577425,17.293830350618975,0.8333333333333334,10,20,0,0.0,0.6416666666666667,120,77,0.6416666666666667,0.0,1.0,0.15851019228700938,0.20498186634653173,0.20498186634653173,0.14177912422301778,24.59512146882299,0.6917426664604442,0.6640471512770137,1.4285714285714286,2.6867469879518073,0.0
84,template_deposition,C,C,none,0,1.0,template_site:index=124:site=C:neigh=2:ahead0=17.217:mode=shell,x,yz,510,426,84,0,84,1329.3375376601398,3.814538560803698,500.0,0.001,65.45320430382367,0.06545320430382368,-3718.8638,-3709.0051,-3718.8638,-9.858643,-9.028076,1.0,0.06545320430382368,0.06545320430382368,12,509,124,1,1,1.3481035457877415,32.27627753395562,11.890223426362624,13.394515547457617,523.6256344305893,0.0,-1.4124621,-22.630138,32.33205913133062,1.5367569803675698,30.795302150963046,17.27236662532056,0.8686555475574314,1.2833596291189193,32.30176543208932,32.32373200728013,32.33039370652052,0.037109634521932354,0.16666666666666666,17.24207292659152,17.264039501577425,17.270701200571935,0.8333333333333334,13,20,0,0.0,0.65,120,78,0.65,0.0,1.0,0.16041995363986492,0.20526277293561332,0.20526277293561332,0.14368394105492932,24.59512146882299,0.7010362989443957,0.6666666666666666,1.4482758620689655,2.7023809523809526,0.0
85,template_deposition,C,C,none,0,1.0,template_site:index=131:site=C:neigh=1:ahead0=18.446:mode=shell,x,yz,511,426,85,0,85,1352.2607339503347,22.92319629019494,500.0,0.001,65.45320430382367,0.06545320430382368,-3725.4365,-3718.8638,-3725.4365,-6.572754,-6.0166016,0.752726913113037,0.06545320430382368,0.06545320430382368,9,510,131,5,5,1.4547015561373473,33.50603360743519,9.760223426889405,13.394515547457617,523.6256344305893,0.0,-1.4250145,-22.83125,33.51303481174147,1.5367569803675698,31.9762778313739,18.453342305731415,0.7838511153139449,1.2986377199417636,32.71308923698887,32.32373200728013,33.275174250849204,0.5657133443651984,0.16666666666666666,17.65339673149107,17.264039501577425,18.21548174490062,0.8333333333333334,13,20,0,0.0,0.6583333333333334,120,79,0.6583333333333333,0.0,1.0,0.16232971499272045,0.2076870203704832,0.2076870203704832,0.14711163942909225,24.59512146882299,0.7177600953859359,0.6692759295499021,1.16,2.6941176470588237,0.0
86,template_deposition,C,C,none,0,1.0,template_site:index=129:site=C:neigh=2:ahead0=18.446:mode=shell,x,yz,512,426,86,0,86,1352.4927885354716,0.23205458513683971,500.0,0.001,65.45320430382367,0.06545320430382368,-3736.4414,-3725.4365,-3736.4414,-11.004883,-10.528076,1.0,0.06545320430382368,0.06545320430382368,10,511,129,4,4,1.3703766981157188,33.50603360743519,8.3402234261759,13.394515547457617,523.6256344305893,0.0,-1.4460312,-23.167974,33.50658981719869,1.5367569803675698,31.969832836831117,18.446897311188632,0.8578807470366315,1.3139158107646078,32.71639652240407,32.32373200728013,33.27001825521498,0.5587545660491581,0.16666666666666666,17.656704016906268,17.264039501577425,18.210325749266396,0.8333333333333334,13,20,0,0.0,0.6666666666666667,120,80,0.6666666666666666,0.0,1.0,0.16423947634557598,0.20531051182449148,0.20531051182449148,0.14713920014088558,24.59512146882299,0.7178945645496434,0.67578125,1.2692307692307692,2.7093023255813953,0.0
87,template_deposition,C,C,none,0,1.0,template_site:index=126:site=C:neigh=1:ahead0=18.446:mode=shell,x,yz,513,426,87,0,87,1355.7863483204678,3.2935597849962956,500.0,0.001,65.45320430382367,0.06545320430382368,-3743.993,-3736.4414,-3743.993,-7.5515137,-7.1523438,0.8866384921530867,0.06545320430382368,0.06545320430382368,10,512,126,3,3,1.36904378238608,33.50603360743519,12.600223426719383,13.394515547457617,523.6256344305893,0.0,-1.4604528,-23.399035,33.543461781293715,1.5367569803675698,32.006704800926144,18.48376927528366,0.9204346926972246,1.3291939015874523,33.12706246358052,33.51399360216774,33.53756814546852,0.5681677920650466,0.16666666666666666,18.067369958082722,18.454301096465034,18.477875639519937,0.8333333333333334,13,20,0,0.0,0.675,120,81,0.675,0.0,1.0,0.16614923769843154,0.20767091905842208,0.20767091905842208,0.150561416317356,24.59512146882299,0.7345916132589583,0.682261208576998,1.3703703703703705,2.7011494252873565,0.0
88,template_deposition,C,C,none,0,1.0,template_site:index=127:site=C:neigh=1:ahead0=18.446:mode=shell,x,yz,514,426,88,0,88,1360.3892811302392,4.6029328097714535,500.0,0.001,65.45320430382367,0.06545320430382368,-3753.8425,-3743.993,-3753.8425,-9.849609,-8.685547,1.0,0.06545320430382368,0.06545320430382368,8,513,127,3,3,1.2999949906364963,33.50603360743519,14.020223427432889,13.394515547457617,523.6256344305893,0.0,-1.4792632,-23.700409,33.5394497372196,1.5367569803675698,32.00269275685203,18.479757231209543,0.9399138259769093,1.3444719924102966,33.12572511555582,33.51399360216774,33.53435851020922,0.5671899816899834,0.16666666666666666,18.066032610058016,18.454301096465034,18.47466600426064,0.8333333333333334,13,20,0,0.0,0.6833333333333333,120,82,0.6833333333333333,0.0,1.0,0.16805899905128707,0.20529582511429564,0.20529582511429564,0.15055027175048347,24.59512146882299,0.7345372387348723,0.6848249027237354,1.3928571428571428,2.715909090909091,0.0
89,template_deposition,C,C,none,0,1.0,template_site:index=128:site=C:neigh=1:ahead0=18.446:mode=shell,x,yz,515,426,89,0,89,1370.4495635961418,10.060282465902693,500.0,0.001,65.45320430382367,0.06545320430382368,-3761.3032,-3753.8425,-3761.3032,-7.4606934,-7.0646973,0.9999999999999998,0.06545320430382368,0.06545320430382368,10,514,128,2,2,1.4670162910018634,33.5060336074352,5.500223426345923,13.394515547457617,523.6256344305893,0.0,-1.4935113,-23.92869,33.5394497372196,1.5367569803675698,32.00269275685203,18.479757231209543,0.9780883329255166,1.3597500832331408,33.14490173382264,33.51399360216774,33.53435851020922,0.5400749293623442,0.16666666666666666,18.085209228324842,18.454301096465034,18.47466600426064,0.8333333333333334,13,20,0,0.0,0.6916666666666667,120,83,0.6916666666666667,0.0,1.0,0.1699687604041426,0.20320459807106564,0.20320459807106564,0.15071007690270702,24.59512146882299,0.7353169306868366,0.6873786407766991,1.4137931034482758,2.707865168539326,0.0
90,template_deposition,C,C,none,0,1.0,template_site:index=130:site=C:neigh=2:ahead0=18.446:mode=shell,x,yz,516,426,90,0,90,1424.55148539206,54.1019217959182,500.0,0.001,65.45320430382367,0.06545320430382368,-3771.424,-3761.3032,-3771.424,-10.12085,-9.426514,1.0,0.06545320430382368,0.06545320430382368,9,515,130,1,1,1.3966517438198545,33.5060336074352,4.080223427229459,13.394515547457617,523.6256344305893,0.0,-1.5128397,-24.238365,33.5394497372196,1.5367569803675698,32.00269275685203,18.479757231209543,1.004410175752196,1.375028174055985,33.50029530031633,33.51399360216774,33.53435851020922,0.038790571864363896,0.16666666666666666,18.44060279481853,18.454301096465034,18.47466600426064,0.8333333333333334,14,20,0,0.0,0.7,120,84,0.7,0.0,1.0,0.17187852175699814,0.2048955866090948,0.2048955866090948,0.1536716899568211,24.59512146882299,0.7497666892271304,0.6937984496124031,1.5,2.7222222222222223,0.0
91,template_deposition,C,C,none,0,1.0,template_site:index=136:site=C:neigh=1:ahead0=19.676:mode=shell,x,yz,517,426,91,0,91,1444.0317307803136,19.48024538825375,500.0,0.001,65.45320430382367,0.06545320430382368,-3778.761,-3771.424,-3778.761,-7.336914,-6.932129,0.9999996242302791,0.06545320430382368,0.06545320430382368,9,516,136,5,5,1.4746839160710672,34.73578968091476,11.890223426362624,13.394515547457617,523.6256344305893,0.0,-1.5268514,-24.462856,34.71666123009277,1.5367569803675698,33.1799042497252,19.656968724082713,0.7457478026153309,1.3903062648788294,33.905289250040795,33.55176395846796,34.483681775767806,0.5753051978287768,0.16666666666666666,18.845596744542995,18.492071452765256,19.423989269819224,0.8333333333333334,14,20,0,0.0,0.7083333333333334,120,85,0.7083333333333334,0.0,1.0,0.17378828310985367,0.2070944697202527,0.2070944697202527,0.1570466395378583,24.59512146882299,0.7662331234440883,0.6963249516441006,1.7777777777777777,2.7142857142857144,0.0
92,template_deposition,C,C,none,0,1.0,template_site:index=137:site=C:neigh=2:ahead0=19.676:mode=shell,x,yz,518,426,92,0,92,1449.6451359690282,5.613405188714498,500.0,0.001,65.45320430382367,0.06545320430382368,-3789.712,-3778.761,-3789.712,-10.950928,-10.366699,1.0,0.06545320430382368,0.06545320430382368,10,517,137,4,4,1.4110730556994964,34.73578968091476,10.470223427246165,13.394515547457617,523.6256344305893,0.0,-1.5477651,-24.797932,34.745886764866256,1.5367569803675698,33.209129784498685,19.6861942588562,0.8296828093673793,1.4055843557016736,34.301243498613985,34.71040116941405,34.73878964577582,0.6039022199852777,0.16666666666666666,19.241550993116185,19.650708663711345,19.679097139827235,0.8333333333333334,14,20,0,0.0,0.7166666666666667,120,86,0.7166666666666667,0.0,1.0,0.1756980444627092,0.2091472934034368,0.2091472934034368,0.1603462582759682,24.59512146882299,0.7823320172460606,0.7027027027027027,1.8888888888888888,2.7282608695652173,0.0
93,template_deposition,C,C,none,0,1.0,template_site:index=135:site=C:neigh=1:ahead0=19.676:mode=shell,x,yz,519,426,93,0,93,1461.9392241861888,12.294088217160695,500.0,0.001,65.45320430382367,0.06545320430382368,-3797.1167,-3789.712,-3797.1167,-7.404785,-7.2248535,0.9999999989760895,0.06545320430382368,0.06545320430382368,10,518,135,3,3,1.392046073754458,34.735789680914756,7.630223427416188,13.394515547457617,523.6256344305893,0.0,-1.5619065,-25.0245,34.753611733973074,1.5367569803675698,33.2168547536055,19.69391922796302,0.9051328499796379,1.4208624465245179,34.30209033008703,34.71040116941405,34.744969621061266,0.608249073474544,0.16666666666666666,19.242397824589233,19.650708663711345,19.685277115112683,0.8333333333333334,14,20,0,0.0,0.725,120,87,0.725,0.0,1.0,0.17760780581556473,0.2069075034902068,0.2069075034902068,0.16035331520491028,24.59512146882299,0.7823664481178139,0.7052023121387283,1.894736842105263,2.7204301075268815,0.0
94,template_deposition,C,C,none,0,1.0,template_site:index=134:site=C:neigh=2:ahead0=19.676:mode=shell,x,yz,520,426,94,0,94,1462.12308167118,0.18385748499131313,500.0,0.001,65.45320430382367,0.06545320430382368,-3808.0168,-3797.1167,-3808.0168,-10.9001465,-10.46582,1.0,0.06545320430382368,0.06545320430382368,10,519,134,2,2,1.368957714641837,34.73578968091476,6.210223426702676,13.394515547457617,523.6256344305893,0.0,-1.5827231,-25.35802,34.753611733973074,1.5367569803675698,33.2168547536055,19.69391922796302,0.9545190318328747,1.4361405373473621,34.30236250333635,34.71040116941405,34.744969621061266,0.6078643243917179,0.16666666666666666,19.242669997838547,19.650708663711345,19.685277115112683,0.8333333333333334,14,20,0,0.0,0.7333333333333334,120,88,0.7333333333333333,0.0,1.0,0.17951756716842027,0.20470925529615475,0.20470925529615475,0.16035558331532124,24.59512146882299,0.7823775142656131,0.7115384615384616,2.0,2.734042553191489,0.0
95,template_deposition,C,C,none,0,1.0,template_site:index=133:site=C:neigh=1:ahead0=19.676:mode=shell,x,yz,521,426,95,0,95,1477.5364752305877,15.413393559407691,500.0,0.001,65.45320430382367,0.06545320430382368,-3815.5012,-3808.0168,-3815.5012,-7.484375,-7.1706543,1.0,0.06545320430382368,0.06545320430382368,8,520,133,1,1,1.4723025921239605,34.73578968091476,3.3702234268727027,13.394515547457617,523.6256344305893,0.0,-1.5970166,-25.587027,34.753611733973074,1.5367569803675698,33.2168547536055,19.69391922796302,0.9900484121203267,1.4514186281702064,34.725726681585606,34.7131671413697,34.7455228154524,0.01975001704984321,0.16666666666666666,19.666034176087805,19.653474635667,19.685830309503814,0.8333333333333334,14,20,0,0.0,0.7416666666666667,120,89,0.7416666666666667,0.0,1.0,0.1814273285212758,0.20701088606408216,0.20701088606408216,0.16388361813406505,24.59512146882299,0.7995908538616756,0.7140115163147792,2.0,2.7263157894736842,0.0
96,template_deposition,C,C,none,0,1.0,template_site:index=132:site=C:neigh=1:ahead0=19.676:mode=shell,x,yz,522,426,96,0,96,1500.2012887477038,22.664813517116052,500.0,0.001,65.45320430382367,0.06545320430382368,-3823.9937,-3815.5012,-3823.9937,-8.492432,-8.026611,1.0,0.06545320430382368,0.06545320430382368,6,521,132,1,1,1.4109729421428403,34.73578968091476,1.9502234261591922,13.394515547457617,523.6256344305893,0.0,-1.6132351,-25.846876,34.753611733973074,1.5367569803675698,33.2168547536055,19.69391922796302,1.0068790591965018,1.4666967189930507,34.713675576942876,34.71040116941405,34.744969621061266,0.03135656369091194,0.16666666666666666,19.653983071445076,19.650708663711345,19.685277115112683,0.8333333333333334,15,20,0,0.0,0.75,120,90,0.75,0.0,1.0,0.18333708987413133,0.20472899032755287,0.20472899032755287,0.1637831922620423,24.59512146882299,0.7991008743892015,0.7164750957854407,2.0,2.71875,0.0
97,template_deposition,C,C,none,0,1.0,template_site:index=141:site=C:neigh=1:ahead0=20.906:mode=shell,x,yz,523,426,97,0,97,1524.4599444191163,24.258655671412445,500.0,0.001,65.45320430382367,0.06545320430382368,-3830.5676,-3823.9937,-3830.5676,-6.5739746,-6.1191406,0.4079041616872524,0.06545320430382368,0.06545320430382368,9,522,141,5,5,1.4947699819660227,35.96554575439434,8.3402234261759,13.394515547457617,523.6256344305893,0.0,-1.6257898,-26.048025,35.94576874356382,1.5367569803675698,34.40901176319625,20.886076237553763,0.7815596405073504,1.481974809815895,35.11404207410957,34.719343651323385,35.70048372511573,0.588373403550591,0.16666666666666666,20.05434956861177,19.659651145620682,20.64079121916715,0.8333333333333334,15,20,0,0.0,0.7583333333333333,120,91,0.7583333333333333,0.0,1.0,0.18524685122698686,0.20674587184135845,0.20674587184135845,0.16711957973843142,24.59512146882299,0.8153791634667409,0.7189292543021033,2.3076923076923075,2.711340206185567,0.0
98,template_deposition,C,C,none,0,1.0,template_site:index=143:site=C:neigh=2:ahead0=20.906:mode=shell,x,yz,524,426,98,0,98,1526.0644186048949,1.6044741857787024,500.0,0.001,65.45320430382367,0.06545320430382368,-3841.5369,-3830.5676,-3841.5369,-10.969238,-10.575928,1.0,0.06545320430382368,0.06545320430382368,10,523,143,4,4,1.3826343106416112,35.965545754394334,9.760223426889405,13.394515547457617,523.6256344305893,0.0,-1.6467384,-26.38366,35.973611920925606,1.5367569803675698,34.436854940558035,20.91391941491555,0.8774271466376213,1.4972529006387392,35.12404315638258,34.72150372078062,35.72319028089661,0.601010344845915,0.16666666666666666,20.064350650884776,19.661811215077915,20.663497774948027,0.8333333333333334,15,20,0,0.0,0.7666666666666667,120,92,0.7666666666666667,0.0,1.0,0.1871566125798424,0.20473827194780383,0.20473827194780383,0.16720292209070647,24.59512146882299,0.8157857921668953,0.7251908396946565,2.4285714285714284,2.7244897959183674,0.0
99,template_deposition,C,C,none,0,1.0,template_site:index=140:site=C:neigh=1:ahead0=20.906:mode=shell,x,yz,525,426,99,0,99,1537.2948360259622,11.230417421067287,500.0,0.001,65.45320430382367,0.06545320430382368,-3849.724,-3841.5369,-3849.724,-8.187256,-7.2265625,0.9970887478583133,0.06545320430382368,0.06545320430382368,10,524,140,3,3,1.409695404487816,35.965545754394334,5.500223426345923,13.394515547457617,523.6256344305893,0.0,-1.6623741,-26.63417,35.973611920925606,1.5367569803675698,34.436854940558035,20.91391941491555,0.9378190330649259,1.5125309914615837,35.55308764057594,35.964147280021585,35.971718992744805,0.5880313237708066,0.16666666666666666,20.49339513507814,20.904454774318882,20.912026486796222,0.8333333333333334,15,20,0,0.0,0.775,120,93,0.775,0.0,1.0,0.18906637393269796,0.20700399126341554,0.20700399126341554,0.17077829279231782,24.59512146882299,0.83323008430984,0.7276190476190476,2.4,2.717171717171717,0.0
100,template_deposition,C,C,none,0,1.0,template_site:index=142:site=C:neigh=2:ahead0=20.906:mode=shell,x,yz,526,426,100,0,100,1540.7108486079926,3.4160125820302705,500.0,0.001,65.45320430382367,0.06545320430382368,-3861.8147,-3849.724,-3861.8147,-12.090576,-10.923828,1.0,0.06545320430382368,0.06545320430382368,9,525,142,2,2,1.241781193413431,35.965545754394334,4.080223427229459,13.394515547457617,523.6256344305893,0.0,-1.6854643,-27.004116,35.973611920925606,1.5367569803675698,34.436854940558035,20.91391941491555,0.9771200557976909,1.527809082284428,35.535659554646735,35.911863022233966,35.96126214118728,0.5762467775678959,0.16666666666666666,20.475967049148935,20.852170516531263,20.901569635238694,0.8333333333333334,14,20,0,0.0,0.775,120,93,0.775,0.0,1.0,0.1909761352855535,0.20475967049148935,0.20475967049148935,0.1706330587429078,24.59512146882299,0.8325214850068727,0.7376425855513308,2.5625,2.75,0.0
101,template_deposition,C,C,none,0,1.0,template_site:index=138:site=C:neigh=1:ahead0=20.906:mode=shell,x,yz,527,426,101,0,101,1547.0455803149832,6.3347317069907145,500.0,0.001,65.45320430382367,0.06545320430382368,-3869.085,-3861.8147,-3869.085,-7.2702637,-6.9711914,1.0,0.06545320430382368,0.06545320430382368,8,526,138,1,1,1.4385906811583815,35.965545754394334,12.600223426719383,13.394515547457617,523.6256344305893,0.0,-1.6993487,-27.226568,35.98286723110137,1.5367569803675698,34.4461102507338,20.923174725091318,1.0116309157632126,1.5430871731072722,35.95596925560719,35.97317751348623,35.98092928757834,0.031437689945299906,0.16666666666666666,20.896276750109386,20.913485007783525,20.92123678162976,0.8333333333333334,14,20,0,0.0,0.7833333333333334,120,94,0.7833333333333333,0.0,1.0,0.19288589663840902,0.20689382920900382,0.20689382920900382,0.17413563958424488,24.59512146882299,0.8496106342307642,0.7400379506641366,2.5294117647058822,2.742574257425743,0.0
102,template_deposition,C,C,none,0,1.0,template_site:index=139:site=C:neigh=1:ahead0=20.906:mode=shell,x,yz,528,426,102,0,102,1550.7965547129304,3.750974397947274,500.0,0.001,65.45320430382367,0.06545320430382368,-3877.1938,-3869.085,-3877.1938,-8.108887,-7.701172,1.0,0.06545320430382368,0.06545320430382368,6,527,139,1,1,1.413689313343082,35.96554575439433,14.020223427432889,13.394515547457617,523.6256344305893,0.0,-1.7148348,-27.474684,36.00820917548836,1.5367569803675698,34.47145219512079,20.948516669478305,1.03145866245904,1.5583652639301164,35.964416570402854,35.97317751348623,36.00120284308793,0.03981801020068211,0.16666666666666666,20.904724064905054,20.913485007783525,20.94151033713935,0.8333333333333334,16,20,0,0.0,0.7916666666666667,120,95,0.7916666666666666,0.0,1.0,0.19479565799126455,0.20494827514612798,0.20494827514612798,0.17420603387420877,24.59512146882299,0.849954089123084,0.7424242424242424,2.5,2.735294117647059,0.0
103,template_deposition,C,C,none,0,1.0,template_site:index=149:site=C:neigh=1:ahead0=22.136:mode=shell,x,yz,529,426,103,0,103,1562.0729475702788,11.27639285734834,500.0,0.001,65.45320430382367,0.06545320430382368,-3883.7422,-3877.1938,-3883.7422,-6.54834,-6.084961,0.992316675128667,0.06545320430382368,0.06545320430382368,9,528,149,5,5,1.4444441509915713,37.1953018278739,10.470223427246165,13.394515547457617,523.6256344305893,0.0,-1.7273406,-27.675047,37.20635695584275,1.5367569803675698,35.66959997547518,22.146664449832695,0.7588171277455629,1.5736433547529607,36.39178330084666,36.05712992446327,36.97651154956685,0.5790355762133501,0.16666666666666666,21.33209079534886,20.997437418760565,21.91681904361827,0.8333333333333334,16,20,0,0.0,0.8,120,96,0.8,0.0,1.0,0.19670541934412009,0.20710767762474622,0.20710767762474622,0.17776742329457385,24.59512146882299,0.8673301663661073,0.7448015122873346,2.3333333333333335,2.7281553398058254,0.0
104,template_deposition,C,C,none,0,1.0,template_site:index=148:site=C:neigh=2:ahead0=22.136:mode=shell,x,yz,530,426,104,0,104,1565.691064153519,3.6181165832401834,500.0,0.001,65.45320430382367,0.06545320430382368,-3894.0298,-3883.7422,-3894.0298,-10.287598,-9.80127,1.0,0.06545320430382368,0.06545320430382368,9,529,148,4,4,1.3761795666765493,37.195301827873905,11.890223426362624,13.394515547457617,523.6256344305893,0.0,-1.7469873,-27.989824,37.198405471870636,1.5367569803675698,35.661648491503065,22.13871296586058,0.8489645693922923,1.588921445575805,36.761674484451554,37.17475495925005,37.19367536934652,0.600985012388882,0.16666666666666666,21.701981978953754,22.11506245354735,22.13398286339794,0.8333333333333334,16,20,0,0.0,0.8083333333333333,120,97,0.8083333333333333,0.0,1.0,0.19861518069697562,0.2086729036437861,0.2086729036437861,0.1808498498246146,24.59512146882299,0.8823693758318449,0.7509433962264151,2.4615384615384617,2.7403846153846154,0.0
105,template_deposition,C,C,none,0,1.0,template_site:index=147:site=C:neigh=1:ahead0=22.136:mode=shell,x,yz,531,426,105,0,105,1569.08455148676,3.393487333240913,500.0,0.001,65.45320430382367,0.06545320430382368,-3901.371,-3894.0298,-3901.371,-7.3413086,-7.083252,0.9999999999996227,0.06545320430382368,0.06545320430382368,10,530,147,3,3,1.4350840979910946,37.195301827873905,7.630223427416188,13.394515547457617,523.6256344305893,0.0,-1.7610075,-28.214453,37.1928567889379,1.5367569803675698,35.65609980857033,22.133164282927847,0.906189516911317,1.6041995363986492,36.760253435457656,37.17475495925005,37.18923642300033,0.5990391884141556,0.16666666666666666,21.700560929959856,22.11506245354735,22.12954391705175,0.8333333333333334,16,20,0,0.0,0.8166666666666668,120,98,0.8166666666666667,0.0,1.0,0.20052494204983115,0.20667200885676054,0.20667200885676054,0.18083800774966546,24.59512146882299,0.8823115981544426,0.7532956685499058,2.4285714285714284,2.7333333333333334,0.0
106,template_deposition,C,C,none,0,1.0,template_site:index=146:site=C:neigh=2:ahead0=22.136:mode=shell,x,yz,532,426,106,0,106,1583.2435067511835,14.15895526442371,500.0,0.001,65.45320430382367,0.06545320430382368,-3912.251,-3901.371,-3912.251,-10.879883,-10.158203,1.0,0.06545320430382368,0.06545320430382368,9,531,146,2,2,1.3956607003546664,37.195301827873905,6.210223426702676,13.394515547457617,523.6256344305893,0.0,-1.7817855,-28.547352,37.19074608370015,1.5367569803675698,35.65398910333258,22.131053577690093,0.9363119855788306,1.6194776272214935,36.78793352512751,37.17475495925005,37.18754785881013,0.5583937146435308,0.16666666666666666,21.728241019629706,22.11506245354735,22.127855352861545,0.8333333333333334,16,20,0,0.0,0.825,120,99,0.825,0.0,1.0,0.20243470340268668,0.20498340584556327,0.20498340584556327,0.18106867516358088,24.59512146882299,0.8834370282404431,0.7593984962406015,2.533333333333333,2.7452830188679247,0.0
107,template_deposition,C,C,none,0,1.0,template_site:index=145:site=C:neigh=1:ahead0=22.136:mode=shell,x,yz,533,426,107,0,107,1584.0787685793623,0.8352618281786628,500.0,0.001,65.45320430382367,0.06545320430382368,-3919.768,-3912.251,-3919.768,-7.51709,-6.6745605,1.0,0.06545320430382368,0.06545320430382368,8,532,145,1,1,1.541636276936564,37.195301827873905,3.3702234268727027,13.394515547457617,523.6256344305893,0.0,-1.7961414,-28.777359,37.19074608370015,1.5367569803675698,35.65398910333258,22.131053577690093,0.956064679518934,1.6347557180443377,37.16842272821081,37.17475495925005,37.18754785881013,0.021288275251373806,0.16666666666666666,22.108730222713007,22.11506245354735,22.127855352861545,0.8333333333333334,16,20,0,0.0,0.8333333333333334,120,100,0.8333333333333334,0.0,1.0,0.20434446475554222,0.20662364694124305,0.20662364694124305,0.1842394185226084,24.59512146882299,0.8989071369595893,0.7617260787992496,2.5,2.7383177570093458,0.0
108,template_deposition,C,C,none,0,1.0,template_site:index=144:site=C:neigh=1:ahead0=22.136:mode=shell,x,yz,534,426,108,0,108,1611.150557222316,27.071788642953702,500.0,0.001,65.45320430382367,0.06545320430382368,-3927.7544,-3919.768,-3927.7544,-7.986328,-7.346924,1.0,0.06545320430382368,0.06545320430382368,6,533,144,1,1,1.4313920114418448,37.195301827873905,1.9502234261591922,13.394515547457617,523.6256344305893,0.0,-1.8113934,-29.021723,37.241771631114,1.5367569803675698,35.70501465074643,22.182079125103943,0.9697017794468542,1.650033808867182,37.202424224688066,37.19074608370015,37.23156652163123,0.028578462865477758,0.16666666666666666,22.142731719190266,22.131053577997445,22.171874015682647,0.8333333333333334,17,20,0,0.0,0.8416666666666668,120,101,0.8416666666666667,0.0,1.0,0.20625422610839775,0.20502529369620617,0.20502529369620617,0.18452276432658554,24.59512146882299,0.9002895857724712,0.7640449438202247,2.4705882352941178,2.7314814814814814,0.0
109,template_deposition,C,C,none,0,1.0,template_site:index=153:site=C:neigh=1:ahead0=23.365:mode=shell,x,yz,535,426,109,0,109,1640.0181725542059,28.867615331890043,500.0,0.001,65.45320430382367,0.06545320430382368,-3934.3223,-3927.7544,-3934.3223,-6.567871,-6.1726074,0.43127647577609457,0.06545320430382368,0.06545320430382368,9,534,153,5,5,1.5189746777629092,38.425057901353476,8.3402234261759,13.394515547457617,523.6256344305893,0.0,-1.8239365,-29.222685,38.384649260111885,1.5367569803675698,36.847892279744315,23.32495675410183,0.7465016116436086,1.6653118996900262,37.603788644614504,37.241771631114,38.15607373431231,0.5526389966432199,0.16666666666666666,22.544096139116704,22.182079125411295,23.096381228363725,0.8333333333333334,17,20,0,0.0,0.8500000000000002,120,102,0.85,0.0,1.0,0.20816398746125328,0.20682657008363947,0.20682657008363947,0.18786746782597252,24.59512146882299,0.9166084488622597,0.7663551401869159,2.230769230769231,2.7247706422018347,0.0
110,template_deposition,C,C,none,0,1.0,template_site:index=155:site=C:neigh=2:ahead0=23.365:mode=shell,x,yz,536,426,110,0,110,1643.3037095441018,3.2855369898958733,500.0,0.001,65.45320430382367,0.06545320430382368,-3945.2808,-3934.3223,-3945.2808,-10.958496,-10.433594,1.0,0.06545320430382368,0.06545320430382368,10,535,155,4,4,1.4041545936071758,38.425057901353476,9.760223426889405,13.394515547457617,523.6256344305893,0.0,-1.8448645,-29.55799,38.41878552123408,1.5367569803675698,36.88202854086651,23.359093015224023,0.8445004339637949,1.6805899905128705,37.61890450653817,37.241771631114,38.18338274321006,0.565907775953637,0.16666666666666666,22.559212001040372,22.182079125411295,23.123690237261478,0.8333333333333334,17,20,0,0.0,0.8583333333333334,120,103,0.8583333333333333,0.0,1.0,0.2100737488141088,0.20508374546400338,0.20508374546400338,0.1879934333420031,24.59512146882299,0.917223036675653,0.7723880597014925,2.357142857142857,2.7363636363636363,0.0
111,template_deposition,C,C,none,0,1.0,template_site:index=150:site=C:neigh=1:ahead0=23.365:mode=shell,x,yz,537,426,111,0,111,1646.2148379699206,2.9111284258188515,500.0,0.001,65.45320430382367,0.06545320430382368,-3952.7385,-3945.2808,-3952.7385,-7.4577637,-7.246582,0.9473397540110763,0.06545320430382368,0.06545320430382368,8,536,150,3,3,1.4324945175491959,38.425057901353476,12.600223426719383,13.394515547457617,523.6256344305893,0.0,-1.859107,-29.786179,38.420781713733284,1.5367569803675698,36.88402473336571,23.36108920772323,0.905733570862164,1.695868081335715,38.023241661074515,38.40717163837627,38.41805969866188,0.5526106913748451,0.16666666666666666,22.963549155576715,23.347479132673566,23.358367192713295,0.8333333333333334,17,20,0,0.0,0.8666666666666668,120,104,0.8666666666666667,0.0,1.0,0.21198351016696437,0.20687882122141185,0.20687882122141185,0.19136290962980596,24.59512146882299,0.9336627666053825,0.7746741154562383,2.3333333333333335,2.72972972972973,0.0
112,template_deposition,C,C,none,0,1.0,template_site:index=151:site=C:neigh=1:ahead0=23.365:mode=shell,x,yz,538,426,112,0,112,1652.626487147203,6.411649177282523,500.0,0.001,65.45320430382367,0.06545320430382368,-3961.1682,-3952.7385,-3961.1682,-8.4296875,-7.9938965,0.9999999982839634,0.06545320430382368,0.06545320430382368,6,537,151,3,3,1.4090785207035148,38.425057901353476,14.020223427432889,13.394515547457617,523.6256344305893,0.0,-1.8752058,-30.04411,38.40717163837627,1.5367569803675698,36.8704146580087,23.347479132366214,0.932209084768016,1.7111461721585592,38.012566597039516,38.38875652162828,38.403488615026674,0.5450861942563461,0.16666666666666666,22.952874091541716,23.329064015925578,23.34379610907809,0.8333333333333334,17,20,0,0.0,0.8750000000000002,120,105,0.875,0.0,1.0,0.2138932715198199,0.20493637581733676,0.20493637581733676,0.19127395076284764,24.59512146882299,0.9332287348382075,0.7769516728624535,2.3125,2.7232142857142856,0.0
113,template_deposition,C,C,none,0,1.0,template_site:index=152:site=C:neigh=1:ahead0=23.365:mode=shell,x,yz,539,426,113,0,113,1661.7975623202024,9.171075172999373,500.0,0.001,65.45320430382367,0.06545320430382368,-3968.6677,-3961.1682,-3968.6677,-7.4995117,-7.121582,0.9999999999999514,0.06545320430382368,0.06545320430382368,10,538,152,2,2,1.4590257049590085,38.425057901353476,5.500223426345923,13.394515547457617,523.6256344305893,0.0,-1.889528,-30.273577,38.40717163837627,1.5367569803675698,36.8704146580087,23.347479132366214,0.9621319262515509,1.7264242629814035,38.030547344321064,38.38875652162828,38.403488615026674,0.5196601146307845,0.16666666666666666,22.970854838823264,23.329064015925578,23.34379610907809,0.8333333333333334,17,20,0,0.0,0.8833333333333334,120,106,0.8833333333333333,0.0,1.0,0.21580303287267544,0.20328190122852446,0.20328190122852446,0.19142379032352722,24.59512146882299,0.9339598045060008,0.7792207792207793,2.2941176470588234,2.7168141592920354,0.0
114,template_deposition,C,C,none,0,1.0,template_site:index=154:site=C:neigh=2:ahead0=23.365:mode=shell,x,yz,540,426,114,0,114,1726.752274748943,64.95471242874056,500.0,0.001,65.45320430382367,0.06545320430382368,-3978.7598,-3968.6677,-3978.7598,-10.092041,-9.483398,1.0,0.06545320430382368,0.06545320430382368,9,539,154,1,1,1.3872962620922473,38.425057901353476,4.080223427229459,13.394515547457617,523.6256344305893,0.0,-1.9088014,-30.58237,38.40717163837627,1.5367569803675698,36.8704146580087,23.347479132366214,0.9728104461705851,1.7417023538042478,38.38466737635425,38.38875652162828,38.403488615026674,0.02025152035314253,0.16666666666666666,23.32497487085645,23.329064015925578,23.34379610907809,0.8333333333333334,18,20,0,0.0,0.8916666666666668,120,107,0.8916666666666667,0.0,1.0,0.21771279422553097,0.204605042726811,0.204605042726811,0.19437479059047041,24.59512146882299,0.9483577830840726,0.7851851851851852,2.388888888888889,2.7280701754385963,0.0
115,template_deposition,C,C,none,0,1.0,template_site:index=157:site=C:neigh=1:ahead0=24.595:mode=shell,x,yz,541,426,115,0,115,1733.3414639898645,6.589189240921576,500.0,0.001,65.45320430382367,0.06545320430382368,-3985.4456,-3978.7598,-3985.4456,-6.685791,-6.3449707,0.9851416730477003,0.06545320430382368,0.06545320430382368,7,540,157,5,5,1.4873458798196186,39.65481397483305,3.3702234268727027,13.394515547457617,523.6256344305893,0.0,-1.9215697,-30.786942,39.628680577203674,1.5367569803675698,38.091923596836104,24.56898807119362,0.7370841448464206,1.756980444627092,38.80820291240274,38.40717163837627,39.384378789438195,0.580214028302835,0.16666666666666666,23.74851040690494,23.347479132673566,24.324686283489612,0.8333333333333334,18,20,0,0.0,0.9000000000000001,120,108,0.9,0.0,1.0,0.2196225555783865,0.2065087861469995,0.2065087861469995,0.1979042533908745,24.59512146882299,0.965578089826016,0.7874306839186691,2.230769230769231,2.7217391304347824,0.0
116,template_deposition,C,C,none,0,1.0,template_site:index=156:site=C:neigh=1:ahead0=24.595:mode=shell,x,yz,542,426,116,0,116,1734.390772879127,1.0493088892625555,500.0,0.001,65.45320430382367,0.06545320430382368,-3993.9963,-3985.4456,-3993.9963,-8.550781,-8.094971,0.9999999988260468,0.06545320430382368,0.06545320430382368,6,541,156,5,5,1.4128176867013427,39.65481397483305,1.9502234261591922,13.394515547457617,523.6256344305893,0.0,-1.9378997,-31.048576,39.6133629939802,1.5367569803675698,38.07660601361263,24.553670487970148,0.8185828358344122,1.7722585354499363,38.80309705132825,38.40717163837627,39.37212472285942,0.5729938641308784,0.16666666666666666,23.74340454583045,23.347479132673566,24.312432216910835,0.8333333333333334,18,20,0,0.0,0.9083333333333334,120,109,0.9083333333333333,0.0,1.0,0.22153231693124203,0.20468452194681425,0.20468452194681425,0.1978617045485871,24.59512146882299,0.9653704933284357,0.7896678966789668,2.2142857142857144,2.7155172413793105,0.0
117,template_deposition,C,C,none,0,1.0,template_site:index=158:site=C:neigh=1:ahead0=24.595:mode=shell,x,yz,543,426,117,0,117,1736.4878544101068,2.0970815309796764,500.0,0.001,65.45320430382367,0.06545320430382368,-4001.362,-3993.9963,-4001.362,-7.3657227,-7.010254,0.9999999987805024,0.06545320430382368,0.06545320430382368,10,542,158,4,4,1.5068491836093714,39.65481397483305,6.210223426702676,13.394515547457617,523.6256344305893,0.0,-1.9519664,-31.27395,39.6133629939802,1.5367569803675698,38.07660601361263,24.553670487970148,0.8784557000482482,1.7875366262727805,39.203529630601984,39.60846937619747,39.612384270423654,0.5761350543080195,0.16666666666666666,24.143837125104184,24.548776870494766,24.55269176447507,0.8333333333333334,18,20,0,0.0,0.9166666666666667,120,110,0.9166666666666666,0.0,1.0,0.22344207828409757,0.20635758226584772,0.20635758226584772,0.20119864270920154,24.59512146882299,0.981651469203319,0.7918968692449355,2.2,2.7094017094017095,0.0
118,template_deposition,C,C,none,0,1.0,template_site:index=159:site=C:neigh=2:ahead0=24.595:mode=shell,x,yz,544,426,118,0,118,1760.2559270558424,23.768072645735547,500.0,0.001,65.45320430382367,0.06545320430382368,-4012.274,-4001.362,-4012.274,-10.911865,-10.423096,1.0,0.06545320430382368,0.06545320430382368,10,543,159,3,3,1.3981520687319513,39.65481397483305,7.630223427416188,13.394515547457617,523.6256344305893,0.0,-1.9728055,-31.60783,39.64055271087743,1.5367569803675698,38.10379573050986,24.580860204867374,0.922499641625819,1.8028147170956248,39.2142240754953,39.6133629939802,39.63511476749798,0.5837992417727424,0.16666666666666666,24.154531569997502,24.5536704882775,24.5754222615494,0.8333333333333334,18,20,0,0.0,0.9250000000000002,120,111,0.925,0.0,1.0,0.2253518396369531,0.20469942008472458,0.20469942008472458,0.2012877630833125,24.59512146882299,0.982086288966534,0.7977941176470589,2.3125,2.7203389830508473,0.0
119,template_deposition,C,C,none,0,1.0,template_site:index=161:site=C:neigh=1:ahead0=24.595:mode=shell,x,yz,545,426,119,0,119,1779.0127855307271,18.756858474884623,500.0,0.001,65.45320430382367,0.06545320430382368,-4019.7942,-4012.274,-4019.7942,-7.5202637,-7.1464844,0.9999999999998597,0.06545320430382368,0.06545320430382368,10,544,161,2,2,1.4712780014156506,39.65481397483305,10.470223427246165,13.394515547457617,523.6256344305893,0.0,-1.9871674,-31.837933,39.630037225653446,1.5367569803675698,38.093280245285875,24.57034471964339,0.9503445915389459,1.818092807918469,39.218978789506004,39.6133629939802,39.6267023793188,0.5695746325104679,0.16666666666666666,24.159286284008203,24.5536704882775,24.567009873370218,0.8333333333333334,18,20,0,0.0,0.9333333333333333,120,112,0.9333333333333333,0.0,1.0,0.22726160098980863,0.20301921247065718,0.20301921247065718,0.20132738570006836,24.59512146882299,0.9822796083618754,0.8,2.2941176470588234,2.7142857142857144,0.0
120,template_deposition,C,C,none,0,1.0,template_site:index=160:site=C:neigh=2:ahead0=24.595:mode=shell,x,yz,546,426,120,0,120,1787.1665459532414,8.153760422514365,500.0,0.001,65.45320430382367,0.06545320430382368,-4031.1301,-4019.7942,-4031.1301,-11.3359375,-10.121826,1.0,0.06545320430382368,0.06545320430382368,9,545,160,1,1,1.4013913601149346,39.65481397483305,11.890223426362624,13.394515547457617,523.6256344305893,0.0,-2.0088162,-32.184784,39.630037225653446,1.5367569803675698,38.093280245285875,24.57034471964339,0.9724044490168497,1.8333708987413133,39.6240537389142,39.62876099710895,39.629781979944546,0.007577431854186642,0.16666666666666666,24.5643612334164,24.569068491406245,24.570089473995964,0.8333333333333334,19,20,0,0.0,0.9416666666666668,120,113,0.9416666666666667,0.0,1.0,0.22917136234266416,0.20470301027847,0.20470301027847,0.20470301027847,24.59512146882299,0.9987493359020168,0.8058608058608059,2.388888888888889,2.725,0.0
