MPI: rank=0/1; backend_comunicador=serial-sem-gpaw; launcher_size_detectado=1
CHGNet v0.3.0 initialized with 412,525 parameters
CHGNet will run on cpu
Backend = chgnet; device = cpu; dtype = float32
Semente sincronizada em todos os ranks = 7
Espécies competindo: ['C']
Fluxo relativo por espécie: {'C': 1.0}
Mu por espécie: todos 0.0 eV
Impurezas/vacâncias: vac:0.1000, normal:0.9000
Modo de vacância: frozen
growth_axis = x; surface_axes = yz
replicate antes do slab = (1, 1, 1)
miller = (0, 0, 1)
build_mode = direct; site_mode = template
pbc = (0, 1, 0)
bulk_energy_repeat = (1, 1, 1); skip_bulk_reference = True
cif_wrap_mode = all (aplicado somente aos arquivos .cif salvos)
/home/tromer/.anaconda3/lib/python3.13/site-packages/ase/io/cif.py:411: UserWarning: crystal system 'triclinic' is not interpreted for space group Spacegroup(1, setting=1). This may result in wrong setting!
  warnings.warn(
Restrição cristalográfica de crescimento: desligada
Template-base filtrado para extend-columns: N=221; espécies=['C']; restrict_fractional=(None, None, None)
Template extend-columns: eixo=x periodo_colunas=2(auto) periodo_gaps=1(auto) gaps=[1.229756] Å; dx_mediana=1.229756 Å; colunas_base=21, colunas_novas=50, N_template=746; restrict_fractional=(None, None, None)
/home/tromer/.anaconda3/lib/python3.13/site-packages/chgnet/model/model.py:898: UserWarning: Converting a tensor with requires_grad=True to a scalar may lead to unexpected behavior.
Consider using tensor.detach() first. (Triggered internally at /pytorch/torch/csrc/autograd/generated/python_variable_methods.cpp:836.)
  volumes = torch.tensor(volumes, dtype=TORCH_DTYPE, device=atomic_numbers.device)
Referência bulk: pulada (--skip-bulk-reference).
  Usando E0/N0 como referência; gamma vira energia relativa ao estado inicial.
Slab inicial:
  N0 = 221
  area(yz) = 446.000000 Å²
  E0 = -1897.465820 eV
  gamma0 = 0.000000 eV/Å² = 0.000000 J/m²
  growth_origin_species = C; origin_front=25.095121 Å; origin_back=0.500000 Å
  regra_deposicao = template: somente sítios do CIF-template
  template_cif = grafeno_retangular.cif
  template_repeat = (1, 1, 1); N_template = 746
  template_front = [0.050, 3.500] Å
  template_connect_cutoff = 1.800 Å; min_neighbors = 1
  template_species_mode = template; template_build_mode = extend-columns
Corte absoluto de Eads: +50.000000 eV
[TEMPLATE DEBUG] total=746 species_filter=0 restriction=0 direction=221 global_front=0 occupied=0 connection=515 min_dist=0 pre_shell=10 post_shell=10 tested_energy=10
[TEMPLATE DEBUG] camada candidata x: min=26.324878 max=26.324878 n=10
[INFO] primeira deposição: relaxação local pulada por --no-relax-first-added.
step=00001 species=  C N=00222 vac=0000 axis=x surf=yz Eads=-6.8887 eV P=1.513e-01 E=-1904.3545 eV hmax=1.230 A hmean=0.154 A rough=0.709 A occ1=0.100 tested=10
[TEMPLATE DEBUG] total=746 species_filter=0 restriction=0 direction=221 global_front=0 occupied=1 connection=514 min_dist=0 pre_shell=10 post_shell=9 tested_energy=9
[TEMPLATE DEBUG] camada candidata x: min=26.324878 max=26.324878 n=9
[INFO] vacância sorteada por --impurity em posição template; espécie que seria depositada: C.
[INFO] vacância frozen registrada no sítio template 225; esse sítio não poderá ser depositado novamente.
step=00002 species=vac impurity=vac intended=C N=00222 vac=0001 axis=x surf=yz Eads=+0.0000 eV P=1.000e+00 E=-1904.3545 eV hmax=1.230 A hmean=0.154 A rough=0.709 A occ1=0.100 tested=9
[TEMPLATE DEBUG] total=746 species_filter=0 restriction=0 direction=221 global_front=0 occupied=2 connection=514 min_dist=0 pre_shell=9 post_shell=8 tested_energy=8
[TEMPLATE DEBUG] camada candidata x: min=26.324878 max=26.324878 n=8
[INFO] vacância sorteada por --impurity em posição template; espécie que seria depositada: C.
[INFO] vacância frozen registrada no sítio template 228; esse sítio não poderá ser depositado novamente.
step=00003 species=vac impurity=vac intended=C N=00222 vac=0002 axis=x surf=yz Eads=+0.0000 eV P=1.000e+00 E=-1904.3545 eV hmax=1.230 A hmean=0.154 A rough=0.709 A occ1=0.100 tested=8
[TEMPLATE DEBUG] total=746 species_filter=0 restriction=0 direction=221 global_front=0 occupied=3 connection=514 min_dist=0 pre_shell=8 post_shell=7 tested_energy=7
[TEMPLATE DEBUG] camada candidata x: min=26.324878 max=26.324878 n=7
step=00004 species=  C N=00223 vac=0002 axis=x surf=yz Eads=-6.8954 eV P=3.661e-01 E=-1911.5719 eV hmax=1.230 A hmean=0.301 A rough=0.772 A occ1=0.200 tested=7
[TEMPLATE DEBUG] total=746 species_filter=0 restriction=0 direction=221 global_front=0 occupied=4 connection=513 min_dist=0 pre_shell=8 post_shell=6 tested_energy=6
[TEMPLATE DEBUG] camada candidata x: min=26.324878 max=26.324878 n=6
step=00005 species=  C N=00224 vac=0002 axis=x surf=yz Eads=-10.6689 eV P=1.000e+00 E=-1922.5786 eV hmax=1.230 A hmean=0.305 A rough=0.824 A occ1=0.300 tested=6
[TEMPLATE DEBUG] total=746 species_filter=0 restriction=0 direction=221 global_front=0 occupied=5 connection=512 min_dist=0 pre_shell=8 post_shell=5 tested_energy=5
[TEMPLATE DEBUG] camada candidata x: min=26.324878 max=26.324878 n=5
step=00006 species=  C N=00225 vac=0002 axis=x surf=yz Eads=-7.3208 eV P=9.842e-01 E=-1930.2299 eV hmax=1.230 A hmean=0.454 A rough=0.864 A occ1=0.400 tested=5
[TEMPLATE DEBUG] total=746 species_filter=0 restriction=0 direction=221 global_front=0 occupied=6 connection=511 min_dist=0 pre_shell=8 post_shell=4 tested_energy=4
[TEMPLATE DEBUG] camada candidata x: min=26.324878 max=26.324878 n=4
step=00007 species=  C N=00226 vac=0002 axis=x surf=yz Eads=-7.1478 eV P=1.000e+00 E=-1942.4980 eV hmax=1.230 A hmean=0.615 A rough=0.895 A occ1=0.500 tested=4
[TEMPLATE DEBUG] total=746 species_filter=0 restriction=0 direction=221 global_front=0 occupied=7 connection=510 min_dist=0 pre_shell=8 post_shell=3 tested_energy=3
[TEMPLATE DEBUG] camada candidata x: min=26.324878 max=26.324878 n=3
[INFO] vacância sorteada por --impurity em posição template; espécie que seria depositada: C.
[INFO] vacância frozen registrada no sítio template 223; esse sítio não poderá ser depositado novamente.
step=00008 species=vac impurity=vac intended=C N=00226 vac=0003 axis=x surf=yz Eads=+0.0000 eV P=1.000e+00 E=-1942.4980 eV hmax=1.230 A hmean=0.615 A rough=0.895 A occ1=0.500 tested=3
[TEMPLATE DEBUG] total=746 species_filter=0 restriction=0 direction=221 global_front=0 occupied=8 connection=510 min_dist=0 pre_shell=7 post_shell=2 tested_energy=2
[TEMPLATE DEBUG] camada candidata x: min=26.324878 max=26.324878 n=2
step=00009 species=  C N=00227 vac=0003 axis=x surf=yz Eads=-6.8003 eV P=1.000e+00 E=-1949.9021 eV hmax=1.230 A hmean=0.778 A rough=0.916 A occ1=0.600 tested=2
[TEMPLATE DEBUG] total=746 species_filter=0 restriction=0 direction=221 global_front=0 occupied=9 connection=509 min_dist=0 pre_shell=7 post_shell=1 tested_energy=1
[TEMPLATE DEBUG] camada candidata x: min=26.324878 max=26.324878 n=1
step=00010 species=  C N=00228 vac=0003 axis=x surf=yz Eads=-10.0582 eV P=1.000e+00 E=-1965.2032 eV hmax=1.238 A hmean=0.788 A rough=0.935 A occ1=0.700 tested=1
[TEMPLATE DEBUG] total=746 species_filter=0 restriction=0 direction=221 global_front=0 occupied=10 connection=508 min_dist=0 pre_shell=7 post_shell=7 tested_energy=7
[TEMPLATE DEBUG] camada candidata x: min=27.554634 max=27.554634 n=7
step=00011 species=  C N=00229 vac=0003 axis=x surf=yz Eads=-7.6334 eV P=6.608e-01 E=-1973.4866 eV hmax=2.448 A hmean=0.933 A rough=0.702 A occ1=0.700 tested=7
[TEMPLATE DEBUG] total=746 species_filter=0 restriction=0 direction=221 global_front=0 occupied=11 connection=506 min_dist=0 pre_shell=8 post_shell=7 tested_energy=7
[TEMPLATE DEBUG] camada candidata x: min=27.554634 max=27.554634 n=7
[INFO] vacância sorteada por --impurity em posição template; espécie que seria depositada: C.
[INFO] vacância frozen registrada no sítio template 235; esse sítio não poderá ser depositado novamente.
step=00012 species=vac impurity=vac intended=C N=00229 vac=0004 axis=x surf=yz Eads=+0.0000 eV P=1.000e+00 E=-1973.4866 eV hmax=2.448 A hmean=0.933 A rough=0.702 A occ1=0.700 tested=7
[TEMPLATE DEBUG] total=746 species_filter=0 restriction=0 direction=221 global_front=0 occupied=12 connection=506 min_dist=0 pre_shell=7 post_shell=6 tested_energy=6
[TEMPLATE DEBUG] camada candidata x: min=27.554634 max=27.554634 n=6
step=00013 species=  C N=00230 vac=0004 axis=x surf=yz Eads=-6.6840 eV P=9.837e-01 E=-1982.5658 eV hmax=2.692 A hmean=1.099 A rough=0.780 A occ1=0.600 tested=6
[TEMPLATE DEBUG] total=746 species_filter=0 restriction=0 direction=221 global_front=0 occupied=12 connection=506 min_dist=1 pre_shell=6 post_shell=4 tested_energy=4
[TEMPLATE DEBUG] camada candidata x: min=27.554634 max=27.554634 n=4
step=00014 species=  C N=00231 vac=0004 axis=x surf=yz Eads=-6.1415 eV P=9.982e-01 E=-1989.3093 eV hmax=2.692 A hmean=1.252 A rough=0.851 A occ1=0.600 tested=4
[TEMPLATE DEBUG] total=746 species_filter=0 restriction=0 direction=221 global_front=0 occupied=13 connection=505 min_dist=1 pre_shell=6 post_shell=3 tested_energy=3
[TEMPLATE DEBUG] camada candidata x: min=27.554634 max=27.554634 n=3
step=00015 species=  C N=00232 vac=0004 axis=x surf=yz Eads=-6.9795 eV P=1.000e+00 E=-1996.8375 eV hmax=2.692 A hmean=1.546 A rough=0.905 A occ1=0.600 tested=3
[TEMPLATE DEBUG] total=746 species_filter=0 restriction=0 direction=221 global_front=0 occupied=14 connection=503 min_dist=1 pre_shell=7 post_shell=3 tested_energy=3
[TEMPLATE DEBUG] camada candidata x: min=27.554634 max=27.554634 n=3
step=00016 species=  C N=00233 vac=0004 axis=x surf=yz Eads=-7.8574 eV P=1.000e+00 E=-2005.8375 eV hmax=2.707 A hmean=1.547 A rough=0.942 A occ1=0.600 tested=3
[TEMPLATE DEBUG] total=746 species_filter=0 restriction=0 direction=221 global_front=0 occupied=15 connection=502 min_dist=1 pre_shell=7 post_shell=2 tested_energy=2
[TEMPLATE DEBUG] camada candidata x: min=27.554634 max=27.554634 n=2
step=00017 species=  C N=00234 vac=0004 axis=x surf=yz Eads=-5.8647 eV P=9.743e-01 E=-2012.3741 eV hmax=2.707 A hmean=1.708 A rough=0.972 A occ1=0.600 tested=2
[TEMPLATE DEBUG] total=746 species_filter=0 restriction=0 direction=221 global_front=0 occupied=16 connection=500 min_dist=2 pre_shell=7 post_shell=1 tested_energy=1
[TEMPLATE DEBUG] camada candidata x: min=27.554634 max=27.554634 n=1
step=00018 species=  C N=00235 vac=0004 axis=x surf=yz Eads=-7.1949 eV P=1.000e+00 E=-2019.9221 eV hmax=2.707 A hmean=2.007 A rough=0.996 A occ1=0.600 tested=1
[TEMPLATE DEBUG] total=746 species_filter=0 restriction=0 direction=221 global_front=0 occupied=17 connection=498 min_dist=2 pre_shell=8 post_shell=1 tested_energy=1
[TEMPLATE DEBUG] camada candidata x: min=27.554634 max=27.554634 n=1
step=00019 species=  C N=00236 vac=0004 axis=x surf=yz Eads=-7.7222 eV P=1.000e+00 E=-2028.0863 eV hmax=2.707 A hmean=2.010 A rough=1.015 A occ1=0.600 tested=1
[TEMPLATE DEBUG] total=746 species_filter=0 restriction=0 direction=221 global_front=0 occupied=18 connection=497 min_dist=2 pre_shell=8 post_shell=8 tested_energy=8
[TEMPLATE DEBUG] camada candidata x: min=28.784390 max=28.784390 n=8
step=00020 species=  C N=00237 vac=0004 axis=x surf=yz Eads=-8.1605 eV P=9.999e-01 E=-2038.9292 eV hmax=3.502 A hmean=2.096 A rough=0.736 A occ1=0.700 tested=8
[TEMPLATE DEBUG] total=746 species_filter=0 restriction=0 direction=221 global_front=0 occupied=19 connection=497 min_dist=2 pre_shell=7 post_shell=6 tested_energy=6
[TEMPLATE DEBUG] camada candidata x: min=28.784390 max=28.784390 n=6
step=00021 species=  C N=00238 vac=0004 axis=x surf=yz Eads=-7.7712 eV P=9.999e-01 E=-2047.0620 eV hmax=3.674 A hmean=2.246 A rough=0.821 A occ1=0.700 tested=6
[TEMPLATE DEBUG] total=746 species_filter=0 restriction=0 direction=221 global_front=0 occupied=20 connection=496 min_dist=1 pre_shell=8 post_shell=1 tested_energy=1
[TEMPLATE DEBUG] camada candidata x: min=27.554634 max=27.554634 n=1
step=00022 species=  C N=00239 vac=0004 axis=x surf=yz Eads=-2.0723 eV P=1.000e+00 E=-2053.6912 eV hmax=3.777 A hmean=2.535 A rough=0.822 A occ1=0.700 tested=1
[TEMPLATE DEBUG] total=746 species_filter=0 restriction=0 direction=221 global_front=0 occupied=21 connection=495 min_dist=1 pre_shell=8 post_shell=1 tested_energy=1
[TEMPLATE DEBUG] camada candidata x: min=27.554634 max=27.554634 n=1
step=00023 species=  C N=00240 vac=0004 axis=x surf=yz Eads=-7.7319 eV P=1.000e+00 E=-2062.5732 eV hmax=3.782 A hmean=2.535 A rough=0.809 A occ1=0.700 tested=1
[TEMPLATE DEBUG] total=746 species_filter=0 restriction=0 direction=221 global_front=0 occupied=22 connection=494 min_dist=1 pre_shell=8 post_shell=6 tested_energy=6
[TEMPLATE DEBUG] camada candidata x: min=28.784390 max=28.784390 n=6
step=00024 species=  C N=00241 vac=0004 axis=x surf=yz Eads=-9.8047 eV P=1.000e+00 E=-2073.1108 eV hmax=3.751 A hmean=2.537 A rough=0.855 A occ1=0.700 tested=6
[TEMPLATE DEBUG] total=746 species_filter=0 restriction=0 direction=221 global_front=0 occupied=23 connection=493 min_dist=1 pre_shell=8 post_shell=5 tested_energy=5
[TEMPLATE DEBUG] camada candidata x: min=28.784390 max=28.784390 n=5
step=00025 species=  C N=00242 vac=0004 axis=x surf=yz Eads=-7.5918 eV P=9.817e-01 E=-2081.2334 eV hmax=3.751 A hmean=2.681 A rough=0.888 A occ1=0.700 tested=5
[TEMPLATE DEBUG] total=746 species_filter=0 restriction=0 direction=221 global_front=0 occupied=24 connection=492 min_dist=1 pre_shell=8 post_shell=4 tested_energy=4
[TEMPLATE DEBUG] camada candidata x: min=28.784390 max=28.784390 n=4
step=00026 species=  C N=00243 vac=0004 axis=x surf=yz Eads=-8.5857 eV P=1.000e+00 E=-2091.6809 eV hmax=3.751 A hmean=2.692 A rough=0.897 A occ1=0.700 tested=4
[TEMPLATE DEBUG] total=746 species_filter=0 restriction=0 direction=221 global_front=0 occupied=24 connection=492 min_dist=2 pre_shell=7 post_shell=3 tested_energy=3
[TEMPLATE DEBUG] camada candidata x: min=28.784390 max=28.784390 n=3
[INFO] vacância sorteada por --impurity em posição template; espécie que seria depositada: C.
[INFO] vacância frozen registrada no sítio template 243; esse sítio não poderá ser depositado novamente.
step=00027 species=vac impurity=vac intended=C N=00243 vac=0005 axis=x surf=yz Eads=+0.0000 eV P=9.999e-01 E=-2091.6809 eV hmax=3.751 A hmean=2.692 A rough=0.897 A occ1=0.700 tested=3
[TEMPLATE DEBUG] total=746 species_filter=0 restriction=0 direction=221 global_front=0 occupied=25 connection=492 min_dist=2 pre_shell=6 post_shell=2 tested_energy=2
[TEMPLATE DEBUG] camada candidata x: min=28.784390 max=28.784390 n=2
step=00028 species=  C N=00244 vac=0005 axis=x surf=yz Eads=-6.9973 eV P=1.000e+00 E=-2102.4578 eV hmax=3.716 A hmean=2.821 A rough=0.933 A occ1=0.600 tested=2
[TEMPLATE DEBUG] total=746 species_filter=0 restriction=0 direction=221 global_front=0 occupied=25 connection=490 min_dist=3 pre_shell=7 post_shell=2 tested_energy=2
[TEMPLATE DEBUG] camada candidata x: min=28.784390 max=28.784390 n=2
step=00029 species=  C N=00245 vac=0005 axis=x surf=yz Eads=-7.2212 eV P=1.000e+00 E=-2110.0569 eV hmax=3.741 A hmean=3.050 A rough=0.949 A occ1=0.600 tested=2
[TEMPLATE DEBUG] total=746 species_filter=0 restriction=0 direction=221 global_front=0 occupied=26 connection=489 min_dist=3 pre_shell=7 post_shell=1 tested_energy=1
[TEMPLATE DEBUG] camada candidata x: min=28.784390 max=28.784390 n=1
step=00030 species=  C N=00246 vac=0005 axis=x surf=yz Eads=-3.0659 eV P=1.000e+00 E=-2117.1179 eV hmax=3.756 A hmean=3.231 A rough=0.969 A occ1=0.600 tested=1
[TEMPLATE DEBUG] total=746 species_filter=0 restriction=0 direction=221 global_front=0 occupied=29 connection=488 min_dist=1 pre_shell=7 post_shell=7 tested_energy=7
[TEMPLATE DEBUG] camada candidata x: min=30.014146 max=30.014146 n=7
step=00031 species=  C N=00247 vac=0005 axis=x surf=yz Eads=-7.5669 eV P=1.000e+00 E=-2125.0718 eV hmax=4.933 A hmean=3.381 A rough=0.730 A occ1=0.600 tested=7
[TEMPLATE DEBUG] total=746 species_filter=0 restriction=0 direction=221 global_front=0 occupied=30 connection=486 min_dist=1 pre_shell=8 post_shell=7 tested_energy=7
[TEMPLATE DEBUG] camada candidata x: min=30.014146 max=30.014146 n=7
step=00032 species=  C N=00248 vac=0005 axis=x surf=yz Eads=-7.4258 eV P=1.000e+00 E=-2133.4751 eV hmax=5.055 A hmean=3.699 A rough=0.806 A occ1=0.600 tested=7
[TEMPLATE DEBUG] total=746 species_filter=0 restriction=0 direction=221 global_front=0 occupied=31 connection=485 min_dist=1 pre_shell=8 post_shell=6 tested_energy=6
[TEMPLATE DEBUG] camada candidata x: min=30.014146 max=30.014146 n=6
step=00033 species=  C N=00249 vac=0005 axis=x surf=yz Eads=-6.6611 eV P=9.998e-01 E=-2140.4963 eV hmax=5.055 A hmean=3.848 A rough=0.871 A occ1=0.600 tested=6
[TEMPLATE DEBUG] total=746 species_filter=0 restriction=0 direction=221 global_front=0 occupied=32 connection=483 min_dist=1 pre_shell=9 post_shell=6 tested_energy=6
[TEMPLATE DEBUG] camada candidata x: min=30.014146 max=30.014146 n=6
step=00034 species=  C N=00250 vac=0005 axis=x surf=yz Eads=-7.5271 eV P=1.000e+00 E=-2148.8010 eV hmax=5.067 A hmean=3.858 A rough=0.910 A occ1=0.600 tested=6
[TEMPLATE DEBUG] total=746 species_filter=0 restriction=0 direction=221 global_front=0 occupied=33 connection=481 min_dist=1 pre_shell=10 post_shell=1 tested_energy=1
[TEMPLATE DEBUG] camada candidata x: min=28.784390 max=28.784390 n=1
step=00035 species=  C N=00251 vac=0005 axis=x surf=yz Eads=-8.7114 eV P=1.000e+00 E=-2159.0242 eV hmax=5.077 A hmean=3.841 A rough=0.867 A occ1=0.600 tested=1
[TEMPLATE DEBUG] total=746 species_filter=0 restriction=0 direction=221 global_front=0 occupied=34 connection=481 min_dist=1 pre_shell=9 post_shell=5 tested_energy=5
[TEMPLATE DEBUG] camada candidata x: min=30.014146 max=30.014146 n=5
step=00036 species=  C N=00252 vac=0005 axis=x surf=yz Eads=-6.1492 eV P=9.916e-01 E=-2166.2888 eV hmax=5.077 A hmean=4.132 A rough=0.906 A occ1=0.600 tested=5
[TEMPLATE DEBUG] total=746 species_filter=0 restriction=0 direction=221 global_front=0 occupied=35 connection=479 min_dist=1 pre_shell=10 post_shell=5 tested_energy=5
[TEMPLATE DEBUG] camada candidata x: min=30.014146 max=30.014146 n=5
step=00037 species=  C N=00253 vac=0005 axis=x surf=yz Eads=-8.3755 eV P=1.000e+00 E=-2177.0103 eV hmax=5.077 A hmean=4.310 A rough=0.935 A occ1=0.600 tested=5
[TEMPLATE DEBUG] total=746 species_filter=0 restriction=0 direction=221 global_front=0 occupied=36 connection=478 min_dist=1 pre_shell=10 post_shell=4 tested_energy=4
[TEMPLATE DEBUG] camada candidata x: min=30.014146 max=30.014146 n=4
step=00038 species=  C N=00254 vac=0005 axis=x surf=yz Eads=-5.9839 eV P=9.934e-01 E=-2183.6284 eV hmax=5.077 A hmean=4.487 A rough=0.961 A occ1=0.600 tested=4
[TEMPLATE DEBUG] total=746 species_filter=0 restriction=0 direction=221 global_front=0 occupied=37 connection=477 min_dist=1 pre_shell=10 post_shell=3 tested_energy=3
[TEMPLATE DEBUG] camada candidata x: min=30.014146 max=30.014146 n=3
step=00039 species=  C N=00255 vac=0005 axis=x surf=yz Eads=-9.8489 eV P=1.000e+00 E=-2194.2585 eV hmax=5.077 A hmean=4.490 A rough=0.975 A occ1=0.600 tested=3
[TEMPLATE DEBUG] total=746 species_filter=0 restriction=0 direction=221 global_front=0 occupied=38 connection=476 min_dist=1 pre_shell=10 post_shell=2 tested_energy=2
[TEMPLATE DEBUG] camada candidata x: min=30.014146 max=30.014146 n=2
step=00040 species=  C N=00256 vac=0005 axis=x surf=yz Eads=-6.8989 eV P=1.000e+00 E=-2201.4121 eV hmax=5.077 A hmean=4.635 A rough=0.988 A occ1=0.600 tested=2
[TEMPLATE DEBUG] total=746 species_filter=0 restriction=0 direction=221 global_front=0 occupied=39 connection=474 min_dist=2 pre_shell=10 post_shell=1 tested_energy=1
[TEMPLATE DEBUG] camada candidata x: min=30.014146 max=30.014146 n=1
step=00041 species=  C N=00257 vac=0005 axis=x surf=yz Eads=-3.7566 eV P=1.000e+00 E=-2206.4497 eV hmax=5.077 A hmean=4.880 A rough=0.985 A occ1=0.600 tested=1
[TEMPLATE DEBUG] total=746 species_filter=0 restriction=0 direction=221 global_front=0 occupied=40 connection=473 min_dist=2 pre_shell=10 post_shell=10 tested_energy=10
[TEMPLATE DEBUG] camada candidata x: min=31.243902 max=31.243902 n=10
step=00042 species=  C N=00258 vac=0005 axis=x surf=yz Eads=-7.5205 eV P=9.984e-01 E=-2214.8765 eV hmax=6.093 A hmean=5.022 A rough=0.673 A occ1=0.600 tested=10
[TEMPLATE DEBUG] total=746 species_filter=0 restriction=0 direction=221 global_front=0 occupied=41 connection=472 min_dist=2 pre_shell=10 post_shell=9 tested_energy=9
[TEMPLATE DEBUG] camada candidata x: min=31.243902 max=31.243902 n=9
step=00043 species=  C N=00259 vac=0005 axis=x surf=yz Eads=-9.6121 eV P=1.000e+00 E=-2225.2119 eV hmax=6.146 A hmean=5.036 A rough=0.748 A occ1=0.600 tested=9
[TEMPLATE DEBUG] total=746 species_filter=0 restriction=0 direction=221 global_front=0 occupied=42 connection=471 min_dist=2 pre_shell=10 post_shell=8 tested_energy=8
[TEMPLATE DEBUG] camada candidata x: min=31.243902 max=31.243902 n=8
[INFO] vacância sorteada por --impurity em posição template; espécie que seria depositada: C.
[INFO] vacância frozen registrada no sítio template 267; esse sítio não poderá ser depositado novamente.
step=00044 species=vac impurity=vac intended=C N=00259 vac=0006 axis=x surf=yz Eads=+0.0000 eV P=9.796e-01 E=-2225.2119 eV hmax=6.146 A hmean=5.036 A rough=0.748 A occ1=0.600 tested=8
[TEMPLATE DEBUG] total=746 species_filter=0 restriction=0 direction=221 global_front=0 occupied=43 connection=471 min_dist=2 pre_shell=9 post_shell=7 tested_energy=7
[TEMPLATE DEBUG] camada candidata x: min=31.243902 max=31.243902 n=7
step=00045 species=  C N=00260 vac=0006 axis=x surf=yz Eads=-7.2332 eV P=1.000e+00 E=-2233.1782 eV hmax=6.209 A hmean=5.174 A rough=0.813 A occ1=0.600 tested=7
[TEMPLATE DEBUG] total=746 species_filter=0 restriction=0 direction=221 global_front=0 occupied=44 connection=470 min_dist=2 pre_shell=9 post_shell=6 tested_energy=6
[TEMPLATE DEBUG] camada candidata x: min=31.243902 max=31.243902 n=6
step=00046 species=  C N=00261 vac=0006 axis=x surf=yz Eads=-9.7417 eV P=1.000e+00 E=-2243.4666 eV hmax=6.206 A hmean=5.177 A rough=0.859 A occ1=0.600 tested=6
[TEMPLATE DEBUG] total=746 species_filter=0 restriction=0 direction=221 global_front=0 occupied=45 connection=469 min_dist=2 pre_shell=9 post_shell=5 tested_energy=5
[TEMPLATE DEBUG] camada candidata x: min=31.243902 max=31.243902 n=5
step=00047 species=  C N=00262 vac=0006 axis=x surf=yz Eads=-6.7561 eV P=1.000e+00 E=-2251.1838 eV hmax=6.206 A hmean=5.330 A rough=0.888 A occ1=0.600 tested=5
[TEMPLATE DEBUG] total=746 species_filter=0 restriction=0 direction=221 global_front=0 occupied=46 connection=468 min_dist=2 pre_shell=9 post_shell=4 tested_energy=4
[TEMPLATE DEBUG] camada candidata x: min=31.243902 max=31.243902 n=4
step=00048 species=  C N=00263 vac=0006 axis=x surf=yz Eads=-10.5847 eV P=1.000e+00 E=-2262.4897 eV hmax=6.206 A hmean=5.331 A rough=0.913 A occ1=0.600 tested=4
[TEMPLATE DEBUG] total=746 species_filter=0 restriction=0 direction=221 global_front=0 occupied=47 connection=467 min_dist=2 pre_shell=9 post_shell=3 tested_energy=3
[TEMPLATE DEBUG] camada candidata x: min=31.243902 max=31.243902 n=3
step=00049 species=  C N=00264 vac=0006 axis=x surf=yz Eads=-7.0784 eV P=1.000e+00 E=-2269.9131 eV hmax=6.206 A hmean=5.486 A rough=0.936 A occ1=0.600 tested=3
[TEMPLATE DEBUG] total=746 species_filter=0 restriction=0 direction=221 global_front=0 occupied=48 connection=466 min_dist=2 pre_shell=9 post_shell=2 tested_energy=2
[TEMPLATE DEBUG] camada candidata x: min=31.243902 max=31.243902 n=2
step=00050 species=  C N=00265 vac=0006 axis=x surf=yz Eads=-5.1467 eV P=1.000e+00 E=-2277.6931 eV hmax=6.206 A hmean=5.648 A rough=0.940 A occ1=0.600 tested=2
[TEMPLATE DEBUG] total=746 species_filter=0 restriction=0 direction=221 global_front=0 occupied=49 connection=465 min_dist=2 pre_shell=9 post_shell=1 tested_energy=1
[TEMPLATE DEBUG] camada candidata x: min=31.243902 max=31.243902 n=1
step=00051 species=  C N=00266 vac=0006 axis=x surf=yz Eads=-6.7881 eV P=1.000e+00 E=-2287.1721 eV hmax=6.198 A hmean=5.802 A rough=0.941 A occ1=0.600 tested=1
[TEMPLATE DEBUG] total=746 species_filter=0 restriction=0 direction=221 global_front=0 occupied=49 connection=465 min_dist=3 pre_shell=8 post_shell=8 tested_energy=8
[TEMPLATE DEBUG] camada candidata x: min=32.473658 max=32.473658 n=8
step=00052 species=  C N=00267 vac=0006 axis=x surf=yz Eads=-7.4551 eV P=1.000e+00 E=-2295.1355 eV hmax=7.318 A hmean=5.950 A rough=0.666 A occ1=0.600 tested=8
[TEMPLATE DEBUG] total=746 species_filter=0 restriction=0 direction=221 global_front=0 occupied=50 connection=464 min_dist=3 pre_shell=8 post_shell=7 tested_energy=7
[TEMPLATE DEBUG] camada candidata x: min=32.473658 max=32.473658 n=7
step=00053 species=  C N=00268 vac=0006 axis=x surf=yz Eads=-9.4299 eV P=1.000e+00 E=-2305.1411 eV hmax=7.382 A hmean=6.100 A rough=0.753 A occ1=0.600 tested=7
[TEMPLATE DEBUG] total=746 species_filter=0 restriction=0 direction=221 global_front=0 occupied=51 connection=463 min_dist=3 pre_shell=8 post_shell=6 tested_energy=6
[TEMPLATE DEBUG] camada candidata x: min=32.473658 max=32.473658 n=6
step=00054 species=  C N=00269 vac=0006 axis=x surf=yz Eads=-7.0400 eV P=9.979e-01 E=-2312.8708 eV hmax=7.371 A hmean=6.395 A rough=0.810 A occ1=0.600 tested=6
[TEMPLATE DEBUG] total=746 species_filter=0 restriction=0 direction=221 global_front=0 occupied=52 connection=462 min_dist=3 pre_shell=8 post_shell=5 tested_energy=5
[TEMPLATE DEBUG] camada candidata x: min=32.473658 max=32.473658 n=5
step=00055 species=  C N=00270 vac=0006 axis=x surf=yz Eads=-10.6355 eV P=1.000e+00 E=-2323.8953 eV hmax=7.371 A hmean=6.399 A rough=0.854 A occ1=0.600 tested=5
[TEMPLATE DEBUG] total=746 species_filter=0 restriction=0 direction=221 global_front=0 occupied=53 connection=461 min_dist=3 pre_shell=8 post_shell=4 tested_energy=4
[TEMPLATE DEBUG] camada candidata x: min=32.473658 max=32.473658 n=4
step=00056 species=  C N=00271 vac=0006 axis=x surf=yz Eads=-6.3665 eV P=9.993e-01 E=-2330.6709 eV hmax=7.371 A hmean=6.700 A rough=0.891 A occ1=0.600 tested=4
[TEMPLATE DEBUG] total=746 species_filter=0 restriction=0 direction=221 global_front=0 occupied=54 connection=459 min_dist=3 pre_shell=9 post_shell=4 tested_energy=4
[TEMPLATE DEBUG] camada candidata x: min=32.473658 max=32.473658 n=4
step=00057 species=  C N=00272 vac=0006 axis=x surf=yz Eads=-8.0273 eV P=1.000e+00 E=-2339.1809 eV hmax=7.371 A hmean=6.696 A rough=0.913 A occ1=0.600 tested=4
[TEMPLATE DEBUG] total=746 species_filter=0 restriction=0 direction=221 global_front=0 occupied=55 connection=458 min_dist=3 pre_shell=9 post_shell=3 tested_energy=3
[TEMPLATE DEBUG] camada candidata x: min=32.473658 max=32.473658 n=3
step=00058 species=  C N=00273 vac=0006 axis=x surf=yz Eads=-6.2705 eV P=9.905e-01 E=-2346.2671 eV hmax=7.376 A hmean=6.847 A rough=0.937 A occ1=0.600 tested=3
[TEMPLATE DEBUG] total=746 species_filter=0 restriction=0 direction=221 global_front=0 occupied=56 connection=456 min_dist=3 pre_shell=10 post_shell=3 tested_energy=3
[TEMPLATE DEBUG] camada candidata x: min=32.473658 max=32.473658 n=3
step=00059 species=  C N=00274 vac=0006 axis=x surf=yz Eads=-6.6128 eV P=1.000e+00 E=-2356.7588 eV hmax=7.475 A hmean=7.012 A rough=0.971 A occ1=0.600 tested=3
[TEMPLATE DEBUG] total=746 species_filter=0 restriction=0 direction=221 global_front=0 occupied=56 connection=455 min_dist=5 pre_shell=9 post_shell=1 tested_energy=1
[TEMPLATE DEBUG] camada candidata x: min=32.473658 max=32.473658 n=1
step=00060 species=  C N=00275 vac=0006 axis=x surf=yz Eads=-5.3596 eV P=1.000e+00 E=-2362.8794 eV hmax=7.475 A hmean=7.161 A rough=0.979 A occ1=0.600 tested=1
[TEMPLATE DEBUG] total=746 species_filter=0 restriction=0 direction=221 global_front=0 occupied=56 connection=453 min_dist=6 pre_shell=10 post_shell=1 tested_energy=1
[TEMPLATE DEBUG] camada candidata x: min=32.473658 max=32.473658 n=1
[INFO] vacância sorteada por --impurity em posição template; espécie que seria depositada: C.
[INFO] vacância frozen registrada no sítio template 277; esse sítio não poderá ser depositado novamente.
step=00061 species=vac impurity=vac intended=C N=00275 vac=0007 axis=x surf=yz Eads=+0.0000 eV P=1.000e+00 E=-2362.8794 eV hmax=7.475 A hmean=7.161 A rough=0.979 A occ1=0.600 tested=1
[TEMPLATE DEBUG] total=746 species_filter=0 restriction=0 direction=221 global_front=0 occupied=57 connection=453 min_dist=6 pre_shell=9 post_shell=9 tested_energy=9
[TEMPLATE DEBUG] camada candidata x: min=33.703414 max=33.703414 n=9
step=00062 species=  C N=00276 vac=0007 axis=x surf=yz Eads=-7.1262 eV P=9.790e-01 E=-2370.8149 eV hmax=8.557 A hmean=7.316 A rough=0.717 A occ1=0.600 tested=9
[TEMPLATE DEBUG] total=746 species_filter=0 restriction=0 direction=221 global_front=0 occupied=58 connection=452 min_dist=6 pre_shell=9 post_shell=8 tested_energy=8
[TEMPLATE DEBUG] camada candidata x: min=33.703414 max=33.703414 n=8
step=00063 species=  C N=00277 vac=0007 axis=x surf=yz Eads=-9.1711 eV P=1.000e+00 E=-2380.5391 eV hmax=8.574 A hmean=7.327 A rough=0.797 A occ1=0.600 tested=8
[TEMPLATE DEBUG] total=746 species_filter=0 restriction=0 direction=221 global_front=0 occupied=59 connection=451 min_dist=6 pre_shell=9 post_shell=7 tested_energy=7
[TEMPLATE DEBUG] camada candidata x: min=33.703414 max=33.703414 n=7
step=00064 species=  C N=00278 vac=0007 axis=x surf=yz Eads=-7.1187 eV P=9.754e-01 E=-2388.0959 eV hmax=8.549 A hmean=7.467 A rough=0.851 A occ1=0.600 tested=7
[TEMPLATE DEBUG] total=746 species_filter=0 restriction=0 direction=221 global_front=0 occupied=60 connection=450 min_dist=6 pre_shell=9 post_shell=6 tested_energy=6
[TEMPLATE DEBUG] camada candidata x: min=33.703414 max=33.703414 n=6
step=00065 species=  C N=00279 vac=0007 axis=x surf=yz Eads=-10.9382 eV P=1.000e+00 E=-2399.3965 eV hmax=8.607 A hmean=7.475 A rough=0.895 A occ1=0.600 tested=6
[TEMPLATE DEBUG] total=746 species_filter=0 restriction=0 direction=221 global_front=0 occupied=61 connection=449 min_dist=6 pre_shell=9 post_shell=5 tested_energy=5
[TEMPLATE DEBUG] camada candidata x: min=33.703414 max=33.703414 n=5
step=00066 species=  C N=00280 vac=0007 axis=x surf=yz Eads=-6.9363 eV P=1.000e+00 E=-2406.9763 eV hmax=8.607 A hmean=7.627 A rough=0.926 A occ1=0.600 tested=5
[TEMPLATE DEBUG] total=746 species_filter=0 restriction=0 direction=221 global_front=0 occupied=62 connection=448 min_dist=6 pre_shell=9 post_shell=4 tested_energy=4
[TEMPLATE DEBUG] camada candidata x: min=33.703414 max=33.703414 n=4
step=00067 species=  C N=00281 vac=0007 axis=x surf=yz Eads=-9.9885 eV P=1.000e+00 E=-2417.9863 eV hmax=8.589 A hmean=7.783 A rough=0.950 A occ1=0.600 tested=4
[TEMPLATE DEBUG] total=746 species_filter=0 restriction=0 direction=221 global_front=0 occupied=63 connection=447 min_dist=6 pre_shell=9 post_shell=3 tested_energy=3
[TEMPLATE DEBUG] camada candidata x: min=33.703414 max=33.703414 n=3
step=00068 species=  C N=00282 vac=0007 axis=x surf=yz Eads=-6.2795 eV P=9.011e-01 E=-2425.7354 eV hmax=8.589 A hmean=7.903 A rough=0.967 A occ1=0.600 tested=3
[TEMPLATE DEBUG] total=746 species_filter=0 restriction=0 direction=221 global_front=0 occupied=63 connection=446 min_dist=7 pre_shell=9 post_shell=2 tested_energy=2
[TEMPLATE DEBUG] camada candidata x: min=33.703414 max=33.703414 n=2
step=00069 species=  C N=00283 vac=0007 axis=x surf=yz Eads=-8.4814 eV P=1.000e+00 E=-2436.0522 eV hmax=8.589 A hmean=7.902 A rough=0.980 A occ1=0.600 tested=2
[TEMPLATE DEBUG] total=746 species_filter=0 restriction=0 direction=221 global_front=0 occupied=64 connection=445 min_dist=7 pre_shell=9 post_shell=1 tested_energy=1
[TEMPLATE DEBUG] camada candidata x: min=33.703414 max=33.703414 n=1
step=00070 species=  C N=00284 vac=0007 axis=x surf=yz Eads=-5.3008 eV P=1.000e+00 E=-2443.3928 eV hmax=8.589 A hmean=8.046 A rough=0.987 A occ1=0.600 tested=1
[TEMPLATE DEBUG] total=746 species_filter=0 restriction=0 direction=221 global_front=0 occupied=66 connection=443 min_dist=6 pre_shell=10 post_shell=1 tested_energy=1
[TEMPLATE DEBUG] camada candidata x: min=33.703414 max=33.703414 n=1
step=00071 species=  C N=00285 vac=0007 axis=x surf=yz Eads=-6.5447 eV P=1.000e+00 E=-2451.7078 eV hmax=8.589 A hmean=8.385 A rough=0.993 A occ1=0.600 tested=1
[TEMPLATE DEBUG] total=746 species_filter=0 restriction=0 direction=221 global_front=0 occupied=66 connection=442 min_dist=7 pre_shell=10 post_shell=10 tested_energy=10
[TEMPLATE DEBUG] camada candidata x: min=34.933170 max=34.933170 n=10
step=00072 species=  C N=00286 vac=0007 axis=x surf=yz Eads=-6.7156 eV P=4.731e-01 E=-2458.8232 eV hmax=9.815 A hmean=8.538 A rough=0.661 A occ1=0.600 tested=10
[TEMPLATE DEBUG] total=746 species_filter=0 restriction=0 direction=221 global_front=0 occupied=67 connection=441 min_dist=7 pre_shell=10 post_shell=9 tested_energy=9
[TEMPLATE DEBUG] camada candidata x: min=34.933170 max=34.933170 n=9
step=00073 species=  C N=00287 vac=0007 axis=x surf=yz Eads=-10.5015 eV P=1.000e+00 E=-2469.7263 eV hmax=9.831 A hmean=8.689 A rough=0.744 A occ1=0.600 tested=9
[TEMPLATE DEBUG] total=746 species_filter=0 restriction=0 direction=221 global_front=0 occupied=68 connection=440 min_dist=7 pre_shell=10 post_shell=8 tested_energy=8
[TEMPLATE DEBUG] camada candidata x: min=34.933170 max=34.933170 n=8
step=00074 species=  C N=00288 vac=0007 axis=x surf=yz Eads=-7.1021 eV P=9.997e-01 E=-2477.2661 eV hmax=9.815 A hmean=8.990 A rough=0.800 A occ1=0.600 tested=8
[TEMPLATE DEBUG] total=746 species_filter=0 restriction=0 direction=221 global_front=0 occupied=69 connection=439 min_dist=7 pre_shell=10 post_shell=7 tested_energy=7
[TEMPLATE DEBUG] camada candidata x: min=34.933170 max=34.933170 n=7
step=00075 species=  C N=00289 vac=0007 axis=x surf=yz Eads=-11.0190 eV P=1.000e+00 E=-2488.6416 eV hmax=9.815 A hmean=9.000 A rough=0.843 A occ1=0.600 tested=7
[TEMPLATE DEBUG] total=746 species_filter=0 restriction=0 direction=221 global_front=0 occupied=70 connection=438 min_dist=7 pre_shell=10 post_shell=6 tested_energy=6
[TEMPLATE DEBUG] camada candidata x: min=34.933170 max=34.933170 n=6
step=00076 species=  C N=00290 vac=0007 axis=x surf=yz Eads=-6.6760 eV P=1.000e+00 E=-2496.6042 eV hmax=9.815 A hmean=9.132 A rough=0.870 A occ1=0.600 tested=6
[TEMPLATE DEBUG] total=746 species_filter=0 restriction=0 direction=221 global_front=0 occupied=71 connection=437 min_dist=7 pre_shell=10 post_shell=5 tested_energy=5
[TEMPLATE DEBUG] camada candidata x: min=34.933170 max=34.933170 n=5
step=00077 species=  C N=00291 vac=0007 axis=x surf=yz Eads=-10.0552 eV P=1.000e+00 E=-2507.7700 eV hmax=9.815 A hmean=9.264 A rough=0.893 A occ1=0.600 tested=5
[TEMPLATE DEBUG] total=746 species_filter=0 restriction=0 direction=221 global_front=0 occupied=72 connection=436 min_dist=7 pre_shell=10 post_shell=4 tested_energy=4
[TEMPLATE DEBUG] camada candidata x: min=34.933170 max=34.933170 n=4
step=00078 species=  C N=00292 vac=0007 axis=x surf=yz Eads=-5.8660 eV P=9.922e-01 E=-2514.3540 eV hmax=9.815 A hmean=9.449 A rough=0.913 A occ1=0.600 tested=4
[TEMPLATE DEBUG] total=746 species_filter=0 restriction=0 direction=221 global_front=0 occupied=73 connection=435 min_dist=7 pre_shell=10 post_shell=3 tested_energy=3
[TEMPLATE DEBUG] camada candidata x: min=34.933170 max=34.933170 n=3
step=00079 species=  C N=00293 vac=0007 axis=x surf=yz Eads=-8.6067 eV P=1.000e+00 E=-2524.5059 eV hmax=9.815 A hmean=9.457 A rough=0.931 A occ1=0.600 tested=3
[TEMPLATE DEBUG] total=746 species_filter=0 restriction=0 direction=221 global_front=0 occupied=74 connection=434 min_dist=7 pre_shell=10 post_shell=2 tested_energy=2
[TEMPLATE DEBUG] camada candidata x: min=34.933170 max=34.933170 n=2
step=00080 species=  C N=00294 vac=0007 axis=x surf=yz Eads=-6.5461 eV P=1.000e+00 E=-2531.5193 eV hmax=9.871 A hmean=9.606 A rough=0.948 A occ1=0.600 tested=2
[TEMPLATE DEBUG] total=746 species_filter=0 restriction=0 direction=221 global_front=0 occupied=75 connection=432 min_dist=8 pre_shell=10 post_shell=1 tested_energy=1
[TEMPLATE DEBUG] camada candidata x: min=34.933170 max=34.933170 n=1
step=00081 species=  C N=00295 vac=0007 axis=x surf=yz Eads=-5.7341 eV P=1.000e+00 E=-2538.2864 eV hmax=9.878 A hmean=9.779 A rough=0.960 A occ1=0.600 tested=1
[TEMPLATE DEBUG] total=746 species_filter=0 restriction=0 direction=221 global_front=0 occupied=76 connection=431 min_dist=8 pre_shell=10 post_shell=10 tested_energy=10
[TEMPLATE DEBUG] camada candidata x: min=36.162926 max=36.162926 n=10
step=00082 species=  C N=00296 vac=0007 axis=x surf=yz Eads=-7.7258 eV P=1.000e+00 E=-2546.5073 eV hmax=11.027 A hmean=9.926 A rough=0.681 A occ1=0.600 tested=10
[TEMPLATE DEBUG] total=746 species_filter=0 restriction=0 direction=221 global_front=0 occupied=77 connection=430 min_dist=8 pre_shell=10 post_shell=9 tested_energy=9
[TEMPLATE DEBUG] camada candidata x: min=36.162926 max=36.162926 n=9
step=00083 species=  C N=00297 vac=0007 axis=x surf=yz Eads=-9.6655 eV P=1.000e+00 E=-2556.9138 eV hmax=11.088 A hmean=9.937 A rough=0.760 A occ1=0.600 tested=9
[TEMPLATE DEBUG] total=746 species_filter=0 restriction=0 direction=221 global_front=0 occupied=78 connection=429 min_dist=8 pre_shell=10 post_shell=8 tested_energy=8
[TEMPLATE DEBUG] camada candidata x: min=36.162926 max=36.162926 n=8
step=00084 species=  C N=00298 vac=0007 axis=x surf=yz Eads=-7.2017 eV P=1.000e+00 E=-2566.4893 eV hmax=11.088 A hmean=10.047 A rough=0.798 A occ1=0.600 tested=8
[TEMPLATE DEBUG] total=746 species_filter=0 restriction=0 direction=221 global_front=0 occupied=78 connection=428 min_dist=9 pre_shell=10 post_shell=7 tested_energy=7
[TEMPLATE DEBUG] camada candidata x: min=36.162926 max=36.162926 n=7
step=00085 species=  C N=00299 vac=0007 axis=x surf=yz Eads=-6.8091 eV P=9.955e-01 E=-2575.4431 eV hmax=11.088 A hmean=10.234 A rough=0.834 A occ1=0.600 tested=7
[TEMPLATE DEBUG] total=746 species_filter=0 restriction=0 direction=221 global_front=0 occupied=79 connection=427 min_dist=9 pre_shell=10 post_shell=6 tested_energy=6
[TEMPLATE DEBUG] camada candidata x: min=36.162926 max=36.162926 n=6
step=00086 species=  C N=00300 vac=0007 axis=x surf=yz Eads=-6.5764 eV P=7.844e-01 E=-2583.2009 eV hmax=11.063 A hmean=10.371 A rough=0.866 A occ1=0.600 tested=6
[TEMPLATE DEBUG] total=746 species_filter=0 restriction=0 direction=221 global_front=0 occupied=80 connection=426 min_dist=9 pre_shell=10 post_shell=5 tested_energy=5
[TEMPLATE DEBUG] camada candidata x: min=36.162926 max=36.162926 n=5
step=00087 species=  C N=00301 vac=0007 axis=x surf=yz Eads=-10.2234 eV P=1.000e+00 E=-2594.0581 eV hmax=11.063 A hmean=10.523 A rough=0.895 A occ1=0.600 tested=5
[TEMPLATE DEBUG] total=746 species_filter=0 restriction=0 direction=221 global_front=0 occupied=81 connection=425 min_dist=9 pre_shell=10 post_shell=4 tested_energy=4
[TEMPLATE DEBUG] camada candidata x: min=36.162926 max=36.162926 n=4
step=00088 species=  C N=00302 vac=0007 axis=x surf=yz Eads=-7.1980 eV P=1.000e+00 E=-2601.5076 eV hmax=11.063 A hmean=10.674 A rough=0.918 A occ1=0.600 tested=4
[TEMPLATE DEBUG] total=746 species_filter=0 restriction=0 direction=221 global_front=0 occupied=82 connection=424 min_dist=9 pre_shell=10 post_shell=3 tested_energy=3
[TEMPLATE DEBUG] camada candidata x: min=36.162926 max=36.162926 n=3
step=00089 species=  C N=00303 vac=0007 axis=x surf=yz Eads=-10.4900 eV P=1.000e+00 E=-2612.4761 eV hmax=11.063 A hmean=10.681 A rough=0.935 A occ1=0.600 tested=3
[TEMPLATE DEBUG] total=746 species_filter=0 restriction=0 direction=221 global_front=0 occupied=83 connection=423 min_dist=9 pre_shell=10 post_shell=2 tested_energy=2
[TEMPLATE DEBUG] camada candidata x: min=36.162926 max=36.162926 n=2
step=00090 species=  C N=00304 vac=0007 axis=x surf=yz Eads=-6.9346 eV P=9.998e-01 E=-2619.8296 eV hmax=11.063 A hmean=10.848 A rough=0.948 A occ1=0.600 tested=2
[TEMPLATE DEBUG] total=746 species_filter=0 restriction=0 direction=221 global_front=0 occupied=84 connection=422 min_dist=9 pre_shell=10 post_shell=1 tested_energy=1
[TEMPLATE DEBUG] camada candidata x: min=36.162926 max=36.162926 n=1
step=00091 species=  C N=00305 vac=0007 axis=x surf=yz Eads=-10.7336 eV P=1.000e+00 E=-2631.6143 eV hmax=11.063 A hmean=10.838 A rough=0.950 A occ1=0.600 tested=1
[TEMPLATE DEBUG] total=746 species_filter=0 restriction=0 direction=221 global_front=0 occupied=85 connection=421 min_dist=9 pre_shell=10 post_shell=10 tested_energy=10
[TEMPLATE DEBUG] camada candidata x: min=37.392682 max=37.392682 n=10
step=00092 species=  C N=00306 vac=0007 axis=x surf=yz Eads=-6.0789 eV P=1.605e-01 E=-2638.2405 eV hmax=12.259 A hmean=10.998 A rough=0.673 A occ1=0.600 tested=10
[TEMPLATE DEBUG] total=746 species_filter=0 restriction=0 direction=221 global_front=0 occupied=86 connection=420 min_dist=9 pre_shell=10 post_shell=9 tested_energy=9
[TEMPLATE DEBUG] camada candidata x: min=37.392682 max=37.392682 n=9
step=00093 species=  C N=00307 vac=0007 axis=x surf=yz Eads=-10.5349 eV P=1.000e+00 E=-2649.2664 eV hmax=12.270 A hmean=11.150 A rough=0.755 A occ1=0.600 tested=9
[TEMPLATE DEBUG] total=746 species_filter=0 restriction=0 direction=221 global_front=0 occupied=87 connection=419 min_dist=9 pre_shell=10 post_shell=8 tested_energy=8
[TEMPLATE DEBUG] camada candidata x: min=37.392682 max=37.392682 n=8
step=00094 species=  C N=00308 vac=0007 axis=x surf=yz Eads=-7.0647 eV P=9.075e-01 E=-2656.6055 eV hmax=12.257 A hmean=11.449 A rough=0.814 A occ1=0.600 tested=8
[TEMPLATE DEBUG] total=746 species_filter=0 restriction=0 direction=221 global_front=0 occupied=88 connection=418 min_dist=9 pre_shell=10 post_shell=7 tested_energy=7
[TEMPLATE DEBUG] camada candidata x: min=37.392682 max=37.392682 n=7
step=00095 species=  C N=00309 vac=0007 axis=x surf=yz Eads=-10.4502 eV P=1.000e+00 E=-2667.6619 eV hmax=12.253 A hmean=11.457 A rough=0.859 A occ1=0.600 tested=7
[TEMPLATE DEBUG] total=746 species_filter=0 restriction=0 direction=221 global_front=0 occupied=89 connection=417 min_dist=9 pre_shell=10 post_shell=6 tested_energy=6
[TEMPLATE DEBUG] camada candidata x: min=37.392682 max=37.392682 n=6
step=00096 species=  C N=00310 vac=0007 axis=x surf=yz Eads=-6.9651 eV P=9.996e-01 E=-2675.0930 eV hmax=12.265 A hmean=11.621 A rough=0.894 A occ1=0.600 tested=6
[TEMPLATE DEBUG] total=746 species_filter=0 restriction=0 direction=221 global_front=0 occupied=90 connection=416 min_dist=9 pre_shell=10 post_shell=5 tested_energy=5
[TEMPLATE DEBUG] camada candidata x: min=37.392682 max=37.392682 n=5
step=00097 species=  C N=00311 vac=0007 axis=x surf=yz Eads=-10.4753 eV P=1.000e+00 E=-2686.0747 eV hmax=12.253 A hmean=11.625 A rough=0.919 A occ1=0.600 tested=5
[TEMPLATE DEBUG] total=746 species_filter=0 restriction=0 direction=221 global_front=0 occupied=91 connection=415 min_dist=9 pre_shell=10 post_shell=4 tested_energy=4
[TEMPLATE DEBUG] camada candidata x: min=37.392682 max=37.392682 n=4
step=00098 species=  C N=00312 vac=0007 axis=x surf=yz Eads=-6.6299 eV P=9.969e-01 E=-2693.2827 eV hmax=12.253 A hmean=11.774 A rough=0.940 A occ1=0.600 tested=4
[TEMPLATE DEBUG] total=746 species_filter=0 restriction=0 direction=221 global_front=0 occupied=92 connection=414 min_dist=9 pre_shell=10 post_shell=3 tested_energy=3
[TEMPLATE DEBUG] camada candidata x: min=37.392682 max=37.392682 n=3
[INFO] vacância sorteada por --impurity em posição template; espécie que seria depositada: C.
[INFO] vacância frozen registrada no sítio template 319; esse sítio não poderá ser depositado novamente.
step=00099 species=vac impurity=vac intended=C N=00312 vac=0008 axis=x surf=yz Eads=+0.0000 eV P=1.000e+00 E=-2693.2827 eV hmax=12.253 A hmean=11.774 A rough=0.940 A occ1=0.600 tested=3
[TEMPLATE DEBUG] total=746 species_filter=0 restriction=0 direction=221 global_front=0 occupied=93 connection=414 min_dist=9 pre_shell=9 post_shell=2 tested_energy=2
[TEMPLATE DEBUG] camada candidata x: min=37.392682 max=37.392682 n=2
step=00100 species=  C N=00313 vac=0008 axis=x surf=yz Eads=-6.3860 eV P=1.000e+00 E=-2700.5103 eV hmax=12.309 A hmean=11.923 A rough=0.961 A occ1=0.600 tested=2
[TEMPLATE DEBUG] total=746 species_filter=0 restriction=0 direction=221 global_front=0 occupied=93 connection=412 min_dist=11 pre_shell=9 post_shell=1 tested_energy=1
[TEMPLATE DEBUG] camada candidata x: min=37.392682 max=37.392682 n=1
step=00101 species=  C N=00314 vac=0008 axis=x surf=yz Eads=-6.6016 eV P=1.000e+00 E=-2710.6277 eV hmax=12.365 A hmean=12.081 A rough=0.985 A occ1=0.600 tested=1
[TEMPLATE DEBUG] total=746 species_filter=0 restriction=0 direction=221 global_front=0 occupied=94 connection=411 min_dist=11 pre_shell=9 post_shell=9 tested_energy=9
[TEMPLATE DEBUG] camada candidata x: min=38.622438 max=38.622438 n=9
step=00102 species=  C N=00315 vac=0008 axis=x surf=yz Eads=-7.7424 eV P=1.000e+00 E=-2718.9380 eV hmax=13.467 A hmean=12.233 A rough=0.719 A occ1=0.600 tested=9
[TEMPLATE DEBUG] total=746 species_filter=0 restriction=0 direction=221 global_front=0 occupied=95 connection=410 min_dist=11 pre_shell=9 post_shell=8 tested_energy=8
[TEMPLATE DEBUG] camada candidata x: min=38.622438 max=38.622438 n=8
step=00103 species=  C N=00316 vac=0008 axis=x surf=yz Eads=-9.1851 eV P=1.000e+00 E=-2728.6692 eV hmax=13.494 A hmean=12.245 A rough=0.797 A occ1=0.600 tested=8
[TEMPLATE DEBUG] total=746 species_filter=0 restriction=0 direction=221 global_front=0 occupied=96 connection=409 min_dist=11 pre_shell=9 post_shell=7 tested_energy=7
[TEMPLATE DEBUG] camada candidata x: min=38.622438 max=38.622438 n=7
step=00104 species=  C N=00317 vac=0008 axis=x surf=yz Eads=-7.1152 eV P=1.000e+00 E=-2736.1145 eV hmax=13.472 A hmean=12.394 A rough=0.853 A occ1=0.600 tested=7
[TEMPLATE DEBUG] total=746 species_filter=0 restriction=0 direction=221 global_front=0 occupied=97 connection=408 min_dist=11 pre_shell=9 post_shell=6 tested_energy=6
[TEMPLATE DEBUG] camada candidata x: min=38.622438 max=38.622438 n=6
step=00105 species=  C N=00318 vac=0008 axis=x surf=yz Eads=-10.4609 eV P=1.000e+00 E=-2747.0754 eV hmax=13.496 A hmean=12.400 A rough=0.897 A occ1=0.600 tested=6
[TEMPLATE DEBUG] total=746 species_filter=0 restriction=0 direction=221 global_front=0 occupied=98 connection=407 min_dist=11 pre_shell=9 post_shell=5 tested_energy=5
[TEMPLATE DEBUG] camada candidata x: min=38.622438 max=38.622438 n=5
step=00106 species=  C N=00319 vac=0008 axis=x surf=yz Eads=-7.0938 eV P=1.000e+00 E=-2754.4399 eV hmax=13.498 A hmean=12.558 A rough=0.931 A occ1=0.600 tested=5
[TEMPLATE DEBUG] total=746 species_filter=0 restriction=0 direction=221 global_front=0 occupied=99 connection=406 min_dist=11 pre_shell=9 post_shell=4 tested_energy=4
[TEMPLATE DEBUG] camada candidata x: min=38.622438 max=38.622438 n=4
step=00107 species=  C N=00320 vac=0008 axis=x surf=yz Eads=-10.4878 eV P=1.000e+00 E=-2765.4910 eV hmax=13.484 A hmean=12.709 A rough=0.955 A occ1=0.600 tested=4
[TEMPLATE DEBUG] total=746 species_filter=0 restriction=0 direction=221 global_front=0 occupied=100 connection=405 min_dist=11 pre_shell=9 post_shell=3 tested_energy=3
[TEMPLATE DEBUG] camada candidata x: min=38.622438 max=38.622438 n=3
step=00108 species=  C N=00321 vac=0008 axis=x surf=yz Eads=-6.9866 eV P=1.000e+00 E=-2773.4714 eV hmax=13.568 A hmean=12.856 A rough=0.974 A occ1=0.600 tested=3
[TEMPLATE DEBUG] total=746 species_filter=0 restriction=0 direction=221 global_front=0 occupied=101 connection=404 min_dist=11 pre_shell=9 post_shell=2 tested_energy=2
[TEMPLATE DEBUG] camada candidata x: min=38.622438 max=38.622438 n=2
step=00109 species=  C N=00322 vac=0008 axis=x surf=yz Eads=-8.4712 eV P=1.000e+00 E=-2784.2761 eV hmax=13.478 A hmean=12.833 A rough=0.988 A occ1=0.600 tested=2
[TEMPLATE DEBUG] total=746 species_filter=0 restriction=0 direction=221 global_front=0 occupied=102 connection=403 min_dist=11 pre_shell=9 post_shell=1 tested_energy=1
[TEMPLATE DEBUG] camada candidata x: min=38.622438 max=38.622438 n=1
step=00110 species=  C N=00323 vac=0008 axis=x surf=yz Eads=-5.8679 eV P=1.000e+00 E=-2791.8235 eV hmax=13.478 A hmean=12.967 A rough=0.998 A occ1=0.600 tested=1
[TEMPLATE DEBUG] total=746 species_filter=0 restriction=0 direction=221 global_front=0 occupied=102 connection=401 min_dist=12 pre_shell=10 post_shell=1 tested_energy=1
[TEMPLATE DEBUG] camada candidata x: min=38.622438 max=38.622438 n=1
step=00111 species=  C N=00324 vac=0008 axis=x surf=yz Eads=-6.8479 eV P=1.000e+00 E=-2800.2974 eV hmax=13.495 A hmean=13.311 A rough=1.007 A occ1=0.600 tested=1
[TEMPLATE DEBUG] total=746 species_filter=0 restriction=0 direction=221 global_front=0 occupied=103 connection=400 min_dist=12 pre_shell=10 post_shell=10 tested_energy=10
[TEMPLATE DEBUG] camada candidata x: min=39.852194 max=39.852194 n=10
step=00112 species=  C N=00325 vac=0008 axis=x surf=yz Eads=-6.7781 eV P=8.906e-01 E=-2808.2024 eV hmax=14.607 A hmean=13.443 A rough=0.662 A occ1=0.600 tested=10
[TEMPLATE DEBUG] total=746 species_filter=0 restriction=0 direction=221 global_front=0 occupied=104 connection=399 min_dist=12 pre_shell=10 post_shell=9 tested_energy=9
[TEMPLATE DEBUG] camada candidata x: min=39.852194 max=39.852194 n=9
step=00113 species=  C N=00326 vac=0008 axis=x surf=yz Eads=-9.7549 eV P=1.000e+00 E=-2819.0056 eV hmax=14.713 A hmean=13.589 A rough=0.742 A occ1=0.600 tested=9
[TEMPLATE DEBUG] total=746 species_filter=0 restriction=0 direction=221 global_front=0 occupied=105 connection=398 min_dist=12 pre_shell=10 post_shell=8 tested_energy=8
[TEMPLATE DEBUG] camada candidata x: min=39.852194 max=39.852194 n=8
step=00114 species=  C N=00327 vac=0008 axis=x surf=yz Eads=-7.3086 eV P=1.000e+00 E=-2826.5898 eV hmax=14.709 A hmean=13.887 A rough=0.801 A occ1=0.600 tested=8
[TEMPLATE DEBUG] total=746 species_filter=0 restriction=0 direction=221 global_front=0 occupied=106 connection=397 min_dist=12 pre_shell=10 post_shell=7 tested_energy=7
[TEMPLATE DEBUG] camada candidata x: min=39.852194 max=39.852194 n=7
step=00115 species=  C N=00328 vac=0008 axis=x surf=yz Eads=-10.4124 eV P=1.000e+00 E=-2837.5017 eV hmax=14.720 A hmean=13.896 A rough=0.845 A occ1=0.600 tested=7
[TEMPLATE DEBUG] total=746 species_filter=0 restriction=0 direction=221 global_front=0 occupied=107 connection=396 min_dist=12 pre_shell=10 post_shell=6 tested_energy=6
[TEMPLATE DEBUG] camada candidata x: min=39.852194 max=39.852194 n=6
[INFO] vacância sorteada por --impurity em posição template; espécie que seria depositada: C.
[INFO] vacância frozen registrada no sítio template 344; esse sítio não poderá ser depositado novamente.
step=00116 species=vac impurity=vac intended=C N=00328 vac=0009 axis=x surf=yz Eads=+0.0000 eV P=1.000e+00 E=-2837.5017 eV hmax=14.720 A hmean=13.896 A rough=0.845 A occ1=0.600 tested=6
[TEMPLATE DEBUG] total=746 species_filter=0 restriction=0 direction=221 global_front=0 occupied=108 connection=396 min_dist=12 pre_shell=9 post_shell=5 tested_energy=5
[TEMPLATE DEBUG] camada candidata x: min=39.852194 max=39.852194 n=5
[INFO] vacância sorteada por --impurity em posição template; espécie que seria depositada: C.
[INFO] vacância frozen registrada no sítio template 345; esse sítio não poderá ser depositado novamente.
step=00117 species=vac impurity=vac intended=C N=00328 vac=0010 axis=x surf=yz Eads=+0.0000 eV P=9.918e-01 E=-2837.5017 eV hmax=14.720 A hmean=13.896 A rough=0.845 A occ1=0.600 tested=5
[TEMPLATE DEBUG] total=746 species_filter=0 restriction=0 direction=221 global_front=0 occupied=109 connection=396 min_dist=12 pre_shell=8 post_shell=4 tested_energy=4
[TEMPLATE DEBUG] camada candidata x: min=39.852194 max=39.852194 n=4
step=00118 species=  C N=00329 vac=0010 axis=x surf=yz Eads=-5.9946 eV P=5.226e-01 E=-2844.0759 eV hmax=14.720 A hmean=14.060 A rough=0.876 A occ1=0.600 tested=4
[TEMPLATE DEBUG] total=746 species_filter=0 restriction=0 direction=221 global_front=0 occupied=110 connection=395 min_dist=12 pre_shell=8 post_shell=3 tested_energy=3
[TEMPLATE DEBUG] camada candidata x: min=39.852194 max=39.852194 n=3
[INFO] vacância sorteada por --impurity em posição template; espécie que seria depositada: C.
[INFO] vacância frozen registrada no sítio template 343; esse sítio não poderá ser depositado novamente.
step=00119 species=vac impurity=vac intended=C N=00329 vac=0011 axis=x surf=yz Eads=+0.0000 eV P=1.000e+00 E=-2844.0759 eV hmax=14.720 A hmean=14.060 A rough=0.876 A occ1=0.600 tested=3
[TEMPLATE DEBUG] total=746 species_filter=0 restriction=0 direction=221 global_front=0 occupied=111 connection=395 min_dist=12 pre_shell=7 post_shell=2 tested_energy=2
[TEMPLATE DEBUG] camada candidata x: min=39.852194 max=39.852194 n=2
step=00120 species=  C N=00330 vac=0011 axis=x surf=yz Eads=-6.8445 eV P=1.000e+00 E=-2851.3389 eV hmax=14.778 A hmean=14.209 A rough=0.908 A occ1=0.600 tested=2
[TEMPLATE DEBUG] total=746 species_filter=0 restriction=0 direction=221 global_front=0 occupied=112 connection=393 min_dist=13 pre_shell=7 post_shell=1 tested_energy=1
[TEMPLATE DEBUG] camada candidata x: min=39.852194 max=39.852194 n=1
step=00121 species=  C N=00331 vac=0011 axis=x surf=yz Eads=-5.5449 eV P=1.000e+00 E=-2858.0898 eV hmax=14.785 A hmean=14.383 A rough=0.933 A occ1=0.600 tested=1
[TEMPLATE DEBUG] total=746 species_filter=0 restriction=0 direction=221 global_front=0 occupied=114 connection=392 min_dist=12 pre_shell=7 post_shell=7 tested_energy=7
[TEMPLATE DEBUG] camada candidata x: min=41.081950 max=41.081950 n=7
step=00122 species=  C N=00332 vac=0011 axis=x surf=yz Eads=-7.5945 eV P=9.996e-01 E=-2866.1257 eV hmax=15.924 A hmean=14.526 A rough=0.714 A occ1=0.600 tested=7
[TEMPLATE DEBUG] total=746 species_filter=0 restriction=0 direction=221 global_front=0 occupied=114 connection=391 min_dist=13 pre_shell=7 post_shell=6 tested_energy=6
[TEMPLATE DEBUG] camada candidata x: min=41.081950 max=41.081950 n=6
[INFO] vacância sorteada por --impurity em posição template; espécie que seria depositada: C.
[INFO] vacância frozen registrada no sítio template 355; esse sítio não poderá ser depositado novamente.
step=00123 species=vac impurity=vac intended=C N=00332 vac=0012 axis=x surf=yz Eads=+0.0000 eV P=1.000e+00 E=-2866.1257 eV hmax=15.924 A hmean=14.526 A rough=0.714 A occ1=0.600 tested=6
[TEMPLATE DEBUG] total=746 species_filter=0 restriction=0 direction=221 global_front=0 occupied=115 connection=391 min_dist=13 pre_shell=6 post_shell=5 tested_energy=5
[TEMPLATE DEBUG] camada candidata x: min=41.081950 max=41.081950 n=5
step=00124 species=  C N=00333 vac=0012 axis=x surf=yz Eads=-7.3086 eV P=1.000e+00 E=-2874.2612 eV hmax=15.937 A hmean=14.664 A rough=0.803 A occ1=0.600 tested=5
[TEMPLATE DEBUG] total=746 species_filter=0 restriction=0 direction=221 global_front=0 occupied=116 connection=390 min_dist=13 pre_shell=6 post_shell=4 tested_energy=4
[TEMPLATE DEBUG] camada candidata x: min=41.081950 max=41.081950 n=4
step=00125 species=  C N=00334 vac=0012 axis=x surf=yz Eads=-7.3354 eV P=1.000e+00 E=-2883.3367 eV hmax=15.905 A hmean=14.816 A rough=0.860 A occ1=0.600 tested=4
[TEMPLATE DEBUG] total=746 species_filter=0 restriction=0 direction=221 global_front=0 occupied=117 connection=389 min_dist=13 pre_shell=6 post_shell=3 tested_energy=3
[TEMPLATE DEBUG] camada candidata x: min=41.081950 max=41.081950 n=3
[INFO] vacância sorteada por --impurity em posição template; espécie que seria depositada: C.
[INFO] vacância frozen registrada no sítio template 348; esse sítio não poderá ser depositado novamente.
step=00126 species=vac impurity=vac intended=C N=00334 vac=0013 axis=x surf=yz Eads=+0.0000 eV P=1.000e+00 E=-2883.3367 eV hmax=15.905 A hmean=14.816 A rough=0.860 A occ1=0.600 tested=3
[TEMPLATE DEBUG] total=746 species_filter=0 restriction=0 direction=221 global_front=0 occupied=118 connection=389 min_dist=13 pre_shell=5 post_shell=2 tested_energy=2
[TEMPLATE DEBUG] camada candidata x: min=41.081950 max=41.081950 n=2
step=00127 species=  C N=00335 vac=0013 axis=x surf=yz Eads=-6.1160 eV P=9.992e-01 E=-2889.8899 eV hmax=15.980 A hmean=14.970 A rough=0.916 A occ1=0.600 tested=2
[TEMPLATE DEBUG] total=746 species_filter=0 restriction=0 direction=221 global_front=0 occupied=119 connection=387 min_dist=13 pre_shell=6 post_shell=2 tested_energy=2
[TEMPLATE DEBUG] camada candidata x: min=41.081950 max=41.081950 n=2
step=00128 species=  C N=00336 vac=0013 axis=x surf=yz Eads=-7.9294 eV P=1.000e+00 E=-2898.2358 eV hmax=15.991 A hmean=15.130 A rough=0.952 A occ1=0.600 tested=2
[TEMPLATE DEBUG] total=746 species_filter=0 restriction=0 direction=221 global_front=0 occupied=120 connection=386 min_dist=13 pre_shell=6 post_shell=1 tested_energy=1
[TEMPLATE DEBUG] camada candidata x: min=41.081950 max=41.081950 n=1
step=00129 species=  C N=00337 vac=0013 axis=x surf=yz Eads=-6.9043 eV P=1.000e+00 E=-2905.6233 eV hmax=15.991 A hmean=15.297 A rough=0.978 A occ1=0.600 tested=1
[TEMPLATE DEBUG] total=746 species_filter=0 restriction=0 direction=221 global_front=0 occupied=121 connection=385 min_dist=13 pre_shell=6 post_shell=6 tested_energy=6
[TEMPLATE DEBUG] camada candidata x: min=42.311707 max=42.311707 n=6
step=00130 species=  C N=00338 vac=0013 axis=x surf=yz Eads=-7.6172 eV P=1.000e+00 E=-2913.7529 eV hmax=17.171 A hmean=15.429 A rough=0.749 A occ1=0.600 tested=6
[TEMPLATE DEBUG] total=746 species_filter=0 restriction=0 direction=221 global_front=0 occupied=122 connection=384 min_dist=13 pre_shell=6 post_shell=5 tested_energy=5
[TEMPLATE DEBUG] camada candidata x: min=42.311707 max=42.311707 n=5
step=00131 species=  C N=00339 vac=0013 axis=x surf=yz Eads=-8.3252 eV P=1.000e+00 E=-2922.9314 eV hmax=17.170 A hmean=15.602 A rough=0.842 A occ1=0.600 tested=5
[TEMPLATE DEBUG] total=746 species_filter=0 restriction=0 direction=221 global_front=0 occupied=123 connection=383 min_dist=13 pre_shell=6 post_shell=4 tested_energy=4
[TEMPLATE DEBUG] camada candidata x: min=42.311707 max=42.311707 n=4
step=00132 species=  C N=00340 vac=0013 axis=x surf=yz Eads=-7.4492 eV P=9.993e-01 E=-2930.9170 eV hmax=17.151 A hmean=15.744 A rough=0.902 A occ1=0.600 tested=4
[TEMPLATE DEBUG] total=746 species_filter=0 restriction=0 direction=221 global_front=0 occupied=124 connection=381 min_dist=13 pre_shell=7 post_shell=4 tested_energy=4
[TEMPLATE DEBUG] camada candidata x: min=42.311707 max=42.311707 n=4
step=00133 species=  C N=00341 vac=0013 axis=x surf=yz Eads=-7.1509 eV P=5.759e-01 E=-2938.5903 eV hmax=17.267 A hmean=16.208 A rough=0.947 A occ1=0.600 tested=4
[TEMPLATE DEBUG] total=746 species_filter=0 restriction=0 direction=221 global_front=0 occupied=125 connection=379 min_dist=13 pre_shell=8 post_shell=1 tested_energy=1
[TEMPLATE DEBUG] camada candidata x: min=41.081950 max=41.081950 n=1
step=00134 species=  C N=00342 vac=0013 axis=x surf=yz Eads=-6.8220 eV P=1.000e+00 E=-2946.1414 eV hmax=17.199 A hmean=16.185 A rough=0.907 A occ1=0.600 tested=1
[TEMPLATE DEBUG] total=746 species_filter=0 restriction=0 direction=221 global_front=0 occupied=126 connection=378 min_dist=13 pre_shell=8 post_shell=1 tested_energy=1
[TEMPLATE DEBUG] camada candidata x: min=41.081950 max=41.081950 n=1
step=00135 species=  C N=00343 vac=0013 axis=x surf=yz Eads=-7.4675 eV P=1.000e+00 E=-2954.5442 eV hmax=17.151 A hmean=16.328 A rough=0.877 A occ1=0.600 tested=1
[TEMPLATE DEBUG] total=746 species_filter=0 restriction=0 direction=221 global_front=0 occupied=127 connection=378 min_dist=13 pre_shell=7 post_shell=4 tested_energy=4
[TEMPLATE DEBUG] camada candidata x: min=42.311707 max=42.311707 n=4
step=00136 species=  C N=00344 vac=0013 axis=x surf=yz Eads=-7.1162 eV P=1.000e+00 E=-2963.1672 eV hmax=17.183 A hmean=16.489 A rough=0.914 A occ1=0.600 tested=4
[TEMPLATE DEBUG] total=746 species_filter=0 restriction=0 direction=221 global_front=0 occupied=128 connection=376 min_dist=13 pre_shell=8 post_shell=4 tested_energy=4
[TEMPLATE DEBUG] camada candidata x: min=42.311707 max=42.311707 n=4
step=00137 species=  C N=00345 vac=0013 axis=x surf=yz Eads=-6.2085 eV P=1.189e-02 E=-2970.3284 eV hmax=17.211 A hmean=16.652 A rough=0.951 A occ1=0.600 tested=4
[TEMPLATE DEBUG] total=746 species_filter=0 restriction=0 direction=221 global_front=0 occupied=129 connection=375 min_dist=13 pre_shell=8 post_shell=3 tested_energy=3
[TEMPLATE DEBUG] camada candidata x: min=42.311707 max=42.311707 n=3
step=00138 species=  C N=00346 vac=0013 axis=x surf=yz Eads=-9.3279 eV P=1.000e+00 E=-2981.6372 eV hmax=17.330 A hmean=16.658 A rough=0.977 A occ1=0.600 tested=3
[TEMPLATE DEBUG] total=746 species_filter=0 restriction=0 direction=221 global_front=0 occupied=130 connection=376 min_dist=13 pre_shell=6 post_shell=1 tested_energy=1
[TEMPLATE DEBUG] camada candidata x: min=42.311707 max=42.311707 n=1
step=00139 species=  C N=00347 vac=0013 axis=x surf=yz Eads=-6.3975 eV P=1.000e+00 E=-2988.9629 eV hmax=17.330 A hmean=16.806 A rough=0.982 A occ1=0.600 tested=1
[TEMPLATE DEBUG] total=746 species_filter=0 restriction=0 direction=221 global_front=0 occupied=131 connection=374 min_dist=13 pre_shell=7 post_shell=1 tested_energy=1
[TEMPLATE DEBUG] camada candidata x: min=42.311707 max=42.311707 n=1
step=00140 species=  C N=00348 vac=0013 axis=x surf=yz Eads=-7.2549 eV P=1.000e+00 E=-2997.7063 eV hmax=17.368 A hmean=16.828 A rough=0.987 A occ1=0.600 tested=1
[TEMPLATE DEBUG] total=746 species_filter=0 restriction=0 direction=221 global_front=0 occupied=132 connection=373 min_dist=13 pre_shell=7 post_shell=7 tested_energy=7
[TEMPLATE DEBUG] camada candidata x: min=43.541463 max=43.541463 n=7
step=00141 species=  C N=00349 vac=0013 axis=x surf=yz Eads=-7.8701 eV P=1.000e+00 E=-3010.4529 eV hmax=18.141 A hmean=16.989 A rough=0.719 A occ1=0.600 tested=7
[TEMPLATE DEBUG] total=746 species_filter=0 restriction=0 direction=221 global_front=0 occupied=131 connection=374 min_dist=15 pre_shell=5 post_shell=5 tested_energy=5
[TEMPLATE DEBUG] camada candidata x: min=43.541463 max=43.541463 n=5
step=00142 species=  C N=00350 vac=0013 axis=x surf=yz Eads=-6.6597 eV P=1.000e+00 E=-3017.5945 eV hmax=18.425 A hmean=17.146 A rough=0.808 A occ1=0.600 tested=5
[TEMPLATE DEBUG] total=746 species_filter=0 restriction=0 direction=221 global_front=0 occupied=132 connection=372 min_dist=15 pre_shell=6 post_shell=5 tested_energy=5
[TEMPLATE DEBUG] camada candidata x: min=43.541463 max=43.541463 n=5
step=00143 species=  C N=00351 vac=0013 axis=x surf=yz Eads=-8.3005 eV P=1.000e+00 E=-3027.7466 eV hmax=18.375 A hmean=17.189 A rough=0.865 A occ1=0.600 tested=5
[TEMPLATE DEBUG] total=746 species_filter=0 restriction=0 direction=221 global_front=0 occupied=133 connection=371 min_dist=15 pre_shell=6 post_shell=4 tested_energy=4
[TEMPLATE DEBUG] camada candidata x: min=43.541463 max=43.541463 n=4
step=00144 species=  C N=00352 vac=0013 axis=x surf=yz Eads=-6.2026 eV P=1.000e+00 E=-3034.9448 eV hmax=18.385 A hmean=17.304 A rough=0.916 A occ1=0.600 tested=4
[TEMPLATE DEBUG] total=746 species_filter=0 restriction=0 direction=221 global_front=0 occupied=131 connection=369 min_dist=18 pre_shell=7 post_shell=4 tested_energy=4
[TEMPLATE DEBUG] camada candidata x: min=43.541463 max=43.541463 n=4
[INFO] vacância sorteada por --impurity em posição template; espécie que seria depositada: C.
[INFO] vacância frozen registrada no sítio template 371; esse sítio não poderá ser depositado novamente.
step=00145 species=vac impurity=vac intended=C N=00352 vac=0014 axis=x surf=yz Eads=+0.0000 eV P=1.000e+00 E=-3034.9448 eV hmax=18.385 A hmean=17.304 A rough=0.916 A occ1=0.600 tested=4
[TEMPLATE DEBUG] total=746 species_filter=0 restriction=0 direction=221 global_front=0 occupied=132 connection=369 min_dist=18 pre_shell=6 post_shell=3 tested_energy=3
[TEMPLATE DEBUG] camada candidata x: min=43.541463 max=43.541463 n=3
step=00146 species=  C N=00353 vac=0014 axis=x surf=yz Eads=-5.6802 eV P=9.987e-01 E=-3041.3367 eV hmax=18.441 A hmean=17.602 A rough=0.952 A occ1=0.600 tested=3
[TEMPLATE DEBUG] total=746 species_filter=0 restriction=0 direction=221 global_front=0 occupied=133 connection=367 min_dist=18 pre_shell=7 post_shell=3 tested_energy=3
[TEMPLATE DEBUG] camada candidata x: min=43.541463 max=43.541463 n=3
step=00147 species=  C N=00354 vac=0014 axis=x surf=yz Eads=-7.6318 eV P=1.000e+00 E=-3049.5479 eV hmax=18.493 A hmean=17.607 A rough=0.976 A occ1=0.600 tested=3
[TEMPLATE DEBUG] total=746 species_filter=0 restriction=0 direction=221 global_front=0 occupied=134 connection=365 min_dist=18 pre_shell=8 post_shell=1 tested_energy=1
[TEMPLATE DEBUG] camada candidata x: min=42.311707 max=42.311707 n=1
step=00148 species=  C N=00355 vac=0014 axis=x surf=yz Eads=-6.7400 eV P=1.000e+00 E=-3056.6897 eV hmax=18.394 A hmean=17.592 A rough=0.949 A occ1=0.600 tested=1
[TEMPLATE DEBUG] total=746 species_filter=0 restriction=0 direction=221 global_front=0 occupied=135 connection=364 min_dist=18 pre_shell=8 post_shell=1 tested_energy=1
[TEMPLATE DEBUG] camada candidata x: min=42.311707 max=42.311707 n=1
step=00149 species=  C N=00356 vac=0014 axis=x surf=yz Eads=-8.9648 eV P=1.000e+00 E=-3069.3113 eV hmax=18.389 A hmean=17.757 A rough=0.903 A occ1=0.600 tested=1
[TEMPLATE DEBUG] total=746 species_filter=0 restriction=0 direction=221 global_front=0 occupied=137 connection=364 min_dist=17 pre_shell=7 post_shell=2 tested_energy=2
[TEMPLATE DEBUG] camada candidata x: min=43.541463 max=43.541463 n=2
step=00150 species=  C N=00357 vac=0014 axis=x surf=yz Eads=-5.3848 eV P=1.000e+00 E=-3075.5610 eV hmax=18.389 A hmean=17.921 A rough=0.920 A occ1=0.600 tested=2
[TEMPLATE DEBUG] total=746 species_filter=0 restriction=0 direction=221 global_front=0 occupied=138 connection=362 min_dist=17 pre_shell=8 post_shell=2 tested_energy=2
[TEMPLATE DEBUG] camada candidata x: min=43.541463 max=43.541463 n=2
step=00151 species=  C N=00358 vac=0014 axis=x surf=yz Eads=-7.3757 eV P=1.000e+00 E=-3083.5864 eV hmax=18.488 A hmean=18.029 A rough=0.940 A occ1=0.600 tested=2
[TEMPLATE DEBUG] total=746 species_filter=0 restriction=0 direction=221 global_front=0 occupied=138 connection=361 min_dist=18 pre_shell=8 post_shell=1 tested_energy=1
[TEMPLATE DEBUG] camada candidata x: min=43.541463 max=43.541463 n=1
step=00152 species=  C N=00359 vac=0014 axis=x surf=yz Eads=-1.6191 eV P=1.000e+00 E=-3090.4817 eV hmax=18.610 A hmean=18.095 A rough=0.963 A occ1=0.600 tested=1
[TEMPLATE DEBUG] total=746 species_filter=0 restriction=0 direction=221 global_front=0 occupied=140 connection=360 min_dist=17 pre_shell=8 post_shell=8 tested_energy=8
[TEMPLATE DEBUG] camada candidata x: min=44.771219 max=44.771219 n=8
step=00153 species=  C N=00360 vac=0014 axis=x surf=yz Eads=-6.9072 eV P=8.611e-01 E=-3098.1726 eV hmax=19.645 A hmean=18.272 A rough=0.727 A occ1=0.600 tested=8
[TEMPLATE DEBUG] total=746 species_filter=0 restriction=0 direction=221 global_front=0 occupied=140 connection=357 min_dist=18 pre_shell=10 post_shell=9 tested_energy=9
[TEMPLATE DEBUG] camada candidata x: min=44.771219 max=44.771219 n=9
step=00154 species=  C N=00361 vac=0014 axis=x surf=yz Eads=-7.8301 eV P=1.000e+00 E=-3108.3250 eV hmax=19.598 A hmean=18.310 A rough=0.788 A occ1=0.600 tested=9
[TEMPLATE DEBUG] total=746 species_filter=0 restriction=0 direction=221 global_front=0 occupied=141 connection=356 min_dist=18 pre_shell=10 post_shell=8 tested_energy=8
[TEMPLATE DEBUG] camada candidata x: min=44.771219 max=44.771219 n=8
step=00155 species=  C N=00362 vac=0014 axis=x surf=yz Eads=-6.8450 eV P=1.000e+00 E=-3116.4985 eV hmax=19.601 A hmean=18.470 A rough=0.846 A occ1=0.600 tested=8
[TEMPLATE DEBUG] total=746 species_filter=0 restriction=0 direction=221 global_front=0 occupied=143 connection=355 min_dist=17 pre_shell=10 post_shell=7 tested_energy=7
[TEMPLATE DEBUG] camada candidata x: min=44.771219 max=44.771219 n=7
[INFO] vacância sorteada por --impurity em posição template; espécie que seria depositada: C.
[INFO] vacância frozen registrada no sítio template 381; esse sítio não poderá ser depositado novamente.
step=00156 species=vac impurity=vac intended=C N=00362 vac=0015 axis=x surf=yz Eads=+0.0000 eV P=1.000e+00 E=-3116.4985 eV hmax=19.601 A hmean=18.470 A rough=0.846 A occ1=0.600 tested=7
[TEMPLATE DEBUG] total=746 species_filter=0 restriction=0 direction=221 global_front=0 occupied=144 connection=355 min_dist=17 pre_shell=9 post_shell=6 tested_energy=6
[TEMPLATE DEBUG] camada candidata x: min=44.771219 max=44.771219 n=6
step=00157 species=  C N=00363 vac=0015 axis=x surf=yz Eads=-6.3513 eV P=9.980e-01 E=-3123.3320 eV hmax=19.627 A hmean=18.776 A rough=0.889 A occ1=0.600 tested=6
[TEMPLATE DEBUG] total=746 species_filter=0 restriction=0 direction=221 global_front=0 occupied=145 connection=354 min_dist=17 pre_shell=9 post_shell=5 tested_energy=5
[TEMPLATE DEBUG] camada candidata x: min=44.771219 max=44.771219 n=5
step=00158 species=  C N=00364 vac=0015 axis=x surf=yz Eads=-10.3828 eV P=1.000e+00 E=-3134.3027 eV hmax=19.628 A hmean=18.786 A rough=0.923 A occ1=0.600 tested=5
[TEMPLATE DEBUG] total=746 species_filter=0 restriction=0 direction=221 global_front=0 occupied=146 connection=353 min_dist=17 pre_shell=9 post_shell=4 tested_energy=4
[TEMPLATE DEBUG] camada candidata x: min=44.771219 max=44.771219 n=4
step=00159 species=  C N=00365 vac=0015 axis=x surf=yz Eads=-6.7344 eV P=1.000e+00 E=-3141.7932 eV hmax=19.608 A hmean=18.924 A rough=0.946 A occ1=0.600 tested=4
[TEMPLATE DEBUG] total=746 species_filter=0 restriction=0 direction=221 global_front=0 occupied=147 connection=352 min_dist=17 pre_shell=9 post_shell=3 tested_energy=3
[TEMPLATE DEBUG] camada candidata x: min=44.771219 max=44.771219 n=3
step=00160 species=  C N=00366 vac=0015 axis=x surf=yz Eads=-9.0652 eV P=1.000e+00 E=-3152.0378 eV hmax=19.608 A hmean=18.986 A rough=0.966 A occ1=0.600 tested=3
[TEMPLATE DEBUG] total=746 species_filter=0 restriction=0 direction=221 global_front=0 occupied=148 connection=351 min_dist=17 pre_shell=9 post_shell=2 tested_energy=2
[TEMPLATE DEBUG] camada candidata x: min=44.771219 max=44.771219 n=2
step=00161 species=  C N=00367 vac=0015 axis=x surf=yz Eads=-5.3271 eV P=9.950e-01 E=-3159.0571 eV hmax=19.782 A hmean=19.143 A rough=0.993 A occ1=0.600 tested=2
[TEMPLATE DEBUG] total=746 species_filter=0 restriction=0 direction=221 global_front=0 occupied=149 connection=350 min_dist=17 pre_shell=9 post_shell=1 tested_energy=1
[TEMPLATE DEBUG] camada candidata x: min=44.771219 max=44.771219 n=1
step=00162 species=  C N=00368 vac=0015 axis=x surf=yz Eads=-5.0986 eV P=1.000e+00 E=-3165.2156 eV hmax=19.782 A hmean=19.279 A rough=0.999 A occ1=0.600 tested=1
[TEMPLATE DEBUG] total=746 species_filter=0 restriction=0 direction=221 global_front=0 occupied=150 connection=348 min_dist=17 pre_shell=10 post_shell=1 tested_energy=1
[TEMPLATE DEBUG] camada candidata x: min=44.771219 max=44.771219 n=1
step=00163 species=  C N=00369 vac=0015 axis=x surf=yz Eads=-7.3594 eV P=1.000e+00 E=-3173.3379 eV hmax=19.782 A hmean=19.627 A rough=1.016 A occ1=0.600 tested=1
[TEMPLATE DEBUG] total=746 species_filter=0 restriction=0 direction=221 global_front=0 occupied=151 connection=347 min_dist=17 pre_shell=10 post_shell=10 tested_energy=10
[TEMPLATE DEBUG] camada candidata x: min=46.000975 max=46.000975 n=10
step=00164 species=  C N=00370 vac=0015 axis=x surf=yz Eads=-7.9741 eV P=1.000e+00 E=-3181.8093 eV hmax=20.863 A hmean=19.770 A rough=0.685 A occ1=0.600 tested=10
[TEMPLATE DEBUG] total=746 species_filter=0 restriction=0 direction=221 global_front=0 occupied=152 connection=346 min_dist=17 pre_shell=10 post_shell=9 tested_energy=9
[TEMPLATE DEBUG] camada candidata x: min=46.000975 max=46.000975 n=9
step=00165 species=  C N=00371 vac=0015 axis=x surf=yz Eads=-9.6396 eV P=1.000e+00 E=-3191.9380 eV hmax=20.898 A hmean=19.784 A rough=0.760 A occ1=0.600 tested=9
[TEMPLATE DEBUG] total=746 species_filter=0 restriction=0 direction=221 global_front=0 occupied=153 connection=345 min_dist=17 pre_shell=10 post_shell=8 tested_energy=8
[TEMPLATE DEBUG] camada candidata x: min=46.000975 max=46.000975 n=8
step=00166 species=  C N=00372 vac=0015 axis=x surf=yz Eads=-7.4902 eV P=9.752e-01 E=-3202.3679 eV hmax=20.898 A hmean=19.918 A rough=0.813 A occ1=0.600 tested=8
[TEMPLATE DEBUG] total=746 species_filter=0 restriction=0 direction=221 global_front=0 occupied=154 connection=345 min_dist=18 pre_shell=8 post_shell=6 tested_energy=6
[TEMPLATE DEBUG] camada candidata x: min=46.000975 max=46.000975 n=6
step=00167 species=  C N=00373 vac=0015 axis=x surf=yz Eads=-6.1704 eV P=9.855e-01 E=-3209.0906 eV hmax=20.898 A hmean=20.094 A rough=0.857 A occ1=0.600 tested=6
[TEMPLATE DEBUG] total=746 species_filter=0 restriction=0 direction=221 global_front=0 occupied=155 connection=344 min_dist=18 pre_shell=8 post_shell=5 tested_energy=5
[TEMPLATE DEBUG] camada candidata x: min=46.000975 max=46.000975 n=5
step=00168 species=  C N=00374 vac=0015 axis=x surf=yz Eads=-10.2532 eV P=1.000e+00 E=-3220.0593 eV hmax=20.898 A hmean=20.093 A rough=0.886 A occ1=0.600 tested=5
[TEMPLATE DEBUG] total=746 species_filter=0 restriction=0 direction=221 global_front=0 occupied=156 connection=343 min_dist=18 pre_shell=8 post_shell=4 tested_energy=4
[TEMPLATE DEBUG] camada candidata x: min=46.000975 max=46.000975 n=4
[INFO] vacância sorteada por --impurity em posição template; espécie que seria depositada: C.
[INFO] vacância frozen registrada no sítio template 394; esse sítio não poderá ser depositado novamente.
step=00169 species=vac impurity=vac intended=C N=00374 vac=0016 axis=x surf=yz Eads=+0.0000 eV P=1.157e-01 E=-3220.0593 eV hmax=20.898 A hmean=20.093 A rough=0.886 A occ1=0.600 tested=4
[TEMPLATE DEBUG] total=746 species_filter=0 restriction=0 direction=221 global_front=0 occupied=157 connection=343 min_dist=18 pre_shell=7 post_shell=3 tested_energy=3
[TEMPLATE DEBUG] camada candidata x: min=46.000975 max=46.000975 n=3
step=00170 species=  C N=00375 vac=0016 axis=x surf=yz Eads=-6.8176 eV P=1.000e+00 E=-3227.6055 eV hmax=20.898 A hmean=20.262 A rough=0.908 A occ1=0.600 tested=3
[TEMPLATE DEBUG] total=746 species_filter=0 restriction=0 direction=221 global_front=0 occupied=158 connection=342 min_dist=18 pre_shell=7 post_shell=2 tested_energy=2
[TEMPLATE DEBUG] camada candidata x: min=46.000975 max=46.000975 n=2
step=00171 species=  C N=00376 vac=0016 axis=x surf=yz Eads=-9.5239 eV P=1.000e+00 E=-3238.9648 eV hmax=20.898 A hmean=20.232 A rough=0.914 A occ1=0.600 tested=2
[TEMPLATE DEBUG] total=746 species_filter=0 restriction=0 direction=221 global_front=0 occupied=158 connection=341 min_dist=19 pre_shell=7 post_shell=1 tested_energy=1
[TEMPLATE DEBUG] camada candidata x: min=46.000975 max=46.000975 n=1
step=00172 species=  C N=00377 vac=0016 axis=x surf=yz Eads=-5.0710 eV P=1.000e+00 E=-3245.3208 eV hmax=20.907 A hmean=20.364 A rough=0.919 A occ1=0.600 tested=1
[TEMPLATE DEBUG] total=746 species_filter=0 restriction=0 direction=221 global_front=0 occupied=159 connection=340 min_dist=19 pre_shell=7 post_shell=7 tested_energy=7
[TEMPLATE DEBUG] camada candidata x: min=47.230731 max=47.230731 n=7
step=00173 species=  C N=00378 vac=0016 axis=x surf=yz Eads=-6.4602 eV P=9.940e-01 E=-3252.5676 eV hmax=22.124 A hmean=20.679 A rough=0.667 A occ1=0.600 tested=7
[TEMPLATE DEBUG] total=746 species_filter=0 restriction=0 direction=221 global_front=0 occupied=160 connection=339 min_dist=19 pre_shell=7 post_shell=6 tested_energy=6
[TEMPLATE DEBUG] camada candidata x: min=47.230731 max=47.230731 n=6
step=00174 species=  C N=00379 vac=0016 axis=x surf=yz Eads=-9.3293 eV P=1.000e+00 E=-3262.5249 eV hmax=22.087 A hmean=20.551 A rough=0.747 A occ1=0.600 tested=6
[TEMPLATE DEBUG] total=746 species_filter=0 restriction=0 direction=221 global_front=0 occupied=161 connection=338 min_dist=19 pre_shell=7 post_shell=5 tested_energy=5
[TEMPLATE DEBUG] camada candidata x: min=47.230731 max=47.230731 n=5
step=00175 species=  C N=00380 vac=0016 axis=x surf=yz Eads=-6.2385 eV P=9.872e-01 E=-3269.2070 eV hmax=22.104 A hmean=20.866 A rough=0.820 A occ1=0.600 tested=5
[TEMPLATE DEBUG] total=746 species_filter=0 restriction=0 direction=221 global_front=0 occupied=162 connection=337 min_dist=19 pre_shell=7 post_shell=4 tested_energy=4
[TEMPLATE DEBUG] camada candidata x: min=47.230731 max=47.230731 n=4
step=00176 species=  C N=00381 vac=0016 axis=x surf=yz Eads=-10.4463 eV P=1.000e+00 E=-3280.1475 eV hmax=22.093 A hmean=20.864 A rough=0.871 A occ1=0.600 tested=4
[TEMPLATE DEBUG] total=746 species_filter=0 restriction=0 direction=221 global_front=0 occupied=163 connection=336 min_dist=19 pre_shell=7 post_shell=3 tested_energy=3
[TEMPLATE DEBUG] camada candidata x: min=47.230731 max=47.230731 n=3
step=00177 species=  C N=00382 vac=0016 axis=x surf=yz Eads=-6.9124 eV P=7.480e-01 E=-3287.4883 eV hmax=22.113 A hmean=21.001 A rough=0.908 A occ1=0.600 tested=3
[TEMPLATE DEBUG] total=746 species_filter=0 restriction=0 direction=221 global_front=0 occupied=164 connection=334 min_dist=19 pre_shell=8 post_shell=3 tested_energy=3
[TEMPLATE DEBUG] camada candidata x: min=47.230731 max=47.230731 n=3
step=00178 species=  C N=00383 vac=0016 axis=x surf=yz Eads=-7.8518 eV P=1.000e+00 E=-3295.8586 eV hmax=22.124 A hmean=21.209 A rough=0.937 A occ1=0.600 tested=3
[TEMPLATE DEBUG] total=746 species_filter=0 restriction=0 direction=221 global_front=0 occupied=164 connection=333 min_dist=20 pre_shell=8 post_shell=2 tested_energy=2
[TEMPLATE DEBUG] camada candidata x: min=47.230731 max=47.230731 n=2
step=00179 species=  C N=00384 vac=0016 axis=x surf=yz Eads=-6.8704 eV P=1.000e+00 E=-3303.1938 eV hmax=22.124 A hmean=21.365 A rough=0.957 A occ1=0.600 tested=2
[TEMPLATE DEBUG] total=746 species_filter=0 restriction=0 direction=221 global_front=0 occupied=165 connection=331 min_dist=20 pre_shell=9 post_shell=2 tested_energy=2
[TEMPLATE DEBUG] camada candidata x: min=47.230731 max=47.230731 n=2
step=00180 species=  C N=00385 vac=0016 axis=x surf=yz Eads=-7.7739 eV P=1.000e+00 E=-3311.6885 eV hmax=22.145 A hmean=21.674 A rough=0.968 A occ1=0.600 tested=2
[TEMPLATE DEBUG] total=746 species_filter=0 restriction=0 direction=221 global_front=0 occupied=166 connection=330 min_dist=20 pre_shell=9 post_shell=1 tested_energy=1
[TEMPLATE DEBUG] camada candidata x: min=47.230731 max=47.230731 n=1
[INFO] vacância sorteada por --impurity em posição template; espécie que seria depositada: C.
[INFO] vacância frozen registrada no sítio template 409; esse sítio não poderá ser depositado novamente.
step=00181 species=vac impurity=vac intended=C N=00385 vac=0017 axis=x surf=yz Eads=+0.0000 eV P=1.000e+00 E=-3311.6885 eV hmax=22.145 A hmean=21.674 A rough=0.968 A occ1=0.600 tested=1
[TEMPLATE DEBUG] total=746 species_filter=0 restriction=0 direction=221 global_front=0 occupied=167 connection=330 min_dist=20 pre_shell=8 post_shell=8 tested_energy=8
[TEMPLATE DEBUG] camada candidata x: min=48.460487 max=48.460487 n=8
step=00182 species=  C N=00386 vac=0017 axis=x surf=yz Eads=-7.2322 eV P=1.000e+00 E=-3319.5034 eV hmax=23.289 A hmean=21.811 A rough=0.763 A occ1=0.600 tested=8
[TEMPLATE DEBUG] total=746 species_filter=0 restriction=0 direction=221 global_front=0 occupied=168 connection=329 min_dist=20 pre_shell=8 post_shell=7 tested_energy=7
[TEMPLATE DEBUG] camada candidata x: min=48.460487 max=48.460487 n=7
step=00183 species=  C N=00387 vac=0017 axis=x surf=yz Eads=-9.8364 eV P=1.000e+00 E=-3330.6184 eV hmax=23.229 A hmean=21.939 A rough=0.873 A occ1=0.600 tested=7
[TEMPLATE DEBUG] total=746 species_filter=0 restriction=0 direction=221 global_front=0 occupied=169 connection=328 min_dist=20 pre_shell=8 post_shell=6 tested_energy=6
[TEMPLATE DEBUG] camada candidata x: min=48.460487 max=48.460487 n=6
step=00184 species=  C N=00388 vac=0017 axis=x surf=yz Eads=-6.7791 eV P=9.995e-01 E=-3337.9292 eV hmax=23.325 A hmean=22.224 A rough=0.898 A occ1=0.600 tested=6
[TEMPLATE DEBUG] total=746 species_filter=0 restriction=0 direction=221 global_front=0 occupied=170 connection=326 min_dist=20 pre_shell=9 post_shell=6 tested_energy=6
[TEMPLATE DEBUG] camada candidata x: min=48.460487 max=48.460487 n=6
step=00185 species=  C N=00389 vac=0017 axis=x surf=yz Eads=-7.6416 eV P=1.000e+00 E=-3346.0649 eV hmax=23.380 A hmean=22.231 A rough=0.903 A occ1=0.600 tested=6
[TEMPLATE DEBUG] total=746 species_filter=0 restriction=0 direction=221 global_front=0 occupied=171 connection=325 min_dist=20 pre_shell=9 post_shell=5 tested_energy=5
[TEMPLATE DEBUG] camada candidata x: min=48.460487 max=48.460487 n=5
step=00186 species=  C N=00390 vac=0017 axis=x surf=yz Eads=-6.4468 eV P=9.931e-01 E=-3353.2217 eV hmax=23.380 A hmean=22.379 A rough=0.963 A occ1=0.600 tested=5
[TEMPLATE DEBUG] total=746 species_filter=0 restriction=0 direction=221 global_front=0 occupied=172 connection=323 min_dist=19 pre_shell=11 post_shell=1 tested_energy=1
[TEMPLATE DEBUG] camada candidata x: min=46.000975 max=46.000975 n=1
step=00187 species=  C N=00391 vac=0017 axis=x surf=yz Eads=+1.4639 eV P=1.000e+00 E=-3359.9207 eV hmax=23.380 A hmean=22.538 A rough=0.949 A occ1=0.600 tested=1
[TEMPLATE DEBUG] total=746 species_filter=0 restriction=0 direction=221 global_front=0 occupied=173 connection=322 min_dist=19 pre_shell=11 post_shell=1 tested_energy=1
[TEMPLATE DEBUG] camada candidata x: min=47.230731 max=47.230731 n=1
step=00188 species=  C N=00392 vac=0017 axis=x surf=yz Eads=-6.0334 eV P=1.000e+00 E=-3367.3237 eV hmax=23.399 A hmean=22.678 A rough=0.929 A occ1=0.600 tested=1
[TEMPLATE DEBUG] total=746 species_filter=0 restriction=0 direction=221 global_front=0 occupied=174 connection=321 min_dist=19 pre_shell=11 post_shell=1 tested_energy=1
[TEMPLATE DEBUG] camada candidata x: min=47.230731 max=47.230731 n=1
step=00189 species=  C N=00393 vac=0017 axis=x surf=yz Eads=-7.8384 eV P=1.000e+00 E=-3379.6746 eV hmax=23.423 A hmean=22.674 A rough=0.892 A occ1=0.600 tested=1
[TEMPLATE DEBUG] total=746 species_filter=0 restriction=0 direction=221 global_front=0 occupied=175 connection=321 min_dist=19 pre_shell=10 post_shell=5 tested_energy=5
[TEMPLATE DEBUG] camada candidata x: min=48.460487 max=48.460487 n=5
step=00190 species=  C N=00394 vac=0017 axis=x surf=yz Eads=-10.7463 eV P=1.000e+00 E=-3391.3562 eV hmax=23.344 A hmean=22.787 A rough=0.913 A occ1=0.600 tested=5
[TEMPLATE DEBUG] total=746 species_filter=0 restriction=0 direction=221 global_front=0 occupied=176 connection=320 min_dist=19 pre_shell=10 post_shell=4 tested_energy=4
[TEMPLATE DEBUG] camada candidata x: min=48.460487 max=48.460487 n=4
step=00191 species=  C N=00395 vac=0017 axis=x surf=yz Eads=-7.0437 eV P=1.000e+00 E=-3398.8188 eV hmax=23.416 A hmean=22.936 A rough=0.938 A occ1=0.600 tested=4
[TEMPLATE DEBUG] total=746 species_filter=0 restriction=0 direction=221 global_front=0 occupied=177 connection=320 min_dist=19 pre_shell=9 post_shell=3 tested_energy=3
[TEMPLATE DEBUG] camada candidata x: min=48.460487 max=48.460487 n=3
step=00192 species=  C N=00396 vac=0017 axis=x surf=yz Eads=-10.5088 eV P=1.000e+00 E=-3409.7646 eV hmax=23.403 A hmean=22.944 A rough=0.955 A occ1=0.600 tested=3
[TEMPLATE DEBUG] total=746 species_filter=0 restriction=0 direction=221 global_front=0 occupied=178 connection=319 min_dist=19 pre_shell=9 post_shell=2 tested_energy=2
[TEMPLATE DEBUG] camada candidata x: min=48.460487 max=48.460487 n=2
step=00193 species=  C N=00397 vac=0017 axis=x surf=yz Eads=-6.9878 eV P=1.000e+00 E=-3417.1123 eV hmax=23.403 A hmean=23.123 A rough=0.970 A occ1=0.600 tested=2
[TEMPLATE DEBUG] total=746 species_filter=0 restriction=0 direction=221 global_front=0 occupied=179 connection=318 min_dist=19 pre_shell=9 post_shell=1 tested_energy=1
[TEMPLATE DEBUG] camada candidata x: min=48.460487 max=48.460487 n=1
step=00194 species=  C N=00398 vac=0017 axis=x surf=yz Eads=-9.1646 eV P=1.000e+00 E=-3427.3591 eV hmax=23.403 A hmean=23.118 A rough=0.975 A occ1=0.600 tested=1
[TEMPLATE DEBUG] total=746 species_filter=0 restriction=0 direction=221 global_front=0 occupied=180 connection=317 min_dist=19 pre_shell=9 post_shell=9 tested_energy=9
[TEMPLATE DEBUG] camada candidata x: min=49.690243 max=49.690243 n=9
step=00195 species=  C N=00399 vac=0017 axis=x surf=yz Eads=-6.2659 eV P=9.172e-01 E=-3434.1140 eV hmax=24.565 A hmean=23.425 A rough=0.674 A occ1=0.600 tested=9
[TEMPLATE DEBUG] total=746 species_filter=0 restriction=0 direction=221 global_front=0 occupied=181 connection=316 min_dist=19 pre_shell=9 post_shell=8 tested_energy=8
[TEMPLATE DEBUG] camada candidata x: min=49.690243 max=49.690243 n=8
step=00196 species=  C N=00400 vac=0017 axis=x surf=yz Eads=-10.5129 eV P=1.000e+00 E=-3444.9939 eV hmax=24.587 A hmean=23.431 A rough=0.758 A occ1=0.600 tested=8
[TEMPLATE DEBUG] total=746 species_filter=0 restriction=0 direction=221 global_front=0 occupied=182 connection=315 min_dist=19 pre_shell=9 post_shell=7 tested_energy=7
[TEMPLATE DEBUG] camada candidata x: min=49.690243 max=49.690243 n=7
step=00197 species=  C N=00401 vac=0017 axis=x surf=yz Eads=-7.0254 eV P=9.780e-01 E=-3452.2087 eV hmax=24.613 A hmean=23.576 A rough=0.820 A occ1=0.600 tested=7
[TEMPLATE DEBUG] total=746 species_filter=0 restriction=0 direction=221 global_front=0 occupied=183 connection=313 min_dist=19 pre_shell=10 post_shell=7 tested_energy=7
[TEMPLATE DEBUG] camada candidata x: min=49.690243 max=49.690243 n=7
step=00198 species=  C N=00402 vac=0017 axis=x surf=yz Eads=-9.0342 eV P=1.000e+00 E=-3462.9485 eV hmax=24.579 A hmean=23.745 A rough=0.853 A occ1=0.600 tested=7
[TEMPLATE DEBUG] total=746 species_filter=0 restriction=0 direction=221 global_front=0 occupied=184 connection=312 min_dist=19 pre_shell=10 post_shell=6 tested_energy=6
[TEMPLATE DEBUG] camada candidata x: min=49.690243 max=49.690243 n=6
step=00199 species=  C N=00403 vac=0017 axis=x surf=yz Eads=-6.8584 eV P=9.686e-01 E=-3470.2039 eV hmax=24.579 A hmean=23.881 A rough=0.887 A occ1=0.600 tested=6
[TEMPLATE DEBUG] total=746 species_filter=0 restriction=0 direction=221 global_front=0 occupied=185 connection=311 min_dist=19 pre_shell=10 post_shell=5 tested_energy=5
[TEMPLATE DEBUG] camada candidata x: min=49.690243 max=49.690243 n=5
step=00200 species=  C N=00404 vac=0017 axis=x surf=yz Eads=-8.3604 eV P=1.000e+00 E=-3479.8169 eV hmax=24.579 A hmean=24.044 A rough=0.917 A occ1=0.600 tested=5
[TEMPLATE DEBUG] total=746 species_filter=0 restriction=0 direction=221 global_front=0 occupied=186 connection=310 min_dist=19 pre_shell=10 post_shell=4 tested_energy=4
[TEMPLATE DEBUG] camada candidata x: min=49.690243 max=49.690243 n=4
step=00201 species=  C N=00405 vac=0017 axis=x surf=yz Eads=-6.7112 eV P=8.900e-01 E=-3487.0730 eV hmax=24.583 A hmean=24.199 A rough=0.938 A occ1=0.600 tested=4
[TEMPLATE DEBUG] total=746 species_filter=0 restriction=0 direction=221 global_front=0 occupied=187 connection=308 min_dist=19 pre_shell=11 post_shell=4 tested_energy=4
[TEMPLATE DEBUG] camada candidata x: min=49.690243 max=49.690243 n=4
step=00202 species=  C N=00406 vac=0017 axis=x surf=yz Eads=-7.9868 eV P=1.000e+00 E=-3496.7266 eV hmax=24.593 A hmean=24.221 A rough=0.956 A occ1=0.600 tested=4
[TEMPLATE DEBUG] total=746 species_filter=0 restriction=0 direction=221 global_front=0 occupied=187 connection=308 min_dist=21 pre_shell=9 post_shell=2 tested_energy=2
[TEMPLATE DEBUG] camada candidata x: min=49.690243 max=49.690243 n=2
step=00203 species=  C N=00407 vac=0017 axis=x surf=yz Eads=-6.6025 eV P=1.000e+00 E=-3504.3000 eV hmax=24.593 A hmean=24.389 A rough=0.965 A occ1=0.600 tested=2
[TEMPLATE DEBUG] total=746 species_filter=0 restriction=0 direction=221 global_front=0 occupied=188 connection=307 min_dist=21 pre_shell=9 post_shell=1 tested_energy=1
[TEMPLATE DEBUG] camada candidata x: min=49.690243 max=49.690243 n=1
step=00204 species=  C N=00408 vac=0017 axis=x surf=yz Eads=-9.7810 eV P=1.000e+00 E=-3516.2632 eV hmax=24.579 A hmean=24.370 A rough=0.964 A occ1=0.600 tested=1
[TEMPLATE DEBUG] total=746 species_filter=0 restriction=0 direction=221 global_front=0 occupied=189 connection=306 min_dist=21 pre_shell=9 post_shell=9 tested_energy=9
[TEMPLATE DEBUG] camada candidata x: min=50.919999 max=50.919999 n=9
step=00205 species=  C N=00409 vac=0017 axis=x surf=yz Eads=-6.2314 eV P=7.882e-01 E=-3522.8445 eV hmax=25.786 A hmean=24.522 A rough=0.685 A occ1=0.600 tested=9
[TEMPLATE DEBUG] total=746 species_filter=0 restriction=0 direction=221 global_front=0 occupied=190 connection=305 min_dist=21 pre_shell=9 post_shell=8 tested_energy=8
[TEMPLATE DEBUG] camada candidata x: min=50.919999 max=50.919999 n=8
step=00206 species=  C N=00410 vac=0017 axis=x surf=yz Eads=-10.4365 eV P=1.000e+00 E=-3533.8308 eV hmax=25.805 A hmean=24.531 A rough=0.768 A occ1=0.600 tested=8
[TEMPLATE DEBUG] total=746 species_filter=0 restriction=0 direction=221 global_front=0 occupied=191 connection=304 min_dist=21 pre_shell=9 post_shell=7 tested_energy=7
[TEMPLATE DEBUG] camada candidata x: min=50.919999 max=50.919999 n=7
step=00207 species=  C N=00411 vac=0017 axis=x surf=yz Eads=-7.1968 eV P=1.000e+00 E=-3541.2493 eV hmax=25.812 A hmean=24.688 A rough=0.831 A occ1=0.600 tested=7
[TEMPLATE DEBUG] total=746 species_filter=0 restriction=0 direction=221 global_front=0 occupied=192 connection=303 min_dist=21 pre_shell=9 post_shell=6 tested_energy=6
[TEMPLATE DEBUG] camada candidata x: min=50.919999 max=50.919999 n=6
step=00208 species=  C N=00412 vac=0017 axis=x surf=yz Eads=-10.5769 eV P=1.000e+00 E=-3552.2478 eV hmax=25.806 A hmean=24.685 A rough=0.876 A occ1=0.600 tested=6
[TEMPLATE DEBUG] total=746 species_filter=0 restriction=0 direction=221 global_front=0 occupied=193 connection=302 min_dist=21 pre_shell=9 post_shell=5 tested_energy=5
[TEMPLATE DEBUG] camada candidata x: min=50.919999 max=50.919999 n=5
[INFO] vacância sorteada por --impurity em posição template; espécie que seria depositada: C.
[INFO] vacância frozen registrada no sítio template 436; esse sítio não poderá ser depositado novamente.
step=00209 species=vac impurity=vac intended=C N=00412 vac=0018 axis=x surf=yz Eads=+0.0000 eV P=1.000e+00 E=-3552.2478 eV hmax=25.806 A hmean=24.685 A rough=0.876 A occ1=0.600 tested=5
[TEMPLATE DEBUG] total=746 species_filter=0 restriction=0 direction=221 global_front=0 occupied=194 connection=302 min_dist=21 pre_shell=8 post_shell=4 tested_energy=4
[TEMPLATE DEBUG] camada candidata x: min=50.919999 max=50.919999 n=4
step=00210 species=  C N=00413 vac=0018 axis=x surf=yz Eads=-6.3860 eV P=1.000e+00 E=-3559.3628 eV hmax=25.806 A hmean=24.857 A rough=0.907 A occ1=0.600 tested=4
[TEMPLATE DEBUG] total=746 species_filter=0 restriction=0 direction=221 global_front=0 occupied=195 connection=301 min_dist=21 pre_shell=8 post_shell=3 tested_energy=3
[TEMPLATE DEBUG] camada candidata x: min=50.919999 max=50.919999 n=3
step=00211 species=  C N=00414 vac=0018 axis=x surf=yz Eads=-9.2998 eV P=1.000e+00 E=-3570.2048 eV hmax=25.806 A hmean=24.999 A rough=0.927 A occ1=0.600 tested=3
[TEMPLATE DEBUG] total=746 species_filter=0 restriction=0 direction=221 global_front=0 occupied=196 connection=300 min_dist=21 pre_shell=8 post_shell=2 tested_energy=2
[TEMPLATE DEBUG] camada candidata x: min=50.919999 max=50.919999 n=2
step=00212 species=  C N=00415 vac=0018 axis=x surf=yz Eads=-5.8000 eV P=9.684e-01 E=-3576.9426 eV hmax=25.806 A hmean=25.157 A rough=0.947 A occ1=0.600 tested=2
[TEMPLATE DEBUG] total=746 species_filter=0 restriction=0 direction=221 global_front=0 occupied=197 connection=299 min_dist=21 pre_shell=8 post_shell=1 tested_energy=1
[TEMPLATE DEBUG] camada candidata x: min=50.919999 max=50.919999 n=1
step=00213 species=  C N=00416 vac=0018 axis=x surf=yz Eads=-6.8469 eV P=1.000e+00 E=-3584.3628 eV hmax=25.806 A hmean=25.446 A rough=0.963 A occ1=0.600 tested=1
[TEMPLATE DEBUG] total=746 species_filter=0 restriction=0 direction=221 global_front=0 occupied=198 connection=297 min_dist=21 pre_shell=9 post_shell=1 tested_energy=1
[TEMPLATE DEBUG] camada candidata x: min=50.919999 max=50.919999 n=1
[INFO] vacância sorteada por --impurity em posição template; espécie que seria depositada: C.
[INFO] vacância frozen registrada no sítio template 440; esse sítio não poderá ser depositado novamente.
step=00214 species=vac impurity=vac intended=C N=00416 vac=0019 axis=x surf=yz Eads=+0.0000 eV P=1.000e+00 E=-3584.3628 eV hmax=25.806 A hmean=25.446 A rough=0.963 A occ1=0.600 tested=1
[TEMPLATE DEBUG] total=746 species_filter=0 restriction=0 direction=221 global_front=0 occupied=199 connection=297 min_dist=21 pre_shell=8 post_shell=8 tested_energy=8
[TEMPLATE DEBUG] camada candidata x: min=52.149755 max=52.149755 n=8
step=00215 species=  C N=00417 vac=0019 axis=x surf=yz Eads=-7.8025 eV P=1.000e+00 E=-3592.7139 eV hmax=27.019 A hmean=25.625 A rough=0.721 A occ1=0.600 tested=8
[TEMPLATE DEBUG] total=746 species_filter=0 restriction=0 direction=221 global_front=0 occupied=200 connection=296 min_dist=21 pre_shell=8 post_shell=7 tested_energy=7
[TEMPLATE DEBUG] camada candidata x: min=52.149755 max=52.149755 n=7
[INFO] vacância sorteada por --impurity em posição template; espécie que seria depositada: C.
[INFO] vacância frozen registrada no sítio template 448; esse sítio não poderá ser depositado novamente.
step=00216 species=vac impurity=vac intended=C N=00417 vac=0020 axis=x surf=yz Eads=+0.0000 eV P=1.000e+00 E=-3592.7139 eV hmax=27.019 A hmean=25.625 A rough=0.721 A occ1=0.600 tested=7
[TEMPLATE DEBUG] total=746 species_filter=0 restriction=0 direction=221 global_front=0 occupied=201 connection=296 min_dist=21 pre_shell=7 post_shell=6 tested_energy=6
[TEMPLATE DEBUG] camada candidata x: min=52.149755 max=52.149755 n=6
step=00217 species=  C N=00418 vac=0020 axis=x surf=yz Eads=-6.1453 eV P=5.805e-01 E=-3599.3574 eV hmax=27.040 A hmean=25.789 A rough=0.817 A occ1=0.600 tested=6
[TEMPLATE DEBUG] total=746 species_filter=0 restriction=0 direction=221 global_front=0 occupied=202 connection=294 min_dist=21 pre_shell=8 post_shell=6 tested_energy=6
[TEMPLATE DEBUG] camada candidata x: min=52.149755 max=52.149755 n=6
step=00218 species=  C N=00419 vac=0020 axis=x surf=yz Eads=-7.6882 eV P=1.000e+00 E=-3607.5327 eV hmax=27.076 A hmean=25.794 A rough=0.882 A occ1=0.600 tested=6
[TEMPLATE DEBUG] total=746 species_filter=0 restriction=0 direction=221 global_front=0 occupied=203 connection=293 min_dist=21 pre_shell=8 post_shell=6 tested_energy=6
[TEMPLATE DEBUG] camada candidata x: min=52.149755 max=52.149755 n=6
step=00219 species=  C N=00420 vac=0020 axis=x surf=yz Eads=-6.4045 eV P=9.981e-01 E=-3614.9253 eV hmax=27.076 A hmean=25.956 A rough=0.919 A occ1=0.600 tested=6
[TEMPLATE DEBUG] total=746 species_filter=0 restriction=0 direction=221 global_front=0 occupied=204 connection=292 min_dist=21 pre_shell=8 post_shell=5 tested_energy=5
[TEMPLATE DEBUG] camada candidata x: min=52.149755 max=52.149755 n=5
step=00220 species=  C N=00421 vac=0020 axis=x surf=yz Eads=-10.2070 eV P=1.000e+00 E=-3625.7976 eV hmax=27.076 A hmean=26.107 A rough=0.956 A occ1=0.600 tested=5
[TEMPLATE DEBUG] total=746 species_filter=0 restriction=0 direction=221 global_front=0 occupied=205 connection=291 min_dist=21 pre_shell=8 post_shell=4 tested_energy=4
[TEMPLATE DEBUG] camada candidata x: min=52.149755 max=52.149755 n=4
step=00221 species=  C N=00422 vac=0020 axis=x surf=yz Eads=-7.0559 eV P=1.000e+00 E=-3633.1562 eV hmax=27.076 A hmean=26.399 A rough=0.983 A occ1=0.600 tested=4
[TEMPLATE DEBUG] total=746 species_filter=0 restriction=0 direction=221 global_front=0 occupied=206 connection=290 min_dist=21 pre_shell=8 post_shell=3 tested_energy=3
[TEMPLATE DEBUG] camada candidata x: min=52.149755 max=52.149755 n=3
step=00222 species=  C N=00423 vac=0020 axis=x surf=yz Eads=-10.3608 eV P=1.000e+00 E=-3644.0625 eV hmax=27.076 A hmean=26.410 A rough=1.006 A occ1=0.600 tested=3
[TEMPLATE DEBUG] total=746 species_filter=0 restriction=0 direction=221 global_front=0 occupied=207 connection=289 min_dist=21 pre_shell=8 post_shell=2 tested_energy=2
[TEMPLATE DEBUG] camada candidata x: min=52.149755 max=52.149755 n=2
step=00223 species=  C N=00424 vac=0020 axis=x surf=yz Eads=-7.1682 eV P=1.000e+00 E=-3651.8162 eV hmax=27.076 A hmean=26.685 A rough=1.022 A occ1=0.600 tested=2
[TEMPLATE DEBUG] total=746 species_filter=0 restriction=0 direction=221 global_front=0 occupied=208 connection=287 min_dist=21 pre_shell=9 post_shell=2 tested_energy=2
[TEMPLATE DEBUG] camada candidata x: min=52.149755 max=52.149755 n=2
step=00224 species=  C N=00425 vac=0020 axis=x surf=yz Eads=-7.7146 eV P=1.000e+00 E=-3660.6462 eV hmax=27.117 A hmean=26.875 A rough=1.034 A occ1=0.600 tested=2
[TEMPLATE DEBUG] total=746 species_filter=0 restriction=0 direction=221 global_front=0 occupied=209 connection=286 min_dist=21 pre_shell=9 post_shell=1 tested_energy=1
[TEMPLATE DEBUG] camada candidata x: min=52.149755 max=52.149755 n=1
step=00225 species=  C N=00426 vac=0020 axis=x surf=yz Eads=-5.0901 eV P=1.000e+00 E=-3668.6597 eV hmax=27.117 A hmean=27.027 A rough=1.045 A occ1=0.600 tested=1
[TEMPLATE DEBUG] total=746 species_filter=0 restriction=0 direction=221 global_front=0 occupied=210 connection=285 min_dist=21 pre_shell=9 post_shell=9 tested_energy=9
[TEMPLATE DEBUG] camada candidata x: min=53.379511 max=53.379511 n=9
step=00226 species=  C N=00427 vac=0020 axis=x surf=yz Eads=-7.4766 eV P=9.497e-01 E=-3676.3994 eV hmax=28.249 A hmean=27.183 A rough=0.726 A occ1=0.600 tested=9
[TEMPLATE DEBUG] total=746 species_filter=0 restriction=0 direction=221 global_front=0 occupied=211 connection=284 min_dist=21 pre_shell=9 post_shell=8 tested_energy=8
[TEMPLATE DEBUG] camada candidata x: min=53.379511 max=53.379511 n=8
step=00227 species=  C N=00428 vac=0020 axis=x surf=yz Eads=-9.8225 eV P=1.000e+00 E=-3686.9219 eV hmax=28.262 A hmean=27.183 A rough=0.799 A occ1=0.600 tested=8
[TEMPLATE DEBUG] total=746 species_filter=0 restriction=0 direction=221 global_front=0 occupied=212 connection=283 min_dist=21 pre_shell=9 post_shell=7 tested_energy=7
[TEMPLATE DEBUG] camada candidata x: min=53.379511 max=53.379511 n=7
step=00228 species=  C N=00429 vac=0020 axis=x surf=yz Eads=-7.3120 eV P=1.000e+00 E=-3695.3604 eV hmax=28.262 A hmean=27.313 A rough=0.867 A occ1=0.600 tested=7
[TEMPLATE DEBUG] total=746 species_filter=0 restriction=0 direction=221 global_front=0 occupied=212 connection=281 min_dist=22 pre_shell=10 post_shell=7 tested_energy=7
[TEMPLATE DEBUG] camada candidata x: min=53.379511 max=53.379511 n=7
step=00229 species=  C N=00430 vac=0020 axis=x surf=yz Eads=-7.9954 eV P=1.000e+00 E=-3703.9590 eV hmax=28.311 A hmean=27.464 A rough=0.911 A occ1=0.600 tested=7
[TEMPLATE DEBUG] total=746 species_filter=0 restriction=0 direction=221 global_front=0 occupied=213 connection=280 min_dist=22 pre_shell=10 post_shell=6 tested_energy=6
[TEMPLATE DEBUG] camada candidata x: min=53.379511 max=53.379511 n=6
step=00230 species=  C N=00431 vac=0020 axis=x surf=yz Eads=-6.0769 eV P=9.282e-01 E=-3710.6057 eV hmax=28.311 A hmean=27.617 A rough=0.943 A occ1=0.600 tested=6
[TEMPLATE DEBUG] total=746 species_filter=0 restriction=0 direction=221 global_front=0 occupied=214 connection=279 min_dist=22 pre_shell=10 post_shell=5 tested_energy=5
[TEMPLATE DEBUG] camada candidata x: min=53.379511 max=53.379511 n=5
step=00231 species=  C N=00432 vac=0020 axis=x surf=yz Eads=-10.4810 eV P=1.000e+00 E=-3721.6196 eV hmax=28.311 A hmean=27.627 A rough=0.965 A occ1=0.600 tested=5
[TEMPLATE DEBUG] total=746 species_filter=0 restriction=0 direction=221 global_front=0 occupied=215 connection=278 min_dist=22 pre_shell=10 post_shell=4 tested_energy=4
[TEMPLATE DEBUG] camada candidata x: min=53.379511 max=53.379511 n=4
step=00232 species=  C N=00433 vac=0020 axis=x surf=yz Eads=-6.9026 eV P=1.830e-01 E=-3729.0886 eV hmax=28.311 A hmean=27.790 A rough=0.978 A occ1=0.600 tested=4
[TEMPLATE DEBUG] total=746 species_filter=0 restriction=0 direction=221 global_front=0 occupied=216 connection=277 min_dist=22 pre_shell=10 post_shell=3 tested_energy=3
[TEMPLATE DEBUG] camada candidata x: min=53.379511 max=53.379511 n=3
step=00233 species=  C N=00434 vac=0020 axis=x surf=yz Eads=-9.9551 eV P=1.000e+00 E=-3739.7456 eV hmax=28.311 A hmean=27.934 A rough=0.989 A occ1=0.600 tested=3
[TEMPLATE DEBUG] total=746 species_filter=0 restriction=0 direction=221 global_front=0 occupied=217 connection=276 min_dist=22 pre_shell=10 post_shell=2 tested_energy=2
[TEMPLATE DEBUG] camada candidata x: min=53.379511 max=53.379511 n=2
[INFO] vacância sorteada por --impurity em posição template; espécie que seria depositada: C.
[INFO] vacância frozen registrada no sítio template 458; esse sítio não poderá ser depositado novamente.
step=00234 species=vac impurity=vac intended=C N=00434 vac=0021 axis=x surf=yz Eads=+0.0000 eV P=1.000e+00 E=-3739.7456 eV hmax=28.311 A hmean=27.934 A rough=0.989 A occ1=0.600 tested=2
[TEMPLATE DEBUG] total=746 species_filter=0 restriction=0 direction=221 global_front=0 occupied=218 connection=276 min_dist=22 pre_shell=9 post_shell=1 tested_energy=1
[TEMPLATE DEBUG] camada candidata x: min=53.379511 max=53.379511 n=1
step=00235 species=  C N=00435 vac=0021 axis=x surf=yz Eads=-5.3276 eV P=1.000e+00 E=-3746.0037 eV hmax=28.311 A hmean=28.096 A rough=0.998 A occ1=0.600 tested=1
[TEMPLATE DEBUG] total=746 species_filter=0 restriction=0 direction=221 global_front=0 occupied=219 connection=275 min_dist=22 pre_shell=9 post_shell=9 tested_energy=9
[TEMPLATE DEBUG] camada candidata x: min=54.609267 max=54.609267 n=9
step=00236 species=  C N=00436 vac=0021 axis=x surf=yz Eads=-7.6140 eV P=1.000e+00 E=-3754.5095 eV hmax=29.481 A hmean=28.242 A rough=0.694 A occ1=0.600 tested=9
[TEMPLATE DEBUG] total=746 species_filter=0 restriction=0 direction=221 global_front=0 occupied=220 connection=274 min_dist=22 pre_shell=9 post_shell=8 tested_energy=8
[TEMPLATE DEBUG] camada candidata x: min=54.609267 max=54.609267 n=8
step=00237 species=  C N=00437 vac=0021 axis=x surf=yz Eads=-9.7419 eV P=1.000e+00 E=-3764.8032 eV hmax=29.573 A hmean=28.255 A rough=0.782 A occ1=0.600 tested=8
[TEMPLATE DEBUG] total=746 species_filter=0 restriction=0 direction=221 global_front=0 occupied=221 connection=273 min_dist=22 pre_shell=9 post_shell=7 tested_energy=7
[TEMPLATE DEBUG] camada candidata x: min=54.609267 max=54.609267 n=7
step=00238 species=  C N=00438 vac=0021 axis=x surf=yz Eads=-7.1606 eV P=1.000e+00 E=-3772.7664 eV hmax=29.573 A hmean=28.407 A rough=0.838 A occ1=0.600 tested=7
[TEMPLATE DEBUG] total=746 species_filter=0 restriction=0 direction=221 global_front=0 occupied=222 connection=272 min_dist=22 pre_shell=9 post_shell=6 tested_energy=6
[TEMPLATE DEBUG] camada candidata x: min=54.609267 max=54.609267 n=6
step=00239 species=  C N=00439 vac=0021 axis=x surf=yz Eads=-6.7017 eV P=1.000e+00 E=-3780.6660 eV hmax=29.573 A hmean=28.559 A rough=0.881 A occ1=0.600 tested=6
[TEMPLATE DEBUG] total=746 species_filter=0 restriction=0 direction=221 global_front=0 occupied=223 connection=271 min_dist=22 pre_shell=9 post_shell=5 tested_energy=5
[TEMPLATE DEBUG] camada candidata x: min=54.609267 max=54.609267 n=5
step=00240 species=  C N=00440 vac=0021 axis=x surf=yz Eads=-6.1511 eV P=9.037e-01 E=-3787.3857 eV hmax=29.573 A hmean=28.717 A rough=0.920 A occ1=0.600 tested=5
[TEMPLATE DEBUG] total=746 species_filter=0 restriction=0 direction=221 global_front=0 occupied=224 connection=269 min_dist=22 pre_shell=10 post_shell=5 tested_energy=5
[TEMPLATE DEBUG] camada candidata x: min=54.609267 max=54.609267 n=5
step=00241 species=  C N=00441 vac=0021 axis=x surf=yz Eads=-7.7319 eV P=1.000e+00 E=-3795.9172 eV hmax=29.607 A hmean=28.736 A rough=0.956 A occ1=0.600 tested=5
[TEMPLATE DEBUG] total=746 species_filter=0 restriction=0 direction=221 global_front=0 occupied=225 connection=269 min_dist=22 pre_shell=9 post_shell=4 tested_energy=4
[TEMPLATE DEBUG] camada candidata x: min=54.609267 max=54.609267 n=4
step=00242 species=  C N=00442 vac=0021 axis=x surf=yz Eads=-6.8818 eV P=9.644e-01 E=-3803.3394 eV hmax=29.607 A hmean=28.894 A rough=0.972 A occ1=0.600 tested=4
[TEMPLATE DEBUG] total=746 species_filter=0 restriction=0 direction=221 global_front=0 occupied=226 connection=268 min_dist=22 pre_shell=9 post_shell=3 tested_energy=3
[TEMPLATE DEBUG] camada candidata x: min=54.609267 max=54.609267 n=3
step=00243 species=  C N=00443 vac=0021 axis=x surf=yz Eads=-10.3755 eV P=1.000e+00 E=-3814.2378 eV hmax=29.607 A hmean=29.043 A rough=0.985 A occ1=0.600 tested=3
[TEMPLATE DEBUG] total=746 species_filter=0 restriction=0 direction=221 global_front=0 occupied=227 connection=267 min_dist=22 pre_shell=9 post_shell=2 tested_energy=2
[TEMPLATE DEBUG] camada candidata x: min=54.609267 max=54.609267 n=2
step=00244 species=  C N=00444 vac=0021 axis=x surf=yz Eads=-7.0181 eV P=1.000e+00 E=-3821.6533 eV hmax=29.607 A hmean=29.342 A rough=0.995 A occ1=0.600 tested=2
[TEMPLATE DEBUG] total=746 species_filter=0 restriction=0 direction=221 global_front=0 occupied=228 connection=265 min_dist=22 pre_shell=10 post_shell=2 tested_energy=2
[TEMPLATE DEBUG] camada candidata x: min=54.609267 max=54.609267 n=2
step=00245 species=  C N=00445 vac=0021 axis=x surf=yz Eads=-7.9585 eV P=1.000e+00 E=-3830.1101 eV hmax=29.607 A hmean=29.341 A rough=1.002 A occ1=0.600 tested=2
[TEMPLATE DEBUG] total=746 species_filter=0 restriction=0 direction=221 global_front=0 occupied=229 connection=264 min_dist=22 pre_shell=10 post_shell=1 tested_energy=1
[TEMPLATE DEBUG] camada candidata x: min=54.609267 max=54.609267 n=1
step=00246 species=  C N=00446 vac=0021 axis=x surf=yz Eads=-6.5457 eV P=1.000e+00 E=-3840.5295 eV hmax=29.659 A hmean=29.485 A rough=1.014 A occ1=0.600 tested=1
[TEMPLATE DEBUG] total=746 species_filter=0 restriction=0 direction=221 global_front=0 occupied=230 connection=263 min_dist=22 pre_shell=10 post_shell=10 tested_energy=10
[TEMPLATE DEBUG] camada candidata x: min=55.839023 max=55.839023 n=10
step=00247 species=  C N=00447 vac=0021 axis=x surf=yz Eads=-7.0955 eV P=9.999e-01 E=-3848.5442 eV hmax=30.677 A hmean=29.671 A rough=0.663 A occ1=0.600 tested=10
[TEMPLATE DEBUG] total=746 species_filter=0 restriction=0 direction=221 global_front=0 occupied=231 connection=262 min_dist=22 pre_shell=10 post_shell=9 tested_energy=9
[TEMPLATE DEBUG] camada candidata x: min=55.839023 max=55.839023 n=9
step=00248 species=  C N=00448 vac=0021 axis=x surf=yz Eads=-9.7329 eV P=1.000e+00 E=-3859.2295 eV hmax=30.737 A hmean=29.697 A rough=0.748 A occ1=0.600 tested=9
[TEMPLATE DEBUG] total=746 species_filter=0 restriction=0 direction=221 global_front=0 occupied=232 connection=261 min_dist=22 pre_shell=10 post_shell=8 tested_energy=8
[TEMPLATE DEBUG] camada candidata x: min=55.839023 max=55.839023 n=8
step=00249 species=  C N=00449 vac=0021 axis=x surf=yz Eads=-6.6877 eV P=4.213e-01 E=-3868.4307 eV hmax=30.737 A hmean=29.869 A rough=0.803 A occ1=0.600 tested=8
[TEMPLATE DEBUG] total=746 species_filter=0 restriction=0 direction=221 global_front=0 occupied=233 connection=260 min_dist=23 pre_shell=9 post_shell=6 tested_energy=6
[TEMPLATE DEBUG] camada candidata x: min=55.839023 max=55.839023 n=6
step=00250 species=  C N=00450 vac=0021 axis=x surf=yz Eads=-6.6001 eV P=1.000e+00 E=-3876.0378 eV hmax=30.724 A hmean=30.024 A rough=0.833 A occ1=0.600 tested=6
[TEMPLATE DEBUG] total=746 species_filter=0 restriction=0 direction=221 global_front=0 occupied=234 connection=259 min_dist=23 pre_shell=9 post_shell=5 tested_energy=5
[TEMPLATE DEBUG] camada candidata x: min=55.839023 max=55.839023 n=5
step=00251 species=  C N=00451 vac=0021 axis=x surf=yz Eads=-8.4690 eV P=1.000e+00 E=-3885.9468 eV hmax=30.724 A hmean=30.018 A rough=0.864 A occ1=0.600 tested=5
[TEMPLATE DEBUG] total=746 species_filter=0 restriction=0 direction=221 global_front=0 occupied=235 connection=259 min_dist=23 pre_shell=8 post_shell=4 tested_energy=4
[TEMPLATE DEBUG] camada candidata x: min=55.839023 max=55.839023 n=4
step=00252 species=  C N=00452 vac=0021 axis=x surf=yz Eads=-5.9175 eV P=7.134e-01 E=-3892.5383 eV hmax=30.732 A hmean=30.186 A rough=0.894 A occ1=0.600 tested=4
[TEMPLATE DEBUG] total=746 species_filter=0 restriction=0 direction=221 global_front=0 occupied=236 connection=258 min_dist=23 pre_shell=8 post_shell=3 tested_energy=3
[TEMPLATE DEBUG] camada candidata x: min=55.839023 max=55.839023 n=3
[INFO] vacância sorteada por --impurity em posição template; espécie que seria depositada: C.
[INFO] vacância frozen registrada no sítio template 473; esse sítio não poderá ser depositado novamente.
step=00253 species=vac impurity=vac intended=C N=00452 vac=0022 axis=x surf=yz Eads=+0.0000 eV P=1.000e+00 E=-3892.5383 eV hmax=30.732 A hmean=30.186 A rough=0.894 A occ1=0.600 tested=3
[TEMPLATE DEBUG] total=746 species_filter=0 restriction=0 direction=221 global_front=0 occupied=237 connection=258 min_dist=23 pre_shell=7 post_shell=2 tested_energy=2
[TEMPLATE DEBUG] camada candidata x: min=55.839023 max=55.839023 n=2
step=00254 species=  C N=00453 vac=0022 axis=x surf=yz Eads=-7.1331 eV P=1.000e+00 E=-3900.3691 eV hmax=30.724 A hmean=30.346 A rough=0.912 A occ1=0.600 tested=2
[TEMPLATE DEBUG] total=746 species_filter=0 restriction=0 direction=221 global_front=0 occupied=238 connection=257 min_dist=23 pre_shell=7 post_shell=1 tested_energy=1
[TEMPLATE DEBUG] camada candidata x: min=55.839023 max=55.839023 n=1
step=00255 species=  C N=00454 vac=0022 axis=x surf=yz Eads=-9.2859 eV P=1.000e+00 E=-3910.5491 eV hmax=30.724 A hmean=30.444 A rough=0.921 A occ1=0.600 tested=1
[TEMPLATE DEBUG] total=746 species_filter=0 restriction=0 direction=221 global_front=0 occupied=239 connection=256 min_dist=23 pre_shell=7 post_shell=7 tested_energy=7
[TEMPLATE DEBUG] camada candidata x: min=57.068779 max=57.068779 n=7
step=00256 species=  C N=00455 vac=0022 axis=x surf=yz Eads=-7.6577 eV P=1.000e+00 E=-3918.7188 eV hmax=31.928 A hmean=30.595 A rough=0.660 A occ1=0.600 tested=7
[TEMPLATE DEBUG] total=746 species_filter=0 restriction=0 direction=221 global_front=0 occupied=240 connection=255 min_dist=23 pre_shell=7 post_shell=6 tested_energy=6
[TEMPLATE DEBUG] camada candidata x: min=57.068779 max=57.068779 n=6
[INFO] vacância sorteada por --impurity em posição template; espécie que seria depositada: C.
[INFO] vacância frozen registrada no sítio template 487; esse sítio não poderá ser depositado novamente.
step=00257 species=vac impurity=vac intended=C N=00455 vac=0023 axis=x surf=yz Eads=+0.0000 eV P=1.000e+00 E=-3918.7188 eV hmax=31.928 A hmean=30.595 A rough=0.660 A occ1=0.600 tested=6
[TEMPLATE DEBUG] total=746 species_filter=0 restriction=0 direction=221 global_front=0 occupied=241 connection=255 min_dist=23 pre_shell=6 post_shell=5 tested_energy=5
[TEMPLATE DEBUG] camada candidata x: min=57.068779 max=57.068779 n=5
step=00258 species=  C N=00456 vac=0023 axis=x surf=yz Eads=-6.5266 eV P=9.993e-01 E=-3926.8691 eV hmax=31.928 A hmean=30.782 A rough=0.746 A occ1=0.600 tested=5
[TEMPLATE DEBUG] total=746 species_filter=0 restriction=0 direction=221 global_front=0 occupied=241 connection=254 min_dist=24 pre_shell=6 post_shell=4 tested_energy=4
[TEMPLATE DEBUG] camada candidata x: min=57.068779 max=57.068779 n=4
step=00259 species=  C N=00457 vac=0023 axis=x surf=yz Eads=-7.1313 eV P=1.000e+00 E=-3936.6038 eV hmax=32.062 A hmean=30.940 A rough=0.823 A occ1=0.600 tested=4
[TEMPLATE DEBUG] total=746 species_filter=0 restriction=0 direction=221 global_front=0 occupied=242 connection=253 min_dist=24 pre_shell=6 post_shell=3 tested_energy=3
[TEMPLATE DEBUG] camada candidata x: min=57.068779 max=57.068779 n=3
step=00260 species=  C N=00458 vac=0023 axis=x surf=yz Eads=-5.9795 eV P=9.296e-01 E=-3943.2134 eV hmax=32.062 A hmean=31.101 A rough=0.871 A occ1=0.600 tested=3
[TEMPLATE DEBUG] total=746 species_filter=0 restriction=0 direction=221 global_front=0 occupied=243 connection=251 min_dist=24 pre_shell=7 post_shell=3 tested_energy=3
[TEMPLATE DEBUG] camada candidata x: min=57.068779 max=57.068779 n=3
step=00261 species=  C N=00459 vac=0023 axis=x surf=yz Eads=-8.3767 eV P=1.000e+00 E=-3953.4973 eV hmax=32.062 A hmean=31.093 A rough=0.883 A occ1=0.600 tested=3
[TEMPLATE DEBUG] total=746 species_filter=0 restriction=0 direction=221 global_front=0 occupied=242 connection=250 min_dist=26 pre_shell=7 post_shell=3 tested_energy=3
[TEMPLATE DEBUG] camada candidata x: min=57.068779 max=57.068779 n=3
step=00262 species=  C N=00460 vac=0023 axis=x surf=yz Eads=-5.8535 eV P=9.876e-01 E=-3960.7600 eV hmax=32.007 A hmean=31.366 A rough=0.910 A occ1=0.600 tested=3
[TEMPLATE DEBUG] total=746 species_filter=0 restriction=0 direction=221 global_front=0 occupied=243 connection=248 min_dist=26 pre_shell=8 post_shell=3 tested_energy=3
[TEMPLATE DEBUG] camada candidata x: min=57.068779 max=57.068779 n=3
step=00263 species=  C N=00461 vac=0023 axis=x surf=yz Eads=-8.4697 eV P=1.000e+00 E=-3971.3765 eV hmax=32.007 A hmean=31.384 A rough=0.926 A occ1=0.600 tested=3
[TEMPLATE DEBUG] total=746 species_filter=0 restriction=0 direction=221 global_front=0 occupied=244 connection=247 min_dist=26 pre_shell=8 post_shell=2 tested_energy=2
[TEMPLATE DEBUG] camada candidata x: min=57.068779 max=57.068779 n=2
step=00264 species=  C N=00462 vac=0023 axis=x surf=yz Eads=-5.6538 eV P=1.000e+00 E=-3977.6855 eV hmax=32.007 A hmean=31.622 A rough=0.940 A occ1=0.600 tested=2
[TEMPLATE DEBUG] total=746 species_filter=0 restriction=0 direction=221 global_front=0 occupied=245 connection=245 min_dist=26 pre_shell=9 post_shell=2 tested_energy=2
[TEMPLATE DEBUG] camada candidata x: min=57.068779 max=57.068779 n=2
step=00265 species=  C N=00463 vac=0023 axis=x surf=yz Eads=-7.1887 eV P=1.000e+00 E=-3985.4575 eV hmax=32.044 A hmean=31.635 A rough=0.965 A occ1=0.600 tested=2
[TEMPLATE DEBUG] total=746 species_filter=0 restriction=0 direction=221 global_front=0 occupied=247 connection=244 min_dist=25 pre_shell=9 post_shell=1 tested_energy=1
[TEMPLATE DEBUG] camada candidata x: min=57.068779 max=57.068779 n=1
step=00266 species=  C N=00464 vac=0023 axis=x surf=yz Eads=-5.0303 eV P=1.000e+00 E=-3992.1287 eV hmax=32.057 A hmean=31.811 A rough=0.983 A occ1=0.600 tested=1
[TEMPLATE DEBUG] total=746 species_filter=0 restriction=0 direction=221 global_front=0 occupied=248 connection=243 min_dist=25 pre_shell=9 post_shell=9 tested_energy=9
[TEMPLATE DEBUG] camada candidata x: min=58.298535 max=58.298535 n=9
step=00267 species=  C N=00465 vac=0023 axis=x surf=yz Eads=-7.9858 eV P=1.000e+00 E=-4002.5925 eV hmax=33.140 A hmean=31.945 A rough=0.720 A occ1=0.600 tested=9
[TEMPLATE DEBUG] total=746 species_filter=0 restriction=0 direction=221 global_front=0 occupied=249 connection=242 min_dist=25 pre_shell=9 post_shell=8 tested_energy=8
[TEMPLATE DEBUG] camada candidata x: min=58.298535 max=58.298535 n=8
step=00268 species=  C N=00466 vac=0023 axis=x surf=yz Eads=-7.3542 eV P=5.083e-01 E=-4010.3647 eV hmax=33.188 A hmean=32.100 A rough=0.828 A occ1=0.600 tested=8
[TEMPLATE DEBUG] total=746 species_filter=0 restriction=0 direction=221 global_front=0 occupied=250 connection=240 min_dist=25 pre_shell=10 post_shell=8 tested_energy=8
[TEMPLATE DEBUG] camada candidata x: min=58.298535 max=58.298535 n=8
step=00269 species=  C N=00467 vac=0023 axis=x surf=yz Eads=-7.7078 eV P=9.999e-01 E=-4018.6189 eV hmax=33.233 A hmean=32.405 A rough=0.839 A occ1=0.600 tested=8
[TEMPLATE DEBUG] total=746 species_filter=0 restriction=0 direction=221 global_front=0 occupied=251 connection=239 min_dist=25 pre_shell=10 post_shell=7 tested_energy=7
[TEMPLATE DEBUG] camada candidata x: min=58.298535 max=58.298535 n=7
[INFO] vacância sorteada por --impurity em posição template; espécie que seria depositada: C.
[INFO] vacância frozen registrada no sítio template 494; esse sítio não poderá ser depositado novamente.
step=00270 species=vac impurity=vac intended=C N=00467 vac=0024 axis=x surf=yz Eads=+0.0000 eV P=1.000e+00 E=-4018.6189 eV hmax=33.233 A hmean=32.405 A rough=0.839 A occ1=0.600 tested=7
[TEMPLATE DEBUG] total=746 species_filter=0 restriction=0 direction=221 global_front=0 occupied=252 connection=239 min_dist=25 pre_shell=9 post_shell=6 tested_energy=6
[TEMPLATE DEBUG] camada candidata x: min=58.298535 max=58.298535 n=6
step=00271 species=  C N=00468 vac=0024 axis=x surf=yz Eads=-6.2769 eV P=9.139e-01 E=-4025.8999 eV hmax=33.258 A hmean=32.571 A rough=0.877 A occ1=0.600 tested=6
[TEMPLATE DEBUG] total=746 species_filter=0 restriction=0 direction=221 global_front=0 occupied=253 connection=238 min_dist=25 pre_shell=9 post_shell=5 tested_energy=5
[TEMPLATE DEBUG] camada candidata x: min=58.298535 max=58.298535 n=5
step=00272 species=  C N=00469 vac=0024 axis=x surf=yz Eads=-6.1687 eV P=9.995e-01 E=-4032.6067 eV hmax=33.258 A hmean=32.725 A rough=0.909 A occ1=0.600 tested=5
[TEMPLATE DEBUG] total=746 species_filter=0 restriction=0 direction=221 global_front=0 occupied=254 connection=237 min_dist=25 pre_shell=9 post_shell=4 tested_energy=4
[TEMPLATE DEBUG] camada candidata x: min=58.298535 max=58.298535 n=4
step=00273 species=  C N=00470 vac=0024 axis=x surf=yz Eads=-9.7180 eV P=1.000e+00 E=-4044.7295 eV hmax=33.258 A hmean=32.845 A rough=0.912 A occ1=0.600 tested=4
[TEMPLATE DEBUG] total=746 species_filter=0 restriction=0 direction=221 global_front=0 occupied=254 connection=237 min_dist=27 pre_shell=7 post_shell=2 tested_energy=2
[TEMPLATE DEBUG] camada candidata x: min=58.298535 max=58.298535 n=2
[INFO] vacância sorteada por --impurity em posição template; espécie que seria depositada: C.
[INFO] vacância frozen registrada no sítio template 501; esse sítio não poderá ser depositado novamente.
step=00274 species=vac impurity=vac intended=C N=00470 vac=0025 axis=x surf=yz Eads=+0.0000 eV P=1.000e+00 E=-4044.7295 eV hmax=33.258 A hmean=32.845 A rough=0.912 A occ1=0.600 tested=2
[TEMPLATE DEBUG] total=746 species_filter=0 restriction=0 direction=221 global_front=0 occupied=255 connection=237 min_dist=27 pre_shell=6 post_shell=1 tested_energy=1
[TEMPLATE DEBUG] camada candidata x: min=58.298535 max=58.298535 n=1
step=00275 species=  C N=00471 vac=0025 axis=x surf=yz Eads=-5.6394 eV P=1.000e+00 E=-4051.6653 eV hmax=33.258 A hmean=33.024 A rough=0.931 A occ1=0.600 tested=1
[TEMPLATE DEBUG] total=746 species_filter=0 restriction=0 direction=221 global_front=0 occupied=256 connection=236 min_dist=27 pre_shell=6 post_shell=6 tested_energy=6
[TEMPLATE DEBUG] camada candidata x: min=59.528292 max=59.528292 n=6
step=00276 species=  C N=00472 vac=0025 axis=x surf=yz Eads=-7.3718 eV P=9.980e-01 E=-4059.5667 eV hmax=34.379 A hmean=33.160 A rough=0.690 A occ1=0.600 tested=6
[TEMPLATE DEBUG] total=746 species_filter=0 restriction=0 direction=221 global_front=0 occupied=257 connection=235 min_dist=27 pre_shell=6 post_shell=5 tested_energy=5
[TEMPLATE DEBUG] camada candidata x: min=59.528292 max=59.528292 n=5
step=00277 species=  C N=00473 vac=0025 axis=x surf=yz Eads=-10.5789 eV P=1.000e+00 E=-4072.0310 eV hmax=34.247 A hmean=33.307 A rough=0.765 A occ1=0.600 tested=5
[TEMPLATE DEBUG] total=746 species_filter=0 restriction=0 direction=221 global_front=0 occupied=257 connection=234 min_dist=28 pre_shell=6 post_shell=4 tested_energy=4
[TEMPLATE DEBUG] camada candidata x: min=59.528292 max=59.528292 n=4
step=00278 species=  C N=00474 vac=0025 axis=x surf=yz Eads=-6.0959 eV P=9.723e-01 E=-4079.8521 eV hmax=34.255 A hmean=33.533 A rough=0.817 A occ1=0.600 tested=4
[TEMPLATE DEBUG] total=746 species_filter=0 restriction=0 direction=221 global_front=0 occupied=257 connection=232 min_dist=29 pre_shell=7 post_shell=4 tested_energy=4
[TEMPLATE DEBUG] camada candidata x: min=59.528292 max=59.528292 n=4
step=00279 species=  C N=00475 vac=0025 axis=x surf=yz Eads=-7.7192 eV P=1.000e+00 E=-4090.6138 eV hmax=34.318 A hmean=33.518 A rough=0.845 A occ1=0.600 tested=4
[TEMPLATE DEBUG] total=746 species_filter=0 restriction=0 direction=221 global_front=0 occupied=258 connection=231 min_dist=29 pre_shell=7 post_shell=3 tested_energy=3
[TEMPLATE DEBUG] camada candidata x: min=59.528292 max=59.528292 n=3
step=00280 species=  C N=00476 vac=0025 axis=x surf=yz Eads=-5.8999 eV P=9.997e-01 E=-4097.2271 eV hmax=34.396 A hmean=33.665 A rough=0.885 A occ1=0.600 tested=3
[TEMPLATE DEBUG] total=746 species_filter=0 restriction=0 direction=221 global_front=0 occupied=259 connection=229 min_dist=29 pre_shell=8 post_shell=3 tested_energy=3
[TEMPLATE DEBUG] camada candidata x: min=59.528292 max=59.528292 n=3
step=00281 species=  C N=00477 vac=0025 axis=x surf=yz Eads=-7.4585 eV P=1.000e+00 E=-4105.4287 eV hmax=34.474 A hmean=33.829 A rough=0.917 A occ1=0.600 tested=3
[TEMPLATE DEBUG] total=746 species_filter=0 restriction=0 direction=221 global_front=0 occupied=260 connection=228 min_dist=29 pre_shell=8 post_shell=2 tested_energy=2
[TEMPLATE DEBUG] camada candidata x: min=59.528292 max=59.528292 n=2
step=00282 species=  C N=00478 vac=0025 axis=x surf=yz Eads=-6.6226 eV P=1.000e+00 E=-4112.6514 eV hmax=34.474 A hmean=33.984 A rough=0.942 A occ1=0.600 tested=2
[TEMPLATE DEBUG] total=746 species_filter=0 restriction=0 direction=221 global_front=0 occupied=261 connection=226 min_dist=29 pre_shell=9 post_shell=2 tested_energy=2
[TEMPLATE DEBUG] camada candidata x: min=59.528292 max=59.528292 n=2
step=00283 species=  C N=00479 vac=0025 axis=x surf=yz Eads=-7.6948 eV P=1.000e+00 E=-4121.1392 eV hmax=34.497 A hmean=33.992 A rough=0.963 A occ1=0.600 tested=2
[TEMPLATE DEBUG] total=746 species_filter=0 restriction=0 direction=221 global_front=0 occupied=262 connection=225 min_dist=29 pre_shell=9 post_shell=1 tested_energy=1
[TEMPLATE DEBUG] camada candidata x: min=59.528292 max=59.528292 n=1
step=00284 species=  C N=00480 vac=0025 axis=x surf=yz Eads=-5.1357 eV P=1.000e+00 E=-4127.3535 eV hmax=34.497 A hmean=34.161 A rough=0.982 A occ1=0.600 tested=1
[TEMPLATE DEBUG] total=746 species_filter=0 restriction=0 direction=221 global_front=0 occupied=263 connection=223 min_dist=29 pre_shell=10 post_shell=1 tested_energy=1
[TEMPLATE DEBUG] camada candidata x: min=59.528292 max=59.528292 n=1
step=00285 species=  C N=00481 vac=0025 axis=x surf=yz Eads=-6.5146 eV P=1.000e+00 E=-4136.4048 eV hmax=34.525 A hmean=34.163 A rough=0.980 A occ1=0.600 tested=1
[TEMPLATE DEBUG] total=746 species_filter=0 restriction=0 direction=221 global_front=0 occupied=264 connection=222 min_dist=30 pre_shell=9 post_shell=9 tested_energy=9
[TEMPLATE DEBUG] camada candidata x: min=60.758048 max=60.758048 n=9
step=00286 species=  C N=00482 vac=0025 axis=x surf=yz Eads=-7.2583 eV P=1.530e-01 E=-4144.4805 eV hmax=35.667 A hmean=34.521 A rough=0.720 A occ1=0.600 tested=9
[TEMPLATE DEBUG] total=746 species_filter=0 restriction=0 direction=221 global_front=0 occupied=265 connection=220 min_dist=29 pre_shell=11 post_shell=1 tested_energy=1
[TEMPLATE DEBUG] camada candidata x: min=59.528292 max=59.528292 n=1
step=00287 species=  C N=00483 vac=0025 axis=x surf=yz Eads=-4.4624 eV P=1.000e+00 E=-4151.5620 eV hmax=35.632 A hmean=34.519 A rough=0.717 A occ1=0.600 tested=1
[TEMPLATE DEBUG] total=746 species_filter=0 restriction=0 direction=221 global_front=0 occupied=266 connection=220 min_dist=29 pre_shell=10 post_shell=9 tested_energy=9
[TEMPLATE DEBUG] camada candidata x: min=60.758048 max=60.758048 n=9
step=00288 species=  C N=00484 vac=0025 axis=x surf=yz Eads=-9.9863 eV P=1.000e+00 E=-4163.0649 eV hmax=35.761 A hmean=34.554 A rough=0.809 A occ1=0.600 tested=9
[TEMPLATE DEBUG] total=746 species_filter=0 restriction=0 direction=221 global_front=0 occupied=267 connection=219 min_dist=29 pre_shell=10 post_shell=8 tested_energy=8
[TEMPLATE DEBUG] camada candidata x: min=60.758048 max=60.758048 n=8
step=00289 species=  C N=00485 vac=0025 axis=x surf=yz Eads=-7.3228 eV P=1.000e+00 E=-4174.8511 eV hmax=35.761 A hmean=34.681 A rough=0.861 A occ1=0.600 tested=8
[TEMPLATE DEBUG] total=746 species_filter=0 restriction=0 direction=221 global_front=0 occupied=265 connection=220 min_dist=32 pre_shell=8 post_shell=6 tested_energy=6
[TEMPLATE DEBUG] camada candidata x: min=60.758048 max=60.758048 n=6
step=00290 species=  C N=00486 vac=0025 axis=x surf=yz Eads=-6.6050 eV P=1.000e+00 E=-4182.9175 eV hmax=35.843 A hmean=34.835 A rough=0.871 A occ1=0.600 tested=6
[TEMPLATE DEBUG] total=746 species_filter=0 restriction=0 direction=221 global_front=0 occupied=266 connection=219 min_dist=32 pre_shell=8 post_shell=5 tested_energy=5
[TEMPLATE DEBUG] camada candidata x: min=60.758048 max=60.758048 n=5
step=00291 species=  C N=00487 vac=0025 axis=x surf=yz Eads=-7.3628 eV P=1.000e+00 E=-4191.0264 eV hmax=35.843 A hmean=34.993 A rough=0.886 A occ1=0.600 tested=5
[TEMPLATE DEBUG] total=746 species_filter=0 restriction=0 direction=221 global_front=0 occupied=267 connection=218 min_dist=32 pre_shell=8 post_shell=4 tested_energy=4
[TEMPLATE DEBUG] camada candidata x: min=60.758048 max=60.758048 n=4
step=00292 species=  C N=00488 vac=0025 axis=x surf=yz Eads=-5.4785 eV P=9.999e-01 E=-4199.1055 eV hmax=35.843 A hmean=35.170 A rough=0.899 A occ1=0.600 tested=4
[TEMPLATE DEBUG] total=746 species_filter=0 restriction=0 direction=221 global_front=0 occupied=267 connection=216 min_dist=32 pre_shell=10 post_shell=1 tested_energy=1
[TEMPLATE DEBUG] camada candidata x: min=57.068779 max=57.068779 n=1
step=00293 species=  C N=00489 vac=0025 axis=x surf=yz Eads=-2.4834 eV P=1.000e+00 E=-4206.5049 eV hmax=35.843 A hmean=35.159 A rough=0.885 A occ1=0.600 tested=1
[TEMPLATE DEBUG] total=746 species_filter=0 restriction=0 direction=221 global_front=0 occupied=269 connection=216 min_dist=31 pre_shell=9 post_shell=4 tested_energy=4
[TEMPLATE DEBUG] camada candidata x: min=60.758048 max=60.758048 n=4
step=00294 species=  C N=00490 vac=0025 axis=x surf=yz Eads=-8.8789 eV P=1.000e+00 E=-4219.1431 eV hmax=35.843 A hmean=35.284 A rough=0.882 A occ1=0.600 tested=4
[TEMPLATE DEBUG] total=746 species_filter=0 restriction=0 direction=221 global_front=0 occupied=270 connection=215 min_dist=31 pre_shell=9 post_shell=3 tested_energy=3
[TEMPLATE DEBUG] camada candidata x: min=60.758048 max=60.758048 n=3
step=00295 species=  C N=00491 vac=0025 axis=x surf=yz Eads=-5.4302 eV P=9.980e-01 E=-4225.9370 eV hmax=35.843 A hmean=35.315 A rough=0.903 A occ1=0.600 tested=3
[TEMPLATE DEBUG] total=746 species_filter=0 restriction=0 direction=221 global_front=0 occupied=270 connection=214 min_dist=32 pre_shell=9 post_shell=2 tested_energy=2
[TEMPLATE DEBUG] camada candidata x: min=60.758048 max=60.758048 n=2
step=00296 species=  C N=00492 vac=0025 axis=x surf=yz Eads=-4.9868 eV P=9.999e-01 E=-4232.3862 eV hmax=35.843 A hmean=35.496 A rough=0.922 A occ1=0.600 tested=2
[TEMPLATE DEBUG] total=746 species_filter=0 restriction=0 direction=221 global_front=0 occupied=271 connection=213 min_dist=32 pre_shell=9 post_shell=1 tested_energy=1
[TEMPLATE DEBUG] camada candidata x: min=60.758048 max=60.758048 n=1
[INFO] vacância sorteada por --impurity em posição template; espécie que seria depositada: C.
[INFO] vacância frozen registrada no sítio template 519; esse sítio não poderá ser depositado novamente.
step=00297 species=vac impurity=vac intended=C N=00492 vac=0026 axis=x surf=yz Eads=+0.0000 eV P=1.000e+00 E=-4232.3862 eV hmax=35.843 A hmean=35.496 A rough=0.922 A occ1=0.600 tested=1
[TEMPLATE DEBUG] total=746 species_filter=0 restriction=0 direction=221 global_front=0 occupied=272 connection=213 min_dist=32 pre_shell=8 post_shell=8 tested_energy=8
[TEMPLATE DEBUG] camada candidata x: min=61.987804 max=61.987804 n=8
step=00298 species=  C N=00493 vac=0026 axis=x surf=yz Eads=-6.8140 eV P=9.826e-01 E=-4239.9336 eV hmax=36.977 A hmean=35.715 A rough=0.705 A occ1=0.600 tested=8
[TEMPLATE DEBUG] total=746 species_filter=0 restriction=0 direction=221 global_front=0 occupied=274 connection=211 min_dist=31 pre_shell=9 post_shell=8 tested_energy=8
[TEMPLATE DEBUG] camada candidata x: min=61.987804 max=61.987804 n=8
step=00299 species=  C N=00494 vac=0026 axis=x surf=yz Eads=-6.9399 eV P=9.997e-01 E=-4247.8291 eV hmax=36.977 A hmean=35.887 A rough=0.788 A occ1=0.600 tested=8
[TEMPLATE DEBUG] total=746 species_filter=0 restriction=0 direction=221 global_front=0 occupied=275 connection=210 min_dist=31 pre_shell=9 post_shell=7 tested_energy=7
[TEMPLATE DEBUG] camada candidata x: min=61.987804 max=61.987804 n=7
step=00300 species=  C N=00495 vac=0026 axis=x surf=yz Eads=-9.2627 eV P=1.000e+00 E=-4257.5337 eV hmax=36.977 A hmean=35.893 A rough=0.849 A occ1=0.600 tested=7
[TEMPLATE DEBUG] total=746 species_filter=0 restriction=0 direction=221 global_front=0 occupied=276 connection=209 min_dist=31 pre_shell=9 post_shell=6 tested_energy=6
[TEMPLATE DEBUG] camada candidata x: min=61.987804 max=61.987804 n=6
step=00301 species=  C N=00496 vac=0026 axis=x surf=yz Eads=-6.5884 eV P=9.999e-01 E=-4265.1123 eV hmax=36.977 A hmean=36.059 A rough=0.886 A occ1=0.600 tested=6
[TEMPLATE DEBUG] total=746 species_filter=0 restriction=0 direction=221 global_front=0 occupied=277 connection=207 min_dist=31 pre_shell=10 post_shell=6 tested_energy=6
[TEMPLATE DEBUG] camada candidata x: min=61.987804 max=61.987804 n=6
step=00302 species=  C N=00497 vac=0026 axis=x surf=yz Eads=-7.7134 eV P=1.000e+00 E=-4273.7671 eV hmax=36.977 A hmean=36.079 A rough=0.919 A occ1=0.600 tested=6
[TEMPLATE DEBUG] total=746 species_filter=0 restriction=0 direction=221 global_front=0 occupied=278 connection=208 min_dist=31 pre_shell=8 post_shell=4 tested_energy=4
[TEMPLATE DEBUG] camada candidata x: min=61.987804 max=61.987804 n=4
step=00303 species=  C N=00498 vac=0026 axis=x surf=yz Eads=-6.1953 eV P=9.954e-01 E=-4280.4697 eV hmax=36.961 A hmean=36.186 A rough=0.974 A occ1=0.600 tested=4
[TEMPLATE DEBUG] total=746 species_filter=0 restriction=0 direction=221 global_front=0 occupied=279 connection=207 min_dist=31 pre_shell=8 post_shell=3 tested_energy=3
[TEMPLATE DEBUG] camada candidata x: min=61.987804 max=61.987804 n=3
step=00304 species=  C N=00499 vac=0026 axis=x surf=yz Eads=-5.9648 eV P=1.000e+00 E=-4287.6084 eV hmax=36.961 A hmean=36.337 A rough=0.988 A occ1=0.600 tested=3
[TEMPLATE DEBUG] total=746 species_filter=0 restriction=0 direction=221 global_front=0 occupied=281 connection=205 min_dist=30 pre_shell=9 post_shell=3 tested_energy=3
[TEMPLATE DEBUG] camada candidata x: min=61.987804 max=61.987804 n=3
step=00305 species=  C N=00500 vac=0026 axis=x surf=yz Eads=-8.3579 eV P=1.000e+00 E=-4298.2441 eV hmax=36.961 A hmean=36.514 A rough=0.991 A occ1=0.600 tested=3
[TEMPLATE DEBUG] total=746 species_filter=0 restriction=0 direction=221 global_front=0 occupied=282 connection=204 min_dist=30 pre_shell=9 post_shell=2 tested_energy=2
[TEMPLATE DEBUG] camada candidata x: min=61.987804 max=61.987804 n=2
step=00306 species=  C N=00501 vac=0026 axis=x surf=yz Eads=-5.4224 eV P=1.000e+00 E=-4305.2080 eV hmax=36.961 A hmean=36.792 A rough=1.009 A occ1=0.600 tested=2
[TEMPLATE DEBUG] total=746 species_filter=0 restriction=0 direction=221 global_front=0 occupied=281 connection=202 min_dist=33 pre_shell=9 post_shell=1 tested_energy=1
[TEMPLATE DEBUG] camada candidata x: min=61.987804 max=61.987804 n=1
[INFO] vacância sorteada por --impurity em posição template; espécie que seria depositada: C.
[INFO] vacância frozen registrada no sítio template 532; esse sítio não poderá ser depositado novamente.
step=00307 species=vac impurity=vac intended=C N=00501 vac=0027 axis=x surf=yz Eads=+0.0000 eV P=1.000e+00 E=-4305.2080 eV hmax=36.961 A hmean=36.792 A rough=1.009 A occ1=0.600 tested=1
[TEMPLATE DEBUG] total=746 species_filter=0 restriction=0 direction=221 global_front=0 occupied=282 connection=202 min_dist=33 pre_shell=8 post_shell=8 tested_energy=8
[TEMPLATE DEBUG] camada candidata x: min=63.217560 max=63.217560 n=8
step=00308 species=  C N=00502 vac=0027 axis=x surf=yz Eads=-6.6562 eV P=9.811e-01 E=-4313.1455 eV hmax=38.069 A hmean=36.932 A rough=0.710 A occ1=0.600 tested=8
[TEMPLATE DEBUG] total=746 species_filter=0 restriction=0 direction=221 global_front=0 occupied=283 connection=201 min_dist=33 pre_shell=8 post_shell=7 tested_energy=7
[TEMPLATE DEBUG] camada candidata x: min=63.217560 max=63.217560 n=7
step=00309 species=  C N=00503 vac=0027 axis=x surf=yz Eads=-9.2017 eV P=1.000e+00 E=-4324.6885 eV hmax=38.229 A hmean=36.963 A rough=0.815 A occ1=0.600 tested=7
[TEMPLATE DEBUG] total=746 species_filter=0 restriction=0 direction=221 global_front=0 occupied=284 connection=200 min_dist=33 pre_shell=8 post_shell=6 tested_energy=6
[TEMPLATE DEBUG] camada candidata x: min=63.217560 max=63.217560 n=6
step=00310 species=  C N=00504 vac=0027 axis=x surf=yz Eads=-7.1348 eV P=1.000e+00 E=-4332.1479 eV hmax=38.234 A hmean=37.126 A rough=0.834 A occ1=0.600 tested=6
[TEMPLATE DEBUG] total=746 species_filter=0 restriction=0 direction=221 global_front=0 occupied=285 connection=199 min_dist=33 pre_shell=8 post_shell=5 tested_energy=5
[TEMPLATE DEBUG] camada candidata x: min=63.217560 max=63.217560 n=5
step=00311 species=  C N=00505 vac=0027 axis=x surf=yz Eads=-10.4829 eV P=1.000e+00 E=-4343.2461 eV hmax=38.234 A hmean=37.119 A rough=0.865 A occ1=0.600 tested=5
[TEMPLATE DEBUG] total=746 species_filter=0 restriction=0 direction=221 global_front=0 occupied=286 connection=198 min_dist=33 pre_shell=8 post_shell=4 tested_energy=4
[TEMPLATE DEBUG] camada candidata x: min=63.217560 max=63.217560 n=4
step=00312 species=  C N=00506 vac=0027 axis=x surf=yz Eads=-6.4844 eV P=9.999e-01 E=-4350.5381 eV hmax=38.234 A hmean=37.374 A rough=0.898 A occ1=0.600 tested=4
[TEMPLATE DEBUG] total=746 species_filter=0 restriction=0 direction=221 global_front=0 occupied=288 connection=196 min_dist=32 pre_shell=9 post_shell=4 tested_energy=4
[TEMPLATE DEBUG] camada candidata x: min=63.217560 max=63.217560 n=4
step=00313 species=  C N=00507 vac=0027 axis=x surf=yz Eads=-7.0278 eV P=1.000e+00 E=-4359.4219 eV hmax=38.234 A hmean=37.415 A rough=0.922 A occ1=0.600 tested=4
[TEMPLATE DEBUG] total=746 species_filter=0 restriction=0 direction=221 global_front=0 occupied=289 connection=196 min_dist=32 pre_shell=8 post_shell=2 tested_energy=2
[TEMPLATE DEBUG] camada candidata x: min=63.217560 max=63.217560 n=2
[INFO] vacância sorteada por --impurity em posição template; espécie que seria depositada: C.
[INFO] vacância frozen registrada no sítio template 539; esse sítio não poderá ser depositado novamente.
step=00314 species=vac impurity=vac intended=C N=00507 vac=0028 axis=x surf=yz Eads=+0.0000 eV P=1.000e+00 E=-4359.4219 eV hmax=38.234 A hmean=37.415 A rough=0.922 A occ1=0.600 tested=2
[TEMPLATE DEBUG] total=746 species_filter=0 restriction=0 direction=221 global_front=0 occupied=290 connection=196 min_dist=32 pre_shell=7 post_shell=1 tested_energy=1
[TEMPLATE DEBUG] camada candidata x: min=63.217560 max=63.217560 n=1
step=00315 species=  C N=00508 vac=0028 axis=x surf=yz Eads=-4.7476 eV P=1.000e+00 E=-4366.1367 eV hmax=38.237 A hmean=37.596 A rough=0.973 A occ1=0.600 tested=1
[TEMPLATE DEBUG] total=746 species_filter=0 restriction=0 direction=221 global_front=0 occupied=290 connection=194 min_dist=33 pre_shell=8 post_shell=1 tested_energy=1
[TEMPLATE DEBUG] camada candidata x: min=63.217560 max=63.217560 n=1
step=00316 species=  C N=00509 vac=0028 axis=x surf=yz Eads=-5.8521 eV P=1.000e+00 E=-4373.1401 eV hmax=38.234 A hmean=37.602 A rough=0.984 A occ1=0.600 tested=1
[TEMPLATE DEBUG] total=746 species_filter=0 restriction=0 direction=221 global_front=0 occupied=291 connection=193 min_dist=32 pre_shell=9 post_shell=1 tested_energy=1
[TEMPLATE DEBUG] camada candidata x: min=61.987804 max=61.987804 n=1
step=00317 species=  C N=00510 vac=0028 axis=x surf=yz Eads=-0.4805 eV P=1.000e+00 E=-4379.1011 eV hmax=38.273 A hmean=37.608 A rough=1.006 A occ1=0.600 tested=1
[TEMPLATE DEBUG] total=746 species_filter=0 restriction=0 direction=221 global_front=0 occupied=293 connection=193 min_dist=31 pre_shell=8 post_shell=8 tested_energy=8
[TEMPLATE DEBUG] camada candidata x: min=64.447316 max=64.447316 n=8
step=00318 species=  C N=00511 vac=0028 axis=x surf=yz Eads=-6.9297 eV P=9.566e-01 E=-4387.4009 eV hmax=39.290 A hmean=37.865 A rough=0.740 A occ1=0.600 tested=8
[TEMPLATE DEBUG] total=746 species_filter=0 restriction=0 direction=221 global_front=0 occupied=294 connection=192 min_dist=31 pre_shell=8 post_shell=7 tested_energy=7
[TEMPLATE DEBUG] camada candidata x: min=64.447316 max=64.447316 n=7
step=00319 species=  C N=00512 vac=0028 axis=x surf=yz Eads=-9.5483 eV P=1.000e+00 E=-4398.2310 eV hmax=39.322 A hmean=37.907 A rough=0.819 A occ1=0.600 tested=7
[TEMPLATE DEBUG] total=746 species_filter=0 restriction=0 direction=221 global_front=0 occupied=295 connection=191 min_dist=31 pre_shell=8 post_shell=6 tested_energy=6
[TEMPLATE DEBUG] camada candidata x: min=64.447316 max=64.447316 n=6
step=00320 species=  C N=00513 vac=0028 axis=x surf=yz Eads=-6.7861 eV P=9.997e-01 E=-4405.4067 eV hmax=39.362 A hmean=38.201 A rough=0.875 A occ1=0.600 tested=6
[TEMPLATE DEBUG] total=746 species_filter=0 restriction=0 direction=221 global_front=0 occupied=296 connection=190 min_dist=31 pre_shell=8 post_shell=5 tested_energy=5
[TEMPLATE DEBUG] camada candidata x: min=64.447316 max=64.447316 n=5
[INFO] vacância sorteada por --impurity em posição template; espécie que seria depositada: C.
[INFO] vacância frozen registrada no sítio template 547; esse sítio não poderá ser depositado novamente.
step=00321 species=vac impurity=vac intended=C N=00513 vac=0029 axis=x surf=yz Eads=+0.0000 eV P=1.000e+00 E=-4405.4067 eV hmax=39.362 A hmean=38.201 A rough=0.875 A occ1=0.600 tested=5
[TEMPLATE DEBUG] total=746 species_filter=0 restriction=0 direction=221 global_front=0 occupied=297 connection=190 min_dist=31 pre_shell=7 post_shell=4 tested_energy=4
[TEMPLATE DEBUG] camada candidata x: min=64.447316 max=64.447316 n=4
[INFO] vacância sorteada por --impurity em posição template; espécie que seria depositada: C.
[INFO] vacância frozen registrada no sítio template 556; esse sítio não poderá ser depositado novamente.
step=00322 species=vac impurity=vac intended=C N=00513 vac=0030 axis=x surf=yz Eads=+0.0000 eV P=9.998e-01 E=-4405.4067 eV hmax=39.362 A hmean=38.201 A rough=0.875 A occ1=0.600 tested=4
[TEMPLATE DEBUG] total=746 species_filter=0 restriction=0 direction=221 global_front=0 occupied=298 connection=190 min_dist=31 pre_shell=6 post_shell=3 tested_energy=3
[TEMPLATE DEBUG] camada candidata x: min=64.447316 max=64.447316 n=3
step=00323 species=  C N=00514 vac=0030 axis=x surf=yz Eads=-6.0781 eV P=1.000e+00 E=-4412.0371 eV hmax=39.362 A hmean=38.354 A rough=0.917 A occ1=0.600 tested=3
[TEMPLATE DEBUG] total=746 species_filter=0 restriction=0 direction=221 global_front=0 occupied=299 connection=188 min_dist=31 pre_shell=7 post_shell=3 tested_energy=3
[TEMPLATE DEBUG] camada candidata x: min=64.447316 max=64.447316 n=3
step=00324 species=  C N=00515 vac=0030 axis=x surf=yz Eads=-7.8271 eV P=1.000e+00 E=-4420.4722 eV hmax=39.373 A hmean=38.685 A rough=0.942 A occ1=0.600 tested=3
[TEMPLATE DEBUG] total=746 species_filter=0 restriction=0 direction=221 global_front=0 occupied=300 connection=187 min_dist=31 pre_shell=7 post_shell=2 tested_energy=2
[TEMPLATE DEBUG] camada candidata x: min=64.447316 max=64.447316 n=2
step=00325 species=  C N=00516 vac=0030 axis=x surf=yz Eads=-5.5806 eV P=1.000e+00 E=-4428.8389 eV hmax=39.373 A hmean=38.827 A rough=0.953 A occ1=0.600 tested=2
[TEMPLATE DEBUG] total=746 species_filter=0 restriction=0 direction=221 global_front=0 occupied=300 connection=186 min_dist=32 pre_shell=7 post_shell=1 tested_energy=1
[TEMPLATE DEBUG] camada candidata x: min=64.447316 max=64.447316 n=1
step=00326 species=  C N=00517 vac=0030 axis=x surf=yz Eads=-5.8149 eV P=1.000e+00 E=-4439.0894 eV hmax=39.554 A hmean=38.963 A rough=1.020 A occ1=0.600 tested=1
[TEMPLATE DEBUG] total=746 species_filter=0 restriction=0 direction=221 global_front=0 occupied=299 connection=185 min_dist=34 pre_shell=7 post_shell=7 tested_energy=7
[TEMPLATE DEBUG] camada candidata x: min=65.677072 max=65.677072 n=7
step=00327 species=  C N=00518 vac=0030 axis=x surf=yz Eads=-7.1079 eV P=1.000e+00 E=-4446.6328 eV hmax=40.532 A hmean=39.100 A rough=0.697 A occ1=0.600 tested=7
[TEMPLATE DEBUG] total=746 species_filter=0 restriction=0 direction=221 global_front=0 occupied=300 connection=183 min_dist=34 pre_shell=8 post_shell=7 tested_energy=7
[TEMPLATE DEBUG] camada candidata x: min=65.677072 max=65.677072 n=7
step=00328 species=  C N=00519 vac=0030 axis=x surf=yz Eads=-7.5215 eV P=1.000e+00 E=-4454.9678 eV hmax=40.625 A hmean=39.528 A rough=0.784 A occ1=0.600 tested=7
[TEMPLATE DEBUG] total=746 species_filter=0 restriction=0 direction=221 global_front=0 occupied=301 connection=181 min_dist=34 pre_shell=9 post_shell=1 tested_energy=1
[TEMPLATE DEBUG] camada candidata x: min=64.447316 max=64.447316 n=1
step=00329 species=  C N=00520 vac=0030 axis=x surf=yz Eads=-6.8569 eV P=1.000e+00 E=-4462.5825 eV hmax=40.566 A hmean=39.517 A rough=0.762 A occ1=0.600 tested=1
[TEMPLATE DEBUG] total=746 species_filter=0 restriction=0 direction=221 global_front=0 occupied=302 connection=179 min_dist=34 pre_shell=10 post_shell=1 tested_energy=1
[TEMPLATE DEBUG] camada candidata x: min=63.217560 max=63.217560 n=1
step=00330 species=  C N=00521 vac=0030 axis=x surf=yz Eads=-8.3657 eV P=1.000e+00 E=-4474.4238 eV hmax=40.549 A hmean=39.520 A rough=0.770 A occ1=0.600 tested=1
[TEMPLATE DEBUG] total=746 species_filter=0 restriction=0 direction=221 global_front=0 occupied=303 connection=179 min_dist=34 pre_shell=9 post_shell=1 tested_energy=1
[TEMPLATE DEBUG] camada candidata x: min=64.447316 max=64.447316 n=1
step=00331 species=  C N=00522 vac=0030 axis=x surf=yz Eads=-5.8403 eV P=1.000e+00 E=-4483.9419 eV hmax=40.584 A hmean=39.533 A rough=0.750 A occ1=0.600 tested=1
[TEMPLATE DEBUG] total=746 species_filter=0 restriction=0 direction=221 global_front=0 occupied=303 connection=179 min_dist=35 pre_shell=8 post_shell=6 tested_energy=6
[TEMPLATE DEBUG] camada candidata x: min=65.677072 max=65.677072 n=6
[INFO] vacância sorteada por --impurity em posição template; espécie que seria depositada: C.
[INFO] vacância frozen registrada no sítio template 562; esse sítio não poderá ser depositado novamente.
step=00332 species=vac impurity=vac intended=C N=00522 vac=0031 axis=x surf=yz Eads=+0.0000 eV P=9.624e-01 E=-4483.9419 eV hmax=40.584 A hmean=39.533 A rough=0.750 A occ1=0.600 tested=6
[TEMPLATE DEBUG] total=746 species_filter=0 restriction=0 direction=221 global_front=0 occupied=304 connection=179 min_dist=35 pre_shell=7 post_shell=5 tested_energy=5
[TEMPLATE DEBUG] camada candidata x: min=65.677072 max=65.677072 n=5
step=00333 species=  C N=00523 vac=0031 axis=x surf=yz Eads=-5.9688 eV P=1.000e+00 E=-4491.4609 eV hmax=40.890 A hmean=39.850 A rough=0.838 A occ1=0.600 tested=5
[TEMPLATE DEBUG] total=746 species_filter=0 restriction=0 direction=221 global_front=0 occupied=303 connection=177 min_dist=37 pre_shell=8 post_shell=5 tested_energy=5
[TEMPLATE DEBUG] camada candidata x: min=65.677072 max=65.677072 n=5
step=00334 species=  C N=00524 vac=0031 axis=x surf=yz Eads=-8.2539 eV P=1.000e+00 E=-4502.9316 eV hmax=40.763 A hmean=39.820 A rough=0.863 A occ1=0.600 tested=5
[TEMPLATE DEBUG] total=746 species_filter=0 restriction=0 direction=221 global_front=0 occupied=304 connection=175 min_dist=37 pre_shell=9 post_shell=4 tested_energy=4
[TEMPLATE DEBUG] camada candidata x: min=65.677072 max=65.677072 n=4
step=00335 species=  C N=00525 vac=0031 axis=x surf=yz Eads=-5.5361 eV P=9.325e-01 E=-4510.9888 eV hmax=40.763 A hmean=39.951 A rough=0.895 A occ1=0.600 tested=4
[TEMPLATE DEBUG] total=746 species_filter=0 restriction=0 direction=221 global_front=0 occupied=305 connection=174 min_dist=37 pre_shell=9 post_shell=3 tested_energy=3
[TEMPLATE DEBUG] camada candidata x: min=65.677072 max=65.677072 n=3
step=00336 species=  C N=00526 vac=0031 axis=x surf=yz Eads=-8.1572 eV P=1.000e+00 E=-4521.2539 eV hmax=40.763 A hmean=40.083 A rough=0.893 A occ1=0.600 tested=3
[TEMPLATE DEBUG] total=746 species_filter=0 restriction=0 direction=221 global_front=0 occupied=307 connection=173 min_dist=36 pre_shell=9 post_shell=2 tested_energy=2
[TEMPLATE DEBUG] camada candidata x: min=65.677072 max=65.677072 n=2
step=00337 species=  C N=00527 vac=0031 axis=x surf=yz Eads=-5.3589 eV P=1.000e+00 E=-4527.9287 eV hmax=40.782 A hmean=40.179 A rough=0.902 A occ1=0.600 tested=2
[TEMPLATE DEBUG] total=746 species_filter=0 restriction=0 direction=221 global_front=0 occupied=307 connection=172 min_dist=37 pre_shell=9 post_shell=1 tested_energy=1
[TEMPLATE DEBUG] camada candidata x: min=65.677072 max=65.677072 n=1
step=00338 species=  C N=00528 vac=0031 axis=x surf=yz Eads=-4.6206 eV P=1.000e+00 E=-4534.5308 eV hmax=40.782 A hmean=40.336 A rough=0.914 A occ1=0.600 tested=1
[TEMPLATE DEBUG] total=746 species_filter=0 restriction=0 direction=221 global_front=0 occupied=308 connection=170 min_dist=37 pre_shell=10 post_shell=1 tested_energy=1
[TEMPLATE DEBUG] camada candidata x: min=65.677072 max=65.677072 n=1
[INFO] vacância sorteada por --impurity em posição template; espécie que seria depositada: C.
[INFO] vacância frozen registrada no sítio template 557; esse sítio não poderá ser depositado novamente.
step=00339 species=vac impurity=vac intended=C N=00528 vac=0032 axis=x surf=yz Eads=+0.0000 eV P=1.000e+00 E=-4534.5308 eV hmax=40.782 A hmean=40.336 A rough=0.914 A occ1=0.600 tested=1
[TEMPLATE DEBUG] total=746 species_filter=0 restriction=0 direction=221 global_front=0 occupied=309 connection=170 min_dist=37 pre_shell=9 post_shell=9 tested_energy=9
[TEMPLATE DEBUG] camada candidata x: min=66.906828 max=66.906828 n=9
step=00340 species=  C N=00529 vac=0032 axis=x surf=yz Eads=-7.2480 eV P=1.000e+00 E=-4542.2666 eV hmax=41.816 A hmean=40.482 A rough=0.710 A occ1=0.600 tested=9
[TEMPLATE DEBUG] total=746 species_filter=0 restriction=0 direction=221 global_front=0 occupied=310 connection=169 min_dist=37 pre_shell=9 post_shell=8 tested_energy=8
[TEMPLATE DEBUG] camada candidata x: min=66.906828 max=66.906828 n=8
step=00341 species=  C N=00530 vac=0032 axis=x surf=yz Eads=-7.1641 eV P=1.000e+00 E=-4550.3979 eV hmax=41.856 A hmean=40.644 A rough=0.803 A occ1=0.600 tested=8
[TEMPLATE DEBUG] total=746 species_filter=0 restriction=0 direction=221 global_front=0 occupied=311 connection=168 min_dist=37 pre_shell=9 post_shell=7 tested_energy=7
[TEMPLATE DEBUG] camada candidata x: min=66.906828 max=66.906828 n=7
step=00342 species=  C N=00531 vac=0032 axis=x surf=yz Eads=-6.1646 eV P=5.869e-01 E=-4557.0327 eV hmax=41.856 A hmean=40.819 A rough=0.864 A occ1=0.600 tested=7
[TEMPLATE DEBUG] total=746 species_filter=0 restriction=0 direction=221 global_front=0 occupied=312 connection=166 min_dist=37 pre_shell=10 post_shell=7 tested_energy=7
[TEMPLATE DEBUG] camada candidata x: min=66.906828 max=66.906828 n=7
step=00343 species=  C N=00532 vac=0032 axis=x surf=yz Eads=-6.9468 eV P=1.000e+00 E=-4564.8218 eV hmax=41.871 A hmean=40.823 A rough=0.913 A occ1=0.600 tested=7
[TEMPLATE DEBUG] total=746 species_filter=0 restriction=0 direction=221 global_front=0 occupied=313 connection=165 min_dist=37 pre_shell=10 post_shell=6 tested_energy=6
[TEMPLATE DEBUG] camada candidata x: min=66.906828 max=66.906828 n=6
step=00344 species=  C N=00533 vac=0032 axis=x surf=yz Eads=-6.1533 eV P=1.000e+00 E=-4572.7441 eV hmax=41.871 A hmean=40.999 A rough=0.944 A occ1=0.600 tested=6
[TEMPLATE DEBUG] total=746 species_filter=0 restriction=0 direction=221 global_front=0 occupied=315 connection=164 min_dist=36 pre_shell=10 post_shell=5 tested_energy=5
[TEMPLATE DEBUG] camada candidata x: min=66.906828 max=66.906828 n=5
step=00345 species=  C N=00534 vac=0032 axis=x surf=yz Eads=-9.1191 eV P=1.000e+00 E=-4583.5967 eV hmax=41.871 A hmean=41.008 A rough=0.970 A occ1=0.600 tested=5
[TEMPLATE DEBUG] total=746 species_filter=0 restriction=0 direction=221 global_front=0 occupied=315 connection=164 min_dist=38 pre_shell=8 post_shell=3 tested_energy=3
[TEMPLATE DEBUG] camada candidata x: min=66.906828 max=66.906828 n=3
step=00346 species=  C N=00535 vac=0032 axis=x surf=yz Eads=-6.3276 eV P=1.000e+00 E=-4590.6987 eV hmax=41.871 A hmean=41.186 A rough=0.988 A occ1=0.600 tested=3
[TEMPLATE DEBUG] total=746 species_filter=0 restriction=0 direction=221 global_front=0 occupied=315 connection=163 min_dist=39 pre_shell=8 post_shell=2 tested_energy=2
[TEMPLATE DEBUG] camada candidata x: min=66.906828 max=66.906828 n=2
step=00347 species=  C N=00536 vac=0032 axis=x surf=yz Eads=-8.6895 eV P=1.000e+00 E=-4600.6060 eV hmax=41.871 A hmean=41.193 A rough=1.006 A occ1=0.600 tested=2
[TEMPLATE DEBUG] total=746 species_filter=0 restriction=0 direction=221 global_front=0 occupied=316 connection=162 min_dist=39 pre_shell=8 post_shell=1 tested_energy=1
[TEMPLATE DEBUG] camada candidata x: min=66.906828 max=66.906828 n=1
step=00348 species=  C N=00537 vac=0032 axis=x surf=yz Eads=-5.2339 eV P=1.000e+00 E=-4607.6978 eV hmax=41.871 A hmean=41.348 A rough=1.015 A occ1=0.600 tested=1
[TEMPLATE DEBUG] total=746 species_filter=0 restriction=0 direction=221 global_front=0 occupied=317 connection=160 min_dist=39 pre_shell=9 post_shell=1 tested_energy=1
[TEMPLATE DEBUG] camada candidata x: min=66.906828 max=66.906828 n=1
step=00349 species=  C N=00538 vac=0032 axis=x surf=yz Eads=-6.8457 eV P=1.000e+00 E=-4615.9849 eV hmax=41.871 A hmean=41.664 A rough=1.018 A occ1=0.600 tested=1
[TEMPLATE DEBUG] total=746 species_filter=0 restriction=0 direction=221 global_front=0 occupied=318 connection=159 min_dist=39 pre_shell=9 post_shell=9 tested_energy=9
[TEMPLATE DEBUG] camada candidata x: min=68.136584 max=68.136584 n=9
step=00350 species=  C N=00539 vac=0032 axis=x surf=yz Eads=-7.4771 eV P=1.000e+00 E=-4624.0205 eV hmax=43.014 A hmean=41.814 A rough=0.685 A occ1=0.600 tested=9
[TEMPLATE DEBUG] total=746 species_filter=0 restriction=0 direction=221 global_front=0 occupied=319 connection=158 min_dist=39 pre_shell=9 post_shell=8 tested_energy=8
[TEMPLATE DEBUG] camada candidata x: min=68.136584 max=68.136584 n=8
step=00351 species=  C N=00540 vac=0032 axis=x surf=yz Eads=-10.2568 eV P=1.000e+00 E=-4634.8994 eV hmax=43.079 A hmean=41.832 A rough=0.771 A occ1=0.600 tested=8
[TEMPLATE DEBUG] total=746 species_filter=0 restriction=0 direction=221 global_front=0 occupied=320 connection=157 min_dist=39 pre_shell=9 post_shell=7 tested_energy=7
[TEMPLATE DEBUG] camada candidata x: min=68.136584 max=68.136584 n=7
step=00352 species=  C N=00541 vac=0032 axis=x surf=yz Eads=-6.7832 eV P=9.999e-01 E=-4642.7632 eV hmax=43.079 A hmean=41.969 A rough=0.819 A occ1=0.600 tested=7
[TEMPLATE DEBUG] total=746 species_filter=0 restriction=0 direction=221 global_front=0 occupied=321 connection=156 min_dist=39 pre_shell=9 post_shell=6 tested_energy=6
[TEMPLATE DEBUG] camada candidata x: min=68.136584 max=68.136584 n=6
step=00353 species=  C N=00542 vac=0032 axis=x surf=yz Eads=-9.6807 eV P=1.000e+00 E=-4654.3208 eV hmax=43.079 A hmean=42.084 A rough=0.850 A occ1=0.600 tested=6
[TEMPLATE DEBUG] total=746 species_filter=0 restriction=0 direction=221 global_front=0 occupied=322 connection=155 min_dist=39 pre_shell=9 post_shell=5 tested_energy=5
[TEMPLATE DEBUG] camada candidata x: min=68.136584 max=68.136584 n=5
step=00354 species=  C N=00543 vac=0032 axis=x surf=yz Eads=-6.7681 eV P=9.999e-01 E=-4661.5117 eV hmax=43.116 A hmean=42.359 A rough=0.888 A occ1=0.600 tested=5
[TEMPLATE DEBUG] total=746 species_filter=0 restriction=0 direction=221 global_front=0 occupied=323 connection=153 min_dist=39 pre_shell=10 post_shell=5 tested_energy=5
[TEMPLATE DEBUG] camada candidata x: min=68.136584 max=68.136584 n=5
step=00355 species=  C N=00544 vac=0032 axis=x surf=yz Eads=-7.6997 eV P=1.000e+00 E=-4671.4980 eV hmax=43.171 A hmean=42.404 A rough=0.923 A occ1=0.600 tested=5
[TEMPLATE DEBUG] total=746 species_filter=0 restriction=0 direction=221 global_front=0 occupied=325 connection=151 min_dist=38 pre_shell=11 post_shell=4 tested_energy=4
[TEMPLATE DEBUG] camada candidata x: min=68.136584 max=68.136584 n=4
[INFO] vacância sorteada por --impurity em posição template; espécie que seria depositada: C.
[INFO] vacância frozen registrada no sítio template 581; esse sítio não poderá ser depositado novamente.
step=00356 species=vac impurity=vac intended=C N=00544 vac=0033 axis=x surf=yz Eads=+0.0000 eV P=9.999e-01 E=-4671.4980 eV hmax=43.171 A hmean=42.404 A rough=0.923 A occ1=0.600 tested=4
[TEMPLATE DEBUG] total=746 species_filter=0 restriction=0 direction=221 global_front=0 occupied=326 connection=151 min_dist=38 pre_shell=10 post_shell=3 tested_energy=3
[TEMPLATE DEBUG] camada candidata x: min=68.136584 max=68.136584 n=3
step=00357 species=  C N=00545 vac=0033 axis=x surf=yz Eads=-5.8628 eV P=1.000e+00 E=-4679.3628 eV hmax=43.079 A hmean=42.501 A rough=0.925 A occ1=0.600 tested=3
[TEMPLATE DEBUG] total=746 species_filter=0 restriction=0 direction=221 global_front=0 occupied=327 connection=151 min_dist=38 pre_shell=9 post_shell=2 tested_energy=2
[TEMPLATE DEBUG] camada candidata x: min=68.136584 max=68.136584 n=2
step=00358 species=  C N=00546 vac=0033 axis=x surf=yz Eads=-5.2271 eV P=9.982e-01 E=-4685.9219 eV hmax=43.079 A hmean=42.687 A rough=0.946 A occ1=0.600 tested=2
[TEMPLATE DEBUG] total=746 species_filter=0 restriction=0 direction=221 global_front=0 occupied=328 connection=150 min_dist=38 pre_shell=9 post_shell=1 tested_energy=1
[TEMPLATE DEBUG] camada candidata x: min=68.136584 max=68.136584 n=1
step=00359 species=  C N=00547 vac=0033 axis=x surf=yz Eads=-7.7119 eV P=1.000e+00 E=-4695.4009 eV hmax=43.079 A hmean=42.690 A rough=0.951 A occ1=0.600 tested=1
[TEMPLATE DEBUG] total=746 species_filter=0 restriction=0 direction=221 global_front=0 occupied=329 connection=149 min_dist=38 pre_shell=9 post_shell=9 tested_energy=9
[TEMPLATE DEBUG] camada candidata x: min=69.366340 max=69.366340 n=9
step=00360 species=  C N=00548 vac=0033 axis=x surf=yz Eads=-7.0259 eV P=1.000e+00 E=-4703.3589 eV hmax=44.197 A hmean=42.847 A rough=0.664 A occ1=0.600 tested=9
[TEMPLATE DEBUG] total=746 species_filter=0 restriction=0 direction=221 global_front=0 occupied=330 connection=147 min_dist=38 pre_shell=10 post_shell=9 tested_energy=9
[TEMPLATE DEBUG] camada candidata x: min=69.366340 max=69.366340 n=9
step=00361 species=  C N=00549 vac=0033 axis=x surf=yz Eads=-7.7686 eV P=1.000e+00 E=-4712.7583 eV hmax=44.198 A hmean=42.870 A rough=0.746 A occ1=0.600 tested=9
[TEMPLATE DEBUG] total=746 species_filter=0 restriction=0 direction=221 global_front=0 occupied=330 connection=147 min_dist=40 pre_shell=8 post_shell=7 tested_energy=7
[TEMPLATE DEBUG] camada candidata x: min=69.366340 max=69.366340 n=7
step=00362 species=  C N=00550 vac=0033 axis=x surf=yz Eads=-6.2930 eV P=5.722e-01 E=-4719.6899 eV hmax=44.331 A hmean=43.030 A rough=0.817 A occ1=0.600 tested=7
[TEMPLATE DEBUG] total=746 species_filter=0 restriction=0 direction=221 global_front=0 occupied=331 connection=145 min_dist=40 pre_shell=9 post_shell=7 tested_energy=7
[TEMPLATE DEBUG] camada candidata x: min=69.366340 max=69.366340 n=7
step=00363 species=  C N=00551 vac=0033 axis=x surf=yz Eads=-7.9170 eV P=1.000e+00 E=-4727.9604 eV hmax=44.311 A hmean=43.356 A rough=0.861 A occ1=0.600 tested=7
[TEMPLATE DEBUG] total=746 species_filter=0 restriction=0 direction=221 global_front=0 occupied=332 connection=144 min_dist=40 pre_shell=9 post_shell=6 tested_energy=6
[TEMPLATE DEBUG] camada candidata x: min=69.366340 max=69.366340 n=6
step=00364 species=  C N=00552 vac=0033 axis=x surf=yz Eads=-6.2812 eV P=9.943e-01 E=-4734.6650 eV hmax=44.311 A hmean=43.590 A rough=0.899 A occ1=0.600 tested=6
[TEMPLATE DEBUG] total=746 species_filter=0 restriction=0 direction=221 global_front=0 occupied=333 connection=143 min_dist=40 pre_shell=9 post_shell=5 tested_energy=5
[TEMPLATE DEBUG] camada candidata x: min=69.366340 max=69.366340 n=5
step=00365 species=  C N=00553 vac=0033 axis=x surf=yz Eads=-8.1929 eV P=1.000e+00 E=-4743.9678 eV hmax=44.311 A hmean=43.769 A rough=0.925 A occ1=0.600 tested=5
[TEMPLATE DEBUG] total=746 species_filter=0 restriction=0 direction=221 global_front=0 occupied=334 connection=142 min_dist=40 pre_shell=9 post_shell=4 tested_energy=4
[TEMPLATE DEBUG] camada candidata x: min=69.366340 max=69.366340 n=4
step=00366 species=  C N=00554 vac=0033 axis=x surf=yz Eads=-6.5659 eV P=9.988e-01 E=-4750.9990 eV hmax=44.311 A hmean=43.935 A rough=0.947 A occ1=0.600 tested=4
[TEMPLATE DEBUG] total=746 species_filter=0 restriction=0 direction=221 global_front=0 occupied=335 connection=141 min_dist=40 pre_shell=9 post_shell=3 tested_energy=3
[TEMPLATE DEBUG] camada candidata x: min=69.366340 max=69.366340 n=3
step=00367 species=  C N=00555 vac=0033 axis=x surf=yz Eads=-8.9077 eV P=1.000e+00 E=-4761.2368 eV hmax=44.301 A hmean=43.931 A rough=0.965 A occ1=0.600 tested=3
[TEMPLATE DEBUG] total=746 species_filter=0 restriction=0 direction=221 global_front=0 occupied=336 connection=140 min_dist=40 pre_shell=9 post_shell=2 tested_energy=2
[TEMPLATE DEBUG] camada candidata x: min=69.366340 max=69.366340 n=2
step=00368 species=  C N=00556 vac=0033 axis=x surf=yz Eads=-6.2764 eV P=1.000e+00 E=-4768.7339 eV hmax=44.301 A hmean=44.098 A rough=0.975 A occ1=0.600 tested=2
[TEMPLATE DEBUG] total=746 species_filter=0 restriction=0 direction=221 global_front=0 occupied=336 connection=139 min_dist=41 pre_shell=9 post_shell=1 tested_energy=1
[TEMPLATE DEBUG] camada candidata x: min=69.366340 max=69.366340 n=1
step=00369 species=  C N=00557 vac=0033 axis=x surf=yz Eads=-9.5864 eV P=1.000e+00 E=-4780.1416 eV hmax=44.301 A hmean=44.101 A rough=0.980 A occ1=0.600 tested=1
[TEMPLATE DEBUG] total=746 species_filter=0 restriction=0 direction=221 global_front=0 occupied=338 connection=138 min_dist=40 pre_shell=9 post_shell=9 tested_energy=9
[TEMPLATE DEBUG] camada candidata x: min=70.596096 max=70.596096 n=9
step=00370 species=  C N=00558 vac=0033 axis=x surf=yz Eads=-7.1665 eV P=1.000e+00 E=-4787.8374 eV hmax=45.464 A hmean=44.240 A rough=0.677 A occ1=0.600 tested=9
[TEMPLATE DEBUG] total=746 species_filter=0 restriction=0 direction=221 global_front=0 occupied=339 connection=137 min_dist=40 pre_shell=9 post_shell=8 tested_energy=8
[TEMPLATE DEBUG] camada candidata x: min=70.596096 max=70.596096 n=8
[INFO] vacância sorteada por --impurity em posição template; espécie que seria depositada: C.
[INFO] vacância frozen registrada no sítio template 601; esse sítio não poderá ser depositado novamente.
step=00371 species=vac impurity=vac intended=C N=00558 vac=0034 axis=x surf=yz Eads=+0.0000 eV P=1.000e+00 E=-4787.8374 eV hmax=45.464 A hmean=44.240 A rough=0.677 A occ1=0.600 tested=8
[TEMPLATE DEBUG] total=746 species_filter=0 restriction=0 direction=221 global_front=0 occupied=340 connection=137 min_dist=40 pre_shell=8 post_shell=7 tested_energy=7
[TEMPLATE DEBUG] camada candidata x: min=70.596096 max=70.596096 n=7
step=00372 species=  C N=00559 vac=0034 axis=x surf=yz Eads=-6.0864 eV P=1.090e-02 E=-4794.4355 eV hmax=45.476 A hmean=44.397 A rough=0.762 A occ1=0.600 tested=7
[TEMPLATE DEBUG] total=746 species_filter=0 restriction=0 direction=221 global_front=0 occupied=341 connection=136 min_dist=40 pre_shell=8 post_shell=6 tested_energy=6
[TEMPLATE DEBUG] camada candidata x: min=70.596096 max=70.596096 n=6
step=00373 species=  C N=00560 vac=0034 axis=x surf=yz Eads=-10.7212 eV P=1.000e+00 E=-4805.5806 eV hmax=45.485 A hmean=44.395 A rough=0.821 A occ1=0.600 tested=6
[TEMPLATE DEBUG] total=746 species_filter=0 restriction=0 direction=221 global_front=0 occupied=342 connection=135 min_dist=40 pre_shell=8 post_shell=5 tested_energy=5
[TEMPLATE DEBUG] camada candidata x: min=70.596096 max=70.596096 n=5
step=00374 species=  C N=00561 vac=0034 axis=x surf=yz Eads=-7.1787 eV P=1.000e+00 E=-4813.3960 eV hmax=45.504 A hmean=44.549 A rough=0.869 A occ1=0.600 tested=5
[TEMPLATE DEBUG] total=746 species_filter=0 restriction=0 direction=221 global_front=0 occupied=343 connection=134 min_dist=40 pre_shell=8 post_shell=4 tested_energy=4
[TEMPLATE DEBUG] camada candidata x: min=70.596096 max=70.596096 n=4
step=00375 species=  C N=00562 vac=0034 axis=x surf=yz Eads=-10.4194 eV P=1.000e+00 E=-4824.3818 eV hmax=45.487 A hmean=44.550 A rough=0.902 A occ1=0.600 tested=4
[TEMPLATE DEBUG] total=746 species_filter=0 restriction=0 direction=221 global_front=0 occupied=344 connection=133 min_dist=40 pre_shell=8 post_shell=3 tested_energy=3
[TEMPLATE DEBUG] camada candidata x: min=70.596096 max=70.596096 n=3
step=00376 species=  C N=00563 vac=0034 axis=x surf=yz Eads=-6.2188 eV P=1.000e+00 E=-4831.8213 eV hmax=45.487 A hmean=44.716 A rough=0.923 A occ1=0.600 tested=3
[TEMPLATE DEBUG] total=746 species_filter=0 restriction=0 direction=221 global_front=0 occupied=345 connection=132 min_dist=40 pre_shell=8 post_shell=2 tested_energy=2
[TEMPLATE DEBUG] camada candidata x: min=70.596096 max=70.596096 n=2
[INFO] vacância sorteada por --impurity em posição template; espécie que seria depositada: C.
[INFO] vacância frozen registrada no sítio template 603; esse sítio não poderá ser depositado novamente.
step=00377 species=vac impurity=vac intended=C N=00563 vac=0035 axis=x surf=yz Eads=+0.0000 eV P=1.000e+00 E=-4831.8213 eV hmax=45.487 A hmean=44.716 A rough=0.923 A occ1=0.600 tested=2
[TEMPLATE DEBUG] total=746 species_filter=0 restriction=0 direction=221 global_front=0 occupied=346 connection=132 min_dist=40 pre_shell=7 post_shell=1 tested_energy=1
[TEMPLATE DEBUG] camada candidata x: min=70.596096 max=70.596096 n=1
step=00378 species=  C N=00564 vac=0035 axis=x surf=yz Eads=-5.7822 eV P=1.000e+00 E=-4838.2319 eV hmax=45.502 A hmean=45.009 A rough=0.948 A occ1=0.600 tested=1
[TEMPLATE DEBUG] total=746 species_filter=0 restriction=0 direction=221 global_front=0 occupied=347 connection=130 min_dist=40 pre_shell=8 post_shell=1 tested_energy=1
[TEMPLATE DEBUG] camada candidata x: min=70.596096 max=70.596096 n=1
step=00379 species=  C N=00565 vac=0035 axis=x surf=yz Eads=-8.2402 eV P=1.000e+00 E=-4848.5269 eV hmax=45.487 A hmean=45.005 A rough=0.962 A occ1=0.600 tested=1
[TEMPLATE DEBUG] total=746 species_filter=0 restriction=0 direction=221 global_front=0 occupied=349 connection=129 min_dist=39 pre_shell=8 post_shell=8 tested_energy=8
[TEMPLATE DEBUG] camada candidata x: min=71.825852 max=71.825852 n=8
[INFO] vacância sorteada por --impurity em posição template; espécie que seria depositada: C.
[INFO] vacância frozen registrada no sítio template 618; esse sítio não poderá ser depositado novamente.
step=00380 species=vac impurity=vac intended=C N=00565 vac=0036 axis=x surf=yz Eads=+0.0000 eV P=1.000e+00 E=-4848.5269 eV hmax=45.487 A hmean=45.005 A rough=0.962 A occ1=0.600 tested=8
[TEMPLATE DEBUG] total=746 species_filter=0 restriction=0 direction=221 global_front=0 occupied=350 connection=129 min_dist=39 pre_shell=7 post_shell=7 tested_energy=7
[TEMPLATE DEBUG] camada candidata x: min=71.825852 max=71.825852 n=7
step=00381 species=  C N=00566 vac=0036 axis=x surf=yz Eads=-6.1401 eV P=1.528e-01 E=-4855.1284 eV hmax=46.747 A hmean=45.158 A rough=0.716 A occ1=0.600 tested=7
[TEMPLATE DEBUG] total=746 species_filter=0 restriction=0 direction=221 global_front=0 occupied=351 connection=128 min_dist=39 pre_shell=7 post_shell=6 tested_energy=6
[TEMPLATE DEBUG] camada candidata x: min=71.825852 max=71.825852 n=6
step=00382 species=  C N=00567 vac=0036 axis=x surf=yz Eads=-9.7393 eV P=1.000e+00 E=-4865.3218 eV hmax=46.766 A hmean=45.309 A rough=0.797 A occ1=0.600 tested=6
[TEMPLATE DEBUG] total=746 species_filter=0 restriction=0 direction=221 global_front=0 occupied=352 connection=127 min_dist=39 pre_shell=7 post_shell=5 tested_energy=5
[TEMPLATE DEBUG] camada candidata x: min=71.825852 max=71.825852 n=5
step=00383 species=  C N=00568 vac=0036 axis=x surf=yz Eads=-7.0767 eV P=1.000e+00 E=-4872.6465 eV hmax=46.781 A hmean=45.610 A rough=0.864 A occ1=0.600 tested=5
[TEMPLATE DEBUG] total=746 species_filter=0 restriction=0 direction=221 global_front=0 occupied=353 connection=126 min_dist=39 pre_shell=7 post_shell=4 tested_energy=4
[TEMPLATE DEBUG] camada candidata x: min=71.825852 max=71.825852 n=4
step=00384 species=  C N=00569 vac=0036 axis=x surf=yz Eads=-10.5840 eV P=1.000e+00 E=-4883.6562 eV hmax=46.781 A hmean=45.616 A rough=0.910 A occ1=0.600 tested=4
[TEMPLATE DEBUG] total=746 species_filter=0 restriction=0 direction=221 global_front=0 occupied=354 connection=125 min_dist=39 pre_shell=7 post_shell=3 tested_energy=3
[TEMPLATE DEBUG] camada candidata x: min=71.825852 max=71.825852 n=3
step=00385 species=  C N=00570 vac=0036 axis=x surf=yz Eads=-7.1255 eV P=1.000e+00 E=-4891.0386 eV hmax=46.781 A hmean=45.762 A rough=0.944 A occ1=0.600 tested=3
[TEMPLATE DEBUG] total=746 species_filter=0 restriction=0 direction=221 global_front=0 occupied=355 connection=124 min_dist=39 pre_shell=7 post_shell=2 tested_energy=2
[TEMPLATE DEBUG] camada candidata x: min=71.825852 max=71.825852 n=2
step=00386 species=  C N=00571 vac=0036 axis=x surf=yz Eads=-5.8994 eV P=9.999e-01 E=-4897.9897 eV hmax=46.781 A hmean=45.946 A rough=0.984 A occ1=0.600 tested=2
[TEMPLATE DEBUG] total=746 species_filter=0 restriction=0 direction=221 global_front=0 occupied=356 connection=122 min_dist=39 pre_shell=8 post_shell=2 tested_energy=2
[TEMPLATE DEBUG] camada candidata x: min=71.825852 max=71.825852 n=2
step=00387 species=  C N=00572 vac=0036 axis=x surf=yz Eads=-6.3472 eV P=1.000e+00 E=-4905.4551 eV hmax=46.790 A hmean=46.244 A rough=1.004 A occ1=0.600 tested=2
[TEMPLATE DEBUG] total=746 species_filter=0 restriction=0 direction=221 global_front=0 occupied=357 connection=120 min_dist=39 pre_shell=9 post_shell=2 tested_energy=2
[TEMPLATE DEBUG] camada candidata x: min=71.825852 max=71.825852 n=2
step=00388 species=  C N=00573 vac=0036 axis=x surf=yz Eads=-7.2876 eV P=1.000e+00 E=-4913.7803 eV hmax=46.790 A hmean=46.259 A rough=1.014 A occ1=0.600 tested=2
[TEMPLATE DEBUG] total=746 species_filter=0 restriction=0 direction=221 global_front=0 occupied=358 connection=119 min_dist=39 pre_shell=9 post_shell=1 tested_energy=1
[TEMPLATE DEBUG] camada candidata x: min=71.825852 max=71.825852 n=1
step=00389 species=  C N=00574 vac=0036 axis=x surf=yz Eads=-1.9136 eV P=1.000e+00 E=-4921.0957 eV hmax=46.817 A hmean=46.572 A rough=1.030 A occ1=0.600 tested=1
[TEMPLATE DEBUG] total=746 species_filter=0 restriction=0 direction=221 global_front=0 occupied=359 connection=118 min_dist=39 pre_shell=9 post_shell=1 tested_energy=1
[TEMPLATE DEBUG] camada candidata x: min=71.825852 max=71.825852 n=1
step=00390 species=  C N=00575 vac=0036 axis=x surf=yz Eads=-8.1128 eV P=1.000e+00 E=-4932.2222 eV hmax=46.962 A hmean=46.569 A rough=1.025 A occ1=0.600 tested=1
[TEMPLATE DEBUG] total=746 species_filter=0 restriction=0 direction=221 global_front=0 occupied=359 connection=117 min_dist=40 pre_shell=9 post_shell=9 tested_energy=9
[TEMPLATE DEBUG] camada candidata x: min=73.055608 max=73.055608 n=9
step=00391 species=  C N=00576 vac=0036 axis=x surf=yz Eads=-7.4951 eV P=1.000e+00 E=-4940.2119 eV hmax=47.885 A hmean=46.722 A rough=0.681 A occ1=0.600 tested=9
[TEMPLATE DEBUG] total=746 species_filter=0 restriction=0 direction=221 global_front=0 occupied=360 connection=116 min_dist=40 pre_shell=9 post_shell=8 tested_energy=8
[TEMPLATE DEBUG] camada candidata x: min=73.055608 max=73.055608 n=8
step=00392 species=  C N=00577 vac=0036 axis=x surf=yz Eads=-9.3564 eV P=1.000e+00 E=-4950.1992 eV hmax=47.935 A hmean=46.734 A rough=0.755 A occ1=0.600 tested=8
[TEMPLATE DEBUG] total=746 species_filter=0 restriction=0 direction=221 global_front=0 occupied=361 connection=115 min_dist=40 pre_shell=9 post_shell=7 tested_energy=7
[TEMPLATE DEBUG] camada candidata x: min=73.055608 max=73.055608 n=7
step=00393 species=  C N=00578 vac=0036 axis=x surf=yz Eads=-7.2646 eV P=9.998e-01 E=-4957.6807 eV hmax=47.943 A hmean=46.880 A rough=0.812 A occ1=0.600 tested=7
[TEMPLATE DEBUG] total=746 species_filter=0 restriction=0 direction=221 global_front=0 occupied=362 connection=114 min_dist=40 pre_shell=9 post_shell=6 tested_energy=6
[TEMPLATE DEBUG] camada candidata x: min=73.055608 max=73.055608 n=6
step=00394 species=  C N=00579 vac=0036 axis=x surf=yz Eads=-10.6021 eV P=1.000e+00 E=-4968.8867 eV hmax=47.955 A hmean=46.884 A rough=0.854 A occ1=0.600 tested=6
[TEMPLATE DEBUG] total=746 species_filter=0 restriction=0 direction=221 global_front=0 occupied=363 connection=113 min_dist=40 pre_shell=9 post_shell=5 tested_energy=5
[TEMPLATE DEBUG] camada candidata x: min=73.055608 max=73.055608 n=5
step=00395 species=  C N=00580 vac=0036 axis=x surf=yz Eads=-6.8999 eV P=9.997e-01 E=-4976.8213 eV hmax=47.955 A hmean=47.036 A rough=0.877 A occ1=0.600 tested=5
[TEMPLATE DEBUG] total=746 species_filter=0 restriction=0 direction=221 global_front=0 occupied=364 connection=111 min_dist=40 pre_shell=10 post_shell=5 tested_energy=5
[TEMPLATE DEBUG] camada candidata x: min=73.055608 max=73.055608 n=5
step=00396 species=  C N=00581 vac=0036 axis=x surf=yz Eads=-7.7222 eV P=1.000e+00 E=-4985.9570 eV hmax=47.979 A hmean=47.330 A rough=0.893 A occ1=0.600 tested=5
[TEMPLATE DEBUG] total=746 species_filter=0 restriction=0 direction=221 global_front=0 occupied=365 connection=110 min_dist=40 pre_shell=10 post_shell=4 tested_energy=4
[TEMPLATE DEBUG] camada candidata x: min=73.055608 max=73.055608 n=4
step=00397 species=  C N=00582 vac=0036 axis=x surf=yz Eads=-6.4282 eV P=1.000e+00 E=-4993.5923 eV hmax=47.979 A hmean=47.452 A rough=0.912 A occ1=0.600 tested=4
[TEMPLATE DEBUG] total=746 species_filter=0 restriction=0 direction=221 global_front=0 occupied=364 connection=109 min_dist=42 pre_shell=10 post_shell=3 tested_energy=3
[TEMPLATE DEBUG] camada candidata x: min=73.055608 max=73.055608 n=3
step=00398 species=  C N=00583 vac=0036 axis=x surf=yz Eads=-9.3271 eV P=1.000e+00 E=-5003.8281 eV hmax=47.979 A hmean=47.454 A rough=0.924 A occ1=0.600 tested=3
[TEMPLATE DEBUG] total=746 species_filter=0 restriction=0 direction=221 global_front=0 occupied=365 connection=108 min_dist=42 pre_shell=10 post_shell=2 tested_energy=2
[TEMPLATE DEBUG] camada candidata x: min=73.055608 max=73.055608 n=2
step=00399 species=  C N=00584 vac=0036 axis=x surf=yz Eads=-5.3560 eV P=1.000e+00 E=-5011.3359 eV hmax=47.979 A hmean=47.632 A rough=0.942 A occ1=0.600 tested=2
[TEMPLATE DEBUG] total=746 species_filter=0 restriction=0 direction=221 global_front=0 occupied=366 connection=107 min_dist=42 pre_shell=10 post_shell=1 tested_energy=1
[TEMPLATE DEBUG] camada candidata x: min=73.055608 max=73.055608 n=1
step=00400 species=  C N=00585 vac=0036 axis=x surf=yz Eads=-8.2026 eV P=1.000e+00 E=-5024.1890 eV hmax=47.979 A hmean=47.764 A rough=0.964 A occ1=0.600 tested=1
[TEMPLATE DEBUG] total=746 species_filter=0 restriction=0 direction=221 global_front=0 occupied=369 connection=106 min_dist=40 pre_shell=10 post_shell=10 tested_energy=10
[TEMPLATE DEBUG] camada candidata x: min=74.285364 max=74.285364 n=10
step=00401 species=  C N=00586 vac=0036 axis=x surf=yz Eads=-7.4868 eV P=1.000e+00 E=-5033.0562 eV hmax=49.130 A hmean=47.819 A rough=0.653 A occ1=0.600 tested=10
[TEMPLATE DEBUG] total=746 species_filter=0 restriction=0 direction=221 global_front=0 occupied=370 connection=105 min_dist=40 pre_shell=10 post_shell=9 tested_energy=9
[TEMPLATE DEBUG] camada candidata x: min=74.285364 max=74.285364 n=9
step=00402 species=  C N=00587 vac=0036 axis=x surf=yz Eads=-9.7983 eV P=1.000e+00 E=-5043.9443 eV hmax=49.084 A hmean=47.960 A rough=0.726 A occ1=0.600 tested=9
[TEMPLATE DEBUG] total=746 species_filter=0 restriction=0 direction=221 global_front=0 occupied=370 connection=104 min_dist=41 pre_shell=10 post_shell=8 tested_energy=8
[TEMPLATE DEBUG] camada candidata x: min=74.285364 max=74.285364 n=8
step=00403 species=  C N=00588 vac=0036 axis=x surf=yz Eads=-6.5010 eV P=9.999e-01 E=-5051.1714 eV hmax=49.071 A hmean=48.242 A rough=0.777 A occ1=0.600 tested=8
[TEMPLATE DEBUG] total=746 species_filter=0 restriction=0 direction=221 global_front=0 occupied=371 connection=103 min_dist=41 pre_shell=10 post_shell=7 tested_energy=7
[TEMPLATE DEBUG] camada candidata x: min=74.285364 max=74.285364 n=7
step=00404 species=  C N=00589 vac=0036 axis=x surf=yz Eads=-10.1406 eV P=1.000e+00 E=-5062.0967 eV hmax=49.159 A hmean=48.261 A rough=0.823 A occ1=0.600 tested=7
[TEMPLATE DEBUG] total=746 species_filter=0 restriction=0 direction=221 global_front=0 occupied=372 connection=102 min_dist=41 pre_shell=10 post_shell=6 tested_energy=6
[TEMPLATE DEBUG] camada candidata x: min=74.285364 max=74.285364 n=6
[INFO] vacância sorteada por --impurity em posição template; espécie que seria depositada: C.
[INFO] vacância frozen registrada no sítio template 635; esse sítio não poderá ser depositado novamente.
step=00405 species=vac impurity=vac intended=C N=00589 vac=0037 axis=x surf=yz Eads=+0.0000 eV P=1.000e+00 E=-5062.0967 eV hmax=49.159 A hmean=48.261 A rough=0.823 A occ1=0.600 tested=6
[TEMPLATE DEBUG] total=746 species_filter=0 restriction=0 direction=221 global_front=0 occupied=373 connection=102 min_dist=41 pre_shell=9 post_shell=5 tested_energy=5
[TEMPLATE DEBUG] camada candidata x: min=74.285364 max=74.285364 n=5
step=00406 species=  C N=00590 vac=0037 axis=x surf=yz Eads=-6.0728 eV P=9.580e-01 E=-5068.9253 eV hmax=49.159 A hmean=48.533 A rough=0.861 A occ1=0.600 tested=5
[TEMPLATE DEBUG] total=746 species_filter=0 restriction=0 direction=221 global_front=0 occupied=374 connection=101 min_dist=41 pre_shell=9 post_shell=4 tested_energy=4
[TEMPLATE DEBUG] camada candidata x: min=74.285364 max=74.285364 n=4
[INFO] vacância sorteada por --impurity em posição template; espécie que seria depositada: C.
[INFO] vacância frozen registrada no sítio template 637; esse sítio não poderá ser depositado novamente.
step=00407 species=vac impurity=vac intended=C N=00590 vac=0038 axis=x surf=yz Eads=+0.0000 eV P=1.000e+00 E=-5068.9253 eV hmax=49.159 A hmean=48.533 A rough=0.861 A occ1=0.600 tested=4
[TEMPLATE DEBUG] total=746 species_filter=0 restriction=0 direction=221 global_front=0 occupied=375 connection=101 min_dist=41 pre_shell=8 post_shell=3 tested_energy=3
[TEMPLATE DEBUG] camada candidata x: min=74.285364 max=74.285364 n=3
step=00408 species=  C N=00591 vac=0038 axis=x surf=yz Eads=-6.6343 eV P=1.000e+00 E=-5076.4487 eV hmax=49.227 A hmean=48.684 A rough=0.898 A occ1=0.600 tested=3
[TEMPLATE DEBUG] total=746 species_filter=0 restriction=0 direction=221 global_front=0 occupied=376 connection=99 min_dist=42 pre_shell=8 post_shell=2 tested_energy=2
[TEMPLATE DEBUG] camada candidata x: min=74.285364 max=74.285364 n=2
step=00409 species=  C N=00592 vac=0038 axis=x surf=yz Eads=-6.3315 eV P=9.998e-01 E=-5086.4634 eV hmax=49.287 A hmean=48.861 A rough=0.937 A occ1=0.600 tested=2
[TEMPLATE DEBUG] total=746 species_filter=0 restriction=0 direction=221 global_front=0 occupied=377 connection=98 min_dist=42 pre_shell=8 post_shell=1 tested_energy=1
[TEMPLATE DEBUG] camada candidata x: min=74.285364 max=74.285364 n=1
step=00410 species=  C N=00593 vac=0038 axis=x surf=yz Eads=-6.7563 eV P=1.000e+00 E=-5094.6089 eV hmax=49.255 A hmean=48.987 A rough=0.940 A occ1=0.600 tested=1
[TEMPLATE DEBUG] total=746 species_filter=0 restriction=0 direction=221 global_front=0 occupied=377 connection=98 min_dist=43 pre_shell=7 post_shell=7 tested_energy=7
[TEMPLATE DEBUG] camada candidata x: min=75.515120 max=75.515120 n=7
step=00411 species=  C N=00594 vac=0038 axis=x surf=yz Eads=-7.4448 eV P=1.000e+00 E=-5103.0503 eV hmax=50.409 A hmean=49.136 A rough=0.706 A occ1=0.600 tested=7
[TEMPLATE DEBUG] total=746 species_filter=0 restriction=0 direction=221 global_front=0 occupied=379 connection=97 min_dist=42 pre_shell=7 post_shell=6 tested_energy=6
[TEMPLATE DEBUG] camada candidata x: min=75.515120 max=75.515120 n=6
step=00412 species=  C N=00595 vac=0038 axis=x surf=yz Eads=-8.5151 eV P=1.000e+00 E=-5112.7461 eV hmax=50.355 A hmean=49.127 A rough=0.788 A occ1=0.600 tested=6
[TEMPLATE DEBUG] total=746 species_filter=0 restriction=0 direction=221 global_front=0 occupied=379 connection=96 min_dist=43 pre_shell=7 post_shell=5 tested_energy=5
[TEMPLATE DEBUG] camada candidata x: min=75.515120 max=75.515120 n=5
step=00413 species=  C N=00596 vac=0038 axis=x surf=yz Eads=-6.8213 eV P=1.000e+00 E=-5120.5850 eV hmax=50.355 A hmean=49.288 A rough=0.850 A occ1=0.600 tested=5
[TEMPLATE DEBUG] total=746 species_filter=0 restriction=0 direction=221 global_front=0 occupied=380 connection=94 min_dist=43 pre_shell=8 post_shell=5 tested_energy=5
[TEMPLATE DEBUG] camada candidata x: min=75.515120 max=75.515120 n=5
step=00414 species=  C N=00597 vac=0038 axis=x surf=yz Eads=-8.2759 eV P=1.000e+00 E=-5130.9067 eV hmax=50.344 A hmean=49.432 A rough=0.894 A occ1=0.600 tested=5
[TEMPLATE DEBUG] total=746 species_filter=0 restriction=0 direction=221 global_front=0 occupied=382 connection=93 min_dist=42 pre_shell=8 post_shell=4 tested_energy=4
[TEMPLATE DEBUG] camada candidata x: min=75.515120 max=75.515120 n=4
step=00415 species=  C N=00598 vac=0038 axis=x surf=yz Eads=-6.1553 eV P=9.287e-01 E=-5137.5747 eV hmax=50.344 A hmean=49.593 A rough=0.930 A occ1=0.600 tested=4
[TEMPLATE DEBUG] total=746 species_filter=0 restriction=0 direction=221 global_front=0 occupied=383 connection=92 min_dist=42 pre_shell=8 post_shell=3 tested_energy=3
[TEMPLATE DEBUG] camada candidata x: min=75.515120 max=75.515120 n=3
step=00416 species=  C N=00599 vac=0038 axis=x surf=yz Eads=-10.2324 eV P=1.000e+00 E=-5148.4736 eV hmax=50.358 A hmean=49.592 A rough=0.955 A occ1=0.600 tested=3
[TEMPLATE DEBUG] total=746 species_filter=0 restriction=0 direction=221 global_front=0 occupied=384 connection=91 min_dist=42 pre_shell=8 post_shell=2 tested_energy=2
[TEMPLATE DEBUG] camada candidata x: min=75.515120 max=75.515120 n=2
step=00417 species=  C N=00600 vac=0038 axis=x surf=yz Eads=-6.7700 eV P=1.000e+00 E=-5155.8135 eV hmax=50.369 A hmean=49.887 A rough=0.976 A occ1=0.600 tested=2
[TEMPLATE DEBUG] total=746 species_filter=0 restriction=0 direction=221 global_front=0 occupied=385 connection=89 min_dist=42 pre_shell=9 post_shell=2 tested_energy=2
[TEMPLATE DEBUG] camada candidata x: min=75.515120 max=75.515120 n=2
step=00418 species=  C N=00601 vac=0038 axis=x surf=yz Eads=-7.8213 eV P=1.000e+00 E=-5164.1621 eV hmax=50.402 A hmean=49.889 A rough=0.989 A occ1=0.600 tested=2
[TEMPLATE DEBUG] total=746 species_filter=0 restriction=0 direction=221 global_front=0 occupied=386 connection=88 min_dist=42 pre_shell=9 post_shell=1 tested_energy=1
[TEMPLATE DEBUG] camada candidata x: min=75.515120 max=75.515120 n=1
step=00419 species=  C N=00602 vac=0038 axis=x surf=yz Eads=-5.2876 eV P=1.000e+00 E=-5170.2642 eV hmax=50.402 A hmean=50.053 A rough=1.001 A occ1=0.600 tested=1
[TEMPLATE DEBUG] total=746 species_filter=0 restriction=0 direction=221 global_front=0 occupied=387 connection=86 min_dist=42 pre_shell=10 post_shell=1 tested_energy=1
[TEMPLATE DEBUG] camada candidata x: min=75.515120 max=75.515120 n=1
step=00420 species=  C N=00603 vac=0038 axis=x surf=yz Eads=-7.6250 eV P=1.000e+00 E=-5178.4531 eV hmax=50.460 A hmean=50.212 A rough=1.016 A occ1=0.600 tested=1
[TEMPLATE DEBUG] total=746 species_filter=0 restriction=0 direction=221 global_front=0 occupied=388 connection=85 min_dist=42 pre_shell=10 post_shell=10 tested_energy=10
[TEMPLATE DEBUG] camada candidata x: min=76.744877 max=76.744877 n=10
[INFO] vacância sorteada por --impurity em posição template; espécie que seria depositada: C.
[INFO] vacância frozen registrada no sítio template 658; esse sítio não poderá ser depositado novamente.
step=00421 species=vac impurity=vac intended=C N=00603 vac=0039 axis=x surf=yz Eads=+0.0000 eV P=9.975e-01 E=-5178.4531 eV hmax=50.460 A hmean=50.212 A rough=1.016 A occ1=0.600 tested=10
[TEMPLATE DEBUG] total=746 species_filter=0 restriction=0 direction=221 global_front=0 occupied=389 connection=85 min_dist=42 pre_shell=9 post_shell=9 tested_energy=9
[TEMPLATE DEBUG] camada candidata x: min=76.744877 max=76.744877 n=9
step=00422 species=  C N=00604 vac=0039 axis=x surf=yz Eads=-6.9780 eV P=1.000e+00 E=-5186.1357 eV hmax=51.555 A hmean=50.355 A rough=0.678 A occ1=0.600 tested=9
[TEMPLATE DEBUG] total=746 species_filter=0 restriction=0 direction=221 global_front=0 occupied=390 connection=84 min_dist=42 pre_shell=9 post_shell=8 tested_energy=8
[TEMPLATE DEBUG] camada candidata x: min=76.744877 max=76.744877 n=8
step=00423 species=  C N=00605 vac=0039 axis=x surf=yz Eads=-9.9087 eV P=1.000e+00 E=-5197.4043 eV hmax=51.550 A hmean=50.499 A rough=0.750 A occ1=0.600 tested=8
[TEMPLATE DEBUG] total=746 species_filter=0 restriction=0 direction=221 global_front=0 occupied=391 connection=83 min_dist=42 pre_shell=9 post_shell=7 tested_energy=7
[TEMPLATE DEBUG] camada candidata x: min=76.744877 max=76.744877 n=7
[INFO] vacância sorteada por --impurity em posição template; espécie que seria depositada: C.
[INFO] vacância frozen registrada no sítio template 653; esse sítio não poderá ser depositado novamente.
step=00424 species=vac impurity=vac intended=C N=00605 vac=0040 axis=x surf=yz Eads=+0.0000 eV P=1.000e+00 E=-5197.4043 eV hmax=51.550 A hmean=50.499 A rough=0.750 A occ1=0.600 tested=7
[TEMPLATE DEBUG] total=746 species_filter=0 restriction=0 direction=221 global_front=0 occupied=392 connection=83 min_dist=42 pre_shell=8 post_shell=6 tested_energy=6
[TEMPLATE DEBUG] camada candidata x: min=76.744877 max=76.744877 n=6
step=00425 species=  C N=00606 vac=0040 axis=x surf=yz Eads=-6.2344 eV P=9.934e-01 E=-5204.3062 eV hmax=51.670 A hmean=50.665 A rough=0.816 A occ1=0.600 tested=6
[TEMPLATE DEBUG] total=746 species_filter=0 restriction=0 direction=221 global_front=0 occupied=393 connection=81 min_dist=43 pre_shell=8 post_shell=5 tested_energy=5
[TEMPLATE DEBUG] camada candidata x: min=76.744877 max=76.744877 n=5
step=00426 species=  C N=00607 vac=0040 axis=x surf=yz Eads=-6.3408 eV P=9.994e-01 E=-5211.4727 eV hmax=51.687 A hmean=50.804 A rough=0.858 A occ1=0.600 tested=5
[TEMPLATE DEBUG] total=746 species_filter=0 restriction=0 direction=221 global_front=0 occupied=394 connection=80 min_dist=43 pre_shell=8 post_shell=4 tested_energy=4
[TEMPLATE DEBUG] camada candidata x: min=76.744877 max=76.744877 n=4
step=00427 species=  C N=00608 vac=0040 axis=x surf=yz Eads=-5.9785 eV P=6.087e-01 E=-5218.0410 eV hmax=51.687 A hmean=51.115 A rough=0.894 A occ1=0.600 tested=4
[TEMPLATE DEBUG] total=746 species_filter=0 restriction=0 direction=221 global_front=0 occupied=395 connection=79 min_dist=43 pre_shell=8 post_shell=3 tested_energy=3
[TEMPLATE DEBUG] camada candidata x: min=76.744877 max=76.744877 n=3
step=00428 species=  C N=00609 vac=0040 axis=x surf=yz Eads=-9.4502 eV P=1.000e+00 E=-5228.4888 eV hmax=51.687 A hmean=51.111 A rough=0.914 A occ1=0.600 tested=3
[TEMPLATE DEBUG] total=746 species_filter=0 restriction=0 direction=221 global_front=0 occupied=396 connection=78 min_dist=43 pre_shell=8 post_shell=2 tested_energy=2
[TEMPLATE DEBUG] camada candidata x: min=76.744877 max=76.744877 n=2
step=00429 species=  C N=00610 vac=0040 axis=x surf=yz Eads=-6.8066 eV P=1.000e+00 E=-5235.9531 eV hmax=51.687 A hmean=51.259 A rough=0.929 A occ1=0.600 tested=2
[TEMPLATE DEBUG] total=746 species_filter=0 restriction=0 direction=221 global_front=0 occupied=397 connection=77 min_dist=43 pre_shell=8 post_shell=1 tested_energy=1
[TEMPLATE DEBUG] camada candidata x: min=76.744877 max=76.744877 n=1
step=00430 species=  C N=00611 vac=0040 axis=x surf=yz Eads=-9.3125 eV P=1.000e+00 E=-5246.2695 eV hmax=51.687 A hmean=51.405 A rough=0.942 A occ1=0.600 tested=1
[TEMPLATE DEBUG] total=746 species_filter=0 restriction=0 direction=221 global_front=0 occupied=398 connection=76 min_dist=43 pre_shell=8 post_shell=8 tested_energy=8
[TEMPLATE DEBUG] camada candidata x: min=77.974633 max=77.974633 n=8
step=00431 species=  C N=00612 vac=0040 axis=x surf=yz Eads=-7.9150 eV P=1.000e+00 E=-5254.9136 eV hmax=52.877 A hmean=51.546 A rough=0.688 A occ1=0.600 tested=8
[TEMPLATE DEBUG] total=746 species_filter=0 restriction=0 direction=221 global_front=0 occupied=399 connection=75 min_dist=42 pre_shell=9 post_shell=1 tested_energy=1
[TEMPLATE DEBUG] camada candidata x: min=76.744877 max=76.744877 n=1
step=00432 species=  C N=00613 vac=0040 axis=x surf=yz Eads=-0.6094 eV P=1.000e+00 E=-5261.9419 eV hmax=52.985 A hmean=51.718 A rough=0.698 A occ1=0.600 tested=1
[TEMPLATE DEBUG] total=746 species_filter=0 restriction=0 direction=221 global_front=0 occupied=400 connection=75 min_dist=42 pre_shell=8 post_shell=7 tested_energy=7
[TEMPLATE DEBUG] camada candidata x: min=77.974633 max=77.974633 n=7
step=00433 species=  C N=00614 vac=0040 axis=x surf=yz Eads=-9.5361 eV P=1.000e+00 E=-5275.0249 eV hmax=52.768 A hmean=51.806 A rough=0.705 A occ1=0.600 tested=7
[TEMPLATE DEBUG] total=746 species_filter=0 restriction=0 direction=221 global_front=0 occupied=399 connection=74 min_dist=44 pre_shell=8 post_shell=6 tested_energy=6
[TEMPLATE DEBUG] camada candidata x: min=77.974633 max=77.974633 n=6
step=00434 species=  C N=00615 vac=0040 axis=x surf=yz Eads=-6.2285 eV P=7.904e-01 E=-5282.1421 eV hmax=52.815 A hmean=51.964 A rough=0.775 A occ1=0.600 tested=6
[TEMPLATE DEBUG] total=746 species_filter=0 restriction=0 direction=221 global_front=0 occupied=400 connection=73 min_dist=44 pre_shell=8 post_shell=5 tested_energy=5
[TEMPLATE DEBUG] camada candidata x: min=77.974633 max=77.974633 n=5
step=00435 species=  C N=00616 vac=0040 axis=x surf=yz Eads=-10.3584 eV P=1.000e+00 E=-5293.2007 eV hmax=52.831 A hmean=51.971 A rough=0.825 A occ1=0.600 tested=5
[TEMPLATE DEBUG] total=746 species_filter=0 restriction=0 direction=221 global_front=0 occupied=401 connection=72 min_dist=44 pre_shell=8 post_shell=4 tested_energy=4
[TEMPLATE DEBUG] camada candidata x: min=77.974633 max=77.974633 n=4
step=00436 species=  C N=00617 vac=0040 axis=x surf=yz Eads=-6.9146 eV P=1.000e+00 E=-5300.5684 eV hmax=52.836 A hmean=52.145 A rough=0.862 A occ1=0.600 tested=4
[TEMPLATE DEBUG] total=746 species_filter=0 restriction=0 direction=221 global_front=0 occupied=402 connection=71 min_dist=44 pre_shell=8 post_shell=3 tested_energy=3
[TEMPLATE DEBUG] camada candidata x: min=77.974633 max=77.974633 n=3
step=00437 species=  C N=00618 vac=0040 axis=x surf=yz Eads=-8.1753 eV P=1.000e+00 E=-5310.0244 eV hmax=52.834 A hmean=52.145 A rough=0.894 A occ1=0.600 tested=3
[TEMPLATE DEBUG] total=746 species_filter=0 restriction=0 direction=221 global_front=0 occupied=403 connection=70 min_dist=44 pre_shell=8 post_shell=2 tested_energy=2
[TEMPLATE DEBUG] camada candidata x: min=77.974633 max=77.974633 n=2
step=00438 species=  C N=00619 vac=0040 axis=x surf=yz Eads=-7.0493 eV P=1.000e+00 E=-5318.4839 eV hmax=52.834 A hmean=52.318 A rough=0.912 A occ1=0.600 tested=2
[TEMPLATE DEBUG] total=746 species_filter=0 restriction=0 direction=221 global_front=0 occupied=404 connection=68 min_dist=44 pre_shell=9 post_shell=2 tested_energy=2
[TEMPLATE DEBUG] camada candidata x: min=77.974633 max=77.974633 n=2
step=00439 species=  C N=00620 vac=0040 axis=x surf=yz Eads=-8.7290 eV P=1.000e+00 E=-5329.4248 eV hmax=52.834 A hmean=52.460 A rough=0.923 A occ1=0.600 tested=2
[TEMPLATE DEBUG] total=746 species_filter=0 restriction=0 direction=221 global_front=0 occupied=405 connection=67 min_dist=44 pre_shell=9 post_shell=1 tested_energy=1
[TEMPLATE DEBUG] camada candidata x: min=77.974633 max=77.974633 n=1
step=00440 species=  C N=00621 vac=0040 axis=x surf=yz Eads=-6.3809 eV P=1.000e+00 E=-5336.9116 eV hmax=52.879 A hmean=52.624 A rough=0.940 A occ1=0.600 tested=1
[TEMPLATE DEBUG] total=746 species_filter=0 restriction=0 direction=221 global_front=0 occupied=406 connection=65 min_dist=44 pre_shell=10 post_shell=1 tested_energy=1
[TEMPLATE DEBUG] camada candidata x: min=77.974633 max=77.974633 n=1
step=00441 species=  C N=00622 vac=0040 axis=x surf=yz Eads=-8.0449 eV P=1.000e+00 E=-5345.7715 eV hmax=52.934 A hmean=52.612 A rough=0.928 A occ1=0.600 tested=1
[TEMPLATE DEBUG] total=746 species_filter=0 restriction=0 direction=221 global_front=0 occupied=407 connection=65 min_dist=43 pre_shell=10 post_shell=1 tested_energy=1
[TEMPLATE DEBUG] camada candidata x: min=75.515120 max=75.515120 n=1
step=00442 species=  C N=00623 vac=0040 axis=x surf=yz Eads=-3.8838 eV P=1.000e+00 E=-5356.7051 eV hmax=52.894 A hmean=52.637 A rough=0.959 A occ1=0.600 tested=1
[TEMPLATE DEBUG] total=746 species_filter=0 restriction=0 direction=221 global_front=0 occupied=408 connection=65 min_dist=43 pre_shell=9 post_shell=9 tested_energy=9
[TEMPLATE DEBUG] camada candidata x: min=79.204389 max=79.204389 n=9
step=00443 species=  C N=00624 vac=0040 axis=x surf=yz Eads=-6.4199 eV P=9.727e-01 E=-5364.7979 eV hmax=53.967 A hmean=52.818 A rough=0.673 A occ1=0.600 tested=9
[TEMPLATE DEBUG] total=746 species_filter=0 restriction=0 direction=221 global_front=0 occupied=409 connection=63 min_dist=43 pre_shell=10 post_shell=9 tested_energy=9
[TEMPLATE DEBUG] camada candidata x: min=79.204389 max=79.204389 n=9
step=00444 species=  C N=00625 vac=0040 axis=x surf=yz Eads=-10.4868 eV P=1.000e+00 E=-5376.0044 eV hmax=54.084 A hmean=52.833 A rough=0.751 A occ1=0.600 tested=9
[TEMPLATE DEBUG] total=746 species_filter=0 restriction=0 direction=221 global_front=0 occupied=410 connection=62 min_dist=43 pre_shell=10 post_shell=8 tested_energy=8
[TEMPLATE DEBUG] camada candidata x: min=79.204389 max=79.204389 n=8
step=00445 species=  C N=00626 vac=0040 axis=x surf=yz Eads=-7.0527 eV P=1.000e+00 E=-5383.3579 eV hmax=54.084 A hmean=52.984 A rough=0.814 A occ1=0.600 tested=8
[TEMPLATE DEBUG] total=746 species_filter=0 restriction=0 direction=221 global_front=0 occupied=411 connection=61 min_dist=43 pre_shell=10 post_shell=7 tested_energy=7
[TEMPLATE DEBUG] camada candidata x: min=79.204389 max=79.204389 n=7
step=00446 species=  C N=00627 vac=0040 axis=x surf=yz Eads=-10.4053 eV P=1.000e+00 E=-5394.2817 eV hmax=54.084 A hmean=53.140 A rough=0.860 A occ1=0.600 tested=7
[TEMPLATE DEBUG] total=746 species_filter=0 restriction=0 direction=221 global_front=0 occupied=412 connection=60 min_dist=43 pre_shell=10 post_shell=6 tested_energy=6
[TEMPLATE DEBUG] camada candidata x: min=79.204389 max=79.204389 n=6
step=00447 species=  C N=00628 vac=0040 axis=x surf=yz Eads=-7.0312 eV P=1.000e+00 E=-5401.6597 eV hmax=54.084 A hmean=53.431 A rough=0.894 A occ1=0.600 tested=6
[TEMPLATE DEBUG] total=746 species_filter=0 restriction=0 direction=221 global_front=0 occupied=413 connection=59 min_dist=43 pre_shell=10 post_shell=5 tested_energy=5
[TEMPLATE DEBUG] camada candidata x: min=79.204389 max=79.204389 n=5
step=00448 species=  C N=00629 vac=0040 axis=x surf=yz Eads=-10.4917 eV P=1.000e+00 E=-5412.6694 eV hmax=54.084 A hmean=53.440 A rough=0.922 A occ1=0.600 tested=5
[TEMPLATE DEBUG] total=746 species_filter=0 restriction=0 direction=221 global_front=0 occupied=414 connection=58 min_dist=43 pre_shell=10 post_shell=4 tested_energy=4
[TEMPLATE DEBUG] camada candidata x: min=79.204389 max=79.204389 n=4
step=00449 species=  C N=00630 vac=0040 axis=x surf=yz Eads=-6.3535 eV P=5.861e-02 E=-5420.2168 eV hmax=54.101 A hmean=53.588 A rough=0.948 A occ1=0.600 tested=4
[TEMPLATE DEBUG] total=746 species_filter=0 restriction=0 direction=221 global_front=0 occupied=415 connection=56 min_dist=43 pre_shell=11 post_shell=4 tested_energy=4
[TEMPLATE DEBUG] camada candidata x: min=79.204389 max=79.204389 n=4
step=00450 species=  C N=00631 vac=0040 axis=x surf=yz Eads=-6.4785 eV P=9.927e-01 E=-5427.7729 eV hmax=54.101 A hmean=53.722 A rough=0.962 A occ1=0.600 tested=4
[TEMPLATE DEBUG] total=746 species_filter=0 restriction=0 direction=221 global_front=0 occupied=416 connection=55 min_dist=43 pre_shell=11 post_shell=3 tested_energy=3
[TEMPLATE DEBUG] camada candidata x: min=79.204389 max=79.204389 n=3
step=00451 species=  C N=00632 vac=0040 axis=x surf=yz Eads=-9.7114 eV P=1.000e+00 E=-5438.5415 eV hmax=54.101 A hmean=53.872 A rough=0.971 A occ1=0.600 tested=3
[TEMPLATE DEBUG] total=746 species_filter=0 restriction=0 direction=221 global_front=0 occupied=417 connection=54 min_dist=43 pre_shell=11 post_shell=2 tested_energy=2
[TEMPLATE DEBUG] camada candidata x: min=79.204389 max=79.204389 n=2
step=00452 species=  C N=00633 vac=0040 axis=x surf=yz Eads=-7.2437 eV P=1.000e+00 E=-5446.4873 eV hmax=54.107 A hmean=54.039 A rough=0.984 A occ1=0.600 tested=2
[TEMPLATE DEBUG] total=746 species_filter=0 restriction=0 direction=221 global_front=0 occupied=418 connection=53 min_dist=44 pre_shell=10 post_shell=10 tested_energy=10
[TEMPLATE DEBUG] camada candidata x: min=80.434145 max=80.434145 n=10
step=00453 species=  C N=00634 vac=0040 axis=x surf=yz Eads=-7.6919 eV P=2.394e-01 E=-5454.7451 eV hmax=55.272 A hmean=54.180 A rough=0.693 A occ1=0.600 tested=10
[TEMPLATE DEBUG] total=746 species_filter=0 restriction=0 direction=221 global_front=0 occupied=419 connection=52 min_dist=44 pre_shell=10 post_shell=9 tested_energy=9
[TEMPLATE DEBUG] camada candidata x: min=80.434145 max=80.434145 n=9
step=00454 species=  C N=00635 vac=0040 axis=x surf=yz Eads=-9.5757 eV P=1.000e+00 E=-5465.3652 eV hmax=55.268 A hmean=54.330 A rough=0.763 A occ1=0.600 tested=9
[TEMPLATE DEBUG] total=746 species_filter=0 restriction=0 direction=221 global_front=0 occupied=420 connection=51 min_dist=44 pre_shell=10 post_shell=8 tested_energy=8
[TEMPLATE DEBUG] camada candidata x: min=80.434145 max=80.434145 n=8
step=00455 species=  C N=00636 vac=0040 axis=x surf=yz Eads=-7.5093 eV P=1.000e+00 E=-5473.8745 eV hmax=55.268 A hmean=54.467 A rough=0.815 A occ1=0.600 tested=8
[TEMPLATE DEBUG] total=746 species_filter=0 restriction=0 direction=221 global_front=0 occupied=421 connection=50 min_dist=44 pre_shell=10 post_shell=7 tested_energy=7
[TEMPLATE DEBUG] camada candidata x: min=80.434145 max=80.434145 n=7
step=00456 species=  C N=00637 vac=0040 axis=x surf=yz Eads=-9.9194 eV P=1.000e+00 E=-5484.9038 eV hmax=55.319 A hmean=54.482 A rough=0.858 A occ1=0.600 tested=7
[TEMPLATE DEBUG] total=746 species_filter=0 restriction=0 direction=221 global_front=0 occupied=422 connection=49 min_dist=44 pre_shell=10 post_shell=6 tested_energy=6
[TEMPLATE DEBUG] camada candidata x: min=80.434145 max=80.434145 n=6
step=00457 species=  C N=00638 vac=0040 axis=x surf=yz Eads=-6.4810 eV P=6.588e-02 E=-5492.2871 eV hmax=55.319 A hmean=54.645 A rough=0.887 A occ1=0.600 tested=6
[TEMPLATE DEBUG] total=746 species_filter=0 restriction=0 direction=221 global_front=0 occupied=423 connection=48 min_dist=44 pre_shell=10 post_shell=5 tested_energy=5
[TEMPLATE DEBUG] camada candidata x: min=80.434145 max=80.434145 n=5
step=00458 species=  C N=00639 vac=0040 axis=x surf=yz Eads=-10.2856 eV P=1.000e+00 E=-5503.2236 eV hmax=55.319 A hmean=54.663 A rough=0.915 A occ1=0.600 tested=5
[TEMPLATE DEBUG] total=746 species_filter=0 restriction=0 direction=221 global_front=0 occupied=424 connection=47 min_dist=44 pre_shell=10 post_shell=4 tested_energy=4
[TEMPLATE DEBUG] camada candidata x: min=80.434145 max=80.434145 n=4
step=00459 species=  C N=00640 vac=0040 axis=x surf=yz Eads=-7.0098 eV P=9.999e-01 E=-5510.6143 eV hmax=55.319 A hmean=54.814 A rough=0.937 A occ1=0.600 tested=4
[TEMPLATE DEBUG] total=746 species_filter=0 restriction=0 direction=221 global_front=0 occupied=425 connection=46 min_dist=44 pre_shell=10 post_shell=3 tested_energy=3
[TEMPLATE DEBUG] camada candidata x: min=80.434145 max=80.434145 n=3
step=00460 species=  C N=00641 vac=0040 axis=x surf=yz Eads=-10.4414 eV P=1.000e+00 E=-5521.5664 eV hmax=55.319 A hmean=54.818 A rough=0.954 A occ1=0.600 tested=3
[TEMPLATE DEBUG] total=746 species_filter=0 restriction=0 direction=221 global_front=0 occupied=426 connection=45 min_dist=44 pre_shell=10 post_shell=2 tested_energy=2
[TEMPLATE DEBUG] camada candidata x: min=80.434145 max=80.434145 n=2
step=00461 species=  C N=00642 vac=0040 axis=x surf=yz Eads=-7.1177 eV P=9.999e-01 E=-5528.9194 eV hmax=55.323 A hmean=54.970 A rough=0.969 A occ1=0.600 tested=2
[TEMPLATE DEBUG] total=746 species_filter=0 restriction=0 direction=221 global_front=0 occupied=427 connection=44 min_dist=44 pre_shell=10 post_shell=1 tested_energy=1
[TEMPLATE DEBUG] camada candidata x: min=80.434145 max=80.434145 n=1
step=00462 species=  C N=00643 vac=0040 axis=x surf=yz Eads=-11.0234 eV P=1.000e+00 E=-5540.6279 eV hmax=55.295 A hmean=55.105 A rough=0.973 A occ1=0.600 tested=1
[TEMPLATE DEBUG] total=746 species_filter=0 restriction=0 direction=221 global_front=0 occupied=428 connection=43 min_dist=44 pre_shell=10 post_shell=10 tested_energy=10
[TEMPLATE DEBUG] camada candidata x: min=81.663901 max=81.663901 n=10
step=00463 species=  C N=00644 vac=0040 axis=x surf=yz Eads=-6.1460 eV P=5.147e-01 E=-5547.5088 eV hmax=56.491 A hmean=55.259 A rough=0.676 A occ1=0.600 tested=10
[TEMPLATE DEBUG] total=746 species_filter=0 restriction=0 direction=221 global_front=0 occupied=429 connection=42 min_dist=44 pre_shell=10 post_shell=9 tested_energy=9
[TEMPLATE DEBUG] camada candidata x: min=81.663901 max=81.663901 n=9
step=00464 species=  C N=00645 vac=0040 axis=x surf=yz Eads=-10.2095 eV P=1.000e+00 E=-5558.5469 eV hmax=56.485 A hmean=55.408 A rough=0.751 A occ1=0.600 tested=9
[TEMPLATE DEBUG] total=746 species_filter=0 restriction=0 direction=221 global_front=0 occupied=430 connection=41 min_dist=44 pre_shell=10 post_shell=8 tested_energy=8
[TEMPLATE DEBUG] camada candidata x: min=81.663901 max=81.663901 n=8
step=00465 species=  C N=00646 vac=0040 axis=x surf=yz Eads=-6.9785 eV P=1.000e+00 E=-5565.9531 eV hmax=56.492 A hmean=55.701 A rough=0.807 A occ1=0.600 tested=8
[TEMPLATE DEBUG] total=746 species_filter=0 restriction=0 direction=221 global_front=0 occupied=431 connection=40 min_dist=44 pre_shell=10 post_shell=7 tested_energy=7
[TEMPLATE DEBUG] camada candidata x: min=81.663901 max=81.663901 n=7
step=00466 species=  C N=00647 vac=0040 axis=x surf=yz Eads=-10.3657 eV P=1.000e+00 E=-5576.9023 eV hmax=56.520 A hmean=55.713 A rough=0.854 A occ1=0.600 tested=7
[TEMPLATE DEBUG] total=746 species_filter=0 restriction=0 direction=221 global_front=0 occupied=432 connection=39 min_dist=44 pre_shell=10 post_shell=6 tested_energy=6
[TEMPLATE DEBUG] camada candidata x: min=81.663901 max=81.663901 n=6
step=00467 species=  C N=00648 vac=0040 axis=x surf=yz Eads=-7.0532 eV P=1.000e+00 E=-5584.2778 eV hmax=56.519 A hmean=55.861 A rough=0.890 A occ1=0.600 tested=6
[TEMPLATE DEBUG] total=746 species_filter=0 restriction=0 direction=221 global_front=0 occupied=433 connection=38 min_dist=44 pre_shell=10 post_shell=5 tested_energy=5
[TEMPLATE DEBUG] camada candidata x: min=81.663901 max=81.663901 n=5
step=00468 species=  C N=00649 vac=0040 axis=x surf=yz Eads=-10.4297 eV P=1.000e+00 E=-5595.2627 eV hmax=56.535 A hmean=56.011 A rough=0.920 A occ1=0.600 tested=5
[TEMPLATE DEBUG] total=746 species_filter=0 restriction=0 direction=221 global_front=0 occupied=434 connection=37 min_dist=44 pre_shell=10 post_shell=4 tested_energy=4
[TEMPLATE DEBUG] camada candidata x: min=81.663901 max=81.663901 n=4
step=00469 species=  C N=00650 vac=0040 axis=x surf=yz Eads=-7.0117 eV P=1.000e+00 E=-5602.6470 eV hmax=56.526 A hmean=56.172 A rough=0.942 A occ1=0.600 tested=4
[TEMPLATE DEBUG] total=746 species_filter=0 restriction=0 direction=221 global_front=0 occupied=435 connection=36 min_dist=44 pre_shell=10 post_shell=3 tested_energy=3
[TEMPLATE DEBUG] camada candidata x: min=81.663901 max=81.663901 n=3
step=00470 species=  C N=00651 vac=0040 axis=x surf=yz Eads=-10.4600 eV P=1.000e+00 E=-5613.7295 eV hmax=56.517 A hmean=56.178 A rough=0.958 A occ1=0.600 tested=3
[TEMPLATE DEBUG] total=746 species_filter=0 restriction=0 direction=221 global_front=0 occupied=436 connection=35 min_dist=44 pre_shell=10 post_shell=2 tested_energy=2
[TEMPLATE DEBUG] camada candidata x: min=81.663901 max=81.663901 n=2
step=00471 species=  C N=00652 vac=0040 axis=x surf=yz Eads=-6.4736 eV P=9.479e-01 E=-5620.8340 eV hmax=56.570 A hmean=56.328 A rough=0.974 A occ1=0.600 tested=2
[TEMPLATE DEBUG] total=746 species_filter=0 restriction=0 direction=221 global_front=0 occupied=437 connection=33 min_dist=45 pre_shell=10 post_shell=1 tested_energy=1
[TEMPLATE DEBUG] camada candidata x: min=81.663901 max=81.663901 n=1
step=00472 species=  C N=00653 vac=0040 axis=x surf=yz Eads=-6.9043 eV P=1.000e+00 E=-5628.7856 eV hmax=56.566 A hmean=56.496 A rough=0.985 A occ1=0.600 tested=1
[TEMPLATE DEBUG] total=746 species_filter=0 restriction=0 direction=221 global_front=0 occupied=438 connection=32 min_dist=45 pre_shell=10 post_shell=10 tested_energy=10
[TEMPLATE DEBUG] camada candidata x: min=82.893657 max=82.893657 n=10
step=00473 species=  C N=00654 vac=0040 axis=x surf=yz Eads=-7.6577 eV P=7.845e-01 E=-5637.1211 eV hmax=57.723 A hmean=56.637 A rough=0.694 A occ1=0.600 tested=10
[TEMPLATE DEBUG] total=746 species_filter=0 restriction=0 direction=221 global_front=0 occupied=439 connection=31 min_dist=45 pre_shell=10 post_shell=9 tested_energy=9
[TEMPLATE DEBUG] camada candidata x: min=82.893657 max=82.893657 n=9
step=00474 species=  C N=00655 vac=0040 axis=x surf=yz Eads=-9.6509 eV P=1.000e+00 E=-5647.8369 eV hmax=57.757 A hmean=56.650 A rough=0.766 A occ1=0.600 tested=9
[TEMPLATE DEBUG] total=746 species_filter=0 restriction=0 direction=221 global_front=0 occupied=440 connection=30 min_dist=45 pre_shell=10 post_shell=8 tested_energy=8
[TEMPLATE DEBUG] camada candidata x: min=82.893657 max=82.893657 n=8
step=00475 species=  C N=00656 vac=0040 axis=x surf=yz Eads=-7.2964 eV P=9.998e-01 E=-5656.4243 eV hmax=57.757 A hmean=56.789 A rough=0.813 A occ1=0.600 tested=8
[TEMPLATE DEBUG] total=746 species_filter=0 restriction=0 direction=221 global_front=0 occupied=441 connection=29 min_dist=45 pre_shell=10 post_shell=7 tested_energy=7
[TEMPLATE DEBUG] camada candidata x: min=82.893657 max=82.893657 n=7
step=00476 species=  C N=00657 vac=0040 axis=x surf=yz Eads=-9.8115 eV P=1.000e+00 E=-5667.4766 eV hmax=57.757 A hmean=56.941 A rough=0.853 A occ1=0.600 tested=7
[TEMPLATE DEBUG] total=746 species_filter=0 restriction=0 direction=221 global_front=0 occupied=442 connection=28 min_dist=45 pre_shell=10 post_shell=6 tested_energy=6
[TEMPLATE DEBUG] camada candidata x: min=82.893657 max=82.893657 n=6
step=00477 species=  C N=00658 vac=0040 axis=x surf=yz Eads=-6.9346 eV P=9.990e-01 E=-5674.9941 eV hmax=57.738 A hmean=57.084 A rough=0.885 A occ1=0.600 tested=6
[TEMPLATE DEBUG] total=746 species_filter=0 restriction=0 direction=221 global_front=0 occupied=443 connection=27 min_dist=45 pre_shell=10 post_shell=5 tested_energy=5
[TEMPLATE DEBUG] camada candidata x: min=82.893657 max=82.893657 n=5
step=00478 species=  C N=00659 vac=0040 axis=x surf=yz Eads=-10.3213 eV P=1.000e+00 E=-5685.9258 eV hmax=57.772 A hmean=57.236 A rough=0.915 A occ1=0.600 tested=5
[TEMPLATE DEBUG] total=746 species_filter=0 restriction=0 direction=221 global_front=0 occupied=444 connection=26 min_dist=45 pre_shell=10 post_shell=4 tested_energy=4
[TEMPLATE DEBUG] camada candidata x: min=82.893657 max=82.893657 n=4
[INFO] vacância sorteada por --impurity em posição template; espécie que seria depositada: C.
[INFO] vacância frozen registrada no sítio template 711; esse sítio não poderá ser depositado novamente.
step=00479 species=vac impurity=vac intended=C N=00659 vac=0041 axis=x surf=yz Eads=+0.0000 eV P=9.999e-01 E=-5685.9258 eV hmax=57.772 A hmean=57.236 A rough=0.915 A occ1=0.600 tested=4
[TEMPLATE DEBUG] total=746 species_filter=0 restriction=0 direction=221 global_front=0 occupied=445 connection=26 min_dist=45 pre_shell=9 post_shell=3 tested_energy=3
[TEMPLATE DEBUG] camada candidata x: min=82.893657 max=82.893657 n=3
step=00480 species=  C N=00660 vac=0041 axis=x surf=yz Eads=-6.6377 eV P=1.000e+00 E=-5693.3726 eV hmax=57.772 A hmean=57.390 A rough=0.932 A occ1=0.600 tested=3
[TEMPLATE DEBUG] total=746 species_filter=0 restriction=0 direction=221 global_front=0 occupied=446 connection=25 min_dist=45 pre_shell=9 post_shell=2 tested_energy=2
[TEMPLATE DEBUG] camada candidata x: min=82.893657 max=82.893657 n=2
step=00481 species=  C N=00661 vac=0041 axis=x surf=yz Eads=-10.2310 eV P=1.000e+00 E=-5704.3345 eV hmax=57.772 A hmean=57.408 A rough=0.949 A occ1=0.600 tested=2
[TEMPLATE DEBUG] total=746 species_filter=0 restriction=0 direction=221 global_front=0 occupied=447 connection=24 min_dist=45 pre_shell=9 post_shell=1 tested_energy=1
[TEMPLATE DEBUG] camada candidata x: min=82.893657 max=82.893657 n=1
step=00482 species=  C N=00662 vac=0041 axis=x surf=yz Eads=-7.0752 eV P=1.000e+00 E=-5711.7944 eV hmax=57.772 A hmean=57.560 A rough=0.961 A occ1=0.600 tested=1
[TEMPLATE DEBUG] total=746 species_filter=0 restriction=0 direction=221 global_front=0 occupied=448 connection=23 min_dist=45 pre_shell=9 post_shell=9 tested_energy=9
[TEMPLATE DEBUG] camada candidata x: min=84.123413 max=84.123413 n=9
[INFO] vacância sorteada por --impurity em posição template; espécie que seria depositada: C.
[INFO] vacância frozen registrada no sítio template 714; esse sítio não poderá ser depositado novamente.
step=00483 species=vac impurity=vac intended=C N=00662 vac=0042 axis=x surf=yz Eads=+0.0000 eV P=1.000e+00 E=-5711.7944 eV hmax=57.772 A hmean=57.560 A rough=0.961 A occ1=0.600 tested=9
[TEMPLATE DEBUG] total=746 species_filter=0 restriction=0 direction=221 global_front=0 occupied=449 connection=23 min_dist=45 pre_shell=8 post_shell=8 tested_energy=8
[TEMPLATE DEBUG] camada candidata x: min=84.123413 max=84.123413 n=8
step=00484 species=  C N=00663 vac=0042 axis=x surf=yz Eads=-6.1147 eV P=6.778e-01 E=-5718.5723 eV hmax=58.951 A hmean=57.726 A rough=0.685 A occ1=0.600 tested=8
[TEMPLATE DEBUG] total=746 species_filter=0 restriction=0 direction=221 global_front=0 occupied=450 connection=22 min_dist=45 pre_shell=8 post_shell=7 tested_energy=7
[TEMPLATE DEBUG] camada candidata x: min=84.123413 max=84.123413 n=7
step=00485 species=  C N=00664 vac=0042 axis=x surf=yz Eads=-10.0869 eV P=1.000e+00 E=-5729.5278 eV hmax=58.966 A hmean=57.728 A rough=0.769 A occ1=0.600 tested=7
[TEMPLATE DEBUG] total=746 species_filter=0 restriction=0 direction=221 global_front=0 occupied=451 connection=21 min_dist=45 pre_shell=8 post_shell=6 tested_energy=6
[TEMPLATE DEBUG] camada candidata x: min=84.123413 max=84.123413 n=6
step=00486 species=  C N=00665 vac=0042 axis=x surf=yz Eads=-7.0176 eV P=1.000e+00 E=-5737.0171 eV hmax=58.983 A hmean=57.875 A rough=0.830 A occ1=0.600 tested=6
[TEMPLATE DEBUG] total=746 species_filter=0 restriction=0 direction=221 global_front=0 occupied=452 connection=19 min_dist=45 pre_shell=9 post_shell=6 tested_energy=6
[TEMPLATE DEBUG] camada candidata x: min=84.123413 max=84.123413 n=6
step=00487 species=  C N=00666 vac=0042 axis=x surf=yz Eads=-7.7231 eV P=1.000e+00 E=-5745.3506 eV hmax=59.055 A hmean=58.039 A rough=0.876 A occ1=0.600 tested=6
[TEMPLATE DEBUG] total=746 species_filter=0 restriction=0 direction=221 global_front=0 occupied=453 connection=18 min_dist=45 pre_shell=9 post_shell=5 tested_energy=5
[TEMPLATE DEBUG] camada candidata x: min=84.123413 max=84.123413 n=5
step=00488 species=  C N=00667 vac=0042 axis=x surf=yz Eads=-6.3369 eV P=1.000e+00 E=-5752.5952 eV hmax=59.055 A hmean=58.189 A rough=0.917 A occ1=0.600 tested=5
[TEMPLATE DEBUG] total=746 species_filter=0 restriction=0 direction=221 global_front=0 occupied=454 connection=16 min_dist=45 pre_shell=10 post_shell=5 tested_energy=5
[TEMPLATE DEBUG] camada candidata x: min=84.123413 max=84.123413 n=5
step=00489 species=  C N=00668 vac=0042 axis=x surf=yz Eads=-6.1211 eV P=9.371e-01 E=-5759.8252 eV hmax=59.055 A hmean=58.361 A rough=0.951 A occ1=0.600 tested=5
[TEMPLATE DEBUG] total=746 species_filter=0 restriction=0 direction=221 global_front=0 occupied=455 connection=15 min_dist=46 pre_shell=9 post_shell=3 tested_energy=3
[TEMPLATE DEBUG] camada candidata x: min=84.123413 max=84.123413 n=3
step=00490 species=  C N=00669 vac=0042 axis=x surf=yz Eads=-6.6948 eV P=1.000e+00 E=-5768.1836 eV hmax=59.055 A hmean=58.506 A rough=0.967 A occ1=0.600 tested=3
[TEMPLATE DEBUG] total=746 species_filter=0 restriction=0 direction=221 global_front=0 occupied=456 connection=14 min_dist=46 pre_shell=9 post_shell=2 tested_energy=2
[TEMPLATE DEBUG] camada candidata x: min=84.123413 max=84.123413 n=2
step=00491 species=  C N=00670 vac=0042 axis=x surf=yz Eads=-9.9385 eV P=1.000e+00 E=-5779.0498 eV hmax=59.055 A hmean=58.658 A rough=0.981 A occ1=0.600 tested=2
[TEMPLATE DEBUG] total=746 species_filter=0 restriction=0 direction=221 global_front=0 occupied=457 connection=13 min_dist=46 pre_shell=9 post_shell=1 tested_energy=1
[TEMPLATE DEBUG] camada candidata x: min=84.123413 max=84.123413 n=1
step=00492 species=  C N=00671 vac=0042 axis=x surf=yz Eads=-6.7632 eV P=1.000e+00 E=-5786.3843 eV hmax=59.055 A hmean=58.953 A rough=0.992 A occ1=0.600 tested=1
[TEMPLATE DEBUG] total=746 species_filter=0 restriction=0 direction=221 global_front=0 occupied=458 connection=12 min_dist=46 pre_shell=9 post_shell=9 tested_energy=9
[TEMPLATE DEBUG] camada candidata x: min=85.353169 max=85.353169 n=9
step=00493 species=  C N=00672 vac=0042 axis=x surf=yz Eads=-7.5396 eV P=9.953e-01 E=-5794.6060 eV hmax=60.203 A hmean=59.118 A rough=0.716 A occ1=0.600 tested=9
[TEMPLATE DEBUG] total=746 species_filter=0 restriction=0 direction=221 global_front=0 occupied=459 connection=11 min_dist=46 pre_shell=9 post_shell=8 tested_energy=8
[TEMPLATE DEBUG] camada candidata x: min=85.353169 max=85.353169 n=8
step=00494 species=  C N=00673 vac=0042 axis=x surf=yz Eads=-9.0352 eV P=1.000e+00 E=-5804.3296 eV hmax=60.180 A hmean=59.117 A rough=0.792 A occ1=0.600 tested=8
[TEMPLATE DEBUG] total=746 species_filter=0 restriction=0 direction=221 global_front=0 occupied=460 connection=10 min_dist=46 pre_shell=9 post_shell=7 tested_energy=7
[TEMPLATE DEBUG] camada candidata x: min=85.353169 max=85.353169 n=7
step=00495 species=  C N=00674 vac=0042 axis=x surf=yz Eads=-7.3096 eV P=9.864e-01 E=-5813.4199 eV hmax=60.180 A hmean=59.234 A rough=0.837 A occ1=0.600 tested=7
[TEMPLATE DEBUG] total=746 species_filter=0 restriction=0 direction=221 global_front=0 occupied=460 connection=10 min_dist=47 pre_shell=8 post_shell=5 tested_energy=5
[TEMPLATE DEBUG] camada candidata x: min=85.353169 max=85.353169 n=5
[INFO] vacância sorteada por --impurity em posição template; espécie que seria depositada: C.
[INFO] vacância frozen registrada no sítio template 733; esse sítio não poderá ser depositado novamente.
step=00496 species=vac impurity=vac intended=C N=00674 vac=0043 axis=x surf=yz Eads=+0.0000 eV P=1.000e+00 E=-5813.4199 eV hmax=60.180 A hmean=59.234 A rough=0.837 A occ1=0.600 tested=5
[TEMPLATE DEBUG] total=746 species_filter=0 restriction=0 direction=221 global_front=0 occupied=461 connection=10 min_dist=47 pre_shell=7 post_shell=4 tested_energy=4
[TEMPLATE DEBUG] camada candidata x: min=85.353169 max=85.353169 n=4
step=00497 species=  C N=00675 vac=0043 axis=x surf=yz Eads=-7.1167 eV P=1.000e+00 E=-5821.5249 eV hmax=60.213 A hmean=59.372 A rough=0.890 A occ1=0.600 tested=4
[TEMPLATE DEBUG] total=746 species_filter=0 restriction=0 direction=221 global_front=0 occupied=462 connection=8 min_dist=47 pre_shell=8 post_shell=4 tested_energy=4
[TEMPLATE DEBUG] camada candidata x: min=85.353169 max=85.353169 n=4
step=00498 species=  C N=00676 vac=0043 axis=x surf=yz Eads=-7.8384 eV P=1.000e+00 E=-5831.0674 eV hmax=60.296 A hmean=59.503 A rough=0.941 A occ1=0.600 tested=4
[TEMPLATE DEBUG] total=746 species_filter=0 restriction=0 direction=221 global_front=0 occupied=461 connection=7 min_dist=49 pre_shell=8 post_shell=3 tested_energy=3
[TEMPLATE DEBUG] camada candidata x: min=85.353169 max=85.353169 n=3
step=00499 species=  C N=00677 vac=0043 axis=x surf=yz Eads=-6.6646 eV P=1.000e+00 E=-5838.5557 eV hmax=60.296 A hmean=59.668 A rough=0.964 A occ1=0.600 tested=3
[TEMPLATE DEBUG] total=746 species_filter=0 restriction=0 direction=221 global_front=0 occupied=462 connection=5 min_dist=49 pre_shell=9 post_shell=3 tested_energy=3
[TEMPLATE DEBUG] camada candidata x: min=85.353169 max=85.353169 n=3
step=00500 species=  C N=00678 vac=0043 axis=x surf=yz Eads=-9.1890 eV P=1.000e+00 E=-5850.0889 eV hmax=60.296 A hmean=59.811 A rough=0.973 A occ1=0.600 tested=3

Arquivos salvos:
  grafeno_cutoff.traj
  grafeno_cutoff.csv
  grafeno_cutoff_initial.xyz
  grafeno_cutoff_initial.cif
  grafeno_cutoff_checkpoint.xyz
  grafeno_cutoff_checkpoint.cif
  grafeno_cutoff_vacancies.csv
  grafeno_cutoff_final.xyz
  grafeno_cutoff_final.cif
