step,event_type,deposited_species,intended_species,impurity_kind,is_vacancy,species_flux,anchor_mode,growth_axis,surface_axes,n_atoms,n_initial,n_added,n_vacancies,n_growth_events,kmc_time,dt,temperature_K,flux_ML_s,n_sites,deposition_total_rate_s_inv,e_total_eV,e_before_eV,e_after_eV,delta_e_relaxed_eV,e_ads_unrelaxed_eV,chosen_boltzmann_probability,rate_s_inv,total_rate_s_inv,mobile_count,added_index,anchor_index,n_surface_anchors,n_tested_candidates,min_distance_A,x_event_A,y_event_A,z_event_A,surface_area_A2,gamma_initial_eV_A2,gamma_effective_eV_A2,gamma_effective_J_m2,top_coord_A,bottom_coord_A,slab_thickness_A,growth_height_A,roughness_A,coverage_estimate_ML,front_mean_A,front_median_A,front_p90_A,front_grid_rms_A,front_grid_occupied_fraction,growth_front_mean_A,growth_front_median_A,growth_front_p90_A,first_template_layer_occupancy,highest_90pct_complete_layer,n_template_layers,contiguous_90pct_complete_layers,contiguous_complete_layer_fraction,mean_template_layer_occupancy,n_template_growth_sites,n_occupied_template_growth_sites,template_growth_occupancy_fraction,frozen_vacancy_fraction_of_template,incorporation_efficiency_per_event,added_areal_density_atoms_A2,growth_front_mean_per_event_A,growth_front_mean_per_added_atom_A,growth_front_mean_per_template_site_A,template_growth_extent_A,growth_front_mean_fraction_of_template,coordination_mean,coordination_surface_mean,coordination_added_mean,fraction_added_CN4
1,template_deposition,C,C,none,0,1.0,template_site:index=226:site=C:neigh=1:ahead0=1.230:mode=shell,x,yz,222,221,1,0,1,7.701278882376096,7.701278882376096,500.0,0.001,55.75,0.05575,-1904.3545,-1897.4658,-1904.3545,-6.888672,-6.888672,0.1513345303206598,0.05575,0.05575,0,221,226,10,10,1.4199999999311124,26.324877544413397,15.409999999230001,10.0,446.0,0.0,-0.015445452,-0.24746343,26.324877544413397,0.49999999916963384,25.824877545243762,1.229756073583033,0.7092661506297008,0.017937219730941704,25.24884098002824,25.095121470830364,25.464048292905275,0.4067035929964941,0.125,0.15371950919787736,0.0,0.36892682207491134,0.1,-1,50,0,0.0,0.002,525,1,0.0019047619047619048,0.0,1.0,0.002242152466367713,0.15371950919787736,0.15371950919787736,0.000292799065138814,61.48780367915167,0.0024999999999999706,2.855855855855856,2.4545454545454546,1.0,0.0
2,template_vacancy,vac,C,vac,1,1.0,template_site:index=225:site=C:neigh=2:ahead0=1.230:mode=shell,x,yz,222,221,1,1,2,25.74562436734559,18.044345484969494,500.0,0.001,55.75,0.05575,-1904.3545,-1904.3545,-1904.3545,0.0,0.0,1.0,0.05575,0.05575,0,-1,225,9,9,1.4199999999311124,26.324877544413397,16.83000000046,10.0,446.0,0.0,-0.015445452,-0.24746343,26.324877544413397,0.49999999916963384,25.824877545243762,1.229756073583033,0.7092661506297008,0.017937219730941704,25.24884098002824,25.095121470830364,25.464048292905275,0.4067035929964941,0.125,0.15371950919787736,0.0,0.36892682207491134,0.1,-1,50,0,0.0,0.002,525,1,0.0019047619047619048,0.0019047619047619048,0.5,0.002242152466367713,0.07685975459893868,0.15371950919787736,0.000292799065138814,61.48780367915167,0.0024999999999999706,2.855855855855856,2.4545454545454546,1.0,0.0
3,template_vacancy,vac,C,vac,1,1.0,template_site:index=228:site=C:neigh=1:ahead0=1.230:mode=shell,x,yz,222,221,1,2,3,84.64302575906943,58.89740139172384,500.0,0.001,55.75,0.05575,-1904.3545,-1904.3545,-1904.3545,0.0,0.0,0.999999792401201,0.05575,0.05575,0,-1,228,8,8,1.4200000010461125,26.324877544413397,12.569999999,10.0,446.0,0.0,-0.015445452,-0.24746343,26.324877544413397,0.49999999916963384,25.824877545243762,1.229756073583033,0.7092661506297008,0.017937219730941704,25.24884098002824,25.095121470830364,25.464048292905275,0.4067035929964941,0.125,0.15371950919787736,0.0,0.36892682207491134,0.1,-1,50,0,0.0,0.002,525,1,0.0019047619047619048,0.0038095238095238095,0.3333333333333333,0.002242152466367713,0.05123983639929245,0.15371950919787736,0.000292799065138814,61.48780367915167,0.0024999999999999706,2.855855855855856,2.4545454545454546,1.0,0.0
4,template_deposition,C,C,none,0,1.0,template_site:index=221:site=C:neigh=1:ahead0=1.230:mode=shell,x,yz,223,221,2,2,4,127.69332989133395,43.05030413226452,500.0,0.001,55.75,0.05575,-1911.5719,-1904.3545,-1911.5719,-7.217407,-6.8953857,0.3660972297608335,0.05575,0.05575,9,222,221,7,7,1.4199999999311124,26.324877544413397,8.30999999977,10.0,446.0,0.0,-0.03162798,-0.5067361,26.324877544413397,0.49999999916963384,25.824877545243762,1.229756073583033,0.7719938182961288,0.03587443946188341,25.39562180593225,25.095121470830364,26.30297385292688,0.5280039112314066,0.125,0.3005003351018871,0.0,1.2078523820965152,0.2,-1,50,0,0.0,0.004,525,2,0.0038095238095238095,0.0038095238095238095,0.5,0.004484304932735426,0.07512508377547178,0.15025016755094356,0.0005723815906702611,61.48780367915167,0.00488715350234206,2.8520179372197307,2.4347826086956523,1.0,0.0
5,template_deposition,C,C,none,0,1.0,template_site:index=222:site=C:neigh=2:ahead0=1.230:mode=shell,x,yz,224,221,3,2,5,165.1654747807281,37.472144889394144,500.0,0.001,55.75,0.05575,-1922.5786,-1911.5719,-1922.5786,-11.006714,-10.668945,1.0,0.05575,0.05575,10,223,222,6,6,1.3419528504332114,26.324877544413397,6.890000000770001,10.0,446.0,0.0,-0.056306712,-0.902133,26.324877544413397,0.49999999916963384,25.824877545243762,1.229756073583033,0.8244227650686163,0.053811659192825115,25.400390410952276,25.095121470830364,26.312004827094754,0.5290905445416513,0.125,0.30526894012191264,0.0,1.2168833562643897,0.3,-1,50,0,0.0,0.006,525,3,0.005714285714285714,0.0038095238095238095,0.6,0.006726457399103139,0.06105378802438253,0.10175631337397088,0.0005814646478512622,61.48780367915167,0.004964707175342132,2.857142857142857,2.5,1.6666666666666667,0.0
6,template_deposition,C,C,none,0,1.0,template_site:index=227:site=C:neigh=1:ahead0=1.230:mode=shell,x,yz,225,221,4,2,6,166.128844226341,0.9633694456128922,500.0,0.001,55.75,0.05575,-1930.2299,-1922.5786,-1930.2299,-7.651245,-7.320801,0.9842260960441716,0.05575,0.05575,10,224,227,5,5,1.4389794096351243,26.324877544413397,11.15,10.0,446.0,0.0,-0.07346197,-1.1769906,26.324877544413397,0.49999999916963384,25.824877545243762,1.229756073583033,0.8638127395913316,0.07174887892376682,25.54928524075423,25.117984847224527,26.312004827094754,0.5882264030383745,0.125,0.4541637699238663,0.022863376394163026,1.2168833562643897,0.4,-1,50,0,0.0,0.008,525,4,0.007619047619047619,0.0038095238095238095,0.6666666666666666,0.008968609865470852,0.07569396165397772,0.11354094248096658,0.0008650738474740311,61.48780367915167,0.007386241543017695,2.8533333333333335,2.48,1.5,0.0
7,template_deposition,C,C,none,0,1.0,template_site:index=224:site=C:neigh=1:ahead0=1.230:mode=shell,x,yz,226,221,5,2,7,166.55989979658727,0.431055570246284,500.0,0.001,55.75,0.05575,-1942.498,-1930.2299,-1942.498,-12.268188,-7.147827,0.9999634930494867,0.05575,0.05575,10,225,224,4,4,1.4796557118442564,26.324877544413397,4.05000000054,10.0,446.0,0.0,-0.10096912,-1.6177037,26.324877544413397,0.49999999916963384,25.824877545243762,1.229756073583033,0.8948558520314346,0.08968609865470852,25.709893509186507,25.716692660243005,26.305392518215662,0.5928859885862123,0.125,0.6147720383561435,0.6215711894126414,1.210271047385298,0.5,-1,50,0,0.0,0.01,525,5,0.009523809523809525,0.0038095238095238095,0.7142857142857143,0.011210762331838564,0.0878245769080205,0.1229544076712287,0.0011709943587736066,61.48780367915167,0.009998276106332788,2.849557522123894,2.4615384615384617,1.4,0.0
8,template_vacancy,vac,C,vac,1,1.0,template_site:index=223:site=C:neigh=2:ahead0=1.230:mode=shell,x,yz,226,221,5,3,8,188.78810702389245,22.228207227305163,500.0,0.001,55.75,0.05575,-1942.498,-1942.498,-1942.498,0.0,0.0,1.0,0.05575,0.05575,0,-1,223,3,3,1.337331310782143,26.324877544413397,2.62999999931,10.0,446.0,0.0,-0.10096912,-1.6177037,26.324877544413397,0.49999999916963384,25.824877545243762,1.229756073583033,0.8948558520314346,0.08968609865470852,25.709893509186507,25.716692660243005,26.305392518215662,0.5928859885862123,0.125,0.6147720383561435,0.6215711894126414,1.210271047385298,0.5,-1,50,0,0.0,0.01,525,5,0.009523809523809525,0.005714285714285714,0.625,0.011210762331838564,0.07684650479451793,0.1229544076712287,0.0011709943587736066,61.48780367915167,0.009998276106332788,2.849557522123894,2.4615384615384617,1.4,0.0
9,template_deposition,C,C,none,0,1.0,template_site:index=229:site=C:neigh=1:ahead0=1.230:mode=shell,x,yz,227,221,6,3,9,209.88393400835753,21.095826984465074,500.0,0.001,55.75,0.05575,-1949.9021,-1942.498,-1949.9021,-7.4040527,-6.800293,0.9999999999301512,0.05575,0.05575,9,226,229,2,2,1.4200000010461111,26.324877544413397,19.67000000069,10.0,446.0,0.0,-0.11757013,-1.8836812,26.324877544413397,0.49999999916963384,25.824877545243762,1.229756073583033,0.9162441095716476,0.10762331838565023,25.872776798844406,26.2940410658805,26.30623594110575,0.553979180755078,0.125,0.7776553280140419,1.1989195950501355,1.2111144702753869,0.6,-1,50,0,0.0,0.012,525,6,0.011428571428571429,0.005714285714285714,0.6666666666666666,0.013452914798206279,0.08640614755711577,0.12960922133567365,0.0014812482438362703,61.48780367915167,0.012647310222233832,2.845814977973568,2.4444444444444446,1.3333333333333333,0.0
10,template_deposition,C,C,none,0,1.0,template_site:index=230:site=C:neigh=2:ahead0=1.230:mode=shell,x,yz,228,221,7,3,10,219.60540614041992,9.721472132062386,500.0,0.001,55.75,0.05575,-1965.2032,-1949.9021,-1965.2032,-15.301147,-10.058228,1.0,0.05575,0.05575,10,227,230,1,1,1.3631277660311065,26.324877544413397,21.08999999969,10.0,446.0,0.0,-0.15187764,-2.4333482,26.333563829485612,0.49999999916963384,25.833563830315978,1.2384423586552487,0.9350450315411021,0.12556053811659193,25.882952307923265,26.2940410658805,26.32748342993506,0.5501308105045554,0.125,0.7878308370929012,1.1989195950501355,1.232361959104697,0.7,-1,50,0,0.0,0.013999999999999999,525,7,0.013333333333333334,0.005714285714285714,0.7,0.01569506726457399,0.07878308370929013,0.11254726244184303,0.0015006301658912404,61.48780367915167,0.012812798473073884,2.8508771929824563,2.5,1.5714285714285714,0.0
11,template_deposition,C,C,none,0,1.0,template_site:index=240:site=C:neigh=1:ahead0=2.460:mode=shell,x,yz,229,221,8,3,11,230.40265105947097,10.797244919051057,500.0,0.001,55.75,0.05575,-1973.4866,-1965.2032,-1973.4866,-8.283325,-7.633423,0.6608313882345436,0.05575,0.05575,7,228,240,7,7,1.4199999999311124,27.55463361799643,14.69999999973,10.0,446.0,0.0,-0.17045012,-2.730912,27.543291246517892,0.49999999916963384,27.043291247348257,2.4481697756875285,0.7024348563710596,0.14349775784753363,26.02815586548014,26.26564844505576,26.696482054595297,0.7722219549712853,0.125,0.933034394649777,1.170526974225396,1.601360583764933,0.7,-1,50,0,0.0,0.015818181818181818,525,8,0.015238095238095238,0.005714285714285714,0.7272727272727273,0.017937219730941704,0.08482130860452518,0.11662929933122212,0.00177720837076148,61.48780367915167,0.015174300248524503,2.8471615720524017,2.210526315789474,1.625,0.0
12,template_vacancy,vac,C,vac,1,1.0,template_site:index=235:site=C:neigh=1:ahead0=2.460:mode=shell,x,yz,229,221,8,4,12,258.74488520273775,28.342234143266793,500.0,0.001,55.75,0.05575,-1973.4866,-1973.4866,-1973.4866,0.0,0.0,0.9999999994540167,0.05575,0.05575,0,-1,235,7,7,1.4506569460444374,27.55463361799643,4.760000000040001,10.0,446.0,0.0,-0.17045012,-2.730912,27.543291246517892,0.49999999916963384,27.043291247348257,2.4481697756875285,0.7024348563710596,0.14349775784753363,26.02815586548014,26.26564844505576,26.696482054595297,0.7722219549712853,0.125,0.933034394649777,1.170526974225396,1.601360583764933,0.7,-1,50,0,0.0,0.015818181818181818,525,8,0.015238095238095238,0.007619047619047619,0.6666666666666666,0.017937219730941704,0.07775286622081475,0.11662929933122212,0.00177720837076148,61.48780367915167,0.015174300248524503,2.8471615720524017,2.210526315789474,1.625,0.0
13,template_deposition,C,C,none,0,1.0,template_site:index=239:site=C:neigh=1:ahead0=2.460:mode=shell,x,yz,230,221,9,4,13,279.51427905762216,20.769393854884434,500.0,0.001,55.75,0.05575,-1982.5658,-1973.4866,-1982.5658,-9.079224,-6.68396,0.9837333311500981,0.05575,0.05575,8,229,239,6,6,1.4886470680195534,27.55463361799643,13.28000000073,10.0,446.0,0.0,-0.19080712,-3.0570672,27.787465227800933,0.49999999916963384,27.287465228631298,2.692343756970569,0.7800441209908858,0.16143497757847533,26.194144148157918,26.29629341379802,27.433667114139176,0.9228902316677899,0.125,1.0990226773275538,1.2011719429676546,2.3385456433088123,0.6,-1,50,0,0.0,0.015636363636363636,525,8,0.015238095238095238,0.007619047619047619,0.6923076923076923,0.020179372197309416,0.08454020594827337,0.12211363081417265,0.0020933765282429594,61.48780367915167,0.017873832070215794,2.8521739130434782,2.3,1.7777777777777777,0.0
14,template_deposition,C,C,none,0,1.0,template_site:index=236:site=C:neigh=1:ahead0=2.460:mode=shell,x,yz,231,221,10,4,14,301.12414063998864,21.609861582366495,500.0,0.001,55.75,0.05575,-1989.3093,-1982.5658,-1989.3093,-6.7435303,-6.1414795,0.9982102961403109,0.05575,0.05575,8,230,236,4,4,1.4701843881385206,27.55463361799643,6.17999999904,10.0,446.0,0.0,-0.20592715,-3.2993166,27.787465227800933,0.49999999916963384,27.287465228631298,2.692343756970569,0.8505431392215879,0.17937219730941703,26.34744215708102,26.302786246079492,27.6191131337555,1.0271999804386944,0.125,1.2523206862506555,1.2076647752491283,2.5239916629251375,0.6,-1,50,0,0.0,0.017454545454545455,525,9,0.017142857142857144,0.007619047619047619,0.7142857142857143,0.02242152466367713,0.08945147758933254,0.12523206862506556,0.0023853727357155343,61.48780367915167,0.020366977047763263,2.8484848484848486,2.2857142857142856,1.8,0.0
15,template_deposition,C,C,none,0,1.0,template_site:index=232:site=C:neigh=1:ahead0=2.460:mode=shell,x,yz,232,221,11,4,15,326.41905716278774,25.29491652279909,500.0,0.001,55.75,0.05575,-1996.8375,-1989.3093,-1996.8375,-7.5281982,-6.979492,0.9999999999940556,0.05575,0.05575,9,231,232,3,3,1.4783084760671856,27.55463361799643,9.01999999927,10.0,446.0,0.0,-0.22280651,-3.569754,27.787465227800933,0.49999999916963384,27.287465228631298,2.692343756970569,0.9050879241935904,0.19730941704035873,26.64133522087659,26.807801590313446,27.620935210692572,0.9861821217992569,0.125,1.5462137500462276,1.7126801194830819,2.5258137398622083,0.6,-1,50,0,0.0,0.01927272727272727,525,10,0.01904761904761905,0.007619047619047619,0.7333333333333333,0.02466367713004484,0.10308091666974852,0.14056488636783887,0.0029451690477071,61.48780367915167,0.02514667393414304,2.8448275862068964,2.272727272727273,1.8181818181818181,0.0
16,template_deposition,C,C,none,0,1.0,template_site:index=231:site=C:neigh=1:ahead0=2.460:mode=shell,x,yz,233,221,12,4,16,328.8114206994903,2.392363536702579,500.0,0.001,55.75,0.05575,-2005.8375,-1996.8375,-2005.8375,-9.0,-7.857422,1.0,0.05575,0.05575,10,232,231,3,3,1.4295066827745826,27.55463361799643,10.440000000500001,10.0,446.0,0.0,-0.24298589,-3.8930633,27.80227897180573,0.49999999916963384,27.302278972636095,2.7071575009753666,0.9424565264280436,0.21524663677130046,26.642601331469642,26.807801590313446,27.62209993241176,0.9878079952115547,0.125,1.5474798606392781,1.7126801194830819,2.526978461581397,0.6,-1,50,0,0.0,0.02109090909090909,525,11,0.02095238095238095,0.007619047619047619,0.75,0.026905829596412557,0.09671749128995488,0.12895665505327317,0.0029475806869319584,61.48780367915167,0.025167265181793665,2.8412017167381975,2.260869565217391,1.8333333333333333,0.0
17,template_deposition,C,C,none,0,1.0,template_site:index=241:site=C:neigh=1:ahead0=2.460:mode=shell,x,yz,234,221,13,4,17,329.17060110169604,0.35918040220573527,500.0,0.001,55.75,0.05575,-2012.3741,-2005.8375,-2012.3741,-6.536621,-5.864746,0.9742920619385619,0.05575,0.05575,8,233,241,2,2,1.4603522239668483,27.55463361799643,21.79999999919,10.0,446.0,0.0,-0.25764197,-4.1278796,27.80227897180573,0.49999999916963384,27.302278972636095,2.7071575009753666,0.9721791408990901,0.23318385650224216,26.803170986463865,27.40443695114366,27.64125221795752,1.0147493144096456,0.125,1.7080495156335012,2.3093154803132947,2.5461307471271546,0.6,-1,50,0,0.0,0.02290909090909091,525,12,0.022857142857142857,0.007619047619047619,0.7647058823529411,0.02914798206278027,0.10047350091961771,0.1313884242795001,0.0032534276488257164,61.48780367915167,0.027778671759789007,2.8376068376068377,2.25,1.8461538461538463,0.0
18,template_deposition,C,C,none,0,1.0,template_site:index=237:site=C:neigh=1:ahead0=2.460:mode=shell,x,yz,235,221,14,4,18,334.1608410004888,4.990239898792748,500.0,0.001,55.75,0.05575,-2019.9221,-2012.3741,-2019.9221,-7.5479736,-7.1949463,1.0,0.05575,0.05575,9,234,237,1,1,1.4284674478793509,27.55463361799643,18.95999999896,10.0,446.0,0.0,-0.2745657,-4.3990273,27.80227897180573,0.49999999916963384,27.302278972636095,2.7071575009753666,0.9962200328984875,0.25112107623318386,27.10254475952305,27.535857447623044,27.64211079200956,0.8265661514458263,0.125,2.007423288692685,2.4407359767926806,2.546989321179197,0.6,-1,50,0,0.0,0.024727272727272726,525,13,0.024761904761904763,0.007619047619047619,0.7777777777777778,0.03139013452914798,0.1115235160384825,0.14338737776376323,0.003823663407033686,61.48780367915167,0.032647503546680286,2.8340425531914892,2.24,1.8571428571428572,0.0
19,template_deposition,C,C,none,0,1.0,template_site:index=238:site=C:neigh=1:ahead0=2.460:mode=shell,x,yz,236,221,15,4,19,392.25758397015284,58.096742969664035,500.0,0.001,55.75,0.05575,-2028.0863,-2019.9221,-2028.0863,-8.164185,-7.722168,1.0,0.05575,0.05575,10,235,238,1,1,1.418784559804957,27.55463361799643,17.539999999960003,10.0,446.0,0.0,-0.29287103,-4.6923113,27.80227897180573,0.49999999916963384,27.302278972636095,2.7071575009753666,1.0147180820495099,0.26905829596412556,27.105591490242446,27.535857447623044,27.64211079200956,0.8273357512699366,0.125,2.0104700194120824,2.4407359767926806,2.546989321179197,0.6,-1,50,0,0.0,0.026545454545454542,525,14,0.02666666666666667,0.007619047619047619,0.7894736842105263,0.033632286995515695,0.10581421154800434,0.13403133462747216,0.003829466703642062,61.48780367915167,0.03269705371008009,2.830508474576271,2.230769230769231,1.8666666666666667,0.0
20,template_deposition,C,C,none,0,1.0,template_site:index=249:site=C:neigh=1:ahead0=3.689:mode=shell,x,yz,237,221,16,4,20,402.2454636526981,9.987879682545273,500.0,0.001,55.75,0.05575,-2038.9292,-2028.0863,-2038.9292,-10.8428955,-8.160522,0.9998759474159696,0.05575,0.05575,8,236,249,8,8,1.3207945729503157,28.784389691579467,12.569999999,10.0,446.0,0.0,-0.31718245,-5.0818233,28.597373486608465,0.49999999916963384,28.09737348743883,3.502252015778101,0.7358666173496786,0.28699551569506726,27.19108492763263,27.470280269995026,27.88063914645038,0.9399323217817718,0.125,2.0959634568022665,2.3751587991646623,2.7855176756200173,0.7,-1,50,0,0.0,0.02872727272727273,525,15,0.02857142857142857,0.007619047619047619,0.8,0.03587443946188341,0.10479817284011332,0.13099771605014165,0.0039923113462900315,61.48780367915167,0.03408746664198925,2.8354430379746836,2.0,2.0,0.0
21,template_deposition,C,C,none,0,1.0,template_site:index=251:site=C:neigh=1:ahead0=3.689:mode=shell,x,yz,238,221,17,4,21,408.76418179179797,6.518718139099849,500.0,0.001,55.75,0.05575,-2047.062,-2038.9292,-2047.062,-8.1328125,-7.77124,0.9999227908754301,0.05575,0.05575,7,237,251,6,6,1.4054182740857553,28.784389691579467,21.08999999969,10.0,446.0,0.0,-0.33541748,-5.3739805,28.76957146970028,0.49999999916963384,28.269571470530646,3.6744499988699175,0.8208567447363927,0.30493273542600896,27.341096479411384,27.470280269995026,28.64903288153601,1.0744890184454103,0.125,2.24597500858102,2.3751587991646623,3.553911410705645,0.7,-1,50,0,0.0,0.030727272727272728,525,16,0.030476190476190476,0.007619047619047619,0.8095238095238095,0.03811659192825112,0.10695119088481048,0.1321161769753541,0.004278047635392419,61.48780367915167,0.03652716269230723,2.831932773109244,2.0,2.0,0.0
22,template_deposition,C,C,none,0,1.0,template_site:index=234:site=C:neigh=1:ahead0=2.460:mode=shell,x,yz,239,221,18,4,22,422.84153215727326,14.077350365475297,500.0,0.001,55.75,0.05575,-2053.6912,-2047.062,-2053.6912,-6.6291504,-2.0722656,1.0,0.05575,0.05575,10,238,234,1,1,1.0832983110887022,27.55463361799643,0.5000000008100001,10.0,446.0,0.0,-0.35028103,-5.612121,28.871825156867896,0.49999999916963384,28.37182515769826,3.776703686037532,0.8218900097922796,0.32286995515695066,27.629783476178133,27.520091228685008,28.679708987686293,0.7623289453134171,0.125,2.5346620053477693,2.424969757854644,3.5845875168559296,0.7,-1,50,0,0.0,0.032545454545454544,525,17,0.03238095238095238,0.007619047619047619,0.8181818181818182,0.04035874439461883,0.11521190933398952,0.14081455585265384,0.0048279276292338465,61.48780367915167,0.04122219129136309,2.8284518828451883,2.0,2.0,0.0
23,template_deposition,C,C,none,0,1.0,template_site:index=233:site=C:neigh=1:ahead0=2.460:mode=shell,x,yz,240,221,19,4,23,436.228805984966,13.387273827692768,500.0,0.001,55.75,0.05575,-2062.5732,-2053.6912,-2062.5732,-8.88208,-7.7319336,1.0,0.05575,0.05575,11,239,233,1,1,1.1816027441666415,27.55463361799643,1.9199999998100001,10.0,446.0,0.0,-0.370196,-5.9311943,28.877579086350217,0.49999999916963384,28.37757908718058,3.782457615519853,0.8088692662577397,0.34080717488789236,27.630291407101822,27.55147529466072,28.68143516653099,0.7821514996788449,0.125,2.5351699362714584,2.456353823830355,3.5863136957006247,0.7,-1,50,0,0.0,0.03436363636363636,525,18,0.03428571428571429,0.007619047619047619,0.8260869565217391,0.042600896860986545,0.11022477983788949,0.13342999664586622,0.00482889511670754,61.48780367915167,0.041230451968982014,2.8333333333333335,2.0526315789473686,2.0526315789473686,0.0
24,template_deposition,C,C,none,0,1.0,template_site:index=250:site=C:neigh=2:ahead0=3.689:mode=shell,x,yz,241,221,20,4,24,442.58837106601516,6.359565081049124,500.0,0.001,55.75,0.05575,-2073.1108,-2062.5732,-2073.1108,-10.537598,-9.8046875,1.0,0.05575,0.05575,9,240,250,6,6,1.3541206222969577,28.784389691579467,19.67000000069,10.0,446.0,0.0,-0.3938229,-6.3097386,28.84632924626149,0.49999999916963384,28.346329247091855,3.7512077754311264,0.8554407456015509,0.35874439461883406,27.632434106840634,27.560928956096177,28.672060214504373,0.7757392420317126,0.125,2.5373126360102702,2.465807485265813,3.5769387436740097,0.7,-1,50,0,0.0,0.03636363636363636,525,19,0.03619047619047619,0.007619047619047619,0.8333333333333334,0.04484304932735426,0.10572135983376126,0.12686563180051352,0.004832976449543372,61.48780367915167,0.04126529952590554,2.8381742738589213,2.15,2.15,0.0
25,template_deposition,C,C,none,0,1.0,template_site:index=246:site=C:neigh=1:ahead0=3.689:mode=shell,x,yz,242,221,21,4,25,446.10597444874486,3.5176033827296918,500.0,0.001,55.75,0.05575,-2081.2334,-2073.1108,-2081.2334,-8.122559,-7.591797,0.9816633755263726,0.05575,0.05575,9,241,246,5,5,1.4235253248296185,28.784389691579467,16.83000000046,10.0,446.0,0.0,-0.41203493,-6.6015277,28.84632924626149,0.49999999916963384,28.346329247091855,3.7512077754311264,0.887877529183679,0.37668161434977576,27.77657439292043,27.560928956096177,28.768978056051697,0.8545023077097945,0.125,2.6814529220900667,2.465807485265813,3.6738565852213334,0.7,-1,50,0,0.0,0.03836363636363636,525,20,0.0380952380952381,0.007619047619047619,0.84,0.04708520179372197,0.10725811688360266,0.12768823438524127,0.005107529375409651,61.48780367915167,0.0436095089049221,2.834710743801653,2.142857142857143,2.142857142857143,0.0
26,template_deposition,C,C,none,0,1.0,template_site:index=247:site=C:neigh=2:ahead0=3.689:mode=shell,x,yz,243,221,22,4,26,453.3255343219105,7.219559873165602,500.0,0.001,55.75,0.05575,-2091.681,-2081.2334,-2091.681,-10.44751,-8.585693,0.9999999999982525,0.05575,0.05575,9,242,247,4,4,1.3968414600416574,28.784389691579467,15.409999999230001,10.0,446.0,0.0,-0.43545985,-6.976836,28.84632924626149,0.49999999916963384,28.346329247091855,3.7512077754311264,0.8967646045106576,0.39461883408071746,27.787083971311855,27.645755882420758,28.75768902043641,0.815757261580118,0.125,2.691962500481491,2.5506344115903943,3.6625675496060452,0.7,-1,50,0,0.0,0.03836363636363636,525,20,0.0380952380952381,0.007619047619047619,0.8461538461538461,0.04932735426008968,0.10353701924928813,0.12236193184006777,0.005127547619964745,61.48780367915167,0.0437804302545651,2.847736625514403,2.3181818181818183,2.3181818181818183,0.0
27,template_vacancy,vac,C,vac,1,1.0,template_site:index=243:site=C:neigh=1:ahead0=3.689:mode=shell,x,yz,243,221,22,5,27,485.31662618473337,31.991091862822884,500.0,0.001,55.75,0.05575,-2091.681,-2091.681,-2091.681,0.0,0.0,0.9999411414998743,0.05575,0.05575,0,-1,243,3,3,1.4695156585178224,28.784389691579467,6.890000000770001,10.0,446.0,0.0,-0.43545985,-6.976836,28.84632924626149,0.49999999916963384,28.346329247091855,3.7512077754311264,0.8967646045106576,0.39461883408071746,27.787083971311855,27.645755882420758,28.75768902043641,0.815757261580118,0.125,2.691962500481491,2.5506344115903943,3.6625675496060452,0.7,-1,50,0,0.0,0.03836363636363636,525,20,0.0380952380952381,0.009523809523809525,0.8148148148148148,0.04932735426008968,0.09970231483264781,0.12236193184006777,0.005127547619964745,61.48780367915167,0.0437804302545651,2.847736625514403,2.3181818181818183,2.3181818181818183,0.0
28,template_deposition,C,C,none,0,1.0,template_site:index=244:site=C:neigh=1:ahead0=3.689:mode=shell,x,yz,244,221,23,5,28,490.0459933853618,4.729367200628414,500.0,0.001,55.75,0.05575,-2102.4578,-2091.681,-2102.4578,-10.776855,-6.9973145,1.0,0.05575,0.05575,9,243,244,2,2,1.3536609703391507,28.784389691579467,2.62999999931,10.0,446.0,0.0,-0.4596232,-7.3639755,28.81145678423602,0.49999999916963384,28.311456785066387,3.716335313405658,0.9333376456354354,0.4125560538116592,27.915815172245296,28.032041055189893,28.809400649355098,0.9085912558254051,0.125,2.820693701414932,2.9369195843595293,3.714279178524734,0.6,-1,50,0,0.0,0.038363636363636364,525,20,0.0380952380952381,0.009523809523809525,0.8214285714285714,0.0515695067264574,0.10073906076481899,0.1226388565832579,0.005372749907457013,61.48780367915167,0.045874035705252045,2.8524590163934427,2.347826086956522,2.347826086956522,0.0
29,template_deposition,C,C,none,0,1.0,template_site:index=245:site=C:neigh=1:ahead0=3.689:mode=shell,x,yz,245,221,24,5,29,506.89220618821497,16.84621280285317,500.0,0.001,55.75,0.05575,-2110.057,-2102.4578,-2110.057,-7.599121,-7.2211914,1.0,0.05575,0.05575,9,244,245,2,2,1.310935767932074,28.784389691579467,4.05000000054,10.0,446.0,0.0,-0.4766616,-7.636961,28.836394375136415,0.49999999916963384,28.33639437596678,3.741272904306051,0.948958678776672,0.4304932735426009,28.14542276679484,28.082158322443192,28.818938061506138,0.5643847646813335,0.125,3.050301295964477,2.987036851612828,3.7238165906757743,0.6,-1,50,0,0.0,0.04036363636363636,525,21,0.04,0.009523809523809525,0.8275862068965517,0.053811659192825115,0.1051828033091199,0.1270958873318532,0.005810097706599004,61.48780367915167,0.049608233071410324,2.8489795918367347,2.3333333333333335,2.3333333333333335,0.0
30,template_deposition,C,C,none,0,1.0,template_site:index=248:site=C:neigh=2:ahead0=3.689:mode=shell,x,yz,246,221,25,5,30,521.2476340673942,14.355427879179233,500.0,0.001,55.75,0.05575,-2117.118,-2110.057,-2117.118,-7.061035,-3.065918,1.0,0.05575,0.05575,9,245,248,1,1,1.0698559912925505,28.784389691579467,11.15,10.0,446.0,0.0,-0.4924935,-7.890616,28.851548281435036,0.49999999916963384,28.3515482822654,3.7564268106046725,0.9691138584168179,0.4484304932735426,28.326604824259523,28.549464112968344,28.840940547026,0.5308205636504494,0.125,3.2314833534291587,3.4543426421379806,3.7458190761956374,0.6,1,50,0,0.0,0.046181818181818185,525,24,0.045714285714285714,0.009523809523809525,0.8333333333333334,0.05605381165919283,0.10771611178097196,0.12925933413716634,0.0061552063874841115,61.48780367915167,0.05255486714554483,2.8536585365853657,2.4,2.4,0.04
31,template_deposition,C,C,none,0,1.0,template_site:index=256:site=C:neigh=1:ahead0=4.919:mode=shell,x,yz,247,221,26,5,31,524.8230523839873,3.5754183165930438,500.0,0.001,55.75,0.05575,-2125.0718,-2117.118,-2125.0718,-7.9538574,-7.5668945,0.9999999988842858,0.05575,0.05575,5,246,256,7,7,1.3459556249701028,30.014145765162507,4.760000000040001,10.0,446.0,0.0,-0.5103273,-8.176345,30.028368214521183,0.49999999916963384,29.52836821535155,4.93324674369082,0.7297883295106938,0.4663677130044843,28.47624600617612,28.549464112968344,29.20459426136088,0.7682337237698537,0.125,3.381124535345755,3.4543426421379806,4.109472790530518,0.6,1,50,0,0.0,0.048,525,25,0.047619047619047616,0.009523809523809525,0.8387096774193549,0.05829596412556054,0.10906853339825016,0.1300432513594521,0.00644023721018239,61.48780367915167,0.05498853972714225,2.8502024291497974,2.263157894736842,2.3846153846153846,0.038461538461538464
32,template_deposition,C,C,none,0,1.0,template_site:index=257:site=C:neigh=1:ahead0=4.919:mode=shell,x,yz,248,221,27,5,32,540.5856086993101,15.762556315322845,500.0,0.001,55.75,0.05575,-2133.475,-2125.0718,-2133.475,-8.40332,-7.4257812,0.999999970991128,0.05575,0.05575,6,247,257,7,7,1.3712272196133115,30.014145765162507,6.17999999904,10.0,446.0,0.0,-0.5291688,-8.478219,30.14989817596138,0.49999999916963384,29.649898176791744,5.054776705131015,0.8060782786938625,0.484304932735426,28.794350244104333,28.76557856823084,29.98817904580533,0.8233624015053017,0.125,3.699228773273969,3.670457097400476,4.893057574974968,0.6,1,50,0,0.0,0.049818181818181824,525,26,0.049523809523809526,0.009523809523809525,0.84375,0.06053811659192825,0.11560089916481153,0.13700847308422107,0.0070461500443313695,61.48780367915167,0.060161992329029086,2.846774193548387,2.210526315789474,2.3703703703703702,0.037037037037037035
33,template_deposition,C,C,none,0,1.0,template_site:index=252:site=C:neigh=1:ahead0=4.919:mode=shell,x,yz,249,221,28,5,33,541.3602835117711,0.7746748124609053,500.0,0.001,55.75,0.05575,-2140.4963,-2133.475,-2140.4963,-7.02124,-6.661133,0.9998311003103622,0.05575,0.05575,6,248,252,6,6,1.293322294410283,30.014145765162507,10.440000000500001,10.0,446.0,0.0,-0.5449115,-8.730445,30.14989817596138,0.49999999916963384,29.649898176791744,5.054776705131015,0.8714824284003817,0.5022421524663677,28.9428141914778,28.76557856823084,30.07680999840253,0.9229268324553938,0.125,3.847692720647437,3.670457097400476,4.981688527572167,0.6,1,50,0,0.0,0.05163636363636364,525,27,0.05142857142857143,0.009523809523809525,0.8484848484848485,0.06278026905829596,0.1165967491105284,0.1374175971659799,0.007328938515518928,61.48780367915167,0.06257651908864738,2.8433734939759034,2.2,2.357142857142857,0.03571428571428571
34,template_deposition,C,C,none,0,1.0,template_site:index=253:site=C:neigh=1:ahead0=4.919:mode=shell,x,yz,250,221,29,5,34,567.5702179240078,26.209934412236702,500.0,0.001,55.75,0.05575,-2148.801,-2140.4963,-2148.801,-8.3046875,-7.5270996,0.9999999999999512,0.05575,0.05575,10,249,253,6,6,1.3852377159902163,30.014145765162507,9.01999999927,10.0,446.0,0.0,-0.5635319,-9.028776,30.161827613550233,0.49999999916963384,29.6618276143806,5.06670614271987,0.9099697016982735,0.5201793721973094,28.952764999021205,28.76557856823084,30.081764381814466,0.9160026670879396,0.125,3.8576435281908417,3.670457097400476,4.986642910984102,0.6,1,50,0,0.0,0.053454545454545456,525,28,0.05333333333333334,0.009523809523809525,0.8529411764705882,0.06502242152466367,0.11346010377031887,0.13302219062727041,0.007347892434649222,61.48780367915167,0.0627383529312632,2.832,2.0952380952380953,2.2758620689655173,0.0
35,template_deposition,C,C,none,0,1.0,template_site:index=242:site=C:neigh=1:ahead0=3.689:mode=shell,x,yz,251,221,30,5,35,577.0611494675982,9.490931543590397,500.0,0.001,55.75,0.05575,-2159.0242,-2148.801,-2159.0242,-10.223145,-8.711426,1.0,0.05575,0.05575,12,250,242,1,1,1.4470018802082731,28.784389691579467,8.30999999977,10.0,446.0,0.0,-0.5864537,-9.396024,30.172503485544098,0.49999999916963384,29.672503486374463,5.077382014713734,0.8667552829082062,0.5381165919282511,28.93649756379466,28.76557856823084,30.010890301050395,0.8979806691199148,0.125,3.841376092964296,3.670457097400476,4.915768830220031,0.6,2,50,0,0.0,0.05545454545454545,525,29,0.05523809523809524,0.009523809523809525,0.8571428571428571,0.06726457399103139,0.10975360265612275,0.12804586976547655,0.0073169068437415165,61.48780367915167,0.06247378932265832,2.8366533864541834,2.1818181818181817,2.3333333333333335,0.0
36,template_deposition,C,C,none,0,1.0,template_site:index=261:site=C:neigh=1:ahead0=4.919:mode=shell,x,yz,252,221,31,5,36,592.6667467678767,15.605597300278546,500.0,0.001,55.75,0.05575,-2166.2888,-2159.0242,-2166.2888,-7.2646484,-6.14917,0.991630802288422,0.05575,0.05575,9,251,261,5,5,1.4979578671452145,30.014145765162507,14.69999999973,10.0,446.0,0.0,-0.60274214,-9.656994,30.172503485544098,0.49999999916963384,29.672503486374463,5.077382014713734,0.9056106863232416,0.5560538116591929,29.227119677696606,29.336733640332955,30.052913892152205,0.8159434651183384,0.125,4.131998206866243,4.2416121695025915,4.957792421321841,0.6,2,50,0,0.0,0.05727272727272727,525,30,0.05714285714285714,0.009523809523809525,0.8611111111111112,0.06950672645739911,0.11477772796850674,0.13329026473762073,0.007870472774983319,61.48780367915167,0.06720028948224177,2.8333333333333335,2.1739130434782608,2.3225806451612905,0.0
37,template_deposition,C,C,none,0,1.0,template_site:index=260:site=C:neigh=2:ahead0=4.919:mode=shell,x,yz,253,221,32,5,37,593.5284082135498,0.8616614456731161,500.0,0.001,55.75,0.05575,-2177.0103,-2166.2888,-2177.0103,-10.721436,-8.375488,1.0,0.05575,0.05575,10,252,260,5,5,1.4122227654602415,30.014145765162507,13.28000000073,10.0,446.0,0.0,-0.6267812,-10.042143,30.172503485544098,0.49999999916963384,29.672503486374463,5.077382014713734,0.9349525755629063,0.5739910313901345,29.404763730888632,29.898038084019646,30.073329952100497,0.8067278479605571,0.125,4.3096422600582684,4.802916613189282,4.9782084812701335,0.6,2,50,0,0.0,0.05909090909090908,525,31,0.05904761904761905,0.009523809523809525,0.8648648648648649,0.07174887892376682,0.11647681783941266,0.1346763206268209,0.008208842400110987,61.48780367915167,0.07008938362063362,2.8379446640316206,2.25,2.375,0.0
38,template_deposition,C,C,none,0,1.0,template_site:index=258:site=C:neigh=1:ahead0=4.919:mode=shell,x,yz,254,221,33,5,38,602.1728211334932,8.644412919943408,500.0,0.001,55.75,0.05575,-2183.6284,-2177.0103,-2183.6284,-6.618164,-5.9838867,0.9934035404437765,0.05575,0.05575,9,253,258,4,4,1.4406646994140713,30.014145765162507,18.95999999896,10.0,446.0,0.0,-0.64162016,-10.279888,30.172503485544098,0.49999999916963384,29.672503486374463,5.077382014713734,0.9606532175418577,0.5919282511210763,29.581878055489817,29.9475496539696,30.07517972865845,0.7695871013574849,0.125,4.486756584659453,4.852428183139235,4.980058257828087,0.6,2,50,0,0.0,0.060909090909090906,525,32,0.06095238095238095,0.009523809523809525,0.868421052631579,0.07399103139013453,0.11807254170156456,0.13596232074725614,0.008546203018398958,61.48780367915167,0.07296986257749116,2.8346456692913384,2.24,2.3636363636363638,0.0
39,template_deposition,C,C,none,0,1.0,template_site:index=259:site=C:neigh=2:ahead0=4.919:mode=shell,x,yz,255,221,34,5,39,604.0720054928626,1.8991843593692943,500.0,0.001,55.75,0.05575,-2194.2585,-2183.6284,-2194.2585,-10.630127,-9.848877,1.0,0.05575,0.05575,10,254,259,3,3,1.3834173711642104,30.014145765162507,17.539999999960003,10.0,446.0,0.0,-0.66545457,-10.661757,30.172503485544098,0.49999999916963384,29.672503486374463,5.077382014713734,0.9752817691024309,0.6098654708520179,29.58496324402504,29.9475496539696,30.069311891560798,0.7635101922538915,0.125,4.4898417731946765,4.852428183139235,4.974190420730434,0.6,2,50,0,0.0,0.06272727272727273,525,33,0.06285714285714286,0.009523809523809525,0.8717948717948718,0.07623318385650224,0.11512414803063273,0.1320541697998434,0.00855207956798986,61.48780367915167,0.07302003819526608,2.83921568627451,2.3076923076923075,2.411764705882353,0.0
40,template_deposition,C,C,none,0,1.0,template_site:index=262:site=C:neigh=1:ahead0=4.919:mode=shell,x,yz,256,221,35,5,40,608.1223317738995,4.050326281036941,500.0,0.001,55.75,0.05575,-2201.412,-2194.2585,-2201.412,-7.1535645,-6.898926,1.0,0.05575,0.05575,10,255,262,2,2,1.4379702141742372,30.014145765162507,21.79999999919,10.0,446.0,0.0,-0.68149394,-10.918736,30.172503485544098,0.49999999916963384,29.672503486374463,5.077382014713734,0.987606715708927,0.6278026905829597,29.729708346116585,29.98899978338265,30.069311891560798,0.7184607724078018,0.125,4.634586875286221,4.893878312552285,4.974190420730434,0.6,2,50,0,0.0,0.06454545454545454,525,34,0.06476190476190476,0.009523809523809525,0.875,0.07847533632286996,0.11586467188215552,0.1324167678653206,0.008827784524354707,61.48780367915167,0.07537408393166668,2.8359375,2.2962962962962963,2.4,0.0
41,template_deposition,C,C,none,0,1.0,template_site:index=254:site=C:neigh=1:ahead0=4.919:mode=shell,x,yz,257,221,36,5,41,648.8008131577166,40.67848138381701,500.0,0.001,55.75,0.05575,-2206.4497,-2201.412,-2206.4497,-5.0375977,-3.7565918,1.0,0.05575,0.05575,9,256,254,1,1,1.7711453510937119,30.014145765162507,1.9199999998100001,10.0,446.0,0.0,-0.69278896,-11.099703,30.172503485544098,0.49999999916963384,29.672503486374463,5.077382014713734,0.9851576304733345,0.6457399103139013,29.97474759827031,29.985479364289855,30.069311891560798,0.10312778461698735,0.125,4.879626127439945,4.890357893459491,4.974190420730434,0.6,3,50,0,0.0,0.06636363636363636,525,35,0.06666666666666667,0.009523809523809525,0.8780487804878049,0.08071748878923767,0.11901527140097426,0.13554517020666512,0.009294525957028467,61.48780367915167,0.07935925233079114,2.832684824902724,2.2857142857142856,2.388888888888889,0.0
42,template_deposition,C,C,none,0,1.0,template_site:index=272:site=C:neigh=1:ahead0=6.149:mode=shell,x,yz,258,221,37,5,42,697.1934190099496,48.39260585223309,500.0,0.001,55.75,0.05575,-2214.8765,-2206.4497,-2214.8765,-8.426758,-7.520508,0.9984191548235609,0.05575,0.05575,8,257,272,10,10,1.474201918324814,31.24390183874554,21.08999999969,10.0,446.0,0.0,-0.71168303,-11.402419,31.188090482073275,0.49999999916963384,30.68809048290364,6.092969011242911,0.672607748786842,0.6636771300448431,30.1171384091094,29.993060279520304,30.47717958450285,0.420522130319784,0.125,5.022016938279037,4.89793880868994,5.382058113672485,0.6,3,50,0,0.0,0.06836363636363636,525,36,0.06857142857142857,0.009523809523809525,0.8809523809523809,0.08295964125560538,0.1195718318637866,0.13573018752105506,0.009565746549102928,61.48780367915167,0.08167500931541363,2.8294573643410854,2.2,2.3783783783783785,0.0
43,template_deposition,C,C,none,0,1.0,template_site:index=271:site=C:neigh=2:ahead0=6.149:mode=shell,x,yz,259,221,38,5,43,716.541434671614,19.34801566166431,500.0,0.001,55.75,0.05575,-2225.212,-2214.8765,-2225.212,-10.335449,-9.612061,1.0,0.05575,0.05575,9,258,271,9,9,1.4452422922030326,31.24390183874554,19.67000000069,10.0,446.0,0.0,-0.7348567,-11.773703,31.241112558965796,0.49999999916963384,30.74111255979616,6.145991088135432,0.7484394567935156,0.6816143497757847,30.131519490287516,29.993060279520304,30.493086207570606,0.43623184231710443,0.125,5.0363980194571525,4.89793880868994,5.397964736740242,0.6,3,50,0,0.0,0.07036363636363636,525,37,0.07047619047619047,0.009523809523809525,0.8837209302325582,0.08520179372197309,0.11712553533621285,0.13253678998571453,0.009593139084680291,61.48780367915167,0.08190889441648436,2.833976833976834,2.2857142857142856,2.4210526315789473,0.0
44,template_vacancy,vac,C,vac,1,1.0,template_site:index=267:site=C:neigh=1:ahead0=6.149:mode=shell,x,yz,259,221,38,6,44,750.4198644676652,33.87842979605128,500.0,0.001,55.75,0.05575,-2225.212,-2225.212,-2225.212,0.0,0.0,0.9795690410919466,0.05575,0.05575,0,-1,267,8,8,1.4515222716173806,31.24390183874554,16.83000000046,10.0,446.0,0.0,-0.7348567,-11.773703,31.241112558965796,0.49999999916963384,30.74111255979616,6.145991088135432,0.7484394567935156,0.6816143497757847,30.131519490287516,29.993060279520304,30.493086207570606,0.43623184231710443,0.125,5.0363980194571525,4.89793880868994,5.397964736740242,0.6,3,50,0,0.0,0.07036363636363636,525,37,0.07047619047619047,0.011428571428571429,0.8636363636363636,0.08520179372197309,0.11446359135129892,0.13253678998571453,0.009593139084680291,61.48780367915167,0.08190889441648436,2.833976833976834,2.2857142857142856,2.4210526315789473,0.0
45,template_deposition,C,C,none,0,1.0,template_site:index=264:site=C:neigh=1:ahead0=6.149:mode=shell,x,yz,260,221,39,6,45,816.2322780318062,65.81241356414102,500.0,0.001,55.75,0.05575,-2233.1782,-2225.212,-2233.1782,-7.9663086,-7.2331543,0.9999999794033432,0.05575,0.05575,8,259,264,7,7,1.1905033386316821,31.24390183874554,6.890000000770001,10.0,446.0,0.0,-0.7527184,-12.059878,31.304252902027653,0.49999999916963384,30.804252902858018,6.209131431197289,0.8125330605300941,0.6995515695067265,30.269341314449292,29.993060279520304,31.260054661884354,0.5874113749246435,0.125,5.174219843618928,4.89793880868994,6.16493319105399,0.6,3,50,0,0.0,0.07236363636363637,525,38,0.07238095238095238,0.011428571428571429,0.8666666666666667,0.08744394618834081,0.11498266319153175,0.13267230368253663,0.009855656844988434,61.48780367915167,0.08415034419863858,2.830769230769231,2.272727272727273,2.41025641025641,0.0
46,template_deposition,C,C,none,0,1.0,template_site:index=263:site=C:neigh=2:ahead0=6.149:mode=shell,x,yz,261,221,40,6,46,850.4355140848539,34.20323605304766,500.0,0.001,55.75,0.05575,-2243.4666,-2233.1782,-2243.4666,-10.28833,-9.741699,1.0,0.05575,0.05575,9,260,263,6,6,1.3363467838891732,31.24390183874554,8.30999999977,10.0,446.0,0.0,-0.7757864,-12.429469,31.30095765314919,0.49999999916963384,30.800957653979555,6.205836182318826,0.8589428102960283,0.7174887892376681,30.271963629979815,30.009308942054155,31.259066087220813,0.5861341506515296,0.125,5.176842159149452,4.914187471223791,6.163944616390449,0.6,3,50,0,0.0,0.07436363636363637,525,39,0.07428571428571429,0.011428571428571429,0.8695652173913043,0.08968609865470852,0.11254004693803156,0.1294210539787363,0.009860651731713242,61.48780367915167,0.08419299193320731,2.835249042145594,2.347826086956522,2.45,0.0
47,template_deposition,C,C,none,0,1.0,template_site:index=269:site=C:neigh=1:ahead0=6.149:mode=shell,x,yz,262,221,41,6,47,868.5548414826477,18.119327397793725,500.0,0.001,55.75,0.05575,-2251.1838,-2243.4666,-2251.1838,-7.717285,-6.7561035,0.9999947659249053,0.05575,0.05575,10,261,269,5,5,1.605244641361093,31.24390183874554,11.15,10.0,446.0,0.0,-0.79308975,-12.706698,31.30095765314919,0.49999999916963384,30.800957653979555,6.205836182318826,0.8877393098801319,0.7354260089686099,30.425160792890626,30.06298450122256,31.259066087220813,0.6332274431133674,0.125,5.330039322060262,4.967863030392195,6.163944616390449,0.6,3,50,0,0.0,0.07636363636363637,525,40,0.0761904761904762,0.011428571428571429,0.8723404255319149,0.09192825112107623,0.11340509195872898,0.13000095907464054,0.010152455851543356,61.48780367915167,0.08668449681294259,2.83206106870229,2.3333333333333335,2.4390243902439024,0.0
48,template_deposition,C,C,none,0,1.0,template_site:index=270:site=C:neigh=2:ahead0=6.149:mode=shell,x,yz,263,221,42,6,48,868.678988109762,0.12414662711430556,500.0,0.001,55.75,0.05575,-2262.4897,-2251.1838,-2262.4897,-11.305908,-10.584717,1.0,0.05575,0.05575,10,262,270,4,4,1.4318558112027175,31.24390183874554,12.569999999,10.0,446.0,0.0,-0.8184393,-13.1128435,31.30095765314919,0.49999999916963384,30.800957653979555,6.205836182318826,0.913497333847247,0.7533632286995515,30.42647136332051,30.058982624142338,31.259066087220813,0.652160805712841,0.125,5.331349892490145,4.963861153311974,6.163944616390449,0.6,3,50,0,0.0,0.07836363636363637,525,41,0.07809523809523809,0.011428571428571429,0.875,0.09417040358744394,0.11106978942687802,0.12693690220214632,0.010154952176171706,61.48780367915167,0.08670581112816389,2.8365019011406845,2.4,2.4761904761904763,0.0
49,template_deposition,C,C,none,0,1.0,template_site:index=268:site=C:neigh=1:ahead0=6.149:mode=shell,x,yz,264,221,43,6,49,912.7103787387096,44.03139062894758,500.0,0.001,55.75,0.05575,-2269.913,-2262.4897,-2269.913,-7.42334,-7.078369,1.0,0.05575,0.05575,10,263,268,3,3,1.400844099155583,31.24390183874554,15.409999999230001,10.0,446.0,0.0,-0.83508354,-13.379514,31.30095765314919,0.49999999916963384,30.800957653979555,6.205836182318826,0.9356888316745147,0.7713004484304933,30.580943210179868,30.67219827645404,31.259066087220813,0.6808111250009814,0.125,5.485821739349504,5.577076805623676,6.163944616390449,0.6,3,50,0,0.0,0.08036363636363637,525,42,0.08,0.011428571428571429,0.8775510204081632,0.09641255605381166,0.11195554570101028,0.12757724975231405,0.010449184265427626,61.48780367915167,0.08921804668735552,2.8333333333333335,2.3846153846153846,2.4651162790697674,0.0
50,template_deposition,C,C,none,0,1.0,template_site:index=265:site=C:neigh=1:ahead0=6.149:mode=shell,x,yz,265,221,44,6,50,936.5479260714793,23.837547332769784,500.0,0.001,55.75,0.05575,-2277.693,-2269.913,-2277.693,-7.7800293,-5.1467285,0.9999999999999989,0.05575,0.05575,9,264,265,2,2,1.7343699564403576,31.24390183874554,2.62999999931,10.0,446.0,0.0,-0.85252756,-13.658998,31.30095765314919,0.49999999916963384,30.800957653979555,6.205836182318826,0.9397004980971295,0.7892376681614349,30.743618778222103,31.157822855199946,31.259066087220813,0.6228050395435559,0.125,5.6484973073917395,6.062701384369582,6.163944616390449,0.6,3,50,0,0.0,0.08236363636363636,525,43,0.08190476190476191,0.011428571428571429,0.88,0.09865470852017937,0.11296994614783479,0.1283749388043577,0.01075904249026998,61.48780367915167,0.09186370254605378,2.830188679245283,2.3703703703703702,2.4545454545454546,0.0
51,template_deposition,C,C,none,0,1.0,template_site:index=266:site=C:neigh=1:ahead0=6.149:mode=shell,x,yz,266,221,45,6,51,1004.1373057082357,67.58937963675632,500.0,0.001,55.75,0.05575,-2287.172,-2277.693,-2287.172,-9.479004,-6.788086,1.0,0.05575,0.05575,8,265,266,1,1,1.5559876903107266,31.24390183874554,4.05000000054,10.0,446.0,0.0,-0.87378097,-13.999515,31.293261803942134,0.49999999916963384,30.7932618047725,6.19814033311177,0.9405131231697039,0.8071748878923767,30.89750370948275,31.19827941527445,31.256757332458697,0.5102156754554164,0.125,5.802382238652385,6.103157944444085,6.1616358616283335,0.6,4,50,0,0.0,0.08254545454545456,525,43,0.08190476190476191,0.011428571428571429,0.8823529411764706,0.10089686098654709,0.1137722007578899,0.12894182752560854,0.011052156645052161,61.48780367915167,0.09436639286922142,2.8421052631578947,2.5,2.533333333333333,0.0
52,template_deposition,C,C,none,0,1.0,template_site:index=282:site=C:neigh=1:ahead0=7.379:mode=shell,x,yz,267,221,46,6,52,1038.5773087778655,34.44000306962986,500.0,0.001,55.75,0.05575,-2295.1355,-2287.172,-2295.1355,-7.963379,-7.455078,0.9999999656030073,0.05575,0.05575,8,266,282,8,8,1.4657800438759108,32.47365791232857,14.69999999973,10.0,446.0,0.0,-0.8916361,-14.285585,32.413005793340005,0.49999999916963384,31.91300579417037,7.3178843225096415,0.6662073616617716,0.8251121076233184,31.045573633335174,31.20151098796906,31.629185000761495,0.7154144164469532,0.125,5.95045216250481,6.106389517138695,6.534063529931132,0.6,4,50,0,0.0,0.08436363636363638,525,44,0.0838095238095238,0.011428571428571429,0.8846153846153846,0.1031390134529148,0.11443177235586173,0.1293576557066263,0.011334194595247257,61.48780367915167,0.09677451147149035,2.838951310861423,2.35,2.5217391304347827,0.0
53,template_deposition,C,C,none,0,1.0,template_site:index=281:site=C:neigh=2:ahead0=7.379:mode=shell,x,yz,268,221,47,6,53,1050.0293579662045,11.452049188339004,500.0,0.001,55.75,0.05575,-2305.141,-2295.1355,-2305.141,-10.005615,-9.429932,1.0,0.05575,0.05575,9,267,281,7,7,1.4575865685305671,32.47365791232857,13.28000000073,10.0,446.0,0.0,-0.9140702,-14.64502,32.47708783572326,0.49999999916963384,31.977087836553626,7.381966364892897,0.7534974076045525,0.8430493273542601,31.19497774538535,31.20151098796906,32.407996215551485,0.8537455815235823,0.125,6.099856274554988,6.106389517138695,7.312874744721121,0.6,4,50,0,0.0,0.08618181818181819,525,45,0.08571428571428572,0.011428571428571429,0.8867924528301887,0.10538116591928251,0.11509162782179222,0.12978417605436143,0.011618773856295214,61.48780367915167,0.09920432849389987,2.843283582089552,2.4285714285714284,2.5531914893617023,0.0
54,template_deposition,C,C,none,0,1.0,template_site:index=273:site=C:neigh=1:ahead0=7.379:mode=shell,x,yz,269,221,48,6,54,1056.5248363561132,6.4954783899085236,500.0,0.001,55.75,0.05575,-2312.8708,-2305.141,-2312.8708,-7.7297363,-7.040039,0.997937596317999,0.05575,0.05575,10,268,273,6,6,1.547027548124451,32.47365791232857,10.440000000500001,10.0,446.0,0.0,-0.93140143,-14.922696,32.46583972104414,0.49999999916963384,31.965839721874506,7.370718250213777,0.8096595721196816,0.8609865470852018,31.490236336924326,31.2406574595964,32.40838124662259,0.7888952866885546,0.125,6.395114866093962,6.145535988766035,7.3132597757922255,0.6,4,50,0,0.0,0.08800000000000001,525,46,0.08761904761904762,0.011428571428571429,0.8888888888888888,0.10762331838565023,0.11842805307581411,0.13323155971029088,0.01218117117351231,61.48780367915167,0.10400623348760657,2.840148698884758,2.409090909090909,2.5416666666666665,0.0
55,template_deposition,C,C,none,0,1.0,template_site:index=274:site=C:neigh=2:ahead0=7.379:mode=shell,x,yz,270,221,49,6,55,1088.6236667496387,32.09883039352552,500.0,0.001,55.75,0.05575,-2323.8953,-2312.8708,-2323.8953,-11.024414,-10.635498,1.0,0.05575,0.05575,10,269,274,5,5,1.3697081722942523,32.47365791232857,9.01999999927,10.0,446.0,0.0,-0.95611984,-15.318728,32.46583972104414,0.49999999916963384,31.965839721874506,7.370718250213777,0.8544315721110266,0.8789237668161435,31.494085548826995,31.221188422337562,32.45719348543991,0.8007177618218704,0.125,6.398964077996631,6.126066951507198,7.362072014609545,0.6,4,50,0,0.0,0.08981818181818182,525,47,0.08952380952380952,0.011428571428571429,0.8909090909090909,0.10986547085201794,0.11634480141812056,0.1305911036325843,0.012188503005707868,61.48780367915167,0.10406883471374165,2.8444444444444446,2.4782608695652173,2.5714285714285716,0.0
56,template_deposition,C,C,none,0,1.0,template_site:index=279:site=C:neigh=1:ahead0=7.379:mode=shell,x,yz,271,221,50,6,56,1093.1021200544835,4.478453304844806,500.0,0.001,55.75,0.05575,-2330.671,-2323.8953,-2330.671,-6.775635,-6.366455,0.9993081767141102,0.05575,0.05575,8,270,279,4,4,1.4774211580849268,32.47365791232857,18.95999999896,10.0,446.0,0.0,-0.9713118,-15.562131,32.46583972104414,0.49999999916963384,31.965839721874506,7.370718250213777,0.8910350192471718,0.8968609865470852,31.795460279832078,31.841366924132274,32.46000836979914,0.650612678686962,0.125,6.700338809001714,6.74624545330191,7.364886898968777,0.6,4,50,0,0.0,0.09163636363636364,525,48,0.09142857142857143,0.011428571428571429,0.8928571428571429,0.11210762331838565,0.11964890730360203,0.1340067761800343,0.012762550112384217,61.48780367915167,0.1089702088558021,2.841328413284133,2.4583333333333335,2.56,0.0
57,template_deposition,C,C,none,0,1.0,template_site:index=280:site=C:neigh=1:ahead0=7.379:mode=shell,x,yz,272,221,51,6,57,1096.8484345456604,3.746314491176982,500.0,0.001,55.75,0.05575,-2339.181,-2330.671,-2339.181,-8.51001,-8.027344,1.0,0.05575,0.05575,10,271,280,4,4,1.444090292640541,32.47365791232857,17.539999999960003,10.0,446.0,0.0,-0.99039257,-15.867839,32.46583972104414,0.49999999916963384,31.965839721874506,7.370718250213777,0.913226143732112,0.9147982062780269,31.791454124711848,31.827947363825288,32.45719348543991,0.6453537291941946,0.125,6.696332653881484,6.732825892994924,7.362072014609545,0.6,4,50,0,0.0,0.09345454545454546,525,49,0.09333333333333334,0.011428571428571429,0.8947368421052632,0.11434977578475336,0.11747952024353481,0.13130064027218596,0.012754919340726636,61.48780367915167,0.10890505520124755,2.838235294117647,2.44,2.549019607843137,0.0
58,template_deposition,C,C,none,0,1.0,template_site:index=283:site=C:neigh=1:ahead0=7.379:mode=shell,x,yz,273,221,52,6,58,1100.7152334962293,3.8667989505689704,500.0,0.001,55.75,0.05575,-2346.267,-2339.181,-2346.267,-7.0861816,-6.270508,0.9904945622805895,0.05575,0.05575,9,272,283,3,3,1.5191105693964044,32.47365791232857,21.79999999919,10.0,446.0,0.0,-1.0062809,-16.122398,32.47091629819004,0.49999999916963384,31.970916299020406,7.375794827359677,0.9374489594165802,0.9327354260089686,31.9419184478008,32.397843658631444,32.46736269418791,0.6449828630098322,0.125,6.846796976970435,7.302722187801081,7.372241223357548,0.6,4,50,0,0.0,0.09527272727272727,525,50,0.09523809523809523,0.011428571428571429,0.896551724137931,0.11659192825112108,0.11804822374086957,0.13166917263404682,0.013041518051372257,61.48780367915167,0.11135211484699592,2.8351648351648353,2.423076923076923,2.5384615384615383,0.0
59,template_deposition,C,C,none,0,1.0,template_site:index=275:site=C:neigh=1:ahead0=7.379:mode=shell,x,yz,274,221,53,6,59,1127.33323424113,26.61800074490059,500.0,0.001,55.75,0.05575,-2356.7588,-2346.267,-2356.7588,-10.491699,-6.612793,0.9999999999999343,0.05575,0.05575,10,273,275,3,3,1.3575006644252485,32.47365791232857,1.9199999998100001,10.0,446.0,0.0,-1.0298048,-16.499292,32.56967762256287,0.49999999916963384,32.06967762339324,7.474556151732507,0.970500829286284,0.9506726457399103,32.107606096501314,32.45289352740649,32.51438142117306,0.6225739399206597,0.125,7.01248462567095,7.357772056576124,7.419259950342699,0.6,4,50,0,0.0,0.09509090909090907,525,50,0.09523809523809523,0.011428571428571429,0.8983050847457628,0.11883408071748879,0.11885567162154154,0.1323110306730368,0.013357113572706572,61.48780367915167,0.1140467573417106,2.846715328467153,2.5185185185185186,2.6037735849056602,0.0
60,template_deposition,C,C,none,0,1.0,template_site:index=278:site=C:neigh=1:ahead0=7.379:mode=shell,x,yz,275,221,54,6,60,1190.8515147888918,63.51828054776188,500.0,0.001,55.75,0.05575,-2362.8794,-2356.7588,-2362.8794,-6.1206055,-5.359619,1.0,0.05575,0.05575,8,274,278,1,1,1.5449841184841686,32.47365791232857,6.17999999904,10.0,446.0,0.0,-1.0435282,-16.719166,32.56967762256287,0.49999999916963384,32.06967762339324,7.474556151732507,0.9794776161484691,0.968609865470852,32.256326688684915,32.439968638856186,32.51438142117306,0.5167856874178485,0.125,7.161205217854551,7.344847168025822,7.419259950342699,0.6,1,50,0,0.0,0.0949090909090909,525,50,0.09523809523809523,0.011428571428571429,0.9,0.1210762331838565,0.11935342029757585,0.13261491144175094,0.013640390891151526,61.48780367915167,0.11646545801541879,2.8436363636363637,2.5,2.5925925925925926,0.0
61,template_vacancy,vac,C,vac,1,1.0,template_site:index=277:site=C:neigh=1:ahead0=7.379:mode=shell,x,yz,275,221,54,7,61,1215.071321543002,24.219806754110362,500.0,0.001,55.75,0.05575,-2362.8794,-2362.8794,-2362.8794,0.0,0.0,1.0,0.05575,0.05575,0,-1,277,1,1,1.4322794416679006,32.47365791232857,4.760000000040001,10.0,446.0,0.0,-1.0435282,-16.719166,32.56967762256287,0.49999999916963384,32.06967762339324,7.474556151732507,0.9794776161484691,0.968609865470852,32.256326688684915,32.439968638856186,32.51438142117306,0.5167856874178485,0.125,7.161205217854551,7.344847168025822,7.419259950342699,0.6,1,50,0,0.0,0.0949090909090909,525,50,0.09523809523809523,0.013333333333333334,0.8852459016393442,0.1210762331838565,0.11739680685007461,0.13261491144175094,0.013640390891151526,61.48780367915167,0.11646545801541879,2.8436363636363637,2.5,2.5925925925925926,0.0
62,template_deposition,C,C,none,0,1.0,template_site:index=285:site=C:neigh=1:ahead0=8.608:mode=shell,x,yz,276,221,55,7,62,1229.5051774677922,14.43385592479014,500.0,0.001,55.75,0.05575,-2370.815,-2362.8794,-2370.815,-7.935547,-7.1262207,0.9789735532227343,0.05575,0.05575,7,275,285,9,9,1.4772323283878241,33.7034139859116,6.890000000770001,10.0,446.0,0.0,-1.0613209,-17.004236,33.651941200473566,0.49999999916963384,33.151941201303934,8.556819729643202,0.7174643896415825,0.9865470852017937,32.41092749215163,32.45906940998094,32.89435669593608,0.6952991293051177,0.125,7.315806021321265,7.363947939150577,7.799235225105718,0.6,1,50,0,0.0,0.09690909090909092,525,51,0.09714285714285714,0.013333333333333334,0.8870967741935484,0.12331838565022421,0.1179968713116333,0.1330146549331139,0.013934868612040505,61.48780367915167,0.11897979084593316,2.8405797101449277,2.3157894736842106,2.581818181818182,0.0
63,template_deposition,C,C,none,0,1.0,template_site:index=284:site=C:neigh=2:ahead0=8.608:mode=shell,x,yz,277,221,56,7,63,1230.3310658522257,0.8258883844334797,500.0,0.001,55.75,0.05575,-2380.539,-2370.815,-2380.539,-9.724121,-9.171143,1.0,0.05575,0.05575,9,276,284,8,8,1.4558610579403195,33.7034139859116,8.30999999977,10.0,446.0,0.0,-1.0831238,-17.353558,33.668952254418656,0.49999999916963384,33.168952255249025,8.573830783588292,0.7966841384458053,1.0044843049327354,32.42171816020641,32.47497523368421,32.899460012119604,0.6995040764363423,0.125,7.326596689376046,7.379853762853848,7.8043385412892405,0.6,1,50,0,0.0,0.0989090909090909,525,52,0.09904761904761905,0.013333333333333334,0.8888888888888888,0.12556053811659193,0.11629518554565153,0.13083208373885796,0.013955422265478183,61.48780367915167,0.11915528366579525,2.844765342960289,2.4,2.607142857142857,0.0
64,template_deposition,C,C,none,0,1.0,template_site:index=290:site=C:neigh=1:ahead0=8.608:mode=shell,x,yz,278,221,57,7,64,1256.9406563391112,26.609590486885402,500.0,0.001,55.75,0.05575,-2388.096,-2380.539,-2388.096,-7.556885,-7.1186523,0.9753521565698662,0.05575,0.05575,10,277,290,7,7,1.5160264211192784,33.7034139859116,11.15,10.0,446.0,0.0,-1.1000675,-17.625025,33.64429768049413,0.49999999916963384,33.144297681324495,8.549176209663763,0.85102574168238,1.0224215246636772,32.56199112571383,32.48721560888404,33.64405673248221,0.8057457043245824,0.125,7.466869654883467,7.392094138053679,8.548935261651849,0.6,1,50,0,0.0,0.10090909090909089,525,53,0.10095238095238095,0.013333333333333334,0.890625,0.12780269058295965,0.11666983835755418,0.1309977132435696,0.0142226088664447,61.48780367915167,0.12143659731035764,2.841726618705036,2.380952380952381,2.5964912280701755,0.0
65,template_deposition,C,C,none,0,1.0,template_site:index=291:site=C:neigh=2:ahead0=8.608:mode=shell,x,yz,279,221,58,7,65,1265.398028718001,8.457372378889552,500.0,0.001,55.75,0.05575,-2399.3965,-2388.096,-2399.3965,-11.300537,-10.938232,1.0,0.05575,0.05575,10,278,291,6,6,1.3915025112350552,33.7034139859116,12.569999999,10.0,446.0,0.0,-1.1254051,-18.030977,33.70178183247021,0.49999999916963384,33.20178183330058,8.606660361639847,0.894958875428103,1.0403587443946187,32.56972867847747,32.484400866437284,33.66154292608695,0.815320172926591,0.125,7.474607207647104,7.38927939560692,8.566421455256588,0.6,1,50,0,0.0,0.1029090909090909,525,54,0.10285714285714286,0.013333333333333334,0.8923076923076924,0.13004484304932734,0.11499395704072467,0.1288725380628811,0.01423734706218496,61.48780367915167,0.12156243613205325,2.845878136200717,2.4545454545454546,2.6206896551724137,0.0
66,template_deposition,C,C,none,0,1.0,template_site:index=288:site=C:neigh=1:ahead0=8.608:mode=shell,x,yz,280,221,59,7,66,1278.583083531962,13.185054813961214,500.0,0.001,55.75,0.05575,-2406.9763,-2399.3965,-2406.9763,-7.579834,-6.9362793,0.999998683076622,0.05575,0.05575,8,279,288,5,5,1.4567049948898096,33.7034139859116,16.83000000046,10.0,446.0,0.0,-1.1424003,-18.30327,33.70178183247021,0.49999999916963384,33.20178183330058,8.606660361639847,0.9255783125371013,1.0582959641255605,32.7217163004507,32.53018033585587,33.66154292608695,0.8837827770525714,0.125,7.626594829620338,7.435058865025503,8.566421455256588,0.6,1,50,0,0.0,0.1049090909090909,525,55,0.10476190476190476,0.013333333333333334,0.8939393939393939,0.13228699551569506,0.11555446711545966,0.12926431914610742,0.014526847294514929,61.48780367915167,0.12403426977838607,2.842857142857143,2.4347826086956523,2.610169491525424,0.0
67,template_deposition,C,C,none,0,1.0,template_site:index=289:site=C:neigh=2:ahead0=8.608:mode=shell,x,yz,281,221,60,7,67,1322.8470022026354,44.26391867067339,500.0,0.001,55.75,0.05575,-2417.9863,-2406.9763,-2417.9863,-11.01001,-9.988525,1.0,0.05575,0.05575,10,280,289,4,4,1.3999572727308658,33.7034139859116,15.409999999230001,10.0,446.0,0.0,-1.1670864,-18.698786,33.684017024474585,0.49999999916963384,33.184017025304954,8.588895553644221,0.9497640508410797,1.0762331838565022,32.877743477616335,33.07883226269466,33.67306570810836,0.9143222293695421,0.125,7.782622006785971,7.983710791864297,8.577944237277997,0.6,1,50,0,0.0,0.10690909090909091,525,56,0.10666666666666667,0.013333333333333334,0.8955223880597015,0.13452914798206278,0.11615853741471598,0.1297103667797662,0.014824041917687563,61.48780367915167,0.12657180027760176,2.8469750889679717,2.5,2.6333333333333333,0.0
68,template_deposition,C,C,none,0,1.0,template_site:index=293:site=C:neigh=1:ahead0=8.608:mode=shell,x,yz,282,221,61,7,68,1327.250828096936,4.403825894300537,500.0,0.001,55.75,0.05575,-2425.7354,-2417.9863,-2425.7354,-7.7490234,-6.279541,0.9011301026575623,0.05575,0.05575,8,281,293,3,3,1.6143150591791768,33.7034139859116,21.08999999969,10.0,446.0,0.0,-1.1844609,-18.977156,33.684017024474585,0.49999999916963384,33.184017025304954,8.588895553644221,0.9668851130594447,1.094170403587444,32.99860610425368,33.585433888235954,33.67306570810836,0.9361704250849684,0.125,7.903484633423318,8.49031241740559,8.577944237277997,0.6,1,50,0,0.0,0.10709090909090908,525,56,0.10666666666666667,0.013333333333333334,0.8970588235294118,0.1367713004484305,0.11622771519740173,0.12956532185939865,0.015054256444615844,61.48780367915167,0.1285374360525925,2.8439716312056738,2.48,2.622950819672131,0.0
69,template_deposition,C,C,none,0,1.0,template_site:index=292:site=C:neigh=2:ahead0=8.608:mode=shell,x,yz,283,221,62,7,69,1358.157465115857,30.906637018921025,500.0,0.001,55.75,0.05575,-2436.0522,-2425.7354,-2436.0522,-10.316895,-8.481445,1.0,0.05575,0.05575,9,282,292,2,2,1.5720484515195745,33.7034139859116,19.67000000069,10.0,446.0,0.0,-1.2075928,-19.34777,33.684017024474585,0.49999999916963384,33.184017025304954,8.588895553644221,0.9801123795744042,1.1121076233183858,32.997470538274285,33.58089162431833,33.67306570810836,0.9355693591700502,0.125,7.902349067443922,8.48577015348797,8.577944237277997,0.6,1,50,0,0.0,0.10909090909090909,525,57,0.10857142857142857,0.013333333333333334,0.8985507246376812,0.13901345291479822,0.11452679807889742,0.12745724302328906,0.015052093461797946,61.48780367915167,0.12851896790262696,2.8480565371024733,2.5384615384615383,2.6451612903225805,0.0
70,template_deposition,C,C,none,0,1.0,template_site:index=286:site=C:neigh=1:ahead0=8.608:mode=shell,x,yz,284,221,63,7,70,1362.1415838553198,3.9841187394628745,500.0,0.001,55.75,0.05575,-2443.3928,-2436.0522,-2443.3928,-7.340576,-5.3007812,1.0,0.05575,0.05575,8,283,286,1,1,1.7994262959536855,33.7034139859116,2.62999999931,10.0,446.0,0.0,-1.2240516,-19.61147,33.684017024474585,0.49999999916963384,33.184017025304954,8.588895553644221,0.9869979599320431,1.1300448430493273,33.1406893642647,33.595150841061994,33.67306570810836,0.924201964614365,0.125,8.045567893434338,8.50002937023163,8.577944237277997,0.6,6,50,0,0.0,0.11290909090909089,525,59,0.11238095238095239,0.013333333333333334,0.9,0.1412556053811659,0.11493668419191912,0.12770742687991013,0.015324891225589216,61.48780367915167,0.13084819121881083,2.8450704225352115,2.5185185185185186,2.634920634920635,0.0
71,template_deposition,C,C,none,0,1.0,template_site:index=287:site=C:neigh=1:ahead0=8.608:mode=shell,x,yz,285,221,64,7,71,1378.515210466056,16.373626610736146,500.0,0.001,55.75,0.05575,-2451.7078,-2443.3928,-2451.7078,-8.314941,-6.5446777,1.0,0.05575,0.05575,10,284,287,1,1,1.6459259505738477,33.7034139859116,4.05000000054,10.0,446.0,0.0,-1.242695,-19.91017,33.684017024474585,0.49999999916963384,33.184017025304954,8.588895553644221,0.9931748454182543,1.147982062780269,33.47988960187832,33.626929410485914,33.67306570810836,0.38210721264103004,0.125,8.384768131047956,8.53180793965555,8.577944237277997,0.6,6,50,0,0.0,0.11290909090909089,525,59,0.11238095238095239,0.013333333333333334,0.9014084507042254,0.14349775784753363,0.11809532578940783,0.1310120020476243,0.01597098691628182,61.48780367915167,0.13636473624591233,2.8421052631578947,2.5,2.625,0.0
72,template_deposition,C,C,none,0,1.0,template_site:index=303:site=C:neigh=1:ahead0=9.838:mode=shell,x,yz,286,221,65,7,72,1410.2988035228664,31.783593056810442,500.0,0.001,55.75,0.05575,-2458.8232,-2451.7078,-2458.8232,-7.1154785,-6.715576,0.4731276350048302,0.05575,0.05575,9,285,303,10,10,1.4850629432658629,34.93317005949464,14.69999999973,10.0,446.0,0.0,-1.2586489,-20.16578,34.9103753250547,0.49999999916963384,34.41037532588507,9.815253854224338,0.6605569994851223,1.1659192825112108,33.63319350167627,33.626929410485914,34.06228951776875,0.6117175430000146,0.125,8.538072030845903,8.53180793965555,8.967168046938383,0.6,6,50,0,0.0,0.11472727272727273,525,60,0.11428571428571428,0.013333333333333334,0.9027777777777778,0.14573991031390135,0.11858433376174865,0.1313549543207062,0.016262994344468387,61.48780367915167,0.13885797702904226,2.839160839160839,2.3,2.6153846153846154,0.0
73,template_deposition,C,C,none,0,1.0,template_site:index=302:site=C:neigh=2:ahead0=9.838:mode=shell,x,yz,287,221,66,7,73,1412.092234532147,1.7934310092804844,500.0,0.001,55.75,0.05575,-2469.7263,-2458.8232,-2469.7263,-10.903076,-10.501465,1.0,0.05575,0.05575,10,286,302,9,9,1.3843980313902493,34.93317005949464,13.28000000073,10.0,446.0,0.0,-1.2830952,-20.557453,34.926001211776914,0.49999999916963384,34.42600121260728,9.83087974094655,0.7437940906307364,1.1838565022421526,33.78425638878446,33.626929410485914,34.90374796051371,0.7447824977234276,0.125,8.6891349179541,8.53180793965555,9.808626489683348,0.6,6,50,0,0.0,0.11654545454545455,525,61,0.11619047619047619,0.013333333333333334,0.9041095890410958,0.14798206278026907,0.11902924545142603,0.1316535593629409,0.016550733177055427,61.48780367915167,0.14131477135359571,2.843205574912892,2.380952380952381,2.6363636363636362,0.0
74,template_deposition,C,C,none,0,1.0,template_site:index=294:site=C:neigh=1:ahead0=9.838:mode=shell,x,yz,288,221,67,7,74,1415.510040516179,3.417805984032105,500.0,0.001,55.75,0.05575,-2477.266,-2469.7263,-2477.266,-7.539795,-7.102051,0.9997227386101829,0.05575,0.05575,10,287,294,8,8,1.5207741116856444,34.93317005949464,10.440000000500001,10.0,446.0,0.0,-1.3000007,-20.828308,34.91009837179449,0.49999999916963384,34.41009837262486,9.814976900964126,0.8002336961980803,1.201793721973094,34.08469375871081,33.66951887735505,34.89897710851899,0.627092657177057,0.125,8.98957228788045,8.574397406524689,9.803855637688628,0.6,6,50,0,0.0,0.11836363636363637,525,62,0.1180952380952381,0.013333333333333334,0.9054054054054054,0.15022421524663676,0.12148070659297905,0.13417272071463357,0.017122994834058,61.48780367915167,0.14620090082886622,2.8402777777777777,2.3636363636363638,2.626865671641791,0.0
75,template_deposition,C,C,none,0,1.0,template_site:index=295:site=C:neigh=2:ahead0=9.838:mode=shell,x,yz,289,221,68,7,75,1434.320058118763,18.810017602583848,500.0,0.001,55.75,0.05575,-2488.6416,-2477.266,-2488.6416,-11.375488,-11.019043,1.0,0.05575,0.05575,10,288,295,7,7,1.3848139841867328,34.93317005949464,9.01999999927,10.0,446.0,0.0,-1.3255062,-21.236952,34.91009837179449,0.49999999916963384,34.41009837262486,9.814976900964126,0.8425806162227434,1.2197309417040358,34.095064587166505,33.69847116945655,34.89975355250095,0.6265593797596599,0.125,8.99994311633614,8.60334969862619,9.804632081670583,0.6,6,50,0,0.0,0.12018181818181818,525,63,0.12,0.013333333333333334,0.9066666666666666,0.15246636771300448,0.11999924155114855,0.13235210465200206,0.01714274879302122,61.48780367915167,0.1463695656344886,2.8442906574394464,2.4347826086956523,2.6470588235294117,0.0
76,template_deposition,C,C,none,0,1.0,template_site:index=298:site=C:neigh=1:ahead0=9.838:mode=shell,x,yz,290,221,69,7,76,1510.5800413132827,76.25998319451966,500.0,0.001,55.75,0.05575,-2496.6042,-2488.6416,-2496.6042,-7.9626465,-6.6760254,0.999999937576522,0.05575,0.05575,6,289,298,6,6,1.5755771058482484,34.93317005949464,4.760000000040001,10.0,446.0,0.0,-1.3433597,-21.522995,34.91009837179449,0.49999999916963384,34.41009837262486,9.814976900964126,0.8702942792264236,1.2376681614349776,34.227019286441916,34.25083317542012,34.89975355250095,0.6457131106119379,0.125,9.131897815611552,9.155711704589756,9.804632081670583,0.6,6,50,0,0.0,0.122,525,64,0.1219047619047619,0.013333333333333334,0.9078947368421053,0.1547085201793722,0.12015655020541516,0.1323463451537906,0.017394091077355338,61.48780367915167,0.14851559608898268,2.8413793103448275,2.4166666666666665,2.63768115942029,0.0
77,template_deposition,C,C,none,0,1.0,template_site:index=299:site=C:neigh=2:ahead0=9.838:mode=shell,x,yz,291,221,70,7,77,1522.084077611834,11.50403629855131,500.0,0.001,55.75,0.05575,-2507.77,-2496.6042,-2507.77,-11.1657715,-10.055176,1.0,0.05575,0.05575,10,290,299,5,5,1.4574324148905948,34.93317005949464,6.17999999904,10.0,446.0,0.0,-1.3683951,-21.924107,34.91009837179449,0.49999999916963384,34.41009837262486,9.814976900964126,0.8933617809466127,1.2556053811659194,34.35954763043092,34.777382740471,34.89980415090564,0.6386243985280574,0.125,9.264426159600553,9.682261269640634,9.804682680075274,0.6,6,50,0,0.0,0.12381818181818181,525,65,0.12380952380952381,0.013333333333333334,0.9090909090909091,0.15695067264573992,0.12031722285195524,0.13234894513715076,0.017646526018286767,61.48780367915167,0.15067095594994867,2.845360824742268,2.48,2.657142857142857,0.0
78,template_deposition,C,C,none,0,1.0,template_site:index=300:site=C:neigh=1:ahead0=9.838:mode=shell,x,yz,292,221,71,7,78,1524.5461530537889,2.4620754419549433,500.0,0.001,55.75,0.05575,-2514.354,-2507.77,-2514.354,-6.5839844,-5.865967,0.9922348745256485,0.05575,0.05575,9,291,300,4,4,1.6074289240629651,34.93317005949464,18.95999999896,10.0,446.0,0.0,-1.3831574,-22.160625,34.91009837179449,0.49999999916963384,34.41009837262486,9.814976900964126,0.913466102513815,1.2735426008968609,34.5437859454923,34.86650488669085,34.89980415090564,0.5424953143008863,0.125,9.448664474661939,9.771383415860484,9.804682680075274,0.6,6,50,0,0.0,0.12563636363636363,525,66,0.12571428571428572,0.013333333333333334,0.9102564102564102,0.1591928251121076,0.12113672403412742,0.13307978133326676,0.01799745614221322,61.48780367915167,0.15366729512678376,2.8424657534246576,2.4615384615384617,2.647887323943662,0.0
79,template_deposition,C,C,none,0,1.0,template_site:index=301:site=C:neigh=2:ahead0=9.838:mode=shell,x,yz,293,221,72,7,79,1549.2812547016126,24.735101647823782,500.0,0.001,55.75,0.05575,-2524.5059,-2514.354,-2524.5059,-10.151855,-8.606689,1.0,0.05575,0.05575,10,292,301,3,3,1.4916099837111094,34.93317005949464,17.539999999960003,10.0,446.0,0.0,-1.4059193,-22.52531,34.91009837179449,0.49999999916963384,34.41009837262486,9.814976900964126,0.9313413062690672,1.2914798206278026,34.552425149439586,34.87457157846469,34.89980415090564,0.5332306828239868,0.125,9.457303678609222,9.779450107634325,9.804682680075274,0.6,6,50,0,0.0,0.12745454545454543,525,67,0.12761904761904763,0.013333333333333334,0.9113924050632911,0.16143497757847533,0.11971270479252179,0.13135143998068363,0.01801391176877947,61.48780367915167,0.153807797851395,2.84641638225256,2.5185185185185186,2.6666666666666665,0.0
80,template_deposition,C,C,none,0,1.0,template_site:index=304:site=C:neigh=1:ahead0=9.838:mode=shell,x,yz,294,221,73,7,80,1558.854164957743,9.572910256130303,500.0,0.001,55.75,0.05575,-2531.5193,-2524.5059,-2531.5193,-7.0134277,-6.5461426,0.9999999999999862,0.05575,0.05575,9,293,304,2,2,1.4493157138240684,34.93317005949464,21.79999999919,10.0,446.0,0.0,-1.4216446,-22.777258,34.96616903896865,0.49999999916963384,34.46616903979902,9.871047568138287,0.9484479974643698,1.3094170403587444,34.70107229876139,34.885273270184996,34.92691957194674,0.45611986372245344,0.125,9.605950827931025,9.790151799354632,9.831798101116377,0.6,6,50,0,0.0,0.12927272727272726,525,68,0.1295238095238095,0.013333333333333334,0.9125,0.16367713004484305,0.12007438534913781,0.13158836750590444,0.018297049196059095,61.48780367915167,0.1562253040953561,2.8435374149659864,2.5,2.6575342465753424,0.0
81,template_deposition,C,C,none,0,1.0,template_site:index=296:site=C:neigh=1:ahead0=9.838:mode=shell,x,yz,295,221,74,7,81,1595.3025182818774,36.44835332413447,500.0,0.001,55.75,0.05575,-2538.2864,-2531.5193,-2538.2864,-6.76709,-5.734131,1.0,0.05575,0.05575,9,294,296,1,1,1.53402507317642,34.93317005949464,1.9199999998100001,10.0,446.0,0.0,-1.4368174,-23.020353,34.972915904248914,0.49999999916963384,34.47291590507928,9.87779443341855,0.9601728876434713,1.3273542600896862,34.87409460065018,34.89471460222558,34.939169953123255,0.09103507903046196,0.125,9.778973129819818,9.799593131395213,9.84404848229289,0.6,7,50,0,0.0,0.1310909090909091,525,69,0.13142857142857142,0.013333333333333334,0.9135802469135802,0.16591928251121077,0.12072806333110886,0.13214828553810565,0.018626615485371083,61.48780367915167,0.159039232899703,2.840677966101695,2.4827586206896552,2.6486486486486487,0.0
82,template_deposition,C,C,none,0,1.0,template_site:index=314:site=C:neigh=1:ahead0=11.068:mode=shell,x,yz,296,221,75,7,82,1609.3031399461397,14.000621664262232,500.0,0.001,55.75,0.05575,-2546.5073,-2538.2864,-2546.5073,-8.220947,-7.72583,0.9999974355400563,0.05575,0.05575,8,295,314,10,10,1.4433874275656735,36.162926133077676,21.08999999969,10.0,446.0,0.0,-1.45525,-23.315676,36.12210647731944,0.49999999916963384,35.62210647814981,11.026985006489078,0.6811654210329172,1.345291479820628,35.02152309346767,34.90274535687388,35.28440971519117,0.4246038807912953,0.125,9.926401622637307,9.807623886043515,10.189288244360803,0.6,7,50,0,0.0,0.1330909090909091,525,70,0.13333333333333333,0.013333333333333334,0.9146341463414634,0.1681614349775785,0.1210536783248452,0.1323520216351641,0.0189074316621663,61.48780367915167,0.16143691966026424,2.8378378378378377,2.3333333333333335,2.64,0.0
83,template_deposition,C,C,none,0,1.0,template_site:index=313:site=C:neigh=2:ahead0=11.068:mode=shell,x,yz,297,221,76,7,83,1624.8368763189114,15.533736372771621,500.0,0.001,55.75,0.05575,-2556.9138,-2546.5073,-2556.9138,-10.406494,-9.665527,1.0,0.05575,0.05575,10,296,313,9,9,1.3924095703932817,36.162926133077676,19.67000000069,10.0,446.0,0.0,-1.478583,-23.689512,36.183542698588035,0.49999999916963384,35.6835426994184,11.08842122775767,0.7603480877899536,1.3632286995515694,35.03233096535321,34.90274535687388,35.31909090947777,0.44386134179799525,0.125,9.937209494522847,9.807623886043515,10.223969438647408,0.6,7,50,0,0.0,0.13509090909090907,525,71,0.13523809523809524,0.013333333333333334,0.9156626506024096,0.17040358744394618,0.1197254155966608,0.13075275650687956,0.01892801808480542,61.48780367915167,0.16161269227269867,2.8417508417508417,2.409090909090909,2.6578947368421053,0.0
84,template_deposition,C,C,none,0,1.0,template_site:index=307:site=C:neigh=1:ahead0=11.068:mode=shell,x,yz,298,221,77,7,84,1636.1631698033302,11.32629348441885,500.0,0.001,55.75,0.05575,-2566.4893,-2556.9138,-2566.4893,-9.575439,-7.20166,0.9999983962948266,0.05575,0.05575,9,297,307,8,8,1.4417876806683643,36.162926133077676,2.62999999931,10.0,446.0,0.0,-1.5000526,-24.033493,36.183542698588035,0.49999999916963384,35.6835426994184,11.08842122775767,0.7979434907583286,1.3811659192825112,35.14255718919256,34.8933040248333,36.09464537519927,0.5817437515101501,0.125,10.047435718362195,9.798182554002935,10.999523904368907,0.6,6,50,0,0.0,0.13527272727272727,525,71,0.13523809523809524,0.013333333333333334,0.9166666666666666,0.1726457399103139,0.11961232998050232,0.13048617816054797,0.01913797279688037,61.48780367915167,0.16340534410353194,2.8456375838926173,2.4782608695652173,2.675324675324675,0.0
85,template_deposition,C,C,none,0,1.0,template_site:index=308:site=C:neigh=1:ahead0=11.068:mode=shell,x,yz,299,221,78,7,85,1650.8841868540121,14.721017050681892,500.0,0.001,55.75,0.05575,-2575.443,-2566.4893,-2575.443,-8.953857,-6.809082,0.9954769459717444,0.05575,0.05575,8,298,308,7,7,1.6220292635454499,36.162926133077676,4.05000000054,10.0,446.0,0.0,-1.5201285,-24.355145,36.183542698588035,0.49999999916963384,35.6835426994184,11.08842122775767,0.8337085194784871,1.399103139013453,35.32878659248211,34.92935497154107,36.08106858984017,0.58496924794791,0.125,10.233665121651747,9.83423350071071,10.985947119009808,0.6,7,50,0,0.0,0.1370909090909091,525,72,0.13714285714285715,0.013333333333333334,0.9176470588235294,0.17488789237668162,0.12039606025472643,0.1312008348929711,0.01949269546981285,61.48780367915167,0.16643406512048858,2.849498327759197,2.5416666666666665,2.6923076923076925,0.0
86,template_deposition,C,C,none,0,1.0,template_site:index=309:site=C:neigh=1:ahead0=11.068:mode=shell,x,yz,300,221,79,7,86,1654.9053711802887,4.021184326276677,500.0,0.001,55.75,0.05575,-2583.201,-2575.443,-2583.201,-7.7578125,-6.576416,0.7843930849648227,0.05575,0.05575,10,299,309,6,6,1.635031655656884,36.162926133077676,16.83000000046,10.0,446.0,0.0,-1.5375227,-24.63383,36.15852141550913,0.49999999916963384,35.6585214163395,11.063399944678764,0.866145748538219,1.4170403587443947,35.46597426212699,35.46153422365455,36.09009691830951,0.6048362792379521,0.125,10.370852791296628,10.36641275282419,10.994975447479149,0.6,7,50,0,0.0,0.1390909090909091,525,73,0.13904761904761906,0.013333333333333334,0.9186046511627907,0.17713004484304934,0.12059131152670498,0.1312766176113497,0.01975400531675548,61.48780367915167,0.16866520140177027,2.8466666666666667,2.52,2.6835443037974684,0.0
87,template_deposition,C,C,none,0,1.0,template_site:index=310:site=C:neigh=2:ahead0=11.068:mode=shell,x,yz,301,221,80,7,87,1660.6689062426415,5.763535062352641,500.0,0.001,55.75,0.05575,-2594.058,-2583.201,-2594.058,-10.857178,-10.223389,1.0,0.05575,0.05575,10,300,310,5,5,1.4434498071309412,36.162926133077676,15.409999999230001,10.0,446.0,0.0,-1.5618662,-25.023855,36.15852141550913,0.49999999916963384,35.6585214163395,11.063399944678764,0.8946686707848837,1.4349775784753362,35.61819961379098,36.0259052063236,36.14018026684749,0.5936086165159697,0.125,10.523078142960614,10.930783735493236,11.045058796017123,0.6,7,50,0,0.0,0.1410909090909091,525,74,0.14095238095238094,0.013333333333333334,0.9195402298850575,0.17937219730941703,0.12095492118345533,0.13153847678700767,0.020043958367544027,61.48780367915167,0.17114090133827006,2.8504983388704317,2.576923076923077,2.7,0.0
88,template_deposition,C,C,none,0,1.0,template_site:index=312:site=C:neigh=1:ahead0=11.068:mode=shell,x,yz,302,221,81,7,88,1672.4555801918318,11.786673949190398,500.0,0.001,55.75,0.05575,-2601.5076,-2594.058,-2601.5076,-7.449463,-7.197998,0.9999998533471508,0.05575,0.05575,10,301,312,4,4,1.4689190559472363,36.162926133077676,12.569999999,10.0,446.0,0.0,-1.5785689,-25.291464,36.15852141550913,0.49999999916963384,35.6585214163395,11.063399944678764,0.9178240302604003,1.452914798206278,35.76881832340597,36.035364041077095,36.13702740011953,0.5455109167278883,0.125,10.673696852575603,10.940242570246731,11.041905929289165,0.6,7,50,0,0.0,0.14309090909090907,525,75,0.14285714285714285,0.013333333333333334,0.9204545454545454,0.18161434977578475,0.12129200968835913,0.13177403521698275,0.020330851147763052,61.48780367915167,0.17359047183197202,2.847682119205298,2.5555555555555554,2.691358024691358,0.0
89,template_deposition,C,C,none,0,1.0,template_site:index=311:site=C:neigh=2:ahead0=11.068:mode=shell,x,yz,303,221,82,7,89,1712.6938668361588,40.23828664432704,500.0,0.001,55.75,0.05575,-2612.476,-2601.5076,-2612.476,-10.968506,-10.48999,1.0,0.05575,0.05575,10,302,311,3,3,1.3965411591110108,36.162926133077676,11.15,10.0,446.0,0.0,-1.603162,-25.685488,36.15852141550913,0.49999999916963384,35.6585214163395,11.063399944678764,0.9352777095496883,1.4708520179372198,35.77623783499914,36.035364041077095,36.13218112008826,0.5316186151862344,0.125,10.681116364168773,10.940242570246731,11.037059649257898,0.6,7,50,0,0.0,0.14509090909090908,525,76,0.14476190476190476,0.013333333333333334,0.9213483146067416,0.18385650224215247,0.12001254341762665,0.13025751663620455,0.02034498355079766,61.48780367915167,0.17371113822675635,2.8514851485148514,2.607142857142857,2.707317073170732,0.0
90,template_deposition,C,C,none,0,1.0,template_site:index=305:site=C:neigh=1:ahead0=11.068:mode=shell,x,yz,304,221,83,7,90,1735.7259242751363,23.032057438977443,500.0,0.001,55.75,0.05575,-2619.8296,-2612.476,-2619.8296,-7.3535156,-6.9345703,0.999822327898093,0.05575,0.05575,10,303,305,2,2,1.501618048829415,36.162926133077676,8.30999999977,10.0,446.0,0.0,-1.6196496,-25.949648,36.15852141550913,0.49999999916963384,35.6585214163395,11.063399944678764,0.9482533975192838,1.4887892376681615,35.94274964964535,36.07389127594075,36.136465022960884,0.38269199751188243,0.125,10.847628178814986,10.978769805110389,11.04134355213052,0.6,8,50,0,0.0,0.14709090909090908,525,77,0.14666666666666667,0.013333333333333334,0.9222222222222223,0.1860986547085202,0.12052920198683317,0.13069431540740947,0.020662148912028545,61.48780367915167,0.17641918445190835,2.848684210526316,2.586206896551724,2.6987951807228914,0.0
91,template_deposition,C,C,none,0,1.0,template_site:index=306:site=C:neigh=2:ahead0=11.068:mode=shell,x,yz,305,221,84,7,91,1746.070947834966,10.345023559829741,500.0,0.001,55.75,0.05575,-2631.6143,-2619.8296,-2631.6143,-11.784668,-10.733643,1.0,0.05575,0.05575,10,304,306,1,1,1.4227869836266362,36.162926133077676,6.890000000770001,10.0,446.0,0.0,-1.6460727,-26.372993,36.15852141550913,0.49999999916963384,35.6585214163395,11.063399944678764,0.9503783562851993,1.506726457399103,35.93361765410897,36.061587039502626,36.130626881780564,0.37371464113469677,0.125,10.838496183278608,10.966465568672263,11.0355054109502,0.6,8,50,0,0.0,0.14909090909090908,525,78,0.14857142857142858,0.013333333333333334,0.9230769230769231,0.18834080717488788,0.11910435366240228,0.12902971646760247,0.020644754634816395,61.48780367915167,0.1762706672665486,2.8524590163934427,2.6333333333333333,2.7142857142857144,0.0
92,template_deposition,C,C,none,0,1.0,template_site:index=324:site=C:neigh=1:ahead0=12.298:mode=shell,x,yz,306,221,85,7,92,1760.665117489229,14.594169654263004,500.0,0.001,55.75,0.05575,-2638.2405,-2631.6143,-2638.2405,-6.6262207,-6.0788574,0.16054128875175158,0.05575,0.05575,9,305,324,10,10,1.518578123017116,37.39268220666071,14.69999999973,10.0,446.0,0.0,-1.6609297,-26.611029,37.35378228592394,0.49999999916963384,36.85378228675431,12.258660815093577,0.6730234303048744,1.5246636771300448,36.09268944616405,36.06578812699581,36.51709967663357,0.6030861839372151,0.125,10.997567975333688,10.970666656165449,11.421978205803207,0.6,8,50,0,0.0,0.1509090909090909,525,79,0.15047619047619049,0.013333333333333334,0.9239130434782609,0.1905829596412556,0.11953878234058356,0.12938315265098457,0.020947748524445118,61.48780367915167,0.17885771351860097,2.849673202614379,2.4761904761904763,2.7058823529411766,0.0
93,template_deposition,C,C,none,0,1.0,template_site:index=323:site=C:neigh=2:ahead0=12.298:mode=shell,x,yz,307,221,86,7,93,1772.6671861495502,12.002068660321184,500.0,0.001,55.75,0.05575,-2649.2664,-2638.2405,-2649.2664,-11.025879,-10.534912,1.0,0.05575,0.05575,10,306,323,9,9,1.3951176867766912,37.39268220666071,13.28000000073,10.0,446.0,0.0,-1.6856514,-27.007114,37.36490058926541,0.49999999916963384,36.86490059009578,12.269779118435046,0.7547703653587454,1.5426008968609866,36.245141735074014,36.07054607156335,37.344042532974605,0.7325329061608802,0.125,11.15002026424365,10.975424600732985,12.248921062144241,0.6,8,50,0,0.0,0.1527272727272727,525,80,0.1523809523809524,0.013333333333333334,0.9247311827956989,0.19282511210762332,0.11989269101337259,0.1296513984214378,0.02123813383665457,61.48780367915167,0.18133710422355234,2.8534201954397393,2.5454545454545454,2.7209302325581395,0.0
94,template_deposition,C,C,none,0,1.0,template_site:index=315:site=C:neigh=1:ahead0=12.298:mode=shell,x,yz,308,221,87,7,94,1783.9442887144667,11.277102564916552,500.0,0.001,55.75,0.05575,-2656.6055,-2649.2664,-2656.6055,-7.3391113,-7.0646973,0.9075017669649463,0.05575,0.05575,10,307,315,8,8,1.4932391545839465,37.39268220666071,10.440000000500001,10.0,446.0,0.0,-1.7021068,-27.270758,37.3524980927496,0.49999999916963384,36.85249809357997,12.257376621919235,0.8140493304673361,1.5605381165919283,36.54436150850033,36.12914962794749,37.34954422179817,0.6224408573219579,0.125,11.449240037669966,11.034028157117127,12.254422750967805,0.6,8,50,0,0.0,0.15454545454545454,525,81,0.15428571428571428,0.013333333333333334,0.925531914893617,0.19506726457399104,0.12180042593265922,0.13160046020310306,0.02180807626222851,61.48780367915167,0.1862034314546837,2.8506493506493507,2.5217391304347827,2.7126436781609193,0.0
95,template_deposition,C,C,none,0,1.0,template_site:index=316:site=C:neigh=2:ahead0=12.298:mode=shell,x,yz,309,221,88,7,95,1790.3620982170175,6.417809502550917,500.0,0.001,55.75,0.05575,-2667.6619,-2656.6055,-2667.6619,-11.0563965,-10.450195,1.0,0.05575,0.05575,10,308,316,7,7,1.4050636880214293,37.39268220666071,9.01999999927,10.0,446.0,0.0,-1.726897,-27.66794,37.348278277104704,0.49999999916963384,36.84827827793507,12.25315680627434,0.8589813932703728,1.5784753363228698,36.55210562770939,36.165829784340744,37.343246996676285,0.6144943100652223,0.125,11.456984156879024,11.07070831351038,12.248125525845921,0.6,8,50,0,0.0,0.15636363636363637,525,82,0.15619047619047619,0.013333333333333334,0.9263157894736842,0.19730941704035873,0.12059983323030551,0.13019300178271617,0.021822826965483856,61.48780367915167,0.18632937706902808,2.854368932038835,2.5833333333333335,2.727272727272727,0.0
96,template_deposition,C,C,none,0,1.0,template_site:index=322:site=C:neigh=1:ahead0=12.298:mode=shell,x,yz,310,221,89,7,96,1814.5530036568175,24.19090543979995,500.0,0.001,55.75,0.05575,-2675.093,-2667.6619,-2675.093,-7.4311523,-6.965088,0.9995842488974103,0.05575,0.05575,10,309,322,6,6,1.4933986540813926,37.39268220666071,17.539999999960003,10.0,446.0,0.0,-1.7435588,-27.93489,37.36014399226153,0.49999999916963384,36.860143993091896,12.265022521431163,0.8941381108994977,1.5964125560538116,36.71580476927316,36.7490715502673,37.35183799165175,0.6300556353921197,0.125,11.620683298442799,11.653950079436939,12.256716520821385,0.6,8,50,0,0.0,0.15818181818181817,525,83,0.1580952380952381,0.013333333333333334,0.9270833333333334,0.19955156950672645,0.12104878435877915,0.13056947526340223,0.02213463485417676,61.48780367915167,0.18899167970091213,2.8516129032258064,2.56,2.7191011235955056,0.0
97,template_deposition,C,C,none,0,1.0,template_site:index=321:site=C:neigh=2:ahead0=12.298:mode=shell,x,yz,311,221,90,7,97,1817.6804232982533,3.1274196414357345,500.0,0.001,55.75,0.05575,-2686.0747,-2675.093,-2686.0747,-10.981689,-10.475342,1.0,0.05575,0.05575,9,310,321,5,5,1.3915911169255293,37.39268220666071,18.95999999896,10.0,446.0,0.0,-1.7681813,-28.329388,37.34838054674283,0.49999999916963384,36.8483805475732,12.253259075912467,0.9192789354242754,1.6143497757847534,36.7206209021317,36.774217804460775,37.34830895799614,0.6233897839885579,0.125,11.625499431301336,11.679096333630412,12.253187487165775,0.6,8,50,0,0.0,0.16,525,84,0.16,0.013333333333333334,0.9278350515463918,0.20179372197309417,0.1198505096010447,0.12917221590334818,0.022143808440573974,61.48780367915167,0.18907000633758414,2.855305466237942,2.6153846153846154,2.7333333333333334,0.0
98,template_deposition,C,C,none,0,1.0,template_site:index=320:site=C:neigh=1:ahead0=12.298:mode=shell,x,yz,312,221,91,7,98,1832.3203921690047,14.639968870751211,500.0,0.001,55.75,0.05575,-2693.2827,-2686.0747,-2693.2827,-7.208008,-6.629883,0.9969020975443545,0.05575,0.05575,10,311,320,4,4,1.5466637432540105,37.39268220666071,6.17999999904,10.0,446.0,0.0,-1.7843428,-28.588324,37.34838054674283,0.49999999916963384,36.8483805475732,12.253259075912467,0.9400435260014671,1.6322869955156951,36.869277113230645,37.32396173659204,37.34830895799614,0.6084408918694084,0.125,11.774155642400281,12.228840265761676,12.253187487165775,0.6,8,50,0,0.0,0.1618181818181818,525,85,0.1619047619047619,0.013333333333333334,0.9285714285714286,0.2040358744394619,0.12014444533061511,0.12938632574066242,0.022426963128381487,61.48780367915167,0.1914876599567416,2.8525641025641026,2.5925925925925926,2.7252747252747254,0.0
99,template_vacancy,vac,C,vac,1,1.0,template_site:index=319:site=C:neigh=2:ahead0=12.298:mode=shell,x,yz,312,221,91,8,99,1879.2377529341857,46.91736076518093,500.0,0.001,55.75,0.05575,-2693.2827,-2693.2827,-2693.2827,0.0,0.0,1.0,0.05575,0.05575,0,-1,319,3,3,1.422578303092802,37.39268220666071,4.760000000040001,10.0,446.0,0.0,-1.7843428,-28.588324,37.34838054674283,0.49999999916963384,36.8483805475732,12.253259075912467,0.9400435260014671,1.6322869955156951,36.869277113230645,37.32396173659204,37.34830895799614,0.6084408918694084,0.125,11.774155642400281,12.228840265761676,12.253187487165775,0.6,8,50,0,0.0,0.1618181818181818,525,85,0.1619047619047619,0.015238095238095238,0.9191919191919192,0.2040358744394619,0.11893086507475031,0.12938632574066242,0.022426963128381487,61.48780367915167,0.1914876599567416,2.8525641025641026,2.5925925925925926,2.7252747252747254,0.0
100,template_deposition,C,C,none,0,1.0,template_site:index=325:site=C:neigh=1:ahead0=12.298:mode=shell,x,yz,313,221,92,8,100,1881.1869896923067,1.949236758121003,500.0,0.001,55.75,0.05575,-2700.5103,-2693.2827,-2700.5103,-7.227539,-6.3859863,0.9999559127113333,0.05575,0.05575,9,312,325,2,2,1.5024939652574858,37.39268220666071,21.79999999919,10.0,446.0,0.0,-1.8005481,-28.847961,37.40384470629803,0.49999999916963384,36.9038447071284,12.308723235467667,0.9610558674096545,1.6502242152466369,37.017981777403,37.330541704452784,37.3649482058627,0.5702282638137235,0.125,11.922860306572638,12.23542023362242,12.26982673503234,0.6,8,50,0,0.0,0.1618181818181818,525,85,0.1619047619047619,0.015238095238095238,0.92,0.2062780269058296,0.11922860306572637,0.12959630768013736,0.022710210107757405,61.48780367915167,0.19390610158702506,2.8498402555910545,2.5714285714285716,2.717391304347826,0.0
101,template_deposition,C,C,none,0,1.0,template_site:index=317:site=C:neigh=1:ahead0=12.298:mode=shell,x,yz,314,221,93,8,101,1888.6332113979443,7.4462217056375595,500.0,0.001,55.75,0.05575,-2710.6277,-2700.5103,-2710.6277,-10.117432,-6.6015625,1.0,0.05575,0.05575,10,313,317,1,1,1.390102609376915,37.39268220666071,1.9199999998100001,10.0,446.0,0.0,-1.8232329,-29.211412,37.46038715400719,0.49999999916963384,36.96038715483756,12.36526568317683,0.9849131662249264,1.6681614349775784,37.17618495420871,37.33931629794347,37.44000812801459,0.5061939293277808,0.125,12.081063483378344,12.244194827113105,12.344886657184226,0.6,8,50,0,0.0,0.16363636363636364,525,86,0.16380952380952382,0.015238095238095238,0.9207920792079208,0.2085201793721973,0.11961448993443904,0.12990390842342306,0.023011549492149227,61.48780367915167,0.19647902121237426,2.8535031847133756,2.6206896551724137,2.7311827956989245,0.0
102,template_deposition,C,C,none,0,1.0,template_site:index=327:site=C:neigh=1:ahead0=13.527:mode=shell,x,yz,315,221,94,8,102,1889.2250242796615,0.5918128817171584,500.0,0.001,55.75,0.05575,-2718.938,-2710.6277,-2718.938,-8.310303,-7.7424316,0.9999999999999958,0.05575,0.05575,7,314,327,9,9,1.4609514857286037,38.62243828024374,6.890000000770001,10.0,446.0,0.0,-1.8418659,-29.509945,38.56235809459818,0.49999999916963384,38.06235809542855,13.467236623767818,0.7190971065958096,1.6860986547085202,37.32777305163465,37.341138625009194,37.79097843618449,0.6853500951144103,0.125,12.232651580804287,12.24601715417883,12.695856965354125,0.6,8,50,0,0.0,0.16563636363636364,525,87,0.1657142857142857,0.015238095238095238,0.9215686274509803,0.21076233183856502,0.11992795667455183,0.13013459128515198,0.023300288725341498,61.48780367915167,0.19894435723603418,2.850793650793651,2.4,2.723404255319149,0.0
103,template_deposition,C,C,none,0,1.0,template_site:index=326:site=C:neigh=2:ahead0=13.527:mode=shell,x,yz,316,221,95,8,103,1905.739070342893,16.514046063231564,500.0,0.001,55.75,0.05575,-2728.6692,-2718.938,-2728.6692,-9.731201,-9.185059,1.0,0.05575,0.05575,9,315,326,8,8,1.4613483880277762,38.62243828024374,8.30999999977,10.0,446.0,0.0,-1.8636847,-29.85952,38.58938195906972,0.49999999916963384,38.08938195990009,13.494260488239355,0.7970386751231054,1.704035874439462,37.339927206885946,37.37027619920901,37.79908559552595,0.691740634675398,0.125,12.244805736055582,12.275154728378645,12.703964124695588,0.6,8,50,0,0.0,0.16763636363636367,525,88,0.1676190476190476,0.015238095238095238,0.9223300970873787,0.21300448430493274,0.11888160908791827,0.1288926919584798,0.02332343949724873,61.48780367915167,0.1991420249770177,2.8544303797468356,2.4761904761904763,2.736842105263158,0.0
104,template_deposition,C,C,none,0,1.0,template_site:index=332:site=C:neigh=1:ahead0=13.527:mode=shell,x,yz,317,221,96,8,104,1909.0285505656707,3.289480222777636,500.0,0.001,55.75,0.05575,-2736.1145,-2728.6692,-2736.1145,-7.4453125,-7.1152344,0.9999999916340606,0.05575,0.05575,10,316,332,7,7,1.5153075175735702,38.62243828024374,11.15,10.0,446.0,0.0,-1.8803782,-30.126982,38.567479161645906,0.49999999916963384,38.067479162476275,13.472357690815542,0.852800349973681,1.7219730941704037,37.48920096093606,37.413657165722896,38.56478040013981,0.7979209413366517,0.125,12.394079490105696,12.318535694892532,13.469658929309446,0.6,8,50,0,0.0,0.16963636363636364,525,89,0.16952380952380952,0.015238095238095238,0.9230769230769231,0.21524663677130046,0.11917384125101631,0.129104994688601,0.023607770457344184,61.48780367915167,0.2015697219367113,2.8517350157728707,2.4545454545454546,2.7291666666666665,0.0
105,template_deposition,C,C,none,0,1.0,template_site:index=333:site=C:neigh=2:ahead0=13.527:mode=shell,x,yz,318,221,97,8,105,1920.910419595527,11.881869029856196,500.0,0.001,55.75,0.05575,-2747.0754,-2736.1145,-2747.0754,-10.9609375,-10.4609375,1.0,0.05575,0.05575,10,317,333,6,6,1.408144780221292,38.62243828024374,12.569999999,10.0,446.0,0.0,-1.9049543,-30.520733,38.591042768177886,0.49999999916963384,38.091042769008254,13.495921297347522,0.8970542041549135,1.7399103139013452,37.494663601089556,37.41974282917937,38.5718494820994,0.8015429428801338,0.125,12.399542130259192,12.324621358349006,13.476728011269039,0.6,8,50,0,0.0,0.17163636363636364,525,90,0.17142857142857143,0.015238095238095238,0.9238095238095239,0.21748878923766815,0.11809087743103992,0.1278303312397855,0.023618175486207985,61.48780367915167,0.2016585629722767,2.8553459119496853,2.5217391304347827,2.7422680412371134,0.0
106,template_deposition,C,C,none,0,1.0,template_site:index=331:site=C:neigh=1:ahead0=13.527:mode=shell,x,yz,319,221,98,8,106,1941.4315412069454,20.521121611418412,500.0,0.001,55.75,0.05575,-2754.44,-2747.0754,-2754.44,-7.364502,-7.09375,0.9999999785025366,0.05575,0.05575,10,318,331,5,5,1.4791711101079092,38.62243828024374,15.409999999230001,10.0,446.0,0.0,-1.9214666,-30.78529,38.59268280726365,0.49999999916963384,38.09268280809402,13.497561336433286,0.9311237811931734,1.757847533632287,37.65282465012431,37.445830706869614,38.578530073888146,0.8711500149300323,0.125,12.557703179293945,12.35070923603925,13.483408603057782,0.6,8,50,0,0.0,0.17363636363636364,525,91,0.17333333333333334,0.015238095238095238,0.9245283018867925,0.21973094170403587,0.11846889791786741,0.1281398283601423,0.023919434627226562,61.48780367915167,0.2042307974573471,2.852664576802508,2.5,2.7346938775510203,0.0
107,template_deposition,C,C,none,0,1.0,template_site:index=330:site=C:neigh=2:ahead0=13.527:mode=shell,x,yz,320,221,99,8,107,1952.0234675985655,10.591926391620062,500.0,0.001,55.75,0.05575,-2765.491,-2754.44,-2765.491,-11.051025,-10.487793,1.0,0.05575,0.05575,10,319,330,4,4,1.3933379976532614,38.62243828024374,16.83000000046,10.0,446.0,0.0,-1.9462447,-31.18228,38.579189702380994,0.49999999916963384,38.07918970321136,13.48406823155063,0.9550671066038356,1.7757847533632287,37.803767855762366,38.01200547103648,38.57448214242335,0.9095018079311361,0.125,12.708646384932003,12.916884000206117,13.479360671592985,0.6,8,50,0,0.0,0.17563636363636362,525,92,0.17523809523809525,0.015238095238095238,0.9252336448598131,0.2219730941704036,0.11877239612085984,0.12837016550436367,0.024206945495108576,61.48780367915167,0.2066856453557318,2.85625,2.56,2.7474747474747474,0.0
108,template_deposition,C,C,none,0,1.0,template_site:index=334:site=C:neigh=1:ahead0=13.527:mode=shell,x,yz,321,221,100,8,108,1971.8285588447054,19.805091246139877,500.0,0.001,55.75,0.05575,-2773.4714,-2765.491,-2773.4714,-7.9804688,-6.9865723,0.9999987532563853,0.05575,0.05575,9,320,334,3,3,1.4541833876878718,38.62243828024374,19.67000000069,10.0,446.0,0.0,-1.9641382,-31.468964,38.66290395915397,0.49999999916963384,38.16290395998434,13.567782488323608,0.9741853052806159,1.7937219730941705,37.95122645926299,38.54542630951491,38.599596419455246,0.9330779776204963,0.125,12.856104988432627,13.450304838684545,13.504474948624882,0.6,8,50,0,0.0,0.17763636363636365,525,93,0.17714285714285713,0.015238095238095238,0.9259259259259259,0.2242152466367713,0.11903800915215396,0.12856104988432626,0.024487819025585954,61.48780367915167,0.2090838218180116,2.853582554517134,2.5384615384615383,2.74,0.0
109,template_deposition,C,C,none,0,1.0,template_site:index=335:site=C:neigh=1:ahead0=13.527:mode=shell,x,yz,322,221,101,8,109,2021.0543678588213,49.22580901411575,500.0,0.001,55.75,0.05575,-2784.2761,-2773.4714,-2784.2761,-10.8046875,-8.471191,1.0,0.05575,0.05575,9,321,335,2,2,1.3674027228118537,38.62243828024374,21.08999999969,10.0,446.0,0.0,-1.9883639,-31.857101,38.57306878724596,0.49999999916963384,38.07306878807633,13.477947316415595,0.9875622742520099,1.811659192825112,37.92833701355465,38.54542630951491,38.57264586788284,0.9314880770155578,0.125,12.83321554272429,13.450304838684545,13.477524397052477,0.6,8,50,0,0.0,0.17963636363636365,525,94,0.17904761904761904,0.015238095238095238,0.926605504587156,0.226457399103139,0.11773592241031458,0.12706154002697317,0.0244442200813796,61.48780367915167,0.2087115618845169,2.857142857142857,2.5925925925925926,2.7524752475247523,0.0
110,template_deposition,C,C,none,0,1.0,template_site:index=328:site=C:neigh=1:ahead0=13.527:mode=shell,x,yz,323,221,102,8,110,2021.5693871090375,0.5150192502161647,500.0,0.001,55.75,0.05575,-2791.8235,-2784.2761,-2791.8235,-7.5473633,-5.86792,1.0,0.05575,0.05575,8,322,328,1,1,1.736662639821343,38.62243828024374,2.62999999931,10.0,446.0,0.0,-2.0052862,-32.128227,38.57306878724596,0.49999999916963384,38.07306878807633,13.477947316415595,0.998029484286914,1.8295964125560538,38.06253494550338,38.54542630951491,38.57264586788284,0.9388817378073679,0.125,12.967413474673016,13.450304838684545,13.477524397052477,0.6,10,50,0,0.0,0.17963636363636365,525,94,0.17904761904761904,0.015238095238095238,0.9272727272727272,0.22869955156950672,0.11788557704248197,0.12713150465365702,0.024699835189853366,61.48780367915167,0.2108940749020412,2.8606811145510838,2.607142857142857,2.764705882352941,0.0
111,template_deposition,C,C,none,0,1.0,template_site:index=329:site=C:neigh=1:ahead0=13.527:mode=shell,x,yz,324,221,103,8,111,2079.4926954443863,57.92330833534877,500.0,0.001,55.75,0.05575,-2800.2974,-2791.8235,-2800.2974,-8.473877,-6.8479004,1.0,0.05575,0.05575,9,323,329,1,1,1.613084195639884,38.62243828024374,4.05000000054,10.0,446.0,0.0,-2.024286,-32.43264,38.58998833770545,0.49999999916963384,38.08998833853582,13.494866866875086,1.006636128499865,1.8475336322869955,38.40571189311156,38.56781592043504,38.578144652383806,0.37967941173087827,0.125,13.310590422281194,13.472694449604674,13.483023181553442,0.6,10,50,0,0.0,0.18163636363636365,525,95,0.18095238095238095,0.015238095238095238,0.9279279279279279,0.23094170403587444,0.11991522902956031,0.12922903322603102,0.025353505566249893,61.48780367915167,0.21647529470619786,2.8580246913580245,2.586206896551724,2.7572815533980584,0.0
112,template_deposition,C,C,none,0,1.0,template_site:index=340:site=C:neigh=1:ahead0=14.757:mode=shell,x,yz,325,221,104,8,112,2116.150013120832,36.65731767644606,500.0,0.001,55.75,0.05575,-2808.2024,-2800.2974,-2808.2024,-7.9050293,-6.778076,0.8905636819312932,0.05575,0.05575,6,324,340,10,10,1.5565889268686972,39.852194353826775,4.760000000040001,10.0,446.0,0.0,-2.0420103,-32.716614,39.70261605964606,0.49999999916963384,39.20261606047643,14.607494588815698,0.6618010582734796,1.8654708520179373,38.53828628158155,38.568111795635055,38.91193296896599,0.5766377625441843,0.125,13.443164810751185,13.472990324804691,13.816811498135628,0.6,10,50,0,0.0,0.18345454545454543,525,96,0.18285714285714286,0.015238095238095238,0.9285714285714286,0.23318385650224216,0.12002825723884987,0.12926120010337677,0.02560602821095464,61.48780367915167,0.21863140340641707,2.855384615384615,2.35,2.75,0.0
113,template_deposition,C,C,none,0,1.0,template_site:index=341:site=C:neigh=2:ahead0=14.757:mode=shell,x,yz,326,221,105,8,113,2119.732019599239,3.5820064784064303,500.0,0.001,55.75,0.05575,-2819.0056,-2808.2024,-2819.0056,-10.803223,-9.754883,1.0,0.05575,0.05575,9,325,341,9,9,1.4463192743627888,39.852194353826775,6.17999999904,10.0,446.0,0.0,-2.0662327,-33.1047,39.80811750655004,0.49999999916963384,39.30811750738041,14.712996035719677,0.7419270400990193,1.883408071748879,38.684228001355834,38.57223633476576,39.67526564058565,0.6991050664803854,0.125,13.58910653052547,13.477114863935398,14.580144169755286,0.6,10,50,0,0.0,0.18527272727272728,525,97,0.18476190476190477,0.015238095238095238,0.9292035398230089,0.23542600896860988,0.1202575799161546,0.12942006219548066,0.025884012439096132,61.48780367915167,0.2210049102003143,2.8588957055214723,2.4285714285714284,2.761904761904762,0.0
114,template_deposition,C,C,none,0,1.0,template_site:index=337:site=C:neigh=1:ahead0=14.757:mode=shell,x,yz,327,221,106,8,114,2121.2438141981615,1.51179459892252,500.0,0.001,55.75,0.05575,-2826.5898,-2819.0056,-2826.5898,-7.5842285,-7.3085938,0.9999999999950047,0.05575,0.05575,10,326,337,8,8,1.4829243296834902,39.852194353826775,9.01999999927,10.0,446.0,0.0,-2.0832376,-33.377148,39.80437325679677,0.49999999916963384,39.30437325762714,14.709251785966408,0.801230097221259,1.9013452914798206,38.98211593505135,38.572538420025126,39.79937118069137,0.5918954617670964,0.125,13.886994464220983,13.477416949194762,14.704249709861003,0.6,10,50,0,0.0,0.1870909090909091,525,98,0.18666666666666668,0.015238095238095238,0.9298245614035088,0.23766816143497757,0.12181574091421915,0.1310093817379338,0.026451418027087586,61.48780367915167,0.22584957720533397,2.856269113149847,2.409090909090909,2.7547169811320753,0.0
115,template_deposition,C,C,none,0,1.0,template_site:index=336:site=C:neigh=2:ahead0=14.757:mode=shell,x,yz,328,221,107,8,115,2164.543168486458,43.299354288296335,500.0,0.001,55.75,0.05575,-2837.5017,-2826.5898,-2837.5017,-10.911865,-10.4123535,1.0,0.05575,0.05575,10,327,336,7,7,1.398652904785447,39.852194353826775,10.440000000500001,10.0,446.0,0.0,-2.1077037,-33.76914,39.81546104185309,0.49999999916963384,39.31546104268346,14.720339571022727,0.8448144329211514,1.9192825112107623,38.99157439937652,38.60397250883666,39.80269751620826,0.5885727616607187,0.125,13.896452928546154,13.508851038006298,14.707576045377898,0.6,10,50,0,0.0,0.18890909090909092,525,99,0.18857142857142858,0.015238095238095238,0.9304347826086956,0.2399103139013453,0.12083872111779265,0.12987339185557153,0.026469434149611722,61.48780367915167,0.22600340387923057,2.8597560975609757,2.4782608695652173,2.7663551401869158,0.0
116,template_vacancy,vac,C,vac,1,1.0,template_site:index=344:site=C:neigh=1:ahead0=14.757:mode=shell,x,yz,328,221,107,9,116,2179.8780637298373,15.33489524337919,500.0,0.001,55.75,0.05575,-2837.5017,-2837.5017,-2837.5017,0.0,0.0,0.9999999993544428,0.05575,0.05575,0,-1,344,6,6,1.481279423496323,39.852194353826775,13.28000000073,10.0,446.0,0.0,-2.1077037,-33.76914,39.81546104185309,0.49999999916963384,39.31546104268346,14.720339571022727,0.8448144329211514,1.9192825112107623,38.99157439937652,38.60397250883666,39.80269751620826,0.5885727616607187,0.125,13.896452928546154,13.508851038006298,14.707576045377898,0.6,10,50,0,0.0,0.18890909090909092,525,99,0.18857142857142858,0.017142857142857144,0.9224137931034483,0.2399103139013453,0.11979700800470822,0.12987339185557153,0.026469434149611722,61.48780367915167,0.22600340387923057,2.8597560975609757,2.4782608695652173,2.7663551401869158,0.0
117,template_vacancy,vac,C,vac,1,1.0,template_site:index=345:site=C:neigh=1:ahead0=14.757:mode=shell,x,yz,328,221,107,10,117,2188.039737938251,8.161674208413912,500.0,0.001,55.75,0.05575,-2837.5017,-2837.5017,-2837.5017,0.0,0.0,0.9917615716584655,0.05575,0.05575,0,-1,345,5,5,1.5235234128630855,39.852194353826775,14.69999999973,10.0,446.0,0.0,-2.1077037,-33.76914,39.81546104185309,0.49999999916963384,39.31546104268346,14.720339571022727,0.8448144329211514,1.9192825112107623,38.99157439937652,38.60397250883666,39.80269751620826,0.5885727616607187,0.125,13.896452928546154,13.508851038006298,14.707576045377898,0.6,10,50,0,0.0,0.18890909090909092,525,99,0.18857142857142858,0.01904761904761905,0.9145299145299145,0.2399103139013453,0.11877310195338593,0.12987339185557153,0.026469434149611722,61.48780367915167,0.22600340387923057,2.8597560975609757,2.4782608695652173,2.7663551401869158,0.0
118,template_deposition,C,C,none,0,1.0,template_site:index=342:site=C:neigh=1:ahead0=14.757:mode=shell,x,yz,329,221,108,10,118,2190.8239144394042,2.7841765011528588,500.0,0.001,55.75,0.05575,-2844.076,-2837.5017,-2844.076,-6.5742188,-5.994629,0.5225970695452454,0.05575,0.05575,8,328,342,4,4,1.620272238239951,39.852194353826775,18.95999999896,10.0,446.0,0.0,-2.1224442,-34.005306,39.81546104185309,0.49999999916963384,39.31546104268346,14.720339571022727,0.8764558845693,1.937219730941704,39.15527256864033,39.13939454726908,39.80269751620826,0.5996583273709405,0.125,14.060151097809964,14.044273076438714,14.707576045377898,0.6,10,50,0,0.0,0.19072727272727275,525,100,0.19047619047619047,0.01904761904761905,0.9152542372881356,0.242152466367713,0.1191538228627963,0.13018658423898113,0.02678124018630469,61.48780367915167,0.22866569069822318,2.857142857142857,2.4583333333333335,2.759259259259259,0.0
119,template_vacancy,vac,C,vac,1,1.0,template_site:index=343:site=C:neigh=2:ahead0=14.757:mode=shell,x,yz,329,221,108,11,119,2204.997135208761,14.173220769356572,500.0,0.001,55.75,0.05575,-2844.076,-2844.076,-2844.076,0.0,0.0,1.0,0.05575,0.05575,0,-1,343,3,3,1.4650148439050263,39.852194353826775,17.539999999960003,10.0,446.0,0.0,-2.1224442,-34.005306,39.81546104185309,0.49999999916963384,39.31546104268346,14.720339571022727,0.8764558845693,1.937219730941704,39.15527256864033,39.13939454726908,39.80269751620826,0.5996583273709405,0.125,14.060151097809964,14.044273076438714,14.707576045377898,0.6,10,50,0,0.0,0.19072727272727275,525,100,0.19047619047619047,0.02095238095238095,0.907563025210084,0.242152466367713,0.11815253023369718,0.13018658423898113,0.02678124018630469,61.48780367915167,0.22866569069822318,2.857142857142857,2.4583333333333335,2.759259259259259,0.0
120,template_deposition,C,C,none,0,1.0,template_site:index=346:site=C:neigh=1:ahead0=14.757:mode=shell,x,yz,330,221,109,11,120,2206.3632076111335,1.3660724023723314,500.0,0.001,55.75,0.05575,-2851.3389,-2844.076,-2851.3389,-7.2629395,-6.8444824,1.0,0.05575,0.05575,9,329,346,2,2,1.438159568645016,39.852194353826775,21.79999999919,10.0,446.0,0.0,-2.1387289,-34.266216,39.87283102293924,0.49999999916963384,39.372831023769606,14.777709552108874,0.9084697068570402,1.9551569506726458,39.3044467751979,39.672638864942044,39.832672036178934,0.6028112278608941,0.125,14.209325304367539,14.57751739411168,14.73755056534857,0.6,10,50,0,0.0,0.19254545454545458,525,101,0.19238095238095237,0.02095238095238095,0.9083333333333333,0.24439461883408073,0.11841104420306282,0.1303607826088765,0.027065381532128646,61.48780367915167,0.23109176867843495,2.8545454545454545,2.44,2.7522935779816513,0.0
121,template_deposition,C,C,none,0,1.0,template_site:index=338:site=C:neigh=1:ahead0=14.757:mode=shell,x,yz,331,221,110,11,121,2217.855870991003,11.492663379869601,500.0,0.001,55.75,0.05575,-2858.0898,-2851.3389,-2858.0898,-6.7509766,-5.544922,1.0,0.05575,0.05575,9,330,338,1,1,1.5715887051973245,39.852194353826775,1.9199999998100001,10.0,446.0,0.0,-2.1538656,-34.50873,39.88005240786258,0.49999999916963384,39.38005240869295,14.784930937032215,0.9326141980564051,1.9730941704035874,39.47813216157019,39.76208801853611,39.84711333611287,0.5156551502038543,0.125,14.383010690739823,14.666966547705748,14.751991865282506,0.6,10,50,0,0.0,0.19618181818181818,525,103,0.1961904761904762,0.02095238095238095,0.9090909090909091,0.24663677130044842,0.118867856948263,0.1307546426430893,0.027396210839504425,61.48780367915167,0.233916481482922,2.8519637462235647,2.423076923076923,2.7454545454545456,0.0
122,template_deposition,C,C,none,0,1.0,template_site:index=356:site=C:neigh=1:ahead0=15.987:mode=shell,x,yz,332,221,111,11,122,2250.5655644137514,32.70969342274856,500.0,0.001,55.75,0.05575,-2866.1257,-2858.0898,-2866.1257,-8.035889,-7.5944824,0.9996077991429861,0.05575,0.05575,7,331,356,7,7,1.4631639283375923,41.08195042740981,21.08999999969,10.0,446.0,0.0,-2.171883,-34.797405,41.01882773466295,0.49999999916963384,40.51882773549332,15.923706263832585,0.7137794862988971,1.9910313901345291,39.62081914339071,39.76210750489741,40.190623022681855,0.7227082745771294,0.125,14.525697672560348,14.666986034067044,15.095501551851491,0.6,10,50,0,0.0,0.19636363636363638,525,103,0.1961904761904762,0.02095238095238095,0.9098360655737705,0.24887892376681614,0.11906309567672416,0.13086214119423736,0.027667995566781615,61.48780367915167,0.2362370552110889,2.8493975903614457,2.1666666666666665,2.7387387387387387,0.0
123,template_vacancy,vac,C,vac,1,1.0,template_site:index=355:site=C:neigh=2:ahead0=15.987:mode=shell,x,yz,332,221,111,12,123,2271.4584153083047,20.89285089455316,500.0,0.001,55.75,0.05575,-2866.1257,-2866.1257,-2866.1257,0.0,0.0,1.0,0.05575,0.05575,0,-1,355,6,6,1.4614551358077608,41.08195042740981,19.67000000069,10.0,446.0,0.0,-2.171883,-34.797405,41.01882773466295,0.49999999916963384,40.51882773549332,15.923706263832585,0.7137794862988971,1.9910313901345291,39.62081914339071,39.76210750489741,40.190623022681855,0.7227082745771294,0.125,14.525697672560348,14.666986034067044,15.095501551851491,0.6,10,50,0,0.0,0.19636363636363638,525,103,0.1961904761904762,0.022857142857142857,0.9024390243902439,0.24887892376681614,0.11809510302894592,0.13086214119423736,0.027667995566781615,61.48780367915167,0.2362370552110889,2.8493975903614457,2.1666666666666665,2.7387387387387387,0.0
124,template_deposition,C,C,none,0,1.0,template_site:index=349:site=C:neigh=1:ahead0=15.987:mode=shell,x,yz,333,221,112,12,124,2293.664862264299,22.20644695599422,500.0,0.001,55.75,0.05575,-2874.2612,-2866.1257,-2874.2612,-8.135498,-7.3085938,0.999999985303603,0.05575,0.05575,9,332,349,5,5,1.4531322681907124,41.08195042740981,2.62999999931,10.0,446.0,0.0,-2.1901243,-35.08966,41.031854292153525,0.49999999916963384,40.531854292983894,15.936732821323162,0.8034278035350997,2.008968609865471,39.759457957397274,39.75291296966884,41.009315402170145,0.8600133999317102,0.125,14.66433648656691,14.657791498838478,15.914193931339781,0.6,10,50,0,0.0,0.19836363636363635,525,104,0.1980952380952381,0.022857142857142857,0.9032258064516129,0.25112107623318386,0.11826077811747508,0.13093157577291883,0.027932069498222686,61.48780367915167,0.23849179201596798,2.8468468468468466,2.1578947368421053,2.732142857142857,0.0
125,template_deposition,C,C,none,0,1.0,template_site:index=350:site=C:neigh=2:ahead0=15.987:mode=shell,x,yz,334,221,113,12,125,2312.6501098593876,18.98524759508861,500.0,0.001,55.75,0.05575,-2883.3367,-2874.2612,-2883.3367,-9.075439,-7.335449,0.9999999989512793,0.05575,0.05575,8,333,350,4,4,1.4941085887707024,41.08195042740981,4.05000000054,10.0,446.0,0.0,-2.2104728,-35.41568,40.999655877891556,0.49999999916963384,40.499655878721924,15.904534407061192,0.8603271818166182,2.0269058295964126,39.91143881594409,39.77122430892943,40.95218583537449,0.920696522315184,0.125,14.816317345113724,14.67610283809907,15.85706436454413,0.6,10,50,0,0.0,0.20036363636363638,525,105,0.2,0.022857142857142857,0.904,0.2533632286995516,0.1185305387609098,0.13111785261162587,0.028221556847835665,61.48780367915167,0.24096351566607366,2.8502994011976046,2.25,2.743362831858407,0.0
126,template_vacancy,vac,C,vac,1,1.0,template_site:index=348:site=C:neigh=1:ahead0=15.987:mode=shell,x,yz,334,221,113,13,126,2387.5719532938033,74.92184343441556,500.0,0.001,55.75,0.05575,-2883.3367,-2883.3367,-2883.3367,0.0,0.0,0.999999779298462,0.05575,0.05575,0,-1,348,3,3,1.6166476740236693,41.08195042740981,6.890000000770001,10.0,446.0,0.0,-2.2104728,-35.41568,40.999655877891556,0.49999999916963384,40.499655878721924,15.904534407061192,0.8603271818166182,2.0269058295964126,39.91143881594409,39.77122430892943,40.95218583537449,0.920696522315184,0.125,14.816317345113724,14.67610283809907,15.85706436454413,0.6,10,50,0,0.0,0.20036363636363638,525,105,0.2,0.024761904761904763,0.8968253968253969,0.2533632286995516,0.11758982019931527,0.13111785261162587,0.028221556847835665,61.48780367915167,0.24096351566607366,2.8502994011976046,2.25,2.743362831858407,0.0
127,template_deposition,C,C,none,0,1.0,template_site:index=353:site=C:neigh=1:ahead0=15.987:mode=shell,x,yz,335,221,114,13,127,2417.4122376125215,29.840284318718343,500.0,0.001,55.75,0.05575,-2889.89,-2883.3367,-2889.89,-6.5532227,-6.115967,0.999198453514757,0.05575,0.05575,7,334,353,2,2,1.4871392091480478,41.08195042740981,11.15,10.0,446.0,0.0,-2.225166,-35.651093,41.07490289147853,0.49999999916963384,40.5749028923089,15.979781420648166,0.9164859552536192,2.0448430493273544,40.0646687121191,40.323069263044516,41.02222998196765,1.0015599951904626,0.125,14.969547241288737,15.227947792214152,15.927108511137284,0.6,10,50,0,0.0,0.20236363636363638,525,106,0.2019047619047619,0.024761904761904763,0.8976377952755905,0.2556053811659193,0.11787045071880896,0.13131181790604154,0.028513423316740453,61.48780367915167,0.24345555289958062,2.8477611940298506,2.238095238095238,2.736842105263158,0.0
128,template_deposition,C,C,none,0,1.0,template_site:index=354:site=C:neigh=1:ahead0=15.987:mode=shell,x,yz,336,221,115,13,128,2457.621484297103,40.20924668458146,500.0,0.001,55.75,0.05575,-2898.2358,-2889.89,-2898.2358,-8.345947,-7.9294434,0.9999999939969824,0.05575,0.05575,8,335,354,2,2,1.4203470312045903,41.08195042740981,12.569999999,10.0,446.0,0.0,-2.243879,-35.95091,41.08588998690681,0.49999999916963384,40.585889987737175,15.990768516076443,0.9516557121886363,2.062780269058296,40.225081367036466,40.40087104076359,41.02552611059613,0.848544973746815,0.125,15.129959896206103,15.305749569933226,15.930404639765769,0.6,10,50,0,0.0,0.2043636363636364,525,107,0.2038095238095238,0.024761904761904763,0.8984375,0.257847533632287,0.11820281168911018,0.13156486866266176,0.028818971230868767,61.48780367915167,0.24606440612443173,2.8452380952380953,2.227272727272727,2.7304347826086954,0.0
129,template_deposition,C,C,none,0,1.0,template_site:index=347:site=C:neigh=1:ahead0=15.987:mode=shell,x,yz,337,221,116,13,129,2470.2348356462735,12.61335134917032,500.0,0.001,55.75,0.05575,-2905.6233,-2898.2358,-2905.6233,-7.387451,-6.904297,1.0,0.05575,0.05575,10,336,347,1,1,1.4927560058208156,41.08195042740981,8.30999999977,10.0,446.0,0.0,-2.2604427,-36.216286,41.08588998690681,0.49999999916963384,40.585889987737175,15.990768516076443,0.9777185370334754,2.0807174887892375,40.39239586540471,40.925496240760936,41.06550946931698,0.8635686129853678,0.125,15.297274394574345,15.830374769930572,15.970387998486615,0.6,10,50,0,0.0,0.20636363636363636,525,108,0.2057142857142857,0.024761904761904763,0.8992248062015504,0.2600896860986547,0.11858352243856081,0.1318730551256409,0.029137665513474943,61.48780367915167,0.24878550670628535,2.8427299703264093,2.217391304347826,2.7241379310344827,0.0
130,template_deposition,C,C,none,0,1.0,template_site:index=358:site=C:neigh=1:ahead0=17.217:mode=shell,x,yz,338,221,117,13,130,2482.4297036475323,12.194868001258783,500.0,0.001,55.75,0.05575,-2913.753,-2905.6233,-2913.753,-8.129639,-7.6171875,0.9999813010256381,0.05575,0.05575,8,337,358,6,6,1.4502229667270077,42.31170650099284,9.01999999927,10.0,446.0,0.0,-2.2786705,-36.508327,42.26654879038214,0.49999999916963384,41.76654879121251,17.171427319551775,0.7492348656966222,2.098654708520179,40.52365320925021,40.925496240760936,41.44151085199792,1.0664291280684048,0.125,15.42853173841985,15.830374769930572,16.346389381167555,0.6,10,50,0,0.0,0.2081818181818182,525,109,0.20761904761904762,0.024761904761904763,0.9,0.2623318385650224,0.11868101337246038,0.1318677926360671,0.029387679501752095,61.48780367915167,0.25092019579894537,2.8402366863905324,1.9285714285714286,2.717948717948718,0.0
131,template_deposition,C,C,none,0,1.0,template_site:index=357:site=C:neigh=2:ahead0=17.217:mode=shell,x,yz,339,221,118,13,131,2501.6384274718475,19.208723824315175,500.0,0.001,55.75,0.05575,-2922.9314,-2913.753,-2922.9314,-9.178467,-8.325195,0.9999999999984075,0.05575,0.05575,8,338,357,5,5,1.476747337755638,42.31170650099284,10.440000000500001,10.0,446.0,0.0,-2.2992501,-36.83805,42.2651408566385,0.49999999916963384,41.76514085746887,17.17001938580814,0.8423407703036375,2.116591928251121,40.69757000008119,40.96574870466508,41.46047638151147,1.0315296988958875,0.125,15.602448529250829,15.870627233834718,16.365354910681106,0.6,10,50,0,0.0,0.21,525,110,0.20952380952380953,0.024761904761904763,0.9007633587786259,0.2645739910313901,0.11910266052863228,0.13222414007839686,0.029718949579525387,61.48780367915167,0.25374867202389706,2.8436578171091447,2.066666666666667,2.7288135593220337,0.0
132,template_deposition,C,C,none,0,1.0,template_site:index=365:site=C:neigh=1:ahead0=17.217:mode=shell,x,yz,340,221,119,13,132,2509.7566868474587,8.118259375611247,500.0,0.001,55.75,0.05575,-2930.917,-2922.9314,-2930.917,-7.9855957,-7.4492188,0.999276118569781,0.05575,0.05575,6,339,365,4,4,1.455023173799526,42.31170650099284,13.28000000073,10.0,446.0,0.0,-2.3171551,-37.12492,42.24641930209776,0.49999999916963384,41.74641930292813,17.1512978312674,0.9017664839382799,2.1345291479820627,40.83953206497142,40.96574870466508,42.23124656124192,1.1448892661115417,0.125,15.744410594141058,15.870627233834718,17.136125090411554,0.6,10,50,0,0.0,0.21181818181818182,525,111,0.21142857142857144,0.024761904761904763,0.9015151515151515,0.26681614349775784,0.11927583783440196,0.1323059713793366,0.029989353512649634,61.48780367915167,0.2560574561468591,2.8411764705882354,2.0625,2.722689075630252,0.0
133,template_deposition,C,C,none,0,1.0,template_site:index=366:site=C:neigh=1:ahead0=17.217:mode=shell,x,yz,341,221,120,13,133,2561.9827293250514,52.22604247759268,500.0,0.001,55.75,0.05575,-2938.5903,-2930.917,-2938.5903,-7.67334,-7.150879,0.5759033579852905,0.05575,0.05575,5,340,366,4,4,1.4253504711579144,42.31170650099284,14.69999999973,10.0,446.0,0.0,-2.33436,-37.40057,42.362182486083036,0.49999999916963384,41.862182486913404,17.267061015252672,0.9473122013993264,2.1524663677130045,41.30321595949456,41.05763802788857,42.281148257293346,0.8352976302321691,0.125,16.208094488664194,15.962516557058208,17.186026786462982,0.6,10,50,0,0.0,0.21363636363636362,525,112,0.21333333333333335,0.024761904761904763,0.9022556390977443,0.26905829596412556,0.12186537209521951,0.1350674540722016,0.030872560930788943,61.48780367915167,0.2635985271687267,2.838709677419355,2.0588235294117645,2.716666666666667,0.0
134,template_deposition,C,C,none,0,1.0,template_site:index=352:site=C:neigh=1:ahead0=15.987:mode=shell,x,yz,342,221,121,13,134,2567.362176768716,5.3794474436645645,500.0,0.001,55.75,0.05575,-2946.1414,-2938.5903,-2946.1414,-7.5510254,-6.8220215,1.0,0.05575,0.05575,9,341,352,1,1,1.484083802536733,41.08195042740981,15.409999999230001,10.0,446.0,0.0,-2.3512905,-37.671825,42.29377801794092,0.49999999916963384,41.79377801877129,17.19865654711056,0.9074678159772183,2.1704035874439462,41.280358789018756,41.05763802788857,42.26062691685071,0.80602545671943,0.125,16.185237318188392,15.962516557058208,17.165505446020347,0.6,10,50,0,0.0,0.21563636363636365,525,113,0.21523809523809523,0.024761904761904763,0.9029850746268657,0.2713004484304933,0.12078535312080889,0.13376229188585448,0.030829023463215983,61.48780367915167,0.263226792139857,2.8362573099415203,2.0555555555555554,2.7107438016528924,0.0
135,template_deposition,C,C,none,0,1.0,template_site:index=351:site=C:neigh=1:ahead0=15.987:mode=shell,x,yz,343,221,122,13,135,2611.6883253221354,44.32614855341953,500.0,0.001,55.75,0.05575,-2954.5442,-2946.1414,-2954.5442,-8.402832,-7.4675293,1.0,0.05575,0.05575,9,342,351,1,1,1.4132318464898868,41.08195042740981,16.83000000046,10.0,446.0,0.0,-2.3701308,-37.973682,42.24641930209776,0.49999999916963384,41.74641930292813,17.1512978312674,0.8772641632382723,2.188340807174888,41.4229636923404,41.05763802788857,42.24110704583472,0.568863472415795,0.125,16.32784222151004,15.962516557058208,17.145985575004353,0.6,10,50,0,0.0,0.21763636363636366,525,114,0.21714285714285714,0.024761904761904763,0.9037037037037037,0.273542600896861,0.12094697941859288,0.13383477230745933,0.031100651850495313,61.48780367915167,0.2655460309935616,2.8338192419825075,2.0526315789473686,2.7049180327868854,0.0
136,template_deposition,C,C,none,0,1.0,template_site:index=367:site=C:neigh=1:ahead0=17.217:mode=shell,x,yz,344,221,123,13,136,2618.8572401704178,7.168914848282162,500.0,0.001,55.75,0.05575,-2963.1672,-2954.5442,-2963.1672,-8.623047,-7.116211,0.9999999332851552,0.05575,0.05575,7,343,367,4,4,1.4676389158401486,42.31170650099284,21.79999999919,10.0,446.0,0.0,-2.389465,-38.28345,42.27823327224741,0.49999999916963384,41.77823327307778,17.18311180141705,0.9142656101667914,2.2062780269058297,41.583915686515226,41.53394461022789,42.25596349314266,0.6046797724161771,0.125,16.488794215684862,16.438823139397527,17.160842022312295,0.6,10,50,0,0.0,0.21945454545454546,525,115,0.21904761904761905,0.024761904761904763,0.9044117647058824,0.2757847533632287,0.12124113393885928,0.13405523752589318,0.03140722707749498,61.48780367915167,0.2681636557019458,2.8372093023255816,2.15,2.7154471544715446,0.0
137,template_deposition,C,C,none,0,1.0,template_site:index=359:site=C:neigh=1:ahead0=17.217:mode=shell,x,yz,345,221,124,13,137,2640.8730797490575,22.01583957863994,500.0,0.001,55.75,0.05575,-2970.3284,-2963.1672,-2970.3284,-7.161133,-6.208496,0.011894658550042172,0.05575,0.05575,9,344,359,4,4,1.4940135994816999,42.31170650099284,1.9199999998100001,10.0,446.0,0.0,-2.4055214,-38.540703,42.30657697211866,0.49999999916963384,41.80657697294903,17.2114555012883,0.9507834800363628,2.2242152466367715,41.74687507758133,42.09554970357465,42.291301218064554,0.604806328266393,0.125,16.651753606750965,17.000428232744284,17.19617974723419,0.6,10,50,0,0.0,0.2212727272727273,525,116,0.22095238095238096,0.024761904761904763,0.9051094890510949,0.27802690582959644,0.12154564676460558,0.13428833553831424,0.03171762591762089,61.48780367915167,0.2708139274845653,2.8347826086956522,2.142857142857143,2.7096774193548385,0.0
138,template_deposition,C,C,none,0,1.0,template_site:index=360:site=C:neigh=2:ahead0=17.217:mode=shell,x,yz,346,221,125,13,138,2655.36329785468,14.490218105622072,500.0,0.001,55.75,0.05575,-2981.6372,-2970.3284,-2981.6372,-11.308838,-9.327881,1.0,0.05575,0.05575,9,345,360,3,3,1.0958939468847502,42.31170650099284,0.5000000008100001,10.0,446.0,0.0,-2.4308774,-38.946953,42.42522442833152,0.49999999916963384,41.92522442916189,17.330102957501154,0.9772427410965746,2.242152466367713,41.7536188859973,42.09554970357465,42.31861337136396,0.6282737574100551,0.125,16.658497415166934,17.000428232744284,17.223491900533595,0.6,10,50,0,0.0,0.22309090909090912,525,117,0.22285714285714286,0.024761904761904763,0.9057971014492754,0.2802690582959641,0.12071374938526765,0.13326797932133547,0.03173047126698464,61.48780367915167,0.2709236046564994,2.838150289017341,2.227272727272727,2.72,0.0
139,template_deposition,C,C,none,0,1.0,template_site:index=364:site=C:neigh=1:ahead0=17.217:mode=shell,x,yz,347,221,126,13,139,2655.8612123918915,0.4979145372116675,500.0,0.001,55.75,0.05575,-2988.963,-2981.6372,-2988.963,-7.3256836,-6.397461,1.0,0.05575,0.05575,6,346,364,1,1,1.5159899529348786,42.31170650099284,17.539999999960003,10.0,446.0,0.0,-2.4473028,-39.210114,42.42522442833152,0.49999999916963384,41.92522442916189,17.330102957501154,0.9822967577383493,2.2600896860986546,41.90127285214098,42.19999219295282,42.31861337136396,0.5643742446600105,0.125,16.806151381310613,17.104870722122456,17.223491900533595,0.6,10,50,0,0.0,0.22490909090909092,525,118,0.22476190476190477,0.024761904761904763,0.9064748201438849,0.2825112107623318,0.12090756389432096,0.1333821538199255,0.03201171691678212,61.48780367915167,0.2733249583772169,2.835734870317003,2.217391304347826,2.7142857142857144,0.0
140,template_deposition,C,C,none,0,1.0,template_site:index=363:site=C:neigh=1:ahead0=17.217:mode=shell,x,yz,348,221,127,13,140,2656.487875401986,0.6266630100946736,500.0,0.001,55.75,0.05575,-2997.7063,-2988.963,-2997.7063,-8.743408,-7.254883,1.0,0.05575,0.05575,9,347,363,1,1,1.4584928004302384,42.31170650099284,18.95999999896,10.0,446.0,0.0,-2.4669068,-39.524204,42.46342109945957,0.49999999916963384,41.96342110028994,17.36829962862921,0.9874768115980312,2.2780269058295963,41.923284147062304,42.229067487226686,42.382464980064476,0.5795639163523326,0.125,16.82816267623194,17.133946016396322,17.287343509234113,0.6,10,50,0,0.0,0.22672727272727275,525,119,0.22666666666666666,0.024761904761904763,0.9071428571428571,0.28475336322869954,0.1202011619730853,0.13250521792308614,0.032053643192822744,61.48780367915167,0.2736829366038614,2.8333333333333335,2.2083333333333335,2.7086614173228347,0.0
141,template_deposition,C,C,none,0,1.0,template_site:index=376:site=C:neigh=1:ahead0=18.446:mode=shell,x,yz,349,221,128,13,141,2779.198390472676,122.71051507068991,500.0,0.001,55.75,0.05575,-3010.453,-2997.7063,-3010.453,-12.746582,-7.870117,0.9999999999993181,0.05575,0.05575,8,348,376,7,7,1.3988989223165926,43.541462574575874,19.67000000069,10.0,446.0,0.0,-2.4954867,-39.982105,43.23633390020176,0.49999999916963384,42.736333901032125,18.141212429371393,0.7190803497109375,2.295964125560538,42.08394599407812,42.229067487226686,42.812248590879754,0.7446794652639198,0.125,16.988824523247757,17.133946016396322,17.71712712004939,0.6,10,50,0,0.0,0.2250909090909091,525,118,0.22476190476190477,0.024761904761904763,0.9078014184397163,0.28699551569506726,0.1204881171861543,0.1327251915878731,0.032359665758567156,61.48780367915167,0.27629584253646167,2.842406876790831,2.2222222222222223,2.734375,0.0
142,template_deposition,C,C,none,0,1.0,template_site:index=374:site=C:neigh=1:ahead0=18.446:mode=shell,x,yz,350,221,129,13,142,2791.5326396420396,12.334249169363865,500.0,0.001,55.75,0.05575,-3017.5945,-3010.453,-3017.5945,-7.1416016,-6.659668,0.9999752644101443,0.05575,0.05575,9,349,374,5,5,1.5016772815866086,43.541462574575874,11.15,10.0,446.0,0.0,-2.5114992,-40.238655,43.5202938981611,0.49999999916963384,43.02029389899147,18.425172427330736,0.8082362174583074,2.31390134529148,42.24089500874153,42.34811672225708,43.32152189958956,0.8860309528049547,0.125,17.145773537911168,17.252995251426718,18.2264004287592,0.6,10,50,0,0.0,0.22709090909090912,525,119,0.22666666666666666,0.024761904761904763,0.9084507042253521,0.289237668161435,0.12074488406979696,0.13291297316210207,0.03265861626268794,61.48780367915167,0.2788483652364492,2.84,2.210526315789474,2.7286821705426356,0.0
143,template_deposition,C,C,none,0,1.0,template_site:index=375:site=C:neigh=1:ahead0=18.446:mode=shell,x,yz,351,221,130,13,143,2886.7480716354344,95.21543199339494,500.0,0.001,55.75,0.05575,-3027.7466,-3017.5945,-3027.7466,-10.1521,-8.300537,1.0,0.05575,0.05575,9,350,375,5,5,1.4278081637180482,43.541462574575874,12.569999999,10.0,446.0,0.0,-2.5342617,-40.603348,43.46976197414806,0.49999999916963384,42.969761974978425,18.374640503317693,0.8646695927499498,2.3318385650224216,42.28455960825197,42.43693093289215,43.306362322385645,0.8711704002645612,0.125,17.189438137421604,17.34180946206179,18.21124085155528,0.6,10,50,0,0.0,0.2290909090909091,525,120,0.22857142857142856,0.024761904761904763,0.9090909090909091,0.2914798206278027,0.12020586110085038,0.1322264472109354,0.032741786928422105,61.48780367915167,0.27955849955411455,2.843304843304843,2.3,2.7384615384615385,0.0
144,template_deposition,C,C,none,0,1.0,template_site:index=370:site=C:neigh=1:ahead0=18.446:mode=shell,x,yz,352,221,131,13,144,2903.205713850565,16.457642215130836,500.0,0.001,55.75,0.05575,-3034.9448,-3027.7466,-3034.9448,-7.198242,-6.2026367,0.9999945442969811,0.05575,0.05575,7,351,370,4,4,1.4494882591571803,43.541462574575874,2.62999999931,10.0,446.0,0.0,-2.5504014,-40.86194,43.48004391799219,0.49999999916963384,42.98004391882256,18.384922447161827,0.9158849481170851,2.3497757847533634,42.39923486273404,42.511695029142224,43.472846557301295,0.9750922702349207,0.125,17.304113391903677,17.41657355831186,18.37772508647093,0.6,10,50,0,0.0,0.22545454545454546,525,118,0.22476190476190477,0.024761904761904763,0.9097222222222222,0.2937219730941704,0.1201674541104422,0.13209246864048607,0.032960215984578434,61.48780367915167,0.2814235076958992,2.840909090909091,2.2857142857142856,2.732824427480916,0.0
145,template_vacancy,vac,C,vac,1,1.0,template_site:index=371:site=C:neigh=1:ahead0=18.446:mode=shell,x,yz,352,221,131,14,145,2924.549631815944,21.343917965378576,500.0,0.001,55.75,0.05575,-3034.9448,-3034.9448,-3034.9448,0.0,0.0,1.0,0.05575,0.05575,0,-1,371,4,4,1.4234563643310345,43.541462574575874,4.05000000054,10.0,446.0,0.0,-2.5504014,-40.86194,43.48004391799219,0.49999999916963384,42.98004391882256,18.384922447161827,0.9158849481170851,2.3497757847533634,42.39923486273404,42.511695029142224,43.472846557301295,0.9750922702349207,0.125,17.304113391903677,17.41657355831186,18.37772508647093,0.6,10,50,0,0.0,0.22545454545454546,525,118,0.22476190476190477,0.02666666666666667,0.903448275862069,0.2937219730941704,0.11933871304761157,0.13209246864048607,0.032960215984578434,61.48780367915167,0.2814235076958992,2.840909090909091,2.2857142857142856,2.732824427480916,0.0
146,template_deposition,C,C,none,0,1.0,template_site:index=368:site=C:neigh=1:ahead0=18.446:mode=shell,x,yz,353,221,132,14,146,2935.9650326580854,11.41540084214153,500.0,0.001,55.75,0.05575,-3041.3367,-3034.9448,-3041.3367,-6.3918457,-5.680176,0.9986958082768904,0.05575,0.05575,7,352,368,3,3,1.5294226434645983,43.541462574575874,8.30999999977,10.0,446.0,0.0,-2.5647328,-41.09155,43.536036816106076,0.49999999916963384,43.036036816936445,18.440915345275712,0.9524825821447603,2.367713004484305,42.69686833566544,42.93341582211461,43.496841787426355,0.903484923979688,0.125,17.60174686483508,17.838294351284247,18.40172031659599,0.6,10,50,0,0.0,0.22745454545454546,525,119,0.22666666666666666,0.02666666666666667,0.9041095890410958,0.29596412556053814,0.12055991003311697,0.13334656715784152,0.03352713688540015,61.48780367915167,0.2862640363068165,2.8385269121813033,2.272727272727273,2.727272727272727,0.0
147,template_deposition,C,C,none,0,1.0,template_site:index=369:site=C:neigh=1:ahead0=18.446:mode=shell,x,yz,354,221,133,14,147,2941.957575690005,5.992543031919426,500.0,0.001,55.75,0.05575,-3049.5479,-3041.3367,-3049.5479,-8.211182,-7.631836,1.0,0.05575,0.05575,6,353,369,3,3,1.4293814437828645,43.541462574575874,6.890000000770001,10.0,446.0,0.0,-2.5831435,-41.38652,43.58809127881699,0.49999999916963384,43.08809127964736,18.492969807986626,0.9762757985326266,2.3856502242152464,42.7023469433592,42.93341582211461,43.51245812623963,0.9100594705733094,0.125,17.60722547252884,17.838294351284247,18.417336655409265,0.6,10,50,0,0.0,0.22945454545454547,525,120,0.22857142857142856,0.02666666666666667,0.9047619047619048,0.2982062780269058,0.11977704403080842,0.13238515392878827,0.03353757232862636,61.48780367915167,0.28635313702868237,2.8361581920903953,2.260869565217391,2.7218045112781954,0.0
148,template_deposition,C,C,none,0,1.0,template_site:index=362:site=C:neigh=1:ahead0=17.217:mode=shell,x,yz,355,221,134,14,148,2962.055237157409,20.097661467404105,500.0,0.001,55.75,0.05575,-3056.6897,-3049.5479,-3056.6897,-7.1418457,-6.73999,1.0,0.05575,0.05575,11,354,362,1,1,1.482851414449902,42.31170650099284,6.17999999904,10.0,446.0,0.0,-2.5991566,-41.64308,43.488650473269274,0.49999999916963384,42.98865047409964,18.39352900243891,0.948942912904554,2.403587443946188,42.687508281012754,42.93341582211461,43.469618531514996,0.8951116122761145,0.125,17.59238681018239,17.838294351284247,18.374497060684632,0.6,10,50,0,0.0,0.2312727272727273,525,121,0.23047619047619047,0.02666666666666667,0.9054054054054054,0.3004484304932735,0.1188674784471783,0.13128646873270441,0.03350930820987122,61.48780367915167,0.28611181010759285,2.8338028169014087,2.25,2.716417910447761,0.0
149,template_deposition,C,C,none,0,1.0,template_site:index=361:site=C:neigh=1:ahead0=17.217:mode=shell,x,yz,356,221,135,14,149,2967.844452460766,5.789215303357313,500.0,0.001,55.75,0.05575,-3069.3113,-3056.6897,-3069.3113,-12.621582,-8.964844,1.0,0.05575,0.05575,12,355,361,1,1,1.4465840848282179,42.31170650099284,4.760000000040001,10.0,446.0,0.0,-2.6274562,-42.09649,43.48390985491065,0.49999999916963384,42.98390985574102,18.388788384080286,0.9028931637881331,2.42152466367713,42.852394722361396,42.93341582211461,43.46819634600741,0.5741310442276019,0.125,17.757273251531032,17.838294351284247,18.373074875177046,0.6,10,50,0,0.0,0.23509090909090913,525,123,0.2342857142857143,0.02666666666666667,0.9060402684563759,0.30269058295964124,0.11917633054718814,0.1315353574187484,0.03382337762196387,61.48780367915167,0.2887934222563863,2.837078651685393,2.32,2.725925925925926,0.0
150,template_deposition,C,C,none,0,1.0,template_site:index=373:site=C:neigh=1:ahead0=18.446:mode=shell,x,yz,357,221,136,14,150,2971.0727368710645,3.228284410298186,500.0,0.001,55.75,0.05575,-3075.561,-3069.3113,-3075.561,-6.249756,-5.3847656,1.0,0.05575,0.05575,9,356,373,2,2,1.5615927338182587,43.541462574575874,15.409999999230001,10.0,446.0,0.0,-2.641469,-42.321,43.48390985491065,0.49999999916963384,42.98390985574102,18.388788384080286,0.9203532341966638,2.4394618834080717,43.016312035814465,43.330727895713586,43.46923180825359,0.5365524937494641,0.125,17.9211905649841,18.235606424883223,18.374110337423225,0.6,10,50,0,0.0,0.2370909090909091,525,124,0.2361904761904762,0.02666666666666667,0.9066666666666666,0.30493273542600896,0.11947460376656067,0.1317734600366478,0.03413560107616019,61.48780367915167,0.2914592731023265,2.834733893557423,2.3076923076923075,2.7205882352941178,0.0
151,template_deposition,C,C,none,0,1.0,template_site:index=372:site=C:neigh=1:ahead0=18.446:mode=shell,x,yz,358,221,137,14,151,2976.6233689305695,5.55063205950483,500.0,0.001,55.75,0.05575,-3083.5864,-3075.561,-3083.5864,-8.025391,-7.3757324,1.0,0.05575,0.05575,9,357,372,2,2,1.4391381707112316,43.541462574575874,16.83000000046,10.0,446.0,0.0,-2.6594632,-42.6093,43.58338766725459,0.49999999916963384,43.08338766808496,18.488266196424227,0.9398218083481276,2.4573991031390134,43.12383995490695,43.43515935775322,43.513753198613834,0.5408056285613976,0.125,18.028718484076585,18.340037886922858,18.41863172778347,0.6,10,50,0,0.0,0.2370909090909091,525,124,0.2361904761904762,0.02666666666666667,0.9072847682119205,0.3071748878923767,0.1193954866495138,0.13159648528523055,0.034340416160145874,61.48780367915167,0.29320804135649237,2.8324022346368714,2.2962962962962963,2.7153284671532845,0.0
152,template_deposition,C,C,none,0,1.0,template_site:index=377:site=C:neigh=3:ahead0=18.446:mode=shell,x,yz,359,221,138,14,152,2988.2238514316427,11.600482501073369,500.0,0.001,55.75,0.05575,-3090.4817,-3083.5864,-3090.4817,-6.8952637,-1.6191406,1.0,0.05575,0.05575,11,358,377,1,1,1.0791741944641933,43.541462574575874,21.08999999969,10.0,446.0,0.0,-2.6749234,-42.857,43.70531452004883,0.49999999916963384,43.2053145208792,18.610193049218466,0.9631739834784655,2.475336322869955,43.19006878220847,43.453329404664956,43.61996572309286,0.573669951838605,0.125,18.094947311378107,18.358207933834592,18.524844252262497,0.6,14,50,0,0.0,0.2410909090909091,525,126,0.24,0.02666666666666667,0.9078947368421053,0.3094170403587444,0.1190457059959086,0.13112280660418918,0.03446656630738687,61.48780367915167,0.29428514646252457,2.8412256267409473,2.4285714285714284,2.739130434782609,0.007246376811594203
153,template_deposition,C,C,none,0,1.0,template_site:index=385:site=C:neigh=1:ahead0=19.676:mode=shell,x,yz,360,221,139,14,153,2992.1218527147653,3.8980012831227415,500.0,0.001,55.75,0.05575,-3098.1726,-3090.4817,-3098.1726,-7.690918,-6.9072266,0.8611065514766385,0.05575,0.05575,9,359,385,8,8,1.413315707947569,44.77121864815891,17.539999999960003,10.0,446.0,0.0,-2.6921678,-43.133286,44.74048527620181,0.49999999916963384,44.24048527703218,19.645363805371446,0.7268301989307099,2.493273542600897,43.366674335190005,43.47268591997977,44.0177239736589,0.7768762127433511,0.125,18.27155286435964,18.377564449149403,18.92260250282854,0.6,10,50,0,0.0,0.24090909090909093,525,126,0.24,0.02666666666666667,0.9084967320261438,0.3116591928251121,0.11942191414614145,0.1314500206069039,0.03480295783687551,61.48780367915167,0.2971573510691987,2.838888888888889,2.380952380952381,2.7338129496402876,0.007194244604316547
154,template_deposition,C,C,none,0,1.0,template_site:index=384:site=C:neigh=1:ahead0=19.676:mode=shell,x,yz,361,221,140,14,154,2994.1552048403964,2.0333521256312563,500.0,0.001,55.75,0.05575,-3108.325,-3098.1726,-3108.325,-10.152344,-7.830078,0.9999999998937648,0.05575,0.05575,9,360,384,9,9,1.407838005682807,44.77121864815891,18.95999999896,10.0,446.0,0.0,-2.7149308,-43.497986,44.69275458088073,0.49999999916963384,44.1927545817111,19.597633110050367,0.7881704201521131,2.5112107623318387,43.4053821653812,43.47268591997977,44.32065588859001,0.8021715735329226,0.125,18.310260694550834,18.377564449149403,19.225534417759647,0.6,10,50,0,0.0,0.24272727272727274,525,127,0.2419047619047619,0.02666666666666667,0.9090909090909091,0.31390134529147984,0.11889779671786256,0.1307875763896488,0.03487668703723969,61.48780367915167,0.2977868715248841,2.8421052631578947,2.4761904761904763,2.742857142857143,0.014285714285714285
155,template_deposition,C,C,none,0,1.0,template_site:index=380:site=C:neigh=1:ahead0=19.676:mode=shell,x,yz,362,221,141,14,155,3020.5217293260757,26.36652448567916,500.0,0.001,55.75,0.05575,-3116.4985,-3108.325,-3116.4985,-8.173584,-6.8449707,0.9999822718808556,0.05575,0.05575,8,361,380,8,8,1.5482297309725972,44.77121864815891,1.9199999998100001,10.0,446.0,0.0,-2.7332573,-43.79161,44.69645930249333,0.49999999916963384,44.1964593033237,19.601337831662967,0.8462363327344212,2.5291479820627805,43.56494346787795,43.53801919159139,44.69386599736451,0.9086364728898702,0.125,18.46982199704759,18.442897720761025,19.598744526534148,0.6,13,50,0,0.0,0.2463636363636364,525,129,0.24571428571428572,0.02666666666666667,0.9096774193548387,0.31614349775784756,0.11916014191643606,0.13099164536913183,0.03518061332770969,61.48780367915167,0.3003818788751118,2.839779005524862,2.4545454545454546,2.7375886524822697,0.014184397163120567
156,template_vacancy,vac,C,vac,1,1.0,template_site:index=381:site=C:neigh=2:ahead0=19.676:mode=shell,x,yz,362,221,141,15,156,3038.8120963883225,18.2903670622469,500.0,0.001,55.75,0.05575,-3116.4985,-3116.4985,-3116.4985,0.0,0.0,0.9999999999996103,0.05575,0.05575,0,-1,381,7,7,1.5052617357617892,44.77121864815891,0.5000000008100001,10.0,446.0,0.0,-2.7332573,-43.79161,44.69645930249333,0.49999999916963384,44.1964593033237,19.601337831662967,0.8462363327344212,2.5291479820627805,43.56494346787795,43.53801919159139,44.69386599736451,0.9086364728898702,0.125,18.46982199704759,18.442897720761025,19.598744526534148,0.6,13,50,0,0.0,0.2463636363636364,525,129,0.24571428571428572,0.02857142857142857,0.9038461538461539,0.31614349775784756,0.11839629485286916,0.13099164536913183,0.03518061332770969,61.48780367915167,0.3003818788751118,2.839779005524862,2.4545454545454546,2.7375886524822697,0.014184397163120567
157,template_deposition,C,C,none,0,1.0,template_site:index=379:site=C:neigh=1:ahead0=19.676:mode=shell,x,yz,363,221,142,15,157,3049.2596636803646,10.447567292042189,500.0,0.001,55.75,0.05575,-3123.332,-3116.4985,-3123.332,-6.833496,-6.3513184,0.997963391096145,0.05575,0.05575,9,362,379,6,6,1.5270855113817425,44.77121864815891,9.01999999927,10.0,446.0,0.0,-2.748579,-44.03709,44.72224024100368,0.49999999916963384,44.22224024183405,19.62711877017332,0.8891545915509543,2.5470852017937218,43.87087658123643,43.87665677436877,44.704193584046436,0.8458321568957745,0.125,18.775755110406067,18.781535303538405,19.609072113216072,0.6,13,50,0,0.0,0.2481818181818182,525,130,0.24761904761904763,0.02857142857142857,0.9044585987261147,0.3183856502242152,0.1195907968815673,0.1322236275380709,0.035763343067440126,61.48780367915167,0.30535738775740756,2.837465564738292,2.4347826086956523,2.732394366197183,0.014084507042253521
158,template_deposition,C,C,none,0,1.0,template_site:index=378:site=C:neigh=2:ahead0=19.676:mode=shell,x,yz,364,221,143,15,158,3056.1598650789524,6.900201398588008,500.0,0.001,55.75,0.05575,-3134.3027,-3123.332,-3134.3027,-10.970703,-10.3828125,1.0,0.05575,0.05575,10,363,378,5,5,1.4148718723656257,44.77121864815891,10.440000000500001,10.0,446.0,0.0,-2.773177,-44.431194,44.72274981713987,0.49999999916963384,44.22274981797024,19.627628346309507,0.9233145137423002,2.5650224215246635,43.88124974216907,43.87665677436877,44.70434645688729,0.8415231025577772,0.125,18.786128271338704,18.781535303538405,19.60922498605693,0.6,13,50,0,0.0,0.25,525,131,0.24952380952380954,0.02857142857142857,0.9050632911392406,0.32062780269058294,0.11889954602113104,0.13137152637299793,0.03578310146921658,61.48780367915167,0.3055260904970072,2.840659340659341,2.5,2.7412587412587412,0.013986013986013986
159,template_deposition,C,C,none,0,1.0,template_site:index=386:site=C:neigh=1:ahead0=19.676:mode=shell,x,yz,365,221,144,15,159,3060.2141388153436,4.054273736391147,500.0,0.001,55.75,0.05575,-3141.7932,-3134.3027,-3141.7932,-7.4904785,-6.734375,0.999999999999982,0.05575,0.05575,10,364,386,4,4,1.5914994073667386,44.77121864815891,13.28000000073,10.0,446.0,0.0,-2.7899718,-44.70028,44.70265756752929,0.49999999916963384,44.20265756835966,19.60753609669893,0.9463307852873717,2.5829596412556053,44.018856092737735,44.41053344602346,44.69831878200412,0.8640954979727095,0.125,18.92373462190737,19.315411975193093,19.60319731117376,0.6,13,50,0,0.0,0.25181818181818183,525,132,0.25142857142857145,0.02857142857142857,0.9056603773584906,0.32286995515695066,0.11901719887992057,0.13141482376324565,0.036045208803633086,61.48780367915167,0.30776403594854274,2.8383561643835615,2.48,2.736111111111111,0.013888888888888888
160,template_deposition,C,C,none,0,1.0,template_site:index=387:site=C:neigh=2:ahead0=19.676:mode=shell,x,yz,366,221,145,15,160,3071.4269660309938,11.2128272156501,500.0,0.001,55.75,0.05575,-3152.0378,-3141.7932,-3152.0378,-10.244629,-9.065186,1.0,0.05575,0.05575,10,365,387,3,3,1.445393236919318,44.77121864815891,14.69999999973,10.0,446.0,0.0,-2.8129418,-45.0683,44.70265756752929,0.49999999916963384,44.20265756835966,19.60753609669893,0.9664997019202313,2.600896860986547,44.081584810412565,44.65952515217528,44.69841790724181,0.889884465240408,0.125,18.9864633395822,19.564403681344913,19.603296436411448,0.6,13,50,0,0.0,0.25363636363636366,525,133,0.25333333333333335,0.02857142857142857,0.90625,0.3251121076233184,0.11866539587238875,0.13094112647987724,0.03616469207539467,61.48780367915167,0.30878421741415746,2.841530054644809,2.5384615384615383,2.7448275862068967,0.013793103448275862
161,template_deposition,C,C,none,0,1.0,template_site:index=388:site=C:neigh=1:ahead0=19.676:mode=shell,x,yz,367,221,146,15,161,3076.905972935159,5.479006904165169,500.0,0.001,55.75,0.05575,-3159.0571,-3152.0378,-3159.0571,-7.019287,-5.3271484,0.9949666763948826,0.05575,0.05575,10,366,388,2,2,1.2182833604477823,44.77121864815891,21.79999999919,10.0,446.0,0.0,-2.82868,-45.32045,44.87692418545355,0.49999999916963384,44.376924186283915,19.781802714623183,0.9926683230153295,2.618834080717489,44.23819044075161,44.66144831672278,44.77556001562494,0.9013186101406168,0.125,19.143068969921245,19.56632684589242,19.680438544794576,0.6,13,50,0,0.0,0.2554545454545455,525,134,0.25523809523809526,0.02857142857142857,0.906832298136646,0.3273542600896861,0.11890104950261643,0.13111691075288523,0.03646298851413571,61.48780367915167,0.3113311555216922,2.8337874659400546,2.4444444444444446,2.7260273972602738,0.00684931506849315
162,template_deposition,C,C,none,0,1.0,template_site:index=383:site=C:neigh=1:ahead0=19.676:mode=shell,x,yz,368,221,147,15,162,3100.6893123020327,23.78333936687394,500.0,0.001,55.75,0.05575,-3165.2156,-3159.0571,-3165.2156,-6.1584473,-5.098633,1.0,0.05575,0.05575,8,367,383,1,1,1.6439011011450264,44.77121864815891,6.17999999904,10.0,446.0,0.0,-2.8424883,-45.541683,44.87692418545355,0.49999999916963384,44.376924186283915,19.781802714623183,0.9992620120446615,2.6367713004484306,44.374432241950494,44.682668824188596,44.77556001562494,0.873016568568698,0.125,19.27931077112013,19.587547353358232,19.680438544794576,0.6,13,50,0,0.0,0.2572727272727273,525,135,0.2571428571428571,0.02857142857142857,0.9074074074074074,0.3295964125560538,0.11900809117975389,0.13115177395319816,0.03672249670689549,61.48780367915167,0.31354690877757047,2.8315217391304346,2.4285714285714284,2.7210884353741496,0.006802721088435374
163,template_deposition,C,C,none,0,1.0,template_site:index=382:site=C:neigh=1:ahead0=19.676:mode=shell,x,yz,369,221,148,15,163,3106.0944558505576,5.4051435485246975,500.0,0.001,55.75,0.05575,-3173.338,-3165.2156,-3173.338,-8.122314,-7.359375,1.0,0.05575,0.05575,10,368,382,1,1,1.4447301238269321,44.77121864815891,4.760000000040001,10.0,446.0,0.0,-2.8606997,-45.83346,44.87692418545355,0.49999999916963384,44.376924186283915,19.781802714623183,1.0155252051949133,2.6547085201793723,44.72221052966822,44.69573729058686,44.84101754050816,0.08679211515844963,0.125,19.627089058837853,19.6006158197565,19.745896069677798,0.6,15,50,0,0.0,0.25909090909090915,525,136,0.259047619047619,0.02857142857142857,0.9079754601226994,0.33183856502242154,0.12041158931802363,0.13261546661376927,0.03738493154064353,61.48780367915167,0.31920296196061243,2.8292682926829267,2.413793103448276,2.7162162162162162,0.006756756756756757
164,template_deposition,C,C,none,0,1.0,template_site:index=398:site=C:neigh=1:ahead0=20.906:mode=shell,x,yz,370,221,149,15,164,3123.329765766288,17.23530991573013,500.0,0.001,55.75,0.05575,-3181.8093,-3173.338,-3181.8093,-8.471436,-7.974121,0.9999853343374072,0.05575,0.05575,9,369,398,10,10,1.3782066514603402,46.00097472174194,21.08999999969,10.0,446.0,0.0,-2.879694,-46.137787,45.95861043146885,0.49999999916963384,45.45861043229922,20.863488960638485,0.6850555205542517,2.672645739910314,44.86549516629192,44.69573729058686,45.16552341431275,0.4176079715062422,0.125,19.770373695461558,19.6006158197565,20.070401943482388,0.6,15,50,0,0.0,0.2610909090909091,525,137,0.26095238095238094,0.02857142857142857,0.9085365853658537,0.33408071748878926,0.12055105911866804,0.1326870717816212,0.037657854658022016,61.48780367915167,0.3215332555806509,2.827027027027027,2.25,2.7114093959731544,0.006711409395973154
165,template_deposition,C,C,none,0,1.0,template_site:index=397:site=C:neigh=2:ahead0=20.906:mode=shell,x,yz,371,221,150,15,165,3128.088643862082,4.758878095794013,500.0,0.001,55.75,0.05575,-3191.938,-3181.8093,-3191.938,-10.128662,-9.639648,1.0,0.05575,0.05575,9,370,397,9,9,1.4080780978213607,46.00097472174194,19.67000000069,10.0,446.0,0.0,-2.902404,-46.50164,45.99285246440857,0.49999999916963384,45.49285246523894,20.897730993578207,0.7596717756825591,2.690582959641256,44.87914005100935,44.72323728830706,45.17579602419467,0.4252615031963688,0.125,19.784018580178987,19.628115817476697,20.080674553364304,0.6,15,50,0,0.0,0.2630909090909091,525,138,0.26285714285714284,0.02857142857142857,0.9090909090909091,0.336322869955157,0.11990314291017568,0.13189345720119325,0.03768384491462664,61.48780367915167,0.32175516763313905,2.830188679245283,2.3333333333333335,2.72,0.006666666666666667
166,template_deposition,C,C,none,0,1.0,template_site:index=392:site=C:neigh=1:ahead0=20.906:mode=shell,x,yz,372,221,151,15,166,3173.969200415866,45.8805565537839,500.0,0.001,55.75,0.05575,-3202.368,-3191.938,-3202.368,-10.429932,-7.4902344,0.9751986223253422,0.05575,0.05575,7,371,392,8,8,1.405185913756625,46.00097472174194,4.05000000054,10.0,446.0,0.0,-2.9257894,-46.876316,45.99285246440857,0.49999999916963384,45.49285246523894,20.897730993578207,0.8127173295691045,2.708520179372197,45.013214411020286,44.72323728830706,45.840180979120525,0.51833134025308,0.125,19.918092940189922,19.628115817476697,20.74505950829016,0.6,15,50,0,0.0,0.2650909090909091,525,139,0.26476190476190475,0.02857142857142857,0.9096385542168675,0.33856502242152464,0.1199885116878911,0.13190790026615842,0.0379392246479808,61.48780367915167,0.3239356709523102,2.8333333333333335,2.409090909090909,2.728476821192053,0.006622516556291391
167,template_deposition,C,C,none,0,1.0,template_site:index=395:site=C:neigh=1:ahead0=20.906:mode=shell,x,yz,373,221,152,15,167,3179.2923729972345,5.32317258136835,500.0,0.001,55.75,0.05575,-3209.0906,-3202.368,-3209.0906,-6.7226562,-6.17041,0.9855169290124625,0.05575,0.05575,9,372,395,6,6,1.5213056745046023,46.00097472174194,11.15,10.0,446.0,0.0,-2.9408627,-47.117817,45.99285246440857,0.49999999916963384,45.49285246523894,20.897730993578207,0.8569719251373207,2.726457399103139,45.18911557134115,44.876005863923055,45.97162074361566,0.571450360089617,0.125,20.093994100510784,19.78088439309269,20.876499272785296,0.6,15,50,0,0.0,0.2670909090909091,525,140,0.26666666666666666,0.02857142857142857,0.9101796407185628,0.34080717488789236,0.12032331796713044,0.13219732960862357,0.038274274477163396,61.48780367915167,0.32679641974793683,2.831099195710456,2.391304347826087,2.723684210526316,0.006578947368421052
168,template_deposition,C,C,none,0,1.0,template_site:index=396:site=C:neigh=2:ahead0=20.906:mode=shell,x,yz,374,221,153,15,168,3257.937980292122,78.64560729488767,500.0,0.001,55.75,0.05575,-3220.0593,-3209.0906,-3220.0593,-10.96875,-10.253174,1.0,0.05575,0.05575,10,373,396,5,5,1.395655131473825,46.00097472174194,12.569999999,10.0,446.0,0.0,-2.9654562,-47.51185,45.99285246440857,0.49999999916963384,45.49285246523894,20.897730993578207,0.885774543220381,2.7443946188340806,45.188068684727284,44.88695691430078,45.95515413704924,0.5662299239968132,0.125,20.09294721389692,19.79183544347042,20.860032666218878,0.6,15,50,0,0.0,0.26909090909090916,525,141,0.26857142857142857,0.02857142857142857,0.9107142857142857,0.3430493273542601,0.11960087627319596,0.13132645237841126,0.038272280407422705,61.48780367915167,0.32677939382488835,2.834224598930481,2.4583333333333335,2.7320261437908497,0.006535947712418301
169,template_vacancy,vac,C,vac,1,1.0,template_site:index=394:site=C:neigh=1:ahead0=20.906:mode=shell,x,yz,374,221,153,16,169,3265.0679280817617,7.1299477896396,500.0,0.001,55.75,0.05575,-3220.0593,-3220.0593,-3220.0593,0.0,0.0,0.11565962513527968,0.05575,0.05575,0,-1,394,4,4,1.5407517289629429,46.00097472174194,15.409999999230001,10.0,446.0,0.0,-2.9654562,-47.51185,45.99285246440857,0.49999999916963384,45.49285246523894,20.897730993578207,0.885774543220381,2.7443946188340806,45.188068684727284,44.88695691430078,45.95515413704924,0.5662299239968132,0.125,20.09294721389692,19.79183544347042,20.860032666218878,0.6,15,50,0,0.0,0.26909090909090916,525,141,0.26857142857142857,0.030476190476190476,0.9053254437869822,0.3430493273542601,0.11889317878045515,0.13132645237841126,0.038272280407422705,61.48780367915167,0.32677939382488835,2.834224598930481,2.4583333333333335,2.7320261437908497,0.006535947712418301
170,template_deposition,C,C,none,0,1.0,template_site:index=389:site=C:neigh=1:ahead0=20.906:mode=shell,x,yz,375,221,154,16,170,3287.219055162444,22.151127080682397,500.0,0.001,55.75,0.05575,-3227.6055,-3220.0593,-3227.6055,-7.5461426,-6.817627,1.0,0.05575,0.05575,10,374,389,3,3,1.509955987931579,46.00097472174194,8.30999999977,10.0,446.0,0.0,-2.9823759,-47.78293,45.99285246440857,0.49999999916963384,45.49285246523894,20.897730993578207,0.9079337920494448,2.7623318385650224,45.35743177877724,45.38314393374419,45.97217934969458,0.5643921042052127,0.125,20.262310307946876,20.28802246291383,20.877057878864214,0.6,15,50,0,0.0,0.2710909090909091,525,142,0.2704761904761905,0.030476190476190476,0.9058823529411765,0.3452914798206278,0.11919006063498162,0.1315734435580966,0.03859487677704167,61.48780367915167,0.3295338115128855,2.832,2.44,2.727272727272727,0.006493506493506494
171,template_deposition,C,C,none,0,1.0,template_site:index=390:site=C:neigh=2:ahead0=20.906:mode=shell,x,yz,376,221,155,16,171,3300.902321721248,13.683266558804158,500.0,0.001,55.75,0.05575,-3238.9648,-3227.6055,-3238.9648,-11.359375,-9.523926,1.0,0.05575,0.05575,10,375,390,2,2,1.4188717631219492,46.00097472174194,6.890000000770001,10.0,446.0,0.0,-3.0078454,-48.190998,45.99285246440857,0.49999999916963384,45.49285246523894,20.897730993578207,0.9137443845921639,2.780269058295964,45.32721510256745,45.27934294097038,45.95031683639549,0.5451339708744435,0.125,20.232093631737087,20.184221470140017,20.855195365565123,0.6,15,50,0,0.0,0.2710909090909091,525,142,0.2704761904761905,0.030476190476190476,0.9064327485380117,0.3475336322869955,0.11831633702770226,0.13052963633378767,0.03853732120330874,61.48780367915167,0.3290423859877934,2.8351063829787235,2.5,2.735483870967742,0.0064516129032258064
172,template_deposition,C,C,none,0,1.0,template_site:index=393:site=C:neigh=1:ahead0=20.906:mode=shell,x,yz,377,221,156,16,172,3329.8385515230834,28.93622980183562,500.0,0.001,55.75,0.05575,-3245.3208,-3238.9648,-3245.3208,-6.355957,-5.071045,1.0,0.05575,0.05575,9,376,393,1,1,1.660245458962109,46.00097472174194,16.83000000046,10.0,446.0,0.0,-3.0220964,-48.419323,46.00169390917334,0.49999999916963384,45.50169391000371,20.906572438342977,0.9188075436129185,2.798206278026906,45.45957464630379,45.674605197421855,45.95296926982492,0.5123948882139804,0.125,20.36445317547343,20.57948372659149,20.857847798994555,0.6,15,50,0,0.0,0.2730909090909091,525,143,0.2723809523809524,0.030476190476190476,0.9069767441860465,0.34977578475336324,0.11839798357833389,0.13054136650944506,0.03878943461994939,61.48780367915167,0.33119500058477924,2.8381962864721486,2.5555555555555554,2.7435897435897436,0.00641025641025641
173,template_deposition,C,C,none,0,1.0,template_site:index=405:site=C:neigh=1:ahead0=22.136:mode=shell,x,yz,378,221,157,16,173,3402.3999831350534,72.56143161197015,500.0,0.001,55.75,0.05575,-3252.5676,-3245.3208,-3252.5676,-7.246826,-6.460205,0.9940135987061746,0.05575,0.05575,9,377,405,7,7,1.4805015290802177,47.23073079532497,18.95999999896,10.0,446.0,0.0,-3.0383449,-48.679653,47.21954217419675,0.49999999916963384,46.719542175027115,22.124420703366383,0.6670595059273883,2.8161434977578477,45.7738875553327,45.82083296313387,46.41569416321168,0.6977276606522441,0.125,20.678766084502335,20.725711492303503,21.32057269238132,0.6,15,50,0,0.0,0.27490909090909094,525,144,0.2742857142857143,0.030476190476190476,0.9075144508670521,0.35201793721973096,0.11953043979481119,0.1317118858885499,0.03938812587524254,61.48780367915167,0.3363067933342653,2.835978835978836,2.3157894736842106,2.738853503184713,0.006369426751592357
174,template_deposition,C,C,none,0,1.0,template_site:index=406:site=C:neigh=2:ahead0=22.136:mode=shell,x,yz,379,221,158,16,174,3402.9813529599937,0.5813698249404095,500.0,0.001,55.75,0.05575,-3262.525,-3252.5676,-3262.525,-9.957275,-9.329346,1.0,0.05575,0.05575,9,378,406,6,6,1.4190398054786941,47.23073079532497,17.539999999960003,10.0,446.0,0.0,-3.0606706,-49.03735,47.182536348145334,0.49999999916963384,46.6825363489757,22.08741487731497,0.7469836944659605,2.8340807174887894,45.64628124384224,45.74410404876309,46.43470138332824,0.7786193595829257,0.125,20.551159773011875,20.648982577932728,21.339579912497875,0.6,15,50,0,0.0,0.2767272727272727,525,145,0.2761904761904762,0.030476190476190476,0.9080459770114943,0.3542600896860987,0.11811011363799928,0.1300706314747587,0.039145066234308336,61.48780367915167,0.3342314823968911,2.8390501319261214,2.4,2.7468354430379747,0.006329113924050633
175,template_deposition,C,C,none,0,1.0,template_site:index=400:site=C:neigh=1:ahead0=22.136:mode=shell,x,yz,380,221,159,16,175,3430.9889438435825,28.00759088358877,500.0,0.001,55.75,0.05575,-3269.207,-3262.525,-3269.207,-6.682129,-6.2385254,0.9871930970153603,0.05575,0.05575,9,379,400,5,5,1.5168625053824916,47.23073079532497,9.01999999927,10.0,446.0,0.0,-3.0756528,-49.277393,47.19917218503762,0.49999999916963384,46.69917218586799,22.104050714207254,0.8204703784777495,2.8520179372197307,45.96091752454304,45.9694981942705,47.18752709921302,0.8479509724853124,0.125,20.86579605371268,20.874376723440136,22.092405628382657,0.6,15,50,0,0.0,0.2785454545454546,525,146,0.2780952380952381,0.030476190476190476,0.9085714285714286,0.35650224215246634,0.11923312030692959,0.13123142172146338,0.039744373435643195,61.48780367915167,0.33934853426530065,2.836842105263158,2.380952380952381,2.742138364779874,0.006289308176100629
176,template_deposition,C,C,none,0,1.0,template_site:index=399:site=C:neigh=2:ahead0=22.136:mode=shell,x,yz,381,221,160,16,176,3440.7143577829333,9.725413939351006,500.0,0.001,55.75,0.05575,-3280.1475,-3269.207,-3280.1475,-10.94043,-10.446289,1.0,0.05575,0.05575,10,380,399,4,4,1.383688578484135,47.23073079532497,10.440000000500001,10.0,446.0,0.0,-3.100183,-49.67041,47.18763233519797,0.49999999916963384,46.68763233602834,22.092510864367604,0.8708731030896802,2.8699551569506725,45.95934631301442,45.96898327307582,47.184065144261126,0.8463036727528879,0.125,20.864224842184058,20.873861802245457,22.088943673430762,0.6,15,50,0,0.0,0.28036363636363637,525,147,0.28,0.030476190476190476,0.9090909090909091,0.35874439461883406,0.11854673205786397,0.13040140526365035,0.03974138065177916,61.48780367915167,0.33932298104279784,2.8398950131233596,2.4545454545454546,2.75,0.00625
177,template_deposition,C,C,none,0,1.0,template_site:index=404:site=C:neigh=1:ahead0=22.136:mode=shell,x,yz,382,221,161,16,177,3441.582750282726,0.8683924997927541,500.0,0.001,55.75,0.05575,-3287.4883,-3280.1475,-3287.4883,-7.3408203,-6.9123535,0.7479905065255728,0.05575,0.05575,9,381,404,3,3,1.4823297735452028,47.23073079532497,6.17999999904,10.0,446.0,0.0,-3.1166422,-49.934116,47.20772272662522,0.49999999916963384,46.70772272745559,22.112601255794857,0.9084615157537337,2.8878923766816142,46.09611178214264,46.00883752063197,47.19365945262614,0.9487693735140486,0.125,21.00099031131228,20.913716049801607,22.09853798179578,0.6,15,50,0,0.0,0.2821818181818182,525,148,0.2819047619047619,0.030476190476190476,0.9096045197740112,0.3609865470852018,0.11864966277577559,0.13044093361063527,0.04000188630726148,61.48780367915167,0.34154725091332166,2.837696335078534,2.4347826086956523,2.7453416149068324,0.006211180124223602
178,template_deposition,C,C,none,0,1.0,template_site:index=403:site=C:neigh=1:ahead0=22.136:mode=shell,x,yz,383,221,162,16,178,3453.704896305434,12.122146022708083,500.0,0.001,55.75,0.05575,-3295.8586,-3287.4883,-3295.8586,-8.370361,-7.8518066,0.9999999998644575,0.05575,0.05575,8,382,403,3,3,1.4043367727056792,47.23073079532497,4.760000000040001,10.0,446.0,0.0,-3.1354098,-50.234806,47.21958484076558,0.49999999916963384,46.719584841595946,22.124463369935214,0.9365877855150762,2.905829596412556,46.303690800938995,46.64403997189774,47.19721808686825,0.9847716952901677,0.125,21.20856933010863,21.548918501067376,22.102096616037883,0.6,13,50,0,0.0,0.2821818181818182,525,148,0.2819047619047619,0.030476190476190476,0.9101123595505618,0.3632286995515695,0.11914926589948668,0.13091709463030018,0.04039727491449263,61.48780367915167,0.34492318900796426,2.8407310704960835,2.5,2.753086419753086,0.006172839506172839
179,template_deposition,C,C,none,0,1.0,template_site:index=407:site=C:neigh=1:ahead0=22.136:mode=shell,x,yz,384,221,163,16,179,3479.959216063243,26.254319757808783,500.0,0.001,55.75,0.05575,-3303.1938,-3295.8586,-3303.1938,-7.335205,-6.8703613,0.9999999999998894,0.05575,0.05575,9,383,407,2,2,1.543179658567931,47.23073079532497,13.28000000073,10.0,446.0,0.0,-3.1518567,-50.49831,47.21958484076558,0.49999999916963384,46.719584841595946,22.124463369935214,0.9572897273390166,2.9237668161434978,46.459908059419185,47.17030587928862,47.193650895931405,1.0078232405339071,0.125,21.36478658858882,22.075184408458256,22.09852942510104,0.6,13,50,0,0.0,0.28400000000000003,525,149,0.2838095238095238,0.030476190476190476,0.9106145251396648,0.3654708520179372,0.11935634965692078,0.1310723103594406,0.04069483159731204,61.48780367915167,0.34746381087332384,2.8385416666666665,2.48,2.7484662576687118,0.006134969325153374
180,template_deposition,C,C,none,0,1.0,template_site:index=408:site=C:neigh=1:ahead0=22.136:mode=shell,x,yz,385,221,164,16,180,3546.246666569361,66.2874505061182,500.0,0.001,55.75,0.05575,-3311.6885,-3303.1938,-3311.6885,-8.494629,-7.773926,1.0,0.05575,0.05575,11,384,408,2,2,1.4529967019479113,47.23073079532497,14.69999999973,10.0,446.0,0.0,-3.1709027,-50.803463,47.24054153306037,0.49999999916963384,46.74054153389074,22.14542006223001,0.9683523546376501,2.9417040358744395,46.76955792066403,47.17030587928862,47.22587184845401,0.7707431935245683,0.125,21.674436449833664,22.075184408458256,22.13075037762365,0.6,13,50,0,0.0,0.2858181818181818,525,150,0.2857142857142857,0.030476190476190476,0.9111111111111111,0.36771300448430494,0.12041353583240924,0.1321611978648394,0.041284640856826024,61.48780367915167,0.35249976666807986,2.8363636363636364,2.4615384615384617,2.7439024390243905,0.006097560975609756
181,template_vacancy,vac,C,vac,1,1.0,template_site:index=409:site=C:neigh=1:ahead0=22.136:mode=shell,x,yz,385,221,164,17,181,3560.5393941971834,14.292727627822302,500.0,0.001,55.75,0.05575,-3311.6885,-3311.6885,-3311.6885,0.0,0.0,1.0,0.05575,0.05575,0,-1,409,1,1,1.4784138056358607,47.23073079532497,21.79999999919,10.0,446.0,0.0,-3.1709027,-50.803463,47.24054153306037,0.49999999916963384,46.74054153389074,22.14542006223001,0.9683523546376501,2.9417040358744395,46.76955792066403,47.17030587928862,47.22587184845401,0.7707431935245683,0.125,21.674436449833664,22.075184408458256,22.13075037762365,0.6,13,50,0,0.0,0.2858181818181818,525,150,0.2857142857142857,0.03238095238095238,0.9060773480662984,0.36771300448430494,0.11974826767863903,0.1321611978648394,0.041284640856826024,61.48780367915167,0.35249976666807986,2.8363636363636364,2.4615384615384617,2.7439024390243905,0.006097560975609756
182,template_deposition,C,C,none,0,1.0,template_site:index=415:site=C:neigh=1:ahead0=23.365:mode=shell,x,yz,386,221,165,17,182,3579.6825239142668,19.143129717083383,500.0,0.001,55.75,0.05575,-3319.5034,-3311.6885,-3319.5034,-7.8149414,-7.2321777,0.9999999867773697,0.05575,0.05575,8,385,415,8,8,1.4333370600400115,48.460486868908006,15.409999999230001,10.0,446.0,0.0,-3.188425,-51.0842,48.383841874165874,0.49999999916963384,47.88384187499624,23.28872040333551,0.7630709797642142,2.9596412556053813,46.90596108348325,47.17030587928862,47.56886195078567,0.9323849009049596,0.125,21.810839612652885,22.075184408458256,22.473740479955303,0.6,13,50,0,0.0,0.2878181818181818,525,151,0.2876190476190476,0.03238095238095238,0.9065934065934066,0.36995515695067266,0.11983977809149937,0.13218690674335082,0.041544456405053116,61.48780367915167,0.3547181442105756,2.8341968911917097,2.2941176470588234,2.7393939393939393,0.006060606060606061
183,template_deposition,C,C,none,0,1.0,template_site:index=414:site=C:neigh=2:ahead0=23.365:mode=shell,x,yz,387,221,166,17,183,3693.639049035492,113.95652512122538,500.0,0.001,55.75,0.05575,-3330.6184,-3319.5034,-3330.6184,-11.11499,-9.836426,1.0,0.05575,0.05575,9,386,414,7,7,1.3753740222738542,48.460486868908006,16.83000000046,10.0,446.0,0.0,-3.2133467,-51.48349,48.32385860222079,0.49999999916963384,47.82385860305116,23.228737131390425,0.8729670887268492,2.977578475336323,47.033794052878505,47.17030587928862,48.317571517451135,1.0348582801376327,0.125,21.93867258204814,22.075184408458256,23.22245004662077,0.6,13,50,0,0.0,0.28981818181818186,525,152,0.2895238095238095,0.03238095238095238,0.907103825136612,0.3721973094170404,0.1198834567325035,0.1321606782051093,0.04178794777532979,61.48780367915167,0.3567971413733675,2.8372093023255816,2.4210526315789473,2.746987951807229,0.006024096385542169
184,template_deposition,C,C,none,0,1.0,template_site:index=418:site=C:neigh=1:ahead0=23.365:mode=shell,x,yz,388,221,167,17,184,3731.6645025293074,38.02545349381513,500.0,0.001,55.75,0.05575,-3337.9292,-3330.6184,-3337.9292,-7.310791,-6.7790527,0.9995181547342514,0.05575,0.05575,8,387,418,6,6,1.5349214781470002,48.460486868908006,19.67000000069,10.0,446.0,0.0,-3.2297385,-51.746117,48.41993613634978,0.49999999916963384,47.91993613718015,23.32481466551942,0.8980863979472143,2.995515695067265,47.319499330082905,47.19673205022008,48.34639477768983,1.0541626979975411,0.125,22.22437785925254,22.101610579389714,23.251273306859467,0.6,13,50,0,0.0,0.2918181818181818,525,153,0.2914285714285714,0.03238095238095238,0.907608695652174,0.3744394618834081,0.12078466227854642,0.133080106941632,0.042332148303338174,61.48780367915167,0.3614436771106859,2.8350515463917527,2.3684210526315788,2.7425149700598803,0.005988023952095809
185,template_deposition,C,C,none,0,1.0,template_site:index=419:site=C:neigh=1:ahead0=23.365:mode=shell,x,yz,389,221,168,17,185,3733.5231824059993,1.8586798766920967,500.0,0.001,55.75,0.05575,-3346.065,-3337.9292,-3346.065,-8.135742,-7.6416016,0.9999999999990195,0.05575,0.05575,7,388,419,6,6,1.4552352181234813,48.460486868908006,21.08999999969,10.0,446.0,0.0,-3.24798,-52.03838,48.47551049218133,0.49999999916963384,47.9755104930117,23.380389021350965,0.9027643794296388,3.013452914798206,47.32644612456185,47.19673205022008,48.363067084439294,1.0615487818204987,0.125,22.231324653731484,22.101610579389714,23.26794561360893,0.6,13,50,0,0.0,0.2938181818181818,525,154,0.29333333333333333,0.03238095238095238,0.9081081081081082,0.37668161434977576,0.12016932245260262,0.13232931341506834,0.04234538029282187,61.48780367915167,0.3615566555236927,2.832904884318766,2.3684210526315788,2.738095238095238,0.005952380952380952
186,template_deposition,C,C,none,0,1.0,template_site:index=413:site=C:neigh=1:ahead0=23.365:mode=shell,x,yz,390,221,169,17,186,3750.28016402454,16.756981618540976,500.0,0.001,55.75,0.05575,-3353.2217,-3346.065,-3353.2217,-7.1567383,-6.4467773,0.9931459282380584,0.05575,0.05575,7,389,413,5,5,1.4977273728784275,48.460486868908006,4.05000000054,10.0,446.0,0.0,-3.2640266,-52.295475,48.47551049218133,0.49999999916963384,47.9755104930117,23.380389021350965,0.9629989372224314,3.031390134529148,47.474553277840464,47.77720096029421,48.368401449625956,1.1084533090786068,0.125,22.3794318070101,22.682079489463845,23.273279978795593,0.6,13,50,0,0.0,0.2958181818181818,525,155,0.29523809523809524,0.03238095238095238,0.9086021505376344,0.3789237668161435,0.12031952584414032,0.13242267341426095,0.042627489156209716,61.48780367915167,0.36396537960255965,2.830769230769231,2.380952380952381,2.7337278106508878,0.005917159763313609
187,template_deposition,C,C,none,0,1.0,template_site:index=391:site=C:neigh=2:ahead0=20.906:mode=shell,x,yz,391,221,170,17,187,3768.570439215257,18.290275190716844,500.0,0.001,55.75,0.05575,-3359.9207,-3353.2217,-3359.9207,-6.6989746,1.4638672,1.0,0.05575,0.05575,12,390,391,1,1,1.0177565212149884,46.00097472174194,2.62999999931,10.0,446.0,0.0,-3.2790468,-52.53612,48.47551049218133,0.49999999916963384,47.9755104930117,23.380389021350965,0.9494959610897882,3.0493273542600896,47.633335665452364,47.782373075154396,48.363067084439294,0.7705809068351511,0.125,22.538214194622,22.687251604324032,23.26794561360893,0.6,13,50,0,0.0,0.2978181818181818,525,156,0.29714285714285715,0.03238095238095238,0.9090909090909091,0.3811659192825112,0.12052520959690909,0.1325777305566,0.04292993179928,61.48780367915167,0.36654771915790363,2.833759590792839,2.3636363636363638,2.7411764705882353,0.0058823529411764705
188,template_deposition,C,C,none,0,1.0,template_site:index=401:site=C:neigh=1:ahead0=22.136:mode=shell,x,yz,392,221,171,17,188,3822.937873463581,54.36743424832417,500.0,0.001,55.75,0.05575,-3367.3237,-3359.9207,-3367.3237,-7.403076,-6.0334473,1.0,0.05575,0.05575,11,391,401,1,1,1.140558479450968,47.23073079532497,1.9199999998100001,10.0,446.0,0.0,-3.2956455,-52.802063,48.4942547921307,0.49999999916963384,47.994254792961065,23.399133321300333,0.9286170935210873,3.0672645739910314,47.77316446958919,47.81542195035506,48.368690374424105,0.5764508750006373,0.125,22.678042998758826,22.720300479524695,23.27356890359374,0.6,13,50,0,0.0,0.29963636363636365,525,157,0.29904761904761906,0.03238095238095238,0.9095744680851063,0.3834080717488789,0.12062788829127036,0.13262013449566565,0.04319627237858824,61.48780367915167,0.36882180923382285,2.8316326530612246,2.347826086956522,2.736842105263158,0.005847953216374269
189,template_deposition,C,C,none,0,1.0,template_site:index=402:site=C:neigh=1:ahead0=22.136:mode=shell,x,yz,393,221,172,17,189,3845.414678021392,22.476804557810766,500.0,0.001,55.75,0.05575,-3379.6746,-3367.3237,-3379.6746,-12.35083,-7.838379,1.0,0.05575,0.05575,13,392,402,1,1,1.4199635838821054,47.23073079532497,0.5000000008100001,10.0,446.0,0.0,-3.323338,-53.245747,48.51788439010974,0.49999999916963384,48.01788439094011,23.42276291927938,0.8919542784313914,3.085201793721973,47.76909741885274,47.78733894841973,48.37577925381782,0.568548001447806,0.125,22.673975948022374,22.692217477589367,23.280657782987454,0.6,17,50,0,0.0,0.3014545454545454,525,158,0.30095238095238097,0.03238095238095238,0.91005291005291,0.38565022421524664,0.1199681267091131,0.1318254415582696,0.043188525615280714,61.48780367915167,0.36875566521024256,2.8396946564885495,2.5,2.755813953488372,0.005813953488372093
190,template_deposition,C,C,none,0,1.0,template_site:index=412:site=C:neigh=2:ahead0=23.365:mode=shell,x,yz,394,221,173,17,190,3869.1865523423703,23.771874320978522,500.0,0.001,55.75,0.05575,-3391.3562,-3379.6746,-3391.3562,-11.681641,-10.746338,1.0,0.05575,0.05575,11,393,412,5,5,1.3885719290055671,48.460486868908006,2.62999999931,10.0,446.0,0.0,-3.34953,-53.665386,48.43871257569915,0.49999999916963384,47.93871257652952,23.343591104868786,0.9131219149094268,3.103139013452915,47.882445351422156,48.20698863298846,48.424689316989195,0.572687392251967,0.125,22.787323880591792,23.1118671621581,23.32956784615883,0.6,17,50,0,0.0,0.30527272727272725,525,160,0.3047619047619048,0.03238095238095238,0.9105263157894737,0.38789237668161436,0.11993328358206207,0.13171863514792945,0.04340442643922246,61.48780367915167,0.3705990866009443,2.8426395939086295,2.56,2.7630057803468207,0.005780346820809248
191,template_deposition,C,C,none,0,1.0,template_site:index=411:site=C:neigh=1:ahead0=23.365:mode=shell,x,yz,395,221,174,17,191,3886.859034433044,17.672482090673746,500.0,0.001,55.75,0.05575,-3398.8188,-3391.3562,-3398.8188,-7.4626465,-7.043701,0.9999999845323311,0.05575,0.05575,10,394,411,4,4,1.329118199959433,48.460486868908006,6.890000000770001,10.0,446.0,0.0,-3.3662624,-53.93347,48.51081264929337,0.49999999916963384,48.01081265012374,23.415691178463007,0.93762177889818,3.1210762331838566,48.03153840518101,48.30376533447671,48.46034259777741,0.5532220901239073,0.125,22.936416934350646,23.208643863646344,23.36522112694705,0.6,17,50,0,0.0,0.3072727272727273,525,161,0.30666666666666664,0.03238095238095238,0.9109947643979057,0.3901345291479821,0.12008595253586726,0.13181848812845198,0.043688413208286946,61.48780367915167,0.37302384476171446,2.840506329113924,2.5384615384615383,2.7586206896551726,0.005747126436781609
192,template_deposition,C,C,none,0,1.0,template_site:index=410:site=C:neigh=2:ahead0=23.365:mode=shell,x,yz,396,221,175,17,192,3890.5953825681513,3.7363481351069647,500.0,0.001,55.75,0.05575,-3409.7646,-3398.8188,-3409.7646,-10.945801,-10.508789,1.0,0.05575,0.05575,10,395,410,3,3,1.3570031914102525,48.460486868908006,8.30999999977,10.0,446.0,0.0,-3.3908045,-54.32668,48.49792930620182,0.49999999916963384,47.99792930703219,23.402807835371455,0.9546962802932899,3.1390134529147984,48.03912387694894,48.30376533447671,48.45647759484995,0.5381259789536588,0.125,22.944002406118578,23.208643863646344,23.361356124019586,0.6,17,50,0,0.0,0.3092727272727273,525,162,0.30857142857142855,0.03238095238095238,0.9114583333333334,0.3923766816143498,0.1195000125318676,0.13110858517782045,0.04370286172594015,61.48780367915167,0.3731472102311905,2.8434343434343434,2.5925925925925926,2.7657142857142856,0.005714285714285714
193,template_deposition,C,C,none,0,1.0,template_site:index=416:site=C:neigh=1:ahead0=23.365:mode=shell,x,yz,397,221,176,17,193,3891.691916126855,1.0965335587037883,500.0,0.001,55.75,0.05575,-3417.1123,-3409.7646,-3417.1123,-7.3476562,-6.987793,1.0,0.05575,0.05575,10,396,416,2,2,1.4734661747881015,48.460486868908006,11.15,10.0,446.0,0.0,-3.407279,-54.59063,48.49792930620182,0.49999999916963384,47.99792930703219,23.402807835371455,0.970298846737733,3.1569506726457397,48.21807790234692,48.36677820076025,48.45864478963774,0.3817217727047265,0.125,23.122956431516556,23.271656729929887,23.363523318807374,0.6,18,50,0,0.0,0.3112727272727273,525,163,0.31047619047619046,0.03238095238095238,0.9119170984455959,0.39461883408071746,0.11980806441200288,0.13138043426998045,0.04404372653622201,61.48780367915167,0.3760576089556559,2.841309823677582,2.5714285714285716,2.7613636363636362,0.005681818181818182
194,template_deposition,C,C,none,0,1.0,template_site:index=417:site=C:neigh=2:ahead0=23.365:mode=shell,x,yz,398,221,177,17,194,3945.6159857107555,53.924069583900234,500.0,0.001,55.75,0.05575,-3427.3591,-3417.1123,-3427.3591,-10.246826,-9.164551,1.0,0.05575,0.05575,10,397,417,1,1,1.4147549405173132,48.460486868908006,12.569999999,10.0,446.0,0.0,-3.430254,-54.95873,48.49792930620182,0.49999999916963384,47.99792930703219,23.402807835371455,0.9749044489576335,3.1748878923766815,48.21272426426242,48.35032693190165,48.45647759484995,0.3736797942563205,0.125,23.117602793432056,23.255205461071284,23.361356124019586,0.6,18,50,0,0.0,0.31327272727272726,525,164,0.31238095238095237,0.03238095238095238,0.9123711340206185,0.3968609865470852,0.11916290099707245,0.13060792538662178,0.04403352913034677,61.48780367915167,0.37597054066301633,2.8442211055276383,2.6206896551724137,2.768361581920904,0.005649717514124294
195,template_deposition,C,C,none,0,1.0,template_site:index=420:site=C:neigh=1:ahead0=24.595:mode=shell,x,yz,399,221,178,17,195,3950.712506593011,5.096520882255373,500.0,0.001,55.75,0.05575,-3434.114,-3427.3591,-3434.114,-6.754883,-6.265869,0.9171935577001827,0.05575,0.05575,9,398,420,9,9,1.5065675352873071,49.69024294249104,10.440000000500001,10.0,446.0,0.0,-3.4453995,-55.201385,49.66053542059809,0.49999999916963384,49.160535421428456,24.565413949767724,0.6739663885728873,3.192825112107623,48.519999639315216,48.4286959623349,48.85267901528895,0.450004272036501,0.125,23.424878168484852,23.333574491504535,23.757557544458585,0.6,18,50,0,0.0,0.3150909090909091,525,165,0.3142857142857143,0.03238095238095238,0.9128205128205128,0.3991031390134529,0.12012758035120437,0.1316004391487913,0.04461881555901877,61.48780367915167,0.38096787926785874,2.8421052631578947,2.4285714285714284,2.764044943820225,0.0056179775280898875
196,template_deposition,C,C,none,0,1.0,template_site:index=421:site=C:neigh=2:ahead0=24.595:mode=shell,x,yz,400,221,179,17,196,4004.81845132422,54.105944731209284,500.0,0.001,55.75,0.05575,-3444.994,-3434.114,-3444.994,-10.879883,-10.512939,1.0,0.05575,0.05575,10,399,421,8,8,1.3648351402958463,49.69024294249104,9.01999999927,10.0,446.0,0.0,-3.4697938,-55.592228,49.68247922899641,0.49999999916963384,49.182479229826775,24.587357758166043,0.7576248608876412,3.210762331838565,48.526324673672924,48.4286959623349,48.861127379637445,0.4566905348981488,0.125,23.43120320284256,23.333574491504535,23.76600590880708,0.6,18,50,0,0.0,0.3169090909090909,525,166,0.3161904761904762,0.03238095238095238,0.9132653061224489,0.4013452914798206,0.11954695511654367,0.1309005765521931,0.044630863243509636,61.48780367915167,0.3810707457548569,2.845,2.5,2.7709497206703912,0.00558659217877095
197,template_deposition,C,C,none,0,1.0,template_site:index=425:site=C:neigh=1:ahead0=24.595:mode=shell,x,yz,401,221,180,17,197,4018.278296232844,13.45984490862397,500.0,0.001,55.75,0.05575,-3452.2087,-3444.994,-3452.2087,-7.2148438,-7.0253906,0.9780415430505196,0.05575,0.05575,10,400,425,7,7,1.4271241354634705,49.69024294249104,6.17999999904,10.0,446.0,0.0,-3.4859707,-55.85141,49.70803263484673,0.49999999916963384,49.2080326356771,24.612911164016367,0.8202914236212657,3.2286995515695067,48.67121784608814,48.424509479039614,49.67870236169655,0.5994560950280595,0.125,23.576096375257777,23.32938800820925,24.583580890866187,0.6,18,50,0,0.0,0.31872727272727275,525,167,0.3180952380952381,0.03238095238095238,0.9137055837563451,0.40358744394618834,0.11967561611805978,0.13097831319587655,0.04490685023858624,61.48780367915167,0.3834271996163622,2.8428927680798006,2.4782608695652173,2.7666666666666666,0.005555555555555556
198,template_deposition,C,C,none,0,1.0,template_site:index=424:site=C:neigh=1:ahead0=24.595:mode=shell,x,yz,402,221,181,17,198,4023.7027513699077,5.424455137063794,500.0,0.001,55.75,0.05575,-3462.9485,-3452.2087,-3462.9485,-10.739746,-9.03418,1.0,0.05575,0.05575,9,401,424,7,7,1.407169435308267,49.69024294249104,4.760000000040001,10.0,446.0,0.0,-3.5100508,-56.237213,49.673958612019504,0.49999999916963384,49.17395861284987,24.57883714118914,0.8525935355227715,3.2466367713004485,48.83979203914507,48.46995873256709,49.66848015484838,0.6086359918587031,0.125,23.744670568314703,23.37483726173673,24.573358684018018,0.6,18,50,0,0.0,0.3205454545454545,525,168,0.32,0.03238095238095238,0.9141414141414141,0.40582959641255606,0.11992257862785204,0.13118602523930775,0.045227943939647054,61.48780367915167,0.3861687871015253,2.845771144278607,2.5416666666666665,2.773480662983425,0.0055248618784530384
199,template_deposition,C,C,none,0,1.0,template_site:index=428:site=C:neigh=1:ahead0=24.595:mode=shell,x,yz,403,221,182,17,199,4031.2651121773392,7.5623608074314115,500.0,0.001,55.75,0.05575,-3470.2039,-3462.9485,-3470.2039,-7.255371,-6.8583984,0.9685710203469164,0.05575,0.05575,10,402,428,6,6,1.5025557636063882,49.69024294249104,13.28000000073,10.0,446.0,0.0,-3.5263186,-56.497852,49.673958612019504,0.49999999916963384,49.17395861284987,24.57883714118914,0.8867919340307091,3.2645739910313902,48.9765701591668,48.97742246886423,49.66848015484838,0.652795816270111,0.125,23.881448688336434,23.88230099803387,24.573358684018018,0.6,18,50,0,0.0,0.32236363636363635,525,169,0.3219047619047619,0.03238095238095238,0.914572864321608,0.4080717488789238,0.1200072798408866,0.13121675103481556,0.045488473692069396,61.48780367915167,0.38839326271843705,2.8436724565756824,2.52,2.769230769230769,0.005494505494505495
200,template_deposition,C,C,none,0,1.0,template_site:index=429:site=C:neigh=2:ahead0=24.595:mode=shell,x,yz,404,221,183,17,200,4047.9551813993403,16.69006922200098,500.0,0.001,55.75,0.05575,-3479.817,-3470.2039,-3479.817,-9.613037,-8.360352,1.0,0.05575,0.05575,9,403,429,5,5,1.4321201587305756,49.69024294249104,14.69999999973,10.0,446.0,0.0,-3.5478723,-56.84318,49.673958612019504,0.49999999916963384,49.17395861284987,24.57883714118914,0.9169707849439525,3.282511210762332,49.139280085073864,49.5541463448413,49.66848015484838,0.6237137967410015,0.125,24.0441586142435,24.459024874010936,24.573358684018018,0.6,18,50,0,0.0,0.32418181818181824,525,170,0.3238095238095238,0.03238095238095238,0.915,0.4103139013452915,0.1202207930712175,0.1313888448865765,0.04579839736046381,61.48780367915167,0.3910394773524171,2.8465346534653464,2.576923076923077,2.7759562841530054,0.00546448087431694
201,template_deposition,C,C,none,0,1.0,template_site:index=422:site=C:neigh=1:ahead0=24.595:mode=shell,x,yz,405,221,184,17,201,4076.131509046306,28.17632764696541,500.0,0.001,55.75,0.05575,-3487.073,-3479.817,-3487.073,-7.2561035,-6.7111816,0.8900107991299182,0.05575,0.05575,9,404,422,4,4,1.4865881534756482,49.69024294249104,1.9199999998100001,10.0,446.0,0.0,-3.5641418,-57.103848,49.67795227203232,0.49999999916963384,49.17795227286269,24.582830801201958,0.9382982372576705,3.3004484304932737,49.293825726254084,49.620607823219345,49.67515671002335,0.5717468071039655,0.125,24.19870425542372,24.52548635238898,24.580035239192988,0.6,18,50,0,0.0,0.326,525,171,0.32571428571428573,0.03238095238095238,0.9154228855721394,0.4125560538116592,0.12039156345981951,0.1315146970403463,0.046092770010330894,61.48780367915167,0.3935529130572709,2.8444444444444446,2.5555555555555554,2.7717391304347827,0.005434782608695652
202,template_deposition,C,C,none,0,1.0,template_site:index=423:site=C:neigh=1:ahead0=24.595:mode=shell,x,yz,406,221,185,17,202,4103.288692122305,27.157183075999896,500.0,0.001,55.75,0.05575,-3496.7266,-3487.073,-3496.7266,-9.653564,-7.9868164,0.9999999999999833,0.05575,0.05575,10,405,423,4,4,1.4376450394218718,49.69024294249104,0.5000000008100001,10.0,446.0,0.0,-3.5857863,-57.45063,49.68775670588821,0.49999999916963384,49.18775670671858,24.59263523505785,0.9564562442299994,3.318385650224215,49.31622471742232,49.620607823219345,49.67809804018012,0.5407961574475341,0.125,24.22110324659196,24.52548635238898,24.582976569349754,0.6,18,50,0,0.0,0.32599999999999996,525,171,0.32571428571428573,0.03238095238095238,0.9158415841584159,0.4147982062780269,0.11990645171580178,0.1309248824140106,0.046135434755413256,61.48780367915167,0.3939171965383515,2.8472906403940885,2.607142857142857,2.7783783783783784,0.005405405405405406
203,template_deposition,C,C,none,0,1.0,template_site:index=427:site=C:neigh=1:ahead0=24.595:mode=shell,x,yz,407,221,186,17,203,4117.61327693366,14.324584811354413,500.0,0.001,55.75,0.05575,-3504.3,-3496.7266,-3504.3,-7.5734863,-6.602539,0.9999999995519666,0.05575,0.05575,8,406,427,2,2,1.5894196944177803,49.69024294249104,17.539999999960003,10.0,446.0,0.0,-3.6027672,-57.722694,49.68775670588821,0.49999999916963384,49.18775670671858,24.59263523505785,0.9654269748769817,3.336322869955157,49.48405606029769,49.62073392952913,49.67809804018012,0.357597457560551,0.125,24.388934589467326,24.525612458698767,24.582976569349754,0.6,18,50,0,0.0,0.3278181818181818,525,172,0.32761904761904764,0.03238095238095238,0.916256157635468,0.4170403587443946,0.12014253492348437,0.13112330424444799,0.046455113503747286,61.48780367915167,0.3966467027628887,2.845208845208845,2.586206896551724,2.774193548387097,0.005376344086021506
204,template_deposition,C,C,none,0,1.0,template_site:index=426:site=C:neigh=2:ahead0=24.595:mode=shell,x,yz,408,221,187,17,204,4160.6632855001135,43.05000856645371,500.0,0.001,55.75,0.05575,-3516.2632,-3504.3,-3516.2632,-11.963135,-9.781006,1.0,0.05575,0.05575,10,407,426,1,1,1.446500813497616,49.69024294249104,18.95999999896,10.0,446.0,0.0,-3.6295905,-58.15245,49.673958612019504,0.49999999916963384,49.17395861284987,24.57883714118914,0.9642669057079778,3.3542600896860986,49.46487230500975,49.590891120664494,49.66848015484838,0.3596864216497017,0.125,24.369750834179385,24.49576964983413,24.573358684018018,0.6,19,50,0,0.0,0.32963636363636367,525,173,0.3295238095238095,0.03238095238095238,0.9166666666666666,0.4192825112107623,0.11945956291264405,0.13031952317742987,0.04641857301748454,61.48780367915167,0.39633470990999636,2.8480392156862746,2.6333333333333333,2.7807486631016043,0.0053475935828877
205,template_deposition,C,C,none,0,1.0,template_site:index=432:site=C:neigh=1:ahead0=25.825:mode=shell,x,yz,409,221,188,17,205,4186.327182196443,25.66389669632899,500.0,0.001,55.75,0.05575,-3522.8445,-3516.2632,-3522.8445,-6.581299,-6.2314453,0.7881526930687444,0.05575,0.05575,9,408,432,9,9,1.5085882577149277,50.91999901607407,6.890000000770001,10.0,446.0,0.0,-3.6443467,-58.388874,50.88092738627076,0.49999999916963384,50.38092738710113,25.7858059154404,0.6853042632515928,3.3721973094170403,49.61667864015939,49.590891120664494,50.04815417302607,0.5940419912067215,0.125,24.52155716932903,24.49576964983413,24.953032702195706,0.6,19,50,0,0.0,0.3316363636363636,525,174,0.3314285714285714,0.03238095238095238,0.9170731707317074,0.42152466367713004,0.11961735204550746,0.13043381473047355,0.046707727941579104,61.48780367915167,0.3988035952184029,2.845965770171149,2.4761904761904763,2.776595744680851,0.005319148936170213
206,template_deposition,C,C,none,0,1.0,template_site:index=431:site=C:neigh=2:ahead0=25.825:mode=shell,x,yz,410,221,189,17,206,4188.472955161669,2.145772965226612,500.0,0.001,55.75,0.05575,-3533.8308,-3522.8445,-3533.8308,-10.986328,-10.436523,1.0,0.05575,0.05575,10,409,431,8,8,1.4105609850337284,50.91999901607407,8.30999999977,10.0,446.0,0.0,-3.66898,-58.78354,50.90021734603367,0.49999999916963384,50.40021734686404,25.805095875203307,0.7683774625657799,3.390134529147982,49.62596098985375,49.590891120664494,50.09436189330879,0.6004607036679268,0.125,24.530839519023388,24.49576964983413,24.99924042247843,0.6,19,50,0,0.0,0.3336363636363636,525,175,0.3333333333333333,0.03238095238095238,0.9174757281553398,0.42376681614349776,0.11908174523797761,0.12979280168795443,0.046725408607663596,61.48780367915167,0.39895455767175053,2.848780487804878,2.5454545454545454,2.7830687830687832,0.005291005291005291
207,template_deposition,C,C,none,0,1.0,template_site:index=437:site=C:neigh=1:ahead0=25.825:mode=shell,x,yz,411,221,190,17,207,4204.296642529616,15.823687367946999,500.0,0.001,55.75,0.05575,-3541.2493,-3533.8308,-3541.2493,-7.418457,-7.1967773,0.9999999925740433,0.05575,0.05575,10,410,437,7,7,1.4370383095564496,50.91999901607407,11.15,10.0,446.0,0.0,-3.6856132,-59.050034,50.9071295203036,0.49999999916963384,50.40712952113397,25.812008049473235,0.8305013039697142,3.408071748878924,49.7831489558716,49.592622046192545,50.89622388045372,0.7336950762042328,0.125,24.68802748504124,24.49750057536218,25.801102409623354,0.6,19,50,0,0.0,0.3356363636363636,525,176,0.3352380952380952,0.03238095238095238,0.9178743961352657,0.4260089686098655,0.1192658332610688,0.12993698676337495,0.04702481425722141,61.48780367915167,0.4015109665302954,2.846715328467153,2.5217391304347827,2.778947368421053,0.005263157894736842
208,template_deposition,C,C,none,0,1.0,template_site:index=438:site=C:neigh=2:ahead0=25.825:mode=shell,x,yz,412,221,191,17,208,4223.742538043474,19.445895513858158,500.0,0.001,55.75,0.05575,-3552.2478,-3541.2493,-3552.2478,-10.998535,-10.576904,1.0,0.05575,0.05575,10,411,438,6,6,1.3761530217766906,50.91999901607407,12.569999999,10.0,446.0,0.0,-3.7102735,-59.445137,50.90141026543295,0.49999999916963384,50.40141026626332,25.806288794602587,0.8758039632674792,3.4260089686098656,49.78049391971227,49.58306659198412,50.89450810399252,0.7332591762351104,0.125,24.685372448881907,24.487945121153757,25.799386633162158,0.6,19,50,0,0.0,0.3376363636363637,525,177,0.33714285714285713,0.03238095238095238,0.9182692307692307,0.4282511210762332,0.11867967523500916,0.1292427876904812,0.047019757045489344,61.48780367915167,0.40146778664744925,2.849514563106796,2.5833333333333335,2.7853403141361257,0.005235602094240838
209,template_vacancy,vac,C,vac,1,1.0,template_site:index=436:site=C:neigh=1:ahead0=25.825:mode=shell,x,yz,412,221,191,18,209,4224.331746770957,0.5892087274826108,500.0,0.001,55.75,0.05575,-3552.2478,-3552.2478,-3552.2478,0.0,0.0,0.9999952441847293,0.05575,0.05575,0,-1,436,5,5,1.5455512306485832,50.91999901607407,15.409999999230001,10.0,446.0,0.0,-3.7102735,-59.445137,50.90141026543295,0.49999999916963384,50.40141026626332,25.806288794602587,0.8758039632674792,3.4260089686098656,49.78049391971227,49.58306659198412,50.89450810399252,0.7332591762351104,0.125,24.685372448881907,24.487945121153757,25.799386633162158,0.6,19,50,0,0.0,0.3376363636363637,525,177,0.33714285714285713,0.03428571428571429,0.9138755980861244,0.4282511210762332,0.1181118298989565,0.1292427876904812,0.047019757045489344,61.48780367915167,0.40146778664744925,2.849514563106796,2.5833333333333335,2.7853403141361257,0.005235602094240838
210,template_deposition,C,C,none,0,1.0,template_site:index=434:site=C:neigh=1:ahead0=25.825:mode=shell,x,yz,413,221,192,18,210,4232.630004133591,8.298257362634272,500.0,0.001,55.75,0.05575,-3559.3628,-3552.2478,-3559.3628,-7.11499,-6.3859863,0.999998863781902,0.05575,0.05575,9,412,434,4,4,1.6091875655974328,50.91999901607407,4.05000000054,10.0,446.0,0.0,-3.7262263,-59.70073,50.90141026543295,0.49999999916963384,50.40141026626332,25.806288794602587,0.9066448745595391,3.4439461883408073,49.95220306056923,49.67905906778237,50.89450810399252,0.7934562622032979,0.125,24.85708158973887,24.583937596952005,25.799386633162158,0.6,19,50,0,0.0,0.3396363636363637,525,178,0.33904761904761904,0.03428571428571429,0.9142857142857143,0.4304932735426009,0.11836705518923271,0.12946396661322326,0.04734682207569308,61.48780367915167,0.4042603590046106,2.847457627118644,2.56,2.78125,0.005208333333333333
211,template_deposition,C,C,none,0,1.0,template_site:index=433:site=C:neigh=2:ahead0=25.825:mode=shell,x,yz,414,221,193,18,211,4256.048110127833,23.418105994242154,500.0,0.001,55.75,0.05575,-3570.2048,-3559.3628,-3570.2048,-10.842041,-9.299805,1.0,0.05575,0.05575,9,413,433,3,3,1.438224718349702,50.91999901607407,2.62999999931,10.0,446.0,0.0,-3.750536,-60.090214,50.90141026543295,0.49999999916963384,50.40141026626332,25.806288794602587,0.9266909987078003,3.4618834080717487,50.09419114509814,50.24894373533559,50.89450810399252,0.8190588914840561,0.125,24.999069674267773,25.153822264505223,25.799386633162158,0.6,19,50,0,0.0,0.3416363636363636,525,179,0.34095238095238095,0.03428571428571429,0.9146919431279621,0.4327354260089686,0.11847900319558186,0.1295288584158952,0.047617275570033854,61.48780367915167,0.40656956629504837,2.8502415458937196,2.6153846153846154,2.7875647668393784,0.0051813471502590676
212,template_deposition,C,C,none,0,1.0,template_site:index=435:site=C:neigh=1:ahead0=25.825:mode=shell,x,yz,415,221,194,18,212,4270.536969021189,14.488858893356706,500.0,0.001,55.75,0.05575,-3576.9426,-3570.2048,-3576.9426,-6.737793,-5.800049,0.9683981063060896,0.05575,0.05575,9,414,435,2,2,1.6650872096583593,50.91999901607407,16.83000000046,10.0,446.0,0.0,-3.7656431,-60.332256,50.90141026543295,0.49999999916963384,50.40141026626332,25.806288794602587,0.9469480355163733,3.4798206278026904,50.25180525456575,50.77038288258602,50.89450810399252,0.821928310419713,0.125,25.15668378373539,25.675261411755656,25.799386633162158,0.6,19,50,0,0.0,0.3436363636363637,525,180,0.34285714285714286,0.03428571428571429,0.9150943396226415,0.4349775784753363,0.11866360275346881,0.12967362775121336,0.04791749292140074,61.48780367915167,0.4091329056898015,2.8481927710843373,2.5925925925925926,2.783505154639175,0.005154639175257732
213,template_deposition,C,C,none,0,1.0,template_site:index=439:site=C:neigh=1:ahead0=25.825:mode=shell,x,yz,416,221,195,18,213,4272.975437245216,2.4384682240274165,500.0,0.001,55.75,0.05575,-3584.3628,-3576.9426,-3584.3628,-7.420166,-6.846924,1.0,0.05575,0.05575,9,415,439,1,1,1.5105424140890968,50.91999901607407,19.67000000069,10.0,446.0,0.0,-3.7822802,-60.598812,50.90141026543295,0.49999999916963384,50.40141026626332,25.806288794602587,0.9632053081356651,3.497757847533632,50.541307969959945,50.77880127524766,50.89728093307419,0.5037370101855824,0.125,25.44618649912958,25.683679804417295,25.80215946224383,0.6,19,50,0,0.0,0.34563636363636363,525,181,0.34476190476190477,0.03428571428571429,0.9154929577464789,0.437219730941704,0.11946566431516235,0.13049326409810041,0.048468926665008724,61.48780367915167,0.4138412006372815,2.8461538461538463,2.5714285714285716,2.7794871794871794,0.005128205128205128
214,template_vacancy,vac,C,vac,1,1.0,template_site:index=440:site=C:neigh=1:ahead0=25.825:mode=shell,x,yz,416,221,195,19,214,4279.131099528939,6.1556622837222505,500.0,0.001,55.75,0.05575,-3584.3628,-3584.3628,-3584.3628,0.0,0.0,1.0,0.05575,0.05575,0,-1,440,1,1,1.4302090858103462,50.91999901607407,21.08999999969,10.0,446.0,0.0,-3.7822802,-60.598812,50.90141026543295,0.49999999916963384,50.40141026626332,25.806288794602587,0.9632053081356651,3.497757847533632,50.541307969959945,50.77880127524766,50.89728093307419,0.5037370101855824,0.125,25.44618649912958,25.683679804417295,25.80215946224383,0.6,19,50,0,0.0,0.34563636363636363,525,181,0.34476190476190477,0.03619047619047619,0.9112149532710281,0.437219730941704,0.11890741354733449,0.13049326409810041,0.048468926665008724,61.48780367915167,0.4138412006372815,2.8461538461538463,2.5714285714285716,2.7794871794871794,0.005128205128205128
215,template_deposition,C,C,none,0,1.0,template_site:index=447:site=C:neigh=1:ahead0=27.055:mode=shell,x,yz,417,221,196,19,215,4288.681410544168,9.55031101522903,500.0,0.001,55.75,0.05575,-3592.7139,-3584.3628,-3592.7139,-8.351074,-7.80249,0.9999999999204285,0.05575,0.05575,6,416,447,8,8,1.43635945434687,52.149755089657106,18.95999999896,10.0,446.0,0.0,-3.8010046,-60.89881,52.11389750110881,0.49999999916963384,51.61389750193918,27.018776030278445,0.7213665073054825,3.515695067264574,50.72029747490391,50.854242623075756,51.292997456298544,0.7285656538588947,0.125,25.625176004073545,25.759121152245392,26.19787598546818,0.6,19,50,0,0.0,0.3474545454545455,525,182,0.3466666666666667,0.03619047619047619,0.9116279069767442,0.43946188340807174,0.11918686513522579,0.13074069389833443,0.04880985905537818,61.48780367915167,0.41675217637936435,2.8441247002398082,2.3157894736842106,2.7755102040816326,0.00510204081632653
216,template_vacancy,vac,C,vac,1,1.0,template_site:index=448:site=C:neigh=2:ahead0=27.055:mode=shell,x,yz,417,221,196,20,216,4290.044425055575,1.3630145114066303,500.0,0.001,55.75,0.05575,-3592.7139,-3592.7139,-3592.7139,0.0,0.0,1.0,0.05575,0.05575,0,-1,448,7,7,1.4713332681038318,52.149755089657106,17.539999999960003,10.0,446.0,0.0,-3.8010046,-60.89881,52.11389750110881,0.49999999916963384,51.61389750193918,27.018776030278445,0.7213665073054825,3.515695067264574,50.72029747490391,50.854242623075756,51.292997456298544,0.7285656538588947,0.125,25.625176004073545,25.759121152245392,26.19787598546818,0.6,19,50,0,0.0,0.3474545454545455,525,182,0.3466666666666667,0.0380952380952381,0.9074074074074074,0.43946188340807174,0.11863507409293307,0.13074069389833443,0.04880985905537818,61.48780367915167,0.41675217637936435,2.8441247002398082,2.3157894736842106,2.7755102040816326,0.00510204081632653
217,template_deposition,C,C,none,0,1.0,template_site:index=443:site=C:neigh=1:ahead0=27.055:mode=shell,x,yz,418,221,197,20,217,4290.54938357561,0.5049585200352797,500.0,0.001,55.75,0.05575,-3599.3574,-3592.7139,-3599.3574,-6.6435547,-6.1452637,0.5805204528161346,0.05575,0.05575,7,417,443,6,6,1.4933405129169637,52.149755089657106,1.9199999998100001,10.0,446.0,0.0,-3.8159006,-61.13747,52.13535683692605,0.49999999916963384,51.63535683775642,27.040235366095686,0.8166581736603189,3.5336322869955157,50.88362637134105,50.896480150118364,52.120335301853984,0.8678828758408788,0.125,25.788504900510688,25.801358679288,27.02521383102362,0.6,19,50,0,0.0,0.3492727272727273,525,183,0.3485714285714286,0.0380952380952381,0.9078341013824884,0.44170403587443946,0.11884103640788335,0.13090611624624715,0.049120961715258454,61.48780367915167,0.4194084575711501,2.8421052631578947,2.3,2.771573604060914,0.005076142131979695
218,template_deposition,C,C,none,0,1.0,template_site:index=444:site=C:neigh=1:ahead0=27.055:mode=shell,x,yz,419,221,198,20,218,4324.062363693545,33.51298011793583,500.0,0.001,55.75,0.05575,-3607.5327,-3599.3574,-3607.5327,-8.175293,-7.6882324,0.99999999985977,0.05575,0.05575,9,418,444,6,6,1.4271455034083316,52.149755089657106,0.5000000008100001,10.0,446.0,0.0,-3.8342307,-61.43115,52.17100037449135,0.49999999916963384,51.67100037532172,27.075878903660985,0.8815599845766281,3.5515695067264574,50.88960765191628,50.896480150118364,52.14103909531063,0.8774333684561174,0.125,25.794486181085915,25.801358679288,27.045917624480268,0.6,19,50,0,0.0,0.3510909090909091,525,184,0.3504761904761905,0.0380952380952381,0.908256880733945,0.4439461883408072,0.1183233311058987,0.13027518273275715,0.049132354630639835,61.48780367915167,0.41950573345705483,2.840095465393795,2.2857142857142856,2.7676767676767677,0.005050505050505051
219,template_deposition,C,C,none,0,1.0,template_site:index=445:site=C:neigh=1:ahead0=27.055:mode=shell,x,yz,420,221,199,20,219,4325.14381585592,1.0814521623754438,500.0,0.001,55.75,0.05575,-3614.9253,-3607.5327,-3614.9253,-7.392578,-6.404541,0.9981475211584881,0.05575,0.05575,10,419,445,6,6,1.6866703156271206,52.149755089657106,4.760000000040001,10.0,446.0,0.0,-3.850806,-61.696716,52.17100037449135,0.49999999916963384,51.67100037532172,27.075878903660985,0.9186515787236234,3.569506726457399,51.05106453110167,50.9290061804141,52.14103909531063,0.9463299227530557,0.125,25.95594306027131,25.833884709583735,27.045917624480268,0.6,19,50,0,0.0,0.3529090909090909,525,185,0.3523809523809524,0.0380952380952381,0.908675799086758,0.4461883408071749,0.11852028794644433,0.1304318746747302,0.04943989154337392,61.48780367915167,0.4221315693061915,2.8380952380952382,2.272727272727273,2.763819095477387,0.005025125628140704
220,template_deposition,C,C,none,0,1.0,template_site:index=446:site=C:neigh=2:ahead0=27.055:mode=shell,x,yz,421,221,200,20,220,4329.953505560285,4.809689704364632,500.0,0.001,55.75,0.05575,-3625.7976,-3614.9253,-3625.7976,-10.872314,-10.207031,1.0,0.05575,0.05575,10,420,446,5,5,1.4420462864863983,52.149755089657106,6.17999999904,10.0,446.0,0.0,-3.8751833,-62.087284,52.17100037449135,0.49999999916963384,51.67100037532172,27.075878903660985,0.9555848644901569,3.587443946188341,51.20239549608108,51.465418095061,52.142987719198466,1.0038722190236586,0.125,26.107274025250717,26.370296624230633,27.047866248368102,0.6,19,50,0,0.0,0.35472727272727267,525,186,0.35428571428571426,0.0380952380952381,0.9090909090909091,0.4484304932735426,0.11866942738750326,0.13053637012625358,0.04972814100047756,61.48780367915167,0.4245927234851416,2.840855106888361,2.347826086956522,2.77,0.005
221,template_deposition,C,C,none,0,1.0,template_site:index=442:site=C:neigh=1:ahead0=27.055:mode=shell,x,yz,422,221,201,20,221,4387.895822770968,57.94231721068331,500.0,0.001,55.75,0.05575,-3633.1562,-3625.7976,-3633.1562,-7.3586426,-7.055908,0.9999999997871616,0.05575,0.05575,10,421,442,4,4,1.5014760590679916,52.149755089657106,9.01999999927,10.0,446.0,0.0,-3.8916826,-62.35163,52.17100037449135,0.49999999916963384,51.67100037532172,27.075878903660985,0.9830721176326602,3.6053811659192827,51.49451326737521,52.03741072673304,52.14103909531063,0.870685160263517,0.125,26.399391796544847,26.94228925590268,27.045917624480268,0.6,19,50,0,0.0,0.35654545454545455,525,187,0.35619047619047617,0.0380952380952381,0.9095022624434389,0.45067264573991034,0.11945426152282737,0.13134025769425298,0.05028455580294257,61.48780367915167,0.4293435481010024,2.838862559241706,2.3333333333333335,2.7661691542288556,0.004975124378109453
222,template_deposition,C,C,none,0,1.0,template_site:index=441:site=C:neigh=2:ahead0=27.055:mode=shell,x,yz,423,221,202,20,222,4389.393014703126,1.4971919321582257,500.0,0.001,55.75,0.05575,-3644.0625,-3633.1562,-3644.0625,-10.90625,-10.36084,1.0,0.05575,0.05575,10,422,441,3,3,1.4118400785244254,52.149755089657106,10.440000000500001,10.0,446.0,0.0,-3.916136,-62.743416,52.17100037449135,0.49999999916963384,51.67100037532172,27.075878903660985,1.0055980749853712,3.623318385650224,51.504951489200295,52.04507341210308,52.14103909531063,0.868146962207536,0.125,26.40983001836993,26.949951941272715,27.045917624480268,0.6,19,50,0,0.0,0.3583636363636364,525,188,0.3580952380952381,0.0380952380952381,0.9099099099099099,0.452914798206278,0.11896319828094563,0.13074173276420759,0.05030443813022844,61.48780367915167,0.42951330895113055,2.84160756501182,2.4,2.772277227722772,0.0049504950495049506
223,template_deposition,C,C,none,0,1.0,template_site:index=449:site=C:neigh=1:ahead0=27.055:mode=shell,x,yz,424,221,203,20,223,4426.271652316474,36.87863761334787,500.0,0.001,55.75,0.05575,-3651.8162,-3644.0625,-3651.8162,-7.753662,-7.168213,1.0,0.05575,0.05575,9,423,449,2,2,1.4479290860329106,52.149755089657106,13.28000000073,10.0,446.0,0.0,-3.933521,-63.021957,52.17100037449135,0.49999999916963384,51.67100037532172,27.075878903660985,1.0220848006810088,3.6412556053811658,51.78041065525714,52.11473564647518,52.152365238219375,0.5752903484020311,0.125,26.68528918442678,27.01961417564482,27.05724376738901,0.6,19,50,0,0.0,0.36018181818181816,525,189,0.36,0.0380952380952381,0.9103139013452914,0.4551569506726457,0.11966497392119632,0.13145462652426984,0.050829122256051004,61.48780367915167,0.43399320820878196,2.839622641509434,2.3846153846153846,2.768472906403941,0.0049261083743842365
224,template_deposition,C,C,none,0,1.0,template_site:index=450:site=C:neigh=1:ahead0=27.055:mode=shell,x,yz,425,221,204,20,224,4432.705783816394,6.434131499919836,500.0,0.001,55.75,0.05575,-3660.6462,-3651.8162,-3660.6462,-8.830078,-7.7145996,1.0,0.05575,0.05575,9,424,450,2,2,1.422506462424988,52.149755089657106,14.69999999973,10.0,446.0,0.0,-3.9533193,-63.33916,52.2116304672488,0.49999999916963384,51.71163046807917,27.11650899641844,1.0338661077804487,3.6591928251121075,51.96968226512935,52.11473564647518,52.18318940231858,0.3883033391067327,0.125,26.874560794298986,27.01961417564482,27.08806793148822,0.6,19,50,0,0.0,0.36200000000000004,525,190,0.3619047619047619,0.0380952380952381,0.9107142857142857,0.45739910313901344,0.1199757178316919,0.13173804310930876,0.05118963960818854,61.48780367915167,0.43707140581134785,2.8376470588235296,2.3703703703703702,2.764705882352941,0.004901960784313725
225,template_deposition,C,C,none,0,1.0,template_site:index=451:site=C:neigh=1:ahead0=27.055:mode=shell,x,yz,426,221,205,20,225,4444.283013933691,11.577230117297352,500.0,0.001,55.75,0.05575,-3668.6597,-3660.6462,-3668.6597,-8.013428,-5.090088,1.0,0.05575,0.05575,10,425,451,1,1,1.0337129207845872,52.149755089657106,21.79999999919,10.0,446.0,0.0,-3.9712865,-63.627026,52.2116304672488,0.49999999916963384,51.71163046807917,27.11650899641844,1.0450252235436297,3.6771300448430493,52.12178263363543,52.1293739582894,52.19388080410369,0.06733920882008337,0.125,27.02666116280507,27.034252487459035,27.09875933327333,0.6,21,50,0,0.0,0.3638181818181818,525,191,0.3638095238095238,0.0380952380952381,0.9111111111111111,0.45964125560538116,0.12011849405691143,0.13183737152587838,0.051479354595819184,61.48780367915167,0.43954507309827445,2.835680751173709,2.357142857142857,2.7609756097560973,0.004878048780487805
226,template_deposition,C,C,none,0,1.0,template_site:index=460:site=C:neigh=1:ahead0=28.284:mode=shell,x,yz,427,221,206,20,226,4471.1524743622,26.869460428509427,500.0,0.001,55.75,0.05575,-3676.3994,-3668.6597,-3676.3994,-7.739746,-7.4765625,0.949740410656363,0.05575,0.05575,6,426,460,9,9,1.3867514351110897,53.37951116324014,19.67000000069,10.0,446.0,0.0,-3.9886403,-63.905064,53.34453610454739,0.49999999916963384,52.844536105377756,28.249414633717024,0.7256625431873638,3.695067264573991,52.278347975703085,52.14307869194666,52.551502158438375,0.40933165534222954,0.125,27.18322650487272,27.0479572211163,27.45638068760801,0.6,21,50,0,0.0,0.36581818181818176,525,192,0.3657142857142857,0.0380952380952381,0.911504424778761,0.4618834080717489,0.120279763295897,0.13195741021782875,0.05177757429499566,61.48780367915167,0.44209135598202526,2.8337236533957846,2.1052631578947367,2.7572815533980584,0.0048543689320388345
227,template_deposition,C,C,none,0,1.0,template_site:index=461:site=C:neigh=2:ahead0=28.284:mode=shell,x,yz,428,221,207,20,227,4492.6576692397475,21.505194877547453,500.0,0.001,55.75,0.05575,-3686.9219,-3676.3994,-3686.9219,-10.522461,-9.82251,1.0,0.05575,0.05575,7,427,461,8,8,1.3060868817634272,53.37951116324014,21.08999999969,10.0,446.0,0.0,-4.0122333,-64.283066,53.35662786042774,0.49999999916963384,52.85662786125811,28.26150638959738,0.7985958881642983,3.713004484304933,52.278161271152484,52.1484013998315,52.55512968520249,0.41352806330441577,0.125,27.18303980032212,27.053279929001135,27.460008214372124,0.6,21,50,0,0.0,0.3678181818181818,525,193,0.3676190476190476,0.0380952380952381,0.9118942731277533,0.4641255605381166,0.1197490740102296,0.1313190328517977,0.05177721866728023,61.48780367915167,0.44208831953350325,2.836448598130841,2.2,2.763285024154589,0.004830917874396135
228,template_deposition,C,C,none,0,1.0,template_site:index=457:site=C:neigh=1:ahead0=28.284:mode=shell,x,yz,429,221,208,20,228,4500.5350343013015,7.8773650615541415,500.0,0.001,55.75,0.05575,-3695.3604,-3686.9219,-3695.3604,-8.438477,-7.3120117,0.9999999999995082,0.05575,0.05575,7,428,457,7,7,1.3806032832441337,53.37951116324014,15.409999999230001,10.0,446.0,0.0,-4.0311537,-64.586205,53.35662786042774,0.49999999916963384,52.85662786125811,28.26150638959738,0.866582558003575,3.7309417040358746,52.40837291027538,52.139047568199004,53.34557550205366,0.5468528371100481,0.125,27.31325143944502,27.04392609736864,28.2504540312233,0.6,21,50,0,0.0,0.3678181818181818,525,193,0.3676190476190476,0.0380952380952381,0.9122807017543859,0.4663677130044843,0.11979496245370622,0.13131370884348567,0.05202524083703813,61.48780367915167,0.4442060019246707,2.839160839160839,2.238095238095238,2.769230769230769,0.004807692307692308
229,template_deposition,C,C,none,0,1.0,template_site:index=456:site=C:neigh=1:ahead0=28.284:mode=shell,x,yz,430,221,209,20,229,4526.528883172835,25.9938488715333,500.0,0.001,55.75,0.05575,-3703.959,-3695.3604,-3703.959,-8.598633,-7.9953613,1.0,0.05575,0.05575,9,429,456,7,7,1.3391166079695822,53.37951116324014,16.83000000046,10.0,446.0,0.0,-4.050433,-64.895096,53.40571793598284,0.49999999916963384,52.90571793681321,28.31059646515248,0.9113767384128598,3.7488789237668163,52.559094153230106,52.15101393201502,53.383922901901435,0.6231952963115265,0.125,27.463972682399742,27.055892461184655,28.28880143107107,0.6,21,50,0,0.0,0.3698181818181818,525,194,0.36952380952380953,0.0380952380952381,0.9126637554585153,0.46860986547085204,0.119930011713536,0.13140656785837196,0.05231232891885665,61.48780367915167,0.4466572399578455,2.8372093023255816,2.227272727272727,2.7655502392344498,0.004784688995215311
230,template_deposition,C,C,none,0,1.0,template_site:index=453:site=C:neigh=1:ahead0=28.284:mode=shell,x,yz,431,221,210,20,230,4532.807786406879,6.278903234044493,500.0,0.001,55.75,0.05575,-3710.6057,-3703.959,-3710.6057,-6.6467285,-6.0769043,0.9282139671558091,0.05575,0.05575,9,430,453,6,6,1.5218772836676735,53.37951116324014,6.890000000770001,10.0,446.0,0.0,-4.065336,-65.133865,53.40571793598284,0.49999999916963384,52.90571793681321,28.31059646515248,0.9427740006424294,3.766816143497758,52.71169775193966,52.74122351789186,53.383922901901435,0.6448801664227279,0.125,27.616576281109296,27.646102047061497,28.28880143107107,0.6,21,50,0,0.0,0.3718181818181818,525,195,0.37142857142857144,0.0380952380952381,0.9130434782608695,0.47085201793721976,0.12007207078743172,0.13150750610052045,0.052603002440208185,61.48780367915167,0.4491390914727549,2.8352668213457077,2.217391304347826,2.761904761904762,0.004761904761904762
231,template_deposition,C,C,none,0,1.0,template_site:index=452:site=C:neigh=2:ahead0=28.284:mode=shell,x,yz,432,221,211,20,231,4545.301641376803,12.493854969923516,500.0,0.001,55.75,0.05575,-3721.6196,-3710.6057,-3721.6196,-11.013916,-10.480957,1.0,0.05575,0.05575,10,431,452,5,5,1.4046262666508285,53.37951116324014,8.30999999977,10.0,446.0,0.0,-4.090031,-65.529526,53.40571793598284,0.49999999916963384,52.90571793681321,28.31059646515248,0.9646640872407151,3.7847533632286994,52.72186102264517,52.74122351789186,53.383922901901435,0.6388304543282156,0.125,27.626739551814808,27.646102047061497,28.28880143107107,0.6,21,50,0,0.0,0.3738181818181818,525,196,0.37333333333333335,0.0380952380952381,0.9134199134199135,0.4730941704035874,0.11959627511608142,0.13093241493751093,0.052622361051075824,61.48780367915167,0.4493043806861824,2.837962962962963,2.2916666666666665,2.7677725118483414,0.004739336492890996
232,template_deposition,C,C,none,0,1.0,template_site:index=455:site=C:neigh=1:ahead0=28.284:mode=shell,x,yz,433,221,212,20,232,4569.65470157665,24.353060199847242,500.0,0.001,55.75,0.05575,-3729.0886,-3721.6196,-3729.0886,-7.468994,-6.902588,0.18303858193211403,0.05575,0.05575,10,432,455,4,4,1.5389023338310273,53.37951116324014,4.05000000054,10.0,446.0,0.0,-4.1067777,-65.79784,53.40571793598284,0.49999999916963384,52.90571793681321,28.31059646515248,0.9784254348392907,3.802690582959641,52.88501762100348,53.29947141353769,53.383922901901435,0.5976674186706106,0.125,27.789896150173114,28.204349942707324,28.28880143107107,0.6,21,50,0,0.0,0.3758181818181818,525,197,0.37523809523809526,0.0380952380952381,0.9137931034482759,0.47533632286995514,0.11978403513005652,0.13108441580270336,0.052933135524139266,61.48780367915167,0.45195785972748415,2.836027713625866,2.28,2.7641509433962264,0.0047169811320754715
233,template_deposition,C,C,none,0,1.0,template_site:index=454:site=C:neigh=2:ahead0=28.284:mode=shell,x,yz,434,221,213,20,233,4596.269017531101,26.61431595445092,500.0,0.001,55.75,0.05575,-3739.7456,-3729.0886,-3739.7456,-10.656982,-9.955078,1.0,0.05575,0.05575,11,433,454,3,3,1.3934027672588973,53.37951116324014,2.62999999931,10.0,446.0,0.0,-4.130672,-66.180664,53.40571793598284,0.49999999916963384,52.90571793681321,28.31059646515248,0.9891226547874098,3.820627802690583,53.028965670698824,53.322495005880256,53.383922901901435,0.5443750784239805,0.125,27.93384419986846,28.227373535049892,28.28880143107107,0.6,21,50,0,0.0,0.37781818181818183,525,198,0.37714285714285717,0.0380952380952381,0.9141630901287554,0.47757847533632286,0.11988774334707493,0.13114480845008666,0.05320732228546373,61.48780367915167,0.45429894269161925,2.838709677419355,2.3461538461538463,2.7699530516431925,0.004694835680751174
234,template_vacancy,vac,C,vac,1,1.0,template_site:index=458:site=C:neigh=1:ahead0=28.284:mode=shell,x,yz,434,221,213,21,234,4611.805799989763,15.536782458661634,500.0,0.001,55.75,0.05575,-3739.7456,-3739.7456,-3739.7456,0.0,0.0,1.0,0.05575,0.05575,0,-1,458,2,2,1.4793852488568522,53.37951116324014,11.15,10.0,446.0,0.0,-4.130672,-66.180664,53.40571793598284,0.49999999916963384,52.90571793681321,28.31059646515248,0.9891226547874098,3.820627802690583,53.028965670698824,53.322495005880256,53.383922901901435,0.5443750784239805,0.125,27.93384419986846,28.227373535049892,28.28880143107107,0.6,21,50,0,0.0,0.37781818181818183,525,198,0.37714285714285717,0.04,0.9102564102564102,0.47757847533632286,0.11937540256354043,0.13114480845008666,0.05320732228546373,61.48780367915167,0.45429894269161925,2.838709677419355,2.3461538461538463,2.7699530516431925,0.004694835680751174
235,template_deposition,C,C,none,0,1.0,template_site:index=459:site=C:neigh=1:ahead0=28.284:mode=shell,x,yz,435,221,214,21,235,4615.874320705197,4.068520715433686,500.0,0.001,55.75,0.05575,-3746.0037,-3739.7456,-3746.0037,-6.2580566,-5.3276367,1.0,0.05575,0.05575,9,434,459,1,1,1.6081972369757367,53.37951116324014,12.569999999,10.0,446.0,0.0,-4.144704,-66.40548,53.40571793598284,0.49999999916963384,52.90571793681321,28.31059646515248,0.9984340522232051,3.8385650224215246,53.19128879949598,53.3309164713831,53.383922901901435,0.3828978763590011,0.125,28.096167328665615,28.235795000552734,28.28880143107107,0.6,22,50,0,0.0,0.37981818181818183,525,199,0.379047619047619,0.04,0.9106382978723404,0.4798206278026906,0.11955815884538559,0.13129050153582064,0.05351650919745832,61.48780367915167,0.4569388666941771,2.8367816091954023,2.3333333333333335,2.7663551401869158,0.004672897196261682
236,template_deposition,C,C,none,0,1.0,template_site:index=469:site=C:neigh=1:ahead0=29.514:mode=shell,x,yz,436,221,215,21,236,4644.281129488647,28.406808783450305,500.0,0.001,55.75,0.05575,-3754.5095,-3746.0037,-3754.5095,-8.505859,-7.6140137,0.9999777892816957,0.05575,0.05575,7,435,469,9,9,1.3791468228299986,54.60926723682317,17.539999999960003,10.0,446.0,0.0,-4.163775,-66.71103,54.57571407357571,0.49999999916963384,54.07571407440608,29.480592602745347,0.6941827216207079,3.8565022421524664,53.337456129751885,53.3309164713831,53.780619762283145,0.6014001044805117,0.125,28.24233465892152,28.235795000552734,28.68549829145278,0.6,22,50,0,0.0,0.38163636363636366,525,200,0.38095238095238093,0.04,0.9110169491525424,0.4820627802690583,0.11967090957170136,0.13135969608800707,0.053794923159850516,61.48780367915167,0.4593160426788426,2.834862385321101,2.15,2.7627906976744185,0.004651162790697674
237,template_deposition,C,C,none,0,1.0,template_site:index=468:site=C:neigh=2:ahead0=29.514:mode=shell,x,yz,437,221,216,21,237,4647.840689268212,3.5595597795652596,500.0,0.001,55.75,0.05575,-3764.8032,-3754.5095,-3764.8032,-10.293701,-9.741943,1.0,0.05575,0.05575,9,436,468,8,8,1.316363204644199,54.60926723682317,18.95999999896,10.0,446.0,0.0,-4.1868553,-67.08082,54.667784892366804,0.49999999916963384,54.16778489319717,29.57266342153644,0.7817480142876266,3.874439461883408,53.35049156032298,53.3309164713831,53.84351628856929,0.6277267342038844,0.125,28.255370089492615,28.235795000552734,28.748394817738927,0.6,22,50,0,0.0,0.38345454545454544,525,201,0.38285714285714284,0.04,0.9113924050632911,0.484304932735426,0.11922097084174099,0.1308118985624658,0.0538197525514145,61.48780367915167,0.4595280429421649,2.8375286041189933,2.238095238095238,2.7685185185185186,0.004629629629629629
238,template_deposition,C,C,none,0,1.0,template_site:index=470:site=C:neigh=1:ahead0=29.514:mode=shell,x,yz,438,221,217,21,238,4652.752216499444,4.911527231232409,500.0,0.001,55.75,0.05575,-3772.7664,-3764.8032,-3772.7664,-7.963135,-7.1606445,0.9999999999201532,0.05575,0.05575,8,437,470,7,7,1.480416647206456,54.60926723682317,13.28000000073,10.0,446.0,0.0,-4.2047095,-67.366875,54.667784892366804,0.49999999916963384,54.16778489319717,29.57266342153644,0.8380590223958907,3.89237668161435,53.50192790780689,53.34910959326831,54.58748216280901,0.7436716121064909,0.125,28.406806436976524,28.253988122437946,29.492360691978647,0.6,22,50,0,0.0,0.3852727272727273,525,202,0.38476190476190475,0.04,0.9117647058823529,0.48654708520179374,0.11935632956712826,0.1309069421058826,0.05410820273709814,61.48780367915167,0.4619909109976596,2.835616438356164,2.227272727272727,2.7649769585253456,0.004608294930875576
239,template_deposition,C,C,none,0,1.0,template_site:index=471:site=C:neigh=2:ahead0=29.514:mode=shell,x,yz,439,221,218,21,239,4665.33793489522,12.585718395776043,500.0,0.001,55.75,0.05575,-3780.666,-3772.7664,-3780.666,-7.899658,-6.70166,0.9999968255900541,0.05575,0.05575,8,438,471,6,6,1.5045056002444999,54.60926723682317,14.69999999973,10.0,446.0,0.0,-4.222422,-67.650665,54.667784892366804,0.49999999916963384,54.16778489319717,29.57266342153644,0.8807745465432458,3.9103139013452917,53.65393107969925,53.419909695761206,54.55221958833056,0.7780037515830143,0.125,28.558809608868884,28.324788224930842,29.457098117500195,0.6,22,50,0,0.0,0.38709090909090904,525,203,0.38666666666666666,0.04,0.9121338912133892,0.48878923766816146,0.11949292723376102,0.13100371380215084,0.05439773258832169,61.48780367915167,0.4644629975383584,2.838268792710706,2.3043478260869565,2.770642201834862,0.0045871559633027525
240,template_deposition,C,C,none,0,1.0,template_site:index=464:site=C:neigh=1:ahead0=29.514:mode=shell,x,yz,440,221,219,21,240,4681.025815044998,15.687880149777985,500.0,0.001,55.75,0.05575,-3787.3857,-3780.666,-3787.3857,-6.7197266,-6.151123,0.9036669088853624,0.05575,0.05575,9,439,464,5,5,1.479317624523589,54.60926723682317,1.9199999998100001,10.0,446.0,0.0,-4.2374887,-67.89206,54.667784892366804,0.49999999916963384,54.16778489319717,29.57266342153644,0.9202536603759517,3.928251121076233,53.812112629829315,53.95209295144416,54.62377197974473,0.8251069717288777,0.125,28.71699115899895,28.856971480613794,29.528650508914367,0.6,22,50,0,0.0,0.3889090909090909,525,204,0.38857142857142857,0.04,0.9125,0.4910313901345291,0.11965412982916229,0.13112781351141073,0.05469903077904562,61.48780367915167,0.46703556544069347,2.8363636363636364,2.2916666666666665,2.767123287671233,0.0045662100456621
241,template_deposition,C,C,none,0,1.0,template_site:index=465:site=C:neigh=1:ahead0=29.514:mode=shell,x,yz,441,221,220,21,241,4715.4926928155255,34.46687777052781,500.0,0.001,55.75,0.05575,-3795.9172,-3787.3857,-3795.9172,-8.531494,-7.7319336,0.9999996664988005,0.05575,0.05575,10,440,465,5,5,1.4163944082582574,54.60926723682317,0.5000000008100001,10.0,446.0,0.0,-4.2566175,-68.19853,54.701622538051254,0.49999999916963384,54.20162253888162,29.60650106722089,0.9560751692860263,3.9461883408071747,53.83125671573525,53.96604761354445,54.7010920333448,0.8405007232037567,0.125,28.736135244904887,28.870926142714083,29.605970562514436,0.6,22,50,0,0.0,0.3907272727272727,525,205,0.3904761904761905,0.04,0.9128630705394191,0.49327354260089684,0.11923707570499953,0.1306187965677495,0.054735495704580736,61.48780367915167,0.46734691313504,2.834467120181406,2.28,2.7636363636363637,0.004545454545454545
242,template_deposition,C,C,none,0,1.0,template_site:index=466:site=C:neigh=1:ahead0=29.514:mode=shell,x,yz,442,221,221,21,242,4715.9630261347975,0.4703333192721354,500.0,0.001,55.75,0.05575,-3803.3394,-3795.9172,-3803.3394,-7.422119,-6.881836,0.964352166163516,0.05575,0.05575,10,441,466,4,4,1.5212597283082834,54.60926723682317,4.760000000040001,10.0,446.0,0.0,-4.273259,-68.465164,54.701622538051254,0.49999999916963384,54.20162253888162,29.60650106722089,0.9718598400734687,3.9641255605381165,53.98921307061434,54.45830959413077,54.7010920333448,0.8428534841469977,0.125,28.894091599783977,29.363188123300404,29.605970562514436,0.6,22,50,0,0.0,0.39254545454545453,525,206,0.3923809523809524,0.04,0.9132231404958677,0.49551569506726456,0.11939707272638007,0.13074249592662432,0.05503636495196948,61.48780367915167,0.4699158185996638,2.832579185520362,2.269230769230769,2.760180995475113,0.004524886877828055
243,template_deposition,C,C,none,0,1.0,template_site:index=467:site=C:neigh=2:ahead0=29.514:mode=shell,x,yz,443,221,222,21,243,4766.387403138924,50.42437700412654,500.0,0.001,55.75,0.05575,-3814.2378,-3803.3394,-3814.2378,-10.8984375,-10.375488,1.0,0.05575,0.05575,10,442,467,3,3,1.3904126879227228,54.60926723682317,6.17999999904,10.0,446.0,0.0,-4.297695,-68.85667,54.701622538051254,0.49999999916963384,54.20162253888162,29.60650106722089,0.9851257170097616,3.9820627802690582,54.13835209871207,54.51170339621934,54.7010920333448,0.82400918662678,0.125,29.043230627881705,29.416581925388975,29.605970562514436,0.6,22,50,0,0.0,0.39436363636363636,525,207,0.3942857142857143,0.04,0.9135802469135802,0.4977578475336323,0.11951946760445147,0.13082536318865634,0.05532043929120325,61.48780367915167,0.4723413244589387,2.835214446952596,2.3333333333333335,2.765765765765766,0.0045045045045045045
244,template_deposition,C,C,none,0,1.0,template_site:index=463:site=C:neigh=1:ahead0=29.514:mode=shell,x,yz,444,221,223,21,244,4768.607480729566,2.220077590642316,500.0,0.001,55.75,0.05575,-3821.6533,-3814.2378,-3821.6533,-7.4155273,-7.0180664,0.9999829821173543,0.05575,0.05575,9,443,463,2,2,1.4996136442406276,54.60926723682317,9.01999999927,10.0,446.0,0.0,-4.3143215,-69.123055,54.701622538051254,0.49999999916963384,54.20162253888162,29.60650106722089,0.9951962127032772,4.0,54.437384845363454,54.538613790582886,54.7010920333448,0.35913429857614526,0.125,29.34226337453309,29.443492319752522,29.605970562514436,0.6,22,50,0,0.0,0.3961818181818182,525,208,0.3961904761904762,0.04,0.9139344262295082,0.5,0.12025517776447987,0.13157965638804076,0.05589002547530112,61.48780367915167,0.4772046100010889,2.8333333333333335,2.3214285714285716,2.7623318385650224,0.004484304932735426
245,template_deposition,C,C,none,0,1.0,template_site:index=462:site=C:neigh=1:ahead0=29.514:mode=shell,x,yz,445,221,224,21,245,4769.878450657054,1.2709699274877975,500.0,0.001,55.75,0.05575,-3830.11,-3821.6533,-3830.11,-8.456787,-7.958496,0.9999999999999942,0.05575,0.05575,10,444,462,2,2,1.443011613338732,54.60926723682317,10.440000000500001,10.0,446.0,0.0,-4.333283,-69.42685,54.701622538051254,0.49999999916963384,54.20162253888162,29.60650106722089,1.0016459004112928,4.017937219730942,54.43599151439825,54.538613790582886,54.7010920333448,0.35957755786720486,0.125,29.34087004356789,29.443492319752522,29.605970562514436,0.6,23,50,0,0.0,0.39799999999999996,525,209,0.3980952380952381,0.04,0.9142857142857143,0.5022421524663677,0.1197586532390526,0.1309860269802138,0.055887371511557885,61.48780367915167,0.4771819497191821,2.831460674157303,2.310344827586207,2.7589285714285716,0.004464285714285714
246,template_deposition,C,C,none,0,1.0,template_site:index=472:site=C:neigh=2:ahead0=29.514:mode=shell,x,yz,446,221,225,21,246,4771.0670848814925,1.1886342244391723,500.0,0.001,55.75,0.05575,-3840.5295,-3830.11,-3840.5295,-10.419434,-6.5456543,1.0,0.05575,0.05575,11,445,472,1,1,1.0175701067114957,54.60926723682317,21.79999999919,10.0,446.0,0.0,-4.356645,-69.801155,54.75366844136669,0.49999999916963384,54.25366844219706,29.658546970536328,1.0137248703757795,4.0358744394618835,54.57986133331437,54.579347765151425,54.7150870450973,0.10556657919019158,0.125,29.484739862484005,29.48422629432106,29.619965574266935,0.6,23,50,0,0.0,0.39981818181818185,525,210,0.4,0.04,0.9146341463414634,0.5044843049327354,0.11985666610765856,0.1310432882777067,0.056161409261874295,61.48780367915167,0.47952176038581185,2.8340807174887894,2.3666666666666667,2.7644444444444445,0.0044444444444444444
247,template_deposition,C,C,none,0,1.0,template_site:index=479:site=C:neigh=1:ahead0=30.744:mode=shell,x,yz,447,221,226,21,247,4778.4002858470785,7.333200965586052,500.0,0.001,55.75,0.05575,-3848.5442,-3840.5295,-3848.5442,-8.014648,-7.095459,0.9999397922801755,0.05575,0.05575,8,446,479,10,10,1.4358934258565292,55.839023310406205,11.15,10.0,446.0,0.0,-4.374615,-70.089066,55.77168188278984,0.49999999916963384,55.27168188362021,30.67656041195948,0.6626723144207891,4.053811659192825,54.76660010822093,54.65897248095609,55.059072473793634,0.3897783973822162,0.125,29.671478637390564,29.563851010125724,29.96395100296327,0.6,23,50,0,0.0,0.4018181818181818,525,211,0.40190476190476193,0.04,0.9149797570850202,0.5067264573991032,0.12012744387607516,0.13128972848402903,0.056517102166458215,61.48780367915167,0.4825587655109416,2.8322147651006713,2.2857142857142856,2.7610619469026547,0.004424778761061947
248,template_deposition,C,C,none,0,1.0,template_site:index=480:site=C:neigh=2:ahead0=30.744:mode=shell,x,yz,448,221,227,21,248,4798.194580039538,19.794294192459482,500.0,0.001,55.75,0.05575,-3859.2295,-3848.5442,-3859.2295,-10.685303,-9.73291,1.0,0.05575,0.05575,9,447,480,9,9,1.3746643673394612,55.839023310406205,12.569999999,10.0,446.0,0.0,-4.3985734,-70.472916,55.83215165827898,0.49999999916963384,55.33215165910935,30.737030187448617,0.7484040268620189,4.071748878923767,54.79220195498124,54.65897248095609,55.159996651836124,0.4110636553106289,0.125,29.697080484150874,29.563851010125724,30.06487518100576,0.6,23,50,0,0.0,0.40381818181818174,525,212,0.4038095238095238,0.04,0.9153225806451613,0.5089686098654709,0.11974629227480191,0.13082414310198623,0.05656586758885881,61.48780367915167,0.48297513827478117,2.8348214285714284,2.3636363636363638,2.7665198237885464,0.004405286343612335
249,template_deposition,C,C,none,0,1.0,template_site:index=481:site=C:neigh=1:ahead0=30.744:mode=shell,x,yz,449,221,228,21,249,4821.040449860799,22.845869821260425,500.0,0.001,55.75,0.05575,-3868.4307,-3859.2295,-3868.4307,-9.201172,-6.687744,0.42133119928588014,0.05575,0.05575,9,448,481,8,8,1.3640199446396026,55.839023310406205,19.67000000069,10.0,446.0,0.0,-4.4192038,-70.80345,55.83215165827898,0.49999999916963384,55.33215165910935,30.737030187448617,0.8034765589010372,4.089686098654709,54.96378862623127,54.837602687513055,55.7592789745169,0.49581384915259524,0.125,29.868667155400907,29.74248121668269,30.66415750368654,0.6,23,50,0,0.0,0.4058181818181818,525,213,0.4057142857142857,0.04,0.9156626506024096,0.5112107623318386,0.11995448656787512,0.1310029261201794,0.056892699343620776,61.48780367915167,0.4857657188612237,2.837416481069042,2.4347826086956523,2.7719298245614037,0.0043859649122807015
250,template_deposition,C,C,none,0,1.0,template_site:index=478:site=C:neigh=1:ahead0=30.744:mode=shell,x,yz,450,221,229,21,250,4858.526172704545,37.485722843747105,500.0,0.001,55.75,0.05575,-3876.0378,-3868.4307,-3876.0378,-7.6071777,-6.6000977,0.9999998152757287,0.05575,0.05575,10,449,478,6,6,1.6201771637231743,55.839023310406205,15.409999999230001,10.0,446.0,0.0,-4.43626,-71.07673,55.81905066817991,0.49999999916963384,55.31905066901028,30.72392919734955,0.8334049996324139,4.1076233183856505,55.11940149823789,54.8924570074634,55.760957963407456,0.5141902122768054,0.125,30.024280027407528,29.797335536633035,30.665836492577093,0.6,23,50,0,0.0,0.4078181818181818,525,214,0.4076190476190476,0.04,0.916,0.5134529147982063,0.12009712010963011,0.13111039313278397,0.057189104814109576,61.48780367915167,0.4882965113549453,2.8355555555555556,2.4166666666666665,2.7685589519650655,0.004366812227074236
251,template_deposition,C,C,none,0,1.0,template_site:index=477:site=C:neigh=2:ahead0=30.744:mode=shell,x,yz,451,221,230,21,251,4877.020497974739,18.49432527019362,500.0,0.001,55.75,0.05575,-3885.9468,-3876.0378,-3885.9468,-9.908936,-8.468994,1.0,0.05575,0.05575,10,450,477,5,5,1.4948443395755673,55.839023310406205,16.83000000046,10.0,446.0,0.0,-4.4584775,-71.432686,55.81905066817991,0.49999999916963384,55.31905066901028,30.72392919734955,0.8642545742619686,4.125560538116592,55.1129030080441,54.8924570074634,55.78689923952641,0.5130323776239717,0.125,30.017781537213736,29.797335536633035,30.69177776869605,0.6,23,50,0,0.0,0.40981818181818186,525,215,0.4095238095238095,0.04,0.9163346613545816,0.515695067264574,0.11959275512834158,0.13051209364005972,0.05717672673754998,61.48780367915167,0.48819082388840795,2.838137472283814,2.48,2.773913043478261,0.004347826086956522
252,template_deposition,C,C,none,0,1.0,template_site:index=474:site=C:neigh=1:ahead0=30.744:mode=shell,x,yz,452,221,231,21,252,4892.057091808616,15.036593833877518,500.0,0.001,55.75,0.05575,-3892.5383,-3885.9468,-3892.5383,-6.5915527,-5.9174805,0.7134441414343685,0.05575,0.05575,9,451,474,4,4,1.4988150332893417,55.839023310406205,6.890000000770001,10.0,446.0,0.0,-4.4732566,-71.66947,55.82662514021114,0.49999999916963384,55.32662514104151,30.73150366938078,0.8940618718305315,4.143497757847534,55.28102740379393,55.30063939631431,55.82132300978928,0.5049998962156855,0.125,30.185905932963564,30.205517925483946,30.726201538958918,0.6,23,50,0,0.0,0.4118181818181818,525,216,0.4114285714285714,0.04,0.9166666666666666,0.5179372197309418,0.11978534100382367,0.13067491745871673,0.05749696368183536,61.48780367915167,0.49092509614550656,2.836283185840708,2.4615384615384617,2.7705627705627704,0.004329004329004329
253,template_vacancy,vac,C,vac,1,1.0,template_site:index=473:site=C:neigh=2:ahead0=30.744:mode=shell,x,yz,452,221,231,22,253,4909.760102833599,17.7030110249837,500.0,0.001,55.75,0.05575,-3892.5383,-3892.5383,-3892.5383,0.0,0.0,1.0,0.05575,0.05575,0,-1,473,3,3,1.4080989045685015,55.839023310406205,8.30999999977,10.0,446.0,0.0,-4.4732566,-71.66947,55.82662514021114,0.49999999916963384,55.32662514104151,30.73150366938078,0.8940618718305315,4.143497757847534,55.28102740379393,55.30063939631431,55.82132300978928,0.5049998962156855,0.125,30.185905932963564,30.205517925483946,30.726201538958918,0.6,23,50,0,0.0,0.4118181818181818,525,216,0.4114285714285714,0.0419047619047619,0.9130434782608695,0.5179372197309418,0.11931188115795875,0.13067491745871673,0.05749696368183536,61.48780367915167,0.49092509614550656,2.836283185840708,2.4615384615384617,2.7705627705627704,0.004329004329004329
254,template_deposition,C,C,none,0,1.0,template_site:index=476:site=C:neigh=1:ahead0=30.744:mode=shell,x,yz,453,221,232,22,254,4927.875223139493,18.115120305893175,500.0,0.001,55.75,0.05575,-3900.3691,-3892.5383,-3900.3691,-7.8308105,-7.1330566,0.9999999999999998,0.05575,0.05575,10,452,476,2,2,1.4984207342747686,55.839023310406205,4.05000000054,10.0,446.0,0.0,-4.4908147,-71.95078,55.81905066817991,0.49999999916963384,55.31905066901028,30.72392919734955,0.9117028319671261,4.161434977578475,55.441202821911205,55.71898847097805,55.812678244166676,0.4304963603687215,0.125,30.34608135108084,30.623867000147683,30.717556773336312,0.6,23,50,0,0.0,0.41381818181818175,525,217,0.41333333333333333,0.0419047619047619,0.9133858267716536,0.5201793721973094,0.11947276122472772,0.13080207478914155,0.05780205971634446,61.48780367915167,0.4935300910962627,2.834437086092715,2.4444444444444446,2.7672413793103448,0.004310344827586207
255,template_deposition,C,C,none,0,1.0,template_site:index=475:site=C:neigh=2:ahead0=30.744:mode=shell,x,yz,454,221,233,22,255,4943.832969270624,15.95774613113141,500.0,0.001,55.75,0.05575,-3910.549,-3900.3691,-3910.549,-10.179932,-9.285889,1.0,0.05575,0.05575,10,453,475,1,1,1.4198260498980118,55.839023310406205,2.62999999931,10.0,446.0,0.0,-4.5136395,-72.316475,55.81905066817991,0.49999999916963384,55.31905066901028,30.72392919734955,0.9212637159422422,4.179372197309417,55.5388655668561,55.761736477397214,55.812678244166676,0.39603704845751814,0.125,30.44374409602574,30.66661500656685,30.717556773336312,0.6,23,50,0,0.0,0.4158181818181818,525,218,0.41523809523809524,0.0419047619047619,0.9137254901960784,0.5224215246636771,0.11938723174912054,0.13065984590568988,0.05798808399242998,61.48780367915167,0.4951184181969429,2.8370044052863435,2.5,2.772532188841202,0.004291845493562232
256,template_deposition,C,C,none,0,1.0,template_site:index=488:site=C:neigh=1:ahead0=31.974:mode=shell,x,yz,455,221,234,22,256,5001.28174306191,57.44877379128564,500.0,0.001,55.75,0.05575,-3918.7188,-3910.549,-3918.7188,-8.169678,-7.657715,0.9999999999956233,0.05575,0.05575,8,454,488,7,7,1.4557793703865125,57.06877938398924,6.17999999904,10.0,446.0,0.0,-4.531957,-72.60996,57.02282180898933,0.49999999916963384,56.522821809819696,31.927700338158964,0.6601026024240223,4.197309417040358,55.689978620036804,55.7597513882773,56.18018201042273,0.6323609735777415,0.125,30.59485714920644,30.664629917446938,31.08506053959237,0.6,23,50,0,0.0,0.41763636363636364,525,219,0.41714285714285715,0.0419047619047619,0.9140625,0.5246636771300448,0.11951116073908766,0.1307472527743865,0.058275918379440836,61.48780367915167,0.497576028391791,2.8351648351648353,2.35,2.769230769230769,0.004273504273504274
257,template_vacancy,vac,C,vac,1,1.0,template_site:index=487:site=C:neigh=2:ahead0=31.974:mode=shell,x,yz,455,221,234,23,257,5002.7758815400575,1.4941384781478249,500.0,0.001,55.75,0.05575,-3918.7188,-3918.7188,-3918.7188,0.0,0.0,1.0,0.05575,0.05575,0,-1,487,6,6,1.4643980528157874,57.06877938398924,4.760000000040001,10.0,446.0,0.0,-4.531957,-72.60996,57.02282180898933,0.49999999916963384,56.522821809819696,31.927700338158964,0.6601026024240223,4.197309417040358,55.689978620036804,55.7597513882773,56.18018201042273,0.6323609735777415,0.125,30.59485714920644,30.664629917446938,31.08506053959237,0.6,23,50,0,0.0,0.41763636363636364,525,219,0.41714285714285715,0.04380952380952381,0.9105058365758755,0.5246636771300448,0.11904613676734023,0.1307472527743865,0.058275918379440836,61.48780367915167,0.497576028391791,2.8351648351648353,2.35,2.769230769230769,0.004273504273504274
258,template_deposition,C,C,none,0,1.0,template_site:index=491:site=C:neigh=1:ahead0=31.974:mode=shell,x,yz,456,221,235,23,258,5004.694642706986,1.9187611669284035,500.0,0.001,55.75,0.05575,-3926.8691,-3918.7188,-3926.8691,-8.150391,-6.5266113,0.9992730535062252,0.05575,0.05575,9,455,491,5,5,1.4678867261367539,57.06877938398924,13.28000000073,10.0,446.0,0.0,-4.5502315,-72.90275,57.02282180898933,0.49999999916963384,56.522821809819696,31.927700338158964,0.7462585493457129,4.2152466367713,55.87705624629816,55.7597513882773,56.97909513507726,0.7365452896786827,0.125,30.781934775467796,30.664629917446938,31.883973664246895,0.6,23,50,0,0.0,0.4176363636363636,525,219,0.41714285714285715,0.04380952380952381,0.9108527131782945,0.5269058295964125,0.1193098247111155,0.13098695649135234,0.05863225671517675,61.48780367915167,0.5006185443879313,2.8333333333333335,2.3333333333333335,2.765957446808511,0.00425531914893617
259,template_deposition,C,C,none,0,1.0,template_site:index=492:site=C:neigh=2:ahead0=31.974:mode=shell,x,yz,457,221,236,23,259,5005.4700966320215,0.7754539250354139,500.0,0.001,55.75,0.05575,-3936.6038,-3926.8691,-3936.6038,-9.734619,-7.1313477,0.999999999997558,0.05575,0.05575,11,456,492,4,4,1.1321660421431918,57.06877938398924,14.69999999973,10.0,446.0,0.0,-4.572058,-73.25245,57.157047834976716,0.49999999916963384,56.657047835807084,32.06192636414635,0.8234220981721861,4.233183856502242,56.03527962367606,55.7597513882773,57.06308961678555,0.8576274600775678,0.125,30.940158152845697,30.664629917446938,31.967968145955183,0.6,23,50,0,0.0,0.41945454545454536,525,220,0.41904761904761906,0.04380952380952381,0.9111969111969112,0.5291479820627802,0.11946007008820733,0.13110236505443093,0.05893363457684895,61.48780367915167,0.5031917925430212,2.835886214442013,2.409090909090909,2.7711864406779663,0.00423728813559322
260,template_deposition,C,C,none,0,1.0,template_site:index=485:site=C:neigh=1:ahead0=31.974:mode=shell,x,yz,458,221,237,23,260,5011.446555680881,5.976459048859542,500.0,0.001,55.75,0.05575,-3943.2134,-3936.6038,-3943.2134,-6.609619,-5.979492,0.9295797389338959,0.05575,0.05575,8,457,485,3,3,1.5321657580478145,57.06877938398924,1.9199999998100001,10.0,446.0,0.0,-4.586878,-73.48988,57.157047834976716,0.49999999916963384,56.657047835807084,32.06192636414635,0.8712955794103189,4.251121076233184,56.19613270855822,56.396639177236395,57.06661511632082,0.9066734836269381,0.125,31.101011237727853,31.30151770640603,31.971493645490455,0.6,23,50,0,0.0,0.42127272727272724,525,221,0.42095238095238097,0.04380952380952381,0.9115384615384615,0.531390134529148,0.11961927399126097,0.13122789551783903,0.05924002140519591,61.48780367915167,0.5058078086512156,2.834061135371179,2.391304347826087,2.7679324894514767,0.004219409282700422
261,template_deposition,C,C,none,0,1.0,template_site:index=486:site=C:neigh=1:ahead0=31.974:mode=shell,x,yz,459,221,238,23,261,5111.540757288164,100.09420160728341,500.0,0.001,55.75,0.05575,-3953.4973,-3943.2134,-3953.4973,-10.283936,-8.376709,1.0,0.05575,0.05575,9,458,486,3,3,1.4108215197105147,57.06877938398924,0.5000000008100001,10.0,446.0,0.0,-4.609936,-73.85932,57.157047834976716,0.49999999916963384,56.657047835807084,32.06192636414635,0.8829395549393103,4.2690582959641254,56.18796945278831,56.409881804512764,57.06369115655708,0.9116152497531204,0.125,31.092847981957945,31.3147603336824,31.968569685726713,0.6,22,50,0,0.0,0.41927272727272724,525,220,0.41904761904761906,0.04380952380952381,0.9118773946360154,0.5336322869955157,0.11912968575462814,0.13064221841158802,0.059224472346586565,61.48780367915167,0.505675046456415,2.8366013071895426,2.4583333333333335,2.773109243697479,0.004201680672268907
262,template_deposition,C,C,none,0,1.0,template_site:index=490:site=C:neigh=1:ahead0=31.974:mode=shell,x,yz,460,221,239,23,262,5119.715426404228,8.174669116064125,500.0,0.001,55.75,0.05575,-3960.76,-3953.4973,-3960.76,-7.2626953,-5.8535156,0.9875604786701422,0.05575,0.05575,9,459,490,3,3,1.6332078986481802,57.06877938398924,17.539999999960003,10.0,446.0,0.0,-4.62622,-74.120224,57.101843499549545,0.49999999916963384,56.601843500379914,32.00672202871918,0.9100295036571302,4.286995515695067,56.46062734953841,57.018815472373575,57.04888278884476,0.7660855246632314,0.125,31.36550587870805,31.92369400154321,31.953761318014394,0.6,22,50,0,0.0,0.42109090909090907,525,221,0.42095238095238097,0.04380952380952381,0.9122137404580153,0.5358744394618834,0.11971567129277881,0.13123642627074497,0.059743820721348664,61.48780367915167,0.5101093875848257,2.8347826086956522,2.44,2.7698744769874475,0.0041841004184100415
263,template_deposition,C,C,none,0,1.0,template_site:index=489:site=C:neigh=1:ahead0=31.974:mode=shell,x,yz,461,221,240,23,263,5145.778311864078,26.062885459850325,500.0,0.001,55.75,0.05575,-3971.3765,-3960.76,-3971.3765,-10.616455,-8.469727,1.0,0.05575,0.05575,10,460,489,3,3,1.4646656314949011,57.06877938398924,18.95999999896,10.0,446.0,0.0,-4.650024,-74.5016,57.101843499549545,0.49999999916963384,56.601843500379914,32.00672202871918,0.9255143568576578,4.304932735426009,56.47886178853314,56.98845547759445,57.04712985592893,0.7328576583091112,0.125,31.383740317702774,31.893334006764086,31.952008385098566,0.6,22,50,0,0.0,0.42309090909090913,525,222,0.4228571428571429,0.04380952380952381,0.9125475285171103,0.5381165919282511,0.1193298110939269,0.1307655846570949,0.05977855298610052,61.48780367915167,0.5104059413386379,2.8373101952277655,2.5,2.775,0.004166666666666667
264,template_deposition,C,C,none,0,1.0,template_site:index=483:site=C:neigh=1:ahead0=31.974:mode=shell,x,yz,462,221,241,23,264,5146.624685738104,0.8463738740258485,500.0,0.001,55.75,0.05575,-3977.6855,-3971.3765,-3977.6855,-6.309082,-5.6538086,0.9999994840811847,0.05575,0.05575,8,461,483,2,2,1.46285154051144,57.06877938398924,10.440000000500001,10.0,446.0,0.0,-4.66417,-74.72824,57.101843499549545,0.49999999916963384,56.601843500379914,32.00672202871918,0.9404605258055111,4.322869955156951,56.71726924782738,57.010137411938445,57.05813398885466,0.5335184792997228,0.125,31.622147776997018,31.91501594110808,31.963012518024293,0.6,22,50,0,0.0,0.4249090909090909,525,223,0.4247619047619048,0.04380952380952381,0.9128787878787878,0.5403587443946188,0.11978086279165537,0.13121223143982166,0.060232662432375274,61.48780367915167,0.51428325431827,2.8354978354978355,2.4814814814814814,2.771784232365145,0.004149377593360996
265,template_deposition,C,C,none,0,1.0,template_site:index=484:site=C:neigh=1:ahead0=31.974:mode=shell,x,yz,463,221,242,23,265,5161.765745314176,15.141059576071296,500.0,0.001,55.75,0.05575,-3985.4575,-3977.6855,-3985.4575,-7.7719727,-7.1887207,1.0,0.05575,0.05575,10,462,484,2,2,1.3900735445205754,57.06877938398924,9.01999999927,10.0,446.0,0.0,-4.681596,-75.00744,57.13882878652224,0.49999999916963384,56.63882878735261,32.043707315691876,0.9653559474775834,4.3408071748878925,56.72981542748056,57.010567083203824,57.11293908564135,0.5420327932360809,0.125,31.634693956650196,31.91544561237346,32.01781761481099,0.6,22,50,0,0.0,0.4285454545454545,525,225,0.42857142857142855,0.04380952380952381,0.9132075471698113,0.5426008968609866,0.11937620361000074,0.13072187585392642,0.060256559917428947,61.48780367915167,0.5144872977041527,2.833693304535637,2.4642857142857144,2.768595041322314,0.004132231404958678
266,template_deposition,C,C,none,0,1.0,template_site:index=493:site=C:neigh=1:ahead0=31.974:mode=shell,x,yz,464,221,243,23,266,5192.233929167253,30.46818385307797,500.0,0.001,55.75,0.05575,-3992.1287,-3985.4575,-3992.1287,-6.6711426,-5.0302734,1.0,0.05575,0.05575,11,463,493,1,1,1.2271404344847785,57.06877938398924,21.79999999919,10.0,446.0,0.0,-4.696553,-75.24708,57.15260297438212,0.49999999916963384,56.65260297521249,32.057481503551756,0.9834475835925228,4.358744394618834,56.90641364880019,57.05537054103621,57.1429610428802,0.42162982052200115,0.125,31.811292177969825,31.960249070205847,32.04783957204984,0.6,25,50,0,0.0,0.43036363636363634,525,226,0.43047619047619046,0.04380952380952381,0.9135338345864662,0.5448430493273543,0.11959132397733017,0.13091066739905277,0.060592937481847284,61.48780367915167,0.5173593830731655,2.831896551724138,2.4482758620689653,2.765432098765432,0.00411522633744856
267,template_deposition,C,C,none,0,1.0,template_site:index=503:site=C:neigh=1:ahead0=33.203:mode=shell,x,yz,465,221,244,23,267,5195.733418083626,3.4994889163722402,500.0,0.001,55.75,0.05575,-4002.5925,-3992.1287,-4002.5925,-10.463867,-7.98584,0.9999883773808227,0.05575,0.05575,9,464,503,9,9,1.2871835489585042,58.29853545757227,21.08999999969,10.0,446.0,0.0,-4.720015,-75.62298,58.23548834321518,0.49999999916963384,57.73548834404555,33.14036687238482,0.7200813577707189,4.376681614349776,57.039899317264116,57.02802470531378,57.467826653530125,0.6096440127221361,0.125,31.94477784643375,31.93290323448342,32.37270518269976,0.6,23,50,0,0.0,0.43236363636363634,525,227,0.43238095238095237,0.04380952380952381,0.9138576779026217,0.547085201793722,0.11964336272072566,0.13092122068210554,0.06084719589796905,61.48780367915167,0.5195303122733768,2.8301075268817204,2.210526315789474,2.762295081967213,0.004098360655737705
268,template_deposition,C,C,none,0,1.0,template_site:index=496:site=C:neigh=1:ahead0=33.203:mode=shell,x,yz,466,221,245,23,268,5215.739735383556,20.006317299930124,500.0,0.001,55.75,0.05575,-4010.3647,-4002.5925,-4010.3647,-7.772217,-7.354248,0.5082597077304805,0.05575,0.05575,9,465,496,8,8,1.4324904515833299,58.29853545757227,2.62999999931,10.0,446.0,0.0,-4.7374415,-75.90218,58.28324962193765,0.49999999916963384,57.78324962276802,33.188128151107286,0.8284687181757298,4.394618834080718,57.195004300463616,57.05691833313031,58.249816726831924,0.7351175594470505,0.125,32.09988282963325,31.96179686229995,33.15469525600156,0.6,23,50,0,0.0,0.4343636363636364,525,228,0.4342857142857143,0.04380952380952381,0.914179104477612,0.5493273542600897,0.11977568220012408,0.13101992991687042,0.06114263396120619,61.48780367915167,0.5220528447744375,2.828326180257511,2.238095238095238,2.759183673469388,0.004081632653061225
269,template_deposition,C,C,none,0,1.0,template_site:index=497:site=C:neigh=1:ahead0=33.203:mode=shell,x,yz,467,221,246,23,269,5220.144805513362,4.405070129806423,500.0,0.001,55.75,0.05575,-4018.619,-4010.3647,-4018.619,-8.25415,-7.7077637,0.999872086498224,0.05575,0.05575,9,466,497,8,8,1.4368579757594369,58.29853545757227,4.05000000054,10.0,446.0,0.0,-4.7559485,-76.1987,58.328617751459426,0.49999999916963384,57.828617752289794,33.23349628062906,0.8390922933189677,4.4125560538116595,57.50052433233586,57.12033614303589,58.26533324029931,0.5969663440334754,0.125,32.40540286150549,32.02521467220553,33.17021176946895,0.6,23,50,0,0.0,0.43636363636363634,525,229,0.4361904761904762,0.04380952380952381,0.9144981412639405,0.5515695067264574,0.12046618164128436,0.1317292799248191,0.06172457687905808,61.48780367915167,0.5270216355523041,2.8265524625267666,2.1904761904761907,2.7560975609756095,0.0040650406504065045
270,template_vacancy,vac,C,vac,1,1.0,template_site:index=494:site=C:neigh=1:ahead0=33.203:mode=shell,x,yz,467,221,246,24,270,5225.236139943869,5.091334430506669,500.0,0.001,55.75,0.05575,-4018.619,-4018.619,-4018.619,0.0,0.0,0.9999999998533611,0.05575,0.05575,0,-1,494,7,7,1.3731909049000461,58.29853545757227,8.30999999977,10.0,446.0,0.0,-4.7559485,-76.1987,58.328617751459426,0.49999999916963384,57.828617752289794,33.23349628062906,0.8390922933189677,4.4125560538116595,57.50052433233586,57.12033614303589,58.26533324029931,0.5969663440334754,0.125,32.40540286150549,32.02521467220553,33.17021176946895,0.6,23,50,0,0.0,0.43636363636363634,525,229,0.4361904761904762,0.045714285714285714,0.9111111111111111,0.5515695067264574,0.1200200105981685,0.1317292799248191,0.06172457687905808,61.48780367915167,0.5270216355523041,2.8265524625267666,2.1904761904761907,2.7560975609756095,0.0040650406504065045
271,template_deposition,C,C,none,0,1.0,template_site:index=495:site=C:neigh=1:ahead0=33.203:mode=shell,x,yz,468,221,247,24,271,5285.961002031779,60.724862087910374,500.0,0.001,55.75,0.05575,-4025.9,-4018.619,-4025.9,-7.281006,-6.2768555,0.9139115155449327,0.05575,0.05575,8,467,495,6,6,1.564788385607768,58.29853545757227,6.890000000770001,10.0,446.0,0.0,-4.7722735,-76.46025,58.35353438132336,0.49999999916963384,57.853534382153725,33.25841291049299,0.877060260272083,4.430493273542601,57.66581348648462,57.70770016795661,58.272808229258494,0.5952848974571348,0.125,32.57069201565426,32.612578697126246,33.17768675842813,0.6,23,50,0,0.0,0.4383636363636363,525,230,0.4380952380952381,0.045714285714285714,0.9114391143911439,0.5538116591928252,0.1201870554083183,0.1318651498609484,0.06203941336315097,61.48780367915167,0.5297097971755629,2.824786324786325,2.1818181818181817,2.7530364372469633,0.004048582995951417
272,template_deposition,C,C,none,0,1.0,template_site:index=499:site=C:neigh=1:ahead0=33.203:mode=shell,x,yz,469,221,248,24,272,5286.318701595449,0.3576995636705334,500.0,0.001,55.75,0.05575,-4032.6067,-4025.9,-4032.6067,-6.706787,-6.168701,0.9994604218818086,0.05575,0.05575,8,468,499,5,5,1.3997675980386437,58.29853545757227,15.409999999230001,10.0,446.0,0.0,-4.7873116,-76.70119,58.35353438132336,0.49999999916963384,57.853534382153725,33.25841291049299,0.908611218149234,4.448430493273543,57.82039480672901,58.21588510311886,58.33400376675051,0.5856646354389393,0.125,32.72527333589865,33.120763632288494,33.23888229592015,0.6,23,50,0,0.0,0.4403636363636363,525,231,0.44,0.045714285714285714,0.9117647058823529,0.5560538116591929,0.12031350491139209,0.13195674732217197,0.062333853973140285,61.48780367915167,0.5322238131428758,2.8230277185501067,2.1739130434782608,2.75,0.004032258064516129
273,template_deposition,C,C,none,0,1.0,template_site:index=498:site=C:neigh=2:ahead0=33.203:mode=shell,x,yz,470,221,249,24,273,5310.147144012384,23.828442416934664,500.0,0.001,55.75,0.05575,-4044.7295,-4032.6067,-4044.7295,-12.122803,-9.718018,1.0,0.05575,0.05575,10,469,498,4,4,1.391716455692647,58.29853545757227,16.83000000046,10.0,446.0,0.0,-4.8144927,-77.13668,58.35353438132336,0.49999999916963384,57.853534382153725,33.25841291049299,0.9124674171670697,4.466367713004484,57.9399465463878,58.19746428288393,58.301498753112156,0.486874286725294,0.125,32.84482507555744,33.102342812053564,33.20637728228179,0.6,23,50,0,0.0,0.4403636363636363,525,231,0.44,0.045714285714285714,0.9120879120879121,0.5582959641255605,0.12031071456248146,0.1319069280142869,0.06256157157249036,61.48780367915167,0.5341681294544913,2.8297872340425534,2.3333333333333335,2.7630522088353415,0.004016064257028112
274,template_vacancy,vac,C,vac,1,1.0,template_site:index=501:site=C:neigh=1:ahead0=33.203:mode=shell,x,yz,470,221,249,25,274,5322.635059758629,12.487915746244655,500.0,0.001,55.75,0.05575,-4044.7295,-4044.7295,-4044.7295,0.0,0.0,0.9999999999999807,0.05575,0.05575,0,-1,501,2,2,1.4862211260315858,58.29853545757227,12.569999999,10.0,446.0,0.0,-4.8144927,-77.13668,58.35353438132336,0.49999999916963384,57.853534382153725,33.25841291049299,0.9124674171670697,4.466367713004484,57.9399465463878,58.19746428288393,58.301498753112156,0.486874286725294,0.125,32.84482507555744,33.102342812053564,33.20637728228179,0.6,23,50,0,0.0,0.4403636363636363,525,231,0.44,0.047619047619047616,0.9087591240875912,0.5582959641255605,0.11987162436334832,0.1319069280142869,0.06256157157249036,61.48780367915167,0.5341681294544913,2.8297872340425534,2.3333333333333335,2.7630522088353415,0.004016064257028112
275,template_deposition,C,C,none,0,1.0,template_site:index=500:site=C:neigh=1:ahead0=33.203:mode=shell,x,yz,471,221,250,25,275,5348.672649560725,26.037589802096747,500.0,0.001,55.75,0.05575,-4051.6653,-4044.7295,-4051.6653,-6.935791,-5.6394043,1.0,0.05575,0.05575,8,470,500,1,1,1.4298021668324317,58.29853545757227,11.15,10.0,446.0,0.0,-4.830044,-77.38583,58.35353438132336,0.49999999916963384,57.853534382153725,33.25841291049299,0.9305939279457093,4.484304932735426,58.118816603290554,58.21842900484515,58.31393739565359,0.29942548436455235,0.125,33.02369513246019,33.123307534014785,33.218815924823225,0.6,23,50,0,0.0,0.44236363636363635,525,232,0.4419047619047619,0.047619047619047616,0.9090909090909091,0.5605381165919282,0.12008616411803706,0.13209478052984075,0.06290227644278132,61.48780367915167,0.5370771625667506,2.828025477707006,2.32,2.76,0.004
276,template_deposition,C,C,none,0,1.0,template_site:index=508:site=C:neigh=1:ahead0=34.433:mode=shell,x,yz,472,221,251,25,276,5355.746443742367,7.073794181641084,500.0,0.001,55.75,0.05575,-4059.5667,-4051.6653,-4059.5667,-7.901367,-7.371826,0.9979609529474661,0.05575,0.05575,7,471,508,6,6,1.407160676915413,59.528291531155304,4.760000000040001,10.0,446.0,0.0,-4.8477597,-77.66968,59.47394063136063,0.49999999916963384,58.973940632190995,34.37881916053026,0.6896151239469559,4.502242152466367,58.25475671793072,58.20641505275204,58.65005927066477,0.5413203583214723,0.125,33.159635247100354,33.11129358192168,33.554937799834406,0.6,23,50,0,0.0,0.4441818181818181,525,233,0.4438095238095238,0.047619047619047616,0.9094202898550725,0.5627802690582959,0.1201436059677549,0.13211010058605718,0.06316120999447687,61.48780367915167,0.5392880093771119,2.8262711864406778,2.111111111111111,2.756972111553785,0.00398406374501992
277,template_deposition,C,C,none,0,1.0,template_site:index=509:site=C:neigh=2:ahead0=34.433:mode=shell,x,yz,473,221,252,25,277,5363.079770011057,7.333326268690396,500.0,0.001,55.75,0.05575,-4072.031,-4059.5667,-4072.031,-12.464355,-10.578857,1.0,0.05575,0.05575,8,472,509,5,5,1.3700268470736674,59.528291531155304,6.17999999904,10.0,446.0,0.0,-4.8757067,-78.11743,59.34217753261259,0.49999999916963384,58.84217753344296,34.247056061782224,0.7647532592697314,4.520179372197309,58.40192326091713,58.23892223616919,59.32618016038172,0.577148866060985,0.125,33.306801790086766,33.143800765338824,34.231058689551354,0.6,23,50,0,0.0,0.444,525,233,0.4438095238095238,0.047619047619047616,0.9097472924187726,0.5650224215246636,0.12024116169706414,0.13216984837336018,0.06344152721921288,61.48780367915167,0.5416814359459698,2.828752642706131,2.210526315789474,2.761904761904762,0.003968253968253968
278,template_deposition,C,C,none,0,1.0,template_site:index=504:site=C:neigh=1:ahead0=34.433:mode=shell,x,yz,474,221,253,25,278,5385.051371506481,21.971601495423513,500.0,0.001,55.75,0.05575,-4079.852,-4072.031,-4079.852,-7.821045,-6.0959473,0.9723023914692916,0.05575,0.05575,7,473,504,4,4,1.6006143141453442,59.528291531155304,10.440000000500001,10.0,446.0,0.0,-4.893243,-78.39839,59.34988170023928,0.49999999916963384,58.84988170106965,34.254760229408916,0.8165178540749812,4.538116591928251,58.62805521677904,58.307000462652255,59.3444887829006,0.5556613829552892,0.125,33.532933745948675,33.21187899182189,34.249367312070234,0.6,23,50,0,0.0,0.4439999999999999,525,233,0.4438095238095238,0.047619047619047616,0.9100719424460432,0.5672645739910314,0.12062206383434776,0.13254124010256393,0.06387225475418795,61.48780367915167,0.545359107652084,2.827004219409283,2.2,2.758893280632411,0.003952569169960474
279,template_deposition,C,C,none,0,1.0,template_site:index=505:site=C:neigh=1:ahead0=34.433:mode=shell,x,yz,475,221,254,25,279,5390.499265552604,5.447894046123158,500.0,0.001,55.75,0.05575,-4090.6138,-4079.852,-4090.6138,-10.761719,-7.7192383,1.0,0.05575,0.05575,8,474,505,4,4,1.5315435671365885,59.528291531155304,9.01999999927,10.0,446.0,0.0,-4.917372,-78.78499,59.41345742260134,0.49999999916963384,58.91345742343171,34.318335951770976,0.8450235831395452,4.556053811659193,58.612950145528835,58.25946381666655,59.34756412737834,0.560050527503179,0.125,33.51782867469847,33.16434234583619,34.25244265654798,0.6,23,50,0,0.0,0.4458181818181818,525,234,0.44571428571428573,0.047619047619047616,0.910394265232975,0.5695067264573991,0.12013558664766477,0.1319599554121987,0.06384348318990185,61.48780367915167,0.5451134480196628,2.833684210526316,2.380952380952381,2.7716535433070866,0.003937007874015748
280,template_deposition,C,C,none,0,1.0,template_site:index=513:site=C:neigh=1:ahead0=34.433:mode=shell,x,yz,476,221,255,25,280,5415.703015602096,25.203750049491976,500.0,0.001,55.75,0.05575,-4097.227,-4090.6138,-4097.227,-6.6132812,-5.8999023,0.9996869139667889,0.05575,0.05575,8,475,513,3,3,1.5368369375303912,59.528291531155304,14.69999999973,10.0,446.0,0.0,-4.9322,-79.02256,59.491377382080096,0.49999999916963384,58.991377382910464,34.39625591124973,0.8849148582061924,4.573991031390134,58.76029648967086,58.74163629071707,59.43683341044497,0.6147556682953361,0.125,33.66517501884049,33.646514819886704,34.341711939614605,0.6,23,50,0,0.0,0.4476363636363636,525,235,0.44761904761904764,0.047619047619047616,0.9107142857142857,0.5717488789237668,0.12023276792443033,0.13202029419153136,0.0641241428930295,61.48780367915167,0.5475097987644525,2.831932773109244,2.3636363636363638,2.768627450980392,0.00392156862745098
281,template_deposition,C,C,none,0,1.0,template_site:index=512:site=C:neigh=1:ahead0=34.433:mode=shell,x,yz,477,221,256,25,281,5425.527155361393,9.824139759297008,500.0,0.001,55.75,0.05575,-4105.4287,-4097.227,-4105.4287,-8.20166,-7.458496,0.999998998852311,0.05575,0.05575,10,476,512,3,3,1.4652512382858756,59.528291531155304,13.28000000073,10.0,446.0,0.0,-4.9505897,-79.31719,59.56956181490683,0.49999999916963384,59.069561815737195,34.47444034407646,0.916965566654019,4.591928251121076,58.92418902839172,59.28607933796583,59.495226354809475,0.6275611330629373,0.125,33.82906755756136,34.19095786713547,34.40010488397911,0.6,23,50,0,0.0,0.4494545454545454,525,236,0.44952380952380955,0.047619047619047616,0.9110320284697508,0.5739910313901345,0.12038814077423972,0.13214479514672406,0.06443631915725972,61.48780367915167,0.5501752466893137,2.830188679245283,2.347826086956522,2.765625,0.00390625
282,template_deposition,C,C,none,0,1.0,template_site:index=511:site=C:neigh=1:ahead0=34.433:mode=shell,x,yz,478,221,257,25,282,5425.6631182057445,0.13596284435182915,500.0,0.001,55.75,0.05575,-4112.6514,-4105.4287,-4112.6514,-7.2226562,-6.6225586,0.9999999999999993,0.05575,0.05575,9,477,511,2,2,1.490386285154779,59.528291531155304,17.539999999960003,10.0,446.0,0.0,-4.9667835,-79.576645,59.56956181490683,0.49999999916963384,59.069561815737195,34.47444034407646,0.9421929237310808,4.609865470852018,59.07938364599018,59.36803958949352,59.53746491333111,0.5972561939769756,0.125,33.98426217515981,34.272918118663156,34.44234344250074,0.6,23,50,0,0.0,0.45127272727272727,525,237,0.4514285714285714,0.047619047619047616,0.9113475177304965,0.5762331838565022,0.12051156799702062,0.13223448317182807,0.06473192795268536,61.48780367915167,0.5526992369493703,2.8284518828451883,2.3333333333333335,2.762645914396887,0.0038910505836575876
283,template_deposition,C,C,none,0,1.0,template_site:index=510:site=C:neigh=1:ahead0=34.433:mode=shell,x,yz,479,221,258,25,283,5429.477382559443,3.814264353698129,500.0,0.001,55.75,0.05575,-4121.139,-4112.6514,-4121.139,-8.487793,-7.694824,1.0,0.05575,0.05575,8,478,510,2,2,1.4213477032903088,59.528291531155304,18.95999999896,10.0,446.0,0.0,-4.9858146,-79.88156,59.59190189320492,0.49999999916963384,59.09190189403529,34.496780422374556,0.9627265071644379,4.62780269058296,59.087491258782634,59.36803958949352,59.57626383839625,0.6047719430998976,0.125,33.99236978795227,34.272918118663156,34.48114236756589,0.6,23,50,0,0.0,0.45309090909090904,525,238,0.4533333333333333,0.047619047619047616,0.911660777385159,0.57847533632287,0.12011438087615643,0.13175337127113282,0.06474737102467099,61.48780367915167,0.5528310942008469,2.826722338204593,2.32,2.75968992248062,0.003875968992248062
284,template_deposition,C,C,none,0,1.0,template_site:index=506:site=C:neigh=1:ahead0=34.433:mode=shell,x,yz,480,221,259,25,284,5470.3657904255115,40.888407866068356,500.0,0.001,55.75,0.05575,-4127.3535,-4121.139,-4127.3535,-6.2143555,-5.135742,1.0,0.05575,0.05575,8,479,506,1,1,1.591505744909729,59.528291531155304,1.9199999998100001,10.0,446.0,0.0,-4.999748,-80.1048,59.59190189320492,0.49999999916963384,59.09190189403529,34.496780422374556,0.9822914433612652,4.645739910313901,59.256432977455226,59.42209012054653,59.57626383839625,0.5071460770640794,0.125,34.16131150662486,34.326968649716164,34.48114236756589,0.6,23,50,0,0.0,0.4549090909090909,525,239,0.4552380952380952,0.047619047619047616,0.9119718309859155,0.5807174887892377,0.12028630812191853,0.13189695562403422,0.06506916477452354,61.48780367915167,0.5555786588976466,2.8291666666666666,2.3846153846153846,2.7644787644787643,0.003861003861003861
285,template_deposition,C,C,none,0,1.0,template_site:index=507:site=C:neigh=1:ahead0=34.433:mode=shell,x,yz,481,221,260,25,285,5473.4813288677415,3.1155384422303176,500.0,0.001,55.75,0.05575,-4136.405,-4127.3535,-4136.405,-9.05127,-6.5146484,1.0,0.05575,0.05575,9,480,507,1,1,1.5676153100085497,59.528291531155304,0.5000000008100001,10.0,446.0,0.0,-5.0200424,-80.42995,59.62011140973142,0.49999999916963384,59.12011141056179,34.52498993890106,0.9796554715820514,4.663677130044843,59.25762595899705,59.42209012054653,59.584726693354206,0.5040946588432862,0.125,34.16250448816669,34.326968649716164,34.48960522252384,0.6,27,50,0,0.0,0.4567272727272727,525,240,0.45714285714285713,0.047619047619047616,0.9122807017543859,0.5829596412556054,0.11986843680058487,0.13139424803141034,0.0650714371203175,61.48780367915167,0.5555980608191732,2.823284823284823,2.2962962962962963,2.753846153846154,0.0038461538461538464
286,template_deposition,C,C,none,0,1.0,template_site:index=523:site=C:neigh=1:ahead0=35.663:mode=shell,x,yz,482,221,261,25,286,5495.45932292581,21.977994058068717,500.0,0.001,55.75,0.05575,-4144.4805,-4136.405,-4144.4805,-8.075684,-7.258301,0.15300635697648388,0.05575,0.05575,8,481,523,9,9,1.3464777317700938,60.75804760473834,19.67000000069,10.0,446.0,0.0,-5.0381494,-80.720055,60.76260387285343,0.49999999916963384,60.2626038736838,35.66748240202307,0.7201314844160894,4.681614349775785,59.61581534078363,59.45484095346868,60.00430664566423,0.45061545793038954,0.125,34.52069386995326,34.35971948263832,34.909185174833866,0.6,27,50,0,0.0,0.45872727272727276,525,241,0.45904761904761904,0.047619047619047616,0.9125874125874126,0.5852017937219731,0.1207017268180184,0.13226319490403549,0.06575370260943479,61.48780367915167,0.5614234336631218,2.8257261410788383,2.2,2.7586206896551726,0.0038314176245210726
287,template_deposition,C,C,none,0,1.0,template_site:index=514:site=C:neigh=2:ahead0=34.433:mode=shell,x,yz,483,221,262,25,287,5495.95092802149,0.4916050956800749,500.0,0.001,55.75,0.05575,-4151.562,-4144.4805,-4151.562,-7.081543,-4.4624023,1.0,0.05575,0.05575,11,482,514,1,1,1.1318489325557368,59.528291531155304,21.79999999919,10.0,446.0,0.0,-5.0540276,-80.97445,60.72732305153163,0.49999999916963384,60.227323052361996,35.63220158070126,0.7165109393217188,4.699551569506727,59.61373143237921,59.44105574386497,60.02604838057344,0.4417080166533148,0.125,34.51860996154885,34.34593427303461,34.93092690974308,0.6,27,50,0,0.0,0.46054545454545454,525,242,0.46095238095238095,0.047619047619047616,0.9128919860627178,0.5874439461883408,0.12027390230504825,0.1317504197005681,0.06574973326009305,61.48780367915167,0.5613895422524725,2.8281573498964803,2.2857142857142856,2.763358778625954,0.007633587786259542
288,template_deposition,C,C,none,0,1.0,template_site:index=524:site=C:neigh=2:ahead0=35.663:mode=shell,x,yz,484,221,263,25,288,5513.6769303348365,17.726002313347,500.0,0.001,55.75,0.05575,-4163.065,-4151.562,-4163.065,-11.50293,-9.986328,1.0,0.05575,0.05575,9,483,524,9,9,1.2538949011694833,60.75804760473834,21.08999999969,10.0,446.0,0.0,-5.0798187,-81.38767,60.856050064948825,0.49999999916963384,60.35605006577919,35.76092859411846,0.8092034689959875,4.7174887892376685,59.64897077494598,59.42209012054653,60.216603671361845,0.4967656300024073,0.125,34.553849304115616,34.326968649716164,35.12148220053148,0.6,27,50,0,0.0,0.4625454545454546,525,243,0.46285714285714286,0.047619047619047616,0.9131944444444444,0.5896860986547086,0.11997864341706811,0.1313834574300974,0.06581685581736307,61.48780367915167,0.5619626533486283,2.8264462809917354,2.238095238095238,2.7604562737642584,0.0038022813688212928
289,template_deposition,C,C,none,0,1.0,template_site:index=522:site=C:neigh=1:ahead0=35.663:mode=shell,x,yz,485,221,264,25,289,5537.843258825681,24.166328490844563,500.0,0.001,55.75,0.05575,-4174.851,-4163.065,-4174.851,-11.786133,-7.322754,0.9999992141330475,0.05575,0.05575,8,484,522,8,8,1.4258143156870797,60.75804760473834,12.569999999,10.0,446.0,0.0,-5.106245,-81.811066,60.856050064948825,0.49999999916963384,60.35605006577919,35.76092859411846,0.8610766041861614,4.73542600896861,59.775803485242534,59.48328062866166,60.601084559942095,0.5629125784223799,0.125,34.68068201441217,34.388159157831296,35.50596308911173,0.6,23,50,0,0.0,0.45909090909090905,525,241,0.45904761904761904,0.047619047619047616,0.9134948096885813,0.5919282511210763,0.1200023599114608,0.13136621975156126,0.06605844193221366,61.48780367915167,0.5640253829097356,2.8329896907216496,2.3636363636363638,2.772727272727273,0.003787878787878788
290,template_deposition,C,C,none,0,1.0,template_site:index=517:site=C:neigh=1:ahead0=35.663:mode=shell,x,yz,486,221,265,25,290,5578.137307683674,40.29404885799373,500.0,0.001,55.75,0.05575,-4182.9175,-4174.851,-4182.9175,-8.066406,-6.6049805,0.9999999999939246,0.05575,0.05575,10,485,517,6,6,1.6107550881124595,60.75804760473834,2.62999999931,10.0,446.0,0.0,-5.124331,-82.10084,60.93827368095906,0.49999999916963384,60.438273681789425,35.84315221012869,0.8712609960234642,4.753363228699552,59.929944071433965,59.75914779460437,60.68223686312744,0.6171497813743411,0.125,34.8348226006036,34.664026323774,35.58711539229708,0.6,23,50,0,0.0,0.4610909090909091,525,242,0.46095238095238095,0.047619047619047616,0.9137931034482759,0.594170403587444,0.12012007793311587,0.13145216075699473,0.06635204304876877,61.48780367915167,0.5665322310482014,2.831275720164609,2.3636363636363638,2.769811320754717,0.0037735849056603774
291,template_deposition,C,C,none,0,1.0,template_site:index=518:site=C:neigh=3:ahead0=35.663:mode=shell,x,yz,487,221,266,25,291,5605.489559619449,27.352251935774472,500.0,0.001,55.75,0.05575,-4191.0264,-4182.9175,-4191.0264,-8.108887,-7.362793,1.0,0.05575,0.05575,7,486,518,5,5,1.4837821025128843,60.75804760473834,4.05000000054,10.0,446.0,0.0,-5.1425123,-82.392136,60.93827368095906,0.49999999916963384,60.438273681789425,35.84315221012869,0.8860660565838739,4.771300448430493,60.08858998213938,60.21718442309617,60.70109561644085,0.5988632843755739,0.125,34.99346851130902,35.12206295226581,35.60597414561049,0.6,23,50,0,0.0,0.46309090909090905,525,243,0.46285714285714286,0.047619047619047616,0.9140893470790378,0.5964125560538116,0.12025246911102755,0.13155439289965795,0.0666542257358267,61.48780367915167,0.5691123510266811,2.837782340862423,2.5217391304347827,2.781954887218045,0.0037593984962406013
292,template_deposition,C,C,none,0,1.0,template_site:index=516:site=C:neigh=1:ahead0=35.663:mode=shell,x,yz,488,221,267,25,292,5634.0052689380545,28.515709318605037,500.0,0.001,55.75,0.05575,-4199.1055,-4191.0264,-4199.1055,-8.079102,-5.4785156,0.9999119924846489,0.05575,0.05575,9,487,516,4,4,1.5822531595116627,60.75804760473834,6.890000000770001,10.0,446.0,0.0,-5.160627,-82.68236,60.93827368095906,0.49999999916963384,60.438273681789425,35.84315221012869,0.8992712150401457,4.789237668161435,60.264982029634226,60.486791630156986,60.79206637091475,0.5333615700291128,0.125,35.16986055880386,35.39167015932662,35.69694490008439,0.6,23,50,0,0.0,0.4630909090909091,525,243,0.46285714285714286,0.047619047619047616,0.9143835616438356,0.5986547085201793,0.12044472794110911,0.13172232419027663,0.06699021058819783,61.48780367915167,0.5719810833108145,2.8360655737704916,2.5,2.7790262172284645,0.003745318352059925
293,template_deposition,C,C,none,0,1.0,template_site:index=484:site=C:neigh=2:ahead0=31.974:mode=shell,x,yz,489,221,268,25,293,5641.687039118879,7.681770180824014,500.0,0.001,55.75,0.05575,-4206.505,-4199.1055,-4206.505,-7.399414,-2.4833984,1.0,0.05575,0.05575,16,488,484,1,1,1.1015259637361978,57.06877938398924,9.01999999927,10.0,446.0,0.0,-5.1772175,-82.94817,60.93827368095906,0.49999999916963384,60.438273681789425,35.84315221012869,0.8848225256480909,4.807174887892376,60.253662922360725,60.486791630156986,60.79206637091475,0.5486115385452603,0.125,35.15854145153036,35.39167015932662,35.69694490008439,0.6,23,50,0,0.0,0.4689090909090909,525,246,0.4685714285714286,0.047619047619047616,0.9146757679180887,0.600896860986547,0.11999502201887495,0.1311885875057103,0.06696865038386736,61.48780367915167,0.5717969962789771,2.834355828220859,2.5,2.7761194029850746,0.0037313432835820895
294,template_deposition,C,C,none,0,1.0,template_site:index=515:site=C:neigh=1:ahead0=35.663:mode=shell,x,yz,490,221,269,25,294,5661.723509451072,20.036470332192675,500.0,0.001,55.75,0.05575,-4219.143,-4206.505,-4219.143,-12.638184,-8.878906,1.0,0.05575,0.05575,11,489,515,4,4,1.4240665635469536,60.75804760473834,8.30999999977,10.0,446.0,0.0,-5.2055545,-83.402176,60.93827368095906,0.49999999916963384,60.438273681789425,35.84315221012869,0.881900118687211,4.825112107623318,60.37960019000996,60.540608752796764,60.772057678781536,0.4716465277291657,0.125,35.284478719179596,35.4454872819664,35.67693620795117,0.6,23,50,0,0.0,0.47090909090909094,525,247,0.4704761904761905,0.047619047619047616,0.9149659863945578,0.6031390134529148,0.12001523373870611,0.13116906587055613,0.06720853089367541,61.48780367915167,0.5738451629090032,2.836734693877551,2.56,2.7806691449814127,0.0037174721189591076
295,template_deposition,C,C,none,0,1.0,template_site:index=521:site=C:neigh=2:ahead0=35.663:mode=shell,x,yz,491,221,270,25,295,5682.60467422323,20.881164772158744,500.0,0.001,55.75,0.05575,-4225.937,-4219.143,-4225.937,-6.7939453,-5.430176,0.9979952494195744,0.05575,0.05575,11,490,521,3,3,1.2262208347807877,60.75804760473834,11.15,10.0,446.0,0.0,-5.2207875,-83.64624,60.93827368095906,0.49999999916963384,60.438273681789425,35.84315221012869,0.9028221186765625,4.84304932735426,60.41011160610244,60.540608752796764,60.883430208972,0.48599196981440573,0.125,35.314990135272076,35.4454872819664,35.78830873814164,0.6,23,50,0,0.0,0.4709090909090909,525,247,0.4704761904761905,0.047619047619047616,0.9152542372881356,0.6053811659192825,0.11971183096702398,0.13079625976026696,0.06726664787670872,61.48780367915167,0.5743413819031259,2.839103869653768,2.6153846153846154,2.785185185185185,0.007407407407407408
296,template_deposition,C,C,none,0,1.0,template_site:index=520:site=C:neigh=1:ahead0=35.663:mode=shell,x,yz,492,221,271,25,296,5693.3920855454635,10.787411322233025,500.0,0.001,55.75,0.05575,-4232.386,-4225.937,-4232.386,-6.4492188,-4.9868164,0.9999079126368423,0.05575,0.05575,9,491,520,2,2,1.5679139457526652,60.75804760473834,15.409999999230001,10.0,446.0,0.0,-5.2352476,-83.877914,60.93827368095906,0.49999999916963384,60.438273681789425,35.84315221012869,0.9216367592783087,4.860986547085202,60.59071771185074,60.643719067191185,60.883430208972,0.27661694633485784,0.125,35.49559624102038,35.54859759636082,35.78830873814164,0.6,28,50,0,0.0,0.4729090909090909,525,248,0.4723809523809524,0.047619047619047616,0.9155405405405406,0.6076233183856502,0.1199175548683121,0.1309800599299645,0.06761065950670549,61.48780367915167,0.5772786490511073,2.841463414634146,2.6666666666666665,2.7896678966789668,0.007380073800738007
297,template_vacancy,vac,C,vac,1,1.0,template_site:index=519:site=C:neigh=2:ahead0=35.663:mode=shell,x,yz,492,221,271,26,297,5710.039953252815,16.64786770735173,500.0,0.001,55.75,0.05575,-4232.386,-4232.386,-4232.386,0.0,0.0,1.0,0.05575,0.05575,0,-1,519,1,1,1.5915350356537934,60.75804760473834,16.83000000046,10.0,446.0,0.0,-5.2352476,-83.877914,60.93827368095906,0.49999999916963384,60.438273681789425,35.84315221012869,0.9216367592783087,4.860986547085202,60.59071771185074,60.643719067191185,60.883430208972,0.27661694633485784,0.125,35.49559624102038,35.54859759636082,35.78830873814164,0.6,28,50,0,0.0,0.4729090909090909,525,248,0.4723809523809524,0.049523809523809526,0.9124579124579124,0.6076233183856502,0.11951379205730768,0.1309800599299645,0.06761065950670549,61.48780367915167,0.5772786490511073,2.841463414634146,2.6666666666666665,2.7896678966789668,0.007380073800738007
298,template_deposition,C,C,none,0,1.0,template_site:index=534:site=C:neigh=1:ahead0=36.893:mode=shell,x,yz,493,221,272,26,298,5753.003545573091,42.96359232027564,500.0,0.001,55.75,0.05575,-4239.9336,-4232.386,-4239.9336,-7.5473633,-6.813965,0.9825504677075966,0.05575,0.05575,8,492,534,8,8,1.3608070740202878,61.98780367832137,14.69999999973,10.0,446.0,0.0,-5.25217,-84.14904,62.07233214262737,0.49999999916963384,61.572332143457736,36.977210671797,0.7050529041235698,4.878923766816143,60.810200703423575,60.67752729701146,61.34409351830825,0.5588241176985651,0.125,35.71507923259321,35.582405826181095,36.248972047477885,0.6,28,50,0,0.0,0.47654545454545455,525,250,0.47619047619047616,0.049523809523809526,0.912751677852349,0.6098654708520179,0.11984925916977587,0.1313054383551221,0.0680287223477966,61.48780367915167,0.5808481860721092,2.8356997971602436,2.4,2.7794117647058822,0.007352941176470588
299,template_deposition,C,C,none,0,1.0,template_site:index=525:site=C:neigh=1:ahead0=36.893:mode=shell,x,yz,494,221,273,26,299,5769.005573873281,16.002028300189924,500.0,0.001,55.75,0.05575,-4247.829,-4239.9336,-4247.829,-7.895508,-6.9399414,0.9996672595901249,0.05575,0.05575,9,493,525,8,8,1.2205218804640927,61.98780367832137,10.440000000500001,10.0,446.0,0.0,-5.2698727,-84.43267,62.07233214262737,0.49999999916963384,61.572332143457736,36.977210671797,0.788025139341758,4.896860986547085,60.982179635025624,60.80715805153347,62.0252832625643,0.6797606366864613,0.125,35.88705816419526,35.712036580703106,36.93016179173394,0.6,28,50,0,0.0,0.47836363636363627,525,251,0.4780952380952381,0.049523809523809526,0.9130434782608695,0.6121076233183856,0.12002360590031859,0.13145442550987274,0.06835630126513383,61.48780367915167,0.5836451461407994,2.834008097165992,2.380952380952381,2.7765567765567765,0.007326007326007326
300,template_deposition,C,C,none,0,1.0,template_site:index=526:site=C:neigh=2:ahead0=36.893:mode=shell,x,yz,495,221,274,26,300,5769.865524455334,0.8599505820534035,500.0,0.001,55.75,0.05575,-4257.5337,-4247.829,-4257.5337,-9.70459,-9.262695,1.0,0.05575,0.05575,10,494,526,7,7,1.3006274359091394,61.98780367832137,9.01999999927,10.0,446.0,0.0,-5.291632,-84.781296,62.07233214262737,0.49999999916963384,61.572332143457736,36.977210671797,0.8490499945183426,4.914798206278027,60.98806382012861,60.79967009195119,62.0436943963004,0.6863498416199952,0.125,35.892942349298245,35.70454862112083,36.94857292547004,0.6,28,50,0,0.0,0.48018181818181815,525,252,0.48,0.049523809523809526,0.9133333333333333,0.6143497757847534,0.11964314116432749,0.1309961399609425,0.06836750923675856,61.48780367915167,0.5837408429253795,2.8363636363636364,2.4545454545454546,2.781021897810219,0.0072992700729927005
301,template_deposition,C,C,none,0,1.0,template_site:index=527:site=C:neigh=1:ahead0=36.893:mode=shell,x,yz,496,221,275,26,301,5788.332082627594,18.466558172260118,500.0,0.001,55.75,0.05575,-4265.1123,-4257.5337,-4265.1123,-7.5786133,-6.588379,0.9998953583836784,0.05575,0.05575,10,495,527,6,6,1.5342791925343107,61.98780367832137,1.9199999998100001,10.0,446.0,0.0,-5.3086243,-85.05354,62.07233214262737,0.49999999916963384,61.572332143457736,36.977210671797,0.8862964628228537,4.932735426008969,61.153796141318566,61.056166747544665,62.0436943963004,0.742710513901706,0.125,36.0586746704882,35.9610452767143,36.94857292547004,0.6,28,50,0,0.0,0.48200000000000004,525,253,0.4819047619047619,0.049523809523809526,0.9136212624584718,0.6165919282511211,0.11979626136374819,0.13112245334722983,0.06868318984854896,61.48780367915167,0.5864362119461167,2.8346774193548385,2.4347826086956523,2.7781818181818183,0.007272727272727273
302,template_deposition,C,C,none,0,1.0,template_site:index=528:site=C:neigh=1:ahead0=36.893:mode=shell,x,yz,497,221,276,26,302,5788.3928067232955,0.06072409570185265,500.0,0.001,55.75,0.05575,-4273.767,-4265.1123,-4273.767,-8.654785,-7.713379,0.9999999999999996,0.05575,0.05575,9,496,528,6,6,1.442053043057416,61.98780367832137,0.5000000008100001,10.0,446.0,0.0,-5.3280296,-85.36445,62.07233214262737,0.49999999916963384,61.572332143457736,36.977210671797,0.9187088128071514,4.95067264573991,61.17393253018092,61.10944883393522,62.0436943963004,0.7549703800357194,0.125,36.078811059350556,36.014327363104854,36.94857292547004,0.6,28,50,0,0.0,0.48381818181818176,525,254,0.4838095238095238,0.049523809523809526,0.9139072847682119,0.6188340807174888,0.11946626178592899,0.13072032992518318,0.06872154487495344,61.48780367915167,0.5867636978483198,2.8329979879275653,2.4166666666666665,2.7753623188405796,0.007246376811594203
303,template_deposition,C,C,none,0,1.0,template_site:index=533:site=C:neigh=1:ahead0=36.893:mode=shell,x,yz,498,221,277,26,303,5794.086272026491,5.693465303196006,500.0,0.001,55.75,0.05575,-4280.4697,-4273.767,-4280.4697,-6.7026367,-6.1953125,0.9953748879254269,0.05575,0.05575,9,497,533,4,4,1.5117884713110803,61.98780367832137,13.28000000073,10.0,446.0,0.0,-5.343058,-85.60523,62.05572560341157,0.49999999916963384,61.555725604241935,36.9606041325812,0.9740044401995387,4.968609865470852,61.28126847117456,61.5469184361197,62.03896083849286,0.7988604524451826,0.125,36.1861470003442,36.45179696528933,36.9438393676625,0.6,28,50,0,0.0,0.48563636363636364,525,255,0.4857142857142857,0.049523809523809526,0.9141914191419142,0.6210762331838565,0.11942622772390825,0.130635909748535,0.0689259942863699,61.48780367915167,0.5885093438882033,2.8313253012048194,2.423076923076923,2.7725631768953067,0.007220216606498195
304,template_deposition,C,C,none,0,1.0,template_site:index=530:site=C:neigh=1:ahead0=36.893:mode=shell,x,yz,499,221,278,26,304,5795.943678261223,1.8574062347314402,500.0,0.001,55.75,0.05575,-4287.6084,-4280.4697,-4287.6084,-7.138672,-5.9648438,0.9999967831700015,0.05575,0.05575,10,498,530,3,3,1.7072776819304758,61.98780367832137,6.17999999904,10.0,446.0,0.0,-5.359064,-85.86167,62.05572560341157,0.49999999916963384,61.555725604241935,36.9606041325812,0.9883264894014676,4.986547085201794,61.432598912583884,61.93356404662681,62.03896083849286,0.7822434626227044,0.125,36.33747744175352,36.83844257579645,36.9438393676625,0.6,28,50,0,0.0,0.4894545454545455,525,257,0.4895238095238095,0.049523809523809526,0.9144736842105263,0.6233183856502242,0.11953117579524185,0.13071035050990476,0.06921424274619718,61.48780367915167,0.5909704895521299,2.8296593186372747,2.4074074074074074,2.7697841726618706,0.007194244604316547
305,template_deposition,C,C,none,0,1.0,template_site:index=529:site=C:neigh=1:ahead0=36.893:mode=shell,x,yz,500,221,279,26,305,5812.1027113796345,16.159033118411404,500.0,0.001,55.75,0.05575,-4298.244,-4287.6084,-4298.244,-10.635742,-8.35791,1.0,0.05575,0.05575,10,499,529,3,3,1.5340254809317917,61.98780367832137,4.760000000040001,10.0,446.0,0.0,-5.382911,-86.243744,62.05572560341157,0.49999999916963384,61.555725604241935,36.9606041325812,0.9914410208193737,5.004484304932736,61.60902807425248,61.91602287575234,62.03896083849286,0.6743271539222948,0.125,36.513906603422114,36.820901404921976,36.9438393676625,0.6,28,50,0,0.0,0.49127272727272725,525,258,0.49142857142857144,0.049523809523809526,0.9147540983606557,0.625560538116592,0.1197177265685971,0.13087421721656672,0.0695502982922326,61.48780367915167,0.5938398254384664,2.828,2.4285714285714284,2.7670250896057347,0.007168458781362007
306,template_deposition,C,C,none,0,1.0,template_site:index=531:site=C:neigh=1:ahead0=36.893:mode=shell,x,yz,501,221,280,26,306,5844.691105653906,32.588394274271444,500.0,0.001,55.75,0.05575,-4305.208,-4298.244,-4305.208,-6.963867,-5.4223633,1.0,0.05575,0.05575,8,500,531,2,2,1.3522323847858837,61.98780367832137,18.95999999896,10.0,446.0,0.0,-5.398525,-86.49391,62.05572560341157,0.49999999916963384,61.555725604241935,36.9606041325812,1.0090219041456943,5.022421524663677,61.88697957907443,62.008519971034886,62.0526494775697,0.2446069218883218,0.125,36.791858108244064,36.91339850020452,36.95752800673934,0.6,23,50,0,0.0,0.4892727272727273,525,257,0.4895238095238095,0.049523809523809526,0.9150326797385621,0.6278026905829597,0.12023483041909824,0.1313994932437288,0.07007972972998869,61.48780367915167,0.5983602585681375,2.8303393213572856,2.4827586206896552,2.7714285714285714,0.007142857142857143
307,template_vacancy,vac,C,vac,1,1.0,template_site:index=532:site=C:neigh=1:ahead0=36.893:mode=shell,x,yz,501,221,280,27,307,5852.677579888287,7.986474234381877,500.0,0.001,55.75,0.05575,-4305.208,-4305.208,-4305.208,0.0,0.0,1.0,0.05575,0.05575,0,-1,532,1,1,1.301115536097153,61.98780367832137,17.539999999960003,10.0,446.0,0.0,-5.398525,-86.49391,62.05572560341157,0.49999999916963384,61.555725604241935,36.9606041325812,1.0090219041456943,5.022421524663677,61.88697957907443,62.008519971034886,62.0526494775697,0.2446069218883218,0.125,36.791858108244064,36.91339850020452,36.95752800673934,0.6,23,50,0,0.0,0.4892727272727273,525,257,0.4895238095238095,0.05142857142857143,0.9120521172638436,0.6278026905829597,0.11984318602033897,0.1313994932437288,0.07007972972998869,61.48780367915167,0.5983602585681375,2.8303393213572856,2.4827586206896552,2.7714285714285714,0.007142857142857143
308,template_deposition,C,C,none,0,1.0,template_site:index=543:site=C:neigh=1:ahead0=38.122:mode=shell,x,yz,502,221,281,27,308,5861.188833364963,8.511253476675662,500.0,0.001,55.75,0.05575,-4313.1455,-4305.208,-4313.1455,-7.9375,-6.65625,0.9810583164685837,0.05575,0.05575,9,501,543,8,8,1.4708670436229774,63.2175597519044,12.569999999,10.0,446.0,0.0,-5.416322,-86.77905,63.16367026437806,0.49999999916963384,62.66367026520843,38.0685487935477,0.7099222170569045,5.040358744394619,62.02719614208053,61.986695101474425,62.41155054432504,0.49186803393595635,0.125,36.93207467125016,36.89157363064406,37.316429073494675,0.6,23,50,0,0.0,0.49127272727272725,525,258,0.49142857142857144,0.05142857142857143,0.9123376623376623,0.6300448430493274,0.11990933334821481,0.13143087071619275,0.07034680889761936,61.48780367915167,0.6006406549169444,2.8286852589641436,2.3157894736842106,2.7686832740213525,0.0071174377224199285
309,template_deposition,C,C,none,0,1.0,template_site:index=542:site=C:neigh=2:ahead0=38.122:mode=shell,x,yz,503,221,282,27,309,5895.7166202955395,34.52778693057645,500.0,0.001,55.75,0.05575,-4324.6885,-4313.1455,-4324.6885,-11.542969,-9.20166,1.0,0.05575,0.05575,10,502,542,7,7,1.3563397764549652,63.2175597519044,11.15,10.0,446.0,0.0,-5.442203,-87.19371,63.32390727895772,0.49999999916963384,62.82390727978809,38.228785808127355,0.8150445539441078,5.058295964125561,62.05808600862048,61.980763687261025,62.52874297101572,0.5410321534890749,0.125,36.962964537790114,36.88564221643066,37.43362150018535,0.6,23,50,0,0.0,0.4932727272727273,525,259,0.49333333333333335,0.05142857142857143,0.912621359223301,0.6322869955156951,0.11962124445886768,0.13107434233258905,0.07040564673864784,61.48780367915167,0.6011430287974807,2.831013916500994,2.4,2.773049645390071,0.0070921985815602835
310,template_deposition,C,C,none,0,1.0,template_site:index=536:site=C:neigh=1:ahead0=38.122:mode=shell,x,yz,504,221,283,27,310,5897.105344492185,1.3887241966456032,500.0,0.001,55.75,0.05575,-4332.148,-4324.6885,-4332.148,-7.4594727,-7.1347656,0.9999997238722093,0.05575,0.05575,10,503,536,6,6,1.4068028084932833,63.2175597519044,8.30999999977,10.0,446.0,0.0,-5.4589286,-87.46168,63.32904935682441,0.49999999916963384,62.82904935765478,38.23392788599405,0.8343250208956028,5.076233183856503,62.22069335838136,62.03798433830363,63.24218718877192,0.6543781353746052,0.125,37.125571887551,36.942862867473266,38.14706571794156,0.6,23,50,0,0.0,0.4952727272727273,525,260,0.49523809523809526,0.05142857142857143,0.9129032258064517,0.6345291479820628,0.11975990931468064,0.131185766387106,0.07071537502390667,61.48780367915167,0.6037875751958101,2.8293650793650795,2.35,2.7703180212014136,0.007067137809187279
311,template_deposition,C,C,none,0,1.0,template_site:index=537:site=C:neigh=2:ahead0=38.122:mode=shell,x,yz,505,221,284,27,311,5901.000314236447,3.8949697442612705,500.0,0.001,55.75,0.05575,-4343.246,-4332.148,-4343.246,-11.098145,-10.48291,1.0,0.05575,0.05575,10,504,537,5,5,1.376246831056445,63.2175597519044,6.890000000770001,10.0,446.0,0.0,-5.4838123,-87.86036,63.32904935682441,0.49999999916963384,62.82904935765478,38.23392788599405,0.865366212931166,5.0941704035874436,62.21434525182032,62.03798433830363,63.22852020925722,0.6528121679339127,0.125,37.119223780989955,36.942862867473266,38.133398738426855,0.6,23,50,0,0.0,0.49727272727272726,525,261,0.49714285714285716,0.05142857142857143,0.9131832797427653,0.6367713004484304,0.1193544173022185,0.13070149218658436,0.07070328339236182,61.48780367915167,0.6036843334766203,2.8316831683168315,2.4285714285714284,2.7746478873239435,0.007042253521126761
312,template_deposition,C,C,none,0,1.0,template_site:index=544:site=C:neigh=1:ahead0=38.122:mode=shell,x,yz,506,221,285,27,312,5938.0644416469995,37.06412741055291,500.0,0.001,55.75,0.05575,-4350.538,-4343.246,-4350.538,-7.291992,-6.484375,0.9999128424970893,0.05575,0.05575,7,505,544,4,4,1.45292037765383,63.2175597519044,19.67000000069,10.0,446.0,0.0,-5.500162,-88.122314,63.32904935682441,0.49999999916963384,62.82904935765478,38.23392788599405,0.8976068353245744,5.112107623318385,62.468661830113604,62.148875370198745,63.26863821822565,0.6192709719314972,0.125,37.37354035928324,37.05375389936838,38.17351674739528,0.6,27,50,0,0.0,0.5010909090909091,525,263,0.5009523809523809,0.05142857142857143,0.9134615384615384,0.6390134529147982,0.11978698833103603,0.1311352293308184,0.07118769592244427,61.48780367915167,0.6078203826290722,2.8300395256916997,2.409090909090909,2.7719298245614037,0.007017543859649123
313,template_deposition,C,C,none,0,1.0,template_site:index=545:site=C:neigh=1:ahead0=38.122:mode=shell,x,yz,507,221,286,27,313,5951.127838109117,13.063396462117831,500.0,0.001,55.75,0.05575,-4359.422,-4350.538,-4359.422,-8.883789,-7.027832,0.9999999997002944,0.05575,0.05575,9,506,545,4,4,1.4836353968289804,63.2175597519044,21.08999999969,10.0,446.0,0.0,-5.520081,-88.44145,63.32904935682441,0.49999999916963384,62.82904935765478,38.23392788599405,0.9224221800610591,5.130044843049327,62.510031381916036,62.22403857140848,63.2920112210015,0.6035842947051706,0.125,37.41490991108567,37.128917100578114,38.19688975017114,0.6,28,50,0,0.0,0.5032727272727273,525,264,0.5028571428571429,0.05142857142857143,0.9137380191693291,0.6412556053811659,0.11953645339005008,0.13082136332547437,0.07126649506873461,61.48780367915167,0.6084931916957012,2.8323471400394475,2.4782608695652173,2.7762237762237763,0.006993006993006993
314,template_vacancy,vac,C,vac,1,1.0,template_site:index=539:site=C:neigh=1:ahead0=38.122:mode=shell,x,yz,507,221,286,28,314,5968.11474616764,16.98690805852269,500.0,0.001,55.75,0.05575,-4359.422,-4359.422,-4359.422,0.0,0.0,0.999999999999688,0.05575,0.05575,0,-1,539,2,2,1.670211036875672,63.2175597519044,4.05000000054,10.0,446.0,0.0,-5.520081,-88.44145,63.32904935682441,0.49999999916963384,62.82904935765478,38.23392788599405,0.9224221800610591,5.130044843049327,62.510031381916036,62.22403857140848,63.2920112210015,0.6035842947051706,0.125,37.41490991108567,37.128917100578114,38.19688975017114,0.6,28,50,0,0.0,0.5032727272727273,525,264,0.5028571428571429,0.05333333333333334,0.910828025477707,0.6412556053811659,0.11915576404804354,0.13082136332547437,0.07126649506873461,61.48780367915167,0.6084931916957012,2.8323471400394475,2.4782608695652173,2.7762237762237763,0.006993006993006993
315,template_deposition,C,C,none,0,1.0,template_site:index=541:site=C:neigh=1:ahead0=38.122:mode=shell,x,yz,508,221,287,28,315,5971.575024514927,3.4602783472865424,500.0,0.001,55.75,0.05575,-4366.1367,-4359.422,-4366.1367,-6.7148438,-4.7475586,1.0,0.05575,0.05575,8,507,541,1,1,1.4514544692959392,63.2175597519044,15.409999999230001,10.0,446.0,0.0,-5.5351367,-88.68267,63.33173725252926,0.49999999916963384,62.83173725335963,38.236615781698895,0.9729289595868594,5.147982062780269,62.690750446723655,62.76075198475268,63.329855725535865,0.6102912890759348,0.125,37.59562897589329,37.665630513922316,38.2347342547055,0.6,28,50,0,0.0,0.5034545454545455,525,264,0.5028571428571429,0.05333333333333334,0.9111111111111111,0.6434977578475336,0.11935120309807394,0.13099522291252017,0.07161072185884436,61.48780367915167,0.6114322959406767,2.8346456692913384,2.5416666666666665,2.7804878048780486,0.006968641114982578
316,template_deposition,C,C,none,0,1.0,template_site:index=540:site=C:neigh=1:ahead0=38.122:mode=shell,x,yz,509,221,288,28,316,5998.565871593256,26.99084707832955,500.0,0.001,55.75,0.05575,-4373.14,-4366.1367,-4373.14,-7.003418,-5.852051,1.0,0.05575,0.05575,10,508,540,1,1,1.6315259518770286,63.2175597519044,16.83000000046,10.0,446.0,0.0,-5.5508394,-88.93426,63.32904935682441,0.49999999916963384,62.82904935765478,38.23392788599405,0.984162934339403,5.165919282511211,62.69714395726429,62.781472435242065,63.323859281545225,0.6085200567718173,0.125,37.602022486433924,37.6863509644117,38.22873781071486,0.6,28,50,0,0.0,0.5054545454545455,525,265,0.5047619047619047,0.05333333333333334,0.9113924050632911,0.6457399103139013,0.11899374204567698,0.13056257807789556,0.07162289997415985,61.48780367915167,0.611536276082397,2.8330058939096268,2.52,2.7777777777777777,0.006944444444444444
317,template_deposition,C,C,none,0,1.0,template_site:index=533:site=C:neigh=3:ahead0=36.893:mode=shell,x,yz,510,221,289,28,317,6001.925669431259,3.3597978380028533,500.0,0.001,55.75,0.05575,-4379.101,-4373.14,-4379.101,-5.9609375,-0.48046875,1.0,0.05575,0.05575,14,509,533,1,1,1.0569046706109577,61.98780367832137,13.28000000073,10.0,446.0,0.0,-5.5642047,-89.14839,63.3683610173951,0.49999999916963384,62.86836101822547,38.27323954656474,1.0062000882237936,5.183856502242152,62.703524689894344,62.781472435242065,63.33960995548665,0.6137756118848782,0.125,37.60840321906398,37.6863509644117,38.24448848465629,0.6,28,50,0,0.0,0.509090909090909,525,267,0.5085714285714286,0.05333333333333334,0.9116719242902208,0.647982062780269,0.11863849595919236,0.13013288311094803,0.07163505375059806,61.48780367915167,0.6116400484120017,2.835294117647059,2.6296296296296298,2.782006920415225,0.006920415224913495
318,template_deposition,C,C,none,0,1.0,template_site:index=553:site=C:neigh=1:ahead0=39.352:mode=shell,x,yz,511,221,290,28,318,6018.372790086754,16.447120655495734,500.0,0.001,55.75,0.05575,-4387.401,-4379.101,-4387.401,-8.299805,-6.9296875,0.9566355535773777,0.05575,0.05575,9,510,553,8,8,1.4657031149013997,64.44731582548744,17.539999999960003,10.0,446.0,0.0,-5.582814,-89.44655,64.38517046832374,0.49999999916963384,63.885170469154104,39.29004899749337,0.7398574026053617,5.201793721973094,62.959692935325094,63.246882835174596,63.69391518392298,0.811255007011473,0.125,37.86457146449473,38.15176136434423,38.59879371309262,0.6,28,50,0,0.0,0.510909090909091,525,268,0.5104761904761905,0.05333333333333334,0.9119496855345912,0.6502242152466368,0.11907097944809664,0.13056748780860253,0.07212299326570425,61.48780367915167,0.615806211945301,2.8336594911937376,2.473684210526316,2.779310344827586,0.006896551724137931
319,template_deposition,C,C,none,0,1.0,template_site:index=552:site=C:neigh=2:ahead0=39.352:mode=shell,x,yz,512,221,291,28,319,6055.953238989856,37.58044890310184,500.0,0.001,55.75,0.05575,-4398.231,-4387.401,-4398.231,-10.830078,-9.54834,1.0,0.05575,0.05575,9,511,552,7,7,1.3820550215770289,64.44731582548744,18.95999999896,10.0,446.0,0.0,-5.6070967,-89.835594,64.41746606794088,0.49999999916963384,63.91746606877125,39.322344597110515,0.8187102100300306,5.219730941704036,63.002513297730914,63.25636218034144,63.81541263457936,0.8393881049705513,0.125,37.90739182690055,38.16124070951108,38.720291163748996,0.6,28,50,0,0.0,0.5127272727272727,525,269,0.5123809523809524,0.05333333333333334,0.9122257053291536,0.6524663677130045,0.11883194930062868,0.1302659512951909,0.07220455586076295,61.48780367915167,0.6165026161074867,2.8359375,2.55,2.783505154639175,0.006872852233676976
320,template_deposition,C,C,none,0,1.0,template_site:index=546:site=C:neigh=1:ahead0=39.352:mode=shell,x,yz,513,221,292,28,320,6057.897105761109,1.9438667712525401,500.0,0.001,55.75,0.05575,-4405.4067,-4398.231,-4405.4067,-7.1757812,-6.786133,0.999693897039812,0.05575,0.05575,10,512,546,6,6,1.3990568898011422,64.44731582548744,10.440000000500001,10.0,446.0,0.0,-5.623186,-90.093376,64.45709739074755,0.49999999916963384,63.95709739157792,39.361975919917185,0.8752452256829575,5.237668161434978,63.2957476687383,63.40529987057695,64.42935546478287,0.8926599998913095,0.125,38.20062619790794,38.31017839974658,39.33423399395251,0.6,28,50,0,0.0,0.5145454545454545,525,270,0.5142857142857142,0.05333333333333334,0.9125,0.6547085201793722,0.11937695686846231,0.1308240623216025,0.07276309751982464,61.48780367915167,0.6212716004175705,2.834307992202729,2.5238095238095237,2.780821917808219,0.00684931506849315
321,template_vacancy,vac,C,vac,1,1.0,template_site:index=547:site=C:neigh=2:ahead0=39.352:mode=shell,x,yz,513,221,292,29,321,6062.8797585258935,4.982652764785008,500.0,0.001,55.75,0.05575,-4405.4067,-4405.4067,-4405.4067,0.0,0.0,1.0,0.05575,0.05575,0,-1,547,5,5,1.3834121734260332,64.44731582548744,9.01999999927,10.0,446.0,0.0,-5.623186,-90.093376,64.45709739074755,0.49999999916963384,63.95709739157792,39.361975919917185,0.8752452256829575,5.237668161434978,63.2957476687383,63.40529987057695,64.42935546478287,0.8926599998913095,0.125,38.20062619790794,38.31017839974658,39.33423399395251,0.6,28,50,0,0.0,0.5145454545454545,525,270,0.5142857142857142,0.05523809523809524,0.9096573208722741,0.6547085201793722,0.11900506603709637,0.1308240623216025,0.07276309751982464,61.48780367915167,0.6212716004175705,2.834307992202729,2.5238095238095237,2.780821917808219,0.00684931506849315
322,template_vacancy,vac,C,vac,1,1.0,template_site:index=556:site=C:neigh=1:ahead0=39.352:mode=shell,x,yz,513,221,292,30,322,6101.253799564228,38.37404103833444,500.0,0.001,55.75,0.05575,-4405.4067,-4405.4067,-4405.4067,0.0,0.0,0.9997641473777811,0.05575,0.05575,0,-1,556,4,4,1.3565887395040637,64.44731582548744,21.79999999919,10.0,446.0,0.0,-5.623186,-90.093376,64.45709739074755,0.49999999916963384,63.95709739157792,39.361975919917185,0.8752452256829575,5.237668161434978,63.2957476687383,63.40529987057695,64.42935546478287,0.8926599998913095,0.125,38.20062619790794,38.31017839974658,39.33423399395251,0.6,28,50,0,0.0,0.5145454545454545,525,270,0.5142857142857142,0.05714285714285714,0.906832298136646,0.6547085201793722,0.11863548508667061,0.1308240623216025,0.07276309751982464,61.48780367915167,0.6212716004175705,2.834307992202729,2.5238095238095237,2.780821917808219,0.00684931506849315
323,template_deposition,C,C,none,0,1.0,template_site:index=551:site=C:neigh=1:ahead0=39.352:mode=shell,x,yz,514,221,293,30,323,6109.625837007093,8.372037442864867,500.0,0.001,55.75,0.05575,-4412.037,-4405.4067,-4412.037,-6.630371,-6.078125,0.999988158271161,0.05575,0.05575,7,513,551,3,3,1.5020964907994576,64.44731582548744,6.17999999904,10.0,446.0,0.0,-5.638052,-90.33155,64.45709739074755,0.49999999916963384,63.95709739157792,39.361975919917185,0.9165026616217876,5.255605381165919,63.44945957847377,63.508129800143564,64.43357058748471,0.9623665800813512,0.125,38.35433810764341,38.4130083293132,39.338449116654346,0.6,28,50,0,0.0,0.5163636363636364,525,271,0.5161904761904762,0.05714285714285714,0.9071207430340558,0.6569506726457399,0.11874408082861736,0.13090217784178637,0.07305588210979697,61.48780367915167,0.6237714768245658,2.832684824902724,2.5,2.7781569965870307,0.006825938566552901
324,template_deposition,C,C,none,0,1.0,template_site:index=550:site=C:neigh=1:ahead0=39.352:mode=shell,x,yz,515,221,294,30,324,6119.3157402623965,9.689903255303804,500.0,0.001,55.75,0.05575,-4420.472,-4412.037,-4420.472,-8.435059,-7.8271484,1.0,0.05575,0.05575,7,514,550,3,3,1.4240983138251393,64.44731582548744,4.760000000040001,10.0,446.0,0.0,-5.656965,-90.63457,64.46786663538698,0.49999999916963384,63.96786663621735,39.37274516455662,0.941891423258845,5.273542600896861,63.78009133930007,63.96239315760936,64.46032816413938,0.7610912846959677,0.125,38.68496986846971,38.867271686779,39.36520669330902,0.6,28,50,0,0.0,0.5181818181818181,525,272,0.518095238095238,0.05714285714285714,0.9074074074074074,0.6591928251121076,0.11939805514959786,0.13158153016486296,0.07368565689232326,61.48780367915167,0.6291486693902909,2.8310679611650484,2.4782608695652173,2.7755102040816326,0.006802721088435374
325,template_deposition,C,C,none,0,1.0,template_site:index=554:site=C:neigh=2:ahead0=39.352:mode=shell,x,yz,516,221,295,30,325,6133.767183263611,14.45144300121453,500.0,0.001,55.75,0.05575,-4428.839,-4420.472,-4428.839,-8.366699,-5.5805664,0.9999998456789955,0.05575,0.05575,10,515,554,2,2,1.3493147087207633,64.44731582548744,13.28000000073,10.0,446.0,0.0,-5.6757245,-90.935135,64.46786663538698,0.49999999916963384,63.96786663621735,39.37274516455662,0.9527056708547702,5.291479820627803,63.92168133680396,64.34632800766181,64.43258623817471,0.7436619710933895,0.125,38.82655986597359,39.25120653683145,39.33746476734434,0.6,28,50,0,0.0,0.518,525,272,0.518095238095238,0.05714285714285714,0.9076923076923077,0.6614349775784754,0.11946633804914952,0.13161545717279183,0.07395535212566398,61.48780367915167,0.6314514024370381,2.8294573643410854,2.4583333333333335,2.772881355932203,0.006779661016949152
326,template_deposition,C,C,none,0,1.0,template_site:index=555:site=C:neigh=3:ahead0=39.352:mode=shell,x,yz,517,221,296,30,326,6142.373904172613,8.606720909002615,500.0,0.001,55.75,0.05575,-4439.0894,-4428.839,-4439.0894,-10.250488,-5.8149414,1.0,0.05575,0.05575,11,516,555,1,1,1.272930103069481,64.44731582548744,14.69999999973,10.0,446.0,0.0,-5.6987076,-91.30336,64.64958114137562,0.49999999916963384,64.14958114220599,39.554459670545256,1.019712223684932,5.309417040358745,64.05839084913887,64.4176316080192,64.57929453045952,0.7949357155155106,0.125,38.96326937830851,39.32251013718884,39.48417305962916,0.6,27,50,0,0.0,0.5159999999999999,525,271,0.5161904761904762,0.05714285714285714,0.9079754601226994,0.6636771300448431,0.11951923122180524,0.13163266681860983,0.07421575119677812,61.48780367915167,0.633674762260529,2.827852998065764,2.44,2.77027027027027,0.006756756756756757
327,template_deposition,C,C,none,0,1.0,template_site:index=560:site=C:neigh=1:ahead0=40.582:mode=shell,x,yz,518,221,297,30,327,6147.212590605793,4.838686433179408,500.0,0.001,55.75,0.05575,-4446.633,-4439.0894,-4446.633,-7.543457,-7.10791,0.9999999999035099,0.05575,0.05575,5,517,560,7,7,1.4255284433364708,65.67707189907047,4.05000000054,10.0,446.0,0.0,-5.715621,-91.57435,65.62681992522128,0.49999999916963384,65.12681992605165,40.53169845439092,0.6972836979313634,5.327354260089686,64.19508317912862,64.40566315440742,64.94275277652932,0.9461801764130232,0.125,39.09996170829825,39.31054168357706,39.847631305698954,0.6,27,50,0,0.0,0.518,525,272,0.518095238095238,0.05714285714285714,0.908256880733945,0.6659192825112108,0.11957174834341973,0.13164970272154294,0.07447611753961572,61.48780367915167,0.6358978426408758,2.8262548262548264,2.25,2.7676767676767677,0.006734006734006734
328,template_deposition,C,C,none,0,1.0,template_site:index=559:site=C:neigh=1:ahead0=40.582:mode=shell,x,yz,519,221,298,30,328,6178.014304551502,30.801713945709782,500.0,0.001,55.75,0.05575,-4454.968,-4446.633,-4454.968,-8.334961,-7.5214844,0.9999999999999936,0.05575,0.05575,4,518,559,7,7,1.4081162846577842,65.67707189907047,2.62999999931,10.0,446.0,0.0,-5.734309,-91.873764,65.71997133557645,0.49999999916963384,65.21997133640681,40.62484986474608,0.7841101035011679,5.345291479820628,64.62339575163111,64.50982827476636,65.60095790566983,0.6770543327293266,0.125,39.528274280800744,39.414706803936,40.505836434839466,0.6,27,50,0,0.0,0.5199999999999999,525,273,0.52,0.05714285714285714,0.9085365853658537,0.6681614349775785,0.1205130313439047,0.13264521570738505,0.07529195101104903,61.48780367915167,0.6428636561335396,2.8246628131021194,2.235294117647059,2.7651006711409396,0.006711409395973154
329,template_deposition,C,C,none,0,1.0,template_site:index=548:site=C:neigh=1:ahead0=39.352:mode=shell,x,yz,520,221,299,30,329,6214.824524822294,36.8102202707912,500.0,0.001,55.75,0.05575,-4462.5825,-4454.968,-4462.5825,-7.614746,-6.8569336,1.0,0.05575,0.05575,9,519,548,1,1,1.4637856405399894,64.44731582548744,1.9199999998100001,10.0,446.0,0.0,-5.751383,-92.147316,65.66131024311058,0.49999999916963384,65.16131024394095,40.56618877228021,0.761520921781839,5.36322869955157,64.61183179037221,64.50982827476636,65.55966415960627,0.6594842797422459,0.125,39.51671031954184,39.414706803936,40.46454268877591,0.6,27,50,0,0.0,0.5218181818181817,525,274,0.5219047619047619,0.05714285714285714,0.9088145896656535,0.6704035874439462,0.12011158151836426,0.13216291076769848,0.07526992441817494,61.48780367915167,0.642675586946368,2.8230769230769233,2.2222222222222223,2.762541806020067,0.006688963210702341
330,template_deposition,C,C,none,0,1.0,template_site:index=538:site=C:neigh=1:ahead0=38.122:mode=shell,x,yz,521,221,300,30,330,6229.470619142397,14.64609432010231,500.0,0.001,55.75,0.05575,-4474.424,-4462.5825,-4474.424,-11.841309,-8.365723,1.0,0.05575,0.05575,14,520,538,1,1,1.4721388510218734,63.2175597519044,2.62999999931,10.0,446.0,0.0,-5.7779326,-92.572685,65.64447748859916,0.49999999916963384,65.14447748942953,40.5493560177688,0.7701963617831125,5.381165919282512,64.61526252887691,64.50982827476636,65.56873946555342,0.658043850845824,0.125,39.52014105804655,39.414706803936,40.47361799472306,0.6,27,50,0,0.0,0.5238181818181817,525,275,0.5238095238095238,0.05714285714285714,0.9090909090909091,0.672645739910314,0.11975800320620165,0.13173380352682182,0.0752764591581839,61.48780367915167,0.6427313823773222,2.825335892514395,2.263157894736842,2.7666666666666666,0.006666666666666667
331,template_deposition,C,C,none,0,1.0,template_site:index=549:site=C:neigh=1:ahead0=39.352:mode=shell,x,yz,522,221,301,30,331,6237.575907211359,8.105288068961977,500.0,0.001,55.75,0.05575,-4483.942,-4474.424,-4483.942,-9.518066,-5.840332,1.0,0.05575,0.05575,11,521,549,1,1,1.5783650196571228,64.44731582548744,0.5000000008100001,10.0,446.0,0.0,-5.7992735,-92.914604,65.67906544247683,0.49999999916963384,65.1790654433072,40.58394397164646,0.7496039963938101,5.3991031390134525,64.62846416910034,64.50982827476636,65.59941571938091,0.660870901755673,0.125,39.533342698269976,39.414706803936,40.50429424855055,0.6,27,50,0,0.0,0.5236363636363636,525,275,0.5238095238095238,0.05714285714285714,0.9093655589123867,0.6748878923766816,0.11943608065942592,0.13134000896435208,0.07530160513956186,61.48780367915167,0.6429460857726869,2.8275862068965516,2.35,2.770764119601329,0.006644518272425249
332,template_vacancy,vac,C,vac,1,1.0,template_site:index=562:site=C:neigh=1:ahead0=40.582:mode=shell,x,yz,522,221,301,31,332,6242.087057338222,4.511150126862951,500.0,0.001,55.75,0.05575,-4483.942,-4483.942,-4483.942,0.0,0.0,0.9623508014165001,0.05575,0.05575,0,-1,562,6,6,1.4648211907125819,65.67707189907047,15.409999999230001,10.0,446.0,0.0,-5.7992735,-92.914604,65.67906544247683,0.49999999916963384,65.1790654433072,40.58394397164646,0.7496039963938101,5.3991031390134525,64.62846416910034,64.50982827476636,65.59941571938091,0.660870901755673,0.125,39.533342698269976,39.414706803936,40.50429424855055,0.6,27,50,0,0.0,0.5236363636363636,525,275,0.5238095238095238,0.05904761904761905,0.9066265060240963,0.6748878923766816,0.11907633342852403,0.13134000896435208,0.07530160513956186,61.48780367915167,0.6429460857726869,2.8275862068965516,2.35,2.770764119601329,0.006644518272425249
333,template_deposition,C,C,none,0,1.0,template_site:index=565:site=C:neigh=1:ahead0=40.582:mode=shell,x,yz,523,221,302,31,333,6254.379966572518,12.292909234296822,500.0,0.001,55.75,0.05575,-4491.461,-4483.942,-4491.461,-7.519043,-5.96875,0.9999618187976593,0.05575,0.05575,8,522,565,5,5,1.3355647496852052,65.67707189907047,19.67000000069,10.0,446.0,0.0,-5.8161325,-93.184715,65.98551366833138,0.49999999916963384,65.48551366916175,40.890392197501015,0.8375886488547697,5.417040358744394,64.94503303552204,64.62334266215424,65.77099991023319,0.639019710999213,0.125,39.84991156469168,39.52822119132388,40.67587843940282,0.6,27,50,0,0.0,0.5218181818181818,525,274,0.5219047619047619,0.05904761904761905,0.9069069069069069,0.6771300448430493,0.11966940409817321,0.1319533495519592,0.07590459345655558,61.48780367915167,0.6480945680322514,2.8260038240917784,2.3333333333333335,2.7682119205298013,0.006622516556291391
334,template_deposition,C,C,none,0,1.0,template_site:index=566:site=C:neigh=1:ahead0=40.582:mode=shell,x,yz,524,221,303,31,334,6290.142043446765,35.76207687424606,500.0,0.001,55.75,0.05575,-4502.9316,-4491.461,-4502.9316,-11.470703,-8.253906,1.0,0.05575,0.05575,11,523,566,5,5,1.3708579117338298,65.67707189907047,21.08999999969,10.0,446.0,0.0,-5.8418517,-93.59679,65.85793209532073,0.49999999916963384,65.3579320961511,40.76281062449037,0.8628357701817493,5.434977578475336,64.91507768065972,64.6544986915925,65.65307571523408,0.5871356643499243,0.125,39.81995620982936,39.55937722076213,40.55795424440372,0.6,27,50,0,0.0,0.5238181818181817,525,275,0.5238095238095238,0.05904761904761905,0.907185628742515,0.679372197309417,0.11922142577793221,0.1314189973921761,0.0758475356377702,61.48780367915167,0.6476073924775897,2.8282442748091605,2.409090909090909,2.772277227722772,0.006600660066006601
335,template_deposition,C,C,none,0,1.0,template_site:index=564:site=C:neigh=1:ahead0=40.582:mode=shell,x,yz,525,221,304,31,335,6295.735935520791,5.593892074026385,500.0,0.001,55.75,0.05575,-4510.989,-4502.9316,-4510.989,-8.057129,-5.536133,0.9325163922576983,0.05575,0.05575,9,524,564,4,4,1.372753981043754,65.67707189907047,12.569999999,10.0,446.0,0.0,-5.859917,-93.88622,65.85793209532073,0.49999999916963384,65.3579320961511,40.76281062449037,0.8952043811754307,5.452914798206278,65.04570766311724,65.13225890184383,65.78297629159563,0.6493337640798965,0.125,39.95058619228688,40.03713743101346,40.68785482076527,0.6,27,50,0,0.0,0.5258181818181817,525,276,0.5257142857142857,0.05904761904761905,0.9074626865671642,0.6816143497757847,0.11925548117100561,0.13141640194831208,0.076096354651975,61.48780367915167,0.6497318785486674,2.8304761904761904,2.4782608695652173,2.776315789473684,0.006578947368421052
336,template_deposition,C,C,none,0,1.0,template_site:index=563:site=C:neigh=1:ahead0=40.582:mode=shell,x,yz,526,221,305,31,336,6296.066714033095,0.330778512304001,500.0,0.001,55.75,0.05575,-4521.254,-4510.989,-4521.254,-10.265137,-8.157227,1.0,0.05575,0.05575,9,525,563,3,3,1.3752034476070358,65.67707189907047,11.15,10.0,446.0,0.0,-5.882933,-94.25498,65.85793209532073,0.49999999916963384,65.3579320961511,40.76281062449037,0.8934114331026934,5.4708520179372195,65.17831066799016,65.5349861207404,65.68583357893769,0.5988468676862053,0.125,40.0831891971598,40.439864649910035,40.590712108107326,0.6,27,50,0,0.0,0.5296363636363636,525,278,0.5295238095238095,0.05904761904761905,0.9077380952380952,0.6838565022421524,0.11929520594392796,0.13142029244970424,0.0763489318041139,61.48780367915167,0.6518884526485467,2.832699619771863,2.5416666666666665,2.780327868852459,0.006557377049180328
337,template_deposition,C,C,none,0,1.0,template_site:index=561:site=C:neigh=2:ahead0=40.582:mode=shell,x,yz,527,221,306,31,337,6297.639698989453,1.5729849563581033,500.0,0.001,55.75,0.05575,-4527.9287,-4521.254,-4527.9287,-6.6748047,-5.3588867,0.9999999646320997,0.05575,0.05575,9,526,561,2,2,1.6000971180862007,65.67707189907047,16.83000000046,10.0,446.0,0.0,-5.8978987,-94.49476,65.87676315844415,0.49999999916963384,65.37676315927452,40.781641687613785,0.9020091891950136,5.488789237668161,65.27364530178991,65.5349861207404,65.69148289787472,0.5737204917778418,0.125,40.17852383095955,40.439864649910035,40.59636142704436,0.6,27,50,0,0.0,0.5296363636363636,525,278,0.5295238095238095,0.05904761904761905,0.9080118694362018,0.6860986547085202,0.1192241063233221,0.13130236546065213,0.07653052158278009,61.48780367915167,0.6534389167746881,2.8349146110056926,2.6,2.784313725490196,0.006535947712418301
338,template_deposition,C,C,none,0,1.0,template_site:index=558:site=C:neigh=1:ahead0=40.582:mode=shell,x,yz,528,221,307,31,338,6298.930165234273,1.2904662448199364,500.0,0.001,55.75,0.05575,-4534.531,-4527.9287,-4534.531,-6.602051,-4.6206055,1.0,0.05575,0.05575,9,527,558,1,1,1.6374505190786999,65.67707189907047,6.890000000770001,10.0,446.0,0.0,-5.9127016,-94.731926,65.87676315844415,0.49999999916963384,65.37676315927452,40.781641687613785,0.9144074483698266,5.506726457399103,65.43154089511025,65.5330990003722,65.7157310981189,0.4338423233657611,0.125,40.33641942427988,40.43797752954184,40.62060962728853,0.6,27,50,0,0.0,0.5316363636363636,525,279,0.5314285714285715,0.05904761904761905,0.908284023668639,0.6883408071748879,0.1193385190067452,0.13138898835270318,0.07683127509386645,61.48780367915167,0.6560068340505149,2.8333333333333335,2.576923076923077,2.781758957654723,0.006514657980456026
339,template_vacancy,vac,C,vac,1,1.0,template_site:index=557:site=C:neigh=1:ahead0=40.582:mode=shell,x,yz,528,221,307,32,339,6303.943190245363,5.0130250110905115,500.0,0.001,55.75,0.05575,-4534.531,-4534.531,-4534.531,0.0,0.0,1.0,0.05575,0.05575,0,-1,557,1,1,1.5543764781688183,65.67707189907047,8.30999999977,10.0,446.0,0.0,-5.9127016,-94.731926,65.87676315844415,0.49999999916963384,65.37676315927452,40.781641687613785,0.9144074483698266,5.506726457399103,65.43154089511025,65.5330990003722,65.7157310981189,0.4338423233657611,0.125,40.33641942427988,40.43797752954184,40.62060962728853,0.6,27,50,0,0.0,0.5316363636363636,525,279,0.5314285714285715,0.06095238095238095,0.9056047197640118,0.6883408071748879,0.11898648797722679,0.13138898835270318,0.07683127509386645,61.48780367915167,0.6560068340505149,2.8333333333333335,2.576923076923077,2.781758957654723,0.006514657980456026
340,template_deposition,C,C,none,0,1.0,template_site:index=572:site=C:neigh=1:ahead0=41.812:mode=shell,x,yz,529,221,308,32,340,6327.10034038225,23.15715013688608,500.0,0.001,55.75,0.05575,-4542.2666,-4534.531,-4542.2666,-7.73584,-7.248047,0.9999999999813449,0.05575,0.05575,7,528,572,9,9,1.3854827813995334,66.9068279726535,6.17999999904,10.0,446.0,0.0,-5.9300466,-95.00982,66.91153330560023,0.49999999916963384,66.4115333064306,41.816411834769866,0.7099205401985158,5.524663677130045,65.57749834706856,65.51259242331346,66.18719420259097,0.658293096324246,0.125,40.48237687623819,40.4174709524831,41.09207273176061,0.6,27,50,0,0.0,0.5334545454545454,525,280,0.5333333333333333,0.06095238095238095,0.9058823529411765,0.6905829596412556,0.11906581434187703,0.1314362885592149,0.07710928928807274,61.48780367915167,0.6583805967030227,2.831758034026465,2.3684210526315788,2.779220779220779,0.006493506493506494
341,template_deposition,C,C,none,0,1.0,template_site:index=571:site=C:neigh=2:ahead0=41.812:mode=shell,x,yz,530,221,309,32,341,6339.454082507416,12.35374212516707,500.0,0.001,55.75,0.05575,-4550.398,-4542.2666,-4550.398,-8.131348,-7.1640625,0.9999999998978977,0.05575,0.05575,8,529,571,8,8,1.4765458428815592,66.9068279726535,4.760000000040001,10.0,446.0,0.0,-5.9482784,-95.301926,66.95156609064054,0.49999999916963384,66.45156609147091,41.856444619810176,0.8028987809017183,5.542600896860987,65.73884146661058,65.54884056356542,66.84235331618942,0.7792302782418924,0.125,40.643719995780216,40.45371909273506,41.74723184535905,0.6,27,50,0,0.0,0.5352727272727273,525,281,0.5352380952380953,0.06095238095238095,0.906158357771261,0.6928251121076233,0.11918979470903289,0.1315330744200007,0.07741660951577184,61.48780367915167,0.6610045824349563,2.8339622641509434,2.45,2.7831715210355985,0.006472491909385114
342,template_deposition,C,C,none,0,1.0,template_site:index=567:site=C:neigh=1:ahead0=41.812:mode=shell,x,yz,531,221,310,32,342,6363.420083448347,23.96600094093085,500.0,0.001,55.75,0.05575,-4557.0327,-4550.398,-4557.0327,-6.6347656,-6.164551,0.5869341337443945,0.05575,0.05575,7,530,567,7,7,1.431803619644034,66.9068279726535,10.440000000500001,10.0,446.0,0.0,-5.9631543,-95.54027,66.95156609064054,0.49999999916963384,66.45156609147091,41.856444619810176,0.8643913113464198,5.560538116591928,65.91364692138734,65.7495966380992,66.8970560805056,0.854471177398251,0.125,40.818525450556976,40.65447516726884,41.80193460967524,0.6,27,50,0,0.0,0.5370909090909091,525,282,0.5371428571428571,0.06095238095238095,0.9064327485380117,0.695067264573991,0.11935241359811981,0.13167266274373218,0.07774957228677519,61.48780367915167,0.6638475113463369,2.8323917137476458,2.4285714285714284,2.7806451612903227,0.0064516129032258064
343,template_deposition,C,C,none,0,1.0,template_site:index=568:site=C:neigh=1:ahead0=41.812:mode=shell,x,yz,532,221,311,32,343,6422.6372951868725,59.21721173852562,500.0,0.001,55.75,0.05575,-4564.822,-4557.0327,-4564.822,-7.7890625,-6.9467773,0.9999999906075753,0.05575,0.05575,9,531,568,7,7,1.4666042173986733,66.9068279726535,9.01999999927,10.0,446.0,0.0,-5.980619,-95.82008,66.96565584488283,0.49999999916963384,66.4656558457132,41.87053437405247,0.9128523379356569,5.57847533632287,65.918084172162,65.72679978268603,66.94818438072525,0.868333931062651,0.125,40.82296270133163,40.631678311855666,41.85306290989489,0.6,27,50,0,0.0,0.5389090909090909,525,283,0.539047619047619,0.06095238095238095,0.9067055393586005,0.6973094170403588,0.11901738396889688,0.13126354566344575,0.07775802419301263,61.48780367915167,0.663919676076725,2.830827067669173,2.409090909090909,2.7781350482315115,0.006430868167202572
344,template_deposition,C,C,none,0,1.0,template_site:index=569:site=C:neigh=1:ahead0=41.812:mode=shell,x,yz,533,221,312,32,344,6423.815923474548,1.1786282876752703,500.0,0.001,55.75,0.05575,-4572.744,-4564.822,-4572.744,-7.9223633,-6.1533203,0.9999971719789772,0.05575,0.05575,9,532,569,6,6,1.6131079550904879,66.9068279726535,1.9199999998100001,10.0,446.0,0.0,-5.998382,-96.104675,66.96565584488283,0.49999999916963384,66.4656558457132,41.87053437405247,0.9442407580639718,5.596412556053812,66.09393760626004,66.32609628743795,66.94818438072525,0.8892709331286305,0.125,40.99881613542968,41.230974816607585,41.85306290989489,0.6,27,50,0,0.0,0.5425454545454546,525,285,0.5428571428571428,0.06095238095238095,0.9069767441860465,0.6995515695067265,0.11918260504485371,0.13140646197253103,0.07809298311510415,61.48780367915167,0.6667796486822788,2.8292682926829267,2.391304347826087,2.7756410256410255,0.00641025641025641
345,template_deposition,C,C,none,0,1.0,template_site:index=570:site=C:neigh=2:ahead0=41.812:mode=shell,x,yz,534,221,313,32,345,6455.73312698585,31.917203511301288,500.0,0.001,55.75,0.05575,-4583.5967,-4572.744,-4583.5967,-10.852539,-9.119141,1.0,0.05575,0.05575,9,533,570,5,5,1.4513683758249543,66.9068279726535,0.5000000008100001,10.0,446.0,0.0,-6.022715,-96.49454,66.96565584488283,0.49999999916963384,66.4656558457132,41.87053437405247,0.9702113896853192,5.614349775784754,66.10294171116585,66.34642407454484,66.94818438072525,0.891429427001471,0.125,41.00782024033549,41.25130260371448,41.85306290989489,0.6,27,50,0,0.0,0.5423636363636364,525,285,0.5428571428571428,0.06095238095238095,0.9072463768115943,0.7017937219730942,0.1188632470734362,0.1310154001288674,0.07811013379111523,61.48780367915167,0.6669260859327097,2.831460674157303,2.4583333333333335,2.779552715654952,0.006389776357827476
346,template_deposition,C,C,none,0,1.0,template_site:index=573:site=C:neigh=1:ahead0=41.812:mode=shell,x,yz,535,221,314,32,346,6467.09668539255,11.363558406700637,500.0,0.001,55.75,0.05575,-4590.6987,-4583.5967,-4590.6987,-7.102051,-6.3276367,0.9999999885927983,0.05575,0.05575,9,534,573,3,3,1.6366448520747205,66.9068279726535,18.95999999896,10.0,446.0,0.0,-6.0386386,-96.74966,66.96565584488283,0.49999999916963384,66.4656558457132,41.87053437405247,0.9881376998363222,5.632286995515695,66.28078436690365,66.80944293951747,66.94818438072525,0.879723907890787,0.125,41.18566289607328,41.7143214686871,41.85306290989489,0.6,27,50,0,0.0,0.5423636363636364,525,285,0.5428571428571428,0.06095238095238095,0.9075144508670521,0.7040358744394619,0.11903370779211932,0.13116453151615695,0.07844888170680625,61.48780367915167,0.6698184100213337,2.829906542056075,2.44,2.7770700636942673,0.006369426751592357
347,template_deposition,C,C,none,0,1.0,template_site:index=574:site=C:neigh=2:ahead0=41.812:mode=shell,x,yz,536,221,315,32,347,6469.533897831036,2.4372124384853895,500.0,0.001,55.75,0.05575,-4600.606,-4590.6987,-4600.606,-9.907227,-8.689453,1.0,0.05575,0.05575,8,535,574,2,2,1.5614054004259603,66.9068279726535,17.539999999960003,10.0,446.0,0.0,-6.0608525,-97.10557,66.96565584488283,0.49999999916963384,66.4656558457132,41.87053437405247,1.005515903211697,5.650224215246637,66.28819244387714,66.81257095228531,66.94818438072525,0.8933915626554567,0.125,41.19307097304677,41.71744948145495,41.85306290989489,0.6,27,50,0,0.0,0.5441818181818182,525,286,0.5447619047619048,0.06095238095238095,0.9077809798270894,0.7062780269058296,0.11871202009523565,0.13077165388268816,0.0784629923296129,61.48780367915167,0.6699388904504632,2.832089552238806,2.5,2.780952380952381,0.006349206349206349
348,template_deposition,C,C,none,0,1.0,template_site:index=575:site=C:neigh=1:ahead0=41.812:mode=shell,x,yz,537,221,316,32,348,6471.775277278931,2.241379447895302,500.0,0.001,55.75,0.05575,-4607.6978,-4600.606,-4607.6978,-7.091797,-5.2338867,1.0,0.05575,0.05575,8,536,575,1,1,1.767788251380389,66.9068279726535,13.28000000073,10.0,446.0,0.0,-6.076753,-97.36032,66.96565584488283,0.49999999916963384,66.4656558457132,41.87053437405247,1.014599036908592,5.668161434977579,66.44345941623084,66.83629191000523,66.94818438072525,0.8651358878802655,0.125,41.34833794540047,41.741170439174866,41.85306290989489,0.6,27,50,0,0.0,0.5459999999999999,525,287,0.5466666666666666,0.06095238095238095,0.9080459770114943,0.7085201793721974,0.11881706306149561,0.13084917071329263,0.07875873894361995,61.48780367915167,0.672464057443968,2.830540037243948,2.4814814814814814,2.778481012658228,0.006329113924050633
349,template_deposition,C,C,none,0,1.0,template_site:index=576:site=C:neigh=1:ahead0=41.812:mode=shell,x,yz,538,221,317,32,349,6480.069281502028,8.29400422309724,500.0,0.001,55.75,0.05575,-4615.985,-4607.6978,-4615.985,-8.287109,-6.845703,1.0,0.05575,0.05575,9,537,576,1,1,1.5933988732516027,66.9068279726535,14.69999999973,10.0,446.0,0.0,-6.095334,-97.65802,66.96565584488283,0.49999999916963384,66.4656558457132,41.87053437405247,1.01783036650831,5.686098654708521,66.75869988031683,66.87099014910146,66.94818438072525,0.3048693752848273,0.125,41.66357840948646,41.775868678271095,41.85306290989489,0.6,33,50,0,0.0,0.5478181818181818,525,288,0.5485714285714286,0.06095238095238095,0.9083094555873925,0.7107623318385651,0.11937988082947411,0.1314308467176229,0.07935919697045041,61.48780367915167,0.6775909353811105,2.828996282527881,2.4642857142857144,2.77602523659306,0.006309148264984227
350,template_deposition,C,C,none,0,1.0,template_site:index=578:site=C:neigh=1:ahead0=43.041:mode=shell,x,yz,539,221,318,32,350,6503.907016664072,23.837735162043554,500.0,0.001,55.75,0.05575,-4624.0205,-4615.985,-4624.0205,-8.035645,-7.477051,0.999999866789504,0.05575,0.05575,7,538,578,9,9,1.3967844031771715,68.13658404623654,8.30999999977,10.0,446.0,0.0,-6.1133513,-97.946686,68.10906581044401,0.49999999916963384,67.60906581127438,43.013944339613644,0.6847895627401829,5.7040358744394615,66.90894050446431,66.87099014910146,67.35092445848262,0.5456411004884525,0.125,41.81381903363395,41.775868678271095,42.25580298765226,0.6,33,50,0,0.0,0.5498181818181819,525,289,0.5504761904761905,0.06095238095238095,0.9085714285714286,0.7130044843049327,0.11946805438181128,0.13148999696111305,0.07964536958787419,61.48780367915167,0.6800343569242095,2.8274582560296846,2.263157894736842,2.7735849056603774,0.006289308176100629
351,template_deposition,C,C,none,0,1.0,template_site:index=579:site=C:neigh=2:ahead0=43.041:mode=shell,x,yz,540,221,319,32,351,6522.220078566522,18.313061902449515,500.0,0.001,55.75,0.05575,-4634.8994,-4624.0205,-4634.8994,-10.878906,-10.256836,1.0,0.05575,0.05575,9,539,579,8,8,1.3457588618624519,68.13658404623654,6.890000000770001,10.0,446.0,0.0,-6.1377435,-98.337494,68.17385014978734,0.49999999916963384,67.67385015061771,43.07872867895698,0.7711888609721617,5.721973094170403,66.92679808375996,66.87099014910146,67.44259302182165,0.5681581283929341,0.125,41.8316766129296,41.775868678271095,42.34747155099129,0.6,33,50,0,0.0,0.5518181818181819,525,290,0.5523809523809524,0.06095238095238095,0.9088319088319088,0.7152466367713004,0.11917856584880228,0.13113378248567273,0.0796793840246278,61.48780367915167,0.6803247816625663,2.8296296296296295,2.35,2.7774294670846396,0.006269592476489028
352,template_deposition,C,C,none,0,1.0,template_site:index=583:site=C:neigh=1:ahead0=43.041:mode=shell,x,yz,541,221,320,32,352,6553.305005851954,31.084927285432368,500.0,0.001,55.75,0.05575,-4642.763,-4634.8994,-4642.763,-7.8637695,-6.783203,0.9999265500866547,0.05575,0.05575,8,540,583,7,7,1.5364789935069554,68.13658404623654,15.409999999230001,10.0,446.0,0.0,-6.1553755,-98.61999,68.17385014978734,0.49999999916963384,67.67385015061771,43.07872867895698,0.8189260431420022,5.739910313901345,67.06388323481575,66.9005981570113,68.05935447093023,0.6732936437708518,0.125,41.968761763985384,41.80547668618094,42.96423300009987,0.6,33,50,0,0.0,0.5538181818181819,525,291,0.5542857142857143,0.06095238095238095,0.9090909090909091,0.7174887892376681,0.11922943682950393,0.13115238051245431,0.0799404985980674,61.48780367915167,0.6825542506442704,2.8280961182994453,2.3333333333333335,2.775,0.00625
353,template_deposition,C,C,none,0,1.0,template_site:index=582:site=C:neigh=2:ahead0=43.041:mode=shell,x,yz,542,221,321,32,353,6556.868507798344,3.563501946390165,500.0,0.001,55.75,0.05575,-4654.321,-4642.763,-4654.321,-11.557617,-9.680664,1.0,0.05575,0.05575,9,541,582,6,6,1.4527227683807873,68.13658404623654,16.83000000046,10.0,446.0,0.0,-6.181289,-99.03517,68.17385014978734,0.49999999916963384,67.67385015061771,43.07872867895698,0.8500623299912712,5.757847533632287,67.17897605465187,66.98945479898762,68.03114509092914,0.7151463072637814,0.125,42.083854583821505,41.89433332815726,42.93602362009878,0.6,33,50,0,0.0,0.5558181818181818,525,292,0.5561904761904762,0.06095238095238095,0.9093484419263456,0.7197309417040358,0.1192177183677663,0.13110235072841592,0.08015972301680287,61.48780367915167,0.6844260498133656,2.830258302583026,2.409090909090909,2.778816199376947,0.006230529595015576
354,template_deposition,C,C,none,0,1.0,template_site:index=586:site=C:neigh=1:ahead0=43.041:mode=shell,x,yz,543,221,322,32,354,6557.156817900871,0.2883101025273002,500.0,0.001,55.75,0.05575,-4661.5117,-4654.321,-4661.5117,-7.190918,-6.7680664,0.9998968631555968,0.05575,0.05575,10,542,586,5,5,1.3057711658064626,68.13658404623654,19.67000000069,10.0,446.0,0.0,-6.1974125,-99.293495,68.21074341979006,0.49999999916963384,67.71074342062043,43.1156219489597,0.8878574786925165,5.7757847533632285,67.4546158132064,67.51013540893217,68.18491813078816,0.6189596531860291,0.125,42.35949434237604,42.41501393810181,43.0897966599578,0.6,33,50,0,0.0,0.5578181818181818,525,293,0.5580952380952381,0.06095238095238095,0.9096045197740112,0.7219730941704036,0.11965958853778542,0.1315512246657641,0.08068475112833531,61.48780367915167,0.6889088861168519,2.8287292817679557,2.391304347826087,2.7763975155279503,0.006211180124223602
355,template_deposition,C,C,none,0,1.0,template_site:index=587:site=C:neigh=1:ahead0=43.041:mode=shell,x,yz,544,221,323,32,355,6578.011969690164,20.855151789292613,500.0,0.001,55.75,0.05575,-4671.498,-4661.5117,-4671.498,-9.986328,-7.699707,0.9999999999999576,0.05575,0.05575,10,543,587,5,5,1.3928003439782521,68.13658404623654,21.08999999969,10.0,446.0,0.0,-6.2198033,-99.65224,68.26563210480168,0.49999999916963384,67.76563210563205,43.17051063397132,0.9229180988706116,5.79372197309417,67.49888889749147,67.52306396419989,68.20138473629164,0.5985746384426728,0.125,42.403767426661105,42.42794249336953,43.10626326546128,0.6,33,50,0,0.0,0.5618181818181819,525,295,0.5619047619047619,0.06095238095238095,0.9098591549295775,0.7242152466367713,0.11944723218777777,0.13128101370483314,0.08076908081268781,61.48780367915167,0.689628916458415,2.8308823529411766,2.4583333333333335,2.780185758513932,0.006191950464396285
356,template_vacancy,vac,C,vac,1,1.0,template_site:index=581:site=C:neigh=1:ahead0=43.041:mode=shell,x,yz,544,221,323,33,356,6612.117152342544,34.10518265237958,500.0,0.001,55.75,0.05575,-4671.498,-4671.498,-4671.498,0.0,0.0,0.9999380622778178,0.05575,0.05575,0,-1,581,4,4,1.5875338645731218,68.13658404623654,4.05000000054,10.0,446.0,0.0,-6.2198033,-99.65224,68.26563210480168,0.49999999916963384,67.76563210563205,43.17051063397132,0.9229180988706116,5.79372197309417,67.49888889749147,67.52306396419989,68.20138473629164,0.5985746384426728,0.125,42.403767426661105,42.42794249336953,43.10626326546128,0.6,33,50,0,0.0,0.5618181818181819,525,295,0.5619047619047619,0.06285714285714286,0.9073033707865169,0.7242152466367713,0.11911170625466602,0.13128101370483314,0.08076908081268781,61.48780367915167,0.689628916458415,2.8308823529411766,2.4583333333333335,2.780185758513932,0.006191950464396285
357,template_deposition,C,C,none,0,1.0,template_site:index=580:site=C:neigh=1:ahead0=43.041:mode=shell,x,yz,545,221,324,33,357,6624.101140506465,11.983988163921298,500.0,0.001,55.75,0.05575,-4679.363,-4671.498,-4679.363,-7.864746,-5.862793,0.9999996084412711,0.05575,0.05575,9,544,580,3,3,1.7412874684990163,68.13658404623654,2.62999999931,10.0,446.0,0.0,-6.2374372,-99.93476,68.17385014978734,0.49999999916963384,67.67385015061771,43.07872867895698,0.9247211483627092,5.811659192825112,67.59624833600394,67.91562335694769,68.1701920850324,0.5879222853318491,0.125,42.501126865173575,42.82050188611733,43.07507061420203,0.6,33,50,0,0.0,0.5638181818181818,525,296,0.5638095238095238,0.06285714285714286,0.907563025210084,0.726457399103139,0.11905077553269909,0.13117631748510364,0.08095452736223538,61.48780367915167,0.6912123107689436,2.8293577981651374,2.44,2.7777777777777777,0.006172839506172839
358,template_deposition,C,C,none,0,1.0,template_site:index=585:site=C:neigh=1:ahead0=43.041:mode=shell,x,yz,546,221,325,33,358,6650.678039599395,26.57689909293046,500.0,0.001,55.75,0.05575,-4685.922,-4679.363,-4685.922,-6.559082,-5.227051,0.998249708258383,0.05575,0.05575,9,545,585,2,2,1.5673800710695127,68.13658404623654,12.569999999,10.0,446.0,0.0,-6.2521434,-100.17038,68.17385014978734,0.49999999916963384,67.67385015061771,43.07872867895698,0.9456335759161199,5.829596412556054,67.7817062475018,67.97569563199667,68.1701920850324,0.48486895131216823,0.125,42.68658477667144,42.88057416116631,43.07507061420203,0.6,33,50,0,0.0,0.5658181818181818,525,297,0.5657142857142857,0.06285714285714286,0.9078212290502793,0.7286995515695067,0.11923627032589787,0.13134333777437365,0.08130778052699321,61.48780367915167,0.6942284847156599,2.827838827838828,2.423076923076923,2.7753846153846156,0.006153846153846154
359,template_deposition,C,C,none,0,1.0,template_site:index=584:site=C:neigh=2:ahead0=43.041:mode=shell,x,yz,547,221,326,33,359,6757.338175209054,106.66013560965928,500.0,0.001,55.75,0.05575,-4695.401,-4685.922,-4695.401,-9.479004,-7.711914,1.0,0.05575,0.05575,9,546,584,1,1,1.516706255383397,68.13658404623654,11.15,10.0,446.0,0.0,-6.273397,-100.5109,68.17385014978734,0.49999999916963384,67.67385015061771,43.07872867895698,0.9507749694128136,5.8475336322869955,67.78518540959098,67.97569563199667,68.1701920850324,0.48133085195513886,0.125,42.690063938760616,42.88057416116631,43.07507061420203,0.6,34,50,0,0.0,0.5678181818181818,525,298,0.5676190476190476,0.06285714285714286,0.9080779944289693,0.7309417040358744,0.1189138271274669,0.1309511163765663,0.08131440750240117,61.48780367915167,0.69428506767815,2.829981718464351,2.4814814814814814,2.7791411042944785,0.006134969325153374
360,template_deposition,C,C,none,0,1.0,template_site:index=590:site=C:neigh=1:ahead0=44.271:mode=shell,x,yz,548,221,327,33,360,6775.806248369576,18.468073160522128,500.0,0.001,55.75,0.05575,-4703.359,-4695.401,-4703.359,-7.958008,-7.025879,0.9999999011125138,0.05575,0.05575,7,547,590,9,9,1.5091329635101538,69.36634011981957,1.9199999998100001,10.0,446.0,0.0,-6.29124,-100.79678,69.29240641016293,0.49999999916963384,68.7924064109933,44.19728493933256,0.6643773617167184,5.865470852017937,67.94203578303728,68.03207075099581,68.50941702790001,0.6944804619689616,0.125,42.84691431220692,42.93694928016545,43.41429555706965,0.6,34,50,0,0.0,0.5696363636363637,525,299,0.5695238095238095,0.06285714285714286,0.9083333333333333,0.7331838565022422,0.119019206422797,0.13103031899757467,0.08161317011848937,61.48780367915167,0.6968359861377645,2.8284671532846715,2.3,2.776758409785933,0.0061162079510703364
361,template_deposition,C,C,none,0,1.0,template_site:index=591:site=C:neigh=1:ahead0=44.271:mode=shell,x,yz,549,221,328,33,361,6785.298151095586,9.491902726010546,500.0,0.001,55.75,0.05575,-4712.7583,-4703.359,-4712.7583,-9.399414,-7.7685547,0.9999999999999978,0.05575,0.05575,8,548,591,9,9,1.5014238178216586,69.36634011981957,0.5000000008100001,10.0,446.0,0.0,-6.312315,-101.13444,69.29326489486863,0.49999999916963384,68.793264895699,44.198143424038264,0.7456500202350616,5.883408071748879,67.96478916406936,68.03207075099581,68.61454494025521,0.7037452325589973,0.125,42.869667693238995,42.93694928016545,43.51942346942485,0.6,33,50,0,0.0,0.5694545454545454,525,299,0.5695238095238095,0.06285714285714286,0.9085872576177285,0.7354260089686099,0.11875254208653462,0.1307002063818262,0.0816565098918838,61.48780367915167,0.6972060331986549,2.830601092896175,2.380952380952381,2.7804878048780486,0.006097560975609756
362,template_deposition,C,C,none,0,1.0,template_site:index=593:site=C:neigh=1:ahead0=44.271:mode=shell,x,yz,550,221,329,33,362,6798.655051705625,13.356900610039222,500.0,0.001,55.75,0.05575,-4719.69,-4712.7583,-4719.69,-6.9316406,-6.2929688,0.5721757309574377,0.05575,0.05575,8,549,593,7,7,1.398766449956091,69.36634011981957,6.17999999904,10.0,446.0,0.0,-6.3278565,-101.38344,69.42566330913185,0.49999999916963384,68.92566330996222,44.330541838301485,0.8167861816852925,5.901345291479821,68.12554808753842,68.03207075099581,69.33298441914759,0.8501005181436664,0.125,43.030426616708056,42.93694928016545,44.23786294831723,0.6,33,50,0,0.0,0.5712727272727273,525,300,0.5714285714285714,0.06285714285714286,0.9088397790055248,0.7376681614349776,0.11886858181411065,0.13079157026355032,0.0819627173651582,61.48780367915167,0.6998205179232666,2.829090909090909,2.3636363636363638,2.778115501519757,0.0060790273556231
363,template_deposition,C,C,none,0,1.0,template_site:index=592:site=C:neigh=1:ahead0=44.271:mode=shell,x,yz,551,221,330,33,363,6823.987355043132,25.332303337507188,500.0,0.001,55.75,0.05575,-4727.9604,-4719.69,-4727.9604,-8.270508,-7.916992,1.0,0.05575,0.05575,10,550,592,7,7,1.3928947400660965,69.36634011981957,4.760000000040001,10.0,446.0,0.0,-6.3464007,-101.68055,69.40585330172611,0.49999999916963384,68.90585330255648,44.31073183089575,0.8610489685811091,5.9192825112107625,68.45134373585478,68.22381672791542,69.3914986376196,0.7583875826073021,0.125,43.356222265024414,43.128695257085056,44.29637716678924,0.6,33,50,0,0.0,0.5730909090909091,525,301,0.5733333333333334,0.06285714285714286,0.9090909090909091,0.7399103139013453,0.11943862882926835,0.13138249171219518,0.08258328050480841,61.48780367915167,0.7051190589154995,2.8275862068965516,2.347826086956522,2.775757575757576,0.006060606060606061
364,template_deposition,C,C,none,0,1.0,template_site:index=596:site=C:neigh=1:ahead0=44.271:mode=shell,x,yz,552,221,331,33,364,6832.042740602229,8.055385559096631,500.0,0.001,55.75,0.05575,-4734.665,-4727.9604,-4734.665,-6.70459,-6.28125,0.9943161907139584,0.05575,0.05575,9,551,596,6,6,1.475755526948687,69.36634011981957,13.28000000073,10.0,446.0,0.0,-6.361433,-101.921394,69.40585330172611,0.49999999916963384,68.90585330255648,44.31073183089575,0.8990170288313856,5.937219730941704,68.6848887298278,68.80846492728762,69.3914986376196,0.6843841018426547,0.125,43.58976725899744,43.71334345645725,44.29637716678924,0.6,33,50,0,0.0,0.5749090909090909,525,302,0.5752380952380952,0.06285714285714286,0.9093406593406593,0.742152466367713,0.11975210785438857,0.13169113975527927,0.08302812811237607,61.48780367915167,0.7089172917356484,2.8260869565217392,2.3333333333333335,2.773413897280967,0.006042296072507553
365,template_deposition,C,C,none,0,1.0,template_site:index=597:site=C:neigh=2:ahead0=44.271:mode=shell,x,yz,553,221,332,33,365,6848.391088287501,16.3483476852717,500.0,0.001,55.75,0.05575,-4743.968,-4734.665,-4743.968,-9.302734,-8.192871,0.9999999999999996,0.05575,0.05575,9,552,597,5,5,1.4178814217907107,69.36634011981957,14.69999999973,10.0,446.0,0.0,-6.3822913,-102.255585,69.40585330172611,0.49999999916963384,68.90585330255648,44.31073183089575,0.9253511466411035,5.955156950672646,68.86427432021306,69.26740016432008,69.3914986376196,0.6201535555916207,0.125,43.76915284938269,44.172278693489716,44.29637716678924,0.6,33,50,0,0.0,0.5767272727272728,525,303,0.5771428571428572,0.06285714285714286,0.9095890410958904,0.7443946188340808,0.11991548725858271,0.1318347977391045,0.08336981495120513,61.48780367915167,0.7118347091688894,2.8282097649186255,2.4,2.7771084337349397,0.006024096385542169
366,template_deposition,C,C,none,0,1.0,template_site:index=588:site=C:neigh=1:ahead0=44.271:mode=shell,x,yz,554,221,333,33,366,6856.258112006798,7.86702371929703,500.0,0.001,55.75,0.05575,-4750.999,-4743.968,-4750.999,-7.03125,-6.565918,0.9987951466401791,0.05575,0.05575,10,553,588,4,4,1.4891046370866727,69.36634011981957,10.440000000500001,10.0,446.0,0.0,-6.3980565,-102.50817,69.40585330172611,0.49999999916963384,68.90585330255648,44.31073183089575,0.9472455181987595,5.973094170403588,69.03010428037041,69.32086313072185,69.3914986376196,0.5476284911793272,0.125,43.934982809540045,44.22574165989148,44.29637716678924,0.6,33,50,0,0.0,0.5785454545454546,525,304,0.579047619047619,0.06285714285714286,0.9098360655737705,0.7466367713004485,0.12004093663808756,0.13193688531393408,0.08368568154198104,61.48780367915167,0.7145316661300237,2.8267148014440435,2.3846153846153846,2.774774774774775,0.006006006006006006
367,template_deposition,C,C,none,0,1.0,template_site:index=589:site=C:neigh=2:ahead0=44.271:mode=shell,x,yz,555,221,334,33,367,6864.106879905238,7.848767898440651,500.0,0.001,55.75,0.05575,-4761.237,-4750.999,-4761.237,-10.237793,-8.907715,1.0,0.05575,0.05575,10,554,589,3,3,1.423475071529571,69.36634011981957,9.01999999927,10.0,446.0,0.0,-6.421011,-102.87594,69.39606195882152,0.49999999916963384,68.89606195965189,44.300940487991156,0.9654037863658418,5.99103139013453,69.02592779826477,69.31347889007884,69.38856123474824,0.5450772995328277,0.125,43.93080632743441,44.21835741924848,44.293439763917874,0.6,33,50,0,0.0,0.5803636363636364,525,305,0.580952380952381,0.06285714285714286,0.9100817438692098,0.7488789237668162,0.11970246955704199,0.13152936026177967,0.08367772633797031,61.48780367915167,0.7144637423816422,2.828828828828829,2.4444444444444446,2.7784431137724552,0.005988023952095809
368,template_deposition,C,C,none,0,1.0,template_site:index=595:site=C:neigh=1:ahead0=44.271:mode=shell,x,yz,556,221,335,33,368,6869.665573692145,5.558693786906439,500.0,0.001,55.75,0.05575,-4768.734,-4761.237,-4768.734,-7.4970703,-6.276367,0.9999975212648429,0.05575,0.05575,9,555,595,2,2,1.6334708190158838,69.36634011981957,17.539999999960003,10.0,446.0,0.0,-6.437821,-103.14526,69.39606195882152,0.49999999916963384,68.89606195965189,44.300940487991156,0.9747706105032204,6.00896860986547,69.1935241690108,69.31347889007884,69.38856123474824,0.33409916974522974,0.125,44.098402698180436,44.21835741924848,44.293439763917874,0.6,33,50,0,0.0,0.5801818181818181,525,305,0.580952380952381,0.06285714285714286,0.9103260869565217,0.7511210762331838,0.11983261602766423,0.13163702297964308,0.08399695752034368,61.48780367915167,0.7171894271633033,2.827338129496403,2.4285714285714284,2.7761194029850746,0.005970149253731343
369,template_deposition,C,C,none,0,1.0,template_site:index=594:site=C:neigh=2:ahead0=44.271:mode=shell,x,yz,557,221,336,33,369,6925.692849009311,56.027275317166456,500.0,0.001,55.75,0.05575,-4780.1416,-4768.734,-4780.1416,-11.407715,-9.586426,1.0,0.05575,0.05575,10,556,594,1,1,1.4642839982586309,69.36634011981957,18.95999999896,10.0,446.0,0.0,-6.4633985,-103.55506,69.39606195882152,0.49999999916963384,68.89606195965189,44.300940487991156,0.9799454266832077,6.026905829596412,69.1956502268063,69.30849332382901,69.38856123474824,0.32908229248620985,0.125,44.10052875597593,44.21337185299865,44.293439763917874,0.6,35,50,0,0.0,0.5840000000000001,525,307,0.5847619047619048,0.06285714285714286,0.9105691056910569,0.7533632286995515,0.11951362806497542,0.1312515736784998,0.08400100715423986,61.48780367915167,0.7172240040658479,2.829443447037702,2.4827586206896552,2.7797619047619047,0.005952380952380952
370,template_deposition,C,C,none,0,1.0,template_site:index=602:site=C:neigh=1:ahead0=45.501:mode=shell,x,yz,558,221,337,33,370,6951.46643010042,25.773581091108575,500.0,0.001,55.75,0.05575,-4787.8374,-4780.1416,-4787.8374,-7.695801,-7.166504,0.9999999987842056,0.05575,0.05575,8,557,602,9,9,1.4070318739691265,70.5960961934026,4.05000000054,10.0,446.0,0.0,-6.480654,-103.83152,70.55959187873255,0.49999999916963384,70.05959187956292,45.46447040790218,0.6765345792036397,6.044843049327354,69.33466778281405,69.30396695226685,69.71479747670847,0.5609901424894483,0.125,44.23954631198369,44.208845481436484,44.619676005878105,0.6,35,50,0,0.0,0.586,525,308,0.5866666666666667,0.06285714285714286,0.9108108108108108,0.7556053811659192,0.1195663413837397,0.1312746181364501,0.08426580249901655,61.48780367915167,0.7194849004987919,2.827956989247312,2.35,2.777448071216617,0.005934718100890208
371,template_vacancy,vac,C,vac,1,1.0,template_site:index=601:site=C:neigh=2:ahead0=45.501:mode=shell,x,yz,558,221,337,34,371,7030.284216130833,78.81778603041262,500.0,0.001,55.75,0.05575,-4787.8374,-4787.8374,-4787.8374,0.0,0.0,1.0,0.05575,0.05575,0,-1,601,8,8,1.3413284363884508,70.5960961934026,2.62999999931,10.0,446.0,0.0,-6.480654,-103.83152,70.55959187873255,0.49999999916963384,70.05959187956292,45.46447040790218,0.6765345792036397,6.044843049327354,69.33466778281405,69.30396695226685,69.71479747670847,0.5609901424894483,0.125,44.23954631198369,44.208845481436484,44.619676005878105,0.6,35,50,0,0.0,0.586,525,308,0.5866666666666667,0.06476190476190476,0.9083557951482479,0.7556053811659192,0.11924406014011775,0.1312746181364501,0.08426580249901655,61.48780367915167,0.7194849004987919,2.827956989247312,2.35,2.777448071216617,0.005934718100890208
372,template_deposition,C,C,none,0,1.0,template_site:index=605:site=C:neigh=1:ahead0=45.501:mode=shell,x,yz,559,221,338,34,372,7065.262743572006,34.97852744117319,500.0,0.001,55.75,0.05575,-4794.4355,-4787.8374,-4794.4355,-6.5981445,-6.086426,0.010897605565253725,0.05575,0.05575,9,558,605,7,7,1.5078736408899016,70.5960961934026,11.15,10.0,446.0,0.0,-6.4954476,-104.06855,70.5710460288495,0.49999999916963384,70.07104602967986,45.47592455801913,0.7617639718728678,6.062780269058296,69.49163856687967,69.31349187611424,70.56302812376764,0.6948760267159992,0.125,44.39651709604931,44.21837040528388,45.46790665293727,0.6,35,50,0,0.0,0.588,525,309,0.5885714285714285,0.06476190476190476,0.9086021505376344,0.757847533632287,0.11934547606464868,0.13135064229600388,0.08456479446866536,61.48780367915167,0.7220377772430111,2.8264758497316635,2.3333333333333335,2.775147928994083,0.005917159763313609
373,template_deposition,C,C,none,0,1.0,template_site:index=606:site=C:neigh=2:ahead0=45.501:mode=shell,x,yz,560,221,339,34,373,7077.448329588194,12.185586016187917,500.0,0.001,55.75,0.05575,-4805.5806,-4794.4355,-4805.5806,-11.14502,-10.721191,1.0,0.05575,0.05575,10,559,606,6,6,1.3864216878134272,70.5960961934026,12.569999999,10.0,446.0,0.0,-6.520437,-104.46892,70.58052392584565,0.49999999916963384,70.08052392667602,45.48540245501529,0.8206579290087728,6.0807174887892375,69.4899864523615,69.31349187611424,70.56587149286648,0.6990738356886212,0.125,44.39486498153114,44.21837040528388,45.470750022036114,0.6,35,50,0,0.0,0.59,525,310,0.5904761904761905,0.06476190476190476,0.9088471849865952,0.7600896860986547,0.11902108574137035,0.13095830378032786,0.08456164758386885,61.48780367915167,0.7220109082638101,2.8285714285714287,2.409090909090909,2.7787610619469025,0.0058997050147492625
374,template_deposition,C,C,none,0,1.0,template_site:index=599:site=C:neigh=1:ahead0=45.501:mode=shell,x,yz,561,221,340,34,374,7108.749344383718,31.301014795524768,500.0,0.001,55.75,0.05575,-4813.396,-4805.5806,-4813.396,-7.8154297,-7.178711,0.9999999995115636,0.05575,0.05575,10,560,599,5,5,1.437214752663351,70.5960961934026,8.30999999977,10.0,446.0,0.0,-6.53796,-104.74967,70.59897546554778,0.49999999916963384,70.09897546637815,45.50385399471742,0.8692219363748841,6.098654708520179,69.64424470185902,69.34129669714727,70.5860593877563,0.7851853416280826,0.125,44.54912323102866,44.24617522631691,45.49093791692593,0.6,35,50,0,0.0,0.5920000000000001,525,311,0.5923809523809523,0.06476190476190476,0.9090909090909091,0.7623318385650224,0.11911530275676112,0.13102683303243723,0.08485547282100697,61.48780367915167,0.7245196700062599,2.8270944741532977,2.391304347826087,2.776470588235294,0.0058823529411764705
375,template_deposition,C,C,none,0,1.0,template_site:index=600:site=C:neigh=2:ahead0=45.501:mode=shell,x,yz,562,221,341,34,375,7163.0342170719305,54.28487268821223,500.0,0.001,55.75,0.05575,-4824.382,-4813.396,-4824.382,-10.98584,-10.419434,1.0,0.05575,0.05575,10,561,600,4,4,1.3724715143267654,70.5960961934026,6.890000000770001,10.0,446.0,0.0,-6.562592,-105.14432,70.58207120002866,0.49999999916963384,70.08207120085903,45.4869497291983,0.9020846896801864,6.116591928251121,69.64538574322223,69.35986604292071,70.58098810810056,0.7797254931057722,0.125,44.55026427239187,44.26474457209035,45.48586663727019,0.6,35,50,0,0.0,0.5940000000000001,525,312,0.5942857142857143,0.06476190476190476,0.9093333333333333,0.7645739910313901,0.11880070472637833,0.1306459362826741,0.08485764623312737,61.48780367915167,0.7245382272045161,2.829181494661922,2.4583333333333335,2.780058651026393,0.005865102639296188
376,template_deposition,C,C,none,0,1.0,template_site:index=604:site=C:neigh=1:ahead0=45.501:mode=shell,x,yz,563,221,342,34,376,7169.04166801411,6.007450942179528,500.0,0.001,55.75,0.05575,-4831.8213,-4824.382,-4831.8213,-7.439453,-6.21875,0.9999884206748466,0.05575,0.05575,10,562,604,3,3,1.654315386448526,70.5960961934026,15.409999999230001,10.0,446.0,0.0,-6.5792723,-105.41157,70.58207120002866,0.49999999916963384,70.08207120085903,45.4869497291983,0.9225692735190303,6.134529147982063,69.81160370909767,69.96625476174378,70.56239284518908,0.7934629255790769,0.125,44.716482238267304,44.87113329091342,45.46727137435872,0.6,35,50,0,0.0,0.596,525,313,0.5961904761904762,0.06476190476190476,0.9095744680851063,0.7668161434977578,0.11892681446347687,0.13074994806510906,0.08517425188241391,61.48780367915167,0.7272414944531361,2.827708703374778,2.44,2.7777777777777777,0.005847953216374269
377,template_vacancy,vac,C,vac,1,1.0,template_site:index=603:site=C:neigh=2:ahead0=45.501:mode=shell,x,yz,563,221,342,35,377,7174.317353881743,5.275685867633375,500.0,0.001,55.75,0.05575,-4831.8213,-4831.8213,-4831.8213,0.0,0.0,1.0,0.05575,0.05575,0,-1,603,2,2,1.4379856719273552,70.5960961934026,16.83000000046,10.0,446.0,0.0,-6.5792723,-105.41157,70.58207120002866,0.49999999916963384,70.08207120085903,45.4869497291983,0.9225692735190303,6.134529147982063,69.81160370909767,69.96625476174378,70.56239284518908,0.7934629255790769,0.125,44.716482238267304,44.87113329091342,45.46727137435872,0.6,35,50,0,0.0,0.596,525,313,0.5961904761904762,0.06666666666666667,0.9071618037135278,0.7668161434977578,0.11861135872219444,0.13074994806510906,0.08517425188241391,61.48780367915167,0.7272414944531361,2.827708703374778,2.44,2.7777777777777777,0.005847953216374269
378,template_deposition,C,C,none,0,1.0,template_site:index=607:site=C:neigh=1:ahead0=45.501:mode=shell,x,yz,564,221,343,35,378,7188.541492307143,14.224138425399916,500.0,0.001,55.75,0.05575,-4838.232,-4831.8213,-4838.232,-6.4106445,-5.7822266,1.0,0.05575,0.05575,8,563,607,1,1,1.477772817512903,70.5960961934026,19.67000000069,10.0,446.0,0.0,-6.593646,-105.64186,70.59728296299822,0.49999999916963384,70.09728296382859,45.50216149216786,0.9475978648496409,6.1524663677130045,70.10460241695245,70.51775212025058,70.58663472891953,0.5824145036813289,0.125,45.00948094612208,45.42263064942021,45.49151325808917,0.6,35,50,0,0.0,0.598,525,314,0.5980952380952381,0.06666666666666667,0.9074074074074074,0.7690582959641256,0.11907270091566688,0.13122297651930637,0.08573234465928016,61.48780367915167,0.7320066460819644,2.826241134751773,2.423076923076923,2.7755102040816326,0.0058309037900874635
379,template_deposition,C,C,none,0,1.0,template_site:index=608:site=C:neigh=1:ahead0=45.501:mode=shell,x,yz,565,221,344,35,379,7214.725167608608,26.183675301464987,500.0,0.001,55.75,0.05575,-4848.527,-4838.232,-4848.527,-10.294922,-8.240234,1.0,0.05575,0.05575,10,564,608,1,1,1.4135340864097923,70.5960961934026,21.08999999969,10.0,446.0,0.0,-6.616729,-106.01169,70.58207120002866,0.49999999916963384,70.08207120085903,45.4869497291983,0.962009806692269,6.170403587443946,70.10029790448513,70.51775212025058,70.56572204358967,0.5793469217688693,0.125,45.00517643365477,45.42263064942021,45.47060057275931,0.6,35,50,0,0.0,0.602,525,316,0.6019047619047619,0.06666666666666667,0.9076517150395779,0.7713004484304933,0.11874716737112076,0.13082900126062433,0.08572414558791384,61.48780367915167,0.7319366401261528,2.8283185840707965,2.4814814814814814,2.7790697674418605,0.005813953488372093
380,template_vacancy,vac,C,vac,1,1.0,template_site:index=618:site=C:neigh=1:ahead0=46.731:mode=shell,x,yz,565,221,344,36,380,7219.893659629196,5.168492020587627,500.0,0.001,55.75,0.05575,-4848.527,-4848.527,-4848.527,0.0,0.0,0.9999999999989542,0.05575,0.05575,0,-1,618,8,8,1.5090099343120844,71.82585226698563,14.69999999973,10.0,446.0,0.0,-6.616729,-106.01169,70.58207120002866,0.49999999916963384,70.08207120085903,45.4869497291983,0.962009806692269,6.170403587443946,70.10029790448513,70.51775212025058,70.56572204358967,0.5793469217688693,0.125,45.00517643365477,45.42263064942021,45.47060057275931,0.6,35,50,0,0.0,0.602,525,316,0.6019047619047619,0.06857142857142857,0.9052631578947369,0.7713004484304933,0.11843467482540729,0.13082900126062433,0.08572414558791384,61.48780367915167,0.7319366401261528,2.8283185840707965,2.4814814814814814,2.7790697674418605,0.005813953488372093
381,template_deposition,C,C,none,0,1.0,template_site:index=614:site=C:neigh=1:ahead0=46.731:mode=shell,x,yz,566,221,345,36,381,7225.994484146056,6.100824516859829,500.0,0.001,55.75,0.05575,-4855.1284,-4848.527,-4855.1284,-6.6015625,-6.1401367,0.15282094137782903,0.05575,0.05575,8,565,614,7,7,1.4590042832280652,71.82585226698563,6.17999999904,10.0,446.0,0.0,-6.6315303,-106.24883,71.84188126147359,0.49999999916963384,71.34188126230396,46.746759790643225,0.715766333545805,6.188340807174888,70.25320481856286,70.50661311926333,70.94366506202316,0.8138284085912556,0.125,45.1580833477325,45.41149164843297,45.848543591192794,0.6,35,50,0,0.0,0.6038181818181819,525,317,0.6038095238095238,0.06857142857142857,0.905511811023622,0.773542600896861,0.11852515314365486,0.13089299521081885,0.0860153968528238,61.48780367915167,0.7344234245765393,2.8268551236749118,2.263157894736842,2.7768115942028984,0.005797101449275362
382,template_deposition,C,C,none,0,1.0,template_site:index=613:site=C:neigh=2:ahead0=46.731:mode=shell,x,yz,567,221,346,36,382,7240.88223517851,14.887751032454261,500.0,0.001,55.75,0.05575,-4865.322,-4855.1284,-4865.322,-10.193359,-9.739258,1.0,0.05575,0.05575,7,566,613,6,6,1.4068740412177896,71.82585226698563,4.760000000040001,10.0,446.0,0.0,-6.6543856,-106.61501,71.86128876089035,0.49999999916963384,71.36128876172072,46.76616729005998,0.7973402628841153,6.20627802690583,70.40450596771404,70.52048886071714,71.76043326106704,0.9517232574359011,0.125,45.30938449688368,45.42536738988677,46.66531179023667,0.6,35,50,0,0.0,0.6056363636363636,525,318,0.6057142857142858,0.06857142857142857,0.9057591623036649,0.7757847533632287,0.11861095418032377,0.1309519783146927,0.08630358951787367,61.48780367915167,0.7368840938491105,2.8289241622574957,2.35,2.7803468208092488,0.005780346820809248
383,template_deposition,C,C,none,0,1.0,template_site:index=610:site=C:neigh=1:ahead0=46.731:mode=shell,x,yz,568,221,347,36,383,7264.683278594995,23.801043416484546,500.0,0.001,55.75,0.05575,-4872.6465,-4865.322,-4872.6465,-7.324707,-7.07666,0.9999999972047158,0.05575,0.05575,10,567,610,5,5,1.43141591446397,71.82585226698563,9.01999999927,10.0,446.0,0.0,-6.670809,-106.87814,71.8761680380954,0.49999999916963384,71.37616803892577,46.78104656726504,0.8636793219693804,6.2242152466367715,70.70540054603002,70.55855574643587,71.83618870352979,0.9759922804744696,0.125,45.61027907519966,45.46343427560551,46.74106723269942,0.6,35,50,0,0.0,0.6074545454545455,525,319,0.6076190476190476,0.06857142857142857,0.9060052219321149,0.7780269058295964,0.11908689053576933,0.13144172644149757,0.08687672204799934,61.48780367915167,0.7417776590817552,2.8274647887323945,2.3333333333333335,2.7780979827089336,0.005763688760806916
384,template_deposition,C,C,none,0,1.0,template_site:index=609:site=C:neigh=2:ahead0=46.731:mode=shell,x,yz,569,221,348,36,384,7292.089171376709,27.40589278171407,500.0,0.001,55.75,0.05575,-4883.6562,-4872.6465,-4883.6562,-11.009766,-10.583984,1.0,0.05575,0.05575,10,568,609,4,4,1.3777744837575105,71.82585226698563,10.440000000500001,10.0,446.0,0.0,-6.695494,-107.27364,71.8761680380954,0.49999999916963384,71.37616803892577,46.78104656726504,0.9103887816854669,6.242152466367713,70.7107785857084,70.58663976566498,71.82698809880796,0.9732545058086001,0.125,45.61565711487803,45.49151829483462,46.731866627977595,0.6,35,50,0,0.0,0.6092727272727273,525,320,0.6095238095238096,0.06857142857142857,0.90625,0.7802690582959642,0.11879077373666154,0.13107947446804033,0.08688696593310101,61.48780367915167,0.7418651242269804,2.829525483304042,2.409090909090909,2.781609195402299,0.005747126436781609
385,template_deposition,C,C,none,0,1.0,template_site:index=617:site=C:neigh=1:ahead0=46.731:mode=shell,x,yz,570,221,349,36,385,7316.226512366506,24.137340989796606,500.0,0.001,55.75,0.05575,-4891.0386,-4883.6562,-4891.0386,-7.382324,-7.1254883,0.9999999999995517,0.05575,0.05575,9,569,617,3,3,1.4877055377242288,71.82585226698563,13.28000000073,10.0,446.0,0.0,-6.7120466,-107.53884,71.8761680380954,0.49999999916963384,71.37616803892577,46.78104656726504,0.9437373942768508,6.260089686098655,70.85703834407109,71.13796236884357,71.82698809880796,1.033054214353812,0.125,45.76191687324072,46.04284089801321,46.731866627977595,0.6,35,50,0,0.0,0.6110909090909091,525,321,0.6114285714285714,0.06857142857142857,0.9064935064935065,0.7825112107623319,0.1188621217486772,0.13112297098349776,0.08716555594902994,61.48780367915167,0.7442438034057958,2.8280701754385964,2.391304347826087,2.7793696275071635,0.0057306590257879654
386,template_deposition,C,C,none,0,1.0,template_site:index=619:site=C:neigh=1:ahead0=46.731:mode=shell,x,yz,571,221,350,36,386,7317.246962412571,1.0204500460645636,500.0,0.001,55.75,0.05575,-4897.9897,-4891.0386,-4897.9897,-6.951172,-5.899414,0.9998661566867372,0.05575,0.05575,7,570,619,2,2,1.3503545788724922,71.82585226698563,21.79999999919,10.0,446.0,0.0,-6.727632,-107.78855,71.8761680380954,0.49999999916963384,71.37616803892577,46.78104656726504,0.9836235437736813,6.278026905829597,71.04101907002094,71.74841597028086,71.87592208050714,1.044683214911431,0.125,45.94589759919057,46.653294499450496,46.780800609676774,0.6,35,50,0,0.0,0.612909090909091,525,322,0.6133333333333333,0.06857142857142857,0.9067357512953368,0.7847533632286996,0.11903082279583051,0.1312739931405445,0.08751599542702966,61.48780367915167,0.747235953311001,2.8266199649737302,2.375,2.777142857142857,0.005714285714285714
387,template_deposition,C,C,none,0,1.0,template_site:index=615:site=C:neigh=1:ahead0=46.731:mode=shell,x,yz,572,221,351,36,387,7319.536578899273,2.2896164867027085,500.0,0.001,55.75,0.05575,-4905.455,-4897.9897,-4905.455,-7.465332,-6.347168,1.0,0.05575,0.05575,8,571,615,2,2,1.6645602712606913,71.82585226698563,18.95999999896,10.0,446.0,0.0,-6.7443705,-108.05673,71.88477086076206,0.49999999916963384,71.38477086159243,46.7896493899317,1.0037397169745146,6.2959641255605385,71.33936203828796,71.760664812931,71.8787488848954,0.8478551622502695,0.125,46.244240567457595,46.665543342100634,46.78362741406504,0.6,35,50,0,0.0,0.6147272727272728,525,323,0.6152380952380953,0.06857142857142857,0.9069767441860465,0.7869955156950673,0.11949416167301705,0.13174997312665981,0.08808426774753828,61.48780367915167,0.7520880207197477,2.825174825174825,2.36,2.774928774928775,0.005698005698005698
388,template_deposition,C,C,none,0,1.0,template_site:index=616:site=C:neigh=1:ahead0=46.731:mode=shell,x,yz,573,221,352,36,388,7321.276244376504,1.7396654772307025,500.0,0.001,55.75,0.05575,-4913.7803,-4905.455,-4913.7803,-8.325195,-7.2875977,1.0,0.05575,0.05575,8,572,616,2,2,1.5275972630807053,71.82585226698563,17.539999999960003,10.0,446.0,0.0,-6.7630367,-108.3558,71.88477086076206,0.49999999916963384,71.38477086159243,46.7896493899317,1.0141497173664662,6.313901345291479,71.35396974957104,71.79276672355186,71.8787488848954,0.8480012541258944,0.125,46.25884827874067,46.6976452527215,46.78362741406504,0.6,35,50,0,0.0,0.6165454545454545,525,324,0.6171428571428571,0.06857142857142857,0.9072164948453608,0.7892376681614349,0.11922383576995019,0.13141718261005872,0.08811209195950605,61.48780367915167,0.7523255915941165,2.823734729493892,2.3461538461538463,2.772727272727273,0.005681818181818182
389,template_deposition,C,C,none,0,1.0,template_site:index=612:site=C:neigh=1:ahead0=46.731:mode=shell,x,yz,574,221,353,36,389,7328.587689454288,7.311445077783687,500.0,0.001,55.75,0.05575,-4921.0957,-4913.7803,-4921.0957,-7.3154297,-1.9135742,1.0,0.05575,0.05575,9,573,612,1,1,1.0034113587752296,71.82585226698563,0.5000000008100001,10.0,446.0,0.0,-6.779439,-108.61859,71.91162335238043,0.49999999916963384,71.4116233532108,46.81650188155007,1.0302444724818867,6.331838565022421,71.66669465407425,71.81238660599094,71.88680463238092,0.4264202349853861,0.125,46.571573183243885,46.717265135160574,46.79168316155055,0.6,35,50,0,0.0,0.6183636363636364,525,325,0.6190476190476191,0.06857142857142857,0.9074550128534704,0.7914798206278026,0.11972126782324906,0.1319308022188212,0.08870775844427406,61.48780367915167,0.757411558010075,2.822299651567944,2.3333333333333335,2.770538243626062,0.0056657223796034
390,template_deposition,C,C,none,0,1.0,template_site:index=611:site=C:neigh=1:ahead0=46.731:mode=shell,x,yz,575,221,354,36,390,7331.721271070914,3.133581616625234,500.0,0.001,55.75,0.05575,-4932.222,-4921.0957,-4932.222,-11.126465,-8.112793,1.0,0.05575,0.05575,10,574,611,1,1,1.219890288984367,71.82585226698563,1.9199999998100001,10.0,446.0,0.0,-6.8043866,-109.018295,72.05692286045704,0.49999999916963384,71.5569228612874,46.96180138962667,1.024510494415625,6.349775784753363,71.6641148078611,71.81238660599094,71.93039448480388,0.43860943217260306,0.125,46.56899333703073,46.717265135160574,46.83527301397352,0.6,37,50,0,0.0,0.6183636363636363,525,325,0.6190476190476191,0.06857142857142857,0.9076923076923077,0.7937219730941704,0.11940767522315572,0.13155082863568004,0.08870284445148711,61.48780367915167,0.7573696009704869,2.8243478260869566,2.392857142857143,2.774011299435028,0.005649717514124294
391,template_deposition,C,C,none,0,1.0,template_site:index=627:site=C:neigh=1:ahead0=47.960:mode=shell,x,yz,576,221,355,36,391,7346.561315561386,14.840044490472561,500.0,0.001,55.75,0.05575,-4940.212,-4932.222,-4940.212,-7.989746,-7.495117,0.9999990316061128,0.05575,0.05575,8,575,627,9,9,1.4720870412593947,73.05560834056867,12.569999999,10.0,446.0,0.0,-6.8223004,-109.305305,72.97988357277254,0.49999999916963384,72.4798835736029,47.88476210194217,0.6809966470802714,6.367713004484305,71.81668504842115,71.83109389669235,72.33381107415168,0.6166712063867394,0.125,46.721563577590786,46.73597242586199,47.23868960332132,0.6,37,50,0,0.0,0.6203636363636363,525,326,0.6209523809523809,0.06857142857142857,0.907928388746803,0.7959641255605381,0.11949248996826288,0.13161003824673462,0.08899345443350626,61.48780367915167,0.7598509099688726,2.8229166666666665,2.210526315789474,2.771830985915493,0.005633802816901409
392,template_deposition,C,C,none,0,1.0,template_site:index=626:site=C:neigh=2:ahead0=47.960:mode=shell,x,yz,577,221,356,36,392,7367.69969766876,21.138382107373083,500.0,0.001,55.75,0.05575,-4950.199,-4940.212,-4950.199,-9.987305,-9.356445,1.0,0.05575,0.05575,9,576,626,8,8,1.4678883238612723,73.05560834056867,11.15,10.0,446.0,0.0,-6.8446937,-109.664085,73.03053279132835,0.49999999916963384,72.53053279215872,47.93541132049799,0.7547972041154639,6.385650224215246,71.82912096747344,71.85233991246645,72.34900583971843,0.6288286026653536,0.125,46.73399949664308,46.757218441636084,47.253884368888066,0.6,37,50,0,0.0,0.6223636363636363,525,327,0.6228571428571429,0.06857142857142857,0.9081632653061225,0.7982062780269058,0.11921938647102827,0.13127527948495246,0.08901714189836778,61.48780367915167,0.7600531601438371,2.8249566724436743,2.3,2.7752808988764044,0.0056179775280898875
393,template_deposition,C,C,none,0,1.0,template_site:index=620:site=C:neigh=1:ahead0=47.960:mode=shell,x,yz,578,221,357,36,393,7413.503888713146,45.80419104438614,500.0,0.001,55.75,0.05575,-4957.6807,-4950.199,-4957.6807,-7.4814453,-7.2646484,0.9997844360950001,0.05575,0.05575,10,577,620,7,7,1.4442148010349432,73.05560834056867,8.30999999977,10.0,446.0,0.0,-6.8614683,-109.932846,73.03800042064881,0.49999999916963384,72.53800042147918,47.94287894981845,0.8119305111629304,6.403587443946188,71.97475177017532,71.8608930629729,73.01730518686459,0.7414287942862481,0.125,46.87963029934495,46.76577159214254,47.922183716034226,0.6,37,50,0,0.0,0.6243636363636363,525,328,0.6247619047619047,0.06857142857142857,0.9083969465648855,0.8004484304932735,0.1192865910924808,0.1313154910345797,0.08929453390351419,61.48780367915167,0.7624216103727929,2.823529411764706,2.2857142857142856,2.773109243697479,0.0056022408963585435
394,template_deposition,C,C,none,0,1.0,template_site:index=621:site=C:neigh=2:ahead0=47.960:mode=shell,x,yz,579,221,358,36,394,7478.356520258812,64.8526315456667,500.0,0.001,55.75,0.05575,-4968.8867,-4957.6807,-4968.8867,-11.206055,-10.602051,1.0,0.05575,0.05575,10,578,621,6,6,1.3875250649024051,73.05560834056867,6.890000000770001,10.0,446.0,0.0,-6.886594,-110.335396,73.04999466835825,0.49999999916963384,72.54999466918862,47.95487319752789,0.8542496866820202,6.42152466367713,71.979540868058,71.87090656879894,73.02090346117743,0.7428794978060747,0.125,46.88441939722763,46.77578509796858,47.92578199034706,0.6,37,50,0,0.0,0.6263636363636365,525,329,0.6266666666666667,0.06857142857142857,0.9086294416243654,0.8026905829596412,0.11899598831783663,0.13096206535538443,0.0893036559947193,61.48780367915167,0.7624994973291667,2.825561312607945,2.3636363636363638,2.776536312849162,0.00558659217877095
395,template_deposition,C,C,none,0,1.0,template_site:index=624:site=C:neigh=1:ahead0=47.960:mode=shell,x,yz,580,221,359,36,395,7497.452593125212,19.09607286639937,500.0,0.001,55.75,0.05575,-4976.8213,-4968.8867,-4976.8213,-7.9345703,-6.8999023,0.9997007991893704,0.05575,0.05575,7,579,624,5,5,1.4948798327868578,73.05560834056867,16.83000000046,10.0,446.0,0.0,-6.9043846,-110.62044,73.04999466835825,0.49999999916963384,72.54999466918862,47.95487319752789,0.8774624464672299,6.439461883408072,72.13070942403972,71.9777052173408,73.02090346117743,0.7905425007131845,0.125,47.03558795320936,46.882583746510434,47.92578199034706,0.6,37,50,0,0.0,0.6283636363636363,525,330,0.6285714285714286,0.06857142857142857,0.9088607594936708,0.804932735426009,0.11907743785622622,0.13101835084459432,0.08959159610135116,61.48780367915167,0.7649580101875952,2.8241379310344827,2.347826086956522,2.7743732590529246,0.005571030640668524
396,template_deposition,C,C,none,0,1.0,template_site:index=625:site=C:neigh=1:ahead0=47.960:mode=shell,x,yz,581,221,360,36,396,7554.465460721905,57.01286759669304,500.0,0.001,55.75,0.05575,-4985.957,-4976.8213,-4985.957,-9.135742,-7.722168,0.9999999999997369,0.05575,0.05575,9,580,625,5,5,1.4406702191085647,73.05560834056867,15.409999999230001,10.0,446.0,0.0,-6.924868,-110.94862,73.07400691410747,0.49999999916963384,72.57400691493784,47.97888544327711,0.8927510156367745,6.457399103139013,72.42552342186781,72.46611727206201,73.05719834208301,0.5905999913378795,0.125,47.330401951037445,47.37099580123164,47.96207687125265,0.6,37,50,0,0.0,0.6303636363636363,525,331,0.6304761904761905,0.06857142857142857,0.9090909090909091,0.8071748878923767,0.11952121704807435,0.13147333875288178,0.09015314657340466,61.48780367915167,0.7697526845813408,2.8227194492254735,2.3333333333333335,2.772222222222222,0.005555555555555556
397,template_deposition,C,C,none,0,1.0,template_site:index=629:site=C:neigh=1:ahead0=47.960:mode=shell,x,yz,582,221,361,36,397,7560.940057798042,6.474597076137063,500.0,0.001,55.75,0.05575,-4993.5923,-4985.957,-4993.5923,-7.635254,-6.4282227,0.999994995343846,0.05575,0.05575,9,581,629,4,4,1.475799918098458,73.05560834056867,21.08999999969,10.0,446.0,0.0,-6.9419875,-111.2229,73.07400691410747,0.49999999916963384,72.57400691493784,47.97888544327711,0.9117289135625547,6.475336322869955,72.54717106428951,72.94187374231203,73.05719834208301,0.6013467713204351,0.125,47.45204959345915,47.84675227148166,47.96207687125265,0.6,34,50,0,0.0,0.6287272727272728,525,330,0.6285714285714286,0.06857142857142857,0.9093198992443325,0.8094170403587444,0.11952657328327242,0.1314461207575046,0.09038485636849362,61.48780367915167,0.7717310873725102,2.821305841924399,2.32,2.770083102493075,0.00554016620498615
398,template_deposition,C,C,none,0,1.0,template_site:index=628:site=C:neigh=2:ahead0=47.960:mode=shell,x,yz,583,221,362,36,398,7570.389953866257,9.449896068214835,500.0,0.001,55.75,0.05575,-5003.828,-4993.5923,-5003.828,-10.23584,-9.327148,1.0,0.05575,0.05575,10,582,628,3,3,1.414014855509389,73.05560834056867,19.67000000069,10.0,446.0,0.0,-6.9649377,-111.59061,73.07400691410747,0.49999999916963384,72.57400691493784,47.97888544327711,0.9238565487937185,6.493273542600897,72.54890267103701,72.92671890687616,73.05719834208301,0.5916701691353626,0.125,47.45378120020665,47.8315974360458,47.96207687125265,0.6,34,50,0,0.0,0.6307272727272727,525,331,0.6304761904761905,0.06857142857142857,0.9095477386934674,0.8116591928251121,0.11923060603066997,0.1310877933707366,0.09038815466706028,61.48780367915167,0.7717592491646688,2.823327615780446,2.3846153846153846,2.773480662983425,0.0055248618784530384
399,template_deposition,C,C,none,0,1.0,template_site:index=623:site=C:neigh=1:ahead0=47.960:mode=shell,x,yz,584,221,363,36,399,7573.9591664412155,3.5692125749581263,500.0,0.001,55.75,0.05575,-5011.336,-5003.828,-5011.336,-7.5078125,-5.355957,0.999999999314714,0.05575,0.05575,9,583,623,2,2,1.608526928405902,73.05560834056867,4.05000000054,10.0,446.0,0.0,-6.9817715,-111.86031,73.07400691410747,0.49999999916963384,72.57400691493784,47.97888544327711,0.9419671778793794,6.511210762331839,72.72719051753336,73.01443063118809,73.05225947538032,0.4829051507945669,0.125,47.632069046702995,47.91930916035773,47.95713800454996,0.6,38,50,0,0.0,0.6327272727272727,525,332,0.6323809523809524,0.06857142857142857,0.9097744360902256,0.8139013452914798,0.11937861916466916,0.1312178210652975,0.09072775056514856,61.48780367915167,0.7746588135632716,2.8219178082191783,2.3703703703703702,2.771349862258953,0.005509641873278237
400,template_deposition,C,C,none,0,1.0,template_site:index=622:site=C:neigh=1:ahead0=47.960:mode=shell,x,yz,585,221,364,36,400,7576.502716469826,2.543550028609846,500.0,0.001,55.75,0.05575,-5024.189,-5011.336,-5024.189,-12.853027,-8.202637,1.0,0.05575,0.05575,11,584,622,1,1,1.436053514785455,73.05560834056867,2.62999999931,10.0,446.0,0.0,-7.01059,-112.32204,73.07400691410747,0.49999999916963384,72.57400691493784,47.97888544327711,0.9638918719160342,6.5291479820627805,72.85953265867289,73.01315571143284,73.04351515810758,0.36862186605350045,0.125,47.764411187842526,47.91803424060248,47.94839368727722,0.6,38,50,0,0.0,0.6403636363636364,525,336,0.64,0.06857142857142857,0.91,0.8161434977578476,0.11941102796960631,0.13122090985671023,0.09097983083398577,61.48780367915167,0.7768111451350757,2.8273504273504275,2.4642857142857144,2.78021978021978,0.005494505494505495
401,template_deposition,C,C,none,0,1.0,template_site:index=639:site=C:neigh=1:ahead0=49.190:mode=shell,x,yz,586,221,365,36,401,7616.571666360265,40.068949890438944,500.0,0.001,55.75,0.05575,-5033.056,-5024.189,-5033.056,-8.8671875,-7.4868164,0.9999999998220594,0.05575,0.05575,8,585,639,10,10,1.4256773872394373,74.2853644141517,14.69999999973,10.0,446.0,0.0,-7.030472,-112.64058,74.22559272132034,0.49999999916963384,73.72559272215071,49.130471250489975,0.6527184384905744,6.547085201793722,72.9144927450075,73.00060927930348,73.38899090027144,0.6488297350947063,0.125,47.81937127417713,47.90548780847311,48.293869429441074,0.6,38,50,0,0.0,0.6421818181818182,525,337,0.6419047619047619,0.06857142857142857,0.9102244389027432,0.8183856502242153,0.1192503024293694,0.13101197609363596,0.09108451671271835,61.48780367915167,0.7777049823360496,2.8293515358361776,2.35,2.7835616438356166,0.005479452054794521
402,template_deposition,C,C,none,0,1.0,template_site:index=638:site=C:neigh=2:ahead0=49.190:mode=shell,x,yz,587,221,366,36,402,7677.0007118050335,60.429045444768455,500.0,0.001,55.75,0.05575,-5043.9443,-5033.056,-5043.9443,-10.888184,-9.79834,1.0,0.05575,0.05575,10,586,638,9,9,1.3666011938207774,74.2853644141517,13.28000000073,10.0,446.0,0.0,-7.0548844,-113.031715,74.1793284621653,0.49999999916963384,73.67932846299567,49.08420699133494,0.7260803180680888,6.565022421524664,73.05467582900113,73.01915054166386,74.15954884611133,0.7595922957735232,0.125,47.95955435817076,47.9240290708335,49.06442737528097,0.6,38,50,0,0.0,0.642,525,337,0.6419047619047619,0.06857142857142857,0.9104477611940298,0.820627802690583,0.1193023740253004,0.1310370337654939,0.09135153211080145,61.48780367915167,0.7799848342026916,2.831345826235094,2.4285714285714284,2.7868852459016393,0.00546448087431694
403,template_deposition,C,C,none,0,1.0,template_site:index=630:site=C:neigh=1:ahead0=49.190:mode=shell,x,yz,588,221,367,36,403,7685.169929389787,8.169217584753962,500.0,0.001,55.75,0.05575,-5051.1714,-5043.9443,-5051.1714,-7.227051,-6.5009766,0.9998521184538137,0.05575,0.05575,9,587,630,8,8,1.643376082041143,74.2853644141517,10.440000000500001,10.0,446.0,0.0,-7.071089,-113.291336,74.16654885738204,0.49999999916963384,73.66654885821241,49.071427386551676,0.7774536472725025,6.582959641255606,73.33722637344965,73.03632429131164,74.15571496467635,0.6901754737277205,0.125,48.24210490261929,47.94120282048128,49.060593493845985,0.6,38,50,0,0.0,0.6438181818181817,525,338,0.6438095238095238,0.06857142857142857,0.9106699751861043,0.8228699551569507,0.1197074563340429,0.13144987711885364,0.09188972362403675,61.48780367915167,0.7845800632976011,2.8299319727891157,2.409090909090909,2.784741144414169,0.005449591280653951
404,template_deposition,C,C,none,0,1.0,template_site:index=631:site=C:neigh=2:ahead0=49.190:mode=shell,x,yz,589,221,368,36,404,7707.53767434567,22.36774495588227,500.0,0.001,55.75,0.05575,-5062.0967,-5051.1714,-5062.0967,-10.925293,-10.140625,1.0,0.05575,0.05575,10,588,631,7,7,1.4740838596699402,74.2853644141517,9.01999999927,10.0,446.0,0.0,-7.095585,-113.68381,74.25371160072659,0.49999999916963384,73.75371160155696,49.158590129896226,0.823183176836959,6.6008968609865475,73.35620689059112,73.0686649882053,74.18186378767972,0.7006550196976068,0.125,48.26108541976076,47.973543517374935,49.08674231684935,0.6,38,50,0,0.0,0.6456363636363637,525,339,0.6457142857142857,0.06857142857142857,0.9108910891089109,0.8251121076233184,0.1194581322271306,0.13114425385804554,0.0919258769900205,61.48780367915167,0.7848887508096891,2.831918505942275,2.4782608695652173,2.7880434782608696,0.005434782608695652
405,template_vacancy,vac,C,vac,1,1.0,template_site:index=635:site=C:neigh=1:ahead0=49.190:mode=shell,x,yz,589,221,368,37,405,7712.522632739779,4.98495839410835,500.0,0.001,55.75,0.05575,-5062.0967,-5062.0967,-5062.0967,0.0,0.0,0.9999999999640927,0.05575,0.05575,0,-1,635,6,6,1.4362452946815438,74.2853644141517,6.17999999904,10.0,446.0,0.0,-7.095585,-113.68381,74.25371160072659,0.49999999916963384,73.75371160155696,49.158590129896226,0.823183176836959,6.6008968609865475,73.35620689059112,73.0686649882053,74.18186378767972,0.7006550196976068,0.125,48.26108541976076,47.973543517374935,49.08674231684935,0.6,38,50,0,0.0,0.6456363636363637,525,339,0.6457142857142857,0.07047619047619047,0.908641975308642,0.8251121076233184,0.1191631738759525,0.13114425385804554,0.0919258769900205,61.48780367915167,0.7848887508096891,2.831918505942275,2.4782608695652173,2.7880434782608696,0.005434782608695652
406,template_deposition,C,C,none,0,1.0,template_site:index=636:site=C:neigh=1:ahead0=49.190:mode=shell,x,yz,590,221,369,37,406,7727.923086779787,15.400454040008553,500.0,0.001,55.75,0.05575,-5068.9253,-5062.0967,-5068.9253,-6.8286133,-6.072754,0.9580119319187755,0.05575,0.05575,9,589,636,5,5,1.5249634107792969,74.2853644141517,18.95999999896,10.0,446.0,0.0,-7.1108956,-113.92911,74.25371160072659,0.49999999916963384,73.75371160155696,49.158590129896226,0.8607475571077463,6.618834080717488,73.6279136959979,73.63340009553119,74.24168234116625,0.5724437908795984,0.125,48.53279222516754,48.53827862470082,49.14656087033589,0.6,38,50,0,0.0,0.6474545454545455,525,340,0.6476190476190476,0.07047619047619047,0.9088669950738916,0.827354260089686,0.119538897106324,0.13152518218202586,0.09244341376222388,61.48780367915167,0.7893076239706914,2.830508474576271,2.4583333333333335,2.785907859078591,0.005420054200542005
407,template_vacancy,vac,C,vac,1,1.0,template_site:index=637:site=C:neigh=2:ahead0=49.190:mode=shell,x,yz,590,221,369,38,407,7750.591190772239,22.668103992452533,500.0,0.001,55.75,0.05575,-5068.9253,-5068.9253,-5068.9253,0.0,0.0,0.9999999997324687,0.05575,0.05575,0,-1,637,4,4,1.4513436274263154,74.2853644141517,17.539999999960003,10.0,446.0,0.0,-7.1108956,-113.92911,74.25371160072659,0.49999999916963384,73.75371160155696,49.158590129896226,0.8607475571077463,6.618834080717488,73.6279136959979,73.63340009553119,74.24168234116625,0.5724437908795984,0.125,48.53279222516754,48.53827862470082,49.14656087033589,0.6,38,50,0,0.0,0.6474545454545455,525,340,0.6476190476190476,0.07238095238095238,0.9066339066339066,0.827354260089686,0.11924518974242639,0.13152518218202586,0.09244341376222388,61.48780367915167,0.7893076239706914,2.830508474576271,2.4583333333333335,2.785907859078591,0.005420054200542005
408,template_deposition,C,C,none,0,1.0,template_site:index=640:site=C:neigh=1:ahead0=49.190:mode=shell,x,yz,591,221,370,38,408,7770.983110630718,20.391919858478843,500.0,0.001,55.75,0.05575,-5076.4487,-5068.9253,-5076.4487,-7.5234375,-6.6342773,0.9999999293943701,0.05575,0.05575,9,590,640,3,3,1.441252848718684,74.2853644141517,21.79999999919,10.0,446.0,0.0,-7.127764,-114.19938,74.32245077453247,0.49999999916963384,73.82245077536284,49.227329303702106,0.8978371302381531,6.63677130044843,73.77940273933909,74.15048377193669,74.27433335286835,0.5709429299146332,0.125,48.68428126850873,49.05536230110633,49.17921188203799,0.6,38,50,0,0.0,0.6492727272727273,525,341,0.6495238095238095,0.07238095238095238,0.9068627450980392,0.8295964125560538,0.11932421879536452,0.1315791385635371,0.092731964320969,61.48780367915167,0.7917713490393516,2.829103214890017,2.44,2.7837837837837838,0.005405405405405406
409,template_deposition,C,C,none,0,1.0,template_site:index=632:site=C:neigh=1:ahead0=49.190:mode=shell,x,yz,592,221,371,38,409,7773.869206739468,2.8860961087492485,500.0,0.001,55.75,0.05575,-5086.4634,-5076.4487,-5086.4634,-10.014648,-6.331543,0.9997821330100423,0.05575,0.05575,9,591,632,2,2,1.3952262595375895,74.2853644141517,1.9199999998100001,10.0,446.0,0.0,-7.150219,-114.55914,74.38223938117365,0.49999999916963384,73.88223938200402,49.287117910343284,0.9370698849781318,6.654708520179372,73.95581745465962,74.18497305926184,74.3601011824371,0.5177989646077966,0.125,48.86069598382926,49.08985158843147,49.26497971160674,0.6,38,50,0,0.0,0.651090909090909,525,342,0.6514285714285715,0.07238095238095238,0.9070904645476773,0.8318385650224215,0.11946380436144073,0.13169998917474193,0.09306799235015097,61.48780367915167,0.7946404499791263,2.831081081081081,2.5,2.7870619946091644,0.005390835579514825
410,template_deposition,C,C,none,0,1.0,template_site:index=634:site=C:neigh=1:ahead0=49.190:mode=shell,x,yz,593,221,372,38,410,7789.734662161154,15.865455421686478,500.0,0.001,55.75,0.05575,-5094.609,-5086.4634,-5094.609,-8.145508,-6.7563477,1.0,0.05575,0.05575,9,592,634,1,1,1.6290690157814536,74.2853644141517,4.760000000040001,10.0,446.0,0.0,-7.1684823,-114.85175,74.3506133829786,0.49999999916963384,73.85061338380896,49.25549191214823,0.9397546790889825,6.672645739910314,74.08174027356266,74.1875601564486,74.28278213540219,0.36449790772538326,0.125,48.986618802732295,49.092438685618234,49.18766066457182,0.6,38,50,0,0.0,0.651090909090909,525,342,0.6514285714285715,0.07238095238095238,0.9073170731707317,0.8340807174887892,0.11947955805544462,0.1316844591471298,0.0933078453385377,61.48780367915167,0.7966883816235889,2.8296795952782463,2.4814814814814814,2.78494623655914,0.005376344086021506
411,template_deposition,C,C,none,0,1.0,template_site:index=649:site=C:neigh=1:ahead0=50.420:mode=shell,x,yz,594,221,373,38,411,7808.731252269385,18.99659010823035,500.0,0.001,55.75,0.05575,-5103.0503,-5094.609,-5103.0503,-8.441406,-7.444824,0.9999995863726915,0.05575,0.05575,7,593,649,7,7,1.4501309682061523,75.51512048773473,19.67000000069,10.0,446.0,0.0,-7.187409,-115.15499,75.50411720595244,0.49999999916963384,75.00411720678281,50.408995735122076,0.7059420867802079,6.690582959641255,74.2308233597289,74.19880137665126,74.6318597437398,0.5966784307971865,0.125,49.13570188889854,49.1036799058209,49.53673827290943,0.6,38,50,0,0.0,0.654909090909091,525,344,0.6552380952380953,0.07238095238095238,0.9075425790754258,0.8363228699551569,0.11955158610437601,0.1317311042597816,0.0935918131217115,61.48780367915167,0.7991129776775343,2.8282828282828283,2.263157894736842,2.7828418230563003,0.005361930294906166
412,template_deposition,C,C,none,0,1.0,template_site:index=650:site=C:neigh=2:ahead0=50.420:mode=shell,x,yz,595,221,374,38,412,7836.1720020812645,27.4407498118799,500.0,0.001,55.75,0.05575,-5112.746,-5103.0503,-5112.746,-9.695801,-8.515137,1.0,0.05575,0.05575,8,594,650,6,6,1.4729901176903983,75.51512048773473,21.08999999969,10.0,446.0,0.0,-7.2091484,-115.503296,75.44981954733086,0.49999999916963384,74.94981954816123,50.3546980765005,0.7877747585894327,6.708520179372197,74.22183393253154,74.1854426784554,74.62194019235741,0.582339915440063,0.125,49.126712461701175,49.09032120762504,49.52681872152705,0.6,38,50,0,0.0,0.6550909090909091,525,344,0.6552380952380953,0.07238095238095238,0.9077669902912622,0.8385650224215246,0.11923959335364363,0.13135484615428122,0.09357469040324033,61.48780367915167,0.7989667791363688,2.8302521008403363,2.35,2.786096256684492,0.0053475935828877
413,template_deposition,C,C,none,0,1.0,template_site:index=644:site=C:neigh=1:ahead0=50.420:mode=shell,x,yz,596,221,375,38,413,7839.7357916236915,3.5637895424273434,500.0,0.001,55.75,0.05575,-5120.585,-5112.746,-5120.585,-7.838867,-6.821289,0.9999997858930186,0.05575,0.05575,7,595,644,5,5,1.5203655376569767,75.51512048773473,4.05000000054,10.0,446.0,0.0,-7.2267246,-115.7849,75.44981954733086,0.49999999916963384,74.94981954816123,50.3546980765005,0.8504913171381397,6.726457399103139,74.3827812492988,74.23338896497779,75.44672415747318,0.7069792430612283,0.125,49.28765977846844,49.13826749414743,50.35160268664282,0.6,38,50,0,0.0,0.6570909090909091,525,345,0.6571428571428571,0.07238095238095238,0.9079903147699758,0.8408071748878924,0.11934058057740542,0.13143375940924917,0.09388125672089226,61.48780367915167,0.8015843277742596,2.8288590604026846,2.3333333333333335,2.784,0.005333333333333333
414,template_deposition,C,C,none,0,1.0,template_site:index=643:site=C:neigh=1:ahead0=50.420:mode=shell,x,yz,597,221,376,38,414,7868.423029209181,28.687237585489196,500.0,0.001,55.75,0.05575,-5130.9067,-5120.585,-5130.9067,-10.321777,-8.275879,1.0,0.05575,0.05575,9,596,643,5,5,1.497726636612515,75.51512048773473,2.62999999931,10.0,446.0,0.0,-7.2498674,-116.155685,75.43920082528446,0.49999999916963384,74.93920082611483,50.344079354454095,0.8938496748541485,6.744394618834081,74.52733278097993,74.26042317761912,75.42960143976795,0.7724050380501082,0.125,49.43221131014957,49.16530170678875,50.334479968937586,0.6,38,50,0,0.0,0.6609090909090909,525,347,0.660952380952381,0.07238095238095238,0.9082125603864735,0.8430493273542601,0.11940147659456418,0.1314686471014616,0.09415659297171347,61.48780367915167,0.8039352253999972,2.830820770519263,2.409090909090909,2.7872340425531914,0.005319148936170213
415,template_deposition,C,C,none,0,1.0,template_site:index=648:site=C:neigh=1:ahead0=50.420:mode=shell,x,yz,598,221,377,38,415,7965.91003227592,97.48700306673867,500.0,0.001,55.75,0.05575,-5137.5747,-5130.9067,-5137.5747,-6.6679688,-6.1552734,0.9287236071041178,0.05575,0.05575,8,597,648,4,4,1.5621272586437418,75.51512048773473,12.569999999,10.0,446.0,0.0,-7.264818,-116.395226,75.43920082528446,0.49999999916963384,74.93920082611483,50.344079354454095,0.9296935327182764,6.762331838565022,74.68844647647506,74.83357110182612,75.4384669967862,0.8100367867264902,0.125,49.5933250056447,49.73844963099576,50.34334552595584,0.6,38,50,0,0.0,0.662909090909091,525,348,0.6628571428571428,0.07238095238095238,0.908433734939759,0.8452914798206278,0.11950198796540892,0.13154728118208142,0.094463476201228,61.48780367915167,0.8065554799196712,2.82943143812709,2.391304347826087,2.7851458885941645,0.005305039787798408
416,template_deposition,C,C,none,0,1.0,template_site:index=647:site=C:neigh=2:ahead0=50.420:mode=shell,x,yz,599,221,378,38,416,7969.985132589009,4.0751003130892745,500.0,0.001,55.75,0.05575,-5148.4736,-5137.5747,-5148.4736,-10.898926,-10.232422,1.0,0.05575,0.05575,10,598,647,3,3,1.4005508903559956,75.51512048773473,11.15,10.0,446.0,0.0,-7.289255,-116.78674,75.45349729997122,0.49999999916963384,74.95349730080159,50.358375829140854,0.9553886876986571,6.780269058295964,74.68718833975572,74.83357110182612,75.44348976769048,0.8157774240892707,0.125,49.59206686892536,49.73844963099576,50.348368296860116,0.6,38,50,0,0.0,0.664909090909091,525,349,0.6647619047619048,0.07238095238095238,0.9086538461538461,0.8475336322869955,0.1192116992041475,0.13119594409768612,0.09446107975033402,61.48780367915167,0.8065350183542215,2.8313856427378963,2.4583333333333335,2.7883597883597884,0.005291005291005291
417,template_deposition,C,C,none,0,1.0,template_site:index=641:site=C:neigh=1:ahead0=50.420:mode=shell,x,yz,600,221,379,38,417,7988.960837444941,18.975704855932307,500.0,0.001,55.75,0.05575,-5155.8135,-5148.4736,-5155.8135,-7.3398438,-6.7700195,0.9999999999999989,0.05575,0.05575,9,599,641,2,2,1.5531747972092622,75.51512048773473,8.30999999977,10.0,446.0,0.0,-7.305712,-117.050415,75.46454173213449,0.49999999916963384,74.96454173296486,50.36942026130413,0.9755662098345693,6.798206278026906,74.9817017785519,75.40985604362774,75.44680309733947,0.5797524740888561,0.125,49.88658030772153,50.31473457279738,50.351681626509105,0.6,38,50,0,0.0,0.6669090909090909,525,350,0.6666666666666666,0.07238095238095238,0.9088729016786571,0.8497757847533632,0.11963208706887657,0.1316268609702415,0.09502205772899339,61.48780367915167,0.8113248046398558,2.83,2.44,2.786279683377309,0.005277044854881266
418,template_deposition,C,C,none,0,1.0,template_site:index=642:site=C:neigh=1:ahead0=50.420:mode=shell,x,yz,601,221,380,38,418,7989.997015933933,1.0361784889920829,500.0,0.001,55.75,0.05575,-5164.162,-5155.8135,-5164.162,-8.348633,-7.821289,1.0,0.05575,0.05575,10,600,642,2,2,1.4637907149905045,75.51512048773473,6.890000000770001,10.0,446.0,0.0,-7.324431,-117.35033,75.49682551108415,0.49999999916963384,74.99682551191452,50.40170404025379,0.9892857191776454,6.816143497757848,74.984212095331,75.40071395155601,75.45648823102437,0.5806925832039822,0.125,49.88909062450064,50.30559248072565,50.361366760194,0.6,38,50,0,0.0,0.6689090909090909,525,351,0.6685714285714286,0.07238095238095238,0.9090909090909091,0.852017937219731,0.11935189144617378,0.13128708059079117,0.09502683928476312,61.48780367915167,0.8113656308952902,2.8286189683860234,2.423076923076923,2.7842105263157895,0.005263157894736842
419,template_deposition,C,C,none,0,1.0,template_site:index=646:site=C:neigh=1:ahead0=50.420:mode=shell,x,yz,602,221,381,38,419,7996.408124328848,6.4111083949153675,500.0,0.001,55.75,0.05575,-5170.264,-5164.162,-5170.264,-6.102051,-5.2875977,1.0,0.05575,0.05575,7,601,646,1,1,1.56016476979915,75.51512048773473,15.409999999230001,10.0,446.0,0.0,-7.338113,-117.569534,75.49682551108415,0.49999999916963384,74.99682551191452,50.40170404025379,1.0006468017619903,6.834080717488789,75.14774269368601,75.42259602775931,75.47381811443292,0.5034180882785784,0.125,50.05262122285565,50.32747455692895,50.37869664360255,0.6,40,50,0,0.0,0.6709090909090909,525,352,0.6704761904761904,0.07238095238095238,0.9093078758949881,0.8542600896860987,0.11945732988748364,0.13137170924634028,0.09533832613877266,61.48780367915167,0.8140251924435986,2.8272425249169437,2.4074074074074074,2.7821522309711284,0.005249343832020997
420,template_deposition,C,C,none,0,1.0,template_site:index=645:site=C:neigh=1:ahead0=50.420:mode=shell,x,yz,603,221,382,38,420,8004.510745013586,8.102620684737024,500.0,0.001,55.75,0.05575,-5178.453,-5170.264,-5178.453,-8.188965,-7.625,1.0,0.05575,0.05575,10,602,645,1,1,1.4129150489290077,75.51512048773473,16.83000000046,10.0,446.0,0.0,-7.356474,-117.86371,75.55559278151033,0.49999999916963384,75.0555927823407,50.460471310679964,1.016124033740868,6.852017937219731,75.30729133418771,75.42595208726708,75.51445569221201,0.3885594500278308,0.125,50.212169863357346,50.330830616436714,50.419334221381646,0.6,40,50,0,0.0,0.672909090909091,525,353,0.6723809523809524,0.07238095238095238,0.9095238095238095,0.8565022421524664,0.11955278538894606,0.1314454708464852,0.09564222831115685,61.48780367915167,0.8166199938668895,2.825870646766169,2.392857142857143,2.7801047120418847,0.005235602094240838
421,template_vacancy,vac,C,vac,1,1.0,template_site:index=658:site=C:neigh=1:ahead0=51.650:mode=shell,x,yz,603,221,382,39,421,8010.98146643498,6.470721421394297,500.0,0.001,55.75,0.05575,-5178.453,-5178.453,-5178.453,0.0,0.0,0.9974865431309962,0.05575,0.05575,0,-1,658,10,10,1.4035039268014693,76.74487656131777,17.539999999960003,10.0,446.0,0.0,-7.356474,-117.86371,75.55559278151033,0.49999999916963384,75.0555927823407,50.460471310679964,1.016124033740868,6.852017937219731,75.30729133418771,75.42595208726708,75.51445569221201,0.3885594500278308,0.125,50.212169863357346,50.330830616436714,50.419334221381646,0.6,40,50,0,0.0,0.672909090909091,525,353,0.6723809523809524,0.07428571428571429,0.9073634204275535,0.8565022421524664,0.11926881202697708,0.1314454708464852,0.09564222831115685,61.48780367915167,0.8166199938668895,2.825870646766169,2.392857142857143,2.7801047120418847,0.005235602094240838
422,template_deposition,C,C,none,0,1.0,template_site:index=656:site=C:neigh=1:ahead0=51.650:mode=shell,x,yz,604,221,383,39,422,8029.526772187642,18.545305752661555,500.0,0.001,55.75,0.05575,-5186.1357,-5178.453,-5186.1357,-7.682617,-6.9780273,0.9999999781899864,0.05575,0.05575,8,603,656,9,9,1.4714210406875279,76.74487656131777,6.17999999904,10.0,446.0,0.0,-7.373699,-118.13969,76.65059262474696,0.49999999916963384,76.15059262557733,51.5554711539166,0.6776269201543922,6.869955156950673,75.45031077215526,75.42306069762265,75.88409273448131,0.5944844357108882,0.125,50.3551893013249,50.32793922679228,50.78897126365095,0.6,40,50,0,0.0,0.6747272727272727,525,354,0.6742857142857143,0.07428571428571429,0.9075829383886256,0.8587443946188341,0.11932509313110165,0.13147569008178825,0.0959146462882379,61.48780367915167,0.8189459744583226,2.8245033112582782,2.210526315789474,2.7780678851174936,0.005221932114882507
423,template_deposition,C,C,none,0,1.0,template_site:index=655:site=C:neigh=2:ahead0=51.650:mode=shell,x,yz,605,221,384,39,423,8031.60885509295,2.0820829053079675,500.0,0.001,55.75,0.05575,-5197.4043,-5186.1357,-5197.4043,-11.268555,-9.908691,1.0,0.05575,0.05575,9,604,655,8,8,1.3946267535251269,76.74487656131777,4.760000000040001,10.0,446.0,0.0,-7.3989654,-118.544495,76.64472007584835,0.49999999916963384,76.14472007667872,51.54959860501799,0.7500059675206828,6.887892376681615,75.59393236565232,75.44554486194089,76.57828000985845,0.6940561075976901,0.125,50.49881089482196,50.350423391110525,51.48315853902808,0.6,40,50,0,0.0,0.6765454545454546,525,355,0.6761904761904762,0.07428571428571429,0.9078014184397163,0.8609865470852018,0.11938253166624577,0.13150732003859886,0.0961882112282323,61.48780367915167,0.8212817481386852,2.8264462809917354,2.3,2.78125,0.005208333333333333
424,template_vacancy,vac,C,vac,1,1.0,template_site:index=653:site=C:neigh=1:ahead0=51.650:mode=shell,x,yz,605,221,384,40,424,8097.65266306132,66.04380796836962,500.0,0.001,55.75,0.05575,-5197.4043,-5197.4043,-5197.4043,0.0,0.0,0.9999999639915635,0.05575,0.05575,0,-1,653,7,7,1.4335594705176027,76.74487656131777,1.9199999998100001,10.0,446.0,0.0,-7.3989654,-118.544495,76.64472007584835,0.49999999916963384,76.14472007667872,51.54959860501799,0.7500059675206828,6.887892376681615,75.59393236565232,75.44554486194089,76.57828000985845,0.6940561075976901,0.125,50.49881089482196,50.350423391110525,51.48315853902808,0.6,40,50,0,0.0,0.6765454545454546,525,355,0.6761904761904762,0.0761904761904762,0.9056603773584906,0.8609865470852018,0.11910096909156122,0.13150732003859886,0.0961882112282323,61.48780367915167,0.8212817481386852,2.8264462809917354,2.3,2.78125,0.005208333333333333
425,template_deposition,C,C,none,0,1.0,template_site:index=661:site=C:neigh=1:ahead0=51.650:mode=shell,x,yz,606,221,385,40,425,8099.518325251623,1.8656621903027144,500.0,0.001,55.75,0.05575,-5204.306,-5197.4043,-5204.306,-6.9018555,-6.234375,0.9934066696254567,0.05575,0.05575,8,605,661,6,6,1.4685466414628638,76.74487656131777,21.79999999919,10.0,446.0,0.0,-7.41444,-118.79243,76.76491214708396,0.49999999916963384,76.26491214791433,51.6697906762536,0.8157937721944296,6.9058295964125564,75.76036625719962,75.51013287413085,76.68077769721904,0.78881808677004,0.125,50.66524478636926,50.41501140330048,51.58565622638868,0.6,40,50,0,0.0,0.6783636363636364,525,356,0.6780952380952381,0.0761904761904762,0.9058823529411765,0.8632286995515696,0.11921234067381002,0.13159803840615392,0.09650522816451287,61.48780367915167,0.8239885270702562,2.825082508250825,2.2857142857142856,2.779220779220779,0.005194805194805195
426,template_deposition,C,C,none,0,1.0,template_site:index=657:site=C:neigh=1:ahead0=51.650:mode=shell,x,yz,607,221,386,40,426,8101.730386026844,2.212060775221579,500.0,0.001,55.75,0.05575,-5211.4727,-5204.306,-5211.4727,-7.166504,-6.3408203,0.9994223398856559,0.05575,0.05575,8,606,657,5,5,1.5926510851324123,76.74487656131777,18.95999999896,10.0,446.0,0.0,-7.4305086,-119.04987,76.78231608830586,0.49999999916963384,76.28231608913623,51.6871946174755,0.8583323956077022,6.923766816143497,75.8986910568866,76.00712439934561,76.68620679768682,0.8367258910845873,0.125,50.80356958605624,50.91200292851525,51.59108532685646,0.6,40,50,0,0.0,0.6801818181818181,525,357,0.68,0.0761904761904762,0.9061032863849765,0.8654708520179372,0.11925720560107099,0.13161546524885037,0.09676870397344046,61.48780367915167,0.8262381569384617,2.823723228995058,2.272727272727273,2.77720207253886,0.0051813471502590676
427,template_deposition,C,C,none,0,1.0,template_site:index=651:site=C:neigh=1:ahead0=51.650:mode=shell,x,yz,608,221,387,40,427,8113.066138467761,11.335752440917267,500.0,0.001,55.75,0.05575,-5218.041,-5211.4727,-5218.041,-6.5683594,-5.9785156,0.6087280270310982,0.05575,0.05575,9,607,651,4,4,1.5424194533166724,76.74487656131777,10.440000000500001,10.0,446.0,0.0,-7.4452357,-119.28583,76.78231608830586,0.49999999916963384,76.28231608913623,51.6871946174755,0.8939627447362297,6.941704035874439,76.2097018581902,76.59726288585557,76.72426820331751,0.5903139420593572,0.125,51.11458038735984,51.50214141502521,51.62914673248714,0.6,40,50,0,0.0,0.682,525,358,0.6819047619047619,0.0761904761904762,0.9063231850117096,0.8677130044843049,0.11970627725377012,0.1320790190887851,0.09736110549973302,61.48780367915167,0.8312962462292498,2.8223684210526314,2.260869565217391,2.7751937984496124,0.00516795865633075
428,template_deposition,C,C,none,0,1.0,template_site:index=652:site=C:neigh=2:ahead0=51.650:mode=shell,x,yz,609,221,388,40,428,8120.895585395727,7.82944692796575,500.0,0.001,55.75,0.05575,-5228.489,-5218.041,-5228.489,-10.447754,-9.450195,1.0,0.05575,0.05575,10,608,652,3,3,1.418273905747876,76.74487656131777,9.01999999927,10.0,446.0,0.0,-7.4686613,-119.66115,76.78231608830586,0.49999999916963384,76.28231608913623,51.6871946174755,0.9141900461480799,6.959641255605381,76.20615555311653,76.58311229136069,76.71031438212484,0.5832923629416483,0.125,51.11103408228617,51.48799082053033,51.61519291129447,0.6,40,50,0,0.0,0.6838181818181818,525,359,0.6838095238095238,0.0761904761904762,0.9065420560747663,0.8699551569506726,0.11941830393057516,0.1317294692842427,0.09735435063292604,61.48780367915167,0.8312385712943607,2.8243021346469623,2.3333333333333335,2.7783505154639174,0.005154639175257732
429,template_deposition,C,C,none,0,1.0,template_site:index=659:site=C:neigh=1:ahead0=51.650:mode=shell,x,yz,610,221,389,40,429,8154.2987126760645,33.40312728033785,500.0,0.001,55.75,0.05575,-5235.953,-5228.489,-5235.953,-7.4643555,-6.8066406,0.9999999999999962,0.05575,0.05575,10,609,659,2,2,1.5584246827964534,76.74487656131777,13.28000000073,10.0,446.0,0.0,-7.4853973,-119.92929,76.78231608830586,0.49999999916963384,76.28231608913623,51.6871946174755,0.9294895380980582,6.977578475336323,76.35397128127558,76.6448685887778,76.71031438212484,0.5295202308267672,0.125,51.25884981044521,51.54974711794743,51.61519291129447,0.6,40,50,0,0.0,0.6856363636363636,525,360,0.6857142857142857,0.0761904761904762,0.9067599067599068,0.8721973094170403,0.11948449839264619,0.1317708221348206,0.09763590440084803,61.48780367915167,0.8336425558134755,2.822950819672131,2.32,2.776349614395887,0.005141388174807198
430,template_deposition,C,C,none,0,1.0,template_site:index=660:site=C:neigh=2:ahead0=51.650:mode=shell,x,yz,611,221,390,40,430,8159.6515954563265,5.352882780262244,500.0,0.001,55.75,0.05575,-5246.2695,-5235.953,-5246.2695,-10.316406,-9.3125,1.0,0.05575,0.05575,9,610,660,1,1,1.4268856842643147,76.74487656131777,14.69999999973,10.0,446.0,0.0,-7.5085287,-120.2999,76.78231608830586,0.49999999916963384,76.28231608913623,51.6871946174755,0.9415205615504902,6.995515695067264,76.50040015281178,76.6448685887778,76.72752244329409,0.42043408194783893,0.125,51.405278681981414,51.54974711794743,51.63240097246373,0.6,40,50,0,0.0,0.6874545454545455,525,361,0.6876190476190476,0.0761904761904762,0.9069767441860465,0.874439461883408,0.11954715972553817,0.13180840687687542,0.09791481653710746,61.48780367915167,0.8360239853454242,2.8248772504091653,2.3846153846153846,2.7794871794871794,0.005128205128205128
431,template_deposition,C,C,none,0,1.0,template_site:index=671:site=C:neigh=1:ahead0=52.880:mode=shell,x,yz,612,221,391,40,431,8164.259907693057,4.6083122367307725,500.0,0.001,55.75,0.05575,-5254.9136,-5246.2695,-5254.9136,-8.644043,-7.915039,0.9999876091412231,0.05575,0.05575,6,611,671,8,8,1.395982207478285,77.9746326349008,21.08999999969,10.0,446.0,0.0,-7.5279098,-120.61041,77.97225798322417,0.49999999916963384,77.47225798405454,52.877136512393804,0.688107434655491,7.013452914798206,76.64160721014954,76.63384568633086,77.08450501176958,0.6449505498635492,0.125,51.54648573931918,51.538724215500494,51.989383540939215,0.6,40,50,0,0.0,0.6894545454545454,525,362,0.6895238095238095,0.0761904761904762,0.9071925754060325,0.8766816143497758,0.11959741470839717,0.13183244434608485,0.09818378236060796,61.48780367915167,0.838320490487722,2.823529411764706,2.210526315789474,2.7774936061381075,0.005115089514066497
432,template_deposition,C,C,none,0,1.0,template_site:index=654:site=C:neigh=1:ahead0=51.650:mode=shell,x,yz,613,221,392,40,432,8178.110158560764,13.850250867706274,500.0,0.001,55.75,0.05575,-5261.942,-5254.9136,-5261.942,-7.0283203,-0.609375,1.0,0.05575,0.05575,12,612,654,1,1,1.0449106527080794,76.74487656131777,0.5000000008100001,10.0,446.0,0.0,-7.5436683,-120.86289,78.08044221351504,0.49999999916963384,77.58044221434541,52.98532074268468,0.6978571953659992,7.031390134529148,76.81290709406733,76.66208829194781,77.14675615440267,0.4855026014532156,0.125,51.71778562323696,51.56696682111745,52.0516346835723,0.6,40,50,0,0.0,0.6912727272727273,525,363,0.6914285714285714,0.0761904761904762,0.9074074074074074,0.8789237668161435,0.11971709635008557,0.1319331265898902,0.09851006785378469,61.48780367915167,0.8411064069405463,2.822185970636215,2.2,2.7755102040816326,0.00510204081632653
433,template_deposition,C,C,none,0,1.0,template_site:index=670:site=C:neigh=2:ahead0=52.880:mode=shell,x,yz,614,221,393,40,433,8207.751094910762,29.640936349998494,500.0,0.001,55.75,0.05575,-5275.025,-5261.942,-5275.025,-13.083008,-9.536133,1.0,0.05575,0.05575,9,613,670,7,7,1.4001432755204382,77.9746326349008,19.67000000069,10.0,446.0,0.0,-7.5730023,-121.33288,77.8628164067448,0.49999999916963384,77.36281640757517,52.767694935914434,0.7054223139555506,7.04932735426009,76.900709744744,76.66208829194781,77.68069382099553,0.4877839010357514,0.125,51.80558827391364,51.56696682111745,52.585572350165165,0.6,40,50,0,0.0,0.6894545454545454,525,362,0.6895238095238095,0.0761904761904762,0.9076212471131639,0.8811659192825112,0.11964339093282596,0.13182083530257924,0.09867731099793074,61.48780367915167,0.8425343755037892,2.8306188925081432,2.4761904761904763,2.7888040712468194,0.005089058524173028
434,template_deposition,C,C,none,0,1.0,template_site:index=669:site=C:neigh=1:ahead0=52.880:mode=shell,x,yz,615,221,394,40,434,8210.800474422264,3.049379511501111,500.0,0.001,55.75,0.05575,-5282.142,-5275.025,-5282.142,-7.1171875,-6.2285156,0.7904016860748572,0.05575,0.05575,9,614,669,6,6,1.5633570290296555,77.9746326349008,12.569999999,10.0,446.0,0.0,-7.58896,-121.58855,77.91035306243901,0.49999999916963384,77.41035306326938,52.81523159160865,0.77473776574861,7.067264573991031,77.0593681421525,76.68269068713214,77.87707740345306,0.5757429803242363,0.125,51.96424667132213,51.58756921630177,52.781955932622694,0.6,40,50,0,0.0,0.6914545454545454,525,363,0.6914285714285714,0.0761904761904762,0.9078341013824884,0.8834080717488789,0.1197332872611109,0.13188895094244196,0.09897951746918501,61.48780367915167,0.8451146985583641,2.8292682926829267,2.4545454545454546,2.786802030456853,0.005076142131979695
435,template_deposition,C,C,none,0,1.0,template_site:index=668:site=C:neigh=2:ahead0=52.880:mode=shell,x,yz,616,221,395,40,435,8235.841144290609,25.040669868346278,500.0,0.001,55.75,0.05575,-5293.2007,-5282.142,-5293.2007,-11.058594,-10.358398,1.0,0.05575,0.05575,10,615,668,5,5,1.4073483769201671,77.9746326349008,11.15,10.0,446.0,0.0,-7.613755,-121.98581,77.92590745996476,0.49999999916963384,77.42590746079513,52.8307859891344,0.8247207042359126,7.085201793721973,77.06647119487941,76.70332569927692,77.88174372271078,0.5757438317413328,0.125,51.97134972404905,51.60820422844655,52.78662225188042,0.6,40,50,0,0.0,0.6934545454545454,525,364,0.6933333333333334,0.0761904761904762,0.9080459770114943,0.8856502242152466,0.11947436718172195,0.13157303727607353,0.09899304709342675,61.48780367915167,0.8452302182598642,2.831168831168831,2.5217391304347827,2.789873417721519,0.005063291139240506
436,template_deposition,C,C,none,0,1.0,template_site:index=662:site=C:neigh=1:ahead0=52.880:mode=shell,x,yz,617,221,396,40,436,8268.609231688848,32.76808739823904,500.0,0.001,55.75,0.05575,-5300.5684,-5293.2007,-5300.5684,-7.367676,-6.914551,0.9999956233524321,0.05575,0.05575,10,616,662,4,4,1.5139305685252986,77.9746326349008,8.30999999977,10.0,446.0,0.0,-7.630275,-122.25048,77.93080456042192,0.49999999916963384,77.43080456125229,52.835683089591555,0.8618866711881962,7.103139013452915,77.23967578780365,77.18545251561146,77.90990259847163,0.5940825605664164,0.125,52.144554316973284,52.090331044781095,52.81478112764127,0.6,40,50,0,0.0,0.6954545454545454,525,365,0.6952380952380952,0.0761904761904762,0.908256880733945,0.8878923766816144,0.11959760164443414,0.13167816746710426,0.09932296060375864,61.48780367915167,0.8480471117340243,2.8298217179902756,2.5,2.787878787878788,0.005050505050505051
437,template_deposition,C,C,none,0,1.0,template_site:index=663:site=C:neigh=2:ahead0=52.880:mode=shell,x,yz,618,221,397,40,437,8269.060636374494,0.4514046856457882,500.0,0.001,55.75,0.05575,-5310.0244,-5300.5684,-5310.0244,-9.456055,-8.175293,1.0,0.05575,0.05575,9,617,663,3,3,1.4411845176676465,77.9746326349008,6.890000000770001,10.0,446.0,0.0,-7.651477,-122.59018,77.92947789168201,0.49999999916963384,77.42947789251238,52.83435642085165,0.8942824427941354,7.121076233183857,77.23970087237595,77.20786609383754,77.90950459784966,0.595442462689713,0.125,52.144579401545585,52.112744623007174,52.8143831270193,0.6,40,50,0,0.0,0.6974545454545455,525,366,0.6971428571428572,0.0761904761904762,0.9084668192219679,0.8901345291479821,0.11932398032390294,0.13134654761094605,0.09932300838389635,61.48780367915167,0.8480475196941529,2.831715210355987,2.56,2.790931989924433,0.005037783375314861
438,template_deposition,C,C,none,0,1.0,template_site:index=665:site=C:neigh=1:ahead0=52.880:mode=shell,x,yz,619,221,398,40,438,8269.748348682364,0.6877123078697153,500.0,0.001,55.75,0.05575,-5318.484,-5310.0244,-5318.484,-8.459473,-7.0493164,0.9999998170848236,0.05575,0.05575,9,618,665,2,2,1.5100743027118728,77.9746326349008,4.05000000054,10.0,446.0,0.0,-7.670444,-122.894066,77.92947789168201,0.49999999916963384,77.42947789251238,52.83435642085165,0.912347460986813,7.139013452914798,77.41295680185196,77.73272884549532,77.92594251081778,0.5674339089787387,0.125,52.3178353310216,52.63760737466495,52.83082103998741,0.6,40,50,0,0.0,0.6994545454545453,525,367,0.699047619047619,0.0761904761904762,0.908675799086758,0.8923766816143498,0.1194471126279032,0.1314518475653809,0.09965301967813638,61.48780367915167,0.8508652480745661,2.8303715670436187,2.5384615384615383,2.7889447236180906,0.005025125628140704
439,template_deposition,C,C,none,0,1.0,template_site:index=664:site=C:neigh=1:ahead0=52.880:mode=shell,x,yz,620,221,399,40,439,8270.040713349801,0.2923646674364267,500.0,0.001,55.75,0.05575,-5329.425,-5318.484,-5329.425,-10.940918,-8.729004,1.0,0.05575,0.05575,9,619,664,2,2,1.4380232304035194,77.9746326349008,2.62999999931,10.0,446.0,0.0,-7.6949754,-123.2871,77.92947789168201,0.49999999916963384,77.42947789251238,52.83435642085165,0.9227755890326613,7.15695067264574,77.55488890141947,77.83581545787958,77.90950459784966,0.4833356163236369,0.125,52.45976743058911,52.74069398704921,52.8143831270193,0.6,40,50,0,0.0,0.7032727272727273,525,369,0.7028571428571428,0.0761904761904762,0.908883826879271,0.8946188340807175,0.11949833127696836,0.1314781138611256,0.09992336653445545,61.48780367915167,0.8531735448598623,2.832258064516129,2.5925925925925926,2.791979949874687,0.005012531328320802
440,template_deposition,C,C,none,0,1.0,template_site:index=667:site=C:neigh=1:ahead0=52.880:mode=shell,x,yz,621,221,400,40,440,8284.974996200173,14.934282850372119,500.0,0.001,55.75,0.05575,-5336.9116,-5329.425,-5336.9116,-7.4868164,-6.3808594,1.0,0.05575,0.05575,9,620,667,1,1,1.474336501922085,77.9746326349008,15.409999999230001,10.0,446.0,0.0,-7.711762,-123.55605,77.97436911758976,0.49999999916963384,77.47436911842013,52.879247646759396,0.9397615528091655,7.174887892376682,77.71937139177868,77.85342580485558,77.94294525945433,0.3579346483902443,0.125,52.624249920948316,52.75830433402521,52.84782378862397,0.6,42,50,0,0.0,0.7052727272727273,525,370,0.7047619047619048,0.0761904761904762,0.9090909090909091,0.8968609865470852,0.11960056800215527,0.1315606248023708,0.10023666651609203,61.48780367915167,0.8558485873970374,2.8309178743961354,2.5714285714285716,2.79,0.005
441,template_deposition,C,C,none,0,1.0,template_site:index=666:site=C:neigh=1:ahead0=52.880:mode=shell,x,yz,622,221,401,40,441,8325.085216959258,40.11022075908428,500.0,0.001,55.75,0.05575,-5345.7715,-5336.9116,-5345.7715,-8.859863,-8.044922,1.0,0.05575,0.05575,10,621,666,1,1,1.4183533831816393,77.9746326349008,16.83000000046,10.0,446.0,0.0,-7.731627,-123.87432,78.02874874227646,0.49999999916963384,77.52874874310683,52.9336272714461,0.9275899321867342,7.192825112107624,77.70750593881331,77.83581545787958,77.95925914686035,0.35843815142154306,0.125,52.61238446798295,52.74069398704921,52.86413767602998,0.6,42,50,0,0.0,0.7090909090909091,525,372,0.7085714285714285,0.0761904761904762,0.909297052154195,0.899103139013453,0.11930245911107244,0.13120295378549363,0.10021406565330085,61.48780367915167,0.8556556149333066,2.832797427652733,2.6206896551724137,2.7930174563591024,0.004987531172069825
442,template_deposition,C,C,none,0,1.0,template_site:index=645:site=C:neigh=2:ahead0=50.420:mode=shell,x,yz,623,221,402,40,442,8385.774156510843,60.68893955158494,500.0,0.001,55.75,0.05575,-5356.705,-5345.7715,-5356.705,-10.933594,-3.883789,1.0,0.05575,0.05575,16,622,645,1,1,1.113833789911525,75.51512048773473,16.83000000046,10.0,446.0,0.0,-7.7561417,-124.26709,77.9888014539846,0.49999999916963384,77.48880145481498,52.89367998315424,0.9586037154096916,7.210762331838565,77.7322408144913,77.87107692512046,77.9472749603728,0.359333247945146,0.125,52.63711934366094,52.7759554542901,52.85215348954243,0.6,42,50,0,0.0,0.7110909090909091,525,373,0.7104761904761905,0.0761904761904762,0.9095022624434389,0.9013452914798207,0.11908850530240032,0.1309381078200521,0.10026117970221132,61.48780367915167,0.8560578878101694,2.831460674157303,2.6,2.791044776119403,0.004975124378109453
443,template_deposition,C,C,none,0,1.0,template_site:index=679:site=C:neigh=1:ahead0=54.109:mode=shell,x,yz,624,221,403,40,443,8392.340820121157,6.566663610313445,500.0,0.001,55.75,0.05575,-5364.798,-5356.705,-5364.798,-8.092773,-6.419922,0.9726768297827089,0.05575,0.05575,9,623,679,9,9,1.5028251837679352,79.20438870848383,17.539999999960003,10.0,446.0,0.0,-7.774287,-124.557816,79.06254317384779,0.49999999916963384,78.56254317467815,53.96742170301742,0.6730905011365119,7.228699551569507,77.91336929125059,77.91521125323032,78.30373628310147,0.5645168023826371,0.125,52.818247820420225,52.82008978239996,53.20861481227111,0.6,42,50,0,0.0,0.7129090909090908,525,374,0.7123809523809523,0.0761904761904762,0.909706546275395,0.9035874439461884,0.11922855038469576,0.1310626496784621,0.10060618632460995,61.48780367915167,0.8590036504805102,2.8301282051282053,2.4761904761904763,2.7890818858560795,0.004962779156327543
444,template_deposition,C,C,none,0,1.0,template_site:index=678:site=C:neigh=2:ahead0=54.109:mode=shell,x,yz,625,221,404,40,444,8406.142170443387,13.80135032222949,500.0,0.001,55.75,0.05575,-5376.0044,-5364.798,-5376.0044,-11.206543,-10.486816,1.0,0.05575,0.05575,10,624,678,9,9,1.2310524006757593,79.20438870848383,18.95999999896,10.0,446.0,0.0,-7.7994137,-124.96039,79.17888401118448,0.49999999916963384,78.67888401201485,54.083762540354115,0.7505456507320062,7.246636771300448,77.9284296148256,77.91521125323032,78.33165156340363,0.5946217058420221,0.125,52.83330814399524,52.82008978239996,53.23653009257326,0.6,42,50,0,0.0,0.7147272727272727,525,375,0.7142857142857143,0.0761904761904762,0.9099099099099099,0.905829596412556,0.11899393726125054,0.130775515207909,0.10063487265522902,61.48780367915167,0.8592485823641338,2.832,2.5454545454545454,2.792079207920792,0.0049504950495049506
445,template_deposition,C,C,none,0,1.0,template_site:index=681:site=C:neigh=1:ahead0=54.109:mode=shell,x,yz,626,221,405,40,445,8422.367752344004,16.225581900617723,500.0,0.001,55.75,0.05575,-5383.358,-5376.0044,-5383.358,-7.3535156,-7.0527344,0.9999999127699676,0.05575,0.05575,10,625,681,8,8,1.4707869193349778,79.20438870848383,14.69999999973,10.0,446.0,0.0,-7.8159018,-125.224556,79.17888401118448,0.49999999916963384,78.67888401201485,54.083762540354115,0.8142629690769169,7.26457399103139,78.07908984892615,77.91291438942588,79.17597777083624,0.7245022997275098,0.125,52.98396837809578,52.817792918595515,54.08085630000588,0.6,42,50,0,0.0,0.7165454545454546,525,376,0.7161904761904762,0.0761904761904762,0.9101123595505618,0.9080717488789237,0.11906509747886693,0.13082461327924885,0.10092184452970625,61.48780367915167,0.86169882818665,2.830670926517572,2.5217391304347827,2.7901234567901234,0.0049382716049382715
446,template_deposition,C,C,none,0,1.0,template_site:index=680:site=C:neigh=2:ahead0=54.109:mode=shell,x,yz,627,221,406,40,446,8437.505045570662,15.137293226658327,500.0,0.001,55.75,0.05575,-5394.2817,-5383.358,-5394.2817,-10.923828,-10.405273,1.0,0.05575,0.05575,10,626,680,7,7,1.3957183590301874,79.20438870848383,13.28000000073,10.0,446.0,0.0,-7.8403945,-125.616974,79.17888401118448,0.49999999916963384,78.67888401201485,54.083762540354115,0.8600998287256336,7.2825112107623315,78.23504581886327,77.94901491730405,79.168317362106,0.7988158906046026,0.125,53.139924348032906,52.85389344647369,54.07319589127563,0.6,42,50,0,0.0,0.7183636363636364,525,377,0.7180952380952381,0.0761904761904762,0.9103139013452914,0.9103139013452914,0.11914781243953566,0.13088651317249483,0.10121890352006267,61.48780367915167,0.86423520061509,2.8325358851674642,2.5833333333333335,2.793103448275862,0.0049261083743842365
447,template_deposition,C,C,none,0,1.0,template_site:index=672:site=C:neigh=1:ahead0=54.109:mode=shell,x,yz,628,221,407,40,447,8453.016342591201,15.51129702053878,500.0,0.001,55.75,0.05575,-5401.6597,-5394.2817,-5401.6597,-7.3779297,-7.03125,0.9999998530052904,0.05575,0.05575,10,627,672,6,6,1.5224131072180032,79.20438870848383,10.440000000500001,10.0,446.0,0.0,-7.856937,-125.88201,79.17888401118448,0.49999999916963384,78.67888401201485,54.083762540354115,0.8941572931968941,7.300448430493273,78.52626123067373,78.55030378268609,79.168317362106,0.6312394095122176,0.125,53.43113975984336,53.45518231185572,54.07319589127563,0.6,42,50,0,0.0,0.7201818181818181,525,378,0.72,0.0761904761904762,0.9105145413870246,0.9125560538116592,0.11953275114058917,0.1312804416703768,0.10177359954255878,61.48780367915167,0.868971349808677,2.8312101910828025,2.56,2.791154791154791,0.004914004914004914
448,template_deposition,C,C,none,0,1.0,template_site:index=673:site=C:neigh=2:ahead0=54.109:mode=shell,x,yz,629,221,408,40,448,8455.30774349579,2.2914009045881523,500.0,0.001,55.75,0.05575,-5412.6694,-5401.6597,-5412.6694,-11.009766,-10.491699,1.0,0.05575,0.05575,10,628,673,5,5,1.4085661472038382,79.20438870848383,9.01999999927,10.0,446.0,0.0,-7.8816223,-126.27751,79.17888401118448,0.49999999916963384,78.67888401201485,54.083762540354115,0.9218579889592092,7.318385650224215,78.53467992070907,78.5628511505024,79.17188218096325,0.6284924612255934,0.125,53.4395584498787,53.46772967967203,54.07676071013289,0.6,42,50,0,0.0,0.7219999999999999,525,379,0.7219047619047619,0.0761904761904762,0.9107142857142857,0.9147982062780269,0.11928472868276496,0.1309793099261733,0.1017896351426261,61.48780367915167,0.8691082662300095,2.833068362480127,2.6153846153846154,2.7941176470588234,0.004901960784313725
449,template_deposition,C,C,none,0,1.0,template_site:index=682:site=C:neigh=1:ahead0=54.109:mode=shell,x,yz,630,221,409,40,449,8458.171380733065,2.8636372372749865,500.0,0.001,55.75,0.05575,-5420.217,-5412.6694,-5420.217,-7.5473633,-6.3535156,0.058608927400367695,0.05575,0.05575,9,629,682,4,4,1.5219370667410466,79.20438870848383,21.79999999919,10.0,446.0,0.0,-7.898545,-126.548645,79.1957414849364,0.49999999916963384,78.69574148576677,54.10062001410604,0.9478717149045032,7.336322869955157,78.68272698555933,79.13631631386286,79.17693942308884,0.6184190542138629,0.125,53.58760551472896,54.0411948430325,54.081817952258476,0.6,42,50,0,0.0,0.7238181818181818,525,380,0.7238095238095238,0.0761904761904762,0.910913140311804,0.9170403587443946,0.11934878733792642,0.13102104037831042,0.10207162955186469,61.48780367915167,0.8715160130674601,2.831746031746032,2.5925925925925926,2.7921760391198043,0.004889975550122249
450,template_deposition,C,C,none,0,1.0,template_site:index=677:site=C:neigh=1:ahead0=54.109:mode=shell,x,yz,631,221,410,40,450,8472.339496114071,14.168115381005924,500.0,0.001,55.75,0.05575,-5427.773,-5420.217,-5427.773,-7.5561523,-6.4785156,0.9926595549865956,0.05575,0.05575,10,630,677,4,4,1.6251361684951728,79.20438870848383,6.17999999904,10.0,446.0,0.0,-7.915487,-126.82008,79.1957414849364,0.49999999916963384,78.69574148576677,54.10062001410604,0.9623935961858947,7.354260089686099,78.81665103180518,79.13631631386286,79.17337460423157,0.5726701039784181,0.125,53.721529560974815,54.0411948430325,54.078253133401205,0.6,42,50,0,0.0,0.7256363636363636,525,381,0.7257142857142858,0.0761904761904762,0.9111111111111111,0.9192825112107623,0.11938117680216626,0.13102812088042637,0.10232672297328536,61.48780367915167,0.8736940717755687,2.8304278922345483,2.5714285714285716,2.790243902439024,0.004878048780487805
451,template_deposition,C,C,none,0,1.0,template_site:index=676:site=C:neigh=2:ahead0=54.109:mode=shell,x,yz,632,221,411,40,451,8514.028245989888,41.68874987581768,500.0,0.001,55.75,0.05575,-5438.5415,-5427.773,-5438.5415,-10.768555,-9.711426,1.0,0.05575,0.05575,9,631,676,3,3,1.4422088608432666,79.20438870848383,4.760000000040001,10.0,446.0,0.0,-7.9396315,-127.206924,79.1957414849364,0.49999999916963384,78.69574148576677,54.10062001410604,0.9711922452435383,7.37219730941704,78.96701585614144,79.13631631386286,79.17337460423157,0.4299780742885657,0.125,53.87189438531108,54.0411948430325,54.078253133401205,0.6,42,50,0,0.0,0.7274545454545455,525,382,0.7276190476190476,0.0761904761904762,0.9113082039911308,0.92152466367713,0.11944987668583389,0.13107516882070822,0.10261313216249729,61.48780367915167,0.8761395132345104,2.8322784810126582,2.6206896551724137,2.7931873479318736,0.004866180048661801
452,template_deposition,C,C,none,0,1.0,template_site:index=674:site=C:neigh=1:ahead0=54.109:mode=shell,x,yz,633,221,412,40,452,8520.09215331703,6.063907327141701,500.0,0.001,55.75,0.05575,-5446.4873,-5438.5415,-5446.4873,-7.945801,-7.2436523,1.0,0.05575,0.05575,10,632,674,2,2,1.4563595688760764,79.20438870848383,1.9199999998100001,10.0,446.0,0.0,-7.957447,-127.49236,79.20253298139383,0.49999999916963384,78.7025329822242,54.107411510563466,0.9842078944034929,7.390134529147982,79.13393295443154,79.1412878604684,79.1998868425412,0.05642277173233578,0.125,54.03881148360118,54.04616638963803,54.10476537171084,0.6,43,50,0,0.0,0.7292727272727272,525,383,0.7295238095238096,0.0761904761904762,0.911504424778761,0.9237668161434978,0.11955489266283446,0.1311621637951485,0.10293106949257368,61.48780367915167,0.8788541507447569,2.830963665086888,2.6,2.79126213592233,0.0048543689320388345
453,template_deposition,C,C,none,0,1.0,template_site:index=685:site=C:neigh=1:ahead0=55.339:mode=shell,x,yz,634,221,413,40,453,8535.500462654993,15.408309337963534,500.0,0.001,55.75,0.05575,-5454.745,-5446.4873,-5454.745,-8.2578125,-7.6918945,0.2394096445463926,0.05575,0.05575,8,633,685,10,10,1.4612528516990202,80.43414478206687,2.62999999931,10.0,446.0,0.0,-7.9759626,-127.78901,80.36695233672305,0.49999999916963384,79.86695233755341,55.27183086589268,0.6925093619480819,7.408071748878924,79.27463772463244,79.1412878604684,79.53885516896474,0.4162221420492129,0.125,54.17951625380208,54.04616638963803,54.44373369813438,0.6,43,50,0,0.0,0.7312727272727273,525,384,0.7314285714285714,0.0761904761904762,0.9116997792494481,0.9260089686098655,0.11960158113422092,0.13118526937966604,0.10319907857867062,61.48780367915167,0.8811424869965299,2.829652996845426,2.380952380952381,2.7893462469733654,0.004842615012106538
454,template_deposition,C,C,none,0,1.0,template_site:index=686:site=C:neigh=2:ahead0=55.339:mode=shell,x,yz,635,221,414,40,454,8551.521947227973,16.021484572980263,500.0,0.001,55.75,0.05575,-5465.365,-5454.745,-5465.365,-10.620117,-9.575684,1.0,0.05575,0.05575,9,634,686,9,9,1.4565900291452474,80.43414478206687,4.05000000054,10.0,446.0,0.0,-7.9997745,-128.17052,80.3634048782959,0.49999999916963384,79.86340487912626,55.26828340746553,0.7632003574890157,7.426008968609866,79.42532159545462,79.15289375693618,80.30959964432029,0.5226132653854532,0.125,54.330200124624255,54.057772286105816,55.21447817348992,0.6,43,50,0,0.0,0.7332727272727272,525,385,0.7333333333333333,0.0761904761904762,0.9118942731277533,0.9282511210762332,0.1196700443273662,0.13123236745078323,0.10348609547547477,61.48780367915167,0.8835931172322179,2.831496062992126,2.4545454545454546,2.792270531400966,0.004830917874396135
455,template_deposition,C,C,none,0,1.0,template_site:index=692:site=C:neigh=1:ahead0=55.339:mode=shell,x,yz,636,221,415,40,455,8581.978090218712,30.4561429907391,500.0,0.001,55.75,0.05575,-5473.8745,-5465.365,-5473.8745,-8.509277,-7.5092773,0.9999999999631102,0.05575,0.05575,9,635,692,8,8,1.5052221258023544,80.43414478206687,21.08999999969,10.0,446.0,0.0,-8.018853,-128.4762,80.3634048782959,0.49999999916963384,79.86340487912626,55.26828340746553,0.8149810621335632,7.443946188340807,79.56184636645483,79.15289375693618,80.34218481313913,0.5821477634882714,0.125,54.466724895624466,54.057772286105816,55.24706334230876,0.6,43,50,0,0.0,0.7352727272727272,525,386,0.7352380952380952,0.0761904761904762,0.9120879120879121,0.9304932735426009,0.11970708768269113,0.1312451202304204,0.10374614265833232,61.48780367915167,0.8858134725357283,2.830188679245283,2.4347826086956523,2.7903614457831325,0.004819277108433735
456,template_deposition,C,C,none,0,1.0,template_site:index=691:site=C:neigh=2:ahead0=55.339:mode=shell,x,yz,637,221,416,40,456,8598.927431262871,16.949341044159482,500.0,0.001,55.75,0.05575,-5484.904,-5473.8745,-5484.904,-11.029297,-9.919434,1.0,0.05575,0.05575,9,636,691,7,7,1.4417479558698045,80.43414478206687,19.67000000069,10.0,446.0,0.0,-8.043583,-128.8724,80.41413406779711,0.49999999916963384,79.91413406862748,55.31901259696674,0.8576275188918124,7.461883408071749,79.57714357657449,79.17185937559367,80.37862363514625,0.5924094934338356,0.125,54.48202210574412,54.076737904763306,55.28350216431589,0.6,43,50,0,0.0,0.7372727272727272,525,387,0.7371428571428571,0.0761904761904762,0.9122807017543859,0.9327354260089686,0.11947811865294763,0.13096639929265413,0.10377528020141738,61.48780367915167,0.8860622569971066,2.8351648351648353,2.5833333333333335,2.798076923076923,0.004807692307692308
457,template_deposition,C,C,none,0,1.0,template_site:index=684:site=C:neigh=1:ahead0=55.339:mode=shell,x,yz,638,221,417,40,457,8657.516610103712,58.58917884084001,500.0,0.001,55.75,0.05575,-5492.287,-5484.904,-5492.287,-7.383301,-6.480957,0.06587683563123865,0.05575,0.05575,10,637,684,6,6,1.6727129764657311,80.43414478206687,6.890000000770001,10.0,446.0,0.0,-8.060138,-129.13765,80.41413406779711,0.49999999916963384,79.91413406862748,55.31901259696674,0.8865182734837685,7.479820627802691,79.73996775022796,79.70575771377744,80.36807336116819,0.584917412864648,0.125,54.6448462793976,54.61063624294708,55.27295189033782,0.6,43,50,0,0.0,0.7392727272727272,525,388,0.7390476190476191,0.0761904761904762,0.912472647702407,0.9349775784753364,0.11957296778861619,0.13104279683308775,0.10408542148456686,61.48780367915167,0.8887103296864989,2.833855799373041,2.56,2.7961630695443644,0.004796163069544364
458,template_deposition,C,C,none,0,1.0,template_site:index=683:site=C:neigh=2:ahead0=55.339:mode=shell,x,yz,639,221,418,40,458,8661.93216060098,4.415550497267833,500.0,0.001,55.75,0.05575,-5503.2236,-5492.287,-5503.2236,-10.936523,-10.285645,1.0,0.05575,0.05575,10,638,683,5,5,1.454475443743609,80.43414478206687,8.30999999977,10.0,446.0,0.0,-8.084659,-129.53052,80.41413406779711,0.49999999916963384,79.91413406862748,55.31901259696674,0.914989613231615,7.497757847533633,79.75797896479534,79.71836611347385,80.39644081449923,0.5901244622239746,0.125,54.66285749396498,54.623244642643485,55.301319343668865,0.6,43,50,0,0.0,0.7412727272727273,525,389,0.7409523809523809,0.0761904761904762,0.9126637554585153,0.9372197309417041,0.11935121723573139,0.13077238634919852,0.10411972855993329,61.48780367915167,0.889003253054869,2.835680751173709,2.6153846153846154,2.799043062200957,0.004784688995215311
459,template_deposition,C,C,none,0,1.0,template_site:index=689:site=C:neigh=1:ahead0=55.339:mode=shell,x,yz,640,221,419,40,459,8703.040210694493,41.10805009351381,500.0,0.001,55.75,0.05575,-5510.6143,-5503.2236,-5510.6143,-7.390625,-7.0097656,0.9999314119474773,0.05575,0.05575,10,639,689,4,4,1.5260743170304054,80.43414478206687,11.15,10.0,446.0,0.0,-8.10123,-129.796,80.41413406779711,0.49999999916963384,79.91413406862748,55.31901259696674,0.9366875042815185,7.515695067264574,79.90920577619265,80.28995926645499,80.38591651408666,0.5663375591293466,0.125,54.814084305362286,55.19483779562462,55.290795043256296,0.6,43,50,0,0.0,0.7432727272727271,525,390,0.7428571428571429,0.0761904761904762,0.9128540305010894,0.9394618834080718,0.1194206629746455,0.1308212035927501,0.1044077796292615,61.48780367915167,0.8914627133437163,2.834375,2.5925925925925926,2.7971360381861574,0.00477326968973747
460,template_deposition,C,C,none,0,1.0,template_site:index=690:site=C:neigh=2:ahead0=55.339:mode=shell,x,yz,641,221,420,40,460,8709.000148932313,5.959938237819318,500.0,0.001,55.75,0.05575,-5521.5664,-5510.6143,-5521.5664,-10.952148,-10.441406,1.0,0.05575,0.05575,10,640,690,3,3,1.4078041095255192,80.43414478206687,12.569999999,10.0,446.0,0.0,-8.125786,-130.18944,80.41413406779711,0.49999999916963384,79.91413406862748,55.31901259696674,0.9543537716733957,7.533632286995516,79.91324359275922,80.28995926645499,80.39646379683124,0.5651403692153952,0.125,54.81812212192885,55.19483779562462,55.30134232600088,0.6,43,50,0,0.0,0.7452727272727272,525,391,0.7447619047619047,0.0761904761904762,0.9130434782608695,0.9417040358744395,0.11916983069984532,0.1305193383855449,0.1044154707084359,61.48780367915167,0.8915283819206529,2.8361934477379096,2.642857142857143,2.8,0.004761904761904762
461,template_deposition,C,C,none,0,1.0,template_site:index=688:site=C:neigh=1:ahead0=55.339:mode=shell,x,yz,642,221,421,40,461,8712.364325264518,3.3641763322039715,500.0,0.001,55.75,0.05575,-5528.9194,-5521.5664,-5528.9194,-7.3530273,-7.117676,0.9999489151917277,0.05575,0.05575,10,641,688,2,2,1.4567746573495828,80.43414478206687,15.409999999230001,10.0,446.0,0.0,-8.142273,-130.4536,80.41829169848168,0.49999999916963384,79.91829169931205,55.32317022765132,0.9694060321361452,7.551569506726457,80.06516126854956,80.35575927442574,80.41538135700247,0.5080345993347447,0.125,54.970039797719195,55.26063780359537,55.32025988617211,0.6,44,50,0,0.0,0.7472727272727272,525,392,0.7466666666666667,0.0761904761904762,0.913232104121475,0.9439461883408071,0.11924086724017179,0.1305701657903069,0.10470483770994132,61.48780367915167,0.8939990780050839,2.8348909657320873,2.6206896551724137,2.798099762470309,0.004750593824228029
462,template_deposition,C,C,none,0,1.0,template_site:index=687:site=C:neigh=2:ahead0=55.339:mode=shell,x,yz,643,221,422,40,462,8713.322704770771,0.9583795062534164,500.0,0.001,55.75,0.05575,-5540.628,-5528.9194,-5540.628,-11.708496,-11.0234375,1.0,0.05575,0.05575,11,642,687,1,1,1.3955095442224472,80.43414478206687,16.83000000046,10.0,446.0,0.0,-8.168525,-130.87419,80.38985382486426,0.49999999916963384,79.88985382569463,55.2947323540339,0.972585556163599,7.569506726457399,80.19980674549737,80.35575927442574,80.38211895988286,0.3772088157680919,0.125,55.104685274667006,55.26063780359537,55.286997489052496,0.6,44,50,0,0.0,0.7492727272727272,525,393,0.7485714285714286,0.0761904761904762,0.9134199134199135,0.9461883408071748,0.11927421055122729,0.1305798229257512,0.10496130528508,61.48780367915167,0.8961888696205138,2.8367029548989113,2.6666666666666665,2.800947867298578,0.004739336492890996
463,template_deposition,C,C,none,0,1.0,template_site:index=697:site=C:neigh=1:ahead0=56.569:mode=shell,x,yz,644,221,423,40,463,8730.098248128346,16.775543357575362,500.0,0.001,55.75,0.05575,-5547.509,-5540.628,-5547.509,-6.8808594,-6.145996,0.5146622060127172,0.05575,0.05575,9,643,697,10,10,1.575034088646516,81.6639008556499,4.760000000040001,10.0,446.0,0.0,-8.183953,-131.12138,81.58599873543558,0.49999999916963384,81.08599873626595,56.49087726460522,0.675527511559574,7.5874439461883405,80.35365943357755,80.357346006003,80.74869729803565,0.5963000433764247,0.125,55.258537962747184,55.262224535172635,55.65357582720529,0.6,44,50,0,0.0,0.7510909090909089,525,394,0.7504761904761905,0.0761904761904762,0.9136069114470843,0.9484304932735426,0.11934889408800688,0.1306348415194969,0.10525435802428035,61.48780367915167,0.8986910355603317,2.8354037267080745,2.4761904761904763,2.7990543735224587,0.004728132387706856
464,template_deposition,C,C,none,0,1.0,template_site:index=698:site=C:neigh=2:ahead0=56.569:mode=shell,x,yz,645,221,424,40,464,8730.3790290134,0.28078088505418325,500.0,0.001,55.75,0.05575,-5558.547,-5547.509,-5558.547,-11.038086,-10.209473,1.0,0.05575,0.05575,10,644,698,9,9,1.437350413771545,81.6639008556499,6.17999999904,10.0,446.0,0.0,-8.208702,-131.51791,81.57977124487857,0.49999999916963384,81.07977124570894,56.48464977404821,0.7514892993309583,7.605381165919282,80.50332723660816,80.37200260359407,81.56001110797449,0.7145483870958932,0.125,55.408205765777794,55.276881132763705,56.464889637144125,0.6,44,50,0,0.0,0.7529090909090909,525,395,0.7523809523809524,0.0761904761904762,0.9137931034482759,0.9506726457399103,0.11941423656417628,0.13067973057966462,0.10553943955386247,61.48780367915167,0.9011251410914316,2.8372093023255816,2.5454545454545454,2.80188679245283,0.0047169811320754715
465,template_deposition,C,C,none,0,1.0,template_site:index=694:site=C:neigh=1:ahead0=56.569:mode=shell,x,yz,646,221,425,40,465,8753.577671318279,23.198642304878152,500.0,0.001,55.75,0.05575,-5565.953,-5558.547,-5565.953,-7.40625,-6.9785156,0.9999998289892077,0.05575,0.05575,10,645,694,8,8,1.5534103882221628,81.6639008556499,9.01999999927,10.0,446.0,0.0,-8.225307,-131.78395,81.58726277669861,0.49999999916963384,81.08726277752898,56.492141305868245,0.8074396923796812,7.623318385650224,80.79620131466257,80.38432892130612,81.5622585675205,0.5930737902912485,0.125,55.701079843832204,55.28920745047576,56.46713709669014,0.6,44,50,0,0.0,0.7547272727272727,525,396,0.7542857142857143,0.0761904761904762,0.9139784946236559,0.952914798206278,0.11978726848135958,0.13106136433842872,0.10609729494063277,61.48780367915167,0.9058882658174773,2.8359133126934983,2.5217391304347827,2.8,0.004705882352941176
466,template_deposition,C,C,none,0,1.0,template_site:index=693:site=C:neigh=2:ahead0=56.569:mode=shell,x,yz,647,221,426,40,466,8769.198860191702,15.621188873422732,500.0,0.001,55.75,0.05575,-5576.9023,-5565.953,-5576.9023,-10.949219,-10.365723,1.0,0.05575,0.05575,10,646,693,7,7,1.4262862764384674,81.6639008556499,10.440000000500001,10.0,446.0,0.0,-8.249858,-132.17729,81.61555338626768,0.49999999916963384,81.11555338709805,56.520431915437314,0.8536719381591412,7.641255605381166,80.80800332851496,80.41323091150849,81.57074575039123,0.5922845903368857,0.125,55.71288185768459,55.31810944067813,56.47562427956086,0.6,44,50,0,0.0,0.7565454545454544,525,397,0.7561904761904762,0.0761904761904762,0.9141630901287554,0.9551569506726457,0.11955554046713432,0.13078141281146619,0.10611977496701827,61.48780367915167,0.9060802065463082,2.8377125193199384,2.5833333333333335,2.8028169014084505,0.004694835680751174
467,template_deposition,C,C,none,0,1.0,template_site:index=701:site=C:neigh=1:ahead0=56.569:mode=shell,x,yz,648,221,427,40,467,8787.921174998819,18.722314807116234,500.0,0.001,55.75,0.05575,-5584.278,-5576.9023,-5584.278,-7.3754883,-7.0532227,0.9999999711095862,0.05575,0.05575,10,647,701,6,6,1.5083855275714624,81.6639008556499,13.28000000073,10.0,446.0,0.0,-8.266395,-132.44225,81.61458325704534,0.49999999916963384,81.11458325787571,56.519461786214976,0.889792147981011,7.6591928251121075,80.95595027832559,80.97518963885108,81.59965834739462,0.6209329250176097,0.125,55.860828807495224,55.88006816802071,56.50453687656426,0.6,44,50,0,0.0,0.7583636363636362,525,398,0.758095238095238,0.0761904761904762,0.9143468950749465,0.9573991031390134,0.11961633577622104,0.1308216131323073,0.10640157868094328,61.48780367915167,0.9084863251740385,2.8364197530864197,2.56,2.800936768149883,0.00468384074941452
468,template_deposition,C,C,none,0,1.0,template_site:index=702:site=C:neigh=2:ahead0=56.569:mode=shell,x,yz,649,221,428,40,468,8793.286551438341,5.365376439521382,500.0,0.001,55.75,0.05575,-5595.2627,-5584.278,-5595.2627,-10.984863,-10.4296875,1.0,0.05575,0.05575,10,648,702,5,5,1.4072906139211732,81.6639008556499,14.69999999973,10.0,446.0,0.0,-8.291024,-132.83685,81.63058537421458,0.49999999916963384,81.13058537504494,56.53546390338421,0.9195876135891937,7.677130044843049,81.10631766400783,81.54569386400965,81.6044589825454,0.614502698615266,0.125,56.01119619317747,56.450572393179286,56.50933751171503,0.6,44,50,0,0.0,0.7601818181818181,525,399,0.76,0.0761904761904762,0.9145299145299145,0.9596412556053812,0.11968204314781511,0.130867280825181,0.10668799274890946,61.48780367915167,0.9109318082891433,2.8382126348228045,2.6153846153846154,2.803738317757009,0.004672897196261682
469,template_deposition,C,C,none,0,1.0,template_site:index=700:site=C:neigh=1:ahead0=56.569:mode=shell,x,yz,650,221,429,40,469,8820.534623551977,27.248072113636095,500.0,0.001,55.75,0.05575,-5602.647,-5595.2627,-5602.647,-7.3842773,-7.0117188,0.9999999173530338,0.05575,0.05575,10,649,700,4,4,1.5012882721722116,81.6639008556499,17.539999999960003,10.0,446.0,0.0,-8.307581,-133.10213,81.62102772950384,0.49999999916963384,81.1210277303342,56.52590625867347,0.9420723321553677,7.695067264573991,81.26715733320705,81.57095220380994,81.61469291574065,0.5518114447372292,0.125,56.17203586237669,56.475830732979574,56.519571444910284,0.6,44,50,0,0.0,0.7619999999999999,525,400,0.7619047619047619,0.0761904761904762,0.9147121535181236,0.9618834080717489,0.11976979928012087,0.1309371465323466,0.10699435402357464,61.48780367915167,0.9135476062128827,2.836923076923077,2.5925925925925926,2.801864801864802,0.004662004662004662
470,template_deposition,C,C,none,0,1.0,template_site:index=699:site=C:neigh=2:ahead0=56.569:mode=shell,x,yz,651,221,430,40,470,8848.357201843755,27.822578291778406,500.0,0.001,55.75,0.05575,-5613.7295,-5602.647,-5613.7295,-11.08252,-10.459961,1.0,0.05575,0.05575,10,650,699,3,3,1.4019995230681273,81.6639008556499,18.95999999896,10.0,446.0,0.0,-8.33243,-133.50024,81.61197799555642,0.49999999916963384,81.11197799638678,56.51685652472605,0.9577610091903582,7.713004484304933,81.27288137888236,81.57095220380994,81.60418621889683,0.5373953314682124,0.125,56.177759908051996,56.475830732979574,56.509064748066464,0.6,44,50,0,0.0,0.7638181818181817,525,401,0.7638095238095238,0.0761904761904762,0.9148936170212766,0.9641255605381166,0.11952714874053616,0.13064595327453954,0.1070052569677181,61.48780367915167,0.9136406985878385,2.838709677419355,2.642857142857143,2.8046511627906976,0.004651162790697674
471,template_deposition,C,C,none,0,1.0,template_site:index=703:site=C:neigh=1:ahead0=56.569:mode=shell,x,yz,652,221,431,40,471,8852.146422597842,3.789220754087037,500.0,0.001,55.75,0.05575,-5620.834,-5613.7295,-5620.834,-7.104492,-6.473633,0.9479022431208033,0.05575,0.05575,9,651,703,2,2,1.49929720212303,81.6639008556499,21.79999999919,10.0,446.0,0.0,-8.348359,-133.75546,81.66521406389481,0.49999999916963384,81.16521406472518,56.570092593064444,0.9742381690331485,7.7309417040358746,81.42311794025167,81.58979971408317,81.62794881605794,0.4472701882083581,0.125,56.32799646942131,56.49467824325281,56.532827345227574,0.6,44,50,0,0.0,0.7656363636363637,525,402,0.7657142857142857,0.0761904761904762,0.9150743099787686,0.9663677130044843,0.1195923491919773,0.13069140712162716,0.10729142184651677,61.48780367915167,0.9160840540564004,2.8374233128834354,2.6206896551724137,2.8027842227378192,0.004640371229698376
472,template_deposition,C,C,none,0,1.0,template_site:index=695:site=C:neigh=1:ahead0=56.569:mode=shell,x,yz,653,221,432,40,472,8862.48108621038,10.334663612539009,500.0,0.001,55.75,0.05575,-5628.7856,-5620.834,-5628.7856,-7.95166,-6.904297,1.0,0.05575,0.05575,10,652,695,1,1,1.5284392349164693,81.6639008556499,1.9199999998100001,10.0,446.0,0.0,-8.366188,-134.0411,81.66121078942048,0.49999999916963384,81.16121079025085,56.566089318590116,0.9848432869159603,7.748878923766816,81.59150145830199,81.59181194364572,81.64061272651078,0.044066099019727016,0.125,56.49637998747163,56.49669047281536,56.54549125568042,0.6,45,50,0,0.0,0.7674545454545454,525,403,0.7676190476190476,0.0761904761904762,0.9152542372881356,0.968609865470852,0.11969572031243988,0.13077865737840655,0.10761215235708882,61.48780367915167,0.9188225405199755,2.8361408882082695,2.6,2.800925925925926,0.004629629629629629
473,template_deposition,C,C,none,0,1.0,template_site:index=713:site=C:neigh=1:ahead0=57.799:mode=shell,x,yz,654,221,433,40,473,8881.152192169842,18.671105959462306,500.0,0.001,55.75,0.05575,-5637.121,-5628.7856,-5637.121,-8.335449,-7.657715,0.7844701687896912,0.05575,0.05575,8,653,713,10,10,1.467440903897378,82.89365692923293,21.08999999969,10.0,446.0,0.0,-8.384877,-134.34055,82.81844732423441,0.49999999916963384,82.31844732506478,57.72332585340405,0.6938572862799486,7.766816143497758,81.7322752288807,81.59181194364572,81.97631778124237,0.411819656752443,0.125,56.63715375805033,56.49669047281536,56.88119631041201,0.6,45,50,0,0.0,0.7694545454545454,525,404,0.7695238095238095,0.0761904761904762,0.9154334038054969,0.9708520179372198,0.11974028278657575,0.1308017407807167,0.10788029287247682,61.48780367915167,0.9211119989516552,2.834862385321101,2.380952380952381,2.7990762124711317,0.004618937644341801
474,template_deposition,C,C,none,0,1.0,template_site:index=712:site=C:neigh=2:ahead0=57.799:mode=shell,x,yz,655,221,434,40,474,8884.795625175231,3.643433005388817,500.0,0.001,55.75,0.05575,-5647.837,-5637.121,-5647.837,-10.71582,-9.650879,1.0,0.05575,0.05575,9,654,712,9,9,1.4521619542988466,82.89365692923293,19.67000000069,10.0,446.0,0.0,-8.408904,-134.7255,82.85246364737819,0.49999999916963384,82.35246364820856,57.75734217654782,0.7661823284437479,7.7847533632287,81.74476259671769,81.60261997655036,82.00405662337698,0.42043561013398106,0.125,56.64964112588733,56.507498505719994,56.90893515254662,0.6,45,50,0,0.0,0.7714545454545454,525,405,0.7714285714285715,0.0761904761904762,0.9156118143459916,0.9730941704035875,0.11951401081410828,0.13052912701817357,0.10790407833502348,61.48780367915167,0.9213150858581604,2.836641221374046,2.4545454545454546,2.80184331797235,0.004608294930875576
475,template_deposition,C,C,none,0,1.0,template_site:index=706:site=C:neigh=1:ahead0=57.799:mode=shell,x,yz,656,221,435,40,475,8895.575743303505,10.780118128274186,500.0,0.001,55.75,0.05575,-5656.4243,-5647.837,-5656.4243,-8.587402,-7.2963867,0.9998395528895331,0.05575,0.05575,9,655,706,8,8,1.5358392354153438,82.89365692923293,2.62999999931,10.0,446.0,0.0,-8.428158,-135.03398,82.85246364737819,0.49999999916963384,82.35246364820856,57.75734217654782,0.8132908012587983,7.802690582959642,81.88450528618301,81.60261997655036,82.78747794145688,0.5341573196330214,0.125,56.78938381535265,56.507498505719994,57.69235647062652,0.6,45,50,0,0.0,0.7734545454545454,525,406,0.7733333333333333,0.0761904761904762,0.9157894736842105,0.9753363228699552,0.11955659750600559,0.13055030762150036,0.108170254886386,61.48780367915167,0.9235877754177763,2.8353658536585367,2.4347826086956523,2.8,0.004597701149425287
476,template_deposition,C,C,none,0,1.0,template_site:index=707:site=C:neigh=2:ahead0=57.799:mode=shell,x,yz,657,221,436,40,476,8914.165030530712,18.58928722720763,500.0,0.001,55.75,0.05575,-5667.4766,-5656.4243,-5667.4766,-11.052246,-9.811523,1.0,0.05575,0.05575,9,656,707,7,7,1.4938274821668038,82.89365692923293,4.05000000054,10.0,446.0,0.0,-8.452939,-135.43102,82.85246364737819,0.49999999916963384,82.35246364820856,57.75734217654782,0.8528982056837262,7.820627802690583,82.0362123397997,81.62621580432358,82.82235636414671,0.5838953751622086,0.125,56.94109086896934,56.531094333493215,57.72723489331635,0.6,45,50,0,0.0,0.7754545454545453,525,407,0.7752380952380953,0.0761904761904762,0.9159663865546218,0.9775784753363229,0.11962414048102803,0.13059883226827831,0.10845922070279874,61.48780367915167,0.9260550460721049,2.8401826484018264,2.5833333333333335,2.8073394495412844,0.0045871559633027525
477,template_deposition,C,C,none,0,1.0,template_site:index=708:site=C:neigh=1:ahead0=57.799:mode=shell,x,yz,658,221,437,40,477,8931.703528721671,17.538498190959825,500.0,0.001,55.75,0.05575,-5674.994,-5667.4766,-5674.994,-7.517578,-6.9345703,0.9989833023772609,0.05575,0.05575,10,657,708,6,6,1.5876431458330524,82.89365692923293,16.83000000046,10.0,446.0,0.0,-8.469794,-135.70107,82.83289934688831,0.49999999916963384,82.33289934771868,57.73777787605795,0.8845967151021262,7.838565022421525,82.1793581777153,82.16308381723907,82.81648707399975,0.6062106868090764,0.125,57.08423670688494,57.067962346408706,57.72136560316939,0.6,45,50,0,0.0,0.7774545454545454,525,408,0.7771428571428571,0.0761904761904762,0.9161425576519916,0.9798206278026906,0.11967345221569169,0.13062754395168177,0.1087318794416856,61.48780367915167,0.9283830823549187,2.838905775075988,2.56,2.805491990846682,0.004576659038901602
478,template_deposition,C,C,none,0,1.0,template_site:index=709:site=C:neigh=2:ahead0=57.799:mode=shell,x,yz,659,221,438,40,478,8961.884724418498,30.181195696826766,500.0,0.001,55.75,0.05575,-5685.926,-5674.994,-5685.926,-10.931641,-10.321289,1.0,0.05575,0.05575,10,658,709,5,5,1.4411064844691872,82.89365692923293,15.409999999230001,10.0,446.0,0.0,-8.494305,-136.09377,82.86685125684018,0.49999999916963384,82.36685125767055,57.771729786009814,0.9146912860526349,7.856502242152466,82.33072326685985,82.73325792427366,82.84308491987387,0.6019477777206741,0.125,57.235601796029485,57.638136453443295,57.74796344904351,0.6,45,50,0,0.0,0.7794545454545454,525,409,0.7790476190476191,0.0761904761904762,0.9163179916317992,0.9820627802690582,0.11973975271135875,0.1306748899452728,0.10902019389719902,61.48780367915167,0.9308447915084019,2.840667678300455,2.6153846153846154,2.808219178082192,0.0045662100456621
479,template_vacancy,vac,C,vac,1,1.0,template_site:index=711:site=C:neigh=1:ahead0=57.799:mode=shell,x,yz,659,221,438,41,479,8984.640734135788,22.75600971728944,500.0,0.001,55.75,0.05575,-5685.926,-5685.926,-5685.926,0.0,0.0,0.9998968633088612,0.05575,0.05575,0,-1,711,4,4,1.5242576937455068,82.89365692923293,12.569999999,10.0,446.0,0.0,-8.494305,-136.09377,82.86685125684018,0.49999999916963384,82.36685125767055,57.771729786009814,0.9146912860526349,7.856502242152466,82.33072326685985,82.73325792427366,82.84308491987387,0.6019477777206741,0.125,57.235601796029485,57.638136453443295,57.74796344904351,0.6,45,50,0,0.0,0.7794545454545454,525,409,0.7790476190476191,0.07809523809523809,0.9144050104384134,0.9820627802690582,0.1194897741044457,0.1306748899452728,0.10902019389719902,61.48780367915167,0.9308447915084019,2.840667678300455,2.6153846153846154,2.808219178082192,0.0045662100456621
480,template_deposition,C,C,none,0,1.0,template_site:index=705:site=C:neigh=1:ahead0=57.799:mode=shell,x,yz,660,221,439,41,480,8997.82292230019,13.182188164402596,500.0,0.001,55.75,0.05575,-5693.3726,-5685.926,-5693.3726,-7.4467773,-6.6376953,0.9999975414456865,0.05575,0.05575,10,659,705,3,3,1.64628893703494,82.89365692923293,6.890000000770001,10.0,446.0,0.0,-8.511002,-136.36128,82.86685125684018,0.49999999916963384,82.36685125767055,57.771729786009814,0.9318309746986007,7.874439461883408,82.48531172644994,82.76774277193587,82.84308491987387,0.5234728544078843,0.125,57.39019025561957,57.67262130110551,57.74796344904351,0.6,45,50,0,0.0,0.7814545454545454,525,410,0.780952380952381,0.07809523809523809,0.9145833333333333,0.984304932735426,0.11956289636587411,0.13072936276906508,0.10931464810594205,61.48780367915167,0.9333589235856631,2.8393939393939394,2.5925925925925926,2.806378132118451,0.004555808656036446
481,template_deposition,C,C,none,0,1.0,template_site:index=704:site=C:neigh=2:ahead0=57.799:mode=shell,x,yz,661,221,440,41,481,9005.2961163097,7.4731940095093,500.0,0.001,55.75,0.05575,-5704.3345,-5693.3726,-5704.3345,-10.961914,-10.230957,1.0,0.05575,0.05575,10,660,704,2,2,1.4616881345180421,82.89365692923293,8.30999999977,10.0,446.0,0.0,-8.53558,-136.75507,82.86685125684018,0.49999999916963384,82.36685125767055,57.771729786009814,0.9486984196985832,7.8923766816143495,82.50270542131386,82.77691851345764,82.8466733371892,0.5144048925302267,0.125,57.4075839504835,57.68179704262728,57.75155186635884,0.6,45,50,0,0.0,0.7834545454545454,525,411,0.7828571428571428,0.07809523809523809,0.9147609147609148,0.9865470852017937,0.11935048638354158,0.1304717817056443,0.1093477789533019,61.48780367915167,0.9336418039915837,2.841149773071104,2.642857142857143,2.809090909090909,0.004545454545454545
482,template_deposition,C,C,none,0,1.0,template_site:index=710:site=C:neigh=1:ahead0=57.799:mode=shell,x,yz,662,221,441,41,482,9008.117687697668,2.821571387967213,500.0,0.001,55.75,0.05575,-5711.7944,-5704.3345,-5711.7944,-7.459961,-7.0751953,1.0,0.05575,0.05575,10,661,710,1,1,1.525147241834203,82.89365692923293,11.15,10.0,446.0,0.0,-8.552306,-137.02306,82.86685125684018,0.49999999916963384,82.36685125767055,57.771729786009814,0.9614174382174282,7.910313901345291,82.65548064672419,82.79909331612876,82.84308491987387,0.38213649852001513,0.125,57.56035917589382,57.7039718452984,57.74796344904351,0.6,46,50,0,0.0,0.7854545454545453,525,412,0.7847619047619048,0.07809523809523809,0.9149377593360996,0.9887892376681614,0.11941983231513241,0.1305223564079225,0.1096387793826549,61.48780367915167,0.9361264467380951,2.8398791540785497,2.6206896551724137,2.8072562358276643,0.0045351473922902496
483,template_vacancy,vac,C,vac,1,1.0,template_site:index=714:site=C:neigh=1:ahead0=59.028:mode=shell,x,yz,662,221,441,42,483,9009.892220101508,1.7745324038409893,500.0,0.001,55.75,0.05575,-5711.7944,-5711.7944,-5711.7944,0.0,0.0,0.9999999999998432,0.05575,0.05575,0,-1,714,9,9,1.4887259691531158,84.12341300281597,10.440000000500001,10.0,446.0,0.0,-8.552306,-137.02306,82.86685125684018,0.49999999916963384,82.36685125767055,57.771729786009814,0.9614174382174282,7.910313901345291,82.65548064672419,82.79909331612876,82.84308491987387,0.38213649852001513,0.125,57.56035917589382,57.7039718452984,57.74796344904351,0.6,46,50,0,0.0,0.7854545454545453,525,412,0.7847619047619048,0.08,0.9130434782608695,0.9887892376681614,0.11917258628549446,0.1305223564079225,0.1096387793826549,61.48780367915167,0.9361264467380951,2.8398791540785497,2.6206896551724137,2.8072562358276643,0.0045351473922902496
484,template_deposition,C,C,none,0,1.0,template_site:index=720:site=C:neigh=1:ahead0=59.028:mode=shell,x,yz,663,221,442,42,484,9013.205778077563,3.3135579760552543,500.0,0.001,55.75,0.05575,-5718.5723,-5711.7944,-5718.5723,-6.777832,-6.114746,0.6778269062603396,0.05575,0.05575,9,662,720,8,8,1.5763129251077748,84.12341300281597,18.95999999896,10.0,446.0,0.0,-8.567503,-137.26654,84.04642320238771,0.49999999916963384,83.54642320321808,58.95130173155735,0.685465302764232,7.928251121076233,82.82149478951771,82.82008892498152,83.24241154041476,0.6011417045840394,0.125,57.72637331868735,57.724967454151155,58.1472900695844,0.6,46,50,0,0.0,0.7872727272727272,525,413,0.7866666666666666,0.08,0.9132231404958677,0.9910313901345291,0.11926936636092428,0.13060265456716597,0.10995499679749972,61.48780367915167,0.938826399132879,2.838612368024133,2.4,2.8054298642533935,0.004524886877828055
485,template_deposition,C,C,none,0,1.0,template_site:index=721:site=C:neigh=2:ahead0=59.028:mode=shell,x,yz,664,221,443,42,485,9093.335479706418,80.12970162885507,500.0,0.001,55.75,0.05575,-5729.528,-5718.5723,-5729.528,-10.955566,-10.086914,1.0,0.05575,0.05575,10,663,721,7,7,1.446550085112446,84.12341300281597,17.539999999960003,10.0,446.0,0.0,-8.592068,-137.66011,84.0610473151086,0.49999999916963384,83.56104731593896,58.96592584427823,0.7691392223197981,7.946188340807175,82.82331345346017,82.82008892498152,83.25965620063613,0.6051166385889185,0.125,57.72819198262981,57.724967454151155,58.164534729805766,0.6,46,50,0,0.0,0.7890909090909091,525,414,0.7885714285714286,0.08,0.9134020618556701,0.9932735426008968,0.11902719996418518,0.13031194578471741,0.10995846091929487,61.48780367915167,0.9388559767699654,2.8403614457831323,2.4761904761904763,2.8081264108352144,0.004514672686230248
486,template_deposition,C,C,none,0,1.0,template_site:index=723:site=C:neigh=1:ahead0=59.028:mode=shell,x,yz,665,221,444,42,486,9118.199840839325,24.86436113290584,500.0,0.001,55.75,0.05575,-5737.017,-5729.528,-5737.017,-7.489258,-7.017578,0.9999998524663922,0.05575,0.05575,9,664,723,6,6,1.5211398768939806,84.12341300281597,14.69999999973,10.0,446.0,0.0,-8.608859,-137.92914,84.07822573712384,0.49999999916963384,83.57822573795421,58.98310426629348,0.8298476679765066,7.9641255605381165,82.97054313546948,82.79909331612876,84.04955369482413,0.7309074283863065,0.125,57.87542166463912,57.7039718452984,58.95443222399376,0.6,46,50,0,0.0,0.7909090909090908,525,415,0.7904761904761904,0.08,0.9135802469135802,0.9955156950672646,0.11908522976263193,0.13035004879423226,0.11023889840883642,61.48780367915167,0.9412504301932421,2.8390977443609025,2.4545454545454546,2.8063063063063063,0.0045045045045045045
487,template_deposition,C,C,none,0,1.0,template_site:index=722:site=C:neigh=1:ahead0=59.028:mode=shell,x,yz,666,221,445,42,487,9144.279978029343,26.08013719001835,500.0,0.001,55.75,0.05575,-5745.3506,-5737.017,-5745.3506,-8.333496,-7.7231445,0.9999999999999887,0.05575,0.05575,9,665,722,6,6,1.4541483566952127,84.12341300281597,13.28000000073,10.0,446.0,0.0,-8.627544,-138.2285,84.1500056475885,0.49999999916963384,83.65000564841887,59.05488417675814,0.8759308666314348,7.982062780269058,83.13458923044635,82.8646459848488,84.07108766796351,0.8118583723013895,0.125,58.03946775961599,57.76952451401844,58.97596619713315,0.6,46,50,0,0.0,0.7927272727272726,525,416,0.7923809523809524,0.08,0.9137577002053389,0.9977578475336323,0.11917755186779463,0.13042577024632807,0.11055136716117331,61.48780367915167,0.9439183754630532,2.8378378378378377,2.4347826086956523,2.804494382022472,0.0044943820224719105
488,template_deposition,C,C,none,0,1.0,template_site:index=724:site=C:neigh=1:ahead0=59.028:mode=shell,x,yz,667,221,446,42,488,9177.992338072127,33.71236004278402,500.0,0.001,55.75,0.05575,-5752.595,-5745.3506,-5752.595,-7.244629,-6.336914,0.9999595288847049,0.05575,0.05575,9,666,724,5,5,1.5263707532828954,84.12341300281597,21.79999999919,10.0,446.0,0.0,-8.643788,-138.48875,84.1500056475885,0.49999999916963384,83.65000564841887,59.05488417675814,0.9171052216963421,8.0,83.28457500656049,83.41618546716842,84.12526814705065,0.8663547160172259,0.125,58.189453535730124,58.321063996338054,59.03014667622028,0.6,46,50,0,0.0,0.7945454545454544,525,417,0.7942857142857143,0.08,0.9139344262295082,1.0,0.1192406834748568,0.13046962676172674,0.11083705435377167,61.48780367915167,0.9463576523137401,2.836581709145427,2.4166666666666665,2.802690582959641,0.004484304932735426
489,template_deposition,C,C,none,0,1.0,template_site:index=716:site=C:neigh=1:ahead0=59.028:mode=shell,x,yz,668,221,447,42,489,9209.997911161869,32.00557308974113,500.0,0.001,55.75,0.05575,-5759.825,-5752.595,-5759.825,-7.2299805,-6.1210938,0.9370757361188995,0.05575,0.05575,9,667,716,5,5,1.544496317787545,84.12341300281597,1.9199999998100001,10.0,446.0,0.0,-8.659999,-138.74847,84.1500056475885,0.49999999916963384,83.65000564841887,59.05488417675814,0.9506122867273032,8.01793721973094,83.45597060986498,84.02827375359855,84.123944578661,0.8746302797679387,0.125,58.36084913903461,58.93315228276819,59.02882310783063,0.6,46,50,0,0.0,0.7963636363636363,525,418,0.7961904761904762,0.08,0.9141104294478528,1.0022421524663676,0.11934733975262703,0.13056118375622955,0.11116352216958975,61.48780367915167,0.9491451254880764,2.8353293413173652,2.4,2.80089485458613,0.0044742729306487695
490,template_deposition,C,C,none,0,1.0,template_site:index=718:site=C:neigh=1:ahead0=59.028:mode=shell,x,yz,669,221,448,42,490,9214.425172224002,4.427261062133887,500.0,0.001,55.75,0.05575,-5768.1836,-5759.825,-5768.1836,-8.358398,-6.694824,0.9999999915046377,0.05575,0.05575,9,668,718,3,3,1.6585094407148129,84.12341300281597,4.760000000040001,10.0,446.0,0.0,-8.67874,-139.04874,84.1500056475885,0.49999999916963384,83.65000564841887,59.05488417675814,0.9665023572684925,8.035874439461884,83.60085100308271,84.02827375359855,84.123944578661,0.8442755594974984,0.125,58.505729532252346,58.93315228276819,59.02882310783063,0.6,46,50,0,0.0,0.7981818181818181,525,419,0.7980952380952381,0.08,0.9142857142857143,1.0044843049327354,0.11939944802500478,0.130593146277349,0.1114394848233378,61.48780367915167,0.9515013715165365,2.8340807174887894,2.3846153846153846,2.799107142857143,0.004464285714285714
491,template_deposition,C,C,none,0,1.0,template_site:index=719:site=C:neigh=2:ahead0=59.028:mode=shell,x,yz,670,221,449,42,491,9218.69716332116,4.271991097156767,500.0,0.001,55.75,0.05575,-5779.05,-5768.1836,-5779.05,-10.866211,-9.938477,1.0,0.05575,0.05575,9,669,719,2,2,1.4914826195312065,84.12341300281597,6.17999999904,10.0,446.0,0.0,-8.703103,-139.43909,84.1500056475885,0.49999999916963384,83.65000564841887,59.05488417675814,0.9810745446376392,8.053811659192824,83.75340771947165,84.04529171447345,84.123944578661,0.7943267810899167,0.125,58.65828624864129,58.950170243643086,59.02882310783063,0.6,46,50,0,0.0,0.8,525,420,0.8,0.08,0.9144602851323829,1.006726457399103,0.11946697810313908,0.13064206291456856,0.11173006904503102,61.48780367915167,0.9539824605660818,2.8358208955223883,2.4444444444444446,2.801781737193764,0.004454342984409799
492,template_deposition,C,C,none,0,1.0,template_site:index=715:site=C:neigh=1:ahead0=59.028:mode=shell,x,yz,671,221,450,42,492,9225.280561482812,6.583398161651633,500.0,0.001,55.75,0.05575,-5786.3843,-5779.05,-5786.3843,-7.3344727,-6.7631836,1.0,0.05575,0.05575,9,670,715,1,1,1.5799376161009928,84.12341300281597,9.01999999927,10.0,446.0,0.0,-8.719548,-139.70256,84.1500056475885,0.49999999916963384,83.65000564841887,59.05488417675814,0.9919409563556205,8.071748878923767,84.0480590350237,84.04104792054659,84.123944578661,0.061608732489378586,0.125,58.952937564193334,58.945926449716225,59.02882310783063,0.6,46,50,0,0.0,0.8018181818181818,525,421,0.8019047619047619,0.08,0.9146341463414634,1.0089686098654709,0.11982304382966125,0.13100652792042963,0.11229130964608254,61.48780367915167,0.958774489194874,2.834575260804769,2.4285714285714284,2.8,0.0044444444444444444
493,template_deposition,C,C,none,0,1.0,template_site:index=725:site=C:neigh=1:ahead0=60.258:mode=shell,x,yz,672,221,451,42,493,9240.06439979328,14.783838310467802,500.0,0.001,55.75,0.05575,-5794.606,-5786.3843,-5794.606,-8.22168,-7.539551,0.9952560144242312,0.05575,0.05575,7,671,725,9,9,1.4688146507921587,85.353169076399,8.30999999977,10.0,446.0,0.0,-8.737983,-139.99792,85.297828180431,0.49999999916963384,84.79782818126137,60.20270670960063,0.7160139058895009,8.089686098654708,84.21284218766297,84.0853492024815,84.49435240744126,0.4155497538959836,0.125,59.11772071683261,58.99022773165113,59.39923093661089,0.6,46,50,0,0.0,0.8038181818181818,525,422,0.8038095238095239,0.08,0.9148073022312373,1.0112107623318385,0.11991424080493429,0.13108142065816542,0.1126051823177764,61.48780367915167,0.9614544215193253,2.8333333333333335,2.1578947368421053,2.7982261640798227,0.004434589800443459
494,template_deposition,C,C,none,0,1.0,template_site:index=726:site=C:neigh=2:ahead0=60.258:mode=shell,x,yz,673,221,452,42,494,9263.919744764047,23.85534497076666,500.0,0.001,55.75,0.05575,-5804.3296,-5794.606,-5804.3296,-9.723633,-9.035156,1.0,0.05575,0.05575,9,672,726,8,8,1.4698467868018799,85.353169076399,6.890000000770001,10.0,446.0,0.0,-8.759785,-140.34723,85.27513478790357,0.49999999916963384,84.77513478873394,60.180013317073204,0.791845154173462,8.10762331838565,84.21176444760417,84.08619045549585,84.48754438968302,0.40698933234911944,0.125,59.116642976773804,58.99106898466549,59.39242291885266,0.6,46,50,0,0.0,0.8058181818181818,525,423,0.8057142857142857,0.08,0.9149797570850202,1.0134529147982063,0.11966931776674859,0.1307890331344553,0.11260312947956914,61.48780367915167,0.9614368938147348,2.835066864784547,2.25,2.8008849557522124,0.004424778761061947
495,template_deposition,C,C,none,0,1.0,template_site:index=734:site=C:neigh=1:ahead0=60.258:mode=shell,x,yz,674,221,453,42,495,9276.602982276103,12.683237512055053,500.0,0.001,55.75,0.05575,-5813.42,-5804.3296,-5813.42,-9.090332,-7.3095703,0.9863954825801592,0.05575,0.05575,8,673,734,7,7,1.4918895144678803,85.353169076399,21.08999999969,10.0,446.0,0.0,-8.780166,-140.67377,85.27513478790357,0.49999999916963384,84.77513478873394,60.180013317073204,0.8373374859565758,8.125560538116591,84.3289469957924,84.0626081158367,85.18725280601308,0.5149574693910036,0.125,59.23382552496204,58.96748664500633,60.092131335182714,0.6,46,50,0,0.0,0.8059999999999999,525,423,0.8057142857142857,0.08,0.9151515151515152,1.015695067264574,0.11966429398982231,0.13075899674384556,0.11282633433326103,61.48780367915167,0.9633426790465461,2.836795252225519,2.3333333333333335,2.803532008830022,0.004415011037527594
496,template_vacancy,vac,C,vac,1,1.0,template_site:index=733:site=C:neigh=2:ahead0=60.258:mode=shell,x,yz,674,221,453,43,496,9311.31192861023,34.7089463341265,500.0,0.001,55.75,0.05575,-5813.42,-5813.42,-5813.42,0.0,0.0,1.0,0.05575,0.05575,0,-1,733,5,5,1.4774475727686907,85.353169076399,19.67000000069,10.0,446.0,0.0,-8.780166,-140.67377,85.27513478790357,0.49999999916963384,84.77513478873394,60.180013317073204,0.8373374859565758,8.125560538116591,84.3289469957924,84.0626081158367,85.18725280601308,0.5149574693910036,0.125,59.23382552496204,58.96748664500633,60.092131335182714,0.6,46,50,0,0.0,0.8059999999999999,525,423,0.8057142857142857,0.08190476190476191,0.9133064516129032,1.015695067264574,0.11942303533258476,0.13075899674384556,0.11282633433326103,61.48780367915167,0.9633426790465461,2.836795252225519,2.3333333333333335,2.803532008830022,0.004415011037527594
497,template_deposition,C,C,none,0,1.0,template_site:index=732:site=C:neigh=1:ahead0=60.258:mode=shell,x,yz,675,221,454,43,497,9322.379791082743,11.067862472514205,500.0,0.001,55.75,0.05575,-5821.525,-5813.42,-5821.525,-8.10498,-7.116699,0.9999700095425488,0.05575,0.05575,7,674,732,4,4,1.4282337140919152,85.353169076399,12.569999999,10.0,446.0,0.0,-8.798339,-140.96494,85.30855547117935,0.49999999916963384,84.80855547200972,60.21343400034898,0.8903790753420483,8.143497757847534,84.4669888119131,84.05516084854264,85.2851609928863,0.6053086439912936,0.125,59.371867341082734,58.96003937771228,60.19003952205594,0.6,46,50,0,0.0,0.8079999999999999,525,424,0.8076190476190476,0.08190476190476191,0.9134808853118712,1.0179372197309418,0.11946049766817451,0.13077503819621747,0.11308927112587187,61.48780367915167,0.9655877066432547,2.8355555555555556,2.3181818181818183,2.801762114537445,0.004405286343612335
498,template_deposition,C,C,none,0,1.0,template_site:index=731:site=C:neigh=1:ahead0=60.258:mode=shell,x,yz,676,221,455,43,498,9325.490824245328,3.111033162584568,500.0,0.001,55.75,0.05575,-5831.0674,-5821.525,-5831.0674,-9.54248,-7.838379,0.9999999999984048,0.05575,0.05575,9,675,731,4,4,1.4037716785122178,85.353169076399,11.15,10.0,446.0,0.0,-8.819735,-141.30772,85.39107815059171,0.49999999916963384,84.89107815142208,60.295956679761346,0.9405873493658182,8.161434977578475,84.59857717424238,84.56527798477215,85.30991779671001,0.6402816560124249,0.125,59.503455703412016,59.47015651394179,60.21479632587965,0.6,45,50,0,0.0,0.8061818181818181,525,423,0.8057142857142857,0.08190476190476191,0.9136546184738956,1.0201793721973094,0.11948485081006428,0.13077682572178465,0.1133399156255467,61.48780367915167,0.9677277792179058,2.837278106508876,2.347826086956522,2.804395604395604,0.004395604395604396
499,template_deposition,C,C,none,0,1.0,template_site:index=728:site=C:neigh=1:ahead0=60.258:mode=shell,x,yz,677,221,456,43,499,9332.800535389824,7.309711144496988,500.0,0.001,55.75,0.05575,-5838.5557,-5831.0674,-5838.5557,-7.4882812,-6.664551,0.9999999998200646,0.05575,0.05575,9,676,728,3,3,1.5544741701948808,85.353169076399,4.05000000054,10.0,446.0,0.0,-8.836524,-141.57672,85.39107815059171,0.49999999916963384,84.89107815142208,60.295956679761346,0.9637748502529024,8.179372197309418,84.76285464421404,85.1342369537364,85.33195187048133,0.6246248656569149,0.125,59.66773317338368,60.03911548290604,60.23683039965097,0.6,45,50,0,0.0,0.8081818181818181,525,424,0.8076190476190476,0.08190476190476191,0.9138276553106213,1.0224215246636772,0.1195746155779232,0.13085029204689402,0.11365282509215939,61.48780367915167,0.9703994874289987,2.8360413589364843,2.3333333333333335,2.8026315789473686,0.0043859649122807015
500,template_deposition,C,C,none,0,1.0,template_site:index=727:site=C:neigh=1:ahead0=60.258:mode=shell,x,yz,678,221,457,43,500,9348.411686183053,15.611150793229761,500.0,0.001,55.75,0.05575,-5850.089,-5838.5557,-5850.089,-11.533203,-9.188965,1.0,0.05575,0.05575,10,677,727,3,3,1.4394126792180304,85.353169076399,2.62999999931,10.0,446.0,0.0,-8.862384,-141.99104,85.39107815059171,0.49999999916963384,84.89107815142208,60.295956679761346,0.9732054144807936,8.197309417040358,84.90591176533395,85.16313384472191,85.29319736107006,0.5489690364650138,0.125,59.81079029450359,60.06801237389155,60.19807589023969,0.6,45,50,0,0.0,0.8119999999999998,525,426,0.8114285714285714,0.08190476190476191,0.914,1.0246636771300448,0.11962158058900718,0.1308770028326118,0.11392531484667351,61.48780367915167,0.9727260808761544,2.837758112094395,2.4,2.8052516411378554,0.00437636761487965
