step,event_type,deposited_species,intended_species,impurity_kind,is_vacancy,species_flux,anchor_mode,growth_axis,surface_axes,n_atoms,n_initial,n_added,n_vacancies,n_growth_events,kmc_time,dt,temperature_K,flux_ML_s,n_sites,deposition_total_rate_s_inv,e_total_eV,e_before_eV,e_after_eV,delta_e_relaxed_eV,e_ads_unrelaxed_eV,chosen_boltzmann_probability,rate_s_inv,total_rate_s_inv,mobile_count,added_index,anchor_index,n_surface_anchors,n_tested_candidates,min_distance_A,x_event_A,y_event_A,z_event_A,surface_area_A2,gamma_initial_eV_A2,gamma_effective_eV_A2,gamma_effective_J_m2,top_coord_A,bottom_coord_A,slab_thickness_A,growth_height_A,roughness_A,coverage_estimate_ML,front_mean_A,front_median_A,front_p90_A,front_grid_rms_A,front_grid_occupied_fraction,growth_front_mean_A,growth_front_median_A,growth_front_p90_A,first_template_layer_occupancy,highest_90pct_complete_layer,n_template_layers,contiguous_90pct_complete_layers,contiguous_complete_layer_fraction,mean_template_layer_occupancy,n_template_growth_sites,n_occupied_template_growth_sites,template_growth_occupancy_fraction,frozen_vacancy_fraction_of_template,incorporation_efficiency_per_event,added_areal_density_atoms_A2,growth_front_mean_per_event_A,growth_front_mean_per_added_atom_A,growth_front_mean_per_template_site_A,template_growth_extent_A,growth_front_mean_fraction_of_template,coordination_mean,coordination_surface_mean,coordination_added_mean,fraction_added_CN4
1,template_deposition,C,C,none,0,1.0,template_site:index=148:site=C:neigh=0:ahead0=4.343:mode=shell,z,xy,129,128,1,0,1,179.32741769392422,179.32741769392422,500.0,0.001,10.547605122820443,0.010547605122820443,-1177.3055,-1175.3203,-1177.3055,-1.9852295,-1.9852295,0.03411269349491443,0.010547605122820443,0.010547605122820443,0,128,148,32,32,4.342518999999994,0.0,0.0,44.54133549999998,84.38084098256354,0.0,-0.023527017,-0.37694436,44.54133549999998,27.171259499999998,17.370075999999983,4.342518999999996,0.0,0.0948082515751783,38.68398429069767,40.198816499999985,40.198816499999985,2.2716871957046623,0.671875,0.10098881395349935,0.0,0.0,0.03125,-1,50,0,0.0,0.000625,1600,1,0.000625,0.0,1.0,0.011851031446897288,0.10098881395349935,0.10098881395349935,6.311800872093709e-05,217.1259499999994,0.0004651162790698193,2.9767441860465116,0.0,0.0,0.0
2,template_deposition,C,C,none,0,1.0,template_site:index=149:site=C:neigh=1:ahead0=4.343:mode=shell,z,xy,130,128,2,0,2,428.20362016028236,248.87620246635814,500.0,0.001,10.547605122820443,0.010547605122820443,-1185.8699,-1177.3055,-1185.8699,-8.564331,-8.332642,0.3333333333333333,0.010547605122820443,0.010547605122820443,2,129,149,31,31,1.4247418808917418,1.233863279618482,0.7123698718896396,44.54133549999998,84.38084098256354,0.0,-0.12502317,-2.003092,44.548324991755884,27.171259499999998,17.377065491755886,4.349508491755898,0.0004607865558661217,0.1896165031503566,38.88626557931162,40.198816499999985,40.198816499999985,2.3948128768725097,0.671875,0.3032701025674456,0.0,0.0,0.0625,-1,50,0,0.0,0.00125,1600,2,0.00125,0.0,1.0,0.023702062893794576,0.1516350512837228,0.1516350512837228,0.00018954381410465348,217.1259499999994,0.0013967473835690594,2.9692307692307693,1.0,1.0,0.0
3,template_deposition,C,C,none,0,1.0,template_site:index=155:site=C:neigh=1:ahead0=4.343:mode=shell,z,xy,131,128,3,0,3,523.5780913386318,95.37447117834945,500.0,0.001,10.547605122820443,0.010547605122820443,-1193.9214,-1185.8699,-1193.9214,-8.051514,-7.4558105,0.24398075307451725,0.010547605122820443,0.010547605122820443,3,130,155,30,30,1.4523731196654364,2.46772428,0.0,44.54133549999998,84.38084098256354,0.0,-0.22044191,-3.5318687,44.55824194095244,27.171259499999998,17.386982440952444,4.359425440952457,0.006089884269644536,0.2844247547255349,38.98765946661591,40.198816499999985,40.198816499999985,2.536353482992939,0.671875,0.4046639898717359,0.0,0.0,0.09375,-1,50,0,0.0,0.001875,1600,3,0.001875,0.0,1.0,0.035553094340691864,0.13488799662391196,0.13488799662391196,0.0002529149936698349,217.1259499999994,0.001863729277277714,2.9618320610687023,1.3333333333333333,1.3333333333333333,0.0
4,template_deposition,C,C,none,0,1.0,template_site:index=133:site=C:neigh=1:ahead0=4.343:mode=shell,z,xy,132,128,4,0,4,587.8946070116309,64.31651567299916,500.0,0.001,10.547605122820443,0.010547605122820443,-1202.1309,-1193.9214,-1202.1309,-8.209473,-7.6381836,0.2404429729587827,0.010547605122820443,0.010547605122820443,4,131,133,29,29,1.372925278432876,8.637036119618482,0.7123698718896396,44.54133549999998,84.38084098256354,0.0,-0.31773263,-5.090638,44.55816501609515,27.171259499999998,17.386905516095155,4.359348516095167,0.005066721542204134,0.3792330063007132,39.189881592495105,40.198816499999985,40.198816499999985,2.623769529843232,0.671875,0.6068861157509318,0.0,0.0,0.125,-1,50,0,0.0,0.0025,1600,4,0.0025,0.0,1.0,0.04740412578758915,0.15172152893773294,0.15172152893773294,0.00037930382234433233,217.1259499999994,0.0027950879005984013,2.9545454545454546,1.5,1.5,0.0
5,template_deposition,C,C,none,0,1.0,template_site:index=154:site=C:neigh=1:ahead0=4.343:mode=shell,z,xy,133,128,5,0,5,667.1095060979537,79.2148990863228,500.0,0.001,10.547605122820443,0.010547605122820443,-1210.0531,-1202.1309,-1210.0531,-7.922241,-7.5892334,0.9993444093137069,0.010547605122820443,0.010547605122820443,4,132,154,28,28,1.3507841984781583,3.7015875596184826,0.7123698718896396,44.54133549999998,84.38084098256354,0.0,-0.41161934,-6.594869,44.55442903283172,27.171259499999998,17.383169532831722,4.355612532831735,0.0023801477691588312,0.4740412578758915,39.3919685191012,40.198816499999985,43.677643659926034,2.692964909577378,0.671875,0.8089730423570245,0.0,3.4788271599260483,0.15625,-1,50,0,0.0,0.003125,1600,5,0.003125,0.0,1.0,0.05925515723448644,0.1617946084714049,0.1617946084714049,0.0005056081514731403,217.1259499999994,0.003725823847204937,2.9473684210526314,1.6,1.6,0.0
6,template_deposition,C,C,none,0,1.0,template_site:index=139:site=C:neigh=1:ahead0=4.343:mode=shell,z,xy,134,128,6,0,6,894.6544726971555,227.54496659920176,500.0,0.001,10.547605122820443,0.010547605122820443,-1218.0038,-1210.0531,-1218.0038,-7.9506836,-7.438843,0.3006349337475208,0.010547605122820443,0.010547605122820443,5,133,139,27,27,1.4020152151962664,4.93544856,0.0,44.54133549999998,84.38084098256354,0.0,-0.50584316,-8.104501,44.55856129899624,27.171259499999998,17.38730179899624,4.359744798996253,0.0036816358316730533,0.5688495094510698,39.49333068963213,40.198816499999985,44.548101597768834,2.801276173241902,0.671875,0.9103352128879578,0.0,4.349285097768849,0.1875,-1,50,0,0.0,0.00375,1600,6,0.00375,0.0,1.0,0.07110618868138373,0.1517225354813263,0.1517225354813263,0.0005689595080549736,217.1259499999994,0.0041926596654520585,2.9402985074626864,1.6666666666666667,1.6666666666666667,0.0
7,template_deposition,C,C,none,0,1.0,template_site:index=132:site=C:neigh=1:ahead0=4.343:mode=shell,z,xy,135,128,7,0,7,912.6803095650865,18.025836867931094,500.0,0.001,10.547605122820443,0.010547605122820443,-1226.2136,-1218.0038,-1226.2136,-8.209839,-7.663574,0.8594069270575574,0.010547605122820443,0.010547605122820443,6,134,132,26,26,1.3917365868133384,7.40317284,0.0,44.54133549999998,84.38084098256354,0.0,-0.6031382,-9.66334,44.5570583566247,27.171259499999998,17.385798856624703,4.358241856624716,0.0033709762080806013,0.6636577610262482,39.69559400933074,40.198816499999985,44.54952748982557,2.8450149710121297,0.671875,1.112598532586567,0.0,4.350710989825586,0.21875,-1,50,0,0.0,0.004375,1600,7,0.004375,0.0,1.0,0.08295722012828102,0.15894264751236672,0.15894264751236672,0.0006953740828666044,217.1259499999994,0.005124208011923818,2.933333333333333,1.7142857142857142,1.7142857142857142,0.0
8,template_deposition,C,C,none,0,1.0,template_site:index=138:site=C:neigh=2:ahead0=4.343:mode=shell,z,xy,136,128,8,0,8,1054.8464670613166,142.16615749623006,500.0,0.001,10.547605122820443,0.010547605122820443,-1238.825,-1226.2136,-1238.825,-12.611328,-11.607056,1.0,0.010547605122820443,0.010547605122820443,7,135,138,25,25,1.3273929130471407,6.169311839618483,0.7123698718896396,44.54133549999998,84.38084098256354,0.0,-0.7525954,-12.057908,44.553246706550304,27.171259499999998,17.381987206550306,4.354430206550319,0.003218908630594844,0.7584660126014264,39.796353157413535,40.198816499999985,44.549634968316575,2.9363091356253586,0.671875,1.2133576806693611,0.0,4.350818468316589,0.25,-1,50,0,0.0,0.005,1600,8,0.005,0.0,1.0,0.0948082515751783,0.15166971008367014,0.15166971008367014,0.0007583485504183507,217.1259499999994,0.005588266536861967,2.9411764705882355,2.0,2.0,0.0
9,template_deposition,C,C,none,0,1.0,template_site:index=135:site=C:neigh=1:ahead0=4.343:mode=shell,z,xy,137,128,9,0,9,1059.938414092659,5.091947031342523,500.0,0.001,10.547605122820443,0.010547605122820443,-1243.8096,-1238.825,-1243.8096,-4.984619,-4.3430176,0.9977684092742907,0.010547605122820443,0.010547605122820443,6,136,135,24,24,1.640071320340139,6.169310417268744,2.137111752780671,44.54133549999998,84.38084098256354,0.0,-0.81166834,-13.004361,44.55389308855774,27.171259499999998,17.382633588557745,4.355076588557758,0.0046379678191378,0.8532742641766048,39.90436649201667,40.198816499999985,44.550345227299296,2.9879151898119427,0.6875,1.3213710152724971,0.0,4.351528727299311,0.28125,-1,50,0,0.0,0.005625,1600,9,0.005625,0.0,1.0,0.1066592830220756,0.14681900169694412,0.14681900169694412,0.0008258568845453107,217.1259499999994,0.006085735101089947,2.934306569343066,2.0,2.0,0.0
10,template_deposition,C,C,none,0,1.0,template_site:index=137:site=C:neigh=1:ahead0=4.343:mode=shell,z,xy,138,128,10,0,10,1147.6004152142273,87.66200112156814,500.0,0.001,10.547605122820443,0.010547605122820443,-1252.0092,-1243.8096,-1252.0092,-8.199585,-7.310791,0.7934320958114136,0.010547605122820443,0.010547605122820443,7,137,137,23,23,1.4607699300843637,4.935449416887227,2.849481624670311,44.54133549999998,84.38084098256354,0.0,-0.90884185,-14.561252,44.55389308855774,27.171259499999998,17.382633588557745,4.355076588557758,0.004933387059113499,0.948082515751783,40.10185854038678,40.198816499999985,44.55000563637054,3.000974658658504,0.6875,1.5188630636426055,0.0,4.351189136370557,0.3125,-1,50,0,0.0,0.00625,1600,10,0.00625,0.0,1.0,0.11851031446897288,0.15188630636426054,0.15188630636426054,0.0009492894147766284,217.1259499999994,0.006995308776507873,2.927536231884058,2.0,2.0,0.0
11,template_deposition,C,C,none,0,1.0,template_site:index=131:site=C:neigh=1:ahead0=4.343:mode=shell,z,xy,139,128,11,0,11,1438.3324280065888,290.73201279236156,500.0,0.001,10.547605122820443,0.010547605122820443,-1259.6364,-1252.0092,-1259.6364,-7.6271973,-7.017578,0.9999961436700037,0.010547605122820443,0.010547605122820443,4,138,131,22,22,1.4332254318872177,4.935447994537489,4.274223505561342,44.54133549999998,84.38084098256354,0.0,-0.999232,-16.009462,44.55389308855774,27.171259499999998,17.382633588557745,4.355076588557758,0.005520276350912118,1.0428907673269614,40.200589030311875,40.198816499999985,44.55097087740136,3.038851728461303,0.703125,1.6175935535677013,0.0,4.3521543774013765,0.34375,-1,50,0,0.0,0.006875,1600,11,0.006875,0.0,1.0,0.13036134591587017,0.14705395941524557,0.14705395941524557,0.0010109959709798133,217.1259499999994,0.007450024069291145,2.920863309352518,2.0,2.0,0.0
12,template_deposition,C,C,none,0,1.0,template_site:index=141:site=C:neigh=1:ahead0=4.343:mode=shell,z,xy,140,128,12,0,12,1555.8209515616775,117.4885235550886,500.0,0.001,10.547605122820443,0.010547605122820443,-1267.9989,-1259.6364,-1267.9989,-8.362549,-7.6586914,0.9999999896871529,0.010547605122820443,0.010547605122820443,6,139,141,21,21,1.3917899766798834,3.701586994155973,4.98659337745098,44.54133549999998,84.38084098256354,0.0,-1.0983368,-17.597296,44.55403140106623,27.171259499999998,17.382771901066235,4.3552149010662475,0.005307656585340363,1.1376990189021396,40.39373494272278,40.198816499999985,44.550494155268275,3.03280244832084,0.703125,1.8107394659786067,0.0,4.35167765526829,0.375,-1,50,0,0.0,0.0075,1600,12,0.0075,0.0,1.0,0.14221237736276746,0.15089495549821721,0.15089495549821721,0.0011317121662366293,217.1259499999994,0.008339581086363061,2.914285714285714,2.0,2.0,0.0
13,template_deposition,C,C,none,0,1.0,template_site:index=128:site=C:neigh=1:ahead0=4.343:mode=shell,z,xy,141,128,13,0,13,1758.5999592801236,202.779007718446,500.0,0.001,10.547605122820443,0.010547605122820443,-1276.0577,-1267.9989,-1276.0577,-8.058838,-7.4953613,0.9999999151195941,0.010547605122820443,0.010547605122820443,9,140,128,20,20,1.400804358037012,3.701585571806233,6.411335258342015,44.54133549999998,84.38084098256354,0.0,-1.1938424,-19.127464,44.55413666451888,27.171259499999998,17.38287716451888,4.3553201645188935,0.005789758296539532,1.232507270477318,40.4839756293263,40.198816499999985,44.550361168793955,3.06012917376762,0.71875,1.9009801525821288,0.0,4.35154466879397,0.40625,-1,50,0,0.0,0.008125,1600,13,0.008125,0.0,1.0,0.15406340880966474,0.1462292425063176,0.1462292425063176,0.0011881125953638306,217.1259499999994,0.008755195556229618,2.9078014184397163,2.0,2.0,0.0
14,template_deposition,C,C,none,0,1.0,template_site:index=142:site=C:neigh=2:ahead0=4.343:mode=shell,z,xy,142,128,14,0,14,1777.8636766621814,19.26371738205785,500.0,0.001,10.547605122820443,0.010547605122820443,-1287.0781,-1276.0577,-1287.0781,-11.020386,-9.409912,1.0,0.010547605122820443,0.010547605122820443,10,141,142,19,19,1.391668805296915,2.467724571424717,7.123705130231651,44.54133549999998,84.38084098256354,0.0,-1.3244452,-21.219954,44.55537813788101,27.171259499999998,17.38411863788101,4.356561637881022,0.006582156733567343,1.3273155220524964,40.66262713196596,40.198816499999985,44.5498821872108,3.004831650232141,0.734375,2.079631655221789,0.0,4.351065687210813,0.4375,-1,50,0,0.0,0.00875,1600,14,0.00875,0.0,1.0,0.16591444025656205,0.14854511823012778,0.14854511823012778,0.001299769784513618,217.1259499999994,0.009577996804259439,2.915492957746479,2.142857142857143,2.142857142857143,0.0
15,template_deposition,C,C,none,0,1.0,template_site:index=143:site=C:neigh=1:ahead0=4.343:mode=shell,z,xy,143,128,15,0,15,1829.2471011506357,51.38342448845431,500.0,0.001,10.547605122820443,0.010547605122820443,-1293.3566,-1287.0781,-1293.3566,-6.2784424,-5.578125,0.9999732324103399,0.010547605122820443,0.010547605122820443,9,142,143,18,18,1.5077298643177526,1.2338612918062335,6.411335258342015,44.54133549999998,84.38084098256354,0.0,-1.3988513,-22.41207,44.55613510434618,27.171259499999998,17.384875604346185,4.357318604346197,0.007003184509010424,1.4221237736276746,40.67311874688095,40.198816499999985,44.54993779947699,3.0370508547225947,0.71875,2.090123270136779,0.0,4.351121299477008,0.46875,-1,50,0,0.0,0.009375,1600,15,0.009375,0.0,1.0,0.17776547170345933,0.13934155134245194,0.13934155134245194,0.0013063270438354868,217.1259499999994,0.009626317214210391,2.909090909090909,2.1333333333333333,2.1333333333333333,0.0
16,template_deposition,C,C,none,0,1.0,template_site:index=158:site=C:neigh=2:ahead0=4.343:mode=shell,z,xy,144,128,16,0,16,1922.8980598829348,93.65095873229927,500.0,0.001,10.547605122820443,0.010547605122820443,-1303.8799,-1293.3566,-1303.8799,-10.523315,-9.4140625,1.0,0.010547605122820443,0.010547605122820443,10,143,158,17,17,1.4183601058797257,2.914247172469686e-07,7.123705130231651,44.54133549999998,84.38084098256354,0.0,-1.5235635,-24.41018,44.55613510434618,27.171259499999998,17.384875604346185,4.357318604346197,0.0068717308377208896,1.5169320252028529,40.76737443870847,40.198816499999985,44.54998809645279,2.951975567567571,0.71875,2.184378961964299,0.0,4.351171596452808,0.5,-1,50,0,0.0,0.01,1600,16,0.01,0.0,1.0,0.1896165031503566,0.1365236851227687,0.1365236851227687,0.001365236851227687,217.1259499999994,0.010060423279503464,2.9166666666666665,2.25,2.25,0.0
17,template_deposition,C,C,none,0,1.0,template_site:index=159:site=C:neigh=1:ahead0=4.343:mode=shell,z,xy,145,128,17,0,17,2185.32500386105,262.42694397811516,500.0,0.001,10.547605122820443,0.010547605122820443,-1310.2129,-1303.8799,-1310.2129,-6.333008,-5.812866,0.11251002913796734,0.010547605122820443,0.010547605122820443,9,144,159,16,16,1.501531704758119,-1.2338629881937666,6.411335258342015,44.54133549999998,84.38084098256354,0.0,-1.5986161,-25.612654,44.55613510434618,27.171259499999998,17.384875604346185,4.357318604346197,0.006791740284592067,1.6117402767780311,40.94016459561484,40.198816499999985,44.54999903034057,3.0164288631622966,0.734375,2.357169118870665,0.0,4.351182530340587,0.53125,-1,50,0,0.0,0.010625,1600,17,0.010625,0.0,1.0,0.2014675345972539,0.13865700699239206,0.13865700699239206,0.0014732306992941658,217.1259499999994,0.01085622938608062,2.910344827586207,2.235294117647059,2.235294117647059,0.0
18,template_deposition,C,C,none,0,1.0,template_site:index=145:site=C:neigh=2:ahead0=4.343:mode=shell,z,xy,146,128,18,0,18,2335.1295836768527,149.80457981580264,500.0,0.001,10.547605122820443,0.010547605122820443,-1319.1317,-1310.2129,-1319.1317,-8.918823,-7.932495,0.9998997425299301,0.010547605122820443,0.010547605122820443,10,145,145,15,15,1.4180980964259478,-2.467723988575284,7.123705130231651,44.54133549999998,84.38084098256354,0.0,-1.7043134,-27.306112,44.55613510434618,27.171259499999998,17.384875604346185,4.357318604346197,0.006669693217894428,1.7065485283532096,41.03238694215114,40.198816499999985,44.54962673032619,2.924189632648522,0.734375,2.4493914654069684,0.0,4.3508102303262035,0.5625,-1,50,0,0.0,0.01125,1600,18,0.01125,0.0,1.0,0.2133185660441512,0.13607730363372048,0.13607730363372048,0.0015308696658793552,217.1259499999994,0.011280970632054691,2.9178082191780823,2.3333333333333335,2.3333333333333335,0.0
19,template_deposition,C,C,none,0,1.0,template_site:index=157:site=C:neigh=1:ahead0=4.343:mode=shell,z,xy,147,128,19,0,19,2415.6772610240055,80.54767734715259,500.0,0.001,10.547605122820443,0.010547605122820443,-1326.2406,-1319.1317,-1326.2406,-7.1088867,-6.904419,0.9999993306561211,0.010547605122820443,0.010547605122820443,10,146,157,14,14,1.4119627315689174,1.2338627141559733,4.98659337745098,44.54133549999998,84.38084098256354,0.0,-1.788561,-28.655907,44.55613510434618,27.171259499999998,17.384875604346185,4.357318604346197,0.006792041054500001,1.8013567799283878,41.21721177864687,40.198816499999985,44.550412572209524,2.865120734734532,0.734375,2.634216301902697,0.0,4.351596072209539,0.59375,-1,50,0,0.0,0.011875,1600,19,0.011875,0.0,1.0,0.22516959749104848,0.13864296325803668,0.13864296325803668,0.0016463851886891856,217.1259499999994,0.012132203920824315,2.9115646258503403,2.3157894736842106,2.3157894736842106,0.0
20,template_deposition,C,C,none,0,1.0,template_site:index=140:site=C:neigh=2:ahead0=4.343:mode=shell,z,xy,148,128,20,0,20,2466.4170674554557,50.73980643145022,500.0,0.001,10.547605122820443,0.010547605122820443,-1335.7168,-1326.2406,-1335.7168,-9.476196,-8.204834,0.9999678084022949,0.010547605122820443,0.010547605122820443,10,147,140,13,13,1.4163436431736898,2.4677237145374886,4.274223505561342,44.54133549999998,84.38084098256354,0.0,-1.9008638,-30.455196,44.55613510434618,27.171259499999998,17.384875604346185,4.357318604346197,0.0065715457737812845,1.896165031503566,41.217130707419734,40.198816499999985,44.54962673032619,2.865026210040025,0.734375,2.634135230675561,0.0,4.3508102303262035,0.625,-1,50,0,0.0,0.0125,1600,20,0.0125,0.0,1.0,0.23702062893794576,0.13170676153377806,0.13170676153377806,0.0016463345191722256,217.1259499999994,0.012131830537416502,2.918918918918919,2.4,2.4,0.0
21,template_deposition,C,C,none,0,1.0,template_site:index=129:site=C:neigh=1:ahead0=4.343:mode=shell,z,xy,149,128,21,0,21,2580.637287987828,114.22022053237242,500.0,0.001,10.547605122820443,0.010547605122820443,-1344.7257,-1335.7168,-1344.7257,-9.008911,-6.8795166,0.9734948552661463,0.010547605122820443,0.010547605122820443,14,148,129,12,12,1.5302396003862053,4.935448851424716,7.123705130231651,44.54133549999998,84.38084098256354,0.0,-2.0076287,-32.16576,44.556967599716394,27.171259499999998,17.385708099716396,4.358151099716409,0.006461123442431713,1.9909732830787443,41.5571332906155,40.198816499999985,44.54836780467912,2.826253778476861,0.75,2.97413781387133,0.0,4.349551304679132,0.65625,-1,50,0,0.0,0.013125,1600,21,0.013125,0.0,1.0,0.24887166038484304,0.14162561018434905,0.14162561018434905,0.0018588361336695813,217.1259499999994,0.013697753833069417,2.9261744966442955,2.4761904761904763,2.4761904761904763,0.0
22,template_deposition,C,C,none,0,1.0,template_site:index=144:site=C:neigh=2:ahead0=4.343:mode=shell,z,xy,150,128,22,0,22,2614.589307977287,33.952019989458854,500.0,0.001,10.547605122820443,0.010547605122820443,-1356.1616,-1344.7257,-1356.1616,-11.435913,-9.787964,1.0,0.010547605122820443,0.010547605122820443,15,149,144,11,11,1.5007030221717574,-3.7015872681937667,6.411335258342015,44.54133549999998,84.38084098256354,0.0,-2.143156,-34.337147,44.55492807759306,27.171259499999998,17.383668577593063,4.356111577593076,0.006158576240332438,2.085781534653923,41.55690908772043,40.198816499999985,44.54765419802476,2.826016596225496,0.75,2.973913610976254,0.0,4.348837698024774,0.6875,-1,50,0,0.0,0.01375,1600,22,0.01375,0.0,1.0,0.26072269183174035,0.13517789140801154,0.13517789140801154,0.0018586960068601589,217.1259499999994,0.013696721239337179,2.933333333333333,2.5454545454545454,2.5454545454545454,0.0
23,template_deposition,C,C,none,0,1.0,template_site:index=130:site=C:neigh=2:ahead0=4.343:mode=shell,z,xy,151,128,23,0,23,2667.1498634151376,52.56055543785077,500.0,0.001,10.547605122820443,0.010547605122820443,-1366.5103,-1356.1616,-1366.5103,-10.348633,-9.13623,1.0,0.010547605122820443,0.010547605122820443,13,150,130,10,10,1.4826903534476956,6.169311274155971,4.98659337745098,44.54133549999998,84.38084098256354,0.0,-2.2657979,-36.302086,44.55492807759306,27.171259499999998,17.383668577593063,4.356111577593076,0.0059142242419919005,2.180589786229101,41.64731258937304,40.198816499999985,44.54739964407945,2.7090973940448646,0.75,3.0643171126288635,0.0,4.348583144079463,0.71875,-1,50,0,0.0,0.014375,1600,23,0.014375,0.0,1.0,0.2725737232786376,0.13323117880995058,0.13323117880995058,0.0019151981953930398,217.1259499999994,0.014113085573736682,2.9403973509933774,2.608695652173913,2.608695652173913,0.0
24,template_deposition,C,C,none,0,1.0,template_site:index=136:site=C:neigh=1:ahead0=4.343:mode=shell,z,xy,152,128,24,0,24,2679.794844490757,12.644981075619214,500.0,0.001,10.547605122820443,0.010547605122820443,-1376.7124,-1366.5103,-1376.7124,-10.202148,-7.9124756,0.9999999998667282,0.010547605122820443,0.010547605122820443,15,151,136,9,9,1.5067364852100003,3.7015861372687446,2.137111752780671,44.54133549999998,84.38084098256354,0.0,-2.386704,-38.239216,44.55492807759306,27.171259499999998,17.383668577593063,4.356111577593076,0.005165039404997589,2.2753980378042793,41.67593226732316,40.198816499999985,44.545634063429596,2.6930658720080425,0.78125,3.092936790578989,0.0,4.34681756342961,0.75,-1,50,0,0.0,0.015,1600,24,0.015,0.0,1.0,0.2844247547255349,0.12887236627412454,0.12887236627412454,0.001933085494111868,217.1259499999994,0.01424489698527052,2.9473684210526314,2.6666666666666665,2.6666666666666665,0.0
25,template_deposition,C,C,none,0,1.0,template_site:index=153:site=C:neigh=2:ahead0=4.343:mode=shell,z,xy,153,128,25,0,25,2797.832152659938,118.037308169181,500.0,0.001,10.547605122820443,0.010547605122820443,-1388.0216,-1376.7124,-1388.0216,-11.309204,-10.262573,1.0,0.010547605122820443,0.010547605122820443,15,152,153,8,8,1.4759280221056523,2.4677251368872275,2.849481624670311,44.54133549999998,84.38084098256354,0.0,-2.5207295,-40.38654,44.55492807759306,27.171259499999998,17.383668577593063,4.356111577593076,0.004845748235194487,2.3702062893794578,41.88307466473146,40.198816499999985,44.54480444062071,2.605403963628026,0.765625,3.3000791879872864,0.0,4.345987940620724,0.78125,-1,50,0,0.0,0.015625,1600,25,0.015625,0.0,1.0,0.2962757861724322,0.13200316751949145,0.13200316751949145,0.002062549492492054,217.1259499999994,0.015198916518211184,2.954248366013072,2.72,2.72,0.0
26,template_deposition,C,C,none,0,1.0,template_site:index=152:site=C:neigh=2:ahead0=4.343:mode=shell,z,xy,154,128,26,0,26,3000.391249451385,202.55909679144747,500.0,0.001,10.547605122820443,0.010547605122820443,-1399.5409,-1388.0216,-1399.5409,-11.519287,-11.194824,1.0,0.010547605122820443,0.010547605122820443,14,153,152,7,7,1.42676952392366,1.2338618572687443,2.137111752780671,44.54133549999998,84.38084098256354,0.0,-2.6572452,-42.57376,44.55252702067952,27.171259499999998,17.381267520679522,4.353710520679535,0.004367617107887668,2.465014540954636,41.79417939248952,40.198816499999985,44.54365152579042,2.5869784157207647,0.765625,3.2111839157453446,0.0,4.344835025790438,0.8125,-1,50,0,0.0,0.01625,1600,26,0.01625,0.0,1.0,0.3081268176193295,0.12350707368251325,0.12350707368251325,0.00200698994734084,217.1259499999994,0.014789498518004658,2.961038961038961,2.769230769230769,2.769230769230769,0.0
27,template_deposition,C,C,none,0,1.0,template_site:index=150:site=C:neigh=1:ahead0=4.343:mode=shell,z,xy,155,128,27,0,27,3026.767461977182,26.37621252579686,500.0,0.001,10.547605122820443,0.010547605122820443,-1407.1569,-1399.5409,-1407.1569,-7.615967,-7.2609863,0.39164134420179886,0.010547605122820443,0.010547605122820443,14,154,150,6,6,1.4727389055661848,8.568872265080074e-07,2.849481624670311,44.54133549999998,84.38084098256354,0.0,-2.747502,-44.019836,44.55055405682757,27.171259499999998,17.379294556827574,4.351737556827587,0.004467786620828385,2.5598227925298143,41.987026981841254,40.198816499999985,44.543709497256074,2.459098404684901,0.796875,3.4040315050970804,0.0,4.344892997256089,0.84375,-1,50,0,0.0,0.016875,1600,27,0.016875,0.0,1.0,0.3199778490662268,0.1260752409295215,0.1260752409295215,0.0021275196906856753,217.1259499999994,0.015677681571903728,2.9548387096774196,2.740740740740741,2.740740740740741,0.0
28,template_deposition,C,C,none,0,1.0,template_site:index=156:site=C:neigh=2:ahead0=4.343:mode=shell,z,xy,156,128,28,0,28,3094.5997559598386,67.83229398265667,500.0,0.001,10.547605122820443,0.010547605122820443,-1418.8915,-1407.1569,-1418.8915,-11.734619,-11.402222,0.598560781079995,0.010547605122820443,0.010547605122820443,15,155,156,5,5,1.3579814627530271,-5.654625110373956e-07,4.274223505561342,44.54133549999998,84.38084098256354,0.0,-2.8865695,-46.247944,44.54782494296743,27.171259499999998,17.376565442967433,4.349008442967445,0.00410013585748028,2.6546310441049927,42.10940605413732,40.198816499999985,44.543756788335756,2.480828380053111,0.78125,3.5264105773931433,0.0,4.344940288335771,0.875,-1,50,0,0.0,0.0175,1600,28,0.0175,0.0,1.0,0.3318288805131241,0.125943234906898,0.125943234906898,0.002204006610870715,217.1259499999994,0.016241313290249984,2.9615384615384617,2.7857142857142856,2.7857142857142856,0.0
29,template_deposition,C,C,none,0,1.0,template_site:index=146:site=C:neigh=2:ahead0=4.343:mode=shell,z,xy,157,128,29,0,29,3132.821135545497,38.22137958565849,500.0,0.001,10.547605122820443,0.010547605122820443,-1429.9937,-1418.8915,-1429.9937,-11.102173,-10.612183,0.7294032436879185,0.010547605122820443,0.010547605122820443,16,156,146,4,4,1.4228328817823739,-1.2338615658440286,4.98659337745098,44.54133549999998,84.38084098256354,0.0,-3.0181417,-48.355965,44.54782494296743,27.171259499999998,17.376565442967433,4.349008442967445,0.0038947541640528293,2.7494392956801708,42.156955923399266,40.198816499999985,44.54363703292401,2.3253756587891723,0.796875,3.573960446655093,0.0,4.344820532924025,0.90625,0,50,1,0.02,0.018125,1600,29,0.018125,0.0,1.0,0.34367991196002134,0.12324001540189976,0.12324001540189976,0.002233725279159433,217.1259499999994,0.016460310002812208,2.968152866242038,2.8275862068965516,2.8275862068965516,0.0
30,template_deposition,C,C,none,0,1.0,template_site:index=151:site=C:neigh=2:ahead0=4.343:mode=shell,z,xy,158,128,30,0,30,3185.612673133226,52.79153758772906,500.0,0.001,10.547605122820443,0.010547605122820443,-1441.7721,-1429.9937,-1441.7721,-11.778442,-11.463623,0.8980595035534218,0.010547605122820443,0.010547605122820443,17,157,151,3,3,1.4244016445560357,-1.2338624227312553,2.137111752780671,44.54133549999998,84.38084098256354,0.0,-3.1577284,-50.59239,44.546769074800636,27.171259499999998,17.37550957480064,4.347952574800651,0.0034515155235600734,2.8442475472553492,42.246927953724864,40.198816499999985,44.54370819824755,2.325884903453671,0.828125,3.6639324769806905,0.0,4.344891698247565,0.9375,0,50,1,0.02,0.01875,1600,30,0.01875,0.0,1.0,0.35553094340691865,0.12213108256602302,0.12213108256602302,0.0022899577981129317,217.1259499999994,0.01687468714347917,2.9746835443037973,2.8666666666666667,2.8666666666666667,0.0
31,template_deposition,C,C,none,0,1.0,template_site:index=134:site=C:neigh=2:ahead0=4.343:mode=shell,z,xy,159,128,31,0,31,3295.511242737146,109.8985696039199,500.0,0.001,10.547605122820443,0.010547605122820443,-1453.3679,-1441.7721,-1453.3679,-11.595825,-11.336304,0.8781144672425615,0.010547605122820443,0.010547605122820443,18,158,134,2,2,1.4102082417297874,7.403173696887226,2.849481624670311,44.54133549999998,84.38084098256354,0.0,-3.2951508,-52.794136,44.54655915331811,27.171259499999998,17.37529965331811,4.347742653318122,0.0030868258561639497,2.9390557988305277,42.3272189310999,40.198816499999985,44.54362819523287,2.1705542582352932,0.796875,3.7442234543557262,0.0,4.344811695232885,0.96875,0,50,1,0.02,0.019375,1600,31,0.019375,0.0,1.0,0.36738197485381596,0.12078140175341052,0.12078140175341052,0.0023401396589723287,217.1259499999994,0.01724447701601645,2.981132075471698,2.903225806451613,2.903225806451613,0.0
32,template_deposition,C,C,none,0,1.0,template_site:index=147:site=C:neigh=3:ahead0=4.343:mode=shell,z,xy,160,128,32,0,32,3344.835564099451,49.32432136230484,500.0,0.001,10.547605122820443,0.010547605122820443,-1469.013,-1453.3679,-1469.013,-15.64502,-15.372559,1.0,0.010547605122820443,0.010547605122820443,19,159,147,1,1,1.3542604419663937,-2.4677248454625107,4.274223505561342,44.54133549999998,84.38084098256354,0.0,-3.4805605,-55.76473,44.54655915331811,27.171259499999998,17.37529965331811,4.347742653318122,0.0027396659611011913,3.0338640504057057,42.32743647671692,40.198816499999985,44.543559647652614,2.170775866984572,0.796875,3.7444409999727455,0.0,4.344743147652629,1.0,0,50,1,0.02,0.02,1600,32,0.02,0.0,1.0,0.3792330063007132,0.1170137812491483,0.1170137812491483,0.0023402756249829657,217.1259499999994,0.017245478948844005,3.0,3.0,3.0,0.0
33,template_deposition,C,C,none,0,1.0,template_site:index=167:site=C:neigh=0:ahead0=8.685:mode=shell,z,xy,161,128,33,0,33,3419.2422444535773,74.4066803541265,500.0,0.001,10.547605122820443,0.010547605122820443,-1471.0112,-1469.013,-1471.0112,-1.998291,-1.977417,0.028377321785242098,0.010547605122820443,0.010547605122820443,1,160,167,32,32,4.563134589976049,1.2338604349190074,3.561853633671703,48.88385449999998,84.38084098256354,0.0,-3.5042422,-56.14415,48.95000244776724,27.171259499999998,21.778742947767242,8.751185947767254,0.0,3.128672301980884,42.499028358045685,44.535479353592116,44.543709497256074,2.3353690797606768,0.796875,3.9160328813015113,4.336662853592131,4.344892997256089,1.0,0,50,1,0.02,0.020625,1600,33,0.020625,0.0,1.0,0.3910840377476105,0.11866766306974276,0.11866766306974276,0.0024475205508134447,217.1259499999994,0.018035766251346383,2.981366459627329,0.0,2.909090909090909,0.0
34,template_deposition,C,C,none,0,1.0,template_site:index=162:site=C:neigh=1:ahead0=8.685:mode=shell,z,xy,162,128,34,0,34,3424.637580482399,5.39533602882138,500.0,0.001,10.547605122820443,0.010547605122820443,-1479.5709,-1471.0112,-1479.5709,-8.559692,-8.323364,0.3386951021413408,0.010547605122820443,0.010547605122820443,2,161,162,31,31,1.4261849808270948,-5.654625110373956e-07,4.274223505561342,48.88385449999998,84.38084098256354,0.0,-3.6056833,-57.769417,48.95401077038943,27.171259499999998,21.782751270389433,8.755194270389445,0.03079487783796253,3.2234805535560622,42.49910695260691,44.535479353592116,44.543709497256074,2.33558623701064,0.796875,3.916111475862735,4.336662853592131,4.344892997256089,1.0,0,50,1,0.02,0.02125,1600,34,0.02125,0.0,1.0,0.4029350691945078,0.11517974929008044,0.11517974929008044,0.0024475696724142095,217.1259499999994,0.01803612822816778,2.9753086419753085,1.0,2.8823529411764706,0.0
35,template_deposition,C,C,none,0,1.0,template_site:index=163:site=C:neigh=1:ahead0=8.685:mode=shell,z,xy,163,128,35,0,35,3463.4372820161507,38.7997015337517,500.0,0.001,10.547605122820443,0.010547605122820443,-1487.6234,-1479.5709,-1487.6234,-8.05249,-7.458374,0.320784894551353,0.010547605122820443,0.010547605122820443,3,162,163,30,30,1.4526357627205104,-1.9878122485827987e-06,5.698965386452375,48.88385449999998,84.38084098256354,0.0,-3.7011137,-59.29838,48.962811619746695,27.171259499999998,21.791552119746697,8.76399511974671,0.03286814990939513,3.3182888051312407,42.78943645600688,44.53709241923919,44.54439714200148,2.5958893383078796,0.8125,4.206440979262709,4.3382759192392015,4.345580642001494,1.0,0,50,1,0.02,0.021875,1600,35,0.021875,0.0,1.0,0.4147861006414051,0.12018402797893454,0.12018402797893454,0.002629025612039193,217.1259499999994,0.019373276106622542,2.9693251533742333,1.3333333333333333,2.857142857142857,0.0
36,template_deposition,C,C,none,0,1.0,template_site:index=161:site=C:neigh=1:ahead0=8.685:mode=shell,z,xy,164,128,36,0,36,3497.0511449869405,33.61386297078997,500.0,0.001,10.547605122820443,0.010547605122820443,-1495.8417,-1487.6234,-1495.8417,-8.218262,-7.6865234,0.8466260426181467,0.010547605122820443,0.010547605122820443,4,163,161,29,29,1.3672602324291787,-1.2338629881937666,6.411335258342015,48.88385449999998,84.38084098256354,0.0,-3.7985086,-60.858818,48.966103645003464,27.171259499999998,21.794844145003466,8.767287145003479,0.03226977294930135,3.413097056706419,42.95664467942777,44.53746536882444,44.54606133092035,2.701516974223306,0.8125,4.373649202683595,4.338648868824457,4.347244830920367,1.0,0,50,1,0.02,0.0225,1600,36,0.0225,0.0,1.0,0.4266371320883024,0.12149025563009985,0.12149025563009985,0.0027335307516772466,217.1259499999994,0.0201433739388756,2.9634146341463414,1.5,2.8333333333333335,0.0
37,template_deposition,C,C,none,0,1.0,template_site:index=166:site=C:neigh=1:ahead0=8.685:mode=shell,z,xy,165,128,37,0,37,3497.7079769166744,0.6568319297340051,500.0,0.001,10.547605122820443,0.010547605122820443,-1503.7316,-1495.8417,-1503.7316,-7.8898926,-7.5428467,0.9983783932006507,0.010547605122820443,0.010547605122820443,4,164,166,28,28,1.3566140217072662,1.2338618572687443,2.137111752780671,48.88385449999998,84.38084098256354,0.0,-3.892012,-62.356907,48.95480445130457,27.171259499999998,21.78354495130457,8.755987951304583,0.02528535962773839,3.507905308281597,43.0685653981722,44.53756619497392,44.546495731556085,2.7949653503287255,0.828125,4.485569921428024,4.338749694973934,4.3476792315561,1.0,0,50,1,0.02,0.023125,1600,37,0.023125,0.0,1.0,0.43848816353519965,0.1212316194980547,0.1212316194980547,0.002803481200892515,217.1259499999994,0.02065883843652975,2.9575757575757575,1.6,2.810810810810811,0.0
38,template_deposition,C,C,none,0,1.0,template_site:index=160:site=C:neigh=1:ahead0=8.685:mode=shell,z,xy,166,128,38,0,38,3616.8522070724716,119.14423015579743,500.0,0.001,10.547605122820443,0.010547605122820443,-1511.6754,-1503.7316,-1511.6754,-7.9438477,-7.473999,0.696975395815933,0.010547605122820443,0.010547605122820443,5,165,160,27,27,1.4090217815362287,-1.2338644105435042,7.836077139233043,48.88385449999998,84.38084098256354,0.0,-3.9861548,-63.865242,48.95480445130457,27.171259499999998,21.78354495130457,8.755987951304583,0.02346738795427294,3.6027135598567757,43.23278387964827,44.53800952898832,48.01858253946447,2.876042836512351,0.828125,4.649788402904093,4.339193028988333,7.819766039464483,1.0,0,50,1,0.02,0.02375,1600,38,0.02375,0.0,1.0,0.45033919498209696,0.12236285270800246,0.12236285270800246,0.0029061177518150583,217.1259499999994,0.021415166648224713,2.9518072289156625,1.6666666666666667,2.789473684210526,0.0
39,template_deposition,C,C,none,0,1.0,template_site:index=164:site=C:neigh=1:ahead0=8.685:mode=shell,z,xy,167,128,39,0,39,3655.0116241384526,38.15941706598093,500.0,0.001,10.547605122820443,0.010547605122820443,-1519.8646,-1511.6754,-1519.8646,-8.189209,-7.588623,0.8959657445438058,0.010547605122820443,0.010547605122820443,6,166,164,26,26,1.3966068155446048,2.467722857650262,1.4247418808910315,48.88385449999998,84.38084098256354,0.0,-4.083205,-65.42016,48.94634002660299,27.171259499999998,21.77508052660299,8.747523526603004,0.01958515700533017,3.697521811431954,43.39689472140359,44.53904685223877,48.88665678384141,2.9455523602230516,0.828125,4.813899244659417,4.340230352238784,8.687840283841425,1.0,0,50,1,0.02,0.024375,1600,39,0.024375,0.0,1.0,0.46219022642899427,0.12343331396562608,0.12343331396562608,0.0030086870279121356,217.1259499999994,0.022170999112079558,2.946107784431138,1.7142857142857142,2.769230769230769,0.0
40,template_deposition,C,C,none,0,1.0,template_site:index=165:site=C:neigh=2:ahead0=8.685:mode=shell,z,xy,168,128,40,0,40,3728.2841964395398,73.27257230108725,500.0,0.001,10.547605122820443,0.010547605122820443,-1532.5133,-1519.8646,-1532.5133,-12.648682,-11.59375,1.0,0.010547605122820443,0.010547605122820443,7,167,165,25,25,1.3473101902224975,2.46772428,0.0,48.88385449999998,84.38084098256354,0.0,-4.233105,-67.82182,48.93560517680012,27.171259499999998,21.76434567680012,8.736788676800131,0.017407129339285808,3.792330063007132,43.56056427630079,44.53947461933972,48.887972390127416,3.0037249254129987,0.828125,4.9775687995566145,4.340658119339736,8.68915589012743,1.0,0,50,1,0.02,0.025,1600,40,0.025,0.0,1.0,0.4740412578758915,0.12443921998891536,0.12443921998891536,0.003110980499722884,217.1259499999994,0.022924799175578176,2.9523809523809526,2.0,2.8,0.0
41,template_deposition,C,C,none,0,1.0,template_site:index=175:site=C:neigh=1:ahead0=8.685:mode=shell,z,xy,169,128,41,0,41,3931.625419205643,203.3412227661031,500.0,0.001,10.547605122820443,0.010547605122820443,-1537.4965,-1532.5133,-1537.4965,-4.9831543,-4.288208,0.9980048697307005,0.010547605122820443,0.010547605122820443,6,168,175,24,24,1.6533461232417879,-3.7015886905435047,7.836077139233043,48.88385449999998,84.38084098256354,0.0,-4.292161,-68.768005,48.93560517680012,27.171259499999998,21.76434567680012,8.736788676800131,0.017727446820345275,3.8871383145823106,43.72457959193674,44.5395246034235,48.88726380330799,3.05261637665568,0.828125,5.141584115192565,4.340708103423516,8.688447303308003,1.0,0,50,1,0.02,0.025625,1600,41,0.025625,0.0,1.0,0.48589228932278883,0.1254044906144528,0.1254044906144528,0.003213490071995353,217.1259499999994,0.023680191682258978,2.9467455621301775,2.0,2.7804878048780486,0.0
42,template_deposition,C,C,none,0,1.0,template_site:index=170:site=C:neigh=1:ahead0=8.685:mode=shell,z,xy,170,128,42,0,42,3956.622773426326,24.997354220683082,500.0,0.001,10.547605122820443,0.010547605122820443,-1545.6831,-1537.4965,-1545.6831,-8.1866455,-7.249878,0.2923624153728778,0.010547605122820443,0.010547605122820443,7,169,170,23,23,1.4664748887803183,0.0,0.0,48.88385449999998,84.38084098256354,0.0,-4.389181,-70.32243,48.93618608550903,27.171259499999998,21.76492658550903,8.737369585509043,0.017555554395242406,3.9819465661574887,43.56079949630424,44.53947461933972,48.88763847494102,3.004143208314743,0.828125,4.977804019560068,4.340658119339736,8.688821974941035,1.0,0,50,1,0.02,0.02625,1600,42,0.02625,0.0,1.0,0.4977433207696861,0.11851914332285876,0.11851914332285876,0.0031111275122250428,217.1259499999994,0.02292588250994449,2.9411764705882355,2.0,2.761904761904762,0.0
43,template_deposition,C,C,none,0,1.0,template_site:index=191:site=C:neigh=1:ahead0=8.685:mode=shell,z,xy,171,128,43,0,43,4088.963794330041,132.3410209037145,500.0,0.001,10.547605122820443,0.010547605122820443,-1553.3209,-1545.6831,-1553.3209,-7.6378174,-7.022949,0.999990343362294,0.010547605122820443,0.010547605122820443,4,170,191,22,22,1.434143614167704,3.7015841494564965,7.836077139233043,48.88385449999998,84.38084098256354,0.0,-4.4796968,-71.77266,48.93618608550903,27.171259499999998,21.76492658550903,8.737369585509043,0.017263058001992078,4.076754817732668,43.912364576188246,44.54005102680031,48.88914586816239,3.1486652608089005,0.859375,5.329369099444072,4.341234526800328,8.690329368162402,1.0,0,50,1,0.02,0.026875,1600,43,0.026875,0.0,1.0,0.5095943522165834,0.12393881626614121,0.12393881626614121,0.003330855687152545,217.1259499999994,0.0245450582919457,2.935672514619883,2.0,2.744186046511628,0.0
44,template_deposition,C,C,none,0,1.0,template_site:index=186:site=C:neigh=1:ahead0=8.685:mode=shell,z,xy,172,128,44,0,44,4102.012154310988,13.04835998094719,500.0,0.001,10.547605122820443,0.010547605122820443,-1561.6941,-1553.3209,-1561.6941,-8.373169,-7.661499,0.9999999903103135,0.010547605122820443,0.010547605122820443,6,171,186,21,21,1.3916158381200103,7.40317284,0.0,48.88385449999998,84.38084098256354,0.0,-4.5789275,-73.36251,48.93618608550903,27.171259499999998,21.76492658550903,8.737369585509043,0.016641853069608133,4.171563069307846,43.99145567825767,44.54025941454419,48.891087335689235,3.2172992205204807,0.859375,5.408460201513499,4.341442914544203,8.69227083568925,1.0,0,50,1,0.02,0.0275,1600,44,0.0275,0.0,1.0,0.5214453836634807,0.12291955003439771,0.12291955003439771,0.003380287625945937,217.1259499999994,0.024909321992666072,2.9302325581395348,2.0,2.727272727272727,0.0
45,template_deposition,C,C,none,0,1.0,template_site:index=176:site=C:neigh=1:ahead0=8.685:mode=shell,z,xy,173,128,45,0,45,4177.888630055488,75.87647574449933,500.0,0.001,10.547605122820443,0.010547605122820443,-1569.7517,-1561.6941,-1569.7517,-8.057617,-7.496704,0.9999999068011134,0.010547605122820443,0.010547605122820443,9,172,176,20,20,1.4008699521647112,1.233859869456495,7.836077139233043,48.88385449999998,84.38084098256354,0.0,-4.674419,-74.89245,48.93618608550903,27.171259499999998,21.76492658550903,8.737369585509043,0.016542808214929806,4.266371320883024,44.1494542197282,44.54053232014333,48.890866113970816,3.240460713734474,0.859375,5.566458742984025,4.341715820143342,8.69204961397083,1.0,0,50,1,0.02,0.028125,1600,45,0.028125,0.0,1.0,0.533296415110378,0.12369908317742279,0.12369908317742279,0.003479036714365016,217.1259499999994,0.025637003513325058,2.9248554913294798,2.0,2.7111111111111112,0.0
46,template_deposition,C,C,none,0,1.0,template_site:index=181:site=C:neigh=2:ahead0=8.685:mode=shell,z,xy,174,128,46,0,46,4189.6444255038905,11.75579544840301,500.0,0.001,10.547605122820443,0.010547605122820443,-1580.8717,-1569.7517,-1580.8717,-11.119995,-9.395996,1.0,0.010547605122820443,0.010547605122820443,10,173,181,19,19,1.3919440490987067,4.93544856,0.0,48.88385449999998,84.38084098256354,0.0,-4.806202,-77.003845,48.93618608550903,27.171259499999998,21.76492658550903,8.737369585509043,0.0168344266845087,4.361179572458202,44.228330447071684,44.540837943841595,48.8905968848154,3.3011877721532055,0.859375,5.645334970327511,4.34202144384161,8.691780384815416,1.0,0,50,1,0.02,0.02875,1600,46,0.02875,0.0,1.0,0.5451474465572752,0.12272467326798937,0.12272467326798937,0.0035283343564546945,217.1259499999994,0.026000277582331945,2.9310344827586206,2.142857142857143,2.739130434782609,0.0
47,template_deposition,C,C,none,0,1.0,template_site:index=180:site=C:neigh=1:ahead0=8.685:mode=shell,z,xy,175,128,47,0,47,4203.505437887573,13.861012383682718,500.0,0.001,10.547605122820443,0.010547605122820443,-1587.092,-1580.8717,-1587.092,-6.220337,-5.484741,0.999034876718642,0.010547605122820443,0.010547605122820443,9,174,180,18,18,1.5096109844464136,4.935447137650263,1.4247418808910315,48.88385449999998,84.38084098256354,0.0,-4.8799195,-78.18493,48.93618608550903,27.171259499999998,21.76492658550903,8.737369585509043,0.016827678938432455,4.455987824033381,44.38621741245253,44.540837943841595,48.89112457440004,3.3124700769571924,0.859375,5.803221935708358,4.34202144384161,8.692308074400053,1.0,0,50,1,0.02,0.029375,1600,47,0.029375,0.0,1.0,0.5569984780041726,0.12347280714273101,0.12347280714273101,0.0036270137098177234,217.1259499999994,0.026727445225724396,2.9257142857142857,2.1333333333333333,2.723404255319149,0.0
48,template_deposition,C,C,none,0,1.0,template_site:index=182:site=C:neigh=2:ahead0=8.685:mode=shell,z,xy,176,128,48,0,48,4286.819375444638,83.31393755706569,500.0,0.001,10.547605122820443,0.010547605122820443,-1597.6045,-1587.092,-1597.6045,-10.512451,-9.4123535,1.0,0.010547605122820443,0.010547605122820443,10,175,182,17,17,1.4197260860335625,3.7015861372687446,2.137111752780671,48.88385449999998,84.38084098256354,0.0,-5.004503,-80.18098,48.93633262948071,27.171259499999998,21.76507312948071,8.737516129480724,0.016967305282195314,4.550796075608559,44.46643996786365,44.54106397064309,48.89000297448313,3.3362381183514183,0.875,5.8834444911194765,4.342247470643102,8.691186474483146,1.0,0,50,1,0.02,0.03,1600,48,0.03,0.0,1.0,0.5688495094510698,0.12257176023165577,0.12257176023165577,0.003677152806949673,217.1259499999994,0.027096919972575795,2.9318181818181817,2.25,2.75,0.0
49,template_deposition,C,C,none,0,1.0,template_site:index=185:site=C:neigh=1:ahead0=8.685:mode=shell,z,xy,177,128,49,0,49,4298.488385460043,11.669010015404783,500.0,0.001,10.547605122820443,0.010547605122820443,-1603.9905,-1597.6045,-1603.9905,-6.3859863,-5.929199,0.9185142964651072,0.010547605122820443,0.010547605122820443,9,176,185,16,16,1.481919880649915,6.169310417268744,2.137111752780671,48.88385449999998,84.38084098256354,0.0,-5.0801835,-81.39352,48.93633262948071,27.171259499999998,21.76507312948071,8.737516129480724,0.016653319661889085,4.645604327183737,44.62157150047181,44.54136992520558,48.89117734672945,3.3361682363305993,0.875,6.038576023727636,4.342553425205594,8.692360846729464,1.0,0,50,1,0.02,0.030625,1600,49,0.030625,0.0,1.0,0.5807005408979671,0.12323624538219664,0.12323624538219664,0.003774110014829772,217.1259499999994,0.027811397134831894,2.926553672316384,2.235294117647059,2.7346938775510203,0.0
50,template_deposition,C,C,none,0,1.0,template_site:index=187:site=C:neigh=2:ahead0=8.685:mode=shell,z,xy,178,128,50,0,50,4477.770730607413,179.28234514737002,500.0,0.001,10.547605122820443,0.010547605122820443,-1613.3271,-1603.9905,-1613.3271,-9.33667,-8.311035,0.9999999714024607,0.010547605122820443,0.010547605122820443,10,177,187,15,15,1.4123610943535387,7.403171417650262,1.4247418808910315,48.88385449999998,84.38084098256354,0.0,-5.1908326,-83.166306,48.93534405283438,27.171259499999998,21.764084552834383,8.736527552834396,0.016256253874172302,4.7404125787589155,44.62143906277822,44.54136992520558,48.89036027600426,3.3359986348848443,0.875,6.038443586034049,4.342553425205594,8.691543776004274,1.0,0,50,1,0.02,0.03125,1600,50,0.03125,0.0,1.0,0.5925515723448644,0.12076887172068097,0.12076887172068097,0.0037740272412712804,217.1259499999994,0.027810787176908453,2.932584269662921,2.3333333333333335,2.76,0.0
51,template_deposition,C,C,none,0,1.0,template_site:index=183:site=C:neigh=1:ahead0=8.685:mode=shell,z,xy,179,128,51,0,51,4616.30491220289,138.53418159547752,500.0,0.001,10.547605122820443,0.010547605122820443,-1620.3876,-1613.3271,-1620.3876,-7.060425,-6.761841,0.9915240470537999,0.010547605122820443,0.010547605122820443,10,178,183,14,14,1.4393917213311582,3.701584714919006,3.561853633671703,48.88385449999998,84.38084098256354,0.0,-5.274506,-84.506905,48.9339955107597,27.171259499999998,21.762736010759703,8.735179010759715,0.01609133229688376,4.8352208303340936,44.780887655817914,44.54144985296658,48.89061066274643,3.3587863925243,0.859375,6.19789217907374,4.342633352966594,8.691794162746447,1.0,0,50,1,0.02,0.031875,1600,51,0.031875,0.0,1.0,0.6044026037917617,0.12152729762889687,0.12152729762889687,0.003873682611921088,217.1259499999994,0.028545147086627636,2.9273743016759775,2.3157894736842106,2.7450980392156863,0.0
52,template_deposition,C,C,none,0,1.0,template_site:index=178:site=C:neigh=2:ahead0=8.685:mode=shell,z,xy,180,128,52,0,52,4684.916054469547,68.6111422666569,500.0,0.001,10.547605122820443,0.010547605122820443,-1629.6182,-1620.3876,-1629.6182,-9.230591,-7.831909,0.9729088061577522,0.010547605122820443,0.010547605122820443,11,179,178,13,13,1.4108552998263095,2.4677237145374886,4.274223505561342,48.88385449999998,84.38084098256354,0.0,-5.383898,-86.25955,48.925949096233914,27.171259499999998,21.754689596233916,8.727132596233929,0.015231148118731191,4.930029081909272,44.86556304121723,44.541834518494625,48.89062526106473,3.3306036102575596,0.84375,6.282567564473055,4.343018018494639,8.691808761064742,1.0,0,50,1,0.02,0.0325,1600,52,0.0325,0.0,1.0,0.616253635238659,0.12081860700909722,0.12081860700909722,0.00392660472779566,217.1259499999994,0.028935129884166647,2.933333333333333,2.4,2.769230769230769,0.0
53,template_deposition,C,C,none,0,1.0,template_site:index=171:site=C:neigh=1:ahead0=8.685:mode=shell,z,xy,181,128,53,0,53,4811.633458122145,126.71740365259828,500.0,0.001,10.547605122820443,0.010547605122820443,-1638.6395,-1629.6182,-1638.6395,-9.021362,-7.5042725,0.9996341582685341,0.010547605122820443,0.010547605122820443,14,180,171,12,12,1.470100325047344,-1.4223497377674477e-06,1.4247418808910315,48.88385449999998,84.38084098256354,0.0,-5.4908104,-87.97248,48.92169572874978,27.171259499999998,21.750436228749784,8.722879228749797,0.013034544207109292,5.0248373334844505,45.281115394319215,44.54264620419086,48.893143829113754,3.241013888727867,0.828125,6.698119917575042,4.343829704190874,8.694327329113769,1.0,0,50,1,0.02,0.033125,1600,53,0.033125,0.0,1.0,0.6281046666855563,0.12637962108632156,0.12637962108632156,0.004186324948484401,217.1259499999994,0.030849006844069354,2.9392265193370166,2.4761904761904763,2.792452830188679,0.0
54,template_deposition,C,C,none,0,1.0,template_site:index=169:site=C:neigh=2:ahead0=8.685:mode=shell,z,xy,182,128,54,0,54,4894.11777938368,82.48432126153455,500.0,0.001,10.547605122820443,0.010547605122820443,-1649.9159,-1638.6395,-1649.9159,-11.276367,-9.815918,1.0,0.010547605122820443,0.010547605122820443,15,181,169,11,11,1.4944684410297886,-1.2338624227312553,2.137111752780671,48.88385449999998,84.38084098256354,0.0,-5.624447,-90.11358,48.9211704477561,27.171259499999998,21.7499109477561,8.722353947756112,0.012297944447218823,5.1196455850596285,45.36276139691353,44.54264620419086,48.892779384763095,3.2757017428675717,0.828125,6.779765920169353,4.343829704190874,8.69396288476311,1.0,0,50,1,0.02,0.03375,1600,54,0.03375,0.0,1.0,0.6399556981324536,0.12555122074387692,0.12555122074387692,0.004237353700105846,217.1259499999994,0.031225037450242,2.9450549450549453,2.5454545454545454,2.814814814814815,0.0
55,template_deposition,C,C,none,0,1.0,template_site:index=168:site=C:neigh=2:ahead0=8.685:mode=shell,z,xy,183,128,55,0,55,4948.02181798501,53.90403860133002,500.0,0.001,10.547605122820443,0.010547605122820443,-1660.3478,-1649.9159,-1660.3478,-10.431885,-8.705566,1.0,0.010547605122820443,0.010547605122820443,13,182,168,10,10,1.5107718912489503,-1.2338638450809936,3.561853633671703,48.88385449999998,84.38084098256354,0.0,-5.7480755,-92.09432,48.917146765980085,27.171259499999998,21.745887265980087,8.7183302659801,0.010988667002759727,5.2144538366348065,45.526529593017635,44.543559647652614,48.893353934177405,3.230032432682975,0.828125,6.943534116273462,4.344743147652629,8.69453743417742,1.0,0,50,1,0.02,0.034375,1600,55,0.034375,0.0,1.0,0.6518067295793508,0.12624607484133565,0.12624607484133565,0.0043397088226709134,217.1259499999994,0.03197929181782961,2.9508196721311477,2.608695652173913,2.8363636363636364,0.0
56,template_deposition,C,C,none,0,1.0,template_site:index=177:site=C:neigh=1:ahead0=8.685:mode=shell,z,xy,184,128,56,0,56,4983.133910992153,35.11209300714262,500.0,0.001,10.547605122820443,0.010547605122820443,-1670.4279,-1660.3478,-1670.4279,-10.080078,-7.986084,0.9999999930248942,0.010547605122820443,0.010547605122820443,15,183,177,9,9,1.4977696107653768,1.2338612918062335,6.411335258342015,48.88385449999998,84.38084098256354,0.0,-5.8675346,-94.00827,48.91267627685162,27.171259499999998,21.741416776851622,8.713859776851635,0.009952288272600283,5.3092620882099855,45.69020660839735,44.54405724233012,48.893497611347776,3.175060337292296,0.828125,7.107211131653173,4.345240742330134,8.69468111134779,1.0,0,50,1,0.02,0.035,1600,56,0.035,0.0,1.0,0.6636577610262482,0.12691448449380666,0.12691448449380666,0.004442006957283234,217.1259499999994,0.03273312624148884,2.9565217391304346,2.6666666666666665,2.857142857142857,0.0
57,template_deposition,C,C,none,0,1.0,template_site:index=179:site=C:neigh=2:ahead0=8.685:mode=shell,z,xy,185,128,57,0,57,5028.824474364133,45.690563371979685,500.0,0.001,10.547605122820443,0.010547605122820443,-1681.7618,-1670.4279,-1681.7618,-11.333984,-10.282471,1.0,0.010547605122820443,0.010547605122820443,15,184,179,8,8,1.4766835745863574,2.467722292187751,5.698965386452375,48.88385449999998,84.38084098256354,0.0,-6.0018544,-96.16031,48.908317694702696,27.171259499999998,21.737058194702698,8.70950119470271,0.009001853611617277,5.4040703397851635,45.7719373027618,44.54443490863163,48.89179808959553,3.2000594285442,0.828125,7.188941826017626,4.345618408631644,8.692981589595547,1.0,0,50,1,0.02,0.035625,1600,57,0.035625,0.0,1.0,0.6755087924731454,0.12612178642136185,0.12612178642136185,0.004493088641261016,217.1259499999994,0.033109546905920946,2.962162162162162,2.72,2.8771929824561404,0.0
58,template_deposition,C,C,none,0,1.0,template_site:index=190:site=C:neigh=2:ahead0=8.685:mode=shell,z,xy,186,128,58,0,58,5305.560549905151,276.7360755410181,500.0,0.001,10.547605122820443,0.010547605122820443,-1693.2158,-1681.7618,-1693.2158,-11.4539795,-11.102295,1.0,0.010547605122820443,0.010547605122820443,14,185,190,7,7,1.3855919894216198,3.701585571806233,6.411335258342015,48.88385449999998,84.38084098256354,0.0,-6.1375957,-98.33513,48.908317694702696,27.171259499999998,21.737058194702698,8.70950119470271,0.008619402355421623,5.4988785913603415,45.9098301454739,44.54533847656981,48.89139515250643,3.1085608829709908,0.84375,7.326834668729724,4.346521976569825,8.692578652506448,1.0,0,50,1,0.02,0.03625,1600,58,0.03625,0.0,1.0,0.6873598239200427,0.12632473566775387,0.12632473566775387,0.004579271667956078,217.1259499999994,0.033744629182876316,2.967741935483871,2.769230769230769,2.896551724137931,0.0
59,template_deposition,C,C,none,0,1.0,template_site:index=188:site=C:neigh=1:ahead0=8.685:mode=shell,z,xy,187,128,59,0,59,5329.1204454121635,23.559895507013003,500.0,0.001,10.547605122820443,0.010547605122820443,-1700.7587,-1693.2158,-1700.7587,-7.5428467,-7.2546387,0.3799028076841943,0.010547605122820443,0.010547605122820443,14,186,188,6,6,1.4746249430392393,4.93544657218775,5.698965386452375,48.88385449999998,84.38084098256354,0.0,-6.2269864,-99.76733,48.908317694702696,27.171259499999998,21.737058194702698,8.70950119470271,0.00823602269070502,5.59368684293552,45.990377765530155,44.54549703097487,48.89163566485381,3.128472297422942,0.84375,7.407382288785982,4.346680530974886,8.692819164853823,1.0,0,50,1,0.02,0.036875,1600,59,0.036875,0.0,1.0,0.69921085536694,0.12554885235230479,0.12554885235230479,0.004629613930491239,217.1259499999994,0.034115601054530806,2.962566844919786,2.740740740740741,2.8813559322033897,0.0
60,template_deposition,C,C,none,0,1.0,template_site:index=189:site=C:neigh=2:ahead0=8.685:mode=shell,z,xy,188,128,60,0,60,5350.5286880927,21.408242680536446,500.0,0.001,10.547605122820443,0.010547605122820443,-1712.5659,-1700.7587,-1712.5659,-11.807251,-11.515137,0.27906586372282216,0.010547605122820443,0.010547605122820443,15,187,189,5,5,1.3938317222736918,4.935447994537489,4.274223505561342,48.88385449999998,84.38084098256354,0.0,-6.3669143,-102.00922,48.908317694702696,27.171259499999998,21.737058194702698,8.70950119470271,0.00797062362643673,5.6884950945106985,46.04275699206245,48.872284266483376,48.89158348501213,3.2316139678770073,0.859375,7.459761515318277,8.673467766483391,8.692766985012142,1.0,0,50,1,0.02,0.0375,1600,60,0.0375,0.0,1.0,0.7110618868138373,0.12432935858863796,0.12432935858863796,0.004662350947073924,217.1259499999994,0.034356839960024574,2.9680851063829787,2.7857142857142856,2.9,0.0
61,template_deposition,C,C,none,0,1.0,template_site:index=184:site=C:neigh=2:ahead0=8.685:mode=shell,z,xy,189,128,61,0,61,5437.642957600237,87.11426950753733,500.0,0.001,10.547605122820443,0.010547605122820443,-1723.6901,-1712.5659,-1723.6901,-11.1241455,-10.656738,0.7677380256702712,0.010547605122820443,0.010547605122820443,16,188,184,4,4,1.4024554185857412,6.169308994919007,3.561853633671703,48.88385449999998,84.38084098256354,0.0,-6.498747,-104.12141,48.904244760077674,27.171259499999998,21.732985260077676,8.705428260077689,0.0073663805092991485,5.7833033460858765,46.23135075716784,48.87638770616946,48.8919654708742,3.1743376038929942,0.84375,7.648355280423665,8.677571206169475,8.693148970874212,1.0,1,50,2,0.04,0.038125,1600,61,0.038125,0.0,1.0,0.7229129182607346,0.12538287344956828,0.12538287344956828,0.00478022205026479,217.1259499999994,0.03522543150841107,2.9735449735449735,2.8275862068965516,2.918032786885246,0.0
62,template_deposition,C,C,none,0,1.0,template_site:index=174:site=C:neigh=2:ahead0=8.685:mode=shell,z,xy,190,128,62,0,62,5480.804385744493,43.16142814425551,500.0,0.001,10.547605122820443,0.010547605122820443,-1735.4496,-1723.6901,-1735.4496,-11.7595215,-11.439209,0.9285075418619974,0.010547605122820443,0.010547605122820443,17,189,174,3,3,1.430483706026452,-3.7015872681937667,6.411335258342015,48.88385449999998,84.38084098256354,0.0,-6.638109,-106.35424,48.904244760077674,27.171259499999998,21.732985260077676,8.705428260077689,0.0071428107730086175,5.878111597661055,46.47270573725696,48.87858303235981,48.89205907827746,2.975446255242498,0.84375,7.889710260512786,8.679766532359828,8.693242578277477,1.0,1,50,2,0.04,0.03875,1600,62,0.03875,0.0,1.0,0.7347639497076319,0.1272533912985933,0.1272533912985933,0.004931068912820491,217.1259499999994,0.03633702125661538,2.9789473684210526,2.8666666666666667,2.935483870967742,0.0
63,template_deposition,C,C,none,0,1.0,template_site:index=172:site=C:neigh=2:ahead0=8.685:mode=shell,z,xy,191,128,63,0,63,5736.586408757938,255.78202301344555,500.0,0.001,10.547605122820443,0.010547605122820443,-1747.037,-1735.4496,-1747.037,-11.587402,-11.290527,0.7810981437912821,0.010547605122820443,0.010547605122820443,18,190,172,2,2,1.4218451119456805,-2.467726267812249,5.698965386452375,48.88385449999998,84.38084098256354,0.0,-6.775432,-108.55439,48.90396885459367,27.171259499999998,21.732709354593673,8.705152354593686,0.0067213958454574885,5.972919849236233,46.39243575207273,48.878949435014476,48.892328033818764,3.0833221696247253,0.84375,7.809440275328555,8.680132935014491,8.693511533818779,1.0,1,50,2,0.04,0.039375,1600,63,0.039375,0.0,1.0,0.7466149811545292,0.1239593694496596,0.1239593694496596,0.004880900172080347,217.1259499999994,0.03596732806616886,2.9842931937172774,2.903225806451613,2.9523809523809526,0.0
64,template_deposition,C,C,none,0,1.0,template_site:index=173:site=C:neigh=3:ahead0=8.685:mode=shell,z,xy,192,128,64,0,64,5908.9752252000335,172.3888164420948,500.0,0.001,10.547605122820443,0.010547605122820443,-1762.6849,-1747.037,-1762.6849,-15.647949,-15.362183,1.0,0.010547605122820443,0.010547605122820443,19,191,173,1,1,1.3602189777572475,-2.4677248454625107,4.274223505561342,48.88385449999998,84.38084098256354,0.0,-6.9608765,-111.525536,48.90271639997507,27.171259499999998,21.731456899975072,8.703899899975085,0.006302736653516246,6.0677281008114115,46.595747446607504,48.88083541072835,48.89241998589939,2.9701420598053234,0.859375,8.01275196986333,8.682018910728367,8.693603485899402,1.0,1,50,2,0.04,0.04,1600,64,0.04,0.0,1.0,0.7584660126014264,0.12519924952911454,0.12519924952911454,0.005007969981164582,217.1259499999994,0.0369037048305988,3.0,3.0,3.0,0.0
65,template_deposition,C,C,none,0,1.0,template_site:index=213:site=C:neigh=0:ahead0=13.028:mode=shell,z,xy,193,128,65,0,65,6188.233221389495,279.2579961894615,500.0,0.001,10.547605122820443,0.010547605122820443,-1764.6815,-1762.6849,-1764.6815,-1.996582,-1.9758301,0.02782415476442389,0.010547605122820443,0.010547605122820443,1,192,213,32,32,4.546054450487507,1.233863279618482,0.7123698718896396,53.22637349999997,84.38084098256354,0.0,-6.984538,-111.90464,53.292282499902235,27.171259499999998,26.121022999902237,13.09346599990225,0.0,6.1625363523865895,46.7547663639783,48.88108004213437,48.89282946405064,3.0879479372984764,0.859375,8.171770887234125,8.682263542134386,8.694012964050657,1.0,1,50,2,0.04,0.040625,1600,65,0.040625,0.0,1.0,0.7703170440483237,0.12571955211129424,0.12571955211129424,0.005107356804521328,217.1259499999994,0.03763608581670753,2.9844559585492227,0.0,2.953846153846154,0.0
66,template_deposition,C,C,none,0,1.0,template_site:index=212:site=C:neigh=1:ahead0=13.028:mode=shell,z,xy,194,128,66,0,66,6367.299695639985,179.0664742504896,500.0,0.001,10.547605122820443,0.010547605122820443,-1773.2421,-1764.6815,-1773.2421,-8.560547,-8.323853,0.33519256254476926,0.010547605122820443,0.010547605122820443,2,193,212,31,31,1.426234321528887,0.0,0.0,53.22637349999997,84.38084098256354,0.0,-7.085989,-113.53006,53.29633612452294,27.171259499999998,26.12507662452294,13.097519624522953,0.03070191352179208,6.257344603961768,46.991860353471026,48.88133588637364,48.893447639177346,3.0760706319766125,0.859375,8.408864876726852,8.682519386373656,8.69463113917736,1.0,1,50,2,0.04,0.04125,1600,66,0.04125,0.0,1.0,0.782168075495221,0.1274070435867705,0.1274070435867705,0.005255540547954283,217.1259499999994,0.038728051053901556,2.979381443298969,1.0,2.9393939393939394,0.0
67,template_deposition,C,C,none,0,1.0,template_site:index=197:site=C:neigh=1:ahead0=13.028:mode=shell,z,xy,195,128,67,0,67,6463.2147035443295,95.91500790434479,500.0,0.001,10.547605122820443,0.010547605122820443,-1781.2949,-1773.2421,-1781.2949,-8.052856,-7.45813,0.31823252850372286,0.010547605122820443,0.010547605122820443,3,194,197,30,30,1.452670957513803,8.637036119618482,0.7123698718896396,53.22637349999997,84.38084098256354,0.0,-7.1814237,-115.0591,53.30515550895784,27.171259499999998,26.13389600895784,13.106339008957853,0.03279295873208285,6.352152855536946,47.150016489903756,48.88143007811893,48.89769513849569,3.1685126910866455,0.859375,8.567021013159582,8.682613578118946,8.698878638495707,1.0,1,50,2,0.04,0.041875,1600,67,0.041875,0.0,1.0,0.7940191069421183,0.12786598527103854,0.12786598527103854,0.005354388133224739,217.1259499999994,0.039456458397347745,2.9743589743589745,1.3333333333333333,2.925373134328358,0.0
68,template_deposition,C,C,none,0,1.0,template_site:index=196:site=C:neigh=1:ahead0=13.028:mode=shell,z,xy,196,128,68,0,68,6475.946947459264,12.73224391493465,500.0,0.001,10.547605122820443,0.010547605122820443,-1789.5134,-1781.2949,-1789.5134,-8.218506,-7.687134,0.8440331081931927,0.010547605122820443,0.010547605122820443,4,195,196,29,29,1.3672346566185376,7.40317284,0.0,53.22637349999997,84.38084098256354,0.0,-7.2788215,-116.619576,53.3085041226607,27.171259499999998,26.137244622660702,13.109687622660715,0.03221533500417287,6.4469611071121244,47.387060689270214,48.882907845673145,48.900593864125675,3.127020421453851,0.859375,8.80406521252604,8.68409134567316,8.70177736412569,1.0,1,50,2,0.04,0.0425,1600,68,0.0425,0.0,1.0,0.8058701383890156,0.12947154724303,0.12947154724303,0.005502540757828776,217.1259499999994,0.040548194320052786,2.9693877551020407,1.5,2.911764705882353,0.0
69,template_deposition,C,C,none,0,1.0,template_site:index=219:site=C:neigh=1:ahead0=13.028:mode=shell,z,xy,197,128,69,0,69,6656.730204677707,180.78325721844223,500.0,0.001,10.547605122820443,0.010547605122820443,-1797.4043,-1789.5134,-1797.4043,-7.890869,-7.5445557,0.9984280724225467,0.010547605122820443,0.010547605122820443,4,196,219,28,28,1.3563837561719896,2.46772428,0.0,53.22637349999997,84.38084098256354,0.0,-7.3723364,-118.11785,53.297171096511164,27.171259499999998,26.125911596511166,13.098354596511179,0.025220373882808293,6.541769358687303,47.466210411808625,48.88302287903959,48.90193268859113,3.217528308242925,0.859375,8.883214935064451,8.684206379039608,8.703116188591146,1.0,1,50,2,0.04,0.043125,1600,69,0.043125,0.0,1.0,0.8177211698359129,0.1287422454357167,0.1287422454357167,0.005552009334415282,217.1259499999994,0.0409127280044807,2.964467005076142,1.6,2.898550724637681,0.0
70,template_deposition,C,C,none,0,1.0,template_site:index=202:site=C:neigh=1:ahead0=13.028:mode=shell,z,xy,198,128,70,0,70,6756.971776605595,100.24157192788762,500.0,0.001,10.547605122820443,0.010547605122820443,-1805.3479,-1797.4043,-1805.3479,-7.9436035,-7.474243,0.6921672820917996,0.010547605122820443,0.010547605122820443,5,197,202,27,27,1.4090259002790857,6.169311839618483,0.7123698718896396,53.22637349999997,84.38084098256354,0.0,-7.4664764,-119.626144,53.297171096511164,27.171259499999998,26.125911596511166,13.098354596511179,0.0234066131147403,6.636577610262481,47.62456353337666,48.88356509720653,51.49856634142047,3.2830470167353805,0.859375,9.041568056632485,8.684748597206543,11.299749841420486,1.0,1,50,2,0.04,0.04375,1600,70,0.04375,0.0,1.0,0.8295722012828102,0.12916525795189265,0.12916525795189265,0.005650980035395303,217.1259499999994,0.04164204258695246,2.95959595959596,1.6666666666666667,2.8857142857142857,0.0
71,template_deposition,C,C,none,0,1.0,template_site:index=218:site=C:neigh=1:ahead0=13.028:mode=shell,z,xy,199,128,71,0,71,6955.770878321782,198.79910171618752,500.0,0.001,10.547605122820443,0.010547605122820443,-1813.5369,-1805.3479,-1813.5369,-8.188965,-7.5891113,0.8964927189066211,0.010547605122820443,0.010547605122820443,6,198,218,26,26,1.3965492604475072,3.7015875596184826,0.7123698718896396,53.22637349999997,84.38084098256354,0.0,-7.5635242,-121.18102,53.28874422402572,27.171259499999998,26.117484724025722,13.089927724025735,0.01952566371982016,6.731385861837659,47.7826665121308,48.883900957800094,53.228787475885156,3.339762669693055,0.859375,9.19967103538663,8.685084457800109,13.02997097588517,1.0,1,50,2,0.04,0.044375,1600,71,0.044375,0.0,1.0,0.8414232327297074,0.12957283148431872,0.12957283148431872,0.005749794397116643,217.1259499999994,0.04237020510623744,2.9547738693467336,1.7142857142857142,2.8732394366197185,0.0
72,template_deposition,C,C,none,0,1.0,template_site:index=203:site=C:neigh=2:ahead0=13.028:mode=shell,z,xy,200,128,72,0,72,6956.427062771336,0.6561844495532085,500.0,0.001,10.547605122820443,0.010547605122820443,-1826.185,-1813.5369,-1826.185,-12.648193,-11.592407,1.0,0.010547605122820443,0.010547605122820443,7,199,203,25,25,1.3473669717960146,4.93544856,0.0,53.22637349999997,84.38084098256354,0.0,-7.7134185,-123.58259,53.27793208317613,27.171259499999998,26.106672583176135,13.079115583176147,0.017329987844558387,6.826194113412838,47.86147977025572,48.88412513585821,53.230312867962944,3.415048496864864,0.859375,9.278484293511546,8.685308635858227,13.031496367962959,1.0,1,50,2,0.04,0.045,1600,72,0.045,0.0,1.0,0.8532742641766048,0.12886783740988259,0.12886783740988259,0.0057990526834447165,217.1259499999994,0.04273318916284107,2.96,2.0,2.888888888888889,0.0
73,template_deposition,C,C,none,0,1.0,template_site:index=222:site=C:neigh=1:ahead0=13.028:mode=shell,z,xy,201,128,73,0,73,7025.258995816917,68.83193304558158,500.0,0.001,10.547605122820443,0.010547605122820443,-1831.168,-1826.185,-1831.168,-4.98291,-4.2873535,0.9979688481469198,0.010547605122820443,0.010547605122820443,6,200,222,24,24,1.6534939772989554,2.914247172469686e-07,7.123705130231651,53.22637349999997,84.38084098256354,0.0,-7.772471,-124.52872,53.27793208317613,27.171259499999998,26.106672583176135,13.079115583176147,0.017647468924733695,6.921002364988016,48.01960644627813,48.88448393524393,53.229857273173245,3.458542784757848,0.859375,9.436610969533959,8.685667435243943,13.03104077317326,1.0,1,50,2,0.04,0.045625,1600,73,0.045625,0.0,1.0,0.865125295623502,0.1292686434182734,0.1292686434182734,0.005897881855958725,217.1259499999994,0.04346146082278044,2.955223880597015,2.0,2.8767123287671232,0.0
74,template_deposition,C,C,none,0,1.0,template_site:index=207:site=C:neigh=1:ahead0=13.028:mode=shell,z,xy,202,128,74,0,74,7241.511381912271,216.25238609535353,500.0,0.001,10.547605122820443,0.010547605122820443,-1839.3636,-1831.168,-1839.3636,-8.195679,-7.286621,0.7041083827697597,0.010547605122820443,0.010547605122820443,7,201,207,23,23,1.462201723416821,1.2338612918062335,6.411335258342015,53.22637349999997,84.38084098256354,0.0,-7.8695984,-126.08487,53.27793208317613,27.171259499999998,26.106672583176135,13.079115583176147,0.017189212590512704,7.015810616563194,47.940651542425,48.88412513585821,53.23018659828869,3.38768132410986,0.859375,9.357656065680828,8.685308635858227,13.031370098288704,1.0,1,50,2,0.04,0.04625,1600,74,0.04625,0.0,1.0,0.8769763270703993,0.12645481169838957,0.12645481169838957,0.005848535041050517,217.1259499999994,0.04309782439952873,2.9504950495049505,2.0,2.864864864864865,0.0
75,template_deposition,C,C,none,0,1.0,template_site:index=221:site=C:neigh=1:ahead0=13.028:mode=shell,z,xy,203,128,75,0,75,7367.506169195941,125.99478728367055,500.0,0.001,10.547605122820443,0.010547605122820443,-1846.9984,-1839.3636,-1846.9984,-7.6347656,-7.018799,0.9999930086678088,0.010547605122820443,0.010547605122820443,4,202,221,22,22,1.433690776075773,1.2338627141559733,4.98659337745098,53.22637349999997,84.38084098256354,0.0,-7.960078,-127.53451,53.27793208317613,27.171259499999998,26.106672583176135,13.079115583176147,0.016854637759295008,7.110618868138373,48.25640017852385,48.88448393524393,53.23184060107983,3.557871789767256,0.859375,9.673404701779674,8.685667435243943,13.033024101079846,1.0,1,50,2,0.04,0.046875,1600,75,0.046875,0.0,1.0,0.8888273585172967,0.1289787293570623,0.1289787293570623,0.006045877938612296,217.1259499999994,0.04455204318866401,2.9458128078817736,2.0,2.8533333333333335,0.0
76,template_deposition,C,C,none,0,1.0,template_site:index=204:site=C:neigh=1:ahead0=13.028:mode=shell,z,xy,204,128,76,0,76,7540.401372223346,172.89520302740505,500.0,0.001,10.547605122820443,0.010547605122820443,-1855.3639,-1846.9984,-1855.3639,-8.3654785,-7.661377,0.9999999898321942,0.010547605122820443,0.010547605122820443,6,203,204,21,21,1.3914964687499911,2.4677237145374886,4.274223505561342,53.22637349999997,84.38084098256354,0.0,-8.059217,-129.1229,53.27793208317613,27.171259499999998,26.106672583176135,13.079115583176147,0.016343272809425498,7.205427119713551,48.493390550830554,48.88466300602977,53.23366863366867,3.445604802842518,0.859375,9.91039507408638,8.685846506029783,13.034852133668686,1.0,1,50,2,0.04,0.0475,1600,76,0.0475,0.0,1.0,0.9006783899641939,0.13039993518534712,0.13039993518534712,0.006193996921303988,217.1259499999994,0.04564353120429138,2.9411764705882355,2.0,2.8421052631578947,0.0
77,template_deposition,C,C,none,0,1.0,template_site:index=217:site=C:neigh=1:ahead0=13.028:mode=shell,z,xy,205,128,77,0,77,7545.1660924082,4.764720184854436,500.0,0.001,10.547605122820443,0.010547605122820443,-1863.4202,-1855.3639,-1863.4202,-8.056274,-7.49646,0.9999999083719464,0.010547605122820443,0.010547605122820443,9,204,217,20,20,1.4007186937697598,2.4677251368872275,2.849481624670311,53.22637349999997,84.38084098256354,0.0,-8.154693,-130.65259,53.280011937271276,27.171259499999998,26.108752437271278,13.08119543727129,0.016653336582398134,7.300235371288729,48.65143433459789,48.884734988396865,53.233305859869084,3.4600898074501933,0.859375,10.068438857853714,8.68591848839688,13.034489359869099,1.0,1,50,2,0.04,0.048125,1600,77,0.048125,0.0,1.0,0.9125294214110912,0.1307589462058924,0.1307589462058924,0.006292774286158571,217.1259499999994,0.04637142109385701,2.9365853658536585,2.0,2.831168831168831,0.0
78,template_deposition,C,C,none,0,1.0,template_site:index=200:site=C:neigh=2:ahead0=13.028:mode=shell,z,xy,206,128,78,0,78,7727.200795904802,182.0347034966025,500.0,0.001,10.547605122820443,0.010547605122820443,-1874.5433,-1863.4202,-1874.5433,-11.123169,-9.400391,1.0,0.010547605122820443,0.010547605122820443,10,205,200,19,19,1.392122818432139,3.7015861372687446,2.137111752780671,53.22637349999997,84.38084098256354,0.0,-8.286513,-132.76459,53.28183917143715,27.171259499999998,26.11057967143715,13.083022671437163,0.017921757265989772,7.395043622863908,48.733073261946046,48.88517575776197,53.23295765065056,3.482099058877836,0.875,10.150077785201873,8.686359257761985,13.034141150650576,1.0,1,50,2,0.04,0.04875,1600,78,0.04875,0.0,1.0,0.9243804528579885,0.130129202374383,0.130129202374383,0.006343798615751171,217.1259499999994,0.046747419114122016,2.941747572815534,2.142857142857143,2.8461538461538463,0.0
79,template_deposition,C,C,none,0,1.0,template_site:index=201:site=C:neigh=1:ahead0=13.028:mode=shell,z,xy,207,128,79,0,79,8069.491377664147,342.2905817593442,500.0,0.001,10.547605122820443,0.010547605122820443,-1880.7654,-1874.5433,-1880.7654,-6.222046,-5.482788,0.9990654101753285,0.010547605122820443,0.010547605122820443,9,206,201,18,18,1.511526774670661,4.935449416887227,2.849481624670311,53.22637349999997,84.38084098256354,0.0,-8.360251,-133.946,53.28183917143715,27.171259499999998,26.11057967143715,13.083022671437163,0.017950714636973588,7.489851874439086,48.88842818787793,48.88583111524145,53.23429136588724,3.5170366689998374,0.859375,10.305432711133754,8.687014615241466,13.035474865887252,1.0,1,50,2,0.04,0.049375,1600,79,0.049375,0.0,1.0,0.9362314843048858,0.130448515330807,0.130448515330807,0.006440895444458596,217.1259499999994,0.04746292514153091,2.9371980676328504,2.1333333333333333,2.8354430379746836,0.0
80,template_deposition,C,C,none,0,1.0,template_site:index=199:site=C:neigh=2:ahead0=13.028:mode=shell,z,xy,208,128,80,0,80,8071.551866454658,2.0604887905114917,500.0,0.001,10.547605122820443,0.010547605122820443,-1891.2734,-1880.7654,-1891.2734,-10.508057,-9.408203,1.0,0.010547605122820443,0.010547605122820443,10,207,199,17,17,1.4206620492711657,6.169310417268744,2.137111752780671,53.22637349999997,84.38084098256354,0.0,-8.484782,-135.94121,53.28183917143715,27.171259499999998,26.11057967143715,13.083022671437163,0.01771095450183172,7.584660126014264,48.96576657531134,48.885998825864306,53.23244132636845,3.5323685282647173,0.875,10.382771098567169,8.68718232586432,13.033624826368467,1.0,1,50,2,0.04,0.05,1600,80,0.05,0.0,1.0,0.948082515751783,0.12978463873208962,0.12978463873208962,0.00648923193660448,217.1259499999994,0.047819116501584435,2.9423076923076925,2.25,2.85,0.0
81,template_deposition,C,C,none,0,1.0,template_site:index=195:site=C:neigh=1:ahead0=13.028:mode=shell,z,xy,209,128,81,0,81,8105.884107377664,34.33224092300566,500.0,0.001,10.547605122820443,0.010547605122820443,-1897.6576,-1891.2734,-1897.6576,-6.3841553,-5.930908,0.9148360359780728,0.010547605122820443,0.010547605122820443,9,208,195,16,16,1.4817410871802563,4.935447994537489,4.274223505561342,53.22637349999997,84.38084098256354,0.0,-8.560442,-137.1534,53.28183917143715,27.171259499999998,26.11057967143715,13.083022671437163,0.017363728215761962,7.679468377589443,49.12087983374816,48.88627405732647,53.233495860684364,3.5254445280639115,0.875,10.537884357003989,8.687457557326482,13.034679360684379,1.0,1,50,2,0.04,0.050625,1600,81,0.050625,0.0,1.0,0.9599335471986804,0.13009733774079,0.13009733774079,0.006586177723127493,217.1259499999994,0.04853350949991937,2.937799043062201,2.235294117647059,2.8395061728395063,0.0
82,template_deposition,C,C,none,0,1.0,template_site:index=205:site=C:neigh=2:ahead0=13.028:mode=shell,z,xy,210,128,82,0,82,8200.99686141952,95.11275404185693,500.0,0.001,10.547605122820443,0.010547605122820443,-1906.9965,-1897.6576,-1906.9965,-9.338867,-8.313232,0.9999999716444857,0.010547605122820443,0.010547605122820443,10,209,205,15,15,1.4123417963965121,3.701586994155973,4.98659337745098,53.22637349999997,84.38084098256354,0.0,-8.671117,-138.9266,53.28183917143715,27.171259499999998,26.11057967143715,13.083022671437163,0.017081678282763645,7.774276629164621,49.12078356728017,48.88627405732647,53.23238933690112,3.5253323145565396,0.875,10.537788090535997,8.687457557326482,13.033572836901136,1.0,1,50,2,0.04,0.05125,1600,82,0.05125,0.0,1.0,0.9717845786455777,0.12850961086019508,0.12850961086019508,0.006586117556584998,217.1259499999994,0.04853306613297962,2.942857142857143,2.3333333333333335,2.8536585365853657,0.0
83,template_deposition,C,C,none,0,1.0,template_site:index=198:site=C:neigh=1:ahead0=13.028:mode=shell,z,xy,211,128,83,0,83,8225.538087480685,24.541226061164828,500.0,0.001,10.547605122820443,0.010547605122820443,-1914.0585,-1906.9965,-1914.0585,-7.0620117,-6.7630615,0.9855703553895119,0.010547605122820443,0.010547605122820443,10,210,198,14,14,1.4395389178578049,7.403173696887226,2.849481624670311,53.22637349999997,84.38084098256354,0.0,-8.754808,-140.2675,53.28183917143715,27.171259499999998,26.11057967143715,13.083022671437163,0.016777203745997164,7.869084880739799,49.283212874401016,48.88687148135062,53.23329019237365,3.5429271070285333,0.859375,10.700217397656843,8.688054981350632,13.034473692373666,1.0,1,50,2,0.04,0.051875,1600,83,0.051875,0.0,1.0,0.9836356100924749,0.12891828189948004,0.12891828189948004,0.006687635873535527,217.1259499999994,0.04928115408433157,2.938388625592417,2.3157894736842106,2.8433734939759034,0.0
84,template_deposition,C,C,none,0,1.0,template_site:index=215:site=C:neigh=2:ahead0=13.028:mode=shell,z,xy,212,128,84,0,84,8249.209221244018,23.671133763332893,500.0,0.001,10.547605122820443,0.010547605122820443,-1922.8606,-1914.0585,-1922.8606,-8.802124,-7.8239746,0.9708180067762298,0.010547605122820443,0.010547605122820443,11,211,215,13,13,1.410501010490197,-1.2338624227312553,2.137111752780671,53.22637349999997,84.38084098256354,0.0,-8.859123,-141.93881,53.28205647426804,27.171259499999998,26.11079697426804,13.083239974268054,0.01676706116646386,7.963893132314977,49.361969162651505,48.88687148135062,53.23288857360673,3.5812186465055156,0.859375,10.778973685907332,8.688054981350632,13.034072073606744,1.0,1,50,2,0.04,0.0525,1600,84,0.0525,0.0,1.0,0.9954866415393722,0.1283211153084206,0.1283211153084206,0.006736858553692082,217.1259499999994,0.04964387575924187,2.943396226415094,2.4,2.857142857142857,0.0
85,template_deposition,C,C,none,0,1.0,template_site:index=216:site=C:neigh=2:ahead0=13.028:mode=shell,z,xy,213,128,85,0,85,8391.459204307243,142.24998306322397,500.0,0.001,10.547605122820443,0.010547605122820443,-1932.0273,-1922.8606,-1932.0273,-9.166748,-6.878662,0.9999584350197205,0.010547605122820443,0.010547605122820443,14,212,216,12,12,1.5229284528492546,1.2338618572687443,2.137111752780671,53.22637349999997,84.38084098256354,0.0,-8.967758,-143.67934,53.27564360783041,27.171259499999998,26.104384107830413,13.076827107830425,0.015987435926754976,8.058701383890156,49.2827407581504,48.886994950062636,53.23214923200398,3.821985188363559,0.859375,10.69974528140623,8.68817845006265,13.033332732003991,1.0,1,50,2,0.04,0.053125,1600,85,0.053125,0.0,1.0,1.0073376729862695,0.125879356251838,0.125879356251838,0.0066873408008788935,217.1259499999994,0.04927897969545446,2.948356807511737,2.4761904761904763,2.8705882352941177,0.0
86,template_deposition,C,C,none,0,1.0,template_site:index=214:site=C:neigh=2:ahead0=13.028:mode=shell,z,xy,214,128,86,0,86,8392.899219931049,1.440015623806282,500.0,0.001,10.547605122820443,0.010547605122820443,-1943.5657,-1932.0273,-1943.5657,-11.53833,-10.259766,1.0,0.010547605122820443,0.010547605122820443,15,213,214,11,11,1.4928402246046806,8.568872265080074e-07,2.849481624670311,53.22637349999997,84.38084098256354,0.0,-9.1045,-145.87018,53.27069464035382,27.171259499999998,26.09943514035382,13.071878140353832,0.015113639865537765,8.153509635465335,49.35280447047479,48.88693321570663,53.23232894455914,3.7343542523212037,0.875,10.769808993730614,8.688116715706641,13.033512444559157,1.0,1,50,2,0.04,0.05375,1600,86,0.05375,0.0,1.0,1.019188704433167,0.1252303371364025,0.1252303371364025,0.006731130621081633,217.1259499999994,0.049601666653528255,2.953271028037383,2.5454545454545454,2.883720930232558,0.0
87,template_deposition,C,C,none,0,1.0,template_site:index=220:site=C:neigh=2:ahead0=13.028:mode=shell,z,xy,215,128,87,0,87,8413.33741789011,20.438197959061945,500.0,0.001,10.547605122820443,0.010547605122820443,-1953.8667,-1943.5657,-1953.8667,-10.301025,-9.102661,1.0,0.010547605122820443,0.010547605122820443,13,214,220,10,10,1.4845201259464644,-5.654625110373956e-07,4.274223505561342,53.22637349999997,84.38084098256354,0.0,-9.226578,-147.82608,53.2701744859662,27.171259499999998,26.098914985966204,13.071357985966216,0.014300090031339197,8.248317887040512,49.2750003372383,48.887835152088485,53.232935249370655,3.96165494653644,0.875,10.69200486049413,8.6890186520885,13.03411874937067,1.0,1,50,2,0.04,0.054375,1600,87,0.054375,0.0,1.0,1.031039735880064,0.12289660759188656,0.12289660759188656,0.006682503037808831,217.1259499999994,0.04924333024446944,2.958139534883721,2.608695652173913,2.896551724137931,0.0
88,template_deposition,C,C,none,0,1.0,template_site:index=206:site=C:neigh=1:ahead0=13.028:mode=shell,z,xy,216,128,88,0,88,8441.900935208645,28.563517318534423,500.0,0.001,10.547605122820443,0.010547605122820443,-1964.0648,-1953.8667,-1964.0648,-10.19812,-7.7702637,0.9999999962129509,0.010547605122820443,0.010547605122820443,15,215,206,9,9,1.5428923370443826,2.467724571424717,7.123705130231651,53.22637349999997,84.38084098256354,0.0,-9.347436,-149.76244,53.2701744859662,27.171259499999998,26.098914985966204,13.071357985966216,0.013829739468864762,8.343126138615691,49.429828513717666,48.890520270648665,53.23210906658294,4.027592970193484,0.875,10.846833036973493,8.69170377064868,13.033292566582958,1.0,1,50,2,0.04,0.055,1600,88,0.055,0.0,1.0,1.0428907673269614,0.12325946632924424,0.12325946632924424,0.006779270648108433,217.1259499999994,0.0499564102631377,2.962962962962963,2.6666666666666665,2.909090909090909,0.0
89,template_deposition,C,C,none,0,1.0,template_site:index=192:site=C:neigh=2:ahead0=13.028:mode=shell,z,xy,217,128,89,0,89,8504.330056883882,62.42912167523638,500.0,0.001,10.547605122820443,0.010547605122820443,-1975.3497,-1964.0648,-1975.3497,-11.284912,-10.17688,1.0,0.010547605122820443,0.010547605122820443,15,216,192,8,8,1.484143708586758,3.701585571806233,6.411335258342015,53.22637349999997,84.38084098256354,0.0,-9.4811735,-151.90515,53.2701744859662,27.171259499999998,26.098914985966204,13.071357985966216,0.013041250298226961,8.43793439019087,49.35194549492773,48.888709740101824,53.23006711133934,3.995058346148303,0.875,10.76895001818356,8.689893240101839,13.031250611339352,1.0,1,50,2,0.04,0.055625,1600,89,0.055625,0.0,1.0,1.0547417987738588,0.12099943840655686,0.12099943840655686,0.006730593761364725,217.1259499999994,0.04959771053705736,2.967741935483871,2.72,2.9213483146067416,0.0
90,template_deposition,C,C,none,0,1.0,template_site:index=193:site=C:neigh=2:ahead0=13.028:mode=shell,z,xy,218,128,90,0,90,8840.059741423951,335.7296845400692,500.0,0.001,10.547605122820443,0.010547605122820443,-1986.8966,-1975.3497,-1986.8966,-11.546875,-11.224121,1.0,0.010547605122820443,0.010547605122820443,14,217,193,7,7,1.435413105936961,4.935448851424716,7.123705130231651,53.22637349999997,84.38084098256354,0.0,-9.618016,-154.09761,53.26546815946804,27.171259499999998,26.094208659468045,13.066651659468057,0.01157111848205404,8.532742641766047,49.67596558854878,48.89371437917721,53.231369787085306,4.065885150092774,0.859375,11.092970111804604,8.694897879177226,13.032553287085321,1.0,1,50,2,0.04,0.05625,1600,90,0.05625,0.0,1.0,1.066592830220756,0.1232552234644956,0.1232552234644956,0.006933106319877877,217.1259499999994,0.05109002453094453,2.9724770642201834,2.769230769230769,2.933333333333333,0.0
91,template_deposition,C,C,none,0,1.0,template_site:index=194:site=C:neigh=1:ahead0=13.028:mode=shell,z,xy,219,128,91,0,91,8960.944479375255,120.88473795130501,500.0,0.001,10.547605122820443,0.010547605122820443,-1994.3589,-1986.8966,-1994.3589,-7.4622803,-7.276001,0.48706925550509955,0.010547605122820443,0.010547605122820443,14,218,194,6,6,1.4234386761946185,6.169311274155971,4.98659337745098,53.22637349999997,84.38084098256354,0.0,-9.706451,-155.5145,53.261333434230345,27.171259499999998,26.090073934230347,13.06251693423036,0.010690823549579637,8.627550893341226,49.675913356613215,48.90034897804135,53.23268102038135,4.2311752842043076,0.859375,11.092917879869042,8.701532478041365,13.033864520381364,1.0,1,50,2,0.04,0.056875,1600,91,0.056875,0.0,1.0,1.0784438616676533,0.12190019648207738,0.12190019648207738,0.0069330736749181505,217.1259499999994,0.05108978397040553,2.9680365296803655,2.740740740740741,2.923076923076923,0.0
92,template_deposition,C,C,none,0,1.0,template_site:index=211:site=C:neigh=2:ahead0=13.028:mode=shell,z,xy,220,128,92,0,92,8995.778486941783,34.834007566527724,500.0,0.001,10.547605122820443,0.010547605122820443,-2006.3499,-1994.3589,-2006.3499,-11.990967,-11.719238,0.9365218759306683,0.010547605122820443,0.010547605122820443,15,219,211,5,5,1.4222672227388145,-2.4677248454625107,4.274223505561342,53.22637349999997,84.38084098256354,0.0,-9.8485565,-157.79128,53.261333434230345,27.171259499999998,26.090073934230347,13.06251693423036,0.01051228425788817,8.722359144916403,49.675786180492004,48.90034897804135,53.23202528968692,4.23112596917456,0.859375,11.09279070374783,8.701532478041365,13.033208789686938,1.0,1,50,2,0.04,0.0575,1600,92,0.0575,0.0,1.0,1.0902948931145504,0.12057381199725903,0.12057381199725903,0.006932994189842394,217.1259499999994,0.051089198245294315,2.9727272727272727,2.7857142857142856,2.9347826086956523,0.0
93,template_deposition,C,C,none,0,1.0,template_site:index=208:site=C:neigh=2:ahead0=13.028:mode=shell,z,xy,221,128,93,0,93,9072.069498829027,76.29101188724403,500.0,0.001,10.547605122820443,0.010547605122820443,-2017.333,-2006.3499,-2017.333,-10.983154,-10.515015,0.5254761267895042,0.010547605122820443,0.010547605122820443,16,220,208,4,4,1.4214681263723117,-3.7015872681937667,6.411335258342015,53.22637349999997,84.38084098256354,0.0,-9.978719,-159.87671,53.257099044001045,27.171259499999998,26.085839544001047,13.05828254400106,0.009397969893193416,8.817167396491582,49.91241927098791,53.21975468543602,53.23206859353945,4.3010011762840605,0.859375,11.329423794243738,13.020938185436037,13.033252093539467,1.0,2,50,3,0.06,0.058125,1600,93,0.058125,0.0,1.0,1.1021459245614478,0.12182176122842729,0.12182176122842729,0.007080889871402336,217.1259499999994,0.05217904075603939,2.97737556561086,2.8275862068965516,2.946236559139785,0.0
94,template_deposition,C,C,none,0,1.0,template_site:index=209:site=C:neigh=2:ahead0=13.028:mode=shell,z,xy,222,128,94,0,94,9073.210427161837,1.1409283328105566,500.0,0.001,10.547605122820443,0.010547605122820443,-2029.1095,-2017.333,-2029.1095,-11.776489,-11.4852295,0.9667996118996549,0.010547605122820443,0.010547605122820443,17,221,209,3,3,1.4094241478390217,-2.467723988575284,7.123705130231651,53.22637349999997,84.38084098256354,0.0,-10.118282,-162.11276,53.25195577103565,27.171259499999998,26.08069627103565,13.053139271035661,0.008142674877343879,8.911975648066761,49.9913111342724,53.22072171539113,53.23252163449405,4.321156128495275,0.859375,11.408315657528227,13.021905215391143,13.033705134494063,1.0,2,50,3,0.06,0.05875,1600,94,0.05875,0.0,1.0,1.1139969560083451,0.1213650601864705,0.1213650601864705,0.007130197285955142,217.1259499999994,0.052542386838276396,2.981981981981982,2.8666666666666667,2.9574468085106385,0.0
95,template_deposition,C,C,none,0,1.0,template_site:index=223:site=C:neigh=2:ahead0=13.028:mode=shell,z,xy,223,128,95,0,95,9168.858300391033,95.64787322919634,500.0,0.001,10.547605122820443,0.010547605122820443,-2040.7007,-2029.1095,-2040.7007,-11.591187,-11.338257,0.8897333068432046,0.010547605122820443,0.010547605122820443,18,222,223,2,2,1.40451635810872,-1.2338629881937666,6.411335258342015,53.22637349999997,84.38084098256354,0.0,-10.25565,-164.31363,53.250001377004374,27.171259499999998,26.078741877004376,13.051184877004388,0.007440445038250756,9.006783899641938,50.149288943990896,53.22121738762371,53.232593909861016,4.277437950087775,0.859375,11.566293467246723,13.022400887623725,13.033777409861031,1.0,2,50,3,0.06,0.059375,1600,95,0.059375,0.0,1.0,1.1258479874552423,0.12175045754996551,0.12175045754996551,0.007228933417029202,217.1259499999994,0.05326997287632711,2.986547085201794,2.903225806451613,2.968421052631579,0.0
96,template_deposition,C,C,none,0,1.0,template_site:index=210:site=C:neigh=3:ahead0=13.028:mode=shell,z,xy,224,128,96,0,96,9309.50488815855,140.64658776751548,500.0,0.001,10.547605122820443,0.010547605122820443,-2056.3538,-2040.7007,-2056.3538,-15.653076,-15.355469,1.0,0.010547605122820443,0.010547605122820443,19,223,210,1,1,1.3458763033556755,-1.2338615658440286,4.98659337745098,53.22637349999997,84.38084098256354,0.0,-10.4411545,-167.28574,53.250001377004374,27.171259499999998,26.078741877004376,13.051184877004388,0.0069904140004704,9.101592151217117,50.54426805126428,53.22325007727098,53.233322925093724,3.839617175429679,0.859375,11.961272574520109,13.024433577270997,13.034506425093738,1.0,2,50,3,0.06,0.06,1600,96,0.06,0.0,1.0,1.1376990189021396,0.1245965893179178,0.1245965893179178,0.007475795359075068,217.1259499999994,0.05508909724756595,3.0,3.0,3.0,0.0
97,template_deposition,C,C,none,0,1.0,template_site:index=241:site=C:neigh=0:ahead0=17.370:mode=shell,z,xy,225,128,97,0,97,9460.042069566844,150.53718140829378,500.0,0.001,10.547605122820443,0.010547605122820443,-2058.3513,-2056.3538,-2058.3513,-1.9975586,-1.9853516,0.0345992489570119,0.010547605122820443,0.010547605122820443,1,224,241,32,32,4.341159486888649,1.2338612918062335,6.411335258342015,57.568892499999976,84.38084098256354,0.0,-10.464828,-167.66502,57.6189154474869,27.171259499999998,30.4476559474869,17.420098947486913,0.0,9.196400402792296,50.86099712303677,53.22428290461147,53.234497354843306,3.688683231855613,0.859375,12.278001646292594,13.025466404611485,13.03568085484332,1.0,2,50,3,0.06,0.060625,1600,97,0.060625,0.0,1.0,1.149550050349037,0.12657733655971748,0.12657733655971748,0.007673751028932871,217.1259499999994,0.05654783155257411,2.986666666666667,0.0,2.9690721649484537,0.0
98,template_deposition,C,C,none,0,1.0,template_site:index=227:site=C:neigh=1:ahead0=17.370:mode=shell,z,xy,226,128,98,0,98,9469.998640320026,9.9565707531818,500.0,0.001,10.547605122820443,0.010547605122820443,-2066.9094,-2058.3513,-2066.9094,-8.558105,-8.3220215,0.32768338997358465,0.010547605122820443,0.010547605122820443,2,225,227,31,31,1.4258624840334564,-1.9878122485827987e-06,5.698965386452375,57.568892499999976,84.38084098256354,0.0,-10.56625,-169.29,57.62302809407873,27.171259499999998,30.45176859407873,17.42421159407874,0.022616558015343458,9.291208654367473,50.78209951060819,53.22428290461147,53.236366150627376,4.039316557673716,0.859375,12.199104033864018,13.025466404611485,13.03754965062739,1.0,2,50,3,0.06,0.06125,1600,98,0.06125,0.0,1.0,1.1614010817959342,0.1244806534067757,0.1244806534067757,0.007624440021165011,217.1259499999994,0.056184458991953984,2.982300884955752,1.0,2.9591836734693877,0.0
99,template_deposition,C,C,none,0,1.0,template_site:index=240:site=C:neigh=1:ahead0=17.370:mode=shell,z,xy,227,128,99,0,99,9539.689038976301,69.6903986562762,500.0,0.001,10.547605122820443,0.010547605122820443,-2074.9592,-2066.9094,-2074.9592,-8.049805,-7.442871,0.21394601252802975,0.010547605122820443,0.010547605122820443,3,226,240,30,30,1.4533684171628516,1.233859869456495,7.836077139233043,57.568892499999976,84.38084098256354,0.0,-10.661649,-170.81845,57.60719955164787,27.171259499999998,30.43594005164787,17.40838305164788,0.007984400473900798,9.386016905942652,50.94042398569951,53.224347849311336,53.24145789400804,4.13136269274752,0.859375,12.357428508955337,13.02553134931135,13.042641394008058,1.0,2,50,3,0.06,0.061875,1600,99,0.061875,0.0,1.0,1.1732521132428315,0.12482251019146805,0.12482251019146805,0.007723392818097086,217.1259499999994,0.056913641639589244,2.9779735682819384,1.3333333333333333,2.9494949494949494,0.0
100,template_deposition,C,C,none,0,1.0,template_site:index=226:site=C:neigh=1:ahead0=17.370:mode=shell,z,xy,228,128,100,0,100,9560.88711824003,21.198079263728783,500.0,0.001,10.547605122820443,0.010547605122820443,-2083.1704,-2074.9592,-2083.1704,-8.211182,-7.6384277,0.24565509798842874,0.010547605122820443,0.010547605122820443,4,227,226,29,29,1.3723068851084137,-5.654625110373956e-07,4.274223505561342,57.568892499999976,84.38084098256354,0.0,-10.75896,-172.37755,57.603413038730494,27.171259499999998,30.432153538730496,17.40459653873051,0.009977727404951486,9.480825157517831,51.01957636789575,53.224347849311336,53.24512180124466,4.2152504951975684,0.859375,12.436580891151578,13.02553134931135,13.046305301244672,1.0,2,50,3,0.06,0.0625,1600,100,0.0625,0.0,1.0,1.1851031446897289,0.12436580891151579,0.12436580891151579,0.007772863056969737,217.1259499999994,0.05727818757339513,2.973684210526316,1.5,2.94,0.0
101,template_deposition,C,C,none,0,1.0,template_site:index=250:site=C:neigh=1:ahead0=17.370:mode=shell,z,xy,229,128,101,0,101,9600.197320300069,39.31020206003889,500.0,0.001,10.547605122820443,0.010547605122820443,-2091.0833,-2083.1704,-2091.0833,-7.912842,-7.5891113,0.9993042486189172,0.010547605122820443,0.010547605122820443,4,228,250,28,28,1.3497304438704545,7.40317284,0.0,57.568892499999976,84.38084098256354,0.0,-10.852735,-173.87997,57.60256903915542,27.171259499999998,30.43130953915542,17.403752539155434,0.010581121632410656,9.575633409093008,51.09871613777053,53.224785973174484,53.24829558107324,4.295907592719351,0.859375,12.515720661026357,13.025969473174499,13.049479081073258,1.0,2,50,3,0.06,0.063125,1600,101,0.063125,0.0,1.0,1.196954176136626,0.12391802634679562,0.12391802634679562,0.007822325413141474,217.1259499999994,0.05764267541961885,2.96943231441048,1.6,2.9306930693069306,0.0
102,template_deposition,C,C,none,0,1.0,template_site:index=232:site=C:neigh=1:ahead0=17.370:mode=shell,z,xy,230,128,102,0,102,9623.474006405437,23.27668610536724,500.0,0.001,10.547605122820443,0.010547605122820443,-2099.0212,-2091.0833,-2099.0212,-7.9379883,-7.4763184,0.6824256327650814,0.010547605122820443,0.010547605122820443,5,229,232,27,27,1.4079083275409516,-1.2338638450809936,3.561853633671703,57.568892499999976,84.38084098256354,0.0,-10.946808,-175.3872,57.60289876507,27.171259499999998,30.431639265070004,17.404082265070016,0.009988103581268698,9.670441660668187,51.25671742584412,53.22498004571182,55.845046509004554,4.3710300090518075,0.859375,12.67372194909995,13.026163545711832,15.646230009004569,1.0,2,50,3,0.06,0.06375,1600,102,0.06375,0.0,1.0,1.2088052075835234,0.12425217597156812,0.12425217597156812,0.007921076218187469,217.1259499999994,0.05837036959009269,2.965217391304348,1.6666666666666667,2.9215686274509802,0.0
103,template_deposition,C,C,none,0,1.0,template_site:index=251:site=C:neigh=1:ahead0=17.370:mode=shell,z,xy,231,128,103,0,103,9693.449705809022,69.97569940358522,500.0,0.001,10.547605122820443,0.010547605122820443,-2107.2039,-2099.0212,-2107.2039,-8.182617,-7.5927734,0.9026343024669528,0.010547605122820443,0.010547605122820443,6,230,251,26,26,1.395339086503313,7.403171417650262,1.4247418808910315,57.568892499999976,84.38084098256354,0.0,-11.04378,-176.94087,57.602760409186175,27.171259499999998,30.431500909186177,17.40394390918619,0.009411960121381908,9.765249912243366,51.41493332148271,53.22506001665023,57.57652453042122,4.439144034970343,0.859375,12.831937844738533,13.026243516650247,17.377708030421232,1.0,2,50,3,0.06,0.064375,1600,103,0.064375,0.0,1.0,1.2206562390304208,0.12458192082270421,0.12458192082270421,0.008019961152961583,217.1259499999994,0.05909905216183772,2.961038961038961,1.7142857142857142,2.912621359223301,0.0
104,template_deposition,C,C,none,0,1.0,template_site:index=233:site=C:neigh=2:ahead0=17.370:mode=shell,z,xy,232,128,104,0,104,9715.901942232387,22.452236423366116,500.0,0.001,10.547605122820443,0.010547605122820443,-2119.8555,-2107.2039,-2119.8555,-12.651611,-11.592285,1.0,0.010547605122820443,0.010547605122820443,7,231,233,25,25,1.3471601314160078,-1.2338624227312553,2.137111752780671,57.568892499999976,84.38084098256354,0.0,-11.193715,-179.3431,57.602760409186175,27.171259499999998,30.431500909186177,17.40394390918619,0.011025598374834059,9.860058163818543,51.49392296562825,53.22545631624385,57.57531668677661,4.508725154889295,0.859375,12.910927488884077,13.026639816243865,17.376500186776624,1.0,2,50,3,0.06,0.065,1600,104,0.065,0.0,1.0,1.232507270477318,0.12414353354696228,0.12414353354696228,0.008069329680552548,217.1259499999994,0.05946284858573613,2.9655172413793105,2.0,2.923076923076923,0.0
105,template_deposition,C,C,none,0,1.0,template_site:index=235:site=C:neigh=1:ahead0=17.370:mode=shell,z,xy,233,128,105,0,105,9736.960240977805,21.0582987454181,500.0,0.001,10.547605122820443,0.010547605122820443,-2124.8352,-2119.8555,-2124.8352,-4.9797363,-4.281494,0.9976634780266603,0.010547605122820443,0.010547605122820443,6,232,235,24,24,1.6539594745818977,-1.4223497377674477e-06,1.4247418808910315,57.568892499999976,84.38084098256354,0.0,-11.25273,-180.28862,57.602760409186175,27.171259499999998,30.431500909186177,17.40394390918619,0.011304745266984719,9.954866415393722,51.57297984081652,53.22545631624385,57.57833246660905,4.576046240048074,0.859375,12.989984364072349,13.026639816243865,17.379515966609063,1.0,2,50,3,0.06,0.065625,1600,105,0.065625,0.0,1.0,1.2443583019242153,0.12371413680068903,0.12371413680068903,0.008118740227545218,217.1259499999994,0.05982695465038788,2.96137339055794,2.0,2.914285714285714,0.0
106,template_deposition,C,C,none,0,1.0,template_site:index=230:site=C:neigh=1:ahead0=17.370:mode=shell,z,xy,234,128,106,0,106,9824.823692525299,87.86345154749318,500.0,0.001,10.547605122820443,0.010547605122820443,-2133.0312,-2124.8352,-2133.0312,-8.196045,-7.286865,0.7017419214258248,0.010547605122820443,0.010547605122820443,7,233,230,23,23,1.4622582862603666,1.2338618572687443,2.137111752780671,57.568892499999976,84.38084098256354,0.0,-11.349862,-181.84485,57.602760409186175,27.171259499999998,30.431500909186177,17.40394390918619,0.01138997650329632,10.049674666968901,51.8094719051303,53.2258167584557,57.57677254029773,4.618162116716892,0.859375,13.226476428386128,13.027000258455715,17.377956040297747,1.0,2,50,3,0.06,0.06625,1600,106,0.06625,0.0,1.0,1.2562093333711126,0.12477807951307668,0.12477807951307668,0.00826654776774133,217.1259499999994,0.06091614764787979,2.9572649572649574,2.0,2.9056603773584904,0.0
107,template_deposition,C,C,none,0,1.0,template_site:index=228:site=C:neigh=1:ahead0=17.370:mode=shell,z,xy,235,128,107,0,107,9830.006913024205,5.183220498905471,500.0,0.001,10.547605122820443,0.010547605122820443,-2140.667,-2133.0312,-2140.667,-7.635742,-7.018799,0.9999928888121701,0.010547605122820443,0.010547605122820443,4,234,228,22,22,1.4337699186753974,2.467722857650262,1.4247418808910315,57.568892499999976,84.38084098256354,0.0,-11.440353,-183.29468,57.602760409186175,27.171259499999998,30.431500909186177,17.40394390918619,0.011446702482863311,10.144482918544078,51.888329784026226,53.2258167584557,57.57920574061538,4.6785065640348975,0.859375,13.305334307282052,13.027000258455715,17.380389240615393,1.0,2,50,3,0.06,0.066875,1600,107,0.066875,0.0,1.0,1.2680603648180098,0.12434891875964535,0.12434891875964535,0.008315833942051282,217.1259499999994,0.061279337210877326,2.953191489361702,2.0,2.897196261682243,0.0
108,template_deposition,C,C,none,0,1.0,template_site:index=246:site=C:neigh=1:ahead0=17.370:mode=shell,z,xy,236,128,108,0,108,9998.001001946199,167.9940889219945,500.0,0.001,10.547605122820443,0.010547605122820443,-2149.0325,-2140.667,-2149.0325,-8.3654785,-7.6621094,0.9999999901162234,0.010547605122820443,0.010547605122820443,6,235,246,21,21,1.3913482169887754,3.7015861372687446,2.137111752780671,57.568892499999976,84.38084098256354,0.0,-11.539493,-184.88306,57.602760409186175,27.171259499999998,30.431500909186177,17.40394390918619,0.011080809287985344,10.239291170119257,51.98987322855716,53.226155965771994,57.57740425308853,4.697304296143368,0.875,13.406877751812985,13.027339465772009,17.378587753088546,1.0,2,50,3,0.06,0.0675,1600,108,0.0675,0.0,1.0,1.2799113962649071,0.12413775696123135,0.12413775696123135,0.008379298594883115,217.1259499999994,0.06174700790860338,2.9491525423728815,2.0,2.888888888888889,0.0
109,template_deposition,C,C,none,0,1.0,template_site:index=244:site=C:neigh=1:ahead0=17.370:mode=shell,z,xy,237,128,109,0,109,10177.139100318347,179.13809837214905,500.0,0.001,10.547605122820443,0.010547605122820443,-2157.0881,-2149.0325,-2157.0881,-8.055664,-7.4958496,0.9999999094043746,0.010547605122820443,0.010547605122820443,9,236,244,20,20,1.4006991886018723,4.935447137650263,1.4247418808910315,57.568892499999976,84.38084098256354,0.0,-11.634961,-186.41263,57.60415362900352,27.171259499999998,30.43289412900352,17.405337129003534,0.011455189545065296,10.334099421694436,51.9127506989959,53.226155965771994,57.57741077401523,4.712395023510387,0.875,13.329755222251727,13.027339465772009,17.378594274015242,1.0,2,50,3,0.06,0.068125,1600,109,0.068125,0.0,1.0,1.2917624277118045,0.12229133231423603,0.12229133231423603,0.00833109701390733,217.1259499999994,0.06139181070826294,2.9451476793248945,2.0,2.8807339449541285,0.0
110,template_deposition,C,C,none,0,1.0,template_site:index=249:site=C:neigh=2:ahead0=17.370:mode=shell,z,xy,238,128,110,0,110,10197.527512791445,20.38841247309798,500.0,0.001,10.547605122820443,0.010547605122820443,-2168.213,-2157.0881,-2168.213,-11.124756,-9.402832,1.0,0.010547605122820443,0.010547605122820443,10,237,249,19,19,1.3919670619915396,6.169310417268744,2.137111752780671,57.568892499999976,84.38084098256354,0.0,-11.766801,-188.52493,57.60415362900352,27.171259499999998,30.43289412900352,17.405337129003534,0.012219484974854769,10.428907673269613,52.01193325648885,53.22649517308828,57.5773972789589,4.729477643373235,0.890625,13.428937779744679,13.027678673088296,17.378580778958913,1.0,2,50,3,0.06,0.06875,1600,110,0.06875,0.0,1.0,1.3036134591587016,0.12208125254313344,0.12208125254313344,0.008393086112340424,217.1259499999994,0.06184860805327377,2.9495798319327733,2.142857142857143,2.890909090909091,0.0
111,template_deposition,C,C,none,0,1.0,template_site:index=248:site=C:neigh=1:ahead0=17.370:mode=shell,z,xy,239,128,111,0,111,10215.592531474931,18.065018683486564,500.0,0.001,10.547605122820443,0.010547605122820443,-2174.4336,-2168.213,-2174.4336,-6.220703,-5.482422,0.9990985191859673,0.010547605122820443,0.010547605122820443,9,238,248,18,18,1.5117879307694106,6.169308994919007,3.561853633671703,57.568892499999976,84.38084098256354,0.0,-11.840523,-189.7061,57.60415362900352,27.171259499999998,30.43289412900352,17.405337129003534,0.01234109722801665,10.523715924844792,52.30031281516608,53.22781435032737,57.577645378548965,4.838388352067289,0.875,13.717317338421907,13.028997850327386,17.37882887854898,1.0,2,50,3,0.06,0.069375,1600,111,0.069375,0.0,1.0,1.315464490605599,0.12357943548127844,0.12357943548127844,0.008573323336513693,217.1259499999994,0.06317677522388247,2.9456066945606696,2.1333333333333333,2.8828828828828827,0.0
112,template_deposition,C,C,none,0,1.0,template_site:index=237:site=C:neigh=2:ahead0=17.370:mode=shell,z,xy,240,128,112,0,112,10255.38004519377,39.7875137188391,500.0,0.001,10.547605122820443,0.010547605122820443,-2184.943,-2174.4336,-2184.943,-10.5095215,-9.406738,1.0,0.010547605122820443,0.010547605122820443,10,239,237,17,17,1.420775167321466,-2.4677248454625107,4.274223505561342,57.568892499999976,84.38084098256354,0.0,-11.965071,-191.70157,57.60415362900352,27.171259499999998,30.43289412900352,17.405337129003534,0.012402661573767087,10.618524176419971,52.24062964331389,53.22779639300365,57.57702842132191,4.816816698830089,0.890625,13.657634166569714,13.028979893003665,17.378211921321927,1.0,2,50,3,0.06,0.07,1600,112,0.07,0.0,1.0,1.3273155220524964,0.12194316220151531,0.12194316220151531,0.008536021354106072,217.1259499999994,0.06290189710888888,2.95,2.25,2.892857142857143,0.0
113,template_deposition,C,C,none,0,1.0,template_site:index=253:site=C:neigh=1:ahead0=17.370:mode=shell,z,xy,241,128,113,0,113,10312.29118758052,56.911142386750484,500.0,0.001,10.547605122820443,0.010547605122820443,-2191.3271,-2184.943,-2191.3271,-6.384033,-5.9311523,0.9157148232538884,0.010547605122820443,0.010547605122820443,9,240,253,16,16,1.481790673739848,4.935447994537489,4.274223505561342,57.568892499999976,84.38084098256354,0.0,-12.040729,-192.91374,57.60415362900352,27.171259499999998,30.43289412900352,17.405337129003534,0.0122938905473595,10.713332427995148,52.240677913465255,53.22779639300365,57.578251349307706,4.816870230648066,0.890625,13.657682436721082,13.028979893003665,17.37943484930772,1.0,2,50,3,0.06,0.070625,1600,113,0.070625,0.0,1.0,1.3391665534993935,0.12086444634266444,0.12086444634266444,0.008536051522950677,217.1259499999994,0.06290211942294839,2.9460580912863072,2.235294117647059,2.8849557522123894,0.0
114,template_deposition,C,C,none,0,1.0,template_site:index=247:site=C:neigh=2:ahead0=17.370:mode=shell,z,xy,242,128,114,0,114,10715.367906284759,403.0767187042376,500.0,0.001,10.547605122820443,0.010547605122820443,-2200.6643,-2191.3271,-2200.6643,-9.337158,-8.311768,0.9999999714834006,0.010547605122820443,0.010547605122820443,10,241,247,15,15,1.412382180474597,3.701584714919006,3.561853633671703,57.568892499999976,84.38084098256354,0.0,-12.151383,-194.68663,57.60415362900352,27.171259499999998,30.43289412900352,17.405337129003534,0.012218154113557755,10.808140679570327,52.39281740761266,53.22783230765109,57.577376753830954,4.845371586217315,0.890625,13.809821930868488,13.029015807651106,17.37856025383097,1.0,2,50,3,0.06,0.07125,1600,114,0.07125,0.0,1.0,1.3510175849462909,0.12113878886726744,0.12113878886726744,0.008631138706792805,217.1259499999994,0.06360281638776262,2.950413223140496,2.3333333333333335,2.8947368421052633,0.0
115,template_deposition,C,C,none,0,1.0,template_site:index=236:site=C:neigh=1:ahead0=17.370:mode=shell,z,xy,243,128,115,0,115,10756.257145553822,40.88923926906272,500.0,0.001,10.547605122820443,0.010547605122820443,-2207.727,-2200.6643,-2207.727,-7.062744,-6.7626953,0.9833651180294904,0.010547605122820443,0.010547605122820443,10,242,236,14,14,1.439815900117572,-2.467726267812249,5.698965386452375,57.568892499999976,84.38084098256354,0.0,-12.235085,-196.02766,57.60574795749755,27.171259499999998,30.43448845749755,17.406931457497564,0.012293457087109305,10.902948931145506,52.53313093361176,53.22829706197402,57.57941667281098,4.9116590839578365,0.875,13.950135456867585,13.029480561974033,17.380600172810993,1.0,2,50,3,0.06,0.071875,1600,115,0.071875,0.0,1.0,1.3628686163931882,0.12130552571189204,0.12130552571189204,0.00871883466054224,217.1259499999994,0.06424904741633887,2.9465020576131686,2.3157894736842106,2.8869565217391306,0.0
116,template_deposition,C,C,none,0,1.0,template_site:index=225:site=C:neigh=2:ahead0=17.370:mode=shell,z,xy,244,128,116,0,116,10762.768635916513,6.511490362691455,500.0,0.001,10.547605122820443,0.010547605122820443,-2216.5273,-2207.727,-2216.5273,-8.800293,-7.8237305,0.9705762498170017,0.010547605122820443,0.010547605122820443,11,243,225,13,13,1.4105559987018061,-1.2338629881937666,6.411335258342015,57.568892499999976,84.38084098256354,0.0,-12.339376,-197.69861,57.608187460859206,27.171259499999998,30.436927960859208,17.40937096085922,0.012309298666777263,10.997757182720683,52.76576541929369,53.22858030024301,57.57828633219123,4.835373973998507,0.875,14.18276994254952,13.029763800243025,17.379469832191248,1.0,2,50,3,0.06,0.0725,1600,116,0.0725,0.0,1.0,1.3747196478400854,0.12226525812542689,0.12226525812542689,0.00886423121409345,217.1259499999994,0.06532047386574272,2.9508196721311477,2.4,2.896551724137931,0.0
117,template_deposition,C,C,none,0,1.0,template_site:index=245:site=C:neigh=2:ahead0=17.370:mode=shell,z,xy,245,128,117,0,117,10775.782083451822,13.01344753530974,500.0,0.001,10.547605122820443,0.010547605122820443,-2225.6987,-2216.5273,-2225.6987,-9.171387,-6.8830566,0.9999606480068122,0.010547605122820443,0.010547605122820443,14,244,245,12,12,1.522925956789437,4.93544856,0.0,57.568892499999976,84.38084098256354,0.0,-12.448068,-199.44003,57.61366500582147,27.171259499999998,30.44240550582147,17.41484850582148,0.012372149095677099,11.092565434295862,53.23098979365776,53.228852650591435,57.5787058626785,4.571400967174363,0.875,14.64799431691359,13.03003615059145,17.37988936267851,1.0,2,50,3,0.06,0.073125,1600,117,0.073125,0.0,1.0,1.3865706792869827,0.12519653262319308,0.12519653262319308,0.009154996448070994,217.1259499999994,0.06746312136763769,2.9551020408163264,2.4761904761904763,2.905982905982906,0.0
118,template_deposition,C,C,none,0,1.0,template_site:index=224:site=C:neigh=2:ahead0=17.370:mode=shell,z,xy,246,128,118,0,118,10923.274950000608,147.49286654878642,500.0,0.001,10.547605122820443,0.010547605122820443,-2237.235,-2225.6987,-2237.235,-11.536377,-10.259033,1.0,0.010547605122820443,0.010547605122820443,15,245,224,11,11,1.492792534842031,-1.2338644105435042,7.836077139233043,57.568892499999976,84.38084098256354,0.0,-12.584785,-201.6305,57.61375785734494,27.171259499999998,30.442498357344945,17.414941357344958,0.012030993219500147,11.18737368587104,53.07513970073945,53.228819508760736,57.5791642539463,4.64217225044289,0.875,14.492144223995275,13.030003008760751,17.380347753946317,1.0,2,50,3,0.06,0.07375,1600,118,0.07375,0.0,1.0,1.39842171073388,0.122814781559282,0.122814781559282,0.009057590139997048,217.1259499999994,0.0667453347883812,2.959349593495935,2.5454545454545454,2.9152542372881354,0.0
119,template_deposition,C,C,none,0,1.0,template_site:index=229:site=C:neigh=2:ahead0=17.370:mode=shell,z,xy,247,128,119,0,119,11039.6707076687,116.39575766809159,500.0,0.001,10.547605122820443,0.010547605122820443,-2247.5361,-2237.235,-2247.5361,-10.301025,-9.1032715,1.0,0.010547605122820443,0.010547605122820443,13,246,229,10,10,1.4844881157592924,2.46772428,0.0,57.568892499999976,84.38084098256354,0.0,-12.706863,-203.5864,57.61375785734494,27.171259499999998,30.442498357344945,17.414941357344958,0.011649373228130004,11.282181937446218,53.384996320432414,53.228852650591435,57.578641294133384,4.7137970448432815,0.875,14.80200084368824,13.03003615059145,17.3798247941334,1.0,2,50,3,0.06,0.074375,1600,119,0.074375,0.0,1.0,1.4102727421807773,0.12438656171166589,0.12438656171166589,0.00925125052730515,217.1259499999994,0.06817241717854675,2.9635627530364372,2.608695652173913,2.9243697478991595,0.0
120,template_deposition,C,C,none,0,1.0,template_site:index=231:site=C:neigh=1:ahead0=17.370:mode=shell,z,xy,248,128,120,0,120,11090.268899444442,50.598191775741704,500.0,0.001,10.547605122820443,0.010547605122820443,-2257.7358,-2247.5361,-2257.7358,-10.199707,-7.772461,0.9999999964827198,0.010547605122820443,0.010547605122820443,15,247,231,9,9,1.5420719488565,1.2338604349190074,3.561853633671703,57.568892499999976,84.38084098256354,0.0,-12.82774,-205.52306,57.60939606652266,27.171259499999998,30.438136566522665,17.410579566522678,0.010630257378032347,11.376990189021397,53.38190356374094,53.228867793853645,57.57495307086255,4.741747276073749,0.890625,14.798908086996768,13.03005129385366,17.376136570862563,1.0,2,50,3,0.06,0.075,1600,120,0.075,0.0,1.0,1.4221237736276746,0.1233242340583064,0.1233242340583064,0.00924931755437298,217.1259499999994,0.06815817311102984,2.967741935483871,2.6666666666666665,2.933333333333333,0.0
121,template_deposition,C,C,none,0,1.0,template_site:index=242:site=C:neigh=2:ahead0=17.370:mode=shell,z,xy,249,128,121,0,121,11172.73827429669,82.46937485224734,500.0,0.001,10.547605122820443,0.010547605122820443,-2269.0205,-2257.7358,-2269.0205,-11.284668,-10.178711,1.0,0.010547605122820443,0.010547605122820443,15,248,242,8,8,1.4842439010324786,2.4677237145374886,4.274223505561342,57.568892499999976,84.38084098256354,0.0,-12.961475,-207.66574,57.60496410283111,27.171259499999998,30.433704602831114,17.406147602831126,0.009748420138366133,11.471798440596576,53.45750554551698,53.23117387078341,57.57443705918751,4.773604725683137,0.890625,14.874510068772807,13.032357370783423,17.375620559187524,1.0,2,50,3,0.06,0.075625,1600,121,0.075625,0.0,1.0,1.433974805074572,0.12292983527911411,0.12292983527911411,0.009296568792983004,217.1259499999994,0.06850636724340342,2.9718875502008033,2.72,2.9421487603305785,0.0
122,template_deposition,C,C,none,0,1.0,template_site:index=243:site=C:neigh=2:ahead0=17.370:mode=shell,z,xy,250,128,122,0,122,11181.677927928486,8.939653631797219,500.0,0.001,10.547605122820443,0.010547605122820443,-2280.5674,-2269.0205,-2280.5674,-11.546875,-11.223877,1.0,0.010547605122820443,0.010547605122820443,14,249,243,7,7,1.4358442924779269,2.467722292187751,5.698965386452375,57.568892499999976,84.38084098256354,0.0,-13.098317,-209.85818,57.59755370730938,27.171259499999998,30.426294207309383,17.398737207309395,0.00845675216307544,11.566606692171753,53.461440629498135,53.23181651472355,57.57449904569986,4.745346364435605,0.875,14.878445152753962,13.033000014723562,17.375682545699874,1.0,2,50,3,0.06,0.07625,1600,122,0.07625,0.0,1.0,1.4458258365214691,0.1219544684651964,0.1219544684651964,0.009299028220471225,217.1259499999994,0.0685244907518148,2.976,2.769230769230769,2.9508196721311477,0.0
123,template_deposition,C,C,none,0,1.0,template_site:index=254:site=C:neigh=1:ahead0=17.370:mode=shell,z,xy,251,128,123,0,123,11255.679054126686,74.00112619820028,500.0,0.001,10.547605122820443,0.010547605122820443,-2288.171,-2280.5674,-2288.171,-7.6035156,-7.2646484,0.3797622822630205,0.010547605122820443,0.010547605122820443,14,250,254,6,6,1.4710451594905756,3.701585571806233,6.411335258342015,57.568892499999976,84.38084098256354,0.0,-13.188427,-211.3019,57.59164983120823,27.171259499999998,30.42039033120823,17.392833331208244,0.007609873638965526,11.661414943746932,53.84909935564284,53.23439759059949,57.57565273396162,4.452898536939122,0.875,15.266103878898669,13.035581090599507,17.376836233961633,1.0,2,50,3,0.06,0.076875,1600,123,0.076875,0.0,1.0,1.4576768679683665,0.124114665682103,0.124114665682103,0.009541314924311668,217.1259499999994,0.07030990021643525,2.9721115537848606,2.740740740740741,2.9430894308943087,0.0
124,template_deposition,C,C,none,0,1.0,template_site:index=252:site=C:neigh=2:ahead0=17.370:mode=shell,z,xy,252,128,124,0,124,11265.216544473686,9.53749034699927,500.0,0.001,10.547605122820443,0.010547605122820443,-2299.9128,-2288.171,-2299.9128,-11.741943,-11.408936,0.5423949750163095,0.010547605122820443,0.010547605122820443,15,251,252,5,5,1.3563677745623772,4.93544657218775,5.698965386452375,57.568892499999976,84.38084098256354,0.0,-13.327581,-213.5314,57.58865451367957,27.171259499999998,30.417395013679574,17.389838013679586,0.007124376894482804,11.75622319532211,53.69382179107447,53.23439759059949,57.574921002383306,4.763424739141032,0.875,15.110826314330296,13.035581090599507,17.37610450238332,1.0,2,50,3,0.06,0.0775,1600,124,0.0775,0.0,1.0,1.4695278994152638,0.12186150253492174,0.12186150253492174,0.009444266446456436,217.1259499999994,0.06959475048620553,2.9761904761904763,2.7857142857142856,2.9516129032258065,0.0
125,template_deposition,C,C,none,0,1.0,template_site:index=255:site=C:neigh=2:ahead0=17.370:mode=shell,z,xy,253,128,125,0,125,11273.35694821648,8.140403742794458,500.0,0.001,10.547605122820443,0.010547605122820443,-2310.982,-2299.9128,-2310.982,-11.069092,-10.582764,0.3832050186424289,0.010547605122820443,0.010547605122820443,16,252,255,4,4,1.4438099204710955,3.7015841494564965,7.836077139233043,57.568892499999976,84.38084098256354,0.0,-13.458761,-215.63313,57.5870316596613,27.171259499999998,30.4157721596613,17.388215159661314,0.006535045040040404,11.851031446897288,54.15896063471001,53.247869132090464,57.57487415453746,4.3982807423112025,0.875,15.57596515796584,13.04905263209048,17.376057654537476,1.0,3,50,4,0.08,0.078125,1600,125,0.078125,0.0,1.0,1.481378930862161,0.12460772126372671,0.12460772126372671,0.00973497822372865,217.1259499999994,0.07173700406591604,2.9802371541501977,2.8275862068965516,2.96,0.0
126,template_deposition,C,C,none,0,1.0,template_site:index=238:site=C:neigh=2:ahead0=17.370:mode=shell,z,xy,254,128,126,0,126,11333.222752292724,59.86580407624349,500.0,0.001,10.547605122820443,0.010547605122820443,-2322.7847,-2310.982,-2322.7847,-11.802734,-11.451172,0.8047996798058736,0.010547605122820443,0.010547605122820443,17,253,238,3,3,1.4048421168928553,-3.7015872681937667,6.411335258342015,57.568892499999976,84.38084098256354,0.0,-13.598636,-217.87416,57.5870316596613,27.171259499999998,30.4157721596613,17.388215159661314,0.006326182070466155,11.945839698472467,54.15919652745862,53.247869132090464,57.574608622242806,4.398234441662081,0.875,15.576201050714445,13.04905263209048,17.37579212224282,1.0,3,50,4,0.08,0.07875,1600,126,0.07875,0.0,1.0,1.4932299623090584,0.12362064325963845,0.12362064325963845,0.009735125656696528,217.1259499999994,0.07173809049869206,2.984251968503937,2.8666666666666667,2.9682539682539684,0.0
127,template_deposition,C,C,none,0,1.0,template_site:index=234:site=C:neigh=2:ahead0=17.370:mode=shell,z,xy,255,128,127,0,127,11710.462080734329,377.2393284416046,500.0,0.001,10.547605122820443,0.010547605122820443,-2334.3774,-2322.7847,-2334.3774,-11.592773,-11.3203125,0.5786687946510478,0.010547605122820443,0.010547605122820443,18,254,234,2,2,1.393375341661616,0.0,0.0,57.568892499999976,84.38084098256354,0.0,-13.736022,-220.07533,57.5870316596613,27.171259499999998,30.4157721596613,17.388215159661314,0.006004445623193941,12.040647950047646,54.081540729199446,53.24710027467559,57.57484252900115,4.451626133972269,0.875,15.498545252455273,13.048283774675603,17.376026029001167,1.0,3,50,4,0.08,0.079375,1600,127,0.079375,0.0,1.0,1.5050809937559557,0.12203578938941159,0.12203578938941159,0.009686590782784546,217.1259499999994,0.07138043726443254,2.988235294117647,2.903225806451613,2.9763779527559056,0.0
128,template_deposition,C,C,none,0,1.0,template_site:index=239:site=C:neigh=3:ahead0=17.370:mode=shell,z,xy,256,128,128,0,128,11871.416129748477,160.95404901414759,500.0,0.001,10.547605122820443,0.010547605122820443,-2350.032,-2334.3774,-2350.032,-15.654541,-15.399902,1.0,0.010547605122820443,0.010547605122820443,19,255,239,1,1,1.359434540338372,-3.7015886905435047,7.836077139233043,57.568892499999976,84.38084098256354,0.0,-13.921544,-223.04773,57.5870316596613,27.171259499999998,30.4157721596613,17.388215159661314,0.005680166928578359,12.135456201622823,54.39191265368624,55.40641238021825,57.575044428253264,4.061717259112095,0.875,15.808917176942067,15.207595880218264,17.37622792825328,1.0,3,50,4,0.08,0.08,1600,128,0.08,0.0,1.0,1.5169320252028529,0.1235071654448599,0.1235071654448599,0.009880573235588792,217.1259499999994,0.07280989295356963,3.0,3.0,3.0,0.0
129,template_deposition,C,C,none,0,1.0,template_site:index=279:site=C:neigh=0:ahead0=21.713:mode=shell,z,xy,257,128,129,0,129,11892.670340877872,21.25421112939602,500.0,0.001,10.547605122820443,0.010547605122820443,-2352.03,-2350.032,-2352.03,-1.9980469,-1.9858398,0.034968785209944904,0.010547605122820443,0.010547605122820443,1,256,279,32,32,4.348640264523338,-1.2338624227312553,2.137111752780671,61.911411499999964,84.38084098256354,0.0,-13.945224,-223.42712,61.96181461230792,27.171259499999998,34.79055511230792,21.762998112307933,0.0,12.230264453198002,54.54795844895476,57.56311465525458,57.575764296412004,4.179962116197781,0.875,15.964962972210586,17.364298155254595,17.37694779641202,1.0,3,50,4,0.08,0.080625,1600,129,0.080625,0.0,1.0,1.5287830566497502,0.12375940288535338,0.12375940288535338,0.009978101857631616,217.1259499999994,0.07352858086382871,2.9883268482490273,0.0,2.9767441860465116,0.0
130,template_deposition,C,C,none,0,1.0,template_site:index=261:site=C:neigh=1:ahead0=21.713:mode=shell,z,xy,258,128,130,0,130,11963.550724047753,70.88038316988087,500.0,0.001,10.547605122820443,0.010547605122820443,-2360.5872,-2352.03,-2360.5872,-8.557129,-8.32251,0.3326960265404618,0.010547605122820443,0.010547605122820443,2,257,261,31,31,1.425666093127162,8.637036119618482,0.7123698718896396,61.911411499999964,84.38084098256354,0.0,-14.046634,-225.0519,61.965954064486276,27.171259499999998,34.79469456448628,21.76713756448629,0.022780454289641483,12.325072704773179,54.78055145898799,57.564406301697744,57.576340976584056,4.221166679164613,0.875,16.19755598224382,17.36558980169776,17.37752447658407,1.0,3,50,4,0.08,0.08125,1600,130,0.08125,0.0,1.0,1.5406340880966474,0.12459658447879862,0.12459658447879862,0.010123472488902387,217.1259499999994,0.07459981629208239,2.9844961240310077,1.0,2.9692307692307693,0.0
131,template_deposition,C,C,none,0,1.0,template_site:index=260:site=C:neigh=1:ahead0=21.713:mode=shell,z,xy,259,128,131,0,131,12019.120865621642,55.57014157388985,500.0,0.001,10.547605122820443,0.010547605122820443,-2368.6372,-2360.5872,-2368.6372,-8.050049,-7.4555664,0.28481794671912575,0.010547605122820443,0.010547605122820443,3,258,260,30,30,1.4525531611563778,7.40317284,0.0,61.911411499999964,84.38084098256354,0.0,-14.1420355,-226.5804,61.97506750612459,27.171259499999998,34.80380800612459,21.776251006124603,0.025989449760679212,12.419880956348358,54.70336697964832,57.56311465525458,57.57928430043907,4.366549357333975,0.875,16.12037150290415,17.364298155254595,17.380467800439085,1.0,3,50,4,0.08,0.081875,1600,131,0.081875,0.0,1.0,1.5524851195435447,0.12305627101453549,0.12305627101453549,0.010075232189315093,217.1259499999994,0.07424433377449445,2.9806949806949805,1.3333333333333333,2.9618320610687023,0.0
132,template_deposition,C,C,none,0,1.0,template_site:index=270:site=C:neigh=1:ahead0=21.713:mode=shell,z,xy,260,128,132,0,132,12081.420038278919,62.29917265727648,500.0,0.001,10.547605122820443,0.010547605122820443,-2376.8577,-2368.6372,-2376.8577,-8.220459,-7.6875,0.8194896537160565,0.010547605122820443,0.010547605122820443,4,259,270,29,29,1.3674315324119253,2.467724571424717,7.123705130231651,61.911411499999964,84.38084098256354,0.0,-14.239456,-228.14125,61.97868401588417,27.171259499999998,34.80742451588417,21.779867515884185,0.025889302155930532,12.514689207923537,54.858593210073636,57.564406301697744,57.58274331866308,4.464776022904904,0.875,16.275597733329462,17.36558980169776,17.38392681866309,1.0,3,50,4,0.08,0.0825,1600,132,0.0825,0.0,1.0,1.564336150990442,0.1232999828282535,0.1232999828282535,0.010172248583330913,217.1259499999994,0.07495924707907788,2.976923076923077,1.5,2.9545454545454546,0.0
133,template_deposition,C,C,none,0,1.0,template_site:index=278:site=C:neigh=1:ahead0=21.713:mode=shell,z,xy,261,128,133,0,133,12104.458327167527,23.03828888860964,500.0,0.001,10.547605122820443,0.010547605122820443,-2384.7556,-2376.8577,-2384.7556,-7.897949,-7.55249,0.9987883111733674,0.010547605122820443,0.010547605122820443,4,260,278,28,28,1.3556794963896333,8.568872265080074e-07,2.849481624670311,61.911411499999964,84.38084098256354,0.0,-14.3330555,-229.64087,61.969380691704124,27.171259499999998,34.798121191704126,21.77056419170414,0.020036622349858705,12.609497459498714,55.013752108093534,57.56573582705849,57.585203674976285,4.555480631584287,0.875,16.43075663134936,17.366919327058504,17.3863871749763,1.0,3,50,4,0.08,0.083125,1600,133,0.083125,0.0,1.0,1.5761871824373392,0.12353952354398015,0.12353952354398015,0.01026922289459335,217.1259499999994,0.07567385027606975,2.9731800766283527,1.6,2.9473684210526314,0.0
134,template_deposition,C,C,none,0,1.0,template_site:index=271:site=C:neigh=1:ahead0=21.713:mode=shell,z,xy,262,128,134,0,134,12159.379782636028,54.92145546850131,500.0,0.001,10.547605122820443,0.010547605122820443,-2392.696,-2384.7556,-2392.696,-7.9404297,-7.4714355,0.6774934203217196,0.010547605122820443,0.010547605122820443,5,261,271,27,27,1.408874357032488,1.2338612918062335,6.411335258342015,61.911411499999964,84.38084098256354,0.0,-14.427157,-231.14854,61.969380691704124,27.171259499999998,34.798121191704126,21.77056419170414,0.01877984063586034,12.704305711073893,55.091279283641754,57.56573582705849,59.74923343583002,4.634865619271252,0.875,16.50828380689758,17.366919327058504,19.550416935830036,1.0,3,50,4,0.08,0.08375,1600,134,0.08375,0.0,1.0,1.5880382138842366,0.12319614781266851,0.12319614781266851,0.010317677379310988,217.1259499999994,0.07603091112277287,2.969465648854962,1.6666666666666667,2.9402985074626864,0.0
135,template_deposition,C,C,none,0,1.0,template_site:index=285:site=C:neigh=1:ahead0=21.713:mode=shell,z,xy,263,128,135,0,135,12281.117104736273,121.73732210024556,500.0,0.001,10.547605122820443,0.010547605122820443,-2400.8613,-2392.696,-2400.8613,-8.165283,-7.5,0.11918267135208481,0.010547605122820443,0.010547605122820443,6,262,285,26,26,1.414479337818514,1.2338627141559733,4.98659337745098,61.911411499999964,84.38084098256354,0.0,-14.523925,-232.69893,61.9642668941482,27.171259499999998,34.793007394148205,21.765450394148218,0.0170524669119733,12.799113962649072,55.2465377245231,57.56608768703242,61.91534432038472,4.714809794346187,0.875,16.663542247778928,17.367271187032436,21.716527820384734,1.0,3,50,4,0.08,0.084375,1600,135,0.084375,0.0,1.0,1.599889245331134,0.1234336462798439,0.1234336462798439,0.01041471390486183,217.1259499999994,0.0767459727765335,2.9657794676806084,1.7142857142857142,2.933333333333333,0.0
136,template_deposition,C,C,none,0,1.0,template_site:index=284:site=C:neigh=2:ahead0=21.713:mode=shell,z,xy,264,128,136,0,136,12345.381645391917,64.26454065564315,500.0,0.001,10.547605122820443,0.010547605122820443,-2413.5132,-2400.8613,-2413.5132,-12.651855,-11.642578,1.0,0.010547605122820443,0.010547605122820443,7,263,284,25,25,1.3446890297456182,-5.654625110373956e-07,4.274223505561342,61.911411499999964,84.38084098256354,0.0,-14.673862,-235.1012,61.95545680362094,27.171259499999998,34.78419730362094,21.756640303620955,0.015593106319873824,12.893922214224249,55.323891666202485,57.56608768703242,61.91439352370625,4.787349956546406,0.875,16.74089618945831,17.367271187032436,21.715577023706267,1.0,3,50,4,0.08,0.085,1600,136,0.085,0.0,1.0,1.6117402767780311,0.12309482492248758,0.12309482492248758,0.010463060118411445,217.1259499999994,0.07710223577356073,2.9696969696969697,2.0,2.9411764705882355,0.0
137,template_deposition,C,C,none,0,1.0,template_site:index=274:site=C:neigh=1:ahead0=21.713:mode=shell,z,xy,265,128,137,0,137,12371.401378350687,26.01973295876976,500.0,0.001,10.547605122820443,0.010547605122820443,-2418.5417,-2413.5132,-2418.5417,-5.0285645,-4.3376465,0.9990688046951095,0.010547605122820443,0.010547605122820443,6,264,274,24,24,1.6429921755763162,-1.2338615658440286,4.98659337745098,61.911411499999964,84.38084098256354,0.0,-14.733456,-236.05598,61.956430778210574,27.171259499999998,34.785171278210576,21.75761427821059,0.016633348770944748,12.988730465799428,55.479190308583426,57.56611699195911,61.91512672304418,4.857333851990904,0.875,16.896194831839253,17.367300491959128,21.716310223044196,1.0,3,50,4,0.08,0.085625,1600,137,0.085625,0.0,1.0,1.6235913082249285,0.1233298892834982,0.1233298892834982,0.010560121769899533,217.1259499999994,0.07781748258022268,2.9660377358490564,2.0,2.934306569343066,0.0
138,template_deposition,C,C,none,0,1.0,template_site:index=275:site=C:neigh=1:ahead0=21.713:mode=shell,z,xy,266,128,138,0,138,12448.539738077941,77.13835972725514,500.0,0.001,10.547605122820443,0.010547605122820443,-2426.739,-2418.5417,-2426.739,-8.197266,-7.2856445,0.3188026137177643,0.010547605122820443,0.010547605122820443,7,265,275,23,23,1.462155611650488,-2.4677248454625107,4.274223505561342,61.911411499999964,84.38084098256354,0.0,-14.830602,-237.61244,61.957218530641796,27.171259499999998,34.7859590306418,21.75840203064181,0.016581658845430388,13.083538717374607,55.59228444549425,57.56655703993075,61.91600427086899,4.888209794212241,0.890625,17.009288968750077,17.367740539930764,21.717187770869003,1.0,3,50,4,0.08,0.08625,1600,138,0.08625,0.0,1.0,1.6354423396718258,0.12325571716485563,0.12325571716485563,0.010630805605468798,217.1259499999994,0.07833835139811766,2.962406015037594,2.0,2.927536231884058,0.0
139,template_deposition,C,C,none,0,1.0,template_site:index=258:site=C:neigh=1:ahead0=21.713:mode=shell,z,xy,267,128,139,0,139,12513.208649414748,64.6689113368068,500.0,0.001,10.547605122820443,0.010547605122820443,-2434.3716,-2426.739,-2434.3716,-7.6325684,-7.029785,0.9999992627523953,0.010547605122820443,0.010547605122820443,4,266,258,22,22,1.4325236701052066,6.169311274155971,4.98659337745098,61.911411499999964,84.38084098256354,0.0,-14.921056,-239.06168,61.957218530641796,27.171259499999998,34.7859590306418,21.75840203064181,0.01620337397551279,13.178346968949784,55.63478518218685,57.56674770117907,61.91626778017941,4.921628530131299,0.875,17.05178970544268,17.367931201179083,21.717451280179425,1.0,3,50,4,0.08,0.086875,1600,139,0.086875,0.0,1.0,1.647293371118723,0.12267474608232144,0.12267474608232144,0.010657368565901675,217.1259499999994,0.07853409371584892,2.958801498127341,2.0,2.920863309352518,0.0
140,template_deposition,C,C,none,0,1.0,template_site:index=259:site=C:neigh=1:ahead0=21.713:mode=shell,z,xy,268,128,140,0,140,12548.014040267319,34.80539085257016,500.0,0.001,10.547605122820443,0.010547605122820443,-2442.7583,-2434.3716,-2442.7583,-8.386719,-7.661133,0.9999999902828108,0.010547605122820443,0.010547605122820443,6,267,259,21,21,1.3908637851499568,4.935447994537489,4.274223505561342,61.911411499999964,84.38084098256354,0.0,-15.020447,-240.6541,61.957218530641796,27.171259499999998,34.7859590306418,21.75840203064181,0.015594501557541359,13.273155220524963,55.712476153594366,57.566963535782065,61.91668362566001,4.985428355306991,0.875,17.129480676850193,17.36814703578208,21.717867125660028,1.0,3,50,4,0.08,0.0875,1600,140,0.0875,0.0,1.0,1.6591444025656203,0.12235343340607281,0.12235343340607281,0.01070592542303137,217.1259499999994,0.07889190894432582,2.955223880597015,2.0,2.914285714285714,0.0
141,template_deposition,C,C,none,0,1.0,template_site:index=269:site=C:neigh=1:ahead0=21.713:mode=shell,z,xy,269,128,141,0,141,12607.619842785833,59.605802518513606,500.0,0.001,10.547605122820443,0.010547605122820443,-2450.7996,-2442.7583,-2450.7996,-8.04126,-7.4907227,0.9999999057388389,0.010547605122820443,0.010547605122820443,9,268,269,20,20,1.4005007599080765,3.701586994155973,4.98659337745098,61.911411499999964,84.38084098256354,0.0,-15.115745,-242.18094,61.957218530641796,27.171259499999998,34.7859590306418,21.75840203064181,0.015276737868111715,13.367963472100142,55.94497507795119,57.56733218144566,61.91831343383774,5.09901676823346,0.875,17.361979601207018,17.368515681445672,21.719496933837753,1.0,3,50,4,0.08,0.088125,1600,141,0.088125,0.0,1.0,1.6709954340125177,0.12313460710075899,0.12313460710075899,0.010851237250754386,217.1259499999994,0.0799627110495409,2.9516728624535316,2.0,2.9078014184397163,0.0
142,template_deposition,C,C,none,0,1.0,template_site:index=268:site=C:neigh=2:ahead0=21.713:mode=shell,z,xy,270,128,142,0,142,12613.334858904254,5.715016118421537,500.0,0.001,10.547605122820443,0.010547605122820443,-2461.88,-2450.7996,-2461.88,-11.080322,-9.398193,1.0,0.010547605122820443,0.010547605122820443,10,269,268,19,19,1.3920848039944624,2.4677237145374886,4.274223505561342,61.911411499999964,84.38084098256354,0.0,-15.247057,-244.28479,61.957218530641796,27.171259499999998,34.7859590306418,21.75840203064181,0.015920769403067064,13.462771723675319,56.17786004830793,57.56789281727028,61.917837813098515,4.865364913290568,0.875,17.594864571563754,17.36907631727029,21.71902131309853,1.0,3,50,4,0.08,0.08875,1600,142,0.08875,0.0,1.0,1.6828464654594149,0.12390749698284334,0.12390749698284334,0.010996790357227346,217.1259499999994,0.08103529113661358,2.9555555555555557,2.142857142857143,2.915492957746479,0.0
143,template_deposition,C,C,none,0,1.0,template_site:index=281:site=C:neigh=1:ahead0=21.713:mode=shell,z,xy,271,128,143,0,143,12625.828509614124,12.493650709870332,500.0,0.001,10.547605122820443,0.010547605122820443,-2468.087,-2461.88,-2468.087,-6.2070312,-5.5046387,0.999337296501515,0.010547605122820443,0.010547605122820443,9,270,281,18,18,1.4979631832227536,2.4677251368872275,2.849481624670311,61.911411499999964,84.38084098256354,0.0,-15.320617,-245.46335,61.95811924485873,27.171259499999998,34.78685974485873,21.759302744858743,0.015785087239241602,13.557579975250498,56.100333851906306,57.56789281727028,61.91897523163459,5.146128204374384,0.875,17.517338375162133,17.36907631727029,21.720158731634605,1.0,3,50,4,0.08,0.089375,1600,143,0.089375,0.0,1.0,1.6946974969063122,0.12249886975637855,0.12249886975637855,0.010948336484476334,217.1259499999994,0.08067823479948934,2.952029520295203,2.1333333333333333,2.909090909090909,0.0
144,template_deposition,C,C,none,0,1.0,template_site:index=280:site=C:neigh=2:ahead0=21.713:mode=shell,z,xy,272,128,144,0,144,12753.690992382935,127.8624827688106,500.0,0.001,10.547605122820443,0.010547605122820443,-2478.6204,-2468.087,-2478.6204,-10.533447,-9.454834,1.0,0.010547605122820443,0.010547605122820443,10,271,280,17,17,1.4149440436762761,1.2338618572687443,2.137111752780671,61.911411499999964,84.38084098256354,0.0,-15.445449,-247.46338,61.96035242027191,27.171259499999998,34.78909292027191,21.761535920271925,0.015111089979708827,13.652388226825677,56.202200861387325,57.56810998078597,61.91790795403112,5.157434317835222,0.890625,17.619205384643152,17.369293480785984,21.719091454031137,1.0,3,50,4,0.08,0.09,1600,144,0.09,0.0,1.0,1.7065485283532096,0.12235559294891078,0.12235559294891078,0.01101200336540197,217.1259499999994,0.08114739571499031,2.9558823529411766,2.25,2.9166666666666665,0.0
145,template_deposition,C,C,none,0,1.0,template_site:index=264:site=C:neigh=1:ahead0=21.713:mode=shell,z,xy,273,128,145,0,145,12759.228349988502,5.537357605566434,500.0,0.001,10.547605122820443,0.010547605122820443,-2484.9915,-2478.6204,-2484.9915,-6.3710938,-5.9067383,0.8802211599052431,0.010547605122820443,0.010547605122820443,9,272,264,16,16,1.4770685201208076,3.7015861372687446,2.137111752780671,61.911411499999964,84.38084098256354,0.0,-15.520953,-248.6731,61.96035242027191,27.171259499999998,34.78909292027191,21.761535920271925,0.014478060396965121,13.747196478400854,56.43085467476339,57.56840920772217,61.91921649623057,5.116514283885127,0.890625,17.847859198019215,17.369592707722184,21.720399996230583,1.0,3,50,4,0.08,0.090625,1600,145,0.090625,0.0,1.0,1.7183995598001067,0.12308868412427044,0.12308868412427044,0.011154911998762009,217.1259499999994,0.08220048869340245,2.9523809523809526,2.235294117647059,2.910344827586207,0.0
146,template_deposition,C,C,none,0,1.0,template_site:index=265:site=C:neigh=2:ahead0=21.713:mode=shell,z,xy,274,128,146,0,146,12947.592772740843,188.36442275234208,500.0,0.001,10.547605122820443,0.010547605122820443,-2494.3486,-2484.9915,-2494.3486,-9.357178,-8.327881,0.9999999752498969,0.010547605122820443,0.010547605122820443,10,273,265,15,15,1.4085310314499466,4.935449416887227,2.849481624670311,61.911411499999964,84.38084098256354,0.0,-15.631845,-250.44978,61.96035242027191,27.171259499999998,34.78909292027191,21.761535920271925,0.01425282041207671,13.842004729976033,56.48789775218505,57.56825959425407,61.91787445382128,5.143606661934397,0.875,17.904902275440875,17.369443094254088,21.71905795382129,1.0,3,50,4,0.08,0.09125,1600,146,0.09125,0.0,1.0,1.730250591247004,0.12263631695507449,0.12263631695507449,0.011190563922150547,217.1259499999994,0.08246320753203809,2.9562043795620436,2.3333333333333335,2.9178082191780823,0.0
147,template_deposition,C,C,none,0,1.0,template_site:index=277:site=C:neigh=1:ahead0=21.713:mode=shell,z,xy,275,128,147,0,147,13024.97320697596,77.38043423511601,500.0,0.001,10.547605122820443,0.010547605122820443,-2501.4253,-2494.3486,-2501.4253,-7.07666,-6.803711,0.9011290098678066,0.010547605122820443,0.010547605122820443,10,274,277,14,14,1.4234014920228224,1.233863279618482,0.7123698718896396,61.911411499999964,84.38084098256354,0.0,-15.715712,-251.79346,61.96189183304465,27.171259499999998,34.790632333044655,21.763075333044668,0.013792416497956457,13.936812981551212,56.64267550009909,57.56865850833341,61.91958379159782,5.174163683018259,0.875,18.059680023354915,17.36984200833342,21.720767291597838,1.0,3,50,4,0.08,0.091875,1600,147,0.091875,0.0,1.0,1.7421016226939015,0.12285496614527153,0.12285496614527153,0.011287300014596822,217.1259499999994,0.08317605529580856,2.9527272727272726,2.3157894736842106,2.9115646258503403,0.0
148,template_deposition,C,C,none,0,1.0,template_site:index=276:site=C:neigh=1:ahead0=21.713:mode=shell,z,xy,276,128,148,0,148,13160.02361709277,135.0504101168105,500.0,0.001,10.547605122820443,0.010547605122820443,-2509.9768,-2501.4253,-2509.9768,-8.551514,-7.7478027,0.8954364069562742,0.010547605122820443,0.010547605122820443,11,275,276,13,13,1.404233757044835,0.0,0.0,61.911411499999964,84.38084098256354,0.0,-15.817056,-253.41718,61.96357195585655,27.171259499999998,34.79231245585655,21.764755455856566,0.013386237398334324,14.031621233126389,56.720151997479434,57.569647061071734,61.91815323540106,5.219727503502724,0.875,18.13715652073526,17.37083056107175,21.719336735401072,1.0,3,50,4,0.08,0.0925,1600,148,0.0925,0.0,1.0,1.7539526541407986,0.12254835486983284,0.12254835486983284,0.011335722825459537,217.1259499999994,0.08353288273803897,2.9565217391304346,2.4,2.918918918918919,0.0
149,template_deposition,C,C,none,0,1.0,template_site:index=256:site=C:neigh=2:ahead0=21.713:mode=shell,z,xy,277,128,149,0,149,13198.066918416334,38.04330132356462,500.0,0.001,10.547605122820443,0.010547605122820443,-2519.361,-2509.9768,-2519.361,-9.384277,-7.043213,0.9999813596521733,0.010547605122820443,0.010547605122820443,14,276,256,12,12,1.524776382813308,3.701585571806233,6.411335258342015,61.911411499999964,84.38084098256354,0.0,-15.928268,-255.199,61.96357195585655,27.171259499999998,34.79231245585655,21.764755455856566,0.013270346034222271,14.126429484701568,57.03988270759151,57.57263851258599,61.917116301640185,5.214840750631049,0.890625,18.456887230847336,17.373822012586004,21.7182998016402,1.0,3,50,4,0.08,0.093125,1600,149,0.093125,0.0,1.0,1.765803685587696,0.12387172638152574,0.12387172638152574,0.011535554519279585,217.1259499999994,0.08500544145389986,2.96028880866426,2.4761904761904763,2.9261744966442955,0.0
150,template_deposition,C,C,none,0,1.0,template_site:index=257:site=C:neigh=2:ahead0=21.713:mode=shell,z,xy,278,128,150,0,150,13208.369726304936,10.302807888601299,500.0,0.001,10.547605122820443,0.010547605122820443,-2530.9587,-2519.361,-2530.9587,-11.597656,-10.3498535,1.0,0.010547605122820443,0.010547605122820443,15,277,257,11,11,1.4794451986195871,4.935448851424716,7.123705130231651,61.911411499999964,84.38084098256354,0.0,-16.065714,-257.40112,61.96213358051829,27.171259499999998,34.79087408051829,21.763317080518306,0.012854646902801503,14.221237736276747,57.107684573506276,57.57166556729534,61.917398002151685,5.105843279253865,0.875,18.524689096762103,17.372849067295355,21.7185815021517,1.0,3,50,4,0.08,0.09375,1600,150,0.09375,0.0,1.0,1.7776547170345933,0.12349792731174736,0.12349792731174736,0.011577930685476315,217.1259499999994,0.08531771120293155,2.964028776978417,2.5454545454545454,2.933333333333333,0.0
151,template_deposition,C,C,none,0,1.0,template_site:index=272:site=C:neigh=2:ahead0=21.713:mode=shell,z,xy,279,128,151,0,151,13240.026930768616,31.65720446367978,500.0,0.001,10.547605122820443,0.010547605122820443,-2541.2808,-2530.9587,-2541.2808,-10.3220215,-9.075928,1.0,0.010547605122820443,0.010547605122820443,13,278,272,10,10,1.4967748956166325,-3.7015872681937667,6.411335258342015,61.911411499999964,84.38084098256354,0.0,-16.18804,-259.361,61.96213358051829,27.171259499999998,34.79087408051829,21.763317080518306,0.012603972002691574,14.316045987851924,57.422876226045034,57.57421868176921,61.91724694597787,5.099397085021957,0.90625,18.83988074930086,17.375402181769225,21.718430445977887,1.0,3,50,4,0.08,0.094375,1600,151,0.094375,0.0,1.0,1.7895057484814905,0.1247674221808004,0.1247674221808004,0.011774925468313038,217.1259499999994,0.08676936473646246,2.967741935483871,2.608695652173913,2.9403973509933774,0.0
152,template_deposition,C,C,none,0,1.0,template_site:index=262:site=C:neigh=1:ahead0=21.713:mode=shell,z,xy,280,128,152,0,152,13424.43443413284,184.40750336422408,500.0,0.001,10.547605122820443,0.010547605122820443,-2551.4548,-2541.2808,-2551.4548,-10.174072,-7.6674805,0.9999991101924033,0.010547605122820443,0.010547605122820443,15,279,262,9,9,1.5655600856835248,7.403173696887226,2.849481624670311,61.911411499999964,84.38084098256354,0.0,-16.308613,-261.2928,61.94783309308459,27.171259499999998,34.77657359308459,21.749016593084605,0.009607386566657659,14.410854239427103,57.64633104126586,57.57314565655852,61.914945823135206,4.938765280888904,0.90625,19.063335564521687,17.374329156558538,21.71612932313522,1.0,3,50,4,0.08,0.095,1600,152,0.095,0.0,1.0,1.8013567799283878,0.1254166813455374,0.1254166813455374,0.011914584727826054,217.1259499999994,0.08779851309584018,2.9714285714285715,2.6666666666666665,2.9473684210526314,0.0
153,template_deposition,C,C,none,0,1.0,template_site:index=263:site=C:neigh=2:ahead0=21.713:mode=shell,z,xy,281,128,153,0,153,13427.562496642911,3.1280625100713912,500.0,0.001,10.547605122820443,0.010547605122820443,-2562.727,-2551.4548,-2562.727,-11.272217,-10.165527,1.0,0.010547605122820443,0.010547605122820443,15,280,263,8,8,1.479557286144288,6.169310417268744,2.137111752780671,61.911411499999964,84.38084098256354,0.0,-16.4422,-263.43307,61.94145747170646,27.171259499999998,34.77019797170646,21.74264097170647,0.008292646206739253,14.505662491002282,57.72420745836096,57.575304293499165,61.91711285626579,5.143513337063642,0.890625,19.141211981616784,17.37648779349918,21.718296356265803,1.0,3,50,4,0.08,0.095625,1600,153,0.095625,0.0,1.0,1.8132078113752852,0.125105960664162,0.125105960664162,0.01196325748851049,217.1259499999994,0.08815718241701113,2.9750889679715304,2.72,2.954248366013072,0.0
154,template_deposition,C,C,none,0,1.0,template_site:index=266:site=C:neigh=2:ahead0=21.713:mode=shell,z,xy,282,128,154,0,154,13432.175945534955,4.613448892044004,500.0,0.001,10.547605122820443,0.010547605122820443,-2574.2466,-2562.727,-2574.2466,-11.519531,-11.262695,1.0,0.010547605122820443,0.010547605122820443,14,281,266,7,7,1.3973371578019045,6.169311839618483,0.7123698718896396,61.911411499999964,84.38084098256354,0.0,-16.578718,-265.62036,61.936976543929305,27.171259499999998,34.76571704392931,21.73816004392932,0.007579334961365178,14.600470742577459,57.72404775105792,57.575304293499165,61.916959262766696,5.143382817218037,0.890625,19.141052274313743,17.37648779349918,21.71814276276671,1.0,3,50,4,0.08,0.09625,1600,154,0.09625,0.0,1.0,1.8250588428221823,0.12429254723580353,0.12429254723580353,0.01196315767144609,217.1259499999994,0.088156446865581,2.978723404255319,2.769230769230769,2.961038961038961,0.0
155,template_deposition,C,C,none,0,1.0,template_site:index=267:site=C:neigh=1:ahead0=21.713:mode=shell,z,xy,283,128,155,0,155,13500.338890448167,68.1629449132123,500.0,0.001,10.547605122820443,0.010547605122820443,-2582.7356,-2574.2466,-2582.7356,-8.489014,-7.2768555,0.47015435836335057,0.010547605122820443,0.010547605122820443,14,282,267,6,6,1.456250644825268,4.93544856,0.0,61.911411499999964,84.38084098256354,0.0,-16.679321,-267.2322,61.936976543929305,27.171259499999998,34.76571704392931,21.73816004392932,0.00811622684364923,14.695278994152638,58.028848186248176,57.582110947034884,61.91725814983776,5.125235328229498,0.890625,19.445852709504003,17.3832944470349,21.71844164983777,1.0,3,50,4,0.08,0.096875,1600,155,0.096875,0.0,1.0,1.8369098742690797,0.12545711425486453,0.12545711425486453,0.012153657943440001,217.1259499999994,0.08956024238237786,2.9752650176678443,2.740740740740741,2.9548387096774196,0.0
156,template_deposition,C,C,none,0,1.0,template_site:index=286:site=C:neigh=2:ahead0=21.713:mode=shell,z,xy,284,128,156,0,156,13517.72563561775,17.38674516958167,500.0,0.001,10.547605122820443,0.010547605122820443,-2593.6543,-2582.7356,-2593.6543,-10.918701,-9.8984375,0.9999999999999907,0.010547605122820443,0.010547605122820443,15,283,286,5,5,1.4243116370961721,2.914247172469686e-07,7.123705130231651,61.911411499999964,84.38084098256354,0.0,-16.80872,-269.3054,61.936976543929305,27.171259499999998,34.76571704392931,21.73816004392932,0.007286373640767624,14.790087245727817,57.959808987187834,57.57916762317987,61.91729219483347,5.14437204909046,0.875,19.37681351044366,17.380351123179885,21.718475694833487,1.0,3,50,4,0.08,0.0975,1600,156,0.0975,0.0,1.0,1.848760905715977,0.1242103430156645,0.1242103430156645,0.012110508444027288,217.1259499999994,0.08924227394488643,2.9788732394366195,2.7857142857142856,2.9615384615384617,0.0
157,template_deposition,C,C,none,0,1.0,template_site:index=287:site=C:neigh=2:ahead0=21.713:mode=shell,z,xy,285,128,157,0,157,13597.406017733332,79.68038211558199,500.0,0.001,10.547605122820443,0.010547605122820443,-2605.1409,-2593.6543,-2605.1409,-11.486572,-10.751709,1.0,0.010547605122820443,0.010547605122820443,16,284,287,4,4,1.4627437349751766,-1.2338629881937666,6.411335258342015,61.911411499999964,84.38084098256354,0.0,-16.944847,-271.4864,61.936976543929305,27.171259499999998,34.76571704392931,21.73816004392932,0.006772869537647451,14.884895497302994,58.270008527187215,57.58274331866308,61.91748768232836,4.840425621542546,0.875,19.687013050443042,17.38392681866309,21.71867118232837,1.0,4,50,5,0.1,0.098125,1600,157,0.098125,0.0,1.0,1.8606119371628742,0.12539498758243975,0.12539498758243975,0.012304383156526901,217.1259499999994,0.0906709356962772,2.982456140350877,2.8275862068965516,2.968152866242038,0.0
158,template_deposition,C,C,none,0,1.0,template_site:index=273:site=C:neigh=2:ahead0=21.713:mode=shell,z,xy,286,128,158,0,158,13699.932857619464,102.5268398861313,500.0,0.001,10.547605122820443,0.010547605122820443,-2616.8044,-2605.1409,-2616.8044,-11.663574,-11.249756,1.0,0.010547605122820443,0.010547605122820443,17,285,273,3,3,1.4248708951658136,-2.467723988575284,7.123705130231651,61.911411499999964,84.38084098256354,0.0,-17.083073,-273.70102,61.936976543929305,27.171259499999998,34.76571704392931,21.73816004392932,0.006546625555725405,14.979703748878173,58.114651733393316,57.585203674976285,61.917515869833295,5.19553125022928,0.875,19.531656256649143,17.3863871749763,21.71869936983331,1.0,4,50,5,0.1,0.09875,1600,158,0.09875,0.0,1.0,1.8724629686097716,0.12361807757372875,0.12361807757372875,0.012207285160405715,217.1259499999994,0.08995542106620234,2.986013986013986,2.8666666666666667,2.9746835443037973,0.0
159,template_deposition,C,C,none,0,1.0,template_site:index=283:site=C:neigh=2:ahead0=21.713:mode=shell,z,xy,287,128,159,0,159,13808.39847768343,108.46562006396532,500.0,0.001,10.547605122820443,0.010547605122820443,-2628.081,-2616.8044,-2628.081,-11.276611,-10.886963,1.0,0.010547605122820443,0.010547605122820443,18,286,283,2,2,1.4215967144173765,2.46772428,0.0,61.911411499999964,84.38084098256354,0.0,-17.216713,-275.84216,61.936976543929305,27.171259499999998,34.76571704392931,21.73816004392932,0.006251269952163739,15.074512000453351,58.02920990642689,57.5870316596613,61.91750841086592,5.315120086665563,0.890625,19.44621442968272,17.388215159661314,21.718691910865935,1.0,4,50,5,0.1,0.099375,1600,159,0.099375,0.0,1.0,1.884314000056669,0.12230323540680955,0.12230323540680955,0.012153884018551699,217.1259499999994,0.08956190832870402,2.989547038327526,2.903225806451613,2.981132075471698,0.0
160,template_deposition,C,C,none,0,1.0,template_site:index=282:site=C:neigh=3:ahead0=21.713:mode=shell,z,xy,288,128,160,0,160,14181.77391556789,373.3754378844612,500.0,0.001,10.547605122820443,0.010547605122820443,-2643.3245,-2628.081,-2643.3245,-15.243408,-10.040039,1.0,0.010547605122820443,0.010547605122820443,19,287,282,1,1,1.1717131266529228,3.7015875596184826,0.7123698718896396,61.911411499999964,84.38084098256354,0.0,-17.397362,-278.73648,61.936976543929305,27.171259499999998,34.76571704392931,21.73816004392932,0.0061166049233774234,15.169320252028529,58.1508681375415,57.58274331866308,61.91751158123894,5.04467225803404,0.9375,19.567872660797327,17.38392681866309,21.718695081238955,1.0,4,50,5,0.1,0.1,1600,160,0.1,0.0,1.0,1.896165031503566,0.1222992041299833,0.1222992041299833,0.01222992041299833,217.1259499999994,0.09012222012521941,3.0,3.0,3.0,0.0
161,template_deposition,C,C,none,0,1.0,template_site:index=318:site=C:neigh=0:ahead0=26.055:mode=shell,z,xy,289,128,161,0,161,14259.510988929309,77.73707336141952,500.0,0.001,10.547605122820443,0.010547605122820443,-2645.3223,-2643.3245,-2645.3223,-1.9978027,-1.9855957,0.03484643156682243,0.010547605122820443,0.010547605122820443,1,288,318,32,32,4.343445401228401,3.701585571806233,6.411335258342015,66.25393049999997,84.38084098256354,0.0,-17.42104,-279.11584,66.30437539164856,27.171259499999998,39.133115891648565,26.105558891648577,0.0,15.264128503603708,58.29647979983974,57.585203674976285,61.917839321545735,5.150712722780041,0.9375,19.713484323095564,17.3863871749763,21.71902282154575,1.0,4,50,5,0.1,0.100625,1600,161,0.100625,0.0,1.0,1.9080160629504634,0.12244400200680475,0.12244400200680475,0.012320927701934728,217.1259499999994,0.0907928523656229,2.98961937716263,0.0,2.981366459627329,0.0
162,template_deposition,C,C,none,0,1.0,template_site:index=316:site=C:neigh=1:ahead0=26.055:mode=shell,z,xy,290,128,162,0,162,14364.191987517646,104.68099858833655,500.0,0.001,10.547605122820443,0.010547605122820443,-2653.88,-2645.3223,-2653.88,-8.557617,-8.322998,0.3396586316325281,0.010547605122820443,0.010547605122820443,2,289,316,31,31,1.4255150889159118,4.93544657218775,5.698965386452375,66.25393049999997,84.38084098256354,0.0,-17.522455,-280.7407,66.30851314649472,27.171259499999998,39.13725364649472,26.109696646494733,0.022831322214166505,15.358936755178886,58.2965487624205,57.585203674976285,61.917839321545735,5.150819966131187,0.9375,19.713553285676326,17.3863871749763,21.71902282154575,1.0,4,50,5,0.1,0.10125,1600,162,0.10125,0.0,1.0,1.9198670943973608,0.12168860052886621,0.12168860052886621,0.012320970803547705,217.1259499999994,0.09079316998118549,2.986206896551724,1.0,2.9753086419753085,0.0
163,template_deposition,C,C,none,0,1.0,template_site:index=307:site=C:neigh=1:ahead0=26.055:mode=shell,z,xy,291,128,163,0,163,14427.6109819698,63.41899445215295,500.0,0.001,10.547605122820443,0.010547605122820443,-2661.9294,-2653.88,-2661.9294,-8.049561,-7.442627,0.21134882566362162,0.010547605122820443,0.010547605122820443,3,290,307,30,30,1.4535163123737764,2.467722292187751,5.698965386452375,66.25393049999997,84.38084098256354,0.0,-17.617851,-282.2691,66.29256659948157,27.171259499999998,39.12130709948158,26.09375009948159,0.008097217794050999,15.453745006754064,58.513866680095845,59.7449602573145,61.9246336343408,5.326910228929154,0.9375,19.93087120335167,19.546143757314518,21.725817134340815,1.0,4,50,5,0.1,0.101875,1600,163,0.101875,0.0,1.0,1.931718125844258,0.12227528345614522,0.12227528345614522,0.012456794502094795,217.1259499999994,0.0917940541116883,2.9828178694158076,1.3333333333333333,2.9693251533742333,0.0
164,template_deposition,C,C,none,0,1.0,template_site:index=302:site=C:neigh=1:ahead0=26.055:mode=shell,z,xy,292,128,164,0,164,14429.035867467,1.4248854972002365,500.0,0.001,10.547605122820443,0.010547605122820443,-2670.1406,-2661.9294,-2670.1406,-8.211182,-7.6379395,0.24251871474489423,0.010547605122820443,0.010547605122820443,4,291,302,29,29,1.3725373429462715,-3.7015872681937667,6.411335258342015,66.25393049999997,84.38084098256354,0.0,-17.715162,-283.8282,66.28873346860048,27.171259499999998,39.117473968600486,26.089916968600498,0.01010230306916276,15.548553258329243,58.586423271412414,59.7449602573145,61.9253859296512,5.401813079706858,0.9375,20.00342779466824,19.546143757314518,21.726569429651214,1.0,4,50,5,0.1,0.1025,1600,164,0.1025,0.0,1.0,1.9435691572911553,0.12197212069919659,0.12197212069919659,0.01250214237166765,217.1259499999994,0.09212822232749378,2.9794520547945207,1.5,2.9634146341463414,0.0
165,template_deposition,C,C,none,0,1.0,template_site:index=305:site=C:neigh=1:ahead0=26.055:mode=shell,z,xy,293,128,165,0,165,14431.758032628211,2.7221651612108766,500.0,0.001,10.547605122820443,0.010547605122820443,-2678.0542,-2670.1406,-2678.0542,-7.913574,-7.5891113,0.9993159675542682,0.010547605122820443,0.010547605122820443,4,292,305,28,28,1.3498356711968416,1.2338612918062335,6.411335258342015,66.25393049999997,84.38084098256354,0.0,-17.808947,-285.33078,66.28787180732994,27.171259499999998,39.11661230732994,26.08905530732995,0.010661390940763614,15.64336150990442,58.80359059429598,61.907959113057785,61.92736070675963,5.443774597325507,0.9375,20.22059511755181,21.7091426130578,21.728544206759643,1.0,4,50,5,0.1,0.103125,1600,165,0.103125,0.0,1.0,1.9554201887380525,0.12254906131849581,0.12254906131849581,0.012637871948469881,217.1259499999994,0.09312841287534662,2.9761092150170647,1.6,2.9575757575757575,0.0
166,template_deposition,C,C,none,0,1.0,template_site:index=291:site=C:neigh=1:ahead0=26.055:mode=shell,z,xy,294,128,166,0,166,14557.464140485652,125.70610785744141,500.0,0.001,10.547605122820443,0.010547605122820443,-2686.0068,-2678.0542,-2686.0068,-7.9526367,-7.4433594,0.3200339174283822,0.010547605122820443,0.010547605122820443,5,293,291,27,27,1.4019352105536684,-1.9878122485827987e-06,5.698965386452375,66.25393049999997,84.38084098256354,0.0,-17.903193,-286.84076,66.28830601872683,27.171259499999998,39.11704651872683,26.089489518726843,0.009655789398602047,15.738169761479599,58.948396017880164,61.90970010591608,62.36929869118332,5.524316777334037,0.9375,20.36540054113599,21.710883605916095,22.170482191183332,1.0,4,50,5,0.1,0.10375,1600,166,0.10375,0.0,1.0,1.9672712201849498,0.12268313578997585,0.12268313578997585,0.012728375338209995,217.1259499999994,0.09379533188518484,2.9727891156462585,1.6666666666666667,2.9518072289156625,0.0
167,template_deposition,C,C,none,0,1.0,template_site:index=300:site=C:neigh=1:ahead0=26.055:mode=shell,z,xy,295,128,167,0,167,14581.142267342217,23.678126856564266,500.0,0.001,10.547605122820443,0.010547605122820443,-2694.223,-2686.0068,-2694.223,-8.216064,-7.665039,0.8741172737605643,0.010547605122820443,0.010547605122820443,6,294,300,26,26,1.3919837594927702,-2.467726267812249,5.698965386452375,66.25393049999997,84.38084098256354,0.0,-18.00056,-288.4008,66.28770968711159,27.171259499999998,39.11645018711159,26.0888931871116,0.009149263269793597,15.832978013054777,59.093425292991014,61.91039302184646,66.26094921809315,5.599853835584232,0.9375,20.51042981624684,21.711576521846474,26.06213271809316,1.0,4,50,5,0.1,0.104375,1600,167,0.104375,0.0,1.0,1.9791222516318472,0.12281694500746611,0.12281694500746611,0.012819018635154276,217.1259499999994,0.0944632818704853,2.9694915254237286,1.7142857142857142,2.946107784431138,0.0
168,template_deposition,C,C,none,0,1.0,template_site:index=289:site=C:neigh=2:ahead0=26.055:mode=shell,z,xy,296,128,168,0,168,14774.896720288156,193.75445294593987,500.0,0.001,10.547605122820443,0.010547605122820443,-2706.8306,-2694.223,-2706.8306,-12.607666,-11.604736,1.0,0.010547605122820443,0.010547605122820443,7,295,289,25,25,1.327378030382354,-1.2338629881937666,6.411335258342015,66.25393049999997,84.38084098256354,0.0,-18.149975,-290.79465,66.28770968711159,27.171259499999998,39.11645018711159,26.0888931871116,0.010813603974048533,15.927786264629955,59.45536418199614,61.91077757938828,66.25925947927463,5.343284257264919,0.9375,20.872368705251965,21.711961079388296,26.060442979274647,1.0,4,50,5,0.1,0.105,1600,168,0.105,0.0,1.0,1.9909732830787443,0.12424028991221407,0.12424028991221407,0.013045230440782478,217.1259499999994,0.09613023549350976,2.972972972972973,2.0,2.9523809523809526,0.0
169,template_deposition,C,C,none,0,1.0,template_site:index=288:site=C:neigh=1:ahead0=26.055:mode=shell,z,xy,297,128,169,0,169,14783.690966933702,8.794246645545414,500.0,0.001,10.547605122820443,0.010547605122820443,-2711.8176,-2706.8306,-2711.8176,-4.9870605,-4.3461914,0.9982056369878766,0.010547605122820443,0.010547605122820443,6,296,288,24,24,1.6397665754065114,-1.2338644105435042,7.836077139233043,66.25393049999997,84.38084098256354,0.0,-18.209078,-291.7416,66.28770968711159,27.171259499999998,39.11645018711159,26.0888931871116,0.011148170314856907,16.022594516205135,59.60020515472606,61.91085150404143,66.26373152910325,5.407632450888819,0.9375,21.01720967798189,21.712035004041446,26.06491502910327,1.0,4,50,5,0.1,0.105625,1600,169,0.105625,0.0,1.0,2.002824314525642,0.12436218744367981,0.12436218744367981,0.01313575604873868,217.1259499999994,0.09679731822926715,2.9696969696969697,2.0,2.9467455621301775,0.0
170,template_deposition,C,C,none,0,1.0,template_site:index=309:site=C:neigh=1:ahead0=26.055:mode=shell,z,xy,298,128,170,0,170,14911.913244646226,128.2222777125238,500.0,0.001,10.547605122820443,0.010547605122820443,-2720.016,-2711.8176,-2720.016,-8.198486,-7.310791,0.7767071168135774,0.010547605122820443,0.010547605122820443,7,297,309,23,23,1.4607940107838848,4.93544856,0.0,66.25393049999997,84.38084098256354,0.0,-18.306238,-293.29828,66.28770968711159,27.171259499999998,39.11645018711159,26.0888931871116,0.011283156646827988,16.117402767780312,59.67264214954965,61.91085150404143,66.26159173541764,5.466920725782879,0.9375,21.08964667280548,21.712035004041446,26.062775235417654,1.0,4,50,5,0.1,0.10625,1600,170,0.10625,0.0,1.0,2.014675345972539,0.12405674513414988,0.12405674513414988,0.013181029170503424,217.1259499999994,0.09713093562886213,2.966442953020134,2.0,2.9411764705882355,0.0
171,template_deposition,C,C,none,0,1.0,template_site:index=308:site=C:neigh=1:ahead0=26.055:mode=shell,z,xy,299,128,171,0,171,14919.90392574478,7.990681098553796,500.0,0.001,10.547605122820443,0.010547605122820443,-2727.6465,-2720.016,-2727.6465,-7.630371,-7.0178223,0.9999958252970004,0.010547605122820443,0.010547605122820443,4,298,308,22,22,1.4332513613788085,4.935447137650263,1.4247418808910315,66.25393049999997,84.38084098256354,0.0,-18.396666,-294.74707,66.28770968711159,27.171259499999998,39.11645018711159,26.0888931871116,0.011368092711239357,16.21221101935549,59.52782338150511,61.91085150404143,66.26400186118777,5.8523033216014495,0.9375,20.944827904760935,21.712035004041446,26.06518536118778,1.0,4,50,5,0.1,0.106875,1600,171,0.106875,0.0,1.0,2.026526377419436,0.12248437371205224,0.12248437371205224,0.013090517440475584,217.1259499999994,0.0964639551594869,2.963210702341137,2.0,2.935672514619883,0.0
172,template_deposition,C,C,none,0,1.0,template_site:index=313:site=C:neigh=1:ahead0=26.055:mode=shell,z,xy,300,128,172,0,172,14953.663131301897,33.75920555711684,500.0,0.001,10.547605122820443,0.010547605122820443,-2736.0063,-2727.6465,-2736.0063,-8.359863,-7.656494,0.9999999896578814,0.010547605122820443,0.010547605122820443,6,299,313,21,21,1.3914141078616629,6.169310417268744,2.137111752780671,66.25393049999997,84.38084098256354,0.0,-18.495739,-296.3344,66.28770968711159,27.171259499999998,39.11645018711159,26.0888931871116,0.011026268796322403,16.30701927093067,59.600301171292124,61.91097358231284,66.2627877525208,5.908029095951604,0.9375,21.01730569454795,21.712157082312856,26.06397125252081,1.0,4,50,5,0.1,0.1075,1600,172,0.1075,0.0,1.0,2.038377408866334,0.1221936377589997,0.1221936377589997,0.013135816059092469,217.1259499999994,0.09679776044525314,2.96,2.0,2.9302325581395348,0.0
173,template_deposition,C,C,none,0,1.0,template_site:index=312:site=C:neigh=1:ahead0=26.055:mode=shell,z,xy,301,128,173,0,173,15224.388980275775,270.72584897387753,500.0,0.001,10.547605122820443,0.010547605122820443,-2744.0671,-2736.0063,-2744.0671,-8.060791,-7.4960938,0.999999915837948,0.010547605122820443,0.010547605122820443,9,300,312,20,20,1.4009524611541988,6.169308994919007,3.561853633671703,66.25393049999997,84.38084098256354,0.0,-18.591267,-297.86493,66.28912884758671,27.171259499999998,39.11786934758671,26.090312347586725,0.011417756004539238,16.401827522505847,59.74526223075866,61.91104910209519,66.26291056827205,5.96272413312185,0.9375,21.16226675401449,21.712232602095206,26.064094068272063,1.0,4,50,5,0.1,0.108125,1600,173,0.108125,0.0,1.0,2.050228440313231,0.12232524135268491,0.12232524135268491,0.013226416721259055,217.1259499999994,0.09746539625509779,2.956810631229236,2.0,2.9248554913294798,0.0
174,template_deposition,C,C,none,0,1.0,template_site:index=301:site=C:neigh=2:ahead0=26.055:mode=shell,z,xy,302,128,174,0,174,15305.44248956659,81.05350929081645,500.0,0.001,10.547605122820443,0.010547605122820443,-2755.0806,-2744.0671,-2755.0806,-11.013428,-9.407471,1.0,0.010547605122820443,0.010547605122820443,10,301,301,19,19,1.391559745937887,-2.4677248454625107,4.274223505561342,66.25393049999997,84.38084098256354,0.0,-18.721788,-299.95612,66.28912884758671,27.171259499999998,39.11786934758671,26.090312347586725,0.012025657253820094,16.496635774081025,59.8175170872608,61.91104910209519,66.26301606306858,6.014611188952629,0.9375,21.23452161051663,21.712232602095206,26.06419956306859,1.0,4,50,5,0.1,0.10875,1600,174,0.10875,0.0,1.0,2.062079471760128,0.12203748052021052,0.12203748052021052,0.013271576006572893,217.1259499999994,0.09779817479447615,2.9602649006622515,2.142857142857143,2.9310344827586206,0.0
175,template_deposition,C,C,none,0,1.0,template_site:index=296:site=C:neigh=1:ahead0=26.055:mode=shell,z,xy,303,128,175,0,175,15311.475382775994,6.032893209402988,500.0,0.001,10.547605122820443,0.010547605122820443,-2761.3616,-2755.0806,-2761.3616,-6.281006,-5.579834,0.9999748714562813,0.010547605122820443,0.010547605122820443,9,302,296,18,18,1.5073534426867894,-1.2338638450809936,3.561853633671703,66.25393049999997,84.38084098256354,0.0,-18.796225,-301.1487,66.28912884758671,27.171259499999998,39.11786934758671,26.090312347586725,0.01213016473832402,16.591444025656205,59.96235103401129,61.9111510848509,66.26297957949339,6.063135288461436,0.9375,21.379355557267118,21.712334584850915,26.064163079493404,1.0,4,50,5,0.1,0.109375,1600,175,0.109375,0.0,1.0,2.0739305032070257,0.12216774604152639,0.12216774604152639,0.013362097223291949,217.1259499999994,0.09846522517122978,2.957095709570957,2.1333333333333333,2.9257142857142857,0.0
176,template_deposition,C,C,none,0,1.0,template_site:index=290:site=C:neigh=2:ahead0=26.055:mode=shell,z,xy,304,128,176,0,176,15332.438424014736,20.963041238741685,500.0,0.001,10.547605122820443,0.010547605122820443,-2771.882,-2761.3616,-2771.882,-10.520508,-9.413086,1.0,0.010547605122820443,0.010547605122820443,10,303,290,17,17,1.4181213759740559,-5.654625110373956e-07,4.274223505561342,66.25393049999997,84.38084098256354,0.0,-18.920902,-303.14627,66.28912884758671,27.171259499999998,39.11786934758671,26.090312347586725,0.012190544482169026,16.686252277231382,60.10690706564859,61.911321301592594,66.26137457708141,6.107689660289271,0.9375,21.52391158890442,21.71250480159261,26.062558077081427,1.0,4,50,5,0.1,0.11,1600,176,0.11,0.0,1.0,2.085781534653923,0.1222949522096842,0.1222949522096842,0.013452444743065261,217.1259499999994,0.09913099557609065,2.960526315789474,2.25,2.9318181818181817,0.0
177,template_deposition,C,C,none,0,1.0,template_site:index=297:site=C:neigh=1:ahead0=26.055:mode=shell,z,xy,305,128,177,0,177,15347.154356032654,14.715932017918247,500.0,0.001,10.547605122820443,0.010547605122820443,-2778.2688,-2771.882,-2778.2688,-6.3867188,-5.89624,0.8677490078898289,0.010547605122820443,0.010547605122820443,9,304,297,16,16,1.4898602724365926,-1.2338624227312553,2.137111752780671,66.25393049999997,84.38084098256354,0.0,-18.996592,-304.35895,66.28912884758671,27.171259499999998,39.11786934758671,26.090312347586725,0.012068674389367415,16.78106052880656,60.39637026181051,61.911966926091125,66.26310074197103,5.979372123293383,0.9375,21.813374785066337,21.71315042609114,26.064284241971045,1.0,4,50,5,0.1,0.110625,1600,177,0.110625,0.0,1.0,2.09763256610082,0.12323940556534653,0.12323940556534653,0.01363335924066646,217.1259499999994,0.10046415357107889,2.957377049180328,2.235294117647059,2.926553672316384,0.0
178,template_deposition,C,C,none,0,1.0,template_site:index=315:site=C:neigh=2:ahead0=26.055:mode=shell,z,xy,306,128,178,0,178,15361.148184438742,13.993828406088658,500.0,0.001,10.547605122820443,0.010547605122820443,-2787.6746,-2778.2688,-2787.6746,-9.405762,-8.346436,0.9999999824827296,0.010547605122820443,0.010547605122820443,10,305,315,15,15,1.4138976514285941,7.403171417650262,1.4247418808910315,66.25393049999997,84.38084098256354,0.0,-19.10806,-306.1449,66.28912884758671,27.171259499999998,39.11786934758671,26.090312347586725,0.011998295143329092,16.87586878038174,60.54096191513387,61.911966926091125,66.26104924365775,6.014056522766053,0.9375,21.957966438389697,21.71315042609114,26.062232743657766,1.0,4,50,5,0.1,0.11125,1600,178,0.11125,0.0,1.0,2.1094835975477175,0.12335936201342526,0.12335936201342526,0.013723729023993561,217.1259499999994,0.1011300880359522,2.9607843137254903,2.3333333333333335,2.932584269662921,0.0
179,template_deposition,C,C,none,0,1.0,template_site:index=295:site=C:neigh=1:ahead0=26.055:mode=shell,z,xy,307,128,179,0,179,15463.665062782578,102.51687834383593,500.0,0.001,10.547605122820443,0.010547605122820443,-2794.7356,-2787.6746,-2794.7356,-7.061035,-6.753418,0.9070213029443452,0.010547605122820443,0.010547605122820443,10,306,295,14,14,1.44353527946672,1.2338604349190074,3.561853633671703,66.25393049999997,84.38084098256354,0.0,-19.19174,-307.4856,66.29097270358513,27.171259499999998,39.11971320358513,26.09215620358514,0.012110664687640913,16.970677031956917,60.61351063583286,61.9127883238782,66.2641366570525,6.004204586688442,0.9375,22.030515159088687,21.713971823878218,26.06532015705252,1.0,4,50,5,0.1,0.111875,1600,179,0.111875,0.0,1.0,2.1213346289946147,0.1230755036820597,0.1230755036820597,0.01376907197443043,217.1259499999994,0.1014642200026701,2.957654723127036,2.3157894736842106,2.9273743016759775,0.0
180,template_deposition,C,C,none,0,1.0,template_site:index=306:site=C:neigh=2:ahead0=26.055:mode=shell,z,xy,308,128,180,0,180,15470.885520464246,7.22045768166685,500.0,0.001,10.547605122820443,0.010547605122820443,-2803.9302,-2794.7356,-2803.9302,-9.19458,-7.847412,0.9862431564951701,0.010547605122820443,0.010547605122820443,11,307,306,13,13,1.4127428759451361,2.4677237145374886,4.274223505561342,66.25393049999997,84.38084098256354,0.0,-19.300707,-309.2314,66.2979827207999,27.171259499999998,39.126723220799896,26.09916622079991,0.012786337181099268,17.065485283532094,60.68576092093004,61.913152233321725,66.2613173918892,6.045271210715084,0.9375,22.10276544418587,21.71433573332174,26.062500891889208,1.0,4,50,5,0.1,0.1125,1600,180,0.1125,0.0,1.0,2.133185660441512,0.12279314135658817,0.12279314135658817,0.01381422840261617,217.1259499999994,0.10179697748788633,2.961038961038961,2.4,2.933333333333333,0.0
181,template_deposition,C,C,none,0,1.0,template_site:index=304:site=C:neigh=1:ahead0=26.055:mode=shell,z,xy,309,128,181,0,181,15664.882331358529,193.99681089428273,500.0,0.001,10.547605122820443,0.010547605122820443,-2812.959,-2803.9302,-2812.959,-9.028809,-7.5129395,0.9998857905222133,0.010547605122820443,0.010547605122820443,14,308,304,12,12,1.4696497990226778,1.233859869456495,7.836077139233043,66.25393049999997,84.38084098256354,0.0,-19.407707,-310.94577,66.29803592796213,27.171259499999998,39.126776427962135,26.099219427962147,0.012453585144948829,17.160293535107275,60.830441899309236,61.912997401907205,66.26007788199128,5.474145998919919,0.9375,22.247446422565062,21.71418090190722,26.061261381991294,1.0,4,50,5,0.1,0.113125,1600,181,0.113125,0.0,1.0,2.1450366918884094,0.12291406863295615,0.12291406863295615,0.013904654014103164,217.1259499999994,0.1024633233501805,2.9644012944983817,2.4761904761904763,2.9392265193370166,0.0
182,template_deposition,C,C,none,0,1.0,template_site:index=314:site=C:neigh=2:ahead0=26.055:mode=shell,z,xy,310,128,182,0,182,15800.804526118915,135.92219476038625,500.0,0.001,10.547605122820443,0.010547605122820443,-2824.2415,-2812.959,-2824.2415,-11.282471,-9.811035,1.0,0.010547605122820443,0.010547605122820443,15,309,314,11,11,1.4918302229462574,7.40317284,0.0,66.25393049999997,84.38084098256354,0.0,-19.541416,-313.088,66.29737716635601,27.171259499999998,39.126117666356016,26.09856066635603,0.012295015386970424,17.255101786682452,60.54060465200827,61.912997401907205,66.25910559091294,6.11763874709194,0.9375,21.957609175264096,21.71418090190722,26.060289090912953,1.0,4,50,5,0.1,0.11375,1600,182,0.11375,0.0,1.0,2.1568877233353065,0.12064620425969284,0.12064620425969284,0.01372350573454006,217.1259499999994,0.10112844261712686,2.967741935483871,2.5454545454545454,2.9450549450549453,0.0
183,template_deposition,C,C,none,0,1.0,template_site:index=319:site=C:neigh=2:ahead0=26.055:mode=shell,z,xy,311,128,183,0,183,15973.693574114543,172.88904799562772,500.0,0.001,10.547605122820443,0.010547605122820443,-2834.664,-2824.2415,-2834.664,-10.422607,-8.686768,1.0,0.010547605122820443,0.010547605122820443,13,310,319,10,10,1.510139001393876,3.7015841494564965,7.836077139233043,66.25393049999997,84.38084098256354,0.0,-19.664934,-315.067,66.2913494485652,27.171259499999998,39.1200899485652,26.092532948565214,0.011377994065700746,17.34991003825763,60.83006224702658,61.913765393906345,66.2600181990946,6.072684512105691,0.9375,22.24706677028241,21.71494889390636,26.061201699094617,1.0,4,50,5,0.1,0.114375,1600,183,0.114375,0.0,1.0,2.1687387547822037,0.12156867087586015,0.12156867087586015,0.013904416731426505,217.1259499999994,0.10246157481536625,2.9710610932475885,2.608695652173913,2.9508196721311477,0.0
184,template_deposition,C,C,none,0,1.0,template_site:index=317:site=C:neigh=1:ahead0=26.055:mode=shell,z,xy,312,128,184,0,184,16125.44702951035,151.75345539580627,500.0,0.001,10.547605122820443,0.010547605122820443,-2844.7334,-2834.664,-2844.7334,-10.069336,-7.925293,0.9999999709262204,0.010547605122820443,0.010547605122820443,15,311,317,9,9,1.494780889746932,4.935447994537489,4.274223505561342,66.25393049999997,84.38084098256354,0.0,-19.784266,-316.97888,66.28637894392236,27.171259499999998,39.11511944392236,26.087562443922373,0.010204564552970719,17.444718289832807,60.97465115014844,61.91461580320585,66.26108066051658,6.096480647200303,0.9375,22.391655673404266,21.715799303205863,26.062264160516598,1.0,4,50,5,0.1,0.115,1600,184,0.115,0.0,1.0,2.180589786229101,0.12169378083371883,0.12169378083371883,0.013994784795877666,217.1259499999994,0.10312749661385168,2.9743589743589745,2.6666666666666665,2.9565217391304346,0.0
185,template_deposition,C,C,none,0,1.0,template_site:index=311:site=C:neigh=2:ahead0=26.055:mode=shell,z,xy,313,128,185,0,185,16238.024793916564,112.57776440621389,500.0,0.001,10.547605122820443,0.010547605122820443,-2856.0632,-2844.7334,-2856.0632,-11.329834,-10.294434,1.0,0.010547605122820443,0.010547605122820443,15,312,311,8,8,1.4785131880876903,3.701584714919006,3.561853633671703,66.25393049999997,84.38084098256354,0.0,-19.918537,-319.13016,66.28222089045265,27.171259499999998,39.11096139045265,26.083404390452664,0.009274484478479336,17.539526541407987,61.046754433072024,61.91461580320585,66.26079143693478,6.08118254834445,0.9375,22.46375895632785,21.715799303205863,26.061974936934796,1.0,4,50,5,0.1,0.115625,1600,185,0.115625,0.0,1.0,2.1924408176759984,0.12142572408825865,0.12142572408825865,0.014039849347704907,217.1259499999994,0.1034595770626584,2.977635782747604,2.72,2.962162162162162,0.0
186,template_deposition,C,C,none,0,1.0,template_site:index=310:site=C:neigh=2:ahead0=26.055:mode=shell,z,xy,314,128,186,0,186,16355.398302251471,117.37350833490746,500.0,0.001,10.547605122820443,0.010547605122820443,-2867.521,-2856.0632,-2867.521,-11.457764,-11.115234,1.0,0.010547605122820443,0.010547605122820443,14,313,310,7,7,1.384734538018447,3.7015861372687446,2.137111752780671,66.25393049999997,84.38084098256354,0.0,-20.054323,-321.3057,66.28222089045265,27.171259499999998,39.11096139045265,26.083404390452664,0.008901740460972278,17.634334792983164,61.69810120373961,61.91711543262126,66.26067031716487,5.518266831856505,0.9375,23.115105726995438,21.718298932621273,26.06185381716488,1.0,4,50,5,0.1,0.11625,1600,186,0.11625,0.0,1.0,2.2042918491228956,0.12427476197309376,0.12427476197309376,0.014446941079372149,217.1259499999994,0.10645943392300876,2.9808917197452227,2.769230769230769,2.967741935483871,0.0
187,template_deposition,C,C,none,0,1.0,template_site:index=294:site=C:neigh=1:ahead0=26.055:mode=shell,z,xy,315,128,187,0,187,16519.088003853012,163.68970160154188,500.0,0.001,10.547605122820443,0.010547605122820443,-2874.9668,-2867.521,-2874.9668,-7.445801,-7.259033,0.42343404538372426,0.010547605122820443,0.010547605122820443,14,314,294,6,6,1.4573026407797547,1.2338618572687443,2.137111752780671,66.25393049999997,84.38084098256354,0.0,-20.142563,-322.71945,66.28222089045265,27.171259499999998,39.11096139045265,26.083404390452664,0.008815274391156761,17.72914304455834,61.8428456485374,61.91758430816282,66.26067031716487,5.522027578930464,0.9375,23.259850171793225,21.718767808162838,26.06185381716488,1.0,4,50,5,0.1,0.116875,1600,187,0.116875,0.0,1.0,2.2161428805697927,0.12438422551761083,0.12438422551761083,0.014537406357370766,217.1259499999994,0.10712607208762145,2.977777777777778,2.740740740740741,2.962566844919786,0.0
188,template_deposition,C,C,none,0,1.0,template_site:index=299:site=C:neigh=2:ahead0=26.055:mode=shell,z,xy,316,128,188,0,188,16899.11387391937,380.0258700663579,500.0,0.001,10.547605122820443,0.010547605122820443,-2886.9836,-2874.9668,-2886.9836,-12.016846,-11.715088,0.9070250443362526,0.010547605122820443,0.010547605122820443,15,315,299,5,5,1.4068482301128018,-1.4223497377674477e-06,1.4247418808910315,66.25393049999997,84.38084098256354,0.0,-20.284975,-325.00113,66.27831462469695,27.171259499999998,39.10705512469695,26.07949812469696,0.008106900253935857,17.823951296133522,61.91504401603947,61.91711543262126,66.26067031716487,5.493886253866258,0.9375,23.332048539295293,21.718298932621273,26.06185381716488,1.0,4,50,5,0.1,0.1175,1600,188,0.1175,0.0,1.0,2.2279939120166903,0.12410664116646433,0.12410664116646433,0.014582530337059559,217.1259499999994,0.10745859046003188,2.981012658227848,2.7857142857142856,2.9680851063829787,0.0
189,template_deposition,C,C,none,0,1.0,template_site:index=292:site=C:neigh=2:ahead0=26.055:mode=shell,z,xy,317,128,189,0,189,17295.117774599315,396.0039006799452,500.0,0.001,10.547605122820443,0.010547605122820443,-2897.9795,-2886.9836,-2897.9795,-10.99585,-10.518311,0.6687678028719583,0.010547605122820443,0.010547605122820443,16,316,292,4,4,1.4279543678319626,2.467722857650262,1.4247418808910315,66.25393049999997,84.38084098256354,0.0,-20.415287,-327.08896,66.27831462469695,27.171259499999998,39.10705512469695,26.07949812469696,0.007796983474058233,17.9187595477087,62.20424509356346,61.92155497738689,66.2607520620591,5.486009399550307,0.9375,23.621249616819284,21.722738477386905,26.061935562059112,1.0,5,50,6,0.12,0.118125,1600,189,0.118125,0.0,1.0,2.2398449434635874,0.12498015670274754,0.12498015670274754,0.014763281010512053,217.1259499999994,0.10879054123571756,2.9842271293375395,2.8275862068965516,2.9735449735449735,0.0
190,template_deposition,C,C,none,0,1.0,template_site:index=293:site=C:neigh=2:ahead0=26.055:mode=shell,z,xy,318,128,190,0,190,17351.61698037349,56.499205774172864,500.0,0.001,10.547605122820443,0.010547605122820443,-2909.7454,-2897.9795,-2909.7454,-11.765869,-11.461426,0.9749230500794294,0.010547605122820443,0.010547605122820443,17,317,293,3,3,1.42111017520359,2.46772428,0.0,66.25393049999997,84.38084098256354,0.0,-20.554726,-329.32303,66.27831462469695,27.171259499999998,39.10705512469695,26.07949812469696,0.007368556747176655,18.013567799283877,62.13205846735528,61.92155497738689,66.2607520620591,5.517987283266681,0.9375,23.549062990611105,21.722738477386905,26.061935562059112,1.0,5,50,6,0.12,0.11875,1600,190,0.11875,0.0,1.0,2.2516959749104846,0.12394243679269003,0.12394243679269003,0.014718164369131941,217.1259499999994,0.10845807693926576,2.9874213836477987,2.8666666666666667,2.9789473684210526,0.0
191,template_deposition,C,C,none,0,1.0,template_site:index=298:site=C:neigh=2:ahead0=26.055:mode=shell,z,xy,319,128,191,0,191,17422.24386791743,70.62688754394088,500.0,0.001,10.547605122820443,0.010547605122820443,-2921.2998,-2909.7454,-2921.2998,-11.554443,-11.224609,0.13553630755281199,0.010547605122820443,0.010547605122820443,18,318,298,2,2,1.3761570974073793,0.0,0.0,66.25393049999997,84.38084098256354,0.0,-20.691658,-331.5169,66.27555827226682,27.171259499999998,39.10429877226682,26.076741772266836,0.006728818783071116,18.108376050859057,62.20414034861817,61.92578875220953,66.2607520620591,5.6552253007983495,0.9375,23.621144871873994,21.726972252209542,26.061935562059112,1.0,5,50,6,0.12,0.119375,1600,191,0.119375,0.0,1.0,2.263547006357382,0.1236709155595497,0.1236709155595497,0.014763215544921247,217.1259499999994,0.10879005882011827,2.9905956112852663,2.903225806451613,2.9842931937172774,0.0
192,template_deposition,C,C,none,0,1.0,template_site:index=303:site=C:neigh=3:ahead0=26.055:mode=shell,z,xy,320,128,192,0,192,17634.772254841533,212.5283869241013,500.0,0.001,10.547605122820443,0.010547605122820443,-2936.9824,-2921.2998,-2936.9824,-15.682617,-15.43457,1.0,0.010547605122820443,0.010547605122820443,19,319,303,1,1,1.3894471877674865,-3.7015886905435047,7.836077139233043,66.25393049999997,84.38084098256354,0.0,-20.877512,-334.49463,66.27395301341421,27.171259499999998,39.102693513414216,26.07513651341423,0.006225080483358554,18.203184302434234,62.349020221465146,61.93163441216838,66.26082739508504,5.645962032519538,0.9375,23.766024744720973,21.732817912168393,26.06201089508506,1.0,5,50,6,0.12,0.12,1600,192,0.12,0.0,1.0,2.2753980378042793,0.12378137887875507,0.12378137887875507,0.014853765465450608,217.1259499999994,0.10945732071510125,3.0,3.0,3.0,0.0
193,template_deposition,C,C,none,0,1.0,template_site:index=320:site=C:neigh=0:ahead0=30.398:mode=shell,z,xy,321,128,193,0,193,17714.308669718102,79.53641487656762,500.0,0.001,10.547605122820443,0.010547605122820443,-2938.9768,-2936.9824,-2938.9768,-1.9943848,-1.9829102,0.032643247537271415,0.010547605122820443,0.010547605122820443,1,320,320,32,32,4.322554167145648,3.701585571806233,6.411335258342015,70.59644949999996,84.38084098256354,0.0,-20.901148,-334.87332,70.64579919018944,27.171259499999998,43.47453969018944,30.44698269018945,0.0,18.29799255400941,62.49460397156664,64.09324264556648,66.2626786800353,5.744542395944334,0.9375,23.911608494822467,23.89442614556649,26.063862180035308,1.0,5,50,6,0.12,0.120625,1600,193,0.120625,0.0,1.0,2.2872490692511764,0.1238943445327589,0.1238943445327589,0.014944755309264042,217.1259499999994,0.11012782440248406,2.9906542056074765,0.0,2.9844559585492227,0.0
194,template_deposition,C,C,none,0,1.0,template_site:index=321:site=C:neigh=1:ahead0=30.398:mode=shell,z,xy,322,128,194,0,194,17731.44867583688,17.14000611877778,500.0,0.001,10.547605122820443,0.010547605122820443,-2947.5361,-2938.9768,-2947.5361,-8.559326,-8.323975,0.33207179330998626,0.010547605122820443,0.010547605122820443,2,321,321,31,31,1.4256893101685792,4.935448851424716,7.123705130231651,70.59644949999996,84.38084098256354,0.0,-21.002584,-336.4985,70.64989513033599,27.171259499999998,43.478635630335994,30.451078630336006,0.022345597780692117,18.392800805584592,62.566857537611,64.09324264556648,66.2626786800353,5.818416313451007,0.9375,23.983862060866826,23.89442614556649,26.063862180035308,1.0,5,50,6,0.12,0.12125,1600,194,0.12125,0.0,1.0,2.299100100698074,0.12362815495292179,0.12362815495292179,0.014989913788041766,217.1259499999994,0.110460596998502,2.987577639751553,1.0,2.979381443298969,0.0
195,template_deposition,C,C,none,0,1.0,template_site:index=334:site=C:neigh=1:ahead0=30.398:mode=shell,z,xy,323,128,195,0,195,17795.90538265834,64.45670682146098,500.0,0.001,10.547605122820443,0.010547605122820443,-2955.587,-2947.5361,-2955.587,-8.050781,-7.444092,0.21325180471911598,0.010547605122820443,0.010547605122820443,3,322,334,30,30,1.4534262070770703,2.467724571424717,7.123705130231651,70.59644949999996,84.38084098256354,0.0,-21.097994,-338.02713,70.63414145314016,27.171259499999998,43.46288195314016,30.435324953140174,0.007833270658266077,18.48760905715977,62.711942150904925,66.250164238962,66.26364829366541,5.908094318818711,0.9375,24.12894667416075,26.051347738962015,26.064831793665427,1.0,5,50,6,0.12,0.121875,1600,195,0.121875,0.0,1.0,2.310951132144971,0.12373818807261924,0.12373818807261924,0.015080591671350469,217.1259499999994,0.1111288018505426,2.984520123839009,1.3333333333333333,2.9743589743589745,0.0
196,template_deposition,C,C,none,0,1.0,template_site:index=335:site=C:neigh=1:ahead0=30.398:mode=shell,z,xy,324,128,196,0,196,17797.584954042133,1.6795713837925534,500.0,0.001,10.547605122820443,0.010547605122820443,-2963.8071,-2955.587,-2963.8071,-8.220215,-7.6879883,0.7585206764576622,0.010547605122820443,0.010547605122820443,4,323,335,29,29,1.3666340093390483,1.2338612918062335,6.411335258342015,70.59644949999996,84.38084098256354,0.0,-21.195414,-339.58798,70.63041996515503,27.171259499999998,43.45916046515503,30.431603465155042,0.011500866140025597,18.582417308734946,63.218742963981306,66.251121957048,66.26424356580232,5.21921609876288,0.9375,24.635747487237133,26.052305457048014,26.065427065802332,1.0,5,50,6,0.12,0.1225,1600,196,0.1225,0.0,1.0,2.3228021635918683,0.12569258922059762,0.12569258922059762,0.015397342179523208,217.1259499999994,0.11346293470327799,2.9814814814814814,1.5,2.9693877551020407,0.0
197,template_deposition,C,C,none,0,1.0,template_site:index=336:site=C:neigh=1:ahead0=30.398:mode=shell,z,xy,325,128,197,0,197,17814.98971013172,17.404756089583994,500.0,0.001,10.547605122820443,0.010547605122820443,-2971.7083,-2963.8071,-2971.7083,-7.901123,-7.5686035,0.9991224557644285,0.010547605122820443,0.010547605122820443,4,324,336,28,28,1.3529694474741312,-3.7015872681937667,6.411335258342015,70.59644949999996,84.38084098256354,0.0,-21.28905,-341.08817,70.62963313617956,27.171259499999998,43.458373636179566,30.43081663617958,0.011271131392608644,18.677225560310127,63.29102393771482,66.251121957048,66.26847248341308,5.290428758638604,0.9375,24.708028460970645,26.052305457048014,26.069655983413092,1.0,5,50,6,0.12,0.123125,1600,197,0.123125,0.0,1.0,2.334653195038766,0.12542146426888653,0.12542146426888653,0.015442517788106654,217.1259499999994,0.11379583352874548,2.9784615384615383,1.6,2.964467005076142,0.0
198,template_deposition,C,C,none,0,1.0,template_site:index=350:site=C:neigh=1:ahead0=30.398:mode=shell,z,xy,326,128,198,0,198,17857.8992573626,42.909547230879184,500.0,0.001,10.547605122820443,0.010547605122820443,-2979.6482,-2971.7083,-2979.6482,-7.9399414,-7.4733887,0.6457981421931113,0.010547605122820443,0.010547605122820443,5,325,350,27,27,1.4089765494821849,2.914247172469686e-07,7.123705130231651,70.59644949999996,84.38084098256354,0.0,-21.383146,-342.5958,70.62977701485626,27.171259499999998,43.45851751485626,30.430960514856274,0.01067025671925328,18.772033811885304,63.363529829284,66.251121957048,66.70365327614552,5.359984558298375,0.9375,24.780534352539824,26.052305457048014,26.50483677614553,1.0,5,50,6,0.12,0.12375,1600,198,0.12375,0.0,1.0,2.346504226485663,0.12515421390171627,0.12515421390171627,0.01548783397033739,217.1259499999994,0.11412976824069114,2.9754601226993866,1.6666666666666667,2.95959595959596,0.0
199,template_deposition,C,C,none,0,1.0,template_site:index=337:site=C:neigh=1:ahead0=30.398:mode=shell,z,xy,327,128,199,0,199,17958.09645418819,100.19719682559465,500.0,0.001,10.547605122820443,0.010547605122820443,-2987.8328,-2979.6482,-2987.8328,-8.18457,-7.59375,0.9031311499050122,0.010547605122820443,0.010547605122820443,6,326,337,26,26,1.395664336254884,-2.467723988575284,7.123705130231651,70.59644949999996,84.38084098256354,0.0,-21.48014,-344.1498,70.62984614377339,27.171259499999998,43.458586643773394,30.431029643773407,0.009975624227772333,18.86684206346048,63.508510368433356,66.25144211857224,70.60146948911616,5.435854566856438,0.9375,24.925514891689183,26.052625618572257,30.40265298911617,1.0,5,50,6,0.12,0.124375,1600,199,0.124375,0.0,1.0,2.35835525793256,0.12525384367683007,0.12525384367683007,0.015578446807305739,217.1259499999994,0.11479749376658686,2.9724770642201834,1.7142857142857142,2.9547738693467336,0.0
200,template_deposition,C,C,none,0,1.0,template_site:index=351:site=C:neigh=2:ahead0=30.398:mode=shell,z,xy,328,128,200,0,200,18151.65862389592,193.56216970772823,500.0,0.001,10.547605122820443,0.010547605122820443,-3000.4844,-2987.8328,-3000.4844,-12.651611,-11.592285,1.0,0.010547605122820443,0.010547605122820443,7,327,351,25,25,1.347188215324512,-1.2338629881937666,6.411335258342015,70.59644949999996,84.38084098256354,0.0,-21.630075,-346.55203,70.62984614377339,27.171259499999998,43.458586643773394,30.431029643773407,0.011219851205395617,18.961650315035662,63.725548392461135,66.25174473036205,70.60127189281215,5.4544586831531445,0.9375,25.142552915716962,26.052928230362063,30.402455392812165,1.0,5,50,6,0.12,0.125,1600,200,0.125,0.0,1.0,2.3702062893794578,0.12571276457858482,0.12571276457858482,0.015714095572323103,217.1259499999994,0.11579708881281593,2.975609756097561,2.0,2.96,0.0
201,template_deposition,C,C,none,0,1.0,template_site:index=338:site=C:neigh=1:ahead0=30.398:mode=shell,z,xy,329,128,201,0,201,18180.092016262442,28.433392366522792,500.0,0.001,10.547605122820443,0.010547605122820443,-3005.4653,-3000.4844,-3005.4653,-4.980957,-4.282715,0.9977122891024913,0.010547605122820443,0.010547605122820443,6,328,338,24,24,1.6538609786855154,-1.2338615658440286,4.98659337745098,70.59644949999996,84.38084098256354,0.0,-21.689106,-347.4978,70.62984614377339,27.171259499999998,43.458586643773394,30.431029643773407,0.011490961980818514,19.05645856661084,63.87038854285678,66.25222190520657,70.60488316091282,5.519409361192493,0.9375,25.287393066112607,26.053405405206583,30.406066660912835,1.0,5,50,6,0.12,0.125625,1600,201,0.125625,0.0,1.0,2.382057320826355,0.12580792570205276,0.12580792570205276,0.01580462066632038,217.1259499999994,0.11646416776121268,2.972644376899696,2.0,2.955223880597015,0.0
202,template_deposition,C,C,none,0,1.0,template_site:index=348:site=C:neigh=1:ahead0=30.398:mode=shell,z,xy,330,128,202,0,202,18351.931386930275,171.8393706678333,500.0,0.001,10.547605122820443,0.010547605122820443,-3013.6624,-3005.4653,-3013.6624,-8.1970215,-7.2871094,0.7017419214258248,0.010547605122820443,0.010547605122820443,7,329,348,23,23,1.462188017696361,-5.654625110373956e-07,4.274223505561342,70.59644949999996,84.38084098256354,0.0,-21.78625,-349.0542,70.62984614377339,27.171259499999998,43.458586643773394,30.431029643773407,0.011491698863569707,19.151266818186016,63.65335535303152,66.25174473036205,70.60398441685544,5.5067425016412805,0.9375,25.07035987628735,26.052928230362063,30.405167916855454,1.0,5,50,6,0.12,0.12625,1600,202,0.12625,0.0,1.0,2.393908352273252,0.12411069245686807,0.12411069245686807,0.01566897492267959,217.1259499999994,0.11546459497949194,2.9696969696969697,2.0,2.9504950495049505,0.0
203,template_deposition,C,C,none,0,1.0,template_site:index=342:site=C:neigh=1:ahead0=30.398:mode=shell,z,xy,331,128,203,0,203,18368.318408666575,16.387021736299424,500.0,0.001,10.547605122820443,0.010547605122820443,-3021.2974,-3013.6624,-3021.2974,-7.63501,-7.0195312,0.9999935418424172,0.010547605122820443,0.010547605122820443,4,330,342,22,22,1.4336444363803593,8.568872265080074e-07,2.849481624670311,70.59644949999996,84.38084098256354,0.0,-21.876732,-350.5039,70.62984614377339,27.171259499999998,43.458586643773394,30.431029643773407,0.011517088440488507,19.246075069761197,64.37702953796085,66.25287096503001,70.60497130491657,5.101201087973826,0.9375,25.794034061216678,26.054054465030028,30.40615480491659,1.0,5,50,6,0.12,0.126875,1600,203,0.126875,0.0,1.0,2.4057593837201496,0.1270642071981117,0.1270642071981117,0.016121271288260422,217.1259499999994,0.11879756455281716,2.9667673716012084,2.0,2.9458128078817736,0.0
204,template_deposition,C,C,none,0,1.0,template_site:index=344:site=C:neigh=1:ahead0=30.398:mode=shell,z,xy,332,128,204,0,204,18406.21013841355,37.89172974697588,500.0,0.001,10.547605122820443,0.010547605122820443,-3029.6619,-3021.2974,-3029.6619,-8.364502,-7.6606445,0.9999999898896493,0.010547605122820443,0.010547605122820443,6,331,344,21,21,1.3914444418668648,1.2338618572687443,2.137111752780671,70.59644949999996,84.38084098256354,0.0,-21.975859,-352.09207,70.62984614377339,27.171259499999998,43.458586643773394,30.431029643773407,0.011147279834989412,19.340883321336374,64.44950819006844,66.25287096503001,70.60485508741877,5.157931154436234,0.9375,25.86651271332427,26.054054465030028,30.406038587418784,1.0,5,50,6,0.12,0.1275,1600,204,0.1275,0.0,1.0,2.4176104151670468,0.126796630947668,0.126796630947668,0.016166570445827668,217.1259499999994,0.1191313738101058,2.963855421686747,2.0,2.9411764705882355,0.0
205,template_deposition,C,C,none,0,1.0,template_site:index=341:site=C:neigh=1:ahead0=30.398:mode=shell,z,xy,333,128,205,0,205,18540.642365507945,134.43222709439704,500.0,0.001,10.547605122820443,0.010547605122820443,-3037.718,-3029.6619,-3037.718,-8.056152,-7.496338,0.9999999109315004,0.010547605122820443,0.010547605122820443,9,332,341,20,20,1.40069427569764,1.233863279618482,0.7123698718896396,70.59644949999996,84.38084098256354,0.0,-22.071333,-353.62173,70.63119570172265,27.171259499999998,43.45993620172265,30.43237920172266,0.01153404344540263,19.43569157291155,64.5943193252465,66.2536947349846,70.60486276278303,5.206480821630191,0.9375,26.01132384850233,26.05487823498462,30.406046262783043,1.0,5,50,6,0.12,0.128125,1600,205,0.128125,0.0,1.0,2.429461446613944,0.12688450657806014,0.12688450657806014,0.016257077405313954,217.1259499999994,0.11979831912538506,2.960960960960961,2.0,2.9365853658536585,0.0
206,template_deposition,C,C,none,0,1.0,template_site:index=347:site=C:neigh=2:ahead0=30.398:mode=shell,z,xy,334,128,206,0,206,18614.376520480164,73.73415497222047,500.0,0.001,10.547605122820443,0.010547605122820443,-3048.8428,-3037.718,-3048.8428,-11.124756,-9.404541,1.0,0.010547605122820443,0.010547605122820443,10,333,347,19,19,1.39199008437974,2.46772428,0.0,70.59644949999996,84.38084098256354,0.0,-22.203173,-355.73404,70.63119570172265,27.171259499999998,43.45993620172265,30.43237920172266,0.012341173336777827,19.530499824486732,64.6666068470064,66.254346566269,70.60472287334252,5.2588574482244415,0.9375,26.083611370262233,26.05553006626902,30.40590637334254,1.0,5,50,6,0.12,0.12875,1600,206,0.12875,0.0,1.0,2.4413124780608415,0.12661947267117588,0.12661947267117588,0.016302257106413896,217.1259499999994,0.12013124810858539,2.964071856287425,2.142857142857143,2.941747572815534,0.0
207,template_deposition,C,C,none,0,1.0,template_site:index=346:site=C:neigh=1:ahead0=30.398:mode=shell,z,xy,335,128,207,0,207,18690.965438057352,76.58891757718892,500.0,0.001,10.547605122820443,0.010547605122820443,-3055.0642,-3048.8428,-3055.0642,-6.2214355,-5.4833984,0.9990521624010584,0.010547605122820443,0.010547605122820443,9,334,346,18,18,1.5118233036442952,3.7015875596184826,0.7123698718896396,70.59644949999996,84.38084098256354,0.0,-22.276903,-356.91534,70.63119570172265,27.171259499999998,43.45993620172265,30.43237920172266,0.012472002061915542,19.62530807606191,64.73903653540248,66.254346566269,70.605006073578,5.309919329216536,0.9375,26.156041058658303,26.05553006626902,30.40618957357801,1.0,5,50,6,0.12,0.129375,1600,207,0.129375,0.0,1.0,2.4531635095077386,0.1263576862737116,0.1263576862737116,0.01634752566166144,217.1259499999994,0.1204648318575388,2.961194029850746,2.1333333333333333,2.9371980676328504,0.0
208,template_deposition,C,C,none,0,1.0,template_site:index=331:site=C:neigh=2:ahead0=30.398:mode=shell,z,xy,336,128,208,0,208,18694.659428425533,3.693990368180713,500.0,0.001,10.547605122820443,0.010547605122820443,-3065.5735,-3055.0642,-3065.5735,-10.509277,-9.409912,1.0,0.010547605122820443,0.010547605122820443,10,335,331,17,17,1.4207450307982803,4.93544856,0.0,70.59644949999996,84.38084098256354,0.0,-22.40145,-358.9108,70.63119570172265,27.171259499999998,43.45993620172265,30.43237920172266,0.012504606661080482,19.720116327637086,65.17323578888707,66.25453523880954,70.60408726996808,4.666466607053811,0.9375,26.590240312142896,26.055718738809553,30.40527076996809,1.0,5,50,6,0.12,0.13,1600,208,0.13,0.0,1.0,2.465014540954636,0.1278376938083793,0.1278376938083793,0.01661890019508931,217.1259499999994,0.12246458938760185,2.9642857142857144,2.25,2.9423076923076925,0.0
209,template_deposition,C,C,none,0,1.0,template_site:index=328:site=C:neigh=1:ahead0=30.398:mode=shell,z,xy,337,128,209,0,209,18751.845143986116,57.18571556058266,500.0,0.001,10.547605122820443,0.010547605122820443,-3071.957,-3065.5735,-3071.957,-6.383545,-5.930664,0.9152764635223463,0.010547605122820443,0.010547605122820443,9,336,328,16,16,1.4817267232385876,3.7015861372687446,2.137111752780671,70.59644949999996,84.38084098256354,0.0,-22.4771,-360.12286,70.63119570172265,27.171259499999998,43.45993620172265,30.43237920172266,0.012389421391920846,19.814924579212267,65.31803449869425,66.2545802126505,70.60564448898556,4.697683130266038,0.9375,26.735039021950072,26.05576371265051,30.406827988985576,1.0,5,50,6,0.12,0.130625,1600,209,0.130625,0.0,1.0,2.4768655724015334,0.1279188469949764,0.1279188469949764,0.016709399388718797,217.1259499999994,0.1231314774763226,2.9614243323442135,2.235294117647059,2.937799043062201,0.0
210,template_deposition,C,C,none,0,1.0,template_site:index=345:site=C:neigh=2:ahead0=30.398:mode=shell,z,xy,338,128,210,0,210,18755.157408941617,3.3122649555007233,500.0,0.001,10.547605122820443,0.010547605122820443,-3081.2954,-3071.957,-3081.2954,-9.338379,-8.312988,0.9999999718047144,0.010547605122820443,0.010547605122820443,10,337,345,15,15,1.412291421854216,2.4677251368872275,2.849481624670311,70.59644949999996,84.38084098256354,0.0,-22.58777,-361.896,70.63119570172265,27.171259499999998,43.45993620172265,30.43237920172266,0.012325258140757751,19.909732830787444,65.31793465737897,66.2545802126505,70.60370389661242,4.697570889831999,0.9375,26.734939180634797,26.05576371265051,30.40488739661243,1.0,5,50,6,0.12,0.13125,1600,210,0.13125,0.0,1.0,2.4887166038484305,0.12730923419349904,0.12730923419349904,0.01670933698789675,217.1259499999994,0.1231310176449884,2.964497041420118,2.3333333333333335,2.942857142857143,0.0
211,template_deposition,C,C,none,0,1.0,template_site:index=330:site=C:neigh=1:ahead0=30.398:mode=shell,z,xy,339,128,211,0,211,18852.922319883663,97.76491094204515,500.0,0.001,10.547605122820443,0.010547605122820443,-3088.3574,-3081.2954,-3088.3574,-7.0620117,-6.762451,0.9834574887381523,0.010547605122820443,0.010547605122820443,10,338,330,14,14,1.439658383069539,6.169311839618483,0.7123698718896396,70.59644949999996,84.38084098256354,0.0,-22.671463,-363.23688,70.63223876504047,27.171259499999998,43.46097926504047,30.433422265040484,0.012364526206067731,20.00454108236262,65.173054226132,66.2545802126505,70.60654512141127,5.356718400838453,0.9375,26.590058749387822,26.05576371265051,30.407728621411287,1.0,5,50,6,0.12,0.131875,1600,211,0.131875,0.0,1.0,2.5005676352953277,0.12601923577908922,0.12601923577908922,0.01661878671836739,217.1259499999994,0.12246375317822626,2.96165191740413,2.3157894736842106,2.938388625592417,0.0
212,template_deposition,C,C,none,0,1.0,template_site:index=324:site=C:neigh=2:ahead0=30.398:mode=shell,z,xy,340,128,212,0,212,18944.2523049176,91.32998503393785,500.0,0.001,10.547605122820443,0.010547605122820443,-3097.1636,-3088.3574,-3097.1636,-8.806152,-7.8259277,0.9715317723113969,0.010547605122820443,0.010547605122820443,11,339,324,13,13,1.4106200579002308,7.40317284,0.0,70.59644949999996,84.38084098256354,0.0,-22.775824,-364.90894,70.63461845457527,27.171259499999998,43.46335895457528,30.43580195457529,0.012407796487944664,20.099349333937802,65.46248290244476,66.25508359788135,70.60368282822675,5.169241208989314,0.9375,26.87948742570059,26.056267097881367,30.404866328226767,1.0,5,50,6,0.12,0.1325,1600,212,0.1325,0.0,1.0,2.5124186667422252,0.12679003502688957,0.12679003502688957,0.016799679641062867,217.1259499999994,0.12379675218784611,2.9647058823529413,2.4,2.943396226415094,0.0
213,template_deposition,C,C,none,0,1.0,template_site:index=340:site=C:neigh=2:ahead0=30.398:mode=shell,z,xy,341,128,213,0,213,19009.44571926948,65.19341435187907,500.0,0.001,10.547605122820443,0.010547605122820443,-3106.3303,-3097.1636,-3106.3303,-9.166748,-6.882324,0.9999625498874916,0.010547605122820443,0.010547605122820443,14,340,340,12,12,1.5227046504753234,0.0,0.0,70.59644949999996,84.38084098256354,0.0,-22.88446,-366.64948,70.63976448546343,27.171259499999998,43.46850498546343,30.440947985463445,0.012360862906062208,20.19415758551298,65.75145525819345,66.2551110757343,70.60368282822675,4.958517910697306,0.9375,27.168459781449272,26.05629457573432,30.404866328226767,1.0,5,50,6,0.12,0.133125,1600,213,0.133125,0.0,1.0,2.5242696981891224,0.12755145437300128,0.12755145437300128,0.016980287363405795,217.1259499999994,0.12512764955754643,2.967741935483871,2.4761904761904763,2.948356807511737,0.0
214,template_deposition,C,C,none,0,1.0,template_site:index=325:site=C:neigh=2:ahead0=30.398:mode=shell,z,xy,342,128,214,0,214,19074.26806186974,64.8223426002615,500.0,0.001,10.547605122820443,0.010547605122820443,-3117.8667,-3106.3303,-3117.8667,-11.536377,-10.260742,1.0,0.010547605122820443,0.010547605122820443,15,341,325,11,11,1.492509658868117,8.637036119618482,0.7123698718896396,70.59644949999996,84.38084098256354,0.0,-23.021177,-368.83994,70.63987625667126,27.171259499999998,43.46861675667126,30.441059756671272,0.011977910638957803,20.288965837088156,65.31668643244787,66.25508359788135,70.60447703187879,6.0444688101890485,0.9375,26.733690955703693,26.056267097881367,30.4056605318788,1.0,5,50,6,0.12,0.13375,1600,214,0.13375,0.0,1.0,2.5361207296360195,0.12492378951263408,0.12492378951263408,0.016708556847314808,217.1259499999994,0.12312526879308423,2.9707602339181287,2.5454545454545454,2.953271028037383,0.0
215,template_deposition,C,C,none,0,1.0,template_site:index=343:site=C:neigh=2:ahead0=30.398:mode=shell,z,xy,343,128,215,0,215,19200.473717372974,126.20565550323266,500.0,0.001,10.547605122820443,0.010547605122820443,-3128.1672,-3117.8667,-3128.1672,-10.300537,-9.102295,1.0,0.010547605122820443,0.010547605122820443,13,342,343,10,10,1.4844499663911959,-1.2338624227312553,2.137111752780671,70.59644949999996,84.38084098256354,0.0,-23.14325,-370.79575,70.63987625667126,27.171259499999998,43.46861675667126,30.441059756671272,0.011568241601678414,20.383774088663337,65.38896020622308,66.25581830372249,70.60543058189742,6.081037031403737,0.9375,26.8059647294789,26.057001803722507,30.406614081897438,1.0,5,50,6,0.12,0.134375,1600,215,0.134375,0.0,1.0,2.547971761082917,0.12467890571850652,0.12467890571850652,0.016753727955924315,217.1259499999994,0.12345813445826709,2.9737609329446064,2.608695652173913,2.958139534883721,0.0
216,template_deposition,C,C,none,0,1.0,template_site:index=349:site=C:neigh=1:ahead0=30.398:mode=shell,z,xy,344,128,216,0,216,19287.461573176224,86.98785580325175,500.0,0.001,10.547605122820443,0.010547605122820443,-3138.366,-3128.1672,-3138.366,-10.19873,-7.7702637,0.9999999962317181,0.010547605122820443,0.010547605122820443,15,343,349,9,9,1.5427957315848633,1.2338627141559733,4.98659337745098,70.59644949999996,84.38084098256354,0.0,-23.264114,-372.7322,70.63566724372089,27.171259499999998,43.46440774372089,30.436850743720903,0.01066531710131007,20.478582340238514,65.60576723945961,66.2576067823959,70.60348485460835,6.433847348470947,0.9375,27.022771762715436,26.05879028239591,30.40466835460837,1.0,5,50,6,0.12,0.135,1600,216,0.135,0.0,1.0,2.5598227925298143,0.1251054248273863,0.1251054248273863,0.016889232351697148,217.1259499999994,0.12445666564828162,2.9767441860465116,2.6666666666666665,2.962962962962963,0.0
217,template_deposition,C,C,none,0,1.0,template_site:index=332:site=C:neigh=2:ahead0=30.398:mode=shell,z,xy,345,128,217,0,217,19647.211496887172,359.74992371094925,500.0,0.001,10.547605122820443,0.010547605122820443,-3149.6506,-3138.366,-3149.6506,-11.284668,-10.17627,1.0,0.010547605122820443,0.010547605122820443,15,344,332,8,8,1.4842626136000672,2.4677237145374886,4.274223505561342,70.59644949999996,84.38084098256354,0.0,-23.39785,-374.8749,70.63145909232992,27.171259499999998,43.46019959232992,30.432642592329934,0.009830555257589095,20.57339059181369,65.53324949270977,66.2576067823959,70.6012356068723,6.401297271226061,0.9375,26.950254015965598,26.05879028239591,30.40241910687231,1.0,5,50,6,0.12,0.135625,1600,217,0.135625,0.0,1.0,2.5716738239767114,0.1241947189675834,0.1241947189675834,0.016843908759978498,217.1259499999994,0.12412267633585794,2.979710144927536,2.72,2.967741935483871,0.0
218,template_deposition,C,C,none,0,1.0,template_site:index=333:site=C:neigh=2:ahead0=30.398:mode=shell,z,xy,346,128,218,0,218,19785.39779163313,138.18629474595915,500.0,0.001,10.547605122820443,0.010547605122820443,-3161.1975,-3149.6506,-3161.1975,-11.546875,-11.223389,1.0,0.010547605122820443,0.010547605122820443,14,345,333,7,7,1.435831413597638,3.701586994155973,4.98659337745098,70.59644949999996,84.38084098256354,0.0,-23.534693,-377.06735,70.62435866214679,27.171259499999998,43.45309916214679,30.425542162146805,0.008554636303304374,20.668198843388872,65.9676706385916,66.26113339496591,70.60213372888377,6.33677424450064,0.9375,27.384675161847426,26.062316894965925,30.403317228883786,1.0,5,50,6,0.12,0.13625,1600,218,0.13625,0.0,1.0,2.583524855423609,0.12561777597177717,0.12561777597177717,0.017115421976154642,217.1259499999994,0.1261234558183741,2.9826589595375723,2.769230769230769,2.9724770642201834,0.0
219,template_deposition,C,C,none,0,1.0,template_site:index=323:site=C:neigh=1:ahead0=30.398:mode=shell,z,xy,347,128,219,0,219,19845.734577997315,60.33678636418405,500.0,0.001,10.547605122820443,0.010547605122820443,-3168.8003,-3161.1975,-3168.8003,-7.602783,-7.2644043,0.3793459807922874,0.010547605122820443,0.010547605122820443,14,346,323,6,6,1.4711122918383055,4.935447994537489,4.274223505561342,70.59644949999996,84.38084098256354,0.0,-23.624794,-378.51093,70.61869083313258,27.171259499999998,43.44743133313258,30.41987433313259,0.007660033221179133,20.76300709496405,66.03961675796126,66.26113339496591,70.6021702765312,6.364302010359961,0.9375,27.456621281217082,26.062316894965925,30.403353776531212,1.0,5,50,6,0.12,0.136875,1600,219,0.136875,0.0,1.0,2.595375886870506,0.12537269991423325,0.12537269991423325,0.017160388300760675,217.1259499999994,0.12645481243129694,2.9798270893371757,2.740740740740741,2.9680365296803655,0.0
220,template_deposition,C,C,none,0,1.0,template_site:index=329:site=C:neigh=2:ahead0=30.398:mode=shell,z,xy,348,128,220,0,220,19885.48237751816,39.74779952084554,500.0,0.001,10.547605122820443,0.010547605122820443,-3180.5422,-3168.8003,-3180.5422,-11.741943,-11.40918,0.5423949750163095,0.010547605122820443,0.010547605122820443,15,347,329,5,5,1.3564903715377843,4.935449416887227,2.849481624670311,70.59644949999996,84.38084098256354,0.0,-23.763947,-380.74042,70.61578518157788,27.171259499999998,43.44452568157788,30.41696868157789,0.007138348667639409,20.857815346539226,66.18441546353237,66.2660194845476,70.60247479267166,6.465582391607989,0.9375,27.6014199867882,26.067202984547613,30.403658292671672,1.0,5,50,6,0.12,0.1375,1600,220,0.1375,0.0,1.0,2.6072269183174033,0.12546099993994636,0.12546099993994636,0.017250887491742625,217.1259499999994,0.12712170050050803,2.9827586206896552,2.7857142857142856,2.9727272727272727,0.0
221,template_deposition,C,C,none,0,1.0,template_site:index=327:site=C:neigh=2:ahead0=30.398:mode=shell,z,xy,349,128,221,0,221,19897.70005224138,12.217674723217103,500.0,0.001,10.547605122820443,0.010547605122820443,-3191.6301,-3180.5422,-3191.6301,-11.087891,-10.603027,0.6127692680838436,0.010547605122820443,0.010547605122820443,16,348,327,4,4,1.4189187797511373,6.169310417268744,2.137111752780671,70.59644949999996,84.38084098256354,0.0,-23.89535,-382.8457,70.61578518157788,27.171259499999998,43.44452568157788,30.41696868157789,0.006965532368587622,20.952623598114407,66.03953020867733,66.26940488514853,70.60213372888377,6.606466838798003,0.9375,27.45653473193316,26.070588385148547,30.403317228883786,1.0,6,50,7,0.14,0.138125,1600,221,0.138125,0.0,1.0,2.619077949764301,0.12423771371915457,0.12423771371915457,0.017160334207458227,217.1259499999994,0.1264544138180316,2.98567335243553,2.8275862068965516,2.97737556561086,0.0
222,template_deposition,C,C,none,0,1.0,template_site:index=322:site=C:neigh=2:ahead0=30.398:mode=shell,z,xy,350,128,222,0,222,20003.927448295828,106.22739605444866,500.0,0.001,10.547605122820443,0.010547605122820443,-3203.4138,-3191.6301,-3203.4138,-11.783691,-11.4729,0.8943705785382462,0.010547605122820443,0.010547605122820443,17,349,322,3,3,1.4213663993181898,6.169311274155971,4.98659337745098,70.59644949999996,84.38084098256354,0.0,-24.035,-385.08316,70.61419177804434,27.171259499999998,43.442932278044346,30.41537527804436,0.00632165640610537,21.047431849689584,65.75025791735764,66.27109619819672,70.60222337860203,6.9158541219735525,0.9375,27.16726244061347,26.07227969819673,30.40340687860205,1.0,6,50,7,0.14,0.13875,1600,222,0.13875,0.0,1.0,2.630928981211198,0.12237505603879942,0.12237505603879942,0.01697953902538342,217.1259499999994,0.1251221350585388,2.9885714285714284,2.8666666666666667,2.981981981981982,0.0
223,template_deposition,C,C,none,0,1.0,template_site:index=339:site=C:neigh=2:ahead0=30.398:mode=shell,z,xy,351,128,223,0,223,20184.130005094674,180.20255679884664,500.0,0.001,10.547605122820443,0.010547605122820443,-3215.003,-3203.4138,-3215.003,-11.589111,-11.325439,0.817807202963039,0.010547605122820443,0.010547605122820443,18,350,339,2,2,1.407301498860646,-2.4677248454625107,4.274223505561342,70.59644949999996,84.38084098256354,0.0,-24.172342,-387.28363,70.61419177804434,27.171259499999998,43.442932278044346,30.41537527804436,0.005961292018755332,21.14224010126476,65.97191648991006,66.27395301341421,70.60213777564906,6.803567563211368,0.953125,27.388921013165884,26.07513651341423,30.40332127564907,1.0,6,50,7,0.14,0.139375,1600,223,0.139375,0.0,1.0,2.642780012658095,0.12282027360164073,0.12282027360164073,0.017118075633228678,217.1259499999994,0.12614301060359648,2.9914529914529915,2.903225806451613,2.986547085201794,0.0
224,template_deposition,C,C,none,0,1.0,template_site:index=326:site=C:neigh=3:ahead0=30.398:mode=shell,z,xy,352,128,224,0,224,20225.96597804472,41.835972950046134,500.0,0.001,10.547605122820443,0.010547605122820443,-3230.66,-3215.003,-3230.66,-15.656982,-15.376953,1.0,0.010547605122820443,0.010547605122820443,19,351,326,1,1,1.3498963645339939,7.403173696887226,2.849481624670311,70.59644949999996,84.38084098256354,0.0,-24.357893,-390.25647,70.61419177804434,27.171259499999998,43.442932278044346,30.41537527804436,0.0056343826487709565,21.237048352839942,66.18417424716145,70.59059774867933,70.60225429399091,6.842963721997172,0.9375,27.601178770417278,30.391781248679344,30.403437793990925,1.0,6,50,7,0.14,0.14,1600,224,0.14,0.0,1.0,2.6546310441049927,0.12321954808221999,0.12321954808221999,0.0172507367315108,217.1259499999994,0.1271205895491412,3.0,3.0,3.0,0.0
225,template_deposition,C,C,none,0,1.0,template_site:index=377:site=C:neigh=0:ahead0=34.740:mode=shell,z,xy,353,128,225,0,225,20243.02926907414,17.063291029423542,500.0,0.001,10.547605122820443,0.010547605122820443,-3232.6575,-3230.66,-3232.6575,-1.9975586,-1.9851074,0.034488295789256856,0.010547605122820443,0.010547605122820443,1,352,377,32,32,4.345057619826558,6.169310417268744,2.137111752780671,74.93896849999996,84.38084098256354,0.0,-24.381567,-390.63577,74.98932346857113,27.171259499999998,47.81806396857113,34.790506968571144,0.0,21.33185660441512,66.32852095570914,70.59076621354312,70.60330295906756,6.87812975978289,0.953125,27.745525478964964,30.391949713543134,30.404486459067577,1.0,6,50,7,0.14,0.140625,1600,225,0.140625,0.0,1.0,2.66648207555189,0.12331344657317762,0.12331344657317762,0.017340953424353104,217.1259499999994,0.12778539589102567,2.991501416430595,0.0,2.986666666666667,0.0
226,template_deposition,C,C,none,0,1.0,template_site:index=372:site=C:neigh=1:ahead0=34.740:mode=shell,z,xy,354,128,226,0,226,20287.236382374704,44.20711330056303,500.0,0.001,10.547605122820443,0.010547605122820443,-3241.2153,-3232.6575,-3241.2153,-8.557861,-8.323486,0.3371214867077651,0.010547605122820443,0.010547605122820443,2,353,372,31,31,1.4255695732728184,4.935447137650263,1.4247418808910315,74.93896849999996,84.38084098256354,0.0,-24.482986,-392.26068,74.99345391644266,27.171259499999998,47.82219441644266,34.794637416442676,0.022776107641043097,21.426664855990296,66.47106511694749,70.59249621206204,70.60486295469205,6.964723181283126,0.953125,27.888069640203312,30.39367971206206,30.406046454692067,1.0,6,50,7,0.14,0.14125,1600,226,0.14125,0.0,1.0,2.678333106998787,0.1233985382309881,0.1233985382309881,0.01743004352512707,217.1259499999994,0.12844190038179862,2.9887005649717513,1.0,2.982300884955752,0.0
227,template_deposition,C,C,none,0,1.0,template_site:index=376:site=C:neigh=1:ahead0=34.740:mode=shell,z,xy,355,128,227,0,227,20306.95511208664,19.718729711938245,500.0,0.001,10.547605122820443,0.010547605122820443,-3249.2656,-3241.2153,-3249.2656,-8.050293,-7.443115,0.21274057996604223,0.010547605122820443,0.010547605122820443,3,354,376,30,30,1.45352533230233,6.169308994919007,3.561853633671703,74.93896849999996,84.38084098256354,0.0,-24.57839,-393.78925,74.97752368375485,27.171259499999998,47.806264183754855,34.77870718375487,0.008081775979146421,21.521473107565477,66.54740644779739,70.59277986316039,70.60563499670684,7.087065963208722,0.9375,27.964410971053212,30.393963363160402,30.406818496706855,1.0,6,50,7,0.14,0.141875,1600,227,0.141875,0.0,1.0,2.6901841384456846,0.12319123775794366,0.12319123775794366,0.017477756856908257,217.1259499999994,0.1287934996763551,2.9859154929577465,1.3333333333333333,2.9779735682819384,0.0
228,template_deposition,C,C,none,0,1.0,template_site:index=373:site=C:neigh=1:ahead0=34.740:mode=shell,z,xy,356,128,228,0,228,20368.270158668696,61.31504658205338,500.0,0.001,10.547605122820443,0.010547605122820443,-3257.4763,-3249.2656,-3257.4763,-8.210693,-7.6379395,0.24044297295891065,0.010547605122820443,0.010547605122820443,4,355,373,29,29,1.3722971997637208,4.93544856,0.0,74.93896849999996,84.38084098256354,0.0,-24.675695,-395.34824,74.97370112907322,27.171259499999998,47.80244162907322,34.774884629073235,0.01003637694988016,21.616281359140654,66.6200562382221,70.59343403164318,70.60878125684877,7.150203059839897,0.9375,28.03706076147793,30.3946175316432,30.409964756848787,1.0,6,50,7,0.14,0.1425,1600,228,0.1425,0.0,1.0,2.7020351698925817,0.12296956474332427,0.12296956474332427,0.01752316297592371,217.1259499999994,0.12912809713200107,2.9831460674157304,1.5,2.973684210526316,0.0
229,template_deposition,C,C,none,0,1.0,template_site:index=365:site=C:neigh=1:ahead0=34.740:mode=shell,z,xy,357,128,229,0,229,20385.373405635422,17.10324696672632,500.0,0.001,10.547605122820443,0.010547605122820443,-3265.3896,-3257.4763,-3265.3896,-7.91333,-7.5898438,0.9993198298746305,0.010547605122820443,0.010547605122820443,4,356,365,28,28,1.3497409761470627,-2.4677248454625107,4.274223505561342,74.93896849999996,84.38084098256354,0.0,-24.769476,-396.85077,74.97282264733575,27.171259499999998,47.80156314733575,34.77400614733576,0.010645241575167856,21.71108961071583,66.69243807782479,70.59343403164318,70.61207896288222,7.2118400679015355,0.9375,28.109442601080616,30.3946175316432,30.413262462882237,1.0,6,50,7,0.14,0.143125,1600,229,0.143125,0.0,1.0,2.713886201339479,0.12274865764664024,0.12274865764664024,0.017568401625675384,217.1259499999994,0.12946146050751048,2.980392156862745,1.6,2.96943231441048,0.0
230,template_deposition,C,C,none,0,1.0,template_site:index=352:site=C:neigh=1:ahead0=34.740:mode=shell,z,xy,358,128,230,0,230,20403.450051602154,18.076645966732467,500.0,0.001,10.547605122820443,0.010547605122820443,-3273.3274,-3265.3896,-3273.3274,-7.937744,-7.476074,0.6811963593476577,0.010547605122820443,0.010547605122820443,5,357,352,27,27,1.4078791113478806,-1.2338644105435042,7.836077139233043,74.93896849999996,84.38084098256354,0.0,-24.863546,-398.35794,74.97315272284841,27.171259499999998,47.80189322284841,34.774336222848426,0.010039370068800532,21.805897862291012,66.76509526051005,70.59345688725486,71.04729249011443,7.272484231869086,0.9375,28.182099783765878,30.394640387254874,30.848475990114444,1.0,6,50,7,0.14,0.14375,1600,230,0.14375,0.0,1.0,2.7257372327863765,0.12253086862506904,0.12253086862506904,0.017613812364853675,217.1259499999994,0.1297960920091125,2.977653631284916,1.6666666666666667,2.965217391304348,0.0
231,template_deposition,C,C,none,0,1.0,template_site:index=364:site=C:neigh=1:ahead0=34.740:mode=shell,z,xy,359,128,231,0,231,20414.19745631478,10.747404712628274,500.0,0.001,10.547605122820443,0.010547605122820443,-3281.51,-3273.3274,-3281.51,-8.182617,-7.5925293,0.9036257327530326,0.010547605122820443,0.010547605122820443,6,358,364,26,26,1.3953676236416788,-2.467726267812249,5.698965386452375,74.93896849999996,84.38084098256354,0.0,-24.96052,-399.91162,74.973013473609,27.171259499999998,47.801753973609,34.774196973609016,0.009464324973418661,21.90070611386619,66.83757033023693,70.59345688725486,74.94550112816249,7.331814739792413,0.9375,28.254574853492755,30.394640387254874,34.746684628162505,1.0,6,50,7,0.14,0.144375,1600,231,0.144375,0.0,1.0,2.7375882642332736,0.122314176854947,0.122314176854947,0.01765910928343297,217.1259499999994,0.13012988476731055,2.9749303621169916,1.7142857142857142,2.961038961038961,0.0
232,template_deposition,C,C,none,0,1.0,template_site:index=353:site=C:neigh=2:ahead0=34.740:mode=shell,z,xy,360,128,232,0,232,20448.921431333172,34.7239750183901,500.0,0.001,10.547605122820443,0.010547605122820443,-3294.1611,-3281.51,-3294.1611,-12.651123,-11.591309,1.0,0.010547605122820443,0.010547605122820443,7,359,353,25,25,1.3471801012950027,-1.2338629881937666,6.411335258342015,74.93896849999996,84.38084098256354,0.0,-25.110449,-402.31375,74.973013473609,27.171259499999998,47.801753973609,34.774196973609016,0.01107227909740106,21.995514365441366,66.90996395435626,70.59345688725486,74.94371584837361,7.389766952906028,0.9375,28.326968477612084,30.394640387254874,34.74489934837363,1.0,6,50,7,0.14,0.145,1600,232,0.145,0.0,1.0,2.7494392956801708,0.12209900205867277,0.12209900205867277,0.017704355298507553,217.1259499999994,0.13046330241784626,2.977777777777778,2.0,2.9655172413793105,0.0
233,template_deposition,C,C,none,0,1.0,template_site:index=355:site=C:neigh=1:ahead0=34.740:mode=shell,z,xy,361,128,233,0,233,20777.773633119763,328.85220178658994,500.0,0.001,10.547605122820443,0.010547605122820443,-3299.1414,-3294.1611,-3299.1414,-4.9802246,-4.281494,0.9977000123907911,0.010547605122820443,0.010547605122820443,6,360,355,24,24,1.6540435659343766,-1.9878122485827987e-06,5.698965386452375,74.93896849999996,84.38084098256354,0.0,-25.16947,-403.25937,74.973013473609,27.171259499999998,47.801753973609,34.774196973609016,0.011332221967740646,22.090322617016547,67.05487026750914,70.59394628847959,74.94737351765781,7.460340955133988,0.9375,28.47187479076497,30.3951297884796,34.748557017657824,1.0,6,50,7,0.14,0.145625,1600,233,0.145625,0.0,1.0,2.7612903271270683,0.12219688751401275,0.12219688751401275,0.017794921744228108,217.1259499999994,0.13113068608687747,2.9750692520775623,2.0,2.96137339055794,0.0
234,template_deposition,C,C,none,0,1.0,template_site:index=369:site=C:neigh=1:ahead0=34.740:mode=shell,z,xy,362,128,234,0,234,20874.448466112335,96.67483299257215,500.0,0.001,10.547605122820443,0.010547605122820443,-3307.337,-3299.1414,-3307.337,-8.195557,-7.2858887,0.700554618884025,0.010547605122820443,0.010547605122820443,7,361,369,23,23,1.4622516626188768,1.2338612918062335,6.411335258342015,74.93896849999996,84.38084098256354,0.0,-25.266594,-404.81546,74.973013473609,27.171259499999998,47.801753973609,34.774196973609016,0.011416687763368644,22.185130868591724,67.56149861120068,70.59407129452313,74.94644869602025,6.927168671432584,0.9375,28.978503134456503,30.395254794523147,34.74763219602027,1.0,6,50,7,0.14,0.14625,1600,234,0.14625,0.0,1.0,2.7731413585739655,0.12383975698485684,0.12383975698485684,0.018111564459035313,217.1259499999994,0.13346402461086104,2.972375690607735,2.0,2.9572649572649574,0.0
235,template_deposition,C,C,none,0,1.0,template_site:index=371:site=C:neigh=1:ahead0=34.740:mode=shell,z,xy,363,128,235,0,235,20891.451431479465,17.00296536713097,500.0,0.001,10.547605122820443,0.010547605122820443,-3314.9717,-3307.337,-3314.9717,-7.6347656,-7.0178223,0.9999929689443176,0.010547605122820443,0.010547605122820443,4,362,371,22,22,1.4337477797173022,2.467722292187751,5.698965386452375,74.93896849999996,84.38084098256354,0.0,-25.357075,-406.26514,74.973013473609,27.171259499999998,47.801753973609,34.774196973609016,0.011470841855042322,22.2799391201669,67.70610558953003,70.59424062367404,74.94760417778514,6.988948285148898,0.9375,29.123110112785852,30.395424123674054,34.74878767778515,1.0,6,50,7,0.14,0.146875,1600,235,0.146875,0.0,1.0,2.7849923900208626,0.12392812813951426,0.12392812813951426,0.01820194382049116,217.1259499999994,0.13413002965691542,2.9696969696969697,2.0,2.953191489361702,0.0
236,template_deposition,C,C,none,0,1.0,template_site:index=382:site=C:neigh=1:ahead0=34.740:mode=shell,z,xy,364,128,236,0,236,20935.592828713892,44.141397234428105,500.0,0.001,10.547605122820443,0.010547605122820443,-3323.3367,-3314.9717,-3323.3367,-8.36499,-7.661133,0.9999999898321942,0.010547605122820443,0.010547605122820443,6,363,382,21,21,1.3914426764570669,3.701585571806233,6.411335258342015,74.93896849999996,84.38084098256354,0.0,-25.45621,-407.85345,74.973013473609,27.171259499999998,47.801753973609,34.774196973609016,0.011106681507974106,22.37474737174208,67.92333862194542,70.59476569626847,74.94730061984536,7.00797719041015,0.9375,29.340343145201246,30.395949196268482,34.74848411984538,1.0,6,50,7,0.14,0.1475,1600,236,0.1475,0.0,1.0,2.79684342146776,0.1243234879033951,0.1243234879033951,0.01833771446575078,217.1259499999994,0.13513052283801788,2.967032967032967,2.0,2.9491525423728815,0.0
237,template_deposition,C,C,none,0,1.0,template_site:index=380:site=C:neigh=1:ahead0=34.740:mode=shell,z,xy,365,128,237,0,237,20972.0642573929,36.471428679007644,500.0,0.001,10.547605122820443,0.010547605122820443,-3331.3933,-3323.3367,-3331.3933,-8.056641,-7.4970703,0.9999999104253403,0.010547605122820443,0.010547605122820443,9,364,380,20,20,1.4006908270687626,4.93544657218775,5.698965386452375,74.93896849999996,84.38084098256354,0.0,-25.551687,-409.38318,74.97441265925544,27.171259499999998,47.80315315925544,34.77559615925545,0.011487698574404086,22.46955562331726,67.48900924734662,70.59424062367404,74.94730549578914,7.610602869136725,0.9375,28.906013770602442,30.395424123674054,34.74848899578915,1.0,6,50,7,0.14,0.148125,1600,237,0.148125,0.0,1.0,2.8086944529146574,0.12196630282954617,0.12196630282954617,0.018066258606626525,217.1259499999994,0.13313016601931976,2.9643835616438357,2.0,2.9451476793248945,0.0
238,template_deposition,C,C,none,0,1.0,template_site:index=366:site=C:neigh=2:ahead0=34.740:mode=shell,z,xy,366,128,238,0,238,21513.372031763312,541.3077743704117,500.0,0.001,10.547605122820443,0.010547605122820443,-3342.519,-3331.3933,-3342.519,-11.125732,-9.404053,1.0,0.010547605122820443,0.010547605122820443,10,365,366,19,19,1.3919724322677505,-3.7015872681937667,6.411335258342015,74.93896849999996,84.38084098256354,0.0,-25.683538,-411.49567,74.97441265925544,27.171259499999998,47.80315315925544,34.77559615925545,0.012243071770664724,22.564363874892436,67.70608835869622,70.59476569626847,74.94730065077745,7.634129626989716,0.9375,29.123092881952047,30.395949196268482,34.748484150777465,1.0,6,50,7,0.14,0.14875,1600,238,0.14875,0.0,1.0,2.8205454843615545,0.12236593647879011,0.12236593647879011,0.018201933051220028,217.1259499999994,0.13412995029821229,2.9672131147540983,2.142857142857143,2.9495798319327733,0.0
239,template_deposition,C,C,none,0,1.0,template_site:index=367:site=C:neigh=1:ahead0=34.740:mode=shell,z,xy,367,128,239,0,239,21540.8661963174,27.494164554089714,500.0,0.001,10.547605122820443,0.010547605122820443,-3348.7393,-3342.519,-3348.7393,-6.220215,-5.4816895,0.9990880999622568,0.010547605122820443,0.010547605122820443,9,366,367,18,18,1.5118462646565123,-3.7015886905435047,7.836077139233043,74.93896849999996,84.38084098256354,0.0,-25.757256,-412.67673,74.97441265925544,27.171259499999998,47.80315315925544,34.77559615925545,0.012367926420488244,22.659172126467617,68.21235111315845,70.59517464247682,74.94748561102595,7.155700421847816,0.9375,29.629355636414274,30.396358142476835,34.74866911102597,1.0,6,50,7,0.14,0.149375,1600,239,0.149375,0.0,1.0,2.832396515808452,0.1239721993155409,0.1239721993155409,0.01851834727275892,217.1259499999994,0.13646160505648613,2.964577656675749,2.1333333333333333,2.9456066945606696,0.0
240,template_deposition,C,C,none,0,1.0,template_site:index=357:site=C:neigh=2:ahead0=34.740:mode=shell,z,xy,368,128,240,0,240,21600.132267619218,59.266071301817604,500.0,0.001,10.547605122820443,0.010547605122820443,-3359.2495,-3348.7393,-3359.2495,-10.510254,-9.407471,1.0,0.010547605122820443,0.010547605122820443,10,367,357,17,17,1.4207861540378381,2.46772428,0.0,74.93896849999996,84.38084098256354,0.0,-25.881813,-414.67236,74.97441265925544,27.171259499999998,47.80315315925544,34.77559615925545,0.01243419233717213,22.753980378042794,67.85058225590885,70.59517464247682,74.946488736304,7.768714109843738,0.9375,29.267586779164674,30.396358142476835,34.74767223630402,1.0,6,50,7,0.14,0.15,1600,240,0.15,0.0,1.0,2.8442475472553492,0.12194827824651948,0.12194827824651948,0.01829224173697792,217.1259499999994,0.13479543453541484,2.967391304347826,2.25,2.95,0.0
241,template_deposition,C,C,none,0,1.0,template_site:index=362:site=C:neigh=1:ahead0=34.740:mode=shell,z,xy,369,128,241,0,241,21857.758318572683,257.62605095346674,500.0,0.001,10.547605122820443,0.010547605122820443,-3365.6326,-3359.2495,-3365.6326,-6.3830566,-5.930176,0.9143935329126129,0.010547605122820443,0.010547605122820443,9,368,362,16,16,1.4818316908469833,0.0,0.0,74.93896849999996,84.38084098256354,0.0,-25.957458,-415.88434,74.97441265925544,27.171259499999998,47.80315315925544,34.77559615925545,0.012327667860155872,22.84878862961797,67.85057603761761,70.59517464247682,74.94809459124461,7.76876082962808,0.9375,29.26758056087344,30.396358142476835,34.749278091244626,1.0,6,50,7,0.14,0.150625,1600,241,0.150625,0.0,1.0,2.8560985787022464,0.1214422429911761,0.1214422429911761,0.0182922378505459,217.1259499999994,0.13479540589631742,2.964769647696477,2.235294117647059,2.9460580912863072,0.0
242,template_deposition,C,C,none,0,1.0,template_site:index=383:site=C:neigh=2:ahead0=34.740:mode=shell,z,xy,370,128,242,0,242,21988.362231800602,130.6039132279182,500.0,0.001,10.547605122820443,0.010547605122820443,-3374.9724,-3365.6326,-3374.9724,-9.339844,-8.313965,0.9999999722799356,0.010547605122820443,0.010547605122820443,10,369,383,15,15,1.412361638010708,3.7015841494564965,7.836077139233043,74.93896849999996,84.38084098256354,0.0,-26.068146,-417.65775,74.97441265925544,27.171259499999998,47.80315315925544,34.77559615925545,0.012261805154022863,22.94359688119315,67.85034376562132,70.59517464247682,74.94609429488426,7.849079093635493,0.9375,29.267348288877145,30.396358142476835,34.747277794884276,1.0,6,50,7,0.14,0.15125,1600,242,0.15125,0.0,1.0,2.867949610149144,0.12093945573916176,0.12093945573916176,0.018292092680548214,217.1259499999994,0.134794336139357,2.9675675675675675,2.3333333333333335,2.950413223140496,0.0
243,template_deposition,C,C,none,0,1.0,template_site:index=356:site=C:neigh=1:ahead0=34.740:mode=shell,z,xy,371,128,243,0,243,22114.07049962668,125.70826782607776,500.0,0.001,10.547605122820443,0.010547605122820443,-3382.035,-3374.9724,-3382.035,-7.0625,-6.762451,0.982895420859252,0.010547605122820443,0.010547605122820443,10,370,356,14,14,1.439795888594443,2.467722857650262,1.4247418808910315,74.93896849999996,84.38084098256354,0.0,-26.151844,-418.99875,74.97599826418276,27.171259499999998,47.804738764182765,34.77718176418278,0.012340427595953862,23.03840513276833,67.92278617047846,70.59517464247682,74.94920393756408,7.894044197654988,0.9375,29.339790693734287,30.396358142476835,34.75038743756409,1.0,6,50,7,0.14,0.151875,1600,243,0.151875,0.0,1.0,2.879800641596041,0.12073987939808349,0.12073987939808349,0.01833736918358393,217.1259499999994,0.13512797845552027,2.964959568733154,2.3157894736842106,2.9465020576131686,0.0
244,template_deposition,C,C,none,0,1.0,template_site:index=374:site=C:neigh=2:ahead0=34.740:mode=shell,z,xy,372,128,244,0,244,22264.216882266344,150.1463826396654,500.0,0.001,10.547605122820443,0.010547605122820443,-3390.8345,-3382.035,-3390.8345,-8.799561,-7.822998,0.9704139938856682,0.010547605122820443,0.010547605122820443,11,371,374,13,13,1.4105366493544396,3.7015861372687446,2.137111752780671,74.93896849999996,84.38084098256354,0.0,-26.256126,-420.66953,74.97842250498104,27.171259499999998,47.80716300498104,34.779606004981055,0.012346743370782617,23.133213384343506,68.13987171481315,70.59542369246554,74.94619031868693,7.904796630409285,0.9375,29.55687623806898,30.39660719246556,34.747373818686945,1.0,6,50,7,0.14,0.1525,1600,244,0.1525,0.0,1.0,2.8916516730429382,0.12113473868061057,0.12113473868061057,0.018473047648793112,217.1259499999994,0.1361277923623089,2.967741935483871,2.4,2.9508196721311477,0.0
245,template_deposition,C,C,none,0,1.0,template_site:index=381:site=C:neigh=2:ahead0=34.740:mode=shell,z,xy,373,128,245,0,245,22266.54576632114,2.3288840547923315,500.0,0.001,10.547605122820443,0.010547605122820443,-3400.0059,-3390.8345,-3400.0059,-9.171387,-6.884033,0.9999615392995712,0.010547605122820443,0.010547605122820443,14,372,381,12,12,1.5228169988424172,4.935447994537489,4.274223505561342,74.93896849999996,84.38084098256354,0.0,-26.364817,-422.41095,74.98391277352565,27.171259499999998,47.81265327352565,34.78509627352566,0.012410326288357615,23.228021635918687,68.35654201160459,70.59608866402138,74.94629356263651,7.98872171244112,0.9375,29.773546534860415,30.397272164021395,34.74747706263653,1.0,6,50,7,0.14,0.153125,1600,245,0.153125,0.0,1.0,2.903502704489836,0.12152467973412415,0.12152467973412415,0.01860846658428776,217.1259499999994,0.13712569379597647,2.9705093833780163,2.4761904761904763,2.9551020408163264,0.0
246,template_deposition,C,C,none,0,1.0,template_site:index=375:site=C:neigh=2:ahead0=34.740:mode=shell,z,xy,374,128,246,0,246,22357.64403143566,91.09826511451894,500.0,0.001,10.547605122820443,0.010547605122820443,-3411.5415,-3400.0059,-3411.5415,-11.535645,-10.258057,1.0,0.010547605122820443,0.010547605122820443,15,373,375,11,11,1.4928261389088051,3.701584714919006,3.561853633671703,74.93896849999996,84.38084098256354,0.0,-26.501526,-424.60126,74.98401765376494,27.171259499999998,47.81275815376494,34.78520115376495,0.012067956429119283,23.322829887493864,68.57373785296359,70.59608866402138,74.94717597776987,7.373396829181222,0.9375,29.990742376219416,30.397272164021395,34.74835947776989,1.0,6,50,7,0.14,0.15375,1600,246,0.15375,0.0,1.0,2.915353735936733,0.12191358689520088,0.12191358689520088,0.018744213985137134,217.1259499999994,0.13812601568914035,2.9732620320855614,2.5454545454545454,2.959349593495935,0.0
247,template_deposition,C,C,none,0,1.0,template_site:index=370:site=C:neigh=2:ahead0=34.740:mode=shell,z,xy,375,128,247,0,247,22393.694023556272,36.04999212061428,500.0,0.001,10.547605122820443,0.010547605122820443,-3421.842,-3411.5415,-3421.842,-10.300537,-9.102783,1.0,0.010547605122820443,0.010547605122820443,13,374,370,10,10,1.4844962903904377,2.4677237145374886,4.274223505561342,74.93896849999996,84.38084098256354,0.0,-26.623598,-426.55707,74.98401765376494,27.171259499999998,47.81275815376494,34.78520115376495,0.011686759872763552,23.41763813906904,68.93501649921159,70.59800105439723,74.94784634950841,7.4843448522431775,0.9375,30.35202102246741,30.399184554397245,34.749029849508425,1.0,6,50,7,0.14,0.154375,1600,247,0.154375,0.0,1.0,2.92720476738363,0.1228826762043215,0.1228826762043215,0.018970013139042133,217.1259499999994,0.1397899284837556,2.976,2.608695652173913,2.9635627530364372,0.0
248,template_deposition,C,C,none,0,1.0,template_site:index=368:site=C:neigh=1:ahead0=34.740:mode=shell,z,xy,376,128,248,0,248,22439.479617930705,45.7855943744331,500.0,0.001,10.547605122820443,0.010547605122820443,-3432.0413,-3421.842,-3432.0413,-10.199219,-7.772461,0.9999999964825319,0.010547605122820443,0.010547605122820443,15,375,368,9,9,1.5421298005698927,1.233859869456495,7.836077139233043,74.93896849999996,84.38084098256354,0.0,-26.74447,-428.49365,74.97966774588022,27.171259499999998,47.80840824588022,34.780851245880235,0.01066421815803216,23.51244639064422,69.36846934947545,70.59916518546828,74.94399104788751,7.228067245542392,0.9375,30.785473872731274,30.400348685468295,34.74517454788752,1.0,6,50,7,0.14,0.155,1600,248,0.155,0.0,1.0,2.9390557988305277,0.12413497529327126,0.12413497529327126,0.019240921170457045,217.1259499999994,0.14178624836290346,2.978723404255319,2.6666666666666665,2.967741935483871,0.0
249,template_deposition,C,C,none,0,1.0,template_site:index=378:site=C:neigh=2:ahead0=34.740:mode=shell,z,xy,377,128,249,0,249,22681.984053590644,242.50443565993893,500.0,0.001,10.547605122820443,0.010547605122820443,-3443.3264,-3432.0413,-3443.3264,-11.285156,-10.178467,1.0,0.010547605122820443,0.010547605122820443,15,376,378,8,8,1.4842288802239079,7.40317284,0.0,74.93896849999996,84.38084098256354,0.0,-26.87821,-430.6364,74.97524294346765,27.171259499999998,47.80398344346765,34.77642644346766,0.00978025512459369,23.6072546422194,69.67342616766501,70.59911550195997,74.94437909927632,6.905599474865844,0.953125,31.09043069092084,30.400299001959986,34.74556259927633,1.0,6,50,7,0.14,0.155625,1600,249,0.155625,0.0,1.0,2.950906830277425,0.12486116743341703,0.12486116743341703,0.019431519181825525,217.1259499999994,0.14319076412064485,2.981432360742706,2.72,2.9718875502008033,0.0
250,template_deposition,C,C,none,0,1.0,template_site:index=379:site=C:neigh=2:ahead0=34.740:mode=shell,z,xy,378,128,250,0,250,22811.933566796455,129.94951320581023,500.0,0.001,10.547605122820443,0.010547605122820443,-3454.8733,-3443.3264,-3454.8733,-11.546875,-11.223877,1.0,0.010547605122820443,0.010547605122820443,14,377,379,7,7,1.4358263718734288,7.403171417650262,1.4247418808910315,74.93896849999996,84.38084098256354,0.0,-27.015053,-432.82886,74.96777299174387,27.171259499999998,47.79651349174387,34.768956491743886,0.00848210784173373,23.702062893794576,69.58545181180232,70.5984577086321,74.94416407010713,6.928846024967478,0.9375,31.00245633505814,30.39964120863211,34.74534757010715,1.0,6,50,7,0.14,0.15625,1600,250,0.15625,0.0,1.0,2.962757861724322,0.12400982534023257,0.12400982534023257,0.01937653520941134,217.1259499999994,0.14278558751295378,2.984126984126984,2.769230769230769,2.976,0.0
251,template_deposition,C,C,none,0,1.0,template_site:index=363:site=C:neigh=1:ahead0=34.740:mode=shell,z,xy,379,128,251,0,251,22924.694363199447,112.76079640299291,500.0,0.001,10.547605122820443,0.010547605122820443,-3462.335,-3454.8733,-3462.335,-7.46167,-7.275635,0.4819322469734376,0.010547605122820443,0.010547605122820443,14,378,363,6,6,1.4235325287905574,-1.4223497377674477e-06,1.4247418808910315,74.93896849999996,84.38084098256354,0.0,-27.103481,-434.24567,74.96284910654863,27.171259499999998,47.791589606548634,34.764032606548646,0.007780773308977653,23.796871145369757,69.80222708437827,70.59952401675437,74.94472282011583,6.9797671487147275,0.9375,31.2192316076341,30.400707516754387,34.74590632011584,1.0,6,50,7,0.14,0.156875,1600,251,0.156875,0.0,1.0,2.9746088931712196,0.12437940879535499,0.12437940879535499,0.019512019754771313,217.1259499999994,0.14378397242537885,2.9815303430079156,2.740740740740741,2.9721115537848606,0.0
252,template_deposition,C,C,none,0,1.0,template_site:index=358:site=C:neigh=2:ahead0=34.740:mode=shell,z,xy,380,128,252,0,252,23340.38044128402,415.6860780845737,500.0,0.001,10.547605122820443,0.010547605122820443,-3474.3264,-3462.335,-3474.3264,-11.991455,-11.719727,0.9355037920920068,0.010547605122820443,0.010547605122820443,15,379,358,5,5,1.422612801825821,1.2338618572687443,2.137111752780671,74.93896849999996,84.38084098256354,0.0,-27.245592,-436.52252,74.96284910654863,27.171259499999998,47.791589606548634,34.764032606548646,0.007544817243651057,23.891679396944934,69.80231666311923,70.60070991583439,74.94406274694019,7.024585521503188,0.9375,31.219321186375055,30.4018934158344,34.745246246940205,1.0,6,50,7,0.14,0.1575,1600,252,0.1575,0.0,1.0,2.9864599246181167,0.12388619518402799,0.12388619518402799,0.01951207574148441,217.1259499999994,0.14378438499117743,2.9842105263157896,2.7857142857142856,2.9761904761904763,0.0
253,template_deposition,C,C,none,0,1.0,template_site:index=359:site=C:neigh=2:ahead0=34.740:mode=shell,z,xy,381,128,253,0,253,23464.947959494555,124.56751821053479,500.0,0.001,10.547605122820443,0.010547605122820443,-3485.3604,-3474.3264,-3485.3604,-11.033936,-10.510254,0.46887581767945674,0.010547605122820443,0.010547605122820443,16,380,359,4,4,1.4373498261725,1.2338604349190074,3.561853633671703,74.93896849999996,84.38084098256354,0.0,-27.376356,-438.61758,74.96284910654863,27.171259499999998,47.791589606548634,34.764032606548646,0.0071575719402127876,23.98648764852011,69.80261758805985,70.60070991583439,74.94417115534294,7.024421674408236,0.9375,31.219622111315672,30.4018934158344,34.74535465534296,1.0,7,50,8,0.16,0.158125,1600,253,0.158125,0.0,1.0,2.998310956065014,0.12339771585500266,0.12339771585500266,0.019512263819572294,217.1259499999994,0.1437857709376321,2.9868766404199474,2.8275862068965516,2.9802371541501977,0.0
254,template_deposition,C,C,none,0,1.0,template_site:index=354:site=C:neigh=2:ahead0=34.740:mode=shell,z,xy,382,128,254,0,254,23499.828082940276,34.88012344571905,500.0,0.001,10.547605122820443,0.010547605122820443,-3497.0952,-3485.3604,-3497.0952,-11.734863,-11.464355,0.9627606224508897,0.010547605122820443,0.010547605122820443,17,381,354,3,3,1.4218420297872438,-5.654625110373956e-07,4.274223505561342,74.93896849999996,84.38084098256354,0.0,-27.515427,-440.84573,74.96284910654863,27.171259499999998,47.791589606548634,34.764032606548646,0.006756495324629021,24.08129590009529,69.94729499877094,70.60373050103915,74.94444646605021,7.039267440207049,0.9375,31.36429952202677,30.404914001039167,34.745629966050224,1.0,7,50,8,0.16,0.15875,1600,254,0.15875,0.0,1.0,3.0101619875119114,0.12348149418120775,0.12348149418120775,0.01960268720126673,217.1259499999994,0.14445210036859646,2.9895287958115184,2.8666666666666667,2.984251968503937,0.0
255,template_deposition,C,C,none,0,1.0,template_site:index=360:site=C:neigh=2:ahead0=34.740:mode=shell,z,xy,383,128,255,0,255,23616.90919475363,117.0811118133538,500.0,0.001,10.547605122820443,0.010547605122820443,-3508.6836,-3497.0952,-3508.6836,-11.588379,-11.29248,0.7882775853475044,0.010547605122820443,0.010547605122820443,18,382,360,2,2,1.4233359430402015,-1.2338638450809936,3.561853633671703,74.93896849999996,84.38084098256354,0.0,-27.652761,-443.04608,74.95927685081433,27.171259499999998,47.788017350814336,34.76046035081435,0.006059051452226655,24.17610415167047,70.16435827133867,70.60688207781718,74.94454169456516,7.033794289729187,0.9375,31.581362794594497,30.40806557781719,34.745725194565175,1.0,7,50,8,0.16,0.159375,1600,255,0.159375,0.0,1.0,3.0220130189588086,0.1238484815474294,0.1238484815474294,0.01973835174662156,217.1259499999994,0.14545181170005053,2.9921671018276763,2.903225806451613,2.988235294117647,0.0
256,template_deposition,C,C,none,0,1.0,template_site:index=361:site=C:neigh=3:ahead0=34.740:mode=shell,z,xy,384,128,256,0,256,23689.57433285372,72.66513810009053,500.0,0.001,10.547605122820443,0.010547605122820443,-3524.3284,-3508.6836,-3524.3284,-15.644775,-15.341797,1.0,0.010547605122820443,0.010547605122820443,19,383,361,1,1,1.3545663318149126,-1.2338624227312553,2.137111752780671,74.93896849999996,84.38084098256354,0.0,-27.838167,-446.01663,74.95769458375624,27.171259499999998,47.78643508375624,34.75887808375625,0.005620853566945571,24.270912403245646,70.45835863234176,70.60688207781718,74.94461368618607,6.708427641123647,0.96875,31.875363155597583,30.40806557781719,34.74579718618609,1.0,7,50,8,0.16,0.16,1600,256,0.16,0.0,1.0,3.0338640504057057,0.12451313732655306,0.12451313732655306,0.019922101972248488,217.1259499999994,0.14680586616016036,3.0,3.0,3.0,0.0
257,template_deposition,C,C,none,0,1.0,template_site:index=410:site=C:neigh=0:ahead0=39.083:mode=shell,z,xy,385,128,257,0,257,23891.783093614504,202.20876076078295,500.0,0.001,10.547605122820443,0.010547605122820443,-3526.3257,-3524.3284,-3526.3257,-1.9973145,-1.9763184,0.028129863428642182,0.010547605122820443,0.010547605122820443,1,384,410,32,32,4.5623538392626255,3.7015875596184826,0.7123698718896396,79.28148749999995,84.38084098256354,0.0,-27.861837,-446.39584,79.34752285407411,27.171259499999998,52.176263354074116,39.14870635407413,0.0,24.365720654820823,70.5995966426729,70.61014256742354,74.94553630587512,6.801267682729109,0.96875,32.01660116592873,30.411326067423552,34.74671980587514,1.0,7,50,8,0.16,0.160625,1600,257,0.160625,0.0,1.0,3.045715081852603,0.1245782146534192,0.1245782146534192,0.020010375728705457,217.1259499999994,0.1474563550138932,2.9922077922077923,0.0,2.9883268482490273,0.0
258,template_deposition,C,C,none,0,1.0,template_site:index=395:site=C:neigh=1:ahead0=39.083:mode=shell,z,xy,386,128,258,0,258,24044.727273138447,152.9441795239454,500.0,0.001,10.547605122820443,0.010547605122820443,-3534.8853,-3526.3257,-3534.8853,-8.55957,-8.322266,0.3270639521688939,0.010547605122820443,0.010547605122820443,2,385,395,31,31,1.426445839909032,4.93544856,0.0,79.28148749999995,84.38084098256354,0.0,-27.963278,-448.02112,79.35158364933348,27.171259499999998,52.18032414933348,39.15276714933349,0.030767039339778535,24.460528906396004,70.59966213937064,70.61014256742354,74.94553630587512,6.801351944604246,0.96875,32.01666666262646,30.411326067423552,34.74671980587514,1.0,7,50,8,0.16,0.16125,1600,258,0.16125,0.0,1.0,3.0575661132995005,0.12409560721948242,0.12409560721948242,0.02001041666414154,217.1259499999994,0.14745665666690946,2.989637305699482,1.0,2.9844961240310077,0.0
259,template_deposition,C,C,none,0,1.0,template_site:index=394:site=C:neigh=1:ahead0=39.083:mode=shell,z,xy,387,128,259,0,259,24050.9721132573,6.244840118850495,500.0,0.001,10.547605122820443,0.010547605122820443,-3542.9377,-3534.8853,-3542.9377,-8.05249,-7.458252,0.3184150679955162,0.010547605122820443,0.010547605122820443,3,386,394,30,30,1.452729442626813,6.169311839618483,0.7123698718896396,79.28148749999995,84.38084098256354,0.0,-28.058708,-449.55008,79.36044465382672,27.171259499999998,52.18918515382672,39.16162815382673,0.03289679986490375,24.55533715797118,70.88036646226924,74.93345719650759,74.9467948437728,6.972709739534415,0.96875,32.29737098552506,34.734640696507604,34.74797834377282,1.0,7,50,8,0.16,0.161875,1600,259,0.161875,0.0,1.0,3.0694171447463976,0.12470027407538635,0.12470027407538635,0.020185856865953165,217.1259499999994,0.14874947460460233,2.987080103359173,1.3333333333333333,2.9806949806949805,0.0
260,template_deposition,C,C,none,0,1.0,template_site:index=388:site=C:neigh=1:ahead0=39.083:mode=shell,z,xy,388,128,260,0,260,24124.805806157427,73.83369290012786,500.0,0.001,10.547605122820443,0.010547605122820443,-3551.1567,-3542.9377,-3551.1567,-8.218994,-7.687744,0.8484564382528803,0.010547605122820443,0.010547605122820443,4,387,388,29,29,1.3672851779664814,7.40317284,0.0,79.28148749999995,84.38084098256354,0.0,-28.15611,-451.11063,79.36380381023807,27.171259499999998,52.19254431023807,39.16498731023808,0.03232042435640343,24.650145409546358,71.23060978609192,74.9350307114175,74.95197908848276,6.839752154639941,0.96875,32.647614309347745,34.73621421141751,34.75316258848277,1.0,7,50,8,0.16,0.1625,1600,260,0.1625,0.0,1.0,3.0812681761932947,0.12556774734364518,0.12556774734364518,0.02040475894334234,217.1259499999994,0.15036256287812597,2.984536082474227,1.5,2.976923076923077,0.0
261,template_deposition,C,C,none,0,1.0,template_site:index=411:site=C:neigh=1:ahead0=39.083:mode=shell,z,xy,389,128,261,0,261,24127.878671264058,3.0728651066300996,500.0,0.001,10.547605122820443,0.010547605122820443,-3559.047,-3551.1567,-3559.047,-7.890381,-7.5439453,0.9984191543075516,0.010547605122820443,0.010547605122820443,4,388,411,28,28,1.3565084972912886,2.46772428,0.0,79.28148749999995,84.38084098256354,0.0,-28.24962,-452.60883,79.35248736087199,27.171259499999998,52.18122786087199,39.153670860872005,0.025321339454601036,24.74495366112154,71.30078072805286,74.93529439426646,74.95378816771147,6.8994559571042124,0.96875,32.71778525130868,34.73647789426648,34.75497166771148,1.0,7,50,8,0.16,0.163125,1600,261,0.163125,0.0,1.0,3.0931192076401923,0.1253554990471597,0.1253554990471597,0.020448615782067928,217.1259499999994,0.1506857436953472,2.982005141388175,1.6,2.9731800766283527,0.0
262,template_deposition,C,C,none,0,1.0,template_site:index=389:site=C:neigh=1:ahead0=39.083:mode=shell,z,xy,390,128,262,0,262,24252.486949319336,124.6082780552801,500.0,0.001,10.547605122820443,0.010547605122820443,-3566.991,-3559.047,-3566.991,-7.9438477,-7.474121,0.6969753984489035,0.010547605122820443,0.010547605122820443,5,389,389,27,27,1.409083980575321,8.637036119618482,0.7123698718896396,79.28148749999995,84.38084098256354,0.0,-28.343763,-454.11716,79.35248736087199,27.171259499999998,52.18122786087199,39.153670860872005,0.023499953269027235,24.839761912696716,71.44113305910139,74.93621405935971,74.9573176466453,6.9718650562955835,0.96875,32.858137582357216,34.73739755935973,34.75850114664531,1.0,7,50,8,0.16,0.16375,1600,262,0.16375,0.0,1.0,3.1049702390870895,0.12541273886395884,0.12541273886395884,0.02053633598897326,217.1259499999994,0.15133215344530357,2.9794871794871796,1.6666666666666667,2.969465648854962,0.0
263,template_deposition,C,C,none,0,1.0,template_site:index=405:site=C:neigh=1:ahead0=39.083:mode=shell,z,xy,391,128,263,0,263,24257.79138448066,5.304435161323295,500.0,0.001,10.547605122820443,0.010547605122820443,-3575.18,-3566.991,-3575.18,-8.188965,-7.588867,0.89437057181461,0.010547605122820443,0.010547605122820443,6,390,405,26,26,1.3965589667227716,1.233863279618482,0.7123698718896396,79.28148749999995,84.38084098256354,0.0,-28.440811,-455.67203,79.34402027448397,27.171259499999998,52.17276077448397,39.14520377448398,0.019611235428111065,24.934570164271893,71.58142043564789,74.93655768823123,78.85017625097944,7.040627598655973,0.96875,32.99842495890371,34.73774118823125,38.65135975097946,1.0,7,50,8,0.16,0.164375,1600,263,0.164375,0.0,1.0,3.1168212705339866,0.1254692964216871,0.1254692964216871,0.02062401559931482,217.1259499999994,0.1519782640393919,2.976982097186701,1.7142857142857142,2.9657794676806084,0.0
264,template_deposition,C,C,none,0,1.0,template_site:index=404:site=C:neigh=2:ahead0=39.083:mode=shell,z,xy,392,128,264,0,264,24309.195643628147,51.40425914748653,500.0,0.001,10.547605122820443,0.010547605122820443,-3587.8284,-3575.18,-3587.8284,-12.6484375,-11.593018,1.0,0.010547605122820443,0.010547605122820443,7,391,404,25,25,1.3473164719149546,0.0,0.0,79.28148749999995,84.38084098256354,0.0,-28.590708,-458.07364,79.33321865674876,27.171259499999998,52.16195915674876,39.13440215674877,0.017416960531406102,25.029378415847074,71.65132706877499,74.93679364694754,79.28437846352126,7.094901624591555,0.96875,33.068331592030816,34.73797714694755,39.08556196352128,1.0,7,50,8,0.16,0.165,1600,264,0.165,0.0,1.0,3.128672301980884,0.12525883178799552,0.12525883178799552,0.02066770724501926,217.1259499999994,0.15230022755009665,2.979591836734694,2.0,2.9696969696969697,0.0
265,template_deposition,C,C,none,0,1.0,template_site:index=385:site=C:neigh=1:ahead0=39.083:mode=shell,z,xy,393,128,265,0,265,24370.45487635073,61.25923272258204,500.0,0.001,10.547605122820443,0.010547605122820443,-3592.8113,-3587.8284,-3592.8113,-4.98291,-4.2873535,0.9979476432547665,0.010547605122820443,0.010547605122820443,6,392,385,24,24,1.653428835347262,4.935448851424716,7.123705130231651,79.28148749999995,84.38084098256354,0.0,-28.649761,-459.01978,79.33321865674876,27.171259499999998,52.16195915674876,39.13440215674877,0.017730810919497596,25.12418666742225,71.79128882820847,74.9377222671507,79.2847055503003,7.158324226997047,0.96875,33.20829335146429,34.73890576715072,39.08588905030032,1.0,7,50,8,0.16,0.165625,1600,265,0.165625,0.0,1.0,3.1405233334277813,0.12531431453382752,0.12531431453382752,0.020755183344665182,217.1259499999994,0.15294483847492382,2.9770992366412212,2.0,2.9660377358490564,0.0
266,template_deposition,C,C,none,0,1.0,template_site:index=400:site=C:neigh=1:ahead0=39.083:mode=shell,z,xy,394,128,266,0,266,24562.003566448126,191.5486900973964,500.0,0.001,10.547605122820443,0.010547605122820443,-3600.9976,-3592.8113,-3600.9976,-8.186279,-7.2490234,0.29119152347443894,0.010547605122820443,0.010547605122820443,7,393,400,23,23,1.466527495252586,-3.7015872681937667,6.411335258342015,79.28148749999995,84.38084098256354,0.0,-28.746777,-460.57416,79.33378884149819,27.171259499999998,52.16252934149819,39.134972341498205,0.017549320920741716,25.218994918997428,71.72128460168895,74.93689458430916,79.2847055503003,7.10580688831338,0.96875,33.13828912494478,34.73807808430917,39.08588905030032,1.0,7,50,8,0.16,0.16625,1600,266,0.16625,0.0,1.0,3.1523743648746785,0.12458003430430367,0.12458003430430367,0.020711430703090485,217.1259499999994,0.15262242548596733,2.9746192893401013,2.0,2.962406015037594,0.0
267,template_deposition,C,C,none,0,1.0,template_site:index=386:site=C:neigh=1:ahead0=39.083:mode=shell,z,xy,395,128,267,0,267,24626.075896886796,64.07233043867149,500.0,0.001,10.547605122820443,0.010547605122820443,-3608.6343,-3600.9976,-3608.6343,-7.6367188,-7.0217285,0.9999902884859019,0.010547605122820443,0.010547605122820443,4,394,386,22,22,1.4341795848273253,6.169311274155971,4.98659337745098,79.28148749999995,84.38084098256354,0.0,-28.837278,-462.02414,79.33378884149819,27.171259499999998,52.16252934149819,39.134972341498205,0.017248887466958043,25.31380317057261,72.35164939691498,74.9383775601888,79.28624961983857,7.127960788694114,0.96875,33.768653920170806,34.73956106018881,39.087433119838586,1.0,7,50,8,0.16,0.166875,1600,267,0.166875,0.0,1.0,3.164225396321576,0.12647435925157605,0.12647435925157605,0.021105408700106753,217.1259499999994,0.1555256473036544,2.972151898734177,2.0,2.958801498127341,0.0
268,template_deposition,C,C,none,0,1.0,template_site:index=403:site=C:neigh=1:ahead0=39.083:mode=shell,z,xy,396,128,268,0,268,24659.440728871738,33.36483198494211,500.0,0.001,10.547605122820443,0.010547605122820443,-3617.0076,-3608.6343,-3617.0076,-8.373291,-7.6623535,0.999999990500574,0.010547605122820443,0.010547605122820443,6,395,403,21,21,1.391600529157337,-2.4677248454625107,4.274223505561342,79.28148749999995,84.38084098256354,0.0,-28.936512,-463.61404,79.33378884149819,27.171259499999998,52.16252934149819,39.134972341498205,0.016627967761312264,25.408611422147786,72.46172977805497,74.93841862639665,79.28698171538957,7.124089279978249,0.984375,33.8787343013108,34.73960212639667,39.08816521538959,1.0,7,50,8,0.16,0.1675,1600,268,0.1675,0.0,1.0,3.176076427768473,0.1264131876914582,0.1264131876914582,0.02117420893831925,217.1259499999994,0.15603263590239166,2.9696969696969697,2.0,2.955223880597015,0.0
269,template_deposition,C,C,none,0,1.0,template_site:index=390:site=C:neigh=1:ahead0=39.083:mode=shell,z,xy,397,128,269,0,269,24669.67177149459,10.23104262285356,500.0,0.001,10.547605122820443,0.010547605122820443,-3625.0662,-3617.0076,-3625.0662,-8.058594,-7.4975586,0.9999999062714809,0.010547605122820443,0.010547605122820443,9,396,390,20,20,1.4008922605295884,7.403173696887226,2.849481624670311,79.28148749999995,84.38084098256354,0.0,-29.032015,-465.14417,79.33378884149819,27.171259499999998,52.16252934149819,39.134972341498205,0.016528439414889608,25.503419673722963,72.59966107169912,74.93862281125813,79.28799219729342,7.170611145680311,0.984375,34.016665594954944,34.73980631125814,39.089175697293435,1.0,7,50,8,0.16,0.168125,1600,269,0.168125,0.0,1.0,3.1879274592153704,0.12645600592920053,0.12645600592920053,0.02126041599684684,217.1259499999994,0.15666789526979635,2.9672544080604535,2.0,2.9516728624535316,0.0
270,template_deposition,C,C,none,0,1.0,template_site:index=407:site=C:neigh=2:ahead0=39.083:mode=shell,z,xy,398,128,270,0,270,25020.038070069855,350.36629857526384,500.0,0.001,10.547605122820443,0.010547605122820443,-3636.187,-3625.0662,-3636.187,-11.12085,-9.398193,1.0,0.010547605122820443,0.010547605122820443,10,397,407,19,19,1.3919160780631767,-1.2338624227312553,2.137111752780671,79.28148749999995,84.38084098256354,0.0,-29.163807,-467.2557,79.33378884149819,27.171259499999998,52.16252934149819,39.134972341498205,0.01682393006892697,25.598227925298144,72.80639569896981,74.93919535932694,79.28764905766403,7.172301084396223,0.984375,34.223400222225635,34.74037885932696,39.08883255766404,1.0,7,50,8,0.16,0.16875,1600,270,0.16875,0.0,1.0,3.199778490662268,0.12675333415639123,0.12675333415639123,0.021389625138891023,217.1259499999994,0.15762003676771813,2.969849246231156,2.142857142857143,2.9555555555555557,0.0
271,template_deposition,C,C,none,0,1.0,template_site:index=406:site=C:neigh=1:ahead0=39.083:mode=shell,z,xy,399,128,271,0,271,25087.34191854575,67.30384847589539,500.0,0.001,10.547605122820443,0.010547605122820443,-3642.4082,-3636.187,-3642.4082,-6.2211914,-5.4855957,0.9990269444373274,0.010547605122820443,0.010547605122820443,9,398,406,18,18,1.5095519239714958,8.568872265080074e-07,2.849481624670311,79.28148749999995,84.38084098256354,0.0,-29.237535,-468.43698,79.33378884149819,27.171259499999998,52.16252934149819,39.134972341498205,0.01681990059456509,25.69303617687332,72.80634514530811,74.93919535932694,79.28829540877422,7.2554253566415365,0.984375,34.22334966856394,34.74037885932696,39.08947890877423,1.0,7,50,8,0.16,0.169375,1600,271,0.169375,0.0,1.0,3.211629522109165,0.12628542313123226,0.12628542313123226,0.021389593542852463,217.1259499999994,0.1576198039366738,2.9674185463659146,2.1333333333333333,2.952029520295203,0.0
272,template_deposition,C,C,none,0,1.0,template_site:index=408:site=C:neigh=2:ahead0=39.083:mode=shell,z,xy,400,128,272,0,272,25200.87388867435,113.53197012860014,500.0,0.001,10.547605122820443,0.010547605122820443,-3652.9204,-3642.4082,-3652.9204,-10.512207,-9.412598,1.0,0.010547605122820443,0.010547605122820443,10,399,408,17,17,1.4197105037733844,1.2338618572687443,2.137111752780671,79.28148749999995,84.38084098256354,0.0,-29.362116,-470.43298,79.3339158124554,27.171259499999998,52.162656312455404,39.13509931245542,0.016953794012553886,25.787844428448498,72.94409981436705,74.93936342649839,79.28744528142266,7.2944676235579635,0.984375,34.361104337622876,34.7405469264984,39.08862878142268,1.0,7,50,8,0.16,0.17,1600,272,0.17,0.0,1.0,3.2234805535560622,0.1263275894765547,0.1263275894765547,0.0214756902110143,217.1259499999994,0.15825424983804548,2.97,2.25,2.9558823529411766,0.0
273,template_deposition,C,C,none,0,1.0,template_site:index=412:site=C:neigh=1:ahead0=39.083:mode=shell,z,xy,401,128,273,0,273,25302.056049866405,101.18216119205836,500.0,0.001,10.547605122820443,0.010547605122820443,-3659.3066,-3652.9204,-3659.3066,-6.3862305,-5.9296875,0.9187260929057998,0.010547605122820443,0.010547605122820443,9,400,412,16,16,1.4818592182902122,-5.654625110373956e-07,4.274223505561342,79.28148749999995,84.38084098256354,0.0,-29.4378,-471.64557,79.3339158124554,27.171259499999998,52.162656312455404,39.13509931245542,0.016638752696431086,25.88265268002368,73.08201491006876,74.93983538206652,79.28789232609488,7.330799632400828,0.984375,34.49901943332459,34.741018882066534,39.08907582609489,1.0,7,50,8,0.16,0.170625,1600,273,0.170625,0.0,1.0,3.23533158500296,0.12637003455430254,0.12637003455430254,0.02156188714582787,217.1259499999994,0.15888943460385407,2.9675810473815463,2.235294117647059,2.9523809523809526,0.0
274,template_deposition,C,C,none,0,1.0,template_site:index=402:site=C:neigh=2:ahead0=39.083:mode=shell,z,xy,402,128,274,0,274,25318.560117176206,16.504067309801254,500.0,0.001,10.547605122820443,0.010547605122820443,-3668.6445,-3659.3066,-3668.6445,-9.337891,-8.311523,0.9999999716444855,0.010547605122820443,0.010547605122820443,10,401,402,15,15,1.412360494921673,-1.2338615658440286,4.98659337745098,79.28148749999995,84.38084098256354,0.0,-29.548462,-473.41855,79.33290721074819,27.171259499999998,52.16164771074819,39.134090710748204,0.01624263341214324,25.977460931598856,73.0818984297788,74.93983538206652,79.28768977422912,7.33070096869911,0.984375,34.49890295303463,34.741018882066534,39.08887327422914,1.0,7,50,8,0.16,0.17125,1600,274,0.17125,0.0,1.0,3.247182616449857,0.12590840493808259,0.12590840493808259,0.021561814345646645,217.1259499999994,0.158888898139696,2.970149253731343,2.3333333333333335,2.9562043795620436,0.0
275,template_deposition,C,C,none,0,1.0,template_site:index=409:site=C:neigh=1:ahead0=39.083:mode=shell,z,xy,403,128,275,0,275,25345.742005973447,27.181888797239363,500.0,0.001,10.547605122820443,0.010547605122820443,-3675.7046,-3668.6445,-3675.7046,-7.0600586,-6.761963,0.9914042675740262,0.010547605122820443,0.010547605122820443,10,402,409,14,14,1.439340260057277,2.4677251368872275,2.849481624670311,79.28148749999995,84.38084098256354,0.0,-29.632132,-474.7591,79.33152856208692,27.171259499999998,52.16026906208692,39.13271206208693,0.016071463962734112,26.072269183174033,73.15098152651768,74.94059205984608,79.28807892695023,7.368235291679069,0.984375,34.56798604977351,34.7417755598461,39.08926242695025,1.0,7,50,8,0.16,0.171875,1600,275,0.171875,0.0,1.0,3.259033647896754,0.12570176745372186,0.12570176745372186,0.021604991281108443,217.1259499999994,0.1592070687532909,2.967741935483871,2.3157894736842106,2.9527272727272726,0.0
276,template_deposition,C,C,none,0,1.0,template_site:index=392:site=C:neigh=2:ahead0=39.083:mode=shell,z,xy,404,128,276,0,276,25546.727822904875,200.98581693142913,500.0,0.001,10.547605122820443,0.010547605122820443,-3684.9353,-3675.7046,-3684.9353,-9.230713,-7.8325195,0.9730577536235939,0.010547605122820443,0.010547605122820443,11,403,392,13,13,1.410883353163072,3.7015861372687446,2.137111752780671,79.28148749999995,84.38084098256354,0.0,-29.741526,-476.51178,79.32372384897367,27.171259499999998,52.15246434897367,39.124907348973686,0.015201275493473946,26.167077434749213,73.35757366713929,74.94059205984608,79.28772552234155,7.23125715285738,0.984375,34.77457819039512,34.7417755598461,39.08890902234156,1.0,7,50,8,0.16,0.1725,1600,276,0.1725,0.0,1.0,3.2708846793436517,0.12599484851592435,0.12599484851592435,0.021734111368996948,217.1259499999994,0.16015855401160117,2.9702970297029703,2.4,2.9565217391304346,0.0
277,template_deposition,C,C,none,0,1.0,template_site:index=401:site=C:neigh=1:ahead0=39.083:mode=shell,z,xy,405,128,277,0,277,25578.795842475844,32.06801957096767,500.0,0.001,10.547605122820443,0.010547605122820443,-3693.9565,-3684.9353,-3693.9565,-9.02124,-7.5039062,0.9996268333353768,0.010547605122820443,0.010547605122820443,14,404,401,12,12,1.4701371386614255,-2.467723988575284,7.123705130231651,79.28148749999995,84.38084098256354,0.0,-29.848436,-478.22467,79.31922879253689,27.171259499999998,52.14796929253689,39.120412292536905,0.012986730772255498,26.26188568632439,73.56428169504726,74.94131452014237,79.28703822395015,7.2937436859903375,0.984375,34.98128621830308,34.742498020142385,39.08822172395016,1.0,7,50,8,0.16,0.173125,1600,277,0.173125,0.0,1.0,3.282735710790549,0.12628623183502918,0.12628623183502918,0.021863303886439426,217.1259499999994,0.1611105730029192,2.9728395061728397,2.4761904761904763,2.96028880866426,0.0
278,template_deposition,C,C,none,0,1.0,template_site:index=415:site=C:neigh=2:ahead0=39.083:mode=shell,z,xy,406,128,278,0,278,25696.211171459727,117.41532898388313,500.0,0.001,10.547605122820443,0.010547605122820443,-3705.233,-3693.9565,-3705.233,-11.276367,-9.814941,1.0,0.010547605122820443,0.010547605122820443,15,405,415,11,11,1.494460991356429,-1.2338629881937666,6.411335258342015,79.28148749999995,84.38084098256354,0.0,-29.982073,-480.36578,79.31844954842117,27.171259499999998,52.14719004842117,39.119633048421186,0.012237680317563143,26.356693937899568,74.11555172686802,74.94160056970736,79.28614987868178,6.327502345393261,0.984375,35.53255625012385,34.742784069707376,39.0873333786818,1.0,7,50,8,0.16,0.17375,1600,278,0.17375,0.0,1.0,3.294586742237446,0.12781495054001385,0.12781495054001385,0.022207847656327405,217.1259499999994,0.16364951425715787,2.9753694581280787,2.5454545454545454,2.964028776978417,0.0
279,template_deposition,C,C,none,0,1.0,template_site:index=414:site=C:neigh=2:ahead0=39.083:mode=shell,z,xy,407,128,279,0,279,25784.781203647646,88.57003218791837,500.0,0.001,10.547605122820443,0.010547605122820443,-3715.6643,-3705.233,-3715.6643,-10.4313965,-8.705078,1.0,0.010547605122820443,0.010547605122820443,13,406,414,10,10,1.510747858926621,2.914247172469686e-07,7.123705130231651,79.28148749999995,84.38084098256354,0.0,-30.105696,-482.34644,79.31444242472057,27.171259499999998,52.14318292472057,39.11562592472058,0.010933864618814496,26.45150218947475,73.70177163828126,74.94160056970736,79.28708100332868,7.358909996784408,0.984375,35.118776161537085,34.742784069707376,39.088264503328695,1.0,7,50,8,0.16,0.174375,1600,279,0.174375,0.0,1.0,3.3064377736843436,0.1258737496829286,0.1258737496829286,0.02194923510096068,217.1259499999994,0.16174379967727112,2.977886977886978,2.608695652173913,2.967741935483871,0.0
280,template_deposition,C,C,none,0,1.0,template_site:index=391:site=C:neigh=1:ahead0=39.083:mode=shell,z,xy,408,128,280,0,280,25834.937538653157,50.156335005511465,500.0,0.001,10.547605122820443,0.010547605122820443,-3725.7458,-3715.6643,-3725.7458,-10.081543,-7.987549,0.9999999933338077,0.010547605122820443,0.010547605122820443,15,407,391,9,9,1.4977553656097207,6.169310417268744,2.137111752780671,79.28148749999995,84.38084098256354,0.0,-30.225172,-484.26065,79.30997407257088,27.171259499999998,52.13871457257088,39.111157572570896,0.009899086735381184,26.546310441049926,73.78866637240908,74.94162990726721,79.28840667050787,7.3337067209001425,1.0,35.20567089566491,34.74281340726723,39.08959017050788,1.0,7,50,8,0.16,0.175,1600,280,0.175,0.0,1.0,3.3182888051312407,0.12573453891308897,0.12573453891308897,0.022003544309790568,217.1259499999994,0.16214400395560738,2.980392156862745,2.6666666666666665,2.9714285714285715,0.0
281,template_deposition,C,C,none,0,1.0,template_site:index=393:site=C:neigh=2:ahead0=39.083:mode=shell,z,xy,409,128,281,0,281,25915.38317822769,80.44563957453276,500.0,0.001,10.547605122820443,0.010547605122820443,-3737.0793,-3725.7458,-3737.0793,-11.333496,-10.281982,1.0,0.010547605122820443,0.010547605122820443,15,408,393,8,8,1.476553821417529,4.935449416887227,2.849481624670311,79.28148749999995,84.38084098256354,0.0,-30.359486,-486.4126,79.30562331216504,27.171259499999998,52.13436381216504,39.106806812165054,0.008952593280117232,26.641118692625103,73.72056575788199,74.94162990726721,79.28875728343505,7.501501798677571,1.0,35.13757028113781,34.74281340726723,39.08994078343506,1.0,7,50,8,0.16,0.175625,1600,281,0.175625,0.0,1.0,3.330139836578138,0.12504473409657585,0.12504473409657585,0.021960981425711134,217.1259499999994,0.16183035828346592,2.9828850855745723,2.72,2.9750889679715304,0.0
282,template_deposition,C,C,none,0,1.0,template_site:index=387:site=C:neigh=2:ahead0=39.083:mode=shell,z,xy,410,128,282,0,282,26202.74551536964,287.3623371419486,500.0,0.001,10.547605122820443,0.010547605122820443,-3748.533,-3737.0793,-3748.533,-11.453613,-11.102051,1.0,0.010547605122820443,0.010547605122820443,14,409,387,7,7,1.3856863767495944,4.935447994537489,4.274223505561342,79.28148749999995,84.38084098256354,0.0,-30.495222,-488.58734,79.30562331216504,27.171259499999998,52.13436381216504,39.106806812165054,0.00856607072959815,26.735926944200283,74.19547736324688,74.94280303636756,79.28766327527968,7.2245674603956065,1.0,35.61248188650271,34.74398653636758,39.0888467752797,1.0,7,50,8,0.16,0.17625,1600,282,0.17625,0.0,1.0,3.3419908680250354,0.1262853967606479,0.1262853967606479,0.02225780117906419,217.1259499999994,0.1640176215072533,2.9853658536585366,2.769230769230769,2.978723404255319,0.0
283,template_deposition,C,C,none,0,1.0,template_site:index=396:site=C:neigh=1:ahead0=39.083:mode=shell,z,xy,411,128,283,0,283,26219.878471836775,17.132956467136086,500.0,0.001,10.547605122820443,0.010547605122820443,-3755.9766,-3748.533,-3755.9766,-7.4436035,-7.257324,0.41105391263372254,0.010547605122820443,0.010547605122820443,14,410,396,6,6,1.458024604409568,2.4677237145374886,4.274223505561342,79.28148749999995,84.38084098256354,0.0,-30.583437,-490.0007,79.30562331216504,27.171259499999998,52.13436381216504,39.106806812165054,0.008342263987811637,26.83073519577546,74.1272846415522,74.94390319907012,79.28766290913121,7.438367832216918,1.0,35.54428916480802,34.745086699070136,39.08884640913123,1.0,7,50,8,0.16,0.176875,1600,283,0.176875,0.0,1.0,3.3538418994719326,0.12559819492865024,0.12559819492865024,0.02221518072800501,217.1259499999994,0.16370355162433656,2.982968369829684,2.740740740740741,2.9752650176678443,0.0
284,template_deposition,C,C,none,0,1.0,template_site:index=413:site=C:neigh=2:ahead0=39.083:mode=shell,z,xy,412,128,284,0,284,26226.190620543537,6.31214870676021,500.0,0.001,10.547605122820443,0.010547605122820443,-3767.9956,-3755.9766,-3767.9956,-12.019043,-11.719238,0.9195682703281293,0.010547605122820443,0.010547605122820443,15,411,413,5,5,1.4052518526952067,1.2338627141559733,4.98659337745098,79.28148749999995,84.38084098256354,0.0,-30.725876,-492.2828,79.3016756191122,27.171259499999998,52.130416119112205,39.10285911911222,0.007725866685606873,26.925543447350638,74.33084187805215,74.94390319907012,79.2871108525114,7.237167999681383,1.0,35.74784640130798,34.745086699070136,39.08829435251142,1.0,7,50,8,0.16,0.1775,1600,284,0.1775,0.0,1.0,3.3656929309188297,0.12587269859615485,0.12587269859615485,0.022342404000817488,217.1259499999994,0.16464105926218436,2.9854368932038833,2.7857142857142856,2.9788732394366195,0.0
285,template_deposition,C,C,none,0,1.0,template_site:index=397:site=C:neigh=2:ahead0=39.083:mode=shell,z,xy,413,128,285,0,285,26351.83828918134,125.64766863780453,500.0,0.001,10.547605122820443,0.010547605122820443,-3778.9917,-3767.9956,-3778.9917,-10.996094,-10.514648,0.652252651122628,0.010547605122820443,0.010547605122820443,16,412,397,4,4,1.4277021402977872,3.701586994155973,4.98659337745098,79.28148749999995,84.38084098256354,0.0,-30.85619,-494.37067,79.3016756191122,27.171259499999998,52.130416119112205,39.10285911911222,0.007326350826815767,27.02035169892582,74.66994465230457,74.94619269222969,79.28695844547427,7.1967503515601665,1.0,36.08694917556039,34.7473761922297,39.088141945474284,1.0,8,50,9,0.18,0.178125,1600,285,0.178125,0.0,1.0,3.3775439623657273,0.1266208743002119,0.1266208743002119,0.022554343234725244,217.1259499999994,0.16620283837818783,2.9878934624697338,2.8275862068965516,2.982456140350877,0.0
286,template_deposition,C,C,none,0,1.0,template_site:index=384:site=C:neigh=2:ahead0=39.083:mode=shell,z,xy,414,128,286,0,286,26509.364665250912,157.52637606957109,500.0,0.001,10.547605122820443,0.010547605122820443,-3790.7622,-3778.9917,-3790.7622,-11.770508,-11.460449,0.975740940502785,0.010547605122820443,0.010547605122820443,17,413,384,3,3,1.4220431925309298,3.701585571806233,6.411335258342015,79.28148749999995,84.38084098256354,0.0,-30.995684,-496.60562,79.3016756191122,27.171259499999998,52.130416119112205,39.10285911911222,0.007089998825758794,27.115159950500995,74.87316996416652,74.949660532166,79.28747223476073,7.140228933675422,1.0,36.29017448742235,34.75084403216602,39.08865573476074,1.0,8,50,9,0.18,0.17875,1600,286,0.17875,0.0,1.0,3.3893949938126244,0.12688872198399423,0.12688872198399423,0.02268135905463897,217.1259499999994,0.16713881729670013,2.9903381642512077,2.8666666666666667,2.986013986013986,0.0
287,template_deposition,C,C,none,0,1.0,template_site:index=398:site=C:neigh=2:ahead0=39.083:mode=shell,z,xy,415,128,287,0,287,26513.614398651822,4.2497334009081875,500.0,0.001,10.547605122820443,0.010547605122820443,-3802.3438,-3790.7622,-3802.3438,-11.581543,-11.296631,0.8520633860262476,0.010547605122820443,0.010547605122820443,18,414,398,2,2,1.4203364194267687,2.467724571424717,7.123705130231651,79.28148749999995,84.38084098256354,0.0,-31.132936,-498.80466,79.3016756191122,27.171259499999998,52.130416119112205,39.10285911911222,0.006679576727343447,27.209968202076173,75.0771569755655,74.95323998797006,79.28810809049433,6.512528125881701,1.0,36.49416149882133,34.75442348797008,39.08929159049435,1.0,8,50,9,0.18,0.179375,1600,287,0.179375,0.0,1.0,3.4012460252595216,0.12715735713875026,0.12715735713875026,0.02280885093676333,217.1259499999994,0.16807830431517481,2.9927710843373494,2.903225806451613,2.989547038327526,0.0
288,template_deposition,C,C,none,0,1.0,template_site:index=399:site=C:neigh=3:ahead0=39.083:mode=shell,z,xy,416,128,288,0,288,26533.363090995408,19.74869234358607,500.0,0.001,10.547605122820443,0.010547605122820443,-3817.989,-3802.3438,-3817.989,-15.645264,-15.345703,1.0,0.010547605122820443,0.010547605122820443,19,415,399,1,1,1.3557056007422372,1.2338612918062335,6.411335258342015,79.28148749999995,84.38084098256354,0.0,-31.318348,-501.77527,79.30043338537699,27.171259499999998,52.12917388537699,39.101616885377005,0.006275793409630312,27.304776453651353,75.89117805554869,77.11628686752007,79.28868048284971,4.699472790133898,1.0,37.30818257880452,36.91747036752009,39.08986398284973,1.0,8,50,9,0.18,0.18,1600,288,0.18,0.0,1.0,3.413097056706419,0.12954230062084904,0.12954230062084904,0.023317614111752826,217.1259499999994,0.17182737751431656,3.0,3.0,3.0,0.0
289,template_deposition,C,C,none,0,1.0,template_site:index=442:site=C:neigh=0:ahead0=43.425:mode=shell,z,xy,417,128,289,0,289,26541.948473674704,8.585382679295765,500.0,0.001,10.547605122820443,0.010547605122820443,-3819.9863,-3817.989,-3819.9863,-1.9973145,-1.9851074,0.03446723326015222,0.010547605122820443,0.010547605122820443,1,416,442,32,32,4.341997650788188,7.40317284,0.0,83.62400649999996,84.38084098256354,0.0,-31.342018,-502.1545,83.67434996221553,27.171259499999998,56.50309046221553,43.475533462215544,0.0,27.39958470522653,76.0276117896058,79.27518982462085,79.28984166359595,4.795716658749656,1.0,37.444616312861626,39.07637332462087,39.091025163595965,1.0,8,50,9,0.18,0.180625,1600,289,0.180625,0.0,1.0,3.4249480881533163,0.12956614641128592,0.12956614641128592,0.023402885195538518,217.1259499999994,0.17245573968870018,2.9928057553956835,0.0,2.98961937716263,0.0
290,template_deposition,C,C,none,0,1.0,template_site:index=447:site=C:neigh=1:ahead0=43.425:mode=shell,z,xy,418,128,290,0,290,26598.761498655294,56.81302498059215,500.0,0.001,10.547605122820443,0.010547605122820443,-3828.5442,-3819.9863,-3828.5442,-8.557861,-8.323486,0.33838530348643575,0.010547605122820443,0.010547605122820443,2,417,447,31,31,1.4255774998749542,3.7015841494564965,7.836077139233043,83.62400649999996,84.38084098256354,0.0,-31.443438,-503.77942,83.67848364127197,27.171259499999998,56.50722414127197,43.47966714127198,0.022743896491562055,27.494392956801708,75.95987209680297,77.11628686752007,79.28984166359595,4.779979168656465,1.0,37.376876620058795,36.91747036752009,39.091025163595965,1.0,8,50,9,0.18,0.18125,1600,290,0.18125,0.0,1.0,3.4367991196002134,0.1288857814484786,0.1288857814484786,0.023360547887536748,217.1259499999994,0.1721437562855057,2.9904306220095696,1.0,2.986206896551724,0.0
291,template_deposition,C,C,none,0,1.0,template_site:index=432:site=C:neigh=1:ahead0=43.425:mode=shell,z,xy,419,128,291,0,291,26883.780405250327,285.01890659503175,500.0,0.001,10.547605122820443,0.010547605122820443,-3836.5942,-3828.5442,-3836.5942,-8.050049,-7.443115,0.21324983108480264,0.010547605122820443,0.010547605122820443,3,418,432,30,30,1.4534619155112223,1.233859869456495,7.836077139233043,83.62400649999996,84.38084098256354,0.0,-31.53884,-505.30792,83.6625499050981,27.171259499999998,56.491290405098106,43.46373340509812,0.008094028844033723,27.58920120837689,76.23158565724802,79.27588766175504,79.2912454089037,4.958290329516005,1.0,37.648590180503845,39.07707116175505,39.09242890890372,1.0,8,50,9,0.18,0.181875,1600,291,0.181875,0.0,1.0,3.448650151047111,0.12937659855843245,0.12937659855843245,0.023530368862814902,217.1259499999994,0.1733951661720027,2.988066825775656,1.3333333333333333,2.9828178694158076,0.0
292,template_deposition,C,C,none,0,1.0,template_site:index=426:site=C:neigh=1:ahead0=43.425:mode=shell,z,xy,420,128,292,0,292,26959.304418669555,75.52401341922825,500.0,0.001,10.547605122820443,0.010547605122820443,-3844.8052,-3836.5942,-3844.8052,-8.2109375,-7.6381836,0.2425187147448688,0.010547605122820443,0.010547605122820443,4,419,426,29,29,1.3722755157638742,0.0,0.0,83.62400649999996,84.38084098256354,0.0,-31.636148,-506.86697,83.6587322107859,27.171259499999998,56.4874727107859,43.459915710785914,0.010010901432406872,27.684009459952065,76.5031285821223,79.27725084572856,79.29612908330152,4.879794193250945,1.0,37.92013310537813,39.078434345728574,39.09731258330154,1.0,8,50,9,0.18,0.1825,1600,292,0.1825,0.0,1.0,3.460501182494008,0.1298634695389662,0.1298634695389662,0.02370008319086133,217.1259499999994,0.17464579017560192,2.9857142857142858,1.5,2.9794520547945207,0.0
293,template_deposition,C,C,none,0,1.0,template_site:index=437:site=C:neigh=1:ahead0=43.425:mode=shell,z,xy,421,128,293,0,293,27000.95319725168,41.648778582125566,500.0,0.001,10.547605122820443,0.010547605122820443,-3852.7183,-3844.8052,-3852.7183,-7.913086,-7.590088,0.9993236703902779,0.010547605122820443,0.010547605122820443,4,420,437,28,28,1.3498403637754361,4.93544856,0.0,83.62400649999996,84.38084098256354,0.0,-31.729927,-508.36948,83.65785673249748,27.171259499999998,56.48659723249748,43.45904023249749,0.010643756597579218,27.778817711527243,76.570777185093,79.27725084572856,79.29612908330152,4.9476116607336404,1.0,37.98778170834882,39.078434345728574,39.09731258330154,1.0,8,50,9,0.18,0.183125,1600,293,0.183125,0.0,1.0,3.4723522139409053,0.12965113211040552,0.12965113211040552,0.023742363567718014,217.1259499999994,0.17495735405348337,2.983372921615202,1.6,2.9761092150170647,0.0
294,template_deposition,C,C,none,0,1.0,template_site:index=431:site=C:neigh=1:ahead0=43.425:mode=shell,z,xy,422,128,294,0,294,27286.933415854928,285.98021860324695,500.0,0.001,10.547605122820443,0.010547605122820443,-3860.656,-3852.7183,-3860.656,-7.937744,-7.476074,0.6787302627880643,0.010547605122820443,0.010547605122820443,5,421,431,27,27,1.407839478724399,-3.7015886905435047,7.836077139233043,83.62400649999996,84.38084098256354,0.0,-31.823997,-509.87665,83.6581824415937,27.171259499999998,56.4869229415937,43.45936594159371,0.010049111617719418,27.873625963102423,76.70676908831905,79.27839018531365,79.29973478276409,5.01985673754046,1.0,38.123773611574876,39.07957368531367,39.100918282764106,1.0,8,50,9,0.18,0.18375,1600,294,0.18375,0.0,1.0,3.484203245387803,0.12967269935909823,0.12967269935909823,0.023827358507234296,217.1259499999994,0.17558368132217722,2.981042654028436,1.6666666666666667,2.9727891156462585,0.0
295,template_deposition,C,C,none,0,1.0,template_site:index=416:site=C:neigh=1:ahead0=43.425:mode=shell,z,xy,423,128,295,0,295,27482.344585172057,195.4111693171277,500.0,0.001,10.547605122820443,0.010547605122820443,-3868.8381,-3860.656,-3868.8381,-8.182129,-7.5925293,0.9021351826276466,0.010547605122820443,0.010547605122820443,6,422,416,26,26,1.395385919665219,-1.2338644105435042,7.836077139233043,83.62400649999996,84.38084098256354,0.0,-31.920963,-511.43024,83.65802352059335,27.171259499999998,56.48676402059335,43.45920702059336,0.009484819485526305,27.9684342146776,76.84273209110518,79.2786266587146,82.33134246223632,5.087453380097169,1.0,38.259736614361,39.079810158714615,42.132525962236336,1.0,8,50,9,0.18,0.184375,1600,295,0.184375,0.0,1.0,3.4960542768347,0.12969402242156272,0.12969402242156272,0.023912335383975625,217.1259499999994,0.17620987548637604,2.978723404255319,1.7142857142857142,2.9694915254237286,0.0
296,template_deposition,C,C,none,0,1.0,template_site:index=421:site=C:neigh=2:ahead0=43.425:mode=shell,z,xy,424,128,296,0,296,27583.608727055085,101.26414188302746,500.0,0.001,10.547605122820443,0.010547605122820443,-3881.4915,-3868.8381,-3881.4915,-12.65332,-11.594238,1.0,0.010547605122820443,0.010547605122820443,7,423,421,25,25,1.347093578887578,2.46772428,0.0,83.62400649999996,84.38084098256354,0.0,-32.07092,-513.83276,83.65802352059335,27.171259499999998,56.48676402059335,43.45920702059336,0.01109712100188647,28.063242466252778,76.91030256768062,79.2786266587146,83.62703328186718,5.147975054297857,1.0,38.32730709093644,39.079810158714615,43.4282167818672,1.0,8,50,9,0.18,0.185,1600,296,0.185,0.0,1.0,3.507905308281597,0.129484145577488,0.129484145577488,0.023954566931835276,217.1259499999994,0.17652107954363147,2.981132075471698,2.0,2.972972972972973,0.0
297,template_deposition,C,C,none,0,1.0,template_site:index=420:site=C:neigh=1:ahead0=43.425:mode=shell,z,xy,425,128,297,0,297,27612.28001028667,28.671283231585445,500.0,0.001,10.547605122820443,0.010547605122820443,-3886.4712,-3881.4915,-3886.4712,-4.9797363,-4.2822266,0.997689954205697,0.010547605122820443,0.010547605122820443,6,424,420,24,24,1.653820317333112,2.467722857650262,1.4247418808910315,83.62400649999996,84.38084098256354,0.0,-32.129932,-514.77826,83.65802352059335,27.171259499999998,56.48676402059335,43.45920702059336,0.011383188307653391,28.158050717827958,77.04610227459801,79.27893471217905,83.63061933550327,5.20847014383368,1.0,38.46310679785384,39.080118212179066,43.431802835503284,1.0,8,50,9,0.18,0.185625,1600,297,0.185625,0.0,1.0,3.5197563397284948,0.12950541009378397,0.12950541009378397,0.02403944174865865,217.1259499999994,0.17714652162882394,2.978823529411765,2.0,2.9696969696969697,0.0
298,template_deposition,C,C,none,0,1.0,template_site:index=438:site=C:neigh=1:ahead0=43.425:mode=shell,z,xy,426,128,298,0,298,27739.9320823475,127.65207206082866,500.0,0.001,10.547605122820443,0.010547605122820443,-3894.657,-3886.4712,-3894.657,-8.185791,-7.249756,0.2958916172302403,0.010547605122820443,0.010547605122820443,7,425,438,23,23,1.4663005385186383,3.7015861372687446,2.137111752780671,83.62400649999996,84.38084098256354,0.0,-32.226944,-516.3326,83.65802352059335,27.171259499999998,56.48676402059335,43.45920702059336,0.011452613467681044,28.252858969403135,77.11388034691004,79.27893471217905,83.63132314345337,5.265144016146016,1.0,38.53088487016586,39.080118212179066,43.43250664345339,1.0,8,50,9,0.18,0.18625,1600,298,0.18625,0.0,1.0,3.531607371175392,0.12929827137639552,0.12929827137639552,0.024081803043853666,217.1259499999994,0.1774586817935211,2.976525821596244,2.0,2.966442953020134,0.0
299,template_deposition,C,C,none,0,1.0,template_site:index=439:site=C:neigh=1:ahead0=43.425:mode=shell,z,xy,427,128,299,0,299,27853.814715589484,113.8826332419841,500.0,0.001,10.547605122820443,0.010547605122820443,-3902.2952,-3894.657,-3902.2952,-7.6381836,-7.0236816,0.9999886830683082,0.010547605122820443,0.010547605122820443,4,426,439,22,22,1.4340612838031137,3.701584714919006,3.561853633671703,83.62400649999996,84.38084098256354,0.0,-32.317463,-517.78284,83.65802352059335,27.171259499999998,56.48676402059335,43.45920702059336,0.011537817550755967,28.347667220978312,77.24996058345667,79.2793376505457,83.63145870207009,5.319233051526335,1.0,38.666965106712496,39.080521150545714,43.432642202070106,1.0,8,50,9,0.18,0.186875,1600,299,0.186875,0.0,1.0,3.543458402622289,0.1293209535341555,0.1293209535341555,0.02416685319169531,217.1259499999994,0.17808541589207832,2.9742388758782203,2.0,2.963210702341137,0.0
300,template_deposition,C,C,none,0,1.0,template_site:index=445:site=C:neigh=1:ahead0=43.425:mode=shell,z,xy,428,128,300,0,300,27942.031078289052,88.21636269956846,500.0,0.001,10.547605122820443,0.010547605122820443,-3910.6682,-3902.2952,-3910.6682,-8.373047,-7.661377,0.9999999900600557,0.010547605122820443,0.010547605122820443,6,427,445,21,21,1.39159541323753,4.935447994537489,4.274223505561342,83.62400649999996,84.38084098256354,0.0,-32.416695,-519.37274,83.65802352059335,27.171259499999998,56.48676402059335,43.45920702059336,0.011162088564565933,28.442475472553493,77.317885973236,79.2793376505457,83.63233938280892,5.372245943863622,1.0,38.73489049649183,39.080521150545714,43.43352288280894,1.0,8,50,9,0.18,0.1875,1600,300,0.1875,0.0,1.0,3.5553094340691866,0.12911630165497276,0.12911630165497276,0.024209306560307394,217.1259499999994,0.17839825454530855,2.97196261682243,2.0,2.96,0.0
301,template_deposition,C,C,none,0,1.0,template_site:index=444:site=C:neigh=1:ahead0=43.425:mode=shell,z,xy,429,128,301,0,301,28114.798136767396,172.767058478346,500.0,0.001,10.547605122820443,0.010547605122820443,-3918.7266,-3910.6682,-3918.7266,-8.05835,-7.4978027,0.9999999088897097,0.010547605122820443,0.010547605122820443,9,428,444,20,20,1.4007966605786093,4.93544657218775,5.698965386452375,83.62400649999996,84.38084098256354,0.0,-32.51219,-520.9028,83.65946697248764,27.171259499999998,56.48820747248764,43.46065047248765,0.011539292338077736,28.53728372412867,77.52161278358331,79.28022435375267,83.63222711487587,5.41530222987693,1.0,38.938617306839134,39.08140785375269,43.43341061487589,1.0,8,50,9,0.18,0.188125,1600,301,0.188125,0.0,1.0,3.567160465516084,0.12936417709913334,0.12936417709913334,0.02433663581677446,217.1259499999994,0.17933654317615763,2.9696969696969697,2.0,2.956810631229236,0.0
302,template_deposition,C,C,none,0,1.0,template_site:index=430:site=C:neigh=2:ahead0=43.425:mode=shell,z,xy,430,128,302,0,302,28124.161420844557,9.363284077161559,500.0,0.001,10.547605122820443,0.010547605122820443,-3929.8486,-3918.7266,-3929.8486,-11.12207,-9.398193,1.0,0.010547605122820443,0.010547605122820443,10,429,430,19,19,1.3918928098252001,-3.7015872681937667,6.411335258342015,83.62400649999996,84.38084098256354,0.0,-32.644,-523.0146,83.65946697248764,27.171259499999998,56.48820747248764,43.46065047248765,0.01222511211451446,28.632091975703847,77.58938445944781,79.28074423741825,83.63080921134429,5.463812331754713,1.0,39.00638898270364,39.08192773741826,43.4319927113443,1.0,8,50,9,0.18,0.18875,1600,302,0.18875,0.0,1.0,3.579011496962981,0.12916022841954847,0.12916022841954847,0.024378993114189774,217.1259499999994,0.1796486738812369,2.972093023255814,2.142857142857143,2.9602649006622515,0.0
303,template_deposition,C,C,none,0,1.0,template_site:index=428:site=C:neigh=1:ahead0=43.425:mode=shell,z,xy,431,128,303,0,303,28267.702342111257,143.54092126669843,500.0,0.001,10.547605122820443,0.010547605122820443,-3936.0684,-3929.8486,-3936.0684,-6.2197266,-5.4848633,0.9990044996334909,0.010547605122820443,0.010547605122820443,9,430,428,18,18,1.5095782554079986,-2.467726267812249,5.698965386452375,83.62400649999996,84.38084098256354,0.0,-32.717712,-524.19556,83.65946697248764,27.171259499999998,56.48820747248764,43.46065047248765,0.012358115419106917,28.726900227279028,77.72513825690142,79.28088374591213,83.63219961581395,5.504061354752018,1.0,39.14214278015724,39.08206724591215,43.43338311581396,1.0,8,50,9,0.18,0.189375,1600,303,0.189375,0.0,1.0,3.5908625284098785,0.12918198937345624,0.12918198937345624,0.024463839237598276,217.1259499999994,0.18027390452480394,2.9698375870069604,2.1333333333333333,2.957095709570957,0.0
304,template_deposition,C,C,none,0,1.0,template_site:index=417:site=C:neigh=2:ahead0=43.425:mode=shell,z,xy,432,128,304,0,304,28268.037120801164,0.33477868990843446,500.0,0.001,10.547605122820443,0.010547605122820443,-3946.5837,-3936.0684,-3946.5837,-10.515381,-9.414551,1.0,0.010547605122820443,0.010547605122820443,10,431,417,17,17,1.4198015385114593,-1.2338629881937666,6.411335258342015,83.62400649999996,84.38084098256354,0.0,-32.842327,-526.1921,83.65946697248764,27.171259499999998,56.48820747248764,43.46065047248765,0.012451054405372487,28.821708478854205,77.8606622199357,79.28144679610455,83.63110263289151,5.5404683447977945,1.0,39.27766674319153,39.08263029610456,43.43228613289153,1.0,8,50,9,0.18,0.19,1600,304,0.19,0.0,1.0,3.6027135598567757,0.12920285112891952,0.12920285112891952,0.024548541714494707,217.1259499999994,0.18089807663796814,2.9722222222222223,2.25,2.960526315789474,0.0
305,template_deposition,C,C,none,0,1.0,template_site:index=429:site=C:neigh=1:ahead0=43.425:mode=shell,z,xy,433,128,305,0,305,28454.714784684853,186.67766388368838,500.0,0.001,10.547605122820443,0.010547605122820443,-3952.97,-3946.5837,-3952.97,-6.3862305,-5.929199,0.9178758684149652,0.010547605122820443,0.010547605122820443,9,432,429,16,16,1.4819813255543801,-2.4677248454625107,4.274223505561342,83.62400649999996,84.38084098256354,0.0,-32.91801,-527.40466,83.65946697248764,27.171259499999998,56.48820747248764,43.46065047248765,0.01236632172800737,28.916516730429382,77.99665490919313,79.28155773965872,83.63284778718395,5.57352291136608,1.0,39.41365943244895,39.08274123965874,43.43403128718396,1.0,8,50,9,0.18,0.190625,1600,305,0.190625,0.0,1.0,3.614564591303673,0.12922511289327526,0.12922511289327526,0.024633537145280594,217.1259499999994,0.18152440752682517,2.9699769053117784,2.235294117647059,2.957377049180328,0.0
306,template_deposition,C,C,none,0,1.0,template_site:index=440:site=C:neigh=2:ahead0=43.425:mode=shell,z,xy,434,128,306,0,306,28682.25818905322,227.5434043683673,500.0,0.001,10.547605122820443,0.010547605122820443,-3962.3079,-3952.97,-3962.3079,-9.337891,-8.311523,0.9999999721224601,0.010547605122820443,0.010547605122820443,10,433,440,15,15,1.4123621610820043,6.169308994919007,3.561853633671703,83.62400649999996,84.38084098256354,0.0,-33.028675,-529.17773,83.65946697248764,27.171259499999998,56.48820747248764,43.46065047248765,0.012206955556207431,29.011324982004563,78.19978528608814,79.28242614580105,83.63073369158626,5.590372250950964,1.0,39.61678980934397,39.08360964580107,43.43191719158627,1.0,8,50,9,0.18,0.19125,1600,306,0.19125,0.0,1.0,3.6264156227505704,0.12946663336386918,0.12946663336386918,0.024760493630839982,217.1259499999994,0.18245994921078793,2.9723502304147464,2.3333333333333335,2.9607843137254903,0.0
307,template_deposition,C,C,none,0,1.0,template_site:index=419:site=C:neigh=1:ahead0=43.425:mode=shell,z,xy,435,128,307,0,307,28909.40544956041,227.14726050719193,500.0,0.001,10.547605122820443,0.010547605122820443,-3969.3667,-3962.3079,-3969.3667,-7.058838,-6.7617188,0.9928188972137286,0.010547605122820443,0.010547605122820443,10,434,419,14,14,1.4394864842418518,-1.9878122485827987e-06,5.698965386452375,83.62400649999996,84.38084098256354,0.0,-33.11233,-530.51807,83.66110172750213,27.171259499999998,56.48984222750213,43.46228522750214,0.012293728092205533,29.10613323357974,78.26755626985243,79.28242614580105,83.63312622711203,5.629435915433533,1.0,39.68456079310826,39.08360964580107,43.434309727112044,1.0,8,50,9,0.18,0.191875,1600,307,0.191875,0.0,1.0,3.6382666541974675,0.12926567033585754,0.12926567033585754,0.024802850495692662,217.1259499999994,0.18277207672831539,2.9701149425287356,2.3157894736842106,2.957654723127036,0.0
308,template_deposition,C,C,none,0,1.0,template_site:index=433:site=C:neigh=2:ahead0=43.425:mode=shell,z,xy,436,128,308,0,308,29037.71995458072,128.31450502031075,500.0,0.001,10.547605122820443,0.010547605122820443,-3978.6018,-3969.3667,-3978.6018,-9.235107,-7.838867,0.9753352995353698,0.010547605122820443,0.010547605122820443,11,435,433,13,13,1.4110447759785678,1.2338612918062335,6.411335258342015,83.62400649999996,84.38084098256354,0.0,-33.221775,-532.27155,83.66822721577792,27.171259499999998,56.49696771577792,43.46941071577793,0.012909465506904999,29.200941485154917,78.3351957576814,79.2825565818791,83.63073369158626,5.667104226507029,1.0,39.75220028093723,39.08374008187912,43.43191719158627,1.0,8,50,9,0.18,0.1925,1600,308,0.1925,0.0,1.0,3.6501176856443647,0.12906558532771828,0.12906558532771828,0.02484512517558577,217.1259499999994,0.18308359862530177,2.9724770642201834,2.4,2.961038961038961,0.0
309,template_deposition,C,C,none,0,1.0,template_site:index=436:site=C:neigh=1:ahead0=43.425:mode=shell,z,xy,437,128,309,0,309,29049.061566389126,11.341611808405968,500.0,0.001,10.547605122820443,0.010547605122820443,-3987.6226,-3978.6018,-3987.6226,-9.020752,-7.51001,0.9997614628373043,0.010547605122820443,0.010547605122820443,14,436,436,12,12,1.469179379453908,4.935447137650263,1.4247418808910315,83.62400649999996,84.38084098256354,0.0,-33.328682,-533.9844,83.6672004748108,27.171259499999998,56.4959409748108,43.46838397481081,0.012334780424095713,29.295749736730098,78.40315041815879,79.2825565818791,83.62948786983692,5.546972607012139,1.0,39.820154941414614,39.08374008187912,43.430671369836936,1.0,8,50,9,0.18,0.193125,1600,309,0.193125,0.0,1.0,3.6619687170912623,0.12886781534438385,0.12886781534438385,0.024887596838384134,217.1259499999994,0.18339657208829588,2.9748283752860414,2.4761904761904763,2.9644012944983817,0.0
310,template_deposition,C,C,none,0,1.0,template_site:index=441:site=C:neigh=2:ahead0=43.425:mode=shell,z,xy,438,128,310,0,310,29132.951367636495,83.88980124736912,500.0,0.001,10.547605122820443,0.010547605122820443,-3998.8967,-3987.6226,-3998.8967,-11.27417,-9.81665,1.0,0.010547605122820443,0.010547605122820443,15,437,441,11,11,1.494342380367286,6.169310417268744,2.137111752780671,83.62400649999996,84.38084098256354,0.0,-33.46229,-536.125,83.66650424131922,27.171259499999998,56.49524474131922,43.46768774131923,0.012127736439555472,29.390557988305275,78.33465671708063,79.28242614580105,83.62849422159016,5.667122180209258,1.0,39.75166124033646,39.08360964580107,43.429677721590174,1.0,8,50,9,0.18,0.19375,1600,310,0.19375,0.0,1.0,3.6738197485381594,0.12823116529140793,0.12823116529140793,0.024844788275210288,217.1259499999994,0.1830811160081813,2.9771689497716896,2.5454545454545454,2.967741935483871,0.0
311,template_deposition,C,C,none,0,1.0,template_site:index=443:site=C:neigh=2:ahead0=43.425:mode=shell,z,xy,439,128,311,0,311,29194.192071616126,61.240703979629764,500.0,0.001,10.547605122820443,0.010547605122820443,-4009.326,-3998.8967,-4009.326,-10.429199,-8.6796875,1.0,0.010547605122820443,0.010547605122820443,13,438,443,10,10,1.5108376078027994,7.403171417650262,1.4247418808910315,83.62400649999996,84.38084098256354,0.0,-33.585888,-538.1053,83.66047900969593,27.171259499999998,56.489219509695936,43.46166250969595,0.01116844622699692,29.485366239880452,78.4698545859333,79.2825565818791,83.62956795377391,5.688194933209873,1.0,39.88685910918913,39.08374008187912,43.43075145377393,1.0,8,50,9,0.18,0.194375,1600,311,0.194375,0.0,1.0,3.6856707799850565,0.12825356626748918,0.12825356626748918,0.024929286943243208,217.1259499999994,0.18370378625488681,2.979498861047836,2.608695652173913,2.9710610932475885,0.0
312,template_deposition,C,C,none,0,1.0,template_site:index=446:site=C:neigh=1:ahead0=43.425:mode=shell,z,xy,440,128,312,0,312,29296.97451960065,102.78244798452413,500.0,0.001,10.547605122820443,0.010547605122820443,-4019.4055,-4009.326,-4019.4055,-10.07959,-7.961914,0.9999999879180671,0.010547605122820443,0.010547605122820443,15,439,446,9,9,1.4979340867479811,3.701585571806233,6.411335258342015,83.62400649999996,84.38084098256354,0.0,-33.70534,-540.0191,83.65533683987384,27.171259499999998,56.48407733987384,43.456520339873855,0.010035176734306568,29.580174491455633,78.401855534362,79.2825565818791,83.62953669995873,5.703905668215599,1.0,39.818860057617826,39.08374008187912,43.43072019995875,1.0,8,50,9,0.18,0.195,1600,312,0.195,0.0,1.0,3.697521811431954,0.1276245514667238,0.1276245514667238,0.024886787536011142,217.1259499999994,0.1833906083433046,2.981818181818182,2.6666666666666665,2.9743589743589745,0.0
313,template_deposition,C,C,none,0,1.0,template_site:index=435:site=C:neigh=2:ahead0=43.425:mode=shell,z,xy,441,128,313,0,313,29418.506888756896,121.53236915624528,500.0,0.001,10.547605122820443,0.010547605122820443,-4030.7388,-4019.4055,-4030.7388,-11.333252,-10.287842,1.0,0.010547605122820443,0.010547605122820443,15,440,435,8,8,1.4756156456236222,2.467722292187751,5.698965386452375,83.62400649999996,84.38084098256354,0.0,-33.839653,-542.171,83.65108408245288,27.171259499999998,56.479824582452885,43.4522675824529,0.009137692162644468,29.67498274303081,78.80888299111477,79.28357921706221,83.62923818734357,5.042590347583019,1.0,40.2258875143706,39.084762717062226,43.43042168734359,1.0,8,50,9,0.18,0.195625,1600,313,0.195625,0.0,1.0,3.7093728428788513,0.12851721250597636,0.12851721250597636,0.025141179696481622,217.1259499999994,0.18526522285507888,2.984126984126984,2.72,2.977635782747604,0.0
314,template_deposition,C,C,none,0,1.0,template_site:index=434:site=C:neigh=2:ahead0=43.425:mode=shell,z,xy,442,128,314,0,314,29614.994662346504,196.48777358960976,500.0,0.001,10.547605122820443,0.010547605122820443,-4042.1934,-4030.7388,-4042.1934,-11.45459,-11.101807,1.0,0.010547605122820443,0.010547605122820443,14,441,434,7,7,1.386040673809017,2.4677237145374886,4.274223505561342,83.62400649999996,84.38084098256354,0.0,-33.975403,-544.34595,83.65108408245288,27.171259499999998,56.479824582452885,43.4522675824529,0.008782660230769908,29.769790994605987,78.87663024477749,79.284461806893,83.62951546034624,5.135131019307709,1.0,40.293634768033314,39.08564530689302,43.430698960346255,1.0,8,50,9,0.18,0.19625,1600,314,0.19625,0.0,1.0,3.7212238743257484,0.12832367760520164,0.12832367760520164,0.025183521730020822,217.1259499999994,0.18557724108073415,2.986425339366516,2.769230769230769,2.9808917197452227,0.0
315,template_deposition,C,C,none,0,1.0,template_site:index=422:site=C:neigh=1:ahead0=43.425:mode=shell,z,xy,443,128,315,0,315,29658.85559974223,43.86093739572547,500.0,0.001,10.547605122820443,0.010547605122820443,-4049.6738,-4042.1934,-4049.6738,-7.4804688,-7.165283,0.04831234784387161,0.010547605122820443,0.010547605122820443,14,442,422,6,6,1.5003059949257107,1.2338618572687443,2.137111752780671,83.62400649999996,84.38084098256354,0.0,-34.064053,-545.7663,83.65108408245288,27.171259499999998,56.479824582452885,43.4522675824529,0.008324168661923245,29.864599246181168,78.80881226024016,79.284461806893,83.63011581966572,5.270959153815882,1.0,40.225816783495986,39.08564530689302,43.43129931966573,1.0,8,50,9,0.18,0.196875,1600,315,0.196875,0.0,1.0,3.733074905772646,0.12770100566189202,0.12770100566189202,0.025141135489684992,217.1259499999994,0.18526489709542365,2.984198645598194,2.740740740740741,2.977777777777778,0.0
316,template_deposition,C,C,none,0,1.0,template_site:index=423:site=C:neigh=2:ahead0=43.425:mode=shell,z,xy,444,128,316,0,316,29804.163232362593,145.3076326203624,500.0,0.001,10.547605122820443,0.010547605122820443,-4061.6675,-4049.6738,-4061.6675,-11.993652,-11.708252,0.9683981063060896,0.010547605122820443,0.010547605122820443,15,443,423,5,5,1.4476973729910745,1.2338604349190074,3.561853633671703,83.62400649999996,84.38084098256354,0.0,-34.20619,-548.0436,83.65108408245288,27.171259499999998,56.479824582452885,43.4522675824529,0.007997791841085134,29.959407497756345,78.80882046104071,79.28513628764247,83.62899725995106,5.381500228806532,1.0,40.22582498429654,39.08631978764249,43.43018075995108,1.0,8,50,9,0.18,0.1975,1600,316,0.1975,0.0,1.0,3.744925937219543,0.12729691450726752,0.12729691450726752,0.025141140615185336,217.1259499999994,0.18526493486520912,2.9864864864864864,2.7857142857142856,2.981012658227848,0.0
317,template_deposition,C,C,none,0,1.0,template_site:index=418:site=C:neigh=2:ahead0=43.425:mode=shell,z,xy,445,128,317,0,317,29936.18362511471,132.02039275211752,500.0,0.001,10.547605122820443,0.010547605122820443,-4072.648,-4061.6675,-4072.648,-10.980469,-10.544189,0.610076835533323,0.010547605122820443,0.010547605122820443,16,444,418,4,4,1.4250408830830794,-5.654625110373956e-07,4.274223505561342,83.62400649999996,84.38084098256354,0.0,-34.33632,-550.1285,83.65108408245288,27.171259499999998,56.479824582452885,43.4522675824529,0.007922789027714107,30.054215749331522,79.01231570504778,79.28599820211102,83.62904922043255,5.312970086550608,1.0,40.42932022830361,39.08718170211103,43.430232720432564,1.0,9,50,10,0.2,0.198125,1600,317,0.198125,0.0,1.0,3.7567769686664403,0.1275372877864467,0.1275372877864467,0.025268325142689757,217.1259499999994,0.1862021569890827,2.9887640449438204,2.8275862068965516,2.9842271293375395,0.0
318,template_deposition,C,C,none,0,1.0,template_site:index=424:site=C:neigh=2:ahead0=43.425:mode=shell,z,xy,446,128,318,0,318,30012.765358493885,76.58173337917319,500.0,0.001,10.547605122820443,0.010547605122820443,-4084.4229,-4072.648,-4084.4229,-11.774902,-11.504395,0.9851243018094367,0.010547605122820443,0.010547605122820443,17,445,424,3,3,1.3968599013602316,-1.2338638450809936,3.561853633671703,83.62400649999996,84.38084098256354,0.0,-34.475864,-552.36426,83.64711464740608,27.171259499999998,56.47585514740609,43.4482981474061,0.007252706802635565,30.149024000906703,79.28355933115243,79.28805977627206,83.62917654376756,5.207885114389113,1.0,40.70056385440826,39.08924327627208,43.43036004376757,1.0,9,50,10,0.2,0.19875,1600,318,0.19875,0.0,1.0,3.768628000113338,0.1279891945107178,0.1279891945107178,0.02543785240900516,217.1259499999994,0.18745140253575573,2.991031390134529,2.8666666666666667,2.9874213836477987,0.0
319,template_deposition,C,C,none,0,1.0,template_site:index=427:site=C:neigh=2:ahead0=43.425:mode=shell,z,xy,447,128,319,0,319,30028.320429444328,15.55507095044212,500.0,0.001,10.547605122820443,0.010547605122820443,-4096.007,-4084.4229,-4096.007,-11.583984,-11.266846,0.4858381173374914,0.010547605122820443,0.010547605122820443,18,446,427,2,2,1.400618437735519,-1.4223497377674477e-06,1.4247418808910315,83.62400649999996,84.38084098256354,0.0,-34.613148,-554.5638,83.64417277727367,27.171259499999998,56.47291327727367,43.44535627727368,0.006634835934043514,30.24383225248188,79.62296545073602,79.29027332263938,83.62917654376756,5.110819722690331,1.0,41.039969973991845,39.091456822639394,43.43036004376757,1.0,9,50,10,0.2,0.199375,1600,319,0.199375,0.0,1.0,3.780479031560235,0.12865194349213743,0.12865194349213743,0.025649981233744904,217.1259499999994,0.18901457874561728,2.9932885906040267,2.903225806451613,2.9905956112852663,0.0
320,template_deposition,C,C,none,0,1.0,template_site:index=425:site=C:neigh=3:ahead0=43.425:mode=shell,z,xy,448,128,320,0,320,30390.996436081332,362.67600663700597,500.0,0.001,10.547605122820443,0.010547605122820443,-4111.656,-4096.007,-4111.656,-15.648926,-15.390625,1.0,0.010547605122820443,0.010547605122820443,19,447,425,1,1,1.3688117361591072,-1.2338624227312553,2.137111752780671,83.62400649999996,84.38084098256354,0.0,-34.798603,-557.5351,83.64285284323759,27.171259499999998,56.47159334323759,43.444036343237606,0.006164752864018838,30.338640504057057,79.69080035448953,79.29027332263938,83.62917654376756,4.959453515931079,1.0,41.10780487774535,39.091456822639394,43.43036004376757,1.0,9,50,10,0.2,0.2,1600,320,0.2,0.0,1.0,3.792330063007132,0.12846189024295424,0.12846189024295424,0.025692378048590845,217.1259499999994,0.18932700065443797,3.0,3.0,3.0,0.0
321,template_deposition,C,C,none,0,1.0,template_site:index=465:site=C:neigh=0:ahead0=47.768:mode=shell,z,xy,449,128,321,0,321,30423.53255857752,32.536122496188895,500.0,0.001,10.547605122820443,0.010547605122820443,-4113.6553,-4111.656,-4113.6553,-1.9995117,-1.9785156,0.029360875854881313,0.010547605122820443,0.010547605122820443,1,448,465,32,32,4.562603439606343,-2.467723988575284,7.123705130231651,87.96652549999996,84.38084098256354,0.0,-34.8223,-557.9148,88.03313571244475,27.171259499999998,60.86187621244475,47.83431921244476,0.0,30.433448755632238,79.82738811112662,79.29027332263938,83.63119429294875,5.065811576429876,1.0,41.24439263438245,39.091456822639394,43.43237779294876,1.0,9,50,10,0.2,0.200625,1600,321,0.200625,0.0,1.0,3.8041810944540297,0.12848720446848116,0.12848720446848116,0.02577774539648903,217.1259499999994,0.18995607219856753,2.9933184855233854,0.0,2.9906542056074765,0.0
322,template_deposition,C,C,none,0,1.0,template_site:index=475:site=C:neigh=1:ahead0=47.768:mode=shell,z,xy,450,128,322,0,322,30494.45793540518,70.92537682765719,500.0,0.001,10.547605122820443,0.010547605122820443,-4122.214,-4113.6553,-4122.214,-8.558594,-8.321777,0.3307629121580195,0.010547605122820443,0.010547605122820443,2,449,475,31,31,1.426379138323827,2.46772428,0.0,87.96652549999996,84.38084098256354,0.0,-34.923725,-559.5398,88.03718991923259,27.171259499999998,60.86593041923259,47.8383734192326,0.031009019036041252,30.528257007207415,79.96303063265705,79.29027332263938,83.63244959671442,5.165074820470849,1.0,41.38003515591288,39.091456822639394,43.43363309671444,1.0,9,50,10,0.2,0.20125,1600,322,0.20125,0.0,1.0,3.816032125900927,0.12850942595004,0.12850942595004,0.02586252197244555,217.1259499999994,0.19058079034732142,2.991111111111111,1.0,2.987577639751553,0.0
323,template_deposition,C,C,none,0,1.0,template_site:index=474:site=C:neigh=1:ahead0=47.768:mode=shell,z,xy,451,128,323,0,323,31312.64084992005,818.1829145148748,500.0,0.001,10.547605122820443,0.010547605122820443,-4130.266,-4122.214,-4130.266,-8.052246,-7.458008,0.31976442206869876,0.010547605122820443,0.010547605122820443,3,450,474,30,30,1.4526855090541697,3.7015875596184826,0.7123698718896396,87.96652549999996,84.38084098256354,0.0,-35.019154,-561.0687,88.04600484136625,27.171259499999998,60.87474534136626,47.84718834136627,0.033086336503080564,30.623065258782592,79.96357385888736,79.29027332263938,83.63367200751121,5.222221633932386,1.0,41.380578382143185,39.091456822639394,43.43485550751122,1.0,9,50,10,0.2,0.201875,1600,323,0.201875,0.0,1.0,3.827883157347824,0.12811324576514918,0.12811324576514918,0.02586286148883949,217.1259499999994,0.19058329224186837,2.988913525498891,1.3333333333333333,2.984520123839009,0.0
324,template_deposition,C,C,none,0,1.0,template_site:index=456:site=C:neigh=1:ahead0=47.768:mode=shell,z,xy,452,128,324,0,324,31319.84514493547,7.204295015416764,500.0,0.001,10.547605122820443,0.010547605122820443,-4138.485,-4130.266,-4138.485,-8.21875,-7.6870117,0.8513477058445074,0.010547605122820443,0.010547605122820443,4,451,456,29,29,1.3673196178296732,3.7015861372687446,2.137111752780671,87.96652549999996,84.38084098256354,0.0,-35.116554,-562.6292,88.04932742117172,27.171259499999998,60.87806792117173,47.85051092117174,0.03249590739593263,30.717873510357773,80.03150721086791,79.29027332263938,83.6359402412985,5.2971980513991355,1.0,41.44851173412374,39.091456822639394,43.437123741298514,1.0,9,50,10,0.2,0.2025,1600,324,0.2025,0.0,1.0,3.8397341887947216,0.12792750535223377,0.12792750535223377,0.025905319833827337,217.1259499999994,0.19089616756598582,2.9867256637168142,1.5,2.9814814814814814,0.0
325,template_deposition,C,C,none,0,1.0,template_site:index=464:site=C:neigh=1:ahead0=47.768:mode=shell,z,xy,453,128,325,0,325,31334.645928205835,14.800783270364507,500.0,0.001,10.547605122820443,0.010547605122820443,-4146.3735,-4138.485,-4146.3735,-7.888672,-7.541504,0.9983271473331576,0.010547605122820443,0.010547605122820443,4,452,464,28,28,1.3567819333663054,-3.7015872681937667,6.411335258342015,87.96652549999996,84.38084098256354,0.0,-35.210045,-564.12714,88.03803462315935,27.171259499999998,60.86677512315935,47.83921812315936,0.025504944815295194,30.81268176193295,80.09947406307053,79.29027332263938,83.63910205430696,5.370222146343497,1.0,41.51647858632636,39.091456822639394,43.440285554306975,1.0,9,50,10,0.2,0.203125,1600,325,0.203125,0.0,1.0,3.8515852202416188,0.12774301103485033,0.12774301103485033,0.025947799116453972,217.1259499999994,0.19120919717945495,2.9845474613686536,1.6,2.9784615384615383,0.0
326,template_deposition,C,C,none,0,1.0,template_site:index=457:site=C:neigh=1:ahead0=47.768:mode=shell,z,xy,454,128,326,0,326,31466.661881862565,132.01595365673097,500.0,0.001,10.547605122820443,0.010547605122820443,-4154.318,-4146.3735,-4154.318,-7.944336,-7.474121,0.7029253817982801,0.010547605122820443,0.010547605122820443,5,453,457,27,27,1.4090642611542974,4.935449416887227,2.849481624670311,87.96652549999996,84.38084098256354,0.0,-35.30419,-565.6355,88.03803462315935,27.171259499999998,60.86677512315935,47.83921812315936,0.023678338046314886,30.907490013508127,80.16757033199814,79.29027332263938,83.64203367158359,5.441676278870415,1.0,41.58457485525396,39.091456822639394,43.443217171583605,1.0,9,50,10,0.2,0.20375,1600,326,0.20375,0.0,1.0,3.863436251688516,0.1275600455682637,0.1275600455682637,0.025990359284533728,217.1259499999994,0.1915228228374088,2.9823788546255505,1.6666666666666667,2.9754601226993866,0.0
327,template_deposition,C,C,none,0,1.0,template_site:index=451:site=C:neigh=1:ahead0=47.768:mode=shell,z,xy,455,128,327,0,327,31643.796749903144,177.1348680405779,500.0,0.001,10.547605122820443,0.010547605122820443,-4162.4775,-4154.318,-4162.4775,-8.159668,-7.496582,0.10724612479214692,0.010547605122820443,0.010547605122820443,6,454,451,26,26,1.4144534820569123,4.935447994537489,4.274223505561342,87.96652549999996,84.38084098256354,0.0,-35.400894,-567.1849,88.0311250095405,27.171259499999998,60.859865509540505,47.83230850954052,0.020871500489569927,31.002298265083308,80.30331248879668,79.29435553422465,86.67131190926987,5.525703574905068,1.0,41.720317012052504,39.095539034224664,46.47249540926989,1.0,9,50,10,0.2,0.204375,1600,327,0.204375,0.0,1.0,3.8752872831354135,0.12758506731514527,0.12758506731514527,0.026075198132532815,217.1259499999994,0.19214799986852157,2.9802197802197803,1.7142857142857142,2.9724770642201834,0.0
328,template_deposition,C,C,none,0,1.0,template_site:index=450:site=C:neigh=2:ahead0=47.768:mode=shell,z,xy,456,128,328,0,328,31680.071862743782,36.27511284063756,500.0,0.001,10.547605122820443,0.010547605122820443,-4175.1367,-4162.4775,-4175.1367,-12.65918,-11.645996,1.0,0.010547605122820443,0.010547605122820443,7,455,450,25,25,1.3453162511637278,6.169311274155971,4.98659337745098,87.96652549999996,84.38084098256354,0.0,-35.55092,-569.5885,88.01780902656142,27.171259499999998,60.846549526561425,47.81899252656144,0.018646525270101688,31.097106516658485,80.37119240664916,79.29435553422465,87.96897401191775,5.592275665646619,1.0,41.788196929904984,39.095539034224664,47.770157511917766,1.0,9,50,10,0.2,0.205,1600,328,0.205,0.0,1.0,3.8871383145823106,0.12740303942044204,0.12740303942044204,0.026117623081190616,217.1259499999994,0.19246062909525602,2.982456140350877,2.0,2.975609756097561,0.0
329,template_deposition,C,C,none,0,1.0,template_site:index=467:site=C:neigh=1:ahead0=47.768:mode=shell,z,xy,457,128,329,0,329,31710.988534283475,30.91667153969384,500.0,0.001,10.547605122820443,0.010547605122820443,-4180.1597,-4175.1367,-4180.1597,-5.022949,-4.330078,0.9989097443874629,0.010547605122820443,0.010547605122820443,6,456,467,24,24,1.6438683046701323,-2.4677248454625107,4.274223505561342,87.96652549999996,84.38084098256354,0.0,-35.610443,-570.54224,88.01885174670434,27.171259499999998,60.847592246704345,47.82003524670436,0.01979903932424355,31.191914768233662,80.3714318520444,79.29435553422465,87.96948975832738,5.592601876616944,1.0,41.78843637530022,39.095539034224664,47.7706732583274,1.0,9,50,10,0.2,0.205625,1600,329,0.205625,0.0,1.0,3.8989893460292078,0.12701652393708274,0.12701652393708274,0.026117772734562637,217.1259499999994,0.19246173189017868,2.9803063457330414,2.0,2.972644376899696,0.0
330,template_deposition,C,C,none,0,1.0,template_site:index=466:site=C:neigh=1:ahead0=47.768:mode=shell,z,xy,458,128,330,0,330,31736.41043791904,25.421903635564547,500.0,0.001,10.547605122820443,0.010547605122820443,-4188.359,-4180.1597,-4188.359,-8.199219,-7.2822266,0.3287266538769952,0.010547605122820443,0.010547605122820443,7,457,466,23,23,1.4624006044918896,-1.2338615658440286,4.98659337745098,87.96652549999996,84.38084098256354,0.0,-35.707615,-572.09906,88.01957949879201,27.171259499999998,60.848319998792014,47.82076299879203,0.01969311143649794,31.28672301980884,80.71058339795424,81.45832202782861,87.9700107039422,5.699655506103275,1.0,42.127587921210065,41.25950552782863,47.77119420394221,1.0,9,50,10,0.2,0.20625,1600,330,0.20625,0.0,1.0,3.910840377476105,0.1276593573370002,0.1276593573370002,0.02632974245075629,217.1259499999994,0.19402373562998887,2.978165938864629,2.0,2.9696969696969697,0.0
331,template_deposition,C,C,none,0,1.0,template_site:index=476:site=C:neigh=1:ahead0=47.768:mode=shell,z,xy,459,128,331,0,331,31792.831945415557,56.421507496518494,500.0,0.001,10.547605122820443,0.010547605122820443,-4195.9883,-4188.359,-4195.9883,-7.6293945,-7.029297,0.9999992458518715,0.010547605122820443,0.010547605122820443,4,458,476,22,22,1.432350923030015,-5.654625110373956e-07,4.274223505561342,87.96652549999996,84.38084098256354,0.0,-35.79803,-573.54767,88.01957949879201,27.171259499999998,60.848319998792014,47.82076299879203,0.01930831069812563,31.38153127138402,80.84641389099676,83.62016167233817,87.97040123408554,5.767042029607009,1.0,42.263418414252584,43.421345172338185,47.77158473408556,1.0,9,50,10,0.2,0.206875,1600,331,0.206875,0.0,1.0,3.9226914089230025,0.1276840435475909,0.1276840435475909,0.026414636508907866,217.1259499999994,0.19464931950442912,2.9760348583877994,2.0,2.9667673716012084,0.0
332,template_deposition,C,C,none,0,1.0,template_site:index=477:site=C:neigh=1:ahead0=47.768:mode=shell,z,xy,460,128,332,0,332,31816.10914853589,23.277203120330032,500.0,0.001,10.547605122820443,0.010547605122820443,-4204.3774,-4195.9883,-4204.3774,-8.38916,-7.6621094,0.9999999900600557,0.010547605122820443,0.010547605122820443,6,459,477,21,21,1.3911540035013554,1.2338627141559733,4.98659337745098,87.96652549999996,84.38084098256354,0.0,-35.89745,-575.14056,88.01957949879201,27.171259499999998,60.848319998792014,47.82076299879203,0.01861725318984024,31.476339522959197,80.9143337550897,83.62016167233817,87.9705820781824,5.824681372713675,1.0,42.33133827834553,43.421345172338185,47.77176557818242,1.0,9,50,10,0.2,0.2075,1600,332,0.2075,0.0,1.0,3.9345424403698996,0.12750403095887206,0.12750403095887206,0.026457086423965954,217.1259499999994,0.19496213270843787,2.973913043478261,2.0,2.963855421686747,0.0
333,template_deposition,C,C,none,0,1.0,template_site:index=460:site=C:neigh=1:ahead0=47.768:mode=shell,z,xy,461,128,333,0,333,31824.02264636273,7.913497826841427,500.0,0.001,10.547605122820443,0.010547605122820443,-4212.416,-4204.3774,-4212.416,-8.038574,-7.4887695,0.9999999062714809,0.010547605122820443,0.010547605122820443,9,460,460,20,20,1.4003198201030151,2.4677237145374886,4.274223505561342,87.96652549999996,84.38084098256354,0.0,-35.992714,-576.6669,88.01957949879201,27.171259499999998,60.848319998792014,47.82076299879203,0.018313006871730184,31.571147774534374,81.0500836841268,83.62191063916504,87.97230982615905,5.88596335265509,1.0,42.46708820738263,43.42309413916505,47.77349332615906,1.0,9,50,10,0.2,0.208125,1600,333,0.208125,0.0,1.0,3.946393471816797,0.12752879341556345,0.12752879341556345,0.026541930129614144,217.1259499999994,0.1955873455355417,2.9718004338394794,2.0,2.960960960960961,0.0
334,template_deposition,C,C,none,0,1.0,template_site:index=461:site=C:neigh=2:ahead0=47.768:mode=shell,z,xy,462,128,334,0,334,31936.9813763277,112.95872996497157,500.0,0.001,10.547605122820443,0.010547605122820443,-4223.5024,-4212.416,-4223.5024,-11.086426,-9.399902,1.0,0.010547605122820443,0.010547605122820443,10,461,461,19,19,1.3923160386060942,3.701586994155973,4.98659337745098,87.96652549999996,84.38084098256354,0.0,-36.1241,-578.7719,88.01957949879201,27.171259499999998,60.848319998792014,47.82076299879203,0.018866869481027906,31.665956026109555,81.18560461209674,83.62191063916504,87.97133274038032,5.94330814892151,1.0,42.602609135352566,43.42309413916505,47.772516240380334,1.0,9,50,10,0.2,0.20875,1600,334,0.20875,0.0,1.0,3.9582445032636944,0.12755272196213344,0.12755272196213344,0.026626630709595353,217.1259499999994,0.19621150367034748,2.9740259740259742,2.142857142857143,2.964071856287425,0.0
335,template_deposition,C,C,none,0,1.0,template_site:index=448:site=C:neigh=1:ahead0=47.768:mode=shell,z,xy,463,128,335,0,335,32067.73562616963,130.75424984192838,500.0,0.001,10.547605122820443,0.010547605122820443,-4229.7046,-4223.5024,-4229.7046,-6.2021484,-5.5009766,0.9992662284679485,0.010547605122820443,0.010547605122820443,9,462,448,18,18,1.4979461333840798,3.701585571806233,6.411335258342015,87.96652549999996,84.38084098256354,0.0,-36.1976,-579.9495,88.02033133221586,27.171259499999998,60.84907183221586,47.821514832215875,0.018650942980921466,31.760764277684732,81.25338966586386,83.62191063916504,87.97236074530272,5.995335591498714,1.0,42.67039418911969,43.42309413916505,47.77354424530274,1.0,9,50,10,0.2,0.209375,1600,335,0.209375,0.0,1.0,3.9700955347105915,0.1273743110122976,0.1273743110122976,0.026668996368199808,217.1259499999994,0.19652369598898617,2.9719222462203025,2.1333333333333333,2.961194029850746,0.0
336,template_deposition,C,C,none,0,1.0,template_site:index=449:site=C:neigh=2:ahead0=47.768:mode=shell,z,xy,464,128,336,0,336,32101.743614423234,34.00798825360399,500.0,0.001,10.547605122820443,0.010547605122820443,-4240.2446,-4229.7046,-4240.2446,-10.540039,-9.458984,1.0,0.010547605122820443,0.010547605122820443,10,463,449,17,17,1.415079846692075,4.935448851424716,7.123705130231651,87.96652549999996,84.38084098256354,0.0,-36.322514,-581.95087,88.02279538826873,27.171259499999998,60.851535888268735,47.82397888826875,0.017965724736038923,31.85557252925991,81.45680191282455,83.62213023737056,87.9717664964522,6.047492000029526,1.0,42.87380643608037,43.42331373737057,47.77294999645222,1.0,9,50,10,0.2,0.21,1600,336,0.21,0.0,1.0,3.9819465661574887,0.12760061439309633,0.12760061439309633,0.02679612902255023,217.1259499999994,0.19746053585985687,2.9741379310344827,2.25,2.9642857142857144,0.0
337,template_deposition,C,C,none,0,1.0,template_site:index=462:site=C:neigh=1:ahead0=47.768:mode=shell,z,xy,465,128,337,0,337,32353.387977124596,251.64436270136153,500.0,0.001,10.547605122820443,0.010547605122820443,-4246.6196,-4240.2446,-4246.6196,-6.375,-5.909668,0.8990922689037013,0.010547605122820443,0.010547605122820443,9,464,462,16,16,1.4771244192540443,2.467724571424717,7.123705130231651,87.96652549999996,84.38084098256354,0.0,-36.398064,-583.16125,88.02279538826873,27.171259499999998,60.851535888268735,47.82397888826875,0.017263434616230866,31.95038078083509,81.59257412265269,83.62273198068686,87.97248203558964,6.094493287855752,1.0,43.00957864590852,43.42391548068688,47.77366553558965,1.0,9,50,10,0.2,0.210625,1600,337,0.210625,0.0,1.0,3.9937975976043862,0.12762486245076712,0.12762486245076712,0.026880986653692825,217.1259499999994,0.19808585130385678,2.9720430107526883,2.235294117647059,2.9614243323442135,0.0
338,template_deposition,C,C,none,0,1.0,template_site:index=463:site=C:neigh=2:ahead0=47.768:mode=shell,z,xy,466,128,338,0,338,32404.561216219405,51.17323909480933,500.0,0.001,10.547605122820443,0.010547605122820443,-4255.973,-4246.6196,-4255.973,-9.353516,-8.326172,0.99999997305427,0.010547605122820443,0.010547605122820443,10,465,463,15,15,1.408565732923481,1.2338612918062335,6.411335258342015,87.96652549999996,84.38084098256354,0.0,-36.50891,-584.93726,88.02279538826873,27.171259499999998,60.851535888268735,47.82397888826875,0.016956037202487156,32.04518903241027,81.66030308741493,83.62273198068686,87.9725101084547,6.140642017409865,1.0,43.07730761067076,43.42391548068688,47.773693608454714,1.0,9,50,10,0.2,0.21125,1600,338,0.21125,0.0,1.0,4.005648629051284,0.12744765565287205,0.12744765565287205,0.026923317256669223,217.1259499999994,0.19839778529775404,2.9742489270386265,2.3333333333333335,2.964497041420118,0.0
339,template_deposition,C,C,none,0,1.0,template_site:index=468:site=C:neigh=1:ahead0=47.768:mode=shell,z,xy,467,128,339,0,339,32546.58136216215,142.02014594274468,500.0,0.001,10.547605122820443,0.010547605122820443,-4263.0435,-4255.973,-4263.0435,-7.0703125,-6.79834,0.8778096852419797,0.010547605122820443,0.010547605122820443,10,466,468,14,14,1.4236854365093228,0.0,0.0,87.96652549999996,84.38084098256354,0.0,-36.5927,-586.2797,88.0243580436318,27.171259499999998,60.85309854363181,47.82554154363182,0.01633367528528556,32.139997283985444,81.79622454870633,83.62380597284863,87.9721215199014,6.1824691380157715,1.0,43.21322907196216,43.424989472848644,47.77330501990142,1.0,9,50,10,0.2,0.211875,1600,339,0.211875,0.0,1.0,4.0174996604981805,0.1274726521296819,0.1274726521296819,0.02700826816997635,217.1259499999994,0.19902378813754082,2.9721627408993574,2.3157894736842106,2.96165191740413,0.0
340,template_deposition,C,C,none,0,1.0,template_site:index=469:site=C:neigh=1:ahead0=47.768:mode=shell,z,xy,468,128,340,0,340,32978.91078690683,432.329424744684,500.0,0.001,10.547605122820443,0.010547605122820443,-4271.5835,-4263.0435,-4271.5835,-8.540039,-7.748535,0.8927538742935323,0.010547605122820443,0.010547605122820443,11,467,469,13,13,1.4043236309620921,1.233863279618482,0.7123698718896396,87.96652549999996,84.38084098256354,0.0,-36.693913,-587.9013,88.02621535336762,27.171259499999998,60.85495585336762,47.82739885336763,0.015860802362053592,32.234805535560625,81.93182772993922,83.62454730974463,87.9722338231686,6.220917145662217,1.0,43.34883225319504,43.42573080974464,47.77341732316861,1.0,9,50,10,0.2,0.2125,1600,340,0.2125,0.0,1.0,4.029350691945078,0.12749656545057364,0.12749656545057364,0.0270930201582469,217.1259499999994,0.19964832509976427,2.9743589743589745,2.4,2.9647058823529413,0.0
341,template_deposition,C,C,none,0,1.0,template_site:index=473:site=C:neigh=2:ahead0=47.768:mode=shell,z,xy,469,128,341,0,341,33052.38988886023,73.47910195339634,500.0,0.001,10.547605122820443,0.010547605122820443,-4280.984,-4271.5835,-4280.984,-9.400391,-7.0458984,0.9999798215898809,0.010547605122820443,0.010547605122820443,14,468,473,12,12,1.5251952924261951,2.4677251368872275,2.849481624670311,87.96652549999996,84.38084098256354,0.0,-36.805317,-589.6862,88.02621535336762,27.171259499999998,60.85495585336762,47.82739885336763,0.015572861773121362,32.329613787135806,81.93159655193848,83.62380597284863,87.9712986360993,6.267924567446726,1.0,43.34860107519431,43.424989472848644,47.77248213609932,1.0,9,50,10,0.2,0.213125,1600,341,0.213125,0.0,1.0,4.041201723391976,0.12712199728795986,0.12712199728795986,0.027092875671996444,217.1259499999994,0.19964726038133365,2.976545842217484,2.4761904761904763,2.967741935483871,0.0
342,template_deposition,C,C,none,0,1.0,template_site:index=472:site=C:neigh=2:ahead0=47.768:mode=shell,z,xy,470,128,342,0,342,33094.0261747344,41.636285874172984,500.0,0.001,10.547605122820443,0.010547605122820443,-4292.5767,-4280.984,-4292.5767,-11.592773,-10.348633,1.0,0.010547605122820443,0.010547605122820443,15,469,472,11,11,1.4783839000805354,1.2338618572687443,2.137111752780671,87.96652549999996,84.38084098256354,0.0,-36.942703,-591.8874,88.02486804969999,27.171259499999998,60.85360854969999,47.826051549700004,0.015082333811388172,32.42442203871098,82.06718461514114,83.62454730974463,87.9712497637892,6.302830327174274,1.0,43.48418913839697,43.42573080974464,47.77243326378922,1.0,9,50,10,0.2,0.21375,1600,342,0.21375,0.0,1.0,4.053052754838872,0.1271467518666578,0.1271467518666578,0.027177618211498108,217.1259499999994,0.20027172771562815,2.978723404255319,2.5454545454545454,2.9707602339181287,0.0
343,template_deposition,C,C,none,0,1.0,template_site:index=470:site=C:neigh=2:ahead0=47.768:mode=shell,z,xy,471,128,343,0,343,33164.54457279684,70.51839806244104,500.0,0.001,10.547605122820443,0.010547605122820443,-4302.909,-4292.5767,-4302.909,-10.33252,-9.08252,1.0,0.010547605122820443,0.010547605122820443,13,470,470,10,10,1.4969815042786052,8.568872265080074e-07,2.849481624670311,87.96652549999996,84.38084098256354,0.0,-37.06515,-593.8492,88.02486804969999,27.171259499999998,60.85360854969999,47.826051549700004,0.014738671327043767,32.51923029028616,82.20285451821695,83.62512960869142,87.97165828948407,6.334741507252923,1.0,43.61985904147278,43.42631310869144,47.77284178948408,1.0,9,50,10,0.2,0.214375,1600,343,0.214375,0.0,1.0,4.06490378628577,0.12717160070400227,0.12717160070400227,0.027262411900920488,217.1259499999994,0.20089657197342325,2.9808917197452227,2.608695652173913,2.9737609329446064,0.0
344,template_deposition,C,C,none,0,1.0,template_site:index=479:site=C:neigh=1:ahead0=47.768:mode=shell,z,xy,472,128,344,0,344,33297.098890119596,132.55431732275653,500.0,0.001,10.547605122820443,0.010547605122820443,-4313.078,-4302.909,-4313.078,-10.168945,-7.663086,0.9999991711823729,0.010547605122820443,0.010547605122820443,15,471,479,9,9,1.565126825170067,-1.2338629881937666,6.411335258342015,87.96652549999996,84.38084098256354,0.0,-37.185665,-595.78,88.00852930147732,27.171259499999998,60.837269801477326,47.80971280147734,0.011236436860715186,32.61403854186134,82.33819369032206,83.62512960869142,87.97105607585046,6.270021430691203,1.0,43.755198213577884,43.42631310869144,47.77223957585047,1.0,9,50,10,0.2,0.215,1600,344,0.215,0.0,1.0,4.076754817732668,0.12719534364412174,0.12719534364412174,0.027346998883486177,217.1259499999994,0.20151989300946296,2.983050847457627,2.6666666666666665,2.9767441860465116,0.0
345,template_deposition,C,C,none,0,1.0,template_site:index=478:site=C:neigh=2:ahead0=47.768:mode=shell,z,xy,473,128,345,0,345,33330.28641005629,33.187519936694116,500.0,0.001,10.547605122820443,0.010547605122820443,-4324.3594,-4313.078,-4324.3594,-11.28125,-10.169922,1.0,0.010547605122820443,0.010547605122820443,15,472,478,8,8,1.479605609272144,2.914247172469686e-07,7.123705130231651,87.96652549999996,84.38084098256354,0.0,-37.31936,-597.92206,88.00125163044429,27.171259499999998,60.82999213044429,47.8024351304443,0.00973571430991377,32.708846793436514,82.47375623193258,83.62658913806816,87.97129733129447,6.296329733853844,1.0,43.89076075518841,43.42777263806817,47.77248083129448,1.0,9,50,10,0.2,0.215625,1600,345,0.215625,0.0,1.0,4.088605849179564,0.12721959639185046,0.12721959639185046,0.027431725471992754,217.1259499999994,0.20214424280095739,2.985200845665962,2.72,2.979710144927536,0.0
346,template_deposition,C,C,none,0,1.0,template_site:index=459:site=C:neigh=2:ahead0=47.768:mode=shell,z,xy,474,128,346,0,346,33693.062997041154,362.77658698486607,500.0,0.001,10.547605122820443,0.010547605122820443,-4335.869,-4324.3594,-4335.869,-11.509766,-11.253418,1.0,0.010547605122820443,0.010547605122820443,14,473,459,7,7,1.397320984676927,4.93544856,0.0,87.96652549999996,84.38084098256354,0.0,-37.45576,-600.1075,87.99598154814778,27.171259499999998,60.824722048147784,47.7971650481478,0.008800956636683408,32.803655045011695,82.81252089591828,83.62804755575151,87.97152871758496,6.279037268696537,1.0,44.22952541917411,43.42923105575152,47.772712217584974,1.0,9,50,10,0.2,0.21625,1600,346,0.21625,0.0,1.0,4.100456880626462,0.12783099832131245,0.12783099832131245,0.02764345338698382,217.1259499999994,0.20370446470895917,2.9873417721518987,2.769230769230769,2.9826589595375723,0.0
347,template_deposition,C,C,none,0,1.0,template_site:index=458:site=C:neigh=1:ahead0=47.768:mode=shell,z,xy,475,128,347,0,347,33730.402096032965,37.339098991814105,500.0,0.001,10.547605122820443,0.010547605122820443,-4344.343,-4335.869,-4344.343,-8.473633,-7.282715,0.5422851912308498,0.010547605122820443,0.010547605122820443,14,474,458,6,6,1.4560888507469567,6.169311839618483,0.7123698718896396,87.96652549999996,84.38084098256354,0.0,-37.556183,-601.7164,87.99598154814778,27.171259499999998,60.824722048147784,47.7971650481478,0.00930727121775446,32.898463296586876,82.94847833180066,83.62804755575151,87.97286020419126,6.200773754653971,1.0,44.365482855056484,43.42923105575152,47.77404370419128,1.0,9,50,10,0.2,0.216875,1600,347,0.216875,0.0,1.0,4.112307912073359,0.1278544174497305,0.1278544174497305,0.0277284267844103,217.1259499999994,0.20433063323410494,2.985263157894737,2.740740740740741,2.9798270893371757,0.0
348,template_deposition,C,C,none,0,1.0,template_site:index=455:site=C:neigh=2:ahead0=47.768:mode=shell,z,xy,476,128,348,0,348,33859.1216575194,128.7195614864313,500.0,0.001,10.547605122820443,0.010547605122820443,-4355.276,-4344.343,-4355.276,-10.933105,-9.9140625,0.9999999999999658,0.010547605122820443,0.010547605122820443,15,475,455,5,5,1.4237551968651994,6.169310417268744,2.137111752780671,87.96652549999996,84.38084098256354,0.0,-37.685753,-603.79236,87.99598154814778,27.171259499999998,60.824722048147784,47.7971650481478,0.00838249072596342,32.99327154816205,83.08420249139394,83.63032375837068,87.97372528428411,6.214161513915332,1.0,44.501207014649765,43.431507258370694,47.77490878428413,1.0,9,50,10,0.2,0.2175,1600,348,0.2175,0.0,1.0,4.124158943520256,0.12787703165129244,0.12787703165129244,0.027813254384156102,217.1259499999994,0.20495572737689755,2.9873949579831933,2.7857142857142856,2.9827586206896552,0.0
349,template_deposition,C,C,none,0,1.0,template_site:index=454:site=C:neigh=2:ahead0=47.768:mode=shell,z,xy,477,128,349,0,349,33866.49657225666,7.374914737266849,500.0,0.001,10.547605122820443,0.010547605122820443,-4366.766,-4355.276,-4366.766,-11.490234,-10.743652,1.0,0.010547605122820443,0.010547605122820443,16,476,454,4,4,1.4630568035520375,7.403173696887226,2.849481624670311,87.96652549999996,84.38084098256354,0.0,-37.821922,-605.974,87.99598154814778,27.171259499999998,60.824722048147784,47.7971650481478,0.0077107929182814615,33.08807979973723,83.01649233597524,83.63032375837068,87.97428733925096,6.325260492022034,1.0,44.43349685923107,43.431507258370694,47.77547083925098,1.0,10,50,11,0.22,0.218125,1600,349,0.218125,0.0,1.0,4.136009974967154,0.12731660991183688,0.12731660991183688,0.02777093553701942,217.1259499999994,0.2046438800117222,2.989517819706499,2.8275862068965516,2.98567335243553,0.0
350,template_deposition,C,C,none,0,1.0,template_site:index=471:site=C:neigh=2:ahead0=47.768:mode=shell,z,xy,478,128,350,0,350,34186.80942234025,320.31285008358867,500.0,0.001,10.547605122820443,0.010547605122820443,-4378.42,-4366.766,-4378.42,-11.653809,-11.240234,1.0,0.010547605122820443,0.010547605122820443,17,477,471,3,3,1.4248631415802626,-1.2338624227312553,2.137111752780671,87.96652549999996,84.38084098256354,0.0,-37.960033,-608.18677,87.99598154814778,27.171259499999998,60.824722048147784,47.7971650481478,0.007429476250389856,33.18288805131241,83.1523109748026,83.63337521849724,87.97414187008718,6.336921054142658,1.0,44.56931549805843,43.43455871849725,47.775325370087195,1.0,10,50,11,0.22,0.21875,1600,350,0.21875,0.0,1.0,4.147861006414051,0.1273409014230241,0.1273409014230241,0.02785582218628652,217.1259499999994,0.20526940929013116,2.99163179916318,2.8666666666666667,2.9885714285714284,0.0
351,template_deposition,C,C,none,0,1.0,template_site:index=453:site=C:neigh=2:ahead0=47.768:mode=shell,z,xy,479,128,351,0,351,34268.93001862579,82.12059628553573,500.0,0.001,10.547605122820443,0.010547605122820443,-4389.71,-4378.42,-4389.71,-11.290039,-10.899902,1.0,0.010547605122820443,0.010547605122820443,18,478,453,2,2,1.4217157896719468,8.637036119618482,0.7123698718896396,87.96652549999996,84.38084098256354,0.0,-38.09383,-610.33044,87.99598154814778,27.171259499999998,60.824722048147784,47.7971650481478,0.007102341341322036,33.277696302887584,83.08422337533318,83.63637775850995,87.97328041396167,6.446750873039502,1.0,44.50122789858901,43.437561258509966,47.77446391396169,1.0,10,50,11,0.22,0.219375,1600,351,0.219375,0.0,1.0,4.159712037860948,0.12678412506720516,0.12678412506720516,0.02781326743661813,217.1259499999994,0.20495582356042258,2.9937369519832986,2.903225806451613,2.9914529914529915,0.0
352,template_deposition,C,C,none,0,1.0,template_site:index=452:site=C:neigh=3:ahead0=47.768:mode=shell,z,xy,480,128,352,0,352,34422.43274241951,153.50272379371845,500.0,0.001,10.547605122820443,0.010547605122820443,-4404.9546,-4389.71,-4404.9546,-15.244629,-10.092285,1.0,0.010547605122820443,0.010547605122820443,19,479,452,1,1,1.172555149117147,7.40317284,0.0,87.96652549999996,84.38084098256354,0.0,-38.274494,-613.22504,87.99598154814778,27.171259499999998,60.824722048147784,47.7971650481478,0.006986487884423154,33.372504554462765,83.42360231601282,83.63541936979384,87.97394752776995,6.305040244412033,1.0,44.840606839268645,43.43660286979385,47.775131027769966,1.0,10,50,11,0.22,0.22,1600,352,0.22,0.0,1.0,4.171563069307846,0.12738808761155865,0.12738808761155865,0.028025379274542902,217.1259499999994,0.20651887459453266,3.0,3.0,3.0,0.0
353,template_deposition,C,C,none,0,1.0,template_site:index=489:site=C:neigh=0:ahead0=52.110:mode=shell,z,xy,481,128,353,0,353,34451.091618958904,28.658876539395113,500.0,0.001,10.547605122820443,0.010547605122820443,-4406.9517,-4404.9546,-4406.9517,-1.9970703,-1.9848633,0.03467648582513364,0.010547605122820443,0.010547605122820443,1,480,489,32,32,4.3433395079251795,-1.2338624227312553,2.137111752780671,92.30904449999994,84.38084098256354,0.0,-38.298164,-613.60425,92.35970018077664,27.171259499999998,65.18844068077664,52.16088368077666,0.0,33.467312806037945,83.4922537301082,83.63541936979384,87.97526181749951,6.3776279219434455,1.0,44.90925825336403,43.43660286979385,47.77644531749953,1.0,10,50,11,0.22,0.220625,1600,353,0.220625,0.0,1.0,4.183414100754743,0.12722169476873663,0.12722169476873663,0.02806828640835252,217.1259499999994,0.20683505704115127,2.993762993762994,0.0,2.991501416430595,0.0
354,template_deposition,C,C,none,0,1.0,template_site:index=507:site=C:neigh=1:ahead0=52.110:mode=shell,z,xy,482,128,354,0,354,34601.23751191151,150.14589295260578,500.0,0.001,10.547605122820443,0.010547605122820443,-4415.5107,-4406.9517,-4415.5107,-8.559082,-8.323242,0.32953466268037956,0.010547605122820443,0.010547605122820443,2,481,507,31,31,1.4258216841165157,7.403171417650262,1.4247418808910315,92.30904449999994,84.38084098256354,0.0,-38.399597,-615.2294,92.36383438918773,27.171259499999998,65.19257488918774,52.165017889187745,0.022951617400465807,33.56212105761312,83.69582159395438,85.80033091186219,87.97621158326679,6.4933080636939815,1.0,45.112826117210204,45.601514411862205,47.7773950832668,1.0,10,50,11,0.22,0.22125,1600,354,0.22125,0.0,1.0,4.19526513220164,0.12743736191302318,0.12743736191302318,0.028195516323256377,217.1259499999994,0.20777261362453603,2.991701244813278,1.0,2.9887005649717513,0.0
355,template_deposition,C,C,none,0,1.0,template_site:index=505:site=C:neigh=1:ahead0=52.110:mode=shell,z,xy,483,128,355,0,355,34711.75203857453,110.5145266630238,500.0,0.001,10.547605122820443,0.010547605122820443,-4423.56,-4415.5107,-4423.56,-8.049316,-7.455078,0.2856258977496559,0.010547605122820443,0.010547605122820443,3,482,505,30,30,1.4525210634294055,6.169310417268744,2.137111752780671,92.30904449999994,84.38084098256354,0.0,-38.49499,-616.75775,92.37294446648102,27.171259499999998,65.20168496648103,52.17412796648103,0.026095319676779576,33.6569293091883,83.76391715381114,85.80033091186219,87.97939714294625,6.560263834228726,1.0,45.18092167706696,45.601514411862205,47.78058064294627,1.0,10,50,11,0.22,0.221875,1600,355,0.221875,0.0,1.0,4.2071161636485375,0.12727020190723087,0.12727020190723087,0.02823807604816685,217.1259499999994,0.20808623601677775,2.989648033126294,1.3333333333333333,2.9859154929577465,0.0
356,template_deposition,C,C,none,0,1.0,template_site:index=491:site=C:neigh=1:ahead0=52.110:mode=shell,z,xy,484,128,356,0,356,34850.75663194091,139.0045933663821,500.0,0.001,10.547605122820443,0.010547605122820443,-4431.7617,-4423.56,-4431.7617,-8.20166,-7.621582,0.17635725538598213,0.010547605122820443,0.010547605122820443,4,483,491,29,29,1.3749213859338312,-1.4223497377674477e-06,1.4247418808910315,92.30904449999994,84.38084098256354,0.0,-38.59219,-618.31506,92.36185893693654,27.171259499999998,65.19059943693654,52.16304243693656,0.017257813121098666,33.75173756076348,83.89974736690472,87.96262959805878,87.98201058072553,6.645456782676287,1.0,45.316751890160546,47.7638130980588,47.78319408072554,1.0,10,50,11,0.22,0.2225,1600,356,0.2225,0.0,1.0,4.218967195095435,0.12729424688247346,0.12729424688247346,0.02832296993135034,217.1259499999994,0.2087118186018791,2.987603305785124,1.5,2.9831460674157304,0.0
357,template_deposition,C,C,none,0,1.0,template_site:index=500:site=C:neigh=1:ahead0=52.110:mode=shell,z,xy,485,128,357,0,357,34876.71680393756,25.960171996653926,500.0,0.001,10.547605122820443,0.010547605122820443,-4439.687,-4431.7617,-4439.687,-7.925293,-7.588379,0.9993312865803843,0.010547605122820443,0.010547605122820443,4,484,500,28,28,1.3513010968103416,4.935447137650263,1.4247418808910315,92.30904449999994,84.38084098256354,0.0,-38.68611,-619.8198,92.3560141453781,27.171259499999998,65.18475464537809,52.15719764537811,0.01449979947658696,33.846545812338654,84.0354327941192,87.96490193264654,87.98321132095818,6.726691483246258,1.0,45.45243731737503,47.766085432646555,47.78439482095819,1.0,10,50,11,0.22,0.223125,1600,357,0.223125,0.0,1.0,4.230818226542332,0.1273177515892858,0.1273177515892858,0.028407773323359392,217.1259499999994,0.2093367343579851,2.9855670103092784,1.6,2.980392156862745,0.0
358,template_deposition,C,C,none,0,1.0,template_site:index=502:site=C:neigh=1:ahead0=52.110:mode=shell,z,xy,486,128,358,0,358,34881.38772675321,4.67092281564846,500.0,0.001,10.547605122820443,0.010547605122820443,-4447.6387,-4439.687,-4447.6387,-7.95166,-7.4379883,0.2970730435104226,0.010547605122820443,0.010547605122820443,5,485,502,27,27,1.4021730457236625,3.7015861372687446,2.137111752780671,92.30904449999994,84.38084098256354,0.0,-38.780346,-621.32965,92.3560141453781,27.171259499999998,65.18475464537809,52.15719764537811,0.014032023105128306,33.941354063913835,84.23914839320199,87.96546630058575,87.99223120038576,6.777124869695284,1.0,45.65615291645781,47.76664980058576,47.793414700385775,1.0,10,50,11,0.22,0.22375,1600,358,0.22375,0.0,1.0,4.242669257989229,0.12753115339792687,0.12753115339792687,0.028535095572786134,217.1259499999994,0.21027497135399034,2.983539094650206,1.6666666666666667,2.977653631284916,0.0
359,template_deposition,C,C,none,0,1.0,template_site:index=486:site=C:neigh=1:ahead0=52.110:mode=shell,z,xy,487,128,359,0,359,35040.18900031352,158.80127356030835,500.0,0.001,10.547605122820443,0.010547605122820443,-4455.8486,-4447.6387,-4455.8486,-8.209961,-7.6640625,0.8637984256854727,0.010547605122820443,0.010547605122820443,6,486,486,26,26,1.3915456568026023,1.2338618572687443,2.137111752780671,92.30904449999994,84.38084098256354,0.0,-38.877644,-622.88855,92.35243013679683,27.171259499999998,65.18117063679682,52.15361363679684,0.012347879544090643,34.036162315489015,84.37505032302762,87.96587998794686,91.01747524202028,6.850223326619704,1.0,45.79205484628345,47.76706348794688,50.8186587420203,1.0,10,50,11,0.22,0.224375,1600,359,0.224375,0.0,1.0,4.254520289436127,0.12755447032390932,0.12755447032390932,0.028620034278927155,217.1259499999994,0.2109008842392334,2.9815195071868583,1.7142857142857142,2.9749303621169916,0.0
360,template_deposition,C,C,none,0,1.0,template_site:index=484:site=C:neigh=2:ahead0=52.110:mode=shell,z,xy,488,128,360,0,360,35123.10823251514,82.91923220161789,500.0,0.001,10.547605122820443,0.010547605122820443,-4468.461,-4455.8486,-4468.461,-12.612305,-11.608398,1.0,0.010547605122820443,0.010547605122820443,7,487,484,25,25,1.327330388787777,2.467722857650262,1.4247418808910315,92.30904449999994,84.38084098256354,0.0,-39.02711,-625.28326,92.34658599081381,27.171259499999998,65.1753264908138,52.14776949081382,0.011854760245884815,34.13097056706419,84.51058932339848,87.96596063761834,92.31346966237138,6.919497106425549,1.0,45.927593846654304,47.76714413761835,52.11465316237139,1.0,10,50,11,0.22,0.225,1600,360,0.225,0.0,1.0,4.266371320883024,0.12757664957403975,0.12757664957403975,0.02870474615415894,217.1259499999994,0.2115251256086821,2.9836065573770494,2.0,2.977777777777778,0.0
361,template_deposition,C,C,none,0,1.0,template_site:index=485:site=C:neigh=1:ahead0=52.110:mode=shell,z,xy,489,128,361,0,361,35128.09496034949,4.986727834349616,500.0,0.001,10.547605122820443,0.010547605122820443,-4473.445,-4468.461,-4473.445,-4.9838867,-4.342285,0.9978777583475106,0.010547605122820443,0.010547605122820443,6,488,485,24,24,1.6399218348880142,2.46772428,0.0,92.30904449999994,84.38084098256354,0.0,-39.086174,-626.22955,92.34658599081381,27.171259499999998,65.1753264908138,52.14776949081382,0.012459127541713301,34.22577881863937,84.57825134430169,87.96596063761834,92.31488631959397,6.974082894726494,1.0,45.99525586755752,47.76714413761835,52.11606981959398,1.0,10,50,11,0.22,0.225625,1600,361,0.225625,0.0,1.0,4.278222352329921,0.12741068107356654,0.12741068107356654,0.028747034917223448,217.1259499999994,0.21183675128448556,2.98159509202454,2.0,2.9750692520775623,0.0
362,template_deposition,C,C,none,0,1.0,template_site:index=480:site=C:neigh=1:ahead0=52.110:mode=shell,z,xy,490,128,362,0,362,35216.52981527185,88.43485492236505,500.0,0.001,10.547605122820443,0.010547605122820443,-4481.6436,-4473.445,-4481.6436,-8.19873,-7.309082,0.7920355926798386,0.010547605122820443,0.010547605122820443,7,489,480,23,23,1.4607900956218565,-1.2338644105435042,7.836077139233043,92.30904449999994,84.38084098256354,0.0,-39.18334,-627.7863,92.34658599081381,27.171259499999998,65.1753264908138,52.14776949081382,0.012344936466031227,34.32058707021455,84.7140882730395,87.96608629803607,92.3152319673063,7.0384518442729584,1.0,46.13109279629532,47.76726979803609,52.11641546730632,1.0,10,50,11,0.22,0.22625,1600,362,0.22625,0.0,1.0,4.290073383776819,0.1274339580008158,0.1274339580008158,0.028831932997684575,217.1259499999994,0.21246236479930405,2.979591836734694,2.0,2.972375690607735,0.0
363,template_deposition,C,C,none,0,1.0,template_site:index=481:site=C:neigh=1:ahead0=52.110:mode=shell,z,xy,491,128,363,0,363,35219.01579026277,2.485974990919076,500.0,0.001,10.547605122820443,0.010547605122820443,-4489.2725,-4481.6436,-4489.2725,-7.6289062,-7.0185547,0.9999961436700037,0.010547605122820443,0.010547605122820443,4,490,481,22,22,1.4331718150983785,-1.2338629881937666,6.411335258342015,92.30904449999994,84.38084098256354,0.0,-39.27375,-629.23486,92.34658599081381,27.171259499999998,65.1753264908138,52.14776949081382,0.012424179081626918,34.415395321789724,84.98564701330179,87.96630108143935,92.31503247149772,6.990924501595521,1.0,46.40265153655761,47.76748458143937,52.11621597149773,1.0,10,50,11,0.22,0.226875,1600,363,0.226875,0.0,1.0,4.3019244152237155,0.12783099596847827,0.12783099596847827,0.02900165721034851,217.1259499999994,0.21371306164259843,2.9775967413441955,2.0,2.9696969696969697,0.0
364,template_deposition,C,C,none,0,1.0,template_site:index=483:site=C:neigh=1:ahead0=52.110:mode=shell,z,xy,492,128,364,0,364,35499.60865900257,280.5928687398015,500.0,0.001,10.547605122820443,0.010547605122820443,-4497.6343,-4489.2725,-4497.6343,-8.361816,-7.658203,0.9999999899467801,0.010547605122820443,0.010547605122820443,6,491,483,21,21,1.3917174849192213,-1.9878122485827987e-06,5.698965386452375,92.30904449999994,84.38084098256354,0.0,-39.372845,-630.8225,92.34658599081381,27.171259499999998,65.1753264908138,52.14776949081382,0.012000972339170808,34.510203573364905,85.1214929135233,87.96649022122291,92.3165127854632,7.047347401979016,1.0,46.538497436779124,47.76767372122293,52.11769628546322,1.0,10,50,11,0.22,0.2275,1600,364,0.2275,0.0,1.0,4.313775446670613,0.12785301493620638,0.12785301493620638,0.029086560897986953,217.1259499999994,0.2143387164766775,2.975609756097561,2.0,2.967032967032967,0.0
365,template_deposition,C,C,none,0,1.0,template_site:index=482:site=C:neigh=1:ahead0=52.110:mode=shell,z,xy,493,128,365,0,365,35588.076839737114,88.4681807345429,500.0,0.001,10.547605122820443,0.010547605122820443,-4505.693,-4497.6343,-4505.693,-8.058594,-7.4956055,0.999999916313523,0.010547605122820443,0.010547605122820443,9,492,482,20,20,1.400706949051677,-5.654625110373956e-07,4.274223505561342,92.30904449999994,84.38084098256354,0.0,-39.46835,-632.35266,92.34871626817878,27.171259499999998,65.17745676817879,52.14989976817879,0.012512798782857564,34.605011824940085,85.32521517618261,87.96656440535263,92.31681840817255,7.06386448889684,1.0,46.74221969943844,47.76774790535264,52.118001908172566,1.0,10,50,11,0.22,0.228125,1600,365,0.228125,0.0,1.0,4.325626478117511,0.12806087588887244,0.12806087588887244,0.029213887312149023,217.1259499999994,0.2152769841625958,2.973630831643002,2.0,2.9643835616438357,0.0
366,template_deposition,C,C,none,0,1.0,template_site:index=487:site=C:neigh=2:ahead0=52.110:mode=shell,z,xy,494,128,366,0,366,35599.81119310331,11.734353366199306,500.0,0.001,10.547605122820443,0.010547605122820443,-4516.7114,-4505.693,-4516.7114,-11.018555,-9.406738,1.0,0.010547605122820443,0.010547605122820443,10,493,487,19,19,1.3916749533782093,1.2338604349190074,3.561853633671703,92.30904449999994,84.38084098256354,0.0,-39.59893,-634.4448,92.35030037746172,27.171259499999998,65.17904087746172,52.151483877461736,0.013386667411753908,34.69982007651526,85.32514236685051,87.96649022122291,92.31591868282399,7.105400655281524,1.0,46.74214689010634,47.76767372122293,52.117102182824006,1.0,10,50,11,0.22,0.22875,1600,366,0.22875,0.0,1.0,4.337477509564407,0.12771078385274956,0.12771078385274956,0.029213841806316462,217.1259499999994,0.21527664883035155,2.9757085020242915,2.142857142857143,2.9672131147540983,0.0
367,template_deposition,C,C,none,0,1.0,template_site:index=498:site=C:neigh=1:ahead0=52.110:mode=shell,z,xy,495,128,367,0,367,35600.04567767472,0.23448457141334386,500.0,0.001,10.547605122820443,0.010547605122820443,-4522.99,-4516.7114,-4522.99,-6.2788086,-5.578125,0.9999738425925612,0.010547605122820443,0.010547605122820443,9,494,498,18,18,1.5073187175285916,2.4677237145374886,4.274223505561342,92.30904449999994,84.38084098256354,0.0,-39.67334,-635.637,92.35030037746172,27.171259499999998,65.17904087746172,52.151483877461736,0.01365957366713384,34.79462832809044,85.73263369415525,87.96656440535263,92.31647964144274,6.470499232610531,1.0,47.14963821741108,47.76774790535264,52.117663141442755,1.0,10,50,11,0.22,0.229375,1600,367,0.229375,0.0,1.0,4.349328541011305,0.12847312865779587,0.12847312865779587,0.029468523885881927,217.1259499999994,0.21715339975443385,2.973737373737374,2.1333333333333333,2.964577656675749,0.0
368,template_deposition,C,C,none,0,1.0,template_site:index=503:site=C:neigh=2:ahead0=52.110:mode=shell,z,xy,496,128,368,0,368,35705.37384605207,105.32816837734914,500.0,0.001,10.547605122820443,0.010547605122820443,-4533.5127,-4522.99,-4533.5127,-10.522461,-9.4140625,1.0,0.010547605122820443,0.010547605122820443,10,495,503,17,17,1.418247277367965,3.701584714919006,3.561853633671703,92.30904449999994,84.38084098256354,0.0,-39.798042,-637.63495,92.35030037746172,27.171259499999998,65.17904087746172,52.151483877461736,0.013537524746871196,34.88943657966561,85.25761523213163,87.96649022122291,92.31514514442037,7.142089522836854,1.0,46.674619755387454,47.76767372122293,52.116328644420385,1.0,10,50,11,0.22,0.23,1600,368,0.23,0.0,1.0,4.361179572458202,0.12683320585703112,0.12683320585703112,0.029171637347117158,217.1259499999994,0.2149656443892938,2.975806451612903,2.25,2.967391304347826,0.0
369,template_deposition,C,C,none,0,1.0,template_site:index=499:site=C:neigh=1:ahead0=52.110:mode=shell,z,xy,497,128,369,0,369,35711.656443593485,6.2825975414184025,500.0,0.001,10.547605122820443,0.010547605122820443,-4539.905,-4533.5127,-4539.905,-6.39209,-5.8999023,0.888335831157741,0.010547605122820443,0.010547605122820443,9,496,499,16,16,1.4898923467564116,2.467722292187751,5.698965386452375,92.30904449999994,84.38084098256354,0.0,-39.873795,-638.84863,92.35030037746172,27.171259499999998,65.17904087746172,52.151483877461736,0.01329290274768248,34.984244831240794,85.46121801258553,87.96665786248579,92.31580067453503,7.236503218970039,1.0,46.87822253584136,47.767841362485804,52.11698417453504,1.0,10,50,11,0.22,0.230625,1600,369,0.230625,0.0,1.0,4.373030603905099,0.12704125348466494,0.12704125348466494,0.02929888908490085,217.1259499999994,0.21590336178536693,2.9738430583501008,2.235294117647059,2.964769647696477,0.0
370,template_deposition,C,C,none,0,1.0,template_site:index=497:site=C:neigh=2:ahead0=52.110:mode=shell,z,xy,498,128,370,0,370,36038.303784272364,326.6473406788807,500.0,0.001,10.547605122820443,0.010547605122820443,-4549.306,-4539.905,-4549.306,-9.401367,-8.341797,0.9999999797022336,0.010547605122820443,0.010547605122820443,10,497,497,15,15,1.4140478641211311,1.2338612918062335,6.411335258342015,92.30904449999994,84.38084098256354,0.0,-39.98521,-640.6337,92.35030037746172,27.171259499999998,65.17904087746172,52.151483877461736,0.013121250363049428,35.079053082815975,85.32545079061211,87.96656440535263,92.31427654356433,7.2696958581665045,1.0,46.742455313867936,47.76774790535264,52.11546004356435,1.0,10,50,11,0.22,0.23125,1600,370,0.23125,0.0,1.0,4.384881635351997,0.12633096030775118,0.12633096030775118,0.02921403457116746,217.1259499999994,0.2152780693135393,2.9759036144578315,2.3333333333333335,2.9675675675675675,0.0
371,template_deposition,C,C,none,0,1.0,template_site:index=509:site=C:neigh=1:ahead0=52.110:mode=shell,z,xy,499,128,371,0,371,36130.383810554405,92.08002628203808,500.0,0.001,10.547605122820443,0.010547605122820443,-4556.362,-4549.306,-4556.362,-7.055664,-6.748047,0.9021307774735887,0.010547605122820443,0.010547605122820443,10,498,509,14,14,1.4438962308889123,4.935447994537489,4.274223505561342,92.30904449999994,84.38084098256354,0.0,-40.06883,-641.97345,92.35030037746172,27.171259499999998,65.17904087746172,52.151483877461736,0.012976200852258982,35.17386133439115,85.52904946496432,87.96665786248579,92.31427654356433,7.280067380353157,1.0,46.94605398822014,47.767841362485804,52.11546004356435,1.0,10,50,11,0.22,0.231875,1600,371,0.231875,0.0,1.0,4.3967326667988935,0.1265392290787605,0.1265392290787605,0.02934128374263759,217.1259499999994,0.2162157677984611,2.973947895791583,2.3157894736842106,2.964959568733154,0.0
372,template_deposition,C,C,none,0,1.0,template_site:index=504:site=C:neigh=2:ahead0=52.110:mode=shell,z,xy,500,128,372,0,372,36235.00774066742,104.62393011301226,500.0,0.001,10.547605122820443,0.010547605122820443,-4565.562,-4556.362,-4565.562,-9.200195,-7.8500977,0.9874204892723162,0.010547605122820443,0.010547605122820443,11,499,504,13,13,1.41273128759708,6.169308994919007,3.561853633671703,92.30904449999994,84.38084098256354,0.0,-40.17786,-643.7203,92.34761591945407,27.171259499999998,65.17635641945407,52.148799419454086,0.013306990809861837,35.26866958596633,85.46098841185446,87.96665786248579,92.31400581387723,7.3173666157681305,1.0,46.877992935110285,47.767841362485804,52.115189313877245,1.0,10,50,11,0.22,0.2325,1600,372,0.2325,0.0,1.0,4.408583698245791,0.12601611004061905,0.12601611004061905,0.02929874558444393,217.1259499999994,0.21590230433124377,2.976,2.4,2.967741935483871,0.0
373,template_deposition,C,C,none,0,1.0,template_site:index=501:site=C:neigh=1:ahead0=52.110:mode=shell,z,xy,501,128,373,0,373,36789.93854083805,554.9308001706339,500.0,0.001,10.547605122820443,0.010547605122820443,-4574.588,-4565.562,-4574.588,-9.025879,-7.513672,0.9998676647053609,0.010547605122820443,0.010547605122820443,14,500,501,12,12,1.4689121814826192,4.93544856,0.0,92.30904449999994,84.38084098256354,0.0,-40.284824,-645.4341,92.34761591945407,27.171259499999998,65.17635641945407,52.148799419454086,0.013336783503591474,35.36347783754151,85.25682679984577,87.96656440535263,92.31175125136735,7.425002576773709,1.0,46.673831323101595,47.76774790535264,52.11293475136737,1.0,10,50,11,0.22,0.233125,1600,373,0.233125,0.0,1.0,4.420434729692689,0.1251309150753394,0.1251309150753394,0.029171144576938497,217.1259499999994,0.2149620131684017,2.978043912175649,2.4761904761904763,2.9705093833780163,0.0
374,template_deposition,C,C,none,0,1.0,template_site:index=496:site=C:neigh=2:ahead0=52.110:mode=shell,z,xy,502,128,374,0,374,36889.07382714923,99.1352863111806,500.0,0.001,10.547605122820443,0.010547605122820443,-4585.8765,-4574.588,-4585.8765,-11.288574,-9.812012,1.0,0.010547605122820443,0.010547605122820443,15,501,496,11,11,1.4909337431909055,1.233859869456495,7.836077139233043,92.30904449999994,84.38084098256354,0.0,-40.418606,-647.57745,92.34829615868387,27.171259499999998,65.17703665868387,52.14947965868388,0.013323167072930828,35.45828608911668,85.45991733628674,87.96675855800211,92.3109824146351,7.476369963052993,1.0,46.87692185954256,47.76794205800213,52.11216591463512,1.0,10,50,11,0.22,0.23375,1600,374,0.23375,0.0,1.0,4.432285761139585,0.125339363260809,0.125339363260809,0.029298076162214103,217.1259499999994,0.21589737136230236,2.9800796812749004,2.5454545454545454,2.9732620320855614,0.0
375,template_deposition,C,C,none,0,1.0,template_site:index=506:site=C:neigh=2:ahead0=52.110:mode=shell,z,xy,503,128,375,0,375,37087.20686533222,198.13303818299167,500.0,0.001,10.547605122820443,0.010547605122820443,-4596.289,-4585.8765,-4596.289,-10.412598,-8.686523,1.0,0.010547605122820443,0.010547605122820443,13,502,506,10,10,1.5094949988781854,7.40317284,0.0,92.30904449999994,84.38084098256354,0.0,-40.542007,-649.55457,92.35056448679705,27.171259499999998,65.17930498679706,52.15174798679707,0.012896135353214207,35.553094340691864,85.45983185362664,87.96675855800211,92.31174825422329,7.5155431740277345,1.0,46.876836376882466,47.76794205800213,52.112931754223304,1.0,10,50,11,0.22,0.234375,1600,375,0.234375,0.0,1.0,4.444136792586483,0.1250048970050199,0.1250048970050199,0.02929802273555154,217.1259499999994,0.2158969776615029,2.982107355864811,2.608695652173913,2.976,0.0
376,template_deposition,C,C,none,0,1.0,template_site:index=488:site=C:neigh=1:ahead0=52.110:mode=shell,z,xy,504,128,376,0,376,37236.349180815516,149.14231548329374,500.0,0.001,10.547605122820443,0.010547605122820443,-4606.3647,-4596.289,-4606.3647,-10.075684,-7.927246,0.9999999732957658,0.010547605122820443,0.010547605122820443,15,503,488,9,9,1.495513034764883,-1.2338638450809936,3.561853633671703,92.30904449999994,84.38084098256354,0.0,-40.661415,-651.4677,92.34407856815254,27.171259499999998,65.17281906815253,52.145262068152554,0.011533806733699678,35.647902592267044,85.79868789697977,87.96763301426037,92.3132829439832,7.639210001108655,1.0,47.2156924202356,47.768816514260386,52.11446644398321,1.0,10,50,11,0.22,0.235,1600,376,0.235,0.0,1.0,4.455987824033381,0.12557365005381807,0.12557365005381807,0.02950980776264725,217.1259499999994,0.21745762042830777,2.984126984126984,2.6666666666666665,2.978723404255319,0.0
377,template_deposition,C,C,none,0,1.0,template_site:index=493:site=C:neigh=2:ahead0=52.110:mode=shell,z,xy,505,128,377,0,377,37254.98220033726,18.63301952174616,500.0,0.001,10.547605122820443,0.010547605122820443,-4617.684,-4606.3647,-4617.684,-11.319336,-10.280762,1.0,0.010547605122820443,0.010547605122820443,15,504,493,8,8,1.479127536498708,-2.4677248454625107,4.274223505561342,92.30904449999994,84.38084098256354,0.0,-40.79556,-653.61694,92.34035131948893,27.171259499999998,65.16909181948893,52.141534819488946,0.01054981790392893,35.74271084384222,85.866050088849,87.96698221293312,92.3127239958591,7.677094944796208,1.0,47.28305461210482,47.76816571293313,52.11390749585912,1.0,10,50,11,0.22,0.235625,1600,377,0.235625,0.0,1.0,4.467838855480277,0.12541924300293056,0.12541924300293056,0.029551909132565512,217.1259499999994,0.21776786520498795,2.986138613861386,2.72,2.981432360742706,0.0
378,template_deposition,C,C,none,0,1.0,template_site:index=492:site=C:neigh=2:ahead0=52.110:mode=shell,z,xy,506,128,378,0,378,37334.45901962252,79.47681928525893,500.0,0.001,10.547605122820443,0.010547605122820443,-4629.153,-4617.684,-4629.153,-11.46875,-11.125488,1.0,0.010547605122820443,0.010547605122820443,14,505,492,7,7,1.385380482768015,-2.467726267812249,5.698965386452375,92.30904449999994,84.38084098256354,0.0,-40.931477,-655.79456,92.33862370886368,27.171259499999998,65.16736420886369,52.139807208863694,0.010054802862451492,35.8375190954174,86.00168053106972,87.96770183227196,92.31128974890095,7.712832829385667,1.0,47.41868505432555,47.76888533227197,52.11247324890096,1.0,10,50,11,0.22,0.23625,1600,378,0.23625,0.0,1.0,4.479689886927175,0.125446256757475,0.125446256757475,0.029636678158953468,217.1259499999994,0.21839252772101023,2.9881422924901186,2.769230769230769,2.984126984126984,0.0
379,template_deposition,C,C,none,0,1.0,template_site:index=508:site=C:neigh=1:ahead0=52.110:mode=shell,z,xy,507,128,379,0,379,37405.345185978986,70.88616635646402,500.0,0.001,10.547605122820443,0.010547605122820443,-4636.6045,-4629.153,-4636.6045,-7.45166,-7.263672,0.48830323697478156,0.010547605122820443,0.010547605122820443,14,506,508,6,6,1.4578351250113393,4.93544657218775,5.698965386452375,92.30904449999994,84.38084098256354,0.0,-41.019787,-657.2095,92.33862370886368,27.171259499999998,65.16736420886369,52.139807208863694,0.009994909638819006,35.93232734699258,86.40891097331277,87.97219429979435,92.31359025802273,7.652877494369725,1.0,47.8259154965686,47.77337779979437,52.11477375802274,1.0,10,50,11,0.22,0.236875,1600,379,0.236875,0.0,1.0,4.491540918374072,0.12618975065057678,0.12618975065057678,0.029891197185355375,217.1259499999994,0.2202680771071755,2.9861932938856017,2.740740740740741,2.9815303430079156,0.0
380,template_deposition,C,C,none,0,1.0,template_site:index=510:site=C:neigh=2:ahead0=52.110:mode=shell,z,xy,508,128,380,0,380,37413.30132891023,7.956142931246291,500.0,0.001,10.547605122820443,0.010547605122820443,-4648.615,-4636.6045,-4648.615,-12.010742,-11.708008,0.905095975450226,0.010547605122820443,0.010547605122820443,15,507,510,5,5,1.4064922283412358,3.701585571806233,6.411335258342015,92.30904449999994,84.38084098256354,0.0,-41.162125,-659.4899,92.33654083966334,27.171259499999998,65.16528133966335,52.13772433966336,0.009330360281648516,36.02713559856775,86.40883150526315,87.97219429979435,92.31241943200695,7.65281593731808,1.0,47.82583602851898,47.77337779979437,52.11360293200696,1.0,10,50,11,0.22,0.2375,1600,380,0.2375,0.0,1.0,4.503391949820969,0.12585746323294467,0.12585746323294467,0.02989114751782436,217.1259499999994,0.22026771110739693,2.9881889763779528,2.7857142857142856,2.9842105263157896,0.0
381,template_deposition,C,C,none,0,1.0,template_site:index=494:site=C:neigh=2:ahead0=52.110:mode=shell,z,xy,509,128,381,0,381,37509.04988465286,95.74855574262257,500.0,0.001,10.547605122820443,0.010547605122820443,-4659.5986,-4648.615,-4659.5986,-10.983398,-10.505859,0.5311241823205433,0.010547605122820443,0.010547605122820443,16,508,494,4,4,1.4285243996710923,-3.7015872681937667,6.411335258342015,92.30904449999994,84.38084098256354,0.0,-41.29229,-661.57544,92.33654083966334,27.171259499999998,65.16528133966335,52.13772433966336,0.008878632377399609,36.121943850142934,86.8836907369159,87.97529480819142,92.31163385263704,7.599771666117785,1.0,48.30069526017172,47.776478308191436,52.11281735263706,1.0,11,50,12,0.24,0.238125,1600,381,0.238125,0.0,1.0,4.515242981267867,0.1267734783731541,0.1267734783731541,0.030187934537607326,217.1259499999994,0.22245473311767597,2.9901768172888015,2.8275862068965516,2.9868766404199474,0.0
382,template_deposition,C,C,none,0,1.0,template_site:index=495:site=C:neigh=2:ahead0=52.110:mode=shell,z,xy,510,128,382,0,382,37840.61330050487,331.5634158520101,500.0,0.001,10.547605122820443,0.010547605122820443,-4671.3755,-4659.5986,-4671.3755,-11.776855,-11.47168,0.9740783171704263,0.010547605122820443,0.010547605122820443,17,509,495,3,3,1.4213525383433516,-3.7015886905435047,7.836077139233043,92.30904449999994,84.38084098256354,0.0,-41.431858,-663.8116,92.3334906799073,27.171259499999998,65.16223117990731,52.134674179907314,0.008087303061302077,36.216752101718114,86.81545113374901,87.97529480819142,92.31018771963502,7.57011570870059,1.0,48.232455657004834,47.776478308191436,52.11137121963504,1.0,11,50,12,0.24,0.23875,1600,382,0.23875,0.0,1.0,4.527094012714764,0.1262629729240964,0.1262629729240964,0.030145284785628022,217.1259499999994,0.2221404473164307,2.992156862745098,2.8666666666666667,2.9895287958115184,0.0
383,template_deposition,C,C,none,0,1.0,template_site:index=490:site=C:neigh=2:ahead0=52.110:mode=shell,z,xy,511,128,383,0,383,37860.378077323374,19.76477681850732,500.0,0.001,10.547605122820443,0.010547605122820443,-4682.951,-4671.3755,-4682.951,-11.575684,-11.291992,0.7825479285410057,0.010547605122820443,0.010547605122820443,18,510,490,2,2,1.4181516912150915,0.0,0.0,92.30904449999994,84.38084098256354,0.0,-41.569042,-666.0095,92.33131914082168,27.171259499999998,65.16005964082169,52.13250264082169,0.007178935056574017,36.31156035329329,87.35836868701944,87.97950091034218,92.31162037173817,7.155040534700736,1.0,48.77537321027526,47.7806844103422,52.11280387173819,1.0,11,50,12,0.24,0.239375,1600,383,0.239375,0.0,1.0,4.538945044161661,0.12735084389105814,0.12735084389105814,0.03048460825642204,217.1259499999994,0.2246409202137073,2.9941291585127203,2.903225806451613,2.9921671018276763,0.0
384,template_deposition,C,C,none,0,1.0,template_site:index=511:site=C:neigh=3:ahead0=52.110:mode=shell,z,xy,512,128,384,0,384,38164.027019578025,303.64894225465184,500.0,0.001,10.547605122820443,0.010547605122820443,-4698.6084,-4682.951,-4698.6084,-15.657227,-15.358398,1.0,0.010547605122820443,0.010547605122820443,19,511,511,1,1,1.3541003900826902,3.7015841494564965,7.836077139233043,92.30904449999994,84.38084098256354,0.0,-41.754597,-668.9824,92.32975545355121,27.171259499999998,65.15849595355121,52.13093895355123,0.006630997395024847,36.40636860486847,87.1546435484009,87.98928252190629,92.31265329379849,7.63368824069752,1.0,48.571648071656725,47.790466021906305,52.113836793798505,1.0,11,50,12,0.24,0.24,1600,384,0.24,0.0,1.0,4.550796075608559,0.12648866685327273,0.12648866685327273,0.030357280044785453,217.1259499999994,0.2237026392822086,3.0,3.0,3.0,0.0
385,template_deposition,C,C,none,0,1.0,template_site:index=543:site=C:neigh=0:ahead0=56.453:mode=shell,z,xy,513,128,385,0,385,38426.77011766315,262.74309808512754,500.0,0.001,10.547605122820443,0.010547605122820443,-4700.607,-4698.6084,-4700.607,-1.9985352,-1.9858398,0.034682453885204974,0.010547605122820443,0.010547605122820443,1,512,543,32,32,4.342358593352916,-1.2338629881937666,6.411335258342015,96.65156349999994,84.38084098256354,0.0,-41.778282,-669.3619,96.7017658993535,27.171259499999998,69.5305063993535,56.50294939935352,0.0,36.50117685644365,87.4947915003856,90.14853297058741,92.31569020830004,7.566209320766314,1.0,48.91179602364143,49.949716470587425,52.116873708300055,1.0,11,50,12,0.24,0.240625,1600,385,0.240625,0.0,1.0,4.562647107055456,0.1270436260354323,0.1270436260354323,0.030569872514775893,217.1259499999994,0.22526923209151908,2.9941520467836256,0.0,2.9922077922077923,0.0
386,template_deposition,C,C,none,0,1.0,template_site:index=542:site=C:neigh=1:ahead0=56.453:mode=shell,z,xy,514,128,386,0,386,38555.57823177816,128.80811411501116,500.0,0.001,10.547605122820443,0.010547605122820443,-4709.164,-4700.607,-4709.164,-8.557129,-8.322266,0.33584209064177817,0.010547605122820443,0.010547605122820443,2,513,542,31,31,1.4256187912132041,2.914247172469686e-07,7.123705130231651,96.65156349999994,84.38084098256354,0.0,-41.879692,-670.98663,96.70588494864077,27.171259499999998,69.53462544864078,56.50706844864079,0.022706995589736323,36.59598510801882,87.63057929281351,92.30132400138915,92.31691901314714,7.651099992570646,1.0,49.047583816069334,52.10250750138916,52.11810251314716,1.0,11,50,12,0.24,0.24125,1600,386,0.24125,0.0,1.0,4.574498138502353,0.1270662793162418,0.1270662793162418,0.030654739885043334,217.1259499999994,0.2258946193030795,2.992217898832685,1.0,2.989637305699482,0.0
387,template_deposition,C,C,none,0,1.0,template_site:index=523:site=C:neigh=1:ahead0=56.453:mode=shell,z,xy,515,128,387,0,387,38565.719959100206,10.141727322045815,500.0,0.001,10.547605122820443,0.010547605122820443,-4717.2134,-4709.164,-4717.2134,-8.049316,-7.4555664,0.2856258977496559,0.010547605122820443,0.010547605122820443,3,514,523,30,30,1.4524971612263193,4.93544856,0.0,96.65156349999994,84.38084098256354,0.0,-41.975086,-672.515,96.71493362325143,27.171259499999998,69.54367412325144,56.51611712325144,0.025857195535815284,36.690793359594004,87.4271889518753,90.14853297058741,92.31883891584762,7.849193811196228,1.0,48.84419347513112,49.949716470587425,52.120022415847636,1.0,11,50,12,0.24,0.241875,1600,387,0.241875,0.0,1.0,4.5863491699492505,0.1262123862406489,0.1262123862406489,0.03052762092195695,217.1259499999994,0.22495788032306252,2.9902912621359223,1.3333333333333333,2.987080103359173,0.0
388,template_deposition,C,C,none,0,1.0,template_site:index=530:site=C:neigh=1:ahead0=56.453:mode=shell,z,xy,516,128,388,0,388,38689.04625145174,123.32629235153262,500.0,0.001,10.547605122820443,0.010547605122820443,-4725.4155,-4717.2134,-4725.4155,-8.202148,-7.6220703,0.18135005278452823,0.010547605122820443,0.010547605122820443,4,515,530,29,29,1.3746318627149159,-1.2338615658440286,4.98659337745098,96.65156349999994,84.38084098256354,0.0,-42.07229,-674.0724,96.70391132373963,27.171259499999998,69.53265182373963,56.50509482373965,0.01708262366199325,36.785601611169184,87.56298465842869,92.30132400138915,92.32328289790189,7.932172147639687,1.0,48.979989181684516,52.10250750138916,52.124466397901905,1.0,11,50,12,0.24,0.2425,1600,388,0.2425,0.0,1.0,4.598200201396148,0.12623708551980545,0.12623708551980545,0.03061249323855282,217.1259499999994,0.22558330398409152,2.988372093023256,1.5,2.984536082474227,0.0
389,template_deposition,C,C,none,0,1.0,template_site:index=522:site=C:neigh=1:ahead0=56.453:mode=shell,z,xy,517,128,389,0,389,38734.83115956036,45.784908108615845,500.0,0.001,10.547605122820443,0.010547605122820443,-4733.339,-4725.4155,-4733.339,-7.92334,-7.5878906,0.999323670420872,0.010547605122820443,0.010547605122820443,4,516,522,28,28,1.3512005066130879,6.169311839618483,0.7123698718896396,96.65156349999994,84.38084098256354,0.0,-42.166187,-675.57684,96.69812605057876,27.171259499999998,69.52686655057877,56.49930955057878,0.014362779325065439,36.88040986274436,87.69863931391086,92.3023430756607,92.32556104467852,8.011863015547393,1.0,49.11564383716669,52.103526575660716,52.12674454467854,1.0,11,50,12,0.24,0.243125,1600,389,0.243125,0.0,1.0,4.610051232843045,0.12626129521122542,0.12626129521122542,0.03069727739822918,217.1259499999994,0.22620807801723758,2.986460348162476,1.6,2.982005141388175,0.0
390,template_deposition,C,C,none,0,1.0,template_site:index=531:site=C:neigh=1:ahead0=56.453:mode=shell,z,xy,518,128,390,0,390,38766.42009260195,31.58893304159122,500.0,0.001,10.547605122820443,0.010547605122820443,-4741.2744,-4733.339,-4741.2744,-7.935547,-7.476074,0.705286471323079,0.010547605122820443,0.010547605122820443,5,517,531,27,27,1.4077536443913108,-2.4677248454625107,4.274223505561342,96.65156349999994,84.38084098256354,0.0,-42.26023,-677.08356,96.6935856643567,27.171259499999998,69.52232616435671,56.49476916435672,0.011668415848825655,36.97521811431954,87.76653519698218,92.3023430756607,92.32858949173202,8.068944178223179,1.0,49.183539720238,52.103526575660716,52.12977299173203,1.0,11,50,12,0.24,0.24375,1600,390,0.24375,0.0,1.0,4.621902264289942,0.12611164030830257,0.12611164030830257,0.03073971232514875,217.1259499999994,0.22652078077373128,2.9845559845559846,1.6666666666666667,2.9794871794871796,0.0
391,template_deposition,C,C,none,0,1.0,template_site:index=519:site=C:neigh=1:ahead0=56.453:mode=shell,z,xy,519,128,391,0,391,38888.59898438904,122.1788917870939,500.0,0.001,10.547605122820443,0.010547605122820443,-4749.453,-4741.2744,-4749.453,-8.178711,-7.586426,0.8872067578504871,0.010547605122820443,0.010547605122820443,6,518,519,26,26,1.3957851200160796,6.169310417268744,2.137111752780671,96.65156349999994,84.38084098256354,0.0,-42.35716,-678.63654,96.6935856643567,27.171259499999998,69.52232616435671,56.49476916435672,0.010843173093559994,37.07002636589472,88.24193555944669,92.30406408800417,95.36079413372235,7.863522282826037,1.0,49.658940082702514,52.10524758800418,55.161977633722366,1.0,11,50,12,0.24,0.244375,1600,391,0.244375,0.0,1.0,4.63375329573684,0.12700496184834403,0.12700496184834403,0.03103683755168907,217.1259499999994,0.22871029502785206,2.9826589595375723,1.7142857142857142,2.976982097186701,0.0
392,template_deposition,C,C,none,0,1.0,template_site:index=518:site=C:neigh=2:ahead0=56.453:mode=shell,z,xy,520,128,392,0,392,38915.16177565962,26.562791270572017,500.0,0.001,10.547605122820443,0.010547605122820443,-4762.1094,-4749.453,-4762.1094,-12.65625,-11.597656,1.0,0.010547605122820443,0.010547605122820443,7,519,518,25,25,1.3476579352881453,7.403173696887226,2.849481624670311,96.65156349999994,84.38084098256354,0.0,-42.50715,-681.0396,96.68685525472853,27.171259499999998,69.51559575472854,56.48803875472854,0.010814364376705918,37.16483461746989,87.9699247950052,92.3032073128791,96.6547921729034,8.198146517763554,1.0,49.386929318261025,52.10439081287911,56.45597567290341,1.0,11,50,12,0.24,0.245,1600,392,0.245,0.0,1.0,4.645604327183737,0.12598706458740058,0.12598706458740058,0.03086683082391314,217.1259499999994,0.22745751633216188,2.9846153846153847,2.0,2.979591836734694,0.0
393,template_deposition,C,C,none,0,1.0,template_site:index=535:site=C:neigh=1:ahead0=56.453:mode=shell,z,xy,521,128,393,0,393,38958.36947995967,43.20770430005538,500.0,0.001,10.547605122820443,0.010547605122820443,-4767.0854,-4762.1094,-4767.0854,-4.976074,-4.2773438,0.9973000719064647,0.010547605122820443,0.010547605122820443,6,520,535,24,24,1.6544163582658766,-1.2338624227312553,2.137111752780671,96.65156349999994,84.38084098256354,0.0,-42.56612,-681.98444,96.68685525472853,27.171259499999998,69.51559575472854,56.48803875472854,0.011389382485927342,37.259642869045074,87.97009134601166,92.3032073128791,96.65878721081334,8.198323015543709,1.0,49.38709586926748,52.10439081287911,56.45997071081336,1.0,11,50,12,0.24,0.245625,1600,393,0.245625,0.0,1.0,4.657455358630634,0.12566691060882312,0.12566691060882312,0.030866934918292177,217.1259499999994,0.2274582834031014,2.9827255278310942,2.0,2.9770992366412212,0.0
394,template_deposition,C,C,none,0,1.0,template_site:index=534:site=C:neigh=1:ahead0=56.453:mode=shell,z,xy,522,128,394,0,394,39310.967265340834,352.5977853811605,500.0,0.001,10.547605122820443,0.010547605122820443,-4775.2827,-4767.0854,-4775.2827,-8.197266,-7.2836914,0.7076375846271221,0.010547605122820443,0.010547605122820443,7,521,534,23,23,1.4625916221351176,8.568872265080074e-07,2.849481624670311,96.65156349999994,84.38084098256354,0.0,-42.663265,-683.5409,96.68759211753617,27.171259499999998,69.51633261753616,56.488775617536184,0.011584954741582963,37.354451120620254,88.24148086440576,92.30502515346978,96.659006053376,8.336286019634107,1.0,49.658485387661585,52.1062086534698,56.46018955337602,1.0,11,50,12,0.24,0.24625,1600,394,0.24625,0.0,1.0,4.669306390077532,0.12603676494330351,0.12603676494330351,0.03103655336728849,217.1259499999994,0.22870820087447735,2.9808429118773945,2.0,2.9746192893401013,0.0
395,template_deposition,C,C,none,0,1.0,template_site:index=536:site=C:neigh=1:ahead0=56.453:mode=shell,z,xy,523,128,395,0,395,39381.50863742836,70.54137208752519,500.0,0.001,10.547605122820443,0.010547605122820443,-4782.916,-4775.2827,-4782.916,-7.633301,-7.019043,0.9999933562624408,0.010547605122820443,0.010547605122820443,4,522,536,22,22,1.4336894234334419,1.2338618572687443,2.137111752780671,96.65156349999994,84.38084098256354,0.0,-42.753727,-684.99023,96.68759211753617,27.171259499999998,69.51633261753616,56.488775617536184,0.011748917713790667,37.44925937219543,88.3093402816279,92.30502515346978,96.65899938899369,8.38666579947224,1.0,49.72634480488372,52.1062086534698,56.46018288899371,1.0,11,50,12,0.24,0.246875,1600,395,0.246875,0.0,1.0,4.6811574215244285,0.12588948051869298,0.12588948051869298,0.031078965503052326,217.1259499999994,0.22902073568306258,2.9789674952198855,2.0,2.972151898734177,0.0
396,template_deposition,C,C,none,0,1.0,template_site:index=537:site=C:neigh=1:ahead0=56.453:mode=shell,z,xy,524,128,396,0,396,39385.98219734338,4.473559915023026,500.0,0.001,10.547605122820443,0.010547605122820443,-4791.284,-4782.916,-4791.284,-8.368164,-7.6621094,0.9999999897163218,0.010547605122820443,0.010547605122820443,6,523,537,21,21,1.391953693942704,2.4677251368872275,2.849481624670311,96.65156349999994,84.38084098256354,0.0,-42.8529,-686.57916,96.68759211753617,27.171259499999998,69.51633261753616,56.488775617536184,0.011344317402156722,37.54406762377061,88.44513208133742,92.30569707760694,96.65952976289196,8.45013697540213,1.0,49.862136604593246,52.10688057760695,56.46071326289198,1.0,11,50,12,0.24,0.2475,1600,396,0.2475,0.0,1.0,4.693008452971326,0.12591448637523547,0.12591448637523547,0.031163835377870777,217.1259499999994,0.22964614135064643,2.9770992366412212,2.0,2.9696969696969697,0.0
397,template_deposition,C,C,none,0,1.0,template_site:index=520:site=C:neigh=1:ahead0=56.453:mode=shell,z,xy,525,128,397,0,397,39517.01818171875,131.03598437536533,500.0,0.001,10.547605122820443,0.010547605122820443,-4799.337,-4791.284,-4799.337,-8.052734,-7.493164,0.9999999083719464,0.010547605122820443,0.010547605122820443,9,524,520,20,20,1.4006172370144083,3.7015861372687446,2.137111752780671,96.65156349999994,84.38084098256354,0.0,-42.948334,-688.10815,96.68759211753617,27.171259499999998,69.51633261753616,56.488775617536184,0.011558243175806275,37.63887587534579,88.5131529990288,92.30647388340599,96.65928972623371,8.498290671979658,1.0,49.93015752228463,52.107657383406,56.460473226233724,1.0,11,50,12,0.24,0.248125,1600,397,0.248125,0.0,1.0,4.704859484418224,0.12576865874630888,0.12576865874630888,0.031206348451427893,217.1259499999994,0.22995941996930708,2.9752380952380952,2.0,2.9672544080604535,0.0
398,template_deposition,C,C,none,0,1.0,template_site:index=521:site=C:neigh=2:ahead0=56.453:mode=shell,z,xy,526,128,398,0,398,39583.97986779361,66.9616860748648,500.0,0.001,10.547605122820443,0.010547605122820443,-4810.4663,-4799.337,-4810.4663,-11.129395,-9.40332,1.0,0.010547605122820443,0.010547605122820443,10,525,521,19,19,1.3922037380675885,4.935449416887227,2.849481624670311,96.65156349999994,84.38084098256354,0.0,-43.080227,-690.2213,96.68759211753617,27.171259499999998,69.51633261753616,56.488775617536184,0.012251477259687591,37.73368412692096,88.9883456466479,92.30759079929791,96.65939304155137,8.260379095079887,1.0,50.40535016990373,52.10877429929793,56.46057654155138,1.0,11,50,12,0.24,0.24875,1600,398,0.24875,0.0,1.0,4.71671051586512,0.1266466084670948,0.1266466084670948,0.03150334385618983,217.1259499999994,0.2321479775674159,2.9771863117870723,2.142857142857143,2.969849246231156,0.0
399,template_deposition,C,C,none,0,1.0,template_site:index=515:site=C:neigh=1:ahead0=56.453:mode=shell,z,xy,527,128,399,0,399,39745.02128241143,161.04141461781316,500.0,0.001,10.547605122820443,0.010547605122820443,-4816.683,-4810.4663,-4816.683,-6.216797,-5.479004,0.9990403256864616,0.010547605122820443,0.010547605122820443,9,526,515,18,18,1.5121021746008239,4.935447994537489,4.274223505561342,96.65156349999994,84.38084098256354,0.0,-43.153904,-691.4018,96.68759211753617,27.171259499999998,69.51633261753616,56.488775617536184,0.012458069540695078,37.82849237849614,89.05619850846855,92.30759079929791,96.6597962674868,8.305113997460024,1.0,50.47320303172438,52.10877429929793,56.46097976748681,1.0,11,50,12,0.24,0.249375,1600,399,0.249375,0.0,1.0,4.728561547312018,0.12649925571860748,0.12649925571860748,0.03154575189482774,217.1259499999994,0.23246048218430143,2.9753320683111952,2.1333333333333333,2.9674185463659146,0.0
400,template_deposition,C,C,none,0,1.0,template_site:index=514:site=C:neigh=2:ahead0=56.453:mode=shell,z,xy,528,128,400,0,400,39773.762442582556,28.741160171131305,500.0,0.001,10.547605122820443,0.010547605122820443,-4827.1987,-4816.683,-4827.1987,-10.515625,-9.40918,1.0,0.010547605122820443,0.010547605122820443,10,527,514,17,17,1.421049462159565,6.169311274155971,4.98659337745098,96.65156349999994,84.38084098256354,0.0,-43.278522,-693.3984,96.68807685642683,27.171259499999998,69.51681735642683,56.48926035642685,0.012595337041522069,37.923300630071324,89.25989752107553,92.30823101823353,96.65861283226408,8.364398399326944,1.0,50.67690204433136,52.10941451823354,56.4597963322641,1.0,11,50,12,0.24,0.25,1600,400,0.25,0.0,1.0,4.7404125787589155,0.12669225511082838,0.12669225511082838,0.031673063777707094,217.1259499999994,0.23339864278927278,2.977272727272727,2.25,2.97,0.0
401,template_deposition,C,C,none,0,1.0,template_site:index=525:site=C:neigh=1:ahead0=56.453:mode=shell,z,xy,529,128,401,0,401,39798.19669619422,24.43425361166566,500.0,0.001,10.547605122820443,0.010547605122820443,-4833.5864,-4827.1987,-4833.5864,-6.3876953,-5.9331055,0.9290696892814675,0.010547605122820443,0.010547605122820443,9,528,525,16,16,1.4818855776564106,3.701586994155973,4.98659337745098,96.65156349999994,84.38084098256354,0.0,-43.354225,-694.61127,96.68807685642683,27.171259499999998,69.51681735642683,56.48926035642685,0.01241919251454064,38.0181088816465,89.39570676984273,92.30850737638542,96.65989067966393,8.412689764591043,1.0,50.81271129309856,52.109690876385436,56.461074179663946,1.0,11,50,12,0.24,0.250625,1600,401,0.250625,0.0,1.0,4.752263610205812,0.12671499075585677,0.12671499075585677,0.0317579445581866,217.1259499999994,0.23402412882061632,2.9754253308128544,2.235294117647059,2.9675810473815463,0.0
402,template_deposition,C,C,none,0,1.0,template_site:index=524:site=C:neigh=2:ahead0=56.453:mode=shell,z,xy,530,128,402,0,402,39903.94128716853,105.74459097430241,500.0,0.001,10.547605122820443,0.010547605122820443,-4842.9194,-4833.5864,-4842.9194,-9.333008,-8.308594,0.9999999676974917,0.010547605122820443,0.010547605122820443,10,529,524,15,15,1.4123085164940514,2.4677237145374886,4.274223505561342,96.65156349999994,84.38084098256354,0.0,-43.464832,-696.3834,96.68793534082266,27.171259499999998,69.51667584082267,56.48911884082268,0.012208589515688059,38.11291713322168,89.46355859677675,92.30891735576282,96.65812304169158,8.45328108736641,1.0,50.880563120032576,52.11010085576283,56.459306541691596,1.0,11,50,12,0.24,0.25125,1600,402,0.25125,0.0,1.0,4.76411464165271,0.1265685649752054,0.1265685649752054,0.03180035195002036,217.1259499999994,0.23433662867120544,2.9773584905660377,2.3333333333333335,2.970149253731343,0.0
403,template_deposition,C,C,none,0,1.0,template_site:index=528:site=C:neigh=1:ahead0=56.453:mode=shell,z,xy,531,128,403,0,403,40000.314082629746,96.37279546122137,500.0,0.001,10.547605122820443,0.010547605122820443,-4849.977,-4842.9194,-4849.977,-7.057617,-6.7578125,0.9770421681436547,0.010547605122820443,0.010547605122820443,10,530,528,14,14,1.4401277645339203,-3.7015872681937667,6.411335258342015,96.65156349999994,84.38084098256354,0.0,-43.54847,-697.7234,96.68703676855128,27.171259499999998,69.51577726855129,56.488220268551295,0.012113953796313035,38.20772538479686,89.53148981684491,92.30901499448538,96.65932586400876,8.493249179121001,1.0,50.94849434010074,52.110198494485395,56.46050936400878,1.0,11,50,12,0.24,0.251875,1600,403,0.251875,0.0,1.0,4.775965673099607,0.12642306287866187,0.12642306287866187,0.03184280896256296,217.1259499999994,0.23464949417654077,2.975517890772128,2.3157894736842106,2.967741935483871,0.0
404,template_deposition,C,C,none,0,1.0,template_site:index=529:site=C:neigh=2:ahead0=56.453:mode=shell,z,xy,532,128,404,0,404,40240.94872619461,240.63464356486583,500.0,0.001,10.547605122820443,0.010547605122820443,-4858.7646,-4849.977,-4858.7646,-8.787598,-7.820801,0.9673409395408956,0.010547605122820443,0.010547605122820443,11,531,529,13,13,1.4107163377735896,-2.467723988575284,7.123705130231651,96.65156349999994,84.38084098256354,0.0,-43.652615,-699.392,96.68447408495793,27.171259499999998,69.51321458495792,56.48565758495794,0.011819402901656137,38.30253363637203,89.66667050572146,92.30926010665796,96.65728845683915,8.53647400260517,1.0,51.08367502897728,52.110443606657974,56.45847195683917,1.0,11,50,12,0.24,0.2525,1600,404,0.2525,0.0,1.0,4.787816704546504,0.12644474017073584,0.12644474017073584,0.0319272968931108,217.1259499999994,0.23527208529877439,2.9774436090225564,2.4,2.9702970297029703,0.0
405,template_deposition,C,C,none,0,1.0,template_site:index=538:site=C:neigh=2:ahead0=56.453:mode=shell,z,xy,533,128,405,0,405,40267.85927993601,26.910553741402023,500.0,0.001,10.547605122820443,0.010547605122820443,-4867.9585,-4858.7646,-4867.9585,-9.193848,-6.8911133,0.9999632815778724,0.010547605122820443,0.010547605122820443,14,532,538,12,12,1.523040600031983,3.7015875596184826,0.7123698718896396,96.65156349999994,84.38084098256354,0.0,-43.76157,-701.13763,96.68260624582956,27.171259499999998,69.51134674582957,56.483789745829576,0.011658911344213867,38.39734188794721,89.80195736774891,92.30937905931862,96.65680208060272,8.577187515452081,1.0,51.21896189100474,52.11056255931863,56.45798558060273,1.0,11,50,12,0.24,0.253125,1600,405,0.253125,0.0,1.0,4.799667735993402,0.12646657257038207,0.12646657257038207,0.032011851181877965,217.1259499999994,0.2358951654143822,2.979362101313321,2.4761904761904763,2.9728395061728397,0.0
406,template_deposition,C,C,none,0,1.0,template_site:index=539:site=C:neigh=2:ahead0=56.453:mode=shell,z,xy,534,128,406,0,406,40527.39532918021,259.5360492441965,500.0,0.001,10.547605122820443,0.010547605122820443,-4879.489,-4867.9585,-4879.489,-11.530273,-10.253418,1.0,0.010547605122820443,0.010547605122820443,15,533,539,11,11,1.4930629634450727,2.46772428,0.0,96.65156349999994,84.38084098256354,0.0,-43.898216,-703.32697,96.68342026325304,27.171259499999998,69.51216076325304,56.484603763253055,0.011345266292347318,38.492150139522394,89.8696932209762,92.30975703933305,96.6567252336522,8.613728272733457,1.0,51.28669774423203,52.110940539333065,56.45790873365221,1.0,11,50,12,0.24,0.25375,1600,406,0.25375,0.0,1.0,4.811518767440299,0.12632191562618728,0.12632191562618728,0.032054186090145015,217.1259499999994,0.236207131133944,2.9812734082397006,2.5454545454545454,2.9753694581280787,0.0
407,template_deposition,C,C,none,0,1.0,template_site:index=533:site=C:neigh=2:ahead0=56.453:mode=shell,z,xy,535,128,407,0,407,40583.629000525376,56.23367134516527,500.0,0.001,10.547605122820443,0.010547605122820443,-4889.7993,-4879.489,-4889.7993,-10.310547,-9.106934,1.0,0.010547605122820443,0.010547605122820443,13,534,533,10,10,1.4849415829701629,1.233863279618482,0.7123698718896396,96.65156349999994,84.38084098256354,0.0,-44.020405,-705.28467,96.68342026325304,27.171259499999998,69.51216076325304,56.484603763253055,0.010911532929639664,38.58695839109757,90.00544672742745,92.31120358951961,96.65724735599098,8.651020624545218,1.0,51.42245125068328,52.11238708951962,56.45843085599099,1.0,11,50,12,0.24,0.254375,1600,407,0.254375,0.0,1.0,4.823369798887196,0.1263450890680179,0.1263450890680179,0.03213903203167705,217.1259499999994,0.2368323604372643,2.9831775700934577,2.608695652173913,2.977886977886978,0.0
408,template_deposition,C,C,none,0,1.0,template_site:index=540:site=C:neigh=1:ahead0=56.453:mode=shell,z,xy,536,128,408,0,408,40585.519643040185,1.8906425148100148,500.0,0.001,10.547605122820443,0.010547605122820443,-4899.9927,-4889.7993,-4899.9927,-10.193359,-7.76709,0.9999999955811525,0.010547605122820443,0.010547605122820443,15,535,540,9,9,1.5421486461316234,-5.654625110373956e-07,4.274223505561342,96.65156349999994,84.38084098256354,0.0,-44.14121,-707.22015,96.68165964741506,27.171259499999998,69.51040014741506,56.482843147415075,0.009461121267986082,38.68176664267275,89.93741865225753,92.31120358951961,96.6572043603033,8.649584445604015,1.0,51.35442317551336,52.11238708951962,56.45838786030331,1.0,11,50,12,0.24,0.255,1600,408,0.255,0.0,1.0,4.8352208303340936,0.12586868425370923,0.12586868425370923,0.03209651448469585,217.1259499999994,0.23651904885396474,2.985074626865672,2.6666666666666665,2.980392156862745,0.0
409,template_deposition,C,C,none,0,1.0,template_site:index=541:site=C:neigh=2:ahead0=56.453:mode=shell,z,xy,537,128,409,0,409,40586.68113013795,1.1614870977630054,500.0,0.001,10.547605122820443,0.010547605122820443,-4911.2856,-4899.9927,-4911.2856,-11.292969,-10.187012,1.0,0.010547605122820443,0.010547605122820443,15,536,541,8,8,1.4841321708798456,1.2338627141559733,4.98659337745098,96.65156349999994,84.38084098256354,0.0,-44.27504,-709.3644,96.67892090412637,27.171259499999998,69.50766140412637,56.480104404126386,0.008640847523315832,38.77657489424793,90.4119547462124,92.31238491106592,96.65660105795538,8.51018864399823,1.0,51.82895926946823,52.113568411065934,56.4577845579554,1.0,11,50,12,0.24,0.255625,1600,409,0.255625,0.0,1.0,4.847071861780991,0.12672117180799078,0.12672117180799078,0.032393099543417646,217.1259499999994,0.23870458261423091,2.9869646182495346,2.72,2.9828850855745723,0.0
410,template_deposition,C,C,none,0,1.0,template_site:index=527:site=C:neigh=2:ahead0=56.453:mode=shell,z,xy,538,128,410,0,410,40821.422157147725,234.74102700977528,500.0,0.001,10.547605122820443,0.010547605122820443,-4922.821,-4911.2856,-4922.821,-11.535156,-11.21582,1.0,0.010547605122820443,0.010547605122820443,14,537,527,7,7,1.4346272541219474,1.2338612918062335,6.411335258342015,96.65156349999994,84.38084098256354,0.0,-44.411743,-711.55457,96.67342928393532,27.171259499999998,69.50216978393533,56.474612783935335,0.007605575485143072,38.8713831458231,90.81903471068216,92.31493753961355,96.65659247892104,8.16863491899138,1.0,52.23603923393799,52.11612103961357,56.457775978921056,1.0,11,50,12,0.24,0.25625,1600,410,0.25625,0.0,1.0,4.858922893227888,0.12740497374131216,0.12740497374131216,0.032647524521211245,217.1259499999994,0.24057943895668912,2.9888475836431225,2.769230769230769,2.9853658536585366,0.0
411,template_deposition,C,C,none,0,1.0,template_site:index=526:site=C:neigh=1:ahead0=56.453:mode=shell,z,xy,539,128,411,0,411,40887.427785415595,66.00562826786735,500.0,0.001,10.547605122820443,0.010547605122820443,-4930.4307,-4922.821,-4930.4307,-7.6098633,-7.272949,0.4485924427928821,0.010547605122820443,0.010547605122820443,14,538,526,6,6,1.4705654216828181,2.467724571424717,7.123705130231651,96.65156349999994,84.38084098256354,0.0,-44.50193,-712.9996,96.66959087361936,27.171259499999998,69.49833137361935,56.47077437361937,0.0072598346734007385,38.96619139739828,91.15841639508909,92.31493753961355,96.65706229687632,7.912679995873491,1.0,52.57542091834492,52.11612103961357,56.458245796876334,1.0,11,50,12,0.24,0.256875,1600,411,0.256875,0.0,1.0,4.870773924674785,0.12792073216142316,0.12792073216142316,0.03285963807396557,217.1259499999994,0.24214250262736933,2.987012987012987,2.740740740740741,2.982968369829684,0.0
412,template_deposition,C,C,none,0,1.0,template_site:index=516:site=C:neigh=2:ahead0=56.453:mode=shell,z,xy,540,128,412,0,412,40963.77490139225,76.34711597665891,500.0,0.001,10.547605122820443,0.010547605122820443,-4942.299,-4930.4307,-4942.299,-11.868164,-11.396484,0.45479363871742945,0.010547605122820443,0.010547605122820443,15,539,516,5,5,1.4477137534815638,7.40317284,0.0,96.65156349999994,84.38084098256354,0.0,-44.64258,-715.253,96.6684495103365,27.171259499999998,69.49719001033651,56.469633010336516,0.006646894701869631,39.060999648973464,91.22610732454758,92.31500882662596,96.65723888022274,7.940780699131568,1.0,52.64311184780341,52.11619232662597,56.45842238022275,1.0,11,50,12,0.24,0.2575,1600,412,0.2575,0.0,1.0,4.882624956121683,0.1277745433199112,0.1277745433199112,0.032901944904877134,217.1259499999994,0.24245426144504403,2.988888888888889,2.7857142857142856,2.9854368932038833,0.0
413,template_deposition,C,C,none,0,1.0,template_site:index=517:site=C:neigh=2:ahead0=56.453:mode=shell,z,xy,541,128,413,0,413,41046.73698608947,82.96208469721948,500.0,0.001,10.547605122820443,0.010547605122820443,-4953.3755,-4942.299,-4953.3755,-11.07666,-10.563477,0.953222892833152,0.010547605122820443,0.010547605122820443,16,540,517,4,4,1.4557485539585029,8.637036119618482,0.7123698718896396,96.65156349999994,84.38084098256354,0.0,-44.77385,-717.35614,96.6684495103365,27.171259499999998,69.49719001033651,56.469633010336516,0.0062157739029887575,39.15580790054864,90.95473174877245,92.31493753961355,96.65627723628569,8.191789378939509,1.0,52.37173627202827,52.11612103961357,56.457460736285704,1.0,12,50,13,0.26,0.258125,1600,413,0.258125,0.0,1.0,4.89447598756858,0.1268080781405043,0.1268080781405043,0.03273233517001767,217.1259499999994,0.24120440818809735,2.990757855822551,2.8275862068965516,2.9878934624697338,0.0
414,template_deposition,C,C,none,0,1.0,template_site:index=532:site=C:neigh=2:ahead0=56.453:mode=shell,z,xy,542,128,414,0,414,41084.12594984326,37.38896375379637,500.0,0.001,10.547605122820443,0.010547605122820443,-4965.1377,-4953.3755,-4965.1377,-11.762207,-11.477051,0.9987814347491091,0.010547605122820443,0.010547605122820443,17,541,532,3,3,1.418773375471819,0.0,0.0,96.65156349999994,84.38084098256354,0.0,-44.913242,-719.5895,96.6684495103365,27.171259499999998,69.49719001033651,56.469633010336516,0.00594928837520876,39.25061615212382,91.02252188324557,92.31500882662596,96.65579812398015,8.220659799200593,1.0,52.4395264065014,52.11619232662597,56.45698162398016,1.0,12,50,13,0.26,0.25875,1600,414,0.25875,0.0,1.0,4.906327019015477,0.1266655227210179,0.1266655227210179,0.032774704004063376,217.1259499999994,0.24151662390654616,2.992619926199262,2.8666666666666667,2.9903381642512077,0.0
415,template_deposition,C,C,none,0,1.0,template_site:index=513:site=C:neigh=2:ahead0=56.453:mode=shell,z,xy,543,128,415,0,415,41099.87074147502,15.74479163175451,500.0,0.001,10.547605122820443,0.010547605122820443,-4976.6343,-4965.1377,-4976.6343,-11.496582,-11.255371,0.989717868212207,0.010547605122820443,0.010547605122820443,18,542,513,2,2,1.4202949322902345,4.935448851424716,7.123705130231651,96.65156349999994,84.38084098256354,0.0,-45.049488,-721.7724,96.66754885688422,27.171259499999998,69.49628935688423,56.46873235688424,0.005685375852940764,39.345424403699,91.22590747262842,92.32275615724927,96.6561417016536,8.267874427425365,1.0,52.64291199588425,52.12393965724929,56.45732520165361,1.0,12,50,13,0.26,0.259375,1600,415,0.259375,0.0,1.0,4.918178050462375,0.1268503903515283,0.1268503903515283,0.03290181999742765,217.1259499999994,0.24245334100269633,2.994475138121547,2.903225806451613,2.9927710843373494,0.0
416,template_deposition,C,C,none,0,1.0,template_site:index=512:site=C:neigh=3:ahead0=56.453:mode=shell,z,xy,544,128,416,0,416,41299.973434730695,200.10269325568046,500.0,0.001,10.547605122820443,0.010547605122820443,-4992.2715,-4976.6343,-4992.2715,-15.637207,-15.205566,1.0,0.010547605122820443,0.010547605122820443,19,543,512,1,1,1.358595806672784,3.701585571806233,6.411335258342015,96.65156349999994,84.38084098256354,0.0,-45.234806,-724.7415,96.66701710976375,27.171259499999998,69.49575760976376,56.46820060976376,0.005461119000470036,39.44023265527417,91.76875920100349,92.32781218385256,96.65699816171089,7.422618489780965,1.0,53.18576372425932,52.12899568385257,56.4581816617109,1.0,12,50,13,0.26,0.26,1600,416,0.26,0.0,1.0,4.930029081909272,0.12785039356793104,0.12785039356793104,0.03324110232766207,217.1259499999994,0.2449535107354025,3.0,3.0,3.0,0.0
417,template_deposition,C,C,none,0,1.0,template_site:index=560:site=C:neigh=0:ahead0=60.795:mode=shell,z,xy,545,128,417,0,417,41416.105653287086,116.13221855638795,500.0,0.001,10.547605122820443,0.010547605122820443,-4994.268,-4992.2715,-4994.268,-1.996582,-1.9755859,0.027653027909015707,0.010547605122820443,0.010547605122820443,1,544,560,32,32,4.549043316377397,1.233859869456495,7.836077139233043,100.99408249999993,84.38084098256354,0.0,-45.25847,-725.1206,101.05986583079027,27.171259499999998,73.88860633079028,60.86104933079029,0.0,39.53504090684935,91.90547955010832,94.48679577025871,96.65837558324309,7.511379528952722,1.0,53.32248407336415,54.287979270258724,56.4595590832431,1.0,12,50,13,0.26,0.260625,1600,417,0.260625,0.0,1.0,4.941880113356169,0.12787166444451836,0.12787166444451836,0.033326552545852595,217.1259499999994,0.2455831929502867,2.994495412844037,0.0,2.9928057553956835,0.0
418,template_deposition,C,C,none,0,1.0,template_site:index=561:site=C:neigh=1:ahead0=60.795:mode=shell,z,xy,546,128,418,0,418,41509.61071898698,93.50506569989143,500.0,0.001,10.547605122820443,0.010547605122820443,-5002.828,-4994.268,-5002.828,-8.560059,-8.322266,0.32449019845823085,0.010547605122820443,0.010547605122820443,2,545,561,31,31,1.4265004060987116,1.2338612918062335,6.411335258342015,100.99408249999993,84.38084098256354,0.0,-45.359913,-726.7459,101.06392019555001,27.171259499999998,73.89266069555,60.865103695550026,0.030658971928737344,39.629849158424534,92.17700590554777,96.6451178080132,96.6594150014777,7.521371022020149,1.0,53.5940104288036,56.44630130801321,56.46059850147771,1.0,12,50,13,0.26,0.26125,1600,418,0.26125,0.0,1.0,4.953731144803067,0.1282153359540756,0.1282153359540756,0.03349625651800225,217.1259499999994,0.24683374064133629,2.9926739926739927,1.0,2.9904306220095696,0.0
419,template_deposition,C,C,none,0,1.0,template_site:index=570:site=C:neigh=1:ahead0=60.795:mode=shell,z,xy,547,128,419,0,419,41662.58342329358,152.97270430659967,500.0,0.001,10.547605122820443,0.010547605122820443,-5010.8716,-5002.828,-5010.8716,-8.043457,-7.435547,0.18685571096654918,0.010547605122820443,0.010547605122820443,3,546,570,30,30,1.4539593578072798,7.40317284,0.0,100.99408249999993,84.38084098256354,0.0,-45.45524,-728.2732,101.04411851843761,27.171259499999998,73.87285901843762,60.84530201843763,0.013023584246602113,39.72465740999971,92.04137000292639,94.48679577025871,96.6594150014777,7.634501098657911,1.0,53.45837452618221,54.287979270258724,56.46059850147771,1.0,12,50,13,0.26,0.261875,1600,419,0.261875,0.0,1.0,4.9655821762499635,0.12758561939422963,0.12758561939422963,0.03341148407886388,217.1259499999994,0.2462090529767739,2.9908592321755028,1.3333333333333333,2.988066825775656,0.0
420,template_deposition,C,C,none,0,1.0,template_site:index=571:site=C:neigh=1:ahead0=60.795:mode=shell,z,xy,548,128,420,0,420,41795.79935704324,133.21593374965576,500.0,0.001,10.547605122820443,0.010547605122820443,-5019.094,-5010.8716,-5019.094,-8.222656,-7.6884766,0.7646930825604512,0.010547605122820443,0.010547605122820443,4,547,571,29,29,1.3668719197333334,7.403171417650262,1.4247418808910315,100.99408249999993,84.38084098256354,0.0,-45.552685,-729.8345,101.03813719626602,27.171259499999998,73.86687769626602,60.839320696266036,0.013892400832458525,39.81946566157489,92.17697406303,96.6451178080132,96.66060459109612,7.7150007899840345,1.0,53.59397858628583,56.44630130801321,56.46178809109613,1.0,12,50,13,0.26,0.2625,1600,420,0.2625,0.0,1.0,4.977433207696861,0.12760471091972816,0.12760471091972816,0.03349623661642864,217.1259499999994,0.24683359398674354,2.989051094890511,1.5,2.9857142857142858,0.0
421,template_deposition,C,C,none,0,1.0,template_site:index=547:site=C:neigh=1:ahead0=60.795:mode=shell,z,xy,549,128,421,0,421,41807.47104856327,11.671691520029773,500.0,0.001,10.547605122820443,0.010547605122820443,-5026.999,-5019.094,-5026.999,-7.904785,-7.5668945,0.9991613141628117,0.010547605122820443,0.010547605122820443,4,548,547,28,28,1.3538966925896523,-1.9878122485827987e-06,5.698965386452375,100.99408249999993,84.38084098256354,0.0,-45.646362,-731.3354,101.03534099887052,27.171259499999998,73.86408149887052,60.83652449887054,0.01341759693089741,39.91427391315007,92.31277578070296,96.64682805799492,96.66367762759866,7.792223585158483,1.0,53.72978030395879,56.44801155799494,56.464861127598674,1.0,12,50,13,0.26,0.263125,1600,421,0.263125,0.0,1.0,4.989284239143759,0.1276241812445577,0.1276241812445577,0.03358111268997424,217.1259499999994,0.2474590453327156,2.987249544626594,1.6,2.983372921615202,0.0
422,template_deposition,C,C,none,0,1.0,template_site:index=546:site=C:neigh=1:ahead0=60.795:mode=shell,z,xy,550,128,422,0,422,41913.639402394394,106.1683538311274,500.0,0.001,10.547605122820443,0.010547605122820443,-5034.952,-5026.999,-5034.952,-7.953125,-7.442871,0.3413487479642207,0.010547605122820443,0.010547605122820443,5,549,546,27,27,1.4020830019385415,-5.654625110373956e-07,4.274223505561342,100.99408249999993,84.38084098256354,0.0,-45.740616,-732.84546,101.03521237558675,27.171259499999998,73.86395287558676,60.83639587558677,0.01223051666999972,40.00908216472524,92.38066557200071,96.64682805799492,96.66521778061428,7.848568952528384,1.0,53.797670095256535,56.44801155799494,56.4664012806143,1.0,12,50,13,0.26,0.26375,1600,422,0.26375,0.0,1.0,5.001135270590655,0.12748263055747994,0.12748263055747994,0.03362354380953533,217.1259499999994,0.2477717200328044,2.9854545454545454,1.6666666666666667,2.981042654028436,0.0
423,template_deposition,C,C,none,0,1.0,template_site:index=553:site=C:neigh=1:ahead0=60.795:mode=shell,z,xy,551,128,423,0,423,41914.35804216943,0.7186397750343154,500.0,0.001,10.547605122820443,0.010547605122820443,-5043.1636,-5034.952,-5043.1636,-8.211426,-7.6640625,0.8651262292755686,0.010547605122820443,0.010547605122820443,6,550,553,26,26,1.3915739336716628,-1.2338624227312553,2.137111752780671,100.99408249999993,84.38084098256354,0.0,-45.83793,-734.4046,101.03371527684871,27.171259499999998,73.86245577684872,60.834898776848725,0.011494714557404435,40.10389041630042,92.58451303614349,96.64782480991445,99.70147059081785,7.900461100963435,1.0,54.00151755939932,56.44900830991447,59.50265409081786,1.0,12,50,13,0.26,0.264375,1600,423,0.264375,0.0,1.0,5.012986302037553,0.1276631620789582,0.1276631620789582,0.03375094847462457,217.1259499999994,0.24871056434939937,2.983666061705989,1.7142857142857142,2.978723404255319,0.0
424,template_deposition,C,C,none,0,1.0,template_site:index=552:site=C:neigh=2:ahead0=60.795:mode=shell,z,xy,552,128,424,0,424,42053.12791457911,138.76987240968137,500.0,0.001,10.547605122820443,0.010547605122820443,-5055.776,-5043.1636,-5055.776,-12.612305,-11.607422,1.0,0.010547605122820443,0.010547605122820443,7,551,552,25,25,1.3273366241210345,-1.2338638450809936,3.561853633671703,100.99408249999993,84.38084098256354,0.0,-45.9874,-736.7994,101.03371527684871,27.171259499999998,73.86245577684872,60.834898776848725,0.013445260744315544,40.198698667875604,92.58437854985806,96.64871532160743,100.99705706594345,7.9747385769364465,1.0,54.001383073113885,56.44989882160744,60.798240565943466,1.0,12,50,13,0.26,0.265,1600,424,0.265,0.0,1.0,5.0248373334844505,0.12736175253092896,0.12736175253092896,0.03375086442069618,217.1259499999994,0.24870994495643675,2.9855072463768115,2.0,2.981132075471698,0.0
425,template_deposition,C,C,none,0,1.0,template_site:index=557:site=C:neigh=1:ahead0=60.795:mode=shell,z,xy,553,128,425,0,425,42093.4857199741,40.3578053949872,500.0,0.001,10.547605122820443,0.010547605122820443,-5060.7607,-5055.776,-5060.7607,-4.9848633,-4.3447266,0.9979659989934025,0.010547605122820443,0.010547605122820443,6,552,557,24,24,1.639764977917049,-2.4677248454625107,4.274223505561342,100.99408249999993,84.38084098256354,0.0,-46.046474,-737.74585,101.03371527684871,27.171259499999998,73.86245577684872,60.834898776848725,0.01386785156462879,40.29350691945078,92.58451970723912,96.64871532160743,101.00040624631123,7.974887501493931,1.0,54.00152423049495,56.44989882160744,60.801589746311244,1.0,12,50,13,0.26,0.265625,1600,425,0.265625,0.0,1.0,5.036688364931347,0.12706240995410575,0.12706240995410575,0.03375095264405934,217.1259499999994,0.24871059507394258,2.9837251356238697,2.0,2.978823529411765,0.0
426,template_deposition,C,C,none,0,1.0,template_site:index=568:site=C:neigh=1:ahead0=60.795:mode=shell,z,xy,554,128,426,0,426,42309.603854089815,216.11813411571498,500.0,0.001,10.547605122820443,0.010547605122820443,-5068.9404,-5060.7607,-5068.9404,-8.1796875,-7.2539062,0.2098372224601185,0.010547605122820443,0.010547605122820443,7,553,568,23,23,1.4644007708645026,6.169308994919007,3.561853633671703,100.99408249999993,84.38084098256354,0.0,-46.143414,-739.299,101.03371527684871,27.171259499999998,73.86245577684872,60.834898776848725,0.013970115146560439,40.38831517102596,92.92370932083892,96.64978799629952,101.0009296783292,8.084479505454539,1.0,54.34071384409475,56.45097149629954,60.802113178329215,1.0,12,50,13,0.26,0.26625,1600,426,0.26625,0.0,1.0,5.048539396378245,0.12756036113637265,0.12756036113637265,0.033962946152559216,217.1259499999994,0.250272774139134,2.9819494584837547,2.0,2.976525821596244,0.0
427,template_deposition,C,C,none,0,1.0,template_site:index=573:site=C:neigh=1:ahead0=60.795:mode=shell,z,xy,555,128,427,0,427,42328.52244235844,18.918588268622173,500.0,0.001,10.547605122820443,0.010547605122820443,-5076.5654,-5068.9404,-5076.5654,-7.625,-7.0253906,0.9999870345454475,0.010547605122820443,0.010547605122820443,4,554,573,22,22,1.432381434962465,4.935447994537489,4.274223505561342,100.99408249999993,84.38084098256354,0.0,-46.233776,-740.74677,101.03371527684871,27.171259499999998,73.86245577684872,60.834898776848725,0.01408125658783771,40.48312342260114,93.26299721721591,96.65041330526631,101.00068144556766,7.959564163668388,1.0,54.68000174047174,56.45159680526633,60.80186494556768,1.0,12,50,13,0.26,0.266875,1600,427,0.266875,0.0,1.0,5.060390427825142,0.1280562101650392,0.1280562101650392,0.03417500108779484,217.1259499999994,0.2518354058576227,2.9801801801801804,2.0,2.9742388758782203,0.0
428,template_deposition,C,C,none,0,1.0,template_site:index=567:site=C:neigh=1:ahead0=60.795:mode=shell,z,xy,556,128,428,0,428,42337.00909885274,8.486656494303434,500.0,0.001,10.547605122820443,0.010547605122820443,-5084.9517,-5076.5654,-5084.9517,-8.38623,-7.663574,0.9999999902828108,0.010547605122820443,0.010547605122820443,6,555,567,21,21,1.3907894635064735,3.701584714919006,3.561853633671703,100.99408249999993,84.38084098256354,0.0,-46.333164,-742.3392,101.03371527684871,27.171259499999998,73.86245577684872,60.834898776848725,0.013638057885781343,40.57793167417631,93.39889345903241,96.65062001181043,101.00174546889392,8.016064607138741,1.0,54.815897982288234,56.451803511810446,60.80292896889393,1.0,12,50,13,0.26,0.2675,1600,428,0.2675,0.0,1.0,5.072241459272039,0.12807452799600055,0.12807452799600055,0.034259936238930144,217.1259499999994,0.25246129254604704,2.9784172661870505,2.0,2.97196261682243,0.0
429,template_deposition,C,C,none,0,1.0,template_site:index=562:site=C:neigh=1:ahead0=60.795:mode=shell,z,xy,557,128,429,0,429,42453.175105682705,116.16600682996477,500.0,0.001,10.547605122820443,0.010547605122820443,-5092.9985,-5084.9517,-5092.9985,-8.046875,-7.493164,0.9999999124327174,0.010547605122820443,0.010547605122820443,9,556,562,20,20,1.4004649350565688,2.4677237145374886,4.274223505561342,100.99408249999993,84.38084098256354,0.0,-46.428528,-743.86707,101.03520184777189,27.171259499999998,73.86394234777188,60.8363853477719,0.014109338882269448,40.67273992575149,93.46681455860849,96.65062001181043,101.00130573226879,8.061623092524348,1.0,54.88381908186432,56.451803511810446,60.802489232268805,1.0,12,50,13,0.26,0.268125,1600,429,0.268125,0.0,1.0,5.084092490718937,0.12793431021413593,0.12793431021413593,0.0343023869261652,217.1259499999994,0.2527741114402238,2.976660682226212,2.0,2.9696969696969697,0.0
430,template_deposition,C,C,none,0,1.0,template_site:index=551:site=C:neigh=2:ahead0=60.795:mode=shell,z,xy,558,128,430,0,430,42610.83934622984,157.66424054713244,500.0,0.001,10.547605122820443,0.010547605122820443,-5104.108,-5092.9985,-5104.108,-11.109375,-9.399414,1.0,0.010547605122820443,0.010547605122820443,10,557,551,19,19,1.3921332329851226,1.2338604349190074,3.561853633671703,100.99408249999993,84.38084098256354,0.0,-46.560184,-745.97644,101.03520184777189,27.171259499999998,73.86394234777188,60.8363853477719,0.014797173147986129,40.767548177326674,93.6025271586818,96.65093511138608,101.00088124401796,8.113858832891403,1.0,55.01953168193762,56.45211861138609,60.802064744017976,1.0,12,50,13,0.26,0.26875,1600,430,0.26875,0.0,1.0,5.095943522165834,0.12795239926032004,0.12795239926032004,0.03438720730121101,217.1259499999994,0.2533991523442397,2.978494623655914,2.142857142857143,2.972093023255814,0.0
431,template_deposition,C,C,none,0,1.0,template_site:index=550:site=C:neigh=1:ahead0=60.795:mode=shell,z,xy,559,128,431,0,431,42661.96334851849,51.12400228865203,500.0,0.001,10.547605122820443,0.010547605122820443,-5110.3154,-5104.108,-5110.3154,-6.2075195,-5.489258,0.9992631521395948,0.010547605122820443,0.010547605122820443,9,558,550,18,18,1.5029955403268964,1.2338618572687443,2.137111752780671,100.99408249999993,84.38084098256354,0.0,-46.63375,-747.1551,101.03520184777189,27.171259499999998,73.86394234777188,60.8363853477719,0.014920848042437864,40.86235642890185,93.8739602393403,96.65130928287363,101.00148666079083,8.065948834377094,1.0,55.29096476259613,56.45249278287364,60.802670160790846,1.0,12,50,13,0.26,0.269375,1600,431,0.269375,0.0,1.0,5.107794553612731,0.1282853010733089,0.1282853010733089,0.03455685297662258,217.1259499999994,0.25464927044692853,2.9767441860465116,2.1333333333333333,2.9698375870069604,0.0
432,template_deposition,C,C,none,0,1.0,template_site:index=555:site=C:neigh=2:ahead0=60.795:mode=shell,z,xy,560,128,432,0,432,42755.65519775458,93.69184923608923,500.0,0.001,10.547605122820443,0.010547605122820443,-5120.864,-5110.3154,-5120.864,-10.54834,-9.42627,1.0,0.010547605122820443,0.010547605122820443,10,559,555,17,17,1.4183776013794964,-1.4223497377674477e-06,1.4247418808910315,100.99408249999993,84.38084098256354,0.0,-46.75876,-749.1579,101.03520184777189,27.171259499999998,73.86394234777188,60.8363853477719,0.014970767341954632,40.95716468047703,94.07734597102032,96.65155126104753,101.00092441465885,8.078552152308433,1.0,55.49435049427615,56.452734761047545,60.80210791465887,1.0,12,50,13,0.26,0.27,1600,432,0.27,0.0,1.0,5.1196455850596285,0.12845914466267627,0.12845914466267627,0.03468396905892259,217.1259499999994,0.2555859881984457,2.9785714285714286,2.25,2.9722222222222223,0.0
433,template_deposition,C,C,none,0,1.0,template_site:index=548:site=C:neigh=1:ahead0=60.795:mode=shell,z,xy,561,128,433,0,433,42831.54719724529,75.89199949070417,500.0,0.001,10.547605122820443,0.010547605122820443,-5127.2534,-5120.864,-5127.2534,-6.3896484,-5.9316406,0.9244560274479134,0.010547605122820443,0.010547605122820443,9,560,548,16,16,1.4811811479437529,2.467722857650262,1.4247418808910315,100.99408249999993,84.38084098256354,0.0,-46.83448,-750.3711,101.03520184777189,27.171259499999998,73.86394234777188,60.8363853477719,0.014777457464972499,41.05197293205221,94.14522033870409,96.65155126104753,101.0033680208689,8.118071594223908,1.0,55.56222486195992,56.452734761047545,60.80455152086892,1.0,12,50,13,0.26,0.270625,1600,433,0.270625,0.0,1.0,5.131496616506526,0.1283192260091453,0.1283192260091453,0.03472639053872495,217.1259499999994,0.25589859186320235,2.9768270944741535,2.235294117647059,2.9699769053117784,0.0
434,template_deposition,C,C,none,0,1.0,template_site:index=566:site=C:neigh=2:ahead0=60.795:mode=shell,z,xy,562,128,434,0,434,42855.37406184056,23.82686459527012,500.0,0.001,10.547605122820443,0.010547605122820443,-5136.5854,-5127.2534,-5136.5854,-9.332031,-8.305176,0.9999999698208897,0.010547605122820443,0.010547605122820443,10,561,566,15,15,1.4118575394800608,3.7015861372687446,2.137111752780671,100.99408249999993,84.38084098256354,0.0,-46.945076,-752.14307,101.03520184777189,27.171259499999998,73.86394234777188,60.8363853477719,0.014603772083434175,41.14678118362738,94.21295522849695,96.65155126104753,101.00063911663139,8.1567116397493,1.0,55.62995975175278,56.452734761047545,60.801822616631405,1.0,12,50,13,0.26,0.27125,1600,434,0.27125,0.0,1.0,5.143347647953423,0.12817963076440733,0.12817963076440733,0.034768724844845486,217.1259499999994,0.2562105531455495,2.97864768683274,2.3333333333333335,2.9723502304147464,0.0
435,template_deposition,C,C,none,0,1.0,template_site:index=554:site=C:neigh=1:ahead0=60.795:mode=shell,z,xy,563,128,435,0,435,43068.350675742506,212.97661390194915,500.0,0.001,10.547605122820443,0.010547605122820443,-5143.6455,-5136.5854,-5143.6455,-7.0600586,-6.770508,0.9787568960134367,0.010547605122820443,0.010547605122820443,10,562,554,14,14,1.4363769467709273,0.0,0.0,100.99408249999993,84.38084098256354,0.0,-47.028744,-753.4836,101.03713165940232,27.171259499999998,73.86587215940233,60.838315159402335,0.014609642135101106,41.24158943520256,94.75581203408609,96.6516343141017,101.00198835302783,7.398946400407715,1.0,56.17281655734192,56.452817814101714,60.80317185302784,1.0,12,50,13,0.26,0.271875,1600,435,0.271875,0.0,1.0,5.15519867940032,0.12913291162607338,0.12913291162607338,0.0351080103483387,217.1259499999994,0.2587107462619833,2.9769094138543517,2.3157894736842106,2.9701149425287356,0.0
436,template_deposition,C,C,none,0,1.0,template_site:index=575:site=C:neigh=2:ahead0=60.795:mode=shell,z,xy,564,128,436,0,436,43113.680369276786,45.329693534277936,500.0,0.001,10.547605122820443,0.010547605122820443,-5152.412,-5143.6455,-5152.412,-8.766602,-7.8100586,0.9420132129964103,0.010547605122820443,0.010547605122820443,11,563,575,13,13,1.410233708993985,3.7015841494564965,7.836077139233043,100.99408249999993,84.38084098256354,0.0,-47.132637,-755.14813,101.0398864973076,27.171259499999998,73.86862699730762,60.84106999730762,0.014656729123736395,41.336397686777744,94.82357876090157,96.6516343141017,100.99983796062108,7.43578525824043,1.0,56.240583284157395,56.452817814101714,60.801021460621094,1.0,12,50,13,0.26,0.2725,1600,436,0.2725,0.0,1.0,5.167049710847218,0.12899216349577383,0.12899216349577383,0.03515036455259837,217.1259499999994,0.2590228541736147,2.978723404255319,2.4,2.9724770642201834,0.0
437,template_deposition,C,C,none,0,1.0,template_site:index=563:site=C:neigh=2:ahead0=60.795:mode=shell,z,xy,565,128,437,0,437,43208.275186148916,94.59481687212705,500.0,0.001,10.547605122820443,0.010547605122820443,-5161.627,-5152.412,-5161.627,-9.214844,-6.9003906,0.9999572246518601,0.010547605122820443,0.010547605122820443,14,564,563,12,12,1.5264689242474303,2.467722292187751,5.698965386452375,100.99408249999993,84.38084098256354,0.0,-47.241844,-756.8978,101.04610861656475,27.171259499999998,73.87484911656475,60.847292116564766,0.014708586882429873,41.43120593835292,94.89110011352574,96.65155126104753,100.99931192474683,7.471731708678063,1.0,56.308104636781565,56.452734761047545,60.80049542474685,1.0,12,50,13,0.26,0.273125,1600,437,0.273125,0.0,1.0,5.178900742294115,0.12885149802467177,0.12885149802467177,0.03519256539798848,217.1259499999994,0.2593338319845312,2.9805309734513274,2.4761904761904763,2.9748283752860414,0.0
438,template_deposition,C,C,none,0,1.0,template_site:index=574:site=C:neigh=2:ahead0=60.795:mode=shell,z,xy,566,128,438,0,438,43358.99667941687,150.72149326795517,500.0,0.001,10.547605122820443,0.010547605122820443,-5173.1553,-5161.627,-5173.1553,-11.52832,-10.231934,1.0,0.010547605122820443,0.010547605122820443,15,565,574,11,11,1.4920806503107227,3.701585571806233,6.411335258342015,100.99408249999993,84.38084098256354,0.0,-47.378468,-759.08673,101.0466320620691,27.171259499999998,73.87537256206909,60.84781556206911,0.01442605671132367,41.5260141899281,95.50160506882207,96.6516343141017,100.99969274111191,6.248087122590042,1.0,56.9186095920779,56.452817814101714,60.80087624111193,1.0,12,50,13,0.26,0.27375,1600,438,0.27375,0.0,1.0,5.190751773741012,0.12995116345223265,0.12995116345223265,0.035574130995048685,217.1259499999994,0.2621455868912862,2.9823321554770317,2.5454545454545454,2.9771689497716896,0.0
439,template_deposition,C,C,none,0,1.0,template_site:index=572:site=C:neigh=2:ahead0=60.795:mode=shell,z,xy,567,128,439,0,439,43407.518323064425,48.52164364755144,500.0,0.001,10.547605122820443,0.010547605122820443,-5183.4673,-5173.1553,-5183.4673,-10.312012,-9.115234,1.0,0.010547605122820443,0.010547605122820443,13,566,572,10,10,1.4848529008911637,4.93544657218775,5.698965386452375,100.99408249999993,84.38084098256354,0.0,-47.500675,-761.04474,101.0466320620691,27.171259499999998,73.87537256206909,60.84781556206911,0.013969029567004288,41.62082244150328,95.56980569851692,96.65410137026618,101.00076046742367,6.513831275899392,1.0,56.98681022177274,56.45528487026619,60.80194396742369,1.0,12,50,13,0.26,0.274375,1600,439,0.274375,0.0,1.0,5.20260280518791,0.12981050164412924,0.12981050164412924,0.035616756388607965,217.1259499999994,0.26245969319546053,2.984126984126984,2.608695652173913,2.979498861047836,0.0
440,template_deposition,C,C,none,0,1.0,template_site:index=569:site=C:neigh=1:ahead0=60.795:mode=shell,z,xy,568,128,440,0,440,43558.488646792786,150.97032372836338,500.0,0.001,10.547605122820443,0.010547605122820443,-5193.6567,-5183.4673,-5193.6567,-10.189453,-7.7856445,0.9999999971466844,0.010547605122820443,0.010547605122820443,15,567,569,9,9,1.5364156867999246,6.169310417268744,2.137111752780671,100.99408249999993,84.38084098256354,0.0,-47.62143,-762.97943,101.04253775215365,27.171259499999998,73.87127825215364,60.843721252153664,0.01290973168695922,41.71563069307845,95.29828368849817,96.65366905630819,100.99946498681842,6.642644048810789,1.0,56.715288211754,56.454852556308204,60.80064848681844,1.0,12,50,13,0.26,0.275,1600,440,0.275,0.0,1.0,5.2144538366348065,0.12889838229944092,0.12889838229944092,0.03544705513234625,217.1259499999994,0.26120916551777507,2.9859154929577465,2.6666666666666665,2.981818181818182,0.0
441,template_deposition,C,C,none,0,1.0,template_site:index=564:site=C:neigh=2:ahead0=60.795:mode=shell,z,xy,569,128,441,0,441,43664.39261342906,105.9039666362714,500.0,0.001,10.547605122820443,0.010547605122820443,-5204.9404,-5193.6567,-5204.9404,-11.283691,-10.187012,1.0,0.010547605122820443,0.010547605122820443,15,568,564,8,8,1.48226239460903,4.935447137650263,1.4247418808910315,100.99408249999993,84.38084098256354,0.0,-47.755154,-765.12195,101.03799772722812,27.171259499999998,73.86673822722813,60.83918122722813,0.01193022561834374,41.81043894465363,95.77223931260818,96.6545984468739,100.99910330692182,6.38498808571939,1.0,57.189243835864005,56.45578194687392,60.80028680692184,1.0,12,50,13,0.26,0.275625,1600,441,0.275625,0.0,1.0,5.226304868081704,0.12968082502463493,0.12968082502463493,0.035743277397415,217.1259499999994,0.2633920258534927,2.9876977152899826,2.72,2.984126984126984,0.0
442,template_deposition,C,C,none,0,1.0,template_site:index=565:site=C:neigh=2:ahead0=60.795:mode=shell,z,xy,570,128,442,0,442,43824.29767428663,159.9050608575726,500.0,0.001,10.547605122820443,0.010547605122820443,-5216.481,-5204.9404,-5216.481,-11.540527,-11.2265625,1.0,0.010547605122820443,0.010547605122820443,14,569,565,7,7,1.4354250650726432,4.93544856,0.0,100.99408249999993,84.38084098256354,0.0,-47.891922,-767.3132,101.02912851031121,27.171259499999998,73.85786901031122,60.830312010311225,0.010394641444320266,41.905247196228814,95.90792001608605,96.65567222796142,100.99954881160664,6.402071481145831,1.0,57.32492453934188,56.45685572796143,60.80073231160666,1.0,12,50,13,0.26,0.27625,1600,442,0.27625,0.0,1.0,5.238155899528602,0.12969439941027575,0.12969439941027575,0.035828077837088676,217.1259499999994,0.2640169198538546,2.9894736842105263,2.769230769230769,2.986425339366516,0.0
443,template_deposition,C,C,none,0,1.0,template_site:index=549:site=C:neigh=1:ahead0=60.795:mode=shell,z,xy,571,128,443,0,443,43975.28385233762,150.98617805099053,500.0,0.001,10.547605122820443,0.010547605122820443,-5223.937,-5216.481,-5223.937,-7.4560547,-7.2661133,0.41727456475572583,0.010547605122820443,0.010547605122820443,14,570,549,6,6,1.4192573925138257,2.46772428,0.0,100.99408249999993,84.38084098256354,0.0,-47.98028,-768.7289,101.02318527745477,27.171259499999998,73.85192577745477,60.82436877745479,0.009578436101289077,42.00005544780399,95.7723679516541,96.65623328981924,101.00037344243147,6.743579724755222,1.0,57.18937247490993,56.457416789819256,60.80155694243148,1.0,12,50,13,0.26,0.276875,1600,443,0.276875,0.0,1.0,5.250006930975498,0.12909564892756192,0.12909564892756192,0.035743357796818705,217.1259499999994,0.2633926183162818,2.987740805604203,2.740740740740741,2.984198645598194,0.0
444,template_deposition,C,C,none,0,1.0,template_site:index=559:site=C:neigh=2:ahead0=60.795:mode=shell,z,xy,572,128,444,0,444,44032.301362399056,57.01751006143815,500.0,0.001,10.547605122820443,0.010547605122820443,-5235.9346,-5223.937,-5235.9346,-11.997559,-11.725098,0.9420132129984217,0.010547605122820443,0.010547605122820443,15,571,559,5,5,1.4254474086417888,-3.7015886905435047,7.836077139233043,100.99408249999993,84.38084098256354,0.0,-48.122467,-771.00696,101.02318527745477,27.171259499999998,73.85192577745477,60.82436877745479,0.009324577639918771,42.09486369937917,96.17914175768955,96.65908867600152,101.00028267576432,6.428144868013261,1.0,57.596146280945376,56.46027217600153,60.80146617576434,1.0,12,50,13,0.26,0.2775,1600,444,0.2775,0.0,1.0,5.261857962422396,0.1297210501823094,0.1297210501823094,0.035997591425590864,217.1259499999994,0.26526606460879293,2.9895104895104896,2.7857142857142856,2.9864864864864864,0.0
445,template_deposition,C,C,none,0,1.0,template_site:index=544:site=C:neigh=2:ahead0=60.795:mode=shell,z,xy,573,128,445,0,445,44249.29875705997,216.99739466091515,500.0,0.001,10.547605122820443,0.010547605122820443,-5246.9224,-5235.9346,-5246.9224,-10.987793,-10.515625,0.6560982648828056,0.010547605122820443,0.010547605122820443,16,572,544,4,4,1.420959200550102,-1.2338644105435042,7.836077139233043,100.99408249999993,84.38084098256354,0.0,-48.25268,-773.0932,101.01931533167378,27.171259499999998,73.84805583167378,60.820498831673795,0.008597637914407928,42.18967195095435,96.314727079287,96.6629181185511,101.00042032833511,6.4365673619024015,1.0,57.73173160254282,56.46410161855112,60.801603828335125,1.0,13,50,14,0.28,0.278125,1600,445,0.278125,0.0,1.0,5.273708993869294,0.12973422832032094,0.12973422832032094,0.036082332251589265,217.1259499999994,0.26589051931629076,2.9912739965095985,2.8275862068965516,2.9887640449438204,0.0
446,template_deposition,C,C,none,0,1.0,template_site:index=545:site=C:neigh=2:ahead0=60.795:mode=shell,z,xy,574,128,446,0,446,44305.95491970297,56.65616264299544,500.0,0.001,10.547605122820443,0.010547605122820443,-5258.6963,-5246.9224,-5258.6963,-11.773926,-11.467773,0.9683981063060896,0.010547605122820443,0.010547605122820443,17,573,545,3,3,1.4082879011463323,-1.2338629881937666,6.411335258342015,100.99408249999993,84.38084098256354,0.0,-48.392216,-775.3288,101.01679065033386,27.171259499999998,73.84553115033387,60.817974150333875,0.007832791146155814,42.28448020252952,96.31497307410466,96.6629181185511,101.00111903195382,6.482340910141119,1.0,57.73197759736048,56.46410161855112,60.802302531953835,1.0,13,50,14,0.28,0.27875,1600,446,0.27875,0.0,1.0,5.28556002531619,0.12944389595820735,0.12944389595820735,0.0360824859983503,217.1259499999994,0.26589165227537587,2.9930313588850175,2.8666666666666667,2.991031390134529,0.0
447,template_deposition,C,C,none,0,1.0,template_site:index=556:site=C:neigh=2:ahead0=60.795:mode=shell,z,xy,575,128,447,0,447,44533.041565815,227.0866461120306,500.0,0.001,10.547605122820443,0.010547605122820443,-5270.2954,-5258.6963,-5270.2954,-11.599121,-11.344727,0.9426291518462239,0.010547605122820443,0.010547605122820443,18,574,556,2,2,1.4022136513007373,-2.467726267812249,5.698965386452375,100.99408249999993,84.38084098256354,0.0,-48.52968,-777.5312,101.01679065033386,27.171259499999998,73.84553115033387,60.817974150333875,0.007335123514066159,42.3792884541047,96.51836429423997,96.66685793338124,101.00123381800587,6.512244368205214,1.0,57.9353688174958,56.46804143338125,60.80241731800589,1.0,13,50,14,0.28,0.279375,1600,447,0.279375,0.0,1.0,5.297411056763088,0.12960932621363713,0.12960932621363713,0.03620960551093488,217.1259499999994,0.26682839530464214,2.9947826086956524,2.903225806451613,2.9932885906040267,0.0
448,template_deposition,C,C,none,0,1.0,template_site:index=558:site=C:neigh=3:ahead0=60.795:mode=shell,z,xy,576,128,448,0,448,44567.48157269085,34.44000687584482,500.0,0.001,10.547605122820443,0.010547605122820443,-5285.937,-5270.2954,-5285.937,-15.641602,-15.336426,1.0,0.010547605122820443,0.010547605122820443,19,575,558,1,1,1.3430732271026988,-3.7015872681937667,6.411335258342015,100.99408249999993,84.38084098256354,0.0,-48.715046,-780.5011,101.01679065033386,27.171259499999998,73.84553115033387,60.817974150333875,0.006956466459915222,42.474096705679884,96.99345355459698,98.82595395470543,101.00123381800587,6.059314984663873,1.0,58.41045807785281,58.62713745470544,60.80241731800589,1.0,13,50,14,0.28,0.28,1600,448,0.28,0.0,1.0,5.3092620882099855,0.13038048678092146,0.13038048678092146,0.03650653629865801,217.1259499999994,0.26901647674012696,3.0,3.0,3.0,0.0
449,template_deposition,C,C,none,0,1.0,template_site:index=605:site=C:neigh=0:ahead0=65.138:mode=shell,z,xy,577,128,449,0,449,44687.0579733077,119.57640061685349,500.0,0.001,10.547605122820443,0.010547605122820443,-5287.9336,-5285.937,-5287.9336,-1.996582,-1.9755859,0.027482581099701437,0.010547605122820443,0.010547605122820443,1,576,605,32,32,4.546032101243494,1.2338627141559733,4.98659337745098,105.33660149999993,84.38084098256354,0.0,-48.73871,-780.8802,105.40240633855747,27.171259499999998,78.23114683855746,65.20358983855749,0.0,42.56890495725506,97.13010638501916,100.98684674350487,101.00224648631882,6.1481462846085515,1.0,58.54711090827499,60.788030243504885,60.80342998631884,1.0,13,50,14,0.28,0.280625,1600,449,0.280625,0.0,1.0,5.321113119656882,0.13039445636586858,0.13039445636586858,0.03659194431767187,217.1259499999994,0.2696458479894971,2.9948006932409013,0.0,2.9933184855233854,0.0
450,template_deposition,C,C,none,0,1.0,template_site:index=588:site=C:neigh=1:ahead0=65.138:mode=shell,z,xy,578,128,450,0,450,44691.60329372795,4.54532042024886,500.0,0.001,10.547605122820443,0.010547605122820443,-5296.494,-5287.9336,-5296.494,-8.560547,-8.324219,0.3380297790175361,0.010547605122820443,0.010547605122820443,2,577,588,31,31,1.4261732821255984,2.4677237145374886,4.274223505561342,105.33660149999993,84.38084098256354,0.0,-48.84016,-782.5057,105.40647922760287,27.171259499999998,78.23521972760287,65.2076627276029,0.03064766873330882,42.66371320883024,97.13017002391051,100.98684674350487,101.00224648631882,6.148231930570432,1.0,58.547174547166335,60.788030243504885,60.80342998631884,1.0,13,50,14,0.28,0.28125,1600,450,0.28125,0.0,1.0,5.33296415110378,0.1301048323270363,0.1301048323270363,0.03659198409197896,217.1259499999994,0.2696461410861599,2.9930795847750864,1.0,2.991111111111111,0.0
451,template_deposition,C,C,none,0,1.0,template_site:index=591:site=C:neigh=1:ahead0=65.138:mode=shell,z,xy,579,128,451,0,451,44745.47739829396,53.87410456600967,500.0,0.001,10.547605122820443,0.010547605122820443,-5304.537,-5296.494,-5304.537,-8.042969,-7.4311523,0.17093017236317182,0.010547605122820443,0.010547605122820443,3,578,591,30,30,1.454871982654922,1.2338612918062335,6.411335258342015,105.33660149999993,84.38084098256354,0.0,-48.935474,-784.0328,105.38664697299458,27.171259499999998,78.21538747299459,65.18783047299459,0.013013842955515557,42.75852146040542,97.2659955552662,100.98684674350487,101.00289086890042,6.2789135203218525,1.0,58.68300007852203,60.788030243504885,60.80407436890044,1.0,13,50,14,0.28,0.281875,1600,451,0.281875,0.0,1.0,5.344815182550677,0.13011751680381825,0.13011751680381825,0.03667687504907627,217.1259499999994,0.27027170210894735,2.9913644214162347,1.3333333333333333,2.988913525498891,0.0
452,template_deposition,C,C,none,0,1.0,template_site:index=606:site=C:neigh=1:ahead0=65.138:mode=shell,z,xy,580,128,452,0,452,44828.52942301879,83.05202472482493,500.0,0.001,10.547605122820443,0.010547605122820443,-5312.759,-5304.537,-5312.759,-8.22168,-7.6884766,0.7646930825606577,0.010547605122820443,0.010547605122820443,4,579,606,29,29,1.3668508242530273,2.914247172469686e-07,7.123705130231651,105.33660149999993,84.38084098256354,0.0,-49.032913,-785.5939,105.38066223162926,27.171259499999998,78.20940273162927,65.18184573162927,0.014008988018889163,42.85332971198059,97.40162401203028,100.98886408289952,101.00418797919303,6.3577574938238195,1.0,58.81862853528611,60.79004758289954,60.80537147919305,1.0,13,50,14,0.28,0.2825,1600,452,0.2825,0.0,1.0,5.356666213997574,0.13012970914886307,0.13012970914886307,0.03676164283455382,217.1259499999994,0.2708963554807073,2.989655172413793,1.5,2.9867256637168142,0.0
453,template_deposition,C,C,none,0,1.0,template_site:index=601:site=C:neigh=1:ahead0=65.138:mode=shell,z,xy,581,128,453,0,453,44828.8503838716,0.32096085281518705,500.0,0.001,10.547605122820443,0.010547605122820443,-5320.664,-5312.759,-5320.664,-7.9052734,-7.5683594,0.9991707570783627,0.010547605122820443,0.010547605122820443,4,580,601,28,28,1.3535317561639033,2.4677251368872275,2.849481624670311,105.33660149999993,84.38084098256354,0.0,-49.1266,-787.0949,105.3778949884283,27.171259499999998,78.2066354884283,65.1790784884283,0.01349012226568192,42.94813796355577,97.46957399333886,100.98886408289952,101.00879779107854,6.418729398217062,1.0,58.88657851659468,60.79004758289954,60.80998129107855,1.0,13,50,14,0.28,0.283125,1600,453,0.283125,0.0,1.0,5.368517245444472,0.1299924470565004,0.1299924470565004,0.036804111572871674,217.1259499999994,0.2712093073932197,2.9879518072289155,1.6,2.9845474613686536,0.0
454,template_deposition,C,C,none,0,1.0,template_site:index=584:site=C:neigh=1:ahead0=65.138:mode=shell,z,xy,582,128,454,0,454,44982.774308231106,153.9239243595047,500.0,0.001,10.547605122820443,0.010547605122820443,-5328.616,-5320.664,-5328.616,-7.9521484,-7.442383,0.3388054435300247,0.010547605122820443,0.010547605122820443,5,581,584,27,27,1.4019789557419493,3.7015861372687446,2.137111752780671,105.33660149999993,84.38084098256354,0.0,-49.220837,-788.60474,105.37777079301543,27.171259499999998,78.20651129301544,65.17895429301544,0.012272285257240247,43.042946215130954,97.87679592754883,100.98916435102002,101.01492578652628,6.069684218388233,1.0,59.29380045080465,60.79034785102004,60.81610928652629,1.0,13,50,14,0.28,0.28375,1600,454,0.28375,0.0,1.0,5.380368276891369,0.13060308469340232,0.13060308469340232,0.03705862528175291,217.1259499999994,0.2730848175946027,2.986254295532646,1.6666666666666667,2.9823788546255505,0.0
455,template_deposition,C,C,none,0,1.0,template_site:index=587:site=C:neigh=1:ahead0=65.138:mode=shell,z,xy,583,128,455,0,455,45133.639657695356,150.86534946424828,500.0,0.001,10.547605122820443,0.010547605122820443,-5336.8276,-5328.616,-5336.8276,-8.211426,-7.6640625,0.8664430759304315,0.010547605122820443,0.010547605122820443,6,582,587,26,26,1.3919111117539238,4.93544856,0.0,105.33660149999993,84.38084098256354,0.0,-49.318153,-790.16394,105.3762675775293,27.171259499999998,78.2050080775293,65.17745107752933,0.01155702876825901,43.13775446670613,98.01262315458084,100.98977251500683,104.04609392290632,6.137725751806939,1.0,59.42962767783666,60.79095601500685,63.84727742290634,1.0,13,50,14,0.28,0.284375,1600,455,0.284375,0.0,1.0,5.392219308338266,0.13061456632491575,0.13061456632491575,0.03714351729864791,217.1259499999994,0.2737103864270338,2.9845626072041167,1.7142857142857142,2.9802197802197803,0.0
456,template_deposition,C,C,none,0,1.0,template_site:index=602:site=C:neigh=2:ahead0=65.138:mode=shell,z,xy,584,128,456,0,456,45143.45708984043,9.817432145069562,500.0,0.001,10.547605122820443,0.010547605122820443,-5349.4414,-5336.8276,-5349.4414,-12.61377,-11.60791,1.0,0.010547605122820443,0.010547605122820443,7,583,602,25,25,1.3273177602009014,3.7015875596184826,0.7123698718896396,105.33660149999993,84.38084098256354,0.0,-49.46764,-792.55896,105.3762675775293,27.171259499999998,78.2050080775293,65.17745107752933,0.013513529278353326,43.23256271828131,98.08031951164898,100.98977251500683,105.33942643823134,6.193988670750462,1.0,59.49732403490481,60.79095601500685,65.14060993823136,1.0,13,50,14,0.28,0.285,1600,456,0.285,0.0,1.0,5.4040703397851635,0.13047658779584387,0.13047658779584387,0.037185827521815505,217.1259499999994,0.27402217024222564,2.9863013698630136,2.0,2.982456140350877,0.0
457,template_deposition,C,C,none,0,1.0,template_site:index=603:site=C:neigh=1:ahead0=65.138:mode=shell,z,xy,585,128,457,0,457,45162.229270648,18.772180807574365,500.0,0.001,10.547605122820443,0.010547605122820443,-5354.4263,-5349.4414,-5354.4263,-4.9848633,-4.3427734,0.9980247189912741,0.010547605122820443,0.010547605122820443,6,584,603,24,24,1.6399821991595507,2.46772428,0.0,105.33660149999993,84.38084098256354,0.0,-49.526714,-793.50543,105.3762675775293,27.171259499999998,78.2050080775293,65.17745107752933,0.013934958180500064,43.32737096985649,98.21603545105677,100.99067451526366,105.34300604481083,6.256089105456727,1.0,59.633039974312595,60.79185801526368,65.14418954481084,1.0,13,50,14,0.28,0.285625,1600,457,0.285625,0.0,1.0,5.415921371232061,0.13048805246020262,0.13048805246020262,0.03727064998394537,217.1259499999994,0.2746472265259531,2.9846153846153847,2.0,2.9803063457330414,0.0
458,template_deposition,C,C,none,0,1.0,template_site:index=597:site=C:neigh=1:ahead0=65.138:mode=shell,z,xy,586,128,458,0,458,45174.04367020829,11.814399560289218,500.0,0.001,10.547605122820443,0.010547605122820443,-5362.6274,-5354.4263,-5362.6274,-8.201172,-7.311035,0.7938960526897486,0.010547605122820443,0.010547605122820443,7,585,597,23,23,1.4607038639504086,1.233863279618482,0.7123698718896396,105.33660149999993,84.38084098256354,0.0,-49.623905,-795.0626,105.3762675775293,27.171259499999998,78.2050080775293,65.17745107752933,0.01400021606886589,43.42217922143166,98.3517868602781,100.99147190250028,105.34360204013532,6.314671802871982,1.0,59.76879138353392,60.792655402500294,65.14478554013533,1.0,13,50,14,0.28,0.28625,1600,458,0.28625,0.0,1.0,5.427772402678958,0.13049954450553258,0.13049954450553258,0.037355494614708704,217.1259499999994,0.27527244617022556,2.9829351535836177,2.0,2.978165938864629,0.0
459,template_deposition,C,C,none,0,1.0,template_site:index=596:site=C:neigh=1:ahead0=65.138:mode=shell,z,xy,587,128,459,0,459,45346.29158427362,172.2479140653322,500.0,0.001,10.547605122820443,0.010547605122820443,-5370.2524,-5362.6274,-5370.2524,-7.625,-7.0161133,0.9999962725716471,0.010547605122820443,0.010547605122820443,4,586,596,22,22,1.4331178964379732,0.0,0.0,105.33660149999993,84.38084098256354,0.0,-49.71427,-796.51044,105.3762675775293,27.171259499999998,78.2050080775293,65.17745107752933,0.01406437565543664,43.51698747300684,98.48754813047528,100.99208510378246,105.34339121393296,6.369808646037001,1.0,59.9045526537311,60.79326860378247,65.14457471393297,1.0,13,50,14,0.28,0.286875,1600,459,0.286875,0.0,1.0,5.439623434125855,0.1305110079601985,0.1305110079601985,0.03744034540858194,217.1259499999994,0.27589771123042306,2.9812606473594547,2.0,2.9760348583877994,0.0
460,template_deposition,C,C,none,0,1.0,template_site:index=581:site=C:neigh=1:ahead0=65.138:mode=shell,z,xy,588,128,460,0,460,45402.70502244361,56.41343816999496,500.0,0.001,10.547605122820443,0.010547605122820443,-5378.6147,-5370.2524,-5378.6147,-8.362305,-7.658203,0.9999999897163218,0.010547605122820443,0.010547605122820443,6,587,581,21,21,1.3917478933141016,8.637036119618482,0.7123698718896396,105.33660149999993,84.38084098256354,0.0,-49.813374,-798.09827,105.3762675775293,27.171259499999998,78.2050080775293,65.17745107752933,0.01362552795101034,43.611795724582024,98.62336055884407,100.99253455820745,105.3443577707156,6.421642841955992,1.0,60.040365082099896,60.79371805820747,65.14554127071563,1.0,13,50,14,0.28,0.2875,1600,460,0.2875,0.0,1.0,5.451474465572753,0.13052253278717368,0.13052253278717368,0.03752522817631244,217.1259499999994,0.27652321190580886,2.979591836734694,2.0,2.973913043478261,0.0
461,template_deposition,C,C,none,0,1.0,template_site:index=580:site=C:neigh=1:ahead0=65.138:mode=shell,z,xy,589,128,461,0,461,45411.66786419352,8.962841749911323,500.0,0.001,10.547605122820443,0.010547605122820443,-5386.6714,-5378.6147,-5386.6714,-8.056641,-7.494629,0.9999999143951088,0.010547605122820443,0.010547605122820443,9,588,580,20,20,1.4007252732951991,7.40317284,0.0,105.33660149999993,84.38084098256354,0.0,-49.90885,-799.628,105.3778185181438,27.171259499999998,78.20655901814379,65.17900201814382,0.014051096895708782,43.7066039761572,98.8948289854869,100.99276394505904,105.34397232619766,6.332027190123776,1.0,60.31183350874272,60.793947445059054,65.14515582619768,1.0,13,50,14,0.28,0.288125,1600,461,0.288125,0.0,1.0,5.46332549701965,0.130828272253238,0.130828272253238,0.0376948959429642,217.1259499999994,0.2777734927987322,2.9779286926994906,2.0,2.9718004338394794,0.0
462,template_deposition,C,C,none,0,1.0,template_site:index=586:site=C:neigh=2:ahead0=65.138:mode=shell,z,xy,590,128,462,0,462,45456.65460533517,44.986741141650334,500.0,0.001,10.547605122820443,0.010547605122820443,-5397.815,-5386.6714,-5397.815,-11.143555,-9.408691,1.0,0.010547605122820443,0.010547605122820443,10,589,586,19,19,1.3917160286619321,6.169311839618483,0.7123698718896396,105.33660149999993,84.38084098256354,0.0,-50.040916,-801.7439,105.3778185181438,27.171259499999998,78.20655901814379,65.17900201814382,0.014688098184338857,43.80141222773238,99.098247038318,100.9933902853555,105.3438693464654,6.372859110692246,1.0,60.51525156157382,60.79457378535552,65.1450528464654,1.0,13,50,14,0.28,0.28875,1600,462,0.28875,0.0,1.0,5.475176528466547,0.13098539299041953,0.13098539299041953,0.03782203222598364,217.1259499999994,0.27871035940924604,2.9796610169491524,2.142857142857143,2.9740259740259742,0.0
463,template_deposition,C,C,none,0,1.0,template_site:index=583:site=C:neigh=1:ahead0=65.138:mode=shell,z,xy,591,128,463,0,463,45521.52816184643,64.87355651125843,500.0,0.001,10.547605122820443,0.010547605122820443,-5404.041,-5397.815,-5404.041,-6.226074,-5.479492,0.9990149305048707,0.010547605122820443,0.010547605122820443,9,590,583,18,18,1.5163346515598812,6.169310417268744,2.137111752780671,105.33660149999993,84.38084098256354,0.0,-50.1147,-802.926,105.3778185181438,27.171259499999998,78.20655901814379,65.17900201814382,0.014787661850309395,43.89622047930756,99.16648142984697,100.9933902853555,105.34398192502377,6.323561647374201,1.0,60.583485953102794,60.79457378535552,65.14516542502378,1.0,13,50,14,0.28,0.289375,1600,463,0.289375,0.0,1.0,5.487027559913445,0.13084986166976845,0.13084986166976845,0.03786467872068924,217.1259499999994,0.27902462120765836,2.978003384094755,2.1333333333333333,2.9719222462203025,0.0
464,template_deposition,C,C,none,0,1.0,template_site:index=585:site=C:neigh=2:ahead0=65.138:mode=shell,z,xy,592,128,464,0,464,45641.10663324997,119.57847140354008,500.0,0.001,10.547605122820443,0.010547605122820443,-5414.523,-5404.041,-5414.523,-10.481934,-9.390625,1.0,0.010547605122820443,0.010547605122820443,10,591,585,17,17,1.4218479503440977,4.935449416887227,2.849481624670311,105.33660149999993,84.38084098256354,0.0,-50.238922,-804.91626,105.3778185181438,27.171259499999998,78.20655901814379,65.17900201814382,0.0147563000256632,43.99102873088273,98.7594826502847,100.99302589165849,105.34343952873468,6.824595544108138,1.0,60.17648717354052,60.794209391658505,65.14462302873469,1.0,13,50,14,0.28,0.29,1600,464,0.29,0.0,1.0,5.4988785913603415,0.12969070511538905,0.12969070511538905,0.03761030448346283,217.1259499999994,0.27715013877217665,2.97972972972973,2.25,2.9741379310344827,0.0
465,template_deposition,C,C,none,0,1.0,template_site:index=582:site=C:neigh=1:ahead0=65.138:mode=shell,z,xy,593,128,465,0,465,45648.44681834995,7.340185099979341,500.0,0.001,10.547605122820443,0.010547605122820443,-5420.912,-5414.523,-5420.912,-6.38916,-5.9316406,0.9341226899307566,0.010547605122820443,0.010547605122820443,9,592,582,16,16,1.4830169434536515,7.403173696887226,2.849481624670311,105.33660149999993,84.38084098256354,0.0,-50.31464,-806.1294,105.3778185181438,27.171259499999998,78.20655901814379,65.17900201814382,0.014562023352236721,44.08583698245791,98.96314920358087,100.9933902853555,105.3458301021797,6.909278053334729,1.0,60.380153726836696,60.79457378535552,65.14701360217973,1.0,13,50,14,0.28,0.290625,1600,465,0.290625,0.0,1.0,5.510729622807239,0.12984979296093913,0.12984979296093913,0.037737596079272934,217.1259499999994,0.27808814988183983,2.9780775716694774,2.235294117647059,2.9720430107526883,0.0
466,template_deposition,C,C,none,0,1.0,template_site:index=599:site=C:neigh=2:ahead0=65.138:mode=shell,z,xy,594,128,466,0,466,45715.97971501723,67.5328966672857,500.0,0.001,10.547605122820443,0.010547605122820443,-5430.247,-5420.912,-5430.247,-9.334961,-8.309082,0.9999999654246899,0.010547605122820443,0.010547605122820443,10,593,599,15,15,1.4125897289210296,-1.2338624227312553,2.137111752780671,105.33660149999993,84.38084098256354,0.0,-50.42527,-807.9019,105.3778185181438,27.171259499999998,78.20655901814379,65.17900201814382,0.014166313325267927,44.18064523403309,98.75964081848002,100.9933902853555,105.34321292703568,7.0371401110396,1.0,60.17664534173585,60.79457378535552,65.1443964270357,1.0,13,50,14,0.28,0.29125,1600,466,0.29125,0.0,1.0,5.522580654254137,0.12913443206381084,0.12913443206381084,0.037610403338584904,217.1259499999994,0.27715086723505883,2.9797979797979797,2.3333333333333335,2.9742489270386265,0.0
467,template_deposition,C,C,none,0,1.0,template_site:index=579:site=C:neigh=1:ahead0=65.138:mode=shell,z,xy,595,128,467,0,467,45719.17332601027,3.193610993036815,500.0,0.001,10.547605122820443,0.010547605122820443,-5437.2983,-5430.247,-5437.2983,-7.0512695,-6.7441406,0.9882303291495262,0.010547605122820443,0.010547605122820443,10,594,579,14,14,1.4428979524140324,4.935447994537489,4.274223505561342,105.33660149999993,84.38084098256354,0.0,-50.508835,-809.2408,105.37986125252797,27.171259499999998,78.20860175252798,65.18104475252798,0.014208044650242124,44.27545348560827,98.82751601244684,100.9933902853555,105.34451220016547,7.079212970644876,1.0,60.24452053570266,60.79457378535552,65.14569570016548,1.0,13,50,14,0.28,0.291875,1600,467,0.291875,0.0,1.0,5.534431685701033,0.12900325596510206,0.12900325596510206,0.03765282533481416,217.1259499999994,0.27746347470536264,2.9781512605042018,2.3157894736842106,2.9721627408993574,0.0
468,template_deposition,C,C,none,0,1.0,template_site:index=589:site=C:neigh=2:ahead0=65.138:mode=shell,z,xy,596,128,468,0,468,45915.07799622472,195.90467021444456,500.0,0.001,10.547605122820443,0.010547605122820443,-5446.537,-5437.2983,-5446.537,-9.23877,-7.850586,0.9872789447891377,0.010547605122820443,0.010547605122820443,11,595,589,13,13,1.411762285218979,3.701586994155973,4.98659337745098,105.33660149999993,84.38084098256354,0.0,-50.618324,-810.995,105.38825195872435,27.171259499999998,78.21699245872435,65.18943545872438,0.015136188495911012,44.37026173718345,98.82736352775896,100.9933902853555,105.34301434880372,7.079073335782093,1.0,60.24436805101479,60.79457378535552,65.14419784880374,1.0,13,50,14,0.28,0.2925,1600,468,0.2925,0.0,1.0,5.546282717147931,0.128727282160288,0.128727282160288,0.03765273003188424,217.1259499999994,0.2774627724185661,2.9798657718120807,2.4,2.9743589743589745,0.0
469,template_deposition,C,C,none,0,1.0,template_site:index=600:site=C:neigh=1:ahead0=65.138:mode=shell,z,xy,597,128,469,0,469,45917.42519892551,2.3472027007977334,500.0,0.001,10.547605122820443,0.010547605122820443,-5455.557,-5446.537,-5455.557,-9.02002,-7.5092773,0.9997894139223124,0.010547605122820443,0.010547605122820443,14,596,600,12,12,1.4707543323098102,1.2338618572687443,2.137111752780671,105.33660149999993,84.38084098256354,0.0,-50.72522,-812.70764,105.38726483836453,27.171259499999998,78.21600533836454,65.18844833836454,0.014560319449753181,44.46506998875863,98.8271367289316,100.99372850713509,105.34163091209363,7.078781199150393,1.0,60.24414125218743,60.7949120071351,65.14281441209366,1.0,13,50,14,0.28,0.293125,1600,469,0.293125,0.0,1.0,5.558133748594829,0.12845232676372587,0.12845232676372587,0.037652588282617146,217.1259499999994,0.2774617278689516,2.9815745393634843,2.4761904761904763,2.976545842217484,0.0
470,template_deposition,C,C,none,0,1.0,template_site:index=598:site=C:neigh=2:ahead0=65.138:mode=shell,z,xy,598,128,470,0,470,46195.25331591126,277.82811698574636,500.0,0.001,10.547605122820443,0.010547605122820443,-5466.841,-5455.557,-5466.841,-11.283691,-9.812988,1.0,0.010547605122820443,0.010547605122820443,15,597,598,11,11,1.4942122812237952,8.568872265080074e-07,2.849481624670311,105.33660149999993,84.38084098256354,0.0,-50.858944,-814.85016,105.38665080944908,27.171259499999998,78.21539130944907,65.1878343094491,0.014355417391589628,44.5598782403338,99.16608151379356,100.99402728681719,105.34149277214743,6.986390081938204,1.0,60.583086037049384,60.7952107868172,65.14267627214744,1.0,13,50,14,0.28,0.29375,1600,470,0.29375,0.0,1.0,5.569984780041725,0.12890018305755188,0.12890018305755188,0.037864428773155864,217.1259499999994,0.27902277934558056,2.983277591973244,2.5454545454545454,2.978723404255319,0.0
471,template_deposition,C,C,none,0,1.0,template_site:index=604:site=C:neigh=2:ahead0=65.138:mode=shell,z,xy,599,128,471,0,471,46285.038638099104,89.78532218784899,500.0,0.001,10.547605122820443,0.010547605122820443,-5477.2495,-5466.841,-5477.2495,-10.408691,-8.665527,1.0,0.010547605122820443,0.010547605122820443,13,598,604,10,10,1.5111155018329567,-5.654625110373956e-07,4.274223505561342,105.33660149999993,84.38084098256354,0.0,-50.982296,-816.8265,105.37950283643373,27.171259499999998,78.20824333643372,65.18068633643375,0.013144847040371298,44.65468649190898,99.03035646766835,100.99414308264403,105.3432208785999,7.1582632426310955,1.0,60.44736099092418,60.795326582644044,65.14440437859992,1.0,13,50,14,0.28,0.294375,1600,471,0.294375,0.0,1.0,5.581835811488623,0.12833834605291758,0.12833834605291758,0.037779600619327613,217.1259499999994,0.2783976811197572,2.984974958263773,2.608695652173913,2.9808917197452227,0.0
472,template_deposition,C,C,none,0,1.0,template_site:index=590:site=C:neigh=1:ahead0=65.138:mode=shell,z,xy,600,128,472,0,472,46330.30794566464,45.26930756553168,500.0,0.001,10.547605122820443,0.010547605122820443,-5487.3477,-5477.2495,-5487.3477,-10.098145,-7.9438477,0.9999999841422975,0.010547605122820443,0.010547605122820443,15,599,590,9,9,1.4929678538369946,2.467724571424717,7.123705130231651,105.33660149999993,84.38084098256354,0.0,-51.10197,-818.74384,105.37382089583853,27.171259499999998,78.20256139583853,65.17500439583856,0.011807738121798257,44.74949474348416,99.36859708440484,100.99627110806298,105.34352732293864,7.262672484363971,1.0,60.785601607660666,60.797454608063,65.14471082293866,1.0,13,50,14,0.28,0.295,1600,472,0.295,0.0,1.0,5.59368684293552,0.12878305425351835,0.12878305425351835,0.037991001004787917,217.1259499999994,0.27995548946434473,2.986666666666667,2.6666666666666665,2.983050847457627,0.0
473,template_deposition,C,C,none,0,1.0,template_site:index=576:site=C:neigh=2:ahead0=65.138:mode=shell,z,xy,601,128,473,0,473,46503.88829833062,173.5803526659806,500.0,0.001,10.547605122820443,0.010547605122820443,-5498.6733,-5487.3477,-5498.6733,-11.325684,-10.296875,1.0,0.010547605122820443,0.010547605122820443,15,600,576,8,8,1.4785568782068286,3.701585571806233,6.411335258342015,105.33660149999993,84.38084098256354,0.0,-51.23619,-820.8943,105.36901019694542,27.171259499999998,78.19775069694543,65.17019369694543,0.010734910731757077,44.84430299505934,99.43624898986282,100.99714081215583,105.34252174669969,7.297551526967212,1.0,60.853253513118645,60.79832431215585,65.14370524669971,1.0,13,50,14,0.28,0.295625,1600,473,0.295625,0.0,1.0,5.605537874382417,0.1286538129241409,0.1286538129241409,0.03803328344569915,217.1259499999994,0.2802670685522335,2.988352745424293,2.72,2.985200845665962,0.0
474,template_deposition,C,C,none,0,1.0,template_site:index=577:site=C:neigh=2:ahead0=65.138:mode=shell,z,xy,602,128,474,0,474,46646.55004069726,142.66174236664096,500.0,0.001,10.547605122820443,0.010547605122820443,-5510.1387,-5498.6733,-5510.1387,-11.465332,-11.114746,1.0,0.010547605122820443,0.010547605122820443,14,601,577,7,7,1.3853412516985601,4.935448851424716,7.123705130231651,105.33660149999993,84.38084098256354,0.0,-51.372066,-823.0713,105.36901019694542,27.171259499999998,78.19775069694543,65.17019369694543,0.010304618155551198,44.93911124663452,99.57183133958867,100.99789377160616,105.3425736078859,7.325096464063639,1.0,60.988835862844496,60.79907727160617,65.1437571078859,1.0,13,50,14,0.28,0.29625,1600,474,0.29625,0.0,1.0,5.617388905829315,0.12866843009038922,0.12866843009038922,0.03811802241427781,217.1259499999994,0.2808915095724148,2.990033222591362,2.769230769230769,2.9873417721518987,0.0
475,template_deposition,C,C,none,0,1.0,template_site:index=578:site=C:neigh=1:ahead0=65.138:mode=shell,z,xy,603,128,475,0,475,46662.36601616335,15.81597546609283,500.0,0.001,10.547605122820443,0.010547605122820443,-5517.594,-5510.1387,-5517.594,-7.4555664,-7.26416,0.4728136892904088,0.010547605122820443,0.010547605122820443,14,602,578,6,6,1.4577656878087826,6.169311274155971,4.98659337745098,105.33660149999993,84.38084098256354,0.0,-51.460423,-824.4869,105.36901019694542,27.171259499999998,78.19775069694543,65.17019369694543,0.01021021536212592,45.0339194982097,99.84328271440057,100.9989181701813,105.34309172442086,7.372559339679527,1.0,61.2602872376564,60.80010167018131,65.14427522442088,1.0,13,50,14,0.28,0.296875,1600,475,0.296875,0.0,1.0,5.629239937276212,0.12896902576348715,0.12896902576348715,0.03828767952353525,217.1259499999994,0.28214171193105464,2.988391376451078,2.740740740740741,2.985263157894737,0.0
476,template_deposition,C,C,none,0,1.0,template_site:index=595:site=C:neigh=2:ahead0=65.138:mode=shell,z,xy,604,128,476,0,476,46823.393795491764,161.02777932841303,500.0,0.001,10.547605122820443,0.010547605122820443,-5529.6045,-5517.594,-5529.6045,-12.010254,-11.706543,0.8959657513771452,0.010547605122820443,0.010547605122820443,15,603,595,5,5,1.4116642140003264,-2.4677248454625107,4.274223505561342,105.33660149999993,84.38084098256354,0.0,-51.602757,-826.76733,105.36428010094116,27.171259499999998,78.19302060094117,65.16546360094117,0.009441324458631748,45.12872774978487,99.84320231846257,100.9989181701813,105.34288030680516,7.372499068072187,1.0,61.2602068417184,60.80010167018131,65.14406380680518,1.0,13,50,14,0.28,0.2975,1600,476,0.2975,0.0,1.0,5.641090968723109,0.12869791353302185,0.12869791353302185,0.038287629276074,217.1259499999994,0.28214134165777316,2.9900662251655628,2.7857142857142856,2.9873949579831933,0.0
477,template_deposition,C,C,none,0,1.0,template_site:index=592:site=C:neigh=2:ahead0=65.138:mode=shell,z,xy,605,128,477,0,477,46910.326038960004,86.93224346824047,500.0,0.001,10.547605122820443,0.010547605122820443,-5540.593,-5529.6045,-5540.593,-10.988281,-10.512207,0.5169922588467682,0.010547605122820443,0.010547605122820443,16,604,592,4,4,1.4285888471040793,-3.7015872681937667,6.411335258342015,105.33660149999993,84.38084098256354,0.0,-51.73298,-828.8537,105.36428010094116,27.171259499999998,78.19302060094117,65.16546360094117,0.009150497765503689,45.22353600136005,100.52158027468676,101.0027483781862,105.34298660824025,6.741162090979628,1.0,61.93858479794258,60.80393187818621,65.14417010824027,1.0,14,50,15,0.3,0.298125,1600,477,0.298125,0.0,1.0,5.652942000170007,0.12985028259526746,0.12985028259526746,0.038711615498714116,217.1259499999994,0.28526569393452395,2.9917355371900825,2.8275862068965516,2.989517819706499,0.0
478,template_deposition,C,C,none,0,1.0,template_site:index=593:site=C:neigh=2:ahead0=65.138:mode=shell,z,xy,606,128,478,0,478,47001.17287275199,90.84683379198675,500.0,0.001,10.547605122820443,0.010547605122820443,-5552.37,-5540.593,-5552.37,-11.777344,-11.477539,0.9729088061581257,0.010547605122820443,0.010547605122820443,17,605,593,3,3,1.4221760924855915,-2.467723988575284,7.123705130231651,105.33660149999993,84.38084098256354,0.0,-51.872555,-831.08997,105.36428010094116,27.171259499999998,78.19302060094117,65.16546360094117,0.008622611628440344,45.31834425293523,100.4536947049748,101.0027483781862,105.34209688938013,6.714029991946674,1.0,61.87069922823062,60.80393187818621,65.14328038938015,1.0,14,50,15,0.3,0.29875,1600,478,0.29875,0.0,1.0,5.664793031616904,0.1294366092640808,0.1294366092640808,0.03866918701764414,217.1259499999994,0.2849530386774625,2.9933993399339935,2.8666666666666667,2.99163179916318,0.0
479,template_deposition,C,C,none,0,1.0,template_site:index=607:site=C:neigh=2:ahead0=65.138:mode=shell,z,xy,607,128,479,0,479,47133.72699296124,132.55412020925323,500.0,0.001,10.547605122820443,0.010547605122820443,-5563.9424,-5552.37,-5563.9424,-11.572266,-11.294922,0.7707553996812336,0.010547605122820443,0.010547605122820443,18,606,607,2,2,1.4197326603706977,-1.2338629881937666,6.411335258342015,105.33660149999993,84.38084098256354,0.0,-52.009697,-833.28723,105.36035997501592,27.171259499999998,78.18910047501592,65.16154347501595,0.007818584869957916,45.41315250451041,100.65709777286568,101.00387844370124,105.34298660824025,6.749283902938998,1.0,62.07410229612151,60.805061943701254,65.14417010824027,1.0,14,50,15,0.3,0.299375,1600,479,0.299375,0.0,1.0,5.676644063063801,0.12959102775808248,0.12959102775808248,0.038796313935075946,217.1259499999994,0.2858898362730097,2.9950576606260295,2.903225806451613,2.9937369519832986,0.0
480,template_deposition,C,C,none,0,1.0,template_site:index=594:site=C:neigh=3:ahead0=65.138:mode=shell,z,xy,608,128,480,0,480,47144.001417461914,10.274424500672879,500.0,0.001,10.547605122820443,0.010547605122820443,-5579.5996,-5563.9424,-5579.5996,-15.657227,-15.363281,1.0,0.010547605122820443,0.010547605122820443,19,607,594,1,1,1.3568853783919543,-1.2338615658440286,4.98659337745098,105.33660149999993,84.38084098256354,0.0,-52.19525,-836.26013,105.35864536745734,27.171259499999998,78.18738586745735,65.15982886745735,0.007275044938201403,45.50796075608559,100.8603492589892,101.01072146638228,105.34298660824025,6.734879183857311,1.0,62.27735378224503,60.81190496638229,65.14417010824027,1.0,14,50,15,0.3,0.3,1600,480,0.3,0.0,1.0,5.6884950945106985,0.1297444870463438,0.1297444870463438,0.03892334611390314,217.1259499999994,0.2868259357402706,3.0,3.0,3.0,0.0
481,template_deposition,C,C,none,0,1.0,template_site:index=620:site=C:neigh=0:ahead0=69.480:mode=shell,z,xy,609,128,481,0,481,47198.57710653623,54.57568907431303,500.0,0.001,10.547605122820443,0.010547605122820443,-5581.5977,-5579.5996,-5581.5977,-1.9980469,-1.9770508,0.028457004076483022,0.010547605122820443,0.010547605122820443,1,608,620,32,32,4.564804882139679,-2.467726267812249,5.698965386452375,109.67912049999993,84.38084098256354,0.0,-52.21893,-836.6395,109.74553179638487,27.171259499999998,82.57427229638486,69.54671529638489,0.0,45.60276900766077,100.9971050779494,103.17152670706312,105.34462064316344,6.824452977265905,1.0,62.414109601205226,62.97271020706314,65.14580414316345,1.0,14,50,15,0.3,0.300625,1600,481,0.300625,0.0,1.0,5.700346125957596,0.12975906361996928,0.12975906361996928,0.039008818500753266,217.1259499999994,0.28745578131589244,2.9950738916256157,0.0,2.993762993762994,0.0
482,template_deposition,C,C,none,0,1.0,template_site:index=622:site=C:neigh=1:ahead0=69.480:mode=shell,z,xy,610,128,482,0,482,47508.29556166612,309.71845512989535,500.0,0.001,10.547605122820443,0.010547605122820443,-5590.157,-5581.5977,-5590.157,-8.55957,-8.324707,0.3447568919225721,0.010547605122820443,0.010547605122820443,2,609,622,31,31,1.425975175526119,-3.7015872681937667,6.411335258342015,109.67912049999993,84.38084098256354,0.0,-52.32037,-838.2648,109.7495666017304,27.171259499999998,82.57830710173039,69.55075010173042,0.03092375329532615,45.69757725923594,100.99716812178292,103.17152670706312,105.34462064316344,6.824533812504983,1.0,62.41417264503875,62.97271020706314,65.14580414316345,1.0,14,50,15,0.3,0.30125,1600,482,0.30125,0.0,1.0,5.712197157404493,0.12948998474074427,0.12948998474074427,0.039008857903149216,217.1259499999994,0.287456071671944,2.9934426229508198,1.0,2.991701244813278,0.0
483,template_deposition,C,C,none,0,1.0,template_site:index=636:site=C:neigh=1:ahead0=69.480:mode=shell,z,xy,611,128,483,0,483,47711.12385898818,202.82829732206352,500.0,0.001,10.547605122820443,0.010547605122820443,-5598.2095,-5590.157,-5598.2095,-8.052246,-7.458008,0.31898482513007403,0.010547605122820443,0.010547605122820443,3,610,636,30,30,1.4525975592296332,4.93544657218775,5.698965386452375,109.67912049999993,84.38084098256354,0.0,-52.4158,-839.7937,109.75834452672703,27.171259499999998,82.58708502672704,69.55952802672704,0.032981689978068586,45.79238551081112,101.26900509775022,105.33031452671652,105.34730529365346,6.990230839452953,1.0,62.68600962100605,65.13149802671654,65.14848879365348,1.0,14,50,15,0.3,0.301875,1600,483,0.301875,0.0,1.0,5.72404818885139,0.1297846990082941,0.1297846990082941,0.039178756013128785,217.1259499999994,0.2887080499636558,2.9918166939443536,1.3333333333333333,2.989648033126294,0.0
484,template_deposition,C,C,none,0,1.0,template_site:index=638:site=C:neigh=1:ahead0=69.480:mode=shell,z,xy,612,128,484,0,484,47767.79480458035,56.67094559216361,500.0,0.001,10.547605122820443,0.010547605122820443,-5606.4277,-5598.2095,-5606.4277,-8.218262,-7.686035,0.8455191399384537,0.010547605122820443,0.010547605122820443,4,611,638,29,29,1.3672931104098949,3.701585571806233,6.411335258342015,109.67912049999993,84.38084098256354,0.0,-52.51319,-841.3541,109.76166478296491,27.171259499999998,82.59040528296492,69.56284828296492,0.032391826909287796,45.8871937623863,101.4048130436573,105.33109091104629,105.35090939538944,7.067635872087571,1.0,62.821817566913126,65.1322744110463,65.15209289538944,1.0,14,50,15,0.3,0.3025,1600,484,0.3025,0.0,1.0,5.735899220298288,0.12979714373329157,0.12979714373329157,0.039263635979320706,217.1259499999994,0.2893335299945184,2.9901960784313726,1.5,2.987603305785124,0.0
485,template_deposition,C,C,none,0,1.0,template_site:index=609:site=C:neigh=1:ahead0=69.480:mode=shell,z,xy,613,128,485,0,485,47879.99758350403,112.202778923682,500.0,0.001,10.547605122820443,0.010547605122820443,-5614.317,-5606.4277,-5614.317,-7.88916,-7.5424805,0.9983459667686904,0.010547605122820443,0.010547605122820443,4,612,609,28,28,1.3567019759024594,-1.2338629881937666,6.411335258342015,109.67912049999993,84.38084098256354,0.0,-52.606686,-842.85205,109.7503468631018,27.171259499999998,82.57908736310179,69.55153036310182,0.025397139425171935,45.98200201396148,101.54054159744811,105.3315032014496,105.3543296938829,7.141524102852436,1.0,62.95754612070394,65.13268670144961,65.15551319388291,1.0,14,50,15,0.3,0.303125,1600,485,0.303125,0.0,1.0,5.747750251745185,0.12980937344475038,0.12980937344475038,0.03934846632543996,217.1259499999994,0.28995864437532276,2.9885807504078303,1.6,2.9855670103092784,0.0
486,template_deposition,C,C,none,0,1.0,template_site:index=611:site=C:neigh=1:ahead0=69.480:mode=shell,z,xy,614,128,486,0,486,47931.214148799445,51.21656529541501,500.0,0.001,10.547605122820443,0.010547605122820443,-5622.2744,-5614.317,-5622.2744,-7.9575195,-7.4379883,0.29944488886976334,0.010547605122820443,0.010547605122820443,5,613,611,27,27,1.4038638015673968,-1.9878122485827987e-06,5.698965386452375,109.67912049999993,84.38084098256354,0.0,-52.700993,-844.363,109.73951859807893,27.171259499999998,82.56825909807893,69.54070209807895,0.0193295110170291,46.07681026553666,101.676347025203,105.33195102129228,105.35762466090138,7.212301505059589,1.0,63.09335154845883,65.1331345212923,65.1588081609014,1.0,14,50,15,0.3,0.30375,1600,486,0.30375,0.0,1.0,5.759601283192082,0.12982171100505932,0.12982171100505932,0.03943334471778677,217.1259499999994,0.2905841128085289,2.986970684039088,1.6666666666666667,2.983539094650206,0.0
487,template_deposition,C,C,none,0,1.0,template_site:index=627:site=C:neigh=1:ahead0=69.480:mode=shell,z,xy,615,128,487,0,487,47970.774831160255,39.56068236081082,500.0,0.001,10.547605122820443,0.010547605122820443,-5630.4956,-5622.2744,-5630.4956,-8.221191,-7.6674805,0.8814108776393135,0.010547605122820443,0.010547605122820443,6,614,627,26,26,1.392013259162462,2.467722292187751,5.698965386452375,109.67912049999993,84.38084098256354,0.0,-52.79842,-845.92395,109.73951859807893,27.171259499999998,82.56825909807893,69.54070209807895,0.017866258323288163,46.17161851711184,101.81221777219724,105.33238485058473,108.38666781539548,7.279916584921729,1.0,63.22922229545307,65.13356835058474,68.1878513153955,1.0,14,50,15,0.3,0.304375,1600,487,0.304375,0.0,1.0,5.77145231463898,0.1298341320235176,0.1298341320235176,0.03951826393465817,217.1259499999994,0.29120988207744514,2.9853658536585366,1.7142857142857142,2.9815195071868583,0.0
488,template_deposition,C,C,none,0,1.0,template_site:index=625:site=C:neigh=2:ahead0=69.480:mode=shell,z,xy,616,128,488,0,488,48048.96620015631,78.19136899605695,500.0,0.001,10.547605122820443,0.010547605122820443,-5643.104,-5630.4956,-5643.104,-12.608398,-11.607422,1.0,0.010547605122820443,0.010547605122820443,7,615,625,25,25,1.326977430399354,1.2338612918062335,6.411335258342015,109.67912049999993,84.38084098256354,0.0,-52.94784,-848.318,109.72910986847155,27.171259499999998,82.55785036847155,69.53029336847158,0.016369444202692738,46.26642676868701,101.879628584047,105.33238485058473,109.68219676772688,7.332198403555854,1.0,63.296633107302824,65.13356835058474,69.48338026772689,1.0,14,50,15,0.3,0.305,1600,488,0.305,0.0,1.0,5.7833033460858765,0.12970621538381727,0.12970621538381727,0.039560395692064265,217.1259499999994,0.2915203507793656,2.987012987012987,2.0,2.9836065573770494,0.0
489,template_deposition,C,C,none,0,1.0,template_site:index=624:site=C:neigh=1:ahead0=69.480:mode=shell,z,xy,617,128,489,0,489,48094.457540141986,45.49133998567725,500.0,0.001,10.547605122820443,0.010547605122820443,-5648.093,-5643.104,-5648.093,-4.9887695,-4.3481445,0.9983620025526868,0.010547605122820443,0.010547605122820443,6,616,624,24,24,1.6395728790770907,1.233859869456495,7.836077139233043,109.67912049999993,84.38084098256354,0.0,-53.006966,-849.26526,109.72910986847155,27.171259499999998,82.55785036847155,69.53029336847158,0.0166700441350779,46.36123502026219,102.01509390784837,105.33307118242314,109.68441522282951,7.394827399380932,1.0,63.432098431104194,65.13425468242315,69.48559872282954,1.0,14,50,15,0.3,0.305625,1600,489,0.305625,0.0,1.0,5.795154377532774,0.12971799270164458,0.12971799270164458,0.03964506151944012,217.1259499999994,0.2921442528224027,2.9854132901134522,2.0,2.98159509202454,0.0
490,template_deposition,C,C,none,0,1.0,template_site:index=629:site=C:neigh=1:ahead0=69.480:mode=shell,z,xy,618,128,490,0,490,48231.65480516526,137.19726502326785,500.0,0.001,10.547605122820443,0.010547605122820443,-5656.294,-5648.093,-5656.294,-8.201172,-7.3134766,0.7825479285410057,0.010547605122820443,0.010547605122820443,7,617,629,23,23,1.460572719153944,4.93544856,0.0,109.67912049999993,84.38084098256354,0.0,-53.104156,-850.8224,109.72951580149457,27.171259499999998,82.55825630149457,69.5306993014946,0.016596055978108315,46.45604327183737,102.35452927618476,105.33353068397489,109.68446712985792,7.032778820374245,1.0,63.77153379944059,65.13471418397489,69.48565062985793,1.0,14,50,15,0.3,0.30625,1600,490,0.30625,0.0,1.0,5.807005408979672,0.13014598734579713,0.13014598734579713,0.03985720862465037,217.1259499999994,0.29370756374095663,2.983818770226537,2.0,2.979591836734694,0.0
491,template_deposition,C,C,none,0,1.0,template_site:index=628:site=C:neigh=1:ahead0=69.480:mode=shell,z,xy,619,128,491,0,491,48255.21404420132,23.55923903605945,500.0,0.001,10.547605122820443,0.010547605122820443,-5663.9243,-5656.294,-5663.9243,-7.630371,-7.0185547,0.9999964779042638,0.010547605122820443,0.010547605122820443,4,618,628,22,22,1.433184474982539,4.935447137650263,1.4247418808910315,109.67912049999993,84.38084098256354,0.0,-53.194584,-852.27124,109.72951580149457,27.171259499999998,82.55825630149457,69.5306993014946,0.016348526710529516,46.55085152341255,102.55825822307827,105.33465954677447,109.68462873131999,7.136560088497134,1.0,63.975262746334096,65.13584304677448,69.48581223132001,1.0,14,50,15,0.3,0.306875,1600,491,0.306875,0.0,1.0,5.818856440426568,0.13029585080719774,0.13029585080719774,0.03998453921645881,217.1259499999994,0.2946458622119294,2.9822294022617126,2.0,2.9775967413441955,0.0
492,template_deposition,C,C,none,0,1.0,template_site:index=630:site=C:neigh=1:ahead0=69.480:mode=shell,z,xy,620,128,492,0,492,48418.01835214398,162.80430794266786,500.0,0.001,10.547605122820443,0.010547605122820443,-5672.2817,-5663.9243,-5672.2817,-8.357422,-7.6552734,0.9999999898321942,0.010547605122820443,0.010547605122820443,6,619,630,21,21,1.391403912720087,3.7015861372687446,2.137111752780671,109.67912049999993,84.38084098256354,0.0,-53.29363,-853.8581,109.72951580149457,27.171259499999998,82.55825630149457,69.5306993014946,0.01579315159938194,46.64565977498773,102.62627416600998,105.33505328609863,109.68624510860703,7.183254477390015,1.0,64.0432786892658,65.13623678609864,69.48742860860705,1.0,14,50,15,0.3,0.3075,1600,492,0.3075,0.0,1.0,5.830707471873466,0.13016926562858902,0.13016926562858902,0.04002704918079113,217.1259499999994,0.29495911791872864,2.9806451612903224,2.0,2.975609756097561,0.0
493,template_deposition,C,C,none,0,1.0,template_site:index=631:site=C:neigh=1:ahead0=69.480:mode=shell,z,xy,621,128,493,0,493,48629.84044072389,211.82208857990724,500.0,0.001,10.547605122820443,0.010547605122820443,-5680.342,-5672.2817,-5680.342,-8.060059,-7.496582,0.9999999143951088,0.010547605122820443,0.010547605122820443,9,620,631,20,20,1.400885526586722,3.701584714919006,3.561853633671703,109.67912049999993,84.38084098256354,0.0,-53.38915,-855.3885,109.72951580149457,27.171259499999998,82.55825630149457,69.5306993014946,0.015763530878922627,46.74046802656291,102.76204069222456,105.33552338707865,109.68623416562265,7.233089206977915,1.0,64.17904521548039,65.13670688707867,69.48741766562267,1.0,14,50,15,0.3,0.308125,1600,493,0.308125,0.0,1.0,5.8425585033203635,0.1301806190983375,0.1301806190983375,0.040111903259675244,217.1259499999994,0.29558440718615425,2.9790660225442833,2.0,2.973630831643002,0.0
494,template_deposition,C,C,none,0,1.0,template_site:index=626:site=C:neigh=2:ahead0=69.480:mode=shell,z,xy,622,128,494,0,494,48709.723787787356,79.88334706346286,500.0,0.001,10.547605122820443,0.010547605122820443,-5691.479,-5680.342,-5691.479,-11.137207,-9.407227,1.0,0.010547605122820443,0.010547605122820443,10,621,626,19,19,1.3916128969947583,2.4677237145374886,4.274223505561342,109.67912049999993,84.38084098256354,0.0,-53.521137,-857.5032,109.72951580149457,27.171259499999998,82.55825630149457,69.5306993014946,0.016180829133272602,46.83527627813808,103.03341548594472,105.33584502601869,109.68604868121089,7.161047136757824,1.0,64.45042000920054,65.1370285260187,69.48723218121091,1.0,14,50,15,0.3,0.30875,1600,494,0.30875,0.0,1.0,5.85440953476726,0.13046643726558815,0.13046643726558815,0.040281512505750336,217.1259499999994,0.2968342568412515,2.9807073954983925,2.142857142857143,2.9757085020242915,0.0
495,template_deposition,C,C,none,0,1.0,template_site:index=615:site=C:neigh=1:ahead0=69.480:mode=shell,z,xy,623,128,495,0,495,48787.1365984527,77.41281066534327,500.0,0.001,10.547605122820443,0.010547605122820443,-5697.709,-5691.479,-5697.709,-6.2299805,-5.482422,0.9991100848606576,0.010547605122820443,0.010547605122820443,9,622,615,18,18,1.515895211996339,1.2338604349190074,3.561853633671703,109.67912049999993,84.38084098256354,0.0,-53.594967,-858.68604,109.72951580149457,27.171259499999998,82.55825630149457,69.5306993014946,0.01624325094459415,46.93008452971326,102.96522735654355,105.33584502601869,109.68669149839273,7.322316858738426,1.0,64.38223187979938,65.1370285260187,69.48787499839275,1.0,14,50,15,0.3,0.309375,1600,495,0.309375,0.0,1.0,5.866260566214158,0.1300651149086856,0.1300651149086856,0.04023889492487461,217.1259499999994,0.29652020810870167,2.9791332263242376,2.1333333333333333,2.973737373737374,0.0
496,template_deposition,C,C,none,0,1.0,template_site:index=610:site=C:neigh=2:ahead0=69.480:mode=shell,z,xy,624,128,496,0,496,49090.512335639745,303.3757371870458,500.0,0.001,10.547605122820443,0.010547605122820443,-5708.185,-5697.709,-5708.185,-10.476074,-9.38623,1.0,0.010547605122820443,0.010547605122820443,10,623,610,17,17,1.4218407653080567,-5.654625110373956e-07,4.274223505561342,109.67912049999993,84.38084098256354,0.0,-53.71912,-860.67523,109.7293826170423,27.171259499999998,82.5581231170423,69.53056611704233,0.016321187690571556,47.02489278128844,103.44018713661568,105.3360870144756,109.68586965145948,6.732435939456264,1.0,64.8571916598715,65.1372705144756,69.48705315145949,1.0,14,50,15,0.3,0.31,1600,496,0.31,0.0,1.0,5.878111597661055,0.13076046705619254,0.13076046705619254,0.04053574478741969,217.1259499999994,0.298707693206969,2.980769230769231,2.25,2.975806451612903,0.0
497,template_deposition,C,C,none,0,1.0,template_site:index=614:site=C:neigh=1:ahead0=69.480:mode=shell,z,xy,625,128,497,0,497,49327.35292159882,236.84058595907067,500.0,0.001,10.547605122820443,0.010547605122820443,-5714.57,-5708.185,-5714.57,-6.3847656,-5.930664,0.9236607817414202,0.010547605122820443,0.010547605122820443,9,624,614,16,16,1.4824755262355203,1.2338618572687443,2.137111752780671,109.67912049999993,84.38084098256354,0.0,-53.79479,-861.8876,109.7293826170423,27.171259499999998,82.5581231170423,69.53056611704233,0.016045477946447097,47.11970103286362,103.57594398851926,105.33635617765333,109.68606808194205,6.769217511528892,1.0,64.99294851177508,65.13753967765334,69.48725158194208,1.0,14,50,15,0.3,0.310625,1600,497,0.310625,0.0,1.0,5.889962629107952,0.13077052014441667,0.13077052014441667,0.04062059281985943,217.1259499999994,0.2993329379181773,2.9792,2.235294117647059,2.9738430583501008,0.0
498,template_deposition,C,C,none,0,1.0,template_site:index=612:site=C:neigh=2:ahead0=69.480:mode=shell,z,xy,626,128,498,0,498,49351.196876377566,23.843954778746877,500.0,0.001,10.547605122820443,0.010547605122820443,-5723.909,-5714.57,-5723.909,-9.339355,-8.313965,0.9999999698208968,0.010547605122820443,0.010547605122820443,10,625,612,15,15,1.4123235161614223,2.467722857650262,1.4247418808910315,109.67912049999993,84.38084098256354,0.0,-53.905468,-863.6608,109.72791544463642,27.171259499999998,82.55665594463642,69.52909894463644,0.015618977768373222,47.2145092844388,103.57582173528952,105.33635617765333,109.68570603524839,6.769107068280423,1.0,64.99282625854535,65.13753967765334,69.4868895352484,1.0,14,50,15,0.3,0.31125,1600,498,0.31125,0.0,1.0,5.90181366055485,0.13050768325009107,0.13050768325009107,0.04062051641159084,217.1259499999994,0.2993323748660422,2.9808306709265175,2.3333333333333335,2.9759036144578315,0.0
499,template_deposition,C,C,none,0,1.0,template_site:index=637:site=C:neigh=1:ahead0=69.480:mode=shell,z,xy,627,128,499,0,499,49627.45646936179,276.2595929842184,500.0,0.001,10.547605122820443,0.010547605122820443,-5732.7686,-5723.909,-5732.7686,-8.859375,-6.5473633,0.008786841342120249,0.010547605122820443,0.010547605122820443,12,626,637,14,14,1.579960427314263,4.935447994537489,4.274223505561342,109.67912049999993,84.38084098256354,0.0,-54.01046,-865.34296,109.72591923476173,27.171259499999998,82.55465973476174,69.52710273476174,0.01574093437005482,47.30931753601398,103.64336544876778,105.3360870144756,109.68430432944004,6.807911840421267,1.0,65.06036997202361,65.1372705144756,69.48548782944005,1.0,14,50,15,0.3,0.311875,1600,499,0.311875,0.0,1.0,5.913664692001747,0.1303815029499471,0.1303815029499471,0.04066273123251476,217.1259499999994,0.29964345566259487,2.982456140350877,2.4210526315789473,2.9779559118236474,0.0
500,template_deposition,C,C,none,0,1.0,template_site:index=616:site=C:neigh=1:ahead0=69.480:mode=shell,z,xy,628,128,500,0,500,49719.72618856402,92.26971920223467,500.0,0.001,10.547605122820443,0.010547605122820443,-5740.0034,-5732.7686,-5740.0034,-7.2348633,-6.840332,0.999023499108431,0.010547605122820443,0.010547605122820443,11,627,616,13,13,1.4421930043086233,-1.2338638450809936,3.561853633671703,109.67912049999993,84.38084098256354,0.0,-54.096203,-866.71674,109.72644345157006,27.171259499999998,82.55518395157006,69.52762695157008,0.015901054120592537,47.40412578758915,103.37197973616423,105.3360870144756,109.68428882120044,7.481075032802241,1.0,64.78898425942006,65.1372705144756,69.48547232120046,1.0,14,50,15,0.3,0.3125,1600,500,0.3125,0.0,1.0,5.925515723448644,0.12957796851884013,0.12957796851884013,0.040493115162137536,217.1259499999994,0.2983935557192507,2.9808917197452227,2.4,2.976,0.0
