MPI: rank=0/1; backend_comunicador=serial-sem-gpaw; launcher_size_detectado=1
CHGNet v0.3.0 initialized with 412,525 parameters
CHGNet will run on cpu
Backend = chgnet; device = cpu; dtype = float32
Semente sincronizada em todos os ranks = 7
Espécies competindo: ['C']
Fluxo relativo por espécie: {'C': 1.0}
Mu por espécie: todos 0.0 eV
Impurezas/vacâncias: desligado
Modo de vacância: frozen
growth_axis = z; surface_axes = xy
replicate antes do slab = (1, 1, 1)
miller = (0, 0, 1)
build_mode = direct; site_mode = template
pbc = (1, 1, 0)
bulk_energy_repeat = (1, 1, 1); skip_bulk_reference = True
cif_wrap_mode = all (aplicado somente aos arquivos .cif salvos)
Restrição cristalográfica de crescimento: desligada
Template-base filtrado para extend-columns: N=128; espécies=['C']; restrict_fractional=(None, None, None)
Template extend-columns: eixo=z periodo_colunas=2(auto) periodo_gaps=1(auto) gaps=[4.342519] Å; dx_mediana=4.342519 Å; colunas_base=4, colunas_novas=50, N_template=1728; restrict_fractional=(None, None, None)
/home/tromer/.anaconda3/lib/python3.13/site-packages/chgnet/model/model.py:898: UserWarning: Converting a tensor with requires_grad=True to a scalar may lead to unexpected behavior.
Consider using tensor.detach() first. (Triggered internally at /pytorch/torch/csrc/autograd/generated/python_variable_methods.cpp:836.)
  volumes = torch.tensor(volumes, dtype=TORCH_DTYPE, device=atomic_numbers.device)
Referência bulk: pulada (--skip-bulk-reference).
  Usando E0/N0 como referência; gamma vira energia relativa ao estado inicial.
Slab inicial:
  N0 = 128
  area(xy) = 84.380841 Å²
  E0 = -1175.320312 eV
  gamma0 = 0.000000 eV/Å² = 0.000000 J/m²
  growth_origin_species = C; origin_front=40.198816 Å; origin_back=27.171259 Å
  regra_deposicao = template: somente sítios do CIF-template
  template_cif = 442.cif
  template_repeat = (1, 1, 1); N_template = 1728
  template_front = [0.050, 8.000] Å
  template_connect_cutoff = 1.800 Å; min_neighbors = 0
  template_species_mode = template; template_build_mode = extend-columns
Corte absoluto de Eads: +50.000000 eV
[TEMPLATE DEBUG] total=1728 species_filter=0 restriction=0 direction=128 global_front=0 occupied=0 connection=0 min_dist=0 pre_shell=1600 post_shell=32 tested_energy=32
[TEMPLATE DEBUG] camada candidata z: min=44.541335 max=44.541335 n=32
[INFO] primeira deposição: relaxação local pulada por --no-relax-first-added.
step=00001 species=  C N=00129 vac=0000 axis=z surf=xy Eads=-1.9852 eV P=3.411e-02 E=-1177.3055 eV hmax=4.343 A hmean=0.101 A rough=0.000 A occ1=0.031 tested=32
[TEMPLATE DEBUG] total=1728 species_filter=0 restriction=0 direction=128 global_front=0 occupied=1 connection=0 min_dist=0 pre_shell=1599 post_shell=31 tested_energy=31
[TEMPLATE DEBUG] camada candidata z: min=44.541335 max=44.541335 n=31
step=00002 species=  C N=00130 vac=0000 axis=z surf=xy Eads=-8.3326 eV P=3.333e-01 E=-1185.8699 eV hmax=4.350 A hmean=0.303 A rough=0.000 A occ1=0.062 tested=31
[TEMPLATE DEBUG] total=1728 species_filter=0 restriction=0 direction=128 global_front=0 occupied=2 connection=0 min_dist=0 pre_shell=1598 post_shell=30 tested_energy=30
[TEMPLATE DEBUG] camada candidata z: min=44.541335 max=44.541335 n=30
step=00003 species=  C N=00131 vac=0000 axis=z surf=xy Eads=-7.4558 eV P=2.440e-01 E=-1193.9214 eV hmax=4.359 A hmean=0.405 A rough=0.006 A occ1=0.094 tested=30
[TEMPLATE DEBUG] total=1728 species_filter=0 restriction=0 direction=128 global_front=0 occupied=3 connection=0 min_dist=0 pre_shell=1597 post_shell=29 tested_energy=29
[TEMPLATE DEBUG] camada candidata z: min=44.541335 max=44.541335 n=29
step=00004 species=  C N=00132 vac=0000 axis=z surf=xy Eads=-7.6382 eV P=2.404e-01 E=-1202.1309 eV hmax=4.359 A hmean=0.607 A rough=0.005 A occ1=0.125 tested=29
[TEMPLATE DEBUG] total=1728 species_filter=0 restriction=0 direction=128 global_front=0 occupied=4 connection=0 min_dist=0 pre_shell=1596 post_shell=28 tested_energy=28
[TEMPLATE DEBUG] camada candidata z: min=44.541335 max=44.541335 n=28
step=00005 species=  C N=00133 vac=0000 axis=z surf=xy Eads=-7.5892 eV P=9.993e-01 E=-1210.0531 eV hmax=4.356 A hmean=0.809 A rough=0.002 A occ1=0.156 tested=28
[TEMPLATE DEBUG] total=1728 species_filter=0 restriction=0 direction=128 global_front=0 occupied=5 connection=0 min_dist=0 pre_shell=1595 post_shell=27 tested_energy=27
[TEMPLATE DEBUG] camada candidata z: min=44.541335 max=44.541335 n=27
step=00006 species=  C N=00134 vac=0000 axis=z surf=xy Eads=-7.4388 eV P=3.006e-01 E=-1218.0038 eV hmax=4.360 A hmean=0.910 A rough=0.004 A occ1=0.188 tested=27
[TEMPLATE DEBUG] total=1728 species_filter=0 restriction=0 direction=128 global_front=0 occupied=6 connection=0 min_dist=0 pre_shell=1594 post_shell=26 tested_energy=26
[TEMPLATE DEBUG] camada candidata z: min=44.541335 max=44.541335 n=26
step=00007 species=  C N=00135 vac=0000 axis=z surf=xy Eads=-7.6636 eV P=8.594e-01 E=-1226.2136 eV hmax=4.358 A hmean=1.113 A rough=0.003 A occ1=0.219 tested=26
[TEMPLATE DEBUG] total=1728 species_filter=0 restriction=0 direction=128 global_front=0 occupied=7 connection=0 min_dist=0 pre_shell=1593 post_shell=25 tested_energy=25
[TEMPLATE DEBUG] camada candidata z: min=44.541335 max=44.541335 n=25
step=00008 species=  C N=00136 vac=0000 axis=z surf=xy Eads=-11.6071 eV P=1.000e+00 E=-1238.8250 eV hmax=4.354 A hmean=1.213 A rough=0.003 A occ1=0.250 tested=25
[TEMPLATE DEBUG] total=1728 species_filter=0 restriction=0 direction=128 global_front=0 occupied=8 connection=0 min_dist=0 pre_shell=1592 post_shell=24 tested_energy=24
[TEMPLATE DEBUG] camada candidata z: min=44.541335 max=44.541335 n=24
step=00009 species=  C N=00137 vac=0000 axis=z surf=xy Eads=-4.3430 eV P=9.978e-01 E=-1243.8096 eV hmax=4.355 A hmean=1.321 A rough=0.005 A occ1=0.281 tested=24
[TEMPLATE DEBUG] total=1728 species_filter=0 restriction=0 direction=128 global_front=0 occupied=9 connection=0 min_dist=0 pre_shell=1591 post_shell=23 tested_energy=23
[TEMPLATE DEBUG] camada candidata z: min=44.541335 max=44.541335 n=23
step=00010 species=  C N=00138 vac=0000 axis=z surf=xy Eads=-7.3108 eV P=7.934e-01 E=-1252.0092 eV hmax=4.355 A hmean=1.519 A rough=0.005 A occ1=0.312 tested=23
[TEMPLATE DEBUG] total=1728 species_filter=0 restriction=0 direction=128 global_front=0 occupied=10 connection=0 min_dist=0 pre_shell=1590 post_shell=22 tested_energy=22
[TEMPLATE DEBUG] camada candidata z: min=44.541335 max=44.541335 n=22
step=00011 species=  C N=00139 vac=0000 axis=z surf=xy Eads=-7.0176 eV P=1.000e+00 E=-1259.6364 eV hmax=4.355 A hmean=1.618 A rough=0.006 A occ1=0.344 tested=22
[TEMPLATE DEBUG] total=1728 species_filter=0 restriction=0 direction=128 global_front=0 occupied=11 connection=0 min_dist=0 pre_shell=1589 post_shell=21 tested_energy=21
[TEMPLATE DEBUG] camada candidata z: min=44.541335 max=44.541335 n=21
step=00012 species=  C N=00140 vac=0000 axis=z surf=xy Eads=-7.6587 eV P=1.000e+00 E=-1267.9989 eV hmax=4.355 A hmean=1.811 A rough=0.005 A occ1=0.375 tested=21
[TEMPLATE DEBUG] total=1728 species_filter=0 restriction=0 direction=128 global_front=0 occupied=12 connection=0 min_dist=0 pre_shell=1588 post_shell=20 tested_energy=20
[TEMPLATE DEBUG] camada candidata z: min=44.541335 max=44.541335 n=20
step=00013 species=  C N=00141 vac=0000 axis=z surf=xy Eads=-7.4954 eV P=1.000e+00 E=-1276.0577 eV hmax=4.355 A hmean=1.901 A rough=0.006 A occ1=0.406 tested=20
[TEMPLATE DEBUG] total=1728 species_filter=0 restriction=0 direction=128 global_front=0 occupied=13 connection=0 min_dist=0 pre_shell=1587 post_shell=19 tested_energy=19
[TEMPLATE DEBUG] camada candidata z: min=44.541335 max=44.541335 n=19
step=00014 species=  C N=00142 vac=0000 axis=z surf=xy Eads=-9.4099 eV P=1.000e+00 E=-1287.0781 eV hmax=4.357 A hmean=2.080 A rough=0.007 A occ1=0.438 tested=19
[TEMPLATE DEBUG] total=1728 species_filter=0 restriction=0 direction=128 global_front=0 occupied=14 connection=0 min_dist=0 pre_shell=1586 post_shell=18 tested_energy=18
[TEMPLATE DEBUG] camada candidata z: min=44.541335 max=44.541335 n=18
step=00015 species=  C N=00143 vac=0000 axis=z surf=xy Eads=-5.5781 eV P=1.000e+00 E=-1293.3566 eV hmax=4.357 A hmean=2.090 A rough=0.007 A occ1=0.469 tested=18
[TEMPLATE DEBUG] total=1728 species_filter=0 restriction=0 direction=128 global_front=0 occupied=15 connection=0 min_dist=0 pre_shell=1585 post_shell=17 tested_energy=17
[TEMPLATE DEBUG] camada candidata z: min=44.541335 max=44.541335 n=17
step=00016 species=  C N=00144 vac=0000 axis=z surf=xy Eads=-9.4141 eV P=1.000e+00 E=-1303.8799 eV hmax=4.357 A hmean=2.184 A rough=0.007 A occ1=0.500 tested=17
[TEMPLATE DEBUG] total=1728 species_filter=0 restriction=0 direction=128 global_front=0 occupied=16 connection=0 min_dist=0 pre_shell=1584 post_shell=16 tested_energy=16
[TEMPLATE DEBUG] camada candidata z: min=44.541335 max=44.541335 n=16
step=00017 species=  C N=00145 vac=0000 axis=z surf=xy Eads=-5.8129 eV P=1.125e-01 E=-1310.2129 eV hmax=4.357 A hmean=2.357 A rough=0.007 A occ1=0.531 tested=16
[TEMPLATE DEBUG] total=1728 species_filter=0 restriction=0 direction=128 global_front=0 occupied=17 connection=0 min_dist=0 pre_shell=1583 post_shell=15 tested_energy=15
[TEMPLATE DEBUG] camada candidata z: min=44.541335 max=44.541335 n=15
step=00018 species=  C N=00146 vac=0000 axis=z surf=xy Eads=-7.9325 eV P=9.999e-01 E=-1319.1317 eV hmax=4.357 A hmean=2.449 A rough=0.007 A occ1=0.562 tested=15
[TEMPLATE DEBUG] total=1728 species_filter=0 restriction=0 direction=128 global_front=0 occupied=18 connection=0 min_dist=0 pre_shell=1582 post_shell=14 tested_energy=14
[TEMPLATE DEBUG] camada candidata z: min=44.541335 max=44.541335 n=14
step=00019 species=  C N=00147 vac=0000 axis=z surf=xy Eads=-6.9044 eV P=1.000e+00 E=-1326.2406 eV hmax=4.357 A hmean=2.634 A rough=0.007 A occ1=0.594 tested=14
[TEMPLATE DEBUG] total=1728 species_filter=0 restriction=0 direction=128 global_front=0 occupied=19 connection=0 min_dist=0 pre_shell=1581 post_shell=13 tested_energy=13
[TEMPLATE DEBUG] camada candidata z: min=44.541335 max=44.541335 n=13
step=00020 species=  C N=00148 vac=0000 axis=z surf=xy Eads=-8.2048 eV P=1.000e+00 E=-1335.7168 eV hmax=4.357 A hmean=2.634 A rough=0.007 A occ1=0.625 tested=13
[TEMPLATE DEBUG] total=1728 species_filter=0 restriction=0 direction=128 global_front=0 occupied=20 connection=0 min_dist=0 pre_shell=1580 post_shell=12 tested_energy=12
[TEMPLATE DEBUG] camada candidata z: min=44.541335 max=44.541335 n=12
step=00021 species=  C N=00149 vac=0000 axis=z surf=xy Eads=-6.8795 eV P=9.735e-01 E=-1344.7257 eV hmax=4.358 A hmean=2.974 A rough=0.006 A occ1=0.656 tested=12
[TEMPLATE DEBUG] total=1728 species_filter=0 restriction=0 direction=128 global_front=0 occupied=21 connection=0 min_dist=0 pre_shell=1579 post_shell=11 tested_energy=11
[TEMPLATE DEBUG] camada candidata z: min=44.541335 max=44.541335 n=11
step=00022 species=  C N=00150 vac=0000 axis=z surf=xy Eads=-9.7880 eV P=1.000e+00 E=-1356.1616 eV hmax=4.356 A hmean=2.974 A rough=0.006 A occ1=0.688 tested=11
[TEMPLATE DEBUG] total=1728 species_filter=0 restriction=0 direction=128 global_front=0 occupied=22 connection=0 min_dist=0 pre_shell=1578 post_shell=10 tested_energy=10
[TEMPLATE DEBUG] camada candidata z: min=44.541335 max=44.541335 n=10
step=00023 species=  C N=00151 vac=0000 axis=z surf=xy Eads=-9.1362 eV P=1.000e+00 E=-1366.5103 eV hmax=4.356 A hmean=3.064 A rough=0.006 A occ1=0.719 tested=10
[TEMPLATE DEBUG] total=1728 species_filter=0 restriction=0 direction=128 global_front=0 occupied=23 connection=0 min_dist=0 pre_shell=1577 post_shell=9 tested_energy=9
[TEMPLATE DEBUG] camada candidata z: min=44.541335 max=44.541335 n=9
step=00024 species=  C N=00152 vac=0000 axis=z surf=xy Eads=-7.9125 eV P=1.000e+00 E=-1376.7124 eV hmax=4.356 A hmean=3.093 A rough=0.005 A occ1=0.750 tested=9
[TEMPLATE DEBUG] total=1728 species_filter=0 restriction=0 direction=128 global_front=0 occupied=24 connection=0 min_dist=0 pre_shell=1576 post_shell=8 tested_energy=8
[TEMPLATE DEBUG] camada candidata z: min=44.541335 max=44.541335 n=8
step=00025 species=  C N=00153 vac=0000 axis=z surf=xy Eads=-10.2626 eV P=1.000e+00 E=-1388.0216 eV hmax=4.356 A hmean=3.300 A rough=0.005 A occ1=0.781 tested=8
[TEMPLATE DEBUG] total=1728 species_filter=0 restriction=0 direction=128 global_front=0 occupied=25 connection=0 min_dist=0 pre_shell=1575 post_shell=7 tested_energy=7
[TEMPLATE DEBUG] camada candidata z: min=44.541335 max=44.541335 n=7
step=00026 species=  C N=00154 vac=0000 axis=z surf=xy Eads=-11.1948 eV P=1.000e+00 E=-1399.5409 eV hmax=4.354 A hmean=3.211 A rough=0.004 A occ1=0.812 tested=7
[TEMPLATE DEBUG] total=1728 species_filter=0 restriction=0 direction=128 global_front=0 occupied=26 connection=0 min_dist=0 pre_shell=1574 post_shell=6 tested_energy=6
[TEMPLATE DEBUG] camada candidata z: min=44.541335 max=44.541335 n=6
step=00027 species=  C N=00155 vac=0000 axis=z surf=xy Eads=-7.2610 eV P=3.916e-01 E=-1407.1569 eV hmax=4.352 A hmean=3.404 A rough=0.004 A occ1=0.844 tested=6
[TEMPLATE DEBUG] total=1728 species_filter=0 restriction=0 direction=128 global_front=0 occupied=27 connection=0 min_dist=0 pre_shell=1573 post_shell=5 tested_energy=5
[TEMPLATE DEBUG] camada candidata z: min=44.541335 max=44.541335 n=5
step=00028 species=  C N=00156 vac=0000 axis=z surf=xy Eads=-11.4022 eV P=5.986e-01 E=-1418.8915 eV hmax=4.349 A hmean=3.526 A rough=0.004 A occ1=0.875 tested=5
[TEMPLATE DEBUG] total=1728 species_filter=0 restriction=0 direction=128 global_front=0 occupied=28 connection=0 min_dist=0 pre_shell=1572 post_shell=4 tested_energy=4
[TEMPLATE DEBUG] camada candidata z: min=44.541335 max=44.541335 n=4
step=00029 species=  C N=00157 vac=0000 axis=z surf=xy Eads=-10.6122 eV P=7.294e-01 E=-1429.9937 eV hmax=4.349 A hmean=3.574 A rough=0.004 A occ1=0.906 tested=4
[TEMPLATE DEBUG] total=1728 species_filter=0 restriction=0 direction=128 global_front=0 occupied=29 connection=0 min_dist=0 pre_shell=1571 post_shell=3 tested_energy=3
[TEMPLATE DEBUG] camada candidata z: min=44.541335 max=44.541335 n=3
step=00030 species=  C N=00158 vac=0000 axis=z surf=xy Eads=-11.4636 eV P=8.981e-01 E=-1441.7721 eV hmax=4.348 A hmean=3.664 A rough=0.003 A occ1=0.938 tested=3
[TEMPLATE DEBUG] total=1728 species_filter=0 restriction=0 direction=128 global_front=0 occupied=30 connection=0 min_dist=0 pre_shell=1570 post_shell=2 tested_energy=2
[TEMPLATE DEBUG] camada candidata z: min=44.541335 max=44.541335 n=2
step=00031 species=  C N=00159 vac=0000 axis=z surf=xy Eads=-11.3363 eV P=8.781e-01 E=-1453.3679 eV hmax=4.348 A hmean=3.744 A rough=0.003 A occ1=0.969 tested=2
[TEMPLATE DEBUG] total=1728 species_filter=0 restriction=0 direction=128 global_front=0 occupied=31 connection=0 min_dist=0 pre_shell=1569 post_shell=1 tested_energy=1
[TEMPLATE DEBUG] camada candidata z: min=44.541335 max=44.541335 n=1
step=00032 species=  C N=00160 vac=0000 axis=z surf=xy Eads=-15.3726 eV P=1.000e+00 E=-1469.0129 eV hmax=4.348 A hmean=3.744 A rough=0.003 A occ1=1.000 tested=1
[TEMPLATE DEBUG] total=1728 species_filter=0 restriction=0 direction=128 global_front=0 occupied=32 connection=0 min_dist=0 pre_shell=1568 post_shell=32 tested_energy=32
[TEMPLATE DEBUG] camada candidata z: min=48.883854 max=48.883854 n=32
step=00033 species=  C N=00161 vac=0000 axis=z surf=xy Eads=-1.9774 eV P=2.838e-02 E=-1471.0112 eV hmax=8.751 A hmean=3.916 A rough=0.000 A occ1=1.000 tested=32
[TEMPLATE DEBUG] total=1728 species_filter=0 restriction=0 direction=128 global_front=0 occupied=33 connection=0 min_dist=0 pre_shell=1567 post_shell=31 tested_energy=31
[TEMPLATE DEBUG] camada candidata z: min=48.883854 max=48.883854 n=31
step=00034 species=  C N=00162 vac=0000 axis=z surf=xy Eads=-8.3234 eV P=3.387e-01 E=-1479.5709 eV hmax=8.755 A hmean=3.916 A rough=0.031 A occ1=1.000 tested=31
[TEMPLATE DEBUG] total=1728 species_filter=0 restriction=0 direction=128 global_front=0 occupied=34 connection=0 min_dist=0 pre_shell=1566 post_shell=30 tested_energy=30
[TEMPLATE DEBUG] camada candidata z: min=48.883854 max=48.883854 n=30
step=00035 species=  C N=00163 vac=0000 axis=z surf=xy Eads=-7.4584 eV P=3.208e-01 E=-1487.6234 eV hmax=8.764 A hmean=4.206 A rough=0.033 A occ1=1.000 tested=30
[TEMPLATE DEBUG] total=1728 species_filter=0 restriction=0 direction=128 global_front=0 occupied=35 connection=0 min_dist=0 pre_shell=1565 post_shell=29 tested_energy=29
[TEMPLATE DEBUG] camada candidata z: min=48.883854 max=48.883854 n=29
step=00036 species=  C N=00164 vac=0000 axis=z surf=xy Eads=-7.6865 eV P=8.466e-01 E=-1495.8417 eV hmax=8.767 A hmean=4.374 A rough=0.032 A occ1=1.000 tested=29
[TEMPLATE DEBUG] total=1728 species_filter=0 restriction=0 direction=128 global_front=0 occupied=36 connection=0 min_dist=0 pre_shell=1564 post_shell=28 tested_energy=28
[TEMPLATE DEBUG] camada candidata z: min=48.883854 max=48.883854 n=28
step=00037 species=  C N=00165 vac=0000 axis=z surf=xy Eads=-7.5428 eV P=9.984e-01 E=-1503.7316 eV hmax=8.756 A hmean=4.486 A rough=0.025 A occ1=1.000 tested=28
[TEMPLATE DEBUG] total=1728 species_filter=0 restriction=0 direction=128 global_front=0 occupied=37 connection=0 min_dist=0 pre_shell=1563 post_shell=27 tested_energy=27
[TEMPLATE DEBUG] camada candidata z: min=48.883854 max=48.883854 n=27
step=00038 species=  C N=00166 vac=0000 axis=z surf=xy Eads=-7.4740 eV P=6.970e-01 E=-1511.6754 eV hmax=8.756 A hmean=4.650 A rough=0.023 A occ1=1.000 tested=27
[TEMPLATE DEBUG] total=1728 species_filter=0 restriction=0 direction=128 global_front=0 occupied=38 connection=0 min_dist=0 pre_shell=1562 post_shell=26 tested_energy=26
[TEMPLATE DEBUG] camada candidata z: min=48.883854 max=48.883854 n=26
step=00039 species=  C N=00167 vac=0000 axis=z surf=xy Eads=-7.5886 eV P=8.960e-01 E=-1519.8646 eV hmax=8.748 A hmean=4.814 A rough=0.020 A occ1=1.000 tested=26
[TEMPLATE DEBUG] total=1728 species_filter=0 restriction=0 direction=128 global_front=0 occupied=39 connection=0 min_dist=0 pre_shell=1561 post_shell=25 tested_energy=25
[TEMPLATE DEBUG] camada candidata z: min=48.883854 max=48.883854 n=25
step=00040 species=  C N=00168 vac=0000 axis=z surf=xy Eads=-11.5938 eV P=1.000e+00 E=-1532.5133 eV hmax=8.737 A hmean=4.978 A rough=0.017 A occ1=1.000 tested=25
[TEMPLATE DEBUG] total=1728 species_filter=0 restriction=0 direction=128 global_front=0 occupied=40 connection=0 min_dist=0 pre_shell=1560 post_shell=24 tested_energy=24
[TEMPLATE DEBUG] camada candidata z: min=48.883854 max=48.883854 n=24
step=00041 species=  C N=00169 vac=0000 axis=z surf=xy Eads=-4.2882 eV P=9.980e-01 E=-1537.4965 eV hmax=8.737 A hmean=5.142 A rough=0.018 A occ1=1.000 tested=24
[TEMPLATE DEBUG] total=1728 species_filter=0 restriction=0 direction=128 global_front=0 occupied=41 connection=0 min_dist=0 pre_shell=1559 post_shell=23 tested_energy=23
[TEMPLATE DEBUG] camada candidata z: min=48.883854 max=48.883854 n=23
step=00042 species=  C N=00170 vac=0000 axis=z surf=xy Eads=-7.2499 eV P=2.924e-01 E=-1545.6831 eV hmax=8.737 A hmean=4.978 A rough=0.018 A occ1=1.000 tested=23
[TEMPLATE DEBUG] total=1728 species_filter=0 restriction=0 direction=128 global_front=0 occupied=42 connection=0 min_dist=0 pre_shell=1558 post_shell=22 tested_energy=22
[TEMPLATE DEBUG] camada candidata z: min=48.883854 max=48.883854 n=22
step=00043 species=  C N=00171 vac=0000 axis=z surf=xy Eads=-7.0229 eV P=1.000e+00 E=-1553.3209 eV hmax=8.737 A hmean=5.329 A rough=0.017 A occ1=1.000 tested=22
[TEMPLATE DEBUG] total=1728 species_filter=0 restriction=0 direction=128 global_front=0 occupied=43 connection=0 min_dist=0 pre_shell=1557 post_shell=21 tested_energy=21
[TEMPLATE DEBUG] camada candidata z: min=48.883854 max=48.883854 n=21
step=00044 species=  C N=00172 vac=0000 axis=z surf=xy Eads=-7.6615 eV P=1.000e+00 E=-1561.6941 eV hmax=8.737 A hmean=5.408 A rough=0.017 A occ1=1.000 tested=21
[TEMPLATE DEBUG] total=1728 species_filter=0 restriction=0 direction=128 global_front=0 occupied=44 connection=0 min_dist=0 pre_shell=1556 post_shell=20 tested_energy=20
[TEMPLATE DEBUG] camada candidata z: min=48.883854 max=48.883854 n=20
step=00045 species=  C N=00173 vac=0000 axis=z surf=xy Eads=-7.4967 eV P=1.000e+00 E=-1569.7517 eV hmax=8.737 A hmean=5.566 A rough=0.017 A occ1=1.000 tested=20
[TEMPLATE DEBUG] total=1728 species_filter=0 restriction=0 direction=128 global_front=0 occupied=45 connection=0 min_dist=0 pre_shell=1555 post_shell=19 tested_energy=19
[TEMPLATE DEBUG] camada candidata z: min=48.883854 max=48.883854 n=19
step=00046 species=  C N=00174 vac=0000 axis=z surf=xy Eads=-9.3960 eV P=1.000e+00 E=-1580.8717 eV hmax=8.737 A hmean=5.645 A rough=0.017 A occ1=1.000 tested=19
[TEMPLATE DEBUG] total=1728 species_filter=0 restriction=0 direction=128 global_front=0 occupied=46 connection=0 min_dist=0 pre_shell=1554 post_shell=18 tested_energy=18
[TEMPLATE DEBUG] camada candidata z: min=48.883854 max=48.883854 n=18
step=00047 species=  C N=00175 vac=0000 axis=z surf=xy Eads=-5.4847 eV P=9.990e-01 E=-1587.0920 eV hmax=8.737 A hmean=5.803 A rough=0.017 A occ1=1.000 tested=18
[TEMPLATE DEBUG] total=1728 species_filter=0 restriction=0 direction=128 global_front=0 occupied=47 connection=0 min_dist=0 pre_shell=1553 post_shell=17 tested_energy=17
[TEMPLATE DEBUG] camada candidata z: min=48.883854 max=48.883854 n=17
step=00048 species=  C N=00176 vac=0000 axis=z surf=xy Eads=-9.4124 eV P=1.000e+00 E=-1597.6045 eV hmax=8.738 A hmean=5.883 A rough=0.017 A occ1=1.000 tested=17
[TEMPLATE DEBUG] total=1728 species_filter=0 restriction=0 direction=128 global_front=0 occupied=48 connection=0 min_dist=0 pre_shell=1552 post_shell=16 tested_energy=16
[TEMPLATE DEBUG] camada candidata z: min=48.883854 max=48.883854 n=16
step=00049 species=  C N=00177 vac=0000 axis=z surf=xy Eads=-5.9292 eV P=9.185e-01 E=-1603.9905 eV hmax=8.738 A hmean=6.039 A rough=0.017 A occ1=1.000 tested=16
[TEMPLATE DEBUG] total=1728 species_filter=0 restriction=0 direction=128 global_front=0 occupied=49 connection=0 min_dist=0 pre_shell=1551 post_shell=15 tested_energy=15
[TEMPLATE DEBUG] camada candidata z: min=48.883854 max=48.883854 n=15
step=00050 species=  C N=00178 vac=0000 axis=z surf=xy Eads=-8.3110 eV P=1.000e+00 E=-1613.3271 eV hmax=8.737 A hmean=6.038 A rough=0.016 A occ1=1.000 tested=15
[TEMPLATE DEBUG] total=1728 species_filter=0 restriction=0 direction=128 global_front=0 occupied=50 connection=0 min_dist=0 pre_shell=1550 post_shell=14 tested_energy=14
[TEMPLATE DEBUG] camada candidata z: min=48.883854 max=48.883854 n=14
step=00051 species=  C N=00179 vac=0000 axis=z surf=xy Eads=-6.7618 eV P=9.915e-01 E=-1620.3876 eV hmax=8.735 A hmean=6.198 A rough=0.016 A occ1=1.000 tested=14
[TEMPLATE DEBUG] total=1728 species_filter=0 restriction=0 direction=128 global_front=0 occupied=51 connection=0 min_dist=0 pre_shell=1549 post_shell=13 tested_energy=13
[TEMPLATE DEBUG] camada candidata z: min=48.883854 max=48.883854 n=13
step=00052 species=  C N=00180 vac=0000 axis=z surf=xy Eads=-7.8319 eV P=9.729e-01 E=-1629.6182 eV hmax=8.727 A hmean=6.283 A rough=0.015 A occ1=1.000 tested=13
[TEMPLATE DEBUG] total=1728 species_filter=0 restriction=0 direction=128 global_front=0 occupied=52 connection=0 min_dist=0 pre_shell=1548 post_shell=12 tested_energy=12
[TEMPLATE DEBUG] camada candidata z: min=48.883854 max=48.883854 n=12
step=00053 species=  C N=00181 vac=0000 axis=z surf=xy Eads=-7.5043 eV P=9.996e-01 E=-1638.6395 eV hmax=8.723 A hmean=6.698 A rough=0.013 A occ1=1.000 tested=12
[TEMPLATE DEBUG] total=1728 species_filter=0 restriction=0 direction=128 global_front=0 occupied=53 connection=0 min_dist=0 pre_shell=1547 post_shell=11 tested_energy=11
[TEMPLATE DEBUG] camada candidata z: min=48.883854 max=48.883854 n=11
step=00054 species=  C N=00182 vac=0000 axis=z surf=xy Eads=-9.8159 eV P=1.000e+00 E=-1649.9159 eV hmax=8.722 A hmean=6.780 A rough=0.012 A occ1=1.000 tested=11
[TEMPLATE DEBUG] total=1728 species_filter=0 restriction=0 direction=128 global_front=0 occupied=54 connection=0 min_dist=0 pre_shell=1546 post_shell=10 tested_energy=10
[TEMPLATE DEBUG] camada candidata z: min=48.883854 max=48.883854 n=10
step=00055 species=  C N=00183 vac=0000 axis=z surf=xy Eads=-8.7056 eV P=1.000e+00 E=-1660.3478 eV hmax=8.718 A hmean=6.944 A rough=0.011 A occ1=1.000 tested=10
[TEMPLATE DEBUG] total=1728 species_filter=0 restriction=0 direction=128 global_front=0 occupied=55 connection=0 min_dist=0 pre_shell=1545 post_shell=9 tested_energy=9
[TEMPLATE DEBUG] camada candidata z: min=48.883854 max=48.883854 n=9
step=00056 species=  C N=00184 vac=0000 axis=z surf=xy Eads=-7.9861 eV P=1.000e+00 E=-1670.4279 eV hmax=8.714 A hmean=7.107 A rough=0.010 A occ1=1.000 tested=9
[TEMPLATE DEBUG] total=1728 species_filter=0 restriction=0 direction=128 global_front=0 occupied=56 connection=0 min_dist=0 pre_shell=1544 post_shell=8 tested_energy=8
[TEMPLATE DEBUG] camada candidata z: min=48.883854 max=48.883854 n=8
step=00057 species=  C N=00185 vac=0000 axis=z surf=xy Eads=-10.2825 eV P=1.000e+00 E=-1681.7618 eV hmax=8.710 A hmean=7.189 A rough=0.009 A occ1=1.000 tested=8
[TEMPLATE DEBUG] total=1728 species_filter=0 restriction=0 direction=128 global_front=0 occupied=57 connection=0 min_dist=0 pre_shell=1543 post_shell=7 tested_energy=7
[TEMPLATE DEBUG] camada candidata z: min=48.883854 max=48.883854 n=7
step=00058 species=  C N=00186 vac=0000 axis=z surf=xy Eads=-11.1023 eV P=1.000e+00 E=-1693.2158 eV hmax=8.710 A hmean=7.327 A rough=0.009 A occ1=1.000 tested=7
[TEMPLATE DEBUG] total=1728 species_filter=0 restriction=0 direction=128 global_front=0 occupied=58 connection=0 min_dist=0 pre_shell=1542 post_shell=6 tested_energy=6
[TEMPLATE DEBUG] camada candidata z: min=48.883854 max=48.883854 n=6
step=00059 species=  C N=00187 vac=0000 axis=z surf=xy Eads=-7.2546 eV P=3.799e-01 E=-1700.7587 eV hmax=8.710 A hmean=7.407 A rough=0.008 A occ1=1.000 tested=6
[TEMPLATE DEBUG] total=1728 species_filter=0 restriction=0 direction=128 global_front=0 occupied=59 connection=0 min_dist=0 pre_shell=1541 post_shell=5 tested_energy=5
[TEMPLATE DEBUG] camada candidata z: min=48.883854 max=48.883854 n=5
step=00060 species=  C N=00188 vac=0000 axis=z surf=xy Eads=-11.5151 eV P=2.791e-01 E=-1712.5659 eV hmax=8.710 A hmean=7.460 A rough=0.008 A occ1=1.000 tested=5
[TEMPLATE DEBUG] total=1728 species_filter=0 restriction=0 direction=128 global_front=0 occupied=60 connection=0 min_dist=0 pre_shell=1540 post_shell=4 tested_energy=4
[TEMPLATE DEBUG] camada candidata z: min=48.883854 max=48.883854 n=4
step=00061 species=  C N=00189 vac=0000 axis=z surf=xy Eads=-10.6567 eV P=7.677e-01 E=-1723.6901 eV hmax=8.705 A hmean=7.648 A rough=0.007 A occ1=1.000 tested=4
[TEMPLATE DEBUG] total=1728 species_filter=0 restriction=0 direction=128 global_front=0 occupied=61 connection=0 min_dist=0 pre_shell=1539 post_shell=3 tested_energy=3
[TEMPLATE DEBUG] camada candidata z: min=48.883854 max=48.883854 n=3
step=00062 species=  C N=00190 vac=0000 axis=z surf=xy Eads=-11.4392 eV P=9.285e-01 E=-1735.4496 eV hmax=8.705 A hmean=7.890 A rough=0.007 A occ1=1.000 tested=3
[TEMPLATE DEBUG] total=1728 species_filter=0 restriction=0 direction=128 global_front=0 occupied=62 connection=0 min_dist=0 pre_shell=1538 post_shell=2 tested_energy=2
[TEMPLATE DEBUG] camada candidata z: min=48.883854 max=48.883854 n=2
step=00063 species=  C N=00191 vac=0000 axis=z surf=xy Eads=-11.2905 eV P=7.811e-01 E=-1747.0370 eV hmax=8.705 A hmean=7.809 A rough=0.007 A occ1=1.000 tested=2
[TEMPLATE DEBUG] total=1728 species_filter=0 restriction=0 direction=128 global_front=0 occupied=63 connection=0 min_dist=0 pre_shell=1537 post_shell=1 tested_energy=1
[TEMPLATE DEBUG] camada candidata z: min=48.883854 max=48.883854 n=1
step=00064 species=  C N=00192 vac=0000 axis=z surf=xy Eads=-15.3622 eV P=1.000e+00 E=-1762.6849 eV hmax=8.704 A hmean=8.013 A rough=0.006 A occ1=1.000 tested=1
[TEMPLATE DEBUG] total=1728 species_filter=0 restriction=0 direction=128 global_front=0 occupied=64 connection=0 min_dist=0 pre_shell=1536 post_shell=32 tested_energy=32
[TEMPLATE DEBUG] camada candidata z: min=53.226373 max=53.226373 n=32
step=00065 species=  C N=00193 vac=0000 axis=z surf=xy Eads=-1.9758 eV P=2.782e-02 E=-1764.6815 eV hmax=13.093 A hmean=8.172 A rough=0.000 A occ1=1.000 tested=32
[TEMPLATE DEBUG] total=1728 species_filter=0 restriction=0 direction=128 global_front=0 occupied=65 connection=0 min_dist=0 pre_shell=1535 post_shell=31 tested_energy=31
[TEMPLATE DEBUG] camada candidata z: min=53.226373 max=53.226373 n=31
step=00066 species=  C N=00194 vac=0000 axis=z surf=xy Eads=-8.3239 eV P=3.352e-01 E=-1773.2421 eV hmax=13.098 A hmean=8.409 A rough=0.031 A occ1=1.000 tested=31
[TEMPLATE DEBUG] total=1728 species_filter=0 restriction=0 direction=128 global_front=0 occupied=66 connection=0 min_dist=0 pre_shell=1534 post_shell=30 tested_energy=30
[TEMPLATE DEBUG] camada candidata z: min=53.226373 max=53.226373 n=30
step=00067 species=  C N=00195 vac=0000 axis=z surf=xy Eads=-7.4581 eV P=3.182e-01 E=-1781.2949 eV hmax=13.106 A hmean=8.567 A rough=0.033 A occ1=1.000 tested=30
[TEMPLATE DEBUG] total=1728 species_filter=0 restriction=0 direction=128 global_front=0 occupied=67 connection=0 min_dist=0 pre_shell=1533 post_shell=29 tested_energy=29
[TEMPLATE DEBUG] camada candidata z: min=53.226373 max=53.226373 n=29
step=00068 species=  C N=00196 vac=0000 axis=z surf=xy Eads=-7.6871 eV P=8.440e-01 E=-1789.5134 eV hmax=13.110 A hmean=8.804 A rough=0.032 A occ1=1.000 tested=29
[TEMPLATE DEBUG] total=1728 species_filter=0 restriction=0 direction=128 global_front=0 occupied=68 connection=0 min_dist=0 pre_shell=1532 post_shell=28 tested_energy=28
[TEMPLATE DEBUG] camada candidata z: min=53.226373 max=53.226373 n=28
step=00069 species=  C N=00197 vac=0000 axis=z surf=xy Eads=-7.5446 eV P=9.984e-01 E=-1797.4043 eV hmax=13.098 A hmean=8.883 A rough=0.025 A occ1=1.000 tested=28
[TEMPLATE DEBUG] total=1728 species_filter=0 restriction=0 direction=128 global_front=0 occupied=69 connection=0 min_dist=0 pre_shell=1531 post_shell=27 tested_energy=27
[TEMPLATE DEBUG] camada candidata z: min=53.226373 max=53.226373 n=27
step=00070 species=  C N=00198 vac=0000 axis=z surf=xy Eads=-7.4742 eV P=6.922e-01 E=-1805.3479 eV hmax=13.098 A hmean=9.042 A rough=0.023 A occ1=1.000 tested=27
[TEMPLATE DEBUG] total=1728 species_filter=0 restriction=0 direction=128 global_front=0 occupied=70 connection=0 min_dist=0 pre_shell=1530 post_shell=26 tested_energy=26
[TEMPLATE DEBUG] camada candidata z: min=53.226373 max=53.226373 n=26
step=00071 species=  C N=00199 vac=0000 axis=z surf=xy Eads=-7.5891 eV P=8.965e-01 E=-1813.5369 eV hmax=13.090 A hmean=9.200 A rough=0.020 A occ1=1.000 tested=26
[TEMPLATE DEBUG] total=1728 species_filter=0 restriction=0 direction=128 global_front=0 occupied=71 connection=0 min_dist=0 pre_shell=1529 post_shell=25 tested_energy=25
[TEMPLATE DEBUG] camada candidata z: min=53.226373 max=53.226373 n=25
step=00072 species=  C N=00200 vac=0000 axis=z surf=xy Eads=-11.5924 eV P=1.000e+00 E=-1826.1851 eV hmax=13.079 A hmean=9.278 A rough=0.017 A occ1=1.000 tested=25
[TEMPLATE DEBUG] total=1728 species_filter=0 restriction=0 direction=128 global_front=0 occupied=72 connection=0 min_dist=0 pre_shell=1528 post_shell=24 tested_energy=24
[TEMPLATE DEBUG] camada candidata z: min=53.226373 max=53.226373 n=24
step=00073 species=  C N=00201 vac=0000 axis=z surf=xy Eads=-4.2874 eV P=9.980e-01 E=-1831.1680 eV hmax=13.079 A hmean=9.437 A rough=0.018 A occ1=1.000 tested=24
[TEMPLATE DEBUG] total=1728 species_filter=0 restriction=0 direction=128 global_front=0 occupied=73 connection=0 min_dist=0 pre_shell=1527 post_shell=23 tested_energy=23
[TEMPLATE DEBUG] camada candidata z: min=53.226373 max=53.226373 n=23
step=00074 species=  C N=00202 vac=0000 axis=z surf=xy Eads=-7.2866 eV P=7.041e-01 E=-1839.3636 eV hmax=13.079 A hmean=9.358 A rough=0.017 A occ1=1.000 tested=23
[TEMPLATE DEBUG] total=1728 species_filter=0 restriction=0 direction=128 global_front=0 occupied=74 connection=0 min_dist=0 pre_shell=1526 post_shell=22 tested_energy=22
[TEMPLATE DEBUG] camada candidata z: min=53.226373 max=53.226373 n=22
step=00075 species=  C N=00203 vac=0000 axis=z surf=xy Eads=-7.0188 eV P=1.000e+00 E=-1846.9984 eV hmax=13.079 A hmean=9.673 A rough=0.017 A occ1=1.000 tested=22
[TEMPLATE DEBUG] total=1728 species_filter=0 restriction=0 direction=128 global_front=0 occupied=75 connection=0 min_dist=0 pre_shell=1525 post_shell=21 tested_energy=21
[TEMPLATE DEBUG] camada candidata z: min=53.226373 max=53.226373 n=21
step=00076 species=  C N=00204 vac=0000 axis=z surf=xy Eads=-7.6614 eV P=1.000e+00 E=-1855.3639 eV hmax=13.079 A hmean=9.910 A rough=0.016 A occ1=1.000 tested=21
[TEMPLATE DEBUG] total=1728 species_filter=0 restriction=0 direction=128 global_front=0 occupied=76 connection=0 min_dist=0 pre_shell=1524 post_shell=20 tested_energy=20
[TEMPLATE DEBUG] camada candidata z: min=53.226373 max=53.226373 n=20
step=00077 species=  C N=00205 vac=0000 axis=z surf=xy Eads=-7.4965 eV P=1.000e+00 E=-1863.4202 eV hmax=13.081 A hmean=10.068 A rough=0.017 A occ1=1.000 tested=20
[TEMPLATE DEBUG] total=1728 species_filter=0 restriction=0 direction=128 global_front=0 occupied=77 connection=0 min_dist=0 pre_shell=1523 post_shell=19 tested_energy=19
[TEMPLATE DEBUG] camada candidata z: min=53.226373 max=53.226373 n=19
step=00078 species=  C N=00206 vac=0000 axis=z surf=xy Eads=-9.4004 eV P=1.000e+00 E=-1874.5433 eV hmax=13.083 A hmean=10.150 A rough=0.018 A occ1=1.000 tested=19
[TEMPLATE DEBUG] total=1728 species_filter=0 restriction=0 direction=128 global_front=0 occupied=78 connection=0 min_dist=0 pre_shell=1522 post_shell=18 tested_energy=18
[TEMPLATE DEBUG] camada candidata z: min=53.226373 max=53.226373 n=18
step=00079 species=  C N=00207 vac=0000 axis=z surf=xy Eads=-5.4828 eV P=9.991e-01 E=-1880.7654 eV hmax=13.083 A hmean=10.305 A rough=0.018 A occ1=1.000 tested=18
[TEMPLATE DEBUG] total=1728 species_filter=0 restriction=0 direction=128 global_front=0 occupied=79 connection=0 min_dist=0 pre_shell=1521 post_shell=17 tested_energy=17
[TEMPLATE DEBUG] camada candidata z: min=53.226373 max=53.226373 n=17
step=00080 species=  C N=00208 vac=0000 axis=z surf=xy Eads=-9.4082 eV P=1.000e+00 E=-1891.2734 eV hmax=13.083 A hmean=10.383 A rough=0.018 A occ1=1.000 tested=17
[TEMPLATE DEBUG] total=1728 species_filter=0 restriction=0 direction=128 global_front=0 occupied=80 connection=0 min_dist=0 pre_shell=1520 post_shell=16 tested_energy=16
[TEMPLATE DEBUG] camada candidata z: min=53.226373 max=53.226373 n=16
step=00081 species=  C N=00209 vac=0000 axis=z surf=xy Eads=-5.9309 eV P=9.148e-01 E=-1897.6576 eV hmax=13.083 A hmean=10.538 A rough=0.017 A occ1=1.000 tested=16
[TEMPLATE DEBUG] total=1728 species_filter=0 restriction=0 direction=128 global_front=0 occupied=81 connection=0 min_dist=0 pre_shell=1519 post_shell=15 tested_energy=15
[TEMPLATE DEBUG] camada candidata z: min=53.226373 max=53.226373 n=15
step=00082 species=  C N=00210 vac=0000 axis=z surf=xy Eads=-8.3132 eV P=1.000e+00 E=-1906.9965 eV hmax=13.083 A hmean=10.538 A rough=0.017 A occ1=1.000 tested=15
[TEMPLATE DEBUG] total=1728 species_filter=0 restriction=0 direction=128 global_front=0 occupied=82 connection=0 min_dist=0 pre_shell=1518 post_shell=14 tested_energy=14
[TEMPLATE DEBUG] camada candidata z: min=53.226373 max=53.226373 n=14
step=00083 species=  C N=00211 vac=0000 axis=z surf=xy Eads=-6.7631 eV P=9.856e-01 E=-1914.0585 eV hmax=13.083 A hmean=10.700 A rough=0.017 A occ1=1.000 tested=14
[TEMPLATE DEBUG] total=1728 species_filter=0 restriction=0 direction=128 global_front=0 occupied=83 connection=0 min_dist=0 pre_shell=1517 post_shell=13 tested_energy=13
[TEMPLATE DEBUG] camada candidata z: min=53.226373 max=53.226373 n=13
step=00084 species=  C N=00212 vac=0000 axis=z surf=xy Eads=-7.8240 eV P=9.708e-01 E=-1922.8606 eV hmax=13.083 A hmean=10.779 A rough=0.017 A occ1=1.000 tested=13
[TEMPLATE DEBUG] total=1728 species_filter=0 restriction=0 direction=128 global_front=0 occupied=84 connection=0 min_dist=0 pre_shell=1516 post_shell=12 tested_energy=12
[TEMPLATE DEBUG] camada candidata z: min=53.226373 max=53.226373 n=12
step=00085 species=  C N=00213 vac=0000 axis=z surf=xy Eads=-6.8787 eV P=1.000e+00 E=-1932.0273 eV hmax=13.077 A hmean=10.700 A rough=0.016 A occ1=1.000 tested=12
[TEMPLATE DEBUG] total=1728 species_filter=0 restriction=0 direction=128 global_front=0 occupied=85 connection=0 min_dist=0 pre_shell=1515 post_shell=11 tested_energy=11
[TEMPLATE DEBUG] camada candidata z: min=53.226373 max=53.226373 n=11
step=00086 species=  C N=00214 vac=0000 axis=z surf=xy Eads=-10.2598 eV P=1.000e+00 E=-1943.5657 eV hmax=13.072 A hmean=10.770 A rough=0.015 A occ1=1.000 tested=11
[TEMPLATE DEBUG] total=1728 species_filter=0 restriction=0 direction=128 global_front=0 occupied=86 connection=0 min_dist=0 pre_shell=1514 post_shell=10 tested_energy=10
[TEMPLATE DEBUG] camada candidata z: min=53.226373 max=53.226373 n=10
step=00087 species=  C N=00215 vac=0000 axis=z surf=xy Eads=-9.1027 eV P=1.000e+00 E=-1953.8667 eV hmax=13.071 A hmean=10.692 A rough=0.014 A occ1=1.000 tested=10
[TEMPLATE DEBUG] total=1728 species_filter=0 restriction=0 direction=128 global_front=0 occupied=87 connection=0 min_dist=0 pre_shell=1513 post_shell=9 tested_energy=9
[TEMPLATE DEBUG] camada candidata z: min=53.226373 max=53.226373 n=9
step=00088 species=  C N=00216 vac=0000 axis=z surf=xy Eads=-7.7703 eV P=1.000e+00 E=-1964.0648 eV hmax=13.071 A hmean=10.847 A rough=0.014 A occ1=1.000 tested=9
[TEMPLATE DEBUG] total=1728 species_filter=0 restriction=0 direction=128 global_front=0 occupied=88 connection=0 min_dist=0 pre_shell=1512 post_shell=8 tested_energy=8
[TEMPLATE DEBUG] camada candidata z: min=53.226373 max=53.226373 n=8
step=00089 species=  C N=00217 vac=0000 axis=z surf=xy Eads=-10.1769 eV P=1.000e+00 E=-1975.3497 eV hmax=13.071 A hmean=10.769 A rough=0.013 A occ1=1.000 tested=8
[TEMPLATE DEBUG] total=1728 species_filter=0 restriction=0 direction=128 global_front=0 occupied=89 connection=0 min_dist=0 pre_shell=1511 post_shell=7 tested_energy=7
[TEMPLATE DEBUG] camada candidata z: min=53.226373 max=53.226373 n=7
step=00090 species=  C N=00218 vac=0000 axis=z surf=xy Eads=-11.2241 eV P=1.000e+00 E=-1986.8966 eV hmax=13.067 A hmean=11.093 A rough=0.012 A occ1=1.000 tested=7
[TEMPLATE DEBUG] total=1728 species_filter=0 restriction=0 direction=128 global_front=0 occupied=90 connection=0 min_dist=0 pre_shell=1510 post_shell=6 tested_energy=6
[TEMPLATE DEBUG] camada candidata z: min=53.226373 max=53.226373 n=6
step=00091 species=  C N=00219 vac=0000 axis=z surf=xy Eads=-7.2760 eV P=4.871e-01 E=-1994.3589 eV hmax=13.063 A hmean=11.093 A rough=0.011 A occ1=1.000 tested=6
[TEMPLATE DEBUG] total=1728 species_filter=0 restriction=0 direction=128 global_front=0 occupied=91 connection=0 min_dist=0 pre_shell=1509 post_shell=5 tested_energy=5
[TEMPLATE DEBUG] camada candidata z: min=53.226373 max=53.226373 n=5
step=00092 species=  C N=00220 vac=0000 axis=z surf=xy Eads=-11.7192 eV P=9.365e-01 E=-2006.3499 eV hmax=13.063 A hmean=11.093 A rough=0.011 A occ1=1.000 tested=5
[TEMPLATE DEBUG] total=1728 species_filter=0 restriction=0 direction=128 global_front=0 occupied=92 connection=0 min_dist=0 pre_shell=1508 post_shell=4 tested_energy=4
[TEMPLATE DEBUG] camada candidata z: min=53.226373 max=53.226373 n=4
step=00093 species=  C N=00221 vac=0000 axis=z surf=xy Eads=-10.5150 eV P=5.255e-01 E=-2017.3330 eV hmax=13.058 A hmean=11.329 A rough=0.009 A occ1=1.000 tested=4
[TEMPLATE DEBUG] total=1728 species_filter=0 restriction=0 direction=128 global_front=0 occupied=93 connection=0 min_dist=0 pre_shell=1507 post_shell=3 tested_energy=3
[TEMPLATE DEBUG] camada candidata z: min=53.226373 max=53.226373 n=3
step=00094 species=  C N=00222 vac=0000 axis=z surf=xy Eads=-11.4852 eV P=9.668e-01 E=-2029.1095 eV hmax=13.053 A hmean=11.408 A rough=0.008 A occ1=1.000 tested=3
[TEMPLATE DEBUG] total=1728 species_filter=0 restriction=0 direction=128 global_front=0 occupied=94 connection=0 min_dist=0 pre_shell=1506 post_shell=2 tested_energy=2
[TEMPLATE DEBUG] camada candidata z: min=53.226373 max=53.226373 n=2
step=00095 species=  C N=00223 vac=0000 axis=z surf=xy Eads=-11.3383 eV P=8.897e-01 E=-2040.7007 eV hmax=13.051 A hmean=11.566 A rough=0.007 A occ1=1.000 tested=2
[TEMPLATE DEBUG] total=1728 species_filter=0 restriction=0 direction=128 global_front=0 occupied=95 connection=0 min_dist=0 pre_shell=1505 post_shell=1 tested_energy=1
[TEMPLATE DEBUG] camada candidata z: min=53.226373 max=53.226373 n=1
step=00096 species=  C N=00224 vac=0000 axis=z surf=xy Eads=-15.3555 eV P=1.000e+00 E=-2056.3538 eV hmax=13.051 A hmean=11.961 A rough=0.007 A occ1=1.000 tested=1
[TEMPLATE DEBUG] total=1728 species_filter=0 restriction=0 direction=128 global_front=0 occupied=96 connection=0 min_dist=0 pre_shell=1504 post_shell=32 tested_energy=32
[TEMPLATE DEBUG] camada candidata z: min=57.568892 max=57.568892 n=32
step=00097 species=  C N=00225 vac=0000 axis=z surf=xy Eads=-1.9854 eV P=3.460e-02 E=-2058.3513 eV hmax=17.420 A hmean=12.278 A rough=0.000 A occ1=1.000 tested=32
[TEMPLATE DEBUG] total=1728 species_filter=0 restriction=0 direction=128 global_front=0 occupied=97 connection=0 min_dist=0 pre_shell=1503 post_shell=31 tested_energy=31
[TEMPLATE DEBUG] camada candidata z: min=57.568892 max=57.568892 n=31
step=00098 species=  C N=00226 vac=0000 axis=z surf=xy Eads=-8.3220 eV P=3.277e-01 E=-2066.9094 eV hmax=17.424 A hmean=12.199 A rough=0.023 A occ1=1.000 tested=31
[TEMPLATE DEBUG] total=1728 species_filter=0 restriction=0 direction=128 global_front=0 occupied=98 connection=0 min_dist=0 pre_shell=1502 post_shell=30 tested_energy=30
[TEMPLATE DEBUG] camada candidata z: min=57.568892 max=57.568892 n=30
step=00099 species=  C N=00227 vac=0000 axis=z surf=xy Eads=-7.4429 eV P=2.139e-01 E=-2074.9592 eV hmax=17.408 A hmean=12.357 A rough=0.008 A occ1=1.000 tested=30
[TEMPLATE DEBUG] total=1728 species_filter=0 restriction=0 direction=128 global_front=0 occupied=99 connection=0 min_dist=0 pre_shell=1501 post_shell=29 tested_energy=29
[TEMPLATE DEBUG] camada candidata z: min=57.568892 max=57.568892 n=29
step=00100 species=  C N=00228 vac=0000 axis=z surf=xy Eads=-7.6384 eV P=2.457e-01 E=-2083.1704 eV hmax=17.405 A hmean=12.437 A rough=0.010 A occ1=1.000 tested=29
[TEMPLATE DEBUG] total=1728 species_filter=0 restriction=0 direction=128 global_front=0 occupied=100 connection=0 min_dist=0 pre_shell=1500 post_shell=28 tested_energy=28
[TEMPLATE DEBUG] camada candidata z: min=57.568892 max=57.568892 n=28
step=00101 species=  C N=00229 vac=0000 axis=z surf=xy Eads=-7.5891 eV P=9.993e-01 E=-2091.0833 eV hmax=17.404 A hmean=12.516 A rough=0.011 A occ1=1.000 tested=28
[TEMPLATE DEBUG] total=1728 species_filter=0 restriction=0 direction=128 global_front=0 occupied=101 connection=0 min_dist=0 pre_shell=1499 post_shell=27 tested_energy=27
[TEMPLATE DEBUG] camada candidata z: min=57.568892 max=57.568892 n=27
step=00102 species=  C N=00230 vac=0000 axis=z surf=xy Eads=-7.4763 eV P=6.824e-01 E=-2099.0212 eV hmax=17.404 A hmean=12.674 A rough=0.010 A occ1=1.000 tested=27
[TEMPLATE DEBUG] total=1728 species_filter=0 restriction=0 direction=128 global_front=0 occupied=102 connection=0 min_dist=0 pre_shell=1498 post_shell=26 tested_energy=26
[TEMPLATE DEBUG] camada candidata z: min=57.568892 max=57.568892 n=26
step=00103 species=  C N=00231 vac=0000 axis=z surf=xy Eads=-7.5928 eV P=9.026e-01 E=-2107.2039 eV hmax=17.404 A hmean=12.832 A rough=0.009 A occ1=1.000 tested=26
[TEMPLATE DEBUG] total=1728 species_filter=0 restriction=0 direction=128 global_front=0 occupied=103 connection=0 min_dist=0 pre_shell=1497 post_shell=25 tested_energy=25
[TEMPLATE DEBUG] camada candidata z: min=57.568892 max=57.568892 n=25
step=00104 species=  C N=00232 vac=0000 axis=z surf=xy Eads=-11.5923 eV P=1.000e+00 E=-2119.8555 eV hmax=17.404 A hmean=12.911 A rough=0.011 A occ1=1.000 tested=25
[TEMPLATE DEBUG] total=1728 species_filter=0 restriction=0 direction=128 global_front=0 occupied=104 connection=0 min_dist=0 pre_shell=1496 post_shell=24 tested_energy=24
[TEMPLATE DEBUG] camada candidata z: min=57.568892 max=57.568892 n=24
step=00105 species=  C N=00233 vac=0000 axis=z surf=xy Eads=-4.2815 eV P=9.977e-01 E=-2124.8352 eV hmax=17.404 A hmean=12.990 A rough=0.011 A occ1=1.000 tested=24
[TEMPLATE DEBUG] total=1728 species_filter=0 restriction=0 direction=128 global_front=0 occupied=105 connection=0 min_dist=0 pre_shell=1495 post_shell=23 tested_energy=23
[TEMPLATE DEBUG] camada candidata z: min=57.568892 max=57.568892 n=23
step=00106 species=  C N=00234 vac=0000 axis=z surf=xy Eads=-7.2869 eV P=7.017e-01 E=-2133.0312 eV hmax=17.404 A hmean=13.226 A rough=0.011 A occ1=1.000 tested=23
[TEMPLATE DEBUG] total=1728 species_filter=0 restriction=0 direction=128 global_front=0 occupied=106 connection=0 min_dist=0 pre_shell=1494 post_shell=22 tested_energy=22
[TEMPLATE DEBUG] camada candidata z: min=57.568892 max=57.568892 n=22
step=00107 species=  C N=00235 vac=0000 axis=z surf=xy Eads=-7.0188 eV P=1.000e+00 E=-2140.6670 eV hmax=17.404 A hmean=13.305 A rough=0.011 A occ1=1.000 tested=22
[TEMPLATE DEBUG] total=1728 species_filter=0 restriction=0 direction=128 global_front=0 occupied=107 connection=0 min_dist=0 pre_shell=1493 post_shell=21 tested_energy=21
[TEMPLATE DEBUG] camada candidata z: min=57.568892 max=57.568892 n=21
step=00108 species=  C N=00236 vac=0000 axis=z surf=xy Eads=-7.6621 eV P=1.000e+00 E=-2149.0325 eV hmax=17.404 A hmean=13.407 A rough=0.011 A occ1=1.000 tested=21
[TEMPLATE DEBUG] total=1728 species_filter=0 restriction=0 direction=128 global_front=0 occupied=108 connection=0 min_dist=0 pre_shell=1492 post_shell=20 tested_energy=20
[TEMPLATE DEBUG] camada candidata z: min=57.568892 max=57.568892 n=20
step=00109 species=  C N=00237 vac=0000 axis=z surf=xy Eads=-7.4958 eV P=1.000e+00 E=-2157.0881 eV hmax=17.405 A hmean=13.330 A rough=0.011 A occ1=1.000 tested=20
[TEMPLATE DEBUG] total=1728 species_filter=0 restriction=0 direction=128 global_front=0 occupied=109 connection=0 min_dist=0 pre_shell=1491 post_shell=19 tested_energy=19
[TEMPLATE DEBUG] camada candidata z: min=57.568892 max=57.568892 n=19
step=00110 species=  C N=00238 vac=0000 axis=z surf=xy Eads=-9.4028 eV P=1.000e+00 E=-2168.2129 eV hmax=17.405 A hmean=13.429 A rough=0.012 A occ1=1.000 tested=19
[TEMPLATE DEBUG] total=1728 species_filter=0 restriction=0 direction=128 global_front=0 occupied=110 connection=0 min_dist=0 pre_shell=1490 post_shell=18 tested_energy=18
[TEMPLATE DEBUG] camada candidata z: min=57.568892 max=57.568892 n=18
step=00111 species=  C N=00239 vac=0000 axis=z surf=xy Eads=-5.4824 eV P=9.991e-01 E=-2174.4336 eV hmax=17.405 A hmean=13.717 A rough=0.012 A occ1=1.000 tested=18
[TEMPLATE DEBUG] total=1728 species_filter=0 restriction=0 direction=128 global_front=0 occupied=111 connection=0 min_dist=0 pre_shell=1489 post_shell=17 tested_energy=17
[TEMPLATE DEBUG] camada candidata z: min=57.568892 max=57.568892 n=17
step=00112 species=  C N=00240 vac=0000 axis=z surf=xy Eads=-9.4067 eV P=1.000e+00 E=-2184.9431 eV hmax=17.405 A hmean=13.658 A rough=0.012 A occ1=1.000 tested=17
[TEMPLATE DEBUG] total=1728 species_filter=0 restriction=0 direction=128 global_front=0 occupied=112 connection=0 min_dist=0 pre_shell=1488 post_shell=16 tested_energy=16
[TEMPLATE DEBUG] camada candidata z: min=57.568892 max=57.568892 n=16
step=00113 species=  C N=00241 vac=0000 axis=z surf=xy Eads=-5.9312 eV P=9.157e-01 E=-2191.3271 eV hmax=17.405 A hmean=13.658 A rough=0.012 A occ1=1.000 tested=16
[TEMPLATE DEBUG] total=1728 species_filter=0 restriction=0 direction=128 global_front=0 occupied=113 connection=0 min_dist=0 pre_shell=1487 post_shell=15 tested_energy=15
[TEMPLATE DEBUG] camada candidata z: min=57.568892 max=57.568892 n=15
step=00114 species=  C N=00242 vac=0000 axis=z surf=xy Eads=-8.3118 eV P=1.000e+00 E=-2200.6643 eV hmax=17.405 A hmean=13.810 A rough=0.012 A occ1=1.000 tested=15
[TEMPLATE DEBUG] total=1728 species_filter=0 restriction=0 direction=128 global_front=0 occupied=114 connection=0 min_dist=0 pre_shell=1486 post_shell=14 tested_energy=14
[TEMPLATE DEBUG] camada candidata z: min=57.568892 max=57.568892 n=14
step=00115 species=  C N=00243 vac=0000 axis=z surf=xy Eads=-6.7627 eV P=9.834e-01 E=-2207.7271 eV hmax=17.407 A hmean=13.950 A rough=0.012 A occ1=1.000 tested=14
[TEMPLATE DEBUG] total=1728 species_filter=0 restriction=0 direction=128 global_front=0 occupied=115 connection=0 min_dist=0 pre_shell=1485 post_shell=13 tested_energy=13
[TEMPLATE DEBUG] camada candidata z: min=57.568892 max=57.568892 n=13
step=00116 species=  C N=00244 vac=0000 axis=z surf=xy Eads=-7.8237 eV P=9.706e-01 E=-2216.5273 eV hmax=17.409 A hmean=14.183 A rough=0.012 A occ1=1.000 tested=13
[TEMPLATE DEBUG] total=1728 species_filter=0 restriction=0 direction=128 global_front=0 occupied=116 connection=0 min_dist=0 pre_shell=1484 post_shell=12 tested_energy=12
[TEMPLATE DEBUG] camada candidata z: min=57.568892 max=57.568892 n=12
step=00117 species=  C N=00245 vac=0000 axis=z surf=xy Eads=-6.8831 eV P=1.000e+00 E=-2225.6987 eV hmax=17.415 A hmean=14.648 A rough=0.012 A occ1=1.000 tested=12
[TEMPLATE DEBUG] total=1728 species_filter=0 restriction=0 direction=128 global_front=0 occupied=117 connection=0 min_dist=0 pre_shell=1483 post_shell=11 tested_energy=11
[TEMPLATE DEBUG] camada candidata z: min=57.568892 max=57.568892 n=11
step=00118 species=  C N=00246 vac=0000 axis=z surf=xy Eads=-10.2590 eV P=1.000e+00 E=-2237.2351 eV hmax=17.415 A hmean=14.492 A rough=0.012 A occ1=1.000 tested=11
[TEMPLATE DEBUG] total=1728 species_filter=0 restriction=0 direction=128 global_front=0 occupied=118 connection=0 min_dist=0 pre_shell=1482 post_shell=10 tested_energy=10
[TEMPLATE DEBUG] camada candidata z: min=57.568892 max=57.568892 n=10
step=00119 species=  C N=00247 vac=0000 axis=z surf=xy Eads=-9.1033 eV P=1.000e+00 E=-2247.5361 eV hmax=17.415 A hmean=14.802 A rough=0.012 A occ1=1.000 tested=10
[TEMPLATE DEBUG] total=1728 species_filter=0 restriction=0 direction=128 global_front=0 occupied=119 connection=0 min_dist=0 pre_shell=1481 post_shell=9 tested_energy=9
[TEMPLATE DEBUG] camada candidata z: min=57.568892 max=57.568892 n=9
step=00120 species=  C N=00248 vac=0000 axis=z surf=xy Eads=-7.7725 eV P=1.000e+00 E=-2257.7358 eV hmax=17.411 A hmean=14.799 A rough=0.011 A occ1=1.000 tested=9
[TEMPLATE DEBUG] total=1728 species_filter=0 restriction=0 direction=128 global_front=0 occupied=120 connection=0 min_dist=0 pre_shell=1480 post_shell=8 tested_energy=8
[TEMPLATE DEBUG] camada candidata z: min=57.568892 max=57.568892 n=8
step=00121 species=  C N=00249 vac=0000 axis=z surf=xy Eads=-10.1787 eV P=1.000e+00 E=-2269.0205 eV hmax=17.406 A hmean=14.875 A rough=0.010 A occ1=1.000 tested=8
[TEMPLATE DEBUG] total=1728 species_filter=0 restriction=0 direction=128 global_front=0 occupied=121 connection=0 min_dist=0 pre_shell=1479 post_shell=7 tested_energy=7
[TEMPLATE DEBUG] camada candidata z: min=57.568892 max=57.568892 n=7
step=00122 species=  C N=00250 vac=0000 axis=z surf=xy Eads=-11.2239 eV P=1.000e+00 E=-2280.5674 eV hmax=17.399 A hmean=14.878 A rough=0.008 A occ1=1.000 tested=7
[TEMPLATE DEBUG] total=1728 species_filter=0 restriction=0 direction=128 global_front=0 occupied=122 connection=0 min_dist=0 pre_shell=1478 post_shell=6 tested_energy=6
[TEMPLATE DEBUG] camada candidata z: min=57.568892 max=57.568892 n=6
step=00123 species=  C N=00251 vac=0000 axis=z surf=xy Eads=-7.2646 eV P=3.798e-01 E=-2288.1709 eV hmax=17.393 A hmean=15.266 A rough=0.008 A occ1=1.000 tested=6
[TEMPLATE DEBUG] total=1728 species_filter=0 restriction=0 direction=128 global_front=0 occupied=123 connection=0 min_dist=0 pre_shell=1477 post_shell=5 tested_energy=5
[TEMPLATE DEBUG] camada candidata z: min=57.568892 max=57.568892 n=5
step=00124 species=  C N=00252 vac=0000 axis=z surf=xy Eads=-11.4089 eV P=5.424e-01 E=-2299.9128 eV hmax=17.390 A hmean=15.111 A rough=0.007 A occ1=1.000 tested=5
[TEMPLATE DEBUG] total=1728 species_filter=0 restriction=0 direction=128 global_front=0 occupied=124 connection=0 min_dist=0 pre_shell=1476 post_shell=4 tested_energy=4
[TEMPLATE DEBUG] camada candidata z: min=57.568892 max=57.568892 n=4
step=00125 species=  C N=00253 vac=0000 axis=z surf=xy Eads=-10.5828 eV P=3.832e-01 E=-2310.9819 eV hmax=17.388 A hmean=15.576 A rough=0.007 A occ1=1.000 tested=4
[TEMPLATE DEBUG] total=1728 species_filter=0 restriction=0 direction=128 global_front=0 occupied=125 connection=0 min_dist=0 pre_shell=1475 post_shell=3 tested_energy=3
[TEMPLATE DEBUG] camada candidata z: min=57.568892 max=57.568892 n=3
step=00126 species=  C N=00254 vac=0000 axis=z surf=xy Eads=-11.4512 eV P=8.048e-01 E=-2322.7847 eV hmax=17.388 A hmean=15.576 A rough=0.006 A occ1=1.000 tested=3
[TEMPLATE DEBUG] total=1728 species_filter=0 restriction=0 direction=128 global_front=0 occupied=126 connection=0 min_dist=0 pre_shell=1474 post_shell=2 tested_energy=2
[TEMPLATE DEBUG] camada candidata z: min=57.568892 max=57.568892 n=2
step=00127 species=  C N=00255 vac=0000 axis=z surf=xy Eads=-11.3203 eV P=5.787e-01 E=-2334.3774 eV hmax=17.388 A hmean=15.499 A rough=0.006 A occ1=1.000 tested=2
[TEMPLATE DEBUG] total=1728 species_filter=0 restriction=0 direction=128 global_front=0 occupied=127 connection=0 min_dist=0 pre_shell=1473 post_shell=1 tested_energy=1
[TEMPLATE DEBUG] camada candidata z: min=57.568892 max=57.568892 n=1
step=00128 species=  C N=00256 vac=0000 axis=z surf=xy Eads=-15.3999 eV P=1.000e+00 E=-2350.0320 eV hmax=17.388 A hmean=15.809 A rough=0.006 A occ1=1.000 tested=1
[TEMPLATE DEBUG] total=1728 species_filter=0 restriction=0 direction=128 global_front=0 occupied=128 connection=0 min_dist=0 pre_shell=1472 post_shell=32 tested_energy=32
[TEMPLATE DEBUG] camada candidata z: min=61.911411 max=61.911411 n=32
step=00129 species=  C N=00257 vac=0000 axis=z surf=xy Eads=-1.9858 eV P=3.497e-02 E=-2352.0300 eV hmax=21.763 A hmean=15.965 A rough=0.000 A occ1=1.000 tested=32
[TEMPLATE DEBUG] total=1728 species_filter=0 restriction=0 direction=128 global_front=0 occupied=129 connection=0 min_dist=0 pre_shell=1471 post_shell=31 tested_energy=31
[TEMPLATE DEBUG] camada candidata z: min=61.911411 max=61.911411 n=31
step=00130 species=  C N=00258 vac=0000 axis=z surf=xy Eads=-8.3225 eV P=3.327e-01 E=-2360.5872 eV hmax=21.767 A hmean=16.198 A rough=0.023 A occ1=1.000 tested=31
[TEMPLATE DEBUG] total=1728 species_filter=0 restriction=0 direction=128 global_front=0 occupied=130 connection=0 min_dist=0 pre_shell=1470 post_shell=30 tested_energy=30
[TEMPLATE DEBUG] camada candidata z: min=61.911411 max=61.911411 n=30
step=00131 species=  C N=00259 vac=0000 axis=z surf=xy Eads=-7.4556 eV P=2.848e-01 E=-2368.6372 eV hmax=21.776 A hmean=16.120 A rough=0.026 A occ1=1.000 tested=30
[TEMPLATE DEBUG] total=1728 species_filter=0 restriction=0 direction=128 global_front=0 occupied=131 connection=0 min_dist=0 pre_shell=1469 post_shell=29 tested_energy=29
[TEMPLATE DEBUG] camada candidata z: min=61.911411 max=61.911411 n=29
step=00132 species=  C N=00260 vac=0000 axis=z surf=xy Eads=-7.6875 eV P=8.195e-01 E=-2376.8577 eV hmax=21.780 A hmean=16.276 A rough=0.026 A occ1=1.000 tested=29
[TEMPLATE DEBUG] total=1728 species_filter=0 restriction=0 direction=128 global_front=0 occupied=132 connection=0 min_dist=0 pre_shell=1468 post_shell=28 tested_energy=28
[TEMPLATE DEBUG] camada candidata z: min=61.911411 max=61.911411 n=28
step=00133 species=  C N=00261 vac=0000 axis=z surf=xy Eads=-7.5525 eV P=9.988e-01 E=-2384.7556 eV hmax=21.771 A hmean=16.431 A rough=0.020 A occ1=1.000 tested=28
[TEMPLATE DEBUG] total=1728 species_filter=0 restriction=0 direction=128 global_front=0 occupied=133 connection=0 min_dist=0 pre_shell=1467 post_shell=27 tested_energy=27
[TEMPLATE DEBUG] camada candidata z: min=61.911411 max=61.911411 n=27
step=00134 species=  C N=00262 vac=0000 axis=z surf=xy Eads=-7.4714 eV P=6.775e-01 E=-2392.6960 eV hmax=21.771 A hmean=16.508 A rough=0.019 A occ1=1.000 tested=27
[TEMPLATE DEBUG] total=1728 species_filter=0 restriction=0 direction=128 global_front=0 occupied=134 connection=0 min_dist=0 pre_shell=1466 post_shell=26 tested_energy=26
[TEMPLATE DEBUG] camada candidata z: min=61.911411 max=61.911411 n=26
step=00135 species=  C N=00263 vac=0000 axis=z surf=xy Eads=-7.5000 eV P=1.192e-01 E=-2400.8613 eV hmax=21.765 A hmean=16.664 A rough=0.017 A occ1=1.000 tested=26
[TEMPLATE DEBUG] total=1728 species_filter=0 restriction=0 direction=128 global_front=0 occupied=135 connection=0 min_dist=0 pre_shell=1465 post_shell=25 tested_energy=25
[TEMPLATE DEBUG] camada candidata z: min=61.911411 max=61.911411 n=25
step=00136 species=  C N=00264 vac=0000 axis=z surf=xy Eads=-11.6426 eV P=1.000e+00 E=-2413.5132 eV hmax=21.757 A hmean=16.741 A rough=0.016 A occ1=1.000 tested=25
[TEMPLATE DEBUG] total=1728 species_filter=0 restriction=0 direction=128 global_front=0 occupied=136 connection=0 min_dist=0 pre_shell=1464 post_shell=24 tested_energy=24
[TEMPLATE DEBUG] camada candidata z: min=61.911411 max=61.911411 n=24
step=00137 species=  C N=00265 vac=0000 axis=z surf=xy Eads=-4.3376 eV P=9.991e-01 E=-2418.5417 eV hmax=21.758 A hmean=16.896 A rough=0.017 A occ1=1.000 tested=24
[TEMPLATE DEBUG] total=1728 species_filter=0 restriction=0 direction=128 global_front=0 occupied=137 connection=0 min_dist=0 pre_shell=1463 post_shell=23 tested_energy=23
[TEMPLATE DEBUG] camada candidata z: min=61.911411 max=61.911411 n=23
step=00138 species=  C N=00266 vac=0000 axis=z surf=xy Eads=-7.2856 eV P=3.188e-01 E=-2426.7390 eV hmax=21.758 A hmean=17.009 A rough=0.017 A occ1=1.000 tested=23
[TEMPLATE DEBUG] total=1728 species_filter=0 restriction=0 direction=128 global_front=0 occupied=138 connection=0 min_dist=0 pre_shell=1462 post_shell=22 tested_energy=22
[TEMPLATE DEBUG] camada candidata z: min=61.911411 max=61.911411 n=22
step=00139 species=  C N=00267 vac=0000 axis=z surf=xy Eads=-7.0298 eV P=1.000e+00 E=-2434.3716 eV hmax=21.758 A hmean=17.052 A rough=0.016 A occ1=1.000 tested=22
[TEMPLATE DEBUG] total=1728 species_filter=0 restriction=0 direction=128 global_front=0 occupied=139 connection=0 min_dist=0 pre_shell=1461 post_shell=21 tested_energy=21
[TEMPLATE DEBUG] camada candidata z: min=61.911411 max=61.911411 n=21
step=00140 species=  C N=00268 vac=0000 axis=z surf=xy Eads=-7.6611 eV P=1.000e+00 E=-2442.7583 eV hmax=21.758 A hmean=17.129 A rough=0.016 A occ1=1.000 tested=21
[TEMPLATE DEBUG] total=1728 species_filter=0 restriction=0 direction=128 global_front=0 occupied=140 connection=0 min_dist=0 pre_shell=1460 post_shell=20 tested_energy=20
[TEMPLATE DEBUG] camada candidata z: min=61.911411 max=61.911411 n=20
step=00141 species=  C N=00269 vac=0000 axis=z surf=xy Eads=-7.4907 eV P=1.000e+00 E=-2450.7996 eV hmax=21.758 A hmean=17.362 A rough=0.015 A occ1=1.000 tested=20
[TEMPLATE DEBUG] total=1728 species_filter=0 restriction=0 direction=128 global_front=0 occupied=141 connection=0 min_dist=0 pre_shell=1459 post_shell=19 tested_energy=19
[TEMPLATE DEBUG] camada candidata z: min=61.911411 max=61.911411 n=19
step=00142 species=  C N=00270 vac=0000 axis=z surf=xy Eads=-9.3982 eV P=1.000e+00 E=-2461.8799 eV hmax=21.758 A hmean=17.595 A rough=0.016 A occ1=1.000 tested=19
[TEMPLATE DEBUG] total=1728 species_filter=0 restriction=0 direction=128 global_front=0 occupied=142 connection=0 min_dist=0 pre_shell=1458 post_shell=18 tested_energy=18
[TEMPLATE DEBUG] camada candidata z: min=61.911411 max=61.911411 n=18
step=00143 species=  C N=00271 vac=0000 axis=z surf=xy Eads=-5.5046 eV P=9.993e-01 E=-2468.0869 eV hmax=21.759 A hmean=17.517 A rough=0.016 A occ1=1.000 tested=18
[TEMPLATE DEBUG] total=1728 species_filter=0 restriction=0 direction=128 global_front=0 occupied=143 connection=0 min_dist=0 pre_shell=1457 post_shell=17 tested_energy=17
[TEMPLATE DEBUG] camada candidata z: min=61.911411 max=61.911411 n=17
step=00144 species=  C N=00272 vac=0000 axis=z surf=xy Eads=-9.4548 eV P=1.000e+00 E=-2478.6204 eV hmax=21.762 A hmean=17.619 A rough=0.015 A occ1=1.000 tested=17
[TEMPLATE DEBUG] total=1728 species_filter=0 restriction=0 direction=128 global_front=0 occupied=144 connection=0 min_dist=0 pre_shell=1456 post_shell=16 tested_energy=16
[TEMPLATE DEBUG] camada candidata z: min=61.911411 max=61.911411 n=16
step=00145 species=  C N=00273 vac=0000 axis=z surf=xy Eads=-5.9067 eV P=8.802e-01 E=-2484.9915 eV hmax=21.762 A hmean=17.848 A rough=0.014 A occ1=1.000 tested=16
[TEMPLATE DEBUG] total=1728 species_filter=0 restriction=0 direction=128 global_front=0 occupied=145 connection=0 min_dist=0 pre_shell=1455 post_shell=15 tested_energy=15
[TEMPLATE DEBUG] camada candidata z: min=61.911411 max=61.911411 n=15
step=00146 species=  C N=00274 vac=0000 axis=z surf=xy Eads=-8.3279 eV P=1.000e+00 E=-2494.3486 eV hmax=21.762 A hmean=17.905 A rough=0.014 A occ1=1.000 tested=15
[TEMPLATE DEBUG] total=1728 species_filter=0 restriction=0 direction=128 global_front=0 occupied=146 connection=0 min_dist=0 pre_shell=1454 post_shell=14 tested_energy=14
[TEMPLATE DEBUG] camada candidata z: min=61.911411 max=61.911411 n=14
step=00147 species=  C N=00275 vac=0000 axis=z surf=xy Eads=-6.8037 eV P=9.011e-01 E=-2501.4253 eV hmax=21.763 A hmean=18.060 A rough=0.014 A occ1=1.000 tested=14
[TEMPLATE DEBUG] total=1728 species_filter=0 restriction=0 direction=128 global_front=0 occupied=147 connection=0 min_dist=0 pre_shell=1453 post_shell=13 tested_energy=13
[TEMPLATE DEBUG] camada candidata z: min=61.911411 max=61.911411 n=13
step=00148 species=  C N=00276 vac=0000 axis=z surf=xy Eads=-7.7478 eV P=8.954e-01 E=-2509.9768 eV hmax=21.765 A hmean=18.137 A rough=0.013 A occ1=1.000 tested=13
[TEMPLATE DEBUG] total=1728 species_filter=0 restriction=0 direction=128 global_front=0 occupied=148 connection=0 min_dist=0 pre_shell=1452 post_shell=12 tested_energy=12
[TEMPLATE DEBUG] camada candidata z: min=61.911411 max=61.911411 n=12
step=00149 species=  C N=00277 vac=0000 axis=z surf=xy Eads=-7.0432 eV P=1.000e+00 E=-2519.3611 eV hmax=21.765 A hmean=18.457 A rough=0.013 A occ1=1.000 tested=12
[TEMPLATE DEBUG] total=1728 species_filter=0 restriction=0 direction=128 global_front=0 occupied=149 connection=0 min_dist=0 pre_shell=1451 post_shell=11 tested_energy=11
[TEMPLATE DEBUG] camada candidata z: min=61.911411 max=61.911411 n=11
step=00150 species=  C N=00278 vac=0000 axis=z surf=xy Eads=-10.3499 eV P=1.000e+00 E=-2530.9587 eV hmax=21.763 A hmean=18.525 A rough=0.013 A occ1=1.000 tested=11
[TEMPLATE DEBUG] total=1728 species_filter=0 restriction=0 direction=128 global_front=0 occupied=150 connection=0 min_dist=0 pre_shell=1450 post_shell=10 tested_energy=10
[TEMPLATE DEBUG] camada candidata z: min=61.911411 max=61.911411 n=10
step=00151 species=  C N=00279 vac=0000 axis=z surf=xy Eads=-9.0759 eV P=1.000e+00 E=-2541.2808 eV hmax=21.763 A hmean=18.840 A rough=0.013 A occ1=1.000 tested=10
[TEMPLATE DEBUG] total=1728 species_filter=0 restriction=0 direction=128 global_front=0 occupied=151 connection=0 min_dist=0 pre_shell=1449 post_shell=9 tested_energy=9
[TEMPLATE DEBUG] camada candidata z: min=61.911411 max=61.911411 n=9
step=00152 species=  C N=00280 vac=0000 axis=z surf=xy Eads=-7.6675 eV P=1.000e+00 E=-2551.4548 eV hmax=21.749 A hmean=19.063 A rough=0.010 A occ1=1.000 tested=9
[TEMPLATE DEBUG] total=1728 species_filter=0 restriction=0 direction=128 global_front=0 occupied=152 connection=0 min_dist=0 pre_shell=1448 post_shell=8 tested_energy=8
[TEMPLATE DEBUG] camada candidata z: min=61.911411 max=61.911411 n=8
step=00153 species=  C N=00281 vac=0000 axis=z surf=xy Eads=-10.1655 eV P=1.000e+00 E=-2562.7271 eV hmax=21.743 A hmean=19.141 A rough=0.008 A occ1=1.000 tested=8
[TEMPLATE DEBUG] total=1728 species_filter=0 restriction=0 direction=128 global_front=0 occupied=153 connection=0 min_dist=0 pre_shell=1447 post_shell=7 tested_energy=7
[TEMPLATE DEBUG] camada candidata z: min=61.911411 max=61.911411 n=7
step=00154 species=  C N=00282 vac=0000 axis=z surf=xy Eads=-11.2627 eV P=1.000e+00 E=-2574.2466 eV hmax=21.738 A hmean=19.141 A rough=0.008 A occ1=1.000 tested=7
[TEMPLATE DEBUG] total=1728 species_filter=0 restriction=0 direction=128 global_front=0 occupied=154 connection=0 min_dist=0 pre_shell=1446 post_shell=6 tested_energy=6
[TEMPLATE DEBUG] camada candidata z: min=61.911411 max=61.911411 n=6
step=00155 species=  C N=00283 vac=0000 axis=z surf=xy Eads=-7.2769 eV P=4.702e-01 E=-2582.7356 eV hmax=21.738 A hmean=19.446 A rough=0.008 A occ1=1.000 tested=6
[TEMPLATE DEBUG] total=1728 species_filter=0 restriction=0 direction=128 global_front=0 occupied=155 connection=0 min_dist=0 pre_shell=1445 post_shell=5 tested_energy=5
[TEMPLATE DEBUG] camada candidata z: min=61.911411 max=61.911411 n=5
step=00156 species=  C N=00284 vac=0000 axis=z surf=xy Eads=-9.8984 eV P=1.000e+00 E=-2593.6543 eV hmax=21.738 A hmean=19.377 A rough=0.007 A occ1=1.000 tested=5
[TEMPLATE DEBUG] total=1728 species_filter=0 restriction=0 direction=128 global_front=0 occupied=156 connection=0 min_dist=0 pre_shell=1444 post_shell=4 tested_energy=4
[TEMPLATE DEBUG] camada candidata z: min=61.911411 max=61.911411 n=4
step=00157 species=  C N=00285 vac=0000 axis=z surf=xy Eads=-10.7517 eV P=1.000e+00 E=-2605.1409 eV hmax=21.738 A hmean=19.687 A rough=0.007 A occ1=1.000 tested=4
[TEMPLATE DEBUG] total=1728 species_filter=0 restriction=0 direction=128 global_front=0 occupied=157 connection=0 min_dist=0 pre_shell=1443 post_shell=3 tested_energy=3
[TEMPLATE DEBUG] camada candidata z: min=61.911411 max=61.911411 n=3
step=00158 species=  C N=00286 vac=0000 axis=z surf=xy Eads=-11.2498 eV P=1.000e+00 E=-2616.8044 eV hmax=21.738 A hmean=19.532 A rough=0.007 A occ1=1.000 tested=3
[TEMPLATE DEBUG] total=1728 species_filter=0 restriction=0 direction=128 global_front=0 occupied=158 connection=0 min_dist=0 pre_shell=1442 post_shell=2 tested_energy=2
[TEMPLATE DEBUG] camada candidata z: min=61.911411 max=61.911411 n=2
step=00159 species=  C N=00287 vac=0000 axis=z surf=xy Eads=-10.8870 eV P=1.000e+00 E=-2628.0811 eV hmax=21.738 A hmean=19.446 A rough=0.006 A occ1=1.000 tested=2
[TEMPLATE DEBUG] total=1728 species_filter=0 restriction=0 direction=128 global_front=0 occupied=159 connection=0 min_dist=0 pre_shell=1441 post_shell=1 tested_energy=1
[TEMPLATE DEBUG] camada candidata z: min=61.911411 max=61.911411 n=1
step=00160 species=  C N=00288 vac=0000 axis=z surf=xy Eads=-10.0400 eV P=1.000e+00 E=-2643.3245 eV hmax=21.738 A hmean=19.568 A rough=0.006 A occ1=1.000 tested=1
[TEMPLATE DEBUG] total=1728 species_filter=0 restriction=0 direction=128 global_front=0 occupied=160 connection=0 min_dist=0 pre_shell=1440 post_shell=32 tested_energy=32
[TEMPLATE DEBUG] camada candidata z: min=66.253930 max=66.253930 n=32
step=00161 species=  C N=00289 vac=0000 axis=z surf=xy Eads=-1.9856 eV P=3.485e-02 E=-2645.3223 eV hmax=26.106 A hmean=19.713 A rough=0.000 A occ1=1.000 tested=32
[TEMPLATE DEBUG] total=1728 species_filter=0 restriction=0 direction=128 global_front=0 occupied=161 connection=0 min_dist=0 pre_shell=1439 post_shell=31 tested_energy=31
[TEMPLATE DEBUG] camada candidata z: min=66.253930 max=66.253930 n=31
step=00162 species=  C N=00290 vac=0000 axis=z surf=xy Eads=-8.3230 eV P=3.397e-01 E=-2653.8799 eV hmax=26.110 A hmean=19.714 A rough=0.023 A occ1=1.000 tested=31
[TEMPLATE DEBUG] total=1728 species_filter=0 restriction=0 direction=128 global_front=0 occupied=162 connection=0 min_dist=0 pre_shell=1438 post_shell=30 tested_energy=30
[TEMPLATE DEBUG] camada candidata z: min=66.253930 max=66.253930 n=30
step=00163 species=  C N=00291 vac=0000 axis=z surf=xy Eads=-7.4426 eV P=2.113e-01 E=-2661.9294 eV hmax=26.094 A hmean=19.931 A rough=0.008 A occ1=1.000 tested=30
[TEMPLATE DEBUG] total=1728 species_filter=0 restriction=0 direction=128 global_front=0 occupied=163 connection=0 min_dist=0 pre_shell=1437 post_shell=29 tested_energy=29
[TEMPLATE DEBUG] camada candidata z: min=66.253930 max=66.253930 n=29
step=00164 species=  C N=00292 vac=0000 axis=z surf=xy Eads=-7.6379 eV P=2.425e-01 E=-2670.1406 eV hmax=26.090 A hmean=20.003 A rough=0.010 A occ1=1.000 tested=29
[TEMPLATE DEBUG] total=1728 species_filter=0 restriction=0 direction=128 global_front=0 occupied=164 connection=0 min_dist=0 pre_shell=1436 post_shell=28 tested_energy=28
[TEMPLATE DEBUG] camada candidata z: min=66.253930 max=66.253930 n=28
step=00165 species=  C N=00293 vac=0000 axis=z surf=xy Eads=-7.5891 eV P=9.993e-01 E=-2678.0542 eV hmax=26.089 A hmean=20.221 A rough=0.011 A occ1=1.000 tested=28
[TEMPLATE DEBUG] total=1728 species_filter=0 restriction=0 direction=128 global_front=0 occupied=165 connection=0 min_dist=0 pre_shell=1435 post_shell=27 tested_energy=27
[TEMPLATE DEBUG] camada candidata z: min=66.253930 max=66.253930 n=27
step=00166 species=  C N=00294 vac=0000 axis=z surf=xy Eads=-7.4434 eV P=3.200e-01 E=-2686.0068 eV hmax=26.089 A hmean=20.365 A rough=0.010 A occ1=1.000 tested=27
[TEMPLATE DEBUG] total=1728 species_filter=0 restriction=0 direction=128 global_front=0 occupied=166 connection=0 min_dist=0 pre_shell=1434 post_shell=26 tested_energy=26
[TEMPLATE DEBUG] camada candidata z: min=66.253930 max=66.253930 n=26
step=00167 species=  C N=00295 vac=0000 axis=z surf=xy Eads=-7.6650 eV P=8.741e-01 E=-2694.2229 eV hmax=26.089 A hmean=20.510 A rough=0.009 A occ1=1.000 tested=26
[TEMPLATE DEBUG] total=1728 species_filter=0 restriction=0 direction=128 global_front=0 occupied=167 connection=0 min_dist=0 pre_shell=1433 post_shell=25 tested_energy=25
[TEMPLATE DEBUG] camada candidata z: min=66.253930 max=66.253930 n=25
step=00168 species=  C N=00296 vac=0000 axis=z surf=xy Eads=-11.6047 eV P=1.000e+00 E=-2706.8306 eV hmax=26.089 A hmean=20.872 A rough=0.011 A occ1=1.000 tested=25
[TEMPLATE DEBUG] total=1728 species_filter=0 restriction=0 direction=128 global_front=0 occupied=168 connection=0 min_dist=0 pre_shell=1432 post_shell=24 tested_energy=24
[TEMPLATE DEBUG] camada candidata z: min=66.253930 max=66.253930 n=24
step=00169 species=  C N=00297 vac=0000 axis=z surf=xy Eads=-4.3462 eV P=9.982e-01 E=-2711.8176 eV hmax=26.089 A hmean=21.017 A rough=0.011 A occ1=1.000 tested=24
[TEMPLATE DEBUG] total=1728 species_filter=0 restriction=0 direction=128 global_front=0 occupied=169 connection=0 min_dist=0 pre_shell=1431 post_shell=23 tested_energy=23
[TEMPLATE DEBUG] camada candidata z: min=66.253930 max=66.253930 n=23
step=00170 species=  C N=00298 vac=0000 axis=z surf=xy Eads=-7.3108 eV P=7.767e-01 E=-2720.0161 eV hmax=26.089 A hmean=21.090 A rough=0.011 A occ1=1.000 tested=23
[TEMPLATE DEBUG] total=1728 species_filter=0 restriction=0 direction=128 global_front=0 occupied=170 connection=0 min_dist=0 pre_shell=1430 post_shell=22 tested_energy=22
[TEMPLATE DEBUG] camada candidata z: min=66.253930 max=66.253930 n=22
step=00171 species=  C N=00299 vac=0000 axis=z surf=xy Eads=-7.0178 eV P=1.000e+00 E=-2727.6465 eV hmax=26.089 A hmean=20.945 A rough=0.011 A occ1=1.000 tested=22
[TEMPLATE DEBUG] total=1728 species_filter=0 restriction=0 direction=128 global_front=0 occupied=171 connection=0 min_dist=0 pre_shell=1429 post_shell=21 tested_energy=21
[TEMPLATE DEBUG] camada candidata z: min=66.253930 max=66.253930 n=21
step=00172 species=  C N=00300 vac=0000 axis=z surf=xy Eads=-7.6565 eV P=1.000e+00 E=-2736.0063 eV hmax=26.089 A hmean=21.017 A rough=0.011 A occ1=1.000 tested=21
[TEMPLATE DEBUG] total=1728 species_filter=0 restriction=0 direction=128 global_front=0 occupied=172 connection=0 min_dist=0 pre_shell=1428 post_shell=20 tested_energy=20
[TEMPLATE DEBUG] camada candidata z: min=66.253930 max=66.253930 n=20
step=00173 species=  C N=00301 vac=0000 axis=z surf=xy Eads=-7.4961 eV P=1.000e+00 E=-2744.0671 eV hmax=26.090 A hmean=21.162 A rough=0.011 A occ1=1.000 tested=20
[TEMPLATE DEBUG] total=1728 species_filter=0 restriction=0 direction=128 global_front=0 occupied=173 connection=0 min_dist=0 pre_shell=1427 post_shell=19 tested_energy=19
[TEMPLATE DEBUG] camada candidata z: min=66.253930 max=66.253930 n=19
step=00174 species=  C N=00302 vac=0000 axis=z surf=xy Eads=-9.4075 eV P=1.000e+00 E=-2755.0806 eV hmax=26.090 A hmean=21.235 A rough=0.012 A occ1=1.000 tested=19
[TEMPLATE DEBUG] total=1728 species_filter=0 restriction=0 direction=128 global_front=0 occupied=174 connection=0 min_dist=0 pre_shell=1426 post_shell=18 tested_energy=18
[TEMPLATE DEBUG] camada candidata z: min=66.253930 max=66.253930 n=18
step=00175 species=  C N=00303 vac=0000 axis=z surf=xy Eads=-5.5798 eV P=1.000e+00 E=-2761.3616 eV hmax=26.090 A hmean=21.379 A rough=0.012 A occ1=1.000 tested=18
[TEMPLATE DEBUG] total=1728 species_filter=0 restriction=0 direction=128 global_front=0 occupied=175 connection=0 min_dist=0 pre_shell=1425 post_shell=17 tested_energy=17
[TEMPLATE DEBUG] camada candidata z: min=66.253930 max=66.253930 n=17
step=00176 species=  C N=00304 vac=0000 axis=z surf=xy Eads=-9.4131 eV P=1.000e+00 E=-2771.8821 eV hmax=26.090 A hmean=21.524 A rough=0.012 A occ1=1.000 tested=17
[TEMPLATE DEBUG] total=1728 species_filter=0 restriction=0 direction=128 global_front=0 occupied=176 connection=0 min_dist=0 pre_shell=1424 post_shell=16 tested_energy=16
[TEMPLATE DEBUG] camada candidata z: min=66.253930 max=66.253930 n=16
step=00177 species=  C N=00305 vac=0000 axis=z surf=xy Eads=-5.8962 eV P=8.677e-01 E=-2778.2688 eV hmax=26.090 A hmean=21.813 A rough=0.012 A occ1=1.000 tested=16
[TEMPLATE DEBUG] total=1728 species_filter=0 restriction=0 direction=128 global_front=0 occupied=177 connection=0 min_dist=0 pre_shell=1423 post_shell=15 tested_energy=15
[TEMPLATE DEBUG] camada candidata z: min=66.253930 max=66.253930 n=15
step=00178 species=  C N=00306 vac=0000 axis=z surf=xy Eads=-8.3464 eV P=1.000e+00 E=-2787.6746 eV hmax=26.090 A hmean=21.958 A rough=0.012 A occ1=1.000 tested=15
[TEMPLATE DEBUG] total=1728 species_filter=0 restriction=0 direction=128 global_front=0 occupied=178 connection=0 min_dist=0 pre_shell=1422 post_shell=14 tested_energy=14
[TEMPLATE DEBUG] camada candidata z: min=66.253930 max=66.253930 n=14
step=00179 species=  C N=00307 vac=0000 axis=z surf=xy Eads=-6.7534 eV P=9.070e-01 E=-2794.7356 eV hmax=26.092 A hmean=22.031 A rough=0.012 A occ1=1.000 tested=14
[TEMPLATE DEBUG] total=1728 species_filter=0 restriction=0 direction=128 global_front=0 occupied=179 connection=0 min_dist=0 pre_shell=1421 post_shell=13 tested_energy=13
[TEMPLATE DEBUG] camada candidata z: min=66.253930 max=66.253930 n=13
step=00180 species=  C N=00308 vac=0000 axis=z surf=xy Eads=-7.8474 eV P=9.862e-01 E=-2803.9302 eV hmax=26.099 A hmean=22.103 A rough=0.013 A occ1=1.000 tested=13
[TEMPLATE DEBUG] total=1728 species_filter=0 restriction=0 direction=128 global_front=0 occupied=180 connection=0 min_dist=0 pre_shell=1420 post_shell=12 tested_energy=12
[TEMPLATE DEBUG] camada candidata z: min=66.253930 max=66.253930 n=12
step=00181 species=  C N=00309 vac=0000 axis=z surf=xy Eads=-7.5129 eV P=9.999e-01 E=-2812.9590 eV hmax=26.099 A hmean=22.247 A rough=0.012 A occ1=1.000 tested=12
[TEMPLATE DEBUG] total=1728 species_filter=0 restriction=0 direction=128 global_front=0 occupied=181 connection=0 min_dist=0 pre_shell=1419 post_shell=11 tested_energy=11
[TEMPLATE DEBUG] camada candidata z: min=66.253930 max=66.253930 n=11
step=00182 species=  C N=00310 vac=0000 axis=z surf=xy Eads=-9.8110 eV P=1.000e+00 E=-2824.2415 eV hmax=26.099 A hmean=21.958 A rough=0.012 A occ1=1.000 tested=11
[TEMPLATE DEBUG] total=1728 species_filter=0 restriction=0 direction=128 global_front=0 occupied=182 connection=0 min_dist=0 pre_shell=1418 post_shell=10 tested_energy=10
[TEMPLATE DEBUG] camada candidata z: min=66.253930 max=66.253930 n=10
step=00183 species=  C N=00311 vac=0000 axis=z surf=xy Eads=-8.6868 eV P=1.000e+00 E=-2834.6641 eV hmax=26.093 A hmean=22.247 A rough=0.011 A occ1=1.000 tested=10
[TEMPLATE DEBUG] total=1728 species_filter=0 restriction=0 direction=128 global_front=0 occupied=183 connection=0 min_dist=0 pre_shell=1417 post_shell=9 tested_energy=9
[TEMPLATE DEBUG] camada candidata z: min=66.253930 max=66.253930 n=9
step=00184 species=  C N=00312 vac=0000 axis=z surf=xy Eads=-7.9253 eV P=1.000e+00 E=-2844.7334 eV hmax=26.088 A hmean=22.392 A rough=0.010 A occ1=1.000 tested=9
[TEMPLATE DEBUG] total=1728 species_filter=0 restriction=0 direction=128 global_front=0 occupied=184 connection=0 min_dist=0 pre_shell=1416 post_shell=8 tested_energy=8
[TEMPLATE DEBUG] camada candidata z: min=66.253930 max=66.253930 n=8
step=00185 species=  C N=00313 vac=0000 axis=z surf=xy Eads=-10.2944 eV P=1.000e+00 E=-2856.0632 eV hmax=26.083 A hmean=22.464 A rough=0.009 A occ1=1.000 tested=8
[TEMPLATE DEBUG] total=1728 species_filter=0 restriction=0 direction=128 global_front=0 occupied=185 connection=0 min_dist=0 pre_shell=1415 post_shell=7 tested_energy=7
[TEMPLATE DEBUG] camada candidata z: min=66.253930 max=66.253930 n=7
step=00186 species=  C N=00314 vac=0000 axis=z surf=xy Eads=-11.1152 eV P=1.000e+00 E=-2867.5210 eV hmax=26.083 A hmean=23.115 A rough=0.009 A occ1=1.000 tested=7
[TEMPLATE DEBUG] total=1728 species_filter=0 restriction=0 direction=128 global_front=0 occupied=186 connection=0 min_dist=0 pre_shell=1414 post_shell=6 tested_energy=6
[TEMPLATE DEBUG] camada candidata z: min=66.253930 max=66.253930 n=6
step=00187 species=  C N=00315 vac=0000 axis=z surf=xy Eads=-7.2590 eV P=4.234e-01 E=-2874.9668 eV hmax=26.083 A hmean=23.260 A rough=0.009 A occ1=1.000 tested=6
[TEMPLATE DEBUG] total=1728 species_filter=0 restriction=0 direction=128 global_front=0 occupied=187 connection=0 min_dist=0 pre_shell=1413 post_shell=5 tested_energy=5
[TEMPLATE DEBUG] camada candidata z: min=66.253930 max=66.253930 n=5
step=00188 species=  C N=00316 vac=0000 axis=z surf=xy Eads=-11.7151 eV P=9.070e-01 E=-2886.9836 eV hmax=26.079 A hmean=23.332 A rough=0.008 A occ1=1.000 tested=5
[TEMPLATE DEBUG] total=1728 species_filter=0 restriction=0 direction=128 global_front=0 occupied=188 connection=0 min_dist=0 pre_shell=1412 post_shell=4 tested_energy=4
[TEMPLATE DEBUG] camada candidata z: min=66.253930 max=66.253930 n=4
step=00189 species=  C N=00317 vac=0000 axis=z surf=xy Eads=-10.5183 eV P=6.688e-01 E=-2897.9795 eV hmax=26.079 A hmean=23.621 A rough=0.008 A occ1=1.000 tested=4
[TEMPLATE DEBUG] total=1728 species_filter=0 restriction=0 direction=128 global_front=0 occupied=189 connection=0 min_dist=0 pre_shell=1411 post_shell=3 tested_energy=3
[TEMPLATE DEBUG] camada candidata z: min=66.253930 max=66.253930 n=3
step=00190 species=  C N=00318 vac=0000 axis=z surf=xy Eads=-11.4614 eV P=9.749e-01 E=-2909.7454 eV hmax=26.079 A hmean=23.549 A rough=0.007 A occ1=1.000 tested=3
[TEMPLATE DEBUG] total=1728 species_filter=0 restriction=0 direction=128 global_front=0 occupied=190 connection=0 min_dist=0 pre_shell=1410 post_shell=2 tested_energy=2
[TEMPLATE DEBUG] camada candidata z: min=66.253930 max=66.253930 n=2
step=00191 species=  C N=00319 vac=0000 axis=z surf=xy Eads=-11.2246 eV P=1.355e-01 E=-2921.2998 eV hmax=26.077 A hmean=23.621 A rough=0.007 A occ1=1.000 tested=2
[TEMPLATE DEBUG] total=1728 species_filter=0 restriction=0 direction=128 global_front=0 occupied=191 connection=0 min_dist=0 pre_shell=1409 post_shell=1 tested_energy=1
[TEMPLATE DEBUG] camada candidata z: min=66.253930 max=66.253930 n=1
step=00192 species=  C N=00320 vac=0000 axis=z surf=xy Eads=-15.4346 eV P=1.000e+00 E=-2936.9824 eV hmax=26.075 A hmean=23.766 A rough=0.006 A occ1=1.000 tested=1
[TEMPLATE DEBUG] total=1728 species_filter=0 restriction=0 direction=128 global_front=0 occupied=192 connection=0 min_dist=0 pre_shell=1408 post_shell=32 tested_energy=32
[TEMPLATE DEBUG] camada candidata z: min=70.596449 max=70.596449 n=32
step=00193 species=  C N=00321 vac=0000 axis=z surf=xy Eads=-1.9829 eV P=3.264e-02 E=-2938.9768 eV hmax=30.447 A hmean=23.912 A rough=0.000 A occ1=1.000 tested=32
[TEMPLATE DEBUG] total=1728 species_filter=0 restriction=0 direction=128 global_front=0 occupied=193 connection=0 min_dist=0 pre_shell=1407 post_shell=31 tested_energy=31
[TEMPLATE DEBUG] camada candidata z: min=70.596449 max=70.596449 n=31
step=00194 species=  C N=00322 vac=0000 axis=z surf=xy Eads=-8.3240 eV P=3.321e-01 E=-2947.5361 eV hmax=30.451 A hmean=23.984 A rough=0.022 A occ1=1.000 tested=31
[TEMPLATE DEBUG] total=1728 species_filter=0 restriction=0 direction=128 global_front=0 occupied=194 connection=0 min_dist=0 pre_shell=1406 post_shell=30 tested_energy=30
[TEMPLATE DEBUG] camada candidata z: min=70.596449 max=70.596449 n=30
step=00195 species=  C N=00323 vac=0000 axis=z surf=xy Eads=-7.4441 eV P=2.133e-01 E=-2955.5869 eV hmax=30.435 A hmean=24.129 A rough=0.008 A occ1=1.000 tested=30
[TEMPLATE DEBUG] total=1728 species_filter=0 restriction=0 direction=128 global_front=0 occupied=195 connection=0 min_dist=0 pre_shell=1405 post_shell=29 tested_energy=29
[TEMPLATE DEBUG] camada candidata z: min=70.596449 max=70.596449 n=29
step=00196 species=  C N=00324 vac=0000 axis=z surf=xy Eads=-7.6880 eV P=7.585e-01 E=-2963.8071 eV hmax=30.432 A hmean=24.636 A rough=0.012 A occ1=1.000 tested=29
[TEMPLATE DEBUG] total=1728 species_filter=0 restriction=0 direction=128 global_front=0 occupied=196 connection=0 min_dist=0 pre_shell=1404 post_shell=28 tested_energy=28
[TEMPLATE DEBUG] camada candidata z: min=70.596449 max=70.596449 n=28
step=00197 species=  C N=00325 vac=0000 axis=z surf=xy Eads=-7.5686 eV P=9.991e-01 E=-2971.7083 eV hmax=30.431 A hmean=24.708 A rough=0.011 A occ1=1.000 tested=28
[TEMPLATE DEBUG] total=1728 species_filter=0 restriction=0 direction=128 global_front=0 occupied=197 connection=0 min_dist=0 pre_shell=1403 post_shell=27 tested_energy=27
[TEMPLATE DEBUG] camada candidata z: min=70.596449 max=70.596449 n=27
step=00198 species=  C N=00326 vac=0000 axis=z surf=xy Eads=-7.4734 eV P=6.458e-01 E=-2979.6482 eV hmax=30.431 A hmean=24.781 A rough=0.011 A occ1=1.000 tested=27
[TEMPLATE DEBUG] total=1728 species_filter=0 restriction=0 direction=128 global_front=0 occupied=198 connection=0 min_dist=0 pre_shell=1402 post_shell=26 tested_energy=26
[TEMPLATE DEBUG] camada candidata z: min=70.596449 max=70.596449 n=26
step=00199 species=  C N=00327 vac=0000 axis=z surf=xy Eads=-7.5938 eV P=9.031e-01 E=-2987.8328 eV hmax=30.431 A hmean=24.926 A rough=0.010 A occ1=1.000 tested=26
[TEMPLATE DEBUG] total=1728 species_filter=0 restriction=0 direction=128 global_front=0 occupied=199 connection=0 min_dist=0 pre_shell=1401 post_shell=25 tested_energy=25
[TEMPLATE DEBUG] camada candidata z: min=70.596449 max=70.596449 n=25
step=00200 species=  C N=00328 vac=0000 axis=z surf=xy Eads=-11.5923 eV P=1.000e+00 E=-3000.4844 eV hmax=30.431 A hmean=25.143 A rough=0.011 A occ1=1.000 tested=25
[TEMPLATE DEBUG] total=1728 species_filter=0 restriction=0 direction=128 global_front=0 occupied=200 connection=0 min_dist=0 pre_shell=1400 post_shell=24 tested_energy=24
[TEMPLATE DEBUG] camada candidata z: min=70.596449 max=70.596449 n=24
step=00201 species=  C N=00329 vac=0000 axis=z surf=xy Eads=-4.2827 eV P=9.977e-01 E=-3005.4653 eV hmax=30.431 A hmean=25.287 A rough=0.011 A occ1=1.000 tested=24
[TEMPLATE DEBUG] total=1728 species_filter=0 restriction=0 direction=128 global_front=0 occupied=201 connection=0 min_dist=0 pre_shell=1399 post_shell=23 tested_energy=23
[TEMPLATE DEBUG] camada candidata z: min=70.596449 max=70.596449 n=23
step=00202 species=  C N=00330 vac=0000 axis=z surf=xy Eads=-7.2871 eV P=7.017e-01 E=-3013.6624 eV hmax=30.431 A hmean=25.070 A rough=0.011 A occ1=1.000 tested=23
[TEMPLATE DEBUG] total=1728 species_filter=0 restriction=0 direction=128 global_front=0 occupied=202 connection=0 min_dist=0 pre_shell=1398 post_shell=22 tested_energy=22
[TEMPLATE DEBUG] camada candidata z: min=70.596449 max=70.596449 n=22
step=00203 species=  C N=00331 vac=0000 axis=z surf=xy Eads=-7.0195 eV P=1.000e+00 E=-3021.2974 eV hmax=30.431 A hmean=25.794 A rough=0.012 A occ1=1.000 tested=22
[TEMPLATE DEBUG] total=1728 species_filter=0 restriction=0 direction=128 global_front=0 occupied=203 connection=0 min_dist=0 pre_shell=1397 post_shell=21 tested_energy=21
[TEMPLATE DEBUG] camada candidata z: min=70.596449 max=70.596449 n=21
step=00204 species=  C N=00332 vac=0000 axis=z surf=xy Eads=-7.6606 eV P=1.000e+00 E=-3029.6619 eV hmax=30.431 A hmean=25.867 A rough=0.011 A occ1=1.000 tested=21
[TEMPLATE DEBUG] total=1728 species_filter=0 restriction=0 direction=128 global_front=0 occupied=204 connection=0 min_dist=0 pre_shell=1396 post_shell=20 tested_energy=20
[TEMPLATE DEBUG] camada candidata z: min=70.596449 max=70.596449 n=20
step=00205 species=  C N=00333 vac=0000 axis=z surf=xy Eads=-7.4963 eV P=1.000e+00 E=-3037.7180 eV hmax=30.432 A hmean=26.011 A rough=0.012 A occ1=1.000 tested=20
[TEMPLATE DEBUG] total=1728 species_filter=0 restriction=0 direction=128 global_front=0 occupied=205 connection=0 min_dist=0 pre_shell=1395 post_shell=19 tested_energy=19
[TEMPLATE DEBUG] camada candidata z: min=70.596449 max=70.596449 n=19
step=00206 species=  C N=00334 vac=0000 axis=z surf=xy Eads=-9.4045 eV P=1.000e+00 E=-3048.8428 eV hmax=30.432 A hmean=26.084 A rough=0.012 A occ1=1.000 tested=19
[TEMPLATE DEBUG] total=1728 species_filter=0 restriction=0 direction=128 global_front=0 occupied=206 connection=0 min_dist=0 pre_shell=1394 post_shell=18 tested_energy=18
[TEMPLATE DEBUG] camada candidata z: min=70.596449 max=70.596449 n=18
step=00207 species=  C N=00335 vac=0000 axis=z surf=xy Eads=-5.4834 eV P=9.991e-01 E=-3055.0642 eV hmax=30.432 A hmean=26.156 A rough=0.012 A occ1=1.000 tested=18
[TEMPLATE DEBUG] total=1728 species_filter=0 restriction=0 direction=128 global_front=0 occupied=207 connection=0 min_dist=0 pre_shell=1393 post_shell=17 tested_energy=17
[TEMPLATE DEBUG] camada candidata z: min=70.596449 max=70.596449 n=17
step=00208 species=  C N=00336 vac=0000 axis=z surf=xy Eads=-9.4099 eV P=1.000e+00 E=-3065.5735 eV hmax=30.432 A hmean=26.590 A rough=0.013 A occ1=1.000 tested=17
[TEMPLATE DEBUG] total=1728 species_filter=0 restriction=0 direction=128 global_front=0 occupied=208 connection=0 min_dist=0 pre_shell=1392 post_shell=16 tested_energy=16
[TEMPLATE DEBUG] camada candidata z: min=70.596449 max=70.596449 n=16
step=00209 species=  C N=00337 vac=0000 axis=z surf=xy Eads=-5.9307 eV P=9.153e-01 E=-3071.9570 eV hmax=30.432 A hmean=26.735 A rough=0.012 A occ1=1.000 tested=16
[TEMPLATE DEBUG] total=1728 species_filter=0 restriction=0 direction=128 global_front=0 occupied=209 connection=0 min_dist=0 pre_shell=1391 post_shell=15 tested_energy=15
[TEMPLATE DEBUG] camada candidata z: min=70.596449 max=70.596449 n=15
step=00210 species=  C N=00338 vac=0000 axis=z surf=xy Eads=-8.3130 eV P=1.000e+00 E=-3081.2954 eV hmax=30.432 A hmean=26.735 A rough=0.012 A occ1=1.000 tested=15
[TEMPLATE DEBUG] total=1728 species_filter=0 restriction=0 direction=128 global_front=0 occupied=210 connection=0 min_dist=0 pre_shell=1390 post_shell=14 tested_energy=14
[TEMPLATE DEBUG] camada candidata z: min=70.596449 max=70.596449 n=14
step=00211 species=  C N=00339 vac=0000 axis=z surf=xy Eads=-6.7625 eV P=9.835e-01 E=-3088.3574 eV hmax=30.433 A hmean=26.590 A rough=0.012 A occ1=1.000 tested=14
[TEMPLATE DEBUG] total=1728 species_filter=0 restriction=0 direction=128 global_front=0 occupied=211 connection=0 min_dist=0 pre_shell=1389 post_shell=13 tested_energy=13
[TEMPLATE DEBUG] camada candidata z: min=70.596449 max=70.596449 n=13
step=00212 species=  C N=00340 vac=0000 axis=z surf=xy Eads=-7.8259 eV P=9.715e-01 E=-3097.1636 eV hmax=30.436 A hmean=26.879 A rough=0.012 A occ1=1.000 tested=13
[TEMPLATE DEBUG] total=1728 species_filter=0 restriction=0 direction=128 global_front=0 occupied=212 connection=0 min_dist=0 pre_shell=1388 post_shell=12 tested_energy=12
[TEMPLATE DEBUG] camada candidata z: min=70.596449 max=70.596449 n=12
step=00213 species=  C N=00341 vac=0000 axis=z surf=xy Eads=-6.8823 eV P=1.000e+00 E=-3106.3303 eV hmax=30.441 A hmean=27.168 A rough=0.012 A occ1=1.000 tested=12
[TEMPLATE DEBUG] total=1728 species_filter=0 restriction=0 direction=128 global_front=0 occupied=213 connection=0 min_dist=0 pre_shell=1387 post_shell=11 tested_energy=11
[TEMPLATE DEBUG] camada candidata z: min=70.596449 max=70.596449 n=11
step=00214 species=  C N=00342 vac=0000 axis=z surf=xy Eads=-10.2607 eV P=1.000e+00 E=-3117.8667 eV hmax=30.441 A hmean=26.734 A rough=0.012 A occ1=1.000 tested=11
[TEMPLATE DEBUG] total=1728 species_filter=0 restriction=0 direction=128 global_front=0 occupied=214 connection=0 min_dist=0 pre_shell=1386 post_shell=10 tested_energy=10
[TEMPLATE DEBUG] camada candidata z: min=70.596449 max=70.596449 n=10
step=00215 species=  C N=00343 vac=0000 axis=z surf=xy Eads=-9.1023 eV P=1.000e+00 E=-3128.1672 eV hmax=30.441 A hmean=26.806 A rough=0.012 A occ1=1.000 tested=10
[TEMPLATE DEBUG] total=1728 species_filter=0 restriction=0 direction=128 global_front=0 occupied=215 connection=0 min_dist=0 pre_shell=1385 post_shell=9 tested_energy=9
[TEMPLATE DEBUG] camada candidata z: min=70.596449 max=70.596449 n=9
step=00216 species=  C N=00344 vac=0000 axis=z surf=xy Eads=-7.7703 eV P=1.000e+00 E=-3138.3660 eV hmax=30.437 A hmean=27.023 A rough=0.011 A occ1=1.000 tested=9
[TEMPLATE DEBUG] total=1728 species_filter=0 restriction=0 direction=128 global_front=0 occupied=216 connection=0 min_dist=0 pre_shell=1384 post_shell=8 tested_energy=8
[TEMPLATE DEBUG] camada candidata z: min=70.596449 max=70.596449 n=8
step=00217 species=  C N=00345 vac=0000 axis=z surf=xy Eads=-10.1763 eV P=1.000e+00 E=-3149.6506 eV hmax=30.433 A hmean=26.950 A rough=0.010 A occ1=1.000 tested=8
[TEMPLATE DEBUG] total=1728 species_filter=0 restriction=0 direction=128 global_front=0 occupied=217 connection=0 min_dist=0 pre_shell=1383 post_shell=7 tested_energy=7
[TEMPLATE DEBUG] camada candidata z: min=70.596449 max=70.596449 n=7
step=00218 species=  C N=00346 vac=0000 axis=z surf=xy Eads=-11.2234 eV P=1.000e+00 E=-3161.1975 eV hmax=30.426 A hmean=27.385 A rough=0.009 A occ1=1.000 tested=7
[TEMPLATE DEBUG] total=1728 species_filter=0 restriction=0 direction=128 global_front=0 occupied=218 connection=0 min_dist=0 pre_shell=1382 post_shell=6 tested_energy=6
[TEMPLATE DEBUG] camada candidata z: min=70.596449 max=70.596449 n=6
step=00219 species=  C N=00347 vac=0000 axis=z surf=xy Eads=-7.2644 eV P=3.793e-01 E=-3168.8003 eV hmax=30.420 A hmean=27.457 A rough=0.008 A occ1=1.000 tested=6
[TEMPLATE DEBUG] total=1728 species_filter=0 restriction=0 direction=128 global_front=0 occupied=219 connection=0 min_dist=0 pre_shell=1381 post_shell=5 tested_energy=5
[TEMPLATE DEBUG] camada candidata z: min=70.596449 max=70.596449 n=5
step=00220 species=  C N=00348 vac=0000 axis=z surf=xy Eads=-11.4092 eV P=5.424e-01 E=-3180.5422 eV hmax=30.417 A hmean=27.601 A rough=0.007 A occ1=1.000 tested=5
[TEMPLATE DEBUG] total=1728 species_filter=0 restriction=0 direction=128 global_front=0 occupied=220 connection=0 min_dist=0 pre_shell=1380 post_shell=4 tested_energy=4
[TEMPLATE DEBUG] camada candidata z: min=70.596449 max=70.596449 n=4
step=00221 species=  C N=00349 vac=0000 axis=z surf=xy Eads=-10.6030 eV P=6.128e-01 E=-3191.6301 eV hmax=30.417 A hmean=27.457 A rough=0.007 A occ1=1.000 tested=4
[TEMPLATE DEBUG] total=1728 species_filter=0 restriction=0 direction=128 global_front=0 occupied=221 connection=0 min_dist=0 pre_shell=1379 post_shell=3 tested_energy=3
[TEMPLATE DEBUG] camada candidata z: min=70.596449 max=70.596449 n=3
step=00222 species=  C N=00350 vac=0000 axis=z surf=xy Eads=-11.4729 eV P=8.944e-01 E=-3203.4138 eV hmax=30.415 A hmean=27.167 A rough=0.006 A occ1=1.000 tested=3
[TEMPLATE DEBUG] total=1728 species_filter=0 restriction=0 direction=128 global_front=0 occupied=222 connection=0 min_dist=0 pre_shell=1378 post_shell=2 tested_energy=2
[TEMPLATE DEBUG] camada candidata z: min=70.596449 max=70.596449 n=2
step=00223 species=  C N=00351 vac=0000 axis=z surf=xy Eads=-11.3254 eV P=8.178e-01 E=-3215.0029 eV hmax=30.415 A hmean=27.389 A rough=0.006 A occ1=1.000 tested=2
[TEMPLATE DEBUG] total=1728 species_filter=0 restriction=0 direction=128 global_front=0 occupied=223 connection=0 min_dist=0 pre_shell=1377 post_shell=1 tested_energy=1
[TEMPLATE DEBUG] camada candidata z: min=70.596449 max=70.596449 n=1
step=00224 species=  C N=00352 vac=0000 axis=z surf=xy Eads=-15.3770 eV P=1.000e+00 E=-3230.6599 eV hmax=30.415 A hmean=27.601 A rough=0.006 A occ1=1.000 tested=1
[TEMPLATE DEBUG] total=1728 species_filter=0 restriction=0 direction=128 global_front=0 occupied=224 connection=0 min_dist=0 pre_shell=1376 post_shell=32 tested_energy=32
[TEMPLATE DEBUG] camada candidata z: min=74.938968 max=74.938968 n=32
step=00225 species=  C N=00353 vac=0000 axis=z surf=xy Eads=-1.9851 eV P=3.449e-02 E=-3232.6575 eV hmax=34.791 A hmean=27.746 A rough=0.000 A occ1=1.000 tested=32
[TEMPLATE DEBUG] total=1728 species_filter=0 restriction=0 direction=128 global_front=0 occupied=225 connection=0 min_dist=0 pre_shell=1375 post_shell=31 tested_energy=31
[TEMPLATE DEBUG] camada candidata z: min=74.938968 max=74.938968 n=31
step=00226 species=  C N=00354 vac=0000 axis=z surf=xy Eads=-8.3235 eV P=3.371e-01 E=-3241.2153 eV hmax=34.795 A hmean=27.888 A rough=0.023 A occ1=1.000 tested=31
[TEMPLATE DEBUG] total=1728 species_filter=0 restriction=0 direction=128 global_front=0 occupied=226 connection=0 min_dist=0 pre_shell=1374 post_shell=30 tested_energy=30
[TEMPLATE DEBUG] camada candidata z: min=74.938968 max=74.938968 n=30
step=00227 species=  C N=00355 vac=0000 axis=z surf=xy Eads=-7.4431 eV P=2.127e-01 E=-3249.2656 eV hmax=34.779 A hmean=27.964 A rough=0.008 A occ1=1.000 tested=30
[TEMPLATE DEBUG] total=1728 species_filter=0 restriction=0 direction=128 global_front=0 occupied=227 connection=0 min_dist=0 pre_shell=1373 post_shell=29 tested_energy=29
[TEMPLATE DEBUG] camada candidata z: min=74.938968 max=74.938968 n=29
step=00228 species=  C N=00356 vac=0000 axis=z surf=xy Eads=-7.6379 eV P=2.404e-01 E=-3257.4763 eV hmax=34.775 A hmean=28.037 A rough=0.010 A occ1=1.000 tested=29
[TEMPLATE DEBUG] total=1728 species_filter=0 restriction=0 direction=128 global_front=0 occupied=228 connection=0 min_dist=0 pre_shell=1372 post_shell=28 tested_energy=28
[TEMPLATE DEBUG] camada candidata z: min=74.938968 max=74.938968 n=28
step=00229 species=  C N=00357 vac=0000 axis=z surf=xy Eads=-7.5898 eV P=9.993e-01 E=-3265.3896 eV hmax=34.774 A hmean=28.109 A rough=0.011 A occ1=1.000 tested=28
[TEMPLATE DEBUG] total=1728 species_filter=0 restriction=0 direction=128 global_front=0 occupied=229 connection=0 min_dist=0 pre_shell=1371 post_shell=27 tested_energy=27
[TEMPLATE DEBUG] camada candidata z: min=74.938968 max=74.938968 n=27
step=00230 species=  C N=00358 vac=0000 axis=z surf=xy Eads=-7.4761 eV P=6.812e-01 E=-3273.3274 eV hmax=34.774 A hmean=28.182 A rough=0.010 A occ1=1.000 tested=27
[TEMPLATE DEBUG] total=1728 species_filter=0 restriction=0 direction=128 global_front=0 occupied=230 connection=0 min_dist=0 pre_shell=1370 post_shell=26 tested_energy=26
[TEMPLATE DEBUG] camada candidata z: min=74.938968 max=74.938968 n=26
step=00231 species=  C N=00359 vac=0000 axis=z surf=xy Eads=-7.5925 eV P=9.036e-01 E=-3281.5100 eV hmax=34.774 A hmean=28.255 A rough=0.009 A occ1=1.000 tested=26
[TEMPLATE DEBUG] total=1728 species_filter=0 restriction=0 direction=128 global_front=0 occupied=231 connection=0 min_dist=0 pre_shell=1369 post_shell=25 tested_energy=25
[TEMPLATE DEBUG] camada candidata z: min=74.938968 max=74.938968 n=25
step=00232 species=  C N=00360 vac=0000 axis=z surf=xy Eads=-11.5913 eV P=1.000e+00 E=-3294.1611 eV hmax=34.774 A hmean=28.327 A rough=0.011 A occ1=1.000 tested=25
[TEMPLATE DEBUG] total=1728 species_filter=0 restriction=0 direction=128 global_front=0 occupied=232 connection=0 min_dist=0 pre_shell=1368 post_shell=24 tested_energy=24
[TEMPLATE DEBUG] camada candidata z: min=74.938968 max=74.938968 n=24
step=00233 species=  C N=00361 vac=0000 axis=z surf=xy Eads=-4.2815 eV P=9.977e-01 E=-3299.1414 eV hmax=34.774 A hmean=28.472 A rough=0.011 A occ1=1.000 tested=24
[TEMPLATE DEBUG] total=1728 species_filter=0 restriction=0 direction=128 global_front=0 occupied=233 connection=0 min_dist=0 pre_shell=1367 post_shell=23 tested_energy=23
[TEMPLATE DEBUG] camada candidata z: min=74.938968 max=74.938968 n=23
step=00234 species=  C N=00362 vac=0000 axis=z surf=xy Eads=-7.2859 eV P=7.006e-01 E=-3307.3369 eV hmax=34.774 A hmean=28.979 A rough=0.011 A occ1=1.000 tested=23
[TEMPLATE DEBUG] total=1728 species_filter=0 restriction=0 direction=128 global_front=0 occupied=234 connection=0 min_dist=0 pre_shell=1366 post_shell=22 tested_energy=22
[TEMPLATE DEBUG] camada candidata z: min=74.938968 max=74.938968 n=22
step=00235 species=  C N=00363 vac=0000 axis=z surf=xy Eads=-7.0178 eV P=1.000e+00 E=-3314.9717 eV hmax=34.774 A hmean=29.123 A rough=0.011 A occ1=1.000 tested=22
[TEMPLATE DEBUG] total=1728 species_filter=0 restriction=0 direction=128 global_front=0 occupied=235 connection=0 min_dist=0 pre_shell=1365 post_shell=21 tested_energy=21
[TEMPLATE DEBUG] camada candidata z: min=74.938968 max=74.938968 n=21
step=00236 species=  C N=00364 vac=0000 axis=z surf=xy Eads=-7.6611 eV P=1.000e+00 E=-3323.3367 eV hmax=34.774 A hmean=29.340 A rough=0.011 A occ1=1.000 tested=21
[TEMPLATE DEBUG] total=1728 species_filter=0 restriction=0 direction=128 global_front=0 occupied=236 connection=0 min_dist=0 pre_shell=1364 post_shell=20 tested_energy=20
[TEMPLATE DEBUG] camada candidata z: min=74.938968 max=74.938968 n=20
step=00237 species=  C N=00365 vac=0000 axis=z surf=xy Eads=-7.4971 eV P=1.000e+00 E=-3331.3933 eV hmax=34.776 A hmean=28.906 A rough=0.011 A occ1=1.000 tested=20
[TEMPLATE DEBUG] total=1728 species_filter=0 restriction=0 direction=128 global_front=0 occupied=237 connection=0 min_dist=0 pre_shell=1363 post_shell=19 tested_energy=19
[TEMPLATE DEBUG] camada candidata z: min=74.938968 max=74.938968 n=19
step=00238 species=  C N=00366 vac=0000 axis=z surf=xy Eads=-9.4041 eV P=1.000e+00 E=-3342.5190 eV hmax=34.776 A hmean=29.123 A rough=0.012 A occ1=1.000 tested=19
[TEMPLATE DEBUG] total=1728 species_filter=0 restriction=0 direction=128 global_front=0 occupied=238 connection=0 min_dist=0 pre_shell=1362 post_shell=18 tested_energy=18
[TEMPLATE DEBUG] camada candidata z: min=74.938968 max=74.938968 n=18
step=00239 species=  C N=00367 vac=0000 axis=z surf=xy Eads=-5.4817 eV P=9.991e-01 E=-3348.7393 eV hmax=34.776 A hmean=29.629 A rough=0.012 A occ1=1.000 tested=18
[TEMPLATE DEBUG] total=1728 species_filter=0 restriction=0 direction=128 global_front=0 occupied=239 connection=0 min_dist=0 pre_shell=1361 post_shell=17 tested_energy=17
[TEMPLATE DEBUG] camada candidata z: min=74.938968 max=74.938968 n=17
step=00240 species=  C N=00368 vac=0000 axis=z surf=xy Eads=-9.4075 eV P=1.000e+00 E=-3359.2495 eV hmax=34.776 A hmean=29.268 A rough=0.012 A occ1=1.000 tested=17
[TEMPLATE DEBUG] total=1728 species_filter=0 restriction=0 direction=128 global_front=0 occupied=240 connection=0 min_dist=0 pre_shell=1360 post_shell=16 tested_energy=16
[TEMPLATE DEBUG] camada candidata z: min=74.938968 max=74.938968 n=16
step=00241 species=  C N=00369 vac=0000 axis=z surf=xy Eads=-5.9302 eV P=9.144e-01 E=-3365.6326 eV hmax=34.776 A hmean=29.268 A rough=0.012 A occ1=1.000 tested=16
[TEMPLATE DEBUG] total=1728 species_filter=0 restriction=0 direction=128 global_front=0 occupied=241 connection=0 min_dist=0 pre_shell=1359 post_shell=15 tested_energy=15
[TEMPLATE DEBUG] camada candidata z: min=74.938968 max=74.938968 n=15
step=00242 species=  C N=00370 vac=0000 axis=z surf=xy Eads=-8.3140 eV P=1.000e+00 E=-3374.9724 eV hmax=34.776 A hmean=29.267 A rough=0.012 A occ1=1.000 tested=15
[TEMPLATE DEBUG] total=1728 species_filter=0 restriction=0 direction=128 global_front=0 occupied=242 connection=0 min_dist=0 pre_shell=1358 post_shell=14 tested_energy=14
[TEMPLATE DEBUG] camada candidata z: min=74.938968 max=74.938968 n=14
step=00243 species=  C N=00371 vac=0000 axis=z surf=xy Eads=-6.7625 eV P=9.829e-01 E=-3382.0349 eV hmax=34.777 A hmean=29.340 A rough=0.012 A occ1=1.000 tested=14
[TEMPLATE DEBUG] total=1728 species_filter=0 restriction=0 direction=128 global_front=0 occupied=243 connection=0 min_dist=0 pre_shell=1357 post_shell=13 tested_energy=13
[TEMPLATE DEBUG] camada candidata z: min=74.938968 max=74.938968 n=13
step=00244 species=  C N=00372 vac=0000 axis=z surf=xy Eads=-7.8230 eV P=9.704e-01 E=-3390.8345 eV hmax=34.780 A hmean=29.557 A rough=0.012 A occ1=1.000 tested=13
[TEMPLATE DEBUG] total=1728 species_filter=0 restriction=0 direction=128 global_front=0 occupied=244 connection=0 min_dist=0 pre_shell=1356 post_shell=12 tested_energy=12
[TEMPLATE DEBUG] camada candidata z: min=74.938968 max=74.938968 n=12
step=00245 species=  C N=00373 vac=0000 axis=z surf=xy Eads=-6.8840 eV P=1.000e+00 E=-3400.0059 eV hmax=34.785 A hmean=29.774 A rough=0.012 A occ1=1.000 tested=12
[TEMPLATE DEBUG] total=1728 species_filter=0 restriction=0 direction=128 global_front=0 occupied=245 connection=0 min_dist=0 pre_shell=1355 post_shell=11 tested_energy=11
[TEMPLATE DEBUG] camada candidata z: min=74.938968 max=74.938968 n=11
step=00246 species=  C N=00374 vac=0000 axis=z surf=xy Eads=-10.2581 eV P=1.000e+00 E=-3411.5415 eV hmax=34.785 A hmean=29.991 A rough=0.012 A occ1=1.000 tested=11
[TEMPLATE DEBUG] total=1728 species_filter=0 restriction=0 direction=128 global_front=0 occupied=246 connection=0 min_dist=0 pre_shell=1354 post_shell=10 tested_energy=10
[TEMPLATE DEBUG] camada candidata z: min=74.938968 max=74.938968 n=10
step=00247 species=  C N=00375 vac=0000 axis=z surf=xy Eads=-9.1028 eV P=1.000e+00 E=-3421.8420 eV hmax=34.785 A hmean=30.352 A rough=0.012 A occ1=1.000 tested=10
[TEMPLATE DEBUG] total=1728 species_filter=0 restriction=0 direction=128 global_front=0 occupied=247 connection=0 min_dist=0 pre_shell=1353 post_shell=9 tested_energy=9
[TEMPLATE DEBUG] camada candidata z: min=74.938968 max=74.938968 n=9
step=00248 species=  C N=00376 vac=0000 axis=z surf=xy Eads=-7.7725 eV P=1.000e+00 E=-3432.0413 eV hmax=34.781 A hmean=30.785 A rough=0.011 A occ1=1.000 tested=9
[TEMPLATE DEBUG] total=1728 species_filter=0 restriction=0 direction=128 global_front=0 occupied=248 connection=0 min_dist=0 pre_shell=1352 post_shell=8 tested_energy=8
[TEMPLATE DEBUG] camada candidata z: min=74.938968 max=74.938968 n=8
step=00249 species=  C N=00377 vac=0000 axis=z surf=xy Eads=-10.1785 eV P=1.000e+00 E=-3443.3264 eV hmax=34.776 A hmean=31.090 A rough=0.010 A occ1=1.000 tested=8
[TEMPLATE DEBUG] total=1728 species_filter=0 restriction=0 direction=128 global_front=0 occupied=249 connection=0 min_dist=0 pre_shell=1351 post_shell=7 tested_energy=7
[TEMPLATE DEBUG] camada candidata z: min=74.938968 max=74.938968 n=7
step=00250 species=  C N=00378 vac=0000 axis=z surf=xy Eads=-11.2239 eV P=1.000e+00 E=-3454.8733 eV hmax=34.769 A hmean=31.002 A rough=0.008 A occ1=1.000 tested=7
[TEMPLATE DEBUG] total=1728 species_filter=0 restriction=0 direction=128 global_front=0 occupied=250 connection=0 min_dist=0 pre_shell=1350 post_shell=6 tested_energy=6
[TEMPLATE DEBUG] camada candidata z: min=74.938968 max=74.938968 n=6
step=00251 species=  C N=00379 vac=0000 axis=z surf=xy Eads=-7.2756 eV P=4.819e-01 E=-3462.3350 eV hmax=34.764 A hmean=31.219 A rough=0.008 A occ1=1.000 tested=6
[TEMPLATE DEBUG] total=1728 species_filter=0 restriction=0 direction=128 global_front=0 occupied=251 connection=0 min_dist=0 pre_shell=1349 post_shell=5 tested_energy=5
[TEMPLATE DEBUG] camada candidata z: min=74.938968 max=74.938968 n=5
step=00252 species=  C N=00380 vac=0000 axis=z surf=xy Eads=-11.7197 eV P=9.355e-01 E=-3474.3264 eV hmax=34.764 A hmean=31.219 A rough=0.008 A occ1=1.000 tested=5
[TEMPLATE DEBUG] total=1728 species_filter=0 restriction=0 direction=128 global_front=0 occupied=252 connection=0 min_dist=0 pre_shell=1348 post_shell=4 tested_energy=4
[TEMPLATE DEBUG] camada candidata z: min=74.938968 max=74.938968 n=4
step=00253 species=  C N=00381 vac=0000 axis=z surf=xy Eads=-10.5103 eV P=4.689e-01 E=-3485.3604 eV hmax=34.764 A hmean=31.220 A rough=0.007 A occ1=1.000 tested=4
[TEMPLATE DEBUG] total=1728 species_filter=0 restriction=0 direction=128 global_front=0 occupied=253 connection=0 min_dist=0 pre_shell=1347 post_shell=3 tested_energy=3
[TEMPLATE DEBUG] camada candidata z: min=74.938968 max=74.938968 n=3
step=00254 species=  C N=00382 vac=0000 axis=z surf=xy Eads=-11.4644 eV P=9.628e-01 E=-3497.0952 eV hmax=34.764 A hmean=31.364 A rough=0.007 A occ1=1.000 tested=3
[TEMPLATE DEBUG] total=1728 species_filter=0 restriction=0 direction=128 global_front=0 occupied=254 connection=0 min_dist=0 pre_shell=1346 post_shell=2 tested_energy=2
[TEMPLATE DEBUG] camada candidata z: min=74.938968 max=74.938968 n=2
step=00255 species=  C N=00383 vac=0000 axis=z surf=xy Eads=-11.2925 eV P=7.883e-01 E=-3508.6836 eV hmax=34.760 A hmean=31.581 A rough=0.006 A occ1=1.000 tested=2
[TEMPLATE DEBUG] total=1728 species_filter=0 restriction=0 direction=128 global_front=0 occupied=255 connection=0 min_dist=0 pre_shell=1345 post_shell=1 tested_energy=1
[TEMPLATE DEBUG] camada candidata z: min=74.938968 max=74.938968 n=1
step=00256 species=  C N=00384 vac=0000 axis=z surf=xy Eads=-15.3418 eV P=1.000e+00 E=-3524.3284 eV hmax=34.759 A hmean=31.875 A rough=0.006 A occ1=1.000 tested=1
[TEMPLATE DEBUG] total=1728 species_filter=0 restriction=0 direction=128 global_front=0 occupied=256 connection=0 min_dist=0 pre_shell=1344 post_shell=32 tested_energy=32
[TEMPLATE DEBUG] camada candidata z: min=79.281487 max=79.281487 n=32
step=00257 species=  C N=00385 vac=0000 axis=z surf=xy Eads=-1.9763 eV P=2.813e-02 E=-3526.3257 eV hmax=39.149 A hmean=32.017 A rough=0.000 A occ1=1.000 tested=32
[TEMPLATE DEBUG] total=1728 species_filter=0 restriction=0 direction=128 global_front=0 occupied=257 connection=0 min_dist=0 pre_shell=1343 post_shell=31 tested_energy=31
[TEMPLATE DEBUG] camada candidata z: min=79.281487 max=79.281487 n=31
step=00258 species=  C N=00386 vac=0000 axis=z surf=xy Eads=-8.3223 eV P=3.271e-01 E=-3534.8853 eV hmax=39.153 A hmean=32.017 A rough=0.031 A occ1=1.000 tested=31
[TEMPLATE DEBUG] total=1728 species_filter=0 restriction=0 direction=128 global_front=0 occupied=258 connection=0 min_dist=0 pre_shell=1342 post_shell=30 tested_energy=30
[TEMPLATE DEBUG] camada candidata z: min=79.281487 max=79.281487 n=30
step=00259 species=  C N=00387 vac=0000 axis=z surf=xy Eads=-7.4583 eV P=3.184e-01 E=-3542.9377 eV hmax=39.162 A hmean=32.297 A rough=0.033 A occ1=1.000 tested=30
[TEMPLATE DEBUG] total=1728 species_filter=0 restriction=0 direction=128 global_front=0 occupied=259 connection=0 min_dist=0 pre_shell=1341 post_shell=29 tested_energy=29
[TEMPLATE DEBUG] camada candidata z: min=79.281487 max=79.281487 n=29
step=00260 species=  C N=00388 vac=0000 axis=z surf=xy Eads=-7.6877 eV P=8.485e-01 E=-3551.1567 eV hmax=39.165 A hmean=32.648 A rough=0.032 A occ1=1.000 tested=29
[TEMPLATE DEBUG] total=1728 species_filter=0 restriction=0 direction=128 global_front=0 occupied=260 connection=0 min_dist=0 pre_shell=1340 post_shell=28 tested_energy=28
[TEMPLATE DEBUG] camada candidata z: min=79.281487 max=79.281487 n=28
step=00261 species=  C N=00389 vac=0000 axis=z surf=xy Eads=-7.5439 eV P=9.984e-01 E=-3559.0471 eV hmax=39.154 A hmean=32.718 A rough=0.025 A occ1=1.000 tested=28
[TEMPLATE DEBUG] total=1728 species_filter=0 restriction=0 direction=128 global_front=0 occupied=261 connection=0 min_dist=0 pre_shell=1339 post_shell=27 tested_energy=27
[TEMPLATE DEBUG] camada candidata z: min=79.281487 max=79.281487 n=27
step=00262 species=  C N=00390 vac=0000 axis=z surf=xy Eads=-7.4741 eV P=6.970e-01 E=-3566.9910 eV hmax=39.154 A hmean=32.858 A rough=0.023 A occ1=1.000 tested=27
[TEMPLATE DEBUG] total=1728 species_filter=0 restriction=0 direction=128 global_front=0 occupied=262 connection=0 min_dist=0 pre_shell=1338 post_shell=26 tested_energy=26
[TEMPLATE DEBUG] camada candidata z: min=79.281487 max=79.281487 n=26
step=00263 species=  C N=00391 vac=0000 axis=z surf=xy Eads=-7.5889 eV P=8.944e-01 E=-3575.1799 eV hmax=39.145 A hmean=32.998 A rough=0.020 A occ1=1.000 tested=26
[TEMPLATE DEBUG] total=1728 species_filter=0 restriction=0 direction=128 global_front=0 occupied=263 connection=0 min_dist=0 pre_shell=1337 post_shell=25 tested_energy=25
[TEMPLATE DEBUG] camada candidata z: min=79.281487 max=79.281487 n=25
step=00264 species=  C N=00392 vac=0000 axis=z surf=xy Eads=-11.5930 eV P=1.000e+00 E=-3587.8284 eV hmax=39.134 A hmean=33.068 A rough=0.017 A occ1=1.000 tested=25
[TEMPLATE DEBUG] total=1728 species_filter=0 restriction=0 direction=128 global_front=0 occupied=264 connection=0 min_dist=0 pre_shell=1336 post_shell=24 tested_energy=24
[TEMPLATE DEBUG] camada candidata z: min=79.281487 max=79.281487 n=24
step=00265 species=  C N=00393 vac=0000 axis=z surf=xy Eads=-4.2874 eV P=9.979e-01 E=-3592.8113 eV hmax=39.134 A hmean=33.208 A rough=0.018 A occ1=1.000 tested=24
[TEMPLATE DEBUG] total=1728 species_filter=0 restriction=0 direction=128 global_front=0 occupied=265 connection=0 min_dist=0 pre_shell=1335 post_shell=23 tested_energy=23
[TEMPLATE DEBUG] camada candidata z: min=79.281487 max=79.281487 n=23
step=00266 species=  C N=00394 vac=0000 axis=z surf=xy Eads=-7.2490 eV P=2.912e-01 E=-3600.9976 eV hmax=39.135 A hmean=33.138 A rough=0.018 A occ1=1.000 tested=23
[TEMPLATE DEBUG] total=1728 species_filter=0 restriction=0 direction=128 global_front=0 occupied=266 connection=0 min_dist=0 pre_shell=1334 post_shell=22 tested_energy=22
[TEMPLATE DEBUG] camada candidata z: min=79.281487 max=79.281487 n=22
step=00267 species=  C N=00395 vac=0000 axis=z surf=xy Eads=-7.0217 eV P=1.000e+00 E=-3608.6343 eV hmax=39.135 A hmean=33.769 A rough=0.017 A occ1=1.000 tested=22
[TEMPLATE DEBUG] total=1728 species_filter=0 restriction=0 direction=128 global_front=0 occupied=267 connection=0 min_dist=0 pre_shell=1333 post_shell=21 tested_energy=21
[TEMPLATE DEBUG] camada candidata z: min=79.281487 max=79.281487 n=21
step=00268 species=  C N=00396 vac=0000 axis=z surf=xy Eads=-7.6624 eV P=1.000e+00 E=-3617.0076 eV hmax=39.135 A hmean=33.879 A rough=0.017 A occ1=1.000 tested=21
[TEMPLATE DEBUG] total=1728 species_filter=0 restriction=0 direction=128 global_front=0 occupied=268 connection=0 min_dist=0 pre_shell=1332 post_shell=20 tested_energy=20
[TEMPLATE DEBUG] camada candidata z: min=79.281487 max=79.281487 n=20
step=00269 species=  C N=00397 vac=0000 axis=z surf=xy Eads=-7.4976 eV P=1.000e+00 E=-3625.0662 eV hmax=39.135 A hmean=34.017 A rough=0.017 A occ1=1.000 tested=20
[TEMPLATE DEBUG] total=1728 species_filter=0 restriction=0 direction=128 global_front=0 occupied=269 connection=0 min_dist=0 pre_shell=1331 post_shell=19 tested_energy=19
[TEMPLATE DEBUG] camada candidata z: min=79.281487 max=79.281487 n=19
step=00270 species=  C N=00398 vac=0000 axis=z surf=xy Eads=-9.3982 eV P=1.000e+00 E=-3636.1870 eV hmax=39.135 A hmean=34.223 A rough=0.017 A occ1=1.000 tested=19
[TEMPLATE DEBUG] total=1728 species_filter=0 restriction=0 direction=128 global_front=0 occupied=270 connection=0 min_dist=0 pre_shell=1330 post_shell=18 tested_energy=18
[TEMPLATE DEBUG] camada candidata z: min=79.281487 max=79.281487 n=18
step=00271 species=  C N=00399 vac=0000 axis=z surf=xy Eads=-5.4856 eV P=9.990e-01 E=-3642.4082 eV hmax=39.135 A hmean=34.223 A rough=0.017 A occ1=1.000 tested=18
[TEMPLATE DEBUG] total=1728 species_filter=0 restriction=0 direction=128 global_front=0 occupied=271 connection=0 min_dist=0 pre_shell=1329 post_shell=17 tested_energy=17
[TEMPLATE DEBUG] camada candidata z: min=79.281487 max=79.281487 n=17
step=00272 species=  C N=00400 vac=0000 axis=z surf=xy Eads=-9.4126 eV P=1.000e+00 E=-3652.9204 eV hmax=39.135 A hmean=34.361 A rough=0.017 A occ1=1.000 tested=17
[TEMPLATE DEBUG] total=1728 species_filter=0 restriction=0 direction=128 global_front=0 occupied=272 connection=0 min_dist=0 pre_shell=1328 post_shell=16 tested_energy=16
[TEMPLATE DEBUG] camada candidata z: min=79.281487 max=79.281487 n=16
step=00273 species=  C N=00401 vac=0000 axis=z surf=xy Eads=-5.9297 eV P=9.187e-01 E=-3659.3066 eV hmax=39.135 A hmean=34.499 A rough=0.017 A occ1=1.000 tested=16
[TEMPLATE DEBUG] total=1728 species_filter=0 restriction=0 direction=128 global_front=0 occupied=273 connection=0 min_dist=0 pre_shell=1327 post_shell=15 tested_energy=15
[TEMPLATE DEBUG] camada candidata z: min=79.281487 max=79.281487 n=15
step=00274 species=  C N=00402 vac=0000 axis=z surf=xy Eads=-8.3115 eV P=1.000e+00 E=-3668.6445 eV hmax=39.134 A hmean=34.499 A rough=0.016 A occ1=1.000 tested=15
[TEMPLATE DEBUG] total=1728 species_filter=0 restriction=0 direction=128 global_front=0 occupied=274 connection=0 min_dist=0 pre_shell=1326 post_shell=14 tested_energy=14
[TEMPLATE DEBUG] camada candidata z: min=79.281487 max=79.281487 n=14
step=00275 species=  C N=00403 vac=0000 axis=z surf=xy Eads=-6.7620 eV P=9.914e-01 E=-3675.7046 eV hmax=39.133 A hmean=34.568 A rough=0.016 A occ1=1.000 tested=14
[TEMPLATE DEBUG] total=1728 species_filter=0 restriction=0 direction=128 global_front=0 occupied=275 connection=0 min_dist=0 pre_shell=1325 post_shell=13 tested_energy=13
[TEMPLATE DEBUG] camada candidata z: min=79.281487 max=79.281487 n=13
step=00276 species=  C N=00404 vac=0000 axis=z surf=xy Eads=-7.8325 eV P=9.731e-01 E=-3684.9353 eV hmax=39.125 A hmean=34.775 A rough=0.015 A occ1=1.000 tested=13
[TEMPLATE DEBUG] total=1728 species_filter=0 restriction=0 direction=128 global_front=0 occupied=276 connection=0 min_dist=0 pre_shell=1324 post_shell=12 tested_energy=12
[TEMPLATE DEBUG] camada candidata z: min=79.281487 max=79.281487 n=12
step=00277 species=  C N=00405 vac=0000 axis=z surf=xy Eads=-7.5039 eV P=9.996e-01 E=-3693.9565 eV hmax=39.120 A hmean=34.981 A rough=0.013 A occ1=1.000 tested=12
[TEMPLATE DEBUG] total=1728 species_filter=0 restriction=0 direction=128 global_front=0 occupied=277 connection=0 min_dist=0 pre_shell=1323 post_shell=11 tested_energy=11
[TEMPLATE DEBUG] camada candidata z: min=79.281487 max=79.281487 n=11
step=00278 species=  C N=00406 vac=0000 axis=z surf=xy Eads=-9.8149 eV P=1.000e+00 E=-3705.2329 eV hmax=39.120 A hmean=35.533 A rough=0.012 A occ1=1.000 tested=11
[TEMPLATE DEBUG] total=1728 species_filter=0 restriction=0 direction=128 global_front=0 occupied=278 connection=0 min_dist=0 pre_shell=1322 post_shell=10 tested_energy=10
[TEMPLATE DEBUG] camada candidata z: min=79.281487 max=79.281487 n=10
step=00279 species=  C N=00407 vac=0000 axis=z surf=xy Eads=-8.7051 eV P=1.000e+00 E=-3715.6643 eV hmax=39.116 A hmean=35.119 A rough=0.011 A occ1=1.000 tested=10
[TEMPLATE DEBUG] total=1728 species_filter=0 restriction=0 direction=128 global_front=0 occupied=279 connection=0 min_dist=0 pre_shell=1321 post_shell=9 tested_energy=9
[TEMPLATE DEBUG] camada candidata z: min=79.281487 max=79.281487 n=9
step=00280 species=  C N=00408 vac=0000 axis=z surf=xy Eads=-7.9875 eV P=1.000e+00 E=-3725.7458 eV hmax=39.111 A hmean=35.206 A rough=0.010 A occ1=1.000 tested=9
[TEMPLATE DEBUG] total=1728 species_filter=0 restriction=0 direction=128 global_front=0 occupied=280 connection=0 min_dist=0 pre_shell=1320 post_shell=8 tested_energy=8
[TEMPLATE DEBUG] camada candidata z: min=79.281487 max=79.281487 n=8
step=00281 species=  C N=00409 vac=0000 axis=z surf=xy Eads=-10.2820 eV P=1.000e+00 E=-3737.0793 eV hmax=39.107 A hmean=35.138 A rough=0.009 A occ1=1.000 tested=8
[TEMPLATE DEBUG] total=1728 species_filter=0 restriction=0 direction=128 global_front=0 occupied=281 connection=0 min_dist=0 pre_shell=1319 post_shell=7 tested_energy=7
[TEMPLATE DEBUG] camada candidata z: min=79.281487 max=79.281487 n=7
step=00282 species=  C N=00410 vac=0000 axis=z surf=xy Eads=-11.1021 eV P=1.000e+00 E=-3748.5330 eV hmax=39.107 A hmean=35.612 A rough=0.009 A occ1=1.000 tested=7
[TEMPLATE DEBUG] total=1728 species_filter=0 restriction=0 direction=128 global_front=0 occupied=282 connection=0 min_dist=0 pre_shell=1318 post_shell=6 tested_energy=6
[TEMPLATE DEBUG] camada candidata z: min=79.281487 max=79.281487 n=6
step=00283 species=  C N=00411 vac=0000 axis=z surf=xy Eads=-7.2573 eV P=4.111e-01 E=-3755.9766 eV hmax=39.107 A hmean=35.544 A rough=0.008 A occ1=1.000 tested=6
[TEMPLATE DEBUG] total=1728 species_filter=0 restriction=0 direction=128 global_front=0 occupied=283 connection=0 min_dist=0 pre_shell=1317 post_shell=5 tested_energy=5
[TEMPLATE DEBUG] camada candidata z: min=79.281487 max=79.281487 n=5
step=00284 species=  C N=00412 vac=0000 axis=z surf=xy Eads=-11.7192 eV P=9.196e-01 E=-3767.9956 eV hmax=39.103 A hmean=35.748 A rough=0.008 A occ1=1.000 tested=5
[TEMPLATE DEBUG] total=1728 species_filter=0 restriction=0 direction=128 global_front=0 occupied=284 connection=0 min_dist=0 pre_shell=1316 post_shell=4 tested_energy=4
[TEMPLATE DEBUG] camada candidata z: min=79.281487 max=79.281487 n=4
step=00285 species=  C N=00413 vac=0000 axis=z surf=xy Eads=-10.5146 eV P=6.523e-01 E=-3778.9917 eV hmax=39.103 A hmean=36.087 A rough=0.007 A occ1=1.000 tested=4
[TEMPLATE DEBUG] total=1728 species_filter=0 restriction=0 direction=128 global_front=0 occupied=285 connection=0 min_dist=0 pre_shell=1315 post_shell=3 tested_energy=3
[TEMPLATE DEBUG] camada candidata z: min=79.281487 max=79.281487 n=3
step=00286 species=  C N=00414 vac=0000 axis=z surf=xy Eads=-11.4604 eV P=9.757e-01 E=-3790.7622 eV hmax=39.103 A hmean=36.290 A rough=0.007 A occ1=1.000 tested=3
[TEMPLATE DEBUG] total=1728 species_filter=0 restriction=0 direction=128 global_front=0 occupied=286 connection=0 min_dist=0 pre_shell=1314 post_shell=2 tested_energy=2
[TEMPLATE DEBUG] camada candidata z: min=79.281487 max=79.281487 n=2
step=00287 species=  C N=00415 vac=0000 axis=z surf=xy Eads=-11.2966 eV P=8.521e-01 E=-3802.3438 eV hmax=39.103 A hmean=36.494 A rough=0.007 A occ1=1.000 tested=2
[TEMPLATE DEBUG] total=1728 species_filter=0 restriction=0 direction=128 global_front=0 occupied=287 connection=0 min_dist=0 pre_shell=1313 post_shell=1 tested_energy=1
[TEMPLATE DEBUG] camada candidata z: min=79.281487 max=79.281487 n=1
step=00288 species=  C N=00416 vac=0000 axis=z surf=xy Eads=-15.3457 eV P=1.000e+00 E=-3817.9890 eV hmax=39.102 A hmean=37.308 A rough=0.006 A occ1=1.000 tested=1
[TEMPLATE DEBUG] total=1728 species_filter=0 restriction=0 direction=128 global_front=0 occupied=288 connection=0 min_dist=0 pre_shell=1312 post_shell=32 tested_energy=32
[TEMPLATE DEBUG] camada candidata z: min=83.624006 max=83.624006 n=32
step=00289 species=  C N=00417 vac=0000 axis=z surf=xy Eads=-1.9851 eV P=3.447e-02 E=-3819.9863 eV hmax=43.476 A hmean=37.445 A rough=0.000 A occ1=1.000 tested=32
[TEMPLATE DEBUG] total=1728 species_filter=0 restriction=0 direction=128 global_front=0 occupied=289 connection=0 min_dist=0 pre_shell=1311 post_shell=31 tested_energy=31
[TEMPLATE DEBUG] camada candidata z: min=83.624006 max=83.624006 n=31
step=00290 species=  C N=00418 vac=0000 axis=z surf=xy Eads=-8.3235 eV P=3.384e-01 E=-3828.5442 eV hmax=43.480 A hmean=37.377 A rough=0.023 A occ1=1.000 tested=31
[TEMPLATE DEBUG] total=1728 species_filter=0 restriction=0 direction=128 global_front=0 occupied=290 connection=0 min_dist=0 pre_shell=1310 post_shell=30 tested_energy=30
[TEMPLATE DEBUG] camada candidata z: min=83.624006 max=83.624006 n=30
step=00291 species=  C N=00419 vac=0000 axis=z surf=xy Eads=-7.4431 eV P=2.132e-01 E=-3836.5942 eV hmax=43.464 A hmean=37.649 A rough=0.008 A occ1=1.000 tested=30
[TEMPLATE DEBUG] total=1728 species_filter=0 restriction=0 direction=128 global_front=0 occupied=291 connection=0 min_dist=0 pre_shell=1309 post_shell=29 tested_energy=29
[TEMPLATE DEBUG] camada candidata z: min=83.624006 max=83.624006 n=29
step=00292 species=  C N=00420 vac=0000 axis=z surf=xy Eads=-7.6382 eV P=2.425e-01 E=-3844.8052 eV hmax=43.460 A hmean=37.920 A rough=0.010 A occ1=1.000 tested=29
[TEMPLATE DEBUG] total=1728 species_filter=0 restriction=0 direction=128 global_front=0 occupied=292 connection=0 min_dist=0 pre_shell=1308 post_shell=28 tested_energy=28
[TEMPLATE DEBUG] camada candidata z: min=83.624006 max=83.624006 n=28
step=00293 species=  C N=00421 vac=0000 axis=z surf=xy Eads=-7.5901 eV P=9.993e-01 E=-3852.7183 eV hmax=43.459 A hmean=37.988 A rough=0.011 A occ1=1.000 tested=28
[TEMPLATE DEBUG] total=1728 species_filter=0 restriction=0 direction=128 global_front=0 occupied=293 connection=0 min_dist=0 pre_shell=1307 post_shell=27 tested_energy=27
[TEMPLATE DEBUG] camada candidata z: min=83.624006 max=83.624006 n=27
step=00294 species=  C N=00422 vac=0000 axis=z surf=xy Eads=-7.4761 eV P=6.787e-01 E=-3860.6560 eV hmax=43.459 A hmean=38.124 A rough=0.010 A occ1=1.000 tested=27
[TEMPLATE DEBUG] total=1728 species_filter=0 restriction=0 direction=128 global_front=0 occupied=294 connection=0 min_dist=0 pre_shell=1306 post_shell=26 tested_energy=26
[TEMPLATE DEBUG] camada candidata z: min=83.624006 max=83.624006 n=26
step=00295 species=  C N=00423 vac=0000 axis=z surf=xy Eads=-7.5925 eV P=9.021e-01 E=-3868.8381 eV hmax=43.459 A hmean=38.260 A rough=0.009 A occ1=1.000 tested=26
[TEMPLATE DEBUG] total=1728 species_filter=0 restriction=0 direction=128 global_front=0 occupied=295 connection=0 min_dist=0 pre_shell=1305 post_shell=25 tested_energy=25
[TEMPLATE DEBUG] camada candidata z: min=83.624006 max=83.624006 n=25
step=00296 species=  C N=00424 vac=0000 axis=z surf=xy Eads=-11.5942 eV P=1.000e+00 E=-3881.4915 eV hmax=43.459 A hmean=38.327 A rough=0.011 A occ1=1.000 tested=25
[TEMPLATE DEBUG] total=1728 species_filter=0 restriction=0 direction=128 global_front=0 occupied=296 connection=0 min_dist=0 pre_shell=1304 post_shell=24 tested_energy=24
[TEMPLATE DEBUG] camada candidata z: min=83.624006 max=83.624006 n=24
step=00297 species=  C N=00425 vac=0000 axis=z surf=xy Eads=-4.2822 eV P=9.977e-01 E=-3886.4712 eV hmax=43.459 A hmean=38.463 A rough=0.011 A occ1=1.000 tested=24
[TEMPLATE DEBUG] total=1728 species_filter=0 restriction=0 direction=128 global_front=0 occupied=297 connection=0 min_dist=0 pre_shell=1303 post_shell=23 tested_energy=23
[TEMPLATE DEBUG] camada candidata z: min=83.624006 max=83.624006 n=23
step=00298 species=  C N=00426 vac=0000 axis=z surf=xy Eads=-7.2498 eV P=2.959e-01 E=-3894.6570 eV hmax=43.459 A hmean=38.531 A rough=0.011 A occ1=1.000 tested=23
[TEMPLATE DEBUG] total=1728 species_filter=0 restriction=0 direction=128 global_front=0 occupied=298 connection=0 min_dist=0 pre_shell=1302 post_shell=22 tested_energy=22
[TEMPLATE DEBUG] camada candidata z: min=83.624006 max=83.624006 n=22
step=00299 species=  C N=00427 vac=0000 axis=z surf=xy Eads=-7.0237 eV P=1.000e+00 E=-3902.2952 eV hmax=43.459 A hmean=38.667 A rough=0.012 A occ1=1.000 tested=22
[TEMPLATE DEBUG] total=1728 species_filter=0 restriction=0 direction=128 global_front=0 occupied=299 connection=0 min_dist=0 pre_shell=1301 post_shell=21 tested_energy=21
[TEMPLATE DEBUG] camada candidata z: min=83.624006 max=83.624006 n=21
step=00300 species=  C N=00428 vac=0000 axis=z surf=xy Eads=-7.6614 eV P=1.000e+00 E=-3910.6682 eV hmax=43.459 A hmean=38.735 A rough=0.011 A occ1=1.000 tested=21
[TEMPLATE DEBUG] total=1728 species_filter=0 restriction=0 direction=128 global_front=0 occupied=300 connection=0 min_dist=0 pre_shell=1300 post_shell=20 tested_energy=20
[TEMPLATE DEBUG] camada candidata z: min=83.624006 max=83.624006 n=20
step=00301 species=  C N=00429 vac=0000 axis=z surf=xy Eads=-7.4978 eV P=1.000e+00 E=-3918.7266 eV hmax=43.461 A hmean=38.939 A rough=0.012 A occ1=1.000 tested=20
[TEMPLATE DEBUG] total=1728 species_filter=0 restriction=0 direction=128 global_front=0 occupied=301 connection=0 min_dist=0 pre_shell=1299 post_shell=19 tested_energy=19
[TEMPLATE DEBUG] camada candidata z: min=83.624006 max=83.624006 n=19
step=00302 species=  C N=00430 vac=0000 axis=z surf=xy Eads=-9.3982 eV P=1.000e+00 E=-3929.8486 eV hmax=43.461 A hmean=39.006 A rough=0.012 A occ1=1.000 tested=19
[TEMPLATE DEBUG] total=1728 species_filter=0 restriction=0 direction=128 global_front=0 occupied=302 connection=0 min_dist=0 pre_shell=1298 post_shell=18 tested_energy=18
[TEMPLATE DEBUG] camada candidata z: min=83.624006 max=83.624006 n=18
step=00303 species=  C N=00431 vac=0000 axis=z surf=xy Eads=-5.4849 eV P=9.990e-01 E=-3936.0684 eV hmax=43.461 A hmean=39.142 A rough=0.012 A occ1=1.000 tested=18
[TEMPLATE DEBUG] total=1728 species_filter=0 restriction=0 direction=128 global_front=0 occupied=303 connection=0 min_dist=0 pre_shell=1297 post_shell=17 tested_energy=17
[TEMPLATE DEBUG] camada candidata z: min=83.624006 max=83.624006 n=17
step=00304 species=  C N=00432 vac=0000 axis=z surf=xy Eads=-9.4146 eV P=1.000e+00 E=-3946.5837 eV hmax=43.461 A hmean=39.278 A rough=0.012 A occ1=1.000 tested=17
[TEMPLATE DEBUG] total=1728 species_filter=0 restriction=0 direction=128 global_front=0 occupied=304 connection=0 min_dist=0 pre_shell=1296 post_shell=16 tested_energy=16
[TEMPLATE DEBUG] camada candidata z: min=83.624006 max=83.624006 n=16
step=00305 species=  C N=00433 vac=0000 axis=z surf=xy Eads=-5.9292 eV P=9.179e-01 E=-3952.9700 eV hmax=43.461 A hmean=39.414 A rough=0.012 A occ1=1.000 tested=16
[TEMPLATE DEBUG] total=1728 species_filter=0 restriction=0 direction=128 global_front=0 occupied=305 connection=0 min_dist=0 pre_shell=1295 post_shell=15 tested_energy=15
[TEMPLATE DEBUG] camada candidata z: min=83.624006 max=83.624006 n=15
step=00306 species=  C N=00434 vac=0000 axis=z surf=xy Eads=-8.3115 eV P=1.000e+00 E=-3962.3079 eV hmax=43.461 A hmean=39.617 A rough=0.012 A occ1=1.000 tested=15
[TEMPLATE DEBUG] total=1728 species_filter=0 restriction=0 direction=128 global_front=0 occupied=306 connection=0 min_dist=0 pre_shell=1294 post_shell=14 tested_energy=14
[TEMPLATE DEBUG] camada candidata z: min=83.624006 max=83.624006 n=14
step=00307 species=  C N=00435 vac=0000 axis=z surf=xy Eads=-6.7617 eV P=9.928e-01 E=-3969.3667 eV hmax=43.462 A hmean=39.685 A rough=0.012 A occ1=1.000 tested=14
[TEMPLATE DEBUG] total=1728 species_filter=0 restriction=0 direction=128 global_front=0 occupied=307 connection=0 min_dist=0 pre_shell=1293 post_shell=13 tested_energy=13
[TEMPLATE DEBUG] camada candidata z: min=83.624006 max=83.624006 n=13
step=00308 species=  C N=00436 vac=0000 axis=z surf=xy Eads=-7.8389 eV P=9.753e-01 E=-3978.6018 eV hmax=43.469 A hmean=39.752 A rough=0.013 A occ1=1.000 tested=13
[TEMPLATE DEBUG] total=1728 species_filter=0 restriction=0 direction=128 global_front=0 occupied=308 connection=0 min_dist=0 pre_shell=1292 post_shell=12 tested_energy=12
[TEMPLATE DEBUG] camada candidata z: min=83.624006 max=83.624006 n=12
step=00309 species=  C N=00437 vac=0000 axis=z surf=xy Eads=-7.5100 eV P=9.998e-01 E=-3987.6226 eV hmax=43.468 A hmean=39.820 A rough=0.012 A occ1=1.000 tested=12
[TEMPLATE DEBUG] total=1728 species_filter=0 restriction=0 direction=128 global_front=0 occupied=309 connection=0 min_dist=0 pre_shell=1291 post_shell=11 tested_energy=11
[TEMPLATE DEBUG] camada candidata z: min=83.624006 max=83.624006 n=11
step=00310 species=  C N=00438 vac=0000 axis=z surf=xy Eads=-9.8167 eV P=1.000e+00 E=-3998.8967 eV hmax=43.468 A hmean=39.752 A rough=0.012 A occ1=1.000 tested=11
[TEMPLATE DEBUG] total=1728 species_filter=0 restriction=0 direction=128 global_front=0 occupied=310 connection=0 min_dist=0 pre_shell=1290 post_shell=10 tested_energy=10
[TEMPLATE DEBUG] camada candidata z: min=83.624006 max=83.624006 n=10
step=00311 species=  C N=00439 vac=0000 axis=z surf=xy Eads=-8.6797 eV P=1.000e+00 E=-4009.3259 eV hmax=43.462 A hmean=39.887 A rough=0.011 A occ1=1.000 tested=10
[TEMPLATE DEBUG] total=1728 species_filter=0 restriction=0 direction=128 global_front=0 occupied=311 connection=0 min_dist=0 pre_shell=1289 post_shell=9 tested_energy=9
[TEMPLATE DEBUG] camada candidata z: min=83.624006 max=83.624006 n=9
step=00312 species=  C N=00440 vac=0000 axis=z surf=xy Eads=-7.9619 eV P=1.000e+00 E=-4019.4055 eV hmax=43.457 A hmean=39.819 A rough=0.010 A occ1=1.000 tested=9
[TEMPLATE DEBUG] total=1728 species_filter=0 restriction=0 direction=128 global_front=0 occupied=312 connection=0 min_dist=0 pre_shell=1288 post_shell=8 tested_energy=8
[TEMPLATE DEBUG] camada candidata z: min=83.624006 max=83.624006 n=8
step=00313 species=  C N=00441 vac=0000 axis=z surf=xy Eads=-10.2878 eV P=1.000e+00 E=-4030.7388 eV hmax=43.452 A hmean=40.226 A rough=0.009 A occ1=1.000 tested=8
[TEMPLATE DEBUG] total=1728 species_filter=0 restriction=0 direction=128 global_front=0 occupied=313 connection=0 min_dist=0 pre_shell=1287 post_shell=7 tested_energy=7
[TEMPLATE DEBUG] camada candidata z: min=83.624006 max=83.624006 n=7
step=00314 species=  C N=00442 vac=0000 axis=z surf=xy Eads=-11.1018 eV P=1.000e+00 E=-4042.1934 eV hmax=43.452 A hmean=40.294 A rough=0.009 A occ1=1.000 tested=7
[TEMPLATE DEBUG] total=1728 species_filter=0 restriction=0 direction=128 global_front=0 occupied=314 connection=0 min_dist=0 pre_shell=1286 post_shell=6 tested_energy=6
[TEMPLATE DEBUG] camada candidata z: min=83.624006 max=83.624006 n=6
step=00315 species=  C N=00443 vac=0000 axis=z surf=xy Eads=-7.1653 eV P=4.831e-02 E=-4049.6738 eV hmax=43.452 A hmean=40.226 A rough=0.008 A occ1=1.000 tested=6
[TEMPLATE DEBUG] total=1728 species_filter=0 restriction=0 direction=128 global_front=0 occupied=315 connection=0 min_dist=0 pre_shell=1285 post_shell=5 tested_energy=5
[TEMPLATE DEBUG] camada candidata z: min=83.624006 max=83.624006 n=5
step=00316 species=  C N=00444 vac=0000 axis=z surf=xy Eads=-11.7083 eV P=9.684e-01 E=-4061.6675 eV hmax=43.452 A hmean=40.226 A rough=0.008 A occ1=1.000 tested=5
[TEMPLATE DEBUG] total=1728 species_filter=0 restriction=0 direction=128 global_front=0 occupied=316 connection=0 min_dist=0 pre_shell=1284 post_shell=4 tested_energy=4
[TEMPLATE DEBUG] camada candidata z: min=83.624006 max=83.624006 n=4
step=00317 species=  C N=00445 vac=0000 axis=z surf=xy Eads=-10.5442 eV P=6.101e-01 E=-4072.6479 eV hmax=43.452 A hmean=40.429 A rough=0.008 A occ1=1.000 tested=4
[TEMPLATE DEBUG] total=1728 species_filter=0 restriction=0 direction=128 global_front=0 occupied=317 connection=0 min_dist=0 pre_shell=1283 post_shell=3 tested_energy=3
[TEMPLATE DEBUG] camada candidata z: min=83.624006 max=83.624006 n=3
step=00318 species=  C N=00446 vac=0000 axis=z surf=xy Eads=-11.5044 eV P=9.851e-01 E=-4084.4229 eV hmax=43.448 A hmean=40.701 A rough=0.007 A occ1=1.000 tested=3
[TEMPLATE DEBUG] total=1728 species_filter=0 restriction=0 direction=128 global_front=0 occupied=318 connection=0 min_dist=0 pre_shell=1282 post_shell=2 tested_energy=2
[TEMPLATE DEBUG] camada candidata z: min=83.624006 max=83.624006 n=2
step=00319 species=  C N=00447 vac=0000 axis=z surf=xy Eads=-11.2668 eV P=4.858e-01 E=-4096.0068 eV hmax=43.445 A hmean=41.040 A rough=0.007 A occ1=1.000 tested=2
[TEMPLATE DEBUG] total=1728 species_filter=0 restriction=0 direction=128 global_front=0 occupied=319 connection=0 min_dist=0 pre_shell=1281 post_shell=1 tested_energy=1
[TEMPLATE DEBUG] camada candidata z: min=83.624006 max=83.624006 n=1
step=00320 species=  C N=00448 vac=0000 axis=z surf=xy Eads=-15.3906 eV P=1.000e+00 E=-4111.6558 eV hmax=43.444 A hmean=41.108 A rough=0.006 A occ1=1.000 tested=1
[TEMPLATE DEBUG] total=1728 species_filter=0 restriction=0 direction=128 global_front=0 occupied=320 connection=0 min_dist=0 pre_shell=1280 post_shell=32 tested_energy=32
[TEMPLATE DEBUG] camada candidata z: min=87.966525 max=87.966525 n=32
step=00321 species=  C N=00449 vac=0000 axis=z surf=xy Eads=-1.9785 eV P=2.936e-02 E=-4113.6553 eV hmax=47.834 A hmean=41.244 A rough=0.000 A occ1=1.000 tested=32
[TEMPLATE DEBUG] total=1728 species_filter=0 restriction=0 direction=128 global_front=0 occupied=321 connection=0 min_dist=0 pre_shell=1279 post_shell=31 tested_energy=31
[TEMPLATE DEBUG] camada candidata z: min=87.966525 max=87.966525 n=31
step=00322 species=  C N=00450 vac=0000 axis=z surf=xy Eads=-8.3218 eV P=3.308e-01 E=-4122.2139 eV hmax=47.838 A hmean=41.380 A rough=0.031 A occ1=1.000 tested=31
[TEMPLATE DEBUG] total=1728 species_filter=0 restriction=0 direction=128 global_front=0 occupied=322 connection=0 min_dist=0 pre_shell=1278 post_shell=30 tested_energy=30
[TEMPLATE DEBUG] camada candidata z: min=87.966525 max=87.966525 n=30
step=00323 species=  C N=00451 vac=0000 axis=z surf=xy Eads=-7.4580 eV P=3.198e-01 E=-4130.2661 eV hmax=47.847 A hmean=41.381 A rough=0.033 A occ1=1.000 tested=30
[TEMPLATE DEBUG] total=1728 species_filter=0 restriction=0 direction=128 global_front=0 occupied=323 connection=0 min_dist=0 pre_shell=1277 post_shell=29 tested_energy=29
[TEMPLATE DEBUG] camada candidata z: min=87.966525 max=87.966525 n=29
step=00324 species=  C N=00452 vac=0000 axis=z surf=xy Eads=-7.6870 eV P=8.513e-01 E=-4138.4849 eV hmax=47.851 A hmean=41.449 A rough=0.032 A occ1=1.000 tested=29
[TEMPLATE DEBUG] total=1728 species_filter=0 restriction=0 direction=128 global_front=0 occupied=324 connection=0 min_dist=0 pre_shell=1276 post_shell=28 tested_energy=28
[TEMPLATE DEBUG] camada candidata z: min=87.966525 max=87.966525 n=28
step=00325 species=  C N=00453 vac=0000 axis=z surf=xy Eads=-7.5415 eV P=9.983e-01 E=-4146.3735 eV hmax=47.839 A hmean=41.516 A rough=0.026 A occ1=1.000 tested=28
[TEMPLATE DEBUG] total=1728 species_filter=0 restriction=0 direction=128 global_front=0 occupied=325 connection=0 min_dist=0 pre_shell=1275 post_shell=27 tested_energy=27
[TEMPLATE DEBUG] camada candidata z: min=87.966525 max=87.966525 n=27
step=00326 species=  C N=00454 vac=0000 axis=z surf=xy Eads=-7.4741 eV P=7.029e-01 E=-4154.3179 eV hmax=47.839 A hmean=41.585 A rough=0.024 A occ1=1.000 tested=27
[TEMPLATE DEBUG] total=1728 species_filter=0 restriction=0 direction=128 global_front=0 occupied=326 connection=0 min_dist=0 pre_shell=1274 post_shell=26 tested_energy=26
[TEMPLATE DEBUG] camada candidata z: min=87.966525 max=87.966525 n=26
step=00327 species=  C N=00455 vac=0000 axis=z surf=xy Eads=-7.4966 eV P=1.072e-01 E=-4162.4775 eV hmax=47.832 A hmean=41.720 A rough=0.021 A occ1=1.000 tested=26
[TEMPLATE DEBUG] total=1728 species_filter=0 restriction=0 direction=128 global_front=0 occupied=327 connection=0 min_dist=0 pre_shell=1273 post_shell=25 tested_energy=25
[TEMPLATE DEBUG] camada candidata z: min=87.966525 max=87.966525 n=25
step=00328 species=  C N=00456 vac=0000 axis=z surf=xy Eads=-11.6460 eV P=1.000e+00 E=-4175.1367 eV hmax=47.819 A hmean=41.788 A rough=0.019 A occ1=1.000 tested=25
[TEMPLATE DEBUG] total=1728 species_filter=0 restriction=0 direction=128 global_front=0 occupied=328 connection=0 min_dist=0 pre_shell=1272 post_shell=24 tested_energy=24
[TEMPLATE DEBUG] camada candidata z: min=87.966525 max=87.966525 n=24
step=00329 species=  C N=00457 vac=0000 axis=z surf=xy Eads=-4.3301 eV P=9.989e-01 E=-4180.1597 eV hmax=47.820 A hmean=41.788 A rough=0.020 A occ1=1.000 tested=24
[TEMPLATE DEBUG] total=1728 species_filter=0 restriction=0 direction=128 global_front=0 occupied=329 connection=0 min_dist=0 pre_shell=1271 post_shell=23 tested_energy=23
[TEMPLATE DEBUG] camada candidata z: min=87.966525 max=87.966525 n=23
step=00330 species=  C N=00458 vac=0000 axis=z surf=xy Eads=-7.2822 eV P=3.287e-01 E=-4188.3589 eV hmax=47.821 A hmean=42.128 A rough=0.020 A occ1=1.000 tested=23
[TEMPLATE DEBUG] total=1728 species_filter=0 restriction=0 direction=128 global_front=0 occupied=330 connection=0 min_dist=0 pre_shell=1270 post_shell=22 tested_energy=22
[TEMPLATE DEBUG] camada candidata z: min=87.966525 max=87.966525 n=22
step=00331 species=  C N=00459 vac=0000 axis=z surf=xy Eads=-7.0293 eV P=1.000e+00 E=-4195.9883 eV hmax=47.821 A hmean=42.263 A rough=0.019 A occ1=1.000 tested=22
[TEMPLATE DEBUG] total=1728 species_filter=0 restriction=0 direction=128 global_front=0 occupied=331 connection=0 min_dist=0 pre_shell=1269 post_shell=21 tested_energy=21
[TEMPLATE DEBUG] camada candidata z: min=87.966525 max=87.966525 n=21
step=00332 species=  C N=00460 vac=0000 axis=z surf=xy Eads=-7.6621 eV P=1.000e+00 E=-4204.3774 eV hmax=47.821 A hmean=42.331 A rough=0.019 A occ1=1.000 tested=21
[TEMPLATE DEBUG] total=1728 species_filter=0 restriction=0 direction=128 global_front=0 occupied=332 connection=0 min_dist=0 pre_shell=1268 post_shell=20 tested_energy=20
[TEMPLATE DEBUG] camada candidata z: min=87.966525 max=87.966525 n=20
step=00333 species=  C N=00461 vac=0000 axis=z surf=xy Eads=-7.4888 eV P=1.000e+00 E=-4212.4160 eV hmax=47.821 A hmean=42.467 A rough=0.018 A occ1=1.000 tested=20
[TEMPLATE DEBUG] total=1728 species_filter=0 restriction=0 direction=128 global_front=0 occupied=333 connection=0 min_dist=0 pre_shell=1267 post_shell=19 tested_energy=19
[TEMPLATE DEBUG] camada candidata z: min=87.966525 max=87.966525 n=19
step=00334 species=  C N=00462 vac=0000 axis=z surf=xy Eads=-9.3999 eV P=1.000e+00 E=-4223.5024 eV hmax=47.821 A hmean=42.603 A rough=0.019 A occ1=1.000 tested=19
[TEMPLATE DEBUG] total=1728 species_filter=0 restriction=0 direction=128 global_front=0 occupied=334 connection=0 min_dist=0 pre_shell=1266 post_shell=18 tested_energy=18
[TEMPLATE DEBUG] camada candidata z: min=87.966525 max=87.966525 n=18
step=00335 species=  C N=00463 vac=0000 axis=z surf=xy Eads=-5.5010 eV P=9.993e-01 E=-4229.7046 eV hmax=47.822 A hmean=42.670 A rough=0.019 A occ1=1.000 tested=18
[TEMPLATE DEBUG] total=1728 species_filter=0 restriction=0 direction=128 global_front=0 occupied=335 connection=0 min_dist=0 pre_shell=1265 post_shell=17 tested_energy=17
[TEMPLATE DEBUG] camada candidata z: min=87.966525 max=87.966525 n=17
step=00336 species=  C N=00464 vac=0000 axis=z surf=xy Eads=-9.4590 eV P=1.000e+00 E=-4240.2446 eV hmax=47.824 A hmean=42.874 A rough=0.018 A occ1=1.000 tested=17
[TEMPLATE DEBUG] total=1728 species_filter=0 restriction=0 direction=128 global_front=0 occupied=336 connection=0 min_dist=0 pre_shell=1264 post_shell=16 tested_energy=16
[TEMPLATE DEBUG] camada candidata z: min=87.966525 max=87.966525 n=16
step=00337 species=  C N=00465 vac=0000 axis=z surf=xy Eads=-5.9097 eV P=8.991e-01 E=-4246.6196 eV hmax=47.824 A hmean=43.010 A rough=0.017 A occ1=1.000 tested=16
[TEMPLATE DEBUG] total=1728 species_filter=0 restriction=0 direction=128 global_front=0 occupied=337 connection=0 min_dist=0 pre_shell=1263 post_shell=15 tested_energy=15
[TEMPLATE DEBUG] camada candidata z: min=87.966525 max=87.966525 n=15
step=00338 species=  C N=00466 vac=0000 axis=z surf=xy Eads=-8.3262 eV P=1.000e+00 E=-4255.9731 eV hmax=47.824 A hmean=43.077 A rough=0.017 A occ1=1.000 tested=15
[TEMPLATE DEBUG] total=1728 species_filter=0 restriction=0 direction=128 global_front=0 occupied=338 connection=0 min_dist=0 pre_shell=1262 post_shell=14 tested_energy=14
[TEMPLATE DEBUG] camada candidata z: min=87.966525 max=87.966525 n=14
step=00339 species=  C N=00467 vac=0000 axis=z surf=xy Eads=-6.7983 eV P=8.778e-01 E=-4263.0435 eV hmax=47.826 A hmean=43.213 A rough=0.016 A occ1=1.000 tested=14
[TEMPLATE DEBUG] total=1728 species_filter=0 restriction=0 direction=128 global_front=0 occupied=339 connection=0 min_dist=0 pre_shell=1261 post_shell=13 tested_energy=13
[TEMPLATE DEBUG] camada candidata z: min=87.966525 max=87.966525 n=13
step=00340 species=  C N=00468 vac=0000 axis=z surf=xy Eads=-7.7485 eV P=8.928e-01 E=-4271.5835 eV hmax=47.827 A hmean=43.349 A rough=0.016 A occ1=1.000 tested=13
[TEMPLATE DEBUG] total=1728 species_filter=0 restriction=0 direction=128 global_front=0 occupied=340 connection=0 min_dist=0 pre_shell=1260 post_shell=12 tested_energy=12
[TEMPLATE DEBUG] camada candidata z: min=87.966525 max=87.966525 n=12
step=00341 species=  C N=00469 vac=0000 axis=z surf=xy Eads=-7.0459 eV P=1.000e+00 E=-4280.9839 eV hmax=47.827 A hmean=43.349 A rough=0.016 A occ1=1.000 tested=12
[TEMPLATE DEBUG] total=1728 species_filter=0 restriction=0 direction=128 global_front=0 occupied=341 connection=0 min_dist=0 pre_shell=1259 post_shell=11 tested_energy=11
[TEMPLATE DEBUG] camada candidata z: min=87.966525 max=87.966525 n=11
step=00342 species=  C N=00470 vac=0000 axis=z surf=xy Eads=-10.3486 eV P=1.000e+00 E=-4292.5767 eV hmax=47.826 A hmean=43.484 A rough=0.015 A occ1=1.000 tested=11
[TEMPLATE DEBUG] total=1728 species_filter=0 restriction=0 direction=128 global_front=0 occupied=342 connection=0 min_dist=0 pre_shell=1258 post_shell=10 tested_energy=10
[TEMPLATE DEBUG] camada candidata z: min=87.966525 max=87.966525 n=10
step=00343 species=  C N=00471 vac=0000 axis=z surf=xy Eads=-9.0825 eV P=1.000e+00 E=-4302.9092 eV hmax=47.826 A hmean=43.620 A rough=0.015 A occ1=1.000 tested=10
[TEMPLATE DEBUG] total=1728 species_filter=0 restriction=0 direction=128 global_front=0 occupied=343 connection=0 min_dist=0 pre_shell=1257 post_shell=9 tested_energy=9
[TEMPLATE DEBUG] camada candidata z: min=87.966525 max=87.966525 n=9
step=00344 species=  C N=00472 vac=0000 axis=z surf=xy Eads=-7.6631 eV P=1.000e+00 E=-4313.0781 eV hmax=47.810 A hmean=43.755 A rough=0.011 A occ1=1.000 tested=9
[TEMPLATE DEBUG] total=1728 species_filter=0 restriction=0 direction=128 global_front=0 occupied=344 connection=0 min_dist=0 pre_shell=1256 post_shell=8 tested_energy=8
[TEMPLATE DEBUG] camada candidata z: min=87.966525 max=87.966525 n=8
step=00345 species=  C N=00473 vac=0000 axis=z surf=xy Eads=-10.1699 eV P=1.000e+00 E=-4324.3594 eV hmax=47.802 A hmean=43.891 A rough=0.010 A occ1=1.000 tested=8
[TEMPLATE DEBUG] total=1728 species_filter=0 restriction=0 direction=128 global_front=0 occupied=345 connection=0 min_dist=0 pre_shell=1255 post_shell=7 tested_energy=7
[TEMPLATE DEBUG] camada candidata z: min=87.966525 max=87.966525 n=7
step=00346 species=  C N=00474 vac=0000 axis=z surf=xy Eads=-11.2534 eV P=1.000e+00 E=-4335.8691 eV hmax=47.797 A hmean=44.230 A rough=0.009 A occ1=1.000 tested=7
[TEMPLATE DEBUG] total=1728 species_filter=0 restriction=0 direction=128 global_front=0 occupied=346 connection=0 min_dist=0 pre_shell=1254 post_shell=6 tested_energy=6
[TEMPLATE DEBUG] camada candidata z: min=87.966525 max=87.966525 n=6
step=00347 species=  C N=00475 vac=0000 axis=z surf=xy Eads=-7.2827 eV P=5.423e-01 E=-4344.3428 eV hmax=47.797 A hmean=44.365 A rough=0.009 A occ1=1.000 tested=6
[TEMPLATE DEBUG] total=1728 species_filter=0 restriction=0 direction=128 global_front=0 occupied=347 connection=0 min_dist=0 pre_shell=1253 post_shell=5 tested_energy=5
[TEMPLATE DEBUG] camada candidata z: min=87.966525 max=87.966525 n=5
step=00348 species=  C N=00476 vac=0000 axis=z surf=xy Eads=-9.9141 eV P=1.000e+00 E=-4355.2759 eV hmax=47.797 A hmean=44.501 A rough=0.008 A occ1=1.000 tested=5
[TEMPLATE DEBUG] total=1728 species_filter=0 restriction=0 direction=128 global_front=0 occupied=348 connection=0 min_dist=0 pre_shell=1252 post_shell=4 tested_energy=4
[TEMPLATE DEBUG] camada candidata z: min=87.966525 max=87.966525 n=4
step=00349 species=  C N=00477 vac=0000 axis=z surf=xy Eads=-10.7437 eV P=1.000e+00 E=-4366.7661 eV hmax=47.797 A hmean=44.433 A rough=0.008 A occ1=1.000 tested=4
[TEMPLATE DEBUG] total=1728 species_filter=0 restriction=0 direction=128 global_front=0 occupied=349 connection=0 min_dist=0 pre_shell=1251 post_shell=3 tested_energy=3
[TEMPLATE DEBUG] camada candidata z: min=87.966525 max=87.966525 n=3
step=00350 species=  C N=00478 vac=0000 axis=z surf=xy Eads=-11.2402 eV P=1.000e+00 E=-4378.4199 eV hmax=47.797 A hmean=44.569 A rough=0.007 A occ1=1.000 tested=3
[TEMPLATE DEBUG] total=1728 species_filter=0 restriction=0 direction=128 global_front=0 occupied=350 connection=0 min_dist=0 pre_shell=1250 post_shell=2 tested_energy=2
[TEMPLATE DEBUG] camada candidata z: min=87.966525 max=87.966525 n=2
step=00351 species=  C N=00479 vac=0000 axis=z surf=xy Eads=-10.8999 eV P=1.000e+00 E=-4389.7100 eV hmax=47.797 A hmean=44.501 A rough=0.007 A occ1=1.000 tested=2
[TEMPLATE DEBUG] total=1728 species_filter=0 restriction=0 direction=128 global_front=0 occupied=351 connection=0 min_dist=0 pre_shell=1249 post_shell=1 tested_energy=1
[TEMPLATE DEBUG] camada candidata z: min=87.966525 max=87.966525 n=1
step=00352 species=  C N=00480 vac=0000 axis=z surf=xy Eads=-10.0923 eV P=1.000e+00 E=-4404.9546 eV hmax=47.797 A hmean=44.841 A rough=0.007 A occ1=1.000 tested=1
[TEMPLATE DEBUG] total=1728 species_filter=0 restriction=0 direction=128 global_front=0 occupied=352 connection=0 min_dist=0 pre_shell=1248 post_shell=32 tested_energy=32
[TEMPLATE DEBUG] camada candidata z: min=92.309044 max=92.309044 n=32
step=00353 species=  C N=00481 vac=0000 axis=z surf=xy Eads=-1.9849 eV P=3.468e-02 E=-4406.9517 eV hmax=52.161 A hmean=44.909 A rough=0.000 A occ1=1.000 tested=32
[TEMPLATE DEBUG] total=1728 species_filter=0 restriction=0 direction=128 global_front=0 occupied=353 connection=0 min_dist=0 pre_shell=1247 post_shell=31 tested_energy=31
[TEMPLATE DEBUG] camada candidata z: min=92.309044 max=92.309044 n=31
step=00354 species=  C N=00482 vac=0000 axis=z surf=xy Eads=-8.3232 eV P=3.295e-01 E=-4415.5107 eV hmax=52.165 A hmean=45.113 A rough=0.023 A occ1=1.000 tested=31
[TEMPLATE DEBUG] total=1728 species_filter=0 restriction=0 direction=128 global_front=0 occupied=354 connection=0 min_dist=0 pre_shell=1246 post_shell=30 tested_energy=30
[TEMPLATE DEBUG] camada candidata z: min=92.309044 max=92.309044 n=30
step=00355 species=  C N=00483 vac=0000 axis=z surf=xy Eads=-7.4551 eV P=2.856e-01 E=-4423.5601 eV hmax=52.174 A hmean=45.181 A rough=0.026 A occ1=1.000 tested=30
[TEMPLATE DEBUG] total=1728 species_filter=0 restriction=0 direction=128 global_front=0 occupied=355 connection=0 min_dist=0 pre_shell=1245 post_shell=29 tested_energy=29
[TEMPLATE DEBUG] camada candidata z: min=92.309044 max=92.309044 n=29
step=00356 species=  C N=00484 vac=0000 axis=z surf=xy Eads=-7.6216 eV P=1.764e-01 E=-4431.7617 eV hmax=52.163 A hmean=45.317 A rough=0.017 A occ1=1.000 tested=29
[TEMPLATE DEBUG] total=1728 species_filter=0 restriction=0 direction=128 global_front=0 occupied=356 connection=0 min_dist=0 pre_shell=1244 post_shell=28 tested_energy=28
[TEMPLATE DEBUG] camada candidata z: min=92.309044 max=92.309044 n=28
step=00357 species=  C N=00485 vac=0000 axis=z surf=xy Eads=-7.5884 eV P=9.993e-01 E=-4439.6870 eV hmax=52.157 A hmean=45.452 A rough=0.014 A occ1=1.000 tested=28
[TEMPLATE DEBUG] total=1728 species_filter=0 restriction=0 direction=128 global_front=0 occupied=357 connection=0 min_dist=0 pre_shell=1243 post_shell=27 tested_energy=27
[TEMPLATE DEBUG] camada candidata z: min=92.309044 max=92.309044 n=27
step=00358 species=  C N=00486 vac=0000 axis=z surf=xy Eads=-7.4380 eV P=2.971e-01 E=-4447.6387 eV hmax=52.157 A hmean=45.656 A rough=0.014 A occ1=1.000 tested=27
[TEMPLATE DEBUG] total=1728 species_filter=0 restriction=0 direction=128 global_front=0 occupied=358 connection=0 min_dist=0 pre_shell=1242 post_shell=26 tested_energy=26
[TEMPLATE DEBUG] camada candidata z: min=92.309044 max=92.309044 n=26
step=00359 species=  C N=00487 vac=0000 axis=z surf=xy Eads=-7.6641 eV P=8.638e-01 E=-4455.8486 eV hmax=52.154 A hmean=45.792 A rough=0.012 A occ1=1.000 tested=26
[TEMPLATE DEBUG] total=1728 species_filter=0 restriction=0 direction=128 global_front=0 occupied=359 connection=0 min_dist=0 pre_shell=1241 post_shell=25 tested_energy=25
[TEMPLATE DEBUG] camada candidata z: min=92.309044 max=92.309044 n=25
step=00360 species=  C N=00488 vac=0000 axis=z surf=xy Eads=-11.6084 eV P=1.000e+00 E=-4468.4609 eV hmax=52.148 A hmean=45.928 A rough=0.012 A occ1=1.000 tested=25
[TEMPLATE DEBUG] total=1728 species_filter=0 restriction=0 direction=128 global_front=0 occupied=360 connection=0 min_dist=0 pre_shell=1240 post_shell=24 tested_energy=24
[TEMPLATE DEBUG] camada candidata z: min=92.309044 max=92.309044 n=24
step=00361 species=  C N=00489 vac=0000 axis=z surf=xy Eads=-4.3423 eV P=9.979e-01 E=-4473.4448 eV hmax=52.148 A hmean=45.995 A rough=0.012 A occ1=1.000 tested=24
[TEMPLATE DEBUG] total=1728 species_filter=0 restriction=0 direction=128 global_front=0 occupied=361 connection=0 min_dist=0 pre_shell=1239 post_shell=23 tested_energy=23
[TEMPLATE DEBUG] camada candidata z: min=92.309044 max=92.309044 n=23
step=00362 species=  C N=00490 vac=0000 axis=z surf=xy Eads=-7.3091 eV P=7.920e-01 E=-4481.6436 eV hmax=52.148 A hmean=46.131 A rough=0.012 A occ1=1.000 tested=23
[TEMPLATE DEBUG] total=1728 species_filter=0 restriction=0 direction=128 global_front=0 occupied=362 connection=0 min_dist=0 pre_shell=1238 post_shell=22 tested_energy=22
[TEMPLATE DEBUG] camada candidata z: min=92.309044 max=92.309044 n=22
step=00363 species=  C N=00491 vac=0000 axis=z surf=xy Eads=-7.0186 eV P=1.000e+00 E=-4489.2725 eV hmax=52.148 A hmean=46.403 A rough=0.012 A occ1=1.000 tested=22
[TEMPLATE DEBUG] total=1728 species_filter=0 restriction=0 direction=128 global_front=0 occupied=363 connection=0 min_dist=0 pre_shell=1237 post_shell=21 tested_energy=21
[TEMPLATE DEBUG] camada candidata z: min=92.309044 max=92.309044 n=21
step=00364 species=  C N=00492 vac=0000 axis=z surf=xy Eads=-7.6582 eV P=1.000e+00 E=-4497.6343 eV hmax=52.148 A hmean=46.538 A rough=0.012 A occ1=1.000 tested=21
[TEMPLATE DEBUG] total=1728 species_filter=0 restriction=0 direction=128 global_front=0 occupied=364 connection=0 min_dist=0 pre_shell=1236 post_shell=20 tested_energy=20
[TEMPLATE DEBUG] camada candidata z: min=92.309044 max=92.309044 n=20
step=00365 species=  C N=00493 vac=0000 axis=z surf=xy Eads=-7.4956 eV P=1.000e+00 E=-4505.6929 eV hmax=52.150 A hmean=46.742 A rough=0.013 A occ1=1.000 tested=20
[TEMPLATE DEBUG] total=1728 species_filter=0 restriction=0 direction=128 global_front=0 occupied=365 connection=0 min_dist=0 pre_shell=1235 post_shell=19 tested_energy=19
[TEMPLATE DEBUG] camada candidata z: min=92.309044 max=92.309044 n=19
step=00366 species=  C N=00494 vac=0000 axis=z surf=xy Eads=-9.4067 eV P=1.000e+00 E=-4516.7114 eV hmax=52.151 A hmean=46.742 A rough=0.013 A occ1=1.000 tested=19
[TEMPLATE DEBUG] total=1728 species_filter=0 restriction=0 direction=128 global_front=0 occupied=366 connection=0 min_dist=0 pre_shell=1234 post_shell=18 tested_energy=18
[TEMPLATE DEBUG] camada candidata z: min=92.309044 max=92.309044 n=18
step=00367 species=  C N=00495 vac=0000 axis=z surf=xy Eads=-5.5781 eV P=1.000e+00 E=-4522.9902 eV hmax=52.151 A hmean=47.150 A rough=0.014 A occ1=1.000 tested=18
[TEMPLATE DEBUG] total=1728 species_filter=0 restriction=0 direction=128 global_front=0 occupied=367 connection=0 min_dist=0 pre_shell=1233 post_shell=17 tested_energy=17
[TEMPLATE DEBUG] camada candidata z: min=92.309044 max=92.309044 n=17
step=00368 species=  C N=00496 vac=0000 axis=z surf=xy Eads=-9.4141 eV P=1.000e+00 E=-4533.5127 eV hmax=52.151 A hmean=46.675 A rough=0.014 A occ1=1.000 tested=17
[TEMPLATE DEBUG] total=1728 species_filter=0 restriction=0 direction=128 global_front=0 occupied=368 connection=0 min_dist=0 pre_shell=1232 post_shell=16 tested_energy=16
[TEMPLATE DEBUG] camada candidata z: min=92.309044 max=92.309044 n=16
step=00369 species=  C N=00497 vac=0000 axis=z surf=xy Eads=-5.8999 eV P=8.883e-01 E=-4539.9048 eV hmax=52.151 A hmean=46.878 A rough=0.013 A occ1=1.000 tested=16
[TEMPLATE DEBUG] total=1728 species_filter=0 restriction=0 direction=128 global_front=0 occupied=369 connection=0 min_dist=0 pre_shell=1231 post_shell=15 tested_energy=15
[TEMPLATE DEBUG] camada candidata z: min=92.309044 max=92.309044 n=15
step=00370 species=  C N=00498 vac=0000 axis=z surf=xy Eads=-8.3418 eV P=1.000e+00 E=-4549.3062 eV hmax=52.151 A hmean=46.742 A rough=0.013 A occ1=1.000 tested=15
[TEMPLATE DEBUG] total=1728 species_filter=0 restriction=0 direction=128 global_front=0 occupied=370 connection=0 min_dist=0 pre_shell=1230 post_shell=14 tested_energy=14
[TEMPLATE DEBUG] camada candidata z: min=92.309044 max=92.309044 n=14
step=00371 species=  C N=00499 vac=0000 axis=z surf=xy Eads=-6.7480 eV P=9.021e-01 E=-4556.3618 eV hmax=52.151 A hmean=46.946 A rough=0.013 A occ1=1.000 tested=14
[TEMPLATE DEBUG] total=1728 species_filter=0 restriction=0 direction=128 global_front=0 occupied=371 connection=0 min_dist=0 pre_shell=1229 post_shell=13 tested_energy=13
[TEMPLATE DEBUG] camada candidata z: min=92.309044 max=92.309044 n=13
step=00372 species=  C N=00500 vac=0000 axis=z surf=xy Eads=-7.8501 eV P=9.874e-01 E=-4565.5620 eV hmax=52.149 A hmean=46.878 A rough=0.013 A occ1=1.000 tested=13
[TEMPLATE DEBUG] total=1728 species_filter=0 restriction=0 direction=128 global_front=0 occupied=372 connection=0 min_dist=0 pre_shell=1228 post_shell=12 tested_energy=12
[TEMPLATE DEBUG] camada candidata z: min=92.309044 max=92.309044 n=12
step=00373 species=  C N=00501 vac=0000 axis=z surf=xy Eads=-7.5137 eV P=9.999e-01 E=-4574.5879 eV hmax=52.149 A hmean=46.674 A rough=0.013 A occ1=1.000 tested=12
[TEMPLATE DEBUG] total=1728 species_filter=0 restriction=0 direction=128 global_front=0 occupied=373 connection=0 min_dist=0 pre_shell=1227 post_shell=11 tested_energy=11
[TEMPLATE DEBUG] camada candidata z: min=92.309044 max=92.309044 n=11
step=00374 species=  C N=00502 vac=0000 axis=z surf=xy Eads=-9.8120 eV P=1.000e+00 E=-4585.8765 eV hmax=52.149 A hmean=46.877 A rough=0.013 A occ1=1.000 tested=11
[TEMPLATE DEBUG] total=1728 species_filter=0 restriction=0 direction=128 global_front=0 occupied=374 connection=0 min_dist=0 pre_shell=1226 post_shell=10 tested_energy=10
[TEMPLATE DEBUG] camada candidata z: min=92.309044 max=92.309044 n=10
step=00375 species=  C N=00503 vac=0000 axis=z surf=xy Eads=-8.6865 eV P=1.000e+00 E=-4596.2891 eV hmax=52.152 A hmean=46.877 A rough=0.013 A occ1=1.000 tested=10
[TEMPLATE DEBUG] total=1728 species_filter=0 restriction=0 direction=128 global_front=0 occupied=375 connection=0 min_dist=0 pre_shell=1225 post_shell=9 tested_energy=9
[TEMPLATE DEBUG] camada candidata z: min=92.309044 max=92.309044 n=9
step=00376 species=  C N=00504 vac=0000 axis=z surf=xy Eads=-7.9272 eV P=1.000e+00 E=-4606.3647 eV hmax=52.145 A hmean=47.216 A rough=0.012 A occ1=1.000 tested=9
[TEMPLATE DEBUG] total=1728 species_filter=0 restriction=0 direction=128 global_front=0 occupied=376 connection=0 min_dist=0 pre_shell=1224 post_shell=8 tested_energy=8
[TEMPLATE DEBUG] camada candidata z: min=92.309044 max=92.309044 n=8
step=00377 species=  C N=00505 vac=0000 axis=z surf=xy Eads=-10.2808 eV P=1.000e+00 E=-4617.6841 eV hmax=52.142 A hmean=47.283 A rough=0.011 A occ1=1.000 tested=8
[TEMPLATE DEBUG] total=1728 species_filter=0 restriction=0 direction=128 global_front=0 occupied=377 connection=0 min_dist=0 pre_shell=1223 post_shell=7 tested_energy=7
[TEMPLATE DEBUG] camada candidata z: min=92.309044 max=92.309044 n=7
step=00378 species=  C N=00506 vac=0000 axis=z surf=xy Eads=-11.1255 eV P=1.000e+00 E=-4629.1528 eV hmax=52.140 A hmean=47.419 A rough=0.010 A occ1=1.000 tested=7
[TEMPLATE DEBUG] total=1728 species_filter=0 restriction=0 direction=128 global_front=0 occupied=378 connection=0 min_dist=0 pre_shell=1222 post_shell=6 tested_energy=6
[TEMPLATE DEBUG] camada candidata z: min=92.309044 max=92.309044 n=6
step=00379 species=  C N=00507 vac=0000 axis=z surf=xy Eads=-7.2637 eV P=4.883e-01 E=-4636.6045 eV hmax=52.140 A hmean=47.826 A rough=0.010 A occ1=1.000 tested=6
[TEMPLATE DEBUG] total=1728 species_filter=0 restriction=0 direction=128 global_front=0 occupied=379 connection=0 min_dist=0 pre_shell=1221 post_shell=5 tested_energy=5
[TEMPLATE DEBUG] camada candidata z: min=92.309044 max=92.309044 n=5
step=00380 species=  C N=00508 vac=0000 axis=z surf=xy Eads=-11.7080 eV P=9.051e-01 E=-4648.6152 eV hmax=52.138 A hmean=47.826 A rough=0.009 A occ1=1.000 tested=5
[TEMPLATE DEBUG] total=1728 species_filter=0 restriction=0 direction=128 global_front=0 occupied=380 connection=0 min_dist=0 pre_shell=1220 post_shell=4 tested_energy=4
[TEMPLATE DEBUG] camada candidata z: min=92.309044 max=92.309044 n=4
step=00381 species=  C N=00509 vac=0000 axis=z surf=xy Eads=-10.5059 eV P=5.311e-01 E=-4659.5986 eV hmax=52.138 A hmean=48.301 A rough=0.009 A occ1=1.000 tested=4
[TEMPLATE DEBUG] total=1728 species_filter=0 restriction=0 direction=128 global_front=0 occupied=381 connection=0 min_dist=0 pre_shell=1219 post_shell=3 tested_energy=3
[TEMPLATE DEBUG] camada candidata z: min=92.309044 max=92.309044 n=3
step=00382 species=  C N=00510 vac=0000 axis=z surf=xy Eads=-11.4717 eV P=9.741e-01 E=-4671.3755 eV hmax=52.135 A hmean=48.232 A rough=0.008 A occ1=1.000 tested=3
[TEMPLATE DEBUG] total=1728 species_filter=0 restriction=0 direction=128 global_front=0 occupied=382 connection=0 min_dist=0 pre_shell=1218 post_shell=2 tested_energy=2
[TEMPLATE DEBUG] camada candidata z: min=92.309044 max=92.309044 n=2
step=00383 species=  C N=00511 vac=0000 axis=z surf=xy Eads=-11.2920 eV P=7.825e-01 E=-4682.9512 eV hmax=52.133 A hmean=48.775 A rough=0.007 A occ1=1.000 tested=2
[TEMPLATE DEBUG] total=1728 species_filter=0 restriction=0 direction=128 global_front=0 occupied=383 connection=0 min_dist=0 pre_shell=1217 post_shell=1 tested_energy=1
[TEMPLATE DEBUG] camada candidata z: min=92.309044 max=92.309044 n=1
step=00384 species=  C N=00512 vac=0000 axis=z surf=xy Eads=-15.3584 eV P=1.000e+00 E=-4698.6084 eV hmax=52.131 A hmean=48.572 A rough=0.007 A occ1=1.000 tested=1
[TEMPLATE DEBUG] total=1728 species_filter=0 restriction=0 direction=128 global_front=0 occupied=384 connection=0 min_dist=0 pre_shell=1216 post_shell=32 tested_energy=32
[TEMPLATE DEBUG] camada candidata z: min=96.651563 max=96.651563 n=32
step=00385 species=  C N=00513 vac=0000 axis=z surf=xy Eads=-1.9858 eV P=3.468e-02 E=-4700.6069 eV hmax=56.503 A hmean=48.912 A rough=0.000 A occ1=1.000 tested=32
[TEMPLATE DEBUG] total=1728 species_filter=0 restriction=0 direction=128 global_front=0 occupied=385 connection=0 min_dist=0 pre_shell=1215 post_shell=31 tested_energy=31
[TEMPLATE DEBUG] camada candidata z: min=96.651563 max=96.651563 n=31
step=00386 species=  C N=00514 vac=0000 axis=z surf=xy Eads=-8.3223 eV P=3.358e-01 E=-4709.1641 eV hmax=56.507 A hmean=49.048 A rough=0.023 A occ1=1.000 tested=31
[TEMPLATE DEBUG] total=1728 species_filter=0 restriction=0 direction=128 global_front=0 occupied=386 connection=0 min_dist=0 pre_shell=1214 post_shell=30 tested_energy=30
[TEMPLATE DEBUG] camada candidata z: min=96.651563 max=96.651563 n=30
step=00387 species=  C N=00515 vac=0000 axis=z surf=xy Eads=-7.4556 eV P=2.856e-01 E=-4717.2134 eV hmax=56.516 A hmean=48.844 A rough=0.026 A occ1=1.000 tested=30
[TEMPLATE DEBUG] total=1728 species_filter=0 restriction=0 direction=128 global_front=0 occupied=387 connection=0 min_dist=0 pre_shell=1213 post_shell=29 tested_energy=29
[TEMPLATE DEBUG] camada candidata z: min=96.651563 max=96.651563 n=29
step=00388 species=  C N=00516 vac=0000 axis=z surf=xy Eads=-7.6221 eV P=1.814e-01 E=-4725.4155 eV hmax=56.505 A hmean=48.980 A rough=0.017 A occ1=1.000 tested=29
[TEMPLATE DEBUG] total=1728 species_filter=0 restriction=0 direction=128 global_front=0 occupied=388 connection=0 min_dist=0 pre_shell=1212 post_shell=28 tested_energy=28
[TEMPLATE DEBUG] camada candidata z: min=96.651563 max=96.651563 n=28
step=00389 species=  C N=00517 vac=0000 axis=z surf=xy Eads=-7.5879 eV P=9.993e-01 E=-4733.3389 eV hmax=56.499 A hmean=49.116 A rough=0.014 A occ1=1.000 tested=28
[TEMPLATE DEBUG] total=1728 species_filter=0 restriction=0 direction=128 global_front=0 occupied=389 connection=0 min_dist=0 pre_shell=1211 post_shell=27 tested_energy=27
[TEMPLATE DEBUG] camada candidata z: min=96.651563 max=96.651563 n=27
step=00390 species=  C N=00518 vac=0000 axis=z surf=xy Eads=-7.4761 eV P=7.053e-01 E=-4741.2744 eV hmax=56.495 A hmean=49.184 A rough=0.012 A occ1=1.000 tested=27
[TEMPLATE DEBUG] total=1728 species_filter=0 restriction=0 direction=128 global_front=0 occupied=390 connection=0 min_dist=0 pre_shell=1210 post_shell=26 tested_energy=26
[TEMPLATE DEBUG] camada candidata z: min=96.651563 max=96.651563 n=26
step=00391 species=  C N=00519 vac=0000 axis=z surf=xy Eads=-7.5864 eV P=8.872e-01 E=-4749.4531 eV hmax=56.495 A hmean=49.659 A rough=0.011 A occ1=1.000 tested=26
[TEMPLATE DEBUG] total=1728 species_filter=0 restriction=0 direction=128 global_front=0 occupied=391 connection=0 min_dist=0 pre_shell=1209 post_shell=25 tested_energy=25
[TEMPLATE DEBUG] camada candidata z: min=96.651563 max=96.651563 n=25
step=00392 species=  C N=00520 vac=0000 axis=z surf=xy Eads=-11.5977 eV P=1.000e+00 E=-4762.1094 eV hmax=56.488 A hmean=49.387 A rough=0.011 A occ1=1.000 tested=25
[TEMPLATE DEBUG] total=1728 species_filter=0 restriction=0 direction=128 global_front=0 occupied=392 connection=0 min_dist=0 pre_shell=1208 post_shell=24 tested_energy=24
[TEMPLATE DEBUG] camada candidata z: min=96.651563 max=96.651563 n=24
step=00393 species=  C N=00521 vac=0000 axis=z surf=xy Eads=-4.2773 eV P=9.973e-01 E=-4767.0854 eV hmax=56.488 A hmean=49.387 A rough=0.011 A occ1=1.000 tested=24
[TEMPLATE DEBUG] total=1728 species_filter=0 restriction=0 direction=128 global_front=0 occupied=393 connection=0 min_dist=0 pre_shell=1207 post_shell=23 tested_energy=23
[TEMPLATE DEBUG] camada candidata z: min=96.651563 max=96.651563 n=23
step=00394 species=  C N=00522 vac=0000 axis=z surf=xy Eads=-7.2837 eV P=7.076e-01 E=-4775.2827 eV hmax=56.489 A hmean=49.658 A rough=0.012 A occ1=1.000 tested=23
[TEMPLATE DEBUG] total=1728 species_filter=0 restriction=0 direction=128 global_front=0 occupied=394 connection=0 min_dist=0 pre_shell=1206 post_shell=22 tested_energy=22
[TEMPLATE DEBUG] camada candidata z: min=96.651563 max=96.651563 n=22
step=00395 species=  C N=00523 vac=0000 axis=z surf=xy Eads=-7.0190 eV P=1.000e+00 E=-4782.9160 eV hmax=56.489 A hmean=49.726 A rough=0.012 A occ1=1.000 tested=22
[TEMPLATE DEBUG] total=1728 species_filter=0 restriction=0 direction=128 global_front=0 occupied=395 connection=0 min_dist=0 pre_shell=1205 post_shell=21 tested_energy=21
[TEMPLATE DEBUG] camada candidata z: min=96.651563 max=96.651563 n=21
step=00396 species=  C N=00524 vac=0000 axis=z surf=xy Eads=-7.6621 eV P=1.000e+00 E=-4791.2842 eV hmax=56.489 A hmean=49.862 A rough=0.011 A occ1=1.000 tested=21
[TEMPLATE DEBUG] total=1728 species_filter=0 restriction=0 direction=128 global_front=0 occupied=396 connection=0 min_dist=0 pre_shell=1204 post_shell=20 tested_energy=20
[TEMPLATE DEBUG] camada candidata z: min=96.651563 max=96.651563 n=20
step=00397 species=  C N=00525 vac=0000 axis=z surf=xy Eads=-7.4932 eV P=1.000e+00 E=-4799.3369 eV hmax=56.489 A hmean=49.930 A rough=0.012 A occ1=1.000 tested=20
[TEMPLATE DEBUG] total=1728 species_filter=0 restriction=0 direction=128 global_front=0 occupied=397 connection=0 min_dist=0 pre_shell=1203 post_shell=19 tested_energy=19
[TEMPLATE DEBUG] camada candidata z: min=96.651563 max=96.651563 n=19
step=00398 species=  C N=00526 vac=0000 axis=z surf=xy Eads=-9.4033 eV P=1.000e+00 E=-4810.4663 eV hmax=56.489 A hmean=50.405 A rough=0.012 A occ1=1.000 tested=19
[TEMPLATE DEBUG] total=1728 species_filter=0 restriction=0 direction=128 global_front=0 occupied=398 connection=0 min_dist=0 pre_shell=1202 post_shell=18 tested_energy=18
[TEMPLATE DEBUG] camada candidata z: min=96.651563 max=96.651563 n=18
step=00399 species=  C N=00527 vac=0000 axis=z surf=xy Eads=-5.4790 eV P=9.990e-01 E=-4816.6831 eV hmax=56.489 A hmean=50.473 A rough=0.012 A occ1=1.000 tested=18
[TEMPLATE DEBUG] total=1728 species_filter=0 restriction=0 direction=128 global_front=0 occupied=399 connection=0 min_dist=0 pre_shell=1201 post_shell=17 tested_energy=17
[TEMPLATE DEBUG] camada candidata z: min=96.651563 max=96.651563 n=17
step=00400 species=  C N=00528 vac=0000 axis=z surf=xy Eads=-9.4092 eV P=1.000e+00 E=-4827.1987 eV hmax=56.489 A hmean=50.677 A rough=0.013 A occ1=1.000 tested=17
[TEMPLATE DEBUG] total=1728 species_filter=0 restriction=0 direction=128 global_front=0 occupied=400 connection=0 min_dist=0 pre_shell=1200 post_shell=16 tested_energy=16
[TEMPLATE DEBUG] camada candidata z: min=96.651563 max=96.651563 n=16
step=00401 species=  C N=00529 vac=0000 axis=z surf=xy Eads=-5.9331 eV P=9.291e-01 E=-4833.5864 eV hmax=56.489 A hmean=50.813 A rough=0.012 A occ1=1.000 tested=16
[TEMPLATE DEBUG] total=1728 species_filter=0 restriction=0 direction=128 global_front=0 occupied=401 connection=0 min_dist=0 pre_shell=1199 post_shell=15 tested_energy=15
[TEMPLATE DEBUG] camada candidata z: min=96.651563 max=96.651563 n=15
step=00402 species=  C N=00530 vac=0000 axis=z surf=xy Eads=-8.3086 eV P=1.000e+00 E=-4842.9194 eV hmax=56.489 A hmean=50.881 A rough=0.012 A occ1=1.000 tested=15
[TEMPLATE DEBUG] total=1728 species_filter=0 restriction=0 direction=128 global_front=0 occupied=402 connection=0 min_dist=0 pre_shell=1198 post_shell=14 tested_energy=14
[TEMPLATE DEBUG] camada candidata z: min=96.651563 max=96.651563 n=14
step=00403 species=  C N=00531 vac=0000 axis=z surf=xy Eads=-6.7578 eV P=9.770e-01 E=-4849.9771 eV hmax=56.488 A hmean=50.948 A rough=0.012 A occ1=1.000 tested=14
[TEMPLATE DEBUG] total=1728 species_filter=0 restriction=0 direction=128 global_front=0 occupied=403 connection=0 min_dist=0 pre_shell=1197 post_shell=13 tested_energy=13
[TEMPLATE DEBUG] camada candidata z: min=96.651563 max=96.651563 n=13
step=00404 species=  C N=00532 vac=0000 axis=z surf=xy Eads=-7.8208 eV P=9.673e-01 E=-4858.7646 eV hmax=56.486 A hmean=51.084 A rough=0.012 A occ1=1.000 tested=13
[TEMPLATE DEBUG] total=1728 species_filter=0 restriction=0 direction=128 global_front=0 occupied=404 connection=0 min_dist=0 pre_shell=1196 post_shell=12 tested_energy=12
[TEMPLATE DEBUG] camada candidata z: min=96.651563 max=96.651563 n=12
step=00405 species=  C N=00533 vac=0000 axis=z surf=xy Eads=-6.8911 eV P=1.000e+00 E=-4867.9585 eV hmax=56.484 A hmean=51.219 A rough=0.012 A occ1=1.000 tested=12
[TEMPLATE DEBUG] total=1728 species_filter=0 restriction=0 direction=128 global_front=0 occupied=405 connection=0 min_dist=0 pre_shell=1195 post_shell=11 tested_energy=11
[TEMPLATE DEBUG] camada candidata z: min=96.651563 max=96.651563 n=11
step=00406 species=  C N=00534 vac=0000 axis=z surf=xy Eads=-10.2534 eV P=1.000e+00 E=-4879.4888 eV hmax=56.485 A hmean=51.287 A rough=0.011 A occ1=1.000 tested=11
[TEMPLATE DEBUG] total=1728 species_filter=0 restriction=0 direction=128 global_front=0 occupied=406 connection=0 min_dist=0 pre_shell=1194 post_shell=10 tested_energy=10
[TEMPLATE DEBUG] camada candidata z: min=96.651563 max=96.651563 n=10
step=00407 species=  C N=00535 vac=0000 axis=z surf=xy Eads=-9.1069 eV P=1.000e+00 E=-4889.7993 eV hmax=56.485 A hmean=51.422 A rough=0.011 A occ1=1.000 tested=10
[TEMPLATE DEBUG] total=1728 species_filter=0 restriction=0 direction=128 global_front=0 occupied=407 connection=0 min_dist=0 pre_shell=1193 post_shell=9 tested_energy=9
[TEMPLATE DEBUG] camada candidata z: min=96.651563 max=96.651563 n=9
step=00408 species=  C N=00536 vac=0000 axis=z surf=xy Eads=-7.7671 eV P=1.000e+00 E=-4899.9927 eV hmax=56.483 A hmean=51.354 A rough=0.009 A occ1=1.000 tested=9
[TEMPLATE DEBUG] total=1728 species_filter=0 restriction=0 direction=128 global_front=0 occupied=408 connection=0 min_dist=0 pre_shell=1192 post_shell=8 tested_energy=8
[TEMPLATE DEBUG] camada candidata z: min=96.651563 max=96.651563 n=8
step=00409 species=  C N=00537 vac=0000 axis=z surf=xy Eads=-10.1870 eV P=1.000e+00 E=-4911.2856 eV hmax=56.480 A hmean=51.829 A rough=0.009 A occ1=1.000 tested=8
[TEMPLATE DEBUG] total=1728 species_filter=0 restriction=0 direction=128 global_front=0 occupied=409 connection=0 min_dist=0 pre_shell=1191 post_shell=7 tested_energy=7
[TEMPLATE DEBUG] camada candidata z: min=96.651563 max=96.651563 n=7
step=00410 species=  C N=00538 vac=0000 axis=z surf=xy Eads=-11.2158 eV P=1.000e+00 E=-4922.8208 eV hmax=56.475 A hmean=52.236 A rough=0.008 A occ1=1.000 tested=7
[TEMPLATE DEBUG] total=1728 species_filter=0 restriction=0 direction=128 global_front=0 occupied=410 connection=0 min_dist=0 pre_shell=1190 post_shell=6 tested_energy=6
[TEMPLATE DEBUG] camada candidata z: min=96.651563 max=96.651563 n=6
step=00411 species=  C N=00539 vac=0000 axis=z surf=xy Eads=-7.2729 eV P=4.486e-01 E=-4930.4307 eV hmax=56.471 A hmean=52.575 A rough=0.007 A occ1=1.000 tested=6
[TEMPLATE DEBUG] total=1728 species_filter=0 restriction=0 direction=128 global_front=0 occupied=411 connection=0 min_dist=0 pre_shell=1189 post_shell=5 tested_energy=5
[TEMPLATE DEBUG] camada candidata z: min=96.651563 max=96.651563 n=5
step=00412 species=  C N=00540 vac=0000 axis=z surf=xy Eads=-11.3965 eV P=4.548e-01 E=-4942.2988 eV hmax=56.470 A hmean=52.643 A rough=0.007 A occ1=1.000 tested=5
[TEMPLATE DEBUG] total=1728 species_filter=0 restriction=0 direction=128 global_front=0 occupied=412 connection=0 min_dist=0 pre_shell=1188 post_shell=4 tested_energy=4
[TEMPLATE DEBUG] camada candidata z: min=96.651563 max=96.651563 n=4
step=00413 species=  C N=00541 vac=0000 axis=z surf=xy Eads=-10.5635 eV P=9.532e-01 E=-4953.3755 eV hmax=56.470 A hmean=52.372 A rough=0.006 A occ1=1.000 tested=4
[TEMPLATE DEBUG] total=1728 species_filter=0 restriction=0 direction=128 global_front=0 occupied=413 connection=0 min_dist=0 pre_shell=1187 post_shell=3 tested_energy=3
[TEMPLATE DEBUG] camada candidata z: min=96.651563 max=96.651563 n=3
step=00414 species=  C N=00542 vac=0000 axis=z surf=xy Eads=-11.4771 eV P=9.988e-01 E=-4965.1377 eV hmax=56.470 A hmean=52.440 A rough=0.006 A occ1=1.000 tested=3
[TEMPLATE DEBUG] total=1728 species_filter=0 restriction=0 direction=128 global_front=0 occupied=414 connection=0 min_dist=0 pre_shell=1186 post_shell=2 tested_energy=2
[TEMPLATE DEBUG] camada candidata z: min=96.651563 max=96.651563 n=2
step=00415 species=  C N=00543 vac=0000 axis=z surf=xy Eads=-11.2554 eV P=9.897e-01 E=-4976.6343 eV hmax=56.469 A hmean=52.643 A rough=0.006 A occ1=1.000 tested=2
[TEMPLATE DEBUG] total=1728 species_filter=0 restriction=0 direction=128 global_front=0 occupied=415 connection=0 min_dist=0 pre_shell=1185 post_shell=1 tested_energy=1
[TEMPLATE DEBUG] camada candidata z: min=96.651563 max=96.651563 n=1
step=00416 species=  C N=00544 vac=0000 axis=z surf=xy Eads=-15.2056 eV P=1.000e+00 E=-4992.2715 eV hmax=56.468 A hmean=53.186 A rough=0.005 A occ1=1.000 tested=1
[TEMPLATE DEBUG] total=1728 species_filter=0 restriction=0 direction=128 global_front=0 occupied=416 connection=0 min_dist=0 pre_shell=1184 post_shell=32 tested_energy=32
[TEMPLATE DEBUG] camada candidata z: min=100.994082 max=100.994082 n=32
step=00417 species=  C N=00545 vac=0000 axis=z surf=xy Eads=-1.9756 eV P=2.765e-02 E=-4994.2681 eV hmax=60.861 A hmean=53.322 A rough=0.000 A occ1=1.000 tested=32
[TEMPLATE DEBUG] total=1728 species_filter=0 restriction=0 direction=128 global_front=0 occupied=417 connection=0 min_dist=0 pre_shell=1183 post_shell=31 tested_energy=31
[TEMPLATE DEBUG] camada candidata z: min=100.994082 max=100.994082 n=31
step=00418 species=  C N=00546 vac=0000 axis=z surf=xy Eads=-8.3223 eV P=3.245e-01 E=-5002.8281 eV hmax=60.865 A hmean=53.594 A rough=0.031 A occ1=1.000 tested=31
[TEMPLATE DEBUG] total=1728 species_filter=0 restriction=0 direction=128 global_front=0 occupied=418 connection=0 min_dist=0 pre_shell=1182 post_shell=30 tested_energy=30
[TEMPLATE DEBUG] camada candidata z: min=100.994082 max=100.994082 n=30
step=00419 species=  C N=00547 vac=0000 axis=z surf=xy Eads=-7.4355 eV P=1.869e-01 E=-5010.8716 eV hmax=60.845 A hmean=53.458 A rough=0.013 A occ1=1.000 tested=30
[TEMPLATE DEBUG] total=1728 species_filter=0 restriction=0 direction=128 global_front=0 occupied=419 connection=0 min_dist=0 pre_shell=1181 post_shell=29 tested_energy=29
[TEMPLATE DEBUG] camada candidata z: min=100.994082 max=100.994082 n=29
step=00420 species=  C N=00548 vac=0000 axis=z surf=xy Eads=-7.6885 eV P=7.647e-01 E=-5019.0942 eV hmax=60.839 A hmean=53.594 A rough=0.014 A occ1=1.000 tested=29
[TEMPLATE DEBUG] total=1728 species_filter=0 restriction=0 direction=128 global_front=0 occupied=420 connection=0 min_dist=0 pre_shell=1180 post_shell=28 tested_energy=28
[TEMPLATE DEBUG] camada candidata z: min=100.994082 max=100.994082 n=28
step=00421 species=  C N=00549 vac=0000 axis=z surf=xy Eads=-7.5669 eV P=9.992e-01 E=-5026.9990 eV hmax=60.837 A hmean=53.730 A rough=0.013 A occ1=1.000 tested=28
[TEMPLATE DEBUG] total=1728 species_filter=0 restriction=0 direction=128 global_front=0 occupied=421 connection=0 min_dist=0 pre_shell=1179 post_shell=27 tested_energy=27
[TEMPLATE DEBUG] camada candidata z: min=100.994082 max=100.994082 n=27
step=00422 species=  C N=00550 vac=0000 axis=z surf=xy Eads=-7.4429 eV P=3.413e-01 E=-5034.9521 eV hmax=60.836 A hmean=53.798 A rough=0.012 A occ1=1.000 tested=27
[TEMPLATE DEBUG] total=1728 species_filter=0 restriction=0 direction=128 global_front=0 occupied=422 connection=0 min_dist=0 pre_shell=1178 post_shell=26 tested_energy=26
[TEMPLATE DEBUG] camada candidata z: min=100.994082 max=100.994082 n=26
step=00423 species=  C N=00551 vac=0000 axis=z surf=xy Eads=-7.6641 eV P=8.651e-01 E=-5043.1636 eV hmax=60.835 A hmean=54.002 A rough=0.011 A occ1=1.000 tested=26
[TEMPLATE DEBUG] total=1728 species_filter=0 restriction=0 direction=128 global_front=0 occupied=423 connection=0 min_dist=0 pre_shell=1177 post_shell=25 tested_energy=25
[TEMPLATE DEBUG] camada candidata z: min=100.994082 max=100.994082 n=25
step=00424 species=  C N=00552 vac=0000 axis=z surf=xy Eads=-11.6074 eV P=1.000e+00 E=-5055.7759 eV hmax=60.835 A hmean=54.001 A rough=0.013 A occ1=1.000 tested=25
[TEMPLATE DEBUG] total=1728 species_filter=0 restriction=0 direction=128 global_front=0 occupied=424 connection=0 min_dist=0 pre_shell=1176 post_shell=24 tested_energy=24
[TEMPLATE DEBUG] camada candidata z: min=100.994082 max=100.994082 n=24
step=00425 species=  C N=00553 vac=0000 axis=z surf=xy Eads=-4.3447 eV P=9.980e-01 E=-5060.7607 eV hmax=60.835 A hmean=54.002 A rough=0.014 A occ1=1.000 tested=24
[TEMPLATE DEBUG] total=1728 species_filter=0 restriction=0 direction=128 global_front=0 occupied=425 connection=0 min_dist=0 pre_shell=1175 post_shell=23 tested_energy=23
[TEMPLATE DEBUG] camada candidata z: min=100.994082 max=100.994082 n=23
step=00426 species=  C N=00554 vac=0000 axis=z surf=xy Eads=-7.2539 eV P=2.098e-01 E=-5068.9404 eV hmax=60.835 A hmean=54.341 A rough=0.014 A occ1=1.000 tested=23
[TEMPLATE DEBUG] total=1728 species_filter=0 restriction=0 direction=128 global_front=0 occupied=426 connection=0 min_dist=0 pre_shell=1174 post_shell=22 tested_energy=22
[TEMPLATE DEBUG] camada candidata z: min=100.994082 max=100.994082 n=22
step=00427 species=  C N=00555 vac=0000 axis=z surf=xy Eads=-7.0254 eV P=1.000e+00 E=-5076.5654 eV hmax=60.835 A hmean=54.680 A rough=0.014 A occ1=1.000 tested=22
[TEMPLATE DEBUG] total=1728 species_filter=0 restriction=0 direction=128 global_front=0 occupied=427 connection=0 min_dist=0 pre_shell=1173 post_shell=21 tested_energy=21
[TEMPLATE DEBUG] camada candidata z: min=100.994082 max=100.994082 n=21
step=00428 species=  C N=00556 vac=0000 axis=z surf=xy Eads=-7.6636 eV P=1.000e+00 E=-5084.9517 eV hmax=60.835 A hmean=54.816 A rough=0.014 A occ1=1.000 tested=21
[TEMPLATE DEBUG] total=1728 species_filter=0 restriction=0 direction=128 global_front=0 occupied=428 connection=0 min_dist=0 pre_shell=1172 post_shell=20 tested_energy=20
[TEMPLATE DEBUG] camada candidata z: min=100.994082 max=100.994082 n=20
step=00429 species=  C N=00557 vac=0000 axis=z surf=xy Eads=-7.4932 eV P=1.000e+00 E=-5092.9985 eV hmax=60.836 A hmean=54.884 A rough=0.014 A occ1=1.000 tested=20
[TEMPLATE DEBUG] total=1728 species_filter=0 restriction=0 direction=128 global_front=0 occupied=429 connection=0 min_dist=0 pre_shell=1171 post_shell=19 tested_energy=19
[TEMPLATE DEBUG] camada candidata z: min=100.994082 max=100.994082 n=19
step=00430 species=  C N=00558 vac=0000 axis=z surf=xy Eads=-9.3994 eV P=1.000e+00 E=-5104.1079 eV hmax=60.836 A hmean=55.020 A rough=0.015 A occ1=1.000 tested=19
[TEMPLATE DEBUG] total=1728 species_filter=0 restriction=0 direction=128 global_front=0 occupied=430 connection=0 min_dist=0 pre_shell=1170 post_shell=18 tested_energy=18
[TEMPLATE DEBUG] camada candidata z: min=100.994082 max=100.994082 n=18
step=00431 species=  C N=00559 vac=0000 axis=z surf=xy Eads=-5.4893 eV P=9.993e-01 E=-5110.3154 eV hmax=60.836 A hmean=55.291 A rough=0.015 A occ1=1.000 tested=18
[TEMPLATE DEBUG] total=1728 species_filter=0 restriction=0 direction=128 global_front=0 occupied=431 connection=0 min_dist=0 pre_shell=1169 post_shell=17 tested_energy=17
[TEMPLATE DEBUG] camada candidata z: min=100.994082 max=100.994082 n=17
step=00432 species=  C N=00560 vac=0000 axis=z surf=xy Eads=-9.4263 eV P=1.000e+00 E=-5120.8638 eV hmax=60.836 A hmean=55.494 A rough=0.015 A occ1=1.000 tested=17
[TEMPLATE DEBUG] total=1728 species_filter=0 restriction=0 direction=128 global_front=0 occupied=432 connection=0 min_dist=0 pre_shell=1168 post_shell=16 tested_energy=16
[TEMPLATE DEBUG] camada candidata z: min=100.994082 max=100.994082 n=16
step=00433 species=  C N=00561 vac=0000 axis=z surf=xy Eads=-5.9316 eV P=9.245e-01 E=-5127.2534 eV hmax=60.836 A hmean=55.562 A rough=0.015 A occ1=1.000 tested=16
[TEMPLATE DEBUG] total=1728 species_filter=0 restriction=0 direction=128 global_front=0 occupied=433 connection=0 min_dist=0 pre_shell=1167 post_shell=15 tested_energy=15
[TEMPLATE DEBUG] camada candidata z: min=100.994082 max=100.994082 n=15
step=00434 species=  C N=00562 vac=0000 axis=z surf=xy Eads=-8.3052 eV P=1.000e+00 E=-5136.5854 eV hmax=60.836 A hmean=55.630 A rough=0.015 A occ1=1.000 tested=15
[TEMPLATE DEBUG] total=1728 species_filter=0 restriction=0 direction=128 global_front=0 occupied=434 connection=0 min_dist=0 pre_shell=1166 post_shell=14 tested_energy=14
[TEMPLATE DEBUG] camada candidata z: min=100.994082 max=100.994082 n=14
step=00435 species=  C N=00563 vac=0000 axis=z surf=xy Eads=-6.7705 eV P=9.788e-01 E=-5143.6455 eV hmax=60.838 A hmean=56.173 A rough=0.015 A occ1=1.000 tested=14
[TEMPLATE DEBUG] total=1728 species_filter=0 restriction=0 direction=128 global_front=0 occupied=435 connection=0 min_dist=0 pre_shell=1165 post_shell=13 tested_energy=13
[TEMPLATE DEBUG] camada candidata z: min=100.994082 max=100.994082 n=13
step=00436 species=  C N=00564 vac=0000 axis=z surf=xy Eads=-7.8101 eV P=9.420e-01 E=-5152.4121 eV hmax=60.841 A hmean=56.241 A rough=0.015 A occ1=1.000 tested=13
[TEMPLATE DEBUG] total=1728 species_filter=0 restriction=0 direction=128 global_front=0 occupied=436 connection=0 min_dist=0 pre_shell=1164 post_shell=12 tested_energy=12
[TEMPLATE DEBUG] camada candidata z: min=100.994082 max=100.994082 n=12
step=00437 species=  C N=00565 vac=0000 axis=z surf=xy Eads=-6.9004 eV P=1.000e+00 E=-5161.6270 eV hmax=60.847 A hmean=56.308 A rough=0.015 A occ1=1.000 tested=12
[TEMPLATE DEBUG] total=1728 species_filter=0 restriction=0 direction=128 global_front=0 occupied=437 connection=0 min_dist=0 pre_shell=1163 post_shell=11 tested_energy=11
[TEMPLATE DEBUG] camada candidata z: min=100.994082 max=100.994082 n=11
step=00438 species=  C N=00566 vac=0000 axis=z surf=xy Eads=-10.2319 eV P=1.000e+00 E=-5173.1553 eV hmax=60.848 A hmean=56.919 A rough=0.014 A occ1=1.000 tested=11
[TEMPLATE DEBUG] total=1728 species_filter=0 restriction=0 direction=128 global_front=0 occupied=438 connection=0 min_dist=0 pre_shell=1162 post_shell=10 tested_energy=10
[TEMPLATE DEBUG] camada candidata z: min=100.994082 max=100.994082 n=10
step=00439 species=  C N=00567 vac=0000 axis=z surf=xy Eads=-9.1152 eV P=1.000e+00 E=-5183.4673 eV hmax=60.848 A hmean=56.987 A rough=0.014 A occ1=1.000 tested=10
[TEMPLATE DEBUG] total=1728 species_filter=0 restriction=0 direction=128 global_front=0 occupied=439 connection=0 min_dist=0 pre_shell=1161 post_shell=9 tested_energy=9
[TEMPLATE DEBUG] camada candidata z: min=100.994082 max=100.994082 n=9
step=00440 species=  C N=00568 vac=0000 axis=z surf=xy Eads=-7.7856 eV P=1.000e+00 E=-5193.6567 eV hmax=60.844 A hmean=56.715 A rough=0.013 A occ1=1.000 tested=9
[TEMPLATE DEBUG] total=1728 species_filter=0 restriction=0 direction=128 global_front=0 occupied=440 connection=0 min_dist=0 pre_shell=1160 post_shell=8 tested_energy=8
[TEMPLATE DEBUG] camada candidata z: min=100.994082 max=100.994082 n=8
step=00441 species=  C N=00569 vac=0000 axis=z surf=xy Eads=-10.1870 eV P=1.000e+00 E=-5204.9404 eV hmax=60.839 A hmean=57.189 A rough=0.012 A occ1=1.000 tested=8
[TEMPLATE DEBUG] total=1728 species_filter=0 restriction=0 direction=128 global_front=0 occupied=441 connection=0 min_dist=0 pre_shell=1159 post_shell=7 tested_energy=7
[TEMPLATE DEBUG] camada candidata z: min=100.994082 max=100.994082 n=7
step=00442 species=  C N=00570 vac=0000 axis=z surf=xy Eads=-11.2266 eV P=1.000e+00 E=-5216.4810 eV hmax=60.830 A hmean=57.325 A rough=0.010 A occ1=1.000 tested=7
[TEMPLATE DEBUG] total=1728 species_filter=0 restriction=0 direction=128 global_front=0 occupied=442 connection=0 min_dist=0 pre_shell=1158 post_shell=6 tested_energy=6
[TEMPLATE DEBUG] camada candidata z: min=100.994082 max=100.994082 n=6
step=00443 species=  C N=00571 vac=0000 axis=z surf=xy Eads=-7.2661 eV P=4.173e-01 E=-5223.9370 eV hmax=60.824 A hmean=57.189 A rough=0.010 A occ1=1.000 tested=6
[TEMPLATE DEBUG] total=1728 species_filter=0 restriction=0 direction=128 global_front=0 occupied=443 connection=0 min_dist=0 pre_shell=1157 post_shell=5 tested_energy=5
[TEMPLATE DEBUG] camada candidata z: min=100.994082 max=100.994082 n=5
step=00444 species=  C N=00572 vac=0000 axis=z surf=xy Eads=-11.7251 eV P=9.420e-01 E=-5235.9346 eV hmax=60.824 A hmean=57.596 A rough=0.009 A occ1=1.000 tested=5
[TEMPLATE DEBUG] total=1728 species_filter=0 restriction=0 direction=128 global_front=0 occupied=444 connection=0 min_dist=0 pre_shell=1156 post_shell=4 tested_energy=4
[TEMPLATE DEBUG] camada candidata z: min=100.994082 max=100.994082 n=4
step=00445 species=  C N=00573 vac=0000 axis=z surf=xy Eads=-10.5156 eV P=6.561e-01 E=-5246.9224 eV hmax=60.820 A hmean=57.732 A rough=0.009 A occ1=1.000 tested=4
[TEMPLATE DEBUG] total=1728 species_filter=0 restriction=0 direction=128 global_front=0 occupied=445 connection=0 min_dist=0 pre_shell=1155 post_shell=3 tested_energy=3
[TEMPLATE DEBUG] camada candidata z: min=100.994082 max=100.994082 n=3
step=00446 species=  C N=00574 vac=0000 axis=z surf=xy Eads=-11.4678 eV P=9.684e-01 E=-5258.6963 eV hmax=60.818 A hmean=57.732 A rough=0.008 A occ1=1.000 tested=3
[TEMPLATE DEBUG] total=1728 species_filter=0 restriction=0 direction=128 global_front=0 occupied=446 connection=0 min_dist=0 pre_shell=1154 post_shell=2 tested_energy=2
[TEMPLATE DEBUG] camada candidata z: min=100.994082 max=100.994082 n=2
step=00447 species=  C N=00575 vac=0000 axis=z surf=xy Eads=-11.3447 eV P=9.426e-01 E=-5270.2954 eV hmax=60.818 A hmean=57.935 A rough=0.007 A occ1=1.000 tested=2
[TEMPLATE DEBUG] total=1728 species_filter=0 restriction=0 direction=128 global_front=0 occupied=447 connection=0 min_dist=0 pre_shell=1153 post_shell=1 tested_energy=1
[TEMPLATE DEBUG] camada candidata z: min=100.994082 max=100.994082 n=1
step=00448 species=  C N=00576 vac=0000 axis=z surf=xy Eads=-15.3364 eV P=1.000e+00 E=-5285.9370 eV hmax=60.818 A hmean=58.410 A rough=0.007 A occ1=1.000 tested=1
[TEMPLATE DEBUG] total=1728 species_filter=0 restriction=0 direction=128 global_front=0 occupied=448 connection=0 min_dist=0 pre_shell=1152 post_shell=32 tested_energy=32
[TEMPLATE DEBUG] camada candidata z: min=105.336601 max=105.336601 n=32
step=00449 species=  C N=00577 vac=0000 axis=z surf=xy Eads=-1.9756 eV P=2.748e-02 E=-5287.9336 eV hmax=65.204 A hmean=58.547 A rough=0.000 A occ1=1.000 tested=32
[TEMPLATE DEBUG] total=1728 species_filter=0 restriction=0 direction=128 global_front=0 occupied=449 connection=0 min_dist=0 pre_shell=1151 post_shell=31 tested_energy=31
[TEMPLATE DEBUG] camada candidata z: min=105.336601 max=105.336601 n=31
step=00450 species=  C N=00578 vac=0000 axis=z surf=xy Eads=-8.3242 eV P=3.380e-01 E=-5296.4941 eV hmax=65.208 A hmean=58.547 A rough=0.031 A occ1=1.000 tested=31
[TEMPLATE DEBUG] total=1728 species_filter=0 restriction=0 direction=128 global_front=0 occupied=450 connection=0 min_dist=0 pre_shell=1150 post_shell=30 tested_energy=30
[TEMPLATE DEBUG] camada candidata z: min=105.336601 max=105.336601 n=30
step=00451 species=  C N=00579 vac=0000 axis=z surf=xy Eads=-7.4312 eV P=1.709e-01 E=-5304.5371 eV hmax=65.188 A hmean=58.683 A rough=0.013 A occ1=1.000 tested=30
[TEMPLATE DEBUG] total=1728 species_filter=0 restriction=0 direction=128 global_front=0 occupied=451 connection=0 min_dist=0 pre_shell=1149 post_shell=29 tested_energy=29
[TEMPLATE DEBUG] camada candidata z: min=105.336601 max=105.336601 n=29
step=00452 species=  C N=00580 vac=0000 axis=z surf=xy Eads=-7.6885 eV P=7.647e-01 E=-5312.7588 eV hmax=65.182 A hmean=58.819 A rough=0.014 A occ1=1.000 tested=29
[TEMPLATE DEBUG] total=1728 species_filter=0 restriction=0 direction=128 global_front=0 occupied=452 connection=0 min_dist=0 pre_shell=1148 post_shell=28 tested_energy=28
[TEMPLATE DEBUG] camada candidata z: min=105.336601 max=105.336601 n=28
step=00453 species=  C N=00581 vac=0000 axis=z surf=xy Eads=-7.5684 eV P=9.992e-01 E=-5320.6641 eV hmax=65.179 A hmean=58.887 A rough=0.013 A occ1=1.000 tested=28
[TEMPLATE DEBUG] total=1728 species_filter=0 restriction=0 direction=128 global_front=0 occupied=453 connection=0 min_dist=0 pre_shell=1147 post_shell=27 tested_energy=27
[TEMPLATE DEBUG] camada candidata z: min=105.336601 max=105.336601 n=27
step=00454 species=  C N=00582 vac=0000 axis=z surf=xy Eads=-7.4424 eV P=3.388e-01 E=-5328.6162 eV hmax=65.179 A hmean=59.294 A rough=0.012 A occ1=1.000 tested=27
[TEMPLATE DEBUG] total=1728 species_filter=0 restriction=0 direction=128 global_front=0 occupied=454 connection=0 min_dist=0 pre_shell=1146 post_shell=26 tested_energy=26
[TEMPLATE DEBUG] camada candidata z: min=105.336601 max=105.336601 n=26
step=00455 species=  C N=00583 vac=0000 axis=z surf=xy Eads=-7.6641 eV P=8.664e-01 E=-5336.8276 eV hmax=65.177 A hmean=59.430 A rough=0.012 A occ1=1.000 tested=26
[TEMPLATE DEBUG] total=1728 species_filter=0 restriction=0 direction=128 global_front=0 occupied=455 connection=0 min_dist=0 pre_shell=1145 post_shell=25 tested_energy=25
[TEMPLATE DEBUG] camada candidata z: min=105.336601 max=105.336601 n=25
step=00456 species=  C N=00584 vac=0000 axis=z surf=xy Eads=-11.6079 eV P=1.000e+00 E=-5349.4414 eV hmax=65.177 A hmean=59.497 A rough=0.014 A occ1=1.000 tested=25
[TEMPLATE DEBUG] total=1728 species_filter=0 restriction=0 direction=128 global_front=0 occupied=456 connection=0 min_dist=0 pre_shell=1144 post_shell=24 tested_energy=24
[TEMPLATE DEBUG] camada candidata z: min=105.336601 max=105.336601 n=24
step=00457 species=  C N=00585 vac=0000 axis=z surf=xy Eads=-4.3428 eV P=9.980e-01 E=-5354.4263 eV hmax=65.177 A hmean=59.633 A rough=0.014 A occ1=1.000 tested=24
[TEMPLATE DEBUG] total=1728 species_filter=0 restriction=0 direction=128 global_front=0 occupied=457 connection=0 min_dist=0 pre_shell=1143 post_shell=23 tested_energy=23
[TEMPLATE DEBUG] camada candidata z: min=105.336601 max=105.336601 n=23
step=00458 species=  C N=00586 vac=0000 axis=z surf=xy Eads=-7.3110 eV P=7.939e-01 E=-5362.6274 eV hmax=65.177 A hmean=59.769 A rough=0.014 A occ1=1.000 tested=23
[TEMPLATE DEBUG] total=1728 species_filter=0 restriction=0 direction=128 global_front=0 occupied=458 connection=0 min_dist=0 pre_shell=1142 post_shell=22 tested_energy=22
[TEMPLATE DEBUG] camada candidata z: min=105.336601 max=105.336601 n=22
step=00459 species=  C N=00587 vac=0000 axis=z surf=xy Eads=-7.0161 eV P=1.000e+00 E=-5370.2524 eV hmax=65.177 A hmean=59.905 A rough=0.014 A occ1=1.000 tested=22
[TEMPLATE DEBUG] total=1728 species_filter=0 restriction=0 direction=128 global_front=0 occupied=459 connection=0 min_dist=0 pre_shell=1141 post_shell=21 tested_energy=21
[TEMPLATE DEBUG] camada candidata z: min=105.336601 max=105.336601 n=21
step=00460 species=  C N=00588 vac=0000 axis=z surf=xy Eads=-7.6582 eV P=1.000e+00 E=-5378.6147 eV hmax=65.177 A hmean=60.040 A rough=0.014 A occ1=1.000 tested=21
[TEMPLATE DEBUG] total=1728 species_filter=0 restriction=0 direction=128 global_front=0 occupied=460 connection=0 min_dist=0 pre_shell=1140 post_shell=20 tested_energy=20
[TEMPLATE DEBUG] camada candidata z: min=105.336601 max=105.336601 n=20
step=00461 species=  C N=00589 vac=0000 axis=z surf=xy Eads=-7.4946 eV P=1.000e+00 E=-5386.6714 eV hmax=65.179 A hmean=60.312 A rough=0.014 A occ1=1.000 tested=20
[TEMPLATE DEBUG] total=1728 species_filter=0 restriction=0 direction=128 global_front=0 occupied=461 connection=0 min_dist=0 pre_shell=1139 post_shell=19 tested_energy=19
[TEMPLATE DEBUG] camada candidata z: min=105.336601 max=105.336601 n=19
step=00462 species=  C N=00590 vac=0000 axis=z surf=xy Eads=-9.4087 eV P=1.000e+00 E=-5397.8149 eV hmax=65.179 A hmean=60.515 A rough=0.015 A occ1=1.000 tested=19
[TEMPLATE DEBUG] total=1728 species_filter=0 restriction=0 direction=128 global_front=0 occupied=462 connection=0 min_dist=0 pre_shell=1138 post_shell=18 tested_energy=18
[TEMPLATE DEBUG] camada candidata z: min=105.336601 max=105.336601 n=18
step=00463 species=  C N=00591 vac=0000 axis=z surf=xy Eads=-5.4795 eV P=9.990e-01 E=-5404.0410 eV hmax=65.179 A hmean=60.583 A rough=0.015 A occ1=1.000 tested=18
[TEMPLATE DEBUG] total=1728 species_filter=0 restriction=0 direction=128 global_front=0 occupied=463 connection=0 min_dist=0 pre_shell=1137 post_shell=17 tested_energy=17
[TEMPLATE DEBUG] camada candidata z: min=105.336601 max=105.336601 n=17
step=00464 species=  C N=00592 vac=0000 axis=z surf=xy Eads=-9.3906 eV P=1.000e+00 E=-5414.5229 eV hmax=65.179 A hmean=60.176 A rough=0.015 A occ1=1.000 tested=17
[TEMPLATE DEBUG] total=1728 species_filter=0 restriction=0 direction=128 global_front=0 occupied=464 connection=0 min_dist=0 pre_shell=1136 post_shell=16 tested_energy=16
[TEMPLATE DEBUG] camada candidata z: min=105.336601 max=105.336601 n=16
step=00465 species=  C N=00593 vac=0000 axis=z surf=xy Eads=-5.9316 eV P=9.341e-01 E=-5420.9121 eV hmax=65.179 A hmean=60.380 A rough=0.015 A occ1=1.000 tested=16
[TEMPLATE DEBUG] total=1728 species_filter=0 restriction=0 direction=128 global_front=0 occupied=465 connection=0 min_dist=0 pre_shell=1135 post_shell=15 tested_energy=15
[TEMPLATE DEBUG] camada candidata z: min=105.336601 max=105.336601 n=15
step=00466 species=  C N=00594 vac=0000 axis=z surf=xy Eads=-8.3091 eV P=1.000e+00 E=-5430.2471 eV hmax=65.179 A hmean=60.177 A rough=0.014 A occ1=1.000 tested=15
[TEMPLATE DEBUG] total=1728 species_filter=0 restriction=0 direction=128 global_front=0 occupied=466 connection=0 min_dist=0 pre_shell=1134 post_shell=14 tested_energy=14
[TEMPLATE DEBUG] camada candidata z: min=105.336601 max=105.336601 n=14
step=00467 species=  C N=00595 vac=0000 axis=z surf=xy Eads=-6.7441 eV P=9.882e-01 E=-5437.2983 eV hmax=65.181 A hmean=60.245 A rough=0.014 A occ1=1.000 tested=14
[TEMPLATE DEBUG] total=1728 species_filter=0 restriction=0 direction=128 global_front=0 occupied=467 connection=0 min_dist=0 pre_shell=1133 post_shell=13 tested_energy=13
[TEMPLATE DEBUG] camada candidata z: min=105.336601 max=105.336601 n=13
step=00468 species=  C N=00596 vac=0000 axis=z surf=xy Eads=-7.8506 eV P=9.873e-01 E=-5446.5371 eV hmax=65.189 A hmean=60.244 A rough=0.015 A occ1=1.000 tested=13
[TEMPLATE DEBUG] total=1728 species_filter=0 restriction=0 direction=128 global_front=0 occupied=468 connection=0 min_dist=0 pre_shell=1132 post_shell=12 tested_energy=12
[TEMPLATE DEBUG] camada candidata z: min=105.336601 max=105.336601 n=12
step=00469 species=  C N=00597 vac=0000 axis=z surf=xy Eads=-7.5093 eV P=9.998e-01 E=-5455.5571 eV hmax=65.188 A hmean=60.244 A rough=0.015 A occ1=1.000 tested=12
[TEMPLATE DEBUG] total=1728 species_filter=0 restriction=0 direction=128 global_front=0 occupied=469 connection=0 min_dist=0 pre_shell=1131 post_shell=11 tested_energy=11
[TEMPLATE DEBUG] camada candidata z: min=105.336601 max=105.336601 n=11
step=00470 species=  C N=00598 vac=0000 axis=z surf=xy Eads=-9.8130 eV P=1.000e+00 E=-5466.8408 eV hmax=65.188 A hmean=60.583 A rough=0.014 A occ1=1.000 tested=11
[TEMPLATE DEBUG] total=1728 species_filter=0 restriction=0 direction=128 global_front=0 occupied=470 connection=0 min_dist=0 pre_shell=1130 post_shell=10 tested_energy=10
[TEMPLATE DEBUG] camada candidata z: min=105.336601 max=105.336601 n=10
step=00471 species=  C N=00599 vac=0000 axis=z surf=xy Eads=-8.6655 eV P=1.000e+00 E=-5477.2495 eV hmax=65.181 A hmean=60.447 A rough=0.013 A occ1=1.000 tested=10
[TEMPLATE DEBUG] total=1728 species_filter=0 restriction=0 direction=128 global_front=0 occupied=471 connection=0 min_dist=0 pre_shell=1129 post_shell=9 tested_energy=9
[TEMPLATE DEBUG] camada candidata z: min=105.336601 max=105.336601 n=9
step=00472 species=  C N=00600 vac=0000 axis=z surf=xy Eads=-7.9438 eV P=1.000e+00 E=-5487.3477 eV hmax=65.175 A hmean=60.786 A rough=0.012 A occ1=1.000 tested=9
[TEMPLATE DEBUG] total=1728 species_filter=0 restriction=0 direction=128 global_front=0 occupied=472 connection=0 min_dist=0 pre_shell=1128 post_shell=8 tested_energy=8
[TEMPLATE DEBUG] camada candidata z: min=105.336601 max=105.336601 n=8
step=00473 species=  C N=00601 vac=0000 axis=z surf=xy Eads=-10.2969 eV P=1.000e+00 E=-5498.6733 eV hmax=65.170 A hmean=60.853 A rough=0.011 A occ1=1.000 tested=8
[TEMPLATE DEBUG] total=1728 species_filter=0 restriction=0 direction=128 global_front=0 occupied=473 connection=0 min_dist=0 pre_shell=1127 post_shell=7 tested_energy=7
[TEMPLATE DEBUG] camada candidata z: min=105.336601 max=105.336601 n=7
step=00474 species=  C N=00602 vac=0000 axis=z surf=xy Eads=-11.1147 eV P=1.000e+00 E=-5510.1387 eV hmax=65.170 A hmean=60.989 A rough=0.010 A occ1=1.000 tested=7
[TEMPLATE DEBUG] total=1728 species_filter=0 restriction=0 direction=128 global_front=0 occupied=474 connection=0 min_dist=0 pre_shell=1126 post_shell=6 tested_energy=6
[TEMPLATE DEBUG] camada candidata z: min=105.336601 max=105.336601 n=6
step=00475 species=  C N=00603 vac=0000 axis=z surf=xy Eads=-7.2642 eV P=4.728e-01 E=-5517.5942 eV hmax=65.170 A hmean=61.260 A rough=0.010 A occ1=1.000 tested=6
[TEMPLATE DEBUG] total=1728 species_filter=0 restriction=0 direction=128 global_front=0 occupied=475 connection=0 min_dist=0 pre_shell=1125 post_shell=5 tested_energy=5
[TEMPLATE DEBUG] camada candidata z: min=105.336601 max=105.336601 n=5
step=00476 species=  C N=00604 vac=0000 axis=z surf=xy Eads=-11.7065 eV P=8.960e-01 E=-5529.6045 eV hmax=65.165 A hmean=61.260 A rough=0.009 A occ1=1.000 tested=5
[TEMPLATE DEBUG] total=1728 species_filter=0 restriction=0 direction=128 global_front=0 occupied=476 connection=0 min_dist=0 pre_shell=1124 post_shell=4 tested_energy=4
[TEMPLATE DEBUG] camada candidata z: min=105.336601 max=105.336601 n=4
step=00477 species=  C N=00605 vac=0000 axis=z surf=xy Eads=-10.5122 eV P=5.170e-01 E=-5540.5928 eV hmax=65.165 A hmean=61.939 A rough=0.009 A occ1=1.000 tested=4
[TEMPLATE DEBUG] total=1728 species_filter=0 restriction=0 direction=128 global_front=0 occupied=477 connection=0 min_dist=0 pre_shell=1123 post_shell=3 tested_energy=3
[TEMPLATE DEBUG] camada candidata z: min=105.336601 max=105.336601 n=3
step=00478 species=  C N=00606 vac=0000 axis=z surf=xy Eads=-11.4775 eV P=9.729e-01 E=-5552.3701 eV hmax=65.165 A hmean=61.871 A rough=0.009 A occ1=1.000 tested=3
[TEMPLATE DEBUG] total=1728 species_filter=0 restriction=0 direction=128 global_front=0 occupied=478 connection=0 min_dist=0 pre_shell=1122 post_shell=2 tested_energy=2
[TEMPLATE DEBUG] camada candidata z: min=105.336601 max=105.336601 n=2
step=00479 species=  C N=00607 vac=0000 axis=z surf=xy Eads=-11.2949 eV P=7.708e-01 E=-5563.9424 eV hmax=65.162 A hmean=62.074 A rough=0.008 A occ1=1.000 tested=2
[TEMPLATE DEBUG] total=1728 species_filter=0 restriction=0 direction=128 global_front=0 occupied=479 connection=0 min_dist=0 pre_shell=1121 post_shell=1 tested_energy=1
[TEMPLATE DEBUG] camada candidata z: min=105.336601 max=105.336601 n=1
step=00480 species=  C N=00608 vac=0000 axis=z surf=xy Eads=-15.3633 eV P=1.000e+00 E=-5579.5996 eV hmax=65.160 A hmean=62.277 A rough=0.007 A occ1=1.000 tested=1
[TEMPLATE DEBUG] total=1728 species_filter=0 restriction=0 direction=128 global_front=0 occupied=480 connection=0 min_dist=0 pre_shell=1120 post_shell=32 tested_energy=32
[TEMPLATE DEBUG] camada candidata z: min=109.679120 max=109.679120 n=32
step=00481 species=  C N=00609 vac=0000 axis=z surf=xy Eads=-1.9771 eV P=2.846e-02 E=-5581.5977 eV hmax=69.547 A hmean=62.414 A rough=0.000 A occ1=1.000 tested=32
[TEMPLATE DEBUG] total=1728 species_filter=0 restriction=0 direction=128 global_front=0 occupied=481 connection=0 min_dist=0 pre_shell=1119 post_shell=31 tested_energy=31
[TEMPLATE DEBUG] camada candidata z: min=109.679120 max=109.679120 n=31
step=00482 species=  C N=00610 vac=0000 axis=z surf=xy Eads=-8.3247 eV P=3.448e-01 E=-5590.1572 eV hmax=69.551 A hmean=62.414 A rough=0.031 A occ1=1.000 tested=31
[TEMPLATE DEBUG] total=1728 species_filter=0 restriction=0 direction=128 global_front=0 occupied=482 connection=0 min_dist=0 pre_shell=1118 post_shell=30 tested_energy=30
[TEMPLATE DEBUG] camada candidata z: min=109.679120 max=109.679120 n=30
step=00483 species=  C N=00611 vac=0000 axis=z surf=xy Eads=-7.4580 eV P=3.190e-01 E=-5598.2095 eV hmax=69.560 A hmean=62.686 A rough=0.033 A occ1=1.000 tested=30
[TEMPLATE DEBUG] total=1728 species_filter=0 restriction=0 direction=128 global_front=0 occupied=483 connection=0 min_dist=0 pre_shell=1117 post_shell=29 tested_energy=29
[TEMPLATE DEBUG] camada candidata z: min=109.679120 max=109.679120 n=29
step=00484 species=  C N=00612 vac=0000 axis=z surf=xy Eads=-7.6860 eV P=8.455e-01 E=-5606.4277 eV hmax=69.563 A hmean=62.822 A rough=0.032 A occ1=1.000 tested=29
[TEMPLATE DEBUG] total=1728 species_filter=0 restriction=0 direction=128 global_front=0 occupied=484 connection=0 min_dist=0 pre_shell=1116 post_shell=28 tested_energy=28
[TEMPLATE DEBUG] camada candidata z: min=109.679120 max=109.679120 n=28
step=00485 species=  C N=00613 vac=0000 axis=z surf=xy Eads=-7.5425 eV P=9.983e-01 E=-5614.3169 eV hmax=69.552 A hmean=62.958 A rough=0.025 A occ1=1.000 tested=28
[TEMPLATE DEBUG] total=1728 species_filter=0 restriction=0 direction=128 global_front=0 occupied=485 connection=0 min_dist=0 pre_shell=1115 post_shell=27 tested_energy=27
[TEMPLATE DEBUG] camada candidata z: min=109.679120 max=109.679120 n=27
step=00486 species=  C N=00614 vac=0000 axis=z surf=xy Eads=-7.4380 eV P=2.994e-01 E=-5622.2744 eV hmax=69.541 A hmean=63.093 A rough=0.019 A occ1=1.000 tested=27
[TEMPLATE DEBUG] total=1728 species_filter=0 restriction=0 direction=128 global_front=0 occupied=486 connection=0 min_dist=0 pre_shell=1114 post_shell=26 tested_energy=26
[TEMPLATE DEBUG] camada candidata z: min=109.679120 max=109.679120 n=26
step=00487 species=  C N=00615 vac=0000 axis=z surf=xy Eads=-7.6675 eV P=8.814e-01 E=-5630.4956 eV hmax=69.541 A hmean=63.229 A rough=0.018 A occ1=1.000 tested=26
[TEMPLATE DEBUG] total=1728 species_filter=0 restriction=0 direction=128 global_front=0 occupied=487 connection=0 min_dist=0 pre_shell=1113 post_shell=25 tested_energy=25
[TEMPLATE DEBUG] camada candidata z: min=109.679120 max=109.679120 n=25
step=00488 species=  C N=00616 vac=0000 axis=z surf=xy Eads=-11.6074 eV P=1.000e+00 E=-5643.1040 eV hmax=69.530 A hmean=63.297 A rough=0.016 A occ1=1.000 tested=25
[TEMPLATE DEBUG] total=1728 species_filter=0 restriction=0 direction=128 global_front=0 occupied=488 connection=0 min_dist=0 pre_shell=1112 post_shell=24 tested_energy=24
[TEMPLATE DEBUG] camada candidata z: min=109.679120 max=109.679120 n=24
step=00489 species=  C N=00617 vac=0000 axis=z surf=xy Eads=-4.3481 eV P=9.984e-01 E=-5648.0928 eV hmax=69.530 A hmean=63.432 A rough=0.017 A occ1=1.000 tested=24
[TEMPLATE DEBUG] total=1728 species_filter=0 restriction=0 direction=128 global_front=0 occupied=489 connection=0 min_dist=0 pre_shell=1111 post_shell=23 tested_energy=23
[TEMPLATE DEBUG] camada candidata z: min=109.679120 max=109.679120 n=23
step=00490 species=  C N=00618 vac=0000 axis=z surf=xy Eads=-7.3135 eV P=7.825e-01 E=-5656.2939 eV hmax=69.531 A hmean=63.772 A rough=0.017 A occ1=1.000 tested=23
[TEMPLATE DEBUG] total=1728 species_filter=0 restriction=0 direction=128 global_front=0 occupied=490 connection=0 min_dist=0 pre_shell=1110 post_shell=22 tested_energy=22
[TEMPLATE DEBUG] camada candidata z: min=109.679120 max=109.679120 n=22
step=00491 species=  C N=00619 vac=0000 axis=z surf=xy Eads=-7.0186 eV P=1.000e+00 E=-5663.9243 eV hmax=69.531 A hmean=63.975 A rough=0.016 A occ1=1.000 tested=22
[TEMPLATE DEBUG] total=1728 species_filter=0 restriction=0 direction=128 global_front=0 occupied=491 connection=0 min_dist=0 pre_shell=1109 post_shell=21 tested_energy=21
[TEMPLATE DEBUG] camada candidata z: min=109.679120 max=109.679120 n=21
step=00492 species=  C N=00620 vac=0000 axis=z surf=xy Eads=-7.6553 eV P=1.000e+00 E=-5672.2817 eV hmax=69.531 A hmean=64.043 A rough=0.016 A occ1=1.000 tested=21
[TEMPLATE DEBUG] total=1728 species_filter=0 restriction=0 direction=128 global_front=0 occupied=492 connection=0 min_dist=0 pre_shell=1108 post_shell=20 tested_energy=20
[TEMPLATE DEBUG] camada candidata z: min=109.679120 max=109.679120 n=20
step=00493 species=  C N=00621 vac=0000 axis=z surf=xy Eads=-7.4966 eV P=1.000e+00 E=-5680.3418 eV hmax=69.531 A hmean=64.179 A rough=0.016 A occ1=1.000 tested=20
[TEMPLATE DEBUG] total=1728 species_filter=0 restriction=0 direction=128 global_front=0 occupied=493 connection=0 min_dist=0 pre_shell=1107 post_shell=19 tested_energy=19
[TEMPLATE DEBUG] camada candidata z: min=109.679120 max=109.679120 n=19
step=00494 species=  C N=00622 vac=0000 axis=z surf=xy Eads=-9.4072 eV P=1.000e+00 E=-5691.4790 eV hmax=69.531 A hmean=64.450 A rough=0.016 A occ1=1.000 tested=19
[TEMPLATE DEBUG] total=1728 species_filter=0 restriction=0 direction=128 global_front=0 occupied=494 connection=0 min_dist=0 pre_shell=1106 post_shell=18 tested_energy=18
[TEMPLATE DEBUG] camada candidata z: min=109.679120 max=109.679120 n=18
step=00495 species=  C N=00623 vac=0000 axis=z surf=xy Eads=-5.4824 eV P=9.991e-01 E=-5697.7090 eV hmax=69.531 A hmean=64.382 A rough=0.016 A occ1=1.000 tested=18
[TEMPLATE DEBUG] total=1728 species_filter=0 restriction=0 direction=128 global_front=0 occupied=495 connection=0 min_dist=0 pre_shell=1105 post_shell=17 tested_energy=17
[TEMPLATE DEBUG] camada candidata z: min=109.679120 max=109.679120 n=17
step=00496 species=  C N=00624 vac=0000 axis=z surf=xy Eads=-9.3862 eV P=1.000e+00 E=-5708.1851 eV hmax=69.531 A hmean=64.857 A rough=0.016 A occ1=1.000 tested=17
[TEMPLATE DEBUG] total=1728 species_filter=0 restriction=0 direction=128 global_front=0 occupied=496 connection=0 min_dist=0 pre_shell=1104 post_shell=16 tested_energy=16
[TEMPLATE DEBUG] camada candidata z: min=109.679120 max=109.679120 n=16
step=00497 species=  C N=00625 vac=0000 axis=z surf=xy Eads=-5.9307 eV P=9.237e-01 E=-5714.5698 eV hmax=69.531 A hmean=64.993 A rough=0.016 A occ1=1.000 tested=16
[TEMPLATE DEBUG] total=1728 species_filter=0 restriction=0 direction=128 global_front=0 occupied=497 connection=0 min_dist=0 pre_shell=1103 post_shell=15 tested_energy=15
[TEMPLATE DEBUG] camada candidata z: min=109.679120 max=109.679120 n=15
step=00498 species=  C N=00626 vac=0000 axis=z surf=xy Eads=-8.3140 eV P=1.000e+00 E=-5723.9092 eV hmax=69.529 A hmean=64.993 A rough=0.016 A occ1=1.000 tested=15
[TEMPLATE DEBUG] total=1728 species_filter=0 restriction=0 direction=128 global_front=0 occupied=498 connection=0 min_dist=0 pre_shell=1102 post_shell=14 tested_energy=14
[TEMPLATE DEBUG] camada candidata z: min=109.679120 max=109.679120 n=14
step=00499 species=  C N=00627 vac=0000 axis=z surf=xy Eads=-6.5474 eV P=8.787e-03 E=-5732.7686 eV hmax=69.527 A hmean=65.060 A rough=0.016 A occ1=1.000 tested=14
[TEMPLATE DEBUG] total=1728 species_filter=0 restriction=0 direction=128 global_front=0 occupied=499 connection=0 min_dist=0 pre_shell=1101 post_shell=13 tested_energy=13
[TEMPLATE DEBUG] camada candidata z: min=109.679120 max=109.679120 n=13
step=00500 species=  C N=00628 vac=0000 axis=z surf=xy Eads=-6.8403 eV P=9.990e-01 E=-5740.0034 eV hmax=69.528 A hmean=64.789 A rough=0.016 A occ1=1.000 tested=13

Arquivos salvos:
  grafeno_cutoff.traj
  grafeno_cutoff.csv
  grafeno_cutoff_initial.xyz
  grafeno_cutoff_initial.cif
  grafeno_cutoff_checkpoint.xyz
  grafeno_cutoff_checkpoint.cif
  grafeno_cutoff_vacancies.csv
  grafeno_cutoff_final.xyz
  grafeno_cutoff_final.cif
