MPI: rank=0/1; backend_comunicador=serial-sem-gpaw; launcher_size_detectado=1
CHGNet v0.3.0 initialized with 412,525 parameters
CHGNet will run on cpu
Backend = chgnet; device = cpu; dtype = float32
Semente sincronizada em todos os ranks = 7
Espécies competindo: ['C']
Fluxo relativo por espécie: {'C': 1.0}
Mu por espécie: todos 0.0 eV
Impurezas/vacâncias: desligado
Modo de vacância: frozen
growth_axis = y; surface_axes = xz
replicate antes do slab = (1, 1, 1)
miller = (0, 0, 1)
build_mode = direct; site_mode = template
pbc = (0, 0, 0)
bulk_energy_repeat = (1, 1, 1); skip_bulk_reference = True
cif_wrap_mode = all (aplicado somente aos arquivos .cif salvos)
/home/tromer/.anaconda3/lib/python3.13/site-packages/ase/io/cif.py:411: UserWarning: crystal system 'triclinic' is not interpreted for space group Spacegroup(1, setting=1). This may result in wrong setting!
  warnings.warn(
Restrição cristalográfica de crescimento: desligada
Template-base filtrado para extend-columns: N=221; espécies=['C']; restrict_fractional=(None, None, None)
Template extend-columns: eixo=y periodo_colunas=4(auto) periodo_gaps=2(auto) gaps=[1.420000,0.710000] Å; dx_mediana=1.065000 Å; colunas_base=21, colunas_novas=50, N_template=746; restrict_fractional=(None, None, None)
/home/tromer/.anaconda3/lib/python3.13/site-packages/chgnet/model/model.py:898: UserWarning: Converting a tensor with requires_grad=True to a scalar may lead to unexpected behavior.
Consider using tensor.detach() first. (Triggered internally at /pytorch/torch/csrc/autograd/generated/python_variable_methods.cpp:836.)
  volumes = torch.tensor(volumes, dtype=TORCH_DTYPE, device=atomic_numbers.device)
Referência bulk: pulada (--skip-bulk-reference).
  Usando E0/N0 como referência; gamma vira energia relativa ao estado inicial.
Slab inicial:
  N0 = 221
  area(xz) = 511.902429 Å²
  E0 = -1910.092163 eV
  gamma0 = 0.000000 eV/Å² = 0.000000 J/m²
  growth_origin_species = C; origin_front=21.800000 Å; origin_back=0.500000 Å
  regra_deposicao = template: somente sítios do CIF-template
  template_cif = grafeno_retangular.cif
  template_repeat = (1, 1, 1); N_template = 746
  template_front = [0.050, 4.000] Å
  template_connect_cutoff = 1.800 Å; min_neighbors = 1
  template_species_mode = template; template_build_mode = extend-columns
Corte absoluto de Eads: +50.000000 eV
[TEMPLATE DEBUG] total=746 species_filter=0 restriction=0 direction=221 global_front=0 occupied=0 connection=514 min_dist=0 pre_shell=11 post_shell=11 tested_energy=11
[TEMPLATE DEBUG] camada candidata y: min=23.220000 max=23.220000 n=11
[INFO] primeira deposição: relaxação local pulada por --no-relax-first-added.
step=00001 species=  C N=00222 vac=0000 axis=y surf=xz Eads=-7.7667 eV P=4.978e-01 E=-1917.8589 eV hmax=1.420 A hmean=0.177 A rough=0.504 A occ1=0.091 tested=11
[TEMPLATE DEBUG] total=746 species_filter=0 restriction=0 direction=221 global_front=0 occupied=1 connection=513 min_dist=0 pre_shell=11 post_shell=10 tested_energy=10
[TEMPLATE DEBUG] camada candidata y: min=23.220000 max=23.220000 n=10
step=00002 species=  C N=00223 vac=0000 axis=y surf=xz Eads=-7.7666 eV P=9.769e-01 E=-1926.1663 eV hmax=1.420 A hmean=0.349 A rough=0.595 A occ1=0.182 tested=10
[TEMPLATE DEBUG] total=746 species_filter=0 restriction=0 direction=221 global_front=0 occupied=2 connection=512 min_dist=0 pre_shell=11 post_shell=9 tested_energy=9
[TEMPLATE DEBUG] camada candidata y: min=23.220000 max=23.220000 n=9
step=00003 species=  C N=00224 vac=0000 axis=y surf=xz Eads=-7.5897 eV P=7.404e-01 E=-1934.2587 eV hmax=1.398 A hmean=0.342 A rough=0.659 A occ1=0.273 tested=9
[TEMPLATE DEBUG] total=746 species_filter=0 restriction=0 direction=221 global_front=0 occupied=3 connection=511 min_dist=0 pre_shell=11 post_shell=8 tested_energy=8
[TEMPLATE DEBUG] camada candidata y: min=23.220000 max=23.220000 n=8
step=00004 species=  C N=00225 vac=0000 axis=y surf=xz Eads=-7.4639 eV P=1.754e-01 E=-1941.8748 eV hmax=1.405 A hmean=0.509 A rough=0.710 A occ1=0.364 tested=8
[TEMPLATE DEBUG] total=746 species_filter=0 restriction=0 direction=221 global_front=0 occupied=4 connection=509 min_dist=0 pre_shell=12 post_shell=7 tested_energy=7
[TEMPLATE DEBUG] camada candidata y: min=23.220000 max=23.220000 n=7
step=00005 species=  C N=00226 vac=0000 axis=y surf=xz Eads=-7.4623 eV P=3.100e-01 E=-1949.4496 eV hmax=1.405 A hmean=0.685 A rough=0.750 A occ1=0.455 tested=7
[TEMPLATE DEBUG] total=746 species_filter=0 restriction=0 direction=221 global_front=0 occupied=5 connection=507 min_dist=0 pre_shell=13 post_shell=6 tested_energy=6
[TEMPLATE DEBUG] camada candidata y: min=23.220000 max=23.220000 n=6
step=00006 species=  C N=00227 vac=0000 axis=y surf=xz Eads=-7.4620 eV P=8.278e-01 E=-1956.9855 eV hmax=1.405 A hmean=0.861 A rough=0.782 A occ1=0.545 tested=6
[TEMPLATE DEBUG] total=746 species_filter=0 restriction=0 direction=221 global_front=0 occupied=6 connection=505 min_dist=0 pre_shell=14 post_shell=5 tested_energy=5
[TEMPLATE DEBUG] camada candidata y: min=23.220000 max=23.220000 n=5
step=00007 species=  C N=00228 vac=0000 axis=y surf=xz Eads=-7.3458 eV P=3.345e-01 E=-1964.5398 eV hmax=1.405 A hmean=0.863 A rough=0.808 A occ1=0.636 tested=5
[TEMPLATE DEBUG] total=746 species_filter=0 restriction=0 direction=221 global_front=0 occupied=7 connection=504 min_dist=0 pre_shell=14 post_shell=4 tested_energy=4
[TEMPLATE DEBUG] camada candidata y: min=23.220000 max=23.220000 n=4
step=00008 species=  C N=00229 vac=0000 axis=y surf=xz Eads=-7.3264 eV P=4.047e-01 E=-1972.0979 eV hmax=1.415 A hmean=0.866 A rough=0.830 A occ1=0.727 tested=4
[TEMPLATE DEBUG] total=746 species_filter=0 restriction=0 direction=221 global_front=0 occupied=8 connection=504 min_dist=0 pre_shell=13 post_shell=3 tested_energy=3
[TEMPLATE DEBUG] camada candidata y: min=23.220000 max=23.220000 n=3
step=00009 species=  C N=00230 vac=0000 axis=y surf=xz Eads=-7.2703 eV P=4.438e-01 E=-1979.5969 eV hmax=1.420 A hmean=1.048 A rough=0.848 A occ1=0.818 tested=3
[TEMPLATE DEBUG] total=746 species_filter=0 restriction=0 direction=221 global_front=0 occupied=9 connection=504 min_dist=0 pre_shell=12 post_shell=2 tested_energy=2
[TEMPLATE DEBUG] camada candidata y: min=23.220000 max=23.220000 n=2
step=00010 species=  C N=00231 vac=0000 axis=y surf=xz Eads=-7.2140 eV P=5.368e-01 E=-1986.9916 eV hmax=1.421 A hmean=1.230 A rough=0.862 A occ1=0.909 tested=2
[TEMPLATE DEBUG] total=746 species_filter=0 restriction=0 direction=221 global_front=0 occupied=10 connection=504 min_dist=0 pre_shell=11 post_shell=1 tested_energy=1
[TEMPLATE DEBUG] camada candidata y: min=23.220000 max=23.220000 n=1
step=00011 species=  C N=00232 vac=0000 axis=y surf=xz Eads=-7.2075 eV P=1.000e+00 E=-1994.3499 eV hmax=1.421 A hmean=1.412 A rough=0.874 A occ1=1.000 tested=1
[TEMPLATE DEBUG] total=746 species_filter=0 restriction=0 direction=221 global_front=0 occupied=11 connection=504 min_dist=0 pre_shell=10 post_shell=10 tested_energy=10
[TEMPLATE DEBUG] camada candidata y: min=23.930000 max=23.930000 n=10
step=00012 species=  C N=00233 vac=0000 axis=y surf=xz Eads=-11.1779 eV P=3.392e-01 E=-2007.6829 eV hmax=1.907 A hmean=1.473 A rough=0.906 A occ1=1.000 tested=10
[TEMPLATE DEBUG] total=746 species_filter=0 restriction=0 direction=221 global_front=0 occupied=12 connection=503 min_dist=0 pre_shell=10 post_shell=9 tested_energy=9
[TEMPLATE DEBUG] camada candidata y: min=23.930000 max=23.930000 n=9
step=00013 species=  C N=00234 vac=0000 axis=y surf=xz Eads=-11.0951 eV P=8.391e-01 E=-2020.4039 eV hmax=1.907 A hmean=1.524 A rough=0.925 A occ1=0.909 tested=9
[TEMPLATE DEBUG] total=746 species_filter=0 restriction=0 direction=221 global_front=0 occupied=12 connection=502 min_dist=2 pre_shell=9 post_shell=7 tested_energy=7
[TEMPLATE DEBUG] camada candidata y: min=23.930000 max=23.930000 n=7
step=00014 species=  C N=00235 vac=0000 axis=y surf=xz Eads=-11.0096 eV P=1.000e+00 E=-2031.7401 eV hmax=1.998 A hmean=1.602 A rough=0.952 A occ1=0.909 tested=7
[TEMPLATE DEBUG] total=746 species_filter=0 restriction=0 direction=221 global_front=0 occupied=13 connection=501 min_dist=2 pre_shell=9 post_shell=6 tested_energy=6
[TEMPLATE DEBUG] camada candidata y: min=23.930000 max=23.930000 n=6
step=00015 species=  C N=00236 vac=0000 axis=y surf=xz Eads=-9.9001 eV P=1.000e+00 E=-2042.0331 eV hmax=2.083 A hmean=1.685 A rough=0.979 A occ1=0.909 tested=6
[TEMPLATE DEBUG] total=746 species_filter=0 restriction=0 direction=221 global_front=0 occupied=14 connection=500 min_dist=2 pre_shell=9 post_shell=5 tested_energy=5
[TEMPLATE DEBUG] camada candidata y: min=23.930000 max=23.930000 n=5
step=00016 species=  C N=00237 vac=0000 axis=y surf=xz Eads=-9.3827 eV P=1.000e+00 E=-2052.1589 eV hmax=2.083 A hmean=1.776 A rough=1.005 A occ1=0.909 tested=5
[TEMPLATE DEBUG] total=746 species_filter=0 restriction=0 direction=221 global_front=0 occupied=15 connection=499 min_dist=2 pre_shell=9 post_shell=4 tested_energy=4
[TEMPLATE DEBUG] camada candidata y: min=23.930000 max=23.930000 n=4
step=00017 species=  C N=00238 vac=0000 axis=y surf=xz Eads=-8.2642 eV P=6.763e-01 E=-2062.1340 eV hmax=2.083 A hmean=1.856 A rough=1.025 A occ1=0.909 tested=4
[TEMPLATE DEBUG] total=746 species_filter=0 restriction=0 direction=221 global_front=0 occupied=16 connection=498 min_dist=2 pre_shell=9 post_shell=3 tested_energy=3
[TEMPLATE DEBUG] camada candidata y: min=23.930000 max=23.930000 n=3
step=00018 species=  C N=00239 vac=0000 axis=y surf=xz Eads=-8.2183 eV P=1.000e+00 E=-2072.1919 eV hmax=2.083 A hmean=1.946 A rough=1.043 A occ1=0.909 tested=3
[TEMPLATE DEBUG] total=746 species_filter=0 restriction=0 direction=221 global_front=0 occupied=17 connection=497 min_dist=2 pre_shell=9 post_shell=2 tested_energy=2
[TEMPLATE DEBUG] camada candidata y: min=23.930000 max=23.930000 n=2
step=00019 species=  C N=00240 vac=0000 axis=y surf=xz Eads=-6.8298 eV P=9.964e-01 E=-2081.8398 eV hmax=2.216 A hmean=1.976 A rough=1.064 A occ1=0.909 tested=2
[TEMPLATE DEBUG] total=746 species_filter=0 restriction=0 direction=221 global_front=0 occupied=18 connection=496 min_dist=2 pre_shell=9 post_shell=1 tested_energy=1
[TEMPLATE DEBUG] camada candidata y: min=23.930000 max=23.930000 n=1
step=00020 species=  C N=00241 vac=0000 axis=y surf=xz Eads=-6.5879 eV P=1.000e+00 E=-2090.8845 eV hmax=2.216 A hmean=2.078 A rough=1.083 A occ1=1.000 tested=1
[TEMPLATE DEBUG] total=746 species_filter=0 restriction=0 direction=221 global_front=0 occupied=20 connection=495 min_dist=0 pre_shell=10 post_shell=1 tested_energy=1
[TEMPLATE DEBUG] camada candidata y: min=23.930000 max=23.930000 n=1
step=00021 species=  C N=00242 vac=0000 axis=y surf=xz Eads=-6.9475 eV P=1.000e+00 E=-2101.0327 eV hmax=2.216 A hmean=2.100 A rough=1.096 A occ1=1.000 tested=1
[TEMPLATE DEBUG] total=746 species_filter=0 restriction=0 direction=221 global_front=0 occupied=21 connection=494 min_dist=0 pre_shell=10 post_shell=10 tested_energy=10
[TEMPLATE DEBUG] camada candidata y: min=25.350000 max=25.350000 n=10
step=00022 species=  C N=00243 vac=0000 axis=y surf=xz Eads=-7.4480 eV P=8.106e-01 E=-2108.7144 eV hmax=3.569 A hmean=2.273 A rough=0.498 A occ1=1.000 tested=10
[TEMPLATE DEBUG] total=746 species_filter=0 restriction=0 direction=221 global_front=0 occupied=22 connection=492 min_dist=0 pre_shell=11 post_shell=9 tested_energy=9
[TEMPLATE DEBUG] camada candidata y: min=25.350000 max=25.350000 n=9
step=00023 species=  C N=00244 vac=0000 axis=y surf=xz Eads=-7.3806 eV P=8.065e-01 E=-2116.3921 eV hmax=3.576 A hmean=2.449 A rough=0.605 A occ1=1.000 tested=9
[TEMPLATE DEBUG] total=746 species_filter=0 restriction=0 direction=221 global_front=0 occupied=23 connection=490 min_dist=0 pre_shell=12 post_shell=8 tested_energy=8
[TEMPLATE DEBUG] camada candidata y: min=25.350000 max=25.350000 n=8
step=00024 species=  C N=00245 vac=0000 axis=y surf=xz Eads=-7.2932 eV P=4.319e-01 E=-2125.9568 eV hmax=3.576 A hmean=2.447 A rough=0.676 A occ1=1.000 tested=8
[TEMPLATE DEBUG] total=746 species_filter=0 restriction=0 direction=221 global_front=0 occupied=24 connection=489 min_dist=0 pre_shell=12 post_shell=7 tested_energy=7
[TEMPLATE DEBUG] camada candidata y: min=25.350000 max=25.350000 n=7
step=00025 species=  C N=00246 vac=0000 axis=y surf=xz Eads=-7.2524 eV P=8.614e-01 E=-2133.7039 eV hmax=3.578 A hmean=2.448 A rough=0.730 A occ1=1.000 tested=7
[TEMPLATE DEBUG] total=746 species_filter=0 restriction=0 direction=221 global_front=0 occupied=25 connection=488 min_dist=0 pre_shell=12 post_shell=6 tested_energy=6
[TEMPLATE DEBUG] camada candidata y: min=25.350000 max=25.350000 n=6
step=00026 species=  C N=00247 vac=0000 axis=y surf=xz Eads=-7.1252 eV P=4.260e-01 E=-2141.2090 eV hmax=3.578 A hmean=2.629 A rough=0.773 A occ1=1.000 tested=6
[TEMPLATE DEBUG] total=746 species_filter=0 restriction=0 direction=221 global_front=0 occupied=26 connection=487 min_dist=0 pre_shell=12 post_shell=5 tested_energy=5
[TEMPLATE DEBUG] camada candidata y: min=25.350000 max=25.350000 n=5
step=00027 species=  C N=00248 vac=0000 axis=y surf=xz Eads=-7.1367 eV P=9.662e-01 E=-2149.4329 eV hmax=3.582 A hmean=2.819 A rough=0.805 A occ1=1.000 tested=5
[TEMPLATE DEBUG] total=746 species_filter=0 restriction=0 direction=221 global_front=0 occupied=26 connection=486 min_dist=2 pre_shell=11 post_shell=4 tested_energy=4
[TEMPLATE DEBUG] camada candidata y: min=25.350000 max=25.350000 n=4
step=00028 species=  C N=00249 vac=0000 axis=y surf=xz Eads=-7.2019 eV P=9.928e-01 E=-2159.3572 eV hmax=3.575 A hmean=3.000 A rough=0.825 A occ1=1.000 tested=4
[TEMPLATE DEBUG] total=746 species_filter=0 restriction=0 direction=221 global_front=0 occupied=26 connection=486 min_dist=4 pre_shell=9 post_shell=3 tested_energy=3
[TEMPLATE DEBUG] camada candidata y: min=25.350000 max=25.350000 n=3
step=00029 species=  C N=00250 vac=0000 axis=y surf=xz Eads=-6.9871 eV P=9.902e-01 E=-2166.7468 eV hmax=3.575 A hmean=3.177 A rough=0.843 A occ1=1.000 tested=3
[TEMPLATE DEBUG] total=746 species_filter=0 restriction=0 direction=221 global_front=0 occupied=27 connection=485 min_dist=4 pre_shell=9 post_shell=2 tested_energy=2
[TEMPLATE DEBUG] camada candidata y: min=25.350000 max=25.350000 n=2
step=00030 species=  C N=00251 vac=0000 axis=y surf=xz Eads=-6.7749 eV P=7.501e-01 E=-2174.1055 eV hmax=3.575 A hmean=3.364 A rough=0.862 A occ1=1.000 tested=2
[TEMPLATE DEBUG] total=746 species_filter=0 restriction=0 direction=221 global_front=0 occupied=28 connection=484 min_dist=4 pre_shell=9 post_shell=1 tested_energy=1
[TEMPLATE DEBUG] camada candidata y: min=25.350000 max=25.350000 n=1
step=00031 species=  C N=00252 vac=0000 axis=y surf=xz Eads=-6.7275 eV P=1.000e+00 E=-2181.2656 eV hmax=3.575 A hmean=3.550 A rough=0.878 A occ1=1.000 tested=1
[TEMPLATE DEBUG] total=746 species_filter=0 restriction=0 direction=221 global_front=0 occupied=29 connection=483 min_dist=4 pre_shell=9 post_shell=9 tested_energy=9
[TEMPLATE DEBUG] camada candidata y: min=26.060000 max=26.060000 n=9
step=00032 species=  C N=00253 vac=0000 axis=y surf=xz Eads=-11.1704 eV P=9.312e-01 E=-2193.3774 eV hmax=4.077 A hmean=3.614 A rough=0.912 A occ1=1.000 tested=9
[TEMPLATE DEBUG] total=746 species_filter=0 restriction=0 direction=221 global_front=0 occupied=29 connection=482 min_dist=5 pre_shell=9 post_shell=8 tested_energy=8
[TEMPLATE DEBUG] camada candidata y: min=26.060000 max=26.060000 n=8
step=00033 species=  C N=00254 vac=0000 axis=y surf=xz Eads=-11.0581 eV P=1.000e+00 E=-2204.6047 eV hmax=4.164 A hmean=3.694 A rough=0.948 A occ1=1.000 tested=8
[TEMPLATE DEBUG] total=746 species_filter=0 restriction=0 direction=221 global_front=0 occupied=30 connection=481 min_dist=5 pre_shell=9 post_shell=7 tested_energy=7
[TEMPLATE DEBUG] camada candidata y: min=26.060000 max=26.060000 n=7
step=00034 species=  C N=00255 vac=0000 axis=y surf=xz Eads=-10.2173 eV P=1.000e+00 E=-2215.0867 eV hmax=4.264 A hmean=3.781 A rough=0.982 A occ1=1.000 tested=7
[TEMPLATE DEBUG] total=746 species_filter=0 restriction=0 direction=221 global_front=0 occupied=31 connection=480 min_dist=5 pre_shell=9 post_shell=6 tested_energy=6
[TEMPLATE DEBUG] camada candidata y: min=26.060000 max=26.060000 n=6
step=00035 species=  C N=00256 vac=0000 axis=y surf=xz Eads=-8.6660 eV P=1.000e+00 E=-2225.4629 eV hmax=4.264 A hmean=3.866 A rough=1.013 A occ1=1.000 tested=6
[TEMPLATE DEBUG] total=746 species_filter=0 restriction=0 direction=221 global_front=0 occupied=32 connection=479 min_dist=5 pre_shell=9 post_shell=5 tested_energy=5
[TEMPLATE DEBUG] camada candidata y: min=26.060000 max=26.060000 n=5
step=00036 species=  C N=00257 vac=0000 axis=y surf=xz Eads=-7.2434 eV P=9.670e-01 E=-2235.5759 eV hmax=4.273 A hmean=3.950 A rough=1.041 A occ1=1.000 tested=5
[TEMPLATE DEBUG] total=746 species_filter=0 restriction=0 direction=221 global_front=0 occupied=35 connection=478 min_dist=2 pre_shell=10 post_shell=5 tested_energy=5
[TEMPLATE DEBUG] camada candidata y: min=26.060000 max=26.060000 n=5
step=00037 species=  C N=00258 vac=0000 axis=y surf=xz Eads=-7.8914 eV P=1.000e+00 E=-2245.7446 eV hmax=4.273 A hmean=4.041 A rough=1.065 A occ1=1.000 tested=5
[TEMPLATE DEBUG] total=746 species_filter=0 restriction=0 direction=221 global_front=0 occupied=36 connection=477 min_dist=2 pre_shell=10 post_shell=4 tested_energy=4
[TEMPLATE DEBUG] camada candidata y: min=26.060000 max=26.060000 n=4
step=00038 species=  C N=00259 vac=0000 axis=y surf=xz Eads=-6.1848 eV P=9.854e-01 E=-2254.6248 eV hmax=4.274 A hmean=4.053 A rough=1.084 A occ1=1.000 tested=4
[TEMPLATE DEBUG] total=746 species_filter=0 restriction=0 direction=221 global_front=0 occupied=38 connection=476 min_dist=0 pre_shell=11 post_shell=4 tested_energy=4
[TEMPLATE DEBUG] camada candidata y: min=26.060000 max=26.060000 n=4
step=00039 species=  C N=00260 vac=0000 axis=y surf=xz Eads=-6.8586 eV P=1.000e+00 E=-2264.4329 eV hmax=4.370 A hmean=4.148 A rough=1.082 A occ1=1.000 tested=4
[TEMPLATE DEBUG] total=746 species_filter=0 restriction=0 direction=221 global_front=0 occupied=39 connection=475 min_dist=0 pre_shell=11 post_shell=3 tested_energy=3
[TEMPLATE DEBUG] camada candidata y: min=26.060000 max=26.060000 n=3
step=00040 species=  C N=00261 vac=0000 axis=y surf=xz Eads=-5.9521 eV P=4.139e-01 E=-2273.9878 eV hmax=4.370 A hmean=4.246 A rough=1.099 A occ1=1.000 tested=3
[TEMPLATE DEBUG] total=746 species_filter=0 restriction=0 direction=221 global_front=0 occupied=40 connection=474 min_dist=0 pre_shell=11 post_shell=2 tested_energy=2
[TEMPLATE DEBUG] camada candidata y: min=26.060000 max=26.060000 n=2
step=00041 species=  C N=00262 vac=0000 axis=y surf=xz Eads=-5.9785 eV P=9.655e-01 E=-2280.3818 eV hmax=4.370 A hmean=4.258 A rough=1.109 A occ1=1.000 tested=2
[TEMPLATE DEBUG] total=746 species_filter=0 restriction=0 direction=221 global_front=0 occupied=41 connection=473 min_dist=0 pre_shell=11 post_shell=1 tested_energy=1
[TEMPLATE DEBUG] camada candidata y: min=26.060000 max=26.060000 n=1
step=00042 species=  C N=00263 vac=0000 axis=y surf=xz Eads=-5.8350 eV P=1.000e+00 E=-2286.7163 eV hmax=4.370 A hmean=4.266 A rough=1.117 A occ1=1.000 tested=1
[TEMPLATE DEBUG] total=746 species_filter=0 restriction=0 direction=221 global_front=0 occupied=42 connection=472 min_dist=0 pre_shell=11 post_shell=11 tested_energy=11
[TEMPLATE DEBUG] camada candidata y: min=27.480000 max=27.480000 n=11
step=00043 species=  C N=00264 vac=0000 axis=y surf=xz Eads=-7.7222 eV P=6.242e-01 E=-2294.9753 eV hmax=5.638 A hmean=4.439 A rough=0.485 A occ1=1.000 tested=11
[TEMPLATE DEBUG] total=746 species_filter=0 restriction=0 direction=221 global_front=0 occupied=43 connection=471 min_dist=0 pre_shell=11 post_shell=10 tested_energy=10
[TEMPLATE DEBUG] camada candidata y: min=27.480000 max=27.480000 n=10
step=00044 species=  C N=00265 vac=0000 axis=y surf=xz Eads=-7.7002 eV P=9.974e-01 E=-2303.1982 eV hmax=5.643 A hmean=4.612 A rough=0.581 A occ1=1.000 tested=10
[TEMPLATE DEBUG] total=746 species_filter=0 restriction=0 direction=221 global_front=0 occupied=44 connection=470 min_dist=0 pre_shell=11 post_shell=9 tested_energy=9
[TEMPLATE DEBUG] camada candidata y: min=27.480000 max=27.480000 n=9
step=00045 species=  C N=00266 vac=0000 axis=y surf=xz Eads=-7.4148 eV P=4.993e-01 E=-2310.9028 eV hmax=5.712 A hmean=4.786 A rough=0.655 A occ1=1.000 tested=9
[TEMPLATE DEBUG] total=746 species_filter=0 restriction=0 direction=221 global_front=0 occupied=45 connection=468 min_dist=0 pre_shell=12 post_shell=8 tested_energy=8
[TEMPLATE DEBUG] camada candidata y: min=27.480000 max=27.480000 n=8
step=00046 species=  C N=00267 vac=0000 axis=y surf=xz Eads=-7.3721 eV P=3.203e-01 E=-2318.4880 eV hmax=5.712 A hmean=4.963 A rough=0.712 A occ1=1.000 tested=8
[TEMPLATE DEBUG] total=746 species_filter=0 restriction=0 direction=221 global_front=0 occupied=46 connection=466 min_dist=0 pre_shell=13 post_shell=7 tested_energy=7
[TEMPLATE DEBUG] camada candidata y: min=27.480000 max=27.480000 n=7
step=00047 species=  C N=00268 vac=0000 axis=y surf=xz Eads=-7.3760 eV P=4.179e-01 E=-2326.2305 eV hmax=5.712 A hmean=5.135 A rough=0.755 A occ1=1.000 tested=7
[TEMPLATE DEBUG] total=746 species_filter=0 restriction=0 direction=221 global_front=0 occupied=47 connection=464 min_dist=0 pre_shell=14 post_shell=6 tested_energy=6
[TEMPLATE DEBUG] camada candidata y: min=27.480000 max=27.480000 n=6
step=00048 species=  C N=00269 vac=0000 axis=y surf=xz Eads=-7.3525 eV P=4.097e-01 E=-2333.8235 eV hmax=5.715 A hmean=5.145 A rough=0.789 A occ1=1.000 tested=6
[TEMPLATE DEBUG] total=746 species_filter=0 restriction=0 direction=221 global_front=0 occupied=48 connection=464 min_dist=0 pre_shell=13 post_shell=5 tested_energy=5
[TEMPLATE DEBUG] camada candidata y: min=27.480000 max=27.480000 n=5
step=00049 species=  C N=00270 vac=0000 axis=y surf=xz Eads=-7.2407 eV P=5.850e-02 E=-2341.6177 eV hmax=5.715 A hmean=5.327 A rough=0.814 A occ1=1.000 tested=5
[TEMPLATE DEBUG] total=746 species_filter=0 restriction=0 direction=221 global_front=0 occupied=49 connection=463 min_dist=0 pre_shell=13 post_shell=4 tested_energy=4
[TEMPLATE DEBUG] camada candidata y: min=27.480000 max=27.480000 n=4
step=00050 species=  C N=00271 vac=0000 axis=y surf=xz Eads=-7.3521 eV P=9.360e-01 E=-2349.2007 eV hmax=5.715 A hmean=5.329 A rough=0.834 A occ1=1.000 tested=4
[TEMPLATE DEBUG] total=746 species_filter=0 restriction=0 direction=221 global_front=0 occupied=50 connection=462 min_dist=0 pre_shell=13 post_shell=3 tested_energy=3
[TEMPLATE DEBUG] camada candidata y: min=27.480000 max=27.480000 n=3
step=00051 species=  C N=00272 vac=0000 axis=y surf=xz Eads=-7.2148 eV P=5.850e-01 E=-2357.8811 eV hmax=5.715 A hmean=5.333 A rough=0.852 A occ1=1.000 tested=3
[TEMPLATE DEBUG] total=746 species_filter=0 restriction=0 direction=221 global_front=0 occupied=51 connection=462 min_dist=0 pre_shell=12 post_shell=2 tested_energy=2
[TEMPLATE DEBUG] camada candidata y: min=27.480000 max=27.480000 n=2
step=00052 species=  C N=00273 vac=0000 axis=y surf=xz Eads=-7.1914 eV P=8.030e-01 E=-2365.2441 eV hmax=5.712 A hmean=5.515 A rough=0.865 A occ1=1.000 tested=2
[TEMPLATE DEBUG] total=746 species_filter=0 restriction=0 direction=221 global_front=0 occupied=52 connection=462 min_dist=0 pre_shell=11 post_shell=1 tested_energy=1
[TEMPLATE DEBUG] camada candidata y: min=27.480000 max=27.480000 n=1
step=00053 species=  C N=00274 vac=0000 axis=y surf=xz Eads=-7.1316 eV P=1.000e+00 E=-2374.1699 eV hmax=5.714 A hmean=5.676 A rough=0.870 A occ1=1.000 tested=1
[TEMPLATE DEBUG] total=746 species_filter=0 restriction=0 direction=221 global_front=0 occupied=52 connection=462 min_dist=2 pre_shell=9 post_shell=9 tested_energy=9
[TEMPLATE DEBUG] camada candidata y: min=28.190000 max=28.190000 n=9
step=00054 species=  C N=00275 vac=0000 axis=y surf=xz Eads=-11.2283 eV P=6.164e-01 E=-2386.7944 eV hmax=6.190 A hmean=5.740 A rough=0.905 A occ1=1.000 tested=9
[TEMPLATE DEBUG] total=746 species_filter=0 restriction=0 direction=221 global_front=0 occupied=53 connection=461 min_dist=2 pre_shell=9 post_shell=8 tested_energy=8
[TEMPLATE DEBUG] camada candidata y: min=28.190000 max=28.190000 n=8
step=00055 species=  C N=00276 vac=0000 axis=y surf=xz Eads=-11.1868 eV P=9.999e-01 E=-2398.2573 eV hmax=6.265 A hmean=5.817 A rough=0.936 A occ1=1.000 tested=8
[TEMPLATE DEBUG] total=746 species_filter=0 restriction=0 direction=221 global_front=0 occupied=54 connection=460 min_dist=2 pre_shell=9 post_shell=7 tested_energy=7
[TEMPLATE DEBUG] camada candidata y: min=28.190000 max=28.190000 n=7
step=00056 species=  C N=00277 vac=0000 axis=y surf=xz Eads=-10.0540 eV P=9.992e-01 E=-2408.9014 eV hmax=6.390 A hmean=5.839 A rough=0.970 A occ1=1.000 tested=7
[TEMPLATE DEBUG] total=746 species_filter=0 restriction=0 direction=221 global_front=0 occupied=55 connection=459 min_dist=2 pre_shell=9 post_shell=6 tested_energy=6
[TEMPLATE DEBUG] camada candidata y: min=28.190000 max=28.190000 n=6
step=00057 species=  C N=00278 vac=0000 axis=y surf=xz Eads=-9.7449 eV P=8.618e-01 E=-2418.8992 eV hmax=6.390 A hmean=5.914 A rough=0.991 A occ1=1.000 tested=6
[TEMPLATE DEBUG] total=746 species_filter=0 restriction=0 direction=221 global_front=0 occupied=56 connection=458 min_dist=2 pre_shell=9 post_shell=5 tested_energy=5
[TEMPLATE DEBUG] camada candidata y: min=28.190000 max=28.190000 n=5
step=00058 species=  C N=00279 vac=0000 axis=y surf=xz Eads=-9.6672 eV P=1.000e+00 E=-2429.7817 eV hmax=6.390 A hmean=5.989 A rough=1.008 A occ1=1.000 tested=5
[TEMPLATE DEBUG] total=746 species_filter=0 restriction=0 direction=221 global_front=0 occupied=57 connection=457 min_dist=2 pre_shell=9 post_shell=4 tested_energy=4
[TEMPLATE DEBUG] camada candidata y: min=28.190000 max=28.190000 n=4
step=00059 species=  C N=00280 vac=0000 axis=y surf=xz Eads=-8.9724 eV P=1.000e+00 E=-2439.3711 eV hmax=6.390 A hmean=6.076 A rough=1.026 A occ1=1.000 tested=4
[TEMPLATE DEBUG] total=746 species_filter=0 restriction=0 direction=221 global_front=0 occupied=58 connection=456 min_dist=2 pre_shell=9 post_shell=3 tested_energy=3
[TEMPLATE DEBUG] camada candidata y: min=28.190000 max=28.190000 n=3
step=00060 species=  C N=00281 vac=0000 axis=y surf=xz Eads=-7.8372 eV P=1.000e+00 E=-2449.2737 eV hmax=6.390 A hmean=6.169 A rough=1.045 A occ1=1.000 tested=3
[TEMPLATE DEBUG] total=746 species_filter=0 restriction=0 direction=221 global_front=0 occupied=59 connection=455 min_dist=2 pre_shell=9 post_shell=2 tested_energy=2
[TEMPLATE DEBUG] camada candidata y: min=28.190000 max=28.190000 n=2
step=00061 species=  C N=00282 vac=0000 axis=y surf=xz Eads=-6.4001 eV P=9.999e-01 E=-2457.9592 eV hmax=6.390 A hmean=6.263 A rough=1.061 A occ1=1.000 tested=2
[TEMPLATE DEBUG] total=746 species_filter=0 restriction=0 direction=221 global_front=0 occupied=61 connection=454 min_dist=0 pre_shell=10 post_shell=2 tested_energy=2
[TEMPLATE DEBUG] camada candidata y: min=28.190000 max=28.190000 n=2
step=00062 species=  C N=00283 vac=0000 axis=y surf=xz Eads=-5.9236 eV P=9.999e-01 E=-2468.4148 eV hmax=6.497 A hmean=6.284 A rough=1.077 A occ1=1.000 tested=2
[TEMPLATE DEBUG] total=746 species_filter=0 restriction=0 direction=221 global_front=0 occupied=62 connection=453 min_dist=0 pre_shell=10 post_shell=1 tested_energy=1
[TEMPLATE DEBUG] camada candidata y: min=28.190000 max=28.190000 n=1
step=00063 species=  C N=00284 vac=0000 axis=y surf=xz Eads=-5.5637 eV P=1.000e+00 E=-2477.7544 eV hmax=6.506 A hmean=6.381 A rough=1.093 A occ1=1.000 tested=1
[TEMPLATE DEBUG] total=746 species_filter=0 restriction=0 direction=221 global_front=0 occupied=63 connection=452 min_dist=0 pre_shell=10 post_shell=10 tested_energy=10
[TEMPLATE DEBUG] camada candidata y: min=29.610000 max=29.610000 n=10
step=00064 species=  C N=00285 vac=0000 axis=y surf=xz Eads=-7.3816 eV P=7.795e-01 E=-2485.4644 eV hmax=7.845 A hmean=6.553 A rough=0.495 A occ1=1.000 tested=10
[TEMPLATE DEBUG] total=746 species_filter=0 restriction=0 direction=221 global_front=0 occupied=64 connection=450 min_dist=0 pre_shell=11 post_shell=9 tested_energy=9
[TEMPLATE DEBUG] camada candidata y: min=29.610000 max=29.610000 n=9
step=00065 species=  C N=00286 vac=0000 axis=y surf=xz Eads=-7.3020 eV P=5.465e-01 E=-2493.0059 eV hmax=7.845 A hmean=6.733 A rough=0.600 A occ1=1.000 tested=9
[TEMPLATE DEBUG] total=746 species_filter=0 restriction=0 direction=221 global_front=0 occupied=65 connection=448 min_dist=0 pre_shell=12 post_shell=8 tested_energy=8
[TEMPLATE DEBUG] camada candidata y: min=29.610000 max=29.610000 n=8
step=00066 species=  C N=00287 vac=0000 axis=y surf=xz Eads=-7.1426 eV P=2.911e-02 E=-2500.7537 eV hmax=7.853 A hmean=6.916 A rough=0.671 A occ1=1.000 tested=8
[TEMPLATE DEBUG] total=746 species_filter=0 restriction=0 direction=221 global_front=0 occupied=66 connection=447 min_dist=0 pre_shell=12 post_shell=7 tested_energy=7
[TEMPLATE DEBUG] camada candidata y: min=29.610000 max=29.610000 n=7
step=00067 species=  C N=00288 vac=0000 axis=y surf=xz Eads=-7.2795 eV P=7.441e-01 E=-2508.4995 eV hmax=7.853 A hmean=7.089 A rough=0.729 A occ1=1.000 tested=7
[TEMPLATE DEBUG] total=746 species_filter=0 restriction=0 direction=221 global_front=0 occupied=67 connection=445 min_dist=0 pre_shell=13 post_shell=6 tested_energy=6
[TEMPLATE DEBUG] camada candidata y: min=29.610000 max=29.610000 n=6
step=00068 species=  C N=00289 vac=0000 axis=y surf=xz Eads=-7.2705 eV P=5.807e-01 E=-2518.0342 eV hmax=7.865 A hmean=7.271 A rough=0.773 A occ1=1.000 tested=6
[TEMPLATE DEBUG] total=746 species_filter=0 restriction=0 direction=221 global_front=0 occupied=68 connection=444 min_dist=0 pre_shell=13 post_shell=5 tested_energy=5
[TEMPLATE DEBUG] camada candidata y: min=29.610000 max=29.610000 n=5
step=00069 species=  C N=00290 vac=0000 axis=y surf=xz Eads=-7.2109 eV P=8.411e-01 E=-2525.7041 eV hmax=7.865 A hmean=7.452 A rough=0.805 A occ1=1.000 tested=5
[TEMPLATE DEBUG] total=746 species_filter=0 restriction=0 direction=221 global_front=0 occupied=69 connection=443 min_dist=0 pre_shell=13 post_shell=4 tested_energy=4
[TEMPLATE DEBUG] camada candidata y: min=29.610000 max=29.610000 n=4
step=00070 species=  C N=00291 vac=0000 axis=y surf=xz Eads=-7.1169 eV P=9.057e-01 E=-2534.5876 eV hmax=7.851 A hmean=7.444 A rough=0.822 A occ1=1.000 tested=4
[TEMPLATE DEBUG] total=746 species_filter=0 restriction=0 direction=221 global_front=0 occupied=69 connection=443 min_dist=2 pre_shell=11 post_shell=3 tested_energy=3
[TEMPLATE DEBUG] camada candidata y: min=29.610000 max=29.610000 n=3
step=00071 species=  C N=00292 vac=0000 axis=y surf=xz Eads=-7.0371 eV P=9.967e-01 E=-2542.1750 eV hmax=7.851 A hmean=7.444 A rough=0.841 A occ1=1.000 tested=3
[TEMPLATE DEBUG] total=746 species_filter=0 restriction=0 direction=221 global_front=0 occupied=70 connection=443 min_dist=2 pre_shell=10 post_shell=2 tested_energy=2
[TEMPLATE DEBUG] camada candidata y: min=29.610000 max=29.610000 n=2
step=00072 species=  C N=00293 vac=0000 axis=y surf=xz Eads=-6.7849 eV P=8.697e-01 E=-2550.9392 eV hmax=7.859 A hmean=7.635 A rough=0.859 A occ1=1.000 tested=2
[TEMPLATE DEBUG] total=746 species_filter=0 restriction=0 direction=221 global_front=0 occupied=70 connection=442 min_dist=4 pre_shell=9 post_shell=1 tested_energy=1
[TEMPLATE DEBUG] camada candidata y: min=29.610000 max=29.610000 n=1
step=00073 species=  C N=00294 vac=0000 axis=y surf=xz Eads=-6.7031 eV P=1.000e+00 E=-2558.3694 eV hmax=7.859 A hmean=7.822 A rough=0.874 A occ1=1.000 tested=1
[TEMPLATE DEBUG] total=746 species_filter=0 restriction=0 direction=221 global_front=0 occupied=71 connection=441 min_dist=4 pre_shell=9 post_shell=9 tested_energy=9
[TEMPLATE DEBUG] camada candidata y: min=30.320000 max=30.320000 n=9
step=00074 species=  C N=00295 vac=0000 axis=y surf=xz Eads=-10.8247 eV P=9.501e-01 E=-2570.8818 eV hmax=8.264 A hmean=7.877 A rough=0.907 A occ1=1.000 tested=9
[TEMPLATE DEBUG] total=746 species_filter=0 restriction=0 direction=221 global_front=0 occupied=71 connection=440 min_dist=6 pre_shell=8 post_shell=7 tested_energy=7
[TEMPLATE DEBUG] camada candidata y: min=30.320000 max=30.320000 n=7
step=00075 species=  C N=00296 vac=0000 axis=y surf=xz Eads=-9.5813 eV P=1.000e+00 E=-2581.7041 eV hmax=8.480 A hmean=7.950 A rough=0.950 A occ1=1.000 tested=7
[TEMPLATE DEBUG] total=746 species_filter=0 restriction=0 direction=221 global_front=0 occupied=72 connection=439 min_dist=6 pre_shell=8 post_shell=6 tested_energy=6
[TEMPLATE DEBUG] camada candidata y: min=30.320000 max=30.320000 n=6
step=00076 species=  C N=00297 vac=0000 axis=y surf=xz Eads=-8.7827 eV P=1.000e+00 E=-2592.1929 eV hmax=8.480 A hmean=8.036 A rough=0.981 A occ1=1.000 tested=6
[TEMPLATE DEBUG] total=746 species_filter=0 restriction=0 direction=221 global_front=0 occupied=74 connection=438 min_dist=4 pre_shell=9 post_shell=6 tested_energy=6
[TEMPLATE DEBUG] camada candidata y: min=30.320000 max=30.320000 n=6
step=00077 species=  C N=00298 vac=0000 axis=y surf=xz Eads=-8.0127 eV P=1.051e-01 E=-2601.6377 eV hmax=8.480 A hmean=8.126 A rough=1.013 A occ1=1.000 tested=6
[TEMPLATE DEBUG] total=746 species_filter=0 restriction=0 direction=221 global_front=0 occupied=75 connection=437 min_dist=4 pre_shell=9 post_shell=5 tested_energy=5
[TEMPLATE DEBUG] camada candidata y: min=30.320000 max=30.320000 n=5
step=00078 species=  C N=00299 vac=0000 axis=y surf=xz Eads=-8.1201 eV P=1.000e+00 E=-2612.4629 eV hmax=8.501 A hmean=8.217 A rough=1.035 A occ1=1.000 tested=5
[TEMPLATE DEBUG] total=746 species_filter=0 restriction=0 direction=221 global_front=0 occupied=77 connection=436 min_dist=2 pre_shell=10 post_shell=5 tested_energy=5
[TEMPLATE DEBUG] camada candidata y: min=30.320000 max=30.320000 n=5
step=00079 species=  C N=00300 vac=0000 axis=y surf=xz Eads=-6.6189 eV P=1.000e+00 E=-2622.2922 eV hmax=8.606 A hmean=8.317 A rough=1.063 A occ1=1.000 tested=5
[TEMPLATE DEBUG] total=746 species_filter=0 restriction=0 direction=221 global_front=0 occupied=78 connection=435 min_dist=2 pre_shell=10 post_shell=4 tested_energy=4
[TEMPLATE DEBUG] camada candidata y: min=30.320000 max=30.320000 n=4
step=00080 species=  C N=00301 vac=0000 axis=y surf=xz Eads=-5.5220 eV P=9.661e-01 E=-2629.5593 eV hmax=8.606 A hmean=8.396 A rough=1.079 A occ1=1.000 tested=4
[TEMPLATE DEBUG] total=746 species_filter=0 restriction=0 direction=221 global_front=0 occupied=79 connection=434 min_dist=2 pre_shell=10 post_shell=3 tested_energy=3
[TEMPLATE DEBUG] camada candidata y: min=30.320000 max=30.320000 n=3
step=00081 species=  C N=00302 vac=0000 axis=y surf=xz Eads=-5.3774 eV P=9.999e-01 E=-2635.9529 eV hmax=8.606 A hmean=8.400 A rough=1.094 A occ1=1.000 tested=3
[TEMPLATE DEBUG] total=746 species_filter=0 restriction=0 direction=221 global_front=0 occupied=80 connection=433 min_dist=2 pre_shell=10 post_shell=2 tested_energy=2
[TEMPLATE DEBUG] camada candidata y: min=30.320000 max=30.320000 n=2
step=00082 species=  C N=00303 vac=0000 axis=y surf=xz Eads=-4.9819 eV P=1.000e+00 E=-2642.4817 eV hmax=8.606 A hmean=8.481 A rough=1.106 A occ1=1.000 tested=2
[TEMPLATE DEBUG] total=746 species_filter=0 restriction=0 direction=221 global_front=0 occupied=81 connection=432 min_dist=2 pre_shell=10 post_shell=1 tested_energy=1
[TEMPLATE DEBUG] camada candidata y: min=30.320000 max=30.320000 n=1
step=00083 species=  C N=00304 vac=0000 axis=y surf=xz Eads=-1.7678 eV P=1.000e+00 E=-2650.9434 eV hmax=8.649 A hmean=8.508 A rough=1.102 A occ1=1.000 tested=1
[TEMPLATE DEBUG] total=746 species_filter=0 restriction=0 direction=221 global_front=0 occupied=82 connection=431 min_dist=2 pre_shell=10 post_shell=10 tested_energy=10
[TEMPLATE DEBUG] camada candidata y: min=31.740000 max=31.740000 n=10
step=00084 species=  C N=00305 vac=0000 axis=y surf=xz Eads=-7.6113 eV P=8.727e-01 E=-2659.2258 eV hmax=9.889 A hmean=8.680 A rough=0.490 A occ1=1.000 tested=10
[TEMPLATE DEBUG] total=746 species_filter=0 restriction=0 direction=221 global_front=0 occupied=83 connection=430 min_dist=2 pre_shell=10 post_shell=9 tested_energy=9
[TEMPLATE DEBUG] camada candidata y: min=31.740000 max=31.740000 n=9
step=00085 species=  C N=00306 vac=0000 axis=y surf=xz Eads=-7.5105 eV P=6.572e-01 E=-2667.5530 eV hmax=9.889 A hmean=8.853 A rough=0.589 A occ1=1.000 tested=9
[TEMPLATE DEBUG] total=746 species_filter=0 restriction=0 direction=221 global_front=0 occupied=84 connection=429 min_dist=2 pre_shell=10 post_shell=8 tested_energy=8
[TEMPLATE DEBUG] camada candidata y: min=31.740000 max=31.740000 n=8
step=00086 species=  C N=00307 vac=0000 axis=y surf=xz Eads=-7.4736 eV P=8.250e-01 E=-2675.8567 eV hmax=9.919 A hmean=9.029 A rough=0.661 A occ1=1.000 tested=8
[TEMPLATE DEBUG] total=746 species_filter=0 restriction=0 direction=221 global_front=0 occupied=85 connection=427 min_dist=2 pre_shell=11 post_shell=7 tested_energy=7
[TEMPLATE DEBUG] camada candidata y: min=31.740000 max=31.740000 n=7
step=00087 species=  C N=00308 vac=0000 axis=y surf=xz Eads=-7.2578 eV P=3.509e-02 E=-2683.9360 eV hmax=9.982 A hmean=9.197 A rough=0.719 A occ1=1.000 tested=7
[TEMPLATE DEBUG] total=746 species_filter=0 restriction=0 direction=221 global_front=0 occupied=86 connection=425 min_dist=2 pre_shell=12 post_shell=6 tested_energy=6
[TEMPLATE DEBUG] camada candidata y: min=31.740000 max=31.740000 n=6
step=00088 species=  C N=00309 vac=0000 axis=y surf=xz Eads=-7.3823 eV P=7.161e-01 E=-2691.5491 eV hmax=9.982 A hmean=9.196 A rough=0.762 A occ1=1.000 tested=6
[TEMPLATE DEBUG] total=746 species_filter=0 restriction=0 direction=221 global_front=0 occupied=87 connection=424 min_dist=2 pre_shell=12 post_shell=5 tested_energy=5
[TEMPLATE DEBUG] camada candidata y: min=31.740000 max=31.740000 n=5
step=00089 species=  C N=00310 vac=0000 axis=y surf=xz Eads=-7.2847 eV P=7.642e-01 E=-2699.1877 eV hmax=9.982 A hmean=9.379 A rough=0.797 A occ1=1.000 tested=5
[TEMPLATE DEBUG] total=746 species_filter=0 restriction=0 direction=221 global_front=0 occupied=88 connection=423 min_dist=2 pre_shell=12 post_shell=4 tested_energy=4
[TEMPLATE DEBUG] camada candidata y: min=31.740000 max=31.740000 n=4
step=00090 species=  C N=00311 vac=0000 axis=y surf=xz Eads=-7.2305 eV P=9.222e-01 E=-2706.8572 eV hmax=9.980 A hmean=9.387 A rough=0.824 A occ1=1.000 tested=4
[TEMPLATE DEBUG] total=746 species_filter=0 restriction=0 direction=221 global_front=0 occupied=89 connection=423 min_dist=2 pre_shell=11 post_shell=3 tested_energy=3
[TEMPLATE DEBUG] camada candidata y: min=31.740000 max=31.740000 n=3
step=00091 species=  C N=00312 vac=0000 axis=y surf=xz Eads=-7.0557 eV P=7.779e-01 E=-2714.7493 eV hmax=9.975 A hmean=9.570 A rough=0.843 A occ1=1.000 tested=3
[TEMPLATE DEBUG] total=746 species_filter=0 restriction=0 direction=221 global_front=0 occupied=90 connection=423 min_dist=2 pre_shell=10 post_shell=2 tested_energy=2
[TEMPLATE DEBUG] camada candidata y: min=31.740000 max=31.740000 n=2
step=00092 species=  C N=00313 vac=0000 axis=y surf=xz Eads=-7.0015 eV P=9.868e-01 E=-2722.4895 eV hmax=9.975 A hmean=9.752 A rough=0.859 A occ1=1.000 tested=2
[TEMPLATE DEBUG] total=746 species_filter=0 restriction=0 direction=221 global_front=0 occupied=91 connection=422 min_dist=2 pre_shell=10 post_shell=1 tested_energy=1
[TEMPLATE DEBUG] camada candidata y: min=31.740000 max=31.740000 n=1
step=00093 species=  C N=00314 vac=0000 axis=y surf=xz Eads=-6.6094 eV P=1.000e+00 E=-2729.9910 eV hmax=9.975 A hmean=9.937 A rough=0.871 A occ1=1.000 tested=1
[TEMPLATE DEBUG] total=746 species_filter=0 restriction=0 direction=221 global_front=0 occupied=93 connection=421 min_dist=1 pre_shell=10 post_shell=10 tested_energy=10
[TEMPLATE DEBUG] camada candidata y: min=32.450000 max=32.450000 n=10
step=00094 species=  C N=00315 vac=0000 axis=y surf=xz Eads=-11.1736 eV P=6.858e-01 E=-2741.3726 eV hmax=10.455 A hmean=10.003 A rough=0.906 A occ1=1.000 tested=10
[TEMPLATE DEBUG] total=746 species_filter=0 restriction=0 direction=221 global_front=0 occupied=94 connection=420 min_dist=1 pre_shell=10 post_shell=9 tested_energy=9
[TEMPLATE DEBUG] camada candidata y: min=32.450000 max=32.450000 n=9
step=00095 species=  C N=00316 vac=0000 axis=y surf=xz Eads=-11.2390 eV P=9.376e-01 E=-2752.9714 eV hmax=10.528 A hmean=10.079 A rough=0.941 A occ1=1.000 tested=9
[TEMPLATE DEBUG] total=746 species_filter=0 restriction=0 direction=221 global_front=0 occupied=95 connection=419 min_dist=1 pre_shell=10 post_shell=8 tested_energy=8
[TEMPLATE DEBUG] camada candidata y: min=32.450000 max=32.450000 n=8
step=00096 species=  C N=00317 vac=0000 axis=y surf=xz Eads=-11.0173 eV P=9.566e-01 E=-2764.2991 eV hmax=10.528 A hmean=10.143 A rough=0.966 A occ1=1.000 tested=8
[TEMPLATE DEBUG] total=746 species_filter=0 restriction=0 direction=221 global_front=0 occupied=96 connection=418 min_dist=1 pre_shell=10 post_shell=7 tested_energy=7
[TEMPLATE DEBUG] camada candidata y: min=32.450000 max=32.450000 n=7
step=00097 species=  C N=00318 vac=0000 axis=y surf=xz Eads=-10.8132 eV P=9.957e-01 E=-2775.8921 eV hmax=10.528 A hmean=10.215 A rough=0.988 A occ1=1.000 tested=7
[TEMPLATE DEBUG] total=746 species_filter=0 restriction=0 direction=221 global_front=0 occupied=97 connection=417 min_dist=1 pre_shell=10 post_shell=6 tested_energy=6
[TEMPLATE DEBUG] camada candidata y: min=32.450000 max=32.450000 n=6
step=00098 species=  C N=00319 vac=0000 axis=y surf=xz Eads=-10.6821 eV P=9.183e-01 E=-2786.9087 eV hmax=10.658 A hmean=10.238 A rough=1.018 A occ1=1.000 tested=6
[TEMPLATE DEBUG] total=746 species_filter=0 restriction=0 direction=221 global_front=0 occupied=98 connection=416 min_dist=1 pre_shell=10 post_shell=5 tested_energy=5
[TEMPLATE DEBUG] camada candidata y: min=32.450000 max=32.450000 n=5
step=00099 species=  C N=00320 vac=0000 axis=y surf=xz Eads=-10.5779 eV P=1.000e+00 E=-2797.7544 eV hmax=10.667 A hmean=10.260 A rough=1.042 A occ1=1.000 tested=5
[TEMPLATE DEBUG] total=746 species_filter=0 restriction=0 direction=221 global_front=0 occupied=99 connection=415 min_dist=1 pre_shell=10 post_shell=4 tested_energy=4
[TEMPLATE DEBUG] camada candidata y: min=32.450000 max=32.450000 n=4
step=00100 species=  C N=00321 vac=0000 axis=y surf=xz Eads=-8.8015 eV P=7.543e-01 E=-2807.3010 eV hmax=10.667 A hmean=10.349 A rough=1.061 A occ1=1.000 tested=4
[TEMPLATE DEBUG] total=746 species_filter=0 restriction=0 direction=221 global_front=0 occupied=100 connection=414 min_dist=1 pre_shell=10 post_shell=3 tested_energy=3
[TEMPLATE DEBUG] camada candidata y: min=32.450000 max=32.450000 n=3
step=00101 species=  C N=00322 vac=0000 axis=y surf=xz Eads=-8.7534 eV P=1.000e+00 E=-2816.8071 eV hmax=10.667 A hmean=10.437 A rough=1.075 A occ1=1.000 tested=3
[TEMPLATE DEBUG] total=746 species_filter=0 restriction=0 direction=221 global_front=0 occupied=101 connection=413 min_dist=1 pre_shell=10 post_shell=2 tested_energy=2
[TEMPLATE DEBUG] camada candidata y: min=32.450000 max=32.450000 n=2
step=00102 species=  C N=00323 vac=0000 axis=y surf=xz Eads=-5.4260 eV P=2.842e-01 E=-2822.8567 eV hmax=10.671 A hmean=10.533 A rough=1.089 A occ1=1.000 tested=2
[TEMPLATE DEBUG] total=746 species_filter=0 restriction=0 direction=221 global_front=0 occupied=102 connection=411 min_dist=1 pre_shell=11 post_shell=1 tested_energy=1
[TEMPLATE DEBUG] camada candidata y: min=31.740000 max=31.740000 n=1
step=00103 species=  C N=00324 vac=0000 axis=y surf=xz Eads=-7.4995 eV P=1.000e+00 E=-2831.0962 eV hmax=10.667 A hmean=10.541 A rough=1.084 A occ1=1.000 tested=1
[TEMPLATE DEBUG] total=746 species_filter=0 restriction=0 direction=221 global_front=0 occupied=103 connection=411 min_dist=0 pre_shell=11 post_shell=1 tested_energy=1
[TEMPLATE DEBUG] camada candidata y: min=30.320000 max=30.320000 n=1
step=00104 species=  C N=00325 vac=0000 axis=y surf=xz Eads=-4.4480 eV P=1.000e+00 E=-2844.7109 eV hmax=10.667 A hmean=10.546 A rough=1.074 A occ1=1.000 tested=1
[TEMPLATE DEBUG] total=746 species_filter=0 restriction=0 direction=221 global_front=0 occupied=104 connection=411 min_dist=0 pre_shell=10 post_shell=1 tested_energy=1
[TEMPLATE DEBUG] camada candidata y: min=32.450000 max=32.450000 n=1
step=00105 species=  C N=00326 vac=0000 axis=y surf=xz Eads=-9.1538 eV P=1.000e+00 E=-2854.7771 eV hmax=10.697 A hmean=10.630 A rough=1.091 A occ1=1.000 tested=1
[TEMPLATE DEBUG] total=746 species_filter=0 restriction=0 direction=221 global_front=0 occupied=105 connection=410 min_dist=0 pre_shell=10 post_shell=10 tested_energy=10
[TEMPLATE DEBUG] camada candidata y: min=33.870000 max=33.870000 n=10
step=00106 species=  C N=00327 vac=0000 axis=y surf=xz Eads=-7.4133 eV P=6.018e-01 E=-2862.3018 eV hmax=12.093 A hmean=10.806 A rough=0.495 A occ1=1.000 tested=10
[TEMPLATE DEBUG] total=746 species_filter=0 restriction=0 direction=221 global_front=0 occupied=106 connection=408 min_dist=0 pre_shell=11 post_shell=9 tested_energy=9
[TEMPLATE DEBUG] camada candidata y: min=33.870000 max=33.870000 n=9
step=00107 species=  C N=00328 vac=0000 axis=y surf=xz Eads=-7.2915 eV P=8.269e-02 E=-2869.9971 eV hmax=12.112 A hmean=10.983 A rough=0.599 A occ1=1.000 tested=9
[TEMPLATE DEBUG] total=746 species_filter=0 restriction=0 direction=221 global_front=0 occupied=107 connection=407 min_dist=0 pre_shell=11 post_shell=8 tested_energy=8
[TEMPLATE DEBUG] camada candidata y: min=33.870000 max=33.870000 n=8
step=00108 species=  C N=00329 vac=0000 axis=y surf=xz Eads=-7.2717 eV P=1.728e-01 E=-2877.5872 eV hmax=12.125 A hmean=11.160 A rough=0.676 A occ1=1.000 tested=8
[TEMPLATE DEBUG] total=746 species_filter=0 restriction=0 direction=221 global_front=0 occupied=108 connection=406 min_dist=0 pre_shell=11 post_shell=7 tested_energy=7
[TEMPLATE DEBUG] camada candidata y: min=33.870000 max=33.870000 n=7
step=00109 species=  C N=00330 vac=0000 axis=y surf=xz Eads=-7.3328 eV P=8.136e-01 E=-2885.1421 eV hmax=12.125 A hmean=11.339 A rough=0.731 A occ1=1.000 tested=7
[TEMPLATE DEBUG] total=746 species_filter=0 restriction=0 direction=221 global_front=0 occupied=109 connection=404 min_dist=0 pre_shell=12 post_shell=6 tested_energy=6
[TEMPLATE DEBUG] camada candidata y: min=33.870000 max=33.870000 n=6
step=00110 species=  C N=00331 vac=0000 axis=y surf=xz Eads=-7.2642 eV P=4.328e-01 E=-2893.9004 eV hmax=12.125 A hmean=11.350 A rough=0.775 A occ1=1.000 tested=6
[TEMPLATE DEBUG] total=746 species_filter=0 restriction=0 direction=221 global_front=0 occupied=110 connection=403 min_dist=1 pre_shell=11 post_shell=5 tested_energy=5
[TEMPLATE DEBUG] camada candidata y: min=33.870000 max=33.870000 n=5
step=00111 species=  C N=00332 vac=0000 axis=y surf=xz Eads=-7.2551 eV P=6.331e-01 E=-2901.3950 eV hmax=12.125 A hmean=11.353 A rough=0.807 A occ1=1.000 tested=5
[TEMPLATE DEBUG] total=746 species_filter=0 restriction=0 direction=221 global_front=0 occupied=111 connection=403 min_dist=1 pre_shell=10 post_shell=4 tested_energy=4
[TEMPLATE DEBUG] camada candidata y: min=33.870000 max=33.870000 n=4
step=00112 species=  C N=00333 vac=0000 axis=y surf=xz Eads=-7.1536 eV P=4.547e-01 E=-2908.8574 eV hmax=12.125 A hmean=11.534 A rough=0.833 A occ1=1.000 tested=4
[TEMPLATE DEBUG] total=746 species_filter=0 restriction=0 direction=221 global_front=0 occupied=112 connection=402 min_dist=1 pre_shell=10 post_shell=3 tested_energy=3
[TEMPLATE DEBUG] camada candidata y: min=33.870000 max=33.870000 n=3
step=00113 species=  C N=00334 vac=0000 axis=y surf=xz Eads=-7.1616 eV P=9.995e-01 E=-2916.2910 eV hmax=12.125 A hmean=11.714 A rough=0.853 A occ1=1.000 tested=3
[TEMPLATE DEBUG] total=746 species_filter=0 restriction=0 direction=221 global_front=0 occupied=113 connection=401 min_dist=1 pre_shell=10 post_shell=2 tested_energy=2
[TEMPLATE DEBUG] camada candidata y: min=33.870000 max=33.870000 n=2
step=00114 species=  C N=00335 vac=0000 axis=y surf=xz Eads=-6.8110 eV P=9.196e-01 E=-2923.5164 eV hmax=12.125 A hmean=11.901 A rough=0.870 A occ1=1.000 tested=2
[TEMPLATE DEBUG] total=746 species_filter=0 restriction=0 direction=221 global_front=0 occupied=114 connection=400 min_dist=1 pre_shell=10 post_shell=1 tested_energy=1
[TEMPLATE DEBUG] camada candidata y: min=33.870000 max=33.870000 n=1
step=00115 species=  C N=00336 vac=0000 axis=y surf=xz Eads=-6.7063 eV P=1.000e+00 E=-2930.7083 eV hmax=12.125 A hmean=12.088 A rough=0.885 A occ1=1.000 tested=1
[TEMPLATE DEBUG] total=746 species_filter=0 restriction=0 direction=221 global_front=0 occupied=115 connection=399 min_dist=1 pre_shell=10 post_shell=10 tested_energy=10
[TEMPLATE DEBUG] camada candidata y: min=34.580000 max=34.580000 n=10
step=00116 species=  C N=00337 vac=0000 axis=y surf=xz Eads=-11.1846 eV P=4.544e-01 E=-2943.9141 eV hmax=12.599 A hmean=12.145 A rough=0.920 A occ1=1.000 tested=10
[TEMPLATE DEBUG] total=746 species_filter=0 restriction=0 direction=221 global_front=0 occupied=115 connection=398 min_dist=2 pre_shell=10 post_shell=9 tested_energy=9
[TEMPLATE DEBUG] camada candidata y: min=34.580000 max=34.580000 n=9
step=00117 species=  C N=00338 vac=0000 axis=y surf=xz Eads=-11.1326 eV P=4.970e-01 E=-2956.2278 eV hmax=12.599 A hmean=12.207 A rough=0.948 A occ1=1.000 tested=9
[TEMPLATE DEBUG] total=746 species_filter=0 restriction=0 direction=221 global_front=0 occupied=116 connection=397 min_dist=2 pre_shell=10 post_shell=8 tested_energy=8
[TEMPLATE DEBUG] camada candidata y: min=34.580000 max=34.580000 n=8
step=00118 species=  C N=00339 vac=0000 axis=y surf=xz Eads=-11.0901 eV P=1.000e+00 E=-2967.6174 eV hmax=12.663 A hmean=12.288 A rough=0.976 A occ1=1.000 tested=8
[TEMPLATE DEBUG] total=746 species_filter=0 restriction=0 direction=221 global_front=0 occupied=117 connection=396 min_dist=2 pre_shell=10 post_shell=7 tested_energy=7
[TEMPLATE DEBUG] camada candidata y: min=34.580000 max=34.580000 n=7
step=00119 species=  C N=00340 vac=0000 axis=y surf=xz Eads=-9.6143 eV P=9.861e-01 E=-2978.1797 eV hmax=12.824 A hmean=12.380 A rough=1.009 A occ1=1.000 tested=7
[TEMPLATE DEBUG] total=746 species_filter=0 restriction=0 direction=221 global_front=0 occupied=118 connection=395 min_dist=2 pre_shell=10 post_shell=6 tested_energy=6
[TEMPLATE DEBUG] camada candidata y: min=34.580000 max=34.580000 n=6
step=00120 species=  C N=00341 vac=0000 axis=y surf=xz Eads=-9.3855 eV P=8.996e-01 E=-2988.6443 eV hmax=12.824 A hmean=12.483 A rough=1.038 A occ1=1.000 tested=6
[TEMPLATE DEBUG] total=746 species_filter=0 restriction=0 direction=221 global_front=0 occupied=119 connection=394 min_dist=2 pre_shell=10 post_shell=5 tested_energy=5
[TEMPLATE DEBUG] camada candidata y: min=34.580000 max=34.580000 n=5
step=00121 species=  C N=00342 vac=0000 axis=y surf=xz Eads=-9.2910 eV P=1.000e+00 E=-2999.1846 eV hmax=12.824 A hmean=12.567 A rough=1.059 A occ1=1.000 tested=5
[TEMPLATE DEBUG] total=746 species_filter=0 restriction=0 direction=221 global_front=0 occupied=120 connection=393 min_dist=2 pre_shell=10 post_shell=4 tested_energy=4
[TEMPLATE DEBUG] camada candidata y: min=34.580000 max=34.580000 n=4
step=00122 species=  C N=00343 vac=0000 axis=y surf=xz Eads=-6.7366 eV P=1.000e+00 E=-3008.7610 eV hmax=12.824 A hmean=12.651 A rough=1.081 A occ1=1.000 tested=4
[TEMPLATE DEBUG] total=746 species_filter=0 restriction=0 direction=221 global_front=0 occupied=121 connection=392 min_dist=2 pre_shell=10 post_shell=3 tested_energy=3
[TEMPLATE DEBUG] camada candidata y: min=34.580000 max=34.580000 n=3
step=00123 species=  C N=00344 vac=0000 axis=y surf=xz Eads=-6.7761 eV P=1.000e+00 E=-3018.2134 eV hmax=12.824 A hmean=12.751 A rough=1.101 A occ1=1.000 tested=3
[TEMPLATE DEBUG] total=746 species_filter=0 restriction=0 direction=221 global_front=0 occupied=123 connection=391 min_dist=0 pre_shell=11 post_shell=3 tested_energy=3
[TEMPLATE DEBUG] camada candidata y: min=34.580000 max=34.580000 n=3
step=00124 species=  C N=00345 vac=0000 axis=y surf=xz Eads=-6.4380 eV P=1.000e+00 E=-3027.8845 eV hmax=12.904 A hmean=12.775 A rough=1.099 A occ1=1.000 tested=3
[TEMPLATE DEBUG] total=746 species_filter=0 restriction=0 direction=221 global_front=0 occupied=124 connection=390 min_dist=0 pre_shell=11 post_shell=2 tested_energy=2
[TEMPLATE DEBUG] camada candidata y: min=34.580000 max=34.580000 n=2
step=00125 species=  C N=00346 vac=0000 axis=y surf=xz Eads=-5.8149 eV P=1.000e+00 E=-3034.2214 eV hmax=12.904 A hmean=12.786 A rough=1.109 A occ1=1.000 tested=2
[TEMPLATE DEBUG] total=746 species_filter=0 restriction=0 direction=221 global_front=0 occupied=125 connection=389 min_dist=0 pre_shell=11 post_shell=1 tested_energy=1
[TEMPLATE DEBUG] camada candidata y: min=34.580000 max=34.580000 n=1
step=00126 species=  C N=00347 vac=0000 axis=y surf=xz Eads=-5.1572 eV P=1.000e+00 E=-3040.5752 eV hmax=12.904 A hmean=12.785 A rough=1.115 A occ1=1.000 tested=1
[TEMPLATE DEBUG] total=746 species_filter=0 restriction=0 direction=221 global_front=0 occupied=126 connection=388 min_dist=0 pre_shell=11 post_shell=11 tested_energy=11
[TEMPLATE DEBUG] camada candidata y: min=36.000000 max=36.000000 n=11
step=00127 species=  C N=00348 vac=0000 axis=y surf=xz Eads=-7.7136 eV P=7.749e-01 E=-3048.8259 eV hmax=14.154 A hmean=12.958 A rough=0.481 A occ1=1.000 tested=11
[TEMPLATE DEBUG] total=746 species_filter=0 restriction=0 direction=221 global_front=0 occupied=127 connection=387 min_dist=0 pre_shell=11 post_shell=10 tested_energy=10
[TEMPLATE DEBUG] camada candidata y: min=36.000000 max=36.000000 n=10
step=00128 species=  C N=00349 vac=0000 axis=y surf=xz Eads=-7.6599 eV P=9.893e-01 E=-3057.1335 eV hmax=14.154 A hmean=13.124 A rough=0.574 A occ1=1.000 tested=10
[TEMPLATE DEBUG] total=746 species_filter=0 restriction=0 direction=221 global_front=0 occupied=128 connection=386 min_dist=0 pre_shell=11 post_shell=9 tested_energy=9
[TEMPLATE DEBUG] camada candidata y: min=36.000000 max=36.000000 n=9
step=00129 species=  C N=00350 vac=0000 axis=y surf=xz Eads=-7.3564 eV P=1.235e-01 E=-3064.7197 eV hmax=14.175 A hmean=13.127 A rough=0.646 A occ1=1.000 tested=9
[TEMPLATE DEBUG] total=746 species_filter=0 restriction=0 direction=221 global_front=0 occupied=129 connection=385 min_dist=0 pre_shell=11 post_shell=8 tested_energy=8
[TEMPLATE DEBUG] camada candidata y: min=36.000000 max=36.000000 n=8
step=00130 species=  C N=00351 vac=0000 axis=y surf=xz Eads=-7.4167 eV P=5.687e-01 E=-3072.3215 eV hmax=14.197 A hmean=13.137 A rough=0.702 A occ1=1.000 tested=8
[TEMPLATE DEBUG] total=746 species_filter=0 restriction=0 direction=221 global_front=0 occupied=130 connection=384 min_dist=0 pre_shell=11 post_shell=7 tested_energy=7
[TEMPLATE DEBUG] camada candidata y: min=36.000000 max=36.000000 n=7
step=00131 species=  C N=00352 vac=0000 axis=y surf=xz Eads=-7.3455 eV P=2.498e-01 E=-3079.9124 eV hmax=14.208 A hmean=13.313 A rough=0.745 A occ1=1.000 tested=7
[TEMPLATE DEBUG] total=746 species_filter=0 restriction=0 direction=221 global_front=0 occupied=131 connection=382 min_dist=0 pre_shell=12 post_shell=6 tested_energy=6
[TEMPLATE DEBUG] camada candidata y: min=36.000000 max=36.000000 n=6
step=00132 species=  C N=00353 vac=0000 axis=y surf=xz Eads=-7.3057 eV P=2.489e-01 E=-3087.6680 eV hmax=14.218 A hmean=13.493 A rough=0.779 A occ1=1.000 tested=6
[TEMPLATE DEBUG] total=746 species_filter=0 restriction=0 direction=221 global_front=0 occupied=132 connection=381 min_dist=0 pre_shell=12 post_shell=5 tested_energy=5
[TEMPLATE DEBUG] camada candidata y: min=36.000000 max=36.000000 n=5
step=00133 species=  C N=00354 vac=0000 axis=y surf=xz Eads=-7.2778 eV P=2.501e-01 E=-3095.2566 eV hmax=14.218 A hmean=13.670 A rough=0.805 A occ1=1.000 tested=5
[TEMPLATE DEBUG] total=746 species_filter=0 restriction=0 direction=221 global_front=0 occupied=133 connection=379 min_dist=0 pre_shell=13 post_shell=4 tested_energy=4
[TEMPLATE DEBUG] camada candidata y: min=36.000000 max=36.000000 n=4
step=00134 species=  C N=00355 vac=0000 axis=y surf=xz Eads=-7.2690 eV P=4.512e-01 E=-3102.6875 eV hmax=14.218 A hmean=13.852 A rough=0.826 A occ1=1.000 tested=4
[TEMPLATE DEBUG] total=746 species_filter=0 restriction=0 direction=221 global_front=0 occupied=134 connection=379 min_dist=0 pre_shell=12 post_shell=3 tested_energy=3
[TEMPLATE DEBUG] camada candidata y: min=36.000000 max=36.000000 n=3
step=00135 species=  C N=00356 vac=0000 axis=y surf=xz Eads=-7.2104 eV P=2.921e-01 E=-3110.2214 eV hmax=14.221 A hmean=14.033 A rough=0.844 A occ1=1.000 tested=3
[TEMPLATE DEBUG] total=746 species_filter=0 restriction=0 direction=221 global_front=0 occupied=135 connection=379 min_dist=0 pre_shell=11 post_shell=2 tested_energy=2
[TEMPLATE DEBUG] camada candidata y: min=36.000000 max=36.000000 n=2
step=00136 species=  C N=00357 vac=0000 axis=y surf=xz Eads=-7.2041 eV P=3.819e-01 E=-3117.7480 eV hmax=14.242 A hmean=14.208 A rough=0.860 A occ1=1.000 tested=2
[TEMPLATE DEBUG] total=746 species_filter=0 restriction=0 direction=221 global_front=0 occupied=136 connection=378 min_dist=0 pre_shell=11 post_shell=1 tested_energy=1
[TEMPLATE DEBUG] camada candidata y: min=36.000000 max=36.000000 n=1
step=00137 species=  C N=00358 vac=0000 axis=y surf=xz Eads=-7.1609 eV P=1.000e+00 E=-3126.7861 eV hmax=14.264 A hmean=14.210 A rough=0.872 A occ1=1.000 tested=1
[TEMPLATE DEBUG] total=746 species_filter=0 restriction=0 direction=221 global_front=0 occupied=136 connection=378 min_dist=2 pre_shell=9 post_shell=9 tested_energy=9
[TEMPLATE DEBUG] camada candidata y: min=36.710000 max=36.710000 n=9
step=00138 species=  C N=00359 vac=0000 axis=y surf=xz Eads=-11.2415 eV P=3.658e-01 E=-3139.1516 eV hmax=14.736 A hmean=14.280 A rough=0.907 A occ1=1.000 tested=9
[TEMPLATE DEBUG] total=746 species_filter=0 restriction=0 direction=221 global_front=0 occupied=137 connection=377 min_dist=2 pre_shell=9 post_shell=8 tested_energy=8
[TEMPLATE DEBUG] camada candidata y: min=36.710000 max=36.710000 n=8
step=00139 species=  C N=00360 vac=0000 axis=y surf=xz Eads=-11.1304 eV P=9.992e-01 E=-3151.1917 eV hmax=14.736 A hmean=14.339 A rough=0.929 A occ1=1.000 tested=8
[TEMPLATE DEBUG] total=746 species_filter=0 restriction=0 direction=221 global_front=0 occupied=137 connection=376 min_dist=3 pre_shell=9 post_shell=7 tested_energy=7
[TEMPLATE DEBUG] camada candidata y: min=36.710000 max=36.710000 n=7
step=00140 species=  C N=00361 vac=0000 axis=y surf=xz Eads=-10.8167 eV P=9.334e-01 E=-3162.5330 eV hmax=14.775 A hmean=14.412 A rough=0.955 A occ1=1.000 tested=7
[TEMPLATE DEBUG] total=746 species_filter=0 restriction=0 direction=221 global_front=0 occupied=138 connection=375 min_dist=3 pre_shell=9 post_shell=6 tested_energy=6
[TEMPLATE DEBUG] camada candidata y: min=36.710000 max=36.710000 n=6
step=00141 species=  C N=00362 vac=0000 axis=y surf=xz Eads=-10.0637 eV P=1.000e+00 E=-3173.3037 eV hmax=14.950 A hmean=14.437 A rough=0.985 A occ1=1.000 tested=6
[TEMPLATE DEBUG] total=746 species_filter=0 restriction=0 direction=221 global_front=0 occupied=139 connection=374 min_dist=3 pre_shell=9 post_shell=5 tested_energy=5
[TEMPLATE DEBUG] camada candidata y: min=36.710000 max=36.710000 n=5
step=00142 species=  C N=00363 vac=0000 axis=y surf=xz Eads=-9.4167 eV P=1.000e+00 E=-3183.4185 eV hmax=14.950 A hmean=14.525 A rough=1.009 A occ1=1.000 tested=5
[TEMPLATE DEBUG] total=746 species_filter=0 restriction=0 direction=221 global_front=0 occupied=140 connection=373 min_dist=3 pre_shell=9 post_shell=4 tested_energy=4
[TEMPLATE DEBUG] camada candidata y: min=36.710000 max=36.710000 n=4
step=00143 species=  C N=00364 vac=0000 axis=y surf=xz Eads=-8.8972 eV P=1.000e+00 E=-3192.9971 eV hmax=14.950 A hmean=14.610 A rough=1.027 A occ1=1.000 tested=4
[TEMPLATE DEBUG] total=746 species_filter=0 restriction=0 direction=221 global_front=0 occupied=141 connection=372 min_dist=3 pre_shell=9 post_shell=3 tested_energy=3
[TEMPLATE DEBUG] camada candidata y: min=36.710000 max=36.710000 n=3
step=00144 species=  C N=00365 vac=0000 axis=y surf=xz Eads=-7.7478 eV P=1.000e+00 E=-3202.9463 eV hmax=14.993 A hmean=14.701 A rough=1.047 A occ1=1.000 tested=3
[TEMPLATE DEBUG] total=746 species_filter=0 restriction=0 direction=221 global_front=0 occupied=142 connection=371 min_dist=3 pre_shell=9 post_shell=2 tested_energy=2
[TEMPLATE DEBUG] camada candidata y: min=36.710000 max=36.710000 n=2
step=00145 species=  C N=00366 vac=0000 axis=y surf=xz Eads=-6.6721 eV P=1.000e+00 E=-3212.4209 eV hmax=14.993 A hmean=14.802 A rough=1.066 A occ1=1.000 tested=2
[TEMPLATE DEBUG] total=746 species_filter=0 restriction=0 direction=221 global_front=0 occupied=145 connection=370 min_dist=1 pre_shell=9 post_shell=1 tested_energy=1
[TEMPLATE DEBUG] camada candidata y: min=36.710000 max=36.710000 n=1
step=00146 species=  C N=00367 vac=0000 axis=y surf=xz Eads=-6.5645 eV P=1.000e+00 E=-3221.5281 eV hmax=14.986 A hmean=14.880 A rough=1.077 A occ1=1.000 tested=1
[TEMPLATE DEBUG] total=746 species_filter=0 restriction=0 direction=221 global_front=0 occupied=146 connection=369 min_dist=0 pre_shell=10 post_shell=1 tested_energy=1
[TEMPLATE DEBUG] camada candidata y: min=36.710000 max=36.710000 n=1
step=00147 species=  C N=00368 vac=0000 axis=y surf=xz Eads=-4.9333 eV P=1.000e+00 E=-3231.6008 eV hmax=15.034 A hmean=14.898 A rough=1.092 A occ1=1.000 tested=1
[TEMPLATE DEBUG] total=746 species_filter=0 restriction=0 direction=221 global_front=0 occupied=147 connection=368 min_dist=0 pre_shell=10 post_shell=10 tested_energy=10
[TEMPLATE DEBUG] camada candidata y: min=38.130000 max=38.130000 n=10
step=00148 species=  C N=00369 vac=0000 axis=y surf=xz Eads=-7.4001 eV P=6.322e-01 E=-3239.2129 eV hmax=16.362 A hmean=15.072 A rough=0.498 A occ1=1.000 tested=10
[TEMPLATE DEBUG] total=746 species_filter=0 restriction=0 direction=221 global_front=0 occupied=148 connection=366 min_dist=0 pre_shell=11 post_shell=9 tested_energy=9
[TEMPLATE DEBUG] camada candidata y: min=38.130000 max=38.130000 n=9
step=00149 species=  C N=00370 vac=0000 axis=y surf=xz Eads=-7.3101 eV P=2.154e-01 E=-3246.9023 eV hmax=16.373 A hmean=15.243 A rough=0.604 A occ1=1.000 tested=9
[TEMPLATE DEBUG] total=746 species_filter=0 restriction=0 direction=221 global_front=0 occupied=149 connection=364 min_dist=0 pre_shell=12 post_shell=8 tested_energy=8
[TEMPLATE DEBUG] camada candidata y: min=38.130000 max=38.130000 n=8
step=00150 species=  C N=00371 vac=0000 axis=y surf=xz Eads=-7.3611 eV P=8.151e-01 E=-3254.4302 eV hmax=16.373 A hmean=15.421 A rough=0.678 A occ1=1.000 tested=8
[TEMPLATE DEBUG] total=746 species_filter=0 restriction=0 direction=221 global_front=0 occupied=150 connection=362 min_dist=0 pre_shell=13 post_shell=7 tested_energy=7
[TEMPLATE DEBUG] camada candidata y: min=38.130000 max=38.130000 n=7
step=00151 species=  C N=00372 vac=0000 axis=y surf=xz Eads=-7.3069 eV P=5.218e-01 E=-3261.9915 eV hmax=16.375 A hmean=15.424 A rough=0.733 A occ1=1.000 tested=7
[TEMPLATE DEBUG] total=746 species_filter=0 restriction=0 direction=221 global_front=0 occupied=151 connection=362 min_dist=0 pre_shell=12 post_shell=6 tested_energy=6
[TEMPLATE DEBUG] camada candidata y: min=38.130000 max=38.130000 n=6
step=00152 species=  C N=00373 vac=0000 axis=y surf=xz Eads=-7.2639 eV P=7.007e-01 E=-3269.8022 eV hmax=16.386 A hmean=15.427 A rough=0.775 A occ1=1.000 tested=6
[TEMPLATE DEBUG] total=746 species_filter=0 restriction=0 direction=221 global_front=0 occupied=152 connection=361 min_dist=0 pre_shell=12 post_shell=5 tested_energy=5
[TEMPLATE DEBUG] camada candidata y: min=38.130000 max=38.130000 n=5
step=00153 species=  C N=00374 vac=0000 axis=y surf=xz Eads=-7.1147 eV P=1.479e-01 E=-3277.3311 eV hmax=16.386 A hmean=15.608 A rough=0.808 A occ1=1.000 tested=5
[TEMPLATE DEBUG] total=746 species_filter=0 restriction=0 direction=221 global_front=0 occupied=153 connection=360 min_dist=0 pre_shell=12 post_shell=4 tested_energy=4
[TEMPLATE DEBUG] camada candidata y: min=38.130000 max=38.130000 n=4
step=00154 species=  C N=00375 vac=0000 axis=y surf=xz Eads=-7.1780 eV P=8.047e-01 E=-3284.7400 eV hmax=16.386 A hmean=15.790 A rough=0.834 A occ1=1.000 tested=4
[TEMPLATE DEBUG] total=746 species_filter=0 restriction=0 direction=221 global_front=0 occupied=154 connection=359 min_dist=0 pre_shell=12 post_shell=3 tested_energy=3
[TEMPLATE DEBUG] camada candidata y: min=38.130000 max=38.130000 n=3
step=00155 species=  C N=00376 vac=0000 axis=y surf=xz Eads=-7.1172 eV P=9.993e-01 E=-3294.0283 eV hmax=16.392 A hmean=15.973 A rough=0.851 A occ1=1.000 tested=3
[TEMPLATE DEBUG] total=746 species_filter=0 restriction=0 direction=221 global_front=0 occupied=154 connection=359 min_dist=2 pre_shell=10 post_shell=2 tested_energy=2
[TEMPLATE DEBUG] camada candidata y: min=38.130000 max=38.130000 n=2
step=00156 species=  C N=00377 vac=0000 axis=y surf=xz Eads=-6.7769 eV P=5.522e-01 E=-3301.2627 eV hmax=16.392 A hmean=16.161 A rough=0.870 A occ1=1.000 tested=2
[TEMPLATE DEBUG] total=746 species_filter=0 restriction=0 direction=221 global_front=0 occupied=155 connection=358 min_dist=2 pre_shell=10 post_shell=1 tested_energy=1
[TEMPLATE DEBUG] camada candidata y: min=38.130000 max=38.130000 n=1
step=00157 species=  C N=00378 vac=0000 axis=y surf=xz Eads=-6.7681 eV P=1.000e+00 E=-3308.4495 eV hmax=16.392 A hmean=16.349 A rough=0.884 A occ1=1.000 tested=1
[TEMPLATE DEBUG] total=746 species_filter=0 restriction=0 direction=221 global_front=0 occupied=156 connection=357 min_dist=2 pre_shell=10 post_shell=10 tested_energy=10
[TEMPLATE DEBUG] camada candidata y: min=38.840000 max=38.840000 n=10
step=00158 species=  C N=00379 vac=0000 axis=y surf=xz Eads=-11.2708 eV P=8.356e-01 E=-3321.3850 eV hmax=16.810 A hmean=16.404 A rough=0.920 A occ1=1.000 tested=10
[TEMPLATE DEBUG] total=746 species_filter=0 restriction=0 direction=221 global_front=0 occupied=156 connection=356 min_dist=4 pre_shell=9 post_shell=8 tested_energy=8
[TEMPLATE DEBUG] camada candidata y: min=38.840000 max=38.840000 n=8
step=00159 species=  C N=00380 vac=0000 axis=y surf=xz Eads=-11.1672 eV P=1.772e-01 E=-3333.5432 eV hmax=16.896 A hmean=16.475 A rough=0.950 A occ1=1.000 tested=8
[TEMPLATE DEBUG] total=746 species_filter=0 restriction=0 direction=221 global_front=0 occupied=157 connection=355 min_dist=4 pre_shell=9 post_shell=7 tested_energy=7
[TEMPLATE DEBUG] camada candidata y: min=38.840000 max=38.840000 n=7
step=00160 species=  C N=00381 vac=0000 axis=y surf=xz Eads=-11.2329 eV P=1.000e+00 E=-3345.0161 eV hmax=16.933 A hmean=16.553 A rough=0.978 A occ1=1.000 tested=7
[TEMPLATE DEBUG] total=746 species_filter=0 restriction=0 direction=221 global_front=0 occupied=158 connection=354 min_dist=4 pre_shell=9 post_shell=6 tested_energy=6
[TEMPLATE DEBUG] camada candidata y: min=38.840000 max=38.840000 n=6
step=00161 species=  C N=00382 vac=0000 axis=y surf=xz Eads=-9.7812 eV P=1.000e+00 E=-3355.5627 eV hmax=17.021 A hmean=16.645 A rough=1.010 A occ1=1.000 tested=6
[TEMPLATE DEBUG] total=746 species_filter=0 restriction=0 direction=221 global_front=0 occupied=159 connection=353 min_dist=4 pre_shell=9 post_shell=5 tested_energy=5
[TEMPLATE DEBUG] camada candidata y: min=38.840000 max=38.840000 n=5
step=00162 species=  C N=00383 vac=0000 axis=y surf=xz Eads=-8.6848 eV P=1.000e+00 E=-3366.2410 eV hmax=17.042 A hmean=16.730 A rough=1.033 A occ1=1.000 tested=5
[TEMPLATE DEBUG] total=746 species_filter=0 restriction=0 direction=221 global_front=0 occupied=161 connection=352 min_dist=2 pre_shell=10 post_shell=5 tested_energy=5
[TEMPLATE DEBUG] camada candidata y: min=38.840000 max=38.840000 n=5
step=00163 species=  C N=00384 vac=0000 axis=y surf=xz Eads=-7.9607 eV P=1.000e+00 E=-3376.3560 eV hmax=17.042 A hmean=16.819 A rough=1.058 A occ1=1.000 tested=5
[TEMPLATE DEBUG] total=746 species_filter=0 restriction=0 direction=221 global_front=0 occupied=162 connection=351 min_dist=2 pre_shell=10 post_shell=4 tested_energy=4
[TEMPLATE DEBUG] camada candidata y: min=38.840000 max=38.840000 n=4
step=00164 species=  C N=00385 vac=0000 axis=y surf=xz Eads=-6.4187 eV P=1.000e+00 E=-3384.8965 eV hmax=17.021 A hmean=16.892 A rough=1.074 A occ1=1.000 tested=4
[TEMPLATE DEBUG] total=746 species_filter=0 restriction=0 direction=221 global_front=0 occupied=164 connection=350 min_dist=0 pre_shell=11 post_shell=4 tested_energy=4
[TEMPLATE DEBUG] camada candidata y: min=38.840000 max=38.840000 n=4
step=00165 species=  C N=00386 vac=0000 axis=y surf=xz Eads=-5.8677 eV P=7.596e-01 E=-3391.3184 eV hmax=17.037 A hmean=16.901 A rough=1.089 A occ1=1.000 tested=4
[TEMPLATE DEBUG] total=746 species_filter=0 restriction=0 direction=221 global_front=0 occupied=165 connection=349 min_dist=0 pre_shell=11 post_shell=3 tested_energy=3
[TEMPLATE DEBUG] camada candidata y: min=38.840000 max=38.840000 n=3
step=00166 species=  C N=00387 vac=0000 axis=y surf=xz Eads=-5.8186 eV P=1.000e+00 E=-3397.6470 eV hmax=17.037 A hmean=16.911 A rough=1.102 A occ1=1.000 tested=3
[TEMPLATE DEBUG] total=746 species_filter=0 restriction=0 direction=221 global_front=0 occupied=166 connection=348 min_dist=0 pre_shell=11 post_shell=2 tested_energy=2
[TEMPLATE DEBUG] camada candidata y: min=38.840000 max=38.840000 n=2
step=00167 species=  C N=00388 vac=0000 axis=y surf=xz Eads=-5.1470 eV P=1.000e+00 E=-3407.9897 eV hmax=17.162 A hmean=17.005 A rough=1.095 A occ1=1.000 tested=2
[TEMPLATE DEBUG] total=746 species_filter=0 restriction=0 direction=221 global_front=0 occupied=167 connection=347 min_dist=0 pre_shell=11 post_shell=1 tested_energy=1
[TEMPLATE DEBUG] camada candidata y: min=38.840000 max=38.840000 n=1
step=00168 species=  C N=00389 vac=0000 axis=y surf=xz Eads=-3.9629 eV P=1.000e+00 E=-3417.0564 eV hmax=17.175 A hmean=17.035 A rough=1.111 A occ1=1.000 tested=1
[TEMPLATE DEBUG] total=746 species_filter=0 restriction=0 direction=221 global_front=0 occupied=168 connection=346 min_dist=0 pre_shell=11 post_shell=11 tested_energy=11
[TEMPLATE DEBUG] camada candidata y: min=40.260000 max=40.260000 n=11
step=00169 species=  C N=00390 vac=0000 axis=y surf=xz Eads=-7.7100 eV P=6.597e-01 E=-3425.3005 eV hmax=18.418 A hmean=17.208 A rough=0.479 A occ1=1.000 tested=11
[TEMPLATE DEBUG] total=746 species_filter=0 restriction=0 direction=221 global_front=0 occupied=169 connection=345 min_dist=0 pre_shell=11 post_shell=10 tested_energy=10
[TEMPLATE DEBUG] camada candidata y: min=40.260000 max=40.260000 n=10
step=00170 species=  C N=00391 vac=0000 axis=y surf=xz Eads=-7.6812 eV P=9.988e-01 E=-3433.5430 eV hmax=18.418 A hmean=17.381 A rough=0.575 A occ1=1.000 tested=10
[TEMPLATE DEBUG] total=746 species_filter=0 restriction=0 direction=221 global_front=0 occupied=170 connection=344 min_dist=0 pre_shell=11 post_shell=9 tested_energy=9
[TEMPLATE DEBUG] camada candidata y: min=40.260000 max=40.260000 n=9
step=00171 species=  C N=00392 vac=0000 axis=y surf=xz Eads=-7.3643 eV P=4.838e-01 E=-3441.1501 eV hmax=18.440 A hmean=17.385 A rough=0.648 A occ1=1.000 tested=9
[TEMPLATE DEBUG] total=746 species_filter=0 restriction=0 direction=221 global_front=0 occupied=171 connection=343 min_dist=0 pre_shell=11 post_shell=8 tested_energy=8
[TEMPLATE DEBUG] camada candidata y: min=40.260000 max=40.260000 n=8
step=00172 species=  C N=00393 vac=0000 axis=y surf=xz Eads=-7.3535 eV P=6.354e-01 E=-3448.8757 eV hmax=18.502 A hmean=17.560 A rough=0.705 A occ1=1.000 tested=8
[TEMPLATE DEBUG] total=746 species_filter=0 restriction=0 direction=221 global_front=0 occupied=172 connection=341 min_dist=0 pre_shell=12 post_shell=7 tested_energy=7
[TEMPLATE DEBUG] camada candidata y: min=40.260000 max=40.260000 n=7
step=00173 species=  C N=00394 vac=0000 axis=y surf=xz Eads=-7.2939 eV P=3.809e-01 E=-3456.5049 eV hmax=18.502 A hmean=17.561 A rough=0.747 A occ1=1.000 tested=7
[TEMPLATE DEBUG] total=746 species_filter=0 restriction=0 direction=221 global_front=0 occupied=173 connection=340 min_dist=0 pre_shell=12 post_shell=6 tested_energy=6
[TEMPLATE DEBUG] camada candidata y: min=40.260000 max=40.260000 n=6
step=00174 species=  C N=00395 vac=0000 axis=y surf=xz Eads=-7.2283 eV P=1.180e-01 E=-3464.3611 eV hmax=18.512 A hmean=17.737 A rough=0.782 A occ1=1.000 tested=6
[TEMPLATE DEBUG] total=746 species_filter=0 restriction=0 direction=221 global_front=0 occupied=174 connection=338 min_dist=0 pre_shell=13 post_shell=5 tested_energy=5
[TEMPLATE DEBUG] camada candidata y: min=40.260000 max=40.260000 n=5
step=00175 species=  C N=00396 vac=0000 axis=y surf=xz Eads=-7.3076 eV P=6.369e-01 E=-3471.8931 eV hmax=18.512 A hmean=17.919 A rough=0.810 A occ1=1.000 tested=5
[TEMPLATE DEBUG] total=746 species_filter=0 restriction=0 direction=221 global_front=0 occupied=175 connection=337 min_dist=0 pre_shell=13 post_shell=4 tested_energy=4
[TEMPLATE DEBUG] camada candidata y: min=40.260000 max=40.260000 n=4
step=00176 species=  C N=00397 vac=0000 axis=y surf=xz Eads=-7.2612 eV P=5.073e-01 E=-3479.4204 eV hmax=18.512 A hmean=18.103 A rough=0.831 A occ1=1.000 tested=4
[TEMPLATE DEBUG] total=746 species_filter=0 restriction=0 direction=221 global_front=0 occupied=176 connection=337 min_dist=0 pre_shell=12 post_shell=3 tested_energy=3
[TEMPLATE DEBUG] camada candidata y: min=40.260000 max=40.260000 n=3
step=00177 species=  C N=00398 vac=0000 axis=y surf=xz Eads=-7.2183 eV P=3.884e-01 E=-3486.9258 eV hmax=18.523 A hmean=18.287 A rough=0.847 A occ1=1.000 tested=3
[TEMPLATE DEBUG] total=746 species_filter=0 restriction=0 direction=221 global_front=0 occupied=177 connection=337 min_dist=0 pre_shell=11 post_shell=2 tested_energy=2
[TEMPLATE DEBUG] camada candidata y: min=40.260000 max=40.260000 n=2
step=00178 species=  C N=00399 vac=0000 axis=y surf=xz Eads=-7.2048 eV P=9.742e-01 E=-3494.4878 eV hmax=18.528 A hmean=18.291 A rough=0.863 A occ1=1.000 tested=2
[TEMPLATE DEBUG] total=746 species_filter=0 restriction=0 direction=221 global_front=0 occupied=178 connection=336 min_dist=0 pre_shell=11 post_shell=1 tested_energy=1
[TEMPLATE DEBUG] camada candidata y: min=40.260000 max=40.260000 n=1
step=00179 species=  C N=00400 vac=0000 axis=y surf=xz Eads=-7.1812 eV P=1.000e+00 E=-3501.9016 eV hmax=18.528 A hmean=18.473 A rough=0.874 A occ1=1.000 tested=1
[TEMPLATE DEBUG] total=746 species_filter=0 restriction=0 direction=221 global_front=0 occupied=179 connection=336 min_dist=0 pre_shell=10 post_shell=10 tested_energy=10
[TEMPLATE DEBUG] camada candidata y: min=40.970000 max=40.970000 n=10
step=00180 species=  C N=00401 vac=0000 axis=y surf=xz Eads=-11.1958 eV P=3.163e-01 E=-3513.8044 eV hmax=19.002 A hmean=18.538 A rough=0.907 A occ1=1.000 tested=10
[TEMPLATE DEBUG] total=746 species_filter=0 restriction=0 direction=221 global_front=0 occupied=180 connection=335 min_dist=0 pre_shell=10 post_shell=9 tested_energy=9
[TEMPLATE DEBUG] camada candidata y: min=40.970000 max=40.970000 n=9
step=00181 species=  C N=00402 vac=0000 axis=y surf=xz Eads=-11.1055 eV P=4.353e-01 E=-3525.5286 eV hmax=19.009 A hmean=18.607 A rough=0.935 A occ1=1.000 tested=9
[TEMPLATE DEBUG] total=746 species_filter=0 restriction=0 direction=221 global_front=0 occupied=181 connection=334 min_dist=0 pre_shell=10 post_shell=8 tested_energy=8
[TEMPLATE DEBUG] camada candidata y: min=40.970000 max=40.970000 n=8
step=00182 species=  C N=00403 vac=0000 axis=y surf=xz Eads=-11.1160 eV P=9.419e-01 E=-3538.3518 eV hmax=19.147 A hmean=18.631 A rough=0.966 A occ1=1.000 tested=8
[TEMPLATE DEBUG] total=746 species_filter=0 restriction=0 direction=221 global_front=0 occupied=181 connection=333 min_dist=2 pre_shell=9 post_shell=6 tested_energy=6
[TEMPLATE DEBUG] camada candidata y: min=40.970000 max=40.970000 n=6
step=00183 species=  C N=00404 vac=0000 axis=y surf=xz Eads=-10.3923 eV P=1.000e+00 E=-3549.2205 eV hmax=19.156 A hmean=18.719 A rough=0.992 A occ1=1.000 tested=6
[TEMPLATE DEBUG] total=746 species_filter=0 restriction=0 direction=221 global_front=0 occupied=182 connection=332 min_dist=2 pre_shell=9 post_shell=5 tested_energy=5
[TEMPLATE DEBUG] camada candidata y: min=40.970000 max=40.970000 n=5
step=00184 species=  C N=00405 vac=0000 axis=y surf=xz Eads=-9.6960 eV P=1.000e+00 E=-3559.4841 eV hmax=19.147 A hmean=18.796 A rough=1.011 A occ1=1.000 tested=5
[TEMPLATE DEBUG] total=746 species_filter=0 restriction=0 direction=221 global_front=0 occupied=183 connection=331 min_dist=2 pre_shell=9 post_shell=4 tested_energy=4
[TEMPLATE DEBUG] camada candidata y: min=40.970000 max=40.970000 n=4
step=00185 species=  C N=00406 vac=0000 axis=y surf=xz Eads=-9.2546 eV P=9.952e-01 E=-3569.5708 eV hmax=19.147 A hmean=18.864 A rough=1.023 A occ1=1.000 tested=4
[TEMPLATE DEBUG] total=746 species_filter=0 restriction=0 direction=221 global_front=0 occupied=184 connection=330 min_dist=2 pre_shell=9 post_shell=3 tested_energy=3
[TEMPLATE DEBUG] camada candidata y: min=40.970000 max=40.970000 n=3
step=00186 species=  C N=00407 vac=0000 axis=y surf=xz Eads=-9.0247 eV P=1.000e+00 E=-3579.8860 eV hmax=19.167 A hmean=18.885 A rough=1.042 A occ1=1.000 tested=3
[TEMPLATE DEBUG] total=746 species_filter=0 restriction=0 direction=221 global_front=0 occupied=185 connection=329 min_dist=2 pre_shell=9 post_shell=2 tested_energy=2
[TEMPLATE DEBUG] camada candidata y: min=40.970000 max=40.970000 n=2
step=00187 species=  C N=00408 vac=0000 axis=y surf=xz Eads=-8.1047 eV P=1.000e+00 E=-3589.6013 eV hmax=19.243 A hmean=18.985 A rough=1.063 A occ1=1.000 tested=2
[TEMPLATE DEBUG] total=746 species_filter=0 restriction=0 direction=221 global_front=0 occupied=186 connection=328 min_dist=2 pre_shell=9 post_shell=1 tested_energy=1
[TEMPLATE DEBUG] camada candidata y: min=40.970000 max=40.970000 n=1
step=00188 species=  C N=00409 vac=0000 axis=y surf=xz Eads=-6.5237 eV P=1.000e+00 E=-3598.6306 eV hmax=19.243 A hmean=19.077 A rough=1.076 A occ1=1.000 tested=1
[TEMPLATE DEBUG] total=746 species_filter=0 restriction=0 direction=221 global_front=0 occupied=188 connection=327 min_dist=0 pre_shell=10 post_shell=1 tested_energy=1
[TEMPLATE DEBUG] camada candidata y: min=40.970000 max=40.970000 n=1
step=00189 species=  C N=00410 vac=0000 axis=y surf=xz Eads=-6.8628 eV P=1.000e+00 E=-3608.6477 eV hmax=19.275 A hmean=19.171 A rough=1.092 A occ1=1.000 tested=1
[TEMPLATE DEBUG] total=746 species_filter=0 restriction=0 direction=221 global_front=0 occupied=189 connection=326 min_dist=0 pre_shell=10 post_shell=10 tested_energy=10
[TEMPLATE DEBUG] camada candidata y: min=42.390000 max=42.390000 n=10
step=00190 species=  C N=00411 vac=0000 axis=y surf=xz Eads=-7.4182 eV P=7.693e-01 E=-3616.3027 eV hmax=20.604 A hmean=19.345 A rough=0.491 A occ1=1.000 tested=10
[TEMPLATE DEBUG] total=746 species_filter=0 restriction=0 direction=221 global_front=0 occupied=190 connection=324 min_dist=0 pre_shell=11 post_shell=9 tested_energy=9
[TEMPLATE DEBUG] camada candidata y: min=42.390000 max=42.390000 n=9
step=00191 species=  C N=00412 vac=0000 axis=y surf=xz Eads=-7.3372 eV P=4.221e-01 E=-3625.7605 eV hmax=20.641 A hmean=19.521 A rough=0.601 A occ1=1.000 tested=9
[TEMPLATE DEBUG] total=746 species_filter=0 restriction=0 direction=221 global_front=0 occupied=191 connection=323 min_dist=0 pre_shell=11 post_shell=8 tested_energy=8
[TEMPLATE DEBUG] camada candidata y: min=42.390000 max=42.390000 n=8
step=00192 species=  C N=00413 vac=0000 axis=y surf=xz Eads=-7.3320 eV P=7.312e-01 E=-3633.3086 eV hmax=20.641 A hmean=19.700 A rough=0.673 A occ1=1.000 tested=8
[TEMPLATE DEBUG] total=746 species_filter=0 restriction=0 direction=221 global_front=0 occupied=192 connection=321 min_dist=0 pre_shell=12 post_shell=7 tested_energy=7
[TEMPLATE DEBUG] camada candidata y: min=42.390000 max=42.390000 n=7
step=00193 species=  C N=00414 vac=0000 axis=y surf=xz Eads=-7.2549 eV P=2.573e-01 E=-3640.8840 eV hmax=20.641 A hmean=19.878 A rough=0.730 A occ1=1.000 tested=7
[TEMPLATE DEBUG] total=746 species_filter=0 restriction=0 direction=221 global_front=0 occupied=193 connection=319 min_dist=0 pre_shell=13 post_shell=6 tested_energy=6
[TEMPLATE DEBUG] camada candidata y: min=42.390000 max=42.390000 n=6
step=00194 species=  C N=00415 vac=0000 axis=y surf=xz Eads=-7.2747 eV P=5.405e-01 E=-3648.5493 eV hmax=20.641 A hmean=20.058 A rough=0.773 A occ1=1.000 tested=6
[TEMPLATE DEBUG] total=746 species_filter=0 restriction=0 direction=221 global_front=0 occupied=194 connection=318 min_dist=0 pre_shell=13 post_shell=5 tested_energy=5
[TEMPLATE DEBUG] camada candidata y: min=42.390000 max=42.390000 n=5
step=00195 species=  C N=00416 vac=0000 axis=y surf=xz Eads=-7.1555 eV P=2.999e-01 E=-3656.8452 eV hmax=20.645 A hmean=20.234 A rough=0.802 A occ1=1.000 tested=5
[TEMPLATE DEBUG] total=746 species_filter=0 restriction=0 direction=221 global_front=0 occupied=194 connection=317 min_dist=2 pre_shell=12 post_shell=4 tested_energy=4
[TEMPLATE DEBUG] camada candidata y: min=42.390000 max=42.390000 n=4
step=00196 species=  C N=00417 vac=0000 axis=y surf=xz Eads=-7.2332 eV P=8.766e-01 E=-3666.4209 eV hmax=20.656 A hmean=20.239 A rough=0.827 A occ1=1.000 tested=4
[TEMPLATE DEBUG] total=746 species_filter=0 restriction=0 direction=221 global_front=0 occupied=195 connection=317 min_dist=2 pre_shell=11 post_shell=3 tested_energy=3
[TEMPLATE DEBUG] camada candidata y: min=42.390000 max=42.390000 n=3
step=00197 species=  C N=00418 vac=0000 axis=y surf=xz Eads=-7.1470 eV P=1.000e+00 E=-3674.0544 eV hmax=20.656 A hmean=20.236 A rough=0.845 A occ1=1.000 tested=3
[TEMPLATE DEBUG] total=746 species_filter=0 restriction=0 direction=221 global_front=0 occupied=196 connection=317 min_dist=2 pre_shell=10 post_shell=2 tested_energy=2
[TEMPLATE DEBUG] camada candidata y: min=42.390000 max=42.390000 n=2
step=00198 species=  C N=00419 vac=0000 axis=y surf=xz Eads=-6.6160 eV P=8.403e-01 E=-3682.5864 eV hmax=20.656 A hmean=20.429 A rough=0.862 A occ1=1.000 tested=2
[TEMPLATE DEBUG] total=746 species_filter=0 restriction=0 direction=221 global_front=0 occupied=196 connection=316 min_dist=4 pre_shell=9 post_shell=1 tested_energy=1
[TEMPLATE DEBUG] camada candidata y: min=42.390000 max=42.390000 n=1
step=00199 species=  C N=00420 vac=0000 axis=y surf=xz Eads=-6.5447 eV P=1.000e+00 E=-3689.7705 eV hmax=20.656 A hmean=20.616 A rough=0.877 A occ1=1.000 tested=1
[TEMPLATE DEBUG] total=746 species_filter=0 restriction=0 direction=221 global_front=0 occupied=197 connection=315 min_dist=4 pre_shell=9 post_shell=9 tested_energy=9
[TEMPLATE DEBUG] camada candidata y: min=43.100000 max=43.100000 n=9
step=00200 species=  C N=00421 vac=0000 axis=y surf=xz Eads=-10.9238 eV P=6.574e-01 E=-3703.3186 eV hmax=21.060 A hmean=20.671 A rough=0.910 A occ1=1.000 tested=9
[TEMPLATE DEBUG] total=746 species_filter=0 restriction=0 direction=221 global_front=0 occupied=197 connection=314 min_dist=6 pre_shell=8 post_shell=7 tested_energy=7
[TEMPLATE DEBUG] camada candidata y: min=43.100000 max=43.100000 n=7
step=00201 species=  C N=00422 vac=0000 axis=y surf=xz Eads=-9.5349 eV P=1.000e+00 E=-3713.5674 eV hmax=21.331 A hmean=20.755 A rough=0.952 A occ1=1.000 tested=7
[TEMPLATE DEBUG] total=746 species_filter=0 restriction=0 direction=221 global_front=0 occupied=198 connection=313 min_dist=6 pre_shell=8 post_shell=6 tested_energy=6
[TEMPLATE DEBUG] camada candidata y: min=43.100000 max=43.100000 n=6
step=00202 species=  C N=00423 vac=0000 axis=y surf=xz Eads=-8.8718 eV P=1.000e+00 E=-3724.3840 eV hmax=21.331 A hmean=20.836 A rough=0.985 A occ1=1.000 tested=6
[TEMPLATE DEBUG] total=746 species_filter=0 restriction=0 direction=221 global_front=0 occupied=199 connection=312 min_dist=6 pre_shell=8 post_shell=5 tested_energy=5
[TEMPLATE DEBUG] camada candidata y: min=43.100000 max=43.100000 n=5
step=00203 species=  C N=00424 vac=0000 axis=y surf=xz Eads=-6.7246 eV P=9.775e-01 E=-3733.8831 eV hmax=21.372 A hmean=20.922 A rough=1.015 A occ1=1.000 tested=5
[TEMPLATE DEBUG] total=746 species_filter=0 restriction=0 direction=221 global_front=0 occupied=201 connection=311 min_dist=4 pre_shell=9 post_shell=5 tested_energy=5
[TEMPLATE DEBUG] camada candidata y: min=43.100000 max=43.100000 n=5
step=00204 species=  C N=00425 vac=0000 axis=y surf=xz Eads=-5.9307 eV P=7.404e-01 E=-3742.2366 eV hmax=21.340 A hmean=21.006 A rough=1.041 A occ1=1.000 tested=5
[TEMPLATE DEBUG] total=746 species_filter=0 restriction=0 direction=221 global_front=0 occupied=203 connection=311 min_dist=3 pre_shell=8 post_shell=3 tested_energy=3
[TEMPLATE DEBUG] camada candidata y: min=43.100000 max=43.100000 n=3
step=00205 species=  C N=00426 vac=0000 axis=y surf=xz Eads=-5.5491 eV P=1.000e+00 E=-3748.6377 eV hmax=21.340 A hmean=21.098 A rough=1.063 A occ1=1.000 tested=3
[TEMPLATE DEBUG] total=746 species_filter=0 restriction=0 direction=221 global_front=0 occupied=204 connection=310 min_dist=3 pre_shell=8 post_shell=2 tested_energy=2
[TEMPLATE DEBUG] camada candidata y: min=43.100000 max=43.100000 n=2
step=00206 species=  C N=00427 vac=0000 axis=y surf=xz Eads=-4.9163 eV P=1.000e+00 E=-3755.4292 eV hmax=21.340 A hmean=21.164 A rough=1.077 A occ1=1.000 tested=2
[TEMPLATE DEBUG] total=746 species_filter=0 restriction=0 direction=221 global_front=0 occupied=205 connection=309 min_dist=3 pre_shell=8 post_shell=1 tested_energy=1
[TEMPLATE DEBUG] camada candidata y: min=43.100000 max=43.100000 n=1
step=00207 species=  C N=00428 vac=0000 axis=y surf=xz Eads=-0.5156 eV P=1.000e+00 E=-3763.8616 eV hmax=21.451 A hmean=21.202 A rough=1.082 A occ1=1.000 tested=1
[TEMPLATE DEBUG] total=746 species_filter=0 restriction=0 direction=221 global_front=0 occupied=206 connection=308 min_dist=3 pre_shell=8 post_shell=8 tested_energy=8
[TEMPLATE DEBUG] camada candidata y: min=44.520000 max=44.520000 n=8
step=00208 species=  C N=00429 vac=0000 axis=y surf=xz Eads=-7.4861 eV P=3.303e-01 E=-3772.1643 eV hmax=22.664 A hmean=21.377 A rough=0.507 A occ1=1.000 tested=8
[TEMPLATE DEBUG] total=746 species_filter=0 restriction=0 direction=221 global_front=0 occupied=207 connection=307 min_dist=3 pre_shell=8 post_shell=7 tested_energy=7
[TEMPLATE DEBUG] camada candidata y: min=44.520000 max=44.520000 n=7
step=00209 species=  C N=00430 vac=0000 axis=y surf=xz Eads=-7.4856 eV P=4.903e-01 E=-3780.6169 eV hmax=22.705 A hmean=21.379 A rough=0.618 A occ1=1.000 tested=7
[TEMPLATE DEBUG] total=746 species_filter=0 restriction=0 direction=221 global_front=0 occupied=208 connection=305 min_dist=3 pre_shell=9 post_shell=6 tested_energy=6
[TEMPLATE DEBUG] camada candidata y: min=44.520000 max=44.520000 n=6
step=00210 species=  C N=00431 vac=0000 axis=y surf=xz Eads=-7.3567 eV P=1.022e-01 E=-3788.4834 eV hmax=22.721 A hmean=21.383 A rough=0.696 A occ1=1.000 tested=6
[TEMPLATE DEBUG] total=746 species_filter=0 restriction=0 direction=221 global_front=0 occupied=209 connection=304 min_dist=3 pre_shell=9 post_shell=5 tested_energy=5
[TEMPLATE DEBUG] camada candidata y: min=44.520000 max=44.520000 n=5
step=00211 species=  C N=00432 vac=0000 axis=y surf=xz Eads=-7.4507 eV P=9.955e-01 E=-3796.8948 eV hmax=22.721 A hmean=21.558 A rough=0.749 A occ1=1.000 tested=5
[TEMPLATE DEBUG] total=746 species_filter=0 restriction=0 direction=221 global_front=0 occupied=210 connection=303 min_dist=3 pre_shell=9 post_shell=4 tested_energy=4
[TEMPLATE DEBUG] camada candidata y: min=44.520000 max=44.520000 n=4
step=00212 species=  C N=00433 vac=0000 axis=y surf=xz Eads=-7.1519 eV P=2.419e-01 E=-3804.9390 eV hmax=22.721 A hmean=21.551 A rough=0.789 A occ1=1.000 tested=4
[TEMPLATE DEBUG] total=746 species_filter=0 restriction=0 direction=221 global_front=0 occupied=211 connection=302 min_dist=3 pre_shell=9 post_shell=3 tested_energy=3
[TEMPLATE DEBUG] camada candidata y: min=44.520000 max=44.520000 n=3
step=00213 species=  C N=00434 vac=0000 axis=y surf=xz Eads=-7.2092 eV P=4.830e-01 E=-3812.7417 eV hmax=22.757 A hmean=21.730 A rough=0.826 A occ1=1.000 tested=3
[TEMPLATE DEBUG] total=746 species_filter=0 restriction=0 direction=221 global_front=0 occupied=212 connection=301 min_dist=3 pre_shell=9 post_shell=2 tested_energy=2
[TEMPLATE DEBUG] camada candidata y: min=44.520000 max=44.520000 n=2
step=00214 species=  C N=00435 vac=0000 axis=y surf=xz Eads=-7.0818 eV P=1.000e+00 E=-3820.3462 eV hmax=22.765 A hmean=21.912 A rough=0.854 A occ1=1.000 tested=2
[TEMPLATE DEBUG] total=746 species_filter=0 restriction=0 direction=221 global_front=0 occupied=213 connection=301 min_dist=3 pre_shell=8 post_shell=1 tested_energy=1
[TEMPLATE DEBUG] camada candidata y: min=44.520000 max=44.520000 n=1
step=00215 species=  C N=00436 vac=0000 axis=y surf=xz Eads=-6.4592 eV P=1.000e+00 E=-3827.9172 eV hmax=22.765 A hmean=21.934 A rough=0.873 A occ1=1.000 tested=1
[TEMPLATE DEBUG] total=746 species_filter=0 restriction=0 direction=221 global_front=0 occupied=214 connection=300 min_dist=3 pre_shell=8 post_shell=8 tested_energy=8
[TEMPLATE DEBUG] camada candidata y: min=45.230000 max=45.230000 n=8
step=00216 species=  C N=00437 vac=0000 axis=y surf=xz Eads=-11.0134 eV P=8.956e-01 E=-3839.4941 eV hmax=23.299 A hmean=22.009 A rough=0.926 A occ1=1.000 tested=8
[TEMPLATE DEBUG] total=746 species_filter=0 restriction=0 direction=221 global_front=0 occupied=215 connection=299 min_dist=3 pre_shell=8 post_shell=7 tested_energy=7
[TEMPLATE DEBUG] camada candidata y: min=45.230000 max=45.230000 n=7
step=00217 species=  C N=00438 vac=0000 axis=y surf=xz Eads=-11.0671 eV P=9.932e-01 E=-3851.7981 eV hmax=23.397 A hmean=22.094 A rough=0.976 A occ1=1.000 tested=7
[TEMPLATE DEBUG] total=746 species_filter=0 restriction=0 direction=221 global_front=0 occupied=215 connection=298 min_dist=5 pre_shell=7 post_shell=5 tested_energy=5
[TEMPLATE DEBUG] camada candidata y: min=45.230000 max=45.230000 n=5
step=00218 species=  C N=00439 vac=0000 axis=y surf=xz Eads=-9.4934 eV P=1.000e+00 E=-3861.7126 eV hmax=23.397 A hmean=22.174 A rough=1.007 A occ1=1.000 tested=5
[TEMPLATE DEBUG] total=746 species_filter=0 restriction=0 direction=221 global_front=0 occupied=216 connection=297 min_dist=5 pre_shell=7 post_shell=4 tested_energy=4
[TEMPLATE DEBUG] camada candidata y: min=45.230000 max=45.230000 n=4
step=00219 species=  C N=00440 vac=0000 axis=y surf=xz Eads=-8.7312 eV P=1.000e+00 E=-3871.0413 eV hmax=23.410 A hmean=22.258 A rough=1.040 A occ1=1.000 tested=4
[TEMPLATE DEBUG] total=746 species_filter=0 restriction=0 direction=221 global_front=0 occupied=217 connection=296 min_dist=5 pre_shell=7 post_shell=3 tested_energy=3
[TEMPLATE DEBUG] camada candidata y: min=45.230000 max=45.230000 n=3
step=00220 species=  C N=00441 vac=0000 axis=y surf=xz Eads=-7.0857 eV P=9.988e-01 E=-3881.2517 eV hmax=23.453 A hmean=22.276 A rough=1.067 A occ1=1.000 tested=3
[TEMPLATE DEBUG] total=746 species_filter=0 restriction=0 direction=221 global_front=0 occupied=219 connection=295 min_dist=3 pre_shell=8 post_shell=3 tested_energy=3
[TEMPLATE DEBUG] camada candidata y: min=45.230000 max=45.230000 n=3
step=00221 species=  C N=00442 vac=0000 axis=y surf=xz Eads=-6.2244 eV P=9.983e-01 E=-3887.9495 eV hmax=23.469 A hmean=22.546 A rough=1.092 A occ1=1.000 tested=3
[TEMPLATE DEBUG] total=746 species_filter=0 restriction=0 direction=221 global_front=0 occupied=220 connection=293 min_dist=3 pre_shell=9 post_shell=1 tested_energy=1
[TEMPLATE DEBUG] camada candidata y: min=44.520000 max=44.520000 n=1
step=00222 species=  C N=00443 vac=0000 axis=y surf=xz Eads=-7.7942 eV P=1.000e+00 E=-3896.3430 eV hmax=23.453 A hmean=22.541 A rough=1.083 A occ1=1.000 tested=1
[TEMPLATE DEBUG] total=746 species_filter=0 restriction=0 direction=221 global_front=0 occupied=221 connection=292 min_dist=3 pre_shell=9 post_shell=3 tested_energy=3
[TEMPLATE DEBUG] camada candidata y: min=45.230000 max=45.230000 n=3
step=00223 species=  C N=00444 vac=0000 axis=y surf=xz Eads=-7.2922 eV P=1.000e+00 E=-3904.1006 eV hmax=23.453 A hmean=23.042 A rough=1.097 A occ1=1.000 tested=3
[TEMPLATE DEBUG] total=746 species_filter=0 restriction=0 direction=221 global_front=0 occupied=222 connection=290 min_dist=3 pre_shell=10 post_shell=1 tested_energy=1
[TEMPLATE DEBUG] camada candidata y: min=44.520000 max=44.520000 n=1
step=00224 species=  C N=00445 vac=0000 axis=y surf=xz Eads=-7.9150 eV P=1.000e+00 E=-3912.6919 eV hmax=23.453 A hmean=23.035 A rough=1.088 A occ1=1.000 tested=1
[TEMPLATE DEBUG] total=746 species_filter=0 restriction=0 direction=221 global_front=0 occupied=222 connection=288 min_dist=4 pre_shell=11 post_shell=1 tested_energy=1
[TEMPLATE DEBUG] camada candidata y: min=43.100000 max=43.100000 n=1
step=00225 species=  C N=00446 vac=0000 axis=y surf=xz Eads=-8.5557 eV P=1.000e+00 E=-3923.6113 eV hmax=23.453 A hmean=23.033 A rough=1.081 A occ1=1.000 tested=1
[TEMPLATE DEBUG] total=746 species_filter=0 restriction=0 direction=221 global_front=0 occupied=224 connection=288 min_dist=1 pre_shell=12 post_shell=2 tested_energy=2
[TEMPLATE DEBUG] camada candidata y: min=43.100000 max=43.100000 n=2
step=00226 species=  C N=00447 vac=0000 axis=y surf=xz Eads=-4.1003 eV P=1.000e+00 E=-3933.3477 eV hmax=23.453 A hmean=23.043 A rough=1.070 A occ1=1.000 tested=2
[TEMPLATE DEBUG] total=746 species_filter=0 restriction=0 direction=221 global_front=0 occupied=225 connection=288 min_dist=1 pre_shell=11 post_shell=1 tested_energy=1
[TEMPLATE DEBUG] camada candidata y: min=43.100000 max=43.100000 n=1
step=00227 species=  C N=00448 vac=0000 axis=y surf=xz Eads=-1.0835 eV P=1.000e+00 E=-3945.0144 eV hmax=23.453 A hmean=23.057 A rough=1.056 A occ1=1.000 tested=1
[TEMPLATE DEBUG] total=746 species_filter=0 restriction=0 direction=221 global_front=0 occupied=227 connection=288 min_dist=0 pre_shell=10 post_shell=1 tested_energy=1
[TEMPLATE DEBUG] camada candidata y: min=44.520000 max=44.520000 n=1
step=00228 species=  C N=00449 vac=0000 axis=y surf=xz Eads=-6.9663 eV P=1.000e+00 E=-3953.4114 eV hmax=23.453 A hmean=23.240 A rough=1.057 A occ1=1.000 tested=1
[TEMPLATE DEBUG] total=746 species_filter=0 restriction=0 direction=221 global_front=0 occupied=228 connection=287 min_dist=1 pre_shell=9 post_shell=2 tested_energy=2
[TEMPLATE DEBUG] camada candidata y: min=45.230000 max=45.230000 n=2
step=00229 species=  C N=00450 vac=0000 axis=y surf=xz Eads=-10.0203 eV P=1.000e+00 E=-3964.9941 eV hmax=23.496 A hmean=23.244 A rough=1.065 A occ1=1.000 tested=2
[TEMPLATE DEBUG] total=746 species_filter=0 restriction=0 direction=221 global_front=0 occupied=229 connection=286 min_dist=1 pre_shell=9 post_shell=1 tested_energy=1
[TEMPLATE DEBUG] camada candidata y: min=45.230000 max=45.230000 n=1
step=00230 species=  C N=00451 vac=0000 axis=y surf=xz Eads=-7.2966 eV P=1.000e+00 E=-3974.8569 eV hmax=23.496 A hmean=23.328 A rough=1.078 A occ1=1.000 tested=1
[TEMPLATE DEBUG] total=746 species_filter=0 restriction=0 direction=221 global_front=0 occupied=230 connection=285 min_dist=0 pre_shell=10 post_shell=1 tested_energy=1
[TEMPLATE DEBUG] camada candidata y: min=45.230000 max=45.230000 n=1
step=00231 species=  C N=00452 vac=0000 axis=y surf=xz Eads=-3.8604 eV P=1.000e+00 E=-3984.2737 eV hmax=23.577 A hmean=23.425 A rough=1.095 A occ1=1.000 tested=1
[TEMPLATE DEBUG] total=746 species_filter=0 restriction=0 direction=221 global_front=0 occupied=231 connection=284 min_dist=0 pre_shell=10 post_shell=10 tested_energy=10
[TEMPLATE DEBUG] camada candidata y: min=46.650000 max=46.650000 n=10
step=00232 species=  C N=00453 vac=0000 axis=y surf=xz Eads=-7.3740 eV P=9.715e-02 E=-3992.0798 eV hmax=24.877 A hmean=23.604 A rough=0.494 A occ1=1.000 tested=10
[TEMPLATE DEBUG] total=746 species_filter=0 restriction=0 direction=221 global_front=0 occupied=232 connection=282 min_dist=0 pre_shell=11 post_shell=9 tested_energy=9
[TEMPLATE DEBUG] camada candidata y: min=46.650000 max=46.650000 n=9
step=00233 species=  C N=00454 vac=0000 axis=y surf=xz Eads=-7.4343 eV P=8.372e-01 E=-3999.6743 eV hmax=24.877 A hmean=23.782 A rough=0.597 A occ1=1.000 tested=9
[TEMPLATE DEBUG] total=746 species_filter=0 restriction=0 direction=221 global_front=0 occupied=233 connection=280 min_dist=0 pre_shell=12 post_shell=8 tested_energy=8
[TEMPLATE DEBUG] camada candidata y: min=46.650000 max=46.650000 n=8
step=00234 species=  C N=00455 vac=0000 axis=y surf=xz Eads=-7.3562 eV P=7.220e-01 E=-4009.2498 eV hmax=24.890 A hmean=23.782 A rough=0.672 A occ1=1.000 tested=8
[TEMPLATE DEBUG] total=746 species_filter=0 restriction=0 direction=221 global_front=0 occupied=234 connection=279 min_dist=0 pre_shell=12 post_shell=7 tested_energy=7
[TEMPLATE DEBUG] camada candidata y: min=46.650000 max=46.650000 n=7
step=00235 species=  C N=00456 vac=0000 axis=y surf=xz Eads=-7.2886 eV P=8.948e-01 E=-4016.8997 eV hmax=24.890 A hmean=23.962 A rough=0.726 A occ1=1.000 tested=7
[TEMPLATE DEBUG] total=746 species_filter=0 restriction=0 direction=221 global_front=0 occupied=235 connection=278 min_dist=0 pre_shell=12 post_shell=6 tested_energy=6
[TEMPLATE DEBUG] camada candidata y: min=46.650000 max=46.650000 n=6
step=00236 species=  C N=00457 vac=0000 axis=y surf=xz Eads=-7.1350 eV P=3.962e-01 E=-4025.0740 eV hmax=24.915 A hmean=24.149 A rough=0.766 A occ1=1.000 tested=6
[TEMPLATE DEBUG] total=746 species_filter=0 restriction=0 direction=221 global_front=0 occupied=235 connection=277 min_dist=2 pre_shell=11 post_shell=5 tested_energy=5
[TEMPLATE DEBUG] camada candidata y: min=46.650000 max=46.650000 n=5
step=00237 species=  C N=00458 vac=0000 axis=y surf=xz Eads=-7.1096 eV P=2.747e-01 E=-4032.8835 eV hmax=24.915 A hmean=24.319 A rough=0.802 A occ1=1.000 tested=5
[TEMPLATE DEBUG] total=746 species_filter=0 restriction=0 direction=221 global_front=0 occupied=236 connection=275 min_dist=2 pre_shell=12 post_shell=4 tested_energy=4
[TEMPLATE DEBUG] camada candidata y: min=46.650000 max=46.650000 n=4
step=00238 species=  C N=00459 vac=0000 axis=y surf=xz Eads=-7.1565 eV P=4.435e-01 E=-4040.4661 eV hmax=24.929 A hmean=24.497 A rough=0.827 A occ1=1.000 tested=4
[TEMPLATE DEBUG] total=746 species_filter=0 restriction=0 direction=221 global_front=0 occupied=237 connection=275 min_dist=2 pre_shell=11 post_shell=3 tested_energy=3
[TEMPLATE DEBUG] camada candidata y: min=46.650000 max=46.650000 n=3
step=00239 species=  C N=00460 vac=0000 axis=y surf=xz Eads=-7.1045 eV P=9.990e-01 E=-4048.1062 eV hmax=24.925 A hmean=24.497 A rough=0.847 A occ1=1.000 tested=3
[TEMPLATE DEBUG] total=746 species_filter=0 restriction=0 direction=221 global_front=0 occupied=238 connection=275 min_dist=2 pre_shell=10 post_shell=2 tested_energy=2
[TEMPLATE DEBUG] camada candidata y: min=46.650000 max=46.650000 n=2
step=00240 species=  C N=00461 vac=0000 axis=y surf=xz Eads=-6.8030 eV P=9.845e-01 E=-4055.6284 eV hmax=24.925 A hmean=24.683 A rough=0.865 A occ1=1.000 tested=2
[TEMPLATE DEBUG] total=746 species_filter=0 restriction=0 direction=221 global_front=0 occupied=239 connection=274 min_dist=2 pre_shell=10 post_shell=1 tested_energy=1
[TEMPLATE DEBUG] camada candidata y: min=46.650000 max=46.650000 n=1
step=00241 species=  C N=00462 vac=0000 axis=y surf=xz Eads=-6.6240 eV P=1.000e+00 E=-4063.0469 eV hmax=24.925 A hmean=24.873 A rough=0.878 A occ1=1.000 tested=1
[TEMPLATE DEBUG] total=746 species_filter=0 restriction=0 direction=221 global_front=0 occupied=240 connection=273 min_dist=2 pre_shell=10 post_shell=10 tested_energy=10
[TEMPLATE DEBUG] camada candidata y: min=47.360000 max=47.360000 n=10
step=00242 species=  C N=00463 vac=0000 axis=y surf=xz Eads=-11.1311 eV P=9.664e-01 E=-4074.3452 eV hmax=25.477 A hmean=24.956 A rough=0.921 A occ1=1.000 tested=10
[TEMPLATE DEBUG] total=746 species_filter=0 restriction=0 direction=221 global_front=0 occupied=241 connection=272 min_dist=2 pre_shell=10 post_shell=9 tested_energy=9
[TEMPLATE DEBUG] camada candidata y: min=47.360000 max=47.360000 n=9
step=00243 species=  C N=00464 vac=0000 axis=y surf=xz Eads=-10.9790 eV P=8.319e-01 E=-4085.7144 eV hmax=25.477 A hmean=25.029 A rough=0.954 A occ1=1.000 tested=9
[TEMPLATE DEBUG] total=746 species_filter=0 restriction=0 direction=221 global_front=0 occupied=242 connection=271 min_dist=2 pre_shell=10 post_shell=8 tested_energy=8
[TEMPLATE DEBUG] camada candidata y: min=47.360000 max=47.360000 n=8
step=00244 species=  C N=00465 vac=0000 axis=y surf=xz Eads=-11.1206 eV P=9.999e-01 E=-4098.5591 eV hmax=25.537 A hmean=25.114 A rough=0.988 A occ1=1.000 tested=8
[TEMPLATE DEBUG] total=746 species_filter=0 restriction=0 direction=221 global_front=0 occupied=242 connection=270 min_dist=4 pre_shell=9 post_shell=6 tested_energy=6
[TEMPLATE DEBUG] camada candidata y: min=47.360000 max=47.360000 n=6
step=00245 species=  C N=00466 vac=0000 axis=y surf=xz Eads=-10.5410 eV P=1.000e+00 E=-4109.8911 eV hmax=25.537 A hmean=25.187 A rough=1.012 A occ1=1.000 tested=6
[TEMPLATE DEBUG] total=746 species_filter=0 restriction=0 direction=221 global_front=0 occupied=243 connection=269 min_dist=4 pre_shell=9 post_shell=5 tested_energy=5
[TEMPLATE DEBUG] camada candidata y: min=47.360000 max=47.360000 n=5
step=00246 species=  C N=00467 vac=0000 axis=y surf=xz Eads=-8.3599 eV P=1.000e+00 E=-4119.7773 eV hmax=25.561 A hmean=25.195 A rough=1.038 A occ1=1.000 tested=5
[TEMPLATE DEBUG] total=746 species_filter=0 restriction=0 direction=221 global_front=0 occupied=244 connection=268 min_dist=4 pre_shell=9 post_shell=4 tested_energy=4
[TEMPLATE DEBUG] camada candidata y: min=47.360000 max=47.360000 n=4
step=00247 species=  C N=00468 vac=0000 axis=y surf=xz Eads=-7.0967 eV P=1.000e+00 E=-4129.4072 eV hmax=25.570 A hmean=25.290 A rough=1.065 A occ1=1.000 tested=4
[TEMPLATE DEBUG] total=746 species_filter=0 restriction=0 direction=221 global_front=0 occupied=246 connection=267 min_dist=2 pre_shell=10 post_shell=4 tested_energy=4
[TEMPLATE DEBUG] camada candidata y: min=47.360000 max=47.360000 n=4
step=00248 species=  C N=00469 vac=0000 axis=y surf=xz Eads=-6.1006 eV P=9.695e-01 E=-4137.6797 eV hmax=25.596 A hmean=25.386 A rough=1.084 A occ1=1.000 tested=4
[TEMPLATE DEBUG] total=746 species_filter=0 restriction=0 direction=221 global_front=0 occupied=248 connection=266 min_dist=1 pre_shell=10 post_shell=3 tested_energy=3
[TEMPLATE DEBUG] camada candidata y: min=47.360000 max=47.360000 n=3
step=00249 species=  C N=00470 vac=0000 axis=y surf=xz Eads=-5.9512 eV P=9.925e-01 E=-4144.2964 eV hmax=25.596 A hmean=25.383 A rough=1.096 A occ1=1.000 tested=3
[TEMPLATE DEBUG] total=746 species_filter=0 restriction=0 direction=221 global_front=0 occupied=249 connection=265 min_dist=1 pre_shell=10 post_shell=2 tested_energy=2
[TEMPLATE DEBUG] camada candidata y: min=47.360000 max=47.360000 n=2
step=00250 species=  C N=00471 vac=0000 axis=y surf=xz Eads=-5.7402 eV P=9.989e-01 E=-4150.9463 eV hmax=25.596 A hmean=25.462 A rough=1.107 A occ1=1.000 tested=2
[TEMPLATE DEBUG] total=746 species_filter=0 restriction=0 direction=221 global_front=0 occupied=250 connection=264 min_dist=1 pre_shell=10 post_shell=1 tested_energy=1
[TEMPLATE DEBUG] camada candidata y: min=47.360000 max=47.360000 n=1
step=00251 species=  C N=00472 vac=0000 axis=y surf=xz Eads=-5.4478 eV P=1.000e+00 E=-4160.2524 eV hmax=25.688 A hmean=25.559 A rough=1.111 A occ1=1.000 tested=1
[TEMPLATE DEBUG] total=746 species_filter=0 restriction=0 direction=221 global_front=0 occupied=251 connection=263 min_dist=1 pre_shell=10 post_shell=10 tested_energy=10
[TEMPLATE DEBUG] camada candidata y: min=48.780000 max=48.780000 n=10
step=00252 species=  C N=00473 vac=0000 axis=y surf=xz Eads=-7.6543 eV P=9.586e-01 E=-4168.5171 eV hmax=26.930 A hmean=25.732 A rough=0.485 A occ1=1.000 tested=10
[TEMPLATE DEBUG] total=746 species_filter=0 restriction=0 direction=221 global_front=0 occupied=252 connection=262 min_dist=1 pre_shell=10 post_shell=9 tested_energy=9
[TEMPLATE DEBUG] camada candidata y: min=48.780000 max=48.780000 n=9
step=00253 species=  C N=00474 vac=0000 axis=y surf=xz Eads=-7.4746 eV P=3.525e-01 E=-4176.8335 eV hmax=27.020 A hmean=25.889 A rough=0.591 A occ1=1.000 tested=9
[TEMPLATE DEBUG] total=746 species_filter=0 restriction=0 direction=221 global_front=0 occupied=253 connection=260 min_dist=1 pre_shell=11 post_shell=8 tested_energy=8
[TEMPLATE DEBUG] camada candidata y: min=48.780000 max=48.780000 n=8
step=00254 species=  C N=00475 vac=0000 axis=y surf=xz Eads=-7.4951 eV P=8.289e-01 E=-4185.1250 eV hmax=27.020 A hmean=26.062 A rough=0.659 A occ1=1.000 tested=8
[TEMPLATE DEBUG] total=746 species_filter=0 restriction=0 direction=221 global_front=0 occupied=254 connection=259 min_dist=1 pre_shell=11 post_shell=7 tested_energy=7
[TEMPLATE DEBUG] camada candidata y: min=48.780000 max=48.780000 n=7
step=00255 species=  C N=00476 vac=0000 axis=y surf=xz Eads=-7.3540 eV P=1.835e-01 E=-4192.8325 eV hmax=27.024 A hmean=26.237 A rough=0.717 A occ1=1.000 tested=7
[TEMPLATE DEBUG] total=746 species_filter=0 restriction=0 direction=221 global_front=0 occupied=255 connection=257 min_dist=1 pre_shell=12 post_shell=6 tested_energy=6
[TEMPLATE DEBUG] camada candidata y: min=48.780000 max=48.780000 n=6
step=00256 species=  C N=00477 vac=0000 axis=y surf=xz Eads=-7.3613 eV P=1.959e-01 E=-4200.4507 eV hmax=27.024 A hmean=26.241 A rough=0.760 A occ1=1.000 tested=6
[TEMPLATE DEBUG] total=746 species_filter=0 restriction=0 direction=221 global_front=0 occupied=256 connection=256 min_dist=1 pre_shell=12 post_shell=5 tested_energy=5
[TEMPLATE DEBUG] camada candidata y: min=48.780000 max=48.780000 n=5
step=00257 species=  C N=00478 vac=0000 axis=y surf=xz Eads=-7.4214 eV P=9.742e-01 E=-4209.8545 eV hmax=27.024 A hmean=26.236 A rough=0.793 A occ1=1.000 tested=5
[TEMPLATE DEBUG] total=746 species_filter=0 restriction=0 direction=221 global_front=0 occupied=257 connection=255 min_dist=1 pre_shell=12 post_shell=4 tested_energy=4
[TEMPLATE DEBUG] camada candidata y: min=48.780000 max=48.780000 n=4
step=00258 species=  C N=00479 vac=0000 axis=y surf=xz Eads=-7.2476 eV P=9.585e-01 E=-4217.3481 eV hmax=27.038 A hmean=26.417 A rough=0.823 A occ1=1.000 tested=4
[TEMPLATE DEBUG] total=746 species_filter=0 restriction=0 direction=221 global_front=0 occupied=258 connection=255 min_dist=1 pre_shell=11 post_shell=3 tested_energy=3
[TEMPLATE DEBUG] camada candidata y: min=48.780000 max=48.780000 n=3
step=00259 species=  C N=00480 vac=0000 axis=y surf=xz Eads=-7.0684 eV P=9.998e-01 E=-4225.9424 eV hmax=27.025 A hmean=26.597 A rough=0.837 A occ1=1.000 tested=3
[TEMPLATE DEBUG] total=746 species_filter=0 restriction=0 direction=221 global_front=0 occupied=258 connection=255 min_dist=3 pre_shell=9 post_shell=2 tested_energy=2
[TEMPLATE DEBUG] camada candidata y: min=48.780000 max=48.780000 n=2
step=00260 species=  C N=00481 vac=0000 axis=y surf=xz Eads=-6.6909 eV P=1.000e+00 E=-4233.3940 eV hmax=27.025 A hmean=26.615 A rough=0.850 A occ1=1.000 tested=2
[TEMPLATE DEBUG] total=746 species_filter=0 restriction=0 direction=221 global_front=0 occupied=258 connection=254 min_dist=4 pre_shell=9 post_shell=1 tested_energy=1
[TEMPLATE DEBUG] camada candidata y: min=48.780000 max=48.780000 n=1
step=00261 species=  C N=00482 vac=0000 axis=y surf=xz Eads=-5.6333 eV P=1.000e+00 E=-4240.6680 eV hmax=27.025 A hmean=26.801 A rough=0.858 A occ1=1.000 tested=1
[TEMPLATE DEBUG] total=746 species_filter=0 restriction=0 direction=221 global_front=0 occupied=260 connection=253 min_dist=2 pre_shell=10 post_shell=1 tested_energy=1
[TEMPLATE DEBUG] camada candidata y: min=47.360000 max=47.360000 n=1
step=00262 species=  C N=00483 vac=0000 axis=y surf=xz Eads=+0.6729 eV P=1.000e+00 E=-4248.8003 eV hmax=27.025 A hmean=26.819 A rough=0.844 A occ1=1.000 tested=1
[TEMPLATE DEBUG] total=746 species_filter=0 restriction=0 direction=221 global_front=0 occupied=261 connection=252 min_dist=2 pre_shell=10 post_shell=1 tested_energy=1
[TEMPLATE DEBUG] camada candidata y: min=48.780000 max=48.780000 n=1
step=00263 species=  C N=00484 vac=0000 axis=y surf=xz Eads=-6.7607 eV P=1.000e+00 E=-4257.1313 eV hmax=27.068 A hmean=27.004 A rough=0.863 A occ1=1.000 tested=1
[TEMPLATE DEBUG] total=746 species_filter=0 restriction=0 direction=221 global_front=0 occupied=262 connection=252 min_dist=2 pre_shell=9 post_shell=9 tested_energy=9
[TEMPLATE DEBUG] camada candidata y: min=49.490000 max=49.490000 n=9
step=00264 species=  C N=00485 vac=0000 axis=y surf=xz Eads=-11.2524 eV P=9.061e-01 E=-4271.1445 eV hmax=27.527 A hmean=27.079 A rough=0.899 A occ1=1.000 tested=9
[TEMPLATE DEBUG] total=746 species_filter=0 restriction=0 direction=221 global_front=0 occupied=262 connection=251 min_dist=4 pre_shell=8 post_shell=7 tested_energy=7
[TEMPLATE DEBUG] camada candidata y: min=49.490000 max=49.490000 n=7
step=00265 species=  C N=00486 vac=0000 axis=y surf=xz Eads=-11.1294 eV P=6.570e-01 E=-4283.5234 eV hmax=27.527 A hmean=27.143 A rough=0.924 A occ1=1.000 tested=7
[TEMPLATE DEBUG] total=746 species_filter=0 restriction=0 direction=221 global_front=0 occupied=263 connection=250 min_dist=4 pre_shell=8 post_shell=6 tested_energy=6
[TEMPLATE DEBUG] camada candidata y: min=49.490000 max=49.490000 n=6
step=00266 species=  C N=00487 vac=0000 axis=y surf=xz Eads=-10.1689 eV P=1.000e+00 E=-4294.6104 eV hmax=27.615 A hmean=27.219 A rough=0.950 A occ1=1.000 tested=6
[TEMPLATE DEBUG] total=746 species_filter=0 restriction=0 direction=221 global_front=0 occupied=264 connection=249 min_dist=4 pre_shell=8 post_shell=5 tested_energy=5
[TEMPLATE DEBUG] camada candidata y: min=49.490000 max=49.490000 n=5
step=00267 species=  C N=00488 vac=0000 axis=y surf=xz Eads=-8.9131 eV P=9.981e-01 E=-4304.4521 eV hmax=27.620 A hmean=27.299 A rough=0.977 A occ1=1.000 tested=5
[TEMPLATE DEBUG] total=746 species_filter=0 restriction=0 direction=221 global_front=0 occupied=265 connection=248 min_dist=4 pre_shell=8 post_shell=4 tested_energy=4
[TEMPLATE DEBUG] camada candidata y: min=49.490000 max=49.490000 n=4
step=00268 species=  C N=00489 vac=0000 axis=y surf=xz Eads=-8.6431 eV P=1.000e+00 E=-4313.9790 eV hmax=27.620 A hmean=27.373 A rough=1.000 A occ1=1.000 tested=4
[TEMPLATE DEBUG] total=746 species_filter=0 restriction=0 direction=221 global_front=0 occupied=266 connection=247 min_dist=4 pre_shell=8 post_shell=3 tested_energy=3
[TEMPLATE DEBUG] camada candidata y: min=49.490000 max=49.490000 n=3
step=00269 species=  C N=00490 vac=0000 axis=y surf=xz Eads=-6.0796 eV P=9.210e-01 E=-4321.1768 eV hmax=27.687 A hmean=27.453 A rough=1.021 A occ1=1.000 tested=3
[TEMPLATE DEBUG] total=746 species_filter=0 restriction=0 direction=221 global_front=0 occupied=267 connection=246 min_dist=4 pre_shell=8 post_shell=2 tested_energy=2
[TEMPLATE DEBUG] camada candidata y: min=49.490000 max=49.490000 n=2
step=00270 species=  C N=00491 vac=0000 axis=y surf=xz Eads=-5.9380 eV P=1.000e+00 E=-4329.3525 eV hmax=27.687 A hmean=27.534 A rough=1.036 A occ1=1.000 tested=2
[TEMPLATE DEBUG] total=746 species_filter=0 restriction=0 direction=221 global_front=0 occupied=269 connection=245 min_dist=3 pre_shell=8 post_shell=1 tested_energy=1
[TEMPLATE DEBUG] camada candidata y: min=49.490000 max=49.490000 n=1
step=00271 species=  C N=00492 vac=0000 axis=y surf=xz Eads=-5.0317 eV P=1.000e+00 E=-4338.3896 eV hmax=27.816 A hmean=27.566 A rough=1.047 A occ1=1.000 tested=1
[TEMPLATE DEBUG] total=746 species_filter=0 restriction=0 direction=221 global_front=0 occupied=270 connection=244 min_dist=3 pre_shell=8 post_shell=8 tested_energy=8
[TEMPLATE DEBUG] camada candidata y: min=50.910000 max=50.910000 n=8
step=00272 species=  C N=00493 vac=0000 axis=y surf=xz Eads=-7.5498 eV P=9.988e-01 E=-4346.7568 eV hmax=29.093 A hmean=27.742 A rough=0.498 A occ1=1.000 tested=8
[TEMPLATE DEBUG] total=746 species_filter=0 restriction=0 direction=221 global_front=0 occupied=272 connection=242 min_dist=2 pre_shell=9 post_shell=7 tested_energy=7
[TEMPLATE DEBUG] camada candidata y: min=50.910000 max=50.910000 n=7
step=00273 species=  C N=00494 vac=0000 axis=y surf=xz Eads=-7.2212 eV P=2.373e-01 E=-4354.5742 eV hmax=29.163 A hmean=27.918 A rough=0.618 A occ1=1.000 tested=7
[TEMPLATE DEBUG] total=746 species_filter=0 restriction=0 direction=221 global_front=0 occupied=273 connection=240 min_dist=2 pre_shell=10 post_shell=6 tested_energy=6
[TEMPLATE DEBUG] camada candidata y: min=50.910000 max=50.910000 n=6
step=00274 species=  C N=00495 vac=0000 axis=y surf=xz Eads=-7.2402 eV P=9.871e-01 E=-4363.2988 eV hmax=29.164 A hmean=27.911 A rough=0.691 A occ1=1.000 tested=6
[TEMPLATE DEBUG] total=746 species_filter=0 restriction=0 direction=221 global_front=0 occupied=274 connection=240 min_dist=2 pre_shell=9 post_shell=5 tested_energy=5
[TEMPLATE DEBUG] camada candidata y: min=50.910000 max=50.910000 n=5
step=00275 species=  C N=00496 vac=0000 axis=y surf=xz Eads=-6.8813 eV P=4.247e-01 E=-4370.8232 eV hmax=29.164 A hmean=28.087 A rough=0.745 A occ1=1.000 tested=5
[TEMPLATE DEBUG] total=746 species_filter=0 restriction=0 direction=221 global_front=0 occupied=275 connection=238 min_dist=2 pre_shell=10 post_shell=4 tested_energy=4
[TEMPLATE DEBUG] camada candidata y: min=50.910000 max=50.910000 n=4
step=00276 species=  C N=00497 vac=0000 axis=y surf=xz Eads=-6.8940 eV P=9.800e-01 E=-4378.6851 eV hmax=29.164 A hmean=28.271 A rough=0.787 A occ1=1.000 tested=4
[TEMPLATE DEBUG] total=746 species_filter=0 restriction=0 direction=221 global_front=0 occupied=276 connection=237 min_dist=2 pre_shell=10 post_shell=3 tested_energy=3
[TEMPLATE DEBUG] camada candidata y: min=50.910000 max=50.910000 n=3
step=00277 species=  C N=00498 vac=0000 axis=y surf=xz Eads=-6.8208 eV P=9.991e-01 E=-4386.0474 eV hmax=29.164 A hmean=28.458 A rough=0.823 A occ1=1.000 tested=3
[TEMPLATE DEBUG] total=746 species_filter=0 restriction=0 direction=221 global_front=0 occupied=277 connection=236 min_dist=2 pre_shell=10 post_shell=2 tested_energy=2
[TEMPLATE DEBUG] camada candidata y: min=50.910000 max=50.910000 n=2
step=00278 species=  C N=00499 vac=0000 axis=y surf=xz Eads=-6.5161 eV P=9.898e-01 E=-4393.2681 eV hmax=29.164 A hmean=28.647 A rough=0.850 A occ1=1.000 tested=2
[TEMPLATE DEBUG] total=746 species_filter=0 restriction=0 direction=221 global_front=0 occupied=278 connection=234 min_dist=2 pre_shell=11 post_shell=1 tested_energy=1
[TEMPLATE DEBUG] camada candidata y: min=50.910000 max=50.910000 n=1
step=00279 species=  C N=00500 vac=0000 axis=y surf=xz Eads=-6.5586 eV P=1.000e+00 E=-4400.6958 eV hmax=29.164 A hmean=28.834 A rough=0.869 A occ1=1.000 tested=1
[TEMPLATE DEBUG] total=746 species_filter=0 restriction=0 direction=221 global_front=0 occupied=279 connection=233 min_dist=2 pre_shell=11 post_shell=11 tested_energy=11
[TEMPLATE DEBUG] camada candidata y: min=51.620000 max=51.620000 n=11
step=00280 species=  C N=00501 vac=0000 axis=y surf=xz Eads=-11.0376 eV P=5.628e-01 E=-4411.9463 eV hmax=29.719 A hmean=28.915 A rough=0.923 A occ1=1.000 tested=11
[TEMPLATE DEBUG] total=746 species_filter=0 restriction=0 direction=221 global_front=0 occupied=280 connection=232 min_dist=2 pre_shell=11 post_shell=10 tested_energy=10
[TEMPLATE DEBUG] camada candidata y: min=51.620000 max=51.620000 n=10
step=00281 species=  C N=00502 vac=0000 axis=y surf=xz Eads=-10.9917 eV P=4.186e-01 E=-4423.2812 eV hmax=29.724 A hmean=28.996 A rough=0.967 A occ1=1.000 tested=10
[TEMPLATE DEBUG] total=746 species_filter=0 restriction=0 direction=221 global_front=0 occupied=281 connection=231 min_dist=2 pre_shell=11 post_shell=9 tested_energy=9
[TEMPLATE DEBUG] camada candidata y: min=51.620000 max=51.620000 n=9
step=00282 species=  C N=00503 vac=0000 axis=y surf=xz Eads=-11.0054 eV P=1.000e+00 E=-4435.6636 eV hmax=29.724 A hmean=29.064 A rough=0.998 A occ1=1.000 tested=9
[TEMPLATE DEBUG] total=746 species_filter=0 restriction=0 direction=221 global_front=0 occupied=281 connection=230 min_dist=4 pre_shell=10 post_shell=7 tested_energy=7
[TEMPLATE DEBUG] camada candidata y: min=51.620000 max=51.620000 n=7
step=00283 species=  C N=00504 vac=0000 axis=y surf=xz Eads=-7.4165 eV P=9.999e-01 E=-4443.6196 eV hmax=29.851 A hmean=29.162 A rough=1.032 A occ1=1.000 tested=7
[TEMPLATE DEBUG] total=746 species_filter=0 restriction=0 direction=221 global_front=0 occupied=282 connection=228 min_dist=3 pre_shell=12 post_shell=1 tested_energy=1
[TEMPLATE DEBUG] camada candidata y: min=49.490000 max=49.490000 n=1
step=00284 species=  C N=00505 vac=0000 axis=y surf=xz Eads=-1.3979 eV P=1.000e+00 E=-4454.2480 eV hmax=29.863 A hmean=29.165 A rough=1.017 A occ1=1.000 tested=1
[TEMPLATE DEBUG] total=746 species_filter=0 restriction=0 direction=221 global_front=0 occupied=283 connection=228 min_dist=3 pre_shell=11 post_shell=1 tested_energy=1
[TEMPLATE DEBUG] camada candidata y: min=50.910000 max=50.910000 n=1
step=00285 species=  C N=00506 vac=0000 axis=y surf=xz Eads=-9.8149 eV P=1.000e+00 E=-4465.4526 eV hmax=29.809 A hmean=29.161 A rough=1.019 A occ1=1.000 tested=1
[TEMPLATE DEBUG] total=746 species_filter=0 restriction=0 direction=221 global_front=0 occupied=284 connection=228 min_dist=3 pre_shell=10 post_shell=6 tested_energy=6
[TEMPLATE DEBUG] camada candidata y: min=51.620000 max=51.620000 n=6
step=00286 species=  C N=00507 vac=0000 axis=y surf=xz Eads=-10.7402 eV P=1.000e+00 E=-4476.5444 eV hmax=29.849 A hmean=29.253 A rough=1.048 A occ1=1.000 tested=6
[TEMPLATE DEBUG] total=746 species_filter=0 restriction=0 direction=221 global_front=0 occupied=285 connection=227 min_dist=3 pre_shell=10 post_shell=5 tested_energy=5
[TEMPLATE DEBUG] camada candidata y: min=51.620000 max=51.620000 n=5
step=00287 species=  C N=00508 vac=0000 axis=y surf=xz Eads=-6.8574 eV P=1.000e+00 E=-4485.7964 eV hmax=29.849 A hmean=29.352 A rough=1.075 A occ1=1.000 tested=5
[TEMPLATE DEBUG] total=746 species_filter=0 restriction=0 direction=221 global_front=0 occupied=287 connection=226 min_dist=1 pre_shell=11 post_shell=5 tested_energy=5
[TEMPLATE DEBUG] camada candidata y: min=51.620000 max=51.620000 n=5
step=00288 species=  C N=00509 vac=0000 axis=y surf=xz Eads=-6.1318 eV P=9.152e-01 E=-4492.4370 eV hmax=29.849 A hmean=29.353 A rough=1.090 A occ1=1.000 tested=5
[TEMPLATE DEBUG] total=746 species_filter=0 restriction=0 direction=221 global_front=0 occupied=288 connection=225 min_dist=1 pre_shell=11 post_shell=4 tested_energy=4
[TEMPLATE DEBUG] camada candidata y: min=51.620000 max=51.620000 n=4
step=00289 species=  C N=00510 vac=0000 axis=y surf=xz Eads=-6.0269 eV P=9.542e-01 E=-4499.0444 eV hmax=29.849 A hmean=29.379 A rough=1.107 A occ1=1.000 tested=4
[TEMPLATE DEBUG] total=746 species_filter=0 restriction=0 direction=221 global_front=0 occupied=289 connection=223 min_dist=1 pre_shell=12 post_shell=1 tested_energy=1
[TEMPLATE DEBUG] camada candidata y: min=50.910000 max=50.910000 n=1
step=00290 species=  C N=00511 vac=0000 axis=y surf=xz Eads=-7.3394 eV P=1.000e+00 E=-4507.1099 eV hmax=29.849 A hmean=29.699 A rough=1.101 A occ1=1.000 tested=1
[TEMPLATE DEBUG] total=746 species_filter=0 restriction=0 direction=221 global_front=0 occupied=290 connection=223 min_dist=0 pre_shell=12 post_shell=1 tested_energy=1
[TEMPLATE DEBUG] camada candidata y: min=49.490000 max=49.490000 n=1
step=00291 species=  C N=00512 vac=0000 axis=y surf=xz Eads=-4.7183 eV P=1.000e+00 E=-4520.8901 eV hmax=29.849 A hmean=29.701 A rough=1.090 A occ1=1.000 tested=1
[TEMPLATE DEBUG] total=746 species_filter=0 restriction=0 direction=221 global_front=0 occupied=291 connection=223 min_dist=0 pre_shell=11 post_shell=3 tested_energy=3
[TEMPLATE DEBUG] camada candidata y: min=51.620000 max=51.620000 n=3
step=00292 species=  C N=00513 vac=0000 axis=y surf=xz Eads=-9.0884 eV P=1.000e+00 E=-4530.9688 eV hmax=29.853 A hmean=29.736 A rough=1.107 A occ1=1.000 tested=3
[TEMPLATE DEBUG] total=746 species_filter=0 restriction=0 direction=221 global_front=0 occupied=292 connection=222 min_dist=0 pre_shell=11 post_shell=2 tested_energy=2
[TEMPLATE DEBUG] camada candidata y: min=51.620000 max=51.620000 n=2
step=00293 species=  C N=00514 vac=0000 axis=y surf=xz Eads=-5.8931 eV P=1.000e+00 E=-4537.3496 eV hmax=29.853 A hmean=29.745 A rough=1.118 A occ1=1.000 tested=2
[TEMPLATE DEBUG] total=746 species_filter=0 restriction=0 direction=221 global_front=0 occupied=293 connection=221 min_dist=0 pre_shell=11 post_shell=1 tested_energy=1
[TEMPLATE DEBUG] camada candidata y: min=51.620000 max=51.620000 n=1
step=00294 species=  C N=00515 vac=0000 axis=y surf=xz Eads=-5.1626 eV P=1.000e+00 E=-4546.8403 eV hmax=29.946 A hmean=29.843 A rough=1.122 A occ1=1.000 tested=1
[TEMPLATE DEBUG] total=746 species_filter=0 restriction=0 direction=221 global_front=0 occupied=294 connection=220 min_dist=0 pre_shell=11 post_shell=11 tested_energy=11
[TEMPLATE DEBUG] camada candidata y: min=53.040000 max=53.040000 n=11
step=00295 species=  C N=00516 vac=0000 axis=y surf=xz Eads=-7.6572 eV P=6.962e-01 E=-4555.0488 eV hmax=31.190 A hmean=30.015 A rough=0.475 A occ1=1.000 tested=11
[TEMPLATE DEBUG] total=746 species_filter=0 restriction=0 direction=221 global_front=0 occupied=295 connection=219 min_dist=0 pre_shell=11 post_shell=10 tested_energy=10
[TEMPLATE DEBUG] camada candidata y: min=53.040000 max=53.040000 n=10
step=00296 species=  C N=00517 vac=0000 axis=y surf=xz Eads=-7.6211 eV P=9.892e-01 E=-4563.2910 eV hmax=31.192 A hmean=30.188 A rough=0.570 A occ1=1.000 tested=10
[TEMPLATE DEBUG] total=746 species_filter=0 restriction=0 direction=221 global_front=0 occupied=296 connection=218 min_dist=0 pre_shell=11 post_shell=9 tested_energy=9
[TEMPLATE DEBUG] camada candidata y: min=53.040000 max=53.040000 n=9
step=00297 species=  C N=00518 vac=0000 axis=y surf=xz Eads=-7.3779 eV P=3.146e-01 E=-4570.8325 eV hmax=31.258 A hmean=30.347 A rough=0.644 A occ1=1.000 tested=9
[TEMPLATE DEBUG] total=746 species_filter=0 restriction=0 direction=221 global_front=0 occupied=297 connection=216 min_dist=0 pre_shell=12 post_shell=8 tested_energy=8
[TEMPLATE DEBUG] camada candidata y: min=53.040000 max=53.040000 n=8
step=00298 species=  C N=00519 vac=0000 axis=y surf=xz Eads=-7.3594 eV P=2.799e-01 E=-4578.4058 eV hmax=31.258 A hmean=30.350 A rough=0.698 A occ1=1.000 tested=8
[TEMPLATE DEBUG] total=746 species_filter=0 restriction=0 direction=221 global_front=0 occupied=298 connection=215 min_dist=0 pre_shell=12 post_shell=7 tested_energy=7
[TEMPLATE DEBUG] camada candidata y: min=53.040000 max=53.040000 n=7
step=00299 species=  C N=00520 vac=0000 axis=y surf=xz Eads=-7.3286 eV P=2.088e-01 E=-4587.9854 eV hmax=31.299 A hmean=30.537 A rough=0.745 A occ1=1.000 tested=7
[TEMPLATE DEBUG] total=746 species_filter=0 restriction=0 direction=221 global_front=0 occupied=299 connection=214 min_dist=0 pre_shell=12 post_shell=6 tested_energy=6
[TEMPLATE DEBUG] camada candidata y: min=53.040000 max=53.040000 n=6
step=00300 species=  C N=00521 vac=0000 axis=y surf=xz Eads=-7.3560 eV P=8.015e-01 E=-4595.7573 eV hmax=31.299 A hmean=30.716 A rough=0.780 A occ1=1.000 tested=6
[TEMPLATE DEBUG] total=746 species_filter=0 restriction=0 direction=221 global_front=0 occupied=300 connection=212 min_dist=0 pre_shell=13 post_shell=5 tested_energy=5
[TEMPLATE DEBUG] camada candidata y: min=53.040000 max=53.040000 n=5
step=00301 species=  C N=00522 vac=0000 axis=y surf=xz Eads=-7.2964 eV P=7.052e-01 E=-4603.4009 eV hmax=31.299 A hmean=30.718 A rough=0.806 A occ1=1.000 tested=5
[TEMPLATE DEBUG] total=746 species_filter=0 restriction=0 direction=221 global_front=0 occupied=301 connection=211 min_dist=0 pre_shell=13 post_shell=4 tested_energy=4
[TEMPLATE DEBUG] camada candidata y: min=53.040000 max=53.040000 n=4
step=00302 species=  C N=00523 vac=0000 axis=y surf=xz Eads=-7.2275 eV P=2.721e-01 E=-4611.6719 eV hmax=31.321 A hmean=30.727 A rough=0.825 A occ1=1.000 tested=4
[TEMPLATE DEBUG] total=746 species_filter=0 restriction=0 direction=221 global_front=0 occupied=301 connection=210 min_dist=2 pre_shell=12 post_shell=3 tested_energy=3
[TEMPLATE DEBUG] camada candidata y: min=53.040000 max=53.040000 n=3
step=00303 species=  C N=00524 vac=0000 axis=y surf=xz Eads=-7.2666 eV P=2.796e-01 E=-4619.1885 eV hmax=31.321 A hmean=30.906 A rough=0.843 A occ1=1.000 tested=3
[TEMPLATE DEBUG] total=746 species_filter=0 restriction=0 direction=221 global_front=0 occupied=302 connection=210 min_dist=2 pre_shell=11 post_shell=2 tested_energy=2
[TEMPLATE DEBUG] camada candidata y: min=53.040000 max=53.040000 n=2
step=00304 species=  C N=00525 vac=0000 axis=y surf=xz Eads=-7.2593 eV P=9.496e-01 E=-4626.6841 eV hmax=31.327 A hmean=30.927 A rough=0.855 A occ1=1.000 tested=2
[TEMPLATE DEBUG] total=746 species_filter=0 restriction=0 direction=221 global_front=0 occupied=303 connection=210 min_dist=2 pre_shell=10 post_shell=1 tested_energy=1
[TEMPLATE DEBUG] camada candidata y: min=53.040000 max=53.040000 n=1
step=00305 species=  C N=00526 vac=0000 axis=y surf=xz Eads=-7.1318 eV P=1.000e+00 E=-4634.0513 eV hmax=31.327 A hmean=31.104 A rough=0.865 A occ1=1.000 tested=1
[TEMPLATE DEBUG] total=746 species_filter=0 restriction=0 direction=221 global_front=0 occupied=304 connection=210 min_dist=2 pre_shell=9 post_shell=9 tested_energy=9
[TEMPLATE DEBUG] camada candidata y: min=53.750000 max=53.750000 n=9
step=00306 species=  C N=00527 vac=0000 axis=y surf=xz Eads=-11.2197 eV P=6.621e-01 E=-4645.4609 eV hmax=31.869 A hmean=31.171 A rough=0.903 A occ1=1.000 tested=9
[TEMPLATE DEBUG] total=746 species_filter=0 restriction=0 direction=221 global_front=0 occupied=305 connection=209 min_dist=2 pre_shell=9 post_shell=8 tested_energy=8
[TEMPLATE DEBUG] camada candidata y: min=53.750000 max=53.750000 n=8
step=00307 species=  C N=00528 vac=0000 axis=y surf=xz Eads=-11.1499 eV P=3.144e-01 E=-4656.7847 eV hmax=31.869 A hmean=31.248 A rough=0.934 A occ1=1.000 tested=8
[TEMPLATE DEBUG] total=746 species_filter=0 restriction=0 direction=221 global_front=0 occupied=306 connection=208 min_dist=2 pre_shell=9 post_shell=7 tested_energy=7
[TEMPLATE DEBUG] camada candidata y: min=53.750000 max=53.750000 n=7
step=00308 species=  C N=00529 vac=0000 axis=y surf=xz Eads=-11.1724 eV P=7.883e-01 E=-4668.6050 eV hmax=31.869 A hmean=31.315 A rough=0.959 A occ1=1.000 tested=7
[TEMPLATE DEBUG] total=746 species_filter=0 restriction=0 direction=221 global_front=0 occupied=307 connection=207 min_dist=2 pre_shell=9 post_shell=6 tested_energy=6
[TEMPLATE DEBUG] camada candidata y: min=53.750000 max=53.750000 n=6
step=00309 species=  C N=00530 vac=0000 axis=y surf=xz Eads=-10.6895 eV P=9.963e-01 E=-4679.6299 eV hmax=31.944 A hmean=31.400 A rough=0.985 A occ1=1.000 tested=6
[TEMPLATE DEBUG] total=746 species_filter=0 restriction=0 direction=221 global_front=0 occupied=308 connection=206 min_dist=2 pre_shell=9 post_shell=5 tested_energy=5
[TEMPLATE DEBUG] camada candidata y: min=53.750000 max=53.750000 n=5
step=00310 species=  C N=00531 vac=0000 axis=y surf=xz Eads=-9.8560 eV P=9.971e-01 E=-4689.9019 eV hmax=31.993 A hmean=31.426 A rough=1.012 A occ1=1.000 tested=5
[TEMPLATE DEBUG] total=746 species_filter=0 restriction=0 direction=221 global_front=0 occupied=309 connection=205 min_dist=2 pre_shell=9 post_shell=4 tested_energy=4
[TEMPLATE DEBUG] camada candidata y: min=53.750000 max=53.750000 n=4
step=00311 species=  C N=00532 vac=0000 axis=y surf=xz Eads=-9.6050 eV P=1.000e+00 E=-4700.0854 eV hmax=31.993 A hmean=31.507 A rough=1.029 A occ1=1.000 tested=4
[TEMPLATE DEBUG] total=746 species_filter=0 restriction=0 direction=221 global_front=0 occupied=310 connection=204 min_dist=2 pre_shell=9 post_shell=3 tested_energy=3
[TEMPLATE DEBUG] camada candidata y: min=53.750000 max=53.750000 n=3
step=00312 species=  C N=00533 vac=0000 axis=y surf=xz Eads=-8.5400 eV P=9.996e-01 E=-4709.6284 eV hmax=31.993 A hmean=31.588 A rough=1.043 A occ1=1.000 tested=3
[TEMPLATE DEBUG] total=746 species_filter=0 restriction=0 direction=221 global_front=0 occupied=311 connection=203 min_dist=2 pre_shell=9 post_shell=2 tested_energy=2
[TEMPLATE DEBUG] camada candidata y: min=53.750000 max=53.750000 n=2
step=00313 species=  C N=00534 vac=0000 axis=y surf=xz Eads=-8.1978 eV P=1.000e+00 E=-4719.4253 eV hmax=31.993 A hmean=31.838 A rough=1.059 A occ1=1.000 tested=2
[TEMPLATE DEBUG] total=746 species_filter=0 restriction=0 direction=221 global_front=0 occupied=312 connection=202 min_dist=2 pre_shell=9 post_shell=1 tested_energy=1
[TEMPLATE DEBUG] camada candidata y: min=53.750000 max=53.750000 n=1
step=00314 species=  C N=00535 vac=0000 axis=y surf=xz Eads=-6.3975 eV P=1.000e+00 E=-4728.4888 eV hmax=32.006 A hmean=31.934 A rough=1.078 A occ1=1.000 tested=1
[TEMPLATE DEBUG] total=746 species_filter=0 restriction=0 direction=221 global_front=0 occupied=314 connection=201 min_dist=0 pre_shell=10 post_shell=1 tested_energy=1
[TEMPLATE DEBUG] camada candidata y: min=53.750000 max=53.750000 n=1
step=00315 species=  C N=00536 vac=0000 axis=y surf=xz Eads=-5.3574 eV P=1.000e+00 E=-4738.0342 eV hmax=32.089 A hmean=31.962 A rough=1.093 A occ1=1.000 tested=1
[TEMPLATE DEBUG] total=746 species_filter=0 restriction=0 direction=221 global_front=0 occupied=315 connection=200 min_dist=0 pre_shell=10 post_shell=10 tested_energy=10
[TEMPLATE DEBUG] camada candidata y: min=55.170000 max=55.170000 n=10
step=00316 species=  C N=00537 vac=0000 axis=y surf=xz Eads=-7.4614 eV P=8.559e-01 E=-4745.6431 eV hmax=33.386 A hmean=32.134 A rough=0.494 A occ1=1.000 tested=10
[TEMPLATE DEBUG] total=746 species_filter=0 restriction=0 direction=221 global_front=0 occupied=316 connection=198 min_dist=0 pre_shell=11 post_shell=9 tested_energy=9
[TEMPLATE DEBUG] camada candidata y: min=55.170000 max=55.170000 n=9
step=00317 species=  C N=00538 vac=0000 axis=y surf=xz Eads=-7.3506 eV P=3.058e-01 E=-4754.7520 eV hmax=33.450 A hmean=32.307 A rough=0.607 A occ1=1.000 tested=9
[TEMPLATE DEBUG] total=746 species_filter=0 restriction=0 direction=221 global_front=0 occupied=317 connection=197 min_dist=0 pre_shell=11 post_shell=8 tested_energy=8
[TEMPLATE DEBUG] camada candidata y: min=55.170000 max=55.170000 n=8
step=00318 species=  C N=00539 vac=0000 axis=y surf=xz Eads=-7.2915 eV P=5.035e-01 E=-4762.2358 eV hmax=33.450 A hmean=32.484 A rough=0.678 A occ1=1.000 tested=8
[TEMPLATE DEBUG] total=746 species_filter=0 restriction=0 direction=221 global_front=0 occupied=318 connection=195 min_dist=0 pre_shell=12 post_shell=7 tested_energy=7
[TEMPLATE DEBUG] camada candidata y: min=55.170000 max=55.170000 n=7
step=00319 species=  C N=00540 vac=0000 axis=y surf=xz Eads=-7.2485 eV P=2.392e-01 E=-4770.6719 eV hmax=33.450 A hmean=32.658 A rough=0.729 A occ1=1.000 tested=7
[TEMPLATE DEBUG] total=746 species_filter=0 restriction=0 direction=221 global_front=0 occupied=318 connection=194 min_dist=2 pre_shell=11 post_shell=6 tested_energy=6
[TEMPLATE DEBUG] camada candidata y: min=55.170000 max=55.170000 n=6
step=00320 species=  C N=00541 vac=0000 axis=y surf=xz Eads=-7.3389 eV P=8.138e-01 E=-4778.2461 eV hmax=33.450 A hmean=32.661 A rough=0.772 A occ1=1.000 tested=6
[TEMPLATE DEBUG] total=746 species_filter=0 restriction=0 direction=221 global_front=0 occupied=319 connection=194 min_dist=2 pre_shell=10 post_shell=5 tested_energy=5
[TEMPLATE DEBUG] camada candidata y: min=55.170000 max=55.170000 n=5
step=00321 species=  C N=00542 vac=0000 axis=y surf=xz Eads=-7.2515 eV P=5.776e-01 E=-4785.8003 eV hmax=33.450 A hmean=32.840 A rough=0.803 A occ1=1.000 tested=5
[TEMPLATE DEBUG] total=746 species_filter=0 restriction=0 direction=221 global_front=0 occupied=320 connection=192 min_dist=2 pre_shell=11 post_shell=4 tested_energy=4
[TEMPLATE DEBUG] camada candidata y: min=55.170000 max=55.170000 n=4
step=00322 species=  C N=00543 vac=0000 axis=y surf=xz Eads=-7.1768 eV P=1.430e-01 E=-4793.6831 eV hmax=33.426 A hmean=32.844 A rough=0.831 A occ1=1.000 tested=4
[TEMPLATE DEBUG] total=746 species_filter=0 restriction=0 direction=221 global_front=0 occupied=321 connection=192 min_dist=2 pre_shell=10 post_shell=3 tested_energy=3
[TEMPLATE DEBUG] camada candidata y: min=55.170000 max=55.170000 n=3
step=00323 species=  C N=00544 vac=0000 axis=y surf=xz Eads=-7.1797 eV P=1.000e+00 E=-4801.1680 eV hmax=33.426 A hmean=33.024 A rough=0.852 A occ1=1.000 tested=3
[TEMPLATE DEBUG] total=746 species_filter=0 restriction=0 direction=221 global_front=0 occupied=322 connection=191 min_dist=2 pre_shell=10 post_shell=2 tested_energy=2
[TEMPLATE DEBUG] camada candidata y: min=55.170000 max=55.170000 n=2
step=00324 species=  C N=00545 vac=0000 axis=y surf=xz Eads=-6.7373 eV P=5.620e-01 E=-4808.3477 eV hmax=33.426 A hmean=33.212 A rough=0.868 A occ1=1.000 tested=2
[TEMPLATE DEBUG] total=746 species_filter=0 restriction=0 direction=221 global_front=0 occupied=323 connection=190 min_dist=2 pre_shell=10 post_shell=1 tested_energy=1
[TEMPLATE DEBUG] camada candidata y: min=55.170000 max=55.170000 n=1
step=00325 species=  C N=00546 vac=0000 axis=y surf=xz Eads=-6.7271 eV P=1.000e+00 E=-4815.5757 eV hmax=33.426 A hmean=33.401 A rough=0.883 A occ1=1.000 tested=1
[TEMPLATE DEBUG] total=746 species_filter=0 restriction=0 direction=221 global_front=0 occupied=324 connection=189 min_dist=2 pre_shell=10 post_shell=10 tested_energy=10
[TEMPLATE DEBUG] camada candidata y: min=55.880000 max=55.880000 n=10
step=00326 species=  C N=00547 vac=0000 axis=y surf=xz Eads=-11.1562 eV P=1.025e-01 E=-4828.0596 eV hmax=33.924 A hmean=33.471 A rough=0.917 A occ1=1.000 tested=10
[TEMPLATE DEBUG] total=746 species_filter=0 restriction=0 direction=221 global_front=0 occupied=324 connection=188 min_dist=4 pre_shell=9 post_shell=8 tested_energy=8
[TEMPLATE DEBUG] camada candidata y: min=55.880000 max=55.880000 n=8
step=00327 species=  C N=00548 vac=0000 axis=y surf=xz Eads=-11.2202 eV P=5.040e-01 E=-4840.8677 eV hmax=33.924 A hmean=33.533 A rough=0.947 A occ1=1.000 tested=8
[TEMPLATE DEBUG] total=746 species_filter=0 restriction=0 direction=221 global_front=0 occupied=325 connection=187 min_dist=4 pre_shell=9 post_shell=7 tested_energy=7
[TEMPLATE DEBUG] camada candidata y: min=55.880000 max=55.880000 n=7
step=00328 species=  C N=00549 vac=0000 axis=y surf=xz Eads=-10.6963 eV P=1.000e+00 E=-4851.9790 eV hmax=34.094 A hmean=33.628 A rough=0.982 A occ1=1.000 tested=7
[TEMPLATE DEBUG] total=746 species_filter=0 restriction=0 direction=221 global_front=0 occupied=326 connection=186 min_dist=4 pre_shell=9 post_shell=6 tested_energy=6
[TEMPLATE DEBUG] camada candidata y: min=55.880000 max=55.880000 n=6
step=00329 species=  C N=00550 vac=0000 axis=y surf=xz Eads=-9.4717 eV P=1.000e+00 E=-4862.2393 eV hmax=34.094 A hmean=33.698 A rough=1.009 A occ1=1.000 tested=6
[TEMPLATE DEBUG] total=746 species_filter=0 restriction=0 direction=221 global_front=0 occupied=327 connection=185 min_dist=4 pre_shell=9 post_shell=5 tested_energy=5
[TEMPLATE DEBUG] camada candidata y: min=55.880000 max=55.880000 n=5
step=00330 species=  C N=00551 vac=0000 axis=y surf=xz Eads=-7.0283 eV P=1.000e+00 E=-4872.1274 eV hmax=34.094 A hmean=33.799 A rough=1.040 A occ1=1.000 tested=5
[TEMPLATE DEBUG] total=746 species_filter=0 restriction=0 direction=221 global_front=0 occupied=329 connection=184 min_dist=2 pre_shell=10 post_shell=5 tested_energy=5
[TEMPLATE DEBUG] camada candidata y: min=55.880000 max=55.880000 n=5
step=00331 species=  C N=00552 vac=0000 axis=y surf=xz Eads=-6.3638 eV P=9.960e-01 E=-4881.7861 eV hmax=34.183 A hmean=33.894 A rough=1.055 A occ1=1.000 tested=5
[TEMPLATE DEBUG] total=746 species_filter=0 restriction=0 direction=221 global_front=0 occupied=330 connection=183 min_dist=2 pre_shell=10 post_shell=4 tested_energy=4
[TEMPLATE DEBUG] camada candidata y: min=55.880000 max=55.880000 n=4
step=00332 species=  C N=00553 vac=0000 axis=y surf=xz Eads=-6.1187 eV P=8.425e-01 E=-4888.3584 eV hmax=34.183 A hmean=33.901 A rough=1.080 A occ1=1.000 tested=4
[TEMPLATE DEBUG] total=746 species_filter=0 restriction=0 direction=221 global_front=0 occupied=331 connection=182 min_dist=2 pre_shell=10 post_shell=3 tested_energy=3
[TEMPLATE DEBUG] camada candidata y: min=55.880000 max=55.880000 n=3
step=00333 species=  C N=00554 vac=0000 axis=y surf=xz Eads=-6.0142 eV P=1.000e+00 E=-4898.5312 eV hmax=34.208 A hmean=33.993 A rough=1.079 A occ1=1.000 tested=3
[TEMPLATE DEBUG] total=746 species_filter=0 restriction=0 direction=221 global_front=0 occupied=332 connection=181 min_dist=2 pre_shell=10 post_shell=2 tested_energy=2
[TEMPLATE DEBUG] camada candidata y: min=55.880000 max=55.880000 n=2
step=00334 species=  C N=00555 vac=0000 axis=y surf=xz Eads=-5.5420 eV P=9.933e-01 E=-4906.3330 eV hmax=34.208 A hmean=34.073 A rough=1.090 A occ1=1.000 tested=2
[TEMPLATE DEBUG] total=746 species_filter=0 restriction=0 direction=221 global_front=0 occupied=333 connection=180 min_dist=2 pre_shell=10 post_shell=1 tested_energy=1
[TEMPLATE DEBUG] camada candidata y: min=55.880000 max=55.880000 n=1
step=00335 species=  C N=00556 vac=0000 axis=y surf=xz Eads=-5.3247 eV P=1.000e+00 E=-4912.6479 eV hmax=34.208 A hmean=34.075 A rough=1.098 A occ1=1.000 tested=1
[TEMPLATE DEBUG] total=746 species_filter=0 restriction=0 direction=221 global_front=0 occupied=334 connection=179 min_dist=2 pre_shell=10 post_shell=10 tested_energy=10
[TEMPLATE DEBUG] camada candidata y: min=57.300000 max=57.300000 n=10
step=00336 species=  C N=00557 vac=0000 axis=y surf=xz Eads=-7.6860 eV P=8.106e-01 E=-4920.8755 eV hmax=35.464 A hmean=34.247 A rough=0.486 A occ1=1.000 tested=10
[TEMPLATE DEBUG] total=746 species_filter=0 restriction=0 direction=221 global_front=0 occupied=335 connection=178 min_dist=2 pre_shell=10 post_shell=9 tested_energy=9
[TEMPLATE DEBUG] camada candidata y: min=57.300000 max=57.300000 n=9
step=00337 species=  C N=00558 vac=0000 axis=y surf=xz Eads=-7.6221 eV P=9.588e-01 E=-4929.1577 eV hmax=35.464 A hmean=34.414 A rough=0.584 A occ1=1.000 tested=9
[TEMPLATE DEBUG] total=746 species_filter=0 restriction=0 direction=221 global_front=0 occupied=336 connection=177 min_dist=2 pre_shell=10 post_shell=8 tested_energy=8
[TEMPLATE DEBUG] camada candidata y: min=57.300000 max=57.300000 n=8
step=00338 species=  C N=00559 vac=0000 axis=y surf=xz Eads=-7.4712 eV P=7.373e-01 E=-4937.4287 eV hmax=35.474 A hmean=34.585 A rough=0.654 A occ1=1.000 tested=8
[TEMPLATE DEBUG] total=746 species_filter=0 restriction=0 direction=221 global_front=0 occupied=338 connection=175 min_dist=1 pre_shell=11 post_shell=7 tested_energy=7
[TEMPLATE DEBUG] camada candidata y: min=57.300000 max=57.300000 n=7
step=00339 species=  C N=00560 vac=0000 axis=y surf=xz Eads=-7.4150 eV P=7.309e-01 E=-4945.0703 eV hmax=35.499 A hmean=34.598 A rough=0.712 A occ1=1.000 tested=7
[TEMPLATE DEBUG] total=746 species_filter=0 restriction=0 direction=221 global_front=0 occupied=339 connection=174 min_dist=1 pre_shell=11 post_shell=6 tested_energy=6
[TEMPLATE DEBUG] camada candidata y: min=57.300000 max=57.300000 n=6
step=00340 species=  C N=00561 vac=0000 axis=y surf=xz Eads=-7.3438 eV P=5.834e-01 E=-4953.7466 eV hmax=35.516 A hmean=34.780 A rough=0.752 A occ1=1.000 tested=6
[TEMPLATE DEBUG] total=746 species_filter=0 restriction=0 direction=221 global_front=0 occupied=340 connection=173 min_dist=1 pre_shell=11 post_shell=5 tested_energy=5
[TEMPLATE DEBUG] camada candidata y: min=57.300000 max=57.300000 n=5
step=00341 species=  C N=00562 vac=0000 axis=y surf=xz Eads=-7.2915 eV P=4.004e-01 E=-4961.3965 eV hmax=35.516 A hmean=34.781 A rough=0.786 A occ1=1.000 tested=5
[TEMPLATE DEBUG] total=746 species_filter=0 restriction=0 direction=221 global_front=0 occupied=341 connection=172 min_dist=1 pre_shell=11 post_shell=4 tested_energy=4
[TEMPLATE DEBUG] camada candidata y: min=57.300000 max=57.300000 n=4
step=00342 species=  C N=00563 vac=0000 axis=y surf=xz Eads=-7.2441 eV P=2.610e-01 E=-4969.0479 eV hmax=35.516 A hmean=34.955 A rough=0.812 A occ1=1.000 tested=4
[TEMPLATE DEBUG] total=746 species_filter=0 restriction=0 direction=221 global_front=0 occupied=342 connection=171 min_dist=1 pre_shell=11 post_shell=3 tested_energy=3
[TEMPLATE DEBUG] camada candidata y: min=57.300000 max=57.300000 n=3
step=00343 species=  C N=00564 vac=0000 axis=y surf=xz Eads=-7.2490 eV P=8.625e-01 E=-4976.7007 eV hmax=35.535 A hmean=35.132 A rough=0.835 A occ1=1.000 tested=3
[TEMPLATE DEBUG] total=746 species_filter=0 restriction=0 direction=221 global_front=0 occupied=343 connection=170 min_dist=1 pre_shell=11 post_shell=2 tested_energy=2
[TEMPLATE DEBUG] camada candidata y: min=57.300000 max=57.300000 n=2
step=00344 species=  C N=00565 vac=0000 axis=y surf=xz Eads=-7.1704 eV P=1.000e+00 E=-4986.6812 eV hmax=35.535 A hmean=35.303 A rough=0.845 A occ1=1.000 tested=2
[TEMPLATE DEBUG] total=746 species_filter=0 restriction=0 direction=221 global_front=0 occupied=343 connection=170 min_dist=3 pre_shell=9 post_shell=1 tested_energy=1
[TEMPLATE DEBUG] camada candidata y: min=57.300000 max=57.300000 n=1
step=00345 species=  C N=00566 vac=0000 axis=y surf=xz Eads=-6.4810 eV P=1.000e+00 E=-4994.1099 eV hmax=35.544 A hmean=35.490 A rough=0.856 A occ1=1.000 tested=1
[TEMPLATE DEBUG] total=746 species_filter=0 restriction=0 direction=221 global_front=0 occupied=344 connection=169 min_dist=3 pre_shell=9 post_shell=9 tested_energy=9
[TEMPLATE DEBUG] camada candidata y: min=58.010000 max=58.010000 n=9
step=00346 species=  C N=00567 vac=0000 axis=y surf=xz Eads=-11.1357 eV P=5.187e-01 E=-5005.5684 eV hmax=36.104 A hmean=35.567 A rough=0.899 A occ1=1.000 tested=9
[TEMPLATE DEBUG] total=746 species_filter=0 restriction=0 direction=221 global_front=0 occupied=345 connection=168 min_dist=3 pre_shell=9 post_shell=8 tested_energy=8
[TEMPLATE DEBUG] camada candidata y: min=58.010000 max=58.010000 n=8
step=00347 species=  C N=00568 vac=0000 axis=y surf=xz Eads=-11.1304 eV P=1.000e+00 E=-5016.9814 eV hmax=36.104 A hmean=35.634 A rough=0.929 A occ1=1.000 tested=8
[TEMPLATE DEBUG] total=746 species_filter=0 restriction=0 direction=221 global_front=0 occupied=346 connection=167 min_dist=3 pre_shell=9 post_shell=7 tested_energy=7
[TEMPLATE DEBUG] camada candidata y: min=58.010000 max=58.010000 n=7
step=00348 species=  C N=00569 vac=0000 axis=y surf=xz Eads=-10.5991 eV P=9.974e-01 E=-5027.8501 eV hmax=36.237 A hmean=35.657 A rough=0.969 A occ1=1.000 tested=7
[TEMPLATE DEBUG] total=746 species_filter=0 restriction=0 direction=221 global_front=0 occupied=347 connection=166 min_dist=3 pre_shell=9 post_shell=6 tested_energy=6
[TEMPLATE DEBUG] camada candidata y: min=58.010000 max=58.010000 n=6
step=00349 species=  C N=00570 vac=0000 axis=y surf=xz Eads=-10.3428 eV P=1.000e+00 E=-5038.4292 eV hmax=36.237 A hmean=35.744 A rough=0.996 A occ1=1.000 tested=6
[TEMPLATE DEBUG] total=746 species_filter=0 restriction=0 direction=221 global_front=0 occupied=348 connection=165 min_dist=3 pre_shell=9 post_shell=5 tested_energy=5
[TEMPLATE DEBUG] camada candidata y: min=58.010000 max=58.010000 n=5
step=00350 species=  C N=00571 vac=0000 axis=y surf=xz Eads=-9.4707 eV P=1.000e+00 E=-5048.6045 eV hmax=36.237 A hmean=35.819 A rough=1.017 A occ1=1.000 tested=5
[TEMPLATE DEBUG] total=746 species_filter=0 restriction=0 direction=221 global_front=0 occupied=349 connection=164 min_dist=3 pre_shell=9 post_shell=4 tested_energy=4
[TEMPLATE DEBUG] camada candidata y: min=58.010000 max=58.010000 n=4
step=00351 species=  C N=00572 vac=0000 axis=y surf=xz Eads=-8.9053 eV P=1.000e+00 E=-5058.1357 eV hmax=36.237 A hmean=35.906 A rough=1.037 A occ1=1.000 tested=4
[TEMPLATE DEBUG] total=746 species_filter=0 restriction=0 direction=221 global_front=0 occupied=350 connection=163 min_dist=3 pre_shell=9 post_shell=3 tested_energy=3
[TEMPLATE DEBUG] camada candidata y: min=58.010000 max=58.010000 n=3
step=00352 species=  C N=00573 vac=0000 axis=y surf=xz Eads=-5.7822 eV P=8.444e-01 E=-5064.8076 eV hmax=36.237 A hmean=36.002 A rough=1.056 A occ1=1.000 tested=3
[TEMPLATE DEBUG] total=746 species_filter=0 restriction=0 direction=221 global_front=0 occupied=351 connection=161 min_dist=3 pre_shell=10 post_shell=1 tested_energy=1
[TEMPLATE DEBUG] camada candidata y: min=57.300000 max=57.300000 n=1
step=00353 species=  C N=00574 vac=0000 axis=y surf=xz Eads=-6.8213 eV P=1.000e+00 E=-5072.6719 eV hmax=36.237 A hmean=35.995 A rough=1.053 A occ1=1.000 tested=1
[TEMPLATE DEBUG] total=746 species_filter=0 restriction=0 direction=221 global_front=0 occupied=352 connection=161 min_dist=2 pre_shell=10 post_shell=1 tested_energy=1
[TEMPLATE DEBUG] camada candidata y: min=55.880000 max=55.880000 n=1
step=00354 species=  C N=00575 vac=0000 axis=y surf=xz Eads=-2.6499 eV P=1.000e+00 E=-5085.5732 eV hmax=36.237 A hmean=35.999 A rough=1.043 A occ1=1.000 tested=1
[TEMPLATE DEBUG] total=746 species_filter=0 restriction=0 direction=221 global_front=0 occupied=353 connection=161 min_dist=2 pre_shell=9 post_shell=2 tested_energy=2
[TEMPLATE DEBUG] camada candidata y: min=58.010000 max=58.010000 n=2
step=00355 species=  C N=00576 vac=0000 axis=y surf=xz Eads=-9.2300 eV P=1.000e+00 E=-5095.7612 eV hmax=36.250 A hmean=36.092 A rough=1.064 A occ1=1.000 tested=2
[TEMPLATE DEBUG] total=746 species_filter=0 restriction=0 direction=221 global_front=0 occupied=354 connection=160 min_dist=2 pre_shell=9 post_shell=1 tested_energy=1
[TEMPLATE DEBUG] camada candidata y: min=58.010000 max=58.010000 n=1
step=00356 species=  C N=00577 vac=0000 axis=y surf=xz Eads=-5.7905 eV P=1.000e+00 E=-5102.4390 eV hmax=36.250 A hmean=36.190 A rough=1.076 A occ1=1.000 tested=1
[TEMPLATE DEBUG] total=746 species_filter=0 restriction=0 direction=221 global_front=0 occupied=355 connection=159 min_dist=2 pre_shell=9 post_shell=9 tested_energy=9
[TEMPLATE DEBUG] camada candidata y: min=59.430000 max=59.430000 n=9
step=00357 species=  C N=00578 vac=0000 axis=y surf=xz Eads=-7.9194 eV P=1.000e+00 E=-5110.8862 eV hmax=37.594 A hmean=36.358 A rough=0.494 A occ1=1.000 tested=9
[TEMPLATE DEBUG] total=746 species_filter=0 restriction=0 direction=221 global_front=0 occupied=356 connection=157 min_dist=2 pre_shell=10 post_shell=8 tested_energy=8
[TEMPLATE DEBUG] camada candidata y: min=59.430000 max=59.430000 n=8
step=00358 species=  C N=00579 vac=0000 axis=y surf=xz Eads=-7.3711 eV P=5.332e-01 E=-5118.4272 eV hmax=37.662 A hmean=36.534 A rough=0.606 A occ1=1.000 tested=8
[TEMPLATE DEBUG] total=746 species_filter=0 restriction=0 direction=221 global_front=0 occupied=357 connection=155 min_dist=2 pre_shell=11 post_shell=7 tested_energy=7
[TEMPLATE DEBUG] camada candidata y: min=59.430000 max=59.430000 n=7
step=00359 species=  C N=00580 vac=0000 axis=y surf=xz Eads=-7.3477 eV P=4.006e-01 E=-5127.9580 eV hmax=37.704 A hmean=36.722 A rough=0.691 A occ1=1.000 tested=7
[TEMPLATE DEBUG] total=746 species_filter=0 restriction=0 direction=221 global_front=0 occupied=358 connection=154 min_dist=2 pre_shell=11 post_shell=6 tested_energy=6
[TEMPLATE DEBUG] camada candidata y: min=59.430000 max=59.430000 n=6
step=00360 species=  C N=00581 vac=0000 axis=y surf=xz Eads=-7.3296 eV P=9.634e-01 E=-5135.5786 eV hmax=37.704 A hmean=36.904 A rough=0.745 A occ1=1.000 tested=6
[TEMPLATE DEBUG] total=746 species_filter=0 restriction=0 direction=221 global_front=0 occupied=359 connection=153 min_dist=2 pre_shell=11 post_shell=5 tested_energy=5
[TEMPLATE DEBUG] camada candidata y: min=59.430000 max=59.430000 n=5
step=00361 species=  C N=00582 vac=0000 axis=y surf=xz Eads=-7.1855 eV P=9.297e-01 E=-5143.8467 eV hmax=37.704 A hmean=36.910 A rough=0.786 A occ1=1.000 tested=5
[TEMPLATE DEBUG] total=746 species_filter=0 restriction=0 direction=221 global_front=0 occupied=359 connection=152 min_dist=4 pre_shell=10 post_shell=4 tested_energy=4
[TEMPLATE DEBUG] camada candidata y: min=59.430000 max=59.430000 n=4
step=00362 species=  C N=00583 vac=0000 axis=y surf=xz Eads=-7.2793 eV P=9.994e-01 E=-5151.4775 eV hmax=37.704 A hmean=37.087 A rough=0.817 A occ1=1.000 tested=4
[TEMPLATE DEBUG] total=746 species_filter=0 restriction=0 direction=221 global_front=0 occupied=360 connection=151 min_dist=4 pre_shell=10 post_shell=3 tested_energy=3
[TEMPLATE DEBUG] camada candidata y: min=59.430000 max=59.430000 n=3
step=00363 species=  C N=00584 vac=0000 axis=y surf=xz Eads=-6.9595 eV P=9.918e-01 E=-5158.9912 eV hmax=37.686 A hmean=37.264 A rough=0.840 A occ1=1.000 tested=3
[TEMPLATE DEBUG] total=746 species_filter=0 restriction=0 direction=221 global_front=0 occupied=361 connection=150 min_dist=4 pre_shell=10 post_shell=2 tested_energy=2
[TEMPLATE DEBUG] camada candidata y: min=59.430000 max=59.430000 n=2
step=00364 species=  C N=00585 vac=0000 axis=y surf=xz Eads=-6.7485 eV P=9.276e-01 E=-5166.2495 eV hmax=37.686 A hmean=37.451 A rough=0.861 A occ1=1.000 tested=2
[TEMPLATE DEBUG] total=746 species_filter=0 restriction=0 direction=221 global_front=0 occupied=362 connection=149 min_dist=4 pre_shell=10 post_shell=1 tested_energy=1
[TEMPLATE DEBUG] camada candidata y: min=59.430000 max=59.430000 n=1
step=00365 species=  C N=00586 vac=0000 axis=y surf=xz Eads=-6.6382 eV P=1.000e+00 E=-5173.4204 eV hmax=37.686 A hmean=37.641 A rough=0.878 A occ1=1.000 tested=1
[TEMPLATE DEBUG] total=746 species_filter=0 restriction=0 direction=221 global_front=0 occupied=363 connection=148 min_dist=4 pre_shell=10 post_shell=10 tested_energy=10
[TEMPLATE DEBUG] camada candidata y: min=60.140000 max=60.140000 n=10
step=00366 species=  C N=00587 vac=0000 axis=y surf=xz Eads=-11.1001 eV P=8.596e-01 E=-5184.9551 eV hmax=38.223 A hmean=37.722 A rough=0.925 A occ1=1.000 tested=10
[TEMPLATE DEBUG] total=746 species_filter=0 restriction=0 direction=221 global_front=0 occupied=364 connection=147 min_dist=4 pre_shell=10 post_shell=9 tested_energy=9
[TEMPLATE DEBUG] camada candidata y: min=60.140000 max=60.140000 n=9
step=00367 species=  C N=00588 vac=0000 axis=y surf=xz Eads=-11.0166 eV P=8.716e-01 E=-5196.6387 eV hmax=38.225 A hmean=37.794 A rough=0.961 A occ1=1.000 tested=9
[TEMPLATE DEBUG] total=746 species_filter=0 restriction=0 direction=221 global_front=0 occupied=365 connection=146 min_dist=4 pre_shell=10 post_shell=8 tested_energy=8
[TEMPLATE DEBUG] camada candidata y: min=60.140000 max=60.140000 n=8
step=00368 species=  C N=00589 vac=0000 axis=y surf=xz Eads=-10.7344 eV P=9.972e-01 E=-5207.6353 eV hmax=38.344 A hmean=37.890 A rough=1.000 A occ1=1.000 tested=8
[TEMPLATE DEBUG] total=746 species_filter=0 restriction=0 direction=221 global_front=0 occupied=366 connection=145 min_dist=4 pre_shell=10 post_shell=7 tested_energy=7
[TEMPLATE DEBUG] camada candidata y: min=60.140000 max=60.140000 n=7
step=00369 species=  C N=00590 vac=0000 axis=y surf=xz Eads=-10.4805 eV P=1.000e+00 E=-5218.6953 eV hmax=38.344 A hmean=37.973 A rough=1.030 A occ1=1.000 tested=7
[TEMPLATE DEBUG] total=746 species_filter=0 restriction=0 direction=221 global_front=0 occupied=367 connection=144 min_dist=4 pre_shell=10 post_shell=6 tested_energy=6
[TEMPLATE DEBUG] camada candidata y: min=60.140000 max=60.140000 n=6
step=00370 species=  C N=00591 vac=0000 axis=y surf=xz Eads=-9.7217 eV P=1.000e+00 E=-5229.5669 eV hmax=38.344 A hmean=38.052 A rough=1.055 A occ1=1.000 tested=6
[TEMPLATE DEBUG] total=746 species_filter=0 restriction=0 direction=221 global_front=0 occupied=368 connection=143 min_dist=4 pre_shell=10 post_shell=5 tested_energy=5
[TEMPLATE DEBUG] camada candidata y: min=60.140000 max=60.140000 n=5
step=00371 species=  C N=00592 vac=0000 axis=y surf=xz Eads=-6.3584 eV P=1.000e+00 E=-5238.3579 eV hmax=38.362 A hmean=38.142 A rough=1.084 A occ1=1.000 tested=5
[TEMPLATE DEBUG] total=746 species_filter=0 restriction=0 direction=221 global_front=0 occupied=370 connection=142 min_dist=2 pre_shell=11 post_shell=5 tested_energy=5
[TEMPLATE DEBUG] camada candidata y: min=60.140000 max=60.140000 n=5
step=00372 species=  C N=00593 vac=0000 axis=y surf=xz Eads=-5.8457 eV P=9.980e-01 E=-5244.7202 eV hmax=38.362 A hmean=38.154 A rough=1.102 A occ1=1.000 tested=5
[TEMPLATE DEBUG] total=746 species_filter=0 restriction=0 direction=221 global_front=0 occupied=371 connection=141 min_dist=2 pre_shell=11 post_shell=4 tested_energy=4
[TEMPLATE DEBUG] camada candidata y: min=60.140000 max=60.140000 n=4
step=00373 species=  C N=00594 vac=0000 axis=y surf=xz Eads=-5.5767 eV P=9.804e-01 E=-5251.7607 eV hmax=38.362 A hmean=38.232 A rough=1.114 A occ1=1.000 tested=4
[TEMPLATE DEBUG] total=746 species_filter=0 restriction=0 direction=221 global_front=0 occupied=372 connection=139 min_dist=2 pre_shell=12 post_shell=1 tested_energy=1
[TEMPLATE DEBUG] camada candidata y: min=59.430000 max=59.430000 n=1
step=00374 species=  C N=00595 vac=0000 axis=y surf=xz Eads=-7.3726 eV P=1.000e+00 E=-5260.1968 eV hmax=38.362 A hmean=38.238 A rough=1.105 A occ1=1.000 tested=1
[TEMPLATE DEBUG] total=746 species_filter=0 restriction=0 direction=221 global_front=0 occupied=374 connection=139 min_dist=1 pre_shell=11 post_shell=3 tested_energy=3
[TEMPLATE DEBUG] camada candidata y: min=60.140000 max=60.140000 n=3
step=00375 species=  C N=00596 vac=0000 axis=y surf=xz Eads=-9.7852 eV P=1.000e+00 E=-5271.4189 eV hmax=38.362 A hmean=38.302 A rough=1.119 A occ1=1.000 tested=3
[TEMPLATE DEBUG] total=746 species_filter=0 restriction=0 direction=221 global_front=0 occupied=375 connection=138 min_dist=0 pre_shell=12 post_shell=1 tested_energy=1
[TEMPLATE DEBUG] camada candidata y: min=58.010000 max=58.010000 n=1
step=00376 species=  C N=00597 vac=0000 axis=y surf=xz Eads=-2.7085 eV P=1.000e+00 E=-5283.9365 eV hmax=38.362 A hmean=38.317 A rough=1.108 A occ1=1.000 tested=1
[TEMPLATE DEBUG] total=746 species_filter=0 restriction=0 direction=221 global_front=0 occupied=376 connection=138 min_dist=0 pre_shell=11 post_shell=2 tested_energy=2
[TEMPLATE DEBUG] camada candidata y: min=60.140000 max=60.140000 n=2
step=00377 species=  C N=00598 vac=0000 axis=y surf=xz Eads=-5.4077 eV P=1.000e+00 E=-5290.3208 eV hmax=38.362 A hmean=38.318 A rough=1.118 A occ1=1.000 tested=2
[TEMPLATE DEBUG] total=746 species_filter=0 restriction=0 direction=221 global_front=0 occupied=377 connection=137 min_dist=0 pre_shell=11 post_shell=1 tested_energy=1
[TEMPLATE DEBUG] camada candidata y: min=60.140000 max=60.140000 n=1
step=00378 species=  C N=00599 vac=0000 axis=y surf=xz Eads=-3.0825 eV P=1.000e+00 E=-5299.2090 eV hmax=38.499 A hmean=38.357 A rough=1.109 A occ1=1.000 tested=1
[TEMPLATE DEBUG] total=746 species_filter=0 restriction=0 direction=221 global_front=0 occupied=378 connection=136 min_dist=0 pre_shell=11 post_shell=11 tested_energy=11
[TEMPLATE DEBUG] camada candidata y: min=61.560000 max=61.560000 n=11
step=00379 species=  C N=00600 vac=0000 axis=y surf=xz Eads=-7.7046 eV P=7.586e-01 E=-5307.4531 eV hmax=39.714 A hmean=38.530 A rough=0.474 A occ1=1.000 tested=11
[TEMPLATE DEBUG] total=746 species_filter=0 restriction=0 direction=221 global_front=0 occupied=379 connection=135 min_dist=0 pre_shell=11 post_shell=10 tested_energy=10
[TEMPLATE DEBUG] camada candidata y: min=61.560000 max=61.560000 n=10
step=00380 species=  C N=00601 vac=0000 axis=y surf=xz Eads=-7.6548 eV P=9.893e-01 E=-5315.7231 eV hmax=39.714 A hmean=38.699 A rough=0.567 A occ1=1.000 tested=10
[TEMPLATE DEBUG] total=746 species_filter=0 restriction=0 direction=221 global_front=0 occupied=380 connection=134 min_dist=0 pre_shell=11 post_shell=9 tested_energy=9
[TEMPLATE DEBUG] camada candidata y: min=61.560000 max=61.560000 n=9
step=00381 species=  C N=00602 vac=0000 axis=y surf=xz Eads=-7.3877 eV P=2.477e-01 E=-5323.3486 eV hmax=39.748 A hmean=38.881 A rough=0.638 A occ1=1.000 tested=9
[TEMPLATE DEBUG] total=746 species_filter=0 restriction=0 direction=221 global_front=0 occupied=381 connection=132 min_dist=0 pre_shell=12 post_shell=8 tested_energy=8
[TEMPLATE DEBUG] camada candidata y: min=61.560000 max=61.560000 n=8
step=00382 species=  C N=00603 vac=0000 axis=y surf=xz Eads=-7.3608 eV P=1.682e-01 E=-5330.9243 eV hmax=39.770 A hmean=39.056 A rough=0.695 A occ1=1.000 tested=8
[TEMPLATE DEBUG] total=746 species_filter=0 restriction=0 direction=221 global_front=0 occupied=382 connection=130 min_dist=0 pre_shell=13 post_shell=7 tested_energy=7
[TEMPLATE DEBUG] camada candidata y: min=61.560000 max=61.560000 n=7
step=00383 species=  C N=00604 vac=0000 axis=y surf=xz Eads=-7.3433 eV P=1.755e-01 E=-5338.5288 eV hmax=39.770 A hmean=39.060 A rough=0.737 A occ1=1.000 tested=7
[TEMPLATE DEBUG] total=746 species_filter=0 restriction=0 direction=221 global_front=0 occupied=383 connection=130 min_dist=0 pre_shell=12 post_shell=6 tested_energy=6
[TEMPLATE DEBUG] camada candidata y: min=61.560000 max=61.560000 n=6
step=00384 species=  C N=00605 vac=0000 axis=y surf=xz Eads=-7.4004 eV P=8.169e-01 E=-5347.3584 eV hmax=39.782 A hmean=39.069 A rough=0.774 A occ1=1.000 tested=6
[TEMPLATE DEBUG] total=746 species_filter=0 restriction=0 direction=221 global_front=0 occupied=384 connection=130 min_dist=0 pre_shell=11 post_shell=5 tested_energy=5
[TEMPLATE DEBUG] camada candidata y: min=61.560000 max=61.560000 n=5
step=00385 species=  C N=00606 vac=0000 axis=y surf=xz Eads=-7.1792 eV P=4.400e-01 E=-5356.2812 eV hmax=39.846 A hmean=39.237 A rough=0.801 A occ1=1.000 tested=5
[TEMPLATE DEBUG] total=746 species_filter=0 restriction=0 direction=221 global_front=0 occupied=384 connection=129 min_dist=2 pre_shell=10 post_shell=4 tested_energy=4
[TEMPLATE DEBUG] camada candidata y: min=61.560000 max=61.560000 n=4
step=00386 species=  C N=00607 vac=0000 axis=y surf=xz Eads=-7.0522 eV P=6.993e-04 E=-5363.9766 eV hmax=39.846 A hmean=39.422 A rough=0.819 A occ1=1.000 tested=4
[TEMPLATE DEBUG] total=746 species_filter=0 restriction=0 direction=221 global_front=0 occupied=385 connection=127 min_dist=2 pre_shell=11 post_shell=3 tested_energy=3
[TEMPLATE DEBUG] camada candidata y: min=61.560000 max=61.560000 n=3
step=00387 species=  C N=00608 vac=0000 axis=y surf=xz Eads=-7.2974 eV P=9.303e-01 E=-5371.5874 eV hmax=39.840 A hmean=39.425 A rough=0.837 A occ1=1.000 tested=3
[TEMPLATE DEBUG] total=746 species_filter=0 restriction=0 direction=221 global_front=0 occupied=386 connection=127 min_dist=2 pre_shell=10 post_shell=2 tested_energy=2
[TEMPLATE DEBUG] camada candidata y: min=61.560000 max=61.560000 n=2
step=00388 species=  C N=00609 vac=0000 axis=y surf=xz Eads=-7.1094 eV P=2.478e-01 E=-5379.1587 eV hmax=39.840 A hmean=39.606 A rough=0.855 A occ1=1.000 tested=2
[TEMPLATE DEBUG] total=746 species_filter=0 restriction=0 direction=221 global_front=0 occupied=387 connection=126 min_dist=2 pre_shell=10 post_shell=1 tested_energy=1
[TEMPLATE DEBUG] camada candidata y: min=61.560000 max=61.560000 n=1
step=00389 species=  C N=00610 vac=0000 axis=y surf=xz Eads=-7.1885 eV P=1.000e+00 E=-5386.5508 eV hmax=39.840 A hmean=39.787 A rough=0.869 A occ1=1.000 tested=1
[TEMPLATE DEBUG] total=746 species_filter=0 restriction=0 direction=221 global_front=0 occupied=388 connection=126 min_dist=2 pre_shell=9 post_shell=9 tested_energy=9
[TEMPLATE DEBUG] camada candidata y: min=62.270000 max=62.270000 n=9
step=00390 species=  C N=00611 vac=0000 axis=y surf=xz Eads=-11.3242 eV P=6.318e-01 E=-5399.6108 eV hmax=40.303 A hmean=39.856 A rough=0.905 A occ1=1.000 tested=9
[TEMPLATE DEBUG] total=746 species_filter=0 restriction=0 direction=221 global_front=0 occupied=389 connection=126 min_dist=3 pre_shell=7 post_shell=6 tested_energy=6
[TEMPLATE DEBUG] camada candidata y: min=62.270000 max=62.270000 n=6
step=00391 species=  C N=00612 vac=0000 axis=y surf=xz Eads=-11.1328 eV P=8.766e-01 E=-5411.4546 eV hmax=40.303 A hmean=39.921 A rough=0.929 A occ1=1.000 tested=6
[TEMPLATE DEBUG] total=746 species_filter=0 restriction=0 direction=221 global_front=0 occupied=390 connection=125 min_dist=3 pre_shell=7 post_shell=5 tested_energy=5
[TEMPLATE DEBUG] camada candidata y: min=62.270000 max=62.270000 n=5
step=00392 species=  C N=00613 vac=0000 axis=y surf=xz Eads=-10.5581 eV P=9.996e-01 E=-5422.6729 eV hmax=40.501 A hmean=40.009 A rough=0.962 A occ1=1.000 tested=5
[TEMPLATE DEBUG] total=746 species_filter=0 restriction=0 direction=221 global_front=0 occupied=391 connection=124 min_dist=3 pre_shell=7 post_shell=4 tested_energy=4
[TEMPLATE DEBUG] camada candidata y: min=62.270000 max=62.270000 n=4
step=00393 species=  C N=00614 vac=0000 axis=y surf=xz Eads=-8.7759 eV P=4.492e-01 E=-5432.2720 eV hmax=40.501 A hmean=40.088 A rough=0.986 A occ1=1.000 tested=4
[TEMPLATE DEBUG] total=746 species_filter=0 restriction=0 direction=221 global_front=0 occupied=392 connection=123 min_dist=3 pre_shell=7 post_shell=3 tested_energy=3
[TEMPLATE DEBUG] camada candidata y: min=62.270000 max=62.270000 n=3
step=00394 species=  C N=00615 vac=0000 axis=y surf=xz Eads=-8.7842 eV P=1.000e+00 E=-5441.7681 eV hmax=40.501 A hmean=40.176 A rough=1.007 A occ1=1.000 tested=3
[TEMPLATE DEBUG] total=746 species_filter=0 restriction=0 direction=221 global_front=0 occupied=393 connection=122 min_dist=3 pre_shell=7 post_shell=2 tested_energy=2
[TEMPLATE DEBUG] camada candidata y: min=62.270000 max=62.270000 n=2
step=00395 species=  C N=00616 vac=0000 axis=y surf=xz Eads=-8.1572 eV P=1.000e+00 E=-5452.1958 eV hmax=40.527 A hmean=40.184 A rough=1.025 A occ1=1.000 tested=2
[TEMPLATE DEBUG] total=746 species_filter=0 restriction=0 direction=221 global_front=0 occupied=394 connection=121 min_dist=3 pre_shell=7 post_shell=1 tested_energy=1
[TEMPLATE DEBUG] camada candidata y: min=62.270000 max=62.270000 n=1
step=00396 species=  C N=00617 vac=0000 axis=y surf=xz Eads=-8.9321 eV P=1.000e+00 E=-5462.4155 eV hmax=40.565 A hmean=40.271 A rough=1.047 A occ1=1.000 tested=1
[TEMPLATE DEBUG] total=746 species_filter=0 restriction=0 direction=221 global_front=0 occupied=395 connection=120 min_dist=3 pre_shell=7 post_shell=7 tested_energy=7
[TEMPLATE DEBUG] camada candidata y: min=63.690000 max=63.690000 n=7
step=00397 species=  C N=00618 vac=0000 axis=y surf=xz Eads=-7.3828 eV P=8.722e-01 E=-5469.9834 eV hmax=41.915 A hmean=40.450 A rough=0.515 A occ1=1.000 tested=7
[TEMPLATE DEBUG] total=746 species_filter=0 restriction=0 direction=221 global_front=0 occupied=396 connection=118 min_dist=3 pre_shell=8 post_shell=6 tested_energy=6
[TEMPLATE DEBUG] camada candidata y: min=63.690000 max=63.690000 n=6
step=00398 species=  C N=00619 vac=0000 axis=y surf=xz Eads=-7.2842 eV P=3.239e-01 E=-5477.5151 eV hmax=41.938 A hmean=40.625 A rough=0.638 A occ1=1.000 tested=6
[TEMPLATE DEBUG] total=746 species_filter=0 restriction=0 direction=221 global_front=0 occupied=397 connection=116 min_dist=3 pre_shell=9 post_shell=5 tested_energy=5
[TEMPLATE DEBUG] camada candidata y: min=63.690000 max=63.690000 n=5
step=00399 species=  C N=00620 vac=0000 axis=y surf=xz Eads=-7.3271 eV P=9.914e-01 E=-5485.0786 eV hmax=41.952 A hmean=40.629 A rough=0.721 A occ1=1.000 tested=5
[TEMPLATE DEBUG] total=746 species_filter=0 restriction=0 direction=221 global_front=0 occupied=398 connection=116 min_dist=3 pre_shell=8 post_shell=4 tested_energy=4
[TEMPLATE DEBUG] camada candidata y: min=63.690000 max=63.690000 n=4
step=00400 species=  C N=00621 vac=0000 axis=y surf=xz Eads=-7.0635 eV P=9.982e-01 E=-5492.5088 eV hmax=41.952 A hmean=40.813 A rough=0.775 A occ1=1.000 tested=4
[TEMPLATE DEBUG] total=746 species_filter=0 restriction=0 direction=221 global_front=0 occupied=399 connection=115 min_dist=3 pre_shell=8 post_shell=3 tested_energy=3
[TEMPLATE DEBUG] camada candidata y: min=63.690000 max=63.690000 n=3
step=00401 species=  C N=00622 vac=0000 axis=y surf=xz Eads=-6.7778 eV P=9.923e-01 E=-5499.7153 eV hmax=41.952 A hmean=41.000 A rough=0.818 A occ1=1.000 tested=3
[TEMPLATE DEBUG] total=746 species_filter=0 restriction=0 direction=221 global_front=0 occupied=400 connection=114 min_dist=3 pre_shell=8 post_shell=2 tested_energy=2
[TEMPLATE DEBUG] camada candidata y: min=63.690000 max=63.690000 n=2
step=00402 species=  C N=00623 vac=0000 axis=y surf=xz Eads=-6.5620 eV P=8.625e-01 E=-5507.1011 eV hmax=41.952 A hmean=41.186 A rough=0.849 A occ1=1.000 tested=2
[TEMPLATE DEBUG] total=746 species_filter=0 restriction=0 direction=221 global_front=0 occupied=401 connection=112 min_dist=3 pre_shell=9 post_shell=1 tested_energy=1
[TEMPLATE DEBUG] camada candidata y: min=63.690000 max=63.690000 n=1
step=00403 species=  C N=00624 vac=0000 axis=y surf=xz Eads=-6.4834 eV P=1.000e+00 E=-5514.7212 eV hmax=41.956 A hmean=41.368 A rough=0.876 A occ1=1.000 tested=1
[TEMPLATE DEBUG] total=746 species_filter=0 restriction=0 direction=221 global_front=0 occupied=401 connection=111 min_dist=4 pre_shell=9 post_shell=9 tested_energy=9
[TEMPLATE DEBUG] camada candidata y: min=64.400000 max=64.400000 n=9
step=00404 species=  C N=00625 vac=0000 axis=y surf=xz Eads=-11.2729 eV P=4.621e-01 E=-5526.5015 eV hmax=42.414 A hmean=41.431 A rough=0.936 A occ1=1.000 tested=9
[TEMPLATE DEBUG] total=746 species_filter=0 restriction=0 direction=221 global_front=0 occupied=402 connection=110 min_dist=4 pre_shell=9 post_shell=8 tested_energy=8
[TEMPLATE DEBUG] camada candidata y: min=64.400000 max=64.400000 n=8
step=00405 species=  C N=00626 vac=0000 axis=y surf=xz Eads=-11.1562 eV P=9.276e-01 E=-5538.0117 eV hmax=42.475 A hmean=41.510 A rough=0.982 A occ1=1.000 tested=8
[TEMPLATE DEBUG] total=746 species_filter=0 restriction=0 direction=221 global_front=0 occupied=403 connection=109 min_dist=4 pre_shell=9 post_shell=7 tested_energy=7
[TEMPLATE DEBUG] camada candidata y: min=64.400000 max=64.400000 n=7
step=00406 species=  C N=00627 vac=0000 axis=y surf=xz Eads=-10.6035 eV P=9.969e-01 E=-5549.1548 eV hmax=42.478 A hmean=41.579 A rough=1.020 A occ1=1.000 tested=7
[TEMPLATE DEBUG] total=746 species_filter=0 restriction=0 direction=221 global_front=0 occupied=404 connection=108 min_dist=4 pre_shell=9 post_shell=6 tested_energy=6
[TEMPLATE DEBUG] camada candidata y: min=64.400000 max=64.400000 n=6
step=00407 species=  C N=00628 vac=0000 axis=y surf=xz Eads=-10.3623 eV P=1.000e+00 E=-5559.9282 eV hmax=42.618 A hmean=41.674 A rough=1.059 A occ1=1.000 tested=6
[TEMPLATE DEBUG] total=746 species_filter=0 restriction=0 direction=221 global_front=0 occupied=405 connection=107 min_dist=4 pre_shell=9 post_shell=5 tested_energy=5
[TEMPLATE DEBUG] camada candidata y: min=64.400000 max=64.400000 n=5
step=00408 species=  C N=00629 vac=0000 axis=y surf=xz Eads=-9.1406 eV P=1.000e+00 E=-5570.1294 eV hmax=42.674 A hmean=41.783 A rough=1.096 A occ1=1.000 tested=5
[TEMPLATE DEBUG] total=746 species_filter=0 restriction=0 direction=221 global_front=0 occupied=406 connection=106 min_dist=4 pre_shell=9 post_shell=4 tested_energy=4
[TEMPLATE DEBUG] camada candidata y: min=64.400000 max=64.400000 n=4
step=00409 species=  C N=00630 vac=0000 axis=y surf=xz Eads=-7.7417 eV P=9.997e-01 E=-5578.4834 eV hmax=42.674 A hmean=41.877 A rough=1.117 A occ1=1.000 tested=4
[TEMPLATE DEBUG] total=746 species_filter=0 restriction=0 direction=221 global_front=0 occupied=407 connection=105 min_dist=4 pre_shell=9 post_shell=3 tested_energy=3
[TEMPLATE DEBUG] camada candidata y: min=64.400000 max=64.400000 n=3
step=00410 species=  C N=00631 vac=0000 axis=y surf=xz Eads=-5.8022 eV P=9.984e-01 E=-5584.8315 eV hmax=42.674 A hmean=41.888 A rough=1.137 A occ1=1.000 tested=3
[TEMPLATE DEBUG] total=746 species_filter=0 restriction=0 direction=221 global_front=0 occupied=408 connection=104 min_dist=4 pre_shell=9 post_shell=2 tested_energy=2
[TEMPLATE DEBUG] camada candidata y: min=64.400000 max=64.400000 n=2
step=00411 species=  C N=00632 vac=0000 axis=y surf=xz Eads=-5.5249 eV P=9.996e-01 E=-5591.0112 eV hmax=42.674 A hmean=41.899 A rough=1.156 A occ1=1.000 tested=2
[TEMPLATE DEBUG] total=746 species_filter=0 restriction=0 direction=221 global_front=0 occupied=409 connection=102 min_dist=4 pre_shell=10 post_shell=1 tested_energy=1
[TEMPLATE DEBUG] camada candidata y: min=63.690000 max=63.690000 n=1
step=00412 species=  C N=00633 vac=0000 axis=y surf=xz Eads=-7.8726 eV P=1.000e+00 E=-5599.6357 eV hmax=42.674 A hmean=42.162 A rough=1.145 A occ1=1.000 tested=1
[TEMPLATE DEBUG] total=746 species_filter=0 restriction=0 direction=221 global_front=0 occupied=410 connection=101 min_dist=4 pre_shell=10 post_shell=2 tested_energy=2
[TEMPLATE DEBUG] camada candidata y: min=64.400000 max=64.400000 n=2
step=00413 species=  C N=00634 vac=0000 axis=y surf=xz Eads=-7.1543 eV P=1.000e+00 E=-5607.0288 eV hmax=42.674 A hmean=42.241 A rough=1.155 A occ1=1.000 tested=2
[TEMPLATE DEBUG] total=746 species_filter=0 restriction=0 direction=221 global_front=0 occupied=411 connection=99 min_dist=4 pre_shell=11 post_shell=1 tested_energy=1
[TEMPLATE DEBUG] camada candidata y: min=63.690000 max=63.690000 n=1
step=00414 species=  C N=00635 vac=0000 axis=y surf=xz Eads=-7.6792 eV P=1.000e+00 E=-5615.2139 eV hmax=42.674 A hmean=42.229 A rough=1.145 A occ1=1.000 tested=1
[TEMPLATE DEBUG] total=746 species_filter=0 restriction=0 direction=221 global_front=0 occupied=412 connection=97 min_dist=4 pre_shell=12 post_shell=1 tested_energy=1
[TEMPLATE DEBUG] camada candidata y: min=62.270000 max=62.270000 n=1
step=00415 species=  C N=00636 vac=0000 axis=y surf=xz Eads=-7.5356 eV P=1.000e+00 E=-5625.5347 eV hmax=42.674 A hmean=42.324 A rough=1.147 A occ1=1.000 tested=1
[TEMPLATE DEBUG] total=746 species_filter=0 restriction=0 direction=221 global_front=0 occupied=414 connection=97 min_dist=1 pre_shell=13 post_shell=2 tested_energy=2
[TEMPLATE DEBUG] camada candidata y: min=62.270000 max=62.270000 n=2
step=00416 species=  C N=00637 vac=0000 axis=y surf=xz Eads=-4.4111 eV P=9.985e-01 E=-5635.8647 eV hmax=42.674 A hmean=42.341 A rough=1.135 A occ1=1.000 tested=2
[TEMPLATE DEBUG] total=746 species_filter=0 restriction=0 direction=221 global_front=0 occupied=415 connection=96 min_dist=1 pre_shell=13 post_shell=1 tested_energy=1
[TEMPLATE DEBUG] camada candidata y: min=62.270000 max=62.270000 n=1
step=00417 species=  C N=00638 vac=0000 axis=y surf=xz Eads=-3.8521 eV P=1.000e+00 E=-5647.3657 eV hmax=42.674 A hmean=42.335 A rough=1.123 A occ1=1.000 tested=1
[TEMPLATE DEBUG] total=746 species_filter=0 restriction=0 direction=221 global_front=0 occupied=416 connection=96 min_dist=1 pre_shell=12 post_shell=1 tested_energy=1
[TEMPLATE DEBUG] camada candidata y: min=63.690000 max=63.690000 n=1
step=00418 species=  C N=00639 vac=0000 axis=y surf=xz Eads=-7.1118 eV P=1.000e+00 E=-5655.1729 eV hmax=42.674 A hmean=42.513 A rough=1.120 A occ1=1.000 tested=1
[TEMPLATE DEBUG] total=746 species_filter=0 restriction=0 direction=221 global_front=0 occupied=417 connection=96 min_dist=1 pre_shell=11 post_shell=2 tested_energy=2
[TEMPLATE DEBUG] camada candidata y: min=64.400000 max=64.400000 n=2
step=00419 species=  C N=00640 vac=0000 axis=y surf=xz Eads=-10.1895 eV P=1.000e+00 E=-5667.2021 eV hmax=42.707 A hmean=42.612 A rough=1.109 A occ1=1.000 tested=2
[TEMPLATE DEBUG] total=746 species_filter=0 restriction=0 direction=221 global_front=0 occupied=419 connection=95 min_dist=0 pre_shell=11 post_shell=1 tested_energy=1
[TEMPLATE DEBUG] camada candidata y: min=64.400000 max=64.400000 n=1
step=00420 species=  C N=00641 vac=0000 axis=y surf=xz Eads=-7.9790 eV P=1.000e+00 E=-5676.3457 eV hmax=42.707 A hmean=42.620 A rough=1.120 A occ1=1.000 tested=1
[TEMPLATE DEBUG] total=746 species_filter=0 restriction=0 direction=221 global_front=0 occupied=420 connection=94 min_dist=0 pre_shell=11 post_shell=11 tested_energy=11
[TEMPLATE DEBUG] camada candidata y: min=65.820000 max=65.820000 n=11
step=00421 species=  C N=00642 vac=0000 axis=y surf=xz Eads=-8.1113 eV P=9.999e-01 E=-5684.6538 eV hmax=44.008 A hmean=42.786 A rough=0.482 A occ1=1.000 tested=11
[TEMPLATE DEBUG] total=746 species_filter=0 restriction=0 direction=221 global_front=0 occupied=421 connection=93 min_dist=0 pre_shell=11 post_shell=10 tested_energy=10
[TEMPLATE DEBUG] camada candidata y: min=65.820000 max=65.820000 n=10
step=00422 species=  C N=00643 vac=0000 axis=y surf=xz Eads=-7.7085 eV P=9.976e-01 E=-5692.9082 eV hmax=44.008 A hmean=42.959 A rough=0.576 A occ1=1.000 tested=10
[TEMPLATE DEBUG] total=746 species_filter=0 restriction=0 direction=221 global_front=0 occupied=422 connection=92 min_dist=0 pre_shell=11 post_shell=9 tested_energy=9
[TEMPLATE DEBUG] camada candidata y: min=65.820000 max=65.820000 n=9
step=00423 species=  C N=00644 vac=0000 axis=y surf=xz Eads=-7.4102 eV P=3.932e-01 E=-5700.5210 eV hmax=44.024 A hmean=43.132 A rough=0.647 A occ1=1.000 tested=9
[TEMPLATE DEBUG] total=746 species_filter=0 restriction=0 direction=221 global_front=0 occupied=423 connection=90 min_dist=0 pre_shell=12 post_shell=8 tested_energy=8
[TEMPLATE DEBUG] camada candidata y: min=65.820000 max=65.820000 n=8
step=00424 species=  C N=00645 vac=0000 axis=y surf=xz Eads=-7.3301 eV P=3.068e-01 E=-5708.1040 eV hmax=44.024 A hmean=43.135 A rough=0.700 A occ1=1.000 tested=8
[TEMPLATE DEBUG] total=746 species_filter=0 restriction=0 direction=221 global_front=0 occupied=424 connection=89 min_dist=0 pre_shell=12 post_shell=7 tested_energy=7
[TEMPLATE DEBUG] camada candidata y: min=65.820000 max=65.820000 n=7
step=00425 species=  C N=00646 vac=0000 axis=y surf=xz Eads=-7.2319 eV P=5.117e-02 E=-5715.7061 eV hmax=44.024 A hmean=43.313 A rough=0.741 A occ1=1.000 tested=7
[TEMPLATE DEBUG] total=746 species_filter=0 restriction=0 direction=221 global_front=0 occupied=425 connection=87 min_dist=0 pre_shell=13 post_shell=6 tested_energy=6
[TEMPLATE DEBUG] camada candidata y: min=65.820000 max=65.820000 n=6
step=00426 species=  C N=00647 vac=0000 axis=y surf=xz Eads=-7.3101 eV P=2.659e-01 E=-5723.2305 eV hmax=44.034 A hmean=43.315 A rough=0.773 A occ1=1.000 tested=6
[TEMPLATE DEBUG] total=746 species_filter=0 restriction=0 direction=221 global_front=0 occupied=426 connection=87 min_dist=0 pre_shell=12 post_shell=5 tested_energy=5
[TEMPLATE DEBUG] camada candidata y: min=65.820000 max=65.820000 n=5
step=00427 species=  C N=00648 vac=0000 axis=y surf=xz Eads=-7.3164 eV P=4.573e-01 E=-5732.6313 eV hmax=44.086 A hmean=43.345 A rough=0.804 A occ1=1.000 tested=5
[TEMPLATE DEBUG] total=746 species_filter=0 restriction=0 direction=221 global_front=0 occupied=427 connection=86 min_dist=0 pre_shell=12 post_shell=4 tested_energy=4
[TEMPLATE DEBUG] camada candidata y: min=65.820000 max=65.820000 n=4
step=00428 species=  C N=00649 vac=0000 axis=y surf=xz Eads=-7.3179 eV P=8.250e-01 E=-5740.1284 eV hmax=44.086 A hmean=43.521 A rough=0.825 A occ1=1.000 tested=4
[TEMPLATE DEBUG] total=746 species_filter=0 restriction=0 direction=221 global_front=0 occupied=428 connection=85 min_dist=0 pre_shell=12 post_shell=3 tested_energy=3
[TEMPLATE DEBUG] camada candidata y: min=65.820000 max=65.820000 n=3
step=00429 species=  C N=00650 vac=0000 axis=y surf=xz Eads=-7.2227 eV P=8.001e-01 E=-5747.7173 eV hmax=44.086 A hmean=43.697 A rough=0.845 A occ1=1.000 tested=3
[TEMPLATE DEBUG] total=746 species_filter=0 restriction=0 direction=221 global_front=0 occupied=429 connection=84 min_dist=0 pre_shell=12 post_shell=2 tested_energy=2
[TEMPLATE DEBUG] camada candidata y: min=65.820000 max=65.820000 n=2
step=00430 species=  C N=00651 vac=0000 axis=y surf=xz Eads=-7.1221 eV P=4.858e-01 E=-5756.0278 eV hmax=44.136 A hmean=43.879 A rough=0.857 A occ1=1.000 tested=2
[TEMPLATE DEBUG] total=746 species_filter=0 restriction=0 direction=221 global_front=0 occupied=429 connection=84 min_dist=2 pre_shell=10 post_shell=1 tested_energy=1
[TEMPLATE DEBUG] camada candidata y: min=65.820000 max=65.820000 n=1
step=00431 species=  C N=00652 vac=0000 axis=y surf=xz Eads=-7.1455 eV P=1.000e+00 E=-5763.4492 eV hmax=44.136 A hmean=44.055 A rough=0.867 A occ1=1.000 tested=1
[TEMPLATE DEBUG] total=746 species_filter=0 restriction=0 direction=221 global_front=0 occupied=430 connection=84 min_dist=2 pre_shell=9 post_shell=9 tested_energy=9
[TEMPLATE DEBUG] camada candidata y: min=66.530000 max=66.530000 n=9
step=00432 species=  C N=00653 vac=0000 axis=y surf=xz Eads=-11.1631 eV P=5.181e-01 E=-5775.2339 eV hmax=44.518 A hmean=44.119 A rough=0.897 A occ1=1.000 tested=9
[TEMPLATE DEBUG] total=746 species_filter=0 restriction=0 direction=221 global_front=0 occupied=431 connection=83 min_dist=2 pre_shell=9 post_shell=8 tested_energy=8
[TEMPLATE DEBUG] camada candidata y: min=66.530000 max=66.530000 n=8
step=00433 species=  C N=00654 vac=0000 axis=y surf=xz Eads=-11.1104 eV P=4.095e-01 E=-5788.5996 eV hmax=44.518 A hmean=44.177 A rough=0.922 A occ1=1.000 tested=8
[TEMPLATE DEBUG] total=746 species_filter=0 restriction=0 direction=221 global_front=0 occupied=431 connection=83 min_dist=4 pre_shell=7 post_shell=5 tested_energy=5
[TEMPLATE DEBUG] camada candidata y: min=66.530000 max=66.530000 n=5
step=00434 species=  C N=00655 vac=0000 axis=y surf=xz Eads=-10.6987 eV P=1.000e+00 E=-5799.5537 eV hmax=44.747 A hmean=44.269 A rough=0.956 A occ1=1.000 tested=5
[TEMPLATE DEBUG] total=746 species_filter=0 restriction=0 direction=221 global_front=0 occupied=432 connection=82 min_dist=4 pre_shell=7 post_shell=4 tested_energy=4
[TEMPLATE DEBUG] camada candidata y: min=66.530000 max=66.530000 n=4
step=00435 species=  C N=00656 vac=0000 axis=y surf=xz Eads=-9.9697 eV P=1.000e+00 E=-5810.3291 eV hmax=44.768 A hmean=44.356 A rough=0.985 A occ1=1.000 tested=4
[TEMPLATE DEBUG] total=746 species_filter=0 restriction=0 direction=221 global_front=0 occupied=433 connection=81 min_dist=4 pre_shell=7 post_shell=3 tested_energy=3
[TEMPLATE DEBUG] camada candidata y: min=66.530000 max=66.530000 n=3
step=00436 species=  C N=00657 vac=0000 axis=y surf=xz Eads=-8.8379 eV P=1.000e+00 E=-5819.8618 eV hmax=44.768 A hmean=44.443 A rough=1.007 A occ1=1.000 tested=3
[TEMPLATE DEBUG] total=746 species_filter=0 restriction=0 direction=221 global_front=0 occupied=434 connection=80 min_dist=4 pre_shell=7 post_shell=2 tested_energy=2
[TEMPLATE DEBUG] camada candidata y: min=66.530000 max=66.530000 n=2
step=00437 species=  C N=00658 vac=0000 axis=y surf=xz Eads=-8.1880 eV P=9.994e-01 E=-5829.4385 eV hmax=44.768 A hmean=44.524 A rough=1.023 A occ1=1.000 tested=2
[TEMPLATE DEBUG] total=746 species_filter=0 restriction=0 direction=221 global_front=0 occupied=435 connection=79 min_dist=4 pre_shell=7 post_shell=1 tested_energy=1
[TEMPLATE DEBUG] camada candidata y: min=66.530000 max=66.530000 n=1
step=00438 species=  C N=00659 vac=0000 axis=y surf=xz Eads=-7.8711 eV P=1.000e+00 E=-5839.2764 eV hmax=44.768 A hmean=44.528 A rough=1.040 A occ1=1.000 tested=1
[TEMPLATE DEBUG] total=746 species_filter=0 restriction=0 direction=221 global_front=0 occupied=436 connection=78 min_dist=4 pre_shell=7 post_shell=7 tested_energy=7
[TEMPLATE DEBUG] camada candidata y: min=67.950000 max=67.950000 n=7
step=00439 species=  C N=00660 vac=0000 axis=y surf=xz Eads=-7.3975 eV P=8.554e-01 E=-5846.9136 eV hmax=46.167 A hmean=44.710 A rough=0.510 A occ1=1.000 tested=7
[TEMPLATE DEBUG] total=746 species_filter=0 restriction=0 direction=221 global_front=0 occupied=437 connection=76 min_dist=4 pre_shell=8 post_shell=6 tested_energy=6
[TEMPLATE DEBUG] camada candidata y: min=67.950000 max=67.950000 n=6
step=00440 species=  C N=00661 vac=0000 axis=y surf=xz Eads=-7.3203 eV P=9.455e-01 E=-5854.4194 eV hmax=46.167 A hmean=44.890 A rough=0.631 A occ1=1.000 tested=6
[TEMPLATE DEBUG] total=746 species_filter=0 restriction=0 direction=221 global_front=0 occupied=438 connection=74 min_dist=4 pre_shell=9 post_shell=5 tested_energy=5
[TEMPLATE DEBUG] camada candidata y: min=67.950000 max=67.950000 n=5
step=00441 species=  C N=00662 vac=0000 axis=y surf=xz Eads=-7.1968 eV P=9.976e-01 E=-5862.0986 eV hmax=46.172 A hmean=45.071 A rough=0.708 A occ1=1.000 tested=5
[TEMPLATE DEBUG] total=746 species_filter=0 restriction=0 direction=221 global_front=0 occupied=439 connection=73 min_dist=4 pre_shell=9 post_shell=4 tested_energy=4
[TEMPLATE DEBUG] camada candidata y: min=67.950000 max=67.950000 n=4
step=00442 species=  C N=00663 vac=0000 axis=y surf=xz Eads=-6.7417 eV P=5.317e-02 E=-5869.3828 eV hmax=46.172 A hmean=45.259 A rough=0.769 A occ1=1.000 tested=4
[TEMPLATE DEBUG] total=746 species_filter=0 restriction=0 direction=221 global_front=0 occupied=440 connection=72 min_dist=4 pre_shell=9 post_shell=3 tested_energy=3
[TEMPLATE DEBUG] camada candidata y: min=67.950000 max=67.950000 n=3
step=00443 species=  C N=00664 vac=0000 axis=y surf=xz Eads=-6.8481 eV P=7.467e-01 E=-5877.1274 eV hmax=46.168 A hmean=45.259 A rough=0.811 A occ1=1.000 tested=3
[TEMPLATE DEBUG] total=746 species_filter=0 restriction=0 direction=221 global_front=0 occupied=441 connection=71 min_dist=4 pre_shell=9 post_shell=2 tested_energy=2
[TEMPLATE DEBUG] camada candidata y: min=67.950000 max=67.950000 n=2
step=00444 species=  C N=00665 vac=0000 axis=y surf=xz Eads=-6.8018 eV P=9.935e-01 E=-5884.5449 eV hmax=46.174 A hmean=45.446 A rough=0.846 A occ1=1.000 tested=2
[TEMPLATE DEBUG] total=746 species_filter=0 restriction=0 direction=221 global_front=0 occupied=442 connection=70 min_dist=4 pre_shell=9 post_shell=1 tested_energy=1
[TEMPLATE DEBUG] camada candidata y: min=67.950000 max=67.950000 n=1
step=00445 species=  C N=00666 vac=0000 axis=y surf=xz Eads=-6.4946 eV P=1.000e+00 E=-5892.1401 eV hmax=46.171 A hmean=45.633 A rough=0.872 A occ1=1.000 tested=1
[TEMPLATE DEBUG] total=746 species_filter=0 restriction=0 direction=221 global_front=0 occupied=443 connection=69 min_dist=4 pre_shell=9 post_shell=9 tested_energy=9
[TEMPLATE DEBUG] camada candidata y: min=68.660000 max=68.660000 n=9
step=00446 species=  C N=00667 vac=0000 axis=y surf=xz Eads=-10.8428 eV P=1.053e-01 E=-5904.7490 eV hmax=46.590 A hmean=45.689 A rough=0.918 A occ1=1.000 tested=9
[TEMPLATE DEBUG] total=746 species_filter=0 restriction=0 direction=221 global_front=0 occupied=443 connection=68 min_dist=6 pre_shell=8 post_shell=7 tested_energy=7
[TEMPLATE DEBUG] camada candidata y: min=68.660000 max=68.660000 n=7
step=00447 species=  C N=00668 vac=0000 axis=y surf=xz Eads=-10.9341 eV P=9.806e-01 E=-5916.0557 eV hmax=46.737 A hmean=45.763 A rough=0.966 A occ1=1.000 tested=7
[TEMPLATE DEBUG] total=746 species_filter=0 restriction=0 direction=221 global_front=0 occupied=444 connection=67 min_dist=6 pre_shell=8 post_shell=6 tested_energy=6
[TEMPLATE DEBUG] camada candidata y: min=68.660000 max=68.660000 n=6
step=00448 species=  C N=00669 vac=0000 axis=y surf=xz Eads=-11.0601 eV P=1.000e+00 E=-5927.3843 eV hmax=46.824 A hmean=45.847 A rough=1.013 A occ1=1.000 tested=6
[TEMPLATE DEBUG] total=746 species_filter=0 restriction=0 direction=221 global_front=0 occupied=445 connection=66 min_dist=6 pre_shell=8 post_shell=5 tested_energy=5
[TEMPLATE DEBUG] camada candidata y: min=68.660000 max=68.660000 n=5
step=00449 species=  C N=00670 vac=0000 axis=y surf=xz Eads=-8.0493 eV P=1.000e+00 E=-5937.6235 eV hmax=46.840 A hmean=45.938 A rough=1.048 A occ1=1.000 tested=5
[TEMPLATE DEBUG] total=746 species_filter=0 restriction=0 direction=221 global_front=0 occupied=447 connection=65 min_dist=4 pre_shell=9 post_shell=5 tested_energy=5
[TEMPLATE DEBUG] camada candidata y: min=68.660000 max=68.660000 n=5
step=00450 species=  C N=00671 vac=0000 axis=y surf=xz Eads=-5.9297 eV P=9.999e-01 E=-5944.0020 eV hmax=46.861 A hmean=45.951 A rough=1.080 A occ1=1.000 tested=5
[TEMPLATE DEBUG] total=746 species_filter=0 restriction=0 direction=221 global_front=0 occupied=448 connection=64 min_dist=4 pre_shell=9 post_shell=4 tested_energy=4
[TEMPLATE DEBUG] camada candidata y: min=68.660000 max=68.660000 n=4
step=00451 species=  C N=00672 vac=0000 axis=y surf=xz Eads=-5.4556 eV P=1.267e-01 E=-5950.1470 eV hmax=46.861 A hmean=46.047 A rough=1.107 A occ1=1.000 tested=4
[TEMPLATE DEBUG] total=746 species_filter=0 restriction=0 direction=221 global_front=0 occupied=449 connection=62 min_dist=4 pre_shell=10 post_shell=1 tested_energy=1
[TEMPLATE DEBUG] camada candidata y: min=67.950000 max=67.950000 n=1
step=00452 species=  C N=00673 vac=0000 axis=y surf=xz Eads=-7.9521 eV P=1.000e+00 E=-5959.1562 eV hmax=46.861 A hmean=45.877 A rough=1.095 A occ1=1.000 tested=1
[TEMPLATE DEBUG] total=746 species_filter=0 restriction=0 direction=221 global_front=0 occupied=450 connection=61 min_dist=4 pre_shell=10 post_shell=4 tested_energy=4
[TEMPLATE DEBUG] camada candidata y: min=68.660000 max=68.660000 n=4
step=00453 species=  C N=00674 vac=0000 axis=y surf=xz Eads=-6.8652 eV P=1.000e+00 E=-5966.3008 eV hmax=46.861 A hmean=46.375 A rough=1.109 A occ1=1.000 tested=4
[TEMPLATE DEBUG] total=746 species_filter=0 restriction=0 direction=221 global_front=0 occupied=451 connection=59 min_dist=4 pre_shell=11 post_shell=1 tested_energy=1
[TEMPLATE DEBUG] camada candidata y: min=67.950000 max=67.950000 n=1
step=00454 species=  C N=00675 vac=0000 axis=y surf=xz Eads=-7.6382 eV P=1.000e+00 E=-5974.5435 eV hmax=46.861 A hmean=46.360 A rough=1.095 A occ1=1.000 tested=1
[TEMPLATE DEBUG] total=746 species_filter=0 restriction=0 direction=221 global_front=0 occupied=453 connection=57 min_dist=3 pre_shell=12 post_shell=1 tested_energy=1
[TEMPLATE DEBUG] camada candidata y: min=66.530000 max=66.530000 n=1
step=00455 species=  C N=00676 vac=0000 axis=y surf=xz Eads=-6.7979 eV P=1.000e+00 E=-5986.1104 eV hmax=46.861 A hmean=46.368 A rough=1.074 A occ1=1.000 tested=1
[TEMPLATE DEBUG] total=746 species_filter=0 restriction=0 direction=221 global_front=0 occupied=454 connection=57 min_dist=3 pre_shell=11 post_shell=4 tested_energy=4
[TEMPLATE DEBUG] camada candidata y: min=68.660000 max=68.660000 n=4
step=00456 species=  C N=00677 vac=0000 axis=y surf=xz Eads=-5.5386 eV P=9.989e-01 E=-5992.6484 eV hmax=46.861 A hmean=46.456 A rough=1.093 A occ1=1.000 tested=4
[TEMPLATE DEBUG] total=746 species_filter=0 restriction=0 direction=221 global_front=0 occupied=455 connection=56 min_dist=3 pre_shell=11 post_shell=3 tested_energy=3
[TEMPLATE DEBUG] camada candidata y: min=68.660000 max=68.660000 n=3
step=00457 species=  C N=00678 vac=0000 axis=y surf=xz Eads=-5.2466 eV P=9.996e-01 E=-5999.9268 eV hmax=46.861 A hmean=46.784 A rough=1.103 A occ1=1.000 tested=3
[TEMPLATE DEBUG] total=746 species_filter=0 restriction=0 direction=221 global_front=0 occupied=455 connection=54 min_dist=4 pre_shell=12 post_shell=1 tested_energy=1
[TEMPLATE DEBUG] camada candidata y: min=67.950000 max=67.950000 n=1
step=00458 species=  C N=00679 vac=0000 axis=y surf=xz Eads=-7.0742 eV P=1.000e+00 E=-6008.5400 eV hmax=46.861 A hmean=46.773 A rough=1.094 A occ1=1.000 tested=1
[TEMPLATE DEBUG] total=746 species_filter=0 restriction=0 direction=221 global_front=0 occupied=456 connection=54 min_dist=4 pre_shell=11 post_shell=2 tested_energy=2
[TEMPLATE DEBUG] camada candidata y: min=68.660000 max=68.660000 n=2
step=00459 species=  C N=00680 vac=0000 axis=y surf=xz Eads=-7.8726 eV P=1.000e+00 E=-6019.0146 eV hmax=46.991 A hmean=46.789 A rough=1.099 A occ1=1.000 tested=2
[TEMPLATE DEBUG] total=746 species_filter=0 restriction=0 direction=221 global_front=0 occupied=456 connection=53 min_dist=4 pre_shell=12 post_shell=1 tested_energy=1
[TEMPLATE DEBUG] camada candidata y: min=66.530000 max=66.530000 n=1
step=00460 species=  C N=00681 vac=0000 axis=y surf=xz Eads=-0.1069 eV P=1.000e+00 E=-6024.3550 eV hmax=46.997 A hmean=46.795 A rough=1.084 A occ1=1.000 tested=1
[TEMPLATE DEBUG] total=746 species_filter=0 restriction=0 direction=221 global_front=0 occupied=457 connection=53 min_dist=3 pre_shell=12 post_shell=1 tested_energy=1
[TEMPLATE DEBUG] camada candidata y: min=65.820000 max=65.820000 n=1
step=00461 species=  C N=00682 vac=0000 axis=y surf=xz Eads=-2.5864 eV P=1.000e+00 E=-6038.6938 eV hmax=46.997 A hmean=46.799 A rough=1.093 A occ1=1.000 tested=1
[TEMPLATE DEBUG] total=746 species_filter=0 restriction=0 direction=221 global_front=0 occupied=458 connection=53 min_dist=3 pre_shell=11 post_shell=1 tested_energy=1
[TEMPLATE DEBUG] camada candidata y: min=68.660000 max=68.660000 n=1
step=00462 species=  C N=00683 vac=0000 axis=y surf=xz Eads=-2.1001 eV P=1.000e+00 E=-6047.1382 eV hmax=46.997 A hmean=46.843 A rough=1.110 A occ1=1.000 tested=1
[TEMPLATE DEBUG] total=746 species_filter=0 restriction=0 direction=221 global_front=0 occupied=459 connection=52 min_dist=3 pre_shell=11 post_shell=11 tested_energy=11
[TEMPLATE DEBUG] camada candidata y: min=70.080000 max=70.080000 n=11
step=00463 species=  C N=00684 vac=0000 axis=y surf=xz Eads=-7.6963 eV P=9.799e-01 E=-6055.3423 eV hmax=48.238 A hmean=47.015 A rough=0.480 A occ1=1.000 tested=11
[TEMPLATE DEBUG] total=746 species_filter=0 restriction=0 direction=221 global_front=0 occupied=460 connection=51 min_dist=3 pre_shell=11 post_shell=10 tested_energy=10
[TEMPLATE DEBUG] camada candidata y: min=70.080000 max=70.080000 n=10
step=00464 species=  C N=00685 vac=0000 axis=y surf=xz Eads=-7.5278 eV P=9.805e-01 E=-6063.6978 eV hmax=48.238 A hmean=47.190 A rough=0.576 A occ1=1.000 tested=10
[TEMPLATE DEBUG] total=746 species_filter=0 restriction=0 direction=221 global_front=0 occupied=461 connection=50 min_dist=3 pre_shell=11 post_shell=9 tested_energy=9
[TEMPLATE DEBUG] camada candidata y: min=70.080000 max=70.080000 n=9
step=00465 species=  C N=00686 vac=0000 axis=y surf=xz Eads=-7.2935 eV P=2.320e-01 E=-6071.2227 eV hmax=48.277 A hmean=47.373 A rough=0.649 A occ1=1.000 tested=9
[TEMPLATE DEBUG] total=746 species_filter=0 restriction=0 direction=221 global_front=0 occupied=462 connection=48 min_dist=3 pre_shell=12 post_shell=8 tested_energy=8
[TEMPLATE DEBUG] camada candidata y: min=70.080000 max=70.080000 n=8
step=00466 species=  C N=00687 vac=0000 axis=y surf=xz Eads=-7.3638 eV P=9.210e-01 E=-6078.8760 eV hmax=48.290 A hmean=47.378 A rough=0.704 A occ1=1.000 tested=8
[TEMPLATE DEBUG] total=746 species_filter=0 restriction=0 direction=221 global_front=0 occupied=463 connection=48 min_dist=3 pre_shell=11 post_shell=7 tested_energy=7
[TEMPLATE DEBUG] camada candidata y: min=70.080000 max=70.080000 n=7
step=00467 species=  C N=00688 vac=0000 axis=y surf=xz Eads=-7.2578 eV P=9.887e-01 E=-6086.8511 eV hmax=48.319 A hmean=47.550 A rough=0.747 A occ1=1.000 tested=7
[TEMPLATE DEBUG] total=746 species_filter=0 restriction=0 direction=221 global_front=0 occupied=464 connection=46 min_dist=3 pre_shell=12 post_shell=6 tested_energy=6
[TEMPLATE DEBUG] camada candidata y: min=70.080000 max=70.080000 n=6
step=00468 species=  C N=00689 vac=0000 axis=y surf=xz Eads=-7.1670 eV P=7.796e-01 E=-6094.5396 eV hmax=48.324 A hmean=47.554 A rough=0.779 A occ1=1.000 tested=6
[TEMPLATE DEBUG] total=746 species_filter=0 restriction=0 direction=221 global_front=0 occupied=465 connection=46 min_dist=3 pre_shell=11 post_shell=5 tested_energy=5
[TEMPLATE DEBUG] camada candidata y: min=70.080000 max=70.080000 n=5
step=00469 species=  C N=00690 vac=0000 axis=y surf=xz Eads=-7.0688 eV P=9.557e-01 E=-6102.1323 eV hmax=48.326 A hmean=47.738 A rough=0.805 A occ1=1.000 tested=5
[TEMPLATE DEBUG] total=746 species_filter=0 restriction=0 direction=221 global_front=0 occupied=466 connection=45 min_dist=3 pre_shell=11 post_shell=4 tested_energy=4
[TEMPLATE DEBUG] camada candidata y: min=70.080000 max=70.080000 n=4
step=00470 species=  C N=00691 vac=0000 axis=y surf=xz Eads=-6.9365 eV P=1.000e+00 E=-6109.9600 eV hmax=48.326 A hmean=47.937 A rough=0.817 A occ1=1.000 tested=4
[TEMPLATE DEBUG] total=746 species_filter=0 restriction=0 direction=221 global_front=0 occupied=467 connection=44 min_dist=3 pre_shell=11 post_shell=3 tested_energy=3
[TEMPLATE DEBUG] camada candidata y: min=70.080000 max=70.080000 n=3
step=00471 species=  C N=00692 vac=0000 axis=y surf=xz Eads=-6.7119 eV P=1.000e+00 E=-6117.4570 eV hmax=48.329 A hmean=48.128 A rough=0.834 A occ1=1.000 tested=3
[TEMPLATE DEBUG] total=746 species_filter=0 restriction=0 direction=221 global_front=0 occupied=468 connection=43 min_dist=3 pre_shell=11 post_shell=2 tested_energy=2
[TEMPLATE DEBUG] camada candidata y: min=70.080000 max=70.080000 n=2
step=00472 species=  C N=00693 vac=0000 axis=y surf=xz Eads=-6.1636 eV P=1.000e+00 E=-6124.4990 eV hmax=48.329 A hmean=48.279 A rough=0.847 A occ1=1.000 tested=2
[TEMPLATE DEBUG] total=746 species_filter=0 restriction=0 direction=221 global_front=0 occupied=469 connection=42 min_dist=2 pre_shell=12 post_shell=1 tested_energy=1
[TEMPLATE DEBUG] camada candidata y: min=67.950000 max=67.950000 n=1
step=00473 species=  C N=00694 vac=0000 axis=y surf=xz Eads=+2.6318 eV P=1.000e+00 E=-6128.5605 eV hmax=48.329 A hmean=48.287 A rough=0.858 A occ1=1.000 tested=1
[TEMPLATE DEBUG] total=746 species_filter=0 restriction=0 direction=221 global_front=0 occupied=470 connection=42 min_dist=2 pre_shell=11 post_shell=1 tested_energy=1
[TEMPLATE DEBUG] camada candidata y: min=70.080000 max=70.080000 n=1
step=00474 species=  C N=00695 vac=0000 axis=y surf=xz Eads=-4.9653 eV P=1.000e+00 E=-6138.9233 eV hmax=48.429 A hmean=48.300 A rough=0.871 A occ1=1.000 tested=1
[TEMPLATE DEBUG] total=746 species_filter=0 restriction=0 direction=221 global_front=0 occupied=471 connection=42 min_dist=2 pre_shell=10 post_shell=10 tested_energy=10
[TEMPLATE DEBUG] camada candidata y: min=70.790000 max=70.790000 n=10
step=00475 species=  C N=00696 vac=0000 axis=y surf=xz Eads=-11.1250 eV P=1.762e-01 E=-6152.0400 eV hmax=48.797 A hmean=48.365 A rough=0.899 A occ1=1.000 tested=10
[TEMPLATE DEBUG] total=746 species_filter=0 restriction=0 direction=221 global_front=0 occupied=471 connection=41 min_dist=4 pre_shell=9 post_shell=8 tested_energy=8
[TEMPLATE DEBUG] camada candidata y: min=70.790000 max=70.790000 n=8
step=00476 species=  C N=00697 vac=0000 axis=y surf=xz Eads=-11.1836 eV P=8.455e-01 E=-6165.4092 eV hmax=48.797 A hmean=48.394 A rough=0.918 A occ1=1.000 tested=8
[TEMPLATE DEBUG] total=746 species_filter=0 restriction=0 direction=221 global_front=0 occupied=472 connection=40 min_dist=5 pre_shell=8 post_shell=6 tested_energy=6
[TEMPLATE DEBUG] camada candidata y: min=70.790000 max=70.790000 n=6
step=00477 species=  C N=00698 vac=0000 axis=y surf=xz Eads=-9.5532 eV P=9.882e-01 E=-6180.0215 eV hmax=48.921 A hmean=48.573 A rough=0.979 A occ1=1.000 tested=6
[TEMPLATE DEBUG] total=746 species_filter=0 restriction=0 direction=221 global_front=0 occupied=474 connection=38 min_dist=5 pre_shell=8 post_shell=4 tested_energy=4
[TEMPLATE DEBUG] camada candidata y: min=70.790000 max=70.790000 n=4
step=00478 species=  C N=00699 vac=0000 axis=y surf=xz Eads=-9.3618 eV P=1.000e+00 E=-6190.1035 eV hmax=48.921 A hmean=48.661 A rough=1.003 A occ1=1.000 tested=4
[TEMPLATE DEBUG] total=746 species_filter=0 restriction=0 direction=221 global_front=0 occupied=475 connection=37 min_dist=5 pre_shell=8 post_shell=3 tested_energy=3
[TEMPLATE DEBUG] camada candidata y: min=70.790000 max=70.790000 n=3
step=00479 species=  C N=00700 vac=0000 axis=y surf=xz Eads=-7.7671 eV P=4.943e-01 E=-6199.5239 eV hmax=48.921 A hmean=48.739 A rough=1.019 A occ1=1.000 tested=3
[TEMPLATE DEBUG] total=746 species_filter=0 restriction=0 direction=221 global_front=0 occupied=476 connection=36 min_dist=4 pre_shell=9 post_shell=3 tested_energy=3
[TEMPLATE DEBUG] camada candidata y: min=70.790000 max=70.790000 n=3
step=00480 species=  C N=00701 vac=0000 axis=y surf=xz Eads=-7.7681 eV P=1.000e+00 E=-6209.8193 eV hmax=49.044 A hmean=48.813 A rough=1.038 A occ1=1.000 tested=3
[TEMPLATE DEBUG] total=746 species_filter=0 restriction=0 direction=221 global_front=0 occupied=477 connection=35 min_dist=4 pre_shell=9 post_shell=2 tested_energy=2
[TEMPLATE DEBUG] camada candidata y: min=70.790000 max=70.790000 n=2
step=00481 species=  C N=00702 vac=0000 axis=y surf=xz Eads=-6.8105 eV P=1.000e+00 E=-6219.5537 eV hmax=49.044 A hmean=48.914 A rough=1.055 A occ1=1.000 tested=2
[TEMPLATE DEBUG] total=746 species_filter=0 restriction=0 direction=221 global_front=0 occupied=479 connection=34 min_dist=2 pre_shell=10 post_shell=2 tested_energy=2
[TEMPLATE DEBUG] camada candidata y: min=70.790000 max=70.790000 n=2
step=00482 species=  C N=00703 vac=0000 axis=y surf=xz Eads=-6.2017 eV P=1.000e+00 E=-6228.6797 eV hmax=49.091 A hmean=48.953 A rough=1.074 A occ1=1.000 tested=2
[TEMPLATE DEBUG] total=746 species_filter=0 restriction=0 direction=221 global_front=0 occupied=480 connection=33 min_dist=2 pre_shell=10 post_shell=1 tested_energy=1
[TEMPLATE DEBUG] camada candidata y: min=70.790000 max=70.790000 n=1
step=00483 species=  C N=00704 vac=0000 axis=y surf=xz Eads=-3.1064 eV P=1.000e+00 E=-6237.7627 eV hmax=49.162 A hmean=48.981 A rough=1.031 A occ1=1.000 tested=1
[TEMPLATE DEBUG] total=746 species_filter=0 restriction=0 direction=221 global_front=0 occupied=481 connection=32 min_dist=2 pre_shell=10 post_shell=10 tested_energy=10
[TEMPLATE DEBUG] camada candidata y: min=72.210000 max=72.210000 n=10
step=00484 species=  C N=00705 vac=0000 axis=y surf=xz Eads=-7.2422 eV P=1.988e-01 E=-6245.6079 eV hmax=50.364 A hmean=49.172 A rough=0.488 A occ1=1.000 tested=10
[TEMPLATE DEBUG] total=746 species_filter=0 restriction=0 direction=221 global_front=0 occupied=482 connection=30 min_dist=2 pre_shell=11 post_shell=9 tested_energy=9
[TEMPLATE DEBUG] camada candidata y: min=72.210000 max=72.210000 n=9
step=00485 species=  C N=00706 vac=0000 axis=y surf=xz Eads=-7.2324 eV P=2.222e-01 E=-6253.1440 eV hmax=50.397 A hmean=49.352 A rough=0.589 A occ1=1.000 tested=9
[TEMPLATE DEBUG] total=746 species_filter=0 restriction=0 direction=221 global_front=0 occupied=483 connection=28 min_dist=2 pre_shell=12 post_shell=8 tested_energy=8
[TEMPLATE DEBUG] camada candidata y: min=72.210000 max=72.210000 n=8
step=00486 species=  C N=00707 vac=0000 axis=y surf=xz Eads=-7.2402 eV P=1.591e-01 E=-6260.8125 eV hmax=50.446 A hmean=49.525 A rough=0.665 A occ1=1.000 tested=8
[TEMPLATE DEBUG] total=746 species_filter=0 restriction=0 direction=221 global_front=0 occupied=484 connection=26 min_dist=2 pre_shell=13 post_shell=7 tested_energy=7
[TEMPLATE DEBUG] camada candidata y: min=72.210000 max=72.210000 n=7
step=00487 species=  C N=00708 vac=0000 axis=y surf=xz Eads=-7.3091 eV P=8.925e-01 E=-6268.6812 eV hmax=50.446 A hmean=49.681 A rough=0.719 A occ1=1.000 tested=7
[TEMPLATE DEBUG] total=746 species_filter=0 restriction=0 direction=221 global_front=0 occupied=485 connection=25 min_dist=2 pre_shell=13 post_shell=6 tested_energy=6
[TEMPLATE DEBUG] camada candidata y: min=72.210000 max=72.210000 n=6
step=00488 species=  C N=00709 vac=0000 axis=y surf=xz Eads=-7.2026 eV P=7.618e-01 E=-6276.2803 eV hmax=50.456 A hmean=49.685 A rough=0.760 A occ1=1.000 tested=6
[TEMPLATE DEBUG] total=746 species_filter=0 restriction=0 direction=221 global_front=0 occupied=486 connection=25 min_dist=2 pre_shell=12 post_shell=5 tested_energy=5
[TEMPLATE DEBUG] camada candidata y: min=72.210000 max=72.210000 n=5
step=00489 species=  C N=00710 vac=0000 axis=y surf=xz Eads=-7.1548 eV P=9.906e-01 E=-6283.7729 eV hmax=50.470 A hmean=49.868 A rough=0.797 A occ1=1.000 tested=5
[TEMPLATE DEBUG] total=746 species_filter=0 restriction=0 direction=221 global_front=0 occupied=487 connection=23 min_dist=2 pre_shell=13 post_shell=4 tested_energy=4
[TEMPLATE DEBUG] camada candidata y: min=72.210000 max=72.210000 n=4
step=00490 species=  C N=00711 vac=0000 axis=y surf=xz Eads=-7.1831 eV P=9.990e-01 E=-6291.3618 eV hmax=50.512 A hmean=50.058 A rough=0.826 A occ1=1.000 tested=4
[TEMPLATE DEBUG] total=746 species_filter=0 restriction=0 direction=221 global_front=0 occupied=488 connection=23 min_dist=2 pre_shell=12 post_shell=3 tested_energy=3
[TEMPLATE DEBUG] camada candidata y: min=72.210000 max=72.210000 n=3
step=00491 species=  C N=00712 vac=0000 axis=y surf=xz Eads=-6.8066 eV P=8.115e-01 E=-6298.7979 eV hmax=50.542 A hmean=50.074 A rough=0.855 A occ1=1.000 tested=3
[TEMPLATE DEBUG] total=746 species_filter=0 restriction=0 direction=221 global_front=0 occupied=489 connection=23 min_dist=2 pre_shell=11 post_shell=2 tested_energy=2
[TEMPLATE DEBUG] camada candidata y: min=72.210000 max=72.210000 n=2
step=00492 species=  C N=00713 vac=0000 axis=y surf=xz Eads=-6.7358 eV P=9.594e-01 E=-6306.1895 eV hmax=50.542 A hmean=50.261 A rough=0.871 A occ1=1.000 tested=2
[TEMPLATE DEBUG] total=746 species_filter=0 restriction=0 direction=221 global_front=0 occupied=490 connection=22 min_dist=2 pre_shell=11 post_shell=1 tested_energy=1
[TEMPLATE DEBUG] camada candidata y: min=72.210000 max=72.210000 n=1
step=00493 species=  C N=00714 vac=0000 axis=y surf=xz Eads=-6.5986 eV P=1.000e+00 E=-6313.2690 eV hmax=50.542 A hmean=50.446 A rough=0.886 A occ1=1.000 tested=1
[TEMPLATE DEBUG] total=746 species_filter=0 restriction=0 direction=221 global_front=0 occupied=491 connection=21 min_dist=2 pre_shell=11 post_shell=11 tested_energy=11
[TEMPLATE DEBUG] camada candidata y: min=72.920000 max=72.920000 n=11
step=00494 species=  C N=00715 vac=0000 axis=y surf=xz Eads=-11.1299 eV P=6.168e-02 E=-6324.7725 eV hmax=51.022 A hmean=50.523 A rough=0.928 A occ1=1.000 tested=11
[TEMPLATE DEBUG] total=746 species_filter=0 restriction=0 direction=221 global_front=0 occupied=492 connection=20 min_dist=2 pre_shell=11 post_shell=10 tested_energy=10
[TEMPLATE DEBUG] camada candidata y: min=72.920000 max=72.920000 n=10
step=00495 species=  C N=00716 vac=0000 axis=y surf=xz Eads=-11.2422 eV P=7.583e-01 E=-6336.5186 eV hmax=51.022 A hmean=50.581 A rough=0.952 A occ1=1.000 tested=10
[TEMPLATE DEBUG] total=746 species_filter=0 restriction=0 direction=221 global_front=0 occupied=493 connection=19 min_dist=2 pre_shell=11 post_shell=9 tested_energy=9
[TEMPLATE DEBUG] camada candidata y: min=72.920000 max=72.920000 n=9
step=00496 species=  C N=00717 vac=0000 axis=y surf=xz Eads=-11.0732 eV P=8.487e-01 E=-6350.4219 eV hmax=51.022 A hmean=50.650 A rough=0.979 A occ1=1.000 tested=9
[TEMPLATE DEBUG] total=746 species_filter=0 restriction=0 direction=221 global_front=0 occupied=492 connection=18 min_dist=6 pre_shell=9 post_shell=6 tested_energy=6
[TEMPLATE DEBUG] camada candidata y: min=72.920000 max=72.920000 n=6
step=00497 species=  C N=00718 vac=0000 axis=y surf=xz Eads=-10.6694 eV P=9.999e-01 E=-6361.8037 eV hmax=51.022 A hmean=50.724 A rough=1.003 A occ1=1.000 tested=6
[TEMPLATE DEBUG] total=746 species_filter=0 restriction=0 direction=221 global_front=0 occupied=493 connection=17 min_dist=6 pre_shell=9 post_shell=5 tested_energy=5
[TEMPLATE DEBUG] camada candidata y: min=72.920000 max=72.920000 n=5
step=00498 species=  C N=00719 vac=0000 axis=y surf=xz Eads=-10.2437 eV P=1.000e+00 E=-6372.4839 eV hmax=51.149 A hmean=50.818 A rough=1.033 A occ1=1.000 tested=5
[TEMPLATE DEBUG] total=746 species_filter=0 restriction=0 direction=221 global_front=0 occupied=494 connection=16 min_dist=6 pre_shell=9 post_shell=4 tested_energy=4
[TEMPLATE DEBUG] camada candidata y: min=72.920000 max=72.920000 n=4
step=00499 species=  C N=00720 vac=0000 axis=y surf=xz Eads=-7.1201 eV P=1.000e+00 E=-6382.2402 eV hmax=51.149 A hmean=50.910 A rough=1.055 A occ1=1.000 tested=4
[TEMPLATE DEBUG] total=746 species_filter=0 restriction=0 direction=221 global_front=0 occupied=496 connection=15 min_dist=4 pre_shell=10 post_shell=4 tested_energy=4
[TEMPLATE DEBUG] camada candidata y: min=72.920000 max=72.920000 n=4
step=00500 species=  C N=00721 vac=0000 axis=y surf=xz Eads=-6.5898 eV P=1.000e+00 E=-6391.0005 eV hmax=51.177 A hmean=51.011 A rough=1.082 A occ1=1.000 tested=4

Arquivos salvos:
  grafeno_cutoff.traj
  grafeno_cutoff.csv
  grafeno_cutoff_initial.xyz
  grafeno_cutoff_initial.cif
  grafeno_cutoff_checkpoint.xyz
  grafeno_cutoff_checkpoint.cif
  grafeno_cutoff_vacancies.csv
  grafeno_cutoff_final.xyz
  grafeno_cutoff_final.cif
