step,event_type,deposited_species,intended_species,impurity_kind,is_vacancy,species_flux,anchor_mode,growth_axis,surface_axes,n_atoms,n_initial,n_added,n_vacancies,n_growth_events,kmc_time,dt,temperature_K,flux_ML_s,n_sites,deposition_total_rate_s_inv,e_total_eV,e_before_eV,e_after_eV,delta_e_relaxed_eV,e_ads_unrelaxed_eV,chosen_boltzmann_probability,rate_s_inv,total_rate_s_inv,mobile_count,added_index,anchor_index,n_surface_anchors,n_tested_candidates,min_distance_A,x_event_A,y_event_A,z_event_A,surface_area_A2,gamma_initial_eV_A2,gamma_effective_eV_A2,gamma_effective_J_m2,top_coord_A,bottom_coord_A,slab_thickness_A,growth_height_A,roughness_A,coverage_estimate_ML,front_mean_A,front_median_A,front_p90_A,front_grid_rms_A,front_grid_occupied_fraction,growth_front_mean_A,growth_front_median_A,growth_front_p90_A,first_template_layer_occupancy,highest_90pct_complete_layer,n_template_layers,contiguous_90pct_complete_layers,contiguous_complete_layer_fraction,mean_template_layer_occupancy,n_template_growth_sites,n_occupied_template_growth_sites,template_growth_occupancy_fraction,frozen_vacancy_fraction_of_template,incorporation_efficiency_per_event,added_areal_density_atoms_A2,growth_front_mean_per_event_A,growth_front_mean_per_added_atom_A,growth_front_mean_per_template_site_A,template_growth_extent_A,growth_front_mean_fraction_of_template,coordination_mean,coordination_surface_mean,coordination_added_mean,fraction_added_CN4
1,template_deposition,C,C,none,0,1.0,template_site:index=231:site=C:neigh=1:ahead0=1.420:mode=shell,y,xz,222,221,1,0,1,29.559926750065884,29.559926750065884,500.0,0.001,63.987803674999995,0.063987803675,-1917.8589,-1910.0922,-1917.8589,-7.7667236,-7.7667236,0.4978481033647285,0.063987803675,0.063987803675,0,221,231,11,11,1.4199999996689978,25.095121470830364,23.219999998858995,10.0,511.90242939999996,0.0,-0.015172273,-0.24308662,23.219999998858995,0.5000000008100001,22.719999998048994,1.4199999996689954,0.5041161151911022,0.01562797818595389,21.977499999148623,21.79999999919,22.2259999990907,0.46962085760449535,0.125,0.17749999995862353,0.0,0.42599999990070003,0.09090909090909091,-1,50,0,0.0,0.0018181818181818182,525,1,0.0019047619047619048,0.0,1.0,0.001953497273244236,0.17749999995862353,0.17749999995862353,0.0003380952380164258,53.24999999595011,0.0033333333328098244,2.7567567567567566,2.3636363636363638,1.0,0.0
2,template_deposition,C,C,none,0,1.0,template_site:index=221:site=C:neigh=1:ahead0=1.420:mode=shell,y,xz,223,221,2,0,2,70.58411819465928,41.0241914445934,500.0,0.001,63.987803674999995,0.063987803675,-1926.1663,-1917.8589,-1926.1663,-8.307373,-7.7666016,0.9769036370671824,0.063987803675,0.063987803675,5,222,221,10,10,1.4199999996689978,0.49999999916963384,23.219999998858995,10.0,511.90242939999996,0.0,-0.031400703,-0.50309473,23.219999998858995,0.5000000008100001,22.719999998048994,1.4199999996689954,0.5951178164966009,0.03125595637190778,22.148780047706015,21.79999999919,23.185168271012095,0.604232834187484,0.125,0.34878004851601574,0.0,1.3851682718220957,0.18181818181818182,-1,50,0,0.0,0.0036363636363636364,525,2,0.0038095238095238095,0.0,1.0,0.003906994546488472,0.17439002425800787,0.17439002425800787,0.0006643429495543157,53.24999999595011,0.006549860066526609,2.7533632286995515,2.347826086956522,1.0,0.0
3,template_deposition,C,C,none,0,1.0,template_site:index=230:site=C:neigh=1:ahead0=1.420:mode=shell,y,xz,224,221,3,0,3,86.30543074191401,15.721312547254724,500.0,0.001,63.987803674999995,0.063987803675,-1934.2587,-1926.1663,-1934.2587,-8.092407,-7.5897217,0.7404036160825711,0.063987803675,0.063987803675,9,223,230,9,9,1.4199999996689978,22.635609322640487,23.219999998858995,10.0,511.90242939999996,0.0,-0.0472092,-0.7563748,23.198260834112844,0.5000000008100001,22.698260833302843,1.3982608349228443,0.6586360219614206,0.04688393455786167,22.141501797722505,21.79999999919,23.17864652158825,0.6021872161725866,0.125,0.34150179853250506,0.0,1.378646522398249,0.2727272727272727,-1,50,0,0.0,0.005454545454545454,525,3,0.005714285714285714,0.0,1.0,0.005860491819732709,0.11383393284416836,0.11383393284416836,0.0006504796162523906,53.24999999595011,0.006413179315652164,2.75,2.3333333333333335,1.0,0.0
4,template_deposition,C,C,none,0,1.0,template_site:index=224:site=C:neigh=1:ahead0=1.420:mode=shell,y,xz,225,221,4,0,4,96.9072200085072,10.601789266593189,500.0,0.001,63.987803674999995,0.063987803675,-1941.8748,-1934.2587,-1941.8748,-7.616089,-7.463867,0.1754317831218083,0.063987803675,0.063987803675,8,224,224,8,8,1.4199999996689978,7.878536441179756,23.219999998858995,10.0,511.90242939999996,0.0,-0.062087208,-0.99474674,23.20544940963577,0.5000000008100001,22.705449408825768,1.4054494104457689,0.7101544423478517,0.06251191274381555,22.30873456118698,21.79999999919,23.20041740676972,0.683841323173607,0.125,0.508734561996981,0.0,1.4004174075797202,0.36363636363636365,-1,50,0,0.0,0.007272727272727273,525,4,0.007619047619047619,0.0,1.0,0.007813989092976944,0.12718364049924524,0.12718364049924524,0.0009690182133275828,53.24999999595011,0.009553700695505585,2.7466666666666666,2.32,1.0,0.0
5,template_deposition,C,C,none,0,1.0,template_site:index=226:site=C:neigh=1:ahead0=1.420:mode=shell,y,xz,226,221,5,0,5,109.9648251679267,13.057605159419513,500.0,0.001,63.987803674999995,0.063987803675,-1949.4496,-1941.8748,-1949.4496,-7.574829,-7.4622803,0.3099973507238289,0.063987803675,0.063987803675,8,225,226,7,7,1.4199999996689978,12.797560735,23.219999998858995,10.0,511.90242939999996,0.0,-0.07688461,-1.2318274,23.20546730279069,0.5000000008100001,22.70546730198069,1.405467303600691,0.7503575633730796,0.07813989092976945,22.48455967383586,22.48512019341957,23.205454777582244,0.7104473158754437,0.125,0.6845596746458611,0.6851201942295688,1.4054547783922438,0.45454545454545453,-1,50,0,0.0,0.00909090909090909,525,5,0.009523809523809525,0.0,1.0,0.00976748636622118,0.13691193492917222,0.13691193492917222,0.0013039231898016401,53.24999999595011,0.012855580745500934,2.743362831858407,2.3076923076923075,1.0,0.0
6,template_deposition,C,C,none,0,1.0,template_site:index=228:site=C:neigh=1:ahead0=1.420:mode=shell,y,xz,227,221,6,0,6,147.47282384160906,37.50799867368236,500.0,0.001,63.987803674999995,0.063987803675,-1956.9855,-1949.4496,-1956.9855,-7.5358887,-7.462036,0.8278370526918436,0.063987803675,0.063987803675,8,226,228,6,6,1.4199999996689978,17.716585028820244,23.219999998858995,10.0,511.90242939999996,0.0,-0.091605954,-1.4676893,23.20546730279069,0.5000000008100001,22.70546730198069,1.405467303600691,0.782025782817022,0.09376786911572334,22.660611588111458,23.18425061088099,23.205454777582244,0.692437126338242,0.125,0.8606115889214578,1.384250611690991,1.4054547783922438,0.5454545454545454,-1,50,0,0.0,0.010909090909090908,525,6,0.011428571428571429,0.0,1.0,0.011720983639465417,0.14343526482024296,0.14343526482024296,0.0016392601693742054,53.24999999595011,0.016161719980974855,2.7400881057268722,2.2962962962962963,1.0,0.0
7,template_deposition,C,C,none,0,1.0,template_site:index=222:site=C:neigh=1:ahead0=1.420:mode=shell,y,xz,228,221,7,0,7,150.44416210252203,2.971338260912979,500.0,0.001,63.987803674999995,0.063987803675,-1964.5398,-1956.9855,-1964.5398,-7.5543213,-7.345825,0.3344778977022264,0.063987803675,0.063987803675,9,227,222,5,5,1.4629953277066712,2.959512147359512,23.219999998858995,10.0,511.90242939999996,0.0,-0.1063633,-1.7041279,23.20546730279069,0.5000000008100001,22.70546730198069,1.405467303600691,0.8079531060969821,0.10939584730167722,22.663241562205492,23.19567147499744,23.205454777582244,0.69486721153752,0.125,0.8632415630154924,1.3956714758074398,1.4054547783922438,0.6363636363636364,-1,50,0,0.0,0.012727272727272728,525,7,0.013333333333333334,0.0,1.0,0.013674480912709652,0.12332022328792748,0.12332022328792748,0.0016442696438390332,53.24999999595011,0.016211109165843108,2.736842105263158,2.2857142857142856,1.0,0.0
8,template_deposition,C,C,none,0,1.0,template_site:index=227:site=C:neigh=1:ahead0=1.420:mode=shell,y,xz,229,221,8,0,8,173.87851060298155,23.434348500459517,500.0,0.001,63.987803674999995,0.063987803675,-1972.0979,-1964.5398,-1972.0979,-7.5581055,-7.326416,0.40473697191800745,0.063987803675,0.063987803675,10,228,227,4,4,1.4540378573082715,15.257072883189878,23.219999998858995,10.0,511.90242939999996,0.0,-0.12112804,-1.9406852,23.21516811425082,0.5000000008100001,22.715168113440818,1.415168115060819,0.8302652393351988,0.1250238254876311,22.66558631784295,23.19567147499744,23.214469764430913,0.6967057723358684,0.125,0.8655863186529515,1.3956714758074398,1.4144697652409128,0.7272727272727273,-1,50,0,0.0,0.014545454545454545,525,8,0.015238095238095238,0.0,1.0,0.01562797818595389,0.10819828983161894,0.10819828983161894,0.001648735845053241,53.24999999595011,0.016255142135564,2.7336244541484715,2.2758620689655173,1.0,0.0
9,template_deposition,C,C,none,0,1.0,template_site:index=225:site=C:neigh=1:ahead0=1.420:mode=shell,y,xz,230,221,9,0,9,174.71785565795025,0.8393450549686919,500.0,0.001,63.987803674999995,0.063987803675,-1979.5969,-1972.0979,-1979.5969,-7.4990234,-7.2702637,0.4438244442539202,0.063987803675,0.063987803675,10,229,225,3,3,1.4538973775291404,10.338048586810121,23.219999998858995,10.0,511.90242939999996,0.0,-0.13577735,-2.175393,23.220378285990307,0.5000000008100001,22.720378285180306,1.4203782868003074,0.8480734370006273,0.14065180367358499,22.84796903559594,23.20443134324783,23.216478109619917,0.6246007037125757,0.125,1.0479690364059415,1.40443134405783,1.4164781104299173,0.8181818181818182,-1,50,0,0.0,0.016363636363636365,525,9,0.017142857142857144,0.0,1.0,0.017581475459198123,0.11644100404510462,0.11644100404510462,0.001996131497916079,53.24999999595011,0.01968016969926092,2.7304347826086954,2.2666666666666666,1.0,0.0
10,template_deposition,C,C,none,0,1.0,template_site:index=223:site=C:neigh=1:ahead0=1.420:mode=shell,y,xz,231,221,10,0,10,189.167862049837,14.450006391886737,500.0,0.001,63.987803674999995,0.063987803675,-1986.9916,-1979.5969,-1986.9916,-7.3946533,-7.2139893,0.5367642751718544,0.063987803675,0.063987803675,10,230,223,2,2,1.4543645691478975,5.419024292989877,23.219999998858995,10.0,511.90242939999996,0.0,-0.1502228,-2.4068346,23.220985463721707,0.5000000008100001,22.720985462911706,1.4209854645317073,0.8623764944567074,0.1562797818595389,23.030087325060315,23.210752338037338,23.220560439309725,0.4775391069278471,0.125,1.2300873258703149,1.4107523388473382,1.4205604401197256,0.9090909090909091,0,50,1,0.02,0.01818181818181818,525,10,0.01904761904761905,0.0,1.0,0.01953497273244236,0.12300873258703149,0.12300873258703149,0.002343023477848219,53.24999999595011,0.023100231473499874,2.727272727272727,2.2580645161290325,1.0,0.0
11,template_deposition,C,C,none,0,1.0,template_site:index=229:site=C:neigh=1:ahead0=1.420:mode=shell,y,xz,232,221,11,0,11,237.09147079052428,47.92360874068728,500.0,0.001,63.987803674999995,0.063987803675,-1994.3499,-1986.9916,-1994.3499,-7.3582764,-7.2075195,1.0,0.063987803675,0.063987803675,10,231,229,1,1,1.45320593618225,20.17609717701012,23.219999998858995,10.0,511.90242939999996,0.0,-0.16459717,-2.6371374,23.220985463721707,0.5000000008100001,22.720985462911706,1.4209854645317073,0.8740773194074611,0.17190776004549277,23.212028299734673,23.21133219391951,23.220560439309725,0.0075795269296985695,0.125,1.412028300544673,1.4113321947295105,1.4205604401197256,1.0,0,50,1,0.02,0.02,525,11,0.02095238095238095,0.0,1.0,0.021488470005686596,0.12836620914042482,0.12836620914042482,0.002689577715323187,53.24999999595011,0.02651696339252702,2.7241379310344827,2.25,1.0,0.0
12,template_deposition,C,C,none,0,1.0,template_site:index=237:site=C:neigh=2:ahead0=2.130:mode=shell,y,xz,233,221,12,0,12,256.4580138151355,19.366543024611214,500.0,0.001,63.987803674999995,0.063987803675,-2007.6829,-1994.3499,-2007.6829,-13.333008,-11.177856,0.3392443099900696,0.063987803675,0.063987803675,10,232,237,10,10,1.338775519393585,14.027316807815183,23.929999999027995,10.0,511.90242939999996,0.0,-0.19064316,-3.0544403,23.7070964515367,0.5000000008100001,23.2070964507267,1.9070964523466998,0.9062352199305321,0.18753573823144667,23.273344920895433,23.21133219391951,23.375752177411638,0.16430249012549136,0.125,1.4733449217054329,1.4113321947295105,1.575752178221638,1.0,0,50,1,0.02,0.022000000000000002,525,12,0.022857142857142857,0.0,1.0,0.023441967278930834,0.12277874347545274,0.12277874347545274,0.0028063712794389197,53.24999999595011,0.027668449236009144,2.7296137339055795,2.303030303030303,1.25,0.0
13,template_deposition,C,C,none,0,1.0,template_site:index=233:site=C:neigh=2:ahead0=2.130:mode=shell,y,xz,234,221,13,0,13,289.8836477292929,33.42563391415742,500.0,0.001,63.987803674999995,0.063987803675,-2020.4039,-2007.6829,-2020.4039,-12.721069,-11.095093,0.8390549996606196,0.063987803675,0.063987803675,10,233,233,9,9,1.4189004841525037,4.189268220174695,23.929999999027995,10.0,511.90242939999996,0.0,-0.21549374,-3.4525905,23.7070964515367,0.5000000008100001,23.2070964507267,1.9070964523466998,0.925386094035997,0.20316371641740055,23.32387142334814,23.21287316103644,23.70081144817578,0.22079250091449276,0.125,1.5238714241581413,1.4128731618464414,1.900811448985781,0.9090909090909091,0,50,1,0.02,0.02218181818181818,525,12,0.022857142857142857,0.0,1.0,0.02539546455217507,0.11722087878139548,0.11722087878139548,0.0029026122364916975,53.24999999595011,0.028617303742235457,2.7435897435897436,2.411764705882353,1.6153846153846154,0.0
14,template_deposition,C,C,none,0,1.0,template_site:index=240:site=C:neigh=2:ahead0=2.130:mode=shell,y,xz,235,221,14,0,14,293.0590354199778,3.1753876906849245,500.0,0.001,63.987803674999995,0.063987803675,-2031.7401,-2020.4039,-2031.7401,-11.336182,-11.009644,0.999999999879629,0.063987803675,0.063987803675,9,234,240,7,7,1.4240313181457305,21.405853249825302,23.929999999027995,10.0,511.90242939999996,0.0,-0.23763894,-3.8073955,23.798439176139716,0.5000000008100001,23.298439175329715,1.9984391769497165,0.9522093715320294,0.21879169460335443,23.401797753676895,23.23704117264397,23.734499268917606,0.2613843045724636,0.125,1.6017977544868955,1.43704117345397,1.9344992697276062,0.9090909090909091,0,50,1,0.02,0.02418181818181818,525,13,0.024761904761904763,0.0,1.0,0.027348961825419304,0.11441412532049254,0.11441412532049254,0.003051043341879801,53.24999999595011,0.030080709006736508,2.748936170212766,2.4571428571428573,1.7857142857142858,0.0
15,template_deposition,C,C,none,0,1.0,template_site:index=241:site=C:neigh=2:ahead0=2.130:mode=shell,y,xz,236,221,15,0,15,301.52896312862686,8.46992770864905,500.0,0.001,63.987803674999995,0.063987803675,-2042.0331,-2031.7401,-2042.0331,-10.292969,-9.9001465,0.9999939148173833,0.063987803675,0.063987803675,9,235,241,6,6,1.4147173975785166,23.86536539545567,23.929999999027995,10.0,511.90242939999996,0.0,-0.25774622,-4.12955,23.883470298172774,0.5000000008100001,23.383470297362773,2.0834702989827747,0.978895535501101,0.23441967278930834,23.484802336794356,23.46593268190386,23.838579369237387,0.29883347518832043,0.125,1.6848023376043564,1.6659326827138585,2.038579370047387,0.9090909090909091,0,50,1,0.02,0.02618181818181818,525,14,0.02666666666666667,0.0,1.0,0.029302459098663542,0.11232015584029043,0.11232015584029043,0.0032091473097225834,53.24999999595011,0.031639480520797986,2.7542372881355934,2.5,1.9333333333333333,0.0
16,template_deposition,C,C,none,0,1.0,template_site:index=232:site=C:neigh=2:ahead0=2.130:mode=shell,y,xz,237,221,16,0,16,316.96617577463263,15.43721264600579,500.0,0.001,63.987803674999995,0.063987803675,-2052.159,-2042.0331,-2052.159,-10.1258545,-9.38269,0.9999999999921747,0.063987803675,0.063987803675,9,236,232,5,5,1.4273483112371057,1.729756074544329,23.929999999027995,10.0,511.90242939999996,0.0,-0.27752706,-4.446474,23.883470298172774,0.5000000008100001,23.383470297362773,2.0834702989827747,1.0053025920734024,0.2500476509752622,23.575790612027067,23.740288654127966,23.871610674314333,0.30789298275080196,0.125,1.775790612837067,1.9402886549379659,2.071610675124333,0.9090909090909091,0,50,1,0.02,0.028181818181818183,525,15,0.02857142857142857,0.0,1.0,0.03125595637190778,0.11098691330231669,0.11098691330231669,0.003382458310165842,53.24999999595011,0.033348180525298095,2.759493670886076,2.5405405405405403,2.0625,0.0
17,template_deposition,C,C,none,0,1.0,template_site:index=239:site=C:neigh=2:ahead0=2.130:mode=shell,y,xz,238,221,17,0,17,360.22404086293113,43.2578650882985,500.0,0.001,63.987803674999995,0.063987803675,-2062.134,-2052.159,-2062.134,-9.975098,-8.26416,0.6762551497071273,0.063987803675,0.063987803675,11,237,239,4,4,1.4873026531563451,18.946341101635426,23.929999999027995,10.0,511.90242939999996,0.0,-0.29701337,-4.758679,23.883470298172774,0.5000000008100001,23.383470297362773,2.0834702989827747,1.024627298581184,0.2656756291612161,23.65621590985512,23.79869717409983,23.87584483498881,0.2915424234488274,0.125,1.8562159106651208,1.9986971749098288,2.0758448357988115,0.9090909090909091,0,50,1,0.02,0.03018181818181818,525,16,0.030476190476190476,0.0,1.0,0.033209453645152015,0.10918917121559535,0.10918917121559535,0.0035356493536478494,53.24999999595011,0.03485851475692571,2.764705882352941,2.5789473684210527,2.176470588235294,0.0
18,template_deposition,C,C,none,0,1.0,template_site:index=236:site=C:neigh=2:ahead0=2.130:mode=shell,y,xz,239,221,18,0,18,384.91748965689965,24.69344879396853,500.0,0.001,63.987803674999995,0.063987803675,-2072.192,-2062.134,-2072.192,-10.057861,-8.218262,0.9999999543599044,0.063987803675,0.063987803675,10,238,236,3,3,1.4871791188448051,11.567804662184816,23.929999999027995,10.0,511.90242939999996,0.0,-0.3166614,-5.073475,23.883470298172774,0.5000000008100001,23.383470297362773,2.0834702989827747,1.0427855130547488,0.28130360734716997,23.74602811764592,23.84522073492771,23.875992238774174,0.23266981697307412,0.125,1.9460281184559207,2.0452207357377112,2.075992239584174,0.9090909090909091,0,50,1,0.02,0.03218181818181818,525,17,0.03238095238095238,0.0,1.0,0.035162950918396246,0.10811267324755115,0.10811267324755115,0.0037067202256303253,53.24999999595011,0.036545128987867125,2.7698744769874475,2.6153846153846154,2.2777777777777777,0.0
19,template_deposition,C,C,none,0,1.0,template_site:index=238:site=C:neigh=2:ahead0=2.130:mode=shell,y,xz,240,221,19,0,19,398.19478697645195,13.277297319552277,500.0,0.001,63.987803674999995,0.063987803675,-2081.8398,-2072.192,-2081.8398,-9.647949,-6.829834,0.9963713958944755,0.063987803675,0.063987803675,12,239,238,2,2,1.1906400811707962,16.48682895600506,23.929999999027995,10.0,511.90242939999996,0.0,-0.3355086,-5.3754406,24.016234947642094,0.5000000008100001,23.516234946832093,2.216234948452094,1.0641206511306587,0.2969315855331239,23.775586855537522,23.86955237885677,23.92329969301357,0.2483846718708617,0.125,1.9755868563475225,2.0695523796667707,2.1232996938235686,0.9090909090909091,0,50,1,0.02,0.03418181818181818,525,18,0.03428571428571429,0.0,1.0,0.037116448191640485,0.10397825559723803,0.10397825559723803,0.0037630225835190907,53.24999999595011,0.0371002226572352,2.775,2.65,2.3684210526315788,0.0
20,template_deposition,C,C,none,0,1.0,template_site:index=234:site=C:neigh=1:ahead0=2.130:mode=shell,y,xz,241,221,20,0,20,406.5586221373762,8.363835160924236,500.0,0.001,63.987803674999995,0.063987803675,-2090.8845,-2081.8398,-2090.8845,-9.044678,-6.5878906,1.0,0.063987803675,0.063987803675,11,240,234,1,1,1.4620032919975663,6.648780368364573,23.929999999027995,10.0,511.90242939999996,0.0,-0.35317737,-5.6585255,24.016234947642094,0.5000000008100001,23.516234946832093,2.216234948452094,1.0828487180676973,0.3125595637190778,23.87849091478308,23.872682067756656,23.92414132154193,0.06184406186720951,0.125,2.078490915593079,2.0726820685666567,2.1241413223519316,1.0,1,50,2,0.04,0.038,525,20,0.0380952380952381,0.0,1.0,0.03906994546488472,0.10392454577965396,0.10392454577965396,0.003959030315415389,53.24999999595011,0.039032693253542854,2.771784232365145,2.6341463414634148,2.35,0.0
21,template_deposition,C,C,none,0,1.0,template_site:index=235:site=C:neigh=2:ahead0=2.130:mode=shell,y,xz,242,221,21,0,21,425.38642546902304,18.82780333164689,500.0,0.001,63.987803674999995,0.063987803675,-2101.0327,-2090.8845,-2101.0327,-10.148193,-6.94751,1.0,0.063987803675,0.063987803675,12,241,235,1,1,1.169004706102988,9.10829251399494,23.929999999027995,10.0,511.90242939999996,0.0,-0.37300184,-5.9761486,24.016234947642094,0.5000000008100001,23.516234946832093,2.216234948452094,1.0959077618330744,0.3281875419050317,23.8998566125641,23.884071461407316,24.012820770709084,0.0743845911062579,0.125,2.099856613374101,2.0840714622173167,2.212820771519084,1.0,1,50,2,0.04,0.04,525,21,0.04,0.0,1.0,0.04102344273812896,0.09999317206543337,0.09999317206543337,0.003999726882617335,53.24999999595011,0.03943392701471932,2.7768595041322315,2.6666666666666665,2.4285714285714284,0.0
22,template_deposition,C,C,none,0,1.0,template_site:index=245:site=C:neigh=1:ahead0=3.550:mode=shell,y,xz,243,221,22,0,22,430.98299980668594,5.596574337662924,500.0,0.001,63.987803674999995,0.063987803675,-2108.7144,-2101.0327,-2108.7144,-7.6816406,-7.447998,0.8106229680052205,0.063987803675,0.063987803675,8,242,245,10,10,1.3408097375383152,9.10829251399494,25.34999999869699,10.0,511.90242939999996,0.0,-0.3880079,-6.2165723,25.3694984029771,0.5000000008100001,24.8694984021671,3.569498403787101,0.49844438062289104,0.34381552009098554,24.073451549504576,23.884071461407316,24.422213984242596,0.49382834010234894,0.125,2.273451550314576,2.0840714622173167,2.6222139850525963,1.0,1,50,2,0.04,0.042,525,22,0.0419047619047619,0.0,1.0,0.04297694001137319,0.10333870683248071,0.10333870683248071,0.004330383905361097,53.24999999595011,0.04269392583075082,2.7736625514403292,2.409090909090909,2.409090909090909,0.0
23,template_deposition,C,C,none,0,1.0,template_site:index=248:site=C:neigh=1:ahead0=3.550:mode=shell,y,xz,244,221,23,0,23,439.64696312398235,8.663963317296384,500.0,0.001,63.987803674999995,0.063987803675,-2116.392,-2108.7144,-2116.392,-7.6777344,-7.380615,0.8064771686672313,0.063987803675,0.063987803675,8,243,248,9,9,1.3337867610412533,16.48682895600506,25.34999999869699,10.0,511.90242939999996,0.0,-0.40300635,-6.4568734,25.37590184253225,0.5000000008100001,24.87590184172225,3.575901843342251,0.6045007983730883,0.35944349827693944,24.249049712599202,23.884071461407316,25.371419434843645,0.6492661145735878,0.125,2.4490497134092024,2.0840714622173167,3.5714194356536453,1.0,1,50,2,0.04,0.044000000000000004,525,23,0.04380952380952381,0.0,1.0,0.04493043728461743,0.10648042232213924,0.10648042232213924,0.0046648565969699095,53.24999999595011,0.04599154391728569,2.7704918032786887,2.391304347826087,2.391304347826087,0.0
24,template_deposition,C,C,none,0,1.0,template_site:index=244:site=C:neigh=1:ahead0=3.550:mode=shell,y,xz,245,221,24,0,24,441.73133326190094,2.0843701379186115,500.0,0.001,63.987803674999995,0.063987803675,-2125.9568,-2116.392,-2125.9568,-9.564697,-7.293213,0.4319162757497131,0.063987803675,0.063987803675,9,244,244,8,8,1.4420769898724493,6.648780368364573,25.34999999869699,10.0,511.90242939999996,0.0,-0.42169094,-6.7562337,25.37590184253225,0.5000000008100001,24.87590184172225,3.575901843342251,0.6760388268543023,0.37507147646289335,24.24678306369173,23.878023538755656,25.371789435871193,0.6507172634580377,0.125,2.44678306450173,2.078023539565656,3.5717894366811933,1.0,1,50,2,0.04,0.046,525,24,0.045714285714285714,0.0,1.0,0.04688393455786167,0.10194929435423876,0.10194929435423876,0.0046605391704794856,53.24999999595011,0.045948977740616306,2.7755102040816326,2.4583333333333335,2.4583333333333335,0.0
25,template_deposition,C,C,none,0,1.0,template_site:index=249:site=C:neigh=1:ahead0=3.550:mode=shell,y,xz,246,221,25,0,25,461.188336703568,19.457003441667027,500.0,0.001,63.987803674999995,0.063987803675,-2133.7039,-2125.9568,-2133.7039,-7.7470703,-7.2524414,0.8613794632899062,0.063987803675,0.063987803675,9,245,249,7,7,1.4636776000761975,18.946341101635426,25.34999999869699,10.0,511.90242939999996,0.0,-0.43682483,-6.9987054,25.3782620738677,0.5000000008100001,24.878262073057698,3.578262074677699,0.7302543736325742,0.3906994546488472,24.24774717855388,23.88069988253652,25.372497505271827,0.6508469852732153,0.125,2.44774717936388,2.0806998833465187,3.5724975060818274,1.0,1,50,2,0.04,0.048,525,25,0.047619047619047616,0.0,1.0,0.0488374318311059,0.09790988717455519,0.09790988717455519,0.004662375579740723,53.24999999595011,0.04596708318403834,2.772357723577236,2.44,2.44,0.0
26,template_deposition,C,C,none,0,1.0,template_site:index=250:site=C:neigh=1:ahead0=3.550:mode=shell,y,xz,247,221,26,0,26,494.5777209969077,33.38938429333976,500.0,0.001,63.987803674999995,0.063987803675,-2141.209,-2133.7039,-2141.209,-7.505127,-7.125244,0.42604300662737266,0.063987803675,0.063987803675,9,246,250,6,6,1.4720705350755434,21.405853249825302,25.34999999869699,10.0,511.90242939999996,0.0,-0.45148608,-7.2336044,25.3782620738677,0.5000000008100001,24.878262073057698,3.578262074677699,0.7728811114736152,0.4063274328348011,24.42854285174507,23.89690529805536,25.372497505271827,0.7227846196323042,0.125,2.6285428525550714,2.0969052988653587,3.5724975060818274,1.0,1,50,2,0.04,0.05,525,26,0.049523809523809526,0.0,1.0,0.05079092910435014,0.1010978020213489,0.1010978020213489,0.005006748290581088,53.24999999595011,0.049362307093990296,2.769230769230769,2.423076923076923,2.423076923076923,0.0
27,template_deposition,C,C,none,0,1.0,template_site:index=246:site=C:neigh=1:ahead0=3.550:mode=shell,y,xz,248,221,27,0,27,498.92551633257403,4.347795335666296,500.0,0.001,63.987803674999995,0.063987803675,-2149.4329,-2141.209,-2149.4329,-8.223877,-7.1367188,0.9661749254716095,0.063987803675,0.063987803675,9,247,246,5,5,1.429446563460031,11.567804662184816,25.34999999869699,10.0,511.90242939999996,0.0,-0.4675514,-7.4909997,25.381534690311483,0.5000000008100001,24.881534689501482,3.581534691121483,0.8053376997514732,0.421955411020755,24.61897696234793,24.608131172162075,25.379243858800834,0.7472527574993304,0.125,2.8189769631579296,2.8081311729720753,3.579243859610834,1.0,1,50,2,0.04,0.05,525,26,0.049523809523809526,0.0,1.0,0.052744426377594376,0.10440655419103442,0.10440655419103442,0.005369479929824628,53.24999999595011,0.05293853452342394,2.7661290322580645,2.4074074074074074,2.4074074074074074,0.0
28,template_deposition,C,C,none,0,1.0,template_site:index=247:site=C:neigh=1:ahead0=3.550:mode=shell,y,xz,249,221,28,0,28,510.1068385598232,11.181322227249142,500.0,0.001,63.987803674999995,0.063987803675,-2159.3572,-2149.4329,-2159.3572,-9.924316,-7.2019043,0.9927540973432347,0.063987803675,0.063987803675,10,248,247,4,4,1.4687153236022201,14.027316807815183,25.34999999869699,10.0,511.90242939999996,0.0,-0.4869385,-7.801615,25.375108862244723,0.5000000008100001,24.87510886143472,3.575108863054723,0.8247837527129629,0.43758338920670886,24.799867579143896,25.33994103232056,25.371551541784935,0.7214859266328919,0.125,2.9998675799538965,3.5399410331305603,3.5715515425949356,1.0,1,50,2,0.04,0.05,525,26,0.049523809523809526,0.0,1.0,0.05469792365083861,0.1071381278554963,0.1071381278554963,0.00571403348562647,53.24999999595011,0.056335541411869465,2.7710843373493974,2.4642857142857144,2.4642857142857144,0.0
29,template_deposition,C,C,none,0,1.0,template_site:index=243:site=C:neigh=1:ahead0=3.550:mode=shell,y,xz,250,221,29,0,29,516.4071644964121,6.300325936588824,500.0,0.001,63.987803674999995,0.063987803675,-2166.7468,-2159.3572,-2166.7468,-7.3896484,-6.9870605,0.9901545951208385,0.063987803675,0.063987803675,9,249,243,3,3,1.4846910202907904,4.189268220174695,25.34999999869699,10.0,511.90242939999996,0.0,-0.5013742,-8.0329,25.375108862244723,0.5000000008100001,24.87510886143472,3.575108863054723,0.842985152796945,0.45321136739266277,24.97650673775842,25.334654191321828,25.370267839863065,0.6427334351015949,0.125,3.1765067385684205,3.5346541921318284,3.570267840673065,1.0,1,50,2,0.04,0.052000000000000005,525,27,0.05142857142857143,0.0,1.0,0.056651420924082846,0.10953471512304898,0.10953471512304898,0.00605048902584461,53.24999999595011,0.05965270871004708,2.768,2.4482758620689653,2.4482758620689653,0.0
30,template_deposition,C,C,none,0,1.0,template_site:index=242:site=C:neigh=1:ahead0=3.550:mode=shell,y,xz,251,221,30,0,30,525.1092023899154,8.70203789350329,500.0,0.001,63.987803674999995,0.063987803675,-2174.1055,-2166.7468,-2174.1055,-7.3586426,-6.7749023,0.7501206836978612,0.063987803675,0.063987803675,8,250,242,2,2,1.4982198619775253,1.729756074544329,25.34999999869699,10.0,511.90242939999996,0.0,-0.5157493,-8.263214,25.375108862244723,0.5000000008100001,24.87510886143472,3.575108863054723,0.8619747212272416,0.4688393455786167,25.16372476433074,25.34326280373295,25.370267839863065,0.4880093552560823,0.125,3.3637247651407414,3.5432628045429517,3.570267840673065,1.0,1,50,2,0.04,0.054000000000000006,525,28,0.05333333333333334,0.0,1.0,0.058604918197327084,0.1121241588380247,0.1121241588380247,0.006407094790744269,53.24999999595011,0.0631685401952407,2.764940239043825,2.433333333333333,2.433333333333333,0.0
31,template_deposition,C,C,none,0,1.0,template_site:index=251:site=C:neigh=1:ahead0=3.550:mode=shell,y,xz,252,221,31,0,31,543.2246345374612,18.115432147545807,500.0,0.001,63.987803674999995,0.063987803675,-2181.2656,-2174.1055,-2181.2656,-7.1601562,-6.727539,1.0,0.063987803675,0.063987803675,8,251,251,1,1,1.4774297046500868,23.86536539545567,25.34999999869699,10.0,511.90242939999996,0.0,-0.52973664,-8.487317,25.375108862244723,0.5000000008100001,24.87510886143472,3.575108863054723,0.8780844370892859,0.4844673237645706,25.350004091794393,25.34684433617187,25.370267839863065,0.014195443798076935,0.125,3.550004092604393,3.54684433698187,3.570267840673065,1.0,1,50,2,0.04,0.055999999999999994,525,29,0.05523809523809524,0.0,1.0,0.06055841547057132,0.11451626105175461,0.11451626105175461,0.006761912557341701,53.24999999595011,0.06666674352815748,2.761904761904762,2.4193548387096775,2.4193548387096775,0.0
32,template_deposition,C,C,none,0,1.0,template_site:index=261:site=C:neigh=2:ahead0=4.260:mode=shell,y,xz,253,221,32,0,32,551.3551443346579,8.13050979719673,500.0,0.001,63.987803674999995,0.063987803675,-2193.3774,-2181.2656,-2193.3774,-12.111816,-11.17041,0.9312110575524947,0.063987803675,0.063987803675,9,252,261,9,9,1.3700872540299254,22.635609322640487,26.059999998865994,10.0,511.90242939999996,0.0,-0.553397,-8.866398,25.87705579886423,0.5000000008100001,25.37705579805423,4.0770557996742305,0.9116632262450446,0.5000953019505244,25.4138601163784,25.356140265889188,25.525692943230574,0.17644659017291384,0.125,3.613860117188402,3.556140266699188,3.725692944040574,1.0,1,50,2,0.04,0.05581818181818182,525,29,0.05523809523809524,0.0,1.0,0.06251191274381555,0.11293312866213756,0.11293312866213756,0.006883543080358861,53.24999999595011,0.0678659176988404,2.766798418972332,2.46875,2.46875,0.0
33,template_deposition,C,C,none,0,1.0,template_site:index=253:site=C:neigh=2:ahead0=4.260:mode=shell,y,xz,254,221,33,0,33,563.6201735715009,12.265029236843047,500.0,0.001,63.987803674999995,0.063987803675,-2204.6047,-2193.3774,-2204.6047,-11.227295,-11.058105,0.9999999966888191,0.063987803675,0.063987803675,8,253,253,8,8,1.360894741235283,2.959512147359512,26.059999998865994,10.0,511.90242939999996,0.0,-0.5753295,-9.217794,25.964198583548082,0.5000000008100001,25.46419858273808,4.164198584358083,0.94760335802111,0.5157232801364783,25.49395156647048,25.36939800437409,25.903198634269387,0.24830273089990557,0.125,3.693951567280479,3.569398005184091,4.103198635079387,1.0,1,50,2,0.04,0.05763636363636364,525,30,0.05714285714285714,0.0,1.0,0.06446541001705978,0.11193792628122663,0.11193792628122663,0.007036098223391388,53.24999999595011,0.06936998248941632,2.7716535433070866,2.515151515151515,2.515151515151515,0.0
34,template_deposition,C,C,none,0,1.0,template_site:index=257:site=C:neigh=2:ahead0=4.260:mode=shell,y,xz,255,221,34,0,34,564.5095285839964,0.8893550124954199,500.0,0.001,63.987803674999995,0.063987803675,-2215.0867,-2204.6047,-2215.0867,-10.481934,-10.217285,0.9999999999999998,0.063987803675,0.063987803675,8,254,257,7,7,1.2207147532380023,12.797560735,26.059999998865994,10.0,511.90242939999996,0.0,-0.59580594,-9.545864,26.06437461104666,0.5000000008100001,25.56437461023666,4.26437461185666,0.9819316199696596,0.5313512583224322,25.581154373461043,25.37357635793537,25.994251391797654,0.3044721202168103,0.125,3.7811543742710434,3.5735763587453704,4.194251392607654,1.0,1,50,2,0.04,0.059454545454545454,525,31,0.05904761904761905,0.0,1.0,0.06641890729030403,0.11121042277267774,0.11121042277267774,0.007202198808135321,53.24999999595011,0.07100759388842472,2.776470588235294,2.5588235294117645,2.5588235294117645,0.0
35,template_deposition,C,C,none,0,1.0,template_site:index=254:site=C:neigh=2:ahead0=4.260:mode=shell,y,xz,256,221,35,0,35,570.9051838051053,6.395655221108879,500.0,0.001,63.987803674999995,0.063987803675,-2225.463,-2215.0867,-2225.463,-10.376221,-8.666016,0.9999999999999953,0.063987803675,0.063987803675,11,255,254,6,6,1.4768413041899269,5.419024292989877,26.059999998865994,10.0,511.90242939999996,0.0,-0.6160759,-9.870624,26.06437461104666,0.5000000008100001,25.56437461023666,4.26437461185666,1.013397947211932,0.5469792365083861,25.665714903381946,25.626802810986,26.014402370467778,0.3192931945951534,0.125,3.8657149041919467,3.826802811796,4.214402371277778,1.0,1,50,2,0.04,0.06127272727272727,525,32,0.06095238095238095,0.0,1.0,0.06837240456354826,0.11044899726262705,0.11044899726262705,0.007363266484175137,53.24999999595011,0.07259558506076903,2.78125,2.6,2.6,0.0
36,template_deposition,C,C,none,0,1.0,template_site:index=258:site=C:neigh=1:ahead0=4.260:mode=shell,y,xz,257,221,36,0,36,576.4460171031078,5.54083329800253,500.0,0.001,63.987803674999995,0.063987803675,-2235.576,-2225.463,-2235.576,-10.113037,-7.243408,0.966972853671037,0.063987803675,0.063987803675,11,256,258,5,5,1.5245964073381901,15.257072883189878,26.059999998865994,10.0,511.90242939999996,0.0,-0.63583165,-10.187146,26.073062449828477,0.5000000008100001,25.573062449018476,4.273062450638477,1.0410561121987199,0.5626072146943399,25.749533935417553,25.932700705076712,26.01700872210232,0.3068779217811667,0.125,3.949533936227553,4.1327007058867125,4.217008722912322,1.0,2,50,3,0.06,0.06709090909090909,525,35,0.06666666666666667,0.0,1.0,0.07032590183679249,0.10970927600632091,0.10970927600632091,0.0075229217832905775,53.24999999595011,0.0741696513901959,2.7859922178988326,2.638888888888889,2.638888888888889,0.0
37,template_deposition,C,C,none,0,1.0,template_site:index=260:site=C:neigh=1:ahead0=4.260:mode=shell,y,xz,258,221,37,0,37,576.5542877957868,0.10827069267891119,500.0,0.001,63.987803674999995,0.063987803675,-2245.7446,-2235.576,-2245.7446,-10.168701,-7.8913574,1.0,0.063987803675,0.063987803675,11,257,260,5,5,1.4470494869726458,20.17609717701012,26.059999998865994,10.0,511.90242939999996,0.0,-0.65569615,-10.505411,26.073062449828477,0.5000000008100001,25.573062449018476,4.273062450638477,1.065287046534487,0.5782351928802939,25.841001181470954,25.986846911154352,26.01700872210232,0.2751111250555395,0.125,4.041001182280954,4.186846911964352,4.217008722912322,1.0,2,50,3,0.06,0.0689090909090909,525,36,0.06857142857142857,0.0,1.0,0.07227939911003674,0.10921624816975553,0.10921624816975553,0.0076971451091065795,53.24999999595011,0.07588734615189276,2.7829457364341086,2.6216216216216215,2.6216216216216215,0.0
38,template_deposition,C,C,none,0,1.0,template_site:index=256:site=C:neigh=1:ahead0=4.260:mode=shell,y,xz,259,221,38,0,38,596.193753759154,19.63946596336723,500.0,0.001,63.987803674999995,0.063987803675,-2254.6248,-2245.7446,-2254.6248,-8.880127,-6.1848145,0.98540937706839,0.063987803675,0.063987803675,11,258,256,4,4,1.5349481966456602,10.338048586810121,26.059999998865994,10.0,511.90242939999996,0.0,-0.6730435,-10.783346,26.074259099546026,0.5000000008100001,25.574259098736025,4.274259100356026,1.0843653412452567,0.5938631710662478,25.852905412041196,25.982752132072296,26.01736771701759,0.2530657782344894,0.125,4.052905412851196,4.182752132882296,4.217367717827589,1.0,2,50,3,0.06,0.07272727272727272,525,38,0.07238095238095238,0.0,1.0,0.07423289638328097,0.10665540560134726,0.10665540560134726,0.007719819834002278,53.24999999595011,0.076110899777642,2.77992277992278,2.6052631578947367,2.6052631578947367,0.0
39,template_deposition,C,C,none,0,1.0,template_site:index=255:site=C:neigh=2:ahead0=4.260:mode=shell,y,xz,260,221,39,0,39,602.4838659338626,6.290112174708618,500.0,0.001,63.987803674999995,0.063987803675,-2264.4329,-2254.6248,-2264.4329,-9.808105,-6.8586426,0.9999999982252419,0.063987803675,0.063987803675,12,259,255,4,4,1.1478674334358718,7.878536441179756,26.059999998865994,10.0,511.90242939999996,0.0,-0.6922036,-11.090324,26.16997229622984,0.5000000008100001,25.66997229541984,4.3699722970398405,1.0824098275958116,0.6094911492522017,25.948473973185518,25.997395715531468,26.10297305855117,0.22113936230912504,0.125,4.148473973995518,4.197395716341468,4.302973059361172,1.0,2,50,3,0.06,0.07454545454545455,525,39,0.07428571428571429,0.0,1.0,0.07618639365652521,0.10637112753834661,0.10637112753834661,0.007901855188562892,53.24999999595011,0.07790561454105215,2.7846153846153845,2.675675675675676,2.641025641025641,0.0
40,template_deposition,C,C,none,0,1.0,template_site:index=259:site=C:neigh=2:ahead0=4.260:mode=shell,y,xz,261,221,40,0,40,614.5619513591814,12.078085425318815,500.0,0.001,63.987803674999995,0.063987803675,-2273.9878,-2264.4329,-2273.9878,-9.554932,-5.9521484,0.4138785610559057,0.063987803675,0.063987803675,12,260,259,3,3,1.1276233764317352,17.716585028820244,26.059999998865994,10.0,511.90242939999996,0.0,-0.71086913,-11.3893795,26.16997229622984,0.5000000008100001,25.66997229541984,4.3699722970398405,1.098728361532571,0.6251191274381556,26.045657217430666,26.009260753234038,26.16520427575283,0.07595303082502655,0.125,4.245657218240666,4.209260754044038,4.365204276562832,1.0,2,50,3,0.06,0.07636363636363637,525,40,0.0761904761904762,0.0,1.0,0.07813989092976945,0.10614143045601665,0.10614143045601665,0.00808696612998222,53.24999999595011,0.07973065199180406,2.789272030651341,2.710526315789474,2.675,0.0
41,template_deposition,C,C,none,0,1.0,template_site:index=262:site=C:neigh=1:ahead0=4.260:mode=shell,y,xz,262,221,41,0,41,648.080259532748,33.51830817356652,500.0,0.001,63.987803674999995,0.063987803675,-2280.3818,-2273.9878,-2280.3818,-6.394043,-5.9785156,0.9655026351135646,0.063987803675,0.063987803675,7,261,262,2,2,1.4724440324663806,25.095121470830364,26.059999998865994,10.0,511.90242939999996,0.0,-0.7233599,-11.589503,26.16997229622984,0.5000000008100001,25.66997229541984,4.3699722970398405,1.1088219746504329,0.6407471056241094,26.057913480640327,26.03742251592236,26.16520427575283,0.06941513807869558,0.125,4.257913481450327,4.237422516732359,4.365204276562832,1.0,3,50,4,0.08,0.07818181818181819,525,41,0.07809523809523809,0.0,1.0,0.08009338820301368,0.10385154832805675,0.10385154832805675,0.008110311393238718,53.24999999595011,0.07996081655913914,2.786259541984733,2.6923076923076925,2.658536585365854,0.0
42,template_deposition,C,C,none,0,1.0,template_site:index=252:site=C:neigh=1:ahead0=4.260:mode=shell,y,xz,263,221,42,0,42,652.2007669777948,4.120507445046856,500.0,0.001,63.987803674999995,0.063987803675,-2286.7163,-2280.3818,-2286.7163,-6.3344727,-5.834961,1.0,0.063987803675,0.063987803675,7,262,252,1,1,1.5091899179680812,0.49999999916963384,26.059999998865994,10.0,511.90242939999996,0.0,-0.7357342,-11.787762,26.16997229622984,0.5000000008100001,25.66997229541984,4.3699722970398405,1.1171262337082968,0.6563750838100634,26.06630564987241,26.059126155148128,26.16520427575283,0.0644676655959695,0.125,4.266305650682412,4.259126155958128,4.365204276562832,1.0,3,50,4,0.08,0.08,525,42,0.08,0.0,1.0,0.08204688547625792,0.10157870596862886,0.10157870596862886,0.00812629647749031,53.24999999595011,0.0801184159813499,2.783269961977186,2.675,2.642857142857143,0.0
43,template_deposition,C,C,none,0,1.0,template_site:index=263:site=C:neigh=1:ahead0=5.680:mode=shell,y,xz,264,221,43,0,43,674.0155621399028,21.814795162108002,500.0,0.001,63.987803674999995,0.063987803675,-2294.9753,-2286.7163,-2294.9753,-8.259033,-7.722168,0.6242127137528304,0.063987803675,0.063987803675,5,263,263,11,11,1.4238215447929687,0.49999999916963384,27.47999999853499,10.0,511.90242939999996,0.0,-0.75186825,-12.046258,27.437887297971322,0.5000000008100001,26.93788729716132,5.637887298781322,0.4845181479150088,0.6720030619960172,26.239014814271357,26.068148713531272,26.550346796752283,0.457678294653721,0.125,4.439014815081357,4.268148714341272,4.750346797562283,1.0,3,50,4,0.08,0.08181818181818182,525,43,0.08190476190476191,0.0,1.0,0.08400038274950215,0.10323290267631063,0.10323290267631063,0.008455266314440681,53.24999999595011,0.08336178057124813,2.7803030303030303,2.3636363636363638,2.627906976744186,0.0
44,template_deposition,C,C,none,0,1.0,template_site:index=273:site=C:neigh=1:ahead0=5.680:mode=shell,y,xz,265,221,44,0,44,676.1664243460582,2.1508622061553178,500.0,0.001,63.987803674999995,0.063987803675,-2303.1982,-2294.9753,-2303.1982,-8.2229,-7.7001953,0.9973798417434969,0.063987803675,0.063987803675,5,264,273,10,10,1.4179616885444533,25.095121470830364,27.47999999853499,10.0,511.90242939999996,0.0,-0.76793164,-12.303621,27.443259354202674,0.5000000008100001,26.943259353392673,5.643259355012674,0.5811159048895435,0.6876310401819711,26.411667442607126,26.118709968975786,27.439498914840726,0.5975123603007524,0.125,4.611667443417126,4.318709969785786,5.6394989156507265,1.0,3,50,4,0.08,0.08363636363636363,525,44,0.0838095238095238,0.0,1.0,0.08595388002274638,0.1048106237140256,0.1048106237140256,0.008784128463651668,53.24999999595011,0.08660408345103968,2.7773584905660376,2.347826086956522,2.6136363636363638,0.0
45,template_deposition,C,C,none,0,1.0,template_site:index=266:site=C:neigh=1:ahead0=5.680:mode=shell,y,xz,266,221,45,0,45,688.6737313373892,12.507306991330989,500.0,0.001,63.987803674999995,0.063987803675,-2310.9028,-2303.1982,-2310.9028,-7.70459,-7.414795,0.4993151083136802,0.063987803675,0.063987803675,8,265,266,9,9,1.3128524657623881,7.878536441179756,27.47999999853499,10.0,511.90242939999996,0.0,-0.7829825,-12.544764,27.51217975171695,0.5000000008100001,27.01217975090695,5.71217975252695,0.6552750936591499,0.703259018367925,26.585503489216272,26.118709968975786,27.463935473456957,0.6827719151349282,0.125,4.785503490026272,4.318709969785786,5.663935474266957,1.0,3,50,4,0.08,0.08545454545454545,525,45,0.08571428571428572,0.0,1.0,0.08790737729599063,0.10634452200058384,0.10634452200058384,0.009115244742907185,53.24999999595011,0.08986861014817334,2.774436090225564,2.3333333333333335,2.6,0.0
46,template_deposition,C,C,none,0,1.0,template_site:index=268:site=C:neigh=1:ahead0=5.680:mode=shell,y,xz,267,221,46,0,46,690.6115301236108,1.9377987862216595,500.0,0.001,63.987803674999995,0.063987803675,-2318.488,-2310.9028,-2318.488,-7.585205,-7.3720703,0.3203373038845241,0.063987803675,0.063987803675,8,266,268,8,8,1.40644484365828,12.797560735,27.47999999853499,10.0,511.90242939999996,0.0,-0.79780024,-12.782169,27.51217975171695,0.5000000008100001,27.01217975090695,5.71217975252695,0.7117397292816998,0.7188869965538789,26.76304569306096,26.80052406818843,27.49514835831363,0.7091213020417511,0.125,4.96304569387096,5.0005240689984305,5.695148359123632,1.0,3,50,4,0.08,0.08727272727272727,525,46,0.08761904761904762,0.0,1.0,0.08986087456923486,0.10789229769284696,0.10789229769284696,0.009453420369278018,53.24999999595011,0.09320273604222386,2.7715355805243447,2.32,2.5869565217391304,0.0
47,template_deposition,C,C,none,0,1.0,template_site:index=270:site=C:neigh=1:ahead0=5.680:mode=shell,y,xz,268,221,47,0,47,692.8963481174925,2.284817993881698,500.0,0.001,63.987803674999995,0.063987803675,-2326.2305,-2318.488,-2326.2305,-7.7424316,-7.3759766,0.4178976842791708,0.063987803675,0.063987803675,8,267,270,7,7,1.3177640350278883,17.716585028820244,27.47999999853499,10.0,511.90242939999996,0.0,-0.81292504,-13.024495,27.51217975171695,0.5000000008100001,27.01217975090695,5.71217975252695,0.7545674533804225,0.7345149747398327,26.934518723930807,27.440573326086998,27.508434470344017,0.7016110232564867,0.125,5.134518724740808,5.640573326896998,5.708434471154018,1.0,3,50,4,0.08,0.08909090909090908,525,47,0.08952380952380952,0.0,1.0,0.09181437184247909,0.10924507924980442,0.10924507924980442,0.009780035666172967,53.24999999595011,0.096422886856926,2.7686567164179103,2.3076923076923075,2.574468085106383,0.0
48,template_deposition,C,C,none,0,1.0,template_site:index=267:site=C:neigh=1:ahead0=5.680:mode=shell,y,xz,269,221,48,0,48,706.6296295259709,13.733281408478483,500.0,0.001,63.987803674999995,0.063987803675,-2333.8235,-2326.2305,-2333.8235,-7.5930176,-7.352539,0.40970933365885637,0.063987803675,0.063987803675,10,268,267,6,6,1.4319752044696155,10.338048586810121,27.47999999853499,10.0,511.90242939999996,0.0,-0.82775795,-13.262145,27.514699037143494,0.5000000008100001,27.014699036333493,5.714699037953494,0.7885097436582842,0.7501429529257867,26.94517713808891,27.440573326086998,27.50919025597198,0.6914713623460378,0.125,5.145177138898909,5.640573326896998,5.70919025678198,1.0,3,50,4,0.08,0.0909090909090909,525,48,0.09142857142857143,0.0,1.0,0.09376786911572334,0.10719119039372726,0.10719119039372726,0.009800337407426493,53.24999999595011,0.09662304486929993,2.7657992565055762,2.2962962962962963,2.5625,0.0
49,template_deposition,C,C,none,0,1.0,template_site:index=271:site=C:neigh=1:ahead0=5.680:mode=shell,y,xz,270,221,49,0,49,708.5531227973115,1.9234932713406117,500.0,0.001,63.987803674999995,0.063987803675,-2341.6177,-2333.8235,-2341.6177,-7.7941895,-7.2407227,0.05850302920886357,0.063987803675,0.063987803675,9,269,271,5,5,1.4681469322184657,20.17609717701012,27.47999999853499,10.0,511.90242939999996,0.0,-0.8429839,-13.506091,27.514699037143494,0.5000000008100001,27.014699036333493,5.714699037953494,0.8135865705158098,0.7657709311117405,27.126900177608867,27.454328821878946,27.511136893144688,0.6091265301952379,0.125,5.326900178418867,5.654328822688946,5.711136893954688,1.0,3,50,4,0.08,0.09272727272727273,525,49,0.09333333333333334,0.0,1.0,0.09572136638896757,0.10871224853916056,0.10871224853916056,0.010146476530321653,53.24999999595011,0.1000356841093709,2.762962962962963,2.2857142857142856,2.5510204081632653,0.0
50,template_deposition,C,C,none,0,1.0,template_site:index=264:site=C:neigh=1:ahead0=5.680:mode=shell,y,xz,271,221,50,0,50,738.1056198905424,29.552497093230834,500.0,0.001,63.987803674999995,0.063987803675,-2349.2007,-2341.6177,-2349.2007,-7.583008,-7.352051,0.9360350898657493,0.063987803675,0.063987803675,9,270,264,4,4,1.464411417821927,2.959512147359512,27.47999999853499,10.0,511.90242939999996,0.0,-0.85779727,-13.743427,27.514699037143494,0.5000000008100001,27.014699036333493,5.714699037953494,0.8344496526544898,0.7813989092976944,27.12868899129618,27.461236492419417,27.511136893144688,0.6114872912487211,0.125,5.32868899210618,5.661236493229417,5.711136893954688,1.0,3,50,4,0.08,0.09454545454545454,525,50,0.09523809523809523,0.0,1.0,0.0976748636622118,0.1065737798421236,0.1065737798421236,0.010149883794487962,53.24999999595011,0.10006927685467511,2.7601476014760147,2.2758620689655173,2.54,0.0
51,template_deposition,C,C,none,0,1.0,template_site:index=272:site=C:neigh=1:ahead0=5.680:mode=shell,y,xz,272,221,51,0,51,760.9412816817141,22.83566179117174,500.0,0.001,63.987803674999995,0.063987803675,-2357.881,-2349.2007,-2357.881,-8.68042,-7.2148438,0.5849859514739406,0.063987803675,0.063987803675,10,271,272,3,3,1.489082580109788,22.635609322640487,27.47999999853499,10.0,511.90242939999996,0.0,-0.8747545,-14.015112,27.514699037143494,0.5000000008100001,27.014699036333493,5.714699037953494,0.8523339895457817,0.7970268874836484,27.133427415486153,27.47414163958859,27.511136893144688,0.6141008120221269,0.125,5.3334274162961535,5.674141640398592,5.711136893954688,1.0,3,50,4,0.08,0.09636363636363637,525,51,0.09714285714285714,0.0,1.0,0.09962836093545605,0.10457700816266968,0.10457700816266968,0.010158909364373626,53.24999999595011,0.10015826134651236,2.7573529411764706,2.2666666666666666,2.5294117647058822,0.0
52,template_deposition,C,C,none,0,1.0,template_site:index=265:site=C:neigh=1:ahead0=5.680:mode=shell,y,xz,273,221,52,0,52,772.2509875020609,11.309705820346748,500.0,0.001,63.987803674999995,0.063987803675,-2365.2441,-2357.881,-2365.2441,-7.363037,-7.1914062,0.8030132228607161,0.063987803675,0.063987803675,10,272,265,2,2,1.460451083730456,5.419024292989877,27.47999999853499,10.0,511.90242939999996,0.0,-0.88913816,-14.245564,27.51169453036944,0.5000000008100001,27.01169452955944,5.71169453117944,0.8646480757415896,0.8126548656696022,27.31485208330848,27.4799402208372,27.510235541112472,0.4509411948751859,0.125,5.5148520841184805,5.6799402216472,5.710235541922472,1.0,4,50,5,0.1,0.09818181818181819,525,52,0.09904761904761905,0.0,1.0,0.10158185820870028,0.10605484777150924,0.10605484777150924,0.010504480160225677,53.24999999595011,0.10356529736221425,2.7545787545787546,2.2580645161290325,2.519230769230769,0.0
53,template_deposition,C,C,none,0,1.0,template_site:index=269:site=C:neigh=1:ahead0=5.680:mode=shell,y,xz,274,221,53,0,53,793.1387982902728,20.887810788211922,500.0,0.001,63.987803674999995,0.063987803675,-2374.17,-2365.2441,-2374.17,-8.925781,-7.131592,1.0,0.063987803675,0.063987803675,10,273,269,1,1,1.4591877747177562,15.257072883189878,27.47999999853499,10.0,511.90242939999996,0.0,-0.9065746,-14.524927,27.51395670357278,0.5000000008100001,27.01395670276278,5.713956704382781,0.8704992900674756,0.8282828438555561,27.476444088629147,27.4799402208372,27.512373182330442,0.033143550299452575,0.125,5.676444089439148,5.6799402216472,5.712373183140443,1.0,4,50,5,0.1,0.09818181818181819,525,52,0.09904761904761905,0.0,1.0,0.10353535548194451,0.10710271866866317,0.10710271866866317,0.010812274456074567,53.24999999595011,0.10659988901165944,2.759124087591241,2.3125,2.547169811320755,0.0
54,template_deposition,C,C,none,0,1.0,template_site:index=277:site=C:neigh=2:ahead0=6.390:mode=shell,y,xz,275,221,54,0,54,806.7353276212278,13.596529330955022,500.0,0.001,63.987803674999995,0.063987803675,-2386.7944,-2374.17,-2386.7944,-12.624512,-11.2282715,0.6164481187938998,0.063987803675,0.063987803675,10,274,277,9,9,1.329505337409894,9.10829251399494,28.18999999870399,10.0,511.90242939999996,0.0,-0.93123657,-14.920055,27.989662454344785,0.5000000008100001,27.489662453534784,6.189662455154785,0.9048468566262685,0.84391082204151,27.539862839584693,27.487102477942724,27.667208727424942,0.1732418489235087,0.125,5.739862840394693,5.687102478752724,5.867208728234942,1.0,4,50,5,0.1,0.10018181818181818,525,53,0.10095238095238095,0.0,1.0,0.10548885275518875,0.10629375630360542,0.10629375630360542,0.010933072076942272,53.24999999595011,0.10779085147100909,2.7636363636363637,2.3636363636363638,2.574074074074074,0.0
55,template_deposition,C,C,none,0,1.0,template_site:index=275:site=C:neigh=2:ahead0=6.390:mode=shell,y,xz,276,221,55,0,55,815.6207476706463,8.885420049418496,500.0,0.001,63.987803674999995,0.063987803675,-2398.2573,-2386.7944,-2398.2573,-11.462891,-11.186768,0.9998914682041038,0.063987803675,0.063987803675,10,275,275,8,8,1.4200845971928844,4.189268220174695,28.18999999870399,10.0,511.90242939999996,0.0,-0.9536293,-15.278827,28.06453611332857,0.5000000008100001,27.564536112518567,6.2645361141385685,0.9361197115721516,0.8595388002274639,27.61701231369898,27.49908063818132,28.01212455203992,0.2398660286916441,0.125,5.817012314508979,5.699080638991319,6.212124552849922,1.0,4,50,5,0.1,0.1021818181818182,525,54,0.10285714285714286,0.0,1.0,0.10744235002843298,0.10576386026379962,0.10576386026379962,0.011080023456207578,53.24999999595011,0.10923966788641103,2.7681159420289854,2.411764705882353,2.6,0.0
56,template_deposition,C,C,none,0,1.0,template_site:index=276:site=C:neigh=2:ahead0=6.390:mode=shell,y,xz,277,221,56,0,56,821.4085458259967,5.787798155350351,500.0,0.001,63.987803674999995,0.063987803675,-2408.9014,-2398.2573,-2408.9014,-10.644043,-10.053955,0.9992018905634891,0.063987803675,0.063987803675,12,276,276,7,7,1.4257934919101511,6.648780368364573,28.18999999870399,10.0,511.90242939999996,0.0,-0.9744224,-15.611968,28.189838212559483,0.5000000008100001,27.689838211749482,6.389838213369483,0.9695485597934029,0.8751667784134177,27.63946800205677,27.495624975592108,28.112692824478163,0.2887887104586256,0.125,5.83946800286677,5.695624976402108,6.312692825288163,1.0,4,50,5,0.1,0.10418181818181818,525,55,0.10476190476190476,0.0,1.0,0.10939584730167722,0.1042762143369066,0.1042762143369066,0.011122796195936705,53.24999999595011,0.10966137095419505,2.779783393501805,2.5142857142857142,2.6607142857142856,0.0
57,template_deposition,C,C,none,0,1.0,template_site:index=283:site=C:neigh=2:ahead0=6.390:mode=shell,y,xz,278,221,57,0,57,828.9400751582831,7.531529332286385,500.0,0.001,63.987803674999995,0.063987803675,-2418.8992,-2408.9014,-2418.8992,-9.997803,-9.744873,0.8617860813454046,0.063987803675,0.063987803675,7,277,283,6,6,1.4094855644933777,23.86536539545567,28.18999999870399,10.0,511.90242939999996,0.0,-0.9939531,-15.924885,28.189838212559483,0.5000000008100001,27.689838211749482,6.389838213369483,0.990854208568517,0.8907947565993717,27.71444286447433,27.50507932853847,28.120656702031674,0.31704269474676855,0.125,5.914442865284329,5.705079329348472,6.320656702841674,1.0,4,50,5,0.1,0.10618181818181817,525,56,0.10666666666666667,0.0,1.0,0.11134934457492146,0.10376215553130401,0.10376215553130401,0.011265605457684435,53.24999999595011,0.11106934959125159,2.7841726618705036,2.5555555555555554,2.6842105263157894,0.0
58,template_deposition,C,C,none,0,1.0,template_site:index=279:site=C:neigh=1:ahead0=6.390:mode=shell,y,xz,279,221,58,0,58,874.5566251944595,45.61655003617637,500.0,0.001,63.987803674999995,0.063987803675,-2429.7817,-2418.8992,-2429.7817,-10.882568,-9.667236,0.9999999008071413,0.063987803675,0.063987803675,9,278,279,5,5,1.373345818435873,14.027316807815183,28.18999999870399,10.0,511.90242939999996,0.0,-1.0152122,-16.265493,28.189838212559483,0.5000000008100001,27.689838211749482,6.389838213369483,1.0078163320492621,0.9064227347853255,27.789396679822957,27.804894589933,28.120656702031674,0.3184238941130213,0.125,5.989396680632957,6.004894590743,6.320656702841674,1.0,4,50,5,0.1,0.10818181818181818,525,57,0.10857142857142857,0.0,1.0,0.11330284184816569,0.10326546001091305,0.10326546001091305,0.011408374629777061,53.24999999595011,0.11247693297818735,2.781362007168459,2.5405405405405403,2.6724137931034484,0.0
59,template_deposition,C,C,none,0,1.0,template_site:index=274:site=C:neigh=2:ahead0=6.390:mode=shell,y,xz,280,221,59,0,59,878.4401851898149,3.8835599953553914,500.0,0.001,63.987803674999995,0.063987803675,-2439.371,-2429.7817,-2439.371,-9.589355,-8.972412,0.9999999999964133,0.063987803675,0.063987803675,9,279,274,4,4,1.4597824022741732,1.729756074544329,28.18999999870399,10.0,511.90242939999996,0.0,-1.033945,-16.565624,28.189838212559483,0.5000000008100001,27.689838211749482,6.389838213369483,1.0263649360027427,0.9220507129712794,27.876261867061665,28.072108274124417,28.14949135206709,0.3164225265880647,0.125,6.076261867871665,6.272108274934418,6.3494913528770915,1.0,4,50,5,0.1,0.11018181818181817,525,58,0.11047619047619048,0.0,1.0,0.11525633912140992,0.10298748928596042,0.10298748928596042,0.011573832129279362,53.24999999595011,0.11410820410016508,2.7857142857142856,2.5789473684210527,2.694915254237288,0.0
60,template_deposition,C,C,none,0,1.0,template_site:index=282:site=C:neigh=1:ahead0=6.390:mode=shell,y,xz,281,221,60,0,60,881.9690715900217,3.5288864002067886,500.0,0.001,63.987803674999995,0.063987803675,-2449.2737,-2439.371,-2449.2737,-9.902588,-7.837158,1.0,0.063987803675,0.063987803675,11,280,282,3,3,1.4491538852649577,21.405853249825302,28.18999999870399,10.0,511.90242939999996,0.0,-1.0532897,-16.87556,28.189838212559483,0.5000000008100001,27.689838211749482,6.389838213369483,1.045105313246648,0.9376786911572333,27.969313385210874,28.125578471880175,28.14949135206709,0.2744204104207931,0.125,6.169313386020875,6.325578472690175,6.3494913528770915,1.0,4,50,5,0.1,0.11218181818181819,525,59,0.11238095238095239,0.0,1.0,0.11720983639465417,0.10282188976701458,0.10282188976701458,0.011751073116230238,53.24999999595011,0.11585565045051788,2.790035587188612,2.6153846153846154,2.716666666666667,0.0
61,template_deposition,C,C,none,0,1.0,template_site:index=280:site=C:neigh=1:ahead0=6.390:mode=shell,y,xz,282,221,61,0,61,896.328791139006,14.359719548984215,500.0,0.001,63.987803674999995,0.063987803675,-2457.9592,-2449.2737,-2457.9592,-8.685547,-6.4001465,0.9999063339879455,0.063987803675,0.063987803675,10,281,280,2,2,1.7023926315157107,16.48682895600506,28.18999999870399,10.0,511.90242939999996,0.0,-1.0702568,-17.147406,28.189838212559483,0.5000000008100001,27.689838211749482,6.389838213369483,1.0607275933629523,0.9533066693431872,28.06264156934045,28.125578471880175,28.14949135206709,0.19244590115626578,0.125,6.26264157015045,6.325578472690175,6.3494913528770915,1.0,4,50,5,0.1,0.11599999999999999,525,61,0.11619047619047619,0.0,1.0,0.1191633336678984,0.10266625524836803,0.10266625524836803,0.011928841086000857,53.24999999595011,0.11760829240613616,2.7872340425531914,2.6,2.7049180327868854,0.0
62,template_deposition,C,C,none,0,1.0,template_site:index=281:site=C:neigh=2:ahead0=6.390:mode=shell,y,xz,283,221,62,0,62,903.4434235291853,7.114632390179406,500.0,0.001,63.987803674999995,0.063987803675,-2468.4148,-2457.9592,-2468.4148,-10.455566,-5.923584,0.9998607419530691,0.063987803675,0.063987803675,12,282,281,2,2,1.1167770050349506,18.946341101635426,28.18999999870399,10.0,511.90242939999996,0.0,-1.0906817,-17.474648,28.297468548205813,0.5000000008100001,27.797468547395813,6.497468549015814,1.0772061728848061,0.9689346475291412,28.08408561234114,28.12593143180451,28.22212731325338,0.20728430726144376,0.125,6.284085613151142,6.32593143261451,6.422127314063381,1.0,5,50,6,0.12,0.11800000000000001,525,62,0.1180952380952381,0.0,1.0,0.12111683094114264,0.1013562195669539,0.1013562195669539,0.01196968688219265,53.24999999595011,0.11801099743904363,2.791519434628975,2.6341463414634148,2.725806451612903,0.0
63,template_deposition,C,C,none,0,1.0,template_site:index=278:site=C:neigh=2:ahead0=6.390:mode=shell,y,xz,284,221,63,0,63,945.6059548447595,42.1625313155741,500.0,0.001,63.987803674999995,0.063987803675,-2477.7544,-2468.4148,-2477.7544,-9.3396,-5.5637207,1.0,0.063987803675,0.063987803675,12,283,278,1,1,1.1370123494807782,11.567804662184816,28.18999999870399,10.0,511.90242939999996,0.0,-1.1089267,-17.766964,28.305993348011686,0.5000000008100001,27.805993347201685,6.505993348821686,1.0925822044815239,0.984562625715095,28.18073769603793,28.13849709207134,28.300025988147574,0.07272019369530971,0.125,6.38073769684793,6.33849709288134,6.500025988957574,1.0,5,50,6,0.12,0.12,525,63,0.12,0.0,1.0,0.12307032821438688,0.10128155074361794,0.10128155074361794,0.012153786089234153,53.24999999595011,0.1198260600438162,2.795774647887324,2.6666666666666665,2.746031746031746,0.0
64,template_deposition,C,C,none,0,1.0,template_site:index=291:site=C:neigh=1:ahead0=7.810:mode=shell,y,xz,285,221,64,0,64,974.0221382264684,28.416183381708986,500.0,0.001,63.987803674999995,0.063987803675,-2485.4644,-2477.7544,-2485.4644,-7.709961,-7.381592,0.7795047956753066,0.063987803675,0.063987803675,8,284,291,10,10,1.3128154744123044,18.946341101635426,29.609999998372988,10.0,511.90242939999996,0.0,-1.123988,-18.008274,29.645446847470737,0.5000000008100001,29.145446846660736,7.845446848280737,0.49491727032155863,1.0001906039010489,28.3525670981601,28.14795079652553,28.7078293978494,0.49187899522158535,0.125,6.552567098970101,6.347950797335532,6.907829398659402,1.0,5,50,6,0.12,0.122,525,64,0.1219047619047619,0.0,1.0,0.1250238254876311,0.10238386092140783,0.10238386092140783,0.012481080188514479,53.24999999595011,0.12305290327640285,2.7929824561403507,2.409090909090909,2.734375,0.0
65,template_deposition,C,C,none,0,1.0,template_site:index=286:site=C:neigh=1:ahead0=7.810:mode=shell,y,xz,286,221,65,0,65,1020.0543959697881,46.03225774331965,500.0,0.001,63.987803674999995,0.063987803675,-2493.0059,-2485.4644,-2493.0059,-7.541504,-7.302002,0.5465180390474733,0.063987803675,0.063987803675,8,285,286,9,9,1.4204217961447503,6.648780368364573,29.609999998372988,10.0,511.90242939999996,0.0,-1.1387203,-18.24431,29.645446847470737,0.5000000008100001,29.145446846660736,7.845446848280737,0.5996339149241678,1.0158185820870027,28.53322512986625,28.14795079652553,29.62705078671774,0.636908159771152,0.125,6.733225130676249,6.347950797335532,7.827050787527739,1.0,5,50,6,0.12,0.124,525,65,0.12380952380952381,0.0,1.0,0.12697732276087534,0.10358807893348077,0.10358807893348077,0.012825190725097618,53.24999999595011,0.12644554236973407,2.7902097902097904,2.391304347826087,2.723076923076923,0.0
66,template_deposition,C,C,none,0,1.0,template_site:index=292:site=C:neigh=1:ahead0=7.810:mode=shell,y,xz,287,221,66,0,66,1049.5713093916465,29.51691342185858,500.0,0.001,63.987803674999995,0.063987803675,-2500.7537,-2493.0059,-2500.7537,-7.7478027,-7.142578,0.02911458002164203,0.063987803675,0.063987803675,9,286,292,8,8,1.4603108427666813,21.405853249825302,29.609999998372988,10.0,511.90242939999996,0.0,-1.1538556,-18.486805,29.652569692337437,0.5000000008100001,29.152569691527436,7.852569693147437,0.6712444625181685,1.0314465602729566,28.71562668444593,28.225393845863433,29.629187640177747,0.7059069266694161,0.125,6.91562668525593,6.425393846673433,7.829187640987747,1.0,5,50,6,0.12,0.126,525,66,0.12571428571428572,0.0,1.0,0.12893082003411957,0.10478222250387773,0.10478222250387773,0.013172622257630343,53.24999999595011,0.12987092367665526,2.7874564459930316,2.375,2.712121212121212,0.0
67,template_deposition,C,C,none,0,1.0,template_site:index=288:site=C:neigh=1:ahead0=7.810:mode=shell,y,xz,288,221,67,0,67,1065.3817227927004,15.81041340105397,500.0,0.001,63.987803674999995,0.063987803675,-2508.4995,-2500.7537,-2508.4995,-7.7458496,-7.279541,0.7440810159482076,0.063987803675,0.063987803675,8,287,288,7,7,1.3041718522243746,11.567804662184816,29.609999998372988,10.0,511.90242939999996,0.0,-1.1689872,-18.729239,29.652569692337437,0.5000000008100001,29.152569691527436,7.852569693147437,0.7289313618924883,1.0470745384589106,28.88915062805661,28.894896981298544,29.650695347063465,0.7417882817399867,0.125,7.089150628866609,7.094896982108544,7.850695347873465,1.0,5,50,6,0.12,0.128,525,67,0.12761904761904763,0.0,1.0,0.13088431730736383,0.10580821834129267,0.10580821834129267,0.013503144054984017,53.24999999595011,0.13312958928461538,2.7847222222222223,2.36,2.701492537313433,0.0
68,template_deposition,C,C,none,0,1.0,template_site:index=289:site=C:neigh=1:ahead0=7.810:mode=shell,y,xz,289,221,68,0,68,1067.4804771400798,2.0987543473793737,500.0,0.001,63.987803674999995,0.063987803675,-2518.0342,-2508.4995,-2518.0342,-9.534668,-7.270508,0.5806874873897813,0.063987803675,0.063987803675,9,288,289,6,6,1.4231401924270068,14.027316807815183,29.609999998372988,10.0,511.90242939999996,0.0,-1.187613,-19.027658,29.664619837280476,0.5000000008100001,29.164619836470475,7.864619838090476,0.7728837230763533,1.0627025166448645,29.070552537252347,29.609936769448638,29.65618473582035,0.7257411854948288,0.125,7.270552538062347,7.809936770258638,7.85618473663035,1.0,5,50,6,0.12,0.13,525,68,0.1295238095238095,0.0,1.0,0.13283781458060806,0.10691989026562275,0.10691989026562275,0.013848671501071138,53.24999999595011,0.1365361979082686,2.7889273356401385,2.423076923076923,2.7205882352941178,0.0
69,template_deposition,C,C,none,0,1.0,template_site:index=285:site=C:neigh=1:ahead0=7.810:mode=shell,y,xz,290,221,69,0,69,1097.2803811912077,29.799904051127868,500.0,0.001,63.987803674999995,0.063987803675,-2525.704,-2518.0342,-2525.704,-7.669922,-7.2109375,0.8411461885737228,0.063987803675,0.063987803675,9,289,285,5,5,1.4703206747831303,4.189268220174695,29.609999998372988,10.0,511.90242939999996,0.0,-1.2025962,-19.267715,29.664619837280476,0.5000000008100001,29.164619836470475,7.864619838090476,0.8045482316322439,1.0783304948308183,29.25191676457783,29.613140727557138,29.65618473582035,0.6502024270880452,0.125,7.451916765387832,7.813140728367138,7.85618473663035,1.0,5,50,6,0.12,0.132,525,69,0.13142857142857142,0.0,1.0,0.1347913118538523,0.10799879370127292,0.10799879370127292,0.014194127172167299,53.24999999595011,0.13994209889116585,2.786206896551724,2.4074074074074074,2.710144927536232,0.0
70,template_deposition,C,C,none,0,1.0,template_site:index=290:site=C:neigh=1:ahead0=7.810:mode=shell,y,xz,291,221,70,0,70,1113.8039756398675,16.523594448659775,500.0,0.001,63.987803674999995,0.063987803675,-2534.5876,-2525.704,-2534.5876,-8.883545,-7.1169434,0.905669734837347,0.063987803675,0.063987803675,10,290,290,4,4,1.4359293359475973,16.48682895600506,29.609999998372988,10.0,511.90242939999996,0.0,-1.2199502,-19.545757,29.651347602316534,0.5000000008100001,29.151347601506533,7.851347603126534,0.8215953614813977,1.0939584730167722,29.244251365735938,29.602612757391384,29.63393000110874,0.6456257225085581,0.125,7.444251366545938,7.802612758201384,7.833930001918741,1.0,5,50,6,0.12,0.132,525,69,0.13142857142857142,0.0,1.0,0.13674480912709652,0.1063464480935134,0.1063464480935134,0.014179526412468453,53.24999999595011,0.13979814773919447,2.783505154639175,2.392857142857143,2.7,0.0
71,template_deposition,C,C,none,0,1.0,template_site:index=287:site=C:neigh=1:ahead0=7.810:mode=shell,y,xz,292,221,71,0,71,1146.573570832162,32.76959519229446,500.0,0.001,63.987803674999995,0.063987803675,-2542.175,-2534.5876,-2542.175,-7.5874023,-7.0371094,0.9967065006762198,0.063987803675,0.063987803675,10,291,287,3,3,1.4698271508355003,9.10829251399494,29.609999998372988,10.0,511.90242939999996,0.0,-1.2347722,-19.783232,29.651347602316534,0.5000000008100001,29.151347601506533,7.851347603126534,0.8414945301946144,1.109586451202726,29.243817350498475,29.602612757391384,29.63897922554386,0.6453865250517682,0.125,7.443817351308475,7.802612758201384,7.83897922635386,1.0,5,50,6,0.12,0.134,525,70,0.13333333333333333,0.0,1.0,0.13869830640034075,0.10484249790575317,0.10484249790575317,0.014178699716778048,53.24999999595011,0.13978999721830251,2.780821917808219,2.3793103448275863,2.6901408450704225,0.0
72,template_deposition,C,C,none,0,1.0,template_site:index=293:site=C:neigh=1:ahead0=7.810:mode=shell,y,xz,293,221,72,0,72,1146.6817347956694,0.10816396350741812,500.0,0.001,63.987803674999995,0.063987803675,-2550.9392,-2542.175,-2550.9392,-8.76416,-6.784912,0.8696876559615874,0.063987803675,0.063987803675,8,292,293,2,2,1.4804423481077469,23.86536539545567,29.609999998372988,10.0,511.90242939999996,0.0,-1.2518929,-20.057537,29.658945071633074,0.5000000008100001,29.158945070823073,7.858945072443074,0.8592240568998726,1.1252144293886799,29.434947660093155,29.609602622534624,29.653626843111496,0.49642077840291343,0.125,7.634947660903155,7.809602623344624,7.8536268439214965,1.0,5,50,6,0.12,0.134,525,70,0.13333333333333333,0.0,1.0,0.14065180367358499,0.10604093973476604,0.10604093973476604,0.014542757449339342,53.24999999595011,0.14337929880720798,2.7849829351535837,2.433333333333333,2.7083333333333335,0.0
73,template_deposition,C,C,none,0,1.0,template_site:index=284:site=C:neigh=1:ahead0=7.810:mode=shell,y,xz,294,221,73,0,73,1158.0278352696394,11.346100473969893,500.0,0.001,63.987803674999995,0.063987803675,-2558.3694,-2550.9392,-2558.3694,-7.430176,-6.703125,1.0,0.063987803675,0.063987803675,8,293,284,1,1,1.4883307950776254,1.729756074544329,29.609999998372988,10.0,511.90242939999996,0.0,-1.2664077,-20.290089,29.658945071633074,0.5000000008100001,29.158945070823073,7.858945072443074,0.8742110356246763,1.140842407574634,29.621921364714556,29.613323216602545,29.653626843111496,0.021738697680136726,0.125,7.821921365524556,7.813323217412545,7.8536268439214965,1.0,5,50,6,0.12,0.136,525,71,0.13523809523809524,0.0,1.0,0.14260530094682924,0.10714960774691172,0.10714960774691172,0.014898897839094392,53.24999999595011,0.14689054208675018,2.7823129251700682,2.4193548387096775,2.6986301369863015,0.0
74,template_deposition,C,C,none,0,1.0,template_site:index=297:site=C:neigh=2:ahead0=8.520:mode=shell,y,xz,295,221,74,0,74,1193.6743904629793,35.64655519334006,500.0,0.001,63.987803674999995,0.063987803675,-2570.8818,-2558.3694,-2570.8818,-12.512451,-10.824707,0.9500924665704192,0.063987803675,0.063987803675,9,294,297,9,9,1.4081371814840993,7.878536441179756,30.319999998541988,10.0,511.90242939999996,0.0,-1.2908508,-20.68171,30.064096257533887,0.5000000008100001,29.564096256723886,8.264096258343887,0.9065896869241635,1.1564703857605878,29.67689193769018,29.613323216602545,29.78049042740332,0.14775639087076692,0.125,7.876891938500179,7.813323217412545,7.980490428213319,1.0,5,50,6,0.12,0.1358181818181818,525,71,0.13523809523809524,0.0,1.0,0.14455879822007348,0.10644448565540783,0.10644448565540783,0.015003603692381294,53.24999999595011,0.14792285331641786,2.7932203389830508,2.53125,2.7432432432432434,0.0
75,template_deposition,C,C,none,0,1.0,template_site:index=301:site=C:neigh=1:ahead0=8.520:mode=shell,y,xz,296,221,75,0,75,1214.443086800046,20.768696337066697,500.0,0.001,63.987803674999995,0.063987803675,-2581.704,-2570.8818,-2581.704,-10.822266,-9.581299,0.9999999959853147,0.063987803675,0.063987803675,9,295,301,7,7,1.3260448125260573,17.716585028820244,30.319999998541988,10.0,511.90242939999996,0.0,-1.311992,-21.02043,30.279788448243366,0.5000000008100001,29.779788447433365,8.479788449053366,0.9498987622762536,1.1720983639465417,29.74992866034146,29.613323216602545,30.12880391474673,0.25079109810164024,0.125,7.949928661151461,7.813323217412545,8.32880391555673,1.0,5,50,6,0.12,0.13763636363636364,525,72,0.13714285714285715,0.0,1.0,0.1465122954933177,0.10599904881535281,0.10599904881535281,0.015142721259336115,53.24999999595011,0.14929443496255562,2.7972972972972974,2.5757575757575757,2.76,0.0
76,template_deposition,C,C,none,0,1.0,template_site:index=303:site=C:neigh=1:ahead0=8.520:mode=shell,y,xz,297,221,76,0,76,1242.9427418034484,28.499655003402307,500.0,0.001,63.987803674999995,0.063987803675,-2592.1929,-2581.704,-2592.1929,-10.48877,-8.782715,0.9999998343597055,0.063987803675,0.063987803675,9,296,303,6,6,1.3395348551021784,22.635609322640487,30.319999998541988,10.0,511.90242939999996,0.0,-1.3324819,-21.348713,30.279788448243366,0.5000000008100001,29.779788447433365,8.479788449053366,0.9807438513639597,1.1877263421324955,29.835676339671767,29.622857224820766,30.27592570036368,0.29350916081147765,0.125,8.035676340481768,7.8228572256307665,8.47592570117368,1.0,5,50,6,0.12,0.14145454545454544,525,74,0.14095238095238094,0.0,1.0,0.14846579276656194,0.10573258342739168,0.10573258342739168,0.015306050172346224,53.24999999595011,0.1509047200205242,2.8013468013468015,2.6176470588235294,2.776315789473684,0.0
77,template_deposition,C,C,none,0,1.0,template_site:index=298:site=C:neigh=2:ahead0=8.520:mode=shell,y,xz,298,221,77,0,77,1243.728147523667,0.7854057202187074,500.0,0.001,63.987803674999995,0.063987803675,-2601.6377,-2592.1929,-2601.6377,-9.444824,-8.012695,0.10509493091078974,0.063987803675,0.063987803675,10,297,298,6,6,1.6119448366816982,10.338048586810121,30.319999998541988,10.0,511.90242939999996,0.0,-1.3509322,-21.644321,30.279788448243366,0.5000000008100001,29.779788447433365,8.479788449053366,1.0130545898914198,1.2033543203184494,29.92597054091165,29.876438751428744,30.27592570036368,0.3116383012470243,0.125,8.12597054172165,8.076438752238744,8.47592570117368,1.0,5,50,6,0.12,0.14327272727272727,525,75,0.14285714285714285,0.0,1.0,0.15041929003980617,0.10553208495742401,0.10553208495742401,0.015478039127088856,53.24999999595011,0.15260038577163687,2.8053691275167787,2.657142857142857,2.792207792207792,0.0
78,template_deposition,C,C,none,0,1.0,template_site:index=295:site=C:neigh=1:ahead0=8.520:mode=shell,y,xz,299,221,78,0,78,1273.7343371544891,30.006189630822096,500.0,0.001,63.987803674999995,0.063987803675,-2612.463,-2601.6377,-2612.463,-10.825195,-8.120117,0.9999970284963313,0.063987803675,0.063987803675,9,298,295,5,5,1.394405040083241,2.959512147359512,30.319999998541988,10.0,511.90242939999996,0.0,-1.3720793,-21.983133,30.301371293023127,0.5000000008100001,29.801371292213126,8.501371293833127,1.0351801679399766,1.2189822985044034,30.016818612329438,30.191235243774383,30.286263301677295,0.30226738814680354,0.125,8.216818613139438,8.391235244584383,8.486263302487295,1.0,6,50,7,0.14,0.14709090909090908,525,77,0.14666666666666667,0.0,1.0,0.15237278731305043,0.10534382837358254,0.10534382837358254,0.015651083072646548,53.24999999595011,0.1543064528406453,2.802675585284281,2.638888888888889,2.782051282051282,0.0
79,template_deposition,C,C,none,0,1.0,template_site:index=296:site=C:neigh=2:ahead0=8.520:mode=shell,y,xz,300,221,79,0,79,1330.1567440243252,56.42240686983618,500.0,0.001,63.987803674999995,0.063987803675,-2622.2922,-2612.463,-2622.2922,-9.829346,-6.6188965,0.9999999999702369,0.063987803675,0.063987803675,12,299,296,5,5,1.1710058692066023,5.419024292989877,30.319999998541988,10.0,511.90242939999996,0.0,-1.3912809,-22.290777,30.406132331933318,0.5000000008100001,29.906132331123317,8.606132332743318,1.063291523871958,1.2346102766903573,30.116658319018917,30.267344147042948,30.319007686858335,0.28942359526265743,0.125,8.316658319828917,8.467344147852948,8.519007687668335,1.0,6,50,7,0.14,0.1489090909090909,525,78,0.14857142857142858,0.0,1.0,0.15432628458629466,0.10527415594720149,0.10527415594720149,0.01584125394253127,53.24999999595011,0.1561813769100739,2.8066666666666666,2.675675675675676,2.7974683544303796,0.0
80,template_deposition,C,C,none,0,1.0,template_site:index=300:site=C:neigh=1:ahead0=8.520:mode=shell,y,xz,301,221,80,0,80,1330.4963903455632,0.3396463212379997,500.0,0.001,63.987803674999995,0.063987803675,-2629.5593,-2622.2922,-2629.5593,-7.26709,-5.5219727,0.9660611824530893,0.063987803675,0.063987803675,10,300,300,4,4,1.659496449274549,15.257072883189878,30.319999998541988,10.0,511.90242939999996,0.0,-1.4054772,-22.518227,30.406132331933318,0.5000000008100001,29.906132331123317,8.606132332743318,1.0792154746160385,1.2502382548763111,30.195817333165408,30.267344147042948,30.33251800322433,0.22185073985548273,0.125,8.395817333975408,8.467344147852948,8.53251800403433,1.0,6,50,7,0.14,0.1507272727272727,525,79,0.15047619047619049,0.0,1.0,0.1562797818595389,0.1049477166746926,0.1049477166746926,0.015992033017096015,53.24999999595011,0.15766793116645908,2.8039867109634553,2.6578947368421053,2.7875,0.0
81,template_deposition,C,C,none,0,1.0,template_site:index=294:site=C:neigh=1:ahead0=8.520:mode=shell,y,xz,302,221,81,0,81,1336.1556394436673,5.659249098104009,500.0,0.001,63.987803674999995,0.063987803675,-2635.953,-2629.5593,-2635.953,-6.3935547,-5.3774414,0.9998968635624023,0.063987803675,0.063987803675,7,301,294,3,3,1.6220465011117644,0.49999999916963384,30.319999998541988,10.0,511.90242939999996,0.0,-1.417967,-22.718336,30.406132331933318,0.5000000008100001,29.906132331123317,8.606132332743318,1.093998102571987,1.265866233062265,30.19999594365431,30.267344147042948,30.34240790559621,0.22373523167184164,0.125,8.399995944464312,8.467344147852948,8.542407906406211,1.0,6,50,7,0.14,0.15254545454545454,525,80,0.1523809523809524,0.0,1.0,0.15823327913278312,0.10370365363536187,0.10370365363536187,0.015999992275170117,53.24999999595011,0.15774640272494211,2.801324503311258,2.641025641025641,2.7777777777777777,0.0
82,template_deposition,C,C,none,0,1.0,template_site:index=304:site=C:neigh=1:ahead0=8.520:mode=shell,y,xz,303,221,82,0,82,1351.8338111288974,15.678171685230154,500.0,0.001,63.987803674999995,0.063987803675,-2642.4817,-2635.953,-2642.4817,-6.5288086,-4.9819336,1.0,0.063987803675,0.063987803675,6,302,304,2,2,1.7590505757390162,25.095121470830364,30.319999998541988,10.0,511.90242939999996,0.0,-1.4307209,-22.922676,30.406132331933318,0.5000000008100001,29.906132331123317,8.606132332743318,1.1056089631566122,1.2814942112482188,30.280593408982007,30.27493751600809,30.34240790559621,0.061895586066199375,0.125,8.480593409792007,8.474937516818091,8.542407906406211,1.0,6,50,7,0.14,0.15436363636363637,525,81,0.15428571428571428,0.0,1.0,0.16018677640602735,0.10342187085112203,0.10342187085112203,0.016153511256746682,53.24999999595011,0.1592599701490515,2.798679867986799,2.625,2.768292682926829,0.0
83,template_deposition,C,C,none,0,1.0,template_site:index=302:site=C:neigh=2:ahead0=8.520:mode=shell,y,xz,304,221,83,0,83,1355.8791314377138,4.045320308816439,500.0,0.001,63.987803674999995,0.063987803675,-2650.9434,-2642.4817,-2650.9434,-8.46167,-1.7678223,1.0,0.063987803675,0.063987803675,12,303,302,1,1,1.0926807685793642,20.17609717701012,30.319999998541988,10.0,511.90242939999996,0.0,-1.4472507,-23.187513,30.449216186540603,0.5000000008100001,29.949216185730602,8.649216187350603,1.101680810309428,1.2971221894341727,30.30812208185809,30.298802408314497,30.419057488315502,0.07987615635440831,0.125,8.508122082668091,8.498802409124497,8.619057489125503,1.0,7,50,8,0.16,0.15618181818181817,525,82,0.15619047619047619,0.0,1.0,0.16214027367927158,0.10250749497190471,0.10250749497190471,0.016205946824129697,53.24999999595011,0.15977694053174027,2.7960526315789473,2.6153846153846154,2.7590361445783134,0.0
84,template_deposition,C,C,none,0,1.0,template_site:index=305:site=C:neigh=1:ahead0=9.940:mode=shell,y,xz,305,221,84,0,84,1359.781027696151,3.901896258437221,500.0,0.001,63.987803674999995,0.063987803675,-2659.2258,-2650.9434,-2659.2258,-8.282471,-7.611328,0.8726722296957081,0.063987803675,0.063987803675,5,304,305,10,10,1.4447952037051182,0.49999999916963384,31.73999999821099,10.0,511.90242939999996,0.0,-1.4634305,-23.446743,31.688902082275895,0.5000000008100001,31.188902081465894,9.888902083085895,0.49039001257597836,1.3127501676201268,30.479847662496827,30.298802408314497,30.82112195526119,0.4639004414254826,0.125,8.679847663306827,8.498802409124497,9.021121956071191,1.0,7,50,8,0.16,0.158,525,83,0.1580952380952381,0.0,1.0,0.16409377095251584,0.10333151980127175,0.10333151980127175,0.01653304316820348,53.24999999595011,0.16300183406510735,2.7934426229508196,2.2857142857142856,2.75,0.0
85,template_deposition,C,C,none,0,1.0,template_site:index=315:site=C:neigh=1:ahead0=9.940:mode=shell,y,xz,306,221,85,0,85,1383.2291938138605,23.4481661177095,500.0,0.001,63.987803674999995,0.063987803675,-2667.553,-2659.2258,-2667.553,-8.327148,-7.510498,0.6571720559938947,0.063987803675,0.063987803675,5,305,315,9,9,1.4584129678922966,25.095121470830364,31.73999999821099,10.0,511.90242939999996,0.0,-1.4796976,-23.707369,31.688902082275895,0.5000000008100001,31.188902081465894,9.888902083085895,0.5889953503896636,1.3283781458060806,30.652845869480142,30.353550668569753,31.68310565178529,0.6010920340705311,0.125,8.852845870290142,8.553550669379753,9.88310565259529,1.0,7,50,8,0.16,0.1598181818181818,525,84,0.16,0.0,1.0,0.16604726822576008,0.10415112788576639,0.10415112788576639,0.016862563562457415,53.24999999595011,0.1662506266847594,2.7908496732026142,2.272727272727273,2.7411764705882353,0.0
86,template_deposition,C,C,none,0,1.0,template_site:index=311:site=C:neigh=1:ahead0=9.940:mode=shell,y,xz,307,221,86,0,86,1383.4665627388474,0.2373689249867915,500.0,0.001,63.987803674999995,0.063987803675,-2675.8567,-2667.553,-2675.8567,-8.303711,-7.473633,0.824991374723709,0.063987803675,0.063987803675,7,306,311,8,8,1.4394042500970357,15.257072883189878,31.73999999821099,10.0,511.90242939999996,0.0,-1.4959189,-23.967262,31.718977248879515,0.5000000008100001,31.218977248069514,9.918977249689515,0.661166590080594,1.3440061239920345,30.828519265265513,30.42767425923696,31.69792463225698,0.6769966921454326,0.125,9.028519266075513,8.627674260046959,9.897924633066982,1.0,7,50,8,0.16,0.16163636363636363,525,85,0.1619047619047619,0.0,1.0,0.1680007654990043,0.10498278216366876,0.10498278216366876,0.017197179554429547,53.24999999595011,0.16954965759177784,2.788273615635179,2.260869565217391,2.7325581395348837,0.0
87,template_deposition,C,C,none,0,1.0,template_site:index=313:site=C:neigh=1:ahead0=9.940:mode=shell,y,xz,308,221,87,0,87,1386.835549156777,3.36898641792959,500.0,0.001,63.987803674999995,0.063987803675,-2683.936,-2675.8567,-2683.936,-8.079346,-7.2578125,0.03509282961355354,0.063987803675,0.063987803675,8,307,313,7,7,1.2908149617657778,20.17609717701012,31.73999999821099,10.0,511.90242939999996,0.0,-1.5117018,-24.220135,31.782201862021555,0.5000000008100001,31.282201861211554,9.982201862831555,0.7186962474837397,1.3596341021779883,30.996953370444086,31.043376899611317,31.737944632822128,0.7235791966173677,0.125,9.196953371254086,9.243376900421318,9.937944633632128,1.0,7,50,8,0.16,0.16345454545454544,525,86,0.16380952380952382,0.0,1.0,0.16995426277224854,0.1057121077155642,0.1057121077155642,0.017518006421436354,53.24999999595011,0.17271273937940945,2.7857142857142856,2.25,2.7241379310344827,0.0
88,template_deposition,C,C,none,0,1.0,template_site:index=306:site=C:neigh=1:ahead0=9.940:mode=shell,y,xz,309,221,88,0,88,1391.5438948772357,4.708345720458801,500.0,0.001,63.987803674999995,0.063987803675,-2691.549,-2683.936,-2691.549,-7.613037,-7.382324,0.7161390730116797,0.063987803675,0.063987803675,9,308,306,6,6,1.4427184446176184,2.959512147359512,31.73999999821099,10.0,511.90242939999996,0.0,-1.5265739,-24.45841,31.782201862021555,0.5000000008100001,31.282201861211554,9.982201862831555,0.7620859531300194,1.3752620803639422,30.996317565492856,31.02114016740123,31.744462933566826,0.7330689038238086,0.125,9.196317566302856,9.221140168211232,9.944462934376826,1.0,7,50,8,0.16,0.16527272727272727,525,87,0.1657142857142857,0.0,1.0,0.17190776004549277,0.104503608707987,0.104503608707987,0.01751679536438639,53.24999999595011,0.1727007993803244,2.7831715210355985,2.24,2.715909090909091,0.0
89,template_deposition,C,C,none,0,1.0,template_site:index=307:site=C:neigh=1:ahead0=9.940:mode=shell,y,xz,310,221,89,0,89,1401.8345703775135,10.290675500277734,500.0,0.001,63.987803674999995,0.063987803675,-2699.1877,-2691.549,-2699.1877,-7.638672,-7.284668,0.7641780850069442,0.063987803675,0.063987803675,9,309,307,5,5,1.378770518616586,5.419024292989877,31.73999999821099,10.0,511.90242939999996,0.0,-1.541496,-24.69749,31.782201862021555,0.5000000008100001,31.282201861211554,9.982201862831555,0.7972144994278995,1.390890058549896,31.17923710771126,31.699799358084416,31.76916997723054,0.7199652360184828,0.125,9.37923710852126,9.899799358894416,9.96916997804054,1.0,7,50,8,0.16,0.16709090909090907,525,88,0.1676190476190476,0.0,1.0,0.173861257318737,0.10538468661259842,0.10538468661259842,0.017865213540040493,53.24999999595011,0.1761359081546402,2.7806451612903227,2.230769230769231,2.707865168539326,0.0
90,template_deposition,C,C,none,0,1.0,template_site:index=314:site=C:neigh=1:ahead0=9.940:mode=shell,y,xz,311,221,90,0,90,1457.1754937591554,55.340923381642,500.0,0.001,63.987803674999995,0.063987803675,-2706.8572,-2699.1877,-2706.8572,-7.6694336,-7.2304688,0.922190051963525,0.063987803675,0.063987803675,10,310,314,4,4,1.4458742227943164,22.635609322640487,31.73999999821099,10.0,511.90242939999996,0.0,-1.5564783,-24.937532,31.780468127464008,0.5000000008100001,31.280468126654007,9.980468128274008,0.8241014017493505,1.40651803673585,31.187190467535,31.72796732314903,31.768649856863277,0.7257771105334228,0.125,9.387190468345,9.927967323959031,9.968649857673277,1.0,7,50,8,0.16,0.1689090909090909,525,89,0.16952380952380952,0.0,1.0,0.17581475459198126,0.10430211631494445,0.10430211631494445,0.01788036279684762,53.24999999595011,0.17628526702458094,2.7781350482315115,2.2222222222222223,2.7,0.0
91,template_deposition,C,C,none,0,1.0,template_site:index=312:site=C:neigh=1:ahead0=9.940:mode=shell,y,xz,312,221,91,0,91,1477.1018610988137,19.926367339658366,500.0,0.001,63.987803674999995,0.063987803675,-2714.7493,-2706.8572,-2714.7493,-7.89209,-7.055664,0.7778551414297457,0.063987803675,0.063987803675,10,311,312,3,3,1.4855748045235837,17.716585028820244,31.73999999821099,10.0,511.90242939999996,0.0,-1.5718955,-25.184542,31.77457387816333,0.5000000008100001,31.27457387735333,9.974573878973331,0.8428064967682739,1.422146014921804,31.36985205164853,31.73201974393978,31.766881582073072,0.6486698399627094,0.125,9.569852052458529,9.93201974474978,9.966881582883072,1.0,7,50,8,0.16,0.17072727272727273,525,90,0.17142857142857143,0.0,1.0,0.1777682518652255,0.10516320936767615,0.10516320936767615,0.01822828962373053,53.24999999595011,0.17971553151523675,2.782051282051282,2.2857142857142856,2.7142857142857144,0.0
92,template_deposition,C,C,none,0,1.0,template_site:index=308:site=C:neigh=1:ahead0=9.940:mode=shell,y,xz,313,221,92,0,92,1482.843820277835,5.741959179021219,500.0,0.001,63.987803674999995,0.063987803675,-2722.4895,-2714.7493,-2722.4895,-7.7402344,-7.001465,0.9868448117641052,0.063987803675,0.063987803675,9,312,308,2,2,1.508521236901341,7.878536441179756,31.73999999821099,10.0,511.90242939999996,0.0,-1.587016,-25.4268,31.77457387816333,0.5000000008100001,31.27457387735333,9.974573878973331,0.8588659483665753,1.4377739931077578,31.552037550389105,31.73201974393978,31.77162052704594,0.5027336604105921,0.125,9.752037551199106,9.93201974474978,9.97162052785594,1.0,7,50,8,0.16,0.17254545454545453,525,91,0.17333333333333334,0.0,1.0,0.17972174913846972,0.10600040816520767,0.10600040816520767,0.01857530962133163,53.24999999595011,0.18313685543550778,2.779552715654952,2.2758620689655173,2.7065217391304346,0.0
93,template_deposition,C,C,none,0,1.0,template_site:index=309:site=C:neigh=1:ahead0=9.940:mode=shell,y,xz,314,221,93,0,93,1495.419458471234,12.575638193399055,500.0,0.001,63.987803674999995,0.063987803675,-2729.991,-2722.4895,-2729.991,-7.501465,-6.609375,1.0,0.063987803675,0.063987803675,9,313,309,1,1,1.5212428409758285,10.338048586810121,31.73999999821099,10.0,511.90242939999996,0.0,-1.60167,-25.661583,31.77457387816333,0.5000000008100001,31.27457387735333,9.974573878973331,0.8706589016237959,1.4534019712937116,31.737082315658487,31.733545169155178,31.77162052704594,0.02488350975820654,0.125,9.937082316468487,9.933545169965178,9.97162052785594,1.0,8,50,9,0.18,0.17636363636363636,525,93,0.17714285714285713,0.0,1.0,0.18167524641171395,0.10685034748890847,0.10685034748890847,0.018927775840892357,53.24999999595011,0.18661187450186376,2.7770700636942673,2.2666666666666666,2.6989247311827955,0.0
94,template_deposition,C,C,none,0,1.0,template_site:index=317:site=C:neigh=2:ahead0=10.650:mode=shell,y,xz,315,221,94,0,94,1495.607526522281,0.18806805104681715,500.0,0.001,63.987803674999995,0.063987803675,-2741.3726,-2729.991,-2741.3726,-11.381592,-11.173584,0.6858012706317372,0.063987803675,0.063987803675,10,314,317,10,10,1.3399497828615876,4.189268220174695,32.44999999837999,10.0,511.90242939999996,0.0,-1.623904,-26.01781,32.254819219191525,0.5000000008100001,31.754819218381524,10.454819220001525,0.906140736596574,1.4690299494796655,31.80337829410524,31.74757895014688,31.91864748047179,0.17231854141768607,0.125,10.00337829491524,9.947578950956881,10.11864748128179,1.0,8,50,9,0.18,0.17836363636363636,525,94,0.17904761904761904,0.0,1.0,0.18362874368495818,0.1064189180310132,0.1064189180310132,0.01905405389507665,53.24999999595011,0.18785686940236693,2.780952380952381,2.3225806451612905,2.7127659574468086,0.0
95,template_deposition,C,C,none,0,1.0,template_site:index=319:site=C:neigh=2:ahead0=10.650:mode=shell,y,xz,316,221,95,0,95,1511.373906046467,15.766379524185968,500.0,0.001,63.987803674999995,0.063987803675,-2752.9714,-2741.3726,-2752.9714,-11.598877,-11.239014,0.937598471036583,0.063987803675,0.063987803675,9,315,319,9,9,1.4055536471156278,9.10829251399494,32.44999999837999,10.0,511.90242939999996,0.0,-1.6465623,-26.380838,32.32842743503516,0.5000000008100001,31.82842743422516,10.52842743584516,0.9413702035461619,1.4846579276656193,31.87875103876791,31.74757895014688,32.276901683944615,0.2396167691887401,0.125,10.07875103957791,9.947578950956881,10.476901684754615,1.0,8,50,9,0.18,0.1803636363636364,525,95,0.18095238095238095,0.0,1.0,0.18558224095820242,0.10609211620608326,0.10609211620608326,0.019197621027767446,53.24999999595011,0.18927232000646838,2.7848101265822787,2.375,2.7263157894736842,0.0
96,template_deposition,C,C,none,0,1.0,template_site:index=324:site=C:neigh=2:ahead0=10.650:mode=shell,y,xz,317,221,96,0,96,1534.5577721028583,23.183866056391274,500.0,0.001,63.987803674999995,0.063987803675,-2764.299,-2752.9714,-2764.299,-11.327637,-11.017334,0.9566296360598313,0.063987803675,0.063987803675,10,316,324,8,8,1.2965921034820538,21.405853249825302,32.44999999837999,10.0,511.90242939999996,0.0,-1.6686908,-26.735374,32.32842743503516,0.5000000008100001,31.82842743422516,10.52842743584516,0.9660366867749227,1.5002859058515734,31.943491927898876,31.742154705275535,32.306663824957276,0.2718846382347799,0.125,10.143491928708876,9.942154706085535,10.506663825767276,1.0,8,50,9,0.18,0.18236363636363634,525,96,0.18285714285714286,0.0,1.0,0.18753573823144667,0.10566137425738413,0.10566137425738413,0.019320937007064526,53.24999999595011,0.19048811135174332,2.7886435331230284,2.4242424242424243,2.7395833333333335,0.0
97,template_deposition,C,C,none,0,1.0,template_site:index=322:site=C:neigh=2:ahead0=10.650:mode=shell,y,xz,318,221,97,0,97,1559.3719812896852,24.814209186827036,500.0,0.001,63.987803674999995,0.063987803675,-2775.892,-2764.299,-2775.892,-11.593018,-10.813232,0.9957366627263979,0.063987803675,0.063987803675,8,317,322,7,7,1.2971274498493353,16.48682895600506,32.44999999837999,10.0,511.90242939999996,0.0,-1.6913378,-27.09822,32.32842743503516,0.5000000008100001,31.82842743422516,10.52842743584516,0.9883841408218158,1.5159138840375272,32.0152394963253,32.00199751952424,32.32025735830864,0.28498351962412366,0.125,10.2152394971353,10.201997520334238,10.520257359118638,1.0,8,50,9,0.18,0.18436363636363637,525,97,0.18476190476190477,0.0,1.0,0.1894892355046909,0.10531174739314743,0.10531174739314743,0.019457599042162477,53.24999999595011,0.19183548352886784,2.792452830188679,2.4705882352941178,2.752577319587629,0.0
98,template_deposition,C,C,none,0,1.0,template_site:index=323:site=C:neigh=2:ahead0=10.650:mode=shell,y,xz,319,221,98,0,98,1561.0131999384043,1.6412186487190688,500.0,0.001,63.987803674999995,0.063987803675,-2786.9087,-2775.892,-2786.9087,-11.016602,-10.682129,0.9183019987906914,0.063987803675,0.063987803675,12,318,323,6,6,1.3641455646826568,18.946341101635426,32.44999999837999,10.0,511.90242939999996,0.0,-1.7128587,-27.443022,32.458087959767845,0.5000000008100001,31.958087958957844,10.658087960577845,1.0175616258847744,1.531541862223481,32.03791224776441,32.00199751952424,32.36874910217968,0.3095339370550472,0.125,10.23791224857441,10.201997520334238,10.568749102989678,1.0,8,50,9,0.18,0.18636363636363637,525,98,0.18666666666666668,0.0,1.0,0.19144273277793514,0.10446849233239194,0.10446849233239194,0.01950078523537983,53.24999999595011,0.19226126289864878,2.7962382445141065,2.5142857142857142,2.7653061224489797,0.0
99,template_deposition,C,C,none,0,1.0,template_site:index=318:site=C:neigh=2:ahead0=10.650:mode=shell,y,xz,320,221,99,0,99,1572.5008079458898,11.487608007485463,500.0,0.001,63.987803674999995,0.063987803675,-2797.7544,-2786.9087,-2797.7544,-10.845703,-10.577881,0.9999999999999707,0.063987803675,0.063987803675,12,319,318,5,5,1.3572676715028242,6.648780368364573,32.44999999837999,10.0,511.90242939999996,0.0,-1.7340457,-27.782476,32.46731426786171,0.5000000008100001,31.96731426705171,10.66731426867171,1.0421188765765736,1.547169840409435,32.05994224613736,32.02312907341593,32.460855852196005,0.33118714068489685,0.125,10.259942246947361,10.22312907422593,10.660855853006005,1.0,8,50,9,0.18,0.18836363636363637,525,99,0.18857142857142858,0.0,1.0,0.19339623005117937,0.10363578027219557,0.10363578027219557,0.019542747137042592,53.24999999595011,0.1926749717883131,2.8,2.5555555555555554,2.7777777777777777,0.0
100,template_deposition,C,C,none,0,1.0,template_site:index=316:site=C:neigh=2:ahead0=10.650:mode=shell,y,xz,321,221,100,0,100,1575.9950514828565,3.494243536966649,500.0,0.001,63.987803674999995,0.063987803675,-2807.301,-2797.7544,-2807.301,-9.546631,-8.801514,0.7543449020101906,0.063987803675,0.063987803675,9,320,316,4,4,1.4356793924819227,1.729756074544329,32.44999999837999,10.0,511.90242939999996,0.0,-1.7526951,-28.081272,32.46731426786171,0.5000000008100001,31.96731426705171,10.66731426867171,1.0610818814602454,1.5627978185953888,32.14892850945594,32.35263429179673,32.460855852196005,0.33039779620971965,0.125,10.348928510265942,10.552634292606733,10.660855853006005,1.0,8,50,9,0.18,0.1903636363636364,525,100,0.19047619047619047,0.0,1.0,0.1953497273244236,0.10348928510265942,0.10348928510265942,0.019712244781458936,53.24999999595011,0.1943460753249394,2.803738317757009,2.5945945945945947,2.79,0.0
101,template_deposition,C,C,none,0,1.0,template_site:index=325:site=C:neigh=2:ahead0=10.650:mode=shell,y,xz,322,221,101,0,101,1582.4748564584033,6.47980497554674,500.0,0.001,63.987803674999995,0.063987803675,-2816.8071,-2807.301,-2816.8071,-9.5061035,-8.753418,1.0,0.063987803675,0.063987803675,9,321,325,3,3,1.4900981551017873,23.86536539545567,32.44999999837999,10.0,511.90242939999996,0.0,-1.7712651,-28.378798,32.46731426786171,0.5000000008100001,31.96731426705171,10.66731426867171,1.0751450094573247,1.5784257967813429,32.23680295533911,32.38374836351451,32.460855852196005,0.30022886856641307,0.125,10.436802956149108,10.583748364324514,10.660855853006005,1.0,8,50,9,0.18,0.19236363636363635,525,101,0.19238095238095237,0.0,1.0,0.19730322459766786,0.10333468273414959,0.10333468273414959,0.019879624678379254,53.24999999595011,0.195996299660899,2.8074534161490683,2.6315789473684212,2.801980198019802,0.0
102,template_deposition,C,C,none,0,1.0,template_site:index=321:site=C:neigh=1:ahead0=10.650:mode=shell,y,xz,323,221,102,0,102,1586.3117328552592,3.8368763968558723,500.0,0.001,63.987803674999995,0.063987803675,-2822.8567,-2816.8071,-2822.8567,-6.0495605,-5.4260254,0.2842245823743047,0.063987803675,0.063987803675,9,322,321,2,2,1.4548984396786733,14.027316807815183,32.44999999837999,10.0,511.90242939999996,0.0,-1.783083,-28.56814,32.471415152907234,0.5000000008100001,31.971415152097233,10.671415153717234,1.0894442815592418,1.5940537749672967,32.33307743872517,32.38543404512524,32.468544533375365,0.22795847801190403,0.125,10.53307743953517,10.585434045935237,10.668544534185365,1.0,9,50,10,0.2,0.19436363636363638,525,102,0.19428571428571428,0.0,1.0,0.1992567218709121,0.10326546509348206,0.10326546509348206,0.020063004646733655,53.24999999595011,0.19780427118002356,2.804953560371517,2.6153846153846154,2.7941176470588234,0.0
103,template_deposition,C,C,none,0,1.0,template_site:index=310:site=C:neigh=1:ahead0=9.940:mode=shell,y,xz,324,221,103,0,103,1597.8463691939426,11.534636338683473,500.0,0.001,63.987803674999995,0.063987803675,-2831.0962,-2822.8567,-2831.0962,-8.239502,-7.4995117,1.0,0.063987803675,0.063987803675,12,323,310,1,1,1.405268760757884,12.797560735,31.73999999821099,10.0,511.90242939999996,0.0,-1.7991788,-28.826023,32.46731426786171,0.5000000008100001,31.96731426705171,10.66731426867171,1.0835637919051087,1.6096817531532506,32.341096952837404,32.38543404512524,32.460855852196005,0.19251364619000816,0.125,10.541096953647404,10.585434045935237,10.660855853006005,1.0,9,50,10,0.2,0.19618181818181818,525,103,0.1961904761904762,0.0,1.0,0.20121021914415632,0.10234074712279033,0.10234074712279033,0.02007827991170934,53.24999999595011,0.19795487238402065,2.802469135802469,2.6,2.7864077669902914,0.0
104,template_deposition,C,C,none,0,1.0,template_site:index=299:site=C:neigh=3:ahead0=8.520:mode=shell,y,xz,325,221,104,0,104,1601.5473451661871,3.700975972244483,500.0,0.001,63.987803674999995,0.063987803675,-2844.711,-2831.0962,-2844.711,-13.614746,-4.447998,1.0,0.063987803675,0.063987803675,16,324,299,1,1,1.0393164625614968,12.797560735,30.319999998541988,10.0,511.90242939999996,0.0,-1.8257753,-29.252146,32.46731426786171,0.5000000008100001,31.96731426705171,10.66731426867171,1.074329558690573,1.6253097313392044,32.34579464017769,32.38543404512524,32.460855852196005,0.1861140146014528,0.125,10.545794640987687,10.585434045935237,10.660855853006005,1.0,9,50,10,0.2,0.198,525,104,0.1980952380952381,0.0,1.0,0.20316371641740055,0.10140187154795853,0.10140187154795853,0.020087227887595593,53.24999999595011,0.19804309186459604,2.806153846153846,2.6341463414634148,2.798076923076923,0.0
105,template_deposition,C,C,none,0,1.0,template_site:index=320:site=C:neigh=2:ahead0=10.650:mode=shell,y,xz,326,221,105,0,105,1605.0185475980318,3.4712024318446066,500.0,0.001,63.987803674999995,0.063987803675,-2854.777,-2844.711,-2854.777,-10.066162,-9.153809,1.0,0.063987803675,0.063987803675,12,325,320,1,1,1.3513051015336868,11.567804662184816,32.44999999837999,10.0,511.90242939999996,0.0,-1.8454394,-29.5672,32.49708748587448,0.5000000008100001,31.99708748506448,10.697087486684481,1.0909265315529413,1.6409377095251583,32.43026775777892,32.422400006566264,32.49257144932973,0.04944312634378265,0.125,10.630267758588921,10.622400007376264,10.69257145013973,1.0,9,50,10,0.2,0.2,525,105,0.2,0.0,1.0,0.20511721369064478,0.10124064531989449,0.10124064531989449,0.0202481290639789,53.24999999595011,0.19962944149103096,2.8098159509202456,2.6666666666666665,2.8095238095238093,0.0
106,template_deposition,C,C,none,0,1.0,template_site:index=330:site=C:neigh=1:ahead0=12.070:mode=shell,y,xz,327,221,106,0,106,1619.5017606234087,14.48321302537698,500.0,0.001,63.987803674999995,0.063987803675,-2862.3018,-2854.777,-2862.3018,-7.524658,-7.41333,0.6018475249388058,0.063987803675,0.063987803675,8,326,330,10,10,1.3795837706651384,11.567804662184816,33.86999999804899,10.0,511.90242939999996,0.0,-1.8601388,-29.80271,33.89299946324109,0.5000000008100001,33.39299946243109,12.09299946405109,0.49521133063626294,1.6565656877111121,32.605804607497504,32.422400006566264,32.91721301680717,0.48852495422385284,0.125,10.805804608307504,10.622400007376264,11.117213017617168,1.0,9,50,10,0.2,0.20199999999999999,525,106,0.2019047619047619,0.0,1.0,0.20707071096388902,0.10194155290856136,0.10194155290856136,0.02058248496820477,53.24999999595011,0.2029259081526635,2.8073394495412844,2.409090909090909,2.80188679245283,0.0
107,template_deposition,C,C,none,0,1.0,template_site:index=329:site=C:neigh=1:ahead0=12.070:mode=shell,y,xz,328,221,107,0,107,1620.3561509907456,0.854390367336878,500.0,0.001,63.987803674999995,0.063987803675,-2869.997,-2862.3018,-2869.997,-7.6953125,-7.291504,0.08268713473104713,0.063987803675,0.063987803675,9,327,329,9,9,1.4464701107289033,9.10829251399494,33.86999999804899,10.0,511.90242939999996,0.0,-1.8751715,-30.04356,33.91207627957668,0.5000000008100001,33.41207627876668,12.112076280386681,0.598878958468467,1.6721936658970662,32.78297904338672,32.422400006566264,33.87956594092087,0.6398817992151195,0.125,10.982979044196718,10.622400007376264,12.07956594173087,1.0,9,50,10,0.2,0.204,525,107,0.2038095238095238,0.0,1.0,0.20902420823713327,0.1026446639644553,0.1026446639644553,0.020919960084184223,53.24999999595011,0.2062531276062351,2.8048780487804876,2.391304347826087,2.794392523364486,0.0
108,template_deposition,C,C,none,0,1.0,template_site:index=331:site=C:neigh=1:ahead0=12.070:mode=shell,y,xz,329,221,108,0,108,1648.0479174079367,27.6917664171911,500.0,0.001,63.987803674999995,0.063987803675,-2877.5872,-2869.997,-2877.5872,-7.590088,-7.2717285,0.172794498330952,0.063987803675,0.063987803675,9,328,331,8,8,1.3718642732919233,14.027316807815183,33.86999999804899,10.0,511.90242939999996,0.0,-1.8899988,-30.28112,33.924725769158826,0.5000000008100001,33.42472576834883,12.124725769968826,0.675923440948784,1.68782164408302,32.95986197317217,32.422400006566264,33.90842067267356,0.7266635680069224,0.125,11.159861973982167,10.622400007376264,12.108420673483558,1.0,9,50,10,0.2,0.20600000000000002,525,108,0.2057142857142857,0.0,1.0,0.2109777055103775,0.1033320553146497,0.1033320553146497,0.021256879950442224,53.24999999595011,0.2095748727667779,2.802431610942249,2.375,2.787037037037037,0.0
109,template_deposition,C,C,none,0,1.0,template_site:index=333:site=C:neigh=1:ahead0=12.070:mode=shell,y,xz,330,221,109,0,109,1677.5766371883378,29.528719780401055,500.0,0.001,63.987803674999995,0.063987803675,-2885.142,-2877.5872,-2885.142,-7.5549316,-7.3327637,0.8135702520664373,0.063987803675,0.063987803675,8,329,333,7,7,1.4121212574737667,18.946341101635426,33.86999999804899,10.0,511.90242939999996,0.0,-1.9047574,-30.517578,33.924725769158826,0.5000000008100001,33.42472576834883,12.124725769968826,0.7310671374416902,1.703449622268974,33.13909671730509,33.135303129325145,33.90842067267356,0.751868429538627,0.125,11.339096718115087,11.335303130135145,12.108420673483558,1.0,9,50,10,0.2,0.20800000000000002,525,109,0.20761904761904762,0.0,1.0,0.21293120278362174,0.10402841025793658,0.10402841025793658,0.021598279463076357,53.24999999595011,0.21294078345497602,2.8,2.36,2.779816513761468,0.0
110,template_deposition,C,C,none,0,1.0,template_site:index=328:site=C:neigh=1:ahead0=12.070:mode=shell,y,xz,331,221,110,0,110,1680.9374170791382,3.3607798908004085,500.0,0.001,63.987803674999995,0.063987803675,-2893.9004,-2885.142,-2893.9004,-8.758301,-7.26416,0.4327925812822457,0.063987803675,0.063987803675,9,330,328,6,6,1.4130750723851797,6.648780368364573,33.86999999804899,10.0,511.90242939999996,0.0,-1.9218667,-30.791698,33.924725769158826,0.5000000008100001,33.42472576834883,12.124725769968826,0.7745879143476943,1.7190776004549277,33.14978596213362,33.14531526763837,33.91194851920219,0.7513532262328784,0.125,11.34978596294362,11.345315268448367,12.111948520012191,1.0,9,50,10,0.2,0.21,525,110,0.20952380952380953,0.0,1.0,0.21488470005686597,0.10317987239039655,0.10317987239039655,0.02161863992941642,53.24999999595011,0.21314152044707643,2.8036253776435047,2.423076923076923,2.790909090909091,0.0
111,template_deposition,C,C,none,0,1.0,template_site:index=332:site=C:neigh=1:ahead0=12.070:mode=shell,y,xz,332,221,111,0,111,1683.915213982085,2.97779690294691,500.0,0.001,63.987803674999995,0.063987803675,-2901.395,-2893.9004,-2901.395,-7.494629,-7.255127,0.633123781864725,0.063987803675,0.063987803675,10,331,332,5,5,1.4705967503100585,16.48682895600506,33.86999999804899,10.0,511.90242939999996,0.0,-1.9365075,-31.02627,33.924725769158826,0.5000000008100001,33.42472576834883,12.124725769968826,0.8073914142199322,1.7347055786408816,33.15341931124784,33.15038855093205,33.921664831102035,0.7549577841524565,0.125,11.353419312057838,11.35038855174205,12.121664831912035,1.0,9,50,10,0.2,0.212,525,111,0.21142857142857144,0.0,1.0,0.2168381973301102,0.10228305686538593,0.10228305686538593,0.021625560594395882,53.24999999595011,0.21320975235532982,2.8012048192771086,2.4074074074074074,2.7837837837837838,0.0
112,template_deposition,C,C,none,0,1.0,template_site:index=327:site=C:neigh=1:ahead0=12.070:mode=shell,y,xz,333,221,112,0,112,1690.473697934068,6.558483951982838,500.0,0.001,63.987803674999995,0.063987803675,-2908.8574,-2901.395,-2908.8574,-7.4624023,-7.1535645,0.45466490747834865,0.063987803675,0.063987803675,9,332,327,4,4,1.4514594154751568,4.189268220174695,33.86999999804899,10.0,511.90242939999996,0.0,-1.9510852,-31.259832,33.924725769158826,0.5000000008100001,33.42472576834883,12.124725769968826,0.833057975192501,1.7503335568268354,33.3335024359281,33.87191156499222,33.921664831102035,0.7304975345814146,0.125,11.533502436738097,12.071911565802218,12.121664831912035,1.0,9,50,10,0.2,0.214,525,112,0.21333333333333335,0.0,1.0,0.21879169460335443,0.10297770032801871,0.10297770032801871,0.021968576069977326,53.24999999595011,0.2165915950725872,2.798798798798799,2.392857142857143,2.7767857142857144,0.0
113,template_deposition,C,C,none,0,1.0,template_site:index=334:site=C:neigh=1:ahead0=12.070:mode=shell,y,xz,334,221,113,0,113,1699.8548021837607,9.381104249692832,500.0,0.001,63.987803674999995,0.063987803675,-2916.291,-2908.8574,-2916.291,-7.4335938,-7.161621,0.9994647372104248,0.063987803675,0.063987803675,9,333,334,3,3,1.4652009635622385,21.405853249825302,33.86999999804899,10.0,511.90242939999996,0.0,-1.9656067,-31.492493,33.924725769158826,0.5000000008100001,33.42472576834883,12.124725769968826,0.8533480607358949,1.7659615350127895,33.51390726710142,33.87595402804615,33.921664831102035,0.657822048442828,0.125,11.713907267911424,12.075954028856152,12.121664831912035,1.0,9,50,10,0.2,0.21600000000000003,525,113,0.21523809523809523,0.0,1.0,0.2207451918765987,0.10366289617620729,0.10366289617620729,0.02231220431983128,53.24999999595011,0.21997947922633457,2.7964071856287425,2.3793103448275863,2.769911504424779,0.0
114,template_deposition,C,C,none,0,1.0,template_site:index=335:site=C:neigh=1:ahead0=12.070:mode=shell,y,xz,335,221,114,0,114,1766.2970586595136,66.44225647575286,500.0,0.001,63.987803674999995,0.063987803675,-2923.5164,-2916.291,-2923.5164,-7.225342,-6.811035,0.9195682703281293,0.063987803675,0.063987803675,8,334,335,2,2,1.5008196203811874,23.86536539545567,33.86999999804899,10.0,511.90242939999996,0.0,-1.9797214,-31.718636,33.924725769158826,0.5000000008100001,33.42472576834883,12.124725769968826,0.8703981095432957,1.7815895131987434,33.701113842181584,33.87915150493587,33.921664831102035,0.49968504095668903,0.125,11.901113842991585,12.07915150574587,12.121664831912035,1.0,10,50,11,0.22,0.218,525,114,0.21714285714285714,0.0,1.0,0.22269868914984292,0.10439573546483846,0.10439573546483846,0.022668788272364924,53.24999999595011,0.2234950956600322,2.7940298507462686,2.3666666666666667,2.763157894736842,0.0
115,template_deposition,C,C,none,0,1.0,template_site:index=326:site=C:neigh=1:ahead0=12.070:mode=shell,y,xz,336,221,115,0,115,1773.0371485643511,6.740089904837585,500.0,0.001,63.987803674999995,0.063987803675,-2930.7083,-2923.5164,-2930.7083,-7.1918945,-6.706299,1.0,0.063987803675,0.063987803675,8,335,326,1,1,1.4916421852426303,1.729756074544329,33.86999999804899,10.0,511.90242939999996,0.0,-1.9937707,-31.94373,33.924725769158826,0.5000000008100001,33.42472576834883,12.124725769968826,0.8853933296986095,1.7972174913846972,33.888419385373126,33.88066614687021,33.921664831102035,0.024385878910777023,0.125,12.088419386183126,12.080666147680212,12.121664831912035,1.0,10,50,11,0.22,0.22,525,115,0.21904761904761905,0.0,1.0,0.22465218642308715,0.10511669031463589,0.10511669031463589,0.023025560735586908,53.24999999595011,0.22701257064981223,2.7916666666666665,2.3548387096774195,2.756521739130435,0.0
116,template_deposition,C,C,none,0,1.0,template_site:index=342:site=C:neigh=2:ahead0=12.780:mode=shell,y,xz,337,221,116,0,116,1774.1104879378286,1.073339373477415,500.0,0.001,63.987803674999995,0.063987803675,-2943.914,-2930.7083,-2943.914,-13.205811,-11.18457,0.4544494600880626,0.063987803675,0.063987803675,10,336,342,10,10,1.412036498691015,15.257072883189878,34.579999998218,10.0,511.90242939999996,0.0,-2.0195682,-32.35705,34.39864286742318,0.5000000008100001,33.89864286661318,12.598642868233178,0.9197515484823128,1.812845469570651,33.944770077417616,33.87394388905779,34.057073028182856,0.17248006367686694,0.125,12.144770078227616,12.073943889867792,12.257073028992856,1.0,10,50,11,0.22,0.2198181818181818,525,115,0.21904761904761905,0.0,1.0,0.22660568369633138,0.10469629377782427,0.10469629377782427,0.02313289538710022,53.24999999595011,0.22807079960847468,2.7952522255192878,2.40625,2.7672413793103448,0.0
117,template_deposition,C,C,none,0,1.0,template_site:index=338:site=C:neigh=2:ahead0=12.780:mode=shell,y,xz,338,221,117,0,117,1776.2555952552502,2.145107317421738,500.0,0.001,63.987803674999995,0.063987803675,-2956.2278,-2943.914,-2956.2278,-12.313721,-11.132568,0.4969611792353552,0.063987803675,0.063987803675,9,337,338,9,9,1.3605001201201716,5.419024292989877,34.579999998218,10.0,511.90242939999996,0.0,-2.043623,-32.74245,34.39864286742318,0.5000000008100001,33.89864286661318,12.598642868233178,0.9483858585684353,1.828473447756605,34.00748925559711,33.88429328300005,34.396696573805386,0.22562444184976505,0.125,12.207489256407108,12.084293283810048,12.596696574615386,1.0,10,50,11,0.22,0.22163636363636363,525,116,0.22095238095238096,0.0,1.0,0.22855918096957561,0.10433751501202657,0.10433751501202657,0.02325236048839449,53.24999999595011,0.22924862455090214,2.798816568047337,2.4545454545454546,2.7777777777777777,0.0
118,template_deposition,C,C,none,0,1.0,template_site:index=345:site=C:neigh=2:ahead0=12.780:mode=shell,y,xz,339,221,118,0,118,1800.5679864523443,24.31239119709404,500.0,0.001,63.987803674999995,0.063987803675,-2967.6174,-2956.2278,-2967.6174,-11.389648,-11.090088,0.9999999998180136,0.063987803675,0.063987803675,8,338,345,8,8,1.385143038631851,22.635609322640487,34.579999998218,10.0,511.90242939999996,0.0,-2.0658727,-33.09893,34.46250137083403,0.5000000008100001,33.962501370024036,12.662501371644034,0.9761977844362795,1.8441014259425588,34.08761868961991,33.90685587643315,34.41780041844643,0.25776769559460283,0.125,12.287618690429909,12.106855877243149,12.617800419256433,1.0,10,50,11,0.22,0.22345454545454543,525,117,0.22285714285714286,0.0,1.0,0.23051267824281985,0.10413236178330432,0.10413236178330432,0.023404987981771257,53.24999999595011,0.23075340265473115,2.8023598820059,2.5,2.788135593220339,0.0
119,template_deposition,C,C,none,0,1.0,template_site:index=343:site=C:neigh=2:ahead0=12.780:mode=shell,y,xz,340,221,119,0,119,1819.754400414763,19.18641396241875,500.0,0.001,63.987803674999995,0.063987803675,-2978.1797,-2967.6174,-2978.1797,-10.562256,-9.614258,0.9861254257322488,0.063987803675,0.063987803675,11,339,343,7,7,1.1390024068405964,17.716585028820244,34.579999998218,10.0,511.90242939999996,0.0,-2.0865061,-33.429516,34.62384682561278,0.5000000008100001,34.12384682480278,12.82384682642278,1.0091504715856265,1.8597294041285128,34.180431086317114,34.14442882356856,34.51090500726766,0.3059245844288149,0.125,12.380431087127114,12.34442882437856,12.71090500807766,1.0,10,50,11,0.22,0.22527272727272726,525,118,0.22476190476190477,0.0,1.0,0.2324661755160641,0.10403723602627828,0.10403723602627828,0.023581773499289742,53.24999999595011,0.232496358461384,2.8058823529411763,2.5428571428571427,2.7983193277310923,0.0
120,template_deposition,C,C,none,0,1.0,template_site:index=337:site=C:neigh=2:ahead0=12.780:mode=shell,y,xz,341,221,120,0,120,1828.0948921354966,8.3404917207336,500.0,0.001,63.987803674999995,0.063987803675,-2988.6443,-2978.1797,-2988.6443,-10.4646,-9.385498,0.8996052211386538,0.063987803675,0.063987803675,10,340,337,6,6,1.153738872167291,2.959512147359512,34.579999998218,10.0,511.90242939999996,0.0,-2.1069486,-33.75704,34.62405394123705,0.5000000008100001,34.12405394042705,12.824053942047051,1.0379802430390255,1.8753573823144667,34.282958815470415,34.430805152294866,34.623908960300064,0.30743155245416914,0.125,12.482958816280416,12.630805153104866,12.823908961110064,1.0,10,50,11,0.22,0.22709090909090912,525,119,0.22666666666666666,0.0,1.0,0.23441967278930834,0.1040246568023368,0.1040246568023368,0.023777064411962697,53.24999999595011,0.23442176182591168,2.809384164222874,2.5833333333333335,2.808333333333333,0.0
121,template_deposition,C,C,none,0,1.0,template_site:index=344:site=C:neigh=2:ahead0=12.780:mode=shell,y,xz,342,221,121,0,121,1841.6889577340821,13.594065598585551,500.0,0.001,63.987803674999995,0.063987803675,-2999.1846,-2988.6443,-2999.1846,-10.540283,-9.291016,1.0,0.063987803675,0.063987803675,12,341,344,5,5,1.421768126631966,20.17609717701012,34.579999998218,10.0,511.90242939999996,0.0,-2.127539,-34.086933,34.62405394123705,0.5000000008100001,34.12405394042705,12.824053942047051,1.0590475723120354,1.8909853605004205,34.36666471118818,34.46464720289873,34.616845692669834,0.27849845820021735,0.125,12.566664711998179,12.664647203708732,12.816845693479834,1.0,10,50,11,0.22,0.2289090909090909,525,120,0.22857142857142856,0.0,1.0,0.23637317006255257,0.10385673315700975,0.10385673315700975,0.023936504213329865,53.24999999595011,0.2359937035296512,2.8128654970760234,2.6216216216216215,2.8181818181818183,0.0
122,template_deposition,C,C,none,0,1.0,template_site:index=339:site=C:neigh=1:ahead0=12.780:mode=shell,y,xz,343,221,122,0,122,1843.1625500599243,1.4735923258423158,500.0,0.001,63.987803674999995,0.063987803675,-3008.761,-2999.1846,-3008.761,-9.576416,-6.7365723,0.9999931259995161,0.063987803675,0.063987803675,11,342,339,4,4,1.5102601633307384,7.878536441179756,34.579999998218,10.0,511.90242939999996,0.0,-2.1462464,-34.386658,34.62405394123705,0.5000000008100001,34.12405394042705,12.824053942047051,1.080633584826553,1.9066133386863744,34.45057827243575,34.51607243075796,34.616845692669834,0.23004016614795045,0.125,12.650578273245749,12.716072431567959,12.816845693479834,1.0,10,50,11,0.22,0.2307272727272727,525,121,0.23047619047619047,0.0,1.0,0.2383266673357968,0.10369326453480122,0.10369326453480122,0.02409633956808714,53.24999999595011,0.23756954505554703,2.816326530612245,2.6578947368421053,2.8278688524590163,0.0
123,template_deposition,C,C,none,0,1.0,template_site:index=341:site=C:neigh=1:ahead0=12.780:mode=shell,y,xz,344,221,123,0,123,1855.360728665132,12.19817860520776,500.0,0.001,63.987803674999995,0.063987803675,-3018.2134,-3008.761,-3018.2134,-9.452393,-6.776123,0.9999999997950182,0.063987803675,0.063987803675,11,343,341,3,3,1.4565308183214853,12.797560735,34.579999998218,10.0,511.90242939999996,0.0,-2.1647117,-34.682507,34.62405394123705,0.5000000008100001,34.12405394042705,12.824053942047051,1.1012967676113061,1.9222413168723282,34.550665879190134,34.53719778738,34.616845692669834,0.04567914910332703,0.125,12.750665880000135,12.737197788190002,12.816845693479834,1.0,10,50,11,0.22,0.23454545454545453,525,123,0.2342857142857143,0.0,1.0,0.24028016460904103,0.10366395024390353,0.10366395024390353,0.024286982628571686,53.24999999595011,0.2394491245252559,2.813953488372093,2.641025641025641,2.821138211382114,0.0
124,template_deposition,C,C,none,0,1.0,template_site:index=340:site=C:neigh=2:ahead0=12.780:mode=shell,y,xz,345,221,124,0,124,1856.9328670456553,1.5721383805233418,500.0,0.001,63.987803674999995,0.063987803675,-3027.8845,-3018.2134,-3027.8845,-9.671143,-6.4379883,0.9999994752363666,0.063987803675,0.063987803675,12,344,340,3,3,1.1335544354209381,10.338048586810121,34.579999998218,10.0,511.90242939999996,0.0,-2.1836042,-34.9852,34.70357952815491,0.5000000008100001,34.203579527344914,12.903579528964912,1.0986788644841925,1.9378692950582823,34.57541005282003,34.562477811846826,34.64791161731241,0.06545410384587283,0.125,12.775410053630033,12.762477812656826,12.84791161812241,1.0,10,50,11,0.22,0.23636363636363636,525,124,0.2361904761904762,0.0,1.0,0.2422336618822853,0.10302750043250027,0.10302750043250027,0.02433411438786673,53.24999999595011,0.23991380384228464,2.8173913043478263,2.710526315789474,2.8306451612903225,0.0
125,template_deposition,C,C,none,0,1.0,template_site:index=346:site=C:neigh=1:ahead0=12.780:mode=shell,y,xz,346,221,125,0,125,1858.2747128238823,1.3418457782271354,500.0,0.001,63.987803674999995,0.063987803675,-3034.2214,-3027.8845,-3034.2214,-6.336914,-5.8149414,0.999999766619082,0.063987803675,0.063987803675,7,345,346,2,2,1.5194652412249101,25.095121470830364,34.579999998218,10.0,511.90242939999996,0.0,-2.1959834,-35.183533,34.70357952815491,0.5000000008100001,34.203579527344914,12.903579528964912,1.1085652986081582,1.9534972732442362,34.58575164284727,34.57292661522024,34.64791161731241,0.05738341751244474,0.125,12.785751643657271,12.77292661603024,12.84791161812241,1.0,11,50,12,0.24,0.2381818181818182,525,125,0.23809523809523808,0.0,1.0,0.24418715915552952,0.10228601314925817,0.10228601314925817,0.024353812654585277,53.24999999595011,0.24010801210572172,2.815028901734104,2.6923076923076925,2.824,0.0
126,template_deposition,C,C,none,0,1.0,template_site:index=336:site=C:neigh=1:ahead0=12.780:mode=shell,y,xz,347,221,126,0,126,1868.1428568371305,9.868144013248175,500.0,0.001,63.987803674999995,0.063987803675,-3040.5752,-3034.2214,-3040.5752,-6.35376,-5.1572266,1.0,0.063987803675,0.063987803675,7,346,336,1,1,1.6359344100013087,0.49999999916963384,34.579999998218,10.0,511.90242939999996,0.0,-2.2083955,-35.382397,34.70357952815491,0.5000000008100001,34.203579527344914,12.903579528964912,1.114975228944744,1.96912525143019,34.58508984442526,34.57292661522024,34.644205546149166,0.05696688199471608,0.125,12.785089845235262,12.77292661603024,12.844205546959166,1.0,11,50,12,0.24,0.24,525,126,0.24,0.0,1.0,0.24614065642877375,0.10146896702567669,0.10146896702567669,0.024352552086162403,53.24999999595011,0.24009558396634031,2.8126801152737753,2.675,2.8174603174603177,0.0
127,template_deposition,C,C,none,0,1.0,template_site:index=357:site=C:neigh=1:ahead0=14.200:mode=shell,y,xz,348,221,127,0,127,1930.3261362228332,62.1832793857026,500.0,0.001,63.987803674999995,0.063987803675,-3048.826,-3040.5752,-3048.826,-8.250732,-7.713623,0.7749358799096057,0.063987803675,0.063987803675,5,347,357,11,11,1.4260396114082834,25.095121470830364,35.999999997887,10.0,511.90242939999996,0.0,-2.2245133,-35.640633,35.95425985658137,0.5000000008100001,35.454259855771376,14.154259857391374,0.4806507202673619,1.9847532296161439,34.75762040688182,34.59279715839771,35.07878362668285,0.4558414366881405,0.125,12.95762040769182,12.792797159207709,13.27878362749285,1.0,11,50,12,0.24,0.2418181818181818,525,127,0.2419047619047619,0.0,1.0,0.24809415370201798,0.10202850714717969,0.10202850714717969,0.0246811817289368,53.24999999595011,0.2433355945291512,2.810344827586207,2.3636363636363638,2.811023622047244,0.0
128,template_deposition,C,C,none,0,1.0,template_site:index=347:site=C:neigh=1:ahead0=14.200:mode=shell,y,xz,349,221,128,0,128,1956.8574383525795,26.531302129746305,500.0,0.001,63.987803674999995,0.063987803675,-3057.1335,-3048.826,-3057.1335,-8.307617,-7.659912,0.9892541488569099,0.063987803675,0.063987803675,5,348,347,10,10,1.444625995424012,0.49999999916963384,35.999999997887,10.0,511.90242939999996,0.0,-2.2407422,-35.90065,35.95425985658137,0.5000000008100001,35.454259855771376,14.154259857391374,0.5743991539785498,2.0003812078020977,34.92374913770189,34.59279715839771,35.9497305372695,0.5956888007032166,0.125,13.12374913851189,12.792797159207709,14.149730538079503,1.0,11,50,12,0.24,0.24363636363636362,525,128,0.2438095238095238,0.0,1.0,0.2500476509752622,0.10252929014462414,0.10252929014462414,0.024997617406689314,53.24999999595011,0.24645538290159638,2.8080229226361033,2.347826086956522,2.8046875,0.0
129,template_deposition,C,C,none,0,1.0,template_site:index=356:site=C:neigh=1:ahead0=14.200:mode=shell,y,xz,350,221,129,0,129,1960.3609345395803,3.5034961870009007,500.0,0.001,63.987803674999995,0.063987803675,-3064.7197,-3057.1335,-3064.7197,-7.5861816,-7.3564453,0.1234953915105141,0.063987803675,0.063987803675,9,349,356,9,9,1.4642289099950991,22.635609322640487,35.999999997887,10.0,511.90242939999996,0.0,-2.2555618,-36.138084,35.97533979396027,0.5000000008100001,35.475339793150276,14.175339794770274,0.6460068206613737,2.0160091859880516,34.927001940363496,34.59279715839771,35.95605451848317,0.5998788668975477,0.125,13.127001941173496,12.792797159207709,14.156054519293171,1.0,11,50,12,0.24,0.24545454545454548,525,129,0.24571428571428572,0.0,1.0,0.25200114824850645,0.10175970497033718,0.10175970497033718,0.02500381322128285,53.24999999595011,0.2465164683975936,2.8057142857142856,2.3333333333333335,2.798449612403101,0.0
130,template_deposition,C,C,none,0,1.0,template_site:index=348:site=C:neigh=1:ahead0=14.200:mode=shell,y,xz,351,221,130,0,130,1972.0446969082238,11.683762368643471,500.0,0.001,63.987803674999995,0.063987803675,-3072.3215,-3064.7197,-3072.3215,-7.6018066,-7.416748,0.5687412984677767,0.063987803675,0.063987803675,9,350,348,8,8,1.4143651811768227,2.959512147359512,35.999999997887,10.0,511.90242939999996,0.0,-2.270412,-36.37601,35.996864380396744,0.5000000008100001,35.49686437958675,14.196864381206744,0.7022950388353717,2.0316371641740054,34.93740520012791,34.59279715839771,35.981797169891216,0.6075244143688566,0.125,13.137405200937913,12.792797159207709,14.181797170701216,1.0,11,50,12,0.24,0.24727272727272726,525,130,0.24761904761904763,0.0,1.0,0.2539546455217507,0.1010569630841378,0.1010569630841378,0.025023628954167453,53.24999999595011,0.2467118347781609,2.8034188034188032,2.32,2.792307692307692,0.0
131,template_deposition,C,C,none,0,1.0,template_site:index=354:site=C:neigh=1:ahead0=14.200:mode=shell,y,xz,352,221,131,0,131,1981.2047536108673,9.160056702643464,500.0,0.001,63.987803674999995,0.063987803675,-3079.9124,-3072.3215,-3079.9124,-7.5908203,-7.345459,0.2497763255165681,0.063987803675,0.063987803675,8,351,354,7,7,1.3863492273880127,17.716585028820244,35.999999997887,10.0,511.90242939999996,0.0,-2.2852404,-36.61359,36.008140403090145,0.5000000008100001,35.50814040228015,14.208140403900146,0.7446797345690354,2.0472651423599593,35.113215915116974,34.63787564055955,36.000247187204764,0.6835466320425774,0.125,13.313215915926975,12.83787564136955,14.200247188014764,1.0,11,50,12,0.24,0.2490909090909091,525,131,0.24952380952380954,0.0,1.0,0.2559081427949949,0.10162760241165629,0.10162760241165629,0.02535850650652757,53.24999999595011,0.2500134444495681,2.8011363636363638,2.3076923076923075,2.786259541984733,0.0
132,template_deposition,C,C,none,0,1.0,template_site:index=353:site=C:neigh=1:ahead0=14.200:mode=shell,y,xz,353,221,132,0,132,1991.4740086083489,10.269254997481593,500.0,0.001,63.987803674999995,0.063987803675,-3087.668,-3079.9124,-3087.668,-7.755615,-7.305664,0.2488919020224299,0.063987803675,0.063987803675,9,352,353,6,6,1.4281654210208925,15.257072883189878,35.999999997887,10.0,511.90242939999996,0.0,-2.3003912,-36.85633,36.01799761351716,0.5000000008100001,35.51799761270716,14.21799761432716,0.7790304469346937,2.062893120545913,35.29298034427016,35.33945966105759,36.00570026708902,0.7063573875965268,0.125,13.492980345080163,13.539459661867589,14.205700267899019,1.0,11,50,12,0.24,0.2509090909090909,525,132,0.25142857142857145,0.0,1.0,0.25786164006823914,0.1022195480687891,0.1022195480687891,0.025700914943009835,53.24999999595011,0.25338930227429785,2.7988668555240794,2.2962962962962963,2.7803030303030303,0.0
133,template_deposition,C,C,none,0,1.0,template_site:index=350:site=C:neigh=1:ahead0=14.200:mode=shell,y,xz,354,221,133,0,133,1995.2715881461108,3.797579537762066,500.0,0.001,63.987803674999995,0.063987803675,-3095.2566,-3087.668,-3095.2566,-7.588623,-7.277832,0.2501308990565143,0.063987803675,0.063987803675,8,353,350,5,5,1.4476327731757415,7.878536441179756,35.999999997887,10.0,511.90242939999996,0.0,-2.3152153,-37.09384,36.01799761351716,0.5000000008100001,35.51799761270716,14.21799761432716,0.8046273478064349,2.0785210987318674,35.4696595306246,35.98560436282888,36.00570026708902,0.6818919823132115,0.125,13.669659531434597,14.18560436363888,14.205700267899019,1.0,11,50,12,0.24,0.25272727272727274,525,133,0.25333333333333335,0.0,1.0,0.2598151373414834,0.10277939497319245,0.10277939497319245,0.02603744672654209,53.24999999595011,0.25670722126712175,2.7966101694915255,2.2857142857142856,2.774436090225564,0.0
134,template_deposition,C,C,none,0,1.0,template_site:index=349:site=C:neigh=1:ahead0=14.200:mode=shell,y,xz,355,221,134,0,134,2004.3247168953735,9.053128749262688,500.0,0.001,63.987803674999995,0.063987803675,-3102.6875,-3095.2566,-3102.6875,-7.430908,-7.269043,0.45120811514191067,0.063987803675,0.063987803675,10,354,349,4,4,1.4474616824618423,5.419024292989877,35.999999997887,10.0,511.90242939999996,0.0,-2.3297317,-37.326416,36.01799761351716,0.5000000008100001,35.51799761270716,14.21799761432716,0.8262311721849678,2.0941490769178213,35.65231532822354,35.999574713364595,36.01056095244665,0.6028808084840106,0.125,13.852315329033537,14.199574714174595,14.210560953256653,1.0,11,50,12,0.24,0.2545454545454545,525,134,0.25523809523809526,0.0,1.0,0.26176863461472766,0.10337548753010102,0.10337548753010102,0.026385362531492453,53.24999999595011,0.2601373770908369,2.7943661971830984,2.2758620689655173,2.7686567164179103,0.0
135,template_deposition,C,C,none,0,1.0,template_site:index=355:site=C:neigh=1:ahead0=14.200:mode=shell,y,xz,356,221,135,0,135,2024.3916222816677,20.066905386294188,500.0,0.001,63.987803674999995,0.063987803675,-3110.2214,-3102.6875,-3110.2214,-7.5339355,-7.210449,0.2920828119145263,0.063987803675,0.063987803675,10,355,355,3,3,1.439929614800436,20.17609717701012,35.999999997887,10.0,511.90242939999996,0.0,-2.3444493,-37.562218,36.02139591900469,0.5000000008100001,35.52139591819469,14.22139591981469,0.8435746305270697,2.109777055103775,35.833244391708774,35.999574713364595,36.011580444092914,0.4444777111645251,0.125,14.033244392518775,14.199574714174595,14.211580444902914,1.0,11,50,12,0.24,0.25636363636363635,525,135,0.2571428571428571,0.0,1.0,0.2637221318879719,0.10394995846310204,0.10394995846310204,0.02672998931908338,53.24999999595011,0.26353510598283686,2.792134831460674,2.2666666666666666,2.762962962962963,0.0
136,template_deposition,C,C,none,0,1.0,template_site:index=351:site=C:neigh=1:ahead0=14.200:mode=shell,y,xz,357,221,136,0,136,2034.9848441037193,10.59322182205161,500.0,0.001,63.987803674999995,0.063987803675,-3117.748,-3110.2214,-3117.748,-7.5266113,-7.2041016,0.3818666307092138,0.063987803675,0.063987803675,9,356,351,2,2,1.3445257171501381,10.338048586810121,35.999999997887,10.0,511.90242939999996,0.0,-2.3591526,-37.79779,36.04249570774594,0.5000000008100001,35.542495706935945,14.242495708555943,0.8604577474701776,2.125405033289729,36.00831357340452,36.00007262945155,36.02884991332052,0.017863142815856034,0.125,14.208313574214522,14.200072630261552,14.228849914130521,1.0,12,50,13,0.26,0.2581818181818182,525,136,0.259047619047619,0.0,1.0,0.2656756291612161,0.10447289392804796,0.10447289392804796,0.02706345442707528,53.24999999595011,0.2668227901463873,2.7899159663865545,2.2580645161290325,2.7573529411764706,0.0
137,template_deposition,C,C,none,0,1.0,template_site:index=352:site=C:neigh=1:ahead0=14.200:mode=shell,y,xz,358,221,137,0,137,2039.2738781522119,4.289034048492677,500.0,0.001,63.987803674999995,0.063987803675,-3126.7861,-3117.748,-3126.7861,-9.038086,-7.1608887,1.0,0.063987803675,0.063987803675,10,357,352,1,1,1.4175398886606676,12.797560735,35.999999997887,10.0,511.90242939999996,0.0,-2.3768084,-38.08067,36.0642739279355,0.5000000008100001,35.564273927125505,14.264273928745503,0.8719827291753576,2.141033011475683,36.01020091026322,35.999574713364595,36.035383379377386,0.024076220261010868,0.125,14.210200911073223,14.199574714174595,14.235383380187386,1.0,12,50,13,0.26,0.2581818181818182,525,136,0.259047619047619,0.0,1.0,0.26762912643446035,0.10372409424141038,0.10372409424141038,0.027067049354425186,53.24999999595011,0.2668582330920933,2.793296089385475,2.3125,2.7664233576642334,0.0
138,template_deposition,C,C,none,0,1.0,template_site:index=361:site=C:neigh=2:ahead0=14.910:mode=shell,y,xz,359,221,138,0,138,2051.9891912509024,12.715313098690483,500.0,0.001,63.987803674999995,0.063987803675,-3139.1516,-3126.7861,-3139.1516,-12.3654785,-11.241455,0.3657926913036262,0.063987803675,0.063987803675,10,358,361,9,9,1.3099569862602845,9.10829251399494,36.709999998056006,10.0,511.90242939999996,0.0,-2.4009643,-38.46769,36.53560543226516,0.5000000008100001,36.03560543145516,14.735605433075158,0.9069751076190059,2.1566609896616367,36.079788915567775,36.01041503129672,36.22097018733508,0.1748759013224299,0.125,14.279788916377775,14.210415032106724,14.420970188145077,1.0,12,50,13,0.26,0.2601818181818182,525,137,0.26095238095238094,0.0,1.0,0.2695826237077046,0.10347673127809982,0.10347673127809982,0.027199597935957668,53.24999999595011,0.26816505009321717,2.796657381615599,2.3636363636363638,2.7753623188405796,0.0
139,template_deposition,C,C,none,0,1.0,template_site:index=366:site=C:neigh=2:ahead0=14.910:mode=shell,y,xz,360,221,139,0,139,2062.649068623281,10.659877372378409,500.0,0.001,63.987803674999995,0.063987803675,-3151.1917,-3139.1516,-3151.1917,-12.040039,-11.130371,0.9992384790089343,0.063987803675,0.063987803675,10,359,366,8,8,1.410189292908344,21.405853249825302,36.709999998056006,10.0,511.90242939999996,0.0,-2.4244845,-38.844524,36.53560543226516,0.5000000008100001,36.03560543145516,14.735605433075158,0.9289289149338309,2.1722889678475905,36.13855820333549,36.01354824444064,36.51649136587689,0.22398988075995677,0.125,14.338558204145492,14.213548245250642,14.716491366686888,1.0,11,50,12,0.24,0.2603636363636364,525,137,0.26095238095238094,0.0,1.0,0.2715361209809488,0.10315509499385246,0.10315509499385246,0.027311539436467604,53.24999999595011,0.26926869868987796,2.8,2.411764705882353,2.7841726618705036,0.0
140,template_deposition,C,C,none,0,1.0,template_site:index=359:site=C:neigh=2:ahead0=14.910:mode=shell,y,xz,361,221,140,0,140,2068.386310687768,5.73724206448686,500.0,0.001,63.987803674999995,0.063987803675,-3162.533,-3151.1917,-3162.533,-11.341309,-10.81665,0.933421877079944,0.063987803675,0.063987803675,10,360,359,7,7,1.423365639173334,4.189268220174695,36.709999998056006,10.0,511.90242939999996,0.0,-2.4466395,-39.19949,36.5750884425024,0.5000000008100001,36.0750884416924,14.775088443312399,0.9547778182164036,2.1879169460335444,36.2117793680827,36.05910227801047,36.54745033533633,0.2567653978250656,0.125,14.411779368892702,14.259102278820471,14.74745033614633,1.0,11,50,12,0.24,0.26236363636363635,525,138,0.26285714285714284,0.0,1.0,0.27348961825419305,0.10294128120637644,0.10294128120637644,0.027451008321700384,53.24999999595011,0.270643744037348,2.8033240997229916,2.4571428571428573,2.7928571428571427,0.0
141,template_deposition,C,C,none,0,1.0,template_site:index=360:site=C:neigh=2:ahead0=14.910:mode=shell,y,xz,362,221,141,0,141,2078.211596631122,9.82528594335439,500.0,0.001,63.987803674999995,0.063987803675,-3173.3037,-3162.533,-3173.3037,-10.770752,-10.063721,0.9999978086544296,0.063987803675,0.063987803675,12,361,360,6,6,1.3302628820492117,6.648780368364573,36.709999998056006,10.0,511.90242939999996,0.0,-2.4676802,-39.5366,36.7499580004542,0.5000000008100001,36.2499579996442,14.9499580012642,0.9851673454791757,2.203544924219498,36.23681945191815,36.0405044610733,36.64376392534621,0.30345329023285916,0.125,14.436819452728152,14.240504461883297,14.843763926156207,1.0,11,50,12,0.24,0.26436363636363636,525,139,0.26476190476190475,0.0,1.0,0.2754431155274373,0.10238879044488051,0.10238879044488051,0.027498703719482195,53.24999999595011,0.2711139803535424,2.8066298342541436,2.5,2.801418439716312,0.0
142,template_deposition,C,C,none,0,1.0,template_site:index=367:site=C:neigh=2:ahead0=14.910:mode=shell,y,xz,363,221,142,0,142,2079.153646987997,0.9420503568747377,500.0,0.001,63.987803674999995,0.063987803675,-3183.4185,-3173.3037,-3183.4185,-10.114746,-9.416748,0.999994201000559,0.063987803675,0.063987803675,9,362,367,5,5,1.4593215979473073,23.86536539545567,36.709999998056006,10.0,511.90242939999996,0.0,-2.4874394,-39.853172,36.7499580004542,0.5000000008100001,36.2499579996442,14.9499580012642,1.0087985634051977,2.219172902405452,36.32502869333119,36.322200746264556,36.674994377464785,0.3215441839776985,0.125,14.525028694141191,14.522200747074557,14.874994378274785,1.0,11,50,12,0.24,0.26636363636363636,525,140,0.26666666666666666,0.0,1.0,0.2773966128006815,0.10228893446578304,0.10228893446578304,0.0276667213221737,53.24999999595011,0.2727704919295001,2.809917355371901,2.5405405405405403,2.8098591549295775,0.0
143,template_deposition,C,C,none,0,1.0,template_site:index=358:site=C:neigh=2:ahead0=14.910:mode=shell,y,xz,364,221,143,0,143,2081.2130721700123,2.0594251820154783,500.0,0.001,63.987803674999995,0.063987803675,-3192.997,-3183.4185,-3192.997,-9.578613,-8.897217,0.9999999999973439,0.063987803675,0.063987803675,9,363,358,4,4,1.4907976594859011,1.729756074544329,36.709999998056006,10.0,511.90242939999996,0.0,-2.5061512,-40.15297,36.7499580004542,0.5000000008100001,36.2499579996442,14.9499580012642,1.0272440482592557,2.234800880591406,36.41030486316847,36.60955350865211,36.67974139300825,0.316967070802269,0.125,14.61030486397847,14.809553509462113,14.87974139381825,1.0,11,50,12,0.24,0.26836363636363636,525,141,0.26857142857142857,0.0,1.0,0.27935011007392574,0.10216996408376552,0.10216996408376552,0.027829152121863755,53.24999999595011,0.27437192234910135,2.8131868131868134,2.5789473684210527,2.8181818181818183,0.0
144,template_deposition,C,C,none,0,1.0,template_site:index=362:site=C:neigh=2:ahead0=14.910:mode=shell,y,xz,365,221,144,0,144,2102.289635215038,21.076563045025427,500.0,0.001,63.987803674999995,0.063987803675,-3202.9463,-3192.997,-3202.9463,-9.949219,-7.7478027,0.9999999999824727,0.063987803675,0.063987803675,10,364,362,3,3,1.0921979853450383,11.567804662184816,36.709999998056006,10.0,511.90242939999996,0.0,-2.525587,-40.464367,36.79309651142107,0.5000000008100001,36.29309651061107,14.99309651223107,1.0467435437760364,2.2504288587773598,36.50092172888433,36.643263711622794,36.76289955374426,0.3097420468344478,0.125,14.700921729694329,14.843263712432794,14.962899554554262,1.0,11,50,12,0.24,0.27036363636363636,525,142,0.2704761904761905,0.0,1.0,0.28130360734716997,0.1020897342339884,0.1020897342339884,0.028001755675608246,53.24999999595011,0.27607364752699337,2.8164383561643835,2.6153846153846154,2.826388888888889,0.0
145,template_deposition,C,C,none,0,1.0,template_site:index=365:site=C:neigh=1:ahead0=14.910:mode=shell,y,xz,366,221,145,0,145,2103.202400743669,0.912765528631207,500.0,0.001,63.987803674999995,0.063987803675,-3212.421,-3202.9463,-3212.421,-9.474609,-6.672119,0.99999999950104,0.063987803675,0.063987803675,11,365,365,2,2,1.443878344196596,18.946341101635426,36.709999998056006,10.0,511.90242939999996,0.0,-2.5440955,-40.760906,36.79309651142107,0.5000000008100001,36.29309651061107,14.99309651223107,1.0663512644627553,2.266056836963314,36.60247081500394,36.64805744567572,36.76289955374426,0.2285427944969432,0.125,14.80247081581394,14.848057446485718,14.962899554554262,1.0,12,50,13,0.26,0.276,525,145,0.2761904761904762,0.0,1.0,0.28325710462041426,0.10208600562630303,0.10208600562630303,0.02819518250631227,53.24999999595011,0.2779806726185865,2.819672131147541,2.65,2.8344827586206898,0.0
146,template_deposition,C,C,none,0,1.0,template_site:index=363:site=C:neigh=1:ahead0=14.910:mode=shell,y,xz,367,221,146,0,146,2134.251967008997,31.049566265328124,500.0,0.001,63.987803674999995,0.063987803675,-3221.528,-3212.421,-3221.528,-9.107178,-6.564453,1.0,0.063987803675,0.063987803675,11,366,363,1,1,1.6354374709971755,14.027316807815183,36.709999998056006,10.0,511.90242939999996,0.0,-2.5618865,-41.045948,36.786401414578584,0.5000000008100001,36.28640141376859,14.986401415388585,1.0770383984721734,2.281684815149268,36.68046347972089,36.64805744567572,36.76089102469152,0.052686548901753706,0.125,14.880463480530892,14.848057446485718,14.960891025501518,1.0,13,50,14,0.28,0.278,525,146,0.2780952380952381,0.0,1.0,0.2852106018936585,0.10192098274336228,0.10192098274336228,0.028343739962915986,53.24999999595011,0.2794453235992979,2.8174386920980927,2.6341463414634148,2.828767123287671,0.0
147,template_deposition,C,C,none,0,1.0,template_site:index=364:site=C:neigh=2:ahead0=14.910:mode=shell,y,xz,368,221,147,0,147,2147.007183123146,12.755216114149274,500.0,0.001,63.987803674999995,0.063987803675,-3231.6008,-3221.528,-3231.6008,-10.072754,-4.9333496,1.0,0.063987803675,0.063987803675,12,367,364,1,1,1.0862461091181668,16.48682895600506,36.709999998056006,10.0,511.90242939999996,0.0,-2.5815635,-41.361206,36.83359838262917,0.5000000008100001,36.33359838181917,15.03359838343917,1.092016192359553,2.2973127933352218,36.69797131245914,36.64805744567572,36.80056050499376,0.07445936282201118,0.125,14.897971313269139,14.848057446485718,15.000560505803762,1.0,13,50,14,0.28,0.28,525,147,0.28,0.0,1.0,0.2871640991669027,0.10134674362768122,0.10134674362768122,0.028377088215750742,53.24999999595011,0.2797741091906515,2.8206521739130435,2.6666666666666665,2.836734693877551,0.0
148,template_deposition,C,C,none,0,1.0,template_site:index=372:site=C:neigh=1:ahead0=16.330:mode=shell,y,xz,369,221,148,0,148,2169.268587887436,22.261404764289594,500.0,0.001,63.987803674999995,0.063987803675,-3239.213,-3231.6008,-3239.213,-7.6120605,-7.4001465,0.6321662059342179,0.063987803675,0.063987803675,8,368,372,10,10,1.343606502600473,11.567804662184816,38.12999999772501,10.0,511.90242939999996,0.0,-2.5964336,-41.599453,38.162212038456715,0.5000000008100001,37.66221203764672,16.362212039266716,0.49769007247588526,2.3129407715211756,36.87197031348693,36.64850016650202,37.232182479377435,0.4919895006309163,0.125,15.071970314296934,14.848500167312018,15.432182480187436,1.0,13,50,14,0.28,0.282,525,148,0.2819047619047619,0.0,1.0,0.28911759644014695,0.10183763725876306,0.10183763725876306,0.028708514884375112,53.24999999595011,0.2830416960646614,2.8184281842818426,2.409090909090909,2.831081081081081,0.0
149,template_deposition,C,C,none,0,1.0,template_site:index=374:site=C:neigh=1:ahead0=16.330:mode=shell,y,xz,370,221,149,0,149,2175.539559805264,6.270971917828244,500.0,0.001,63.987803674999995,0.063987803675,-3246.9023,-3239.213,-3246.9023,-7.689453,-7.3100586,0.21538493272725023,0.063987803675,0.063987803675,8,369,374,9,9,1.2968775635915522,16.48682895600506,38.12999999772501,10.0,511.90242939999996,0.0,-2.611455,-41.840122,38.173233215097135,0.5000000008100001,37.67323321428714,16.373233215907135,0.603521574622087,2.3285687497071295,37.04301471956912,36.66286037459679,38.16551839144884,0.6502033488997008,0.125,15.243014720379122,14.86286037540679,16.365518392258842,1.0,13,50,14,0.28,0.284,525,149,0.2838095238095238,0.0,1.0,0.2910710937133912,0.10230211221730955,0.10230211221730955,0.02903431375310309,53.24999999595011,0.2862537975875759,2.8162162162162163,2.391304347826087,2.825503355704698,0.0
150,template_deposition,C,C,none,0,1.0,template_site:index=370:site=C:neigh=1:ahead0=16.330:mode=shell,y,xz,371,221,150,0,150,2177.23785140185,1.698291596585979,500.0,0.001,63.987803674999995,0.063987803675,-3254.4302,-3246.9023,-3254.4302,-7.527832,-7.361084,0.815098433128495,0.063987803675,0.063987803675,8,370,370,8,8,1.3800610857741318,6.648780368364573,38.12999999772501,10.0,511.90242939999996,0.0,-2.6261606,-42.075733,38.173233215097135,0.5000000008100001,37.67323321428714,16.373233215907135,0.6776876340253495,2.3441967278930833,37.22077333274426,36.67499524317608,38.16551839144884,0.7284743505083184,0.125,15.420773333554258,14.874995243986078,16.365518392258842,1.0,13,50,14,0.28,0.28600000000000003,525,150,0.2857142857142857,0.0,1.0,0.2930245909866354,0.10280515555702839,0.10280515555702839,0.0293729015877224,53.24999999595011,0.2895919875066117,2.8140161725067387,2.375,2.82,0.0
151,template_deposition,C,C,none,0,1.0,template_site:index=371:site=C:neigh=1:ahead0=16.330:mode=shell,y,xz,372,221,151,0,151,2182.456153528162,5.218302126311934,500.0,0.001,63.987803674999995,0.063987803675,-3261.9915,-3254.4302,-3261.9915,-7.5612793,-7.306885,0.5218206341383986,0.063987803675,0.063987803675,10,371,371,7,7,1.4494788581359779,9.10829251399494,38.12999999772501,10.0,511.90242939999996,0.0,-2.6409316,-42.31239,38.17514710330302,0.5000000008100001,37.67514710249302,16.37514710411302,0.7327377069007867,2.359824706079037,37.224070238203936,36.67499524317608,38.1738073815589,0.7327118150136487,0.125,15.424070239013936,14.874995243986078,16.373807382368902,1.0,13,50,14,0.28,0.28800000000000003,525,151,0.2876190476190476,0.0,1.0,0.29497808825987964,0.1021461605232711,0.1021461605232711,0.02937918140764559,53.24999999595011,0.28965390122416906,2.8118279569892475,2.36,2.814569536423841,0.0
152,template_deposition,C,C,none,0,1.0,template_site:index=375:site=C:neigh=1:ahead0=16.330:mode=shell,y,xz,373,221,152,0,152,2212.853470133216,30.397316605054083,500.0,0.001,63.987803674999995,0.063987803675,-3269.8022,-3261.9915,-3269.8022,-7.810791,-7.263916,0.7007360893126215,0.063987803675,0.063987803675,9,372,375,6,6,1.428956945296281,18.946341101635426,38.12999999772501,10.0,511.90242939999996,0.0,-2.65619,-42.556854,38.18576571442153,0.5000000008100001,37.68576571361153,16.38576571523153,0.775349313761466,2.375452684264991,37.22658734408523,36.67499524317608,38.17833268663857,0.734004700321758,0.125,15.426587344895232,14.874995243986078,16.37833268744857,1.0,13,50,14,0.28,0.29,525,152,0.2895238095238095,0.0,1.0,0.2969315855331239,0.101490706216416,0.101490706216416,0.029383975895038536,53.24999999595011,0.2897011708181876,2.809651474530831,2.3461538461538463,2.8092105263157894,0.0
153,template_deposition,C,C,none,0,1.0,template_site:index=376:site=C:neigh=1:ahead0=16.330:mode=shell,y,xz,374,221,153,0,153,2213.3690928966307,0.515622763414556,500.0,0.001,63.987803674999995,0.063987803675,-3277.331,-3269.8022,-3277.331,-7.5288086,-7.114746,0.1479290835990536,0.063987803675,0.063987803675,9,373,376,5,5,1.4759293824096638,21.405853249825302,38.12999999772501,10.0,511.90242939999996,0.0,-2.6708975,-42.792496,38.18576571442153,0.5000000008100001,37.68576571361153,16.38576571523153,0.8078190114838173,2.391080662450945,37.408411499571145,37.395353492354694,38.17833268663857,0.7511226805734752,0.125,15.608411500381145,15.595353493164694,16.37833268744857,1.0,13,50,14,0.28,0.292,525,153,0.2914285714285714,0.0,1.0,0.2988850828063681,0.10201576144039964,0.10201576144039964,0.02973030761977361,53.24999999595011,0.2931157089496381,2.807486631016043,2.3333333333333335,2.803921568627451,0.0
154,template_deposition,C,C,none,0,1.0,template_site:index=369:site=C:neigh=1:ahead0=16.330:mode=shell,y,xz,375,221,154,0,154,2214.129563398396,0.7604705017654074,500.0,0.001,63.987803674999995,0.063987803675,-3284.74,-3277.331,-3284.74,-7.4089355,-7.1779785,0.8046936645496097,0.063987803675,0.063987803675,9,374,369,4,4,1.4560977365586445,4.189268220174695,38.12999999772501,10.0,511.90242939999996,0.0,-2.6853707,-43.024384,38.18576571442153,0.5000000008100001,37.68576571361153,16.38576571523153,0.8336551237644255,2.4067086406368987,37.58955562961024,38.11864065104257,38.17833268663857,0.7282769789199869,0.125,15.789555630420239,16.31864065185257,16.37833268744857,1.0,13,50,14,0.28,0.294,525,154,0.29333333333333333,0.0,1.0,0.30083858007961234,0.10252958201571584,0.10252958201571584,0.03007534405794331,53.24999999595011,0.29651747665016154,2.8053333333333335,2.3214285714285716,2.7987012987012987,0.0
155,template_deposition,C,C,none,0,1.0,template_site:index=373:site=C:neigh=1:ahead0=16.330:mode=shell,y,xz,376,221,155,0,155,2225.3653893786836,11.235825980287888,500.0,0.001,63.987803674999995,0.063987803675,-3294.0283,-3284.74,-3294.0283,-9.28833,-7.1171875,0.9992738992659954,0.063987803675,0.063987803675,10,375,373,3,3,1.4543556541062435,14.027316807815183,38.12999999772501,10.0,511.90242939999996,0.0,-2.7035155,-43.315094,38.19162148758945,0.5000000008100001,37.691621486779454,16.39162148839945,0.8514139543535755,2.4223366188228526,37.77333122978419,38.134088169563384,38.176513386246825,0.6565655161723826,0.125,15.97333123059419,16.334088170373384,16.376513387056825,1.0,13,50,14,0.28,0.294,525,154,0.29333333333333333,0.0,1.0,0.30279207735285657,0.10305374987480123,0.10305374987480123,0.03042539282017941,53.24999999595011,0.2999686616302165,2.8085106382978724,2.3793103448275863,2.806451612903226,0.0
156,template_deposition,C,C,none,0,1.0,template_site:index=377:site=C:neigh=1:ahead0=16.330:mode=shell,y,xz,377,221,156,0,156,2228.2313812066154,2.8659918279317815,500.0,0.001,63.987803674999995,0.063987803675,-3301.2627,-3294.0283,-3301.2627,-7.234375,-6.7768555,0.5522218433928769,0.063987803675,0.063987803675,8,376,377,2,2,1.4942305206649804,23.86536539545567,38.12999999772501,10.0,511.90242939999996,0.0,-2.7176478,-43.54152,38.19162148758945,0.5000000008100001,37.691621486779454,16.39162148839945,0.8695557869868238,2.437964597008807,37.96132606077894,38.13793582669934,38.176513386246825,0.5011422759628368,0.125,16.161326061588937,16.33793582750934,16.376513387056825,1.0,13,50,14,0.28,0.29600000000000004,525,155,0.29523809523809524,0.0,1.0,0.30474557462610086,0.10359824398454447,0.10359824398454447,0.030783478212550355,53.24999999595011,0.3034990809918887,2.806366047745358,2.3666666666666667,2.801282051282051,0.0
157,template_deposition,C,C,none,0,1.0,template_site:index=368:site=C:neigh=1:ahead0=16.330:mode=shell,y,xz,378,221,157,0,157,2241.3657155378773,13.134334331261966,500.0,0.001,63.987803674999995,0.063987803675,-3308.4495,-3301.2627,-3308.4495,-7.1867676,-6.7680664,1.0,0.063987803675,0.063987803675,8,377,368,1,1,1.494025223916459,1.729756074544329,38.12999999772501,10.0,511.90242939999996,0.0,-2.731687,-43.766453,38.19162148758945,0.5000000008100001,37.691621486779454,16.39162148839945,0.8840052796606283,2.4535925751947607,38.148908550989226,38.13935916087891,38.176513386246825,0.02319205385414089,0.125,16.348908551799227,16.33935916168891,16.376513387056825,1.0,14,50,15,0.3,0.298,525,156,0.29714285714285715,0.0,1.0,0.3066990718993451,0.10413317548916705,0.10413317548916705,0.03114077819390329,53.24999999595011,0.30702175686465033,2.804232804232804,2.3548387096774195,2.7961783439490446,0.0
158,template_deposition,C,C,none,0,1.0,template_site:index=381:site=C:neigh=2:ahead0=17.040:mode=shell,y,xz,379,221,158,0,158,2258.2660083984065,16.90029286052925,500.0,0.001,63.987803674999995,0.063987803675,-3321.385,-3308.4495,-3321.385,-12.935547,-11.270752,0.8356159458273843,0.063987803675,0.063987803675,10,378,381,10,10,1.346346829451516,7.878536441179756,38.839999997894004,10.0,511.90242939999996,0.0,-2.7569566,-44.171314,38.61024612712406,0.5000000008100001,38.11024612631406,16.810246127934057,0.9198407138563484,2.4692205533807146,38.20384947346278,38.14792111412797,38.31720887944983,0.15488572868385087,0.125,16.403849474272782,16.347921114937968,16.51720888025983,1.0,13,50,14,0.28,0.2978181818181818,525,156,0.29714285714285715,0.0,1.0,0.3086525691725893,0.10382183211565052,0.10382183211565052,0.031245427570043394,53.24999999595011,0.30805351127737773,2.812664907651715,2.46875,2.8164556962025316,0.0
159,template_deposition,C,C,none,0,1.0,template_site:index=387:site=C:neigh=2:ahead0=17.040:mode=shell,y,xz,380,221,159,0,159,2276.145236378278,17.879227979871377,500.0,0.001,63.987803674999995,0.063987803675,-3333.5432,-3321.385,-3333.5432,-12.158203,-11.167236,0.17718025702733672,0.063987803675,0.063987803675,9,379,387,8,8,1.373076949989666,22.635609322640487,38.839999997894004,10.0,511.90242939999996,0.0,-2.7807076,-44.55185,38.69648207115547,0.5000000008100001,38.196482070345475,16.896482071965472,0.9497155551936193,2.4848485315666684,38.2750038055526,38.15704590953369,38.636116910333484,0.2206468684475561,0.125,16.4750038063626,16.357045910343693,16.836116911143485,1.0,13,50,14,0.28,0.29963636363636365,525,157,0.29904761904761906,0.0,1.0,0.31060606644583355,0.10361637614064528,0.10361637614064528,0.03138095963116686,53.24999999595011,0.30938974286602056,2.8157894736842106,2.515151515151515,2.8238993710691824,0.0
160,template_deposition,C,C,none,0,1.0,template_site:index=379:site=C:neigh=2:ahead0=17.040:mode=shell,y,xz,381,221,160,0,160,2337.691600766217,61.546364387939256,500.0,0.001,63.987803674999995,0.063987803675,-3345.016,-3333.5432,-3345.016,-11.4729,-11.23291,0.9999993304558963,0.063987803675,0.063987803675,9,380,379,7,7,1.3781963094688972,2.959512147359512,38.839999997894004,10.0,511.90242939999996,0.0,-2.80312,-44.910934,38.7330996031749,0.5000000008100001,38.2330996023649,16.9330996039849,0.9778195216738801,2.5004765097526223,38.35275421112692,38.17906069679776,38.7074673307613,0.2562614215608089,0.125,16.55275421193692,16.379060697607763,16.907467331571297,1.0,13,50,14,0.28,0.3014545454545454,525,158,0.30095238095238097,0.0,1.0,0.3125595637190778,0.10345471382460576,0.10345471382460576,0.03152905564178461,53.24999999595011,0.3108498443792644,2.8188976377952755,2.5588235294117645,2.83125,0.0
161,template_deposition,C,C,none,0,1.0,template_site:index=380:site=C:neigh=2:ahead0=17.040:mode=shell,y,xz,382,221,161,0,161,2350.505604468931,12.814003702713855,500.0,0.001,63.987803674999995,0.063987803675,-3355.5627,-3345.016,-3355.5627,-10.546631,-9.78125,0.9999999999940272,0.063987803675,0.063987803675,11,381,380,6,6,1.4192261550556655,5.419024292989877,38.839999997894004,10.0,511.90242939999996,0.0,-2.8237228,-45.241028,38.82051732652021,0.5000000008100001,38.32051732571021,17.02051732733021,1.0102672634046643,2.516104487938576,38.44487808787022,38.42810193809531,38.77937105254716,0.29477014409612295,0.125,16.644878088680223,16.62810193890531,16.979371053357163,1.0,13,50,14,0.28,0.3032727272727273,525,159,0.3028571428571429,0.0,1.0,0.314513060992322,0.10338433595453554,0.10338433595453554,0.031704529692724234,53.24999999595011,0.31257987023373024,2.8219895287958114,2.6,2.8385093167701863,0.0
162,template_deposition,C,C,none,0,1.0,template_site:index=383:site=C:neigh=1:ahead0=17.040:mode=shell,y,xz,383,221,162,0,162,2367.7609839875076,17.255379518576643,500.0,0.001,63.987803674999995,0.063987803675,-3366.241,-3355.5627,-3366.241,-10.678223,-8.684814,0.9999670973048015,0.063987803675,0.063987803675,9,382,383,5,5,1.335232235244996,12.797560735,38.839999997894004,10.0,511.90242939999996,0.0,-2.8445828,-45.57524,38.84173459235856,0.5000000008100001,38.341734591548565,17.041734593168563,1.0330713736143349,2.53173246612453,38.53017953356502,38.680532229878324,38.826882506271716,0.2983865242524181,0.125,16.73017953437502,16.880532230688324,17.026882507081716,1.0,14,50,15,0.3,0.3070909090909091,525,161,0.30666666666666664,0.0,1.0,0.31646655826556624,0.10327271317515443,0.10327271317515443,0.031867008636904795,53.24999999595011,0.31418177531732244,2.8198433420365534,2.5833333333333335,2.8333333333333335,0.0
163,template_deposition,C,C,none,0,1.0,template_site:index=386:site=C:neigh=1:ahead0=17.040:mode=shell,y,xz,384,221,163,0,163,2378.2148278819654,10.453843894457592,500.0,0.001,63.987803674999995,0.063987803675,-3376.356,-3366.241,-3376.356,-10.11499,-7.9606934,1.0,0.063987803675,0.063987803675,11,383,386,5,5,1.4406125885536785,20.17609717701012,38.839999997894004,10.0,511.90242939999996,0.0,-2.8643422,-45.891823,38.84173459235856,0.5000000008100001,38.341734591548565,17.041734593168563,1.0583645053884785,2.547360444310484,38.61949367007739,38.76213040442789,38.826882506271716,0.27019923095130494,0.125,16.81949367088739,16.962130405237893,17.026882507081716,1.0,14,50,15,0.3,0.3089090909090909,525,162,0.30857142857142855,0.0,1.0,0.3184200555388105,0.10318707773550546,0.10318707773550546,0.03203713080169027,53.24999999595011,0.31585903609702504,2.8229166666666665,2.6216216216216215,2.8404907975460123,0.0
164,template_deposition,C,C,none,0,1.0,template_site:index=384:site=C:neigh=1:ahead0=17.040:mode=shell,y,xz,385,221,164,0,164,2378.4497027910347,0.23487490906917377,500.0,0.001,63.987803674999995,0.063987803675,-3384.8965,-3376.356,-3384.8965,-8.540527,-6.418701,0.9999964277944631,0.063987803675,0.063987803675,10,384,384,4,4,1.653854132765703,15.257072883189878,38.839999997894004,10.0,511.90242939999996,0.0,-2.8810263,-46.15913,38.82051732652021,0.5000000008100001,38.32051732571021,17.02051732733021,1.0737218028434765,2.5629884224964377,38.69195800395134,38.76813642219388,38.79603926431375,0.19538736779879495,0.125,16.891958004761342,16.968136423003877,16.99603926512375,1.0,14,50,15,0.3,0.31272727272727274,525,164,0.31238095238095237,0.0,1.0,0.3203735528120547,0.1029997439314716,0.1029997439314716,0.032175158104307315,53.24999999595011,0.3172198686581417,2.8207792207792206,2.6052631578947367,2.8353658536585367,0.0
165,template_deposition,C,C,none,0,1.0,template_site:index=388:site=C:neigh=1:ahead0=17.040:mode=shell,y,xz,386,221,165,0,165,2378.8984183516654,0.4487155606306436,500.0,0.001,63.987803674999995,0.063987803675,-3391.3184,-3384.8965,-3391.3184,-6.421875,-5.867676,0.7595569738766584,0.063987803675,0.063987803675,7,385,388,4,4,1.4917848111668381,25.095121470830364,38.839999997894004,10.0,511.90242939999996,0.0,-2.8935714,-46.360126,38.83664575908759,0.5000000008100001,38.33664575827759,17.03664575989759,1.0889142708634048,2.5786164006823915,38.701223239621584,38.776919672322315,38.82535585629042,0.20021177404685025,0.125,16.901223240431584,16.976919673132315,17.025355857100422,1.0,14,50,15,0.3,0.3145454545454545,525,165,0.3142857142857143,0.0,1.0,0.32232705008529894,0.10243165600261565,0.10243165600261565,0.032192806172250635,53.24999999595011,0.31739386369421585,2.8186528497409324,2.58974358974359,2.83030303030303,0.0
166,template_deposition,C,C,none,0,1.0,template_site:index=378:site=C:neigh=1:ahead0=17.040:mode=shell,y,xz,387,221,166,0,166,2399.6195294237273,20.72111107206194,500.0,0.001,63.987803674999995,0.063987803675,-3397.647,-3391.3184,-3397.647,-6.3286133,-5.8186035,0.9999998291087365,0.063987803675,0.063987803675,7,386,378,3,3,1.50883736603561,0.49999999916963384,38.839999997894004,10.0,511.90242939999996,0.0,-2.9059343,-46.5582,38.837044006888796,0.5000000008100001,38.3370440060788,17.037044007698796,1.102339799845698,2.5942443788683454,38.71063662359141,38.782819520103885,38.83676523342795,0.20455882858933885,0.125,16.910636624401413,16.982819520913885,17.036765234237947,1.0,14,50,15,0.3,0.31636363636363635,525,166,0.3161904761904762,0.0,1.0,0.32428054735854317,0.10187130496627357,0.10187130496627357,0.03221073642743126,53.24999999595011,0.3175706408579819,2.8165374677002584,2.575,2.825301204819277,0.0
167,template_deposition,C,C,none,0,1.0,template_site:index=385:site=C:neigh=2:ahead0=17.040:mode=shell,y,xz,388,221,167,0,167,2403.522578407868,3.903048984140485,500.0,0.001,63.987803674999995,0.063987803675,-3407.9897,-3397.647,-3407.9897,-10.342773,-5.1469727,0.9999999999992406,0.063987803675,0.063987803675,12,387,385,2,2,1.0884525012779027,17.716585028820244,38.839999997894004,10.0,511.90242939999996,0.0,-2.9261389,-46.881916,38.962468371562785,0.5000000008100001,38.46246837075279,17.162468372372786,1.0952286896035444,2.609872357054299,38.80475614100969,38.80611131928379,38.87467131629099,0.0799841744136541,0.125,17.00475614181969,17.006111320093787,17.074671317100993,1.0,15,50,16,0.32,0.3181818181818182,525,167,0.3180952380952381,0.0,1.0,0.3262340446317874,0.10182488707676461,0.10182488707676461,0.032390011698704174,53.24999999595011,0.319338143532638,2.8195876288659796,2.641025641025641,2.8323353293413174,0.0
168,template_deposition,C,C,none,0,1.0,template_site:index=382:site=C:neigh=2:ahead0=17.040:mode=shell,y,xz,389,221,168,0,168,2435.4606250837896,31.93804667592176,500.0,0.001,63.987803674999995,0.063987803675,-3417.0564,-3407.9897,-3417.0564,-9.06665,-3.9628906,1.0,0.063987803675,0.063987803675,12,388,382,1,1,1.108696587049339,10.338048586810121,38.839999997894004,10.0,511.90242939999996,0.0,-2.9438505,-47.165688,38.975008094143654,0.5000000008100001,38.475008093333656,17.175008094953654,1.110648955970238,2.6255003352402535,38.83546986655354,38.8285815428039,38.966230288337044,0.08685534741094658,0.125,17.03546986736354,17.028581543613903,17.166230289147045,1.0,15,50,16,0.32,0.32,525,168,0.32,0.0,1.0,0.3281875419050317,0.10140160635335439,0.10140160635335439,0.0324485140330734,53.24999999595011,0.3199149271109701,2.822622107969152,2.675,2.8392857142857144,0.0
169,template_deposition,C,C,none,0,1.0,template_site:index=389:site=C:neigh=1:ahead0=18.460:mode=shell,y,xz,390,221,169,0,169,2436.910248850235,1.4496237664450717,500.0,0.001,63.987803674999995,0.063987803675,-3425.3005,-3417.0564,-3425.3005,-8.244141,-7.709961,0.6597412489475591,0.063987803675,0.063987803675,5,389,389,11,11,1.4229838400116088,0.49999999916963384,40.25999999756301,10.0,511.90242939999996,0.0,-2.9599555,-47.423717,40.218261366104315,0.5000000008100001,39.71826136529432,18.418261366914315,0.47873075838666446,2.6411283134262074,39.008122036455475,38.8285815428039,39.34798407573185,0.46556289721802285,0.125,17.208122037265476,17.028581543613903,17.54798407654185,1.0,15,50,16,0.32,0.3218181818181818,525,169,0.3219047619047619,0.0,1.0,0.3301410391782759,0.1018232073210975,0.1018232073210975,0.032777375309077095,53.24999999595011,0.32315722138167563,2.8205128205128207,2.3636363636363638,2.834319526627219,0.0
170,template_deposition,C,C,none,0,1.0,template_site:index=399:site=C:neigh=1:ahead0=18.460:mode=shell,y,xz,391,221,170,0,170,2458.046119681643,21.13587083140843,500.0,0.001,63.987803674999995,0.063987803675,-3433.543,-3425.3005,-3433.543,-8.242432,-7.6811523,0.9987572949015034,0.063987803675,0.063987803675,5,390,399,10,10,1.4234314530337238,25.095121470830364,40.25999999756301,10.0,511.90242939999996,0.0,-2.976057,-47.68169,40.218266482596036,0.5000000008100001,39.71826648178604,18.418266483406036,0.5752983001813226,2.656756291612161,39.18082462689404,38.8914928490415,40.21826290105183,0.6052299644556297,0.125,17.380824627704037,17.091492849851498,18.41826290186183,1.0,15,50,16,0.32,0.3236363636363636,525,170,0.3238095238095238,0.0,1.0,0.33209453645152015,0.10224014486884728,0.10224014486884728,0.03310633262419817,53.24999999595011,0.32640046251691873,2.8184143222506393,2.347826086956522,2.8294117647058825,0.0
171,template_deposition,C,C,none,0,1.0,template_site:index=390:site=C:neigh=1:ahead0=18.460:mode=shell,y,xz,392,221,171,0,171,2459.363285517152,1.317165835508426,500.0,0.001,63.987803674999995,0.063987803675,-3441.1501,-3433.543,-3441.1501,-7.6071777,-7.364258,0.4837815044998671,0.063987803675,0.063987803675,9,391,390,9,9,1.4589078172100212,2.959512147359512,40.25999999756301,10.0,511.90242939999996,0.0,-2.9909174,-47.91978,40.24036252849939,0.5000000008100001,39.74036252768939,18.44036252930939,0.6480226900627624,2.672384269798115,39.18548511532447,38.89908422156567,40.224895296367045,0.60888093076986,0.125,17.38548511613447,17.099084222375673,18.424895297177045,1.0,15,50,16,0.32,0.32545454545454544,525,171,0.32571428571428573,0.0,1.0,0.3340480337247644,0.10166950360312554,0.10166950360312554,0.03311520974501803,53.24999999595011,0.32648798342641705,2.816326530612245,2.3333333333333335,2.824561403508772,0.0
172,template_deposition,C,C,none,0,1.0,template_site:index=396:site=C:neigh=1:ahead0=18.460:mode=shell,y,xz,393,221,172,0,172,2464.9280767590135,5.564791241861514,500.0,0.001,63.987803674999995,0.063987803675,-3448.8757,-3441.1501,-3448.8757,-7.725586,-7.3535156,0.6354472329175337,0.063987803675,0.063987803675,8,392,396,8,8,1.2980270814520507,17.716585028820244,40.25999999756301,10.0,511.90242939999996,0.0,-3.0060096,-48.161583,40.30154962802149,0.5000000008100001,39.80154962721149,18.50154962883149,0.7051344972595126,2.688012247984069,39.36039406818294,38.90535408285611,40.25871865835602,0.6953925820516419,0.125,17.56039406899294,17.105354083666107,18.458718659166017,1.0,15,50,16,0.32,0.32727272727272727,525,172,0.32761904761904764,0.0,1.0,0.3360015309980086,0.10209531435461013,0.10209531435461013,0.03344836965522465,53.24999999595011,0.329772658597718,2.8142493638676847,2.32,2.8197674418604652,0.0
173,template_deposition,C,C,none,0,1.0,template_site:index=398:site=C:neigh=1:ahead0=18.460:mode=shell,y,xz,394,221,173,0,173,2509.553914614305,44.625837855291635,500.0,0.001,63.987803674999995,0.063987803675,-3456.505,-3448.8757,-3456.505,-7.6291504,-7.2939453,0.3808599395020912,0.063987803675,0.063987803675,9,393,398,7,7,1.4827572879999489,22.635609322640487,40.25999999756301,10.0,511.90242939999996,0.0,-3.020913,-48.40036,40.30154962802149,0.5000000008100001,39.80154962721149,18.50154962883149,0.7467800326957746,2.7036402261700228,39.36110415687985,38.90535408285611,40.25871865835602,0.6991546744141425,0.125,17.561104157689847,17.105354083666107,18.458718659166017,1.0,15,50,16,0.32,0.32909090909090905,525,173,0.3295238095238095,0.0,1.0,0.33795502827125284,0.10150927258780258,0.10150927258780258,0.03344972220512352,53.24999999595011,0.32978599359672195,2.8121827411167515,2.3076923076923075,2.815028901734104,0.0
174,template_deposition,C,C,none,0,1.0,template_site:index=393:site=C:neigh=1:ahead0=18.460:mode=shell,y,xz,395,221,174,0,174,2522.9145921296736,13.360677515368556,500.0,0.001,63.987803674999995,0.063987803675,-3464.361,-3456.505,-3464.361,-7.856201,-7.2282715,0.11803584309541101,0.063987803675,0.063987803675,8,394,393,6,6,1.2852025679310113,10.338048586810121,40.25999999756301,10.0,511.90242939999996,0.0,-3.0362601,-48.64625,40.31248636897788,0.5000000008100001,39.81248636816788,18.51248636978788,0.7822507527293846,2.7192682043559766,39.53711111513601,39.53551638992138,40.3048306503084,0.7359179432964192,0.125,17.737111115946007,17.735516390731384,18.504830651118404,1.0,15,50,16,0.32,0.33090909090909093,525,174,0.3314285714285714,0.0,1.0,0.3399085255444971,0.10193742020658625,0.10193742020658625,0.03378497355418287,53.24999999595011,0.3330912885876993,2.810126582278481,2.2962962962962963,2.810344827586207,0.0
175,template_deposition,C,C,none,0,1.0,template_site:index=391:site=C:neigh=1:ahead0=18.460:mode=shell,y,xz,396,221,175,0,175,2523.909040628705,0.9944484990315245,500.0,0.001,63.987803674999995,0.063987803675,-3471.893,-3464.361,-3471.893,-7.5319824,-7.307617,0.6369156932966555,0.063987803675,0.063987803675,9,395,391,5,5,1.4248601173780147,5.419024292989877,40.25999999756301,10.0,511.90242939999996,0.0,-3.0509737,-48.88199,40.31248636897788,0.5000000008100001,39.81248636816788,18.51248636978788,0.8096580193074445,2.7348961825419305,39.7192966347207,40.24337415346898,40.3048306503084,0.7153157093698512,0.125,17.9192966355307,18.443374154278978,18.504830651118404,1.0,15,50,16,0.32,0.33272727272727276,525,175,0.3333333333333333,0.0,1.0,0.3418620228177413,0.10239598077446115,0.10239598077446115,0.034131993591487046,53.24999999595011,0.33651261289940915,2.808080808080808,2.2857142857142856,2.8057142857142856,0.0
176,template_deposition,C,C,none,0,1.0,template_site:index=397:site=C:neigh=1:ahead0=18.460:mode=shell,y,xz,397,221,176,0,176,2527.364541028167,3.4555003994618354,500.0,0.001,63.987803674999995,0.063987803675,-3479.4204,-3471.893,-3479.4204,-7.5273438,-7.2612305,0.5073077667396232,0.063987803675,0.063987803675,10,396,397,4,4,1.4520723025105948,20.17609717701012,40.25999999756301,10.0,511.90242939999996,0.0,-3.0656784,-49.117584,40.31248636897788,0.5000000008100001,39.81248636816788,18.51248636978788,0.8306130251252242,2.7505241607278843,39.90255410613449,40.25326074432404,40.3122825804262,0.6430734730036783,0.125,18.10255410694449,18.45326074513404,18.5122825812362,1.0,15,50,16,0.32,0.33454545454545453,525,176,0.3352380952380952,0.0,1.0,0.34381552009098554,0.1028554210621846,0.1028554210621846,0.034481055441799024,53.24999999595011,0.3399540677619017,2.8060453400503778,2.2758620689655173,2.8011363636363638,0.0
177,template_deposition,C,C,none,0,1.0,template_site:index=392:site=C:neigh=1:ahead0=18.460:mode=shell,y,xz,398,221,177,0,177,2529.790282044809,2.425741016641823,500.0,0.001,63.987803674999995,0.063987803675,-3486.9258,-3479.4204,-3486.9258,-7.505371,-7.2182617,0.38836081996018323,0.063987803675,0.063987803675,10,397,392,3,3,1.4580856064852108,7.878536441179756,40.25999999756301,10.0,511.90242939999996,0.0,-3.0803401,-49.35249,40.32342077319977,0.5000000008100001,39.823420772389774,18.52342077400977,0.8469877598309616,2.766152138913838,40.08668556727291,40.25510637135814,40.315562901692765,0.49633648550948845,0.125,18.28668556808291,18.45510637216814,18.515562902502765,1.0,15,50,16,0.32,0.3363636363636364,525,177,0.33714285714285713,0.0,1.0,0.34576901736422977,0.10331460772928197,0.10331460772928197,0.034831782034443634,53.24999999595011,0.3434119355769707,2.8040201005025125,2.2666666666666666,2.7966101694915255,0.0
178,template_deposition,C,C,none,0,1.0,template_site:index=394:site=C:neigh=1:ahead0=18.460:mode=shell,y,xz,399,221,178,0,178,2532.0969931320283,2.306711087219247,500.0,0.001,63.987803674999995,0.063987803675,-3494.4878,-3486.9258,-3494.4878,-7.5620117,-7.204834,0.9742210050351143,0.063987803675,0.063987803675,9,398,394,2,2,1.4097184569103247,12.797560735,40.25999999756301,10.0,511.90242939999996,0.0,-3.0951126,-49.589172,40.32760454501638,0.5000000008100001,39.82760454420638,18.527604545826378,0.8625094488315271,2.781780117099792,40.09094749953219,40.25510637135814,40.316818033237745,0.48671170625712695,0.125,18.29094750034219,18.45510637216814,18.516818034047745,1.0,16,50,17,0.34,0.3381818181818182,525,178,0.33904761904761904,0.0,1.0,0.347722514637474,0.10275813202439434,0.10275813202439434,0.03483990000065179,53.24999999595011,0.3434919718635361,2.8020050125313283,2.2580645161290325,2.792134831460674,0.0
179,template_deposition,C,C,none,0,1.0,template_site:index=395:site=C:neigh=1:ahead0=18.460:mode=shell,y,xz,400,221,179,0,179,2548.995643954411,16.898650822382738,500.0,0.001,63.987803674999995,0.063987803675,-3501.9016,-3494.4878,-3501.9016,-7.4138184,-7.1811523,1.0,0.063987803675,0.063987803675,10,399,395,1,1,1.454669788274107,15.257072883189878,40.25999999756301,10.0,511.90242939999996,0.0,-3.1095953,-49.82121,40.32760454501638,0.5000000008100001,39.82760454420638,18.527604545826378,0.8737615898542909,2.7974080952857463,40.27251679984454,40.2585732420394,40.31395222368632,0.02781575389110238,0.125,18.47251680065454,18.458573242849397,18.51395222449632,1.0,16,50,17,0.34,0.34,525,179,0.34095238095238095,0.0,1.0,0.3496760119107183,0.10319841788075161,0.10319841788075161,0.03518574628696103,53.24999999595011,0.3469017239823371,2.8,2.25,2.787709497206704,0.0
180,template_deposition,C,C,none,0,1.0,template_site:index=403:site=C:neigh=2:ahead0=19.170:mode=shell,y,xz,401,221,180,0,180,2550.1858479004486,1.1902039460374945,500.0,0.001,63.987803674999995,0.063987803675,-3513.8044,-3501.9016,-3513.8044,-11.902832,-11.195801,0.31626932393785295,0.063987803675,0.063987803675,10,400,403,10,10,1.319978882524184,9.10829251399494,40.96999999773202,10.0,511.90242939999996,0.0,-3.1328475,-50.193752,40.80198987971451,0.5000000008100001,40.301989878904514,19.001989880524512,0.9067509616526878,2.8130360734717,40.33806602868782,40.26048259961888,40.46549522850553,0.1772626378180403,0.125,18.53806602949782,18.460482600428882,18.665495229315532,1.0,16,50,17,0.34,0.342,525,180,0.34285714285714286,0.0,1.0,0.3516295091839625,0.10298925571943233,0.10298925571943233,0.03531060196094823,53.24999999595011,0.34813269541610736,2.802992518703242,2.303030303030303,2.7944444444444443,0.0
181,template_deposition,C,C,none,0,1.0,template_site:index=407:site=C:neigh=2:ahead0=19.170:mode=shell,y,xz,402,221,181,0,181,2582.1638443135184,31.977996413069814,500.0,0.001,63.987803674999995,0.063987803675,-3525.5286,-3513.8044,-3525.5286,-11.724121,-11.105469,0.4352948696672198,0.063987803675,0.063987803675,10,401,407,9,9,1.2870329522341803,18.946341101635426,40.96999999773202,10.0,511.90242939999996,0.0,-3.1557505,-50.5607,40.80907164029172,0.5000000008100001,40.30907163948172,19.00907164110172,0.9352146457126465,2.828664051657654,40.406619811205374,40.27601979848602,40.804114407887674,0.23121833095610034,0.125,18.606619812015374,18.47601979929602,19.004114408697674,1.0,16,50,17,0.34,0.344,525,181,0.34476190476190477,0.0,1.0,0.35358300645720675,0.10279900448627279,0.10279900448627279,0.035441180594314996,53.24999999595011,0.34942009039306077,2.8059701492537314,2.3529411764705883,2.8011049723756907,0.0
182,template_deposition,C,C,none,0,1.0,template_site:index=406:site=C:neigh=2:ahead0=19.170:mode=shell,y,xz,403,221,182,0,182,2604.56895209064,22.405107777121216,500.0,0.001,63.987803674999995,0.063987803675,-3538.3518,-3525.5286,-3538.3518,-12.823242,-11.115967,0.9419367039935721,0.063987803675,0.063987803675,11,402,406,8,8,1.322787750369047,16.48682895600506,40.96999999773202,10.0,511.90242939999996,0.0,-3.1808007,-50.962048,40.94701198823463,0.5000000008100001,40.44701198742463,19.14701198904463,0.9655414156623497,2.844292029843608,40.430601900654295,40.302977982310246,40.84549651227054,0.25991163140622975,0.125,18.630601901464296,18.502977983120246,19.045496513080543,1.0,16,50,17,0.34,0.3441818181818182,525,181,0.34476190476190477,0.0,1.0,0.355536503730451,0.10236594451354009,0.10236594451354009,0.035486860764693894,53.24999999595011,0.3498704582700701,2.8138957816377173,2.4571428571428573,2.818681318681319,0.0
183,template_deposition,C,C,none,0,1.0,template_site:index=401:site=C:neigh=2:ahead0=19.170:mode=shell,y,xz,404,221,183,0,183,2633.0675925124974,28.498640421857427,500.0,0.001,63.987803674999995,0.063987803675,-3549.2205,-3538.3518,-3549.2205,-10.868652,-10.392334,0.999994362986456,0.063987803675,0.063987803675,10,403,401,6,6,1.1678484643514828,4.189268220174695,40.96999999773202,10.0,511.90242939999996,0.0,-3.2020326,-51.30222,40.95641925176367,0.5000000008100001,40.45641925095367,19.15641925257367,0.9919829044134528,2.8599200080295617,40.518774498583326,40.31301080107403,40.94983416729334,0.30051705491258,0.125,18.718774499393326,18.51301080188403,19.14983416810334,1.0,16,50,17,0.34,0.34618181818181815,525,182,0.3466666666666667,0.0,1.0,0.3574900010036952,0.10228838524258649,0.10228838524258649,0.035654808570273006,53.24999999595011,0.351526281705483,2.8168316831683167,2.5,2.8251366120218577,0.0
184,template_deposition,C,C,none,0,1.0,template_site:index=400:site=C:neigh=2:ahead0=19.170:mode=shell,y,xz,405,221,184,0,184,2658.08228955802,25.014697045522716,500.0,0.001,63.987803674999995,0.063987803675,-3559.4841,-3549.2205,-3559.4841,-10.263672,-9.696045,0.9999575421523671,0.063987803675,0.063987803675,9,404,400,5,5,1.417662094316672,1.729756074544329,40.96999999773202,10.0,511.90242939999996,0.0,-3.2220826,-51.623455,40.94701198823463,0.5000000008100001,40.44701198742463,19.14701198904463,1.0111533434871165,2.8755479862155156,40.596300698385974,40.56163655742239,40.93985194778259,0.30310033734542485,0.125,18.796300699195974,18.76163655823239,19.139851948592593,1.0,16,50,17,0.34,0.3481818181818182,525,183,0.3485714285714286,0.0,1.0,0.35944349827693944,0.10215380814780421,0.10215380814780421,0.035802477522278046,53.24999999595011,0.35298217278169974,2.819753086419753,2.5405405405405403,2.8315217391304346,0.0
185,template_deposition,C,C,none,0,1.0,template_site:index=409:site=C:neigh=2:ahead0=19.170:mode=shell,y,xz,406,221,185,0,185,2676.6393541292264,18.55706457120642,500.0,0.001,63.987803674999995,0.063987803675,-3569.5708,-3559.4841,-3569.5708,-10.08667,-9.254639,0.9951936013153799,0.063987803675,0.063987803675,8,405,409,4,4,1.4812771921584853,23.86536539545567,40.96999999773202,10.0,511.90242939999996,0.0,-3.241787,-51.939156,40.94701198823463,0.5000000008100001,40.44701198742463,19.14701198904463,1.0232294777004012,2.8911759644014694,40.664268236660895,40.79071993639988,40.93985194778259,0.2748796370821209,0.125,18.864268237470895,18.99071993720988,19.139851948592593,1.0,16,50,17,0.34,0.35018181818181815,525,184,0.3504761904761905,0.0,1.0,0.3613969955501837,0.10196901749984268,0.10196901749984268,0.03593193949994456,53.24999999595011,0.3542585584771005,2.8226600985221677,2.5789473684210527,2.8378378378378377,0.0
186,template_deposition,C,C,none,0,1.0,template_site:index=402:site=C:neigh=2:ahead0=19.170:mode=shell,y,xz,407,221,186,0,186,2695.9869383045584,19.347584175331956,500.0,0.001,63.987803674999995,0.063987803675,-3579.886,-3569.5708,-3579.886,-10.315186,-9.024658,0.9999999994659332,0.063987803675,0.063987803675,12,406,402,3,3,1.4220214935816788,6.648780368364573,40.96999999773202,10.0,511.90242939999996,0.0,-3.2619376,-52.262005,40.96669635987506,0.5000000008100001,40.46669635906506,19.16669636068506,1.0419672238757338,2.9068039425874233,40.684901867926015,40.83929909123793,40.96082649557054,0.2959567264307157,0.125,18.884901868736016,19.039299092047933,19.160826496380537,1.0,16,50,17,0.34,0.3521818181818182,525,185,0.3523809523809524,0.0,1.0,0.3633504928234279,0.10153173047707535,0.10153173047707535,0.03597124165473527,53.24999999595011,0.3546460445102778,2.8255528255528257,2.6153846153846154,2.8440860215053765,0.0
187,template_deposition,C,C,none,0,1.0,template_site:index=408:site=C:neigh=2:ahead0=19.170:mode=shell,y,xz,408,221,187,0,187,2722.969179231823,26.982240927264847,500.0,0.001,63.987803674999995,0.063987803675,-3589.6013,-3579.886,-3589.6013,-9.715332,-8.104736,1.0,0.063987803675,0.063987803675,12,407,408,2,2,1.2000219099016196,21.405853249825302,40.96999999773202,10.0,511.90242939999996,0.0,-3.2809165,-52.56608,41.0432195783652,0.5000000008100001,40.543219577555206,19.243219579175204,1.0625944607780509,2.922431920773377,40.78540113297727,40.92308008881261,40.989653325422104,0.28306381421950466,0.125,18.98540113378727,19.12308008962261,19.189653326232104,1.0,16,50,17,0.34,0.3541818181818182,525,186,0.35428571428571426,0.0,1.0,0.36530399009667214,0.10152620927158969,0.10152620927158969,0.03616266882626147,53.24999999595011,0.3565333546522289,2.8284313725490198,2.65,2.8502673796791442,0.0
188,template_deposition,C,C,none,0,1.0,template_site:index=405:site=C:neigh=1:ahead0=19.170:mode=shell,y,xz,409,221,188,0,188,2785.6117858490943,62.64260661727132,500.0,0.001,63.987803674999995,0.063987803675,-3598.6306,-3589.6013,-3598.6306,-9.029297,-6.5236816,1.0,0.063987803675,0.063987803675,11,408,405,1,1,1.5081782089429707,14.027316807815183,40.96999999773202,10.0,511.90242939999996,0.0,-3.2985551,-52.848682,41.0432195783652,0.5000000008100001,40.543219577555206,19.243219579175204,1.076092560985584,2.938059898959331,40.87737505140892,40.928729514415316,41.01933509898862,0.19412476818562843,0.125,19.07737505221892,19.128729515225317,19.21933509979862,1.0,17,50,18,0.36,0.358,525,188,0.3580952380952381,0.0,1.0,0.36725748736991637,0.10147539921393042,0.10147539921393042,0.03633785724232175,53.24999999595011,0.3582605643881659,2.82640586797066,2.6341463414634148,2.845744680851064,0.0
189,template_deposition,C,C,none,0,1.0,template_site:index=404:site=C:neigh=2:ahead0=19.170:mode=shell,y,xz,410,221,189,0,189,2850.8881749666753,65.27638911758082,500.0,0.001,63.987803674999995,0.063987803675,-3608.6477,-3598.6306,-3608.6477,-10.01709,-6.862793,1.0,0.063987803675,0.063987803675,12,409,404,1,1,1.1729437466062216,11.567804662184816,40.96999999773202,10.0,511.90242939999996,0.0,-3.3181236,-53.1622,41.074649212497334,0.5000000008100001,40.57464921168734,19.274649213307335,1.0919781998940385,2.953687877145285,40.97053814856608,40.962503599657545,41.05264846860484,0.0658424056012415,0.125,19.17053814937608,19.162503600467545,19.252648469414844,1.0,17,50,18,0.36,0.36,525,189,0.36,0.0,1.0,0.3692109846431606,0.10143141877976761,0.10143141877976761,0.03651531076071634,53.24999999595011,0.36001010611894985,2.8292682926829267,2.6666666666666665,2.8518518518518516,0.0
190,template_deposition,C,C,none,0,1.0,template_site:index=416:site=C:neigh=1:ahead0=20.590:mode=shell,y,xz,411,221,190,0,190,2860.201376514985,9.313201548309777,500.0,0.001,63.987803674999995,0.063987803675,-3616.3027,-3608.6477,-3616.3027,-7.6550293,-7.418213,0.7693379156592915,0.063987803675,0.063987803675,8,410,416,10,10,1.3812845616983984,16.48682895600506,42.38999999740102,10.0,511.90242939999996,0.0,-3.3330777,-53.401794,42.403702091626094,0.5000000008100001,41.9037020908161,20.603702092436095,0.49149708932483244,2.9693158553312387,41.14531943627584,40.962503599657545,41.473365076235964,0.47992493236706724,0.125,19.34531943708584,19.162503600467545,19.673365077045965,1.0,17,50,18,0.36,0.36200000000000004,525,190,0.3619047619047619,0.0,1.0,0.37116448191640483,0.10181747072150443,0.10181747072150443,0.03684822749921113,53.24999999595011,0.3632923838226692,2.827250608272506,2.409090909090909,2.8473684210526318,0.0
191,template_deposition,C,C,none,0,1.0,template_site:index=415:site=C:neigh=1:ahead0=20.590:mode=shell,y,xz,412,221,191,0,191,2871.8433532368454,11.641976721860571,500.0,0.001,63.987803674999995,0.063987803675,-3625.7605,-3616.3027,-3625.7605,-9.457764,-7.337158,0.42210897018380794,0.063987803675,0.063987803675,9,411,415,9,9,1.4394015459987584,14.027316807815183,42.38999999740102,10.0,511.90242939999996,0.0,-3.3515534,-53.697807,42.44052160511122,0.5000000008100001,41.940521604301225,20.640521605921222,0.6008931688518223,2.984943833517193,41.32147669238145,40.96981845877316,42.43106417619342,0.6440893296580129,0.125,19.521476693191453,19.169818459583162,20.631064177003424,1.0,17,50,18,0.36,0.364,525,191,0.3638095238095238,0.0,1.0,0.3731179791896491,0.10220668425754688,0.10220668425754688,0.03718376512988848,53.24999999595011,0.36660050130847216,2.8300970873786406,2.4782608695652173,2.8534031413612566,0.0
192,template_deposition,C,C,none,0,1.0,template_site:index=412:site=C:neigh=1:ahead0=20.590:mode=shell,y,xz,413,221,192,0,192,2906.876052812706,35.032699575860484,500.0,0.001,63.987803674999995,0.063987803675,-3633.3086,-3625.7605,-3633.3086,-7.5480957,-7.3320312,0.7311729467898469,0.063987803675,0.063987803675,8,412,412,8,8,1.431844438855373,6.648780368364573,42.38999999740102,10.0,511.90242939999996,0.0,-3.3662987,-53.93405,42.44052160511122,0.5000000008100001,41.940521604301225,20.640521605921222,0.673424374321191,3.000571811703147,41.50047102797774,41.00808006801823,42.43106417619342,0.7143399181712482,0.125,19.70047102878774,19.20808006882823,20.631064177003424,1.0,17,50,18,0.36,0.366,525,192,0.3657142857142857,0.0,1.0,0.37507147646289335,0.1026066199416028,0.1026066199416028,0.037524706721500455,53.24999999595011,0.369961897282367,2.828087167070218,2.4583333333333335,2.8489583333333335,0.0
193,template_deposition,C,C,none,0,1.0,template_site:index=418:site=C:neigh=1:ahead0=20.590:mode=shell,y,xz,414,221,193,0,193,2919.986655909255,13.110603096549504,500.0,0.001,63.987803674999995,0.063987803675,-3640.884,-3633.3086,-3640.884,-7.5754395,-7.254883,0.2573283923358409,0.063987803675,0.063987803675,8,413,418,7,7,1.3468364433655875,21.405853249825302,42.38999999740102,10.0,511.90242939999996,0.0,-3.381097,-54.17115,42.44052160511122,0.5000000008100001,41.940521604301225,20.640521605921222,0.7302089899232118,3.0161997898891006,41.67774670581396,41.683238696813035,42.43106417619342,0.7433936692763916,0.125,19.87774670662396,19.883238697623035,20.631064177003424,1.0,17,50,18,0.36,0.368,525,193,0.3676190476190476,0.0,1.0,0.3770249737361376,0.10299350625193761,0.10299350625193761,0.03786237467928373,53.24999999595011,0.37329101799315956,2.8260869565217392,2.44,2.844559585492228,0.0
194,template_deposition,C,C,none,0,1.0,template_site:index=411:site=C:neigh=1:ahead0=20.590:mode=shell,y,xz,415,221,194,0,194,2922.8119758289986,2.8253199197431944,500.0,0.001,63.987803674999995,0.063987803675,-3648.5493,-3640.884,-3648.5493,-7.665283,-7.274658,0.5405494916244289,0.063987803675,0.063987803675,9,414,411,6,6,1.426965884524141,4.189268220174695,42.38999999740102,10.0,511.90242939999996,0.0,-3.3960712,-54.41106,42.44052160511122,0.5000000008100001,41.940521604301225,20.640521605921222,0.7727713240608409,3.0318277680750545,41.858402106757275,42.399796750300766,42.43106417619342,0.7225069521378569,0.125,20.058402107567275,20.599796751110766,20.631064177003424,1.0,17,50,18,0.36,0.37,525,194,0.36952380952380953,0.0,1.0,0.3789784710093818,0.10339382529673853,0.10339382529673853,0.03820648020489005,53.24999999595011,0.3766836076824939,2.824096385542169,2.423076923076923,2.8402061855670104,0.0
195,template_deposition,C,C,none,0,1.0,template_site:index=414:site=C:neigh=1:ahead0=20.590:mode=shell,y,xz,416,221,195,0,195,2933.436873888061,10.62489805906246,500.0,0.001,63.987803674999995,0.063987803675,-3656.8452,-3648.5493,-3656.8452,-8.295898,-7.1555176,0.2998898642407853,0.063987803675,0.063987803675,9,415,414,5,5,1.4170652750979198,11.567804662184816,42.38999999740102,10.0,511.90242939999996,0.0,-3.4122772,-54.670708,42.444649713924115,0.5000000008100001,41.94464971311412,20.644649714734115,0.8016577895488443,3.0474557462610083,42.03357985008649,42.399796750300766,42.43230260883729,0.6532022769081232,0.125,20.23357985089649,20.599796751110766,20.63230260964729,1.0,17,50,18,0.36,0.37,525,194,0.36952380952380953,0.0,1.0,0.38093196828262604,0.10376194795331534,0.10376194795331534,0.038540152096945696,53.24999999595011,0.379973330562166,2.8221153846153846,2.4074074074074074,2.835897435897436,0.0
196,template_deposition,C,C,none,0,1.0,template_site:index=413:site=C:neigh=1:ahead0=20.590:mode=shell,y,xz,417,221,196,0,196,2933.7137306437926,0.27685675573131724,500.0,0.001,63.987803674999995,0.063987803675,-3666.421,-3656.8452,-3666.421,-9.575684,-7.2331543,0.876589171917193,0.063987803675,0.063987803675,10,416,413,4,4,1.4127347326143094,9.10829251399494,42.38999999740102,10.0,511.90242939999996,0.0,-3.4309833,-54.970413,42.456116006068754,0.5000000008100001,41.95611600525876,20.656116006878754,0.827346860059078,3.063083724446962,42.038894380606635,42.40965403931203,42.43987718185014,0.6563587934039553,0.125,20.238894381416635,20.60965404012203,20.639877182660143,1.0,17,50,18,0.36,0.37200000000000005,525,195,0.37142857142857144,0.0,1.0,0.3828854655558703,0.10325966521130936,0.10325966521130936,0.03855027501222216,53.24999999595011,0.38007313395222325,2.820143884892086,2.392857142857143,2.8316326530612246,0.0
197,template_deposition,C,C,none,0,1.0,template_site:index=417:site=C:neigh=1:ahead0=20.590:mode=shell,y,xz,418,221,197,0,197,2936.582691351123,2.868960707330239,500.0,0.001,63.987803674999995,0.063987803675,-3674.0544,-3666.421,-3674.0544,-7.633545,-7.1469727,0.9999902001048312,0.063987803675,0.063987803675,10,417,417,3,3,1.4711488971753726,18.946341101635426,42.38999999740102,10.0,511.90242939999996,0.0,-3.4458954,-55.20933,42.456116006068754,0.5000000008100001,41.95611600525876,20.656116006878754,0.8453520207031266,3.078711702632916,42.03630125548243,42.398689267634744,42.43987718185014,0.6548872590987269,0.125,20.23630125629243,20.598689268444744,20.639877182660143,1.0,17,50,18,0.36,0.374,525,196,0.37333333333333335,0.0,1.0,0.3848389628291145,0.10272234140249964,0.10272234140249964,0.03854533572627129,53.24999999595011,0.38002443676678843,2.8181818181818183,2.3793103448275863,2.8274111675126905,0.0
198,template_deposition,C,C,none,0,1.0,template_site:index=410:site=C:neigh=1:ahead0=20.590:mode=shell,y,xz,419,221,198,0,198,2943.6558042600936,7.073112908970727,500.0,0.001,63.987803674999995,0.063987803675,-3682.5864,-3674.0544,-3682.5864,-8.531982,-6.615967,0.840267088846509,0.063987803675,0.063987803675,8,418,410,2,2,1.4899976182520047,1.729756074544329,42.38999999740102,10.0,511.90242939999996,0.0,-3.4625626,-55.476368,42.456116006068754,0.5000000008100001,41.95611600525876,20.656116006878754,0.8623925772379099,3.09433968081887,42.2294667115483,42.41392415157015,42.44979320208421,0.5017560494284419,0.125,20.4294667123583,20.61392415238015,20.64979320289421,1.0,17,50,18,0.36,0.374,525,196,0.37333333333333335,0.0,1.0,0.38679246010235874,0.1031791248098904,0.1031791248098904,0.03891326992830152,53.24999999595011,0.3836519570687708,2.821002386634845,2.433333333333333,2.8333333333333335,0.0
199,template_deposition,C,C,none,0,1.0,template_site:index=419:site=C:neigh=1:ahead0=20.590:mode=shell,y,xz,420,221,199,0,199,2960.172084017056,16.516279756962454,500.0,0.001,63.987803674999995,0.063987803675,-3689.7705,-3682.5864,-3689.7705,-7.184082,-6.5446777,1.0,0.063987803675,0.063987803675,8,419,419,1,1,1.4866091579475817,23.86536539545567,42.38999999740102,10.0,511.90242939999996,0.0,-3.4765968,-55.70122,42.456116006068754,0.5000000008100001,41.95611600525876,20.656116006878754,0.8765058202556455,3.1099676590048237,42.41625887690243,42.41317048184236,42.44979320208421,0.026920600784010082,0.125,20.616258877712433,20.613170482652357,20.64979320289421,1.0,17,50,18,0.36,0.376,525,197,0.37523809523809526,0.0,1.0,0.38874595737560297,0.10359929084277604,0.10359929084277604,0.039269064528976064,53.24999999595011,0.38715979116019505,2.8190476190476192,2.4193548387096775,2.829145728643216,0.0
200,template_deposition,C,C,none,0,1.0,template_site:index=429:site=C:neigh=2:ahead0=21.300:mode=shell,y,xz,421,221,200,0,200,2992.078435158018,31.906351140961775,500.0,0.001,63.987803674999995,0.063987803675,-3703.3186,-3689.7705,-3703.3186,-13.548096,-10.923828,0.657375627855393,0.063987803675,0.063987803675,9,420,429,9,9,1.3814686374356882,22.635609322640487,43.099999997570016,10.0,511.90242939999996,0.0,-3.503063,-56.125256,42.860173467460136,0.5000000008100001,42.36017346665014,21.060173468270136,0.9101179449147582,3.1255956371907776,42.471237618390475,42.4194575569427,42.57733324448617,0.14938955639489326,0.125,20.671237619200475,20.619457557752703,20.77733324529617,1.0,17,50,18,0.36,0.3758181818181818,525,197,0.37523809523809526,0.0,1.0,0.3906994546488472,0.10335618809600237,0.10335618809600237,0.03937378594133424,53.24999999595011,0.388192255789157,2.826603325415677,2.53125,2.845,0.0
201,template_deposition,C,C,none,0,1.0,template_site:index=424:site=C:neigh=2:ahead0=21.300:mode=shell,y,xz,422,221,201,0,201,2996.7653313751084,4.686896217090694,500.0,0.001,63.987803674999995,0.063987803675,-3713.5674,-3703.3186,-3713.5674,-10.248779,-9.534912,0.9999997666190578,0.063987803675,0.063987803675,8,421,424,7,7,1.1670929982079095,10.338048586810121,43.099999997570016,10.0,511.90242939999996,0.0,-3.523084,-56.44603,43.13078378829426,0.5000000008100001,42.63078378748426,21.33078378910426,0.952231389494885,3.1412236153767314,42.55549833389084,42.41916652783139,42.94135656371037,0.263760404012077,0.125,20.75549833470084,20.619166528641394,21.141356564520372,1.0,17,50,18,0.36,0.37763636363636366,525,198,0.37714285714285717,0.0,1.0,0.39265295192209143,0.1032611857447803,0.1032611857447803,0.03953428254228731,53.24999999595011,0.38977461664374424,2.829383886255924,2.5757575757575757,2.8507462686567164,0.0
202,template_deposition,C,C,none,0,1.0,template_site:index=421:site=C:neigh=1:ahead0=21.300:mode=shell,y,xz,423,221,202,0,202,3025.090945355612,28.325613980503284,500.0,0.001,63.987803674999995,0.063987803675,-3724.384,-3713.5674,-3724.384,-10.81665,-8.871826,0.9999999998674944,0.063987803675,0.063987803675,9,422,421,6,6,1.326758524085104,2.959512147359512,43.099999997570016,10.0,511.90242939999996,0.0,-3.5442142,-56.784573,43.13078378829426,0.5000000008100001,42.63078378748426,21.33078378910426,0.9849003007194542,3.1568515935626857,42.63555453647955,42.42600342765269,43.08514644861171,0.3056301926695843,0.125,20.835554537289553,20.62600342846269,21.28514644942171,1.0,17,50,18,0.36,0.37945454545454543,525,199,0.379047619047619,0.0,1.0,0.3946064491953357,0.10314630959054234,0.10314630959054234,0.0396867705472182,53.24999999595011,0.39127801950937435,2.8321513002364065,2.6176470588235294,2.8564356435643563,0.0
203,template_deposition,C,C,none,0,1.0,template_site:index=423:site=C:neigh=1:ahead0=21.300:mode=shell,y,xz,424,221,203,0,203,3027.792145029404,2.701199673791769,500.0,0.001,63.987803674999995,0.063987803675,-3733.883,-3724.384,-3733.883,-9.499023,-6.7246094,0.9775494694592675,0.063987803675,0.063987803675,11,423,423,5,5,1.5198153550615787,7.878536441179756,43.099999997570016,10.0,511.90242939999996,0.0,-3.5627706,-57.08188,43.17166306066459,0.5000000008100001,42.671663059854595,21.371663061474592,1.0150393442870296,3.1724795717486396,42.721796252891984,42.661431614561124,43.09741023032281,0.32291214689865433,0.125,20.921796253701984,20.861431615371124,21.297410231132808,1.0,17,50,18,0.36,0.38327272727272726,525,201,0.38285714285714284,0.0,1.0,0.39655994646857995,0.1030630357325221,0.1030630357325221,0.039851040483241874,53.24999999595011,0.39289758225902677,2.8349056603773586,2.657142857142857,2.8620689655172415,0.0
204,template_deposition,C,C,none,0,1.0,template_site:index=425:site=C:neigh=1:ahead0=21.300:mode=shell,y,xz,425,221,204,0,204,3034.0381322306785,6.245987201274736,500.0,0.001,63.987803674999995,0.063987803675,-3742.2366,-3733.883,-3742.2366,-8.353516,-5.930664,0.7403624791473343,0.063987803675,0.063987803675,11,424,425,5,5,1.53545963044142,12.797560735,43.099999997570016,10.0,511.90242939999996,0.0,-3.5790892,-57.34333,43.139791717213384,0.5000000008100001,42.63979171640339,21.339791718023385,1.041329346640542,3.1881075499345934,42.80643654080593,42.94927251001625,43.10436182365739,0.30965483392803805,0.125,21.006436541615933,21.14927251082625,21.304361824467392,1.0,18,50,19,0.38,0.3870909090909091,525,203,0.38666666666666666,0.0,1.0,0.3985134437418242,0.10297272814517615,0.10297272814517615,0.04001226007926845,53.24999999595011,0.3944870712340575,2.8376470588235296,2.6944444444444446,2.8676470588235294,0.0
205,template_deposition,C,C,none,0,1.0,template_site:index=430:site=C:neigh=1:ahead0=21.300:mode=shell,y,xz,426,221,205,0,205,3056.1976371009323,22.15950487025406,500.0,0.001,63.987803674999995,0.063987803675,-3748.6377,-3742.2366,-3748.6377,-6.401123,-5.5490723,0.9999995792817602,0.063987803675,0.063987803675,6,425,430,3,3,1.6240100284502543,25.095121470830364,43.099999997570016,10.0,511.90242939999996,0.0,-3.5915937,-57.54368,43.139791717213384,0.5000000008100001,42.63979171640339,21.339791718023385,1.0629865958789657,3.2037355281205473,42.897623755393205,43.051979570660066,43.10436182365739,0.2791138567368018,0.125,21.097623756203205,21.251979571470066,21.304361824467392,1.0,18,50,19,0.38,0.3889090909090909,525,204,0.38857142857142857,0.0,1.0,0.4004669410150684,0.10291523783513759,0.10291523783513759,0.04018595001181563,53.24999999595011,0.3961995071888783,2.835680751173709,2.675675675675676,2.8634146341463413,0.0
206,template_deposition,C,C,none,0,1.0,template_site:index=420:site=C:neigh=1:ahead0=21.300:mode=shell,y,xz,427,221,206,0,206,3068.351808771864,12.154171670931774,500.0,0.001,63.987803674999995,0.063987803675,-3755.4292,-3748.6377,-3755.4292,-6.791504,-4.91626,1.0,0.063987803675,0.063987803675,6,426,420,2,2,1.728787573802941,0.49999999916963384,43.099999997570016,10.0,511.90242939999996,0.0,-3.6048608,-57.756237,43.139791717213384,0.5000000008100001,42.63979171640339,21.339791718023385,1.07676022237361,3.219363506306501,42.96362970963543,43.051767062995495,43.10436182365739,0.2257823563808968,0.125,21.163629710445427,21.251767063805495,21.304361824467392,1.0,18,50,19,0.38,0.3907272727272727,525,205,0.3904761904761905,0.0,1.0,0.40242043828831264,0.10273606655556032,0.10273606655556032,0.040311675638943674,53.24999999595011,0.39743905562544624,2.8337236533957846,2.6578947368421053,2.8592233009708736,0.0
207,template_deposition,C,C,none,0,1.0,template_site:index=422:site=C:neigh=2:ahead0=21.300:mode=shell,y,xz,428,221,207,0,207,3080.976553066753,12.624744294888952,500.0,0.001,63.987803674999995,0.063987803675,-3763.8616,-3755.4292,-3763.8616,-8.432373,-0.515625,1.0,0.063987803675,0.063987803675,12,427,422,1,1,1.059037277682999,5.419024292989877,43.099999997570016,10.0,511.90242939999996,0.0,-3.6213334,-58.020157,43.25116069412793,0.5000000008100001,42.751160693317935,21.451160694937933,1.0818969241580354,3.234991484492455,43.002120994998606,43.08182007181851,43.17320241028775,0.2468165546559872,0.125,21.202120995808606,21.281820072628513,21.37320241109775,1.0,18,50,19,0.38,0.39254545454545453,525,206,0.3923809523809524,0.0,1.0,0.4043739355615569,0.10242570529376138,0.10242570529376138,0.040384992372968775,53.24999999595011,0.3981618966651853,2.8317757009345796,2.6486486486486487,2.8550724637681157,0.0
208,template_deposition,C,C,none,0,1.0,template_site:index=441:site=C:neigh=1:ahead0=22.720:mode=shell,y,xz,429,221,208,0,208,3081.5854621008707,0.6089090341179344,500.0,0.001,63.987803674999995,0.063987803675,-3772.1643,-3763.8616,-3772.1643,-8.302734,-7.486084,0.33025522474698815,0.063987803675,0.063987803675,5,428,441,8,8,1.4465214728623128,25.095121470830364,44.51999999723902,10.0,511.90242939999996,0.0,-3.6375527,-58.28002,44.4638369581334,0.5000000008100001,43.9638369573234,22.6638369589434,0.5069496959730005,3.250619462678409,43.17665801703022,43.087740567920434,43.614963573329575,0.5446389267118579,0.125,21.37665801784022,21.287740568730435,21.814963574139576,1.0,18,50,19,0.38,0.39436363636363636,525,207,0.3942857142857143,0.0,1.0,0.4063274328348011,0.10277239431653952,0.10277239431653952,0.04071744384350518,53.24999999595011,0.4014395872200189,2.8298368298368297,2.3157894736842106,2.8509615384615383,0.0
209,template_deposition,C,C,none,0,1.0,template_site:index=436:site=C:neigh=1:ahead0=22.720:mode=shell,y,xz,430,221,209,0,209,3091.011826372764,9.426364271893481,500.0,0.001,63.987803674999995,0.063987803675,-3780.617,-3772.1643,-3780.617,-8.452637,-7.4855957,0.4903151055601,0.063987803675,0.063987803675,8,429,436,7,7,1.4322988697726935,12.797560735,44.51999999723902,10.0,511.90242939999996,0.0,-3.6540651,-58.54458,44.505470333385915,0.5000000008100001,44.00547033257592,22.705470334195915,0.6178545934638009,3.2662474408643627,43.17889098631382,43.09706017420369,44.47632697070915,1.0094772054186174,0.125,21.378890987123818,21.29706017501369,22.676326971519153,1.0,18,50,19,0.38,0.3961818181818182,525,208,0.3961904761904762,0.0,1.0,0.40828093010804534,0.10229134443599913,0.10229134443599913,0.04072169711833108,53.24999999595011,0.40148152091548867,2.827906976744186,2.3,2.84688995215311,0.0
210,template_deposition,C,C,none,0,1.0,template_site:index=435:site=C:neigh=1:ahead0=22.720:mode=shell,y,xz,431,221,210,0,210,3091.5578126514965,0.5459862787324846,500.0,0.001,63.987803674999995,0.063987803675,-3788.4834,-3780.617,-3788.4834,-7.866455,-7.3566895,0.10216900779486385,0.063987803675,0.063987803675,9,430,435,6,6,1.4136672507398085,10.338048586810121,44.51999999723902,10.0,511.90242939999996,0.0,-3.6694322,-58.790787,44.52103455264688,0.5000000008100001,44.021034551836884,22.72103455345688,0.6955639695306242,3.2818754190503165,43.183363508978104,43.10716815523034,44.48099623648744,1.0119476544088728,0.125,21.383363509788104,21.30716815604034,22.680996237297443,1.0,18,50,19,0.38,0.39799999999999996,525,209,0.3980952380952381,0.0,1.0,0.41023442738128957,0.1018255405228005,0.1018255405228005,0.0407302162091202,53.24999999595011,0.40156551195144413,2.8259860788863107,2.2857142857142856,2.842857142857143,0.0
211,template_deposition,C,C,none,0,1.0,template_site:index=431:site=C:neigh=1:ahead0=22.720:mode=shell,y,xz,432,221,211,0,211,3107.673159893635,16.115347242138323,500.0,0.001,63.987803674999995,0.063987803675,-3796.8948,-3788.4834,-3796.8948,-8.411377,-7.4506836,0.9955049787021002,0.063987803675,0.063987803675,5,431,431,5,5,1.4626714509521108,0.49999999916963384,44.51999999723902,10.0,511.90242939999996,0.0,-3.6858637,-59.05405,44.52103455264688,0.5000000008100001,44.021034551836884,22.72103455345688,0.7486792298911686,3.2975033972362704,43.35761357845472,43.194614746625525,44.48099623648744,1.0933373769267032,0.125,21.557613579264718,21.394614747435526,22.680996237297443,1.0,18,50,19,0.38,0.39981818181818185,525,210,0.4,0.0,1.0,0.4121879246545338,0.10216878473585174,0.10216878473585174,0.04106212110336137,53.24999999595011,0.4048378137259017,2.824074074074074,2.272727272727273,2.838862559241706,0.0
212,template_deposition,C,C,none,0,1.0,template_site:index=432:site=C:neigh=1:ahead0=22.720:mode=shell,y,xz,433,221,212,0,212,3122.727788474166,15.054628580531247,500.0,0.001,63.987803674999995,0.063987803675,-3804.939,-3796.8948,-3804.939,-8.044189,-7.1518555,0.24189903903011334,0.063987803675,0.063987803675,9,432,432,4,4,1.5140677081383842,2.959512147359512,44.51999999723902,10.0,511.90242939999996,0.0,-3.701578,-59.305817,44.52103455264688,0.5000000008100001,44.021034551836884,22.72103455345688,0.789051042473331,3.3131313754222242,43.35139258309764,43.15658825846562,44.49612406568038,1.097916146392829,0.125,21.551392583907642,21.356588259275618,22.696124066490377,1.0,18,50,19,0.38,0.4016363636363636,525,211,0.40190476190476193,0.0,1.0,0.41414142192777803,0.10165751218824359,0.10165751218824359,0.04105027158839551,53.24999999595011,0.4047209875220041,2.8221709006928406,2.260869565217391,2.8349056603773586,0.0
213,template_deposition,C,C,none,0,1.0,template_site:index=433:site=C:neigh=1:ahead0=22.720:mode=shell,y,xz,434,221,213,0,213,3133.474123739627,10.746335265460814,500.0,0.001,63.987803674999995,0.063987803675,-3812.7417,-3804.939,-3812.7417,-7.8027344,-7.2092285,0.4830077346495015,0.063987803675,0.063987803675,9,433,433,3,3,1.3452213547945078,5.419024292989877,44.51999999723902,10.0,511.90242939999996,0.0,-3.7168207,-59.550034,44.557089911899496,0.5000000008100001,44.0570899110895,22.757089912709496,0.8263923591166505,3.328759353608178,43.52969130982658,43.80095287862826,44.53185116042267,1.1650194889425394,0.125,21.729691310636582,22.00095287943826,22.73185116123267,1.0,18,50,19,0.38,0.40345454545454545,525,212,0.4038095238095238,0.0,1.0,0.41609491920102226,0.10201733009688536,0.10201733009688536,0.041389888210736345,53.24999999595011,0.40806932041857685,2.8202764976958523,2.25,2.8309859154929575,0.0
214,template_deposition,C,C,none,0,1.0,template_site:index=434:site=C:neigh=1:ahead0=22.720:mode=shell,y,xz,435,221,214,0,214,3144.159292375144,10.685168635517167,500.0,0.001,63.987803674999995,0.063987803675,-3820.3462,-3812.7417,-3820.3462,-7.604492,-7.081787,0.9999994662396603,0.063987803675,0.063987803675,10,434,434,2,2,1.4272184278073894,7.878536441179756,44.51999999723902,10.0,511.90242939999996,0.0,-3.731676,-59.788044,44.5648964691501,0.5000000008100001,44.0648964683401,22.7648964699601,0.8542533653999738,3.3443873317941324,43.71235677241464,44.48704937220329,44.54540508774557,1.1967921067707055,0.125,21.912356773224637,22.687049373013288,22.74540508855557,1.0,18,50,19,0.38,0.4052727272727273,525,213,0.4057142857142857,0.0,1.0,0.41804841647426655,0.10239419052908709,0.10239419052908709,0.04173782242518979,53.24999999595011,0.41149965774443503,2.8183908045977013,2.24,2.8271028037383177,0.0
215,template_deposition,C,C,none,0,1.0,template_site:index=440:site=C:neigh=1:ahead0=22.720:mode=shell,y,xz,436,221,215,0,215,3164.962747753546,20.80345537840198,500.0,0.001,63.987803674999995,0.063987803675,-3827.9172,-3820.3462,-3827.9172,-7.571045,-6.4592285,1.0,0.063987803675,0.063987803675,9,435,440,1,1,1.612746732484989,22.635609322640487,44.51999999723902,10.0,511.90242939999996,0.0,-3.746466,-60.025,44.5648964691501,0.5000000008100001,44.0648964683401,22.7648964699601,0.8727965339879755,3.3600153099800862,43.733844010344704,44.48839216738877,44.54540508774557,1.1843812272745695,0.125,21.933844011154704,22.688392168198767,22.74540508855557,1.0,18,50,19,0.38,0.40709090909090906,525,214,0.4076190476190476,0.0,1.0,0.4200019137475108,0.1020178791216498,0.1020178791216498,0.04177875049743753,53.24999999595011,0.4119031739497252,2.81651376146789,2.230769230769231,2.8232558139534882,0.0
216,template_deposition,C,C,none,0,1.0,template_site:index=443:site=C:neigh=2:ahead0=23.430:mode=shell,y,xz,437,221,216,0,216,3179.30162955286,14.338881799314144,500.0,0.001,63.987803674999995,0.063987803675,-3839.4941,-3827.9172,-3839.4941,-11.576904,-11.013428,0.8956053527051397,0.063987803675,0.063987803675,11,436,443,8,8,1.2822132982510115,4.189268220174695,45.22999999740802,10.0,511.90242939999996,0.0,-3.7690814,-60.38734,45.09905404370713,0.5000000008100001,44.59905404289713,23.299054044517128,0.9259442916593159,3.37564328816604,43.80856570247735,44.50178709353828,44.71771856404578,1.2476260939117085,0.125,22.008565703287353,22.701787094348283,22.917718564855782,1.0,18,50,19,0.38,0.40909090909090906,525,215,0.4095238095238095,0.0,1.0,0.421955411020755,0.1018915078855896,0.1018915078855896,0.04192107753007115,53.24999999595011,0.41330639821523374,2.8192219679633865,2.2962962962962963,2.8287037037037037,0.0
217,template_deposition,C,C,none,0,1.0,template_site:index=444:site=C:neigh=2:ahead0=23.430:mode=shell,y,xz,438,221,217,0,217,3238.6019949403094,59.30036538744931,500.0,0.001,63.987803674999995,0.063987803675,-3851.798,-3839.4941,-3851.798,-12.303955,-11.067139,0.9931725285528386,0.063987803675,0.063987803675,11,437,444,7,7,1.2990591564832037,6.648780368364573,45.22999999740802,10.0,511.90242939999996,0.0,-3.7931173,-60.77244,45.19704320324966,0.5000000008100001,44.697043202439666,23.397043204059663,0.9764930403546093,3.391271266351994,43.89361907109687,44.48571717723133,45.17638245112407,1.3183360674396527,0.125,22.093619071906872,22.68571717804133,23.37638245193407,1.0,18,50,19,0.38,0.40927272727272723,525,215,0.4095238095238095,0.0,1.0,0.42390890829399924,0.10181391277376439,0.10181391277376439,0.04208308394648928,53.24999999595011,0.4149036445744072,2.8219178082191783,2.357142857142857,2.834101382488479,0.0
218,template_deposition,C,C,none,0,1.0,template_site:index=451:site=C:neigh=2:ahead0=23.430:mode=shell,y,xz,439,221,218,0,218,3261.380311848466,22.77831690815655,500.0,0.001,63.987803674999995,0.063987803675,-3861.7126,-3851.798,-3861.7126,-9.914551,-9.493408,0.999999979354262,0.063987803675,0.063987803675,6,438,451,5,5,1.46669021610454,23.86536539545567,45.22999999740802,10.0,511.90242939999996,0.0,-3.8124852,-61.08275,45.19704320324966,0.5000000008100001,44.697043202439666,23.397043204059663,1.0073122713749902,3.406899244537948,43.97400578670458,44.52960043936032,45.17638245112407,1.35781452438473,0.125,22.17400578751458,22.729600440170323,23.37638245193407,1.0,18,50,19,0.38,0.41127272727272723,525,216,0.4114285714285714,0.0,1.0,0.4258624055672435,0.10171562287850724,0.10171562287850724,0.04223620150002777,53.24999999595011,0.4164132542572959,2.8246013667425967,2.413793103448276,2.8394495412844036,0.0
219,template_deposition,C,C,none,0,1.0,template_site:index=442:site=C:neigh=2:ahead0=23.430:mode=shell,y,xz,440,221,219,0,219,3271.326091518945,9.945779670478593,500.0,0.001,63.987803674999995,0.063987803675,-3871.0413,-3861.7126,-3871.0413,-9.328613,-8.731201,1.0,0.063987803675,0.063987803675,9,439,442,4,4,1.4785462583522322,1.729756074544329,45.22999999740802,10.0,511.90242939999996,0.0,-3.8307087,-61.37472,45.21008630738045,0.5000000008100001,44.71008630657045,23.41008630819045,1.039882314689246,3.4225272227239016,44.058146319860086,44.77471272333783,45.2009561344889,1.4109160233885767,0.125,22.258146320670086,22.974712724147828,23.400956135298898,1.0,18,50,19,0.38,0.4132727272727273,525,217,0.41333333333333333,0.0,1.0,0.4278159028404877,0.10163537132726067,0.10163537132726067,0.04239646918222874,53.24999999595011,0.4179933581664397,2.827272727272727,2.466666666666667,2.8447488584474887,0.0
220,template_deposition,C,C,none,0,1.0,template_site:index=445:site=C:neigh=1:ahead0=23.430:mode=shell,y,xz,441,221,220,0,220,3277.8780290721743,6.55193755322952,500.0,0.001,63.987803674999995,0.063987803675,-3881.2517,-3871.0413,-3881.2517,-10.210449,-7.0856934,0.9988019471340523,0.063987803675,0.063987803675,11,440,445,3,3,1.5040248462519865,9.10829251399494,45.22999999740802,10.0,511.90242939999996,0.0,-3.8506548,-61.694294,45.25277531435511,0.5000000008100001,44.752775313545115,23.452775315165113,1.0665448040516055,3.4381552009098555,44.076419181776615,44.81993811545122,45.22289300947285,1.4204689043412364,0.125,22.276419182586615,23.019938116261223,23.42289301028285,1.0,18,50,19,0.38,0.417090909090909,525,219,0.41714285714285715,0.0,1.0,0.42976940011373194,0.10125645082993916,0.10125645082993916,0.042431274633498314,53.24999999595011,0.4183365105029264,2.8299319727891157,2.5161290322580645,2.85,0.0
221,template_deposition,C,C,none,0,1.0,template_site:index=450:site=C:neigh=1:ahead0=23.430:mode=shell,y,xz,442,221,221,0,221,3279.8919629954903,2.0139339233158724,500.0,0.001,63.987803674999995,0.063987803675,-3887.9495,-3881.2517,-3887.9495,-6.697754,-6.224365,0.9982595806025606,0.063987803675,0.063987803675,9,441,450,3,3,1.3809035522846018,21.405853249825302,45.22999999740802,10.0,511.90242939999996,0.0,-3.8637388,-61.90392,45.26858403480113,0.5000000008100001,44.76858403399113,23.46858403561113,1.0924825488114738,3.4537831790958093,44.34633089499251,45.14126048073231,45.257517930488916,1.4252490629017758,0.125,22.546330895802512,23.341260481542314,23.457517931298916,1.0,18,50,19,0.38,0.41909090909090907,525,220,0.41904761904761906,0.0,1.0,0.43172289738697617,0.10201959681358602,0.10201959681358602,0.042945392182480974,53.24999999595011,0.4234052750707466,2.828054298642534,2.5,2.8461538461538463,0.0
222,template_deposition,C,C,none,0,1.0,template_site:index=439:site=C:neigh=1:ahead0=22.720:mode=shell,y,xz,443,221,222,0,222,3297.4022471818116,17.51028418632121,500.0,0.001,63.987803674999995,0.063987803675,-3896.343,-3887.9495,-3896.343,-8.393555,-7.7941895,1.0,0.063987803675,0.063987803675,9,442,439,1,1,1.3840022905504568,20.17609717701012,44.51999999723902,10.0,511.90242939999996,0.0,-3.8801355,-62.166626,45.25277531435511,0.5000000008100001,44.752775313545115,23.452775315165113,1.0834296790150248,3.469411157281763,44.340766032341904,45.13295766473799,45.22289300947285,1.4088557531796395,0.125,22.540766033151904,23.332957665547987,23.42289301028285,1.0,18,50,19,0.38,0.42090909090909095,525,221,0.42095238095238097,0.0,1.0,0.4336763946602204,0.10153498213131489,0.10153498213131489,0.04293479244409886,53.24999999595011,0.4233007706078164,2.8261851015801356,2.484848484848485,2.8423423423423424,0.0
223,template_deposition,C,C,none,0,1.0,template_site:index=449:site=C:neigh=1:ahead0=23.430:mode=shell,y,xz,444,221,223,0,223,3327.106429886546,29.704182704734112,500.0,0.001,63.987803674999995,0.063987803675,-3904.1006,-3896.343,-3904.1006,-7.7575684,-7.2922363,0.99999999999997,0.063987803675,0.063987803675,6,443,449,3,3,1.3448280072112737,18.946341101635426,45.22999999740802,10.0,511.90242939999996,0.0,-3.89529,-62.409428,45.25277531435511,0.5000000008100001,44.752775313545115,23.452775315165113,1.097313144776267,3.485039135467717,44.84227760658521,45.13800625608098,45.22289300947285,0.6725371401402642,0.125,23.042277607395214,23.338006256890978,23.42289301028285,1.0,18,50,19,0.38,0.42290909090909096,525,222,0.4228571428571429,0.0,1.0,0.43562989193346463,0.10332859913630141,0.10332859913630141,0.04389005258551469,53.24999999595011,0.43271882834080144,2.824324324324324,2.4705882352941178,2.8385650224215246,0.0
224,template_deposition,C,C,none,0,1.0,template_site:index=438:site=C:neigh=1:ahead0=22.720:mode=shell,y,xz,445,221,224,0,224,3334.0025772343643,6.896147347818531,500.0,0.001,63.987803674999995,0.063987803675,-3912.692,-3904.1006,-3912.692,-8.591309,-7.915039,1.0,0.063987803675,0.063987803675,9,444,438,1,1,1.2395073784539397,17.716585028820244,44.51999999723902,10.0,511.90242939999996,0.0,-3.9120731,-62.67832,45.25277531435511,0.5000000008100001,44.752775313545115,23.452775315165113,1.0883710194977458,3.500667113653671,44.83479111504865,45.108060289934755,45.22289300947285,0.6693917794082643,0.125,23.034791115858653,23.308060290744756,23.42289301028285,1.0,20,50,18,0.36,0.42272727272727273,525,222,0.4228571428571429,0.0,1.0,0.43758338920670886,0.10283388891008327,0.10283388891008327,0.04387579260163553,53.24999999595011,0.4325782369504328,2.8224719101123594,2.4571428571428573,2.8348214285714284,0.0
225,template_deposition,C,C,none,0,1.0,template_site:index=427:site=C:neigh=1:ahead0=21.300:mode=shell,y,xz,446,221,225,0,225,3336.8152516119417,2.812674377577375,500.0,0.001,63.987803674999995,0.063987803675,-3923.6113,-3912.692,-3923.6113,-10.919434,-8.555664,1.0,0.063987803675,0.063987803675,13,445,427,1,1,1.4004634519840142,17.716585028820244,43.099999997570016,10.0,511.90242939999996,0.0,-3.9334042,-63.020084,45.25277531435511,0.5000000008100001,44.752775313545115,23.452775315165113,1.0814587762573529,3.516295091839625,44.83311017047454,45.10152115039251,45.22289300947285,0.6687549890754567,0.125,23.03311017128454,23.301521151202508,23.42289301028285,1.0,18,50,19,0.38,0.42672727272727273,525,224,0.4266666666666667,0.0,1.0,0.43953688647995315,0.1023693785390424,0.1023693785390424,0.043872590802446744,53.24999999595011,0.43254666991617474,2.820627802690583,2.4444444444444446,2.831111111111111,0.0
226,template_deposition,C,C,none,0,1.0,template_site:index=426:site=C:neigh=2:ahead0=21.300:mode=shell,y,xz,447,221,226,0,226,3344.102252382939,7.287000770996886,500.0,0.001,63.987803674999995,0.063987803675,-3933.3477,-3923.6113,-3933.3477,-9.736328,-4.100342,1.0,0.063987803675,0.063987803675,13,446,426,2,2,1.1122054408475537,15.257072883189878,43.099999997570016,10.0,511.90242939999996,0.0,-3.952424,-63.324818,45.25277531435511,0.5000000008100001,44.752775313545115,23.452775315165113,1.0695182574528097,3.531923070025579,44.84269955208855,45.10152115039251,45.22289300947285,0.6444905988209992,0.125,23.042699552898547,23.301521151202508,23.42289301028285,1.0,19,50,20,0.4,0.42854545454545456,525,225,0.42857142857142855,0.0,1.0,0.4414903837531974,0.10195884757919711,0.10195884757919711,0.043890856291235326,53.24999999595011,0.43272675220001955,2.8277404921700224,2.5405405405405403,2.8451327433628317,0.0
227,template_deposition,C,C,none,0,1.0,template_site:index=428:site=C:neigh=2:ahead0=21.300:mode=shell,y,xz,448,221,227,0,227,3347.3526432790154,3.2503908960765173,500.0,0.001,63.987803674999995,0.063987803675,-3945.0144,-3933.3477,-3945.0144,-11.666748,-1.0834961,1.0,0.063987803675,0.063987803675,17,447,428,1,1,1.0211913271047424,20.17609717701012,43.099999997570016,10.0,511.90242939999996,0.0,-3.975215,-63.68997,45.25277531435511,0.5000000008100001,44.752775313545115,23.452775315165113,1.0563414036067666,3.547551048211533,44.85670225139317,45.154713051863695,45.22289300947285,0.6506624318859299,0.125,23.056702252203173,23.354713052673695,23.42289301028285,1.0,20,50,21,0.42,0.43218181818181817,525,227,0.43238095238095237,0.0,1.0,0.4434438810264416,0.1015713755603664,0.1015713755603664,0.04391752809943462,53.24999999595011,0.4329897136893283,2.8348214285714284,2.6315789473684212,2.859030837004405,0.0
228,template_deposition,C,C,none,0,1.0,template_site:index=437:site=C:neigh=1:ahead0=22.720:mode=shell,y,xz,449,221,228,0,228,3357.4596771556526,10.107033876637278,500.0,0.001,63.987803674999995,0.063987803675,-3953.4114,-3945.0144,-3953.4114,-8.396973,-6.9663086,1.0,0.063987803675,0.063987803675,11,448,437,1,1,1.3053263498775314,15.257072883189878,44.51999999723902,10.0,511.90242939999996,0.0,-3.9916184,-63.952778,45.25277531435511,0.5000000008100001,44.752775313545115,23.452775315165113,1.0570503021795439,3.5631790263974867,45.0401730937144,45.18432157057964,45.22289300947285,0.25283314498788534,0.125,23.2401730945244,23.38432157138964,23.42289301028285,1.0,20,50,21,0.42,0.434,525,228,0.4342857142857143,0.0,1.0,0.44539737829968584,0.10193058374791404,0.10193058374791404,0.04426699637052267,53.24999999595011,0.43643517551721905,2.8329621380846324,2.6153846153846154,2.8552631578947367,0.0
229,template_deposition,C,C,none,0,1.0,template_site:index=448:site=C:neigh=2:ahead0=23.430:mode=shell,y,xz,450,221,229,0,229,3360.2789377797453,2.8192606240927636,500.0,0.001,63.987803674999995,0.063987803675,-3964.9941,-3953.4114,-3964.9941,-11.582764,-10.020264,0.9999999999999953,0.063987803675,0.063987803675,10,449,448,2,2,1.2773276800336595,16.48682895600506,45.22999999740802,10.0,511.90242939999996,0.0,-4.014245,-64.3153,45.29630257981783,0.5000000008100001,44.79630257900783,23.496302580627827,1.0646160462208778,3.5788070045834406,45.04414776412688,45.18748913068937,45.265833493993924,0.2806364781389845,0.125,23.244147764936884,23.387489131499372,23.465833494803924,1.0,20,50,21,0.42,0.436,525,229,0.4361904761904762,0.0,1.0,0.4473508755729301,0.10150282866784666,0.10150282866784666,0.04427456717130835,53.24999999595011,0.43650981721511173,2.8355555555555556,2.65,2.8602620087336246,0.0
230,template_deposition,C,C,none,0,1.0,template_site:index=447:site=C:neigh=1:ahead0=23.430:mode=shell,y,xz,451,221,230,0,230,3363.258651297817,2.979713518071753,500.0,0.001,63.987803674999995,0.063987803675,-3974.857,-3964.9941,-3974.857,-9.862793,-7.296631,1.0,0.063987803675,0.063987803675,11,450,447,1,1,1.481716346312118,14.027316807815183,45.22999999740802,10.0,511.90242939999996,0.0,-4.033512,-64.62399,45.29630257981783,0.5000000008100001,44.79630257900783,23.496302580627827,1.0784549940606674,3.5944349827693944,45.12812767995912,45.18748913068937,45.265833493993924,0.19558465084935858,0.125,23.32812768076912,23.387489131499372,23.465833494803924,1.0,21,50,22,0.44,0.43799999999999994,525,230,0.4380952380952381,0.0,1.0,0.4493043728461743,0.10142664209030053,0.10142664209030053,0.044434528915750705,53.24999999595011,0.4380869048364944,2.83370288248337,2.6341463414634148,2.856521739130435,0.0
231,template_deposition,C,C,none,0,1.0,template_site:index=446:site=C:neigh=2:ahead0=23.430:mode=shell,y,xz,452,221,231,0,231,3365.03022923132,1.7715779335028499,500.0,0.001,63.987803674999995,0.063987803675,-3984.2737,-3974.857,-3984.2737,-9.416748,-3.8603516,1.0,0.063987803675,0.063987803675,12,451,446,1,1,1.088137608200124,11.567804662184816,45.22999999740802,10.0,511.90242939999996,0.0,-4.051908,-64.918724,45.376990555310854,0.5000000008100001,44.87699055450086,23.576990556120855,1.095136610656023,3.6100629609553483,45.22507172960259,45.20923333508925,45.32050897246573,0.0813955204004861,0.125,23.42507173041259,23.409233335899252,23.52050897327573,1.0,21,50,22,0.44,0.44,525,231,0.44,0.0,1.0,0.45125787011941854,0.10140723692819303,0.10140723692819303,0.044619184248404935,53.24999999595011,0.43990745036984347,2.836283185840708,2.6666666666666665,2.8614718614718613,0.0
232,template_deposition,C,C,none,0,1.0,template_site:index=459:site=C:neigh=1:ahead0=24.850:mode=shell,y,xz,453,221,232,0,232,3370.7540508934744,5.723821662154597,500.0,0.001,63.987803674999995,0.063987803675,-3992.0798,-3984.2737,-3992.0798,-7.8061523,-7.3740234,0.09715389615360556,0.063987803675,0.063987803675,8,452,459,10,10,1.3579980292294622,18.946341101635426,46.649999997077025,10.0,511.90242939999996,0.0,-4.0671573,-65.16305,46.67656354954992,0.5000000008100001,46.17656354873992,24.87656355035992,0.49360878467684155,3.625690939141302,45.403891788592105,45.22525459862346,45.766862453582576,0.4870777503161235,0.125,23.603891789402105,23.42525459943346,23.966862454392576,1.0,21,50,22,0.44,0.442,525,232,0.4419047619047619,0.0,1.0,0.45321136739266277,0.1017409128853539,0.1017409128853539,0.04495979388457544,53.24999999595011,0.4432655735436109,2.834437086092715,2.409090909090909,2.8577586206896552,0.0
233,template_deposition,C,C,none,0,1.0,template_site:index=454:site=C:neigh=1:ahead0=24.850:mode=shell,y,xz,454,221,233,0,233,3424.961305542069,54.20725464859484,500.0,0.001,63.987803674999995,0.063987803675,-3999.6743,-3992.0798,-3999.6743,-7.5944824,-7.434326,0.8372280172953493,0.063987803675,0.063987803675,8,453,454,9,9,1.3972491868457453,6.648780368364573,46.649999997077025,10.0,511.90242939999996,0.0,-4.0819926,-65.400734,46.67656354954992,0.5000000008100001,46.17656354873992,24.87656355035992,0.5965330177375172,3.641318917327256,45.58169561851665,45.23372766496675,46.66375093961036,0.6314037832534508,0.125,23.781695619326648,23.43372766577675,24.86375094042036,1.0,21,50,22,0.44,0.444,525,233,0.4438095238095238,0.0,1.0,0.455164864665907,0.10206736317307574,0.10206736317307574,0.045298467846336475,53.24999999595011,0.44660461260348067,2.8325991189427313,2.391304347826087,2.8540772532188843,0.0
234,template_deposition,C,C,none,0,1.0,template_site:index=458:site=C:neigh=1:ahead0=24.850:mode=shell,y,xz,455,221,234,0,234,3440.8969667955694,15.935661253500037,500.0,0.001,63.987803674999995,0.063987803675,-4009.2498,-3999.6743,-4009.2498,-9.575439,-7.356201,0.722025166409397,0.063987803675,0.063987803675,9,454,458,8,8,1.4155741299633797,16.48682895600506,46.649999997077025,10.0,511.90242939999996,0.0,-4.100699,-65.70044,46.68976525880943,0.5000000008100001,46.18976525799943,24.88976525961943,0.6719544091047172,3.65694689551321,45.58232682177078,45.23372766496675,46.66771145238821,0.6348817118740385,0.125,23.782326822580778,23.43372766577675,24.86771145319821,1.0,21,50,22,0.44,0.446,525,234,0.44571428571428573,0.0,1.0,0.45711836193915123,0.10163387531017426,0.10163387531017426,0.0452996701382491,53.24999999595011,0.44661646618571876,2.8351648351648353,2.4583333333333335,2.858974358974359,0.0
235,template_deposition,C,C,none,0,1.0,template_site:index=453:site=C:neigh=1:ahead0=24.850:mode=shell,y,xz,456,221,235,0,235,3443.699697227143,2.8027304315737505,500.0,0.001,63.987803674999995,0.063987803675,-4016.8997,-4009.2498,-4016.8997,-7.6499023,-7.288574,0.8948031377565234,0.063987803675,0.063987803675,9,455,453,7,7,1.4229678049291288,4.189268220174695,46.649999997077025,10.0,511.90242939999996,0.0,-4.115643,-65.93987,46.68976525880943,0.5000000008100001,46.18976525799943,24.88976525961943,0.7264220602075145,3.6725748736991637,45.761681125430385,45.30870672258866,46.6759150918548,0.7090116467051625,0.125,23.961681126240386,23.50870672339866,24.875915092664798,1.0,21,50,22,0.44,0.44799999999999995,525,235,0.44761904761904764,0.0,1.0,0.45907185921239546,0.10196460053719313,0.10196460053719313,0.04564129738331502,53.24999999595011,0.4499846221232446,2.8333333333333335,2.44,2.8553191489361702,0.0
236,template_deposition,C,C,none,0,1.0,template_site:index=460:site=C:neigh=1:ahead0=24.850:mode=shell,y,xz,457,221,236,0,236,3450.9758655101346,7.276168282991251,500.0,0.001,63.987803674999995,0.063987803675,-4025.074,-4016.8997,-4025.074,-8.174316,-7.13501,0.39624516575488933,0.063987803675,0.063987803675,9,456,460,6,6,1.4104635949849458,21.405853249825302,46.649999997077025,10.0,511.90242939999996,0.0,-4.1316113,-66.19571,46.715035698618905,0.5000000008100001,46.21503569780891,24.915035699428906,0.7659350556834617,3.6882028518851175,45.94873275910352,46.01611300217684,46.69142106238753,0.7350957446083961,0.125,24.14873275991352,24.216113002986837,24.891421063197534,1.0,21,50,22,0.44,0.44799999999999995,525,235,0.44761904761904764,0.0,1.0,0.4610253564856397,0.10232513881319288,0.10232513881319288,0.045997586209359086,53.24999999595011,0.45349732885915744,2.8315098468271334,2.423076923076923,2.8516949152542375,0.0
237,template_deposition,C,C,none,0,1.0,template_site:index=456:site=C:neigh=1:ahead0=24.850:mode=shell,y,xz,458,221,237,0,237,3456.9877334893067,6.011867979172071,500.0,0.001,63.987803674999995,0.063987803675,-4032.8835,-4025.074,-4032.8835,-7.8095703,-7.109619,0.27467238336849614,0.063987803675,0.063987803675,8,457,456,5,5,1.2730621876629493,11.567804662184816,46.649999997077025,10.0,511.90242939999996,0.0,-4.1468673,-66.44014,46.715035698618905,0.5000000008100001,46.21503569780891,24.915035699428906,0.802285377688769,3.703830830071072,46.11929104994735,46.662607377529966,46.71425651940214,0.7338571350116574,0.125,24.31929105075735,24.862607378339966,24.91425652021214,1.0,21,50,22,0.44,0.45,525,236,0.44952380952380955,0.0,1.0,0.462978853758884,0.10261304240825886,0.10261304240825886,0.046322459144299714,53.24999999595011,0.45670030145740725,2.8296943231441047,2.4074074074074074,2.848101265822785,0.0
238,template_deposition,C,C,none,0,1.0,template_site:index=457:site=C:neigh=1:ahead0=24.850:mode=shell,y,xz,459,221,238,0,238,3546.215685162269,89.2279516729621,500.0,0.001,63.987803674999995,0.063987803675,-4040.466,-4032.8835,-4040.466,-7.5825195,-7.156494,0.44351856539262363,0.063987803675,0.063987803675,10,458,457,4,4,1.422444472308441,14.027316807815183,46.649999997077025,10.0,511.90242939999996,0.0,-4.1616797,-66.67746,46.72865272969713,0.5000000008100001,46.228652728887134,24.92865273050713,0.8272259430910883,3.7194588082570257,46.296733201129896,46.66055161403421,46.719120807942375,0.6653780640887188,0.125,24.496733201939897,24.860551614844212,24.919120808752375,1.0,21,50,22,0.44,0.452,525,237,0.4514285714285714,0.0,1.0,0.4649323510321282,0.1029274504283189,0.1029274504283189,0.04666044419417123,53.24999999595011,0.46003254842822494,2.8278867102396514,2.392857142857143,2.8445378151260505,0.0
239,template_deposition,C,C,none,0,1.0,template_site:index=455:site=C:neigh=1:ahead0=24.850:mode=shell,y,xz,460,221,239,0,239,3550.747761186808,4.532076024539139,500.0,0.001,63.987803674999995,0.063987803675,-4048.1062,-4040.466,-4048.1062,-7.6401367,-7.104492,0.9989918200571161,0.063987803675,0.063987803675,10,459,455,3,3,1.4699660236567202,9.10829251399494,46.649999997077025,10.0,511.90242939999996,0.0,-4.1766047,-66.91659,46.72486519280374,0.5000000008100001,46.22486519199374,24.92486519361374,0.8468903490920344,3.7350867864429795,46.2971827244305,46.66055161403421,46.717984546874355,0.6655947587704808,0.125,24.4971827252405,24.860551614844212,24.917984547684355,1.0,21,50,22,0.44,0.45399999999999996,525,238,0.4533333333333333,0.0,1.0,0.46688584830537244,0.10249867249054602,0.10249867249054602,0.04666130042902952,53.24999999595011,0.46004099018034955,2.8260869565217392,2.3793103448275863,2.8410041841004183,0.0
240,template_deposition,C,C,none,0,1.0,template_site:index=452:site=C:neigh=1:ahead0=24.850:mode=shell,y,xz,461,221,240,0,240,3560.5170466032528,9.769285416444529,500.0,0.001,63.987803674999995,0.063987803675,-4055.6284,-4048.1062,-4055.6284,-7.522217,-6.8029785,0.9845317204636345,0.063987803675,0.063987803675,8,460,452,2,2,1.470766370097458,1.729756074544329,46.649999997077025,10.0,511.90242939999996,0.0,-4.191299,-67.152016,46.72486519280374,0.5000000008100001,46.22486519199374,24.92486519361374,0.8652253992119506,3.7507147646289334,46.48294995904364,46.664973374610284,46.717984546874355,0.5190569098150333,0.125,24.682949959853637,24.864973375420284,24.917984547684355,1.0,21,50,22,0.44,0.456,525,239,0.4552380952380952,0.0,1.0,0.4688393455786167,0.10284562483272348,0.10284562483272348,0.0470151427806736,53.24999999595011,0.46352957674611983,2.824295010845987,2.3666666666666667,2.8375,0.0
241,template_deposition,C,C,none,0,1.0,template_site:index=461:site=C:neigh=1:ahead0=24.850:mode=shell,y,xz,462,221,241,0,241,3602.983543322071,42.46649671881844,500.0,0.001,63.987803674999995,0.063987803675,-4063.0469,-4055.6284,-4063.0469,-7.418457,-6.6240234,1.0,0.063987803675,0.063987803675,8,461,461,1,1,1.5386886193293132,23.86536539545567,46.649999997077025,10.0,511.90242939999996,0.0,-4.205791,-67.3842,46.72486519280374,0.5000000008100001,46.22486519199374,24.92486519361374,0.87828168994725,3.7663427428148872,46.673466779084144,46.664973374610284,46.721170962420935,0.030941121709674554,0.125,24.873466779894144,24.864973375420284,24.921170963230935,1.0,22,50,23,0.46,0.45799999999999996,525,240,0.45714285714285713,0.0,1.0,0.4707928428518609,0.10320940572570185,0.10320940572570185,0.047378031961703135,53.24999999595011,0.4671073574044296,2.8225108225108224,2.3548387096774195,2.8340248962655603,0.0
242,template_deposition,C,C,none,0,1.0,template_site:index=471:site=C:neigh=2:ahead0=25.560:mode=shell,y,xz,463,221,242,0,242,3624.511997575946,21.52845425387523,500.0,0.001,63.987803674999995,0.063987803675,-4074.3452,-4063.0469,-4074.3452,-11.29834,-11.1311035,0.9664363112416967,0.063987803675,0.063987803675,8,462,471,10,10,1.3502071738424384,22.635609322640487,47.35999999724603,10.0,511.90242939999996,0.0,-4.2278624,-67.73782,47.27714675818631,0.5000000008100001,46.777146757376315,25.477146758996312,0.9205338824714333,3.781970721000841,46.75584783781708,46.671615404170446,46.89582223674338,0.199163771626854,0.125,24.95584783862708,24.871615404980446,25.095822237553378,1.0,22,50,23,0.46,0.45981818181818185,525,241,0.45904761904761904,0.0,1.0,0.47274634012510514,0.10312333817614495,0.10312333817614495,0.04753494826405158,53.24999999595011,0.468654419540377,2.8250539956803458,2.40625,2.8388429752066116,0.0
243,template_deposition,C,C,none,0,1.0,template_site:index=467:site=C:neigh=2:ahead0=25.560:mode=shell,y,xz,464,221,243,0,243,3645.2334646923628,20.721467116416417,500.0,0.001,63.987803674999995,0.063987803675,-4085.7144,-4074.3452,-4085.7144,-11.369141,-10.979004,0.8318747211831794,0.063987803675,0.063987803675,9,463,467,9,9,1.2577667691472234,12.797560735,47.35999999724603,10.0,511.90242939999996,0.0,-4.2500715,-68.09365,47.27714675818631,0.5000000008100001,46.777146757376315,25.477146758996312,0.9542773067750429,3.797598699186795,46.828951339714166,46.702217783514755,47.25708594196017,0.25225065465975816,0.125,25.028951340524166,24.902217784324755,25.45708594277017,1.0,22,50,23,0.46,0.4616363636363636,525,242,0.46095238095238095,0.0,1.0,0.47469983739834937,0.10299979975524348,0.10299979975524348,0.04767419302956984,53.24999999595011,0.4700272552568587,2.8275862068965516,2.4545454545454546,2.843621399176955,0.0
244,template_deposition,C,C,none,0,1.0,template_site:index=466:site=C:neigh=2:ahead0=25.560:mode=shell,y,xz,465,221,244,0,244,3669.9832554922905,24.749790799927677,500.0,0.001,63.987803674999995,0.063987803675,-4098.559,-4085.7144,-4098.559,-12.844727,-11.120605,0.9998500656247723,0.063987803675,0.063987803675,11,464,466,8,8,1.2948325154374083,10.338048586810121,47.35999999724603,10.0,511.90242939999996,0.0,-4.2751637,-68.495674,47.337375119544184,0.5000000008100001,46.83737511873419,25.537375120354184,0.987609945220805,3.813226677372749,46.91353958930176,46.70454616573151,47.322104538561184,0.3084025033360355,0.125,25.113539590111763,24.904546166541508,25.522104539371185,1.0,21,50,22,0.44,0.4614545454545454,525,242,0.46095238095238095,0.0,1.0,0.4766533346715936,0.10292434258242526,0.10292434258242526,0.04783531350497479,53.24999999595011,0.471615766986324,2.8344086021505377,2.5588235294117645,2.8565573770491803,0.0
245,template_deposition,C,C,none,0,1.0,template_site:index=463:site=C:neigh=2:ahead0=25.560:mode=shell,y,xz,466,221,245,0,245,3670.3671434830635,0.38388799077314856,500.0,0.001,63.987803674999995,0.063987803675,-4109.891,-4098.559,-4109.891,-11.332031,-10.541016,1.0,0.063987803675,0.063987803675,9,465,463,6,6,1.3975907521103512,2.959512147359512,47.35999999724603,10.0,511.90242939999996,0.0,-4.297301,-68.85035,47.337375119544184,0.5000000008100001,46.83737511873419,25.537375120354184,1.011536126944809,3.8288546555587026,46.986687005969884,47.00011422933805,47.322104538561184,0.3144948801846674,0.125,25.186687006779884,25.200114230148053,25.522104539371185,1.0,21,50,22,0.44,0.4632727272727273,525,243,0.46285714285714286,0.0,1.0,0.47860683194483783,0.10280280410930565,0.10280280410930565,0.04797464191767597,53.24999999595011,0.47298942739334154,2.836909871244635,2.6,2.8612244897959185,0.0
246,template_deposition,C,C,none,0,1.0,template_site:index=468:site=C:neigh=2:ahead0=25.560:mode=shell,y,xz,467,221,246,0,246,3685.383575875122,15.016432392058578,500.0,0.001,63.987803674999995,0.063987803675,-4119.7773,-4109.891,-4119.7773,-9.88623,-8.359863,0.9999999999999993,0.063987803675,0.063987803675,11,466,468,5,5,1.4028593462263106,15.257072883189878,47.35999999724603,10.0,511.90242939999996,0.0,-4.3166137,-69.159775,47.36133058798553,0.5000000008100001,46.86133058717553,25.561330588795528,1.0382027696985139,3.8444826337446565,46.99472233044901,47.00011422933805,47.34456176007659,0.3183440154034693,0.125,25.19472233125901,25.200114230148053,25.544561760886587,1.0,21,50,22,0.44,0.46509090909090905,525,244,0.46476190476190476,0.0,1.0,0.48056032921808206,0.10241757045227239,0.10241757045227239,0.047989947297636205,53.24999999595011,0.47314032550563706,2.8394004282655247,2.638888888888889,2.8658536585365852,0.0
247,template_deposition,C,C,none,0,1.0,template_site:index=470:site=C:neigh=1:ahead0=25.560:mode=shell,y,xz,468,221,247,0,247,3691.3259752032864,5.942399328164279,500.0,0.001,63.987803674999995,0.063987803675,-4129.407,-4119.7773,-4129.407,-9.629883,-7.0966797,0.9999999758530939,0.063987803675,0.063987803675,11,467,470,4,4,1.444868517769223,20.17609717701012,47.35999999724603,10.0,511.90242939999996,0.0,-4.335426,-69.46118,47.37003870281487,0.5000000008100001,46.87003870200487,25.570038703624867,1.065226663306232,3.8601106119306103,47.09028876500322,47.29048323889164,47.36394302243433,0.31223889744488276,0.125,25.290288765813223,25.49048323970164,25.563943023244327,1.0,22,50,23,0.46,0.4689090909090909,525,246,0.4685714285714286,0.0,1.0,0.4825138264913263,0.10238983305997257,0.10238983305997257,0.048171978601548995,53.24999999595011,0.4749350003330827,2.8376068376068377,2.6216216216216215,2.8623481781376516,0.0
248,template_deposition,C,C,none,0,1.0,template_site:index=465:site=C:neigh=1:ahead0=25.560:mode=shell,y,xz,469,221,248,0,248,3698.8731692315105,7.547194028224309,500.0,0.001,63.987803674999995,0.063987803675,-4137.6797,-4129.407,-4137.6797,-8.272461,-6.100586,0.9694507801079402,0.063987803675,0.063987803675,11,468,465,4,4,1.5124058173075856,7.878536441179756,47.35999999724603,10.0,511.90242939999996,0.0,-4.351586,-69.72009,47.39575384525334,0.5000000008100001,46.89575384444334,25.59575384606334,1.0840315887531689,3.8757385901165646,47.186021424228855,47.32658868906787,47.37775324554641,0.27209101151015097,0.125,25.386021425038855,25.52658868987787,25.57775324635641,1.0,22,50,23,0.46,0.4727272727272727,525,248,0.4723809523809524,0.0,1.0,0.4844673237645706,0.10236298961709216,0.10236298961709216,0.04835432652388354,53.24999999595011,0.47673279675060226,2.840085287846482,2.6578947368421053,2.8669354838709675,0.0
249,template_deposition,C,C,none,0,1.0,template_site:index=472:site=C:neigh=1:ahead0=25.560:mode=shell,y,xz,470,221,249,0,249,3738.847053018255,39.97388378674418,500.0,0.001,63.987803674999995,0.063987803675,-4144.2964,-4137.6797,-4144.2964,-6.616699,-5.951172,0.992463669805188,0.063987803675,0.063987803675,7,469,472,3,3,1.5090976274391579,25.095121470830364,47.35999999724603,10.0,511.90242939999996,0.0,-4.3645115,-69.927185,47.39575384525334,0.5000000008100001,46.89575384444334,25.59575384606334,1.0961069185638674,3.8913665683025185,47.18328156688455,47.32658868906787,47.37165756516587,0.2703288813428259,0.125,25.383281567694553,25.52658868987787,25.57165756597587,1.0,22,50,23,0.46,0.47454545454545455,525,249,0.4742857142857143,0.0,1.0,0.4864208210378148,0.10194088983009861,0.10194088983009861,0.048349107747989624,53.24999999595011,0.47668134403051754,2.8382978723404255,2.641025641025641,2.8634538152610443,0.0
250,template_deposition,C,C,none,0,1.0,template_site:index=462:site=C:neigh=1:ahead0=25.560:mode=shell,y,xz,471,221,250,0,250,3760.267637449615,21.420584431360027,500.0,0.001,63.987803674999995,0.063987803675,-4150.9463,-4144.2964,-4150.9463,-6.6499023,-5.7402344,0.9988869330844823,0.063987803675,0.063987803675,6,470,462,2,2,1.5688358125619333,0.49999999916963384,47.35999999724603,10.0,511.90242939999996,0.0,-4.377502,-70.135315,47.39575384525334,0.5000000008100001,46.89575384444334,25.59575384606334,1.1066404132751582,3.9069945464884723,47.26233466134403,47.336381046201744,47.37165756516587,0.1948154340827498,0.125,25.462334662154028,25.536381047011744,25.57165756597587,1.0,22,50,23,0.46,0.4763636363636364,525,250,0.47619047619047616,0.0,1.0,0.48837431831105904,0.10184933864861612,0.10184933864861612,0.04849968507076958,53.24999999595011,0.478165909184799,2.8365180467091293,2.625,2.86,0.0
251,template_deposition,C,C,none,0,1.0,template_site:index=469:site=C:neigh=2:ahead0=25.560:mode=shell,y,xz,472,221,251,0,251,3778.854872602026,18.587235152410802,500.0,0.001,63.987803674999995,0.063987803675,-4160.2524,-4150.9463,-4160.2524,-9.306152,-5.447754,1.0,0.063987803675,0.063987803675,12,471,469,1,1,1.1042619721181839,17.716585028820244,47.35999999724603,10.0,511.90242939999996,0.0,-4.395682,-70.42659,47.48791362555094,0.5000000008100001,46.98791362474094,25.68791362636094,1.1109237898632685,3.922622524674426,47.35885768859383,47.35147089411372,47.42340177934262,0.06225647456345187,0.125,25.55885768940383,25.551470894923717,25.62340178015262,1.0,23,50,24,0.48,0.4781818181818182,525,251,0.4780952380952381,0.0,1.0,0.4903278155843033,0.10182811828447741,0.10182811828447741,0.04868353845600729,53.24999999595011,0.4799785481943228,2.8389830508474576,2.675,2.864541832669323,0.0
252,template_deposition,C,C,none,0,1.0,template_site:index=483:site=C:neigh=1:ahead0=26.980:mode=shell,y,xz,473,221,252,0,252,3847.375627415853,68.52075481382724,500.0,0.001,63.987803674999995,0.063987803675,-4168.517,-4160.2524,-4168.517,-8.264648,-7.654297,0.9585767871202928,0.063987803675,0.063987803675,5,472,483,10,10,1.432273094599583,25.095121470830364,48.77999999691503,10.0,511.90242939999996,0.0,-4.4118266,-70.68526,48.72969519233405,0.5000000008100001,48.22969519152405,26.92969519314405,0.4851756228226639,3.93825050286038,47.53155460712802,47.35807626607624,47.86044809558587,0.4570959013142648,0.125,25.731554607938023,25.55807626688624,26.060448096395874,1.0,23,50,24,0.48,0.48,525,252,0.48,0.0,1.0,0.4922813128575475,0.10210934368229374,0.10210934368229374,0.049012484967501,53.24999999595011,0.4832216828149299,2.8372093023255816,2.380952380952381,2.861111111111111,0.0
253,template_deposition,C,C,none,0,1.0,template_site:index=477:site=C:neigh=1:ahead0=26.980:mode=shell,y,xz,474,221,253,0,253,3867.9090559405736,20.533428524720584,500.0,0.001,63.987803674999995,0.063987803675,-4176.8335,-4168.517,-4176.8335,-8.316406,-7.4746094,0.3524948339813393,0.063987803675,0.063987803675,8,473,477,9,9,1.3844153301710558,10.338048586810121,48.77999999691503,10.0,511.90242939999996,0.0,-4.428073,-70.94555,48.82036103213269,0.5000000008100001,48.32036103132269,27.020361032942688,0.591247743450853,3.953878481046334,47.688862127110326,47.347356993482784,48.75689494427364,0.6324786655752817,0.125,25.888862127920326,25.547356994292784,26.95689494508364,1.0,23,50,24,0.48,0.48181818181818187,525,253,0.4819047619047619,0.0,1.0,0.49423481013079174,0.1023275182921752,0.1023275182921752,0.04931211833889586,53.24999999595011,0.48617581464580817,2.8354430379746836,2.3636363636363638,2.857707509881423,0.0
254,template_deposition,C,C,none,0,1.0,template_site:index=473:site=C:neigh=1:ahead0=26.980:mode=shell,y,xz,475,221,254,0,254,3873.6586167570267,5.749560816453132,500.0,0.001,63.987803674999995,0.063987803675,-4185.125,-4176.8335,-4185.125,-8.291504,-7.495117,0.8288888546459408,0.063987803675,0.063987803675,5,474,473,8,8,1.4492040889180218,0.49999999916963384,48.77999999691503,10.0,511.90242939999996,0.0,-4.44427,-71.20506,48.82036103213269,0.5000000008100001,48.32036103132269,27.020361032942688,0.6590125191912102,3.9695064592322877,47.86177040974073,47.421367784858944,48.75689494427364,0.6988954101269969,0.125,26.06177041055073,25.621367785668944,26.95689494508364,1.0,23,50,24,0.48,0.48363636363636364,525,254,0.4838095238095238,0.0,1.0,0.49618830740403597,0.10260539531712885,0.10260539531712885,0.049641467448668056,53.24999999595011,0.4894229185452176,2.833684210526316,2.347826086956522,2.854330708661417,0.0
255,template_deposition,C,C,none,0,1.0,template_site:index=480:site=C:neigh=1:ahead0=26.980:mode=shell,y,xz,476,221,255,0,255,3892.958002949751,19.299386192724228,500.0,0.001,63.987803674999995,0.063987803675,-4192.8325,-4185.125,-4192.8325,-7.7075195,-7.354004,0.18351782429842534,0.063987803675,0.063987803675,8,475,480,7,7,1.2943558261683983,17.716585028820244,48.77999999691503,10.0,511.90242939999996,0.0,-4.4593267,-71.44629,48.823704139302386,0.5000000008100001,48.32370413849239,27.023704140112386,0.716754008158205,3.9851344374182416,48.036672064833866,48.0572235448277,48.8213639642836,0.7403930414079694,0.125,26.236672065643866,26.2572235456377,27.0213639650936,1.0,23,50,24,0.48,0.48545454545454547,525,255,0.4857142857142857,0.0,1.0,0.4981418046772802,0.1028889100613485,0.1028889100613485,0.04997461345836927,53.24999999595011,0.4927074566692822,2.831932773109244,2.3333333333333335,2.850980392156863,0.0
256,template_deposition,C,C,none,0,1.0,template_site:index=482:site=C:neigh=1:ahead0=26.980:mode=shell,y,xz,477,221,256,0,256,3904.935960292494,11.977957342743096,500.0,0.001,63.987803674999995,0.063987803675,-4200.4507,-4192.8325,-4200.4507,-7.618164,-7.361328,0.19588987693956333,0.063987803675,0.063987803675,9,476,482,6,6,1.4466564943530904,22.635609322640487,48.77999999691503,10.0,511.90242939999996,0.0,-4.474209,-71.68473,48.823704139302386,0.5000000008100001,48.32370413849239,27.023704140112386,0.7601406664325573,4.000762415604195,48.04130381806573,48.0537564899705,48.8213639642836,0.7464225966540254,0.125,26.24130381887573,26.253756490780503,27.0213639650936,1.0,23,50,24,0.48,0.48727272727272736,525,256,0.4876190476190476,0.0,1.0,0.5000953019505244,0.10250509304248331,0.10250509304248331,0.049983435845477577,53.24999999595011,0.4927944379506383,2.830188679245283,2.32,2.84765625,0.0
257,template_deposition,C,C,none,0,1.0,template_site:index=478:site=C:neigh=1:ahead0=26.980:mode=shell,y,xz,478,221,257,0,257,3938.267595985327,33.3316356928328,500.0,0.001,63.987803674999995,0.063987803675,-4209.8545,-4200.4507,-4209.8545,-9.403809,-7.4213867,0.9741755655249356,0.063987803675,0.063987803675,9,477,478,5,5,1.401149751912508,12.797560735,48.77999999691503,10.0,511.90242939999996,0.0,-4.492579,-71.97905,48.82405198227338,0.5000000008100001,48.324051981463384,27.024051983083382,0.79339963232904,4.016390393790149,48.03585857190744,48.0537564899705,48.823808492193685,0.7523928302612037,0.125,26.23585857271744,26.253756490780503,27.023808493003685,1.0,23,50,24,0.48,0.4890909090909091,525,257,0.4895238095238095,0.0,1.0,0.5020487992237687,0.10208505281213012,0.10208505281213012,0.04997306394803322,53.24999999595011,0.4926921798068129,2.8326359832635983,2.3846153846153846,2.8521400778210118,0.0
258,template_deposition,C,C,none,0,1.0,template_site:index=481:site=C:neigh=1:ahead0=26.980:mode=shell,y,xz,479,221,258,0,258,3963.4785693083977,25.2109733230711,500.0,0.001,63.987803674999995,0.063987803675,-4217.348,-4209.8545,-4217.348,-7.4936523,-7.2475586,0.9584753052958128,0.063987803675,0.063987803675,10,478,481,4,4,1.4019059806917993,20.17609717701012,48.77999999691503,10.0,511.90242939999996,0.0,-4.507218,-72.21359,48.838439813897715,0.5000000008100001,48.33843981308772,27.038439814707715,0.8225123481993446,4.032018371976103,48.216676334641065,48.75532575584512,48.82836833176068,0.7480652305572031,0.125,26.416676335451065,26.95532575665512,27.02836833257068,1.0,23,50,24,0.48,0.49090909090909096,525,258,0.49142857142857144,0.0,1.0,0.5040022964970129,0.10239021835446149,0.10239021835446149,0.050317478734192504,53.24999999595011,0.49608781854385287,2.8308977035490606,2.3703703703703702,2.8488372093023258,0.0
259,template_deposition,C,C,none,0,1.0,template_site:index=479:site=C:neigh=1:ahead0=26.980:mode=shell,y,xz,480,221,259,0,259,3964.5079546575703,1.0293853491726697,500.0,0.001,63.987803674999995,0.063987803675,-4225.9424,-4217.348,-4225.9424,-8.594238,-7.0683594,0.9998413606091666,0.063987803675,0.063987803675,10,479,479,3,3,1.461477431646027,15.257072883189878,48.77999999691503,10.0,511.90242939999996,0.0,-4.524007,-72.48258,48.82487066758641,0.5000000008100001,48.32487066677641,27.02487066839641,0.8367012713070106,4.047646350162057,48.3974256551995,48.788780266007,48.81666156461354,0.6807141163953188,0.125,26.5974256560095,26.988780266817002,27.01666156542354,1.0,23,50,24,0.48,0.49090909090909096,525,258,0.49142857142857144,0.0,1.0,0.5059557937702571,0.10269276315061582,0.10269276315061582,0.050661763154303804,53.24999999595011,0.4994821719818281,2.8291666666666666,2.357142857142857,2.8455598455598454,0.0
260,template_deposition,C,C,none,0,1.0,template_site:index=474:site=C:neigh=1:ahead0=26.980:mode=shell,y,xz,481,221,260,0,260,3976.6785339358585,12.17057927828838,500.0,0.001,63.987803674999995,0.063987803675,-4233.394,-4225.9424,-4233.394,-7.45166,-6.690918,0.9999999999933487,0.063987803675,0.063987803675,9,480,474,2,2,1.5569899783197694,2.959512147359512,48.77999999691503,10.0,511.90242939999996,0.0,-4.5385637,-72.71581,48.82487066758641,0.5000000008100001,48.32487066677641,27.02487066839641,0.8497208453328403,4.063274328348011,48.415379745885815,48.788780266007,48.81666156461354,0.6524045510421286,0.125,26.615379746695815,26.988780266817002,27.01666156542354,1.0,23,50,24,0.48,0.4907272727272727,525,258,0.49142857142857144,0.0,1.0,0.5079092910435014,0.10236684517959929,0.10236684517959929,0.050695961422277745,53.24999999595011,0.499819338004132,2.8274428274428276,2.3448275862068964,2.8423076923076924,0.0
261,template_deposition,C,C,none,0,1.0,template_site:index=476:site=C:neigh=1:ahead0=26.980:mode=shell,y,xz,482,221,261,0,261,3977.1850580838827,0.5065241480243357,500.0,0.001,63.987803674999995,0.063987803675,-4240.668,-4233.394,-4240.668,-7.273926,-5.633301,1.0,0.063987803675,0.063987803675,8,481,476,1,1,1.666228488491175,7.878536441179756,48.77999999691503,10.0,511.90242939999996,0.0,-4.552773,-72.94347,48.82487066758641,0.5000000008100001,48.32487066677641,27.02487066839641,0.8579994876551735,4.078902306533965,48.60124369145784,48.785222968542875,48.81666156461354,0.4623275844734881,0.125,26.80124369226784,26.985222969352876,27.01666156542354,1.0,23,50,24,0.48,0.4945454545454545,525,260,0.49523809523809526,0.0,1.0,0.5098627883167456,0.10268675744163923,0.10268675744163923,0.05104998798527208,53.24999999595011,0.5033097407381444,2.8257261410788383,2.3333333333333335,2.839080459770115,0.0
262,template_deposition,C,C,none,0,1.0,template_site:index=464:site=C:neigh=2:ahead0=25.560:mode=shell,y,xz,483,221,262,0,262,3997.725205369407,20.5401472855242,500.0,0.001,63.987803674999995,0.063987803675,-4248.8003,-4240.668,-4248.8003,-8.132324,0.67285156,1.0,0.063987803675,0.063987803675,14,482,464,1,1,1.0135136704282477,5.419024292989877,47.35999999724603,10.0,511.90242939999996,0.0,-4.56866,-73.198,48.82487066758641,0.5000000008100001,48.32487066677641,27.02487066839641,0.8438056131874544,4.0945302847199185,48.61922945372448,48.785222968542875,48.81666156461354,0.4268308560751743,0.125,26.81922945453448,26.985222969352876,27.01666156542354,1.0,23,50,24,0.48,0.4963636363636364,525,261,0.49714285714285716,0.0,1.0,0.5118162855899898,0.10236347120051328,0.10236347120051328,0.051084246580065676,53.24999999595011,0.5036475015319097,2.824016563146998,2.3225806451612905,2.83587786259542,0.0
263,template_deposition,C,C,none,0,1.0,template_site:index=475:site=C:neigh=1:ahead0=26.980:mode=shell,y,xz,484,221,263,0,263,3998.5995764880877,0.874371118680883,500.0,0.001,63.987803674999995,0.063987803675,-4257.1313,-4248.8003,-4257.1313,-8.331055,-6.760742,1.0,0.063987803675,0.063987803675,10,483,475,1,1,1.2878342899254962,5.419024292989877,48.77999999691503,10.0,511.90242939999996,0.0,-4.584934,-73.45875,48.86829142025555,0.5000000008100001,48.368291419445555,27.068291421065553,0.862752283159892,4.110158262905872,48.80432788160648,48.795377360608725,48.83789689338715,0.02918739345233736,0.125,27.004327882416483,26.995377361418726,27.037896894197154,1.0,24,50,25,0.5,0.4981818181818182,525,262,0.4990476190476191,0.0,1.0,0.513769782863234,0.10267805278485355,0.10267805278485355,0.051436815014126634,53.24999999595011,0.5071235283468597,2.822314049586777,2.3125,2.832699619771863,0.0
264,template_deposition,C,C,none,0,1.0,template_site:index=485:site=C:neigh=2:ahead0=27.690:mode=shell,y,xz,485,221,264,0,264,4007.072938534903,8.473362046815378,500.0,0.001,63.987803674999995,0.063987803675,-4271.1445,-4257.1313,-4271.1445,-14.013184,-11.252441,0.9060866508014217,0.063987803675,0.063987803675,10,484,485,9,9,1.3772519937769325,4.189268220174695,49.48999999708404,10.0,511.90242939999996,0.0,-4.612309,-73.89734,49.32737111831128,0.5000000008100001,48.82737111750128,27.527371119121277,0.8985924644027448,4.125786241091826,48.879069803826305,48.81900702260579,48.99461835287324,0.17097431552725953,0.125,27.079069804636305,27.01900702341579,27.19461835368324,1.0,23,50,24,0.48,0.49836363636363634,525,262,0.4990476190476191,0.0,1.0,0.5157232801364783,0.10257223410847086,0.10257223410847086,0.05157918058025963,53.24999999595011,0.5085271325201086,2.8288659793814435,2.4242424242424243,2.8446969696969697,0.0
265,template_deposition,C,C,none,0,1.0,template_site:index=492:site=C:neigh=2:ahead0=27.690:mode=shell,y,xz,486,221,265,0,265,4017.17077218093,10.097833646026546,500.0,0.001,63.987803674999995,0.063987803675,-4283.5234,-4271.1445,-4283.5234,-12.378906,-11.129395,0.656983528751499,0.063987803675,0.063987803675,10,485,492,7,7,1.4157318456075374,21.405853249825302,49.48999999708404,10.0,511.90242939999996,0.0,-4.6364913,-74.28478,49.32737111831128,0.5000000008100001,48.82737111750128,27.527371119121277,0.9238740888370549,4.14141421927778,48.94290670557925,48.83836015957356,49.27998963054506,0.2041041285549227,0.125,27.142906706389248,27.03836016038356,27.47998963135506,1.0,23,50,24,0.48,0.5003636363636363,525,263,0.5009523809523809,0.0,1.0,0.5176767774097225,0.1024260630429783,0.1024260630429783,0.051700774678836665,53.24999999595011,0.5097259475765931,2.831275720164609,2.4705882352941178,2.849056603773585,0.0
266,template_deposition,C,C,none,0,1.0,template_site:index=490:site=C:neigh=2:ahead0=27.690:mode=shell,y,xz,487,221,266,0,266,4048.745225887804,31.57445370687422,500.0,0.001,63.987803674999995,0.063987803675,-4294.6104,-4283.5234,-4294.6104,-11.086914,-10.168945,0.9999999999994622,0.063987803675,0.063987803675,9,486,490,6,6,1.3130111512921099,16.48682895600506,49.48999999708404,10.0,511.90242939999996,0.0,-4.6581497,-74.63179,49.41451753476823,0.5000000008100001,48.91451753395823,27.61451753557823,0.9502154634551017,4.157042197463735,49.01915627916246,48.84718805328701,49.353515043248365,0.24761383560610944,0.125,27.21915627997246,27.047188054097013,27.553515044058365,1.0,23,50,24,0.48,0.5023636363636363,525,264,0.5028571428571429,0.0,1.0,0.5196302746829669,0.10232765518786639,0.10232765518786639,0.051846011961852304,53.24999999595011,0.511157864451504,2.833675564681725,2.5142857142857142,2.8533834586466167,0.0
267,template_deposition,C,C,none,0,1.0,template_site:index=493:site=C:neigh=2:ahead0=27.690:mode=shell,y,xz,488,221,267,0,267,4059.306764211552,10.561538323748,500.0,0.001,63.987803674999995,0.063987803675,-4304.452,-4294.6104,-4304.452,-9.841797,-8.913086,0.9981054789716933,0.063987803675,0.063987803675,8,487,493,5,5,1.5182128880686232,23.86536539545567,49.48999999708404,10.0,511.90242939999996,0.0,-4.6773753,-74.93982,49.41974357238911,0.5000000008100001,48.91974357157911,27.61974357319911,0.9773710001283052,4.172670175649689,49.098988287876615,49.08248001909963,49.416085346054494,0.2725563247710032,0.125,27.298988288686616,27.282480019909627,27.616085346864494,1.0,23,50,24,0.48,0.5043636363636363,525,265,0.5047619047619047,0.0,1.0,0.5215837719562111,0.10224340183028695,0.10224340183028695,0.05199807293083165,53.24999999595011,0.5126570571035272,2.8360655737704916,2.5555555555555554,2.857677902621723,0.0
268,template_deposition,C,C,none,0,1.0,template_site:index=484:site=C:neigh=2:ahead0=27.690:mode=shell,y,xz,489,221,268,0,268,4064.8065478039666,5.499783592414712,500.0,0.001,63.987803674999995,0.063987803675,-4313.979,-4304.452,-4313.979,-9.526855,-8.643066,1.0,0.063987803675,0.063987803675,8,488,484,4,4,1.5487749917390221,1.729756074544329,49.48999999708404,10.0,511.90242939999996,0.0,-4.6959863,-75.238,49.41974357238911,0.5000000008100001,48.91974357157911,27.61974357319911,0.9995042600708521,4.1882981538356425,49.172881983778865,49.333083601170145,49.416085346054494,0.27214797774452865,0.125,27.372881984588865,27.533083601980145,27.616085346864494,1.0,23,50,24,0.48,0.5063636363636363,525,266,0.5066666666666667,0.0,1.0,0.5235372692294553,0.10213761934548084,0.10213761934548084,0.05213882282778831,53.24999999595011,0.5140447321440504,2.8384458077709613,2.5945945945945947,2.861940298507463,0.0
269,template_deposition,C,C,none,0,1.0,template_site:index=489:site=C:neigh=1:ahead0=27.690:mode=shell,y,xz,490,221,269,0,269,4066.493009776137,1.686461972170582,500.0,0.001,63.987803674999995,0.063987803675,-4321.177,-4313.979,-4321.177,-7.197754,-6.07959,0.9210111254789659,0.063987803675,0.063987803675,10,489,489,3,3,1.5853994451084399,14.027316807815183,49.48999999708404,10.0,511.90242939999996,0.0,-4.710047,-75.46327,49.48732995034351,0.5000000008100001,48.98732994953351,27.687329951153508,1.0209387023255063,4.203926132021596,49.25307717241152,49.37767586515367,49.44001948577543,0.2544804617788825,0.125,27.453077173221523,27.57767586596367,27.64001948658543,1.0,23,50,24,0.48,0.5083636363636364,525,267,0.5085714285714286,0.0,1.0,0.5254907665026995,0.10205604897108372,0.10205604897108372,0.052291575568040996,53.24999999595011,0.5155507450762337,2.836734693877551,2.5789473684210527,2.858736059479554,0.0
270,template_deposition,C,C,none,0,1.0,template_site:index=487:site=C:neigh=1:ahead0=27.690:mode=shell,y,xz,491,221,270,0,270,4124.246599577187,57.75358980105032,500.0,0.001,63.987803674999995,0.063987803675,-4329.3525,-4321.177,-4329.3525,-8.175781,-5.9379883,0.999999999120676,0.063987803675,0.063987803675,10,490,487,2,2,1.7178736313488268,9.10829251399494,49.48999999708404,10.0,511.90242939999996,0.0,-4.7260184,-75.71916,49.48732995034351,0.5000000008100001,48.98732994953351,27.687329951153508,1.0356219114872824,4.21955411020755,49.33373877922871,49.40490205982174,49.458669782337154,0.1929823997947579,0.125,27.53373878003871,27.604902060631737,27.658669783147154,1.0,24,50,25,0.5,0.5121818181818182,525,269,0.5123809523809524,0.0,1.0,0.5274442637759438,0.10197681029643967,0.10197681029643967,0.052445216723883255,53.24999999595011,0.5170655170353572,2.835030549898167,2.5641025641025643,2.8555555555555556,0.0
271,template_deposition,C,C,none,0,1.0,template_site:index=491:site=C:neigh=2:ahead0=27.690:mode=shell,y,xz,492,221,271,0,271,4135.340814039923,11.094214462735819,500.0,0.001,63.987803674999995,0.063987803675,-4338.3896,-4329.3525,-4338.3896,-9.037109,-5.0317383,1.0,0.063987803675,0.063987803675,12,491,491,1,1,1.142610428116141,18.946341101635426,49.48999999708404,10.0,511.90242939999996,0.0,-4.7436724,-76.002014,49.61574739843668,0.5000000008100001,49.115747397626684,27.815747399246682,1.0466389269991625,4.235182088393504,49.36639448116098,49.41370657534732,49.52585518477146,0.2134671527060591,0.125,27.56639448197098,27.61370657615732,27.72585518558146,1.0,24,50,25,0.5,0.5141818181818182,525,270,0.5142857142857142,0.0,1.0,0.529397761049188,0.10172101284860141,0.10172101284860141,0.05250741806089711,53.24999999595011,0.5176787696538502,2.83739837398374,2.58974358974359,2.859778597785978,0.0
272,template_deposition,C,C,none,0,1.0,template_site:index=499:site=C:neigh=1:ahead0=29.110:mode=shell,y,xz,493,221,272,0,272,4154.055167728549,18.714353688626122,500.0,0.001,63.987803674999995,0.063987803675,-4346.757,-4338.3896,-4346.757,-8.3671875,-7.5498047,0.9987685562112035,0.063987803675,0.063987803675,7,492,499,8,8,1.423652020039618,14.027316807815183,50.909999996753044,10.0,511.90242939999996,0.0,-4.7600174,-76.263885,50.89267733603268,0.5000000008100001,50.392677335222686,29.092677336842684,0.4979721928656368,4.250810066579458,49.54206290437213,49.41370657534732,49.99882637971548,0.5514282147678485,0.125,27.74206290518213,27.61370657615732,28.19882638052548,1.0,24,50,25,0.5,0.518,525,272,0.518095238095238,0.0,1.0,0.5313512583224322,0.10199287832787549,0.10199287832787549,0.052842024581299295,53.24999999595011,0.5209777071791931,2.8316430020283976,2.15,2.849264705882353,0.0
273,template_deposition,C,C,none,0,1.0,template_site:index=501:site=C:neigh=1:ahead0=29.110:mode=shell,y,xz,494,221,273,0,273,4170.733806788392,16.67863905984266,500.0,0.001,63.987803674999995,0.063987803675,-4354.574,-4346.757,-4354.574,-7.817383,-7.2211914,0.23730858074099528,0.063987803675,0.063987803675,8,493,501,7,7,1.2942623706251986,18.946341101635426,50.909999996753044,10.0,511.90242939999996,0.0,-4.7752886,-76.50856,50.9629556001781,0.5000000008100001,50.4629555993681,29.1629556009881,0.6182303725842092,4.266438044765412,49.717950102843034,49.42010786507263,50.913760815276305,0.7228805291243722,0.125,27.917950103653034,27.62010786588263,29.113760816086305,1.0,24,50,25,0.5,0.52,525,273,0.52,0.0,1.0,0.5333047555956765,0.10226355349323456,0.10226355349323456,0.05317704781648197,53.24999999595011,0.5242807531601186,2.8299595141700404,2.142857142857143,2.8461538461538463,0.0
274,template_deposition,C,C,none,0,1.0,template_site:index=500:site=C:neigh=1:ahead0=29.110:mode=shell,y,xz,495,221,274,0,274,4173.4542999903215,2.7204932019294397,500.0,0.001,63.987803674999995,0.063987803675,-4363.299,-4354.574,-4363.299,-8.724609,-7.2402344,0.9870893473142093,0.063987803675,0.063987803675,10,494,500,6,6,1.4415018254492789,16.48682895600506,50.909999996753044,10.0,511.90242939999996,0.0,-4.792332,-76.78163,50.96358873257082,0.5000000008100001,50.46358873176082,29.16358873338082,0.6911019050118928,4.282066022951366,49.71065275626583,49.42010786507263,50.87264242148689,0.7111994791875345,0.125,27.91065275707583,27.62010786588263,29.072642422296887,1.0,24,50,25,0.5,0.522,525,274,0.5219047619047619,0.0,1.0,0.5352582528689207,0.10186369619370741,0.10186369619370741,0.05316314810871587,53.24999999595011,0.5241437137877663,2.8323232323232324,2.227272727272727,2.8503649635036497,0.0
275,template_deposition,C,C,none,0,1.0,template_site:index=497:site=C:neigh=1:ahead0=29.110:mode=shell,y,xz,496,221,275,0,275,4177.934901183979,4.480601193657043,500.0,0.001,63.987803674999995,0.063987803675,-4370.823,-4363.299,-4370.823,-7.524414,-6.8813477,0.4246899955647462,0.063987803675,0.063987803675,7,495,497,5,5,1.4648132679396892,9.10829251399494,50.909999996753044,10.0,511.90242939999996,0.0,-4.807031,-77.01713,50.96358873257082,0.5000000008100001,50.46358873176082,29.16358873338082,0.7452478967977219,4.2976940011373195,49.88711616891134,49.42010786507263,50.89635677536189,0.7970582916261748,0.125,28.08711616972134,27.62010786588263,29.096356776171888,1.0,24,50,25,0.5,0.524,525,275,0.5238095238095238,0.0,1.0,0.5372117501421649,0.10213496788989579,0.10213496788989579,0.05349926889470732,53.24999999595011,0.5274575806921593,2.8346774193548385,2.3043478260869565,2.8545454545454545,0.0
276,template_deposition,C,C,none,0,1.0,template_site:index=502:site=C:neigh=1:ahead0=29.110:mode=shell,y,xz,497,221,276,0,276,4211.064949576442,33.130048392463344,500.0,0.001,63.987803674999995,0.063987803675,-4378.685,-4370.823,-4378.685,-7.8618164,-6.894043,0.9799779172485577,0.063987803675,0.063987803675,9,496,502,4,4,1.4915836922816068,21.405853249825302,50.909999996753044,10.0,511.90242939999996,0.0,-4.822389,-77.26319,50.96358873257082,0.5000000008100001,50.46358873176082,29.16358873338082,0.7873770461168759,4.313321979323273,50.071119566796355,50.125128594490604,50.9160324284578,0.8376977096044315,0.125,28.271119567606355,28.325128595300605,29.116032429267797,1.0,24,50,25,0.5,0.526,525,276,0.5257142857142857,0.0,1.0,0.5391652474154092,0.10243159263625491,0.10243159263625491,0.05384975155734544,53.24999999595011,0.5309130435635022,2.8329979879275653,2.2916666666666665,2.851449275362319,0.0
277,template_deposition,C,C,none,0,1.0,template_site:index=503:site=C:neigh=1:ahead0=29.110:mode=shell,y,xz,498,221,277,0,277,4216.350969537736,5.28601996129452,500.0,0.001,63.987803674999995,0.063987803675,-4386.0474,-4378.685,-4386.0474,-7.3623047,-6.820801,0.999143156667345,0.063987803675,0.063987803675,8,497,503,3,3,1.4935505440027599,23.86536539545567,50.909999996753044,10.0,511.90242939999996,0.0,-4.8367715,-77.49362,50.96358873257082,0.5000000008100001,50.46358873176082,29.16358873338082,0.8226467940116031,4.328949957509227,50.258221073452944,50.85060425521878,50.92323040203025,0.8377593855752211,0.125,28.458221074262944,29.050604256028777,29.12323040284025,1.0,24,50,25,0.5,0.528,525,277,0.5276190476190477,0.0,1.0,0.5411187446886534,0.1027372601958951,0.1027372601958951,0.054206135379548465,53.24999999595011,0.534426686881264,2.8313253012048194,2.28,2.848375451263538,0.0
278,template_deposition,C,C,none,0,1.0,template_site:index=494:site=C:neigh=1:ahead0=29.110:mode=shell,y,xz,499,221,278,0,278,4235.705447334447,19.354477796710427,500.0,0.001,63.987803674999995,0.063987803675,-4393.268,-4386.0474,-4393.268,-7.220703,-6.5161133,0.9898325547872661,0.063987803675,0.063987803675,7,498,494,2,2,1.5023692355475582,1.729756074544329,50.909999996753044,10.0,511.90242939999996,0.0,-4.8508773,-77.71963,50.96358873257082,0.5000000008100001,50.46358873176082,29.16358873338082,0.8498443454121429,4.344577935695181,50.44670664360208,50.8853320356188,50.92323040203025,0.7906580188912617,0.125,28.646706644412077,29.085332036428802,29.12323040284025,1.0,24,50,25,0.5,0.53,525,278,0.5295238095238095,0.0,1.0,0.5430722419618976,0.10304570735400027,0.10304570735400027,0.05456515551316586,53.24999999595011,0.5379663220017048,2.8296593186372747,2.269230769230769,2.8453237410071943,0.0
279,template_deposition,C,C,none,0,1.0,template_site:index=495:site=C:neigh=1:ahead0=29.110:mode=shell,y,xz,500,221,279,0,279,4250.305131517679,14.599684183232117,500.0,0.001,63.987803674999995,0.063987803675,-4400.696,-4393.268,-4400.696,-7.4277344,-6.5585938,1.0,0.063987803675,0.063987803675,9,499,495,1,1,1.5621650076625557,4.189268220174695,50.909999996753044,10.0,511.90242939999996,0.0,-4.865387,-77.952095,50.96358873257082,0.5000000008100001,50.46358873176082,29.16358873338082,0.8687178355317036,4.360205913881135,50.633952890922664,50.8853320356188,50.92588585778648,0.6824473055362307,0.125,28.833952891732665,29.085332036428802,29.125885858596483,1.0,24,50,25,0.5,0.532,525,279,0.5314285714285715,0.0,1.0,0.5450257392351419,0.10334750140405972,0.10334750140405972,0.05492181503187174,53.24999999595011,0.5414826834540021,2.828,2.259259259259259,2.8422939068100357,0.0
280,template_deposition,C,C,none,0,1.0,template_site:index=513:site=C:neigh=2:ahead0=29.820:mode=shell,y,xz,501,221,280,0,280,4258.572788565779,8.26765704809966,500.0,0.001,63.987803674999995,0.063987803675,-4411.9463,-4400.696,-4411.9463,-11.250488,-11.037598,0.5627617974639144,0.063987803675,0.063987803675,8,500,513,11,11,1.3646891624467952,22.635609322640487,51.61999999692205,10.0,511.90242939999996,0.0,-4.887365,-78.30422,51.51937762614105,0.5000000008100001,51.01937762533105,29.71937762695105,0.9231518190401058,4.375833892067089,50.71539006240967,50.88863528114706,51.13032540064189,0.7420205125404334,0.125,28.915390063219668,29.08863528195706,29.330325401451887,1.0,24,50,25,0.5,0.5338181818181819,525,280,0.5333333333333333,0.0,1.0,0.5469792365083861,0.10326925022578452,0.10326925022578452,0.055076933453751746,53.24999999595011,0.5430120200078649,2.8303393213572856,2.3214285714285716,2.8464285714285715,0.0
281,template_deposition,C,C,none,0,1.0,template_site:index=505:site=C:neigh=2:ahead0=29.820:mode=shell,y,xz,502,221,281,0,281,4271.833266209215,13.260477643435989,500.0,0.001,63.987803674999995,0.063987803675,-4423.2812,-4411.9463,-4423.2812,-11.334961,-10.991699,0.41857070236124144,0.063987803675,0.063987803675,8,501,505,10,10,1.3606387192412863,2.959512147359512,51.61999999692205,10.0,511.90242939999996,0.0,-4.9095078,-78.65899,51.523597224921915,0.5000000008100001,51.02359722411192,29.723597225731915,0.9672613163019109,4.391461870253043,50.79644630201513,50.91638435559375,51.52064350577531,0.7888771243291859,0.125,28.996446302825127,29.11638435640375,29.72064350658531,1.0,24,50,25,0.5,0.5356363636363636,525,281,0.5352380952380953,0.0,1.0,0.5489327337816303,0.10319020036592572,0.10319020036592572,0.05523132629109548,53.24999999595011,0.5445342029113696,2.8326693227091635,2.3793103448275863,2.8505338078291813,0.0
282,template_deposition,C,C,none,0,1.0,template_site:index=510:site=C:neigh=2:ahead0=29.820:mode=shell,y,xz,503,221,282,0,282,4319.20142522181,47.36815901259441,500.0,0.001,63.987803674999995,0.063987803675,-4435.6636,-4423.2812,-4435.6636,-12.382324,-11.005371,1.0,0.063987803675,0.063987803675,8,502,510,9,9,1.3672270194660288,15.257072883189878,51.61999999692205,10.0,511.90242939999996,0.0,-4.9336967,-79.04654,51.523597224921915,0.5000000008100001,51.02359722411192,29.723597225731915,0.9977885654429915,4.407089848438996,50.8640752287547,50.929594140296295,51.52064350577531,0.8152179786670974,0.125,29.0640752295647,29.129594141106296,29.72064350658531,1.0,24,50,25,0.5,0.5354545454545455,525,281,0.5352380952380953,0.0,1.0,0.5508862310548746,0.10306409655874008,0.10306409655874008,0.055360143294408956,53.24999999595011,0.5458042297046976,2.8389662027833,2.5,2.8617021276595747,0.0
283,template_deposition,C,C,none,0,1.0,template_site:index=507:site=C:neigh=1:ahead0=29.820:mode=shell,y,xz,504,221,283,0,283,4322.025583092889,2.8241578710792377,500.0,0.001,63.987803674999995,0.063987803675,-4443.6196,-4435.6636,-4443.6196,-7.9560547,-7.416504,0.9999045473625541,0.063987803675,0.063987803675,8,503,507,7,7,1.4273503485082137,7.878536441179756,51.61999999692205,10.0,511.90242939999996,0.0,-4.949239,-79.29555,51.65088828599958,0.5000000008100001,51.15088828518958,29.850888286809578,1.031543191984773,4.42271782662495,50.96229425620747,51.180723360691715,51.56178454324521,0.8557648650445913,0.125,29.16229425701747,29.380723361501715,29.76178454405521,1.0,24,50,25,0.5,0.5372727272727272,525,282,0.5371428571428571,0.0,1.0,0.5528397283281188,0.10304697617320661,0.10304697617320661,0.055547227156223754,53.24999999595011,0.5476487184832937,2.8373015873015874,2.4838709677419355,2.8586572438162543,0.0
284,template_deposition,C,C,none,0,1.0,template_site:index=486:site=C:neigh=2:ahead0=27.690:mode=shell,y,xz,505,221,284,0,284,4323.066063437762,1.0404803448729782,500.0,0.001,63.987803674999995,0.063987803675,-4454.248,-4443.6196,-4454.248,-10.628418,-1.3979492,1.0,0.063987803675,0.063987803675,15,504,486,1,1,1.0235990823280046,6.648780368364573,49.48999999708404,10.0,511.90242939999996,0.0,-4.970001,-79.6282,51.66348499964195,0.5000000008100001,51.163484998831954,29.863485000451952,1.0172847832965881,4.438345804810904,50.96540870463732,51.180723360691715,51.565563557337924,0.8569251950576934,0.125,29.16540870544732,29.380723361501715,29.765563558147925,1.0,25,50,26,0.52,0.5392727272727273,525,283,0.539047619047619,0.0,1.0,0.554793225601363,0.10269510107551873,0.10269510107551873,0.05555315943894727,53.24999999595011,0.5477072057777553,2.8396039603960395,2.53125,2.862676056338028,0.0
285,template_deposition,C,C,none,0,1.0,template_site:index=496:site=C:neigh=2:ahead0=29.110:mode=shell,y,xz,506,221,285,0,285,4343.77754152077,20.711478083007552,500.0,0.001,63.987803674999995,0.063987803675,-4465.4526,-4454.248,-4465.4526,-11.20459,-9.814941,1.0,0.063987803675,0.063987803675,12,505,496,1,1,1.2211812744443806,6.648780368364573,50.909999996753044,10.0,511.90242939999996,0.0,-4.9918895,-79.97889,51.608532724181885,0.5000000008100001,51.10853272337189,29.808532724991885,1.0189519154466435,4.453973782996858,50.9607205898867,51.180723360691715,51.5461241555533,0.8501768156549155,0.125,29.160720590696698,29.380723361501715,29.7461241563633,1.0,25,50,26,0.52,0.5412727272727272,525,284,0.540952380952381,0.0,1.0,0.5567467228746072,0.10231831786209368,0.10231831786209368,0.05554422969656514,53.24999999595011,0.547619166064122,2.841897233201581,2.5757575757575757,2.8666666666666667,0.0
286,template_deposition,C,C,none,0,1.0,template_site:index=506:site=C:neigh=2:ahead0=29.820:mode=shell,y,xz,507,221,286,0,286,4369.7438337793665,25.966292258596543,500.0,0.001,63.987803674999995,0.063987803675,-4476.5444,-4465.4526,-4476.5444,-11.091797,-10.740234,1.0,0.063987803675,0.063987803675,12,506,506,6,6,1.3662257456628963,5.419024292989877,51.61999999692205,10.0,511.90242939999996,0.0,-5.0135574,-80.32605,51.64861101603664,0.5000000008100001,51.14861101522664,29.84861101684664,1.0482658090531274,4.469601761182812,51.05275804946663,51.46982481764569,51.61993941908159,0.8814683320865545,0.125,29.252758050276633,29.669824818455687,29.81993941989159,1.0,25,50,26,0.52,0.5430909090909091,525,285,0.5428571428571428,0.0,1.0,0.5587002201478515,0.10228237080516304,0.10228237080516304,0.05571953914338406,53.24999999595011,0.5493475690610596,2.844181459566075,2.6176470588235294,2.870629370629371,0.0
287,template_deposition,C,C,none,0,1.0,template_site:index=512:site=C:neigh=1:ahead0=29.820:mode=shell,y,xz,508,221,287,0,287,4370.444350240561,0.7005164611948269,500.0,0.001,63.987803674999995,0.063987803675,-4485.7964,-4476.5444,-4485.7964,-9.251953,-6.857422,0.9999722963404392,0.063987803675,0.063987803675,11,507,512,5,5,1.4641271398238198,20.17609717701012,51.61999999692205,10.0,511.90242939999996,0.0,-5.031631,-80.615616,51.64861101603664,0.5000000008100001,51.14861101522664,29.84861101684664,1.0747012750328164,4.485229739368766,51.15222924061514,51.54416532910486,51.61993941908159,0.8973079654592387,0.125,29.352229241425142,29.744165329914857,29.81993941989159,1.0,26,50,27,0.54,0.5469090909090909,525,287,0.5466666666666666,0.0,1.0,0.5606537174210957,0.10227257575409457,0.10227257575409457,0.05590900807890503,53.24999999595011,0.5512155726508451,2.84251968503937,2.6,2.867595818815331,0.0
288,template_deposition,C,C,none,0,1.0,template_site:index=514:site=C:neigh=1:ahead0=29.820:mode=shell,y,xz,509,221,288,0,288,4373.699680109206,3.2553298686448984,500.0,0.001,63.987803674999995,0.063987803675,-4492.437,-4485.7964,-4492.437,-6.640625,-6.131836,0.9151976408285064,0.063987803675,0.063987803675,7,508,514,5,5,1.4960293432749074,25.095121470830364,51.61999999692205,10.0,511.90242939999996,0.0,-5.0446033,-80.823456,51.64861101603664,0.5000000008100001,51.14861101522664,29.84861101684664,1.0901837114043555,4.5008577175547195,51.153266928200985,51.54416532910486,51.62210434678079,0.8978326595651015,0.125,29.353266929010985,29.744165329914857,29.822104347590788,1.0,26,50,27,0.54,0.5487272727272727,525,288,0.5485714285714286,0.0,1.0,0.5626072146943399,0.10192106572573259,0.10192106572573259,0.05591098462668759,53.24999999595011,0.5512350597416605,2.8408644400785854,2.5833333333333335,2.8645833333333335,0.0
289,template_deposition,C,C,none,0,1.0,template_site:index=509:site=C:neigh=1:ahead0=29.820:mode=shell,y,xz,510,221,289,0,289,4375.114875210908,1.4151951017017608,500.0,0.001,63.987803674999995,0.063987803675,-4499.0444,-4492.437,-4499.0444,-6.607422,-6.0268555,0.9542174152579355,0.063987803675,0.063987803675,9,509,509,4,4,1.471645861708267,12.797560735,51.61999999692205,10.0,511.90242939999996,0.0,-5.057511,-81.03026,51.64861101603664,0.5000000008100001,51.14861101522664,29.84861101684664,1.1072696431281404,4.516485695740674,51.179368113816835,51.580023994444865,51.63002184914121,0.9054876859502374,0.125,29.379368114626836,29.780023995254865,29.83002184995121,1.0,26,50,27,0.54,0.5505454545454546,525,289,0.5504761904761905,0.0,1.0,0.5645607119675843,0.10165871319940081,0.10165871319940081,0.05596070117071778,53.24999999595011,0.5517252228518547,2.83921568627451,2.5675675675675675,2.86159169550173,0.0
290,template_deposition,C,C,none,0,1.0,template_site:index=498:site=C:neigh=1:ahead0=29.110:mode=shell,y,xz,511,221,290,0,290,4384.479806008843,9.364930797934901,500.0,0.001,63.987803674999995,0.063987803675,-4507.11,-4499.0444,-4507.11,-8.06543,-7.3393555,1.0,0.063987803675,0.063987803675,12,510,498,1,1,1.4366978335753493,11.567804662184816,50.909999996753044,10.0,511.90242939999996,0.0,-5.0732665,-81.28269,51.64861101603664,0.5000000008100001,51.14861101522664,29.84861101684664,1.1008624539143825,4.532113673926628,51.49896701564565,51.56841550454591,51.62210434678079,0.18966463167337258,0.125,29.698967016455647,29.76841550535591,29.822104347590788,1.0,26,50,27,0.54,0.5525454545454546,525,290,0.5523809523809524,0.0,1.0,0.5665142092408285,0.10241023109122636,0.10241023109122636,0.05656946098372504,53.24999999595011,0.5577270801636504,2.837573385518591,2.5526315789473686,2.8586206896551722,0.0
291,template_deposition,C,C,none,0,1.0,template_site:index=488:site=C:neigh=3:ahead0=27.690:mode=shell,y,xz,512,221,291,0,291,4431.461679219738,46.98187321089417,500.0,0.001,63.987803674999995,0.063987803675,-4520.89,-4507.11,-4520.89,-13.780273,-4.7182617,1.0,0.063987803675,0.063987803675,16,511,488,1,1,1.0275758775994053,11.567804662184816,49.48999999708404,10.0,511.90242939999996,0.0,-5.1001863,-81.714,51.64861101603664,0.5000000008100001,51.14861101522664,29.84861101684664,1.0896068798745522,4.547741652112582,51.500784678792826,51.57260423172806,51.62210434678079,0.19054265245193155,0.125,29.700784679602826,29.772604232538058,29.822104347590788,1.0,26,50,27,0.54,0.5545454545454546,525,291,0.5542857142857143,0.0,1.0,0.5684677065140727,0.1020645521635836,0.1020645521635836,0.05657292319924348,53.24999999595011,0.5577612146828488,2.83984375,2.58974358974359,2.8625429553264605,0.0
292,template_deposition,C,C,none,0,1.0,template_site:index=508:site=C:neigh=2:ahead0=29.820:mode=shell,y,xz,513,221,292,0,292,4443.910887116958,12.449207897220608,500.0,0.001,63.987803674999995,0.063987803675,-4530.9688,-4520.89,-4530.9688,-10.078613,-9.088379,1.0,0.063987803675,0.063987803675,12,512,508,3,3,1.375794247243637,10.338048586810121,51.61999999692205,10.0,511.90242939999996,0.0,-5.119875,-82.02944,51.65323923331815,0.5000000008100001,51.153239232508156,29.853239234128154,1.1073924648205253,4.563369630298536,51.53606763340461,51.61941183443679,51.649999481221094,0.19948714633977652,0.125,29.736067634214614,29.81941183524679,29.849999482031095,1.0,26,50,27,0.54,0.5563636363636364,525,292,0.5561904761904762,0.0,1.0,0.570421203787317,0.10183584806237882,0.10183584806237882,0.056640128827075455,53.24999999595011,0.5584238053798342,2.8421052631578947,2.625,2.8664383561643834,0.0
293,template_deposition,C,C,none,0,1.0,template_site:index=504:site=C:neigh=1:ahead0=29.820:mode=shell,y,xz,514,221,293,0,293,4450.776177767709,6.865290650750594,500.0,0.001,63.987803674999995,0.063987803675,-4537.3496,-4530.9688,-4537.3496,-6.3808594,-5.8930664,0.9999999571177373,0.063987803675,0.063987803675,7,513,504,2,2,1.5329721870962345,0.49999999916963384,51.61999999692205,10.0,511.90242939999996,0.0,-5.13234,-82.22916,51.65323923331815,0.5000000008100001,51.153239232508156,29.853239234128154,1.1179311796414473,4.57899760848449,51.545097111473694,51.61941183443679,51.649999481221094,0.20090652878944026,0.125,29.745097112283695,29.81941183524679,29.849999482031095,1.0,27,50,28,0.56,0.5581818181818182,525,293,0.5580952380952381,0.0,1.0,0.5723747010605612,0.1015191027722993,0.1015191027722993,0.05665732783292132,53.24999999595011,0.5585933730431162,2.840466926070039,2.6097560975609757,2.863481228668942,0.0
294,template_deposition,C,C,none,0,1.0,template_site:index=511:site=C:neigh=2:ahead0=29.820:mode=shell,y,xz,515,221,294,0,294,4497.916511480138,47.140333712429424,500.0,0.001,63.987803674999995,0.063987803675,-4546.8403,-4537.3496,-4546.8403,-9.490723,-5.1625977,1.0,0.063987803675,0.063987803675,12,514,511,1,1,1.1014080189075235,17.716585028820244,51.61999999692205,10.0,511.90242939999996,0.0,-5.15088,-82.52619,51.74611560785016,0.5000000008100001,51.24611560704016,29.946115608660158,1.1219609195327909,4.5946255866704435,51.64264782999014,51.634059810069274,51.681102145677755,0.04273261295326085,0.125,29.84264783080014,29.834059810879275,29.881102146487756,1.0,27,50,28,0.56,0.56,525,294,0.56,0.0,1.0,0.5743281983338054,0.10150560486666714,0.10150560486666714,0.0568431387253336,53.24999999595011,0.5604253114191512,2.8427184466019417,2.658536585365854,2.86734693877551,0.0
295,template_deposition,C,C,none,0,1.0,template_site:index=515:site=C:neigh=1:ahead0=31.240:mode=shell,y,xz,516,221,295,0,295,4530.127647543102,32.21113606296426,500.0,0.001,63.987803674999995,0.063987803675,-4555.049,-4546.8403,-4555.049,-8.208496,-7.6572266,0.69623069287459,0.063987803675,0.063987803675,5,515,515,11,11,1.4319596305607643,0.49999999916963384,53.03999999659105,10.0,511.90242939999996,0.0,-5.1669154,-82.78311,52.98998558262878,0.5000000008100001,52.489985581818786,31.189985583438784,0.4749180281356165,4.610253564856397,51.81537476710777,51.64432565648637,52.11927660028375,0.44582257626540367,0.125,30.01537476791777,29.844325657296373,30.319276601093748,1.0,27,50,28,0.56,0.5618181818181818,525,295,0.5619047619047619,0.0,1.0,0.5762816956070497,0.10174703311158566,0.10174703311158566,0.057172142415081464,53.24999999595011,0.5636690097690247,2.8410852713178296,2.3636363636363638,2.864406779661017,0.0
296,template_deposition,C,C,none,0,1.0,template_site:index=525:site=C:neigh=1:ahead0=31.240:mode=shell,y,xz,517,221,296,0,296,4546.819800114995,16.69215257189302,500.0,0.001,63.987803674999995,0.063987803675,-4563.291,-4555.049,-4563.291,-8.2421875,-7.6210938,0.9891812342156183,0.063987803675,0.063987803675,5,516,525,10,10,1.4296506556255681,25.095121470830364,53.03999999659105,10.0,511.90242939999996,0.0,-5.1830163,-83.04108,52.9917426490103,0.5000000008100001,52.4917426482003,31.1917426498203,0.570116854604913,4.625881543042351,51.98799955502517,51.6509251246774,52.990512702543235,0.5802623761099021,0.125,30.18799955583517,29.8509251254874,31.190512703353235,1.0,27,50,28,0.56,0.5636363636363636,525,296,0.5638095238095238,0.0,1.0,0.5782351928802939,0.10198648498592963,0.10198648498592963,0.057500951534924134,53.24999999595011,0.5669107898240581,2.839458413926499,2.347826086956522,2.8614864864864864,0.0
297,template_deposition,C,C,none,0,1.0,template_site:index=519:site=C:neigh=1:ahead0=31.240:mode=shell,y,xz,518,221,297,0,297,4551.545909725309,4.726109610314055,500.0,0.001,63.987803674999995,0.063987803675,-4570.8325,-4563.291,-4570.8325,-7.541504,-7.3779297,0.31462651633629624,0.063987803675,0.063987803675,8,517,519,9,9,1.4001552742843562,10.338048586810121,53.03999999659105,10.0,511.90242939999996,0.0,-5.1977487,-83.277115,53.05757989595209,0.5000000008100001,52.55757989514209,31.25757989676209,0.6442571584639303,4.641509521228305,52.146502279427615,51.6973633119434,53.011493823092835,0.6745469595856471,0.125,30.346502280237615,29.8973633127534,31.211493823902835,1.0,27,50,28,0.56,0.5654545454545454,525,297,0.5657142857142857,0.0,1.0,0.5801886901535381,0.1021767753543354,0.1021767753543354,0.05780286148616689,53.24999999595011,0.5698873668083679,2.8378378378378377,2.3333333333333335,2.8585858585858586,0.0
298,template_deposition,C,C,none,0,1.0,template_site:index=516:site=C:neigh=1:ahead0=31.240:mode=shell,y,xz,519,221,298,0,298,4572.587789144175,21.041879418866312,500.0,0.001,63.987803674999995,0.063987803675,-4578.406,-4570.8325,-4578.406,-7.573242,-7.359375,0.27991433385250475,0.063987803675,0.063987803675,9,518,516,8,8,1.4546435899452703,2.959512147359512,53.03999999659105,10.0,511.90242939999996,0.0,-5.212543,-83.514145,53.05757989595209,0.5000000008100001,52.55757989514209,31.25757989676209,0.6981336175233304,4.657137499414259,52.150381638593544,51.69514068483387,53.03509996590833,0.6805831421146947,0.125,30.350381639403544,29.895140685643874,31.23509996671833,1.0,27,50,28,0.56,0.5672727272727273,525,298,0.5676190476190476,0.0,1.0,0.5821421874267824,0.10184691825303202,0.10184691825303202,0.05781025074172104,53.24999999595011,0.5699602186236962,2.836223506743738,2.32,2.8557046979865772,0.0
299,template_deposition,C,C,none,0,1.0,template_site:index=518:site=C:neigh=1:ahead0=31.240:mode=shell,y,xz,520,221,299,0,299,4591.359945348885,18.77215620471026,500.0,0.001,63.987803674999995,0.063987803675,-4587.9854,-4578.406,-4587.9854,-9.57959,-7.3286133,0.20880328648306515,0.063987803675,0.063987803675,9,519,518,7,7,1.4042331358703475,7.878536441179756,53.03999999659105,10.0,511.90242939999996,0.0,-5.231257,-83.81398,53.099397043209684,0.5000000008100001,52.59939704239969,31.299397044019685,0.7452179665755656,4.672765477600213,52.33660582592054,52.368929128430224,53.09361373321045,0.7188063815566784,0.125,30.536605826730543,30.568929129240225,31.293613734020447,1.0,27,50,28,0.56,0.5690909090909091,525,299,0.5695238095238095,0.0,1.0,0.5840956847000266,0.10212911647735967,0.10212911647735967,0.05816496347948675,53.24999999595011,0.5734573864610889,2.8384615384615386,2.3846153846153846,2.859531772575251,0.0
300,template_deposition,C,C,none,0,1.0,template_site:index=522:site=C:neigh=1:ahead0=31.240:mode=shell,y,xz,521,221,300,0,300,4605.90133145197,14.541386103084662,500.0,0.001,63.987803674999995,0.063987803675,-4595.7573,-4587.9854,-4595.7573,-7.7719727,-7.355957,0.8014685315880259,0.063987803675,0.063987803675,8,520,522,6,6,1.2963727585029237,17.716585028820244,53.03999999659105,10.0,511.90242939999996,0.0,-5.2464395,-84.05723,53.099397043209684,0.5000000008100001,52.59939704239969,31.299397044019685,0.779546418112742,4.688393455786167,52.51560228063287,53.008604179592794,53.09361373321045,0.7028022810772285,0.125,30.71560228144287,31.208604180402794,31.293613734020447,1.0,27,50,28,0.56,0.5709090909090909,525,300,0.5714285714285714,0.0,1.0,0.5860491819732708,0.1023853409381429,0.1023853409381429,0.058505909107510225,53.24999999595011,0.5768188222305901,2.836852207293666,2.3703703703703702,2.8566666666666665,0.0
301,template_deposition,C,C,none,0,1.0,template_site:index=524:site=C:neigh=1:ahead0=31.240:mode=shell,y,xz,522,221,301,0,301,4634.379863397156,28.47853194518668,500.0,0.001,63.987803674999995,0.063987803675,-4603.401,-4595.7573,-4603.401,-7.6435547,-7.2963867,0.705155161605309,0.063987803675,0.063987803675,9,521,524,5,5,1.4720353528593986,22.635609322640487,53.03999999659105,10.0,511.90242939999996,0.0,-5.261371,-84.29646,53.099397043209684,0.5000000008100001,52.59939704239969,31.299397044019685,0.8056867017465059,4.7040214339721205,52.51844268331183,53.024549661459915,53.09361373321045,0.7070088491754951,0.125,30.718442684121833,31.224549662269915,31.293613734020447,1.0,27,50,28,0.56,0.5727272727272728,525,301,0.5733333333333334,0.0,1.0,0.5880026792465151,0.10205462685754761,0.10205462685754761,0.0585113193983273,53.24999999595011,0.5768721631259737,2.835249042145594,2.357142857142857,2.8538205980066444,0.0
302,template_deposition,C,C,none,0,1.0,template_site:index=520:site=C:neigh=1:ahead0=31.240:mode=shell,y,xz,523,221,302,0,302,4635.9232860093825,1.5434226122263033,500.0,0.001,63.987803674999995,0.063987803675,-4611.672,-4603.401,-4611.672,-8.270996,-7.227539,0.27208531377278794,0.063987803675,0.063987803675,9,522,520,4,4,1.365247612176316,12.797560735,53.03999999659105,10.0,511.90242939999996,0.0,-5.2775283,-84.55533,53.12132608949862,0.5000000008100001,52.621326088688626,31.321326090308624,0.8254905332876521,4.719649412158074,52.52651528904455,53.024549661459915,53.10019244709713,0.7021131595127442,0.125,30.726515289854554,31.224549662269915,31.30019244790713,1.0,27,50,28,0.56,0.5727272727272728,525,301,0.5733333333333334,0.0,1.0,0.5899561765197593,0.10174342811210117,0.10174342811210117,0.05852669579019915,53.24999999595011,0.5770237613557077,2.8336520076481837,2.3448275862068964,2.8509933774834435,0.0
303,template_deposition,C,C,none,0,1.0,template_site:index=523:site=C:neigh=1:ahead0=31.240:mode=shell,y,xz,524,221,303,0,303,4659.584247466612,23.6609614572303,500.0,0.001,63.987803674999995,0.063987803675,-4619.1885,-4611.672,-4619.1885,-7.5166016,-7.2666016,0.27956629867969623,0.063987803675,0.063987803675,10,523,523,3,3,1.4172255791900987,20.17609717701012,53.03999999659105,10.0,511.90242939999996,0.0,-5.292212,-84.79059,53.12132608949862,0.5000000008100001,52.621326088688626,31.321326090308624,0.8432733131607744,4.735277390344028,52.706112179576905,53.043209810312476,53.101534466764846,0.6303185120391078,0.125,30.906112180386906,31.243209811122476,31.301534467574847,1.0,27,50,28,0.56,0.5745454545454546,525,302,0.5752380952380952,0.0,1.0,0.5919096737930035,0.10200037023230002,0.10200037023230002,0.058868785105498866,53.24999999595011,0.5803964729152572,2.83206106870229,2.3333333333333335,2.8481848184818483,0.0
304,template_deposition,C,C,none,0,1.0,template_site:index=521:site=C:neigh=1:ahead0=31.240:mode=shell,y,xz,525,221,304,0,304,4659.639431630186,0.055184163573173614,500.0,0.001,63.987803674999995,0.063987803675,-4626.684,-4619.1885,-4626.684,-7.4956055,-7.2592773,0.9495558238761411,0.063987803675,0.063987803675,10,524,521,2,2,1.4458733324682054,15.257072883189878,53.03999999659105,10.0,511.90242939999996,0.0,-5.3068547,-85.025185,53.126790948450285,0.5000000008100001,52.62679094764029,31.326790949260285,0.8546847228764699,4.750905368529982,52.727025957347905,53.043209810312476,53.101929336493946,0.5959377646599662,0.125,30.927025958157905,31.243209811122476,31.301929337303946,1.0,27,50,28,0.56,0.5763636363636364,525,303,0.5771428571428572,0.0,1.0,0.5938631710662478,0.10173363802025627,0.10173363802025627,0.05890862087268173,53.24999999595011,0.5807892199156814,2.8304761904761904,2.3225806451612905,2.8453947368421053,0.0
305,template_deposition,C,C,none,0,1.0,template_site:index=517:site=C:neigh=1:ahead0=31.240:mode=shell,y,xz,526,221,305,0,305,4690.410956371002,30.77152474081608,500.0,0.001,63.987803674999995,0.063987803675,-4634.0513,-4626.684,-4634.0513,-7.3671875,-7.131836,1.0,0.063987803675,0.063987803675,10,525,517,1,1,1.4031816341390022,5.419024292989877,53.03999999659105,10.0,511.90242939999996,0.0,-5.3212466,-85.255775,53.126790948450285,0.5000000008100001,52.62679094764029,31.326790949260285,0.8652966716975661,4.766533346715936,52.90355469018952,53.05684161087581,53.101929336493946,0.4338010600097161,0.125,31.103554690999523,31.256841611685807,31.301929337303946,1.0,28,50,29,0.58,0.5781818181818182,525,304,0.579047619047619,0.0,1.0,0.595816668339492,0.1019788678393427,0.1019788678393427,0.05924486607809433,53.24999999595011,0.584104313490424,2.828897338403042,2.3125,2.8426229508196723,0.0
306,template_deposition,C,C,none,0,1.0,template_site:index=531:site=C:neigh=2:ahead0=31.950:mode=shell,y,xz,527,221,306,0,306,4727.91869753008,37.507741159077916,500.0,0.001,63.987803674999995,0.063987803675,-4645.461,-4634.0513,-4645.461,-11.409668,-11.219727,0.6621489364005557,0.063987803675,0.063987803675,9,526,531,9,9,1.3581338188688072,14.027316807815183,53.74999999676005,10.0,511.90242939999996,0.0,-5.343535,-85.61287,53.66911210362955,0.5000000008100001,53.169112102819554,31.86911210443955,0.9033404964684141,4.78216132490189,52.97105614289129,53.05684161087581,53.26300900955212,0.5005493580618929,0.125,31.171056143701293,31.256841611685807,31.46300901036212,1.0,28,50,29,0.58,0.5801818181818181,525,305,0.580952380952381,0.0,1.0,0.5977701656127362,0.10186619654804344,0.10186619654804344,0.05937344027371675,53.24999999595011,0.5853719464051077,2.8311195445920303,2.3636363636363638,2.84640522875817,0.0
307,template_deposition,C,C,none,0,1.0,template_site:index=527:site=C:neigh=2:ahead0=31.950:mode=shell,y,xz,528,221,307,0,307,4765.361139229268,37.442441699188194,500.0,0.001,63.987803674999995,0.063987803675,-4656.7847,-4645.461,-4656.7847,-11.32373,-11.149902,0.3144316149055697,0.063987803675,0.063987803675,9,527,527,8,8,1.375050073922417,4.189268220174695,53.74999999676005,10.0,511.90242939999996,0.0,-5.365656,-85.967285,53.66911210362955,0.5000000008100001,53.169112102819554,31.86911210443955,0.93384088079603,4.797789303087844,53.04772589625124,53.063472158023316,53.65724853713176,0.5496230286455664,0.125,31.247725897061237,31.263472158833316,31.857248537941757,1.0,28,50,29,0.58,0.5821818181818181,525,306,0.5828571428571429,0.0,1.0,0.5997236628859804,0.1017841234431962,0.1017841234431962,0.05951947789916426,53.24999999595011,0.5868117539800518,2.8333333333333335,2.411764705882353,2.8501628664495113,0.0
308,template_deposition,C,C,none,0,1.0,template_site:index=533:site=C:neigh=2:ahead0=31.950:mode=shell,y,xz,529,221,308,0,308,4786.512212601914,21.151073372646106,500.0,0.001,63.987803674999995,0.063987803675,-4668.605,-4656.7847,-4668.605,-11.8203125,-11.172363,0.7882747450922797,0.063987803675,0.063987803675,10,528,533,7,7,1.2959487042519335,18.946341101635426,53.74999999676005,10.0,511.90242939999996,0.0,-5.3887467,-86.33724,53.66911210362955,0.5000000008100001,53.169112102819554,31.86911210443955,0.9587349930411319,4.813417281273797,53.11543566681766,53.06431141334346,53.65724853713176,0.579018507865948,0.125,31.31543566762766,31.26431141415346,31.857248537941757,1.0,28,50,29,0.58,0.5841818181818182,525,307,0.5847619047619048,0.0,1.0,0.6016771601592247,0.10167349242736254,0.10167349242736254,0.05964844889071935,53.24999999595011,0.5880832989673114,2.835538752362949,2.4571428571428573,2.853896103896104,0.0
309,template_deposition,C,C,none,0,1.0,template_site:index=534:site=C:neigh=2:ahead0=31.950:mode=shell,y,xz,530,221,309,0,309,4788.381738291825,1.8695256899108381,500.0,0.001,63.987803674999995,0.063987803675,-4679.63,-4668.605,-4679.63,-11.024902,-10.689453,0.9963094164311456,0.063987803675,0.063987803675,11,529,534,6,6,1.220498492730803,21.405853249825302,53.74999999676005,10.0,511.90242939999996,0.0,-5.410284,-86.68231,53.74358837026167,0.5000000008100001,53.24358836945167,31.94358837107167,0.9851892660194813,4.829045259459751,53.1996727228173,53.33572090922971,53.69145498361919,0.6152001719579661,0.125,31.399672723627297,31.535720910039707,31.89145498442919,1.0,28,50,29,0.58,0.5861818181818181,525,308,0.5866666666666667,0.0,1.0,0.6036306574324689,0.10161706383050906,0.10161706383050906,0.059808900425956754,53.24999999595011,0.5896652155120258,2.8377358490566036,2.5,2.8576051779935274,0.0
310,template_deposition,C,C,none,0,1.0,template_site:index=532:site=C:neigh=2:ahead0=31.950:mode=shell,y,xz,531,221,310,0,310,4802.209943771159,13.828205479333313,500.0,0.001,63.987803674999995,0.063987803675,-4689.902,-4679.63,-4689.902,-10.271973,-9.855957,0.9970556660868306,0.063987803675,0.063987803675,12,530,532,5,5,1.316087592837526,16.48682895600506,53.74999999676005,10.0,511.90242939999996,0.0,-5.4303503,-87.00381,53.79303577408592,0.5000000008100001,53.293035773275925,31.993035774895922,1.0120504588079469,4.844673237645705,53.225792857251825,53.3580507165687,53.758422591408944,0.635473404059236,0.125,31.425792858061826,31.5580507173787,31.958422592218945,1.0,28,50,29,0.58,0.5881818181818183,525,309,0.5885714285714285,0.0,1.0,0.6055841547057131,0.10137352534858654,0.10137352534858654,0.05985865306297491,53.24999999595011,0.59015573446858,2.839924670433145,2.5405405405405403,2.861290322580645,0.0
311,template_deposition,C,C,none,0,1.0,template_site:index=526:site=C:neigh=2:ahead0=31.950:mode=shell,y,xz,532,221,311,0,311,4812.304723181021,10.094779409861863,500.0,0.001,63.987803674999995,0.063987803675,-4700.0854,-4689.902,-4700.0854,-10.183594,-9.60498,0.999999993944424,0.063987803675,0.063987803675,9,531,526,4,4,1.443999111158162,1.729756074544329,53.74999999676005,10.0,511.90242939999996,0.0,-5.450244,-87.32254,53.79303577408592,0.5000000008100001,53.293035773275925,31.993035774895922,1.0290319505504768,4.860301215831659,53.306637929308906,53.68096588117276,53.758422591408944,0.6504255572239019,0.125,31.506637930118906,31.88096588198276,31.958422592218945,1.0,28,50,29,0.58,0.5901818181818181,525,310,0.5904761904761905,0.0,1.0,0.6075376519789574,0.10130751746018941,0.10130751746018941,0.06001264367641696,53.24999999595011,0.5916739517843215,2.8421052631578947,2.5789473684210527,2.864951768488746,0.0
312,template_deposition,C,C,none,0,1.0,template_site:index=535:site=C:neigh=2:ahead0=31.950:mode=shell,y,xz,533,221,312,0,312,4829.247149903524,16.942426722502947,500.0,0.001,63.987803674999995,0.063987803675,-4709.6284,-4700.0854,-4709.6284,-9.542969,-8.540039,0.9996413396433197,0.063987803675,0.063987803675,9,532,535,3,3,1.5173834580830197,23.86536539545567,53.74999999676005,10.0,511.90242939999996,0.0,-5.4688864,-87.62122,53.79303577408592,0.5000000008100001,53.293035773275925,31.993035774895922,1.0427789975126656,4.875929194017614,53.38769988144227,53.68096588117276,53.77052931894401,0.6527742156627429,0.125,31.587699882252274,31.88096588198276,31.970529319754007,1.0,28,50,29,0.58,0.5921818181818181,525,311,0.5923809523809523,0.0,1.0,0.6094911492522017,0.10124262782773165,0.10124262782773165,0.060167047394766235,53.24999999595011,0.5931962419653456,2.844277673545966,2.6153846153846154,2.8685897435897436,0.0
313,template_deposition,C,C,none,0,1.0,template_site:index=528:site=C:neigh=2:ahead0=31.950:mode=shell,y,xz,534,221,313,0,313,4849.280271309154,20.0331214056304,500.0,0.001,63.987803674999995,0.063987803675,-4719.4253,-4709.6284,-4719.4253,-9.796875,-8.197754,1.0,0.063987803675,0.063987803675,11,533,528,2,2,1.4612375296049316,6.648780368364573,53.74999999676005,10.0,511.90242939999996,0.0,-5.488024,-87.92784,53.79303577408592,0.5000000008100001,53.293035773275925,31.993035774895922,1.0593691374576293,4.891557172203568,53.63789449413149,53.69822694970594,53.77052931894401,0.21705049948657393,0.125,31.837894494941487,31.89822695051594,31.970529319754007,1.0,28,50,29,0.58,0.5941818181818183,525,312,0.5942857142857143,0.0,1.0,0.611444646525446,0.10171851276339133,0.10171851276339133,0.06064360856179331,53.24999999595011,0.597894732344843,2.846441947565543,2.65,2.8722044728434506,0.0
314,template_deposition,C,C,none,0,1.0,template_site:index=530:site=C:neigh=1:ahead0=31.950:mode=shell,y,xz,535,221,314,0,314,4881.668872390254,32.3886010811005,500.0,0.001,63.987803674999995,0.063987803675,-4728.489,-4719.4253,-4728.489,-9.063477,-6.397461,1.0,0.063987803675,0.063987803675,11,534,530,1,1,1.4531580638444768,11.567804662184816,53.74999999676005,10.0,511.90242939999996,0.0,-5.5057297,-88.21152,53.80623224103729,0.5000000008100001,53.306232240227295,32.00623224184729,1.0783041672232954,4.907185150389521,53.73350519605623,53.72404235817328,53.79699471417133,0.04596992900697078,0.125,31.93350519686623,31.92404235898328,31.996994714981334,1.0,29,50,30,0.6,0.598,525,314,0.5980952380952381,0.0,1.0,0.6133981437986902,0.10169906113651665,0.10169906113651665,0.0608257241845071,53.24999999595011,0.5996902384844114,2.844859813084112,2.6341463414634148,2.8694267515923566,0.0
315,template_deposition,C,C,none,0,1.0,template_site:index=529:site=C:neigh=2:ahead0=31.950:mode=shell,y,xz,536,221,315,0,315,4888.898810306495,7.229937916240892,500.0,0.001,63.987803674999995,0.063987803675,-4738.034,-4728.489,-4738.034,-9.54541,-5.357422,1.0,0.063987803675,0.063987803675,12,535,529,1,1,1.0941655645380173,9.10829251399494,53.74999999676005,10.0,511.90242939999996,0.0,-5.524377,-88.51028,53.88943596827872,0.5000000008100001,53.38943596746872,32.08943596908872,1.0932881367630478,4.922813128575475,53.761776534729115,53.76265419076454,53.83119335920972,0.06596568095320147,0.125,31.961776535539116,31.962654191574543,32.03119336001972,1.0,29,50,30,0.6,0.6,525,315,0.6,0.0,1.0,0.6153516410719344,0.10146595725567974,0.10146595725567974,0.060879574353407837,53.24999999595011,0.600221155642628,2.8470149253731343,2.6666666666666665,2.873015873015873,0.0
316,template_deposition,C,C,none,0,1.0,template_site:index=541:site=C:neigh=1:ahead0=33.370:mode=shell,y,xz,537,221,316,0,316,4912.850992475395,23.95218216890057,500.0,0.001,63.987803674999995,0.063987803675,-4745.643,-4738.034,-4745.643,-7.6088867,-7.461426,0.8559226770016722,0.063987803675,0.063987803675,8,536,541,10,10,1.3655070324039613,14.027316807815183,55.169999996429055,10.0,511.90242939999996,0.0,-5.539241,-88.74842,55.186086489167046,0.5000000008100001,54.68608648835705,33.386086489977046,0.4943285946884559,4.938441106761429,53.93389516930311,53.7638167139457,54.278431124545214,0.4775214393039106,0.125,32.133895170113114,31.9638167147557,32.478431125355215,1.0,29,50,30,0.6,0.602,525,316,0.6019047619047619,0.0,1.0,0.6173051383451786,0.10168954167757314,0.10168954167757314,0.06120741937164403,53.24999999595011,0.6034534304705546,2.845437616387337,2.409090909090909,2.8702531645569622,0.0
317,template_deposition,C,C,none,0,1.0,template_site:index=540:site=C:neigh=1:ahead0=33.370:mode=shell,y,xz,538,221,317,0,317,4934.612936016724,21.761943541329117,500.0,0.001,63.987803674999995,0.063987803675,-4754.752,-4745.643,-4754.752,-9.108887,-7.350586,0.30575718853784295,0.063987803675,0.063987803675,9,537,540,9,9,1.4100100316140236,11.567804662184816,55.169999996429055,10.0,511.90242939999996,0.0,-5.557035,-89.033516,55.249609736800124,0.5000000008100001,54.74960973599013,33.449609737610125,0.6068409449514368,4.954069084947383,54.10739255014816,53.75935491492227,55.230853676857066,0.6527754353273133,0.125,32.30739255095816,31.95935491573227,33.430853677667066,1.0,29,50,30,0.6,0.604,525,317,0.6038095238095238,0.0,1.0,0.6192586356184229,0.10191606482952102,0.10191606482952102,0.061537890573253644,53.24999999595011,0.6067115972472352,2.8438661710037176,2.391304347826087,2.867507886435331,0.0
318,template_deposition,C,C,none,0,1.0,template_site:index=544:site=C:neigh=1:ahead0=33.370:mode=shell,y,xz,539,221,318,0,318,4947.236496084629,12.6235600679044,500.0,0.001,63.987803674999995,0.063987803675,-4762.236,-4754.752,-4762.236,-7.4838867,-7.291504,0.5035374305026141,0.063987803675,0.063987803675,8,538,544,8,8,1.4094546310593243,21.405853249825302,55.169999996429055,10.0,511.90242939999996,0.0,-5.571655,-89.26775,55.249609736800124,0.5000000008100001,54.74960973599013,33.449609737610125,0.6779114981342237,4.969697063133337,54.28372406977627,53.772815845359304,55.230853676857066,0.7237050656971588,0.125,32.48372407058627,31.972815846169304,33.430853677667066,1.0,29,50,30,0.6,0.606,525,318,0.6057142857142858,0.0,1.0,0.6212121328916671,0.10215007569366752,0.10215007569366752,0.061873760134450034,53.24999999595011,0.6100229872874515,2.8423005565862707,2.375,2.8647798742138364,0.0
319,template_deposition,C,C,none,0,1.0,template_site:index=542:site=C:neigh=1:ahead0=33.370:mode=shell,y,xz,540,221,319,0,319,4949.800558868781,2.564062784152417,500.0,0.001,63.987803674999995,0.063987803675,-4770.672,-4762.236,-4770.672,-8.436035,-7.248535,0.23921271339200795,0.063987803675,0.063987803675,9,539,542,7,7,1.3840141752989994,16.48682895600506,55.169999996429055,10.0,511.90242939999996,0.0,-5.5881343,-89.531784,55.249609736800124,0.5000000008100001,54.74960973599013,33.449609737610125,0.7291627383621132,4.985325041319291,54.45785529687596,54.46758151547765,55.225243630624796,0.7504818453315033,0.125,32.65785529768596,32.66758151628765,33.425243631434796,1.0,29,50,30,0.6,0.606,525,318,0.6057142857142858,0.0,1.0,0.6231656301649113,0.10237572193631964,0.10237572193631964,0.06220543866225898,53.24999999595011,0.6132930572801827,2.8444444444444446,2.44,2.8683385579937304,0.0
320,template_deposition,C,C,none,0,1.0,template_site:index=543:site=C:neigh=1:ahead0=33.370:mode=shell,y,xz,541,221,320,0,320,5009.583253160929,59.78269429214856,500.0,0.001,63.987803674999995,0.063987803675,-4778.246,-4770.672,-4778.246,-7.5742188,-7.338867,0.8137885426557668,0.063987803675,0.063987803675,10,540,543,6,6,1.4257570483884439,18.946341101635426,55.169999996429055,10.0,511.90242939999996,0.0,-5.6029305,-89.768845,55.249609736800124,0.5000000008100001,54.74960973599013,33.449609737610125,0.7716961590183531,5.0009530195052445,54.46119341923738,54.47334792963826,55.23343137128674,0.7537705899342074,0.125,32.66119342004738,32.67334793044826,33.43343137209674,1.0,29,50,30,0.6,0.608,525,319,0.6076190476190476,0.0,1.0,0.6251191274381556,0.10206622943764806,0.10206622943764806,0.06221179699056644,53.24999999595011,0.613355745024064,2.842883548983364,2.423076923076923,2.865625,0.0
321,template_deposition,C,C,none,0,1.0,template_site:index=538:site=C:neigh=1:ahead0=33.370:mode=shell,y,xz,542,221,321,0,321,5014.946434151803,5.363180990873656,500.0,0.001,63.987803674999995,0.063987803675,-4785.8003,-4778.246,-4785.8003,-7.554199,-7.251465,0.5775917693692713,0.063987803675,0.063987803675,8,541,538,5,5,1.4454558599902312,6.648780368364573,55.169999996429055,10.0,511.90242939999996,0.0,-5.6176877,-90.00528,55.249609736800124,0.5000000008100001,54.74960973599013,33.449609737610125,0.8029615713730467,5.016580997691198,54.63951328786686,55.18084847981089,55.23343137128674,0.7319301621492633,0.125,32.83951328867686,33.38084848062089,33.43343137209674,1.0,29,50,30,0.6,0.61,525,320,0.6095238095238096,0.0,1.0,0.6270726247113998,0.10230377971550424,0.10230377971550424,0.06255145388319402,53.24999999595011,0.6167044749516328,2.841328413284133,2.4074074074074074,2.8629283489096573,0.0
322,template_deposition,C,C,none,0,1.0,template_site:index=539:site=C:neigh=1:ahead0=33.370:mode=shell,y,xz,543,221,322,0,322,5026.637613173434,11.691179021630441,500.0,0.001,63.987803674999995,0.063987803675,-4793.683,-4785.8003,-4793.683,-7.8828125,-7.176758,0.14300546350509594,0.063987803675,0.063987803675,11,542,539,4,4,1.3949110460594807,9.10829251399494,55.169999996429055,10.0,511.90242939999996,0.0,-5.6330867,-90.252,55.22649778606672,0.5000000008100001,54.726497785256726,33.42649778687672,0.830957155816136,5.032208975877152,54.64361495687392,55.197182527263024,55.2242462273332,0.734846861772564,0.125,32.84361495768392,33.397182528073024,33.4242462281432,1.0,29,50,30,0.6,0.612,525,321,0.6114285714285714,0.0,1.0,0.629026121984644,0.10199880421640968,0.10199880421640968,0.0625592665860646,53.24999999595011,0.6167815015996585,2.839779005524862,2.392857142857143,2.860248447204969,0.0
323,template_deposition,C,C,none,0,1.0,template_site:index=537:site=C:neigh=1:ahead0=33.370:mode=shell,y,xz,544,221,323,0,323,5161.505037977904,134.86742480447006,500.0,0.001,63.987803674999995,0.063987803675,-4801.168,-4793.683,-4801.168,-7.4848633,-7.1796875,0.9999550873454822,0.063987803675,0.063987803675,9,543,537,3,3,1.4341357325195385,4.189268220174695,55.169999996429055,10.0,511.90242939999996,0.0,-5.6477084,-90.48627,55.22649778606672,0.5000000008100001,54.726497785256726,33.42649778687672,0.8523260400057562,5.047836954063106,54.824235688897886,55.199795237645716,55.2242462273332,0.6646588224015278,0.125,33.024235689707886,33.39979523845572,33.4242462281432,1.0,29,50,30,0.6,0.614,525,322,0.6133333333333333,0.0,1.0,0.6309796192578883,0.10224221575760956,0.10224221575760956,0.06290330607563407,53.24999999595011,0.6201734402294745,2.838235294117647,2.3793103448275863,2.8575851393188856,0.0
324,template_deposition,C,C,none,0,1.0,template_site:index=545:site=C:neigh=1:ahead0=33.370:mode=shell,y,xz,545,221,324,0,324,5162.69257770652,1.1875397286156288,500.0,0.001,63.987803674999995,0.063987803675,-4808.3477,-4801.168,-4808.3477,-7.1796875,-6.7373047,0.5620080920337671,0.063987803675,0.063987803675,8,544,545,2,2,1.504832797816266,23.86536539545567,55.169999996429055,10.0,511.90242939999996,0.0,-5.661734,-90.71098,55.22649778606672,0.5000000008100001,54.726497785256726,33.42649778687672,0.8684769973282601,5.06346493224906,55.012113200125796,55.20486542755968,55.2242462273332,0.5034430039400358,0.125,33.212113200935796,33.40486542836968,33.4242462281432,1.0,29,50,30,0.6,0.616,525,323,0.6152380952380953,0.0,1.0,0.6329331165311325,0.10250652222511049,0.10250652222511049,0.06326116800178247,53.24999999595011,0.623701656403037,2.836697247706422,2.3666666666666667,2.8549382716049383,0.0
325,template_deposition,C,C,none,0,1.0,template_site:index=536:site=C:neigh=1:ahead0=33.370:mode=shell,y,xz,546,221,325,0,325,5165.132305412087,2.4397277055665687,500.0,0.001,63.987803674999995,0.063987803675,-4815.5757,-4808.3477,-4815.5757,-7.2280273,-6.727051,1.0,0.063987803675,0.063987803675,8,545,536,1,1,1.4899020550296602,1.729756074544329,55.169999996429055,10.0,511.90242939999996,0.0,-5.6758537,-90.9372,55.22649778606672,0.5000000008100001,54.726497785256726,33.42649778687672,0.8828583444060994,5.079092910435014,55.200507343261215,55.20486542755968,55.2242462273332,0.023007651822276036,0.125,33.400507344071215,33.40486542836968,33.4242462281432,1.0,30,50,31,0.62,0.618,525,324,0.6171428571428571,0.0,1.0,0.6348866138043767,0.10277079182791143,0.10277079182791143,0.06362001398870708,53.24999999595011,0.6272395745842528,2.8351648351648353,2.3548387096774195,2.852307692307692,0.0
326,template_deposition,C,C,none,0,1.0,template_site:index=547:site=C:neigh=2:ahead0=34.080:mode=shell,y,xz,547,221,326,0,326,5186.893517222952,21.761211810865642,500.0,0.001,63.987803674999995,0.063987803675,-4828.0596,-4815.5757,-4828.0596,-12.483887,-11.15625,0.10245736983668638,0.063987803675,0.063987803675,9,546,547,10,10,1.3664838571881572,2.959512147359512,55.87999999659806,10.0,511.90242939999996,0.0,-5.700241,-91.327934,55.72449380599338,0.5000000008100001,55.224493805183386,33.92449380680338,0.9165256657792021,5.094720888620968,55.27105512482295,55.21575879409848,55.37589659204472,0.17256330473815942,0.125,33.47105512563295,33.41575879490848,33.57589659285472,1.0,29,50,30,0.6,0.6178181818181818,525,324,0.6171428571428571,0.0,1.0,0.636840111077621,0.10267194823813788,0.10267194823813788,0.06375439071549134,53.24999999595011,0.6285644155526491,2.8409506398537476,2.46875,2.861963190184049,0.0
327,template_deposition,C,C,none,0,1.0,template_site:index=554:site=C:neigh=2:ahead0=34.080:mode=shell,y,xz,548,221,327,0,327,5216.092029037241,29.19851181428947,500.0,0.001,63.987803674999995,0.063987803675,-4840.8677,-4828.0596,-4840.8677,-12.808105,-11.220215,0.504014223785112,0.063987803675,0.063987803675,10,547,554,8,8,1.3175362936370734,20.17609717701012,55.87999999659806,10.0,511.90242939999996,0.0,-5.7252617,-91.728806,55.72449380599338,0.5000000008100001,55.224493805183386,33.92449380680338,0.9474053328753499,5.1103488668069215,55.3334325214594,55.22105004844602,55.696091056622905,0.21574939580018002,0.125,33.5334325222694,33.42105004925602,33.896091057432905,1.0,29,50,30,0.6,0.6196363636363637,525,325,0.6190476190476191,0.0,1.0,0.6387936083508652,0.10254872330969235,0.10254872330969235,0.06387320480432267,53.24999999595011,0.6297358220623429,2.843065693430657,2.515151515151515,2.8654434250764527,0.0
328,template_deposition,C,C,none,0,1.0,template_site:index=555:site=C:neigh=2:ahead0=34.080:mode=shell,y,xz,549,221,328,0,328,5222.071536756746,5.97950771950446,500.0,0.001,63.987803674999995,0.063987803675,-4851.979,-4840.8677,-4851.979,-11.111328,-10.696289,0.9999999999995361,0.063987803675,0.063987803675,10,548,555,7,7,1.201467376971846,22.635609322640487,55.87999999659806,10.0,511.90242939999996,0.0,-5.746968,-92.07658,55.89404817898682,0.5000000008100001,55.394048178176824,34.09404817979682,0.9820566509120563,5.125976844992875,55.42763064558717,55.23586621650815,55.77536011789142,0.2722408911131884,0.125,33.62763064639717,33.43586621731815,33.97536011870142,1.0,29,50,30,0.6,0.6214545454545454,525,326,0.6209523809523809,0.0,1.0,0.6407471056241094,0.10252326416584503,0.10252326416584503,0.06405262980266128,53.24999999595011,0.631504800919337,2.8451730418943533,2.5588235294117645,2.8689024390243905,0.0
329,template_deposition,C,C,none,0,1.0,template_site:index=550:site=C:neigh=2:ahead0=34.080:mode=shell,y,xz,550,221,329,0,329,5227.167771107419,5.096234350672637,500.0,0.001,63.987803674999995,0.063987803675,-4862.2393,-4851.979,-4862.2393,-10.260254,-9.47168,1.0,0.063987803675,0.063987803675,10,549,550,6,6,1.4615981174268908,10.338048586810121,55.87999999659806,10.0,511.90242939999996,0.0,-5.767011,-92.397705,55.89404817898682,0.5000000008100001,55.394048178176824,34.09404817979682,1.0089436158939025,5.141604823178829,55.49793554348054,55.47284218317178,55.81803704670442,0.28274026286632464,0.125,33.69793554429054,33.67284218398178,34.01803704751442,1.0,29,50,30,0.6,0.6232727272727273,525,327,0.6228571428571429,0.0,1.0,0.6427006028973536,0.10242533600088309,0.10242533600088309,0.06418654389388674,53.24999999595011,0.6328250806920828,2.847272727272727,2.6,2.872340425531915,0.0
330,template_deposition,C,C,none,0,1.0,template_site:index=548:site=C:neigh=1:ahead0=34.080:mode=shell,y,xz,551,221,330,0,330,5231.358260319711,4.190489212291724,500.0,0.001,63.987803674999995,0.063987803675,-4872.1274,-4862.2393,-4872.1274,-9.888184,-7.0283203,0.9999994845953776,0.063987803675,0.063987803675,11,550,548,5,5,1.442056411361676,5.419024292989877,55.87999999659806,10.0,511.90242939999996,0.0,-5.7863274,-92.707184,55.89404817898682,0.5000000008100001,55.394048178176824,34.09404817979682,1.039986866750601,5.157232801364783,55.5987834869995,55.74134702703616,55.85415690817077,0.2779742368306281,0.125,33.7987834878095,33.94134702784616,34.05415690898077,1.0,30,50,31,0.62,0.6270909090909091,525,329,0.6266666666666667,0.0,1.0,0.6446541001705979,0.10242055602366515,0.10242055602366515,0.06437863521487525,53.24999999595011,0.6347189387864797,2.8457350272232307,2.5833333333333335,2.8696969696969696,0.0
331,template_deposition,C,C,none,0,1.0,template_site:index=553:site=C:neigh=2:ahead0=34.080:mode=shell,y,xz,552,221,331,0,331,5240.658654259315,9.300393939603843,500.0,0.001,63.987803674999995,0.063987803675,-4881.786,-4872.1274,-4881.786,-9.658691,-6.3637695,0.9959972592160475,0.063987803675,0.063987803675,10,551,553,5,5,1.0845649769201895,17.716585028820244,55.87999999659806,10.0,511.90242939999996,0.0,-5.805196,-93.00949,55.983116069713944,0.5000000008100001,55.483116068903946,34.183116070523944,1.0552614245153153,5.172860779550737,55.69437053333152,55.8108389209538,55.92076854620496,0.2685275134994237,0.125,33.89437053414152,34.0108389217638,34.12076854701496,1.0,30,50,31,0.62,0.6289090909090909,525,330,0.6285714285714286,0.0,1.0,0.6466075974438421,0.10239991097927953,0.10239991097927953,0.06456070577931719,53.24999999595011,0.636514000689565,2.847826086956522,2.638888888888889,2.8731117824773413,0.0
332,template_deposition,C,C,none,0,1.0,template_site:index=546:site=C:neigh=1:ahead0=34.080:mode=shell,y,xz,553,221,332,0,332,5244.49561587975,3.8369616204353187,500.0,0.001,63.987803674999995,0.063987803675,-4888.3584,-4881.786,-4888.3584,-6.5722656,-6.1186523,0.8425347575026071,0.063987803675,0.063987803675,7,552,546,4,4,1.4378538018037117,0.49999999916963384,55.87999999659806,10.0,511.90242939999996,0.0,-5.8180346,-93.215195,55.983116069713944,0.5000000008100001,55.483116068903946,34.183116070523944,1.0804596801271182,5.188488757736691,55.70067765883476,55.811260748202216,55.92076854620496,0.27235045658072426,0.125,33.900677659644764,34.011260749012216,34.12076854701496,1.0,30,50,31,0.62,0.6307272727272727,525,331,0.6304761904761905,0.0,1.0,0.6485610947170863,0.10211047487844808,0.10211047487844808,0.0645727193517043,53.24999999595011,0.6366324443609963,2.84629294755877,2.6052631578947367,2.8704819277108435,0.0
333,template_deposition,C,C,none,0,1.0,template_site:index=549:site=C:neigh=2:ahead0=34.080:mode=shell,y,xz,554,221,333,0,333,5245.80005899897,1.3044431192194859,500.0,0.001,63.987803674999995,0.063987803675,-4898.5312,-4888.3584,-4898.5312,-10.172852,-6.01416,0.9999888204447589,0.063987803675,0.063987803675,12,553,549,3,3,1.0846214583385303,7.878536441179756,55.87999999659806,10.0,511.90242939999996,0.0,-5.8379073,-93.53359,56.00835551797349,0.5000000008100001,55.508355517163494,34.20835551878349,1.0786924189916953,5.204116735922645,55.7928776411787,55.86927680724524,55.99068790419181,0.23443729364600846,0.125,33.9928776419887,34.06927680805524,34.19068790500181,1.0,30,50,31,0.62,0.6325454545454545,525,332,0.6323809523809524,0.0,1.0,0.6505145919903306,0.1020807136396057,0.1020807136396057,0.06474833836569276,53.24999999595011,0.6383638994286197,2.848375451263538,2.675675675675676,2.873873873873874,0.0
334,template_deposition,C,C,none,0,1.0,template_site:index=552:site=C:neigh=1:ahead0=34.080:mode=shell,y,xz,555,221,334,0,334,5264.419921072956,18.61986207398648,500.0,0.001,63.987803674999995,0.063987803675,-4906.333,-4898.5312,-4906.333,-7.801758,-5.541992,0.9932914994613944,0.063987803675,0.063987803675,11,554,552,2,2,1.5919409774811417,15.257072883189878,55.87999999659806,10.0,511.90242939999996,0.0,-5.853148,-93.77777,56.00835551797349,0.5000000008100001,55.508355517163494,34.20835551878349,1.0900647936989474,5.219744714108598,55.87312062112186,55.87664599104782,55.986398627269956,0.0876519609213044,0.125,34.073120621931864,34.07664599185782,34.18639862807996,1.0,30,50,31,0.62,0.6343636363636364,525,333,0.6342857142857142,0.0,1.0,0.6524680892635748,0.1020153312033888,0.1020153312033888,0.06490118213701307,53.24999999595011,0.6398708098502022,2.8468468468468466,2.6578947368421053,2.87125748502994,0.0
335,template_deposition,C,C,none,0,1.0,template_site:index=556:site=C:neigh=1:ahead0=34.080:mode=shell,y,xz,556,221,335,0,335,5285.973156474941,21.553235401984878,500.0,0.001,63.987803674999995,0.063987803675,-4912.648,-4906.333,-4912.648,-6.3149414,-5.324707,1.0,0.063987803675,0.063987803675,7,555,556,1,1,1.6304020103329846,25.095121470830364,55.87999999659806,10.0,511.90242939999996,0.0,-5.865484,-93.97542,56.00835551797349,0.5000000008100001,55.508355517163494,34.20835551878349,1.0979168084996738,5.235372692294553,55.87471784419683,55.87664599104782,55.986398627269956,0.08813385309208689,0.125,34.07471784500683,34.07664599185782,34.18639862807996,1.0,31,50,32,0.64,0.6361818181818182,525,334,0.6361904761904762,0.0,1.0,0.6544215865368191,0.1017155756567368,0.1017155756567368,0.06490422446667968,53.24999999595011,0.6399008046497344,2.8453237410071943,2.641025641025641,2.8686567164179104,0.0
336,template_deposition,C,C,none,0,1.0,template_site:index=557:site=C:neigh=1:ahead0=35.500:mode=shell,y,xz,557,221,336,0,336,5291.578956494933,5.605800019991558,500.0,0.001,63.987803674999995,0.063987803675,-4920.8755,-4912.648,-4920.8755,-8.227539,-7.686035,0.8105809663789572,0.063987803675,0.063987803675,5,556,557,10,10,1.4133331109565181,0.49999999916963384,57.29999999626706,10.0,511.90242939999996,0.0,-5.8815565,-94.232925,57.26376469569247,0.5000000008100001,56.763764694882475,35.46376469650247,0.4862090179052541,5.251000670480507,56.04685418131105,55.88672197345173,56.384978271289185,0.46829497462385317,0.125,34.24685418212105,34.08672197426173,34.584978272099185,1.0,31,50,32,0.64,0.638,525,335,0.638095238095238,0.0,1.0,0.6563750838100634,0.10192516125631264,0.10192516125631264,0.06523210320404009,53.24999999595011,0.6431334119197308,2.8438061041292637,2.2857142857142856,2.8660714285714284,0.0
337,template_deposition,C,C,none,0,1.0,template_site:index=567:site=C:neigh=1:ahead0=35.500:mode=shell,y,xz,558,221,337,0,337,5333.059445224299,41.4804887293667,500.0,0.001,63.987803674999995,0.063987803675,-4929.1577,-4920.8755,-4929.1577,-8.282227,-7.6220703,0.9587908788503892,0.063987803675,0.063987803675,5,557,567,9,9,1.4508872931123873,25.095121470830364,57.29999999626706,10.0,511.90242939999996,0.0,-5.897736,-94.49215,57.26376469569247,0.5000000008100001,56.763764694882475,35.46376469650247,0.5836186518699084,5.266628648666461,56.214100171027475,55.92180325728553,57.250485125630334,0.6068446383288156,0.125,34.414100171837475,34.12180325809553,35.450485126440334,1.0,31,50,32,0.64,0.6398181818181817,525,336,0.64,0.0,1.0,0.6583285810833076,0.10211899160782634,0.10211899160782634,0.06555066699397614,53.24999999595011,0.6462741816799026,2.8422939068100357,2.272727272727273,2.863501483679525,0.0
338,template_deposition,C,C,none,0,1.0,template_site:index=563:site=C:neigh=1:ahead0=35.500:mode=shell,y,xz,559,221,338,0,338,5341.494726447096,8.435281222796656,500.0,0.001,63.987803674999995,0.063987803675,-4937.4287,-4929.1577,-4937.4287,-8.270996,-7.4711914,0.7372749145167351,0.063987803675,0.063987803675,7,558,563,8,8,1.43678226870026,15.257072883189878,57.29999999626706,10.0,511.90242939999996,0.0,-5.913893,-94.751015,57.273687981392165,0.5000000008100001,56.77368798058217,35.473687982202165,0.6542964943737999,5.282256626852415,56.384665343312825,55.9713977147176,57.26674168140238,0.683494137203762,0.125,34.584665344122826,34.1713977155276,35.46674168221238,1.0,31,50,32,0.64,0.6436363636363638,525,338,0.6438095238095238,0.0,1.0,0.6602820783565518,0.1023214951009551,0.1023214951009551,0.06587555303642444,53.24999999595011,0.6494772835071011,2.8443649373881934,2.347826086956522,2.866863905325444,0.0
339,template_deposition,C,C,none,0,1.0,template_site:index=566:site=C:neigh=1:ahead0=35.500:mode=shell,y,xz,560,221,339,0,339,5364.90500673266,23.410280285564134,500.0,0.001,63.987803674999995,0.063987803675,-4945.0703,-4937.4287,-4945.0703,-7.6416016,-7.415039,0.7309209671427521,0.063987803675,0.063987803675,9,559,566,7,7,1.4169503316947014,22.635609322640487,57.29999999626706,10.0,511.90242939999996,0.0,-5.928821,-94.99019,57.29906725534172,0.5000000008100001,56.79906725453172,35.49906725615172,0.7121480611904117,5.2978846050383686,56.39830074703777,55.9713977147176,57.281301763577034,0.6858458549027954,0.125,34.59830074784777,34.1713977155276,35.481301764387034,1.0,31,50,32,0.64,0.6454545454545455,525,339,0.6457142857142857,0.0,1.0,0.6622355756297961,0.10205988421194033,0.10205988421194033,0.06590152523399576,53.24999999595011,0.649733347426838,2.842857142857143,2.3333333333333335,2.864306784660767,0.0
340,template_deposition,C,C,none,0,1.0,template_site:index=564:site=C:neigh=1:ahead0=35.500:mode=shell,y,xz,561,221,340,0,340,5436.169213242137,71.26420650947658,500.0,0.001,63.987803674999995,0.063987803675,-4953.7466,-4945.0703,-4953.7466,-8.67627,-7.34375,0.5833921568620646,0.063987803675,0.063987803675,9,560,564,6,6,1.3679421990261327,17.716585028820244,57.29999999626706,10.0,511.90242939999996,0.0,-5.9457703,-95.26174,57.31560232931374,0.5000000008100001,56.81560232850374,35.51560233012374,0.751671679244853,5.313512583224322,56.579572370811164,56.631367796780964,57.30402777753333,0.7063990758222418,0.125,34.779572371621164,34.831367797590964,35.50402777834333,1.0,31,50,32,0.64,0.6472727272727272,525,340,0.6476190476190476,0.0,1.0,0.6641890729030403,0.10229285991653284,0.10229285991653284,0.06624680451737365,53.24999999595011,0.6531375093758929,2.841354723707665,2.32,2.861764705882353,0.0
341,template_deposition,C,C,none,0,1.0,template_site:index=558:site=C:neigh=1:ahead0=35.500:mode=shell,y,xz,562,221,341,0,341,5448.281342549158,12.112129307021238,500.0,0.001,63.987803674999995,0.063987803675,-4961.3965,-4953.7466,-4961.3965,-7.6499023,-7.291504,0.400378520402672,0.063987803675,0.063987803675,9,561,558,5,5,1.4723817070714933,2.959512147359512,57.29999999626706,10.0,511.90242939999996,0.0,-5.9607143,-95.501175,57.31560232931374,0.5000000008100001,56.81560232850374,35.51560233012374,0.7855132637125948,5.329140561410276,56.580597524912136,56.631367796780964,57.30402777753333,0.7098167123773104,0.125,34.780597525722136,34.831367797590964,35.50402777834333,1.0,31,50,32,0.64,0.649090909090909,525,341,0.6495238095238095,0.0,1.0,0.6661425701762845,0.10199588717220567,0.10199588717220567,0.06624875719185169,53.24999999595011,0.6531567610961004,2.8398576512455516,2.3076923076923075,2.8592375366568916,0.0
342,template_deposition,C,C,none,0,1.0,template_site:index=559:site=C:neigh=1:ahead0=35.500:mode=shell,y,xz,563,221,342,0,342,5455.144573930128,6.863231380970562,500.0,0.001,63.987803674999995,0.063987803675,-4969.048,-4961.3965,-4969.048,-7.651367,-7.2441406,0.26104556832732173,0.063987803675,0.063987803675,9,562,559,4,4,1.4631327495272708,5.419024292989877,57.29999999626706,10.0,511.90242939999996,0.0,-5.9756613,-95.740654,57.31560232931374,0.5000000008100001,56.81560232850374,35.51560233012374,0.8117713430944729,5.34476853959623,56.755372646024014,57.272077807673554,57.30402777753333,0.6929769041914438,0.125,34.955372646834014,35.472077808483554,35.50402777834333,1.0,31,50,32,0.64,0.6509090909090909,525,342,0.6514285714285715,0.0,1.0,0.6680960674495288,0.10220869194980706,0.10220869194980706,0.06658166218444574,53.24999999595011,0.6564389229951647,2.838365896980462,2.2962962962962963,2.8567251461988303,0.0
343,template_deposition,C,C,none,0,1.0,template_site:index=560:site=C:neigh=1:ahead0=35.500:mode=shell,y,xz,564,221,343,0,343,5466.768667490744,11.624093560615469,500.0,0.001,63.987803674999995,0.063987803675,-4976.7007,-4969.048,-4976.7007,-7.652832,-7.2490234,0.8624595508771751,0.063987803675,0.063987803675,9,563,560,3,3,1.3582290588077424,7.878536441179756,57.29999999626706,10.0,511.90242939999996,0.0,-5.990611,-95.98017,57.335198427592566,0.5000000008100001,56.83519842678257,35.535198428402566,0.8353695857463715,5.360396517782184,56.931903695927005,57.297555048672784,57.32148115879739,0.6408586062714411,0.125,35.131903696737005,35.497555049482784,35.52148115960739,1.0,31,50,32,0.64,0.6527272727272728,525,343,0.6533333333333333,0.0,1.0,0.670049564722773,0.10242537520914578,0.10242537520914578,0.06691791180330858,53.24999999595011,0.6597540600827969,2.8368794326241136,2.2857142857142856,2.8542274052478134,0.0
344,template_deposition,C,C,none,0,1.0,template_site:index=565:site=C:neigh=1:ahead0=35.500:mode=shell,y,xz,565,221,344,0,344,5488.618621953108,21.849954462364558,500.0,0.001,63.987803674999995,0.063987803675,-4986.681,-4976.7007,-4986.681,-9.980469,-7.17041,0.9999998769754759,0.063987803675,0.063987803675,10,564,565,2,2,1.4310340852626915,20.17609717701012,57.29999999626706,10.0,511.90242939999996,0.0,-6.010108,-96.29255,57.335198427592566,0.5000000008100001,56.83519842678257,35.535198428402566,0.8454706758986122,5.376024495968138,57.10266935462096,57.29263615827125,57.317067508080434,0.5020539054825708,0.125,35.30266935543096,35.49263615908125,35.517067508890435,1.0,31,50,32,0.64,0.6527272727272728,525,343,0.6533333333333333,0.0,1.0,0.6720030619960172,0.1026240388239272,0.1026240388239272,0.0672431797246304,53.24999999595011,0.6629609269129741,2.838938053097345,2.3448275862068964,2.8575581395348837,0.0
345,template_deposition,C,C,none,0,1.0,template_site:index=561:site=C:neigh=1:ahead0=35.500:mode=shell,y,xz,566,221,345,0,345,5494.089177827723,5.470555874614968,500.0,0.001,63.987803674999995,0.063987803675,-4994.11,-4986.681,-4994.11,-7.428711,-6.480957,1.0,0.063987803675,0.063987803675,9,565,561,1,1,1.531966814894682,10.338048586810121,57.29999999626706,10.0,511.90242939999996,0.0,-6.02462,-96.525055,57.34368397442286,0.5000000008100001,56.84368397361286,35.54368397523286,0.8557855251741352,5.391652474154092,57.29030754465782,57.29263615827125,57.31961317212953,0.029032468716449666,0.125,35.49030754546782,35.49263615908125,35.51961317293953,1.0,31,50,32,0.64,0.6545454545454547,525,344,0.6552380952380953,0.0,1.0,0.6739565592692615,0.10287045665352992,0.10287045665352992,0.0676005858008911,53.24999999595011,0.6664846487918688,2.8374558303886928,2.3333333333333335,2.8550724637681157,0.0
346,template_deposition,C,C,none,0,1.0,template_site:index=571:site=C:neigh=2:ahead0=36.210:mode=shell,y,xz,567,221,346,0,346,5553.88845155738,59.799273729657195,500.0,0.001,63.987803674999995,0.063987803675,-5005.5684,-4994.11,-5005.5684,-11.458496,-11.135742,0.5187220993051689,0.063987803675,0.063987803675,9,566,571,9,9,1.3994761545046028,9.10829251399494,58.00999999643606,10.0,511.90242939999996,0.0,-6.047004,-96.88369,57.90426332780217,0.5000000008100001,57.40426332699217,36.10426332861217,0.8990466240265629,5.4072804523400455,57.367423723392974,57.302669978003834,57.49479300758492,0.20429187709217123,0.125,35.567423724202975,35.502669978813834,35.69479300839492,1.0,31,50,32,0.64,0.6565454545454545,525,345,0.6571428571428571,0.0,1.0,0.6759100565425057,0.10279602232428606,0.10279602232428606,0.06774747376038662,53.24999999595011,0.6679328399419348,2.8395061728395063,2.3870967741935485,2.8583815028901736,0.0
347,template_deposition,C,C,none,0,1.0,template_site:index=569:site=C:neigh=2:ahead0=36.210:mode=shell,y,xz,568,221,347,0,347,5560.043344352387,6.154892795006659,500.0,0.001,63.987803674999995,0.063987803675,-5016.9814,-5005.5684,-5016.9814,-11.413086,-11.130371,0.9999948691273844,0.063987803675,0.063987803675,10,567,569,8,8,1.3031702319016114,4.189268220174695,58.00999999643606,10.0,511.90242939999996,0.0,-6.069299,-97.2409,57.90426332780217,0.5000000008100001,57.40426332699217,36.10426332861217,0.9287048244652467,5.422908430525999,57.43394013499851,57.30885431988878,57.8550597958877,0.25291036779371695,0.125,35.63394013580851,35.50885432069878,36.0550597966977,1.0,31,50,32,0.64,0.6585454545454545,525,346,0.659047619047619,0.0,1.0,0.6778635538157499,0.10269147013201299,0.10269147013201299,0.0678741716872543,53.24999999595011,0.6691819744322746,2.841549295774648,2.4375,2.861671469740634,0.0
348,template_deposition,C,C,none,0,1.0,template_site:index=570:site=C:neigh=2:ahead0=36.210:mode=shell,y,xz,569,221,348,0,348,5581.261186318604,21.217841966217225,500.0,0.001,63.987803674999995,0.063987803675,-5027.85,-5016.9814,-5027.85,-10.868652,-10.599121,0.997429073267943,0.063987803675,0.063987803675,12,568,570,7,7,1.3512596084814572,6.648780368364573,58.00999999643606,10.0,511.90242939999996,0.0,-6.0905313,-97.58107,58.03673342340161,0.5000000008100001,57.53673342259161,36.23673342421161,0.9688472023300116,5.438536408711953,57.456809283408106,57.314981701552085,57.92022624114808,0.29083940306313344,0.125,35.656809284218106,35.514981702362086,36.12022624195808,1.0,31,50,32,0.64,0.6605454545454547,525,347,0.660952380952381,0.0,1.0,0.6798170510889942,0.1024620956443049,0.1024620956443049,0.06791773196993925,53.24999999595011,0.6696114420080743,2.843585237258348,2.484848484848485,2.8649425287356323,0.0
349,template_deposition,C,C,none,0,1.0,template_site:index=576:site=C:neigh=2:ahead0=36.210:mode=shell,y,xz,570,221,349,0,349,5582.476850617042,1.2156642984380381,500.0,0.001,63.987803674999995,0.063987803675,-5038.429,-5027.85,-5038.429,-10.579102,-10.342773,0.9999999999351081,0.063987803675,0.063987803675,9,569,576,6,6,1.234294400642392,21.405853249825302,58.00999999643606,10.0,511.90242939999996,0.0,-6.1111975,-97.91218,58.03673342340161,0.5000000008100001,57.53673342259161,36.23673342421161,0.9962067020052987,5.454164386897907,57.543520046209395,57.3209391606282,58.01675970451355,0.3355214786068715,0.125,35.743520047019395,35.5209391614382,36.21675970532355,1.0,31,50,32,0.64,0.6625454545454545,525,348,0.6628571428571428,0.0,1.0,0.6817705483622384,0.10241696288544239,0.10241696288544239,0.06808289532765599,53.24999999595011,0.6712398131406168,2.8456140350877193,2.5294117647058822,2.8681948424068766,0.0
350,template_deposition,C,C,none,0,1.0,template_site:index=577:site=C:neigh=2:ahead0=36.210:mode=shell,y,xz,571,221,350,0,350,5635.276497806165,52.799647189123135,500.0,0.001,63.987803674999995,0.063987803675,-5048.6045,-5038.429,-5048.6045,-10.175293,-9.470703,0.999998001433421,0.063987803675,0.063987803675,9,570,577,5,5,1.5092812922632197,23.86536539545567,58.00999999643606,10.0,511.90242939999996,0.0,-6.131075,-98.23065,58.03673342340161,0.5000000008100001,57.53673342259161,36.23673342421161,1.0166332753623994,5.469792365083861,57.61929954917633,57.59575331188344,58.0049605543718,0.3361781923003123,0.125,35.81929954998633,35.79575331269344,36.2049605551818,1.0,31,50,32,0.64,0.6645454545454547,525,349,0.6647619047619048,0.0,1.0,0.6837240456354826,0.10234085585710381,0.10234085585710381,0.0682272372380692,53.24999999595011,0.67266290239832,2.8476357267950965,2.5714285714285716,2.8714285714285714,0.0
351,template_deposition,C,C,none,0,1.0,template_site:index=568:site=C:neigh=2:ahead0=36.210:mode=shell,y,xz,572,221,351,0,351,5648.813071533086,13.536573726921034,500.0,0.001,63.987803674999995,0.063987803675,-5058.1357,-5048.6045,-5058.1357,-9.53125,-8.905273,1.0,0.063987803675,0.063987803675,9,571,568,4,4,1.435327408676319,1.729756074544329,58.00999999643606,10.0,511.90242939999996,0.0,-6.1496944,-98.52897,58.03673342340161,0.5000000008100001,57.53673342259161,36.23673342421161,1.0365424659522375,5.485420343269815,57.7064317729746,57.92206191551551,58.0049605543718,0.3359442501119134,0.125,35.9064317737846,36.122061916325514,36.2049605551818,1.0,31,50,32,0.64,0.6665454545454546,525,350,0.6666666666666666,0.0,1.0,0.6856775429087268,0.10229752642103873,0.10229752642103873,0.06839320337863733,53.24999999595011,0.6742991882913696,2.8496503496503496,2.611111111111111,2.8746438746438745,0.0
352,template_deposition,C,C,none,0,1.0,template_site:index=573:site=C:neigh=1:ahead0=36.210:mode=shell,y,xz,573,221,352,0,352,5674.116114032826,25.30304249973956,500.0,0.001,63.987803674999995,0.063987803675,-5064.8076,-5058.1357,-5064.8076,-6.671875,-5.7822266,0.8444014349695823,0.063987803675,0.063987803675,10,572,573,3,3,1.5812191644895008,14.027316807815183,58.00999999643606,10.0,511.90242939999996,0.0,-6.162728,-98.737785,58.03673342340161,0.5000000008100001,57.53673342259161,36.23673342421161,1.0557536852371472,5.501048321455769,57.80150047962038,57.9442822070765,58.01261394604247,0.29635143859437973,0.125,36.00150048043038,36.1442822078865,36.21261394685247,1.0,31,50,32,0.64,0.6685454545454546,525,351,0.6685714285714286,0.0,1.0,0.6876310401819711,0.10227699000122267,0.10227699000122267,0.0685742866293912,53.24999999595011,0.6760845161158394,2.8481675392670156,2.5945945945945947,2.872159090909091,0.0
353,template_deposition,C,C,none,0,1.0,template_site:index=562:site=C:neigh=1:ahead0=35.500:mode=shell,y,xz,574,221,353,0,353,5678.840178552004,4.724064519178116,500.0,0.001,63.987803674999995,0.063987803675,-5072.672,-5064.8076,-5072.672,-7.864258,-6.821289,1.0,0.063987803675,0.063987803675,13,573,562,1,1,1.4896473058008362,12.797560735,57.29999999626706,10.0,511.90242939999996,0.0,-6.1780906,-98.983925,58.03673342340161,0.5000000008100001,57.53673342259161,36.23673342421161,1.052928221554476,5.5166762996417225,57.795497913461226,57.940597169759855,58.0049605543718,0.28970228698213535,0.125,35.995497914271226,36.140597170569855,36.2049605551818,1.0,32,50,33,0.66,0.6703636363636363,525,352,0.6704761904761904,0.0,1.0,0.6895845374552153,0.10197024904892699,0.10197024904892699,0.06856285317004043,53.24999999595011,0.6759717918687105,2.846689895470383,2.5789473684210527,2.869688385269122,0.0
354,template_deposition,C,C,none,0,1.0,template_site:index=551:site=C:neigh=3:ahead0=34.080:mode=shell,y,xz,575,221,354,0,354,5703.5898886330215,24.7497100810181,500.0,0.001,63.987803674999995,0.063987803675,-5085.573,-5072.672,-5085.573,-12.901367,-2.6499023,1.0,0.063987803675,0.063987803675,16,574,551,1,1,1.016194193760454,12.797560735,55.87999999659806,10.0,511.90242939999996,0.0,-6.2032933,-99.38772,58.03673342340161,0.5000000008100001,57.53673342259161,36.23673342421161,1.04257436993565,5.532304277827676,57.79871706296166,57.9442822070765,58.0049605543718,0.2875352060825395,0.125,35.99871706377166,36.1442822078865,36.2049605551818,1.0,32,50,33,0.66,0.6721818181818182,525,353,0.6723809523809524,0.0,1.0,0.6915380347284595,0.1016912911405979,0.1016912911405979,0.06856898488337458,53.24999999595011,0.6760322453804604,2.848695652173913,2.6153846153846154,2.8728813559322033,0.0
355,template_deposition,C,C,none,0,1.0,template_site:index=572:site=C:neigh=2:ahead0=36.210:mode=shell,y,xz,576,221,355,0,355,5721.806853751836,18.216965118813892,500.0,0.001,63.987803674999995,0.063987803675,-5095.761,-5085.573,-5095.761,-10.187988,-9.22998,1.0,0.063987803675,0.063987803675,12,575,572,2,2,1.4177562499088892,11.567804662184816,58.00999999643606,10.0,511.90242939999996,0.0,-6.2231956,-99.70659,58.049600214248166,0.5000000008100001,57.54960021343817,36.249600215058166,1.063534485433588,5.54793225601363,57.89231027812288,57.970401319238476,58.04059346065557,0.23730758554379158,0.125,36.09231027893288,36.17040132004848,36.24059346146557,1.0,32,50,33,0.66,0.6741818181818182,525,354,0.6742857142857143,0.0,1.0,0.6934915320017038,0.10166847965896586,0.10166847965896586,0.06874725767415786,53.24999999595011,0.6777898644446545,2.8506944444444446,2.65,2.876056338028169,0.0
356,template_deposition,C,C,none,0,1.0,template_site:index=575:site=C:neigh=1:ahead0=36.210:mode=shell,y,xz,577,221,356,0,356,5744.720057157498,22.913203405661733,500.0,0.001,63.987803674999995,0.063987803675,-5102.439,-5095.761,-5102.439,-6.6777344,-5.7905273,1.0,0.063987803675,0.063987803675,11,576,575,1,1,1.526335473832291,18.946341101635426,58.00999999643606,10.0,511.90242939999996,0.0,-6.2362404,-99.91559,58.049600214248166,0.5000000008100001,57.54960021343817,36.249600215058166,1.0762689908378418,5.563560234199584,57.989611737813036,58.00557644307838,58.04059346065557,0.0487960700961736,0.125,36.189611738623036,36.20557644388838,36.24059346146557,1.0,33,50,34,0.68,0.6761818181818182,525,355,0.6761904761904762,0.0,1.0,0.695445029274948,0.10165621274894111,0.10165621274894111,0.06893259378785341,53.24999999595011,0.6796171219037636,2.849220103986135,2.6341463414634148,2.8735955056179776,0.0
357,template_deposition,C,C,none,0,1.0,template_site:index=585:site=C:neigh=1:ahead0=37.630:mode=shell,y,xz,578,221,357,0,357,5748.999273311438,4.2792161539400855,500.0,0.001,63.987803674999995,0.063987803675,-5110.886,-5102.439,-5110.886,-8.447266,-7.9194336,0.9999929594703945,0.063987803675,0.063987803675,7,577,585,9,9,1.4062800703703482,18.946341101635426,59.42999999610506,10.0,511.90242939999996,0.0,-6.2527423,-100.17998,59.39399257971161,0.5000000008100001,58.89399257890161,37.59399258052161,0.49432111372285137,5.579188212385538,58.158289210159495,57.99515897278759,58.4529179238872,0.4692602565712049,0.125,36.358289210969495,36.19515897359759,36.6529179246972,1.0,33,50,34,0.68,0.6781818181818181,525,356,0.6780952380952381,0.0,1.0,0.6973985265481922,0.10184394736966246,0.10184394736966246,0.06925388421137046,53.24999999595011,0.6827847739668488,2.847750865051903,2.3333333333333335,2.8711484593837535,0.0
358,template_deposition,C,C,none,0,1.0,template_site:index=582:site=C:neigh=1:ahead0=37.630:mode=shell,y,xz,579,221,358,0,358,5749.769217685039,0.7699443736007022,500.0,0.001,63.987803674999995,0.063987803675,-5118.4272,-5110.886,-5118.4272,-7.5410156,-7.3710938,0.5332083592047181,0.063987803675,0.063987803675,8,578,582,8,8,1.380515599230142,11.567804662184816,59.42999999610506,10.0,511.90242939999996,0.0,-6.2674737,-100.416,59.46208780343051,0.5000000008100001,58.96208780262051,37.66208780424051,0.6064892656643409,5.594816190571493,58.33407662954791,57.99206485575007,59.41442114682728,0.6329138530687086,0.125,36.53407663035791,36.19206485656007,37.61442114763728,1.0,33,50,34,0.68,0.6801818181818181,525,357,0.68,0.0,1.0,0.6993520238214366,0.10205049338088801,0.10205049338088801,0.06958871739115792,53.24999999595011,0.6860859461621874,2.846286701208981,2.3181818181818183,2.868715083798883,0.0
359,template_deposition,C,C,none,0,1.0,template_site:index=581:site=C:neigh=1:ahead0=37.630:mode=shell,y,xz,580,221,359,0,359,5775.945661168276,26.17644348323726,500.0,0.001,63.987803674999995,0.063987803675,-5127.958,-5118.4272,-5127.958,-9.530762,-7.3476562,0.40058800064430455,0.063987803675,0.063987803675,9,579,581,7,7,1.4199741610807457,9.10829251399494,59.42999999610506,10.0,511.90242939999996,0.0,-6.286092,-100.714294,59.50401818725586,0.5000000008100001,59.00401818644586,37.70401818806586,0.6907402019447322,5.6104441687574464,58.52177915518148,57.99206485575007,59.498701727428134,0.7315883721098274,0.125,36.72177915599148,36.19206485656007,37.698701728238134,1.0,33,50,34,0.68,0.6821818181818182,525,358,0.6819047619047619,0.0,1.0,0.7013055210946808,0.10228907842894562,0.10228907842894562,0.06994624601141233,53.24999999595011,0.6896108762213019,2.8482758620689657,2.391304347826087,2.871866295264624,0.0
360,template_deposition,C,C,none,0,1.0,template_site:index=586:site=C:neigh=1:ahead0=37.630:mode=shell,y,xz,581,221,360,0,360,5789.613880236902,13.668219068625858,500.0,0.001,63.987803674999995,0.063987803675,-5135.5786,-5127.958,-5135.5786,-7.6206055,-7.32959,0.963399365174069,0.063987803675,0.063987803675,9,580,586,6,6,1.4289813079776632,21.405853249825302,59.42999999610506,10.0,511.90242939999996,0.0,-6.3009787,-100.95281,59.50401818725586,0.5000000008100001,59.00401818644586,37.70401818806586,0.7454336062018532,5.6260721469434,58.70358092247025,58.69515721692733,59.498701727428134,0.7559594802464337,0.125,36.90358092328025,36.89515721773733,37.698701728238134,1.0,33,50,34,0.68,0.6841818181818182,525,359,0.6838095238095238,0.0,1.0,0.703259018367925,0.10250994700911181,0.10250994700911181,0.07029253509196239,53.24999999595011,0.6930249939171254,2.846815834767642,2.375,2.8694444444444445,0.0
361,template_deposition,C,C,none,0,1.0,template_site:index=580:site=C:neigh=1:ahead0=37.630:mode=shell,y,xz,582,221,361,0,361,5790.435881196942,0.8220009600399416,500.0,0.001,63.987803674999995,0.063987803675,-5143.8467,-5135.5786,-5143.8467,-8.268066,-7.185547,0.9296810641114748,0.063987803675,0.063987803675,9,581,580,5,5,1.3905841579654854,6.648780368364573,59.42999999610506,10.0,511.90242939999996,0.0,-6.31713,-101.211586,59.50401818725586,0.5000000008100001,59.00401818644586,37.70401818806586,0.7862624357139403,5.641700125129354,58.709873546757464,58.70174426712822,59.492483559981025,0.7475111892255356,0.125,36.909873547567464,36.90174426793822,37.692483560791025,1.0,33,50,34,0.68,0.6841818181818182,525,359,0.6838095238095238,0.0,1.0,0.7052125156411693,0.10224341702927275,0.10224341702927275,0.07030452104298565,53.24999999595011,0.693143165265251,2.845360824742268,2.36,2.8670360110803323,0.0
362,template_deposition,C,C,none,0,1.0,template_site:index=579:site=C:neigh=1:ahead0=37.630:mode=shell,y,xz,583,221,362,0,362,5805.013283064846,14.577401867904014,500.0,0.001,63.987803674999995,0.063987803675,-5151.4775,-5143.8467,-5151.4775,-7.6308594,-7.279297,0.9993908549966991,0.063987803675,0.063987803675,9,582,579,4,4,1.4337847505872774,4.189268220174695,59.42999999610506,10.0,511.90242939999996,0.0,-6.332037,-101.45042,59.50401818725586,0.5000000008100001,59.00401818644586,37.70401818806586,0.8171513264275417,5.657328103315308,58.886800539902055,59.416098581531486,59.4912025508802,0.7277104084352045,0.125,37.086800540712055,37.616098582341486,37.6912025516902,1.0,33,50,34,0.68,0.6861818181818182,525,360,0.6857142857142857,0.0,1.0,0.7071660129144135,0.1024497252505858,0.1024497252505858,0.07064152483945153,53.24999999595011,0.6964657379067166,2.843910806174957,2.3461538461538463,2.8646408839779007,0.0
363,template_deposition,C,C,none,0,1.0,template_site:index=583:site=C:neigh=1:ahead0=37.630:mode=shell,y,xz,584,221,363,0,363,5805.423065570941,0.40978250609445616,500.0,0.001,63.987803674999995,0.063987803675,-5158.991,-5151.4775,-5158.991,-7.513672,-6.9594727,0.9918456047591574,0.063987803675,0.063987803675,9,583,583,3,3,1.4520948970660839,14.027316807815183,59.42999999610506,10.0,511.90242939999996,0.0,-6.346715,-101.685585,59.48571013529064,0.5000000008100001,58.98571013448064,37.68571013610064,0.8397733514149717,5.672956081501262,59.0639689675444,59.42355587996428,59.48330484889023,0.6546850584156412,0.125,37.2639689683544,37.62355588077428,37.68330484970023,1.0,33,50,34,0.68,0.6881818181818181,525,361,0.6876190476190476,0.0,1.0,0.7091195101876577,0.1026555618962931,0.1026555618962931,0.07097898851115124,53.24999999595011,0.6997928445293611,2.8424657534246576,2.3333333333333335,2.8622589531680442,0.0
364,template_deposition,C,C,none,0,1.0,template_site:index=578:site=C:neigh=1:ahead0=37.630:mode=shell,y,xz,585,221,364,0,364,5851.6753606923485,46.25229512140798,500.0,0.001,63.987803674999995,0.063987803675,-5166.2495,-5158.991,-5166.2495,-7.258301,-6.748535,0.9275614816172606,0.063987803675,0.063987803675,8,584,578,2,2,1.4911946449748237,1.729756074544329,59.42999999610506,10.0,511.90242939999996,0.0,-6.360894,-101.912766,59.48571013529064,0.5000000008100001,58.98571013448064,37.68571013610064,0.861129327097857,5.688584059687216,59.251492317561926,59.42696451998398,59.48330484889023,0.5032420736672479,0.125,37.451492318371926,37.62696452079398,37.68330484970023,1.0,33,50,34,0.68,0.6901818181818181,525,362,0.6895238095238095,0.0,1.0,0.711073007460902,0.10288871516036244,0.10288871516036244,0.07133617584451796,53.24999999595011,0.703314409788174,2.841025641025641,2.3214285714285716,2.85989010989011,0.0
365,template_deposition,C,C,none,0,1.0,template_site:index=587:site=C:neigh=1:ahead0=37.630:mode=shell,y,xz,586,221,365,0,365,5866.258255911908,14.582895219559504,500.0,0.001,63.987803674999995,0.063987803675,-5173.4204,-5166.2495,-5173.4204,-7.1708984,-6.6381836,1.0,0.063987803675,0.063987803675,8,585,587,1,1,1.508596629054526,23.86536539545567,59.42999999610506,10.0,511.90242939999996,0.0,-6.3749027,-102.13721,59.48571013529064,0.5000000008100001,58.98571013448064,37.68571013610064,0.8784790756869854,5.7042120378731695,59.44084103596552,59.432610631550894,59.48330484889023,0.02678266560754635,0.125,37.64084103677552,37.632610632360894,37.68330484970023,1.0,33,50,34,0.68,0.6921818181818182,525,363,0.6914285714285714,0.0,1.0,0.7130265047341462,0.10312559188157677,0.10312559188157677,0.0716968400700486,53.24999999595011,0.7068702542655073,2.839590443686007,2.310344827586207,2.8575342465753426,0.0
366,template_deposition,C,C,none,0,1.0,template_site:index=597:site=C:neigh=2:ahead0=38.340:mode=shell,y,xz,587,221,366,0,366,5868.192520233699,1.9342643217908373,500.0,0.001,63.987803674999995,0.063987803675,-5184.955,-5173.4204,-5184.955,-11.534668,-11.100098,0.8595725326571844,0.063987803675,0.063987803675,9,586,597,10,10,1.3859669140229691,22.635609322640487,60.139999996274064,10.0,511.90242939999996,0.0,-6.3974357,-102.49822,60.02252995041017,0.5000000008100001,59.52252994960017,38.22252995122017,0.9254252658633432,5.719840016059123,59.5217289055785,59.4578232747159,59.646756079826496,0.1910775871913784,0.125,37.7217289063885,37.6578232755259,37.846756080636496,1.0,33,50,34,0.68,0.6940000000000001,525,364,0.6933333333333334,0.0,1.0,0.7149800020073904,0.1030648330775642,0.1030648330775642,0.07185091220264476,53.24999999595011,0.7083892752912188,2.8415672913117547,2.3666666666666667,2.860655737704918,0.0
367,template_deposition,C,C,none,0,1.0,template_site:index=590:site=C:neigh=2:ahead0=38.340:mode=shell,y,xz,588,221,367,0,367,5868.231172141166,0.03865190746698561,500.0,0.001,63.987803674999995,0.063987803675,-5196.6387,-5184.955,-5196.6387,-11.683594,-11.016602,0.8715990838079526,0.063987803675,0.063987803675,9,587,590,9,9,1.2935558146977906,5.419024292989877,60.139999996274064,10.0,511.90242939999996,0.0,-6.4202595,-102.8639,60.02482440575992,0.5000000008100001,59.524824404949925,38.22482440656992,0.9606901980987318,5.735467994245077,59.594161091711726,59.479589959427315,60.02321828701509,0.24944388661148634,0.125,37.794161092521726,37.679589960237315,38.22321828782509,1.0,33,50,34,0.68,0.6958181818181818,525,365,0.6952380952380952,0.0,1.0,0.7169334992806347,0.1029813653747186,0.1029813653747186,0.07198887827146995,53.24999999595011,0.7097495041388945,2.8435374149659864,2.4193548387096775,2.863760217983651,0.0
368,template_deposition,C,C,none,0,1.0,template_site:index=589:site=C:neigh=2:ahead0=38.340:mode=shell,y,xz,589,221,368,0,368,5885.593229666954,17.362057525788675,500.0,0.001,63.987803674999995,0.063987803675,-5207.6353,-5196.6387,-5207.6353,-10.996582,-10.734375,0.997248679117408,0.063987803675,0.063987803675,10,588,589,8,8,1.2258856770790867,2.959512147359512,60.139999996274064,10.0,511.90242939999996,0.0,-6.441741,-103.20807,60.14386678241724,0.5000000008100001,59.643866781607244,38.34386678322724,0.999841652435344,5.751095972431031,59.68983673714136,59.49331584771378,60.07645874416363,0.2984569248935198,0.125,37.88983673795136,37.69331584852378,38.27645874497363,1.0,33,50,34,0.68,0.6976363636363636,525,366,0.6971428571428572,0.0,1.0,0.7188869965538789,0.10296151287486784,0.10296151287486784,0.07217111759609783,53.24999999595011,0.711546229874799,2.845500848896435,2.46875,2.8668478260869565,0.0
369,template_deposition,C,C,none,0,1.0,template_site:index=596:site=C:neigh=2:ahead0=38.340:mode=shell,y,xz,590,221,369,0,369,5886.628838864436,1.0356091974817083,500.0,0.001,63.987803674999995,0.063987803675,-5218.6953,-5207.6353,-5218.6953,-11.060059,-10.480469,0.9999999853876536,0.063987803675,0.063987803675,9,589,596,7,7,1.3453364053814758,20.17609717701012,60.139999996274064,10.0,511.90242939999996,0.0,-6.463347,-103.55424,60.14386678241724,0.5000000008100001,59.643866781607244,38.34386678322724,1.0297827234531403,5.766723950616985,59.77304209210384,59.772118275057416,60.1358091171672,0.3208353488430423,0.125,37.97304209291384,37.972118275867416,38.3358091179772,1.0,33,50,34,0.68,0.6994545454545453,525,367,0.699047619047619,0.0,1.0,0.7208404938271231,0.10290797315152803,0.10290797315152803,0.07232960398650255,53.24999999595011,0.7131087717521475,2.847457627118644,2.515151515151515,2.869918699186992,0.0
370,template_deposition,C,C,none,0,1.0,template_site:index=593:site=C:neigh=2:ahead0=38.340:mode=shell,y,xz,591,221,370,0,370,5940.472649184907,53.843810320471,500.0,0.001,63.987803674999995,0.063987803675,-5229.567,-5218.6953,-5229.567,-10.871582,-9.72168,1.0,0.063987803675,0.063987803675,9,590,593,6,6,1.4185783984984415,12.797560735,60.139999996274064,10.0,511.90242939999996,0.0,-6.4845843,-103.8945,60.14386678241724,0.5000000008100001,59.643866781607244,38.34386678322724,1.0549854429486039,5.782351928802939,59.852374307507205,60.043724225730415,60.1358091171672,0.3067981435461922,0.125,38.052374308317205,38.243724226540415,38.3358091179772,1.0,33,50,34,0.68,0.7012727272727273,525,368,0.700952380952381,0.0,1.0,0.7227939911003674,0.10284425488734379,0.10284425488734379,0.07248071296822325,53.24999999595011,0.7145985786142958,2.8494077834179357,2.5588235294117645,2.872972972972973,0.0
371,template_deposition,C,C,none,0,1.0,template_site:index=591:site=C:neigh=1:ahead0=38.340:mode=shell,y,xz,592,221,371,0,371,5955.650912871762,15.1782636868551,500.0,0.001,63.987803674999995,0.063987803675,-5238.358,-5229.567,-5238.358,-8.791016,-6.3583984,0.9999932707118998,0.063987803675,0.063987803675,11,591,591,5,5,1.46598453935938,7.878536441179756,60.139999996274064,10.0,511.90242939999996,0.0,-6.5017576,-104.16965,60.16159303528469,0.5000000008100001,59.66159303447469,38.36159303609469,1.0839637765443515,5.797979906988893,59.94195225625069,60.09134776616171,60.14918465827748,0.2936876225342994,0.125,38.14195225706069,38.29134776697171,38.34918465908748,1.0,34,50,35,0.7,0.705090909090909,525,370,0.7047619047619048,0.0,1.0,0.7247474883736116,0.10280849664975926,0.10280849664975926,0.07265133763249655,53.24999999595011,0.7162807936143013,2.847972972972973,2.5428571428571427,2.870619946091644,0.0
372,template_deposition,C,C,none,0,1.0,template_site:index=598:site=C:neigh=1:ahead0=38.340:mode=shell,y,xz,593,221,372,0,372,5972.896885351683,17.24597247992066,500.0,0.001,63.987803674999995,0.063987803675,-5244.72,-5238.358,-5244.72,-6.3623047,-5.845703,0.9980457457370119,0.063987803675,0.063987803675,7,592,598,5,5,1.5206346126096597,25.095121470830364,60.139999996274064,10.0,511.90242939999996,0.0,-6.5141864,-104.368774,60.16159303528469,0.5000000008100001,59.66159303447469,38.36159303609469,1.1018878292515886,5.8136078851748465,59.95376875182488,60.119656827600664,60.14918465827748,0.2992392442808904,0.125,38.15376875263488,38.319656828410665,38.34918465908748,1.0,34,50,35,0.7,0.7069090909090909,525,371,0.7066666666666667,0.0,1.0,0.7267009856468558,0.10256389449633033,0.10256389449633033,0.07267384524311406,53.24999999595011,0.7165026996344909,2.8465430016863404,2.5277777777777777,2.868279569892473,0.0
373,template_deposition,C,C,none,0,1.0,template_site:index=594:site=C:neigh=1:ahead0=38.340:mode=shell,y,xz,594,221,373,0,373,6064.370425847298,91.4735404956158,500.0,0.001,63.987803674999995,0.063987803675,-5251.7607,-5244.72,-5251.7607,-7.0405273,-5.57666,0.9804273372858394,0.063987803675,0.063987803675,8,593,594,4,4,1.5512447235303768,15.257072883189878,60.139999996274064,10.0,511.90242939999996,0.0,-6.5279403,-104.589134,60.16159303528469,0.5000000008100001,59.66159303447469,38.36159303609469,1.1138534230450565,5.8292358633608,60.03214132906252,60.12874547608347,60.14918465827748,0.2349211517674741,0.125,38.23214132987252,38.328745476893474,38.34918465908748,1.0,34,50,35,0.7,0.7087272727272728,525,372,0.7085714285714285,0.0,1.0,0.7286544829201,0.1024990384178888,0.1024990384178888,0.07282312634261433,53.24999999595011,0.7179744851226335,2.8484848484848486,2.5675675675675675,2.871313672922252,0.0
374,template_deposition,C,C,none,0,1.0,template_site:index=584:site=C:neigh=1:ahead0=37.630:mode=shell,y,xz,595,221,374,0,374,6080.711662672037,16.341236824739006,500.0,0.001,63.987803674999995,0.063987803675,-5260.197,-5251.7607,-5260.197,-8.436035,-7.3725586,1.0,0.063987803675,0.063987803675,12,594,584,1,1,1.4642757905773327,16.48682895600506,59.42999999610506,10.0,511.90242939999996,0.0,-6.54442,-104.853165,60.16159303528469,0.5000000008100001,59.66159303447469,38.36159303609469,1.1054234933531426,5.844863841546754,60.03821415497821,60.11857862036159,60.14918465827748,0.18993134161053543,0.125,38.238214155788214,38.31857862117159,38.34918465908748,1.0,34,50,35,0.7,0.7125454545454545,525,374,0.7123809523809523,0.0,1.0,0.7306079801933443,0.10224121432028935,0.10224121432028935,0.07283469363007279,53.24999999595011,0.7180885288018102,2.847058823529412,2.5526315789473686,2.8689839572192515,0.0
375,template_deposition,C,C,none,0,1.0,template_site:index=595:site=C:neigh=2:ahead0=38.340:mode=shell,y,xz,596,221,375,0,375,6113.371465454976,32.65980278293872,500.0,0.001,63.987803674999995,0.063987803675,-5271.419,-5260.197,-5271.419,-11.222168,-9.785156,1.0,0.063987803675,0.063987803675,11,595,595,3,3,1.3893848146939412,17.716585028820244,60.139999996274064,10.0,511.90242939999996,0.0,-6.5663424,-105.20441,60.16159303528469,0.5000000008100001,59.66159303447469,38.36159303609469,1.119429815565698,5.860491819732708,60.10229002752001,60.11900978779478,60.14918465827748,0.048908993378349856,0.125,38.30229002833001,38.31900978860478,38.34918465908748,1.0,34,50,35,0.7,0.7143636363636364,525,375,0.7142857142857143,0.0,1.0,0.7325614774665885,0.1021394400755467,0.1021394400755467,0.0729567429111048,53.24999999595011,0.7192918315726397,2.8456375838926173,2.5384615384615383,2.8666666666666667,0.0
376,template_deposition,C,C,none,0,1.0,template_site:index=574:site=C:neigh=3:ahead0=36.210:mode=shell,y,xz,597,221,376,0,376,6137.9557480912545,24.58428263627837,500.0,0.001,63.987803674999995,0.063987803675,-5283.9365,-5271.419,-5283.9365,-12.517578,-2.708496,1.0,0.063987803675,0.063987803675,17,596,574,1,1,1.0054045508084914,16.48682895600506,58.00999999643606,10.0,511.90242939999996,0.0,-6.5907955,-105.59619,60.16159303528469,0.5000000008100001,59.66159303447469,38.36159303609469,1.1080368421799431,5.876119797918662,60.11684265118593,60.13273629179527,60.15031783527101,0.04262259513185456,0.125,38.31684265199593,38.33273629260527,38.35031783608101,1.0,34,50,35,0.7,0.7163636363636364,525,376,0.7161904761904762,0.0,1.0,0.7345149747398327,0.10190649641488278,0.10190649641488278,0.07298446219427795,53.24999999595011,0.7195651202800016,2.8509212730318256,2.625,2.875,0.0
377,template_deposition,C,C,none,0,1.0,template_site:index=588:site=C:neigh=1:ahead0=38.340:mode=shell,y,xz,598,221,377,0,377,6141.027172970274,3.071424879019074,500.0,0.001,63.987803674999995,0.063987803675,-5290.321,-5283.9365,-5290.321,-6.3842773,-5.407715,1.0,0.063987803675,0.063987803675,7,597,588,2,2,1.5936123892683947,0.49999999916963384,60.139999996274064,10.0,511.90242939999996,0.0,-6.603267,-105.796005,60.16159303528469,0.5000000008100001,59.66159303447469,38.36159303609469,1.117773950970466,5.891747776104616,60.11847436307818,60.13273629179527,60.1583222448741,0.04385788634083033,0.125,38.31847436388818,38.33273629260527,38.3583222456841,1.0,35,50,36,0.72,0.7181818181818181,525,377,0.7180952380952381,0.0,1.0,0.736468472013077,0.10164051555408005,0.10164051555408005,0.07298757021692986,53.24999999595011,0.7195957627568537,2.849498327759197,2.6097560975609757,2.872679045092838,0.0
378,template_deposition,C,C,none,0,1.0,template_site:index=592:site=C:neigh=2:ahead0=38.340:mode=shell,y,xz,599,221,378,0,378,6154.127952464072,13.100779493798928,500.0,0.001,63.987803674999995,0.063987803675,-5299.209,-5290.321,-5299.209,-8.888184,-3.0825195,1.0,0.063987803675,0.063987803675,12,598,592,1,1,1.060477972958333,10.338048586810121,60.139999996274064,10.0,511.90242939999996,0.0,-6.6206303,-106.074196,60.29934949094172,0.5000000008100001,59.799349490131725,38.49934949175172,1.109241531943259,5.90737575429057,60.15749874172572,60.14147744244503,60.2029199719818,0.05699401467900363,0.125,38.35749874253572,38.34147744325503,38.4029199727918,1.0,35,50,36,0.72,0.72,525,378,0.72,0.0,1.0,0.7384219692863212,0.10147486439824265,0.10147486439824265,0.0730619023667347,53.24999999595011,0.7203286149380839,2.8514190317195327,2.675,2.875661375661376,0.0
379,template_deposition,C,C,none,0,1.0,template_site:index=609:site=C:neigh=1:ahead0=39.760:mode=shell,y,xz,600,221,379,0,379,6165.812668120138,11.684715656065876,500.0,0.001,63.987803674999995,0.063987803675,-5307.453,-5299.209,-5307.453,-8.244141,-7.70459,0.7585636067566349,0.063987803675,0.063987803675,5,599,609,11,11,1.4256491236844246,25.095121470830364,61.559999995943066,10.0,511.90242939999996,0.0,-6.636735,-106.33222,61.51391357265884,0.5000000008100001,61.013913571848846,39.713913573468844,0.47367537313382996,5.9230037324765235,60.32993658441529,60.15120304212449,60.66371871545686,0.4510316240163474,0.125,38.52993658522529,38.35120304293449,38.86371871626686,1.0,35,50,36,0.72,0.7218181818181819,525,379,0.7219047619047619,0.0,1.0,0.7403754665595654,0.10166210180798231,0.10166210180798231,0.07339035540042912,53.24999999595011,0.7235668842846132,2.85,2.3636363636363638,2.8733509234828496,0.0
380,template_deposition,C,C,none,0,1.0,template_site:index=599:site=C:neigh=1:ahead0=39.760:mode=shell,y,xz,601,221,380,0,380,6167.124140762108,1.3114726419699236,500.0,0.001,63.987803674999995,0.063987803675,-5315.723,-5307.453,-5315.723,-8.27002,-7.654785,0.9893152543691662,0.063987803675,0.063987803675,5,600,599,10,10,1.441161850633181,0.49999999916963384,61.559999995943066,10.0,511.90242939999996,0.0,-6.6528907,-106.591064,61.51391357265884,0.5000000008100001,61.013913571848846,39.713913573468844,0.567371966554721,5.938631710662477,60.49879406899531,60.1535393209892,61.50962031973444,0.5870173313976647,0.125,38.69879406980531,38.353539321799204,39.70962032054444,1.0,35,50,36,0.72,0.7236363636363636,525,380,0.7238095238095238,0.0,1.0,0.7423289638328097,0.10183893176264555,0.10183893176264555,0.07371198870439107,53.24999999595011,0.726737916859127,2.848585690515807,2.347826086956522,2.8710526315789475,0.0
381,template_deposition,C,C,none,0,1.0,template_site:index=607:site=C:neigh=1:ahead0=39.760:mode=shell,y,xz,602,221,381,0,381,6182.907116564545,15.78297580243591,500.0,0.001,63.987803674999995,0.063987803675,-5323.3486,-5315.723,-5323.3486,-7.6254883,-7.3876953,0.24768234713062215,0.063987803675,0.063987803675,8,601,607,9,9,1.4298975493504924,20.17609717701012,61.559999995943066,10.0,511.90242939999996,0.0,-6.667787,-106.82973,61.5483947913632,0.5000000008100001,61.0483947905532,39.7483947921732,0.6381280113319788,5.954259688848432,60.68124404846767,60.24355094724968,61.52425793827015,0.6546721972369679,0.125,38.88124404927767,38.44355094805968,39.724257939080154,1.0,35,50,36,0.72,0.7254545454545455,525,381,0.7257142857142858,0.0,1.0,0.744282461106054,0.10205050931568942,0.10205050931568942,0.07405951247481461,53.24999999595011,0.7301642075537043,2.8471760797342194,2.3333333333333335,2.868766404199475,0.0
382,template_deposition,C,C,none,0,1.0,template_site:index=601:site=C:neigh=1:ahead0=39.760:mode=shell,y,xz,603,221,382,0,382,6237.561281619859,54.65416505531445,500.0,0.001,63.987803674999995,0.063987803675,-5330.9243,-5323.3486,-5330.9243,-7.5756836,-7.36084,0.16824935562098722,0.063987803675,0.063987803675,8,602,601,8,8,1.3997971834339542,5.419024292989877,61.559999995943066,10.0,511.90242939999996,0.0,-6.682586,-107.06683,61.57003119980881,0.5000000008100001,61.07003119899881,39.77003120061881,0.6950937997377292,5.969887667034386,60.85611044144879,60.90356492256856,61.55488571389688,0.681402469894179,0.125,39.05611044225879,39.10356492337856,39.75488571470688,1.0,35,50,36,0.72,0.7272727272727272,525,382,0.7276190476190476,0.0,1.0,0.7462359583792982,0.10224112681219578,0.10224112681219578,0.07439259131858818,53.24999999595011,0.7334480834784821,2.845771144278607,2.32,2.8664921465968587,0.0
383,template_deposition,C,C,none,0,1.0,template_site:index=608:site=C:neigh=1:ahead0=39.760:mode=shell,y,xz,604,221,383,0,383,6240.819262817044,3.257981197184614,500.0,0.001,63.987803674999995,0.063987803675,-5338.529,-5330.9243,-5338.529,-7.604492,-7.3432617,0.17546694735755416,0.063987803675,0.063987803675,10,603,608,7,7,1.473796862765823,22.635609322640487,61.559999995943066,10.0,511.90242939999996,0.0,-6.697441,-107.30484,61.57003119980881,0.5000000008100001,61.07003119899881,39.77003120061881,0.7367236382677023,5.98551564522034,60.859762215096154,60.90356492256856,61.56076884320837,0.6850078071394915,0.125,39.059762215906154,39.10356492337856,39.76076884401837,1.0,35,50,36,0.72,0.729090909090909,525,383,0.7295238095238096,0.0,1.0,0.7481894556525425,0.10198371335745732,0.10198371335745732,0.07439954707791649,53.24999999595011,0.733516661387358,2.8443708609271523,2.3076923076923075,2.864229765013055,0.0
384,template_deposition,C,C,none,0,1.0,template_site:index=600:site=C:neigh=1:ahead0=39.760:mode=shell,y,xz,605,221,384,0,384,6290.872069053859,50.052806236815634,500.0,0.001,63.987803674999995,0.063987803675,-5347.3584,-5338.529,-5347.3584,-8.82959,-7.4003906,0.816939831457599,0.063987803675,0.063987803675,10,604,600,6,6,1.4384268066860613,2.959512147359512,61.559999995943066,10.0,511.90242939999996,0.0,-6.7146897,-107.58119,61.581670812003516,0.5000000008100001,61.08167081119352,39.781670812813516,0.7742837058147028,6.001143623406294,60.8686279419741,60.91703639116723,61.57144783351802,0.6937469525144346,0.125,39.0686279427841,39.11703639197723,39.77144783432802,1.0,35,50,36,0.72,0.730909090909091,525,384,0.7314285714285714,0.0,1.0,0.7501429529257867,0.10174121860100026,0.10174121860100026,0.07441643417673162,53.24999999595011,0.7336831539109001,2.84297520661157,2.2962962962962963,2.8619791666666665,0.0
385,template_deposition,C,C,none,0,1.0,template_site:index=602:site=C:neigh=1:ahead0=39.760:mode=shell,y,xz,606,221,385,0,385,6334.182048271527,43.309979217666985,500.0,0.001,63.987803674999995,0.063987803675,-5356.2812,-5347.3584,-5356.2812,-8.922852,-7.179199,0.4400287687686239,0.063987803675,0.063987803675,9,605,602,5,5,1.4388390729377079,7.878536441179756,61.559999995943066,10.0,511.90242939999996,0.0,-6.7321205,-107.860466,61.64555487634844,0.5000000008100001,61.145554875538444,39.84555487715844,0.8006752934433289,6.016771601592247,61.037374786369114,61.54150989563753,61.5906130528215,0.6893737162888991,0.125,39.237374787179114,39.74150989644753,39.7906130536315,1.0,35,50,36,0.72,0.730909090909091,525,384,0.7314285714285714,0.0,1.0,0.7520964501990309,0.10191525918747822,0.10191525918747822,0.07473785673748402,53.24999999595011,0.7368521087354607,2.844884488448845,2.357142857142857,2.864935064935065,0.0
386,template_deposition,C,C,none,0,1.0,template_site:index=604:site=C:neigh=1:ahead0=39.760:mode=shell,y,xz,607,221,386,0,386,6355.414487053155,21.23243878162899,500.0,0.001,63.987803674999995,0.063987803675,-5363.9766,-5356.2812,-5363.9766,-7.6953125,-7.052246,0.0006992533921961797,0.063987803675,0.063987803675,8,606,604,4,4,1.4921847266109443,12.797560735,61.559999995943066,10.0,511.90242939999996,0.0,-6.7471533,-108.10132,61.64555487634844,0.5000000008100001,61.145554875538444,39.84555487715844,0.8187125009449517,6.032399579778201,61.22167998926702,61.5524519362922,61.5906130528215,0.6009610110396081,0.125,39.42167999007702,39.7524519371022,39.7906130536315,1.0,35,50,36,0.72,0.7327272727272728,525,385,0.7333333333333333,0.0,1.0,0.7540499474722752,0.10212870463750523,0.10212870463750523,0.07508891426681337,53.24999999595011,0.7403132393065766,2.843492586490939,2.3448275862068964,2.8626943005181347,0.0
387,template_deposition,C,C,none,0,1.0,template_site:index=603:site=C:neigh=1:ahead0=39.760:mode=shell,y,xz,608,221,387,0,387,6357.0862264927455,1.671739439590298,500.0,0.001,63.987803674999995,0.063987803675,-5371.5874,-5363.9766,-5371.5874,-7.61084,-7.2973633,0.9303244592248966,0.063987803675,0.063987803675,10,607,603,3,3,1.3878922848821342,10.338048586810121,61.559999995943066,10.0,511.90242939999996,0.0,-6.762021,-108.33952,61.64045760481381,0.5000000008100001,61.140457604003814,39.84045760562381,0.8371902659624619,6.048027557964155,61.22466991971727,61.55254788084527,61.609416194893605,0.6056940237555755,0.125,39.42466992052727,39.75254788165527,39.809416195703605,1.0,35,50,36,0.72,0.7345454545454545,525,386,0.7352380952380952,0.0,1.0,0.7560034447455194,0.10187253209438571,0.10187253209438571,0.0750946093724329,53.24999999595011,0.7403693882352241,2.8421052631578947,2.3333333333333335,2.86046511627907,0.0
388,template_deposition,C,C,none,0,1.0,template_site:index=605:site=C:neigh=1:ahead0=39.760:mode=shell,y,xz,609,221,388,0,388,6377.415054148596,20.328827655850574,500.0,0.001,63.987803674999995,0.063987803675,-5379.1587,-5371.5874,-5379.1587,-7.571289,-7.109375,0.24776115860691908,0.063987803675,0.063987803675,9,608,605,2,2,1.3985155292663936,15.257072883189878,61.559999995943066,10.0,511.90242939999996,0.0,-6.7768116,-108.57649,61.64045760481381,0.5000000008100001,61.140457604003814,39.84045760562381,0.8548263599343031,6.063655536150109,61.40646830226825,61.561932909416214,61.617474908438766,0.45959916752974656,0.125,39.60646830307825,39.761932910226214,39.817474909248766,1.0,35,50,36,0.72,0.7363636363636364,525,387,0.7371428571428571,0.0,1.0,0.7579569420187636,0.1020785265543254,0.1020785265543254,0.07544089200586333,53.24999999595011,0.7437834423678965,2.8407224958949095,2.3225806451612905,2.8582474226804124,0.0
389,template_deposition,C,C,none,0,1.0,template_site:index=606:site=C:neigh=1:ahead0=39.760:mode=shell,y,xz,610,221,389,0,389,6384.962135054312,7.547080905716049,500.0,0.001,63.987803674999995,0.063987803675,-5386.551,-5379.1587,-5386.551,-7.39209,-7.1884766,1.0,0.063987803675,0.063987803675,10,609,606,1,1,1.3665072820379955,17.716585028820244,61.559999995943066,10.0,511.90242939999996,0.0,-6.791252,-108.80785,61.64045760481381,0.5000000008100001,61.140457604003814,39.84045760562381,0.8686614949033034,6.079283514336063,61.5874891645217,61.584572460331536,61.63938800663219,0.03732286692079787,0.125,39.7874891653317,39.784572461141536,39.83938800744219,1.0,36,50,37,0.74,0.7381818181818182,525,388,0.7390476190476191,0.0,1.0,0.7599104392920079,0.10228146314995296,0.10228146314995296,0.07578569364825086,53.24999999595011,0.7471828951804264,2.839344262295082,2.3125,2.8560411311053984,0.0
390,template_deposition,C,C,none,0,1.0,template_site:index=614:site=C:neigh=2:ahead0=40.470:mode=shell,y,xz,611,221,390,0,390,6390.169183473511,5.207048419198919,500.0,0.001,63.987803674999995,0.063987803675,-5399.611,-5386.551,-5399.611,-13.060059,-11.324219,0.6318077545677827,0.063987803675,0.063987803675,10,610,614,9,9,1.350463528867252,11.567804662184816,62.26999999611207,10.0,511.90242939999996,0.0,-6.816765,-109.21661,62.10335913272273,0.5000000008100001,61.60335913191273,40.30335913353273,0.9047153726126802,6.094911492522017,61.6557262480766,61.584572460331536,61.806642284260924,0.17541281572920472,0.125,39.8557262488866,39.784572461141536,40.006642285070924,1.0,36,50,37,0.74,0.7401818181818182,525,389,0.7409523809523809,0.0,1.0,0.7618639365652521,0.10219416986893999,0.10219416986893999,0.07591566904549828,53.24999999595011,0.7484643427590196,2.841243862520458,2.3636363636363638,2.858974358974359,0.0
391,template_deposition,C,C,none,0,1.0,template_site:index=618:site=C:neigh=2:ahead0=40.470:mode=shell,y,xz,612,221,391,0,391,6410.3088762102625,20.139692736751467,500.0,0.001,63.987803674999995,0.063987803675,-5411.4546,-5399.611,-5411.4546,-11.84375,-11.1328125,0.8765850110705126,0.063987803675,0.063987803675,10,611,618,6,6,1.3573170913033892,21.405853249825302,62.26999999611207,10.0,511.90242939999996,0.0,-6.8399014,-109.5873,62.10335913272273,0.5000000008100001,61.60335913191273,40.30335913353273,0.9285061643906946,6.1105394707079705,61.7210109953597,61.63618865824053,62.0612214584041,0.20843741797425766,0.125,39.9210109961697,39.83618865905053,40.2612214592141,1.0,36,50,37,0.74,0.7421818181818182,525,390,0.7428571428571429,0.0,1.0,0.7638174338384963,0.10209977236872046,0.10209977236872046,0.07604002094508513,53.24999999595011,0.749690347402927,2.843137254901961,2.411764705882353,2.8618925831202047,0.0
392,template_deposition,C,C,none,0,1.0,template_site:index=617:site=C:neigh=2:ahead0=40.470:mode=shell,y,xz,613,221,392,0,392,6414.687426765067,4.378550554804545,500.0,0.001,63.987803674999995,0.063987803675,-5422.673,-5411.4546,-5422.673,-11.218262,-10.558105,0.9995651709004534,0.063987803675,0.063987803675,11,612,617,5,5,1.2021142601640964,18.946341101635426,62.26999999611207,10.0,511.90242939999996,0.0,-6.8618164,-109.93842,62.30085538532263,0.5000000008100001,61.80085538451263,40.50085538613263,0.9618638772863225,6.126167448893924,61.809446162778414,61.6563566403553,62.1626080085027,0.2822233979184087,0.125,40.009446163588414,39.8563566411653,40.3626080093127,1.0,36,50,37,0.74,0.7441818181818182,525,391,0.7447619047619047,0.0,1.0,0.7657709311117405,0.1020649136826235,0.1020649136826235,0.07620846888302556,53.24999999595011,0.7513511017207756,2.8450244698205545,2.4571428571428573,2.864795918367347,0.0
393,template_deposition,C,C,none,0,1.0,template_site:index=610:site=C:neigh=2:ahead0=40.470:mode=shell,y,xz,614,221,393,0,393,6421.809687212313,7.122260447245692,500.0,0.001,63.987803674999995,0.063987803675,-5432.272,-5422.673,-5432.272,-9.599121,-8.775879,0.4491795599970603,0.063987803675,0.063987803675,8,613,610,4,4,1.5351419586325679,1.729756074544329,62.26999999611207,10.0,511.90242939999996,0.0,-6.8805685,-110.23886,62.30085538532263,0.5000000008100001,61.80085538451263,40.50085538613263,0.9855383685633792,6.141795427079878,61.887897912915705,61.87427129397056,62.204073918100114,0.28244506864471164,0.125,40.087897913725705,40.07427129478056,40.404073918910115,1.0,36,50,37,0.74,0.7461818181818183,525,392,0.7466666666666667,0.0,1.0,0.7677244283849848,0.10200482929701198,0.10200482929701198,0.07635790078804897,53.24999999595011,0.7528243740239354,2.8469055374592833,2.5,2.867684478371501,0.0
394,template_deposition,C,C,none,0,1.0,template_site:index=619:site=C:neigh=2:ahead0=40.470:mode=shell,y,xz,615,221,394,0,394,6479.9311102614765,58.121423049163155,500.0,0.001,63.987803674999995,0.063987803675,-5441.768,-5432.272,-5441.768,-9.496094,-8.78418,0.9999995041441821,0.063987803675,0.063987803675,9,614,619,3,3,1.4554775450244584,23.86536539545567,62.26999999611207,10.0,511.90242939999996,0.0,-6.899119,-110.53607,62.30085538532263,0.5000000008100001,61.80085538451263,40.50085538613263,1.00747925217752,6.157423405265832,61.97584188677392,62.1234620189405,62.23254234818735,0.2732641477896066,0.125,40.17584188758392,40.3234620197505,40.43254234899735,1.0,36,50,37,0.74,0.7481818181818182,525,393,0.7485714285714286,0.0,1.0,0.769677925658229,0.1019691418466597,0.1019691418466597,0.07652541311920746,53.24999999595011,0.7544759040495674,2.848780487804878,2.5405405405405403,2.8705583756345177,0.0
395,template_deposition,C,C,none,0,1.0,template_site:index=616:site=C:neigh=2:ahead0=40.470:mode=shell,y,xz,616,221,395,0,395,6491.558990808529,11.627880547052762,500.0,0.001,63.987803674999995,0.063987803675,-5452.196,-5441.768,-5452.196,-10.427734,-8.157227,0.9999999739549985,0.063987803675,0.063987803675,11,615,616,2,2,1.5291645241453018,16.48682895600506,62.26999999611207,10.0,511.90242939999996,0.0,-6.9194894,-110.86244,62.326997299236425,0.5000000008100001,61.82699729842643,40.526997300046425,1.0246651249164076,6.173051383451786,61.984300588161304,62.1234620189405,62.24038492236149,0.2717013759229612,0.125,40.184300588971304,40.3234620197505,40.44038492317149,1.0,36,50,37,0.74,0.7501818181818182,525,394,0.7504761904761905,0.0,1.0,0.7716314229314732,0.10173240655435774,0.10173240655435774,0.07654152493137391,53.24999999595011,0.7546347529019247,2.8506493506493507,2.5789473684210527,2.8734177215189876,0.0
396,template_deposition,C,C,none,0,1.0,template_site:index=615:site=C:neigh=2:ahead0=40.470:mode=shell,y,xz,617,221,396,0,396,6492.296402327083,0.7374115185543764,500.0,0.001,63.987803674999995,0.063987803675,-5462.4155,-5452.196,-5462.4155,-10.219727,-8.932129,1.0,0.063987803675,0.063987803675,12,616,615,1,1,1.2185265787029256,14.027316807815183,62.26999999611207,10.0,511.90242939999996,0.0,-6.9394536,-111.182304,62.364505021802344,0.5000000008100001,61.86450502099235,40.564505022612344,1.0465365893095593,6.18867936163774,62.07086994386451,62.1530805257958,62.3382496160062,0.27596814006951764,0.125,40.27086994467451,40.3530805266058,40.5382496168162,1.0,36,50,37,0.74,0.7521818181818182,525,395,0.7523809523809524,0.0,1.0,0.7735849202047175,0.10169411602190533,0.10169411602190533,0.07670641894223716,53.24999999595011,0.7562604685021085,2.8557536466774716,2.6666666666666665,2.8813131313131315,0.0
397,template_deposition,C,C,none,0,1.0,template_site:index=627:site=C:neigh=1:ahead0=41.890:mode=shell,y,xz,618,221,397,0,397,6513.896078213621,21.599675886537966,500.0,0.001,63.987803674999995,0.063987803675,-5469.9834,-5462.4155,-5469.9834,-7.567871,-7.3828125,0.872221952595178,0.063987803675,0.063987803675,8,617,627,7,7,1.3630097357339523,18.946341101635426,63.68999999578107,10.0,511.90242939999996,0.0,-6.9542375,-111.41917,63.71542706450123,0.5000000008100001,63.21542706369123,41.91542706531123,0.5149920581334182,6.204307339823694,62.249730837590704,62.17430921806816,62.76978163461201,0.6124010089856265,0.125,40.449730838400704,40.37430921887816,40.96978163542201,1.0,36,50,37,0.74,0.7541818181818182,525,396,0.7542857142857143,0.0,1.0,0.7755384174779617,0.10188849077682798,0.10188849077682798,0.07704710635885849,53.24999999595011,0.7596193585253911,2.854368932038835,2.3684210526315788,2.8790931989924435,0.0
398,template_deposition,C,C,none,0,1.0,template_site:index=625:site=C:neigh=1:ahead0=41.890:mode=shell,y,xz,619,221,398,0,398,6524.933891398509,11.037813184887975,500.0,0.001,63.987803674999995,0.063987803675,-5477.515,-5469.9834,-5477.515,-7.5317383,-7.2841797,0.32385769650290874,0.063987803675,0.063987803675,8,618,625,6,6,1.32805832645529,14.027316807815183,63.68999999578107,10.0,511.90242939999996,0.0,-6.9689507,-111.6549,63.73838197233745,0.5000000008100001,63.23838197152745,41.93838197314745,0.637504110354291,6.2199353180096475,62.425152119421696,62.177781679052046,63.72231353685209,0.7867185064902518,0.125,40.6251521202317,40.377781679862046,41.92231353766209,1.0,36,50,37,0.74,0.7561818181818183,525,397,0.7561904761904762,0.0,1.0,0.7774919147512059,0.10207324653324547,0.10207324653324547,0.07738124213377466,53.24999999595011,0.7629136548980546,2.852988691437803,2.35,2.8768844221105527,0.0
399,template_deposition,C,C,none,0,1.0,template_site:index=626:site=C:neigh=1:ahead0=41.890:mode=shell,y,xz,620,221,399,0,399,6551.47959467716,26.545703278650578,500.0,0.001,63.987803674999995,0.063987803675,-5485.0786,-5477.515,-5485.0786,-7.5634766,-7.3271484,0.9914045842617394,0.063987803675,0.063987803675,10,619,626,5,5,1.3974777637578308,16.48682895600506,63.68999999578107,10.0,511.90242939999996,0.0,-6.983726,-111.89163,63.75217849811433,0.5000000008100001,63.252178497304335,41.95217849892433,0.7212410003773189,6.235563296195601,62.42892805660943,62.177781679052046,63.73794017479265,0.792964297781832,0.125,40.62892805741943,40.377781679862046,41.93794017560265,1.0,36,50,37,0.74,0.7581818181818182,525,398,0.758095238095238,0.0,1.0,0.7794454120244502,0.10182688736195346,0.10182688736195346,0.07738843439508462,53.24999999595011,0.762984564516609,2.8516129032258064,2.3333333333333335,2.87468671679198,0.0
400,template_deposition,C,C,none,0,1.0,template_site:index=628:site=C:neigh=1:ahead0=41.890:mode=shell,y,xz,621,221,400,0,400,6556.217222644461,4.737627967300715,500.0,0.001,63.987803674999995,0.063987803675,-5492.509,-5485.0786,-5492.509,-7.430176,-7.0634766,0.998199333968339,0.063987803675,0.063987803675,9,620,628,4,4,1.5039799399384108,21.405853249825302,63.68999999578107,10.0,511.90242939999996,0.0,-6.998241,-112.12418,63.75217849811433,0.5000000008100001,63.252178497304335,41.95217849892433,0.7751995639618009,6.251191274381555,62.61276472590942,62.178244036815414,63.74490648862221,0.8844325605309399,0.125,40.81276472671942,40.378244037625414,41.94490648943221,1.0,36,50,37,0.74,0.7601818181818182,525,399,0.76,0.0,1.0,0.7813989092976944,0.10203191181679855,0.10203191181679855,0.07773859947946557,53.24999999595011,0.7664368963347118,2.8502415458937196,2.3181818181818183,2.8725,0.0
401,template_deposition,C,C,none,0,1.0,template_site:index=629:site=C:neigh=1:ahead0=41.890:mode=shell,y,xz,622,221,401,0,401,6560.244909856163,4.0276872117020455,500.0,0.001,63.987803674999995,0.063987803675,-5499.7153,-5492.509,-5499.7153,-7.206543,-6.777832,0.9922928235595609,0.063987803675,0.063987803675,8,621,629,3,3,1.5042157108642042,23.86536539545567,63.68999999578107,10.0,511.90242939999996,0.0,-7.0123186,-112.34973,63.75217849811433,0.5000000008100001,63.252178497304335,41.95217849892433,0.8184313819185738,6.266819252567509,62.800182593161765,62.9217432569814,63.74490648862221,0.9319087557992823,0.125,41.000182593971765,41.1217432577914,41.94490648943221,1.0,36,50,37,0.74,0.7621818181818182,525,400,0.7619047619047619,0.0,1.0,0.7833524065709386,0.10224484437399442,0.10224484437399442,0.07809558589327956,53.24999999595011,0.7699564806965259,2.8488745980707395,2.3043478260869565,2.8703241895261846,0.0
402,template_deposition,C,C,none,0,1.0,template_site:index=620:site=C:neigh=1:ahead0=41.890:mode=shell,y,xz,623,221,402,0,402,6577.675609542873,17.43069968671033,500.0,0.001,63.987803674999995,0.063987803675,-5507.101,-5499.7153,-5507.101,-7.385742,-6.5620117,0.8624596434302629,0.063987803675,0.063987803675,7,622,620,2,2,1.5289421968302448,1.729756074544329,63.68999999578107,10.0,511.90242939999996,0.0,-7.0267467,-112.580894,63.75217849811433,0.5000000008100001,63.252178497304335,41.95217849892433,0.8494825351800753,6.282447230753463,62.98583871970635,63.65966307033556,63.74490648862221,0.9336569879160835,0.125,41.18583872051635,41.85966307114556,41.94490648943221,1.0,36,50,37,0.74,0.7641818181818182,525,401,0.7638095238095238,0.0,1.0,0.7853059038441829,0.10245233512566257,0.10245233512566257,0.07844921661050734,53.24999999595011,0.7734429807257973,2.8475120385232744,2.2916666666666665,2.8681592039800994,0.0
403,template_deposition,C,C,none,0,1.0,template_site:index=624:site=C:neigh=1:ahead0=41.890:mode=shell,y,xz,624,221,403,0,403,6593.561483611472,15.885874068599298,500.0,0.001,63.987803674999995,0.063987803675,-5514.721,-5507.101,-5514.721,-7.620117,-6.4833984,1.0,0.063987803675,0.063987803675,9,623,624,1,1,1.5334388878741305,11.567804662184816,63.68999999578107,10.0,511.90242939999996,0.0,-7.0416327,-112.8194,63.75581616948385,0.5000000008100001,63.25581616867385,41.95581617029385,0.8760897766675436,6.298075208939417,63.168033371412655,63.67020406306597,63.74599779003307,0.9102042797581311,0.125,41.368033372222655,41.87020406387597,41.94599779084307,1.0,35,50,36,0.72,0.7643636363636364,525,401,0.7638095238095238,0.0,1.0,0.7872594011174271,0.10265020687896441,0.10265020687896441,0.07879625404232887,53.24999999595011,0.7768644765327487,2.8461538461538463,2.28,2.866004962779156,0.0
404,template_deposition,C,C,none,0,1.0,template_site:index=637:site=C:neigh=2:ahead0=42.600:mode=shell,y,xz,625,221,404,0,404,6633.227155089809,39.66567147833661,500.0,0.001,63.987803674999995,0.063987803675,-5526.5015,-5514.721,-5526.5015,-11.780273,-11.272949,0.4620848074954969,0.063987803675,0.063987803675,10,624,637,9,9,1.3448654792875823,17.716585028820244,64.39999999595008,10.0,511.90242939999996,0.0,-7.0646453,-113.188095,64.2137823464579,0.5000000008100001,63.71378234564791,42.413782347267905,0.9355018221531752,6.3137031871253715,63.23140657503414,63.67020406306597,63.90208678033898,0.9616553837295956,0.125,41.43140657584414,41.87020406387597,42.102086781148984,1.0,35,50,36,0.72,0.7661818181818183,525,402,0.7657142857142857,0.0,1.0,0.7892128983906714,0.10255298657387164,0.10255298657387164,0.07891696490636979,53.24999999595011,0.7780545836431019,2.848,2.3461538461538463,2.868811881188119,0.0
405,template_deposition,C,C,none,0,1.0,template_site:index=639:site=C:neigh=2:ahead0=42.600:mode=shell,y,xz,626,221,405,0,405,6637.663030025326,4.4358749355174965,500.0,0.001,63.987803674999995,0.063987803675,-5538.0117,-5526.5015,-5538.0117,-11.510254,-11.15625,0.9275592246431184,0.063987803675,0.063987803675,9,625,639,8,8,1.387456894995002,22.635609322640487,64.39999999595008,10.0,511.90242939999996,0.0,-7.0871305,-113.548355,64.27467294357935,0.5000000008100001,63.77467294276935,42.47467294438935,0.982269342269549,6.329331165311325,63.30991921690173,63.69578465413079,64.23204952559433,1.016598385350424,0.125,41.50991921771173,41.89578465494079,42.432049526404334,1.0,35,50,36,0.72,0.7680000000000001,525,403,0.7676190476190476,0.0,1.0,0.7911663956639157,0.10249362769805366,0.10249362769805366,0.07906651279564139,53.24999999595011,0.7795289994529341,2.8498402555910545,2.4074074074074074,2.871604938271605,0.0
406,template_deposition,C,C,none,0,1.0,template_site:index=635:site=C:neigh=2:ahead0=42.600:mode=shell,y,xz,627,221,406,0,406,6680.44436655109,42.78133652576357,500.0,0.001,63.987803674999995,0.063987803675,-5549.155,-5538.0117,-5549.155,-11.143066,-10.603516,0.9968726480434461,0.063987803675,0.063987803675,9,626,635,7,7,1.4157526638078692,12.797560735,64.39999999595008,10.0,511.90242939999996,0.0,-7.1088986,-113.89712,64.27806742803088,0.5000000008100001,63.77806742722088,42.47806742884088,1.0199849380642723,6.344959143497279,63.37889836762639,63.71691902615797,64.2756912889148,1.0599913366364473,0.125,41.57889836843639,41.91691902696797,42.4756912897248,1.0,35,50,36,0.72,0.7698181818181818,525,404,0.7695238095238095,0.0,1.0,0.7931198929371599,0.10241107972521278,0.10241107972521278,0.07919790165416456,53.24999999595011,0.7808243825652327,2.851674641148325,2.4642857142857144,2.874384236453202,0.0
407,template_deposition,C,C,none,0,1.0,template_site:index=638:site=C:neigh=2:ahead0=42.600:mode=shell,y,xz,628,221,407,0,407,6689.713798003493,9.269431452403516,500.0,0.001,63.987803674999995,0.063987803675,-5559.928,-5549.155,-5559.928,-10.7734375,-10.362305,0.9999999443486132,0.063987803675,0.063987803675,12,627,638,6,6,1.3930843172380893,20.17609717701012,64.39999999595008,10.0,511.90242939999996,0.0,-7.1299443,-114.23431,64.41796143506275,0.5000000008100001,63.91796143425275,42.61796143587275,1.0592723857550188,6.360587121683233,63.47431804211227,63.98164026946755,64.3384745654885,1.1180058156084904,0.125,41.67431804292227,42.18164027027755,42.5384745662985,1.0,35,50,36,0.72,0.7716363636363636,525,405,0.7714285714285715,0.0,1.0,0.7950733902104041,0.10239390182536186,0.10239390182536186,0.07937965341509004,53.24999999595011,0.7826163013350569,2.8535031847133756,2.5172413793103448,2.8771498771498774,0.0
408,template_deposition,C,C,none,0,1.0,template_site:index=636:site=C:neigh=2:ahead0=42.600:mode=shell,y,xz,629,221,408,0,408,6690.0254472480265,0.31164924453288384,500.0,0.001,63.987803674999995,0.063987803675,-5570.1294,-5559.928,-5570.1294,-10.201172,-9.140625,0.999999999999992,0.063987803675,0.063987803675,12,628,636,5,5,1.2335346600633104,15.257072883189878,64.39999999595008,10.0,511.90242939999996,0.0,-7.1498723,-114.55359,64.47380239613557,0.5000000008100001,63.97380239532557,42.67380239694557,1.096017295940363,6.376215099869187,63.58296899052835,64.30921254205343,64.43471372338459,1.1736273466887466,0.125,41.78296899133835,42.50921254286343,42.63471372419459,1.0,35,50,36,0.72,0.7734545454545454,525,406,0.7733333333333333,0.0,1.0,0.7970268874836484,0.10240923772386851,0.10240923772386851,0.07958660760254924,53.24999999595011,0.7846566947326972,2.8553259141494434,2.566666666666667,2.8799019607843137,0.0
409,template_deposition,C,C,none,0,1.0,template_site:index=630:site=C:neigh=1:ahead0=42.600:mode=shell,y,xz,630,221,409,0,409,6690.2169041594825,0.19145691145578964,500.0,0.001,63.987803674999995,0.063987803675,-5578.4834,-5570.1294,-5578.4834,-8.354004,-7.741699,0.9997358566079971,0.063987803675,0.063987803675,5,629,630,4,4,1.438480884279944,0.49999999916963384,64.39999999595008,10.0,511.90242939999996,0.0,-7.166192,-114.815056,64.47380239613557,0.5000000008100001,63.97380239532557,42.67380239694557,1.116746142922349,6.391843078055141,63.676885828993775,64.31837657907954,64.43471372338459,1.2045193135363284,0.125,41.876885829803776,42.51837657988954,42.63471372419459,1.0,35,50,36,0.72,0.7752727272727273,525,407,0.7752380952380953,0.0,1.0,0.7989803847568926,0.10238847391150067,0.10238847391150067,0.07976549681867386,53.24999999595011,0.7864203912298345,2.853968253968254,2.5483870967741935,2.877750611246944,0.0
410,template_deposition,C,C,none,0,1.0,template_site:index=640:site=C:neigh=1:ahead0=42.600:mode=shell,y,xz,631,221,410,0,410,6728.911085188105,38.69418102862299,500.0,0.001,63.987803674999995,0.063987803675,-5584.8315,-5578.4834,-5584.8315,-6.3481445,-5.802246,0.998400525368164,0.063987803675,0.063987803675,7,630,640,3,3,1.524874509409172,25.095121470830364,64.39999999595008,10.0,511.90242939999996,0.0,-7.178593,-115.01375,64.47380239613557,0.5000000008100001,63.97380239532557,42.67380239694557,1.1369840452236855,6.407471056241095,63.68798686007122,64.35797692557827,64.43471372338459,1.2106451627669086,0.125,41.88798686088122,42.55797692638827,42.63471372419459,1.0,35,50,36,0.72,0.7770909090909092,525,408,0.7771428571428571,0.0,1.0,0.8009338820301368,0.10216582161190542,0.10216582161190542,0.07978664163977375,53.24999999595011,0.7866288612970325,2.8526148969889067,2.53125,2.875609756097561,0.0
411,template_deposition,C,C,none,0,1.0,template_site:index=634:site=C:neigh=1:ahead0=42.600:mode=shell,y,xz,632,221,411,0,411,6739.791303962126,10.880218774021541,500.0,0.001,63.987803674999995,0.063987803675,-5591.011,-5584.8315,-5591.011,-6.1796875,-5.5249023,0.9995983189290982,0.063987803675,0.063987803675,8,631,634,2,2,1.4912596408704166,10.338048586810121,64.39999999595008,10.0,511.90242939999996,0.0,-7.1906652,-115.20716,64.47380239613557,0.5000000008100001,63.97380239532557,42.67380239694557,1.1560242922794015,6.423099034427048,63.69853027180367,64.39496620784736,64.43471372338459,1.220516187623885,0.125,41.89853027261367,42.59496620865736,42.63471372419459,1.0,35,50,36,0.72,0.7789090909090909,525,409,0.7790476190476191,0.0,1.0,0.802887379303381,0.10194289604042256,0.10194289604042256,0.07980672432878794,53.24999999595011,0.786826859639441,2.8512658227848102,2.515151515151515,2.8734793187347933,0.0
412,template_deposition,C,C,none,0,1.0,template_site:index=623:site=C:neigh=1:ahead0=41.890:mode=shell,y,xz,633,221,412,0,412,6752.376190226984,12.584886264858566,500.0,0.001,63.987803674999995,0.063987803675,-5599.6357,-5591.011,-5599.6357,-8.624512,-7.8725586,1.0,0.063987803675,0.063987803675,9,632,623,1,1,1.4074576432813404,9.10829251399494,63.68999999578107,10.0,511.90242939999996,0.0,-7.207513,-115.47709,64.47380239613557,0.5000000008100001,63.97380239532557,42.67380239694557,1.1445509995982426,6.438727012613002,63.96181197737324,64.3792231760824,64.43471372338459,0.925086131158144,0.125,42.16181197818324,42.579223176892405,42.63471372419459,1.0,35,50,36,0.72,0.7809090909090909,525,410,0.780952380952381,0.0,1.0,0.8048408765766253,0.10233449509267777,0.10233449509267777,0.08030821329177759,53.24999999595011,0.7917711170214051,2.8499210110584516,2.5,2.871359223300971,0.0
413,template_deposition,C,C,none,0,1.0,template_site:index=633:site=C:neigh=1:ahead0=42.600:mode=shell,y,xz,634,221,413,0,413,6766.051473004258,13.675282777273036,500.0,0.001,63.987803674999995,0.063987803675,-5607.029,-5599.6357,-5607.029,-7.3930664,-7.154297,1.0,0.063987803675,0.063987803675,6,633,633,2,2,1.3623043423713141,7.878536441179756,64.39999999595008,10.0,511.90242939999996,0.0,-7.2219553,-115.70848,64.47380239613557,0.5000000008100001,63.97380239532557,42.67380239694557,1.1552405820501916,6.454354990798956,64.04070934579627,64.38319198974472,64.43471372338459,0.9298767927226252,0.125,42.24070934660627,42.58319199055472,42.63471372419459,1.0,35,50,36,0.72,0.7827272727272728,525,411,0.7828571428571428,0.0,1.0,0.8067943738498695,0.10227774660195224,0.10227774660195224,0.08045849399353576,53.24999999595011,0.7932527577430771,2.8485804416403786,2.4857142857142858,2.8692493946731235,0.0
414,template_deposition,C,C,none,0,1.0,template_site:index=622:site=C:neigh=1:ahead0=41.890:mode=shell,y,xz,635,221,414,0,414,6772.214585394074,6.163112389815753,500.0,0.001,63.987803674999995,0.063987803675,-5615.214,-5607.029,-5615.214,-8.185059,-7.679199,1.0,0.063987803675,0.063987803675,8,634,622,1,1,1.3832089137725412,6.648780368364573,63.68999999578107,10.0,511.90242939999996,0.0,-7.2379446,-115.96466,64.47380239613557,0.5000000008100001,63.97380239532557,42.67380239694557,1.14506714918894,6.46998296898491,64.02897587081273,64.3792231760824,64.43471372338459,0.9271234225806475,0.125,42.22897587162273,42.579223176892405,42.63471372419459,1.0,38,50,36,0.72,0.7847272727272727,525,412,0.7847619047619048,0.0,1.0,0.8087478711231137,0.10200235717783268,0.10200235717783268,0.08043614451737663,53.24999999595011,0.7930324107950126,2.847244094488189,2.4722222222222223,2.867149758454106,0.0
415,template_deposition,C,C,none,0,1.0,template_site:index=612:site=C:neigh=1:ahead0=40.470:mode=shell,y,xz,636,221,415,0,415,6774.809921307091,2.5953359130174007,500.0,0.001,63.987803674999995,0.063987803675,-5625.5347,-5615.214,-5625.5347,-10.320801,-7.5356445,1.0,0.063987803675,0.063987803675,13,635,612,1,1,1.4526174625214605,6.648780368364573,62.26999999611207,10.0,511.90242939999996,0.0,-7.2581067,-116.28769,64.47380239613557,0.5000000008100001,63.97380239532557,42.67380239694557,1.146797811114824,6.485610947170864,64.12384036736434,64.39079910368584,64.43471372338459,0.7159177313689516,0.125,42.32384036817434,42.59079910449584,42.63471372419459,1.0,36,50,37,0.74,0.7883636363636364,525,414,0.7885714285714286,0.0,1.0,0.810701368396358,0.1019851575136731,0.1019851575136731,0.08061683879652255,53.24999999595011,0.7948139036881361,2.849056603773585,2.5135135135135136,2.869879518072289,0.0
416,template_deposition,C,C,none,0,1.0,template_site:index=611:site=C:neigh=2:ahead0=40.470:mode=shell,y,xz,637,221,416,0,416,6807.794397586254,32.984476279163104,500.0,0.001,63.987803674999995,0.063987803675,-5635.8647,-5625.5347,-5635.8647,-10.330078,-4.411133,0.9984891088830435,0.063987803675,0.063987803675,13,636,611,2,2,1.0951954732162608,4.189268220174695,62.26999999611207,10.0,511.90242939999996,0.0,-7.2782865,-116.61101,64.47380239613557,0.5000000008100001,63.97380239532557,42.67380239694557,1.134728272799795,6.501238925356818,64.14081190743542,64.39079910368584,64.43471372338459,0.6710906043894674,0.125,42.34081190824542,42.59079910449584,42.63471372419459,1.0,37,50,38,0.76,0.7903636363636363,525,415,0.7904761904761904,0.0,1.0,0.8126548656696022,0.10178079785635918,0.10178079785635918,0.08064916553951508,53.24999999595011,0.7951326180556924,2.847723704866562,2.5,2.8677884615384617,0.0
417,template_deposition,C,C,none,0,1.0,template_site:index=613:site=C:neigh=2:ahead0=40.470:mode=shell,y,xz,638,221,417,0,417,6826.937370356367,19.14297277011299,500.0,0.001,63.987803674999995,0.063987803675,-5647.3657,-5635.8647,-5647.3657,-11.500977,-3.8520508,1.0,0.063987803675,0.063987803675,17,637,613,1,1,1.0755374795628878,9.10829251399494,62.26999999611207,10.0,511.90242939999996,0.0,-7.3007536,-116.97097,64.47380239613557,0.5000000008100001,63.97380239532557,42.67380239694557,1.1227647912315426,6.5168669035427715,64.13526390039802,64.3792231760824,64.43471372338459,0.6692017854732345,0.125,42.335263901208016,42.579223176892405,42.63471372419459,1.0,37,50,38,0.76,0.7923636363636364,525,416,0.7923809523809524,0.0,1.0,0.8146083629428464,0.10152341463119428,0.10152341463119428,0.08063859790706289,53.24999999595011,0.7950284301300994,2.8495297805642634,2.5384615384615383,2.870503597122302,0.0
418,template_deposition,C,C,none,0,1.0,template_site:index=621:site=C:neigh=1:ahead0=41.890:mode=shell,y,xz,639,221,418,0,418,6842.350534324224,15.413163967857301,500.0,0.001,63.987803674999995,0.063987803675,-5655.173,-5647.3657,-5655.173,-7.807129,-7.1118164,1.0,0.063987803675,0.063987803675,12,638,621,1,1,1.3223105756104219,4.189268220174695,63.68999999578107,10.0,511.90242939999996,0.0,-7.3160048,-117.215324,64.47380239613557,0.5000000008100001,63.97380239532557,42.67380239694557,1.1202286596632993,6.532494881728725,64.31326552034943,64.3792231760824,64.44946050635924,0.21787993963098803,0.125,42.51326552115943,42.579223176892405,42.649460507169245,1.0,38,50,39,0.78,0.7943636363636364,525,417,0.7942857142857143,0.0,1.0,0.8165618602160907,0.10170637684487903,0.10170637684487903,0.08097764861173225,53.24999999595011,0.7983711835566712,2.848200312989045,2.525,2.8684210526315788,0.0
419,template_deposition,C,C,none,0,1.0,template_site:index=632:site=C:neigh=2:ahead0=42.600:mode=shell,y,xz,640,221,419,0,419,6867.566209608081,25.215675283856935,500.0,0.001,63.987803674999995,0.063987803675,-5667.202,-5655.173,-5667.202,-12.029297,-10.189453,0.9999999999972207,0.063987803675,0.063987803675,11,639,632,2,2,1.3244187859643388,5.419024292989877,64.39999999595008,10.0,511.90242939999996,0.0,-7.339504,-117.59182,64.50709247842094,0.5000000008100001,64.00709247761094,42.707092479230944,1.1088116584134313,6.548122859914679,64.41196041646687,64.40558922396235,64.48378942082118,0.05633430874136047,0.125,42.61196041727687,42.60558922477235,42.68378942163118,1.0,39,50,40,0.8,0.7981818181818181,525,419,0.7980952380952381,0.0,1.0,0.8185153574893349,0.10169918954004026,0.10169918954004026,0.08116563889005118,53.24999999595011,0.800224608836013,2.853125,2.625,2.875894988066826,0.0
420,template_deposition,C,C,none,0,1.0,template_site:index=631:site=C:neigh=2:ahead0=42.600:mode=shell,y,xz,641,221,420,0,420,6889.525223428838,21.95901382075649,500.0,0.001,63.987803674999995,0.063987803675,-5676.3457,-5667.202,-5676.3457,-9.143555,-7.979004,1.0,0.063987803675,0.063987803675,11,640,631,1,1,1.4224146392146513,2.959512147359512,64.39999999595008,10.0,511.90242939999996,0.0,-7.3573656,-117.878,64.50709247842094,0.5000000008100001,64.00709247761094,42.707092479230944,1.1195687703659578,6.563750838100633,64.42034784355039,64.4096575586158,64.48910043983518,0.05892434313692966,0.125,42.62034784436039,42.609657559425806,42.689100440645184,1.0,39,50,40,0.8,0.8,525,420,0.8,0.0,1.0,0.8204688547625791,0.10147701867704854,0.10147701867704854,0.08118161494163884,53.24999999595011,0.8003821192037905,2.854914196567863,2.658536585365854,2.8785714285714286,0.0
421,template_deposition,C,C,none,0,1.0,template_site:index=641:site=C:neigh=1:ahead0=44.020:mode=shell,y,xz,642,221,421,0,421,6891.449158713349,1.9239352845102315,500.0,0.001,63.987803674999995,0.063987803675,-5684.654,-5676.3457,-5684.654,-8.308105,-8.111328,0.9999127458681107,0.063987803675,0.063987803675,5,641,641,11,11,1.33878704007834,0.49999999916963384,65.81999999561909,10.0,511.90242939999996,0.0,-7.3735957,-118.13803,65.80782223985135,0.5000000008100001,65.30782223904134,44.00782224066135,0.48232257679236334,6.579378816286587,64.58615192776236,64.4096575586158,64.89731140685006,0.46492039365278526,0.125,42.78615192857236,42.609657559425806,43.097311407660065,1.0,39,50,40,0.8,0.8018181818181819,525,421,0.8019047619047619,0.0,1.0,0.8224223520358234,0.101629814557179,0.101629814557179,0.08149743224489973,53.24999999595011,0.8034958109263178,2.853582554517134,2.3636363636363638,2.8764845605700713,0.0
422,template_deposition,C,C,none,0,1.0,template_site:index=651:site=C:neigh=1:ahead0=44.020:mode=shell,y,xz,643,221,422,0,422,6908.949710512849,17.50055179950061,500.0,0.001,63.987803674999995,0.063987803675,-5692.908,-5684.654,-5692.908,-8.254395,-7.708496,0.997555566788682,0.063987803675,0.063987803675,5,642,651,10,10,1.4268558951095272,25.095121470830364,65.81999999561909,10.0,511.90242939999996,0.0,-7.3897204,-118.39638,65.80782223985135,0.5000000008100001,65.30782223904134,44.00782224066135,0.5760795147809099,6.595006794472541,64.75876321266458,64.44588191559916,65.78422177641117,0.5984213190023393,0.125,42.958763213474576,42.64588191640916,43.98422177722117,1.0,39,50,40,0.8,0.8036363636363636,525,422,0.8038095238095239,0.0,1.0,0.8243758493090676,0.10179801709354165,0.10179801709354165,0.08182621564471348,53.24999999595011,0.8067373374036013,2.8522550544323484,2.347826086956522,2.874407582938389,0.0
423,template_deposition,C,C,none,0,1.0,template_site:index=643:site=C:neigh=1:ahead0=44.020:mode=shell,y,xz,644,221,423,0,423,6909.068169471233,0.11845895838390762,500.0,0.001,63.987803674999995,0.063987803675,-5700.521,-5692.908,-5700.521,-7.612793,-7.4101562,0.39322145463212815,0.063987803675,0.063987803675,8,643,643,9,9,1.421028299662311,5.419024292989877,65.81999999561909,10.0,511.90242939999996,0.0,-7.404592,-118.63464,65.8239117939515,0.5000000008100001,65.32391179314149,44.023911794761496,0.6470611137151995,6.610634772658495,64.93242786682055,64.47382699801084,65.8126491060814,0.6752986098587012,0.125,43.13242786763055,42.673826998820836,44.012649106891395,1.0,39,50,40,0.8,0.8054545454545454,525,423,0.8057142857142857,0.0,1.0,0.8263293465823118,0.10196791458068687,0.10196791458068687,0.08215700546215342,53.24999999595011,0.8099986454631164,2.8509316770186337,2.3333333333333335,2.872340425531915,0.0
424,template_deposition,C,C,none,0,1.0,template_site:index=650:site=C:neigh=1:ahead0=44.020:mode=shell,y,xz,645,221,424,0,424,6931.942682004211,22.87451253297755,500.0,0.001,63.987803674999995,0.063987803675,-5708.104,-5700.521,-5708.104,-7.583008,-7.330078,0.30684029631990495,0.063987803675,0.063987803675,9,644,650,8,8,1.476196540017062,22.635609322640487,65.81999999561909,10.0,511.90242939999996,0.0,-7.4194055,-118.87199,65.8239117939515,0.5000000008100001,65.32391179314149,44.023911794761496,0.6996337251592996,6.6262627508444485,64.93463681384705,64.47382699801084,65.8126491060814,0.6777854453706971,0.125,43.13463681465705,42.673826998820836,44.012649106891395,1.0,39,50,40,0.8,0.8072727272727271,525,424,0.8076190476190476,0.0,1.0,0.8282828438555561,0.10173263399683266,0.10173263399683266,0.08216121298029914,53.24999999595011,0.8100401280363873,2.849612403100775,2.32,2.8702830188679247,0.0
425,template_deposition,C,C,none,0,1.0,template_site:index=646:site=C:neigh=1:ahead0=44.020:mode=shell,y,xz,646,221,425,0,425,6938.595171548813,6.652489544601603,500.0,0.001,63.987803674999995,0.063987803675,-5715.706,-5708.104,-5715.706,-7.602051,-7.2319336,0.05117004967249272,0.063987803675,0.063987803675,8,645,646,7,7,1.4550444204711002,12.797560735,65.81999999561909,10.0,511.90242939999996,0.0,-7.434256,-119.10992,65.8239117939515,0.5000000008100001,65.32391179314149,44.023911794761496,0.7408526726514821,6.641890729030402,65.11287373041907,65.13225034348714,65.82126463327879,0.6989676309203917,0.125,43.31287373122907,43.332250344297144,44.02126463408879,1.0,39,50,40,0.8,0.8090909090909091,525,425,0.8095238095238095,0.0,1.0,0.8302363411288003,0.10191264407348016,0.10191264407348016,0.08250071186900775,53.24999999595011,0.8133873001788393,2.848297213622291,2.3076923076923075,2.868235294117647,0.0
426,template_deposition,C,C,none,0,1.0,template_site:index=642:site=C:neigh=1:ahead0=44.020:mode=shell,y,xz,647,221,426,0,426,6974.219596948867,35.62442540005357,500.0,0.001,63.987803674999995,0.063987803675,-5723.2305,-5715.706,-5723.2305,-7.524414,-7.3100586,0.26591295050109653,0.063987803675,0.063987803675,10,646,642,6,6,1.4527016292541821,2.959512147359512,65.81999999561909,10.0,511.90242939999996,0.0,-7.448955,-119.34542,65.83368585863597,0.5000000008100001,65.33368585782597,44.033685859445974,0.7734258010089826,6.657518707216356,65.11538514315583,65.13225034348714,65.82419685268414,0.701501681578604,0.125,43.315385143965834,43.332250344297144,44.02419685349414,1.0,39,50,40,0.8,0.8109090909090909,525,426,0.8114285714285714,0.0,1.0,0.8321898384020445,0.10167930784968505,0.10167930784968505,0.08250549551231587,53.24999999595011,0.8134344628593456,2.846986089644513,2.2962962962962963,2.8661971830985915,0.0
427,template_deposition,C,C,none,0,1.0,template_site:index=647:site=C:neigh=1:ahead0=44.020:mode=shell,y,xz,648,221,427,0,427,6977.338094335528,3.118497386660771,500.0,0.001,63.987803674999995,0.063987803675,-5732.6313,-5723.2305,-5732.6313,-9.400879,-7.3164062,0.45729372191422657,0.063987803675,0.063987803675,9,647,647,5,5,1.352441476772662,15.257072883189878,65.81999999561909,10.0,511.90242939999996,0.0,-7.4673195,-119.63965,65.88598515369215,0.5000000008100001,65.38598515288214,44.08598515450215,0.8036584965580272,6.673146685402311,65.14476575378026,65.14837370238412,65.84937564715283,0.6882256670791548,0.125,43.34476575459026,43.34837370319412,44.049375647962826,1.0,39,50,40,0.8,0.8127272727272729,525,427,0.8133333333333334,0.0,1.0,0.8341433356752889,0.10150999005758844,0.10150999005758844,0.08256145858017193,53.24999999595011,0.8139862114157148,2.8487654320987654,2.357142857142857,2.8688524590163933,0.0
428,template_deposition,C,C,none,0,1.0,template_site:index=649:site=C:neigh=1:ahead0=44.020:mode=shell,y,xz,649,221,428,0,428,6978.737015635743,1.3989213002149865,500.0,0.001,63.987803674999995,0.063987803675,-5740.1284,-5732.6313,-5740.1284,-7.4970703,-7.317871,0.8250069872277194,0.063987803675,0.063987803675,9,648,649,4,4,1.4009254408470242,20.17609717701012,65.81999999561909,10.0,511.90242939999996,0.0,-7.481965,-119.8743,65.88598515369215,0.5000000008100001,65.38598515288214,44.08598515450215,0.8252132746846377,6.688774663588265,65.32122535031115,65.8085077090224,65.84937564715283,0.6627684205034089,0.125,43.52122535112115,44.008507709832394,44.049375647962826,1.0,39,50,40,0.8,0.8145454545454546,525,428,0.8152380952380952,0.0,1.0,0.8360968329485331,0.10168510596056345,0.10168510596056345,0.08289757209737363,53.24999999595011,0.8173000066559836,2.847457627118644,2.3448275862068964,2.866822429906542,0.0
429,template_deposition,C,C,none,0,1.0,template_site:index=644:site=C:neigh=1:ahead0=44.020:mode=shell,y,xz,650,221,429,0,429,6997.885557988605,19.148542352861607,500.0,0.001,63.987803674999995,0.063987803675,-5747.7173,-5740.1284,-5747.7173,-7.588867,-7.2226562,0.8001165397033265,0.063987803675,0.063987803675,9,649,644,3,3,1.3506875217109564,7.878536441179756,65.81999999561909,10.0,511.90242939999996,0.0,-7.49679,-120.11182,65.88598515369215,0.5000000008100001,65.38598515288214,44.08598515450215,0.8448192988156036,6.704402641774219,65.49722008031483,65.82577457085401,65.87142400844887,0.5980664226454234,0.125,43.69722008112483,44.02577457166401,44.07142400925887,1.0,39,50,40,0.8,0.8163636363636364,525,429,0.8171428571428572,0.0,1.0,0.8380503302217773,0.10185832186742386,0.10185832186742386,0.08323280015452349,53.24999999595011,0.8206050720084167,2.8461538461538463,2.3333333333333335,2.8648018648018647,0.0
430,template_deposition,C,C,none,0,1.0,template_site:index=645:site=C:neigh=1:ahead0=44.020:mode=shell,y,xz,651,221,430,0,430,7023.874575516491,25.9890175278864,500.0,0.001,63.987803674999995,0.063987803675,-5756.028,-5747.7173,-5756.028,-8.310547,-7.1220703,0.4858381173374914,0.063987803675,0.063987803675,10,650,645,2,2,1.3898918174047064,10.338048586810121,65.81999999561909,10.0,511.90242939999996,0.0,-7.5130243,-120.371925,65.93595066447203,0.5000000008100001,65.43595066366203,44.13595066528203,0.8566877431967249,6.7200306199601725,65.67903183380784,65.84186072278425,65.90366283848921,0.4777456596419838,0.125,43.87903183461784,44.04186072359425,44.10366283929921,1.0,39,50,40,0.8,0.8163636363636364,525,429,0.8171428571428572,0.0,1.0,0.8400038274950216,0.10204426008050661,0.10204426008050661,0.08357910825641493,53.24999999595011,0.8240193772385921,2.844854070660522,2.3225806451612905,2.8627906976744186,0.0
431,template_deposition,C,C,none,0,1.0,template_site:index=648:site=C:neigh=1:ahead0=44.020:mode=shell,y,xz,652,221,431,0,431,7032.301740655299,8.42716513880831,500.0,0.001,63.987803674999995,0.063987803675,-5763.449,-5756.028,-5763.449,-7.4213867,-7.145508,1.0,0.063987803675,0.063987803675,10,651,648,1,1,1.4004111100710757,17.716585028820244,65.81999999561909,10.0,511.90242939999996,0.0,-7.527522,-120.6042,65.93595066447203,0.5000000008100001,65.43595066366203,44.13595066528203,0.8672222352137562,6.735658598146126,65.8549294717547,65.84832808254525,65.90366283848921,0.03970828499897872,0.125,44.0549294725647,44.04832808335525,44.10366283929921,1.0,40,50,41,0.82,0.8181818181818181,525,430,0.819047619047619,0.0,1.0,0.8419573247682658,0.10221561362544014,0.10221561362544014,0.08391415137631372,53.24999999595011,0.8273226192660144,2.8435582822085887,2.3125,2.8607888631090486,0.0
432,template_deposition,C,C,none,0,1.0,template_site:index=660:site=C:neigh=2:ahead0=44.730:mode=shell,y,xz,653,221,432,0,432,7047.745693599651,15.443952944351395,500.0,0.001,63.987803674999995,0.063987803675,-5775.234,-5763.449,-5775.234,-11.784668,-11.163086,0.5181068415587385,0.063987803675,0.063987803675,10,652,660,9,9,1.339155711162636,21.405853249825302,66.52999999578809,10.0,511.90242939999996,0.0,-7.5505433,-120.973045,66.31763302480158,0.5000000008100001,65.81763302399158,44.51763302561158,0.8974235946408707,6.75128657633208,65.91914559596151,65.86048199592673,66.0504553725709,0.1547258966998,0.125,44.11914559677151,44.06048199673673,44.250455373380895,1.0,40,50,41,0.82,0.8201818181818181,525,431,0.820952380952381,0.0,1.0,0.84391082204151,0.1021276518443785,0.1021276518443785,0.0840364678033743,53.24999999595011,0.8285285558709288,2.8453292496171514,2.3636363636363638,2.863425925925926,0.0
433,template_deposition,C,C,none,0,1.0,template_site:index=654:site=C:neigh=2:ahead0=44.730:mode=shell,y,xz,654,221,433,0,433,7060.255559490265,12.509865890614783,500.0,0.001,63.987803674999995,0.063987803675,-5788.5996,-5775.234,-5788.5996,-13.365723,-11.110352,0.40952525394075434,0.063987803675,0.063987803675,10,653,654,8,8,1.3980354134794455,6.648780368364573,66.52999999578809,10.0,511.90242939999996,0.0,-7.5766535,-121.39137,66.31763302480158,0.5000000008100001,65.81763302399158,44.51763302561158,0.9221767998456769,6.766914554518034,65.97670752511996,65.88634503256826,66.30705830794649,0.19563478064891582,0.125,44.17670752592996,44.08634503337826,44.50705830875649,1.0,39,50,40,0.8,0.8203636363636363,525,431,0.820952380952381,0.0,1.0,0.8458643193147543,0.10202472869729784,0.10202472869729784,0.08414610957319993,53.24999999595011,0.829609531066475,2.850152905198777,2.4705882352941178,2.8706697459584296,0.0
434,template_deposition,C,C,none,0,1.0,template_site:index=659:site=C:neigh=2:ahead0=44.730:mode=shell,y,xz,655,221,434,0,434,7064.183126067519,3.9275665772539923,500.0,0.001,63.987803674999995,0.063987803675,-5799.5537,-5788.5996,-5799.5537,-10.954102,-10.69873,0.9999999551291505,0.063987803675,0.063987803675,10,654,659,5,5,1.203671223924862,18.946341101635426,66.52999999578809,10.0,511.90242939999996,0.0,-7.598052,-121.734215,66.54681777686064,0.5000000008100001,66.04681777605063,44.746817777670636,0.9564263275370835,6.782542532703988,66.06884906644838,65.91702839550298,66.41410535702127,0.2680788454485896,0.125,44.26884906725838,44.11702839631298,44.61410535783127,1.0,39,50,40,0.8,0.8223636363636363,525,432,0.8228571428571428,0.0,1.0,0.8478178165879985,0.10200195637617138,0.10200195637617138,0.08432161727096835,53.24999999595011,0.8313398886502388,2.851908396946565,2.5142857142857142,2.8732718894009217,0.0
435,template_deposition,C,C,none,0,1.0,template_site:index=653:site=C:neigh=2:ahead0=44.730:mode=shell,y,xz,656,221,435,0,435,7099.289710366658,35.10658429913911,500.0,0.001,63.987803674999995,0.063987803675,-5810.329,-5799.5537,-5810.329,-10.775391,-9.969727,0.9999999999960054,0.063987803675,0.063987803675,11,655,653,4,4,1.175552921327309,4.189268220174695,66.52999999578809,10.0,511.90242939999996,0.0,-7.619102,-122.07147,66.56798934697136,0.5000000008100001,66.06798934616135,44.76798934778136,0.9846888316275401,6.798170510889942,66.15550669026462,66.13483689798687,66.55316924789385,0.30945009910289456,0.125,44.355506691074616,44.33483689879687,44.75316924870385,1.0,39,50,40,0.8,0.8243636363636364,525,433,0.8247619047619048,0.0,1.0,0.8497713138612427,0.10196668204844739,0.10196668204844739,0.0844866794115707,53.24999999595011,0.8329672618675689,2.8536585365853657,2.5555555555555554,2.8758620689655174,0.0
436,template_deposition,C,C,none,0,1.0,template_site:index=661:site=C:neigh=2:ahead0=44.730:mode=shell,y,xz,657,221,436,0,436,7106.761754729463,7.472044362804591,500.0,0.001,63.987803674999995,0.063987803675,-5819.862,-5810.329,-5819.862,-9.532715,-8.837891,0.9999997216046255,0.063987803675,0.063987803675,9,656,661,3,3,1.4313547916360063,23.86536539545567,66.52999999578809,10.0,511.90242939999996,0.0,-7.637724,-122.36983,66.56798934697136,0.5000000008100001,66.06798934616135,44.76798934778136,1.0069271909800006,6.813798489075896,66.24345076651072,66.38476411628936,66.55316924789385,0.3019746763167961,0.125,44.44345076732072,44.58476411709936,44.75316924870385,1.0,39,50,40,0.8,0.8263636363636364,525,434,0.8266666666666667,0.0,1.0,0.851724811134487,0.10193452010853377,0.10193452010853377,0.08465419193775375,53.24999999595011,0.834618793815978,2.8554033485540335,2.5945945945945947,2.878440366972477,0.0
437,template_deposition,C,C,none,0,1.0,template_site:index=652:site=C:neigh=2:ahead0=44.730:mode=shell,y,xz,658,221,437,0,437,7122.354550820736,15.59279609127339,500.0,0.001,63.987803674999995,0.063987803675,-5829.4385,-5819.862,-5829.4385,-9.57666,-8.187988,0.9993609039086342,0.063987803675,0.063987803675,9,657,652,2,2,1.5084112420762967,1.729756074544329,66.52999999578809,10.0,511.90242939999996,0.0,-7.656432,-122.66957,66.5683764586844,0.5000000008100001,66.0683764578744,44.7683764594944,1.0230713340960578,6.829426467261849,66.32365453916168,66.4369706742228,66.55328538140776,0.2583623619475731,0.125,44.52365453997168,44.636970675032806,44.75328538221776,1.0,39,50,40,0.8,0.8283636363636364,525,435,0.8285714285714286,0.0,1.0,0.8536783084077312,0.10188479299764687,0.10188479299764687,0.08480696102851748,53.24999999595011,0.8361249679503829,2.857142857142857,2.6315789473684212,2.8810068649885583,0.0
438,template_deposition,C,C,none,0,1.0,template_site:index=658:site=C:neigh=2:ahead0=44.730:mode=shell,y,xz,659,221,438,0,438,7147.199141558476,24.844590737740006,500.0,0.001,63.987803674999995,0.063987803675,-5839.2764,-5829.4385,-5839.2764,-9.837891,-7.8710938,1.0,0.063987803675,0.063987803675,11,658,658,1,1,1.5615556912554758,16.48682895600506,66.52999999578809,10.0,511.90242939999996,0.0,-7.67565,-122.97748,66.5683764586844,0.5000000008100001,66.0683764578744,44.7683764594944,1.0402825139499774,6.845054445447803,66.328473440148,66.4369706742228,66.5669611864346,0.2563314889566007,0.125,44.528473440958,44.636970675032806,44.7669611872446,1.0,39,50,40,0.8,0.8303636363636363,525,436,0.8304761904761905,0.0,1.0,0.8556318056809754,0.10166318137205023,0.10166318137205023,0.08481613988753905,53.24999999595011,0.8362154637435603,2.858877086494689,2.6666666666666665,2.8835616438356166,0.0
439,template_deposition,C,C,none,0,1.0,template_site:index=669:site=C:neigh=1:ahead0=46.150:mode=shell,y,xz,660,221,439,0,439,7155.197339772998,7.998198214522192,500.0,0.001,63.987803674999995,0.063987803675,-5846.9136,-5839.2764,-5846.9136,-7.637207,-7.397461,0.8553769608894324,0.063987803675,0.063987803675,8,659,669,7,7,1.3836485446218931,18.946341101635426,67.94999999545709,10.0,511.90242939999996,0.0,-7.6905694,-123.21651,67.96745753705936,0.5000000008100001,67.46745753624936,46.16745753786936,0.5101631349597245,6.860682423633757,66.5103335213367,66.46109156372336,66.98810078219688,0.6024673575223166,0.125,44.710333522146705,44.66109156453336,45.18810078300688,1.0,39,50,40,0.8,0.8323636363636363,525,437,0.8323809523809523,0.0,1.0,0.8575853029542196,0.10184586223723623,0.10184586223723623,0.0851625400421842,53.24999999595011,0.839630676536096,2.8575757575757574,2.3684210526315788,2.8815489749430525,0.0
440,template_deposition,C,C,none,0,1.0,template_site:index=663:site=C:neigh=1:ahead0=46.150:mode=shell,y,xz,661,221,440,0,440,7180.082947162165,24.885607389166985,500.0,0.001,63.987803674999995,0.063987803675,-5854.4194,-5846.9136,-5854.4194,-7.5058594,-7.3203125,0.9454982793868149,0.063987803675,0.063987803675,8,660,663,6,6,1.3824836229392887,4.189268220174695,67.94999999545709,10.0,511.90242939999996,0.0,-7.705232,-123.45143,67.96745753705936,0.5000000008100001,67.46745753624936,46.16745753786936,0.6305909099041033,6.876310401819711,66.69019178987244,66.46195497042694,67.96631767516946,0.7704272030629291,0.125,44.890191790682444,44.661954971236945,46.166317675979464,1.0,39,50,40,0.8,0.8343636363636364,525,438,0.8342857142857143,0.0,1.0,0.8595388002274639,0.10202316316064192,0.10202316316064192,0.08550512722034752,53.24999999595011,0.8430082966027518,2.8562783661119515,2.35,2.8795454545454544,0.0
441,template_deposition,C,C,none,0,1.0,template_site:index=670:site=C:neigh=1:ahead0=46.150:mode=shell,y,xz,662,221,441,0,441,7197.539917973247,17.45697081108233,500.0,0.001,63.987803674999995,0.063987803675,-5862.0986,-5854.4194,-5862.0986,-7.679199,-7.1967773,0.9976121596007878,0.063987803675,0.063987803675,9,661,670,5,5,1.4738848920647005,21.405853249825302,67.94999999545709,10.0,511.90242939999996,0.0,-7.7202334,-123.69178,67.9719829571834,0.5000000008100001,67.4719829563734,46.1719829579934,0.708342520111661,6.891938380005665,66.87124154570769,66.45526673062895,67.96767530120668,0.8662875810589175,0.125,45.07124154651769,44.65526673143895,46.16767530201668,1.0,39,50,40,0.8,0.8363636363636364,525,439,0.8361904761904762,0.0,1.0,0.8614922975007081,0.10220236178348682,0.10220236178348682,0.08584998389812894,53.24999999595011,0.8464082920177568,2.8549848942598186,2.3333333333333335,2.877551020408163,0.0
442,template_deposition,C,C,none,0,1.0,template_site:index=671:site=C:neigh=1:ahead0=46.150:mode=shell,y,xz,663,221,442,0,442,7223.898307263067,26.358389289820355,500.0,0.001,63.987803674999995,0.063987803675,-5869.383,-5862.0986,-5869.383,-7.2841797,-6.741699,0.053166458733808965,0.063987803675,0.063987803675,8,662,671,4,4,1.4944061772462984,23.86536539545567,67.94999999545709,10.0,511.90242939999996,0.0,-7.734463,-123.91976,67.9719829571834,0.5000000008100001,67.4719829563734,46.1719829579934,0.7686535225133952,6.907566358191619,67.05857454291692,67.19860246302994,67.96767530120668,0.9170425918056736,0.125,45.258574543726915,45.39860246383994,46.16767530201668,1.0,39,50,40,0.8,0.8383636363636364,525,440,0.8380952380952381,0.0,1.0,0.8634457947739523,0.10239496503105637,0.10239496503105637,0.08620680865471793,53.24999999595011,0.849926282575944,2.8536953242835597,2.3181818181818183,2.8755656108597285,0.0
443,template_deposition,C,C,none,0,1.0,template_site:index=668:site=C:neigh=1:ahead0=46.150:mode=shell,y,xz,664,221,443,0,443,7248.78652804299,24.888220779922044,500.0,0.001,63.987803674999995,0.063987803675,-5877.1274,-5869.383,-5877.1274,-7.744629,-6.8481445,0.7467480064646504,0.063987803675,0.063987803675,9,663,668,3,3,1.5078802609143669,16.48682895600506,67.94999999545709,10.0,511.90242939999996,0.0,-7.7495923,-124.16216,67.96810306355728,0.5000000008100001,67.46810306274728,46.16810306436728,0.8110035390224051,6.9231943363775725,67.05871656687553,67.19860246302994,67.96651133311885,0.9157547186111982,0.125,45.25871656768553,45.39860246383994,46.166511333928845,1.0,39,50,40,0.8,0.8403636363636363,525,441,0.84,0.0,1.0,0.8653992920471966,0.10216414575098315,0.10216414575098315,0.08620707917654387,53.24999999595011,0.849928949692538,2.852409638554217,2.3043478260869565,2.873589164785553,0.0
444,template_deposition,C,C,none,0,1.0,template_site:index=662:site=C:neigh=1:ahead0=46.150:mode=shell,y,xz,665,221,444,0,444,7258.185165700082,9.398637657092412,500.0,0.001,63.987803674999995,0.063987803675,-5884.545,-5877.1274,-5884.545,-7.4174805,-6.801758,0.9935142842103573,0.063987803675,0.063987803675,8,664,662,2,2,1.4967749348567783,1.729756074544329,67.94999999545709,10.0,511.90242939999996,0.0,-7.7640824,-124.39432,67.9737895222231,0.5000000008100001,67.4737895214131,46.1737895230331,0.8461399846885805,6.938822314563526,67.24612604754566,67.9442602060644,67.96980900115703,0.9260560917600837,0.125,45.44612604835566,46.1442602068744,46.16980900196703,1.0,39,50,40,0.8,0.8423636363636363,525,442,0.8419047619047619,0.0,1.0,0.8673527893204408,0.10235613974854878,0.10235613974854878,0.08656404961591554,53.24999999595011,0.8534483765598503,2.8511278195488723,2.2916666666666665,2.8716216216216215,0.0
445,template_deposition,C,C,none,0,1.0,template_site:index=664:site=C:neigh=1:ahead0=46.150:mode=shell,y,xz,666,221,445,0,445,7293.954526423716,35.76936072363415,500.0,0.001,63.987803674999995,0.063987803675,-5892.14,-5884.545,-5892.14,-7.595215,-6.494629,1.0,0.063987803675,0.063987803675,9,665,664,1,1,1.5696245311756807,6.648780368364573,67.94999999545709,10.0,511.90242939999996,0.0,-7.7789197,-124.632034,67.97100754753342,0.5000000008100001,67.47100754672341,46.17100754834342,0.8715637848632268,6.95445029274948,67.43298693679549,67.9442602060644,67.96897440875011,0.890798746224873,0.125,45.63298693760549,46.1442602068744,46.168974409560114,1.0,39,50,40,0.8,0.8443636363636364,525,443,0.8438095238095238,0.0,1.0,0.869306286593685,0.1025460380620348,0.1025460380620348,0.08691997511924855,53.24999999595011,0.8569575012408651,2.84984984984985,2.28,2.8696629213483145,0.0
446,template_deposition,C,C,none,0,1.0,template_site:index=681:site=C:neigh=2:ahead0=46.860:mode=shell,y,xz,667,221,446,0,446,7303.293600387995,9.339073964279287,500.0,0.001,63.987803674999995,0.063987803675,-5904.749,-5892.14,-5904.749,-12.608887,-10.842773,0.1053138628617176,0.063987803675,0.063987803675,9,666,681,9,9,1.3952914350512577,22.635609322640487,68.6599999956261,10.0,511.90242939999996,0.0,-7.8035507,-125.02667,68.38960903216547,0.5000000008100001,67.88960903135546,46.58960903297547,0.9181934983203262,6.970078270935434,67.4889360823645,67.93055849375637,68.11610421870763,0.93423374397464,0.125,45.688936083174504,46.130558494566365,46.316104219517634,1.0,39,50,40,0.8,0.8441818181818183,525,443,0.8438095238095238,0.0,1.0,0.8712597838669293,0.10244156072460651,0.10244156072460651,0.08702654492033239,53.24999999595011,0.8580081894206449,2.8545727136431784,2.423076923076923,2.876681614349776,0.0
447,template_deposition,C,C,none,0,1.0,template_site:index=673:site=C:neigh=2:ahead0=46.860:mode=shell,y,xz,668,221,447,0,447,7340.726050547105,37.43245015911022,500.0,0.001,63.987803674999995,0.063987803675,-5916.0557,-5904.749,-5916.0557,-11.306641,-10.934082,0.980565082503906,0.063987803675,0.063987803675,9,667,673,7,7,1.2766044040551805,2.959512147359512,68.6599999956261,10.0,511.90242939999996,0.0,-7.8256383,-125.380554,68.53675549866422,0.5000000008100001,68.03675549785422,46.73675549947422,0.9662767996664308,6.985706249121388,67.56271866091137,67.95212995858128,68.43375297211509,0.9893278284333127,0.125,45.76271866172137,46.15212995939128,46.63375297292509,1.0,39,50,40,0.8,0.846,525,444,0.8457142857142858,0.0,1.0,0.8732132811401735,0.10237744667051761,0.10237744667051761,0.08716708316518357,53.24999999595011,0.8593937777502689,2.856287425149701,2.4814814814814814,2.879194630872483,0.0
448,template_deposition,C,C,none,0,1.0,template_site:index=674:site=C:neigh=2:ahead0=46.860:mode=shell,y,xz,669,221,448,0,448,7346.403063541623,5.677012994517852,500.0,0.001,63.987803674999995,0.063987803675,-5927.3843,-5916.0557,-5927.3843,-11.328613,-11.060059,1.0,0.063987803675,0.063987803675,10,668,674,6,6,1.3663387332306653,5.419024292989877,68.6599999956261,10.0,511.90242939999996,0.0,-7.847769,-125.73512,68.62358688908319,0.5000000008100001,68.12358688827318,46.823586889893186,1.0132353404281227,7.001334227307342,67.64735156320626,67.95769954326808,68.57631672157021,1.0470503704528915,0.125,45.84735156401626,46.15769954407808,46.77631672238021,1.0,39,50,40,0.8,0.8478181818181818,525,445,0.8476190476190476,0.0,1.0,0.8751667784134177,0.10233783831253629,0.10233783831253629,0.0873282886933643,53.24999999595011,0.8609831280282281,2.8579970104633783,2.5357142857142856,2.8816964285714284,0.0
449,template_deposition,C,C,none,0,1.0,template_site:index=679:site=C:neigh=1:ahead0=46.860:mode=shell,y,xz,670,221,449,0,449,7366.113767508284,19.71070396666109,500.0,0.001,63.987803674999995,0.063987803675,-5937.6235,-5927.3843,-5937.6235,-10.239258,-8.049316,0.9999999332851759,0.063987803675,0.063987803675,9,669,679,5,5,1.4198821968316082,17.716585028820244,68.6599999956261,10.0,511.90242939999996,0.0,-7.867771,-126.055595,68.639724792767,0.5000000008100001,68.139724791957,46.839724793577,1.0480468072688092,7.016962205493296,67.73775326024547,68.19424845112417,68.62842826018833,1.0964427595248927,0.125,45.93775326105547,46.39424845193417,46.82842826099833,1.0,39,50,40,0.8,0.8516363636363635,525,447,0.8514285714285714,0.0,1.0,0.877120275686662,0.10231125447896541,0.10231125447896541,0.08750048240201042,53.24999999595011,0.8626808124797978,2.8597014925373134,2.586206896551724,2.884187082405345,0.0
450,template_deposition,C,C,none,0,1.0,template_site:index=672:site=C:neigh=1:ahead0=46.860:mode=shell,y,xz,671,221,450,0,450,7366.86300786654,0.7492403582560884,500.0,0.001,63.987803674999995,0.063987803675,-5944.002,-5937.6235,-5944.002,-6.378418,-5.9296875,0.9998684285819287,0.063987803675,0.063987803675,7,670,672,5,5,1.4855762018149765,0.49999999916963384,68.6599999956261,10.0,511.90242939999996,0.0,-7.8802314,-126.255226,68.66091145499865,0.5000000008100001,68.16091145418865,46.860911455808655,1.0796071821534594,7.03259018367925,67.7508599323265,68.19424845112417,68.64608079143649,1.1067247736959296,0.125,45.950859933136506,46.39424845193417,46.84608079224649,1.0,39,50,40,0.8,0.8534545454545455,525,448,0.8533333333333334,0.0,1.0,0.8790737729599063,0.10211302207363668,0.10211302207363668,0.08752544749168858,53.24999999595011,0.8629269471667843,2.8584202682563338,2.566666666666667,2.882222222222222,0.0
451,template_deposition,C,C,none,0,1.0,template_site:index=675:site=C:neigh=1:ahead0=46.860:mode=shell,y,xz,672,221,451,0,451,7375.743493657144,8.880485790604187,500.0,0.001,63.987803674999995,0.063987803675,-5950.147,-5944.002,-5950.147,-6.1450195,-5.4555664,0.12671114334102085,0.063987803675,0.063987803675,8,671,675,4,4,1.5368635917579077,7.878536441179756,68.6599999956261,10.0,511.90242939999996,0.0,-7.8922358,-126.44756,68.66091145499865,0.5000000008100001,68.16091145418865,46.860911455808655,1.106880009254143,7.048218161865204,67.84715062784781,68.51466691246623,68.66026857740323,1.1525312622694903,0.125,46.04715062865781,46.714666913276226,46.86026857821323,1.0,39,50,40,0.8,0.8552727272727273,525,449,0.8552380952380952,0.0,1.0,0.8810272702331505,0.10210011225866476,0.10210011225866476,0.0877088583403006,53.24999999595011,0.8647352231391529,2.857142857142857,2.5483870967741935,2.8802660753880267,0.0
452,template_deposition,C,C,none,0,1.0,template_site:index=665:site=C:neigh=1:ahead0=46.150:mode=shell,y,xz,673,221,452,0,452,7389.433601945553,13.690108288408505,500.0,0.001,63.987803674999995,0.063987803675,-5959.1562,-5950.147,-5959.1562,-9.009277,-7.9521484,1.0,0.063987803675,0.063987803675,9,672,665,1,1,1.4266181215744846,9.10829251399494,67.94999999545709,10.0,511.90242939999996,0.0,-7.9098353,-126.72954,68.66091145499865,0.5000000008100001,68.16091145418865,46.860911455808655,1.0950930767756675,7.063846140051158,67.67675528402496,68.4784806443837,68.64977164450623,1.4466997531230341,0.125,45.876755284834964,46.678480645193694,46.84977164531623,1.0,39,50,40,0.8,0.8572727272727272,525,450,0.8571428571428571,0.0,1.0,0.8829807675063948,0.10149724620538708,0.10149724620538708,0.08738429578063803,53.24999999595011,0.861535310578856,2.8558692421991085,2.53125,2.8783185840707963,0.0
453,template_deposition,C,C,none,0,1.0,template_site:index=676:site=C:neigh=1:ahead0=46.860:mode=shell,y,xz,674,221,453,0,453,7389.48650840805,0.05290646249671087,500.0,0.001,63.987803674999995,0.063987803675,-5966.301,-5959.1562,-5966.301,-7.1445312,-6.8652344,0.9999999999999578,0.063987803675,0.063987803675,6,673,676,4,4,1.388783799155614,10.338048586810121,68.6599999956261,10.0,511.90242939999996,0.0,-7.9237924,-126.953156,68.66091145499865,0.5000000008100001,68.16091145418865,46.860911455808655,1.1087667345308756,7.079474118237112,68.17471640642172,68.58769145640443,68.64977164450623,0.8908989018133024,0.125,46.37471640723172,46.78769145721443,46.84977164531623,1.0,39,50,40,0.8,0.859090909090909,525,451,0.8590476190476191,0.0,1.0,0.884934264779639,0.10237244240007003,0.10237244240007003,0.08833279315663185,53.24999999595011,0.8708866931597881,2.85459940652819,2.515151515151515,2.876379690949227,0.0
454,template_deposition,C,C,none,0,1.0,template_site:index=666:site=C:neigh=1:ahead0=46.150:mode=shell,y,xz,675,221,454,0,454,7414.858980658309,25.372472250258685,500.0,0.001,63.987803674999995,0.063987803675,-5974.5435,-5966.301,-5974.5435,-8.242676,-7.6381836,1.0,0.063987803675,0.063987803675,8,674,666,1,1,1.401140412432319,11.567804662184816,67.94999999545709,10.0,511.90242939999996,0.0,-7.939894,-127.211136,68.66091145499865,0.5000000008100001,68.16091145418865,46.860911455808655,1.0946218709716482,7.095102096423066,68.15969128090691,68.52522165941309,68.64977164450623,0.8805766336580466,0.125,46.35969128171691,46.72522166022309,46.84977164531623,1.0,42,50,40,0.8,0.8630909090909091,525,453,0.8628571428571429,0.0,1.0,0.8868877620528832,0.10211385744871566,0.10211385744871566,0.08830417386993698,53.24999999595011,0.8706045311782679,2.8533333333333335,2.5,2.8744493392070485,0.0
455,template_deposition,C,C,none,0,1.0,template_site:index=656:site=C:neigh=1:ahead0=44.730:mode=shell,y,xz,676,221,455,0,455,7439.727284326729,24.868303668420943,500.0,0.001,63.987803674999995,0.063987803675,-5986.1104,-5974.5435,-5986.1104,-11.566895,-6.7978516,1.0,0.063987803675,0.063987803675,13,675,656,1,1,1.4669111720993953,11.567804662184816,66.52999999578809,10.0,511.90242939999996,0.0,-7.96249,-127.57316,68.66091145499865,0.5000000008100001,68.16091145418865,46.860911455808655,1.074008387374106,7.11073007460902,68.16788376696414,68.53247877669264,68.64977164450623,0.8650021826712796,0.125,46.36788376777414,46.73247877750264,46.84977164531623,1.0,42,50,41,0.82,0.864909090909091,525,454,0.8647619047619047,0.0,1.0,0.8888412593261275,0.10190743685225086,0.10190743685225086,0.08831977860528407,53.24999999595011,0.8707583806817016,2.8579881656804735,2.6,2.8813186813186813,0.0
456,template_deposition,C,C,none,0,1.0,template_site:index=682:site=C:neigh=1:ahead0=46.860:mode=shell,y,xz,677,221,456,0,456,7441.345567681355,1.6182833546252016,500.0,0.001,63.987803674999995,0.063987803675,-5992.6484,-5986.1104,-5992.6484,-6.538086,-5.538574,0.9988990584526208,0.063987803675,0.063987803675,6,676,682,4,4,1.648269965588775,25.095121470830364,68.6599999956261,10.0,511.90242939999996,0.0,-7.975262,-127.77779,68.66091145499865,0.5000000008100001,68.16091145418865,46.860911455808655,1.0926106719575295,7.1263580527949735,68.2560078471785,68.60227718880108,68.64977164450623,0.8766196245952604,0.125,46.456007847988495,46.80227718961108,46.84977164531623,1.0,42,50,41,0.82,0.8667272727272727,525,455,0.8666666666666667,0.0,1.0,0.8907947565993717,0.10187721019295723,0.10187721019295723,0.08848763399616856,53.24999999595011,0.8724132929863224,2.8567208271787297,2.5833333333333335,2.879385964912281,0.0
457,template_deposition,C,C,none,0,1.0,template_site:index=678:site=C:neigh=1:ahead0=46.860:mode=shell,y,xz,678,221,457,0,457,7444.439931592611,3.094363911256452,500.0,0.001,63.987803674999995,0.063987803675,-5999.927,-5992.6484,-5999.927,-7.2783203,-5.246582,0.9996453797889812,0.063987803675,0.063987803675,9,677,678,3,3,1.5848221424803284,15.257072883189878,68.6599999956261,10.0,511.90242939999996,0.0,-7.9894805,-128.00558,68.66091145499865,0.5000000008100001,68.16091145418865,46.860911455808655,1.1032539925170926,7.141986030980927,68.58446924427847,68.60569898093561,68.64977164450623,0.06853920211856349,0.125,46.78446924508847,46.805698981745614,46.84977164531623,1.0,42,50,40,0.8,0.8667272727272727,525,455,0.8666666666666667,0.0,1.0,0.8927482538726159,0.10237301804176907,0.10237301804176907,0.08911327475254946,53.24999999595011,0.8785815821342089,2.855457227138643,2.5675675675675675,2.87746170678337,0.0
458,template_deposition,C,C,none,0,1.0,template_site:index=667:site=C:neigh=1:ahead0=46.150:mode=shell,y,xz,679,221,458,0,458,7446.387390548353,1.947458955742227,500.0,0.001,63.987803674999995,0.063987803675,-6008.54,-5999.927,-6008.54,-8.613281,-7.0742188,1.0,0.063987803675,0.063987803675,11,678,667,1,1,1.479151392808233,14.027316807815183,67.94999999545709,10.0,511.90242939999996,0.0,-8.006307,-128.27518,68.66091145499865,0.5000000008100001,68.16091145418865,46.860911455808655,1.0938232672001844,7.157614009166881,68.57261321093584,68.57733340877246,68.64977164450623,0.06798174829210031,0.125,46.77261321174584,46.77733340958246,46.84977164531623,1.0,42,50,40,0.8,0.8687272727272728,525,456,0.8685714285714285,0.0,1.0,0.8947017511458601,0.10212360963263284,0.10212360963263284,0.08909069183189684,53.24999999595011,0.8783589336207155,2.85419734904271,2.5526315789473686,2.8755458515283845,0.0
459,template_deposition,C,C,none,0,1.0,template_site:index=677:site=C:neigh=2:ahead0=46.860:mode=shell,y,xz,680,221,459,0,459,7474.780347900325,28.392957351972015,500.0,0.001,63.987803674999995,0.063987803675,-6019.0146,-6008.54,-6019.0146,-10.474609,-7.8725586,1.0,0.063987803675,0.063987803675,10,679,677,2,2,1.3975834507732559,12.797560735,68.6599999956261,10.0,511.90242939999996,0.0,-8.026769,-128.60301,68.79050792927927,0.5000000008100001,68.29050792846927,46.99050793008927,1.0990541882961045,7.173241987352835,68.58929473271081,68.6071995350691,68.69979039728284,0.10946634903010771,0.125,46.78929473352081,46.8071995358791,46.89979039809284,1.0,43,50,40,0.8,0.8685454545454544,525,456,0.8685714285714285,0.0,1.0,0.8966552484191044,0.10193746129307367,0.10193746129307367,0.08912246615908725,53.24999999595011,0.8786722016352927,2.8588235294117648,2.6578947368421053,2.8823529411764706,0.0
460,template_deposition,C,C,none,0,1.0,template_site:index=656:site=C:neigh=2:ahead0=44.730:mode=shell,y,xz,681,221,460,0,460,7484.079411710359,9.299063810034001,500.0,0.001,63.987803674999995,0.063987803675,-6024.355,-6019.0146,-6024.355,-5.340332,-0.106933594,1.0,0.063987803675,0.063987803675,16,680,656,1,1,1.0405222340715208,11.567804662184816,66.52999999578809,10.0,511.90242939999996,0.0,-8.037201,-128.77016,68.79738549265271,0.5000000008100001,68.2973854918427,46.99738549346271,1.0843101456527593,7.188869965538789,68.5950633756898,68.6071995350691,68.70185366629487,0.10546676475425328,0.125,46.795063376499805,46.8071995358791,46.90185366710487,1.0,43,50,40,0.8,0.8705454545454546,525,457,0.8704761904761905,0.0,1.0,0.8986087456923486,0.10172839864456479,0.10172839864456479,0.08913345405047582,53.24999999595011,0.8787805329588501,2.8604992657856094,2.6842105263157894,2.884782608695652,0.004347826086956522
461,template_deposition,C,C,none,0,1.0,template_site:index=645:site=C:neigh=3:ahead0=44.020:mode=shell,y,xz,682,221,461,0,461,7485.55682631325,1.47741460289141,500.0,0.001,63.987803674999995,0.063987803675,-6038.694,-6024.355,-6038.694,-14.338867,-2.5864258,1.0,0.063987803675,0.063987803675,19,681,645,1,1,1.0206774169539798,10.338048586810121,65.81999999561909,10.0,511.90242939999996,0.0,-8.065212,-129.21895,68.79738549265271,0.5000000008100001,68.2973854918427,46.99738549346271,1.0934288238579872,7.204497943724743,68.59937137409491,68.6071995350691,68.70185366629487,0.10214123019850725,0.125,46.799371374904915,46.8071995358791,46.90185366710487,1.0,43,50,44,0.88,0.8723636363636363,525,458,0.8723809523809524,0.0,1.0,0.9005622429655928,0.10151707456595427,0.10151707456595427,0.08914165976172364,53.24999999595011,0.878861434337356,2.8592375366568916,2.6666666666666665,2.882863340563991,0.0
462,template_deposition,C,C,none,0,1.0,template_site:index=680:site=C:neigh=2:ahead0=46.860:mode=shell,y,xz,683,221,462,0,462,7492.972339177775,7.4155128645250885,500.0,0.001,63.987803674999995,0.063987803675,-6047.138,-6038.694,-6047.138,-8.444336,-2.1000977,1.0,0.063987803675,0.063987803675,12,682,680,1,1,1.0749052166275384,20.17609717701012,68.6599999956261,10.0,511.90242939999996,0.0,-8.081708,-129.48325,68.79738549265271,0.5000000008100001,68.2973854918427,46.99738549346271,1.1098873937812241,7.220125921910697,68.64311457444744,68.63865359927598,68.79609500833139,0.10443005998149253,0.125,46.84311457525744,46.83865360008598,46.99609500914139,1.0,43,50,44,0.88,0.8741818181818182,525,459,0.8742857142857143,0.0,1.0,0.9025157402388371,0.10139202289016762,0.10139202289016762,0.0892249801433475,53.24999999595011,0.8796829028886395,2.8579795021961933,2.65,2.880952380952381,0.0
463,template_deposition,C,C,none,0,1.0,template_site:index=683:site=C:neigh=1:ahead0=48.280:mode=shell,y,xz,684,221,463,0,463,7503.665949798779,10.6936106210045,500.0,0.001,63.987803674999995,0.063987803675,-6055.3423,-6047.138,-6055.3423,-8.204102,-7.696289,0.979939173610431,0.063987803675,0.063987803675,5,683,683,11,11,1.419091822323039,0.49999999916963384,70.0799999952951,10.0,511.90242939999996,0.0,-8.097734,-129.74,70.03839621492237,0.5000000008100001,69.53839621411237,48.23839621573237,0.47994542596529993,7.23575390009665,68.8153001694379,68.63865359927598,69.16968870933361,0.47388767046279295,0.125,47.015300170247905,46.83865360008598,47.36968871014361,1.0,43,50,44,0.88,0.8759999999999999,525,460,0.8761904761904762,0.0,1.0,0.9044692375120813,0.10154492477375357,0.10154492477375357,0.0895529527052341,53.24999999595011,0.882916435189176,2.8567251461988303,2.3636363636363638,2.879049676025918,0.0
464,template_deposition,C,C,none,0,1.0,template_site:index=693:site=C:neigh=1:ahead0=48.280:mode=shell,y,xz,685,221,464,0,464,7523.376995109244,19.71104531046427,500.0,0.001,63.987803674999995,0.063987803675,-6063.6978,-6055.3423,-6063.6978,-8.355469,-7.527832,0.9805447475911634,0.063987803675,0.063987803675,5,684,693,10,10,1.4531146745631418,25.095121470830364,70.0799999952951,10.0,511.90242939999996,0.0,-8.114057,-130.00153,70.03839621492237,0.5000000008100001,69.53839621411237,48.23839621573237,0.5764791434103869,7.251381878282604,68.98955652487392,68.72026969181587,70.0299712858981,0.6110253529280064,0.125,47.18955652568392,46.92026969262587,48.2299712867081,1.0,43,50,44,0.88,0.8778181818181818,525,461,0.878095238095238,0.0,1.0,0.9064227347853255,0.10170163044328431,0.10170163044328431,0.08988486957273127,53.24999999595011,0.8861888550098195,2.8554744525547444,2.347826086956522,2.877155172413793,0.0
465,template_deposition,C,C,none,0,1.0,template_site:index=685:site=C:neigh=1:ahead0=48.280:mode=shell,y,xz,686,221,465,0,465,7524.586934652664,1.2099395434202234,500.0,0.001,63.987803674999995,0.063987803675,-6071.2227,-6063.6978,-6071.2227,-7.5249023,-7.293457,0.23197219787797818,0.063987803675,0.063987803675,8,685,685,9,9,1.4354697023700278,5.419024292989877,70.0799999952951,10.0,511.90242939999996,0.0,-8.1287565,-130.23705,70.07708654930275,0.5000000008100001,69.57708654849274,48.27708655011275,0.6486905612075832,7.267009856468558,69.17316395124803,68.79646371813749,70.05000331523648,0.6842190197277735,0.125,47.37316395205803,46.99646371894749,48.25000331604648,1.0,43,50,44,0.88,0.8796363636363637,525,462,0.88,0.0,1.0,0.9083762320585698,0.10187777193990974,0.10187777193990974,0.09023459800392006,53.24999999595011,0.88963688179645,2.8542274052478134,2.3333333333333335,2.8752688172043013,0.0
466,template_deposition,C,C,none,0,1.0,template_site:index=684:site=C:neigh=1:ahead0=48.280:mode=shell,y,xz,687,221,466,0,466,7535.718904902255,11.131970249590946,500.0,0.001,63.987803674999995,0.063987803675,-6078.876,-6071.2227,-6078.876,-7.6533203,-7.3637695,0.9210406104999508,0.063987803675,0.063987803675,10,686,684,8,8,1.4622109326879043,2.959512147359512,70.0799999952951,10.0,511.90242939999996,0.0,-8.143707,-130.47658,70.08977762268758,0.5000000008100001,69.58977762187757,48.28977762349758,0.703809191038011,7.282637834654512,69.17780090565451,68.79646371813749,70.07089383055886,0.6901996717925852,0.125,47.37780090646451,46.99646371894749,48.27089383136886,1.0,43,50,44,0.88,0.8814545454545456,525,463,0.8819047619047619,0.0,1.0,0.910329729331814,0.10166910065764916,0.10166910065764916,0.09024343029802763,53.24999999595011,0.8897239607524468,2.8529839883551675,2.32,2.8733905579399144,0.0
467,template_deposition,C,C,none,0,1.0,template_site:index=691:site=C:neigh=1:ahead0=48.280:mode=shell,y,xz,688,221,467,0,467,7536.245332529645,0.5264276273888032,500.0,0.001,63.987803674999995,0.063987803675,-6086.851,-6078.876,-6086.851,-7.9750977,-7.2578125,0.9887437991884778,0.063987803675,0.063987803675,8,687,691,7,7,1.284867956877565,20.17609717701012,70.0799999952951,10.0,511.90242939999996,0.0,-8.1592865,-130.72618,70.11891235444787,0.5000000008100001,69.61891235363787,48.31891235525787,0.7471669693559791,7.298265812840466,69.34955122630178,69.41187304734163,70.09851804221566,0.7295893963763143,0.125,47.549551227111785,47.61187304815163,48.29851804302566,1.0,43,50,44,0.88,0.8832727272727273,525,464,0.8838095238095238,0.0,1.0,0.9122832266050582,0.10181916750987534,0.10181916750987534,0.09057057376592721,53.24999999595011,0.8929493188869132,2.8517441860465116,2.3076923076923075,2.8715203426124196,0.0
468,template_deposition,C,C,none,0,1.0,template_site:index=692:site=C:neigh=1:ahead0=48.280:mode=shell,y,xz,689,221,468,0,468,7568.537816166579,32.29248363693466,500.0,0.001,63.987803674999995,0.063987803675,-6094.5396,-6086.851,-6094.5396,-7.6884766,-7.166992,0.7796150769089076,0.063987803675,0.063987803675,10,688,692,6,6,1.5014623689207753,22.635609322640487,70.0799999952951,10.0,511.90242939999996,0.0,-8.174306,-130.96683,70.12396786510591,0.5000000008100001,69.6239678642959,48.32396786591591,0.7785975794802267,7.31389379102642,69.35414343684718,69.42771413419423,70.10003469541307,0.7339900136204104,0.125,47.55414343765718,47.62771413500423,48.30003469622307,1.0,43,50,44,0.88,0.8850909090909092,525,465,0.8857142857142857,0.0,1.0,0.9142367238783025,0.10161141760183158,0.10161141760183158,0.09057932083363272,53.24999999595011,0.893035557582608,2.8505079825834545,2.2962962962962963,2.8696581196581197,0.0
469,template_deposition,C,C,none,0,1.0,template_site:index=690:site=C:neigh=1:ahead0=48.280:mode=shell,y,xz,690,221,469,0,469,7568.924723761611,0.38690759503134564,500.0,0.001,63.987803674999995,0.063987803675,-6102.1323,-6094.5396,-6102.1323,-7.5927734,-7.0688477,0.9556855280162608,0.063987803675,0.063987803675,10,689,690,5,5,1.4389164428020345,17.716585028820244,70.0799999952951,10.0,511.90242939999996,0.0,-8.189138,-131.20447,70.12592867031131,0.5000000008100001,69.6259286695013,48.32592867112131,0.805107932971751,7.3295217692123735,69.53777005955119,70.06042177626259,70.1006229369747,0.7119949490615766,0.125,47.73777006036119,48.26042177707259,48.3006229377847,1.0,43,50,44,0.88,0.8869090909090909,525,466,0.8876190476190476,0.0,1.0,0.9161902211515467,0.10178629010737994,0.10178629010737994,0.09092908582925942,53.24999999595011,0.8964839448636968,2.8492753623188407,2.2857142857142856,2.8678038379530917,0.0
470,template_deposition,C,C,none,0,1.0,template_site:index=686:site=C:neigh=1:ahead0=48.280:mode=shell,y,xz,691,221,470,0,470,7614.721283444552,45.79655968294048,500.0,0.001,63.987803674999995,0.063987803675,-6109.96,-6102.1323,-6109.96,-7.8276367,-6.9365234,0.9999999612220216,0.063987803675,0.063987803675,9,690,686,4,4,1.5626536815655772,7.878536441179756,70.0799999952951,10.0,511.90242939999996,0.0,-8.20443,-131.44946,70.12592867031131,0.5000000008100001,69.6259286695013,48.32592867112131,0.8174013055604925,7.345149747398327,69.73695262153458,70.06042177626259,70.10399977864522,0.5881491674224825,0.125,47.936952622344585,48.26042177707259,48.30399977945522,1.0,43,50,44,0.88,0.8887272727272727,525,467,0.8895238095238095,0.0,1.0,0.9181437184247909,0.10199351621775443,0.10199351621775443,0.09130848118541826,53.24999999595011,0.9002244624599135,2.8480463096960924,2.2758620689655173,2.8659574468085105,0.0
471,template_deposition,C,C,none,0,1.0,template_site:index=687:site=C:neigh=1:ahead0=48.280:mode=shell,y,xz,692,221,471,0,471,7629.521293288188,14.800009843635879,500.0,0.001,63.987803674999995,0.063987803675,-6117.457,-6109.96,-6117.457,-7.4970703,-6.711914,0.9999982752056393,0.063987803675,0.063987803675,9,691,687,3,3,1.4591662399818885,10.338048586810121,70.0799999952951,10.0,511.90242939999996,0.0,-8.219075,-131.68411,70.12930409782112,0.5000000008100001,69.62930409701112,48.32930409863112,0.8344632432484695,7.360777725584281,69.92837911384821,70.07573022532762,70.12694129856425,0.41838187313409814,0.125,48.12837911465821,48.27573022613762,48.32694129937425,1.0,43,50,44,0.88,0.8905454545454546,525,468,0.8914285714285715,0.0,1.0,0.9200972156980352,0.10218339514789429,0.10218339514789429,0.09167310307553944,53.24999999595011,0.903819326165607,2.846820809248555,2.2666666666666666,2.8641188959660298,0.0
472,template_deposition,C,C,none,0,1.0,template_site:index=689:site=C:neigh=2:ahead0=48.280:mode=shell,y,xz,693,221,472,0,472,7636.983383764209,7.462090476021269,500.0,0.001,63.987803674999995,0.063987803675,-6124.499,-6117.457,-6124.499,-7.041992,-6.163574,1.0,0.063987803675,0.063987803675,9,692,689,2,2,1.4401623899172216,15.257072883189878,70.0799999952951,10.0,511.90242939999996,0.0,-8.232832,-131.90451,70.12930409782112,0.5000000008100001,69.62930409701112,48.32930409863112,0.8467282686084024,7.376405703770235,70.07851093557431,70.07514638427389,70.12694129856425,0.03495902721549625,0.125,48.278510936384315,48.27514638508389,48.32694129937425,1.0,44,50,45,0.9,0.8923636363636365,525,469,0.8933333333333333,0.0,1.0,0.9220507129712794,0.1022849807974244,0.1022849807974244,0.09195906845025584,53.24999999595011,0.9066387030996451,2.8484848484848486,2.3225806451612905,2.8665254237288136,0.0
473,template_deposition,C,C,none,0,1.0,template_site:index=667:site=C:neigh=4:ahead0=46.150:mode=shell,y,xz,694,221,473,0,473,7665.595977287497,28.612593523287174,500.0,0.001,63.987803674999995,0.063987803675,-6128.5605,-6124.499,-6128.5605,-4.0615234,2.631836,1.0,0.063987803675,0.063987803675,16,693,667,1,1,1.0687527622191613,14.027316807815183,67.94999999545709,10.0,511.90242939999996,0.0,-8.240767,-132.03163,70.12930409782112,0.5000000008100001,69.62930409701112,48.32930409863112,0.8579685887328924,7.39203368195619,70.08716832629818,70.09104683698763,70.12694129856425,0.02903196372748935,0.125,48.28716832710818,48.29104683779763,48.32694129937425,1.0,44,50,45,0.9,0.8943636363636364,525,470,0.8952380952380953,0.0,1.0,0.9240042102445237,0.10208703663236403,0.10208703663236403,0.0919755587183013,53.24999999595011,0.9068012832071479,2.8559077809798272,2.46875,2.8773784355179703,0.010570824524312896
474,template_deposition,C,C,none,0,1.0,template_site:index=688:site=C:neigh=2:ahead0=48.280:mode=shell,y,xz,695,221,474,0,474,7689.112016879348,23.516039591850745,500.0,0.001,63.987803674999995,0.063987803675,-6138.9233,-6128.5605,-6138.9233,-10.362793,-4.965332,1.0,0.063987803675,0.063987803675,11,694,688,1,1,1.4813319823115882,12.797560735,70.0799999952951,10.0,511.90242939999996,0.0,-8.26101,-132.35597,70.22943272365089,0.5000000008100001,69.72943272284088,48.42943272446089,0.8712777912665081,7.407661660142144,70.09969277227964,70.09104683698763,70.15697988631318,0.05471838064651827,0.125,48.29969277308964,48.29104683779763,48.35697988712318,1.0,44,50,45,0.9,0.8961818181818182,525,471,0.8971428571428571,0.0,1.0,0.925957707517768,0.10189808601917645,0.10189808601917645,0.09199941480588503,53.24999999595011,0.9070364840706673,2.854676258992806,2.484848484848485,2.8755274261603376,0.006329113924050633
475,template_deposition,C,C,none,0,1.0,template_site:index=695:site=C:neigh=2:ahead0=48.990:mode=shell,y,xz,696,221,475,0,475,7691.71908657494,2.607069695591692,500.0,0.001,63.987803674999995,0.063987803675,-6152.04,-6138.9233,-6152.04,-13.116699,-11.125,0.17619578091346363,0.063987803675,0.063987803675,10,695,695,10,10,1.3378941463280716,4.189268220174695,70.7899999954641,10.0,511.90242939999996,0.0,-8.2866335,-132.76651,70.59741839352648,0.5000000008100001,70.09741839271648,48.79741839433648,0.8987124517157852,7.4232896383280975,70.16493625051811,70.09156161063405,70.33982842461357,0.17187489843972562,0.125,48.36493625132811,48.291561611444045,48.53982842542357,1.0,44,50,45,0.9,0.8963636363636363,525,471,0.8971428571428571,0.0,1.0,0.9279112047910122,0.10182091842384865,0.10182091842384865,0.09212368809776783,53.24999999595011,0.9082617137090416,2.8591954022988504,2.588235294117647,2.8821052631578947,0.00631578947368421
476,template_deposition,C,C,none,0,1.0,template_site:index=701:site=C:neigh=2:ahead0=48.990:mode=shell,y,xz,697,221,476,0,476,7718.262542243264,26.5434556683238,500.0,0.001,63.987803674999995,0.063987803675,-6165.409,-6152.04,-6165.409,-13.369141,-11.183594,0.845517109753095,0.063987803675,0.063987803675,10,696,701,8,8,1.3670047909290508,18.946341101635426,70.7899999954641,10.0,511.90242939999996,0.0,-8.31275,-133.18494,70.59741839352648,0.5000000008100001,70.09741839271648,48.79741839433648,0.9175275573240581,7.438917616514051,70.19397011319498,70.08783565191133,70.57731316632938,0.24038734852904187,0.125,48.39397011400498,48.287835652721334,48.777313167139376,1.0,44,50,45,0.9,0.8983636363636365,525,472,0.8990476190476191,0.0,1.0,0.9298647020642564,0.10166800444118693,0.10166800444118693,0.09217899069334282,53.24999999595011,0.9088069505668647,2.8637015781922526,2.6857142857142855,2.888655462184874,0.0063025210084033615
477,template_deposition,C,C,none,0,1.0,template_site:index=700:site=C:neigh=2:ahead0=48.990:mode=shell,y,xz,698,221,477,0,477,7732.592257030804,14.329714787540523,500.0,0.001,63.987803674999995,0.063987803675,-6180.0215,-6165.409,-6180.0215,-14.612305,-9.553223,0.9882376815513562,0.063987803675,0.063987803675,12,697,700,6,6,1.378110819879024,16.48682895600506,70.7899999954641,10.0,511.90242939999996,0.0,-8.341295,-133.64229,70.72142176255994,0.5000000008100001,70.22142176174994,48.92142176336994,0.9790328228513444,7.454545594700005,70.37276292065809,70.42802640913064,70.66653948056282,0.26369396533436135,0.125,48.57276292146809,48.62802640994064,48.86653948137282,1.0,44,50,45,0.9,0.9023636363636364,525,474,0.9028571428571428,0.0,1.0,0.9318181993375007,0.10182969165926224,0.10182969165926224,0.09251954842184398,53.24999999595011,0.912164561974878,2.8567335243553007,2.5555555555555554,2.8784067085953877,0.0
478,template_deposition,C,C,none,0,1.0,template_site:index=694:site=C:neigh=2:ahead0=48.990:mode=shell,y,xz,699,221,478,0,478,7747.5672440511935,14.974987020389818,500.0,0.001,63.987803674999995,0.063987803675,-6190.1035,-6180.0215,-6190.1035,-10.082031,-9.361816,1.0,0.063987803675,0.063987803675,9,698,694,4,4,1.4388270222122492,1.729756074544329,70.7899999954641,10.0,511.90242939999996,0.0,-8.360991,-133.95784,70.72142176255994,0.5000000008100001,70.22142176174994,48.92142176336994,1.0031434058351019,7.470173572885959,70.46063165404206,70.54534321388005,70.71915202031616,0.26453392601705056,0.125,48.66063165485206,48.745343214690045,48.91915202112616,1.0,44,50,45,0.9,0.9043636363636364,525,475,0.9047619047619048,0.0,1.0,0.9337716966107449,0.10180048463358171,0.10180048463358171,0.09268691743781345,53.24999999595011,0.9138146790338574,2.8583690987124464,2.5945945945945947,2.8807531380753137,0.0
479,template_deposition,C,C,none,0,1.0,template_site:index=703:site=C:neigh=1:ahead0=48.990:mode=shell,y,xz,700,221,479,0,479,7769.4171660218135,21.8499219706196,500.0,0.001,63.987803674999995,0.063987803675,-6199.524,-6190.1035,-6199.524,-9.42041,-7.76709,0.4943339740287488,0.063987803675,0.063987803675,8,699,703,3,3,1.4910270365862068,23.86536539545567,70.7899999954641,10.0,511.90242939999996,0.0,-8.379393,-134.25267,70.72142176255994,0.5000000008100001,70.22142176174994,48.92142176336994,1.0185765805692157,7.485801551071913,70.53946902806199,70.65192404458594,70.71915202031616,0.21667787207030503,0.125,48.73946902887199,48.85192404539594,48.91915202112616,1.0,44,50,45,0.9,0.9063636363636363,525,476,0.9066666666666666,0.0,1.0,0.9357251938839891,0.101752544945453,0.101752544945453,0.09283708386451807,53.24999999595011,0.9152951931000719,2.857142857142857,2.5789473684210527,2.8789144050104385,0.0
480,template_deposition,C,C,none,0,1.0,template_site:index=698:site=C:neigh=2:ahead0=48.990:mode=shell,y,xz,701,221,480,0,480,7771.110778964801,1.693612942987594,500.0,0.001,63.987803674999995,0.063987803675,-6209.8193,-6199.524,-6209.8193,-10.29541,-7.7680664,0.9999999999953186,0.063987803675,0.063987803675,11,700,698,3,3,1.2186862010504738,11.567804662184816,70.7899999954641,10.0,511.90242939999996,0.0,-8.399505,-134.5749,70.84410669409965,0.5000000008100001,70.34410669328965,49.04410669490965,1.0383055955961178,7.501429529257867,70.61343007589605,70.6650881237339,70.75822724202186,0.2235982847560387,0.125,48.81343007670605,48.865088124543895,48.95822724283186,1.0,44,50,45,0.9,0.9083636363636365,525,477,0.9085714285714286,0.0,1.0,0.9376786911572333,0.1016946459931376,0.1016946459931376,0.09297796205086867,53.24999999595011,0.9166841329656059,2.8587731811697576,2.6153846153846154,2.88125,0.0
481,template_deposition,C,C,none,0,1.0,template_site:index=696:site=C:neigh=1:ahead0=48.990:mode=shell,y,xz,702,221,481,0,481,7780.106912362119,8.996133397317763,500.0,0.001,63.987803674999995,0.063987803675,-6219.5537,-6209.8193,-6219.5537,-9.734375,-6.810547,0.999999271060094,0.063987803675,0.063987803675,11,701,696,2,2,1.4448256910839916,6.648780368364573,70.7899999954641,10.0,511.90242939999996,0.0,-8.418521,-134.87958,70.84410669409965,0.5000000008100001,70.34410669328965,49.04410669490965,1.0547779253591745,7.517057507443821,70.71366093733496,70.7198005181001,70.7876339742191,0.0711708139222306,0.125,48.913660938144965,48.9198005189101,48.987633975029105,1.0,44,50,45,0.9,0.9121818181818182,525,479,0.9123809523809524,0.0,1.0,0.9396321884304776,0.10169160278200616,0.10169160278200616,0.09316887797741898,53.24999999595011,0.9185664026641325,2.8575498575498575,2.6,2.8794178794178795,0.0
482,template_deposition,C,C,none,0,1.0,template_site:index=702:site=C:neigh=2:ahead0=48.990:mode=shell,y,xz,703,221,482,0,482,7831.160203401025,51.05329103890544,500.0,0.001,63.987803674999995,0.063987803675,-6228.6797,-6219.5537,-6228.6797,-9.125977,-6.20166,1.0,0.063987803675,0.063987803675,12,702,702,2,2,1.167946876076303,21.405853249825302,70.7899999954641,10.0,511.90242939999996,0.0,-8.436349,-135.1652,70.89120430522958,0.5000000008100001,70.39120430441957,49.09120430603958,1.0736985799923477,7.5326854856297745,70.75306596125245,70.74270744617093,70.85823597743862,0.08153594472045884,0.125,48.953065962062446,48.942707446980926,49.058235978248625,1.0,45,50,46,0.92,0.9141818181818181,525,480,0.9142857142857143,0.0,1.0,0.9415856857037218,0.10156237751465237,0.10156237751465237,0.09324393516583324,53.24999999595011,0.9193064031133433,2.859174964438122,2.6341463414634148,2.8817427385892116,0.0
483,template_deposition,C,C,none,0,1.0,template_site:index=697:site=C:neigh=2:ahead0=48.990:mode=shell,y,xz,704,221,483,0,483,7864.593962102184,33.43375870115994,500.0,0.001,63.987803674999995,0.063987803675,-6237.7627,-6228.6797,-6237.7627,-9.083008,-3.1064453,1.0,0.063987803675,0.063987803675,13,703,697,1,1,1.0504437428557667,9.10829251399494,70.7899999954641,10.0,511.90242939999996,0.0,-8.454092,-135.4495,70.96150756144918,0.5000000008100001,70.46150756063918,49.16150756225918,1.0310383355972843,7.548313463815728,70.78067503665665,70.74270744617093,70.91229528209546,0.1090285142835976,0.125,48.980675037466646,48.942707446980926,49.11229528290546,1.0,45,50,46,0.92,0.9161818181818182,525,481,0.9161904761904762,0.0,1.0,0.943539182976966,0.10140926508792267,0.10140926508792267,0.09329652388088885,53.24999999595011,0.9198248834026636,2.8607954545454546,2.6315789473684212,2.8840579710144927,0.0
484,template_deposition,C,C,none,0,1.0,template_site:index=710:site=C:neigh=1:ahead0=50.410:mode=shell,y,xz,705,221,484,0,484,7873.935472854436,9.341510752251704,500.0,0.001,63.987803674999995,0.063987803675,-6245.608,-6237.7627,-6245.608,-7.845215,-7.2421875,0.1988078387774538,0.063987803675,0.063987803675,8,704,710,10,10,1.4899182179623247,16.48682895600506,72.2099999951331,10.0,511.90242939999996,0.0,-8.469418,-135.69504,72.16413486492365,0.5000000008100001,71.66413486411365,50.364134865733654,0.4884332991594067,7.563941442001682,70.97157534485748,70.80795847933817,71.32229575249153,0.4597203884020683,0.125,49.171575345667485,49.00795848014817,49.52229575330153,1.0,45,50,46,0.92,0.9181818181818181,525,482,0.9180952380952381,0.0,1.0,0.9454926802502103,0.1015941639373295,0.1015941639373295,0.09366014351555711,53.24999999595011,0.9234098657165669,2.8595744680851065,2.409090909090909,2.8822314049586777,0.0
485,template_deposition,C,C,none,0,1.0,template_site:index=705:site=C:neigh=1:ahead0=50.410:mode=shell,y,xz,706,221,485,0,485,7892.430725665129,18.495252810693035,500.0,0.001,63.987803674999995,0.063987803675,-6253.144,-6245.608,-6253.144,-7.536133,-7.232422,0.2222122552028797,0.063987803675,0.063987803675,8,705,705,9,9,1.4609881040960544,4.189268220174695,72.2099999951331,10.0,511.90242939999996,0.0,-8.484139,-135.93091,72.1969406621287,0.5000000008100001,71.69694066131869,50.3969406629387,0.5894912049910542,7.579569420187636,71.15191995533337,70.87905371054912,72.17397660408517,0.6005396120765012,0.125,49.35191995614337,49.079053711359116,50.37397660489517,1.0,45,50,46,0.92,0.9201818181818182,525,483,0.92,0.0,1.0,0.9474461775234545,0.10175653599204819,0.10175653599204819,0.0940036570593207,53.24999999595011,0.9267966189651979,2.858356940509915,2.391304347826087,2.8804123711340206,0.0
486,template_deposition,C,C,none,0,1.0,template_site:index=712:site=C:neigh=1:ahead0=50.410:mode=shell,y,xz,707,221,486,0,486,7900.873148681037,8.442423015907448,500.0,0.001,63.987803674999995,0.063987803675,-6260.8125,-6253.144,-6260.8125,-7.668457,-7.2402344,0.1591407597395564,0.063987803675,0.063987803675,8,706,712,8,8,1.318804177355661,21.405853249825302,72.2099999951331,10.0,511.90242939999996,0.0,-8.49912,-136.17091,72.24638302091252,0.5000000008100001,71.74638302010251,50.44638302172252,0.6653878592488613,7.59519739837359,71.32464317227273,70.91420533865892,72.21177336976385,0.6851085109038182,0.125,49.52464317308273,49.11420533946892,50.41177337057385,1.0,45,50,46,0.92,0.9221818181818182,525,484,0.9219047619047619,0.0,1.0,0.9493996747966987,0.10190255796930603,0.10190255796930603,0.09433265366301473,53.24999999595011,0.9300402474525687,2.857142857142857,2.375,2.8786008230452675,0.0
487,template_deposition,C,C,none,0,1.0,template_site:index=706:site=C:neigh=1:ahead0=50.410:mode=shell,y,xz,708,221,487,0,487,7907.394242263972,6.521093582935211,500.0,0.001,63.987803674999995,0.063987803675,-6268.681,-6260.8125,-6268.681,-7.8686523,-7.309082,0.8925353500062789,0.063987803675,0.063987803675,9,707,706,7,7,1.454578336838369,6.648780368364573,72.2099999951331,10.0,511.90242939999996,0.0,-8.514491,-136.41719,72.24638302091252,0.5000000008100001,71.74638302010251,50.44638302172252,0.7189204350105837,7.610825376559544,71.48121016388916,71.51551899039615,72.22287011311724,0.7261206347646649,0.125,49.68121016469916,49.715518991206146,50.42287011392724,1.0,45,50,46,0.92,0.9241818181818181,525,485,0.9238095238095239,0.0,1.0,0.951353172069943,0.10201480526632271,0.10201480526632271,0.09463087650418887,53.24999999595011,0.9329804726474672,2.8559322033898304,2.36,2.8767967145790556,0.0
488,template_deposition,C,C,none,0,1.0,template_site:index=711:site=C:neigh=1:ahead0=50.410:mode=shell,y,xz,709,221,488,0,488,7920.283131033651,12.888888769679339,500.0,0.001,63.987803674999995,0.063987803675,-6276.2803,-6268.681,-6276.2803,-7.599121,-7.2026367,0.761818912071978,0.063987803675,0.063987803675,10,708,711,6,6,1.4934814282821722,18.946341101635426,72.2099999951331,10.0,511.90242939999996,0.0,-8.529336,-136.65503,72.25607088286712,0.5000000008100001,71.75607088205712,50.45607088367712,0.7598950769485247,7.626453354745498,71.48518198386925,71.52656233933922,72.22577647170363,0.7300220685903451,0.125,49.685181984679254,49.72656234014922,50.425776472513625,1.0,45,50,46,0.92,0.9261818181818182,525,486,0.9257142857142857,0.0,1.0,0.9533066693431872,0.10181389750958864,0.10181389750958864,0.09463844187557953,53.24999999595011,0.9330550608161131,2.854724964739069,2.3461538461538463,2.875,0.0
489,template_deposition,C,C,none,0,1.0,template_site:index=708:site=C:neigh=1:ahead0=50.410:mode=shell,y,xz,710,221,489,0,489,7927.781820832632,7.4986897989806,500.0,0.001,63.987803674999995,0.063987803675,-6283.773,-6276.2803,-6283.773,-7.492676,-7.154785,0.9906169384277594,0.063987803675,0.063987803675,8,709,708,5,5,1.3549579694171165,11.567804662184816,72.2099999951331,10.0,511.90242939999996,0.0,-8.543973,-136.88954,72.26981563049563,0.5000000008100001,71.76981562968562,50.46981563130563,0.7971839833993946,7.642081332931451,71.66812281886493,72.19220628334278,72.26019430715567,0.7190098131400504,0.125,49.86812281967493,50.392206284152785,50.46019430796567,1.0,45,50,46,0.92,0.9281818181818181,525,487,0.9276190476190476,0.0,1.0,0.9552601666164314,0.1019798012672289,0.1019798012672289,0.09498690060890463,53.24999999595011,0.9364905694547908,2.8535211267605636,2.3333333333333335,2.8732106339468304,0.0
490,template_deposition,C,C,none,0,1.0,template_site:index=709:site=C:neigh=1:ahead0=50.410:mode=shell,y,xz,711,221,490,0,490,7950.397108313764,22.615287481132224,500.0,0.001,63.987803674999995,0.063987803675,-6291.362,-6283.773,-6291.362,-7.588867,-7.1831055,0.9989915310753671,0.063987803675,0.063987803675,10,710,709,4,4,1.4642997754857074,14.027316807815183,72.2099999951331,10.0,511.90242939999996,0.0,-8.558798,-137.12706,72.31193202525402,0.5000000008100001,71.81193202444402,50.511932026064024,0.8257743971251855,7.657709311117405,71.85776045405969,72.20549207825466,72.2728292255832,0.6476426799241018,0.125,50.05776045486969,50.405492079064665,50.472829226393195,1.0,45,50,46,0.92,0.9301818181818181,525,488,0.9295238095238095,0.0,1.0,0.9572136638896757,0.1021586948058565,0.1021586948058565,0.09534811515213273,53.24999999595011,0.9400518395995642,2.852320675105485,2.3214285714285716,2.8714285714285714,0.0
491,template_deposition,C,C,none,0,1.0,template_site:index=707:site=C:neigh=1:ahead0=50.410:mode=shell,y,xz,712,221,491,0,491,7954.280560097929,3.8834517841652114,500.0,0.001,63.987803674999995,0.063987803675,-6298.798,-6291.362,-6298.798,-7.436035,-6.8066406,0.8115323617877178,0.063987803675,0.063987803675,10,711,707,3,3,1.3031454216620006,9.10829251399494,72.2099999951331,10.0,511.90242939999996,0.0,-8.573324,-137.3598,72.34215383597727,0.5000000008100001,71.84215383516727,50.54215383678727,0.8546556725160408,7.673337289303359,71.874400997733,72.2168253750892,72.31341163057053,0.6578686671537519,0.125,50.074400998543005,50.4168253758992,50.51341163138053,1.0,45,50,46,0.92,0.9321818181818182,525,489,0.9314285714285714,0.0,1.0,0.9591671611629199,0.10198452341862119,0.10198452341862119,0.0953798114257962,53.24999999595011,0.9403643380723263,2.851123595505618,2.310344827586207,2.869653767820774,0.0
492,template_deposition,C,C,none,0,1.0,template_site:index=704:site=C:neigh=1:ahead0=50.410:mode=shell,y,xz,713,221,492,0,492,7981.116854732999,26.83629463507009,500.0,0.001,63.987803674999995,0.063987803675,-6306.1895,-6298.798,-6306.1895,-7.3916016,-6.73584,0.9593702972434672,0.063987803675,0.063987803675,8,712,704,2,2,1.4980357326082703,1.729756074544329,72.2099999951331,10.0,511.90242939999996,0.0,-8.587764,-137.59114,72.34215383597727,0.5000000008100001,71.84215383516727,50.54215383678727,0.8712642259254803,7.688965267489313,72.0612219299628,72.21997999856995,72.31341163057053,0.49313207425977024,0.125,50.2612219307728,50.419979999379954,50.51341163138053,1.0,46,50,47,0.94,0.9341818181818181,525,490,0.9333333333333333,0.0,1.0,0.9611206584361641,0.10215695514384715,0.10215695514384715,0.09573566082051961,53.24999999595011,0.9438727123867676,2.849929873772791,2.3,2.8678861788617884,0.0
493,template_deposition,C,C,none,0,1.0,template_site:index=713:site=C:neigh=1:ahead0=50.410:mode=shell,y,xz,714,221,493,0,493,8016.033129684078,34.916274951078876,500.0,0.001,63.987803674999995,0.063987803675,-6313.269,-6306.1895,-6313.269,-7.07959,-6.598633,1.0,0.063987803675,0.063987803675,8,713,713,1,1,1.452210803867364,23.86536539545567,72.2099999951331,10.0,511.90242939999996,0.0,-8.601594,-137.81273,72.34215383597727,0.5000000008100001,71.84215383516727,50.54215383678727,0.8860264968793765,7.704593245675267,72.24567908409719,72.22656116006101,72.31341163057053,0.04958588089209499,0.125,50.44567908490719,50.42656116087101,50.51341163138053,1.0,46,50,47,0.94,0.9361818181818182,525,491,0.9352380952380952,0.0,1.0,0.9630741557094084,0.10232389266715454,0.10232389266715454,0.0960870077807756,53.24999999595011,0.947336696502231,2.8487394957983194,2.2903225806451615,2.866125760649087,0.0
494,template_deposition,C,C,none,0,1.0,template_site:index=723:site=C:neigh=2:ahead0=51.120:mode=shell,y,xz,715,221,494,0,494,8029.20092029921,13.16779061513279,500.0,0.001,63.987803674999995,0.063987803675,-6324.7725,-6313.269,-6324.7725,-11.503418,-11.129883,0.06167901488521264,0.063987803675,0.063987803675,9,714,723,11,11,1.3675270790045495,22.635609322640487,72.91999999530209,10.0,511.90242939999996,0.0,-8.624065,-138.17276,72.82210875522935,0.5000000008100001,72.32210875441935,51.02210875603935,0.9281903533374687,7.720221223861221,72.32334798780195,72.24928564883362,72.48614031175289,0.19447887472272085,0.125,50.52334798861195,50.44928564964362,50.68614031256289,1.0,46,50,47,0.94,0.938,525,492,0.9371428571428572,0.0,1.0,0.9650276529826526,0.10227398378261529,0.10227398378261529,0.09623494854973705,53.24999999595011,0.9487952674639336,2.85034965034965,2.34375,2.8684210526315788,0.0
495,template_deposition,C,C,none,0,1.0,template_site:index=721:site=C:neigh=2:ahead0=51.120:mode=shell,y,xz,716,221,495,0,495,8041.961473271037,12.760552971827,500.0,0.001,63.987803674999995,0.063987803675,-6336.5186,-6324.7725,-6336.5186,-11.746094,-11.2421875,0.7582557978405527,0.063987803675,0.063987803675,10,715,721,10,10,1.3839662489779636,17.716585028820244,72.91999999530209,10.0,511.90242939999996,0.0,-8.647012,-138.5404,72.82210875522935,0.5000000008100001,72.32210875441935,51.02210875603935,0.9522813115976574,7.7358492020471745,72.38069648308718,72.28464656915607,72.70014777964222,0.21323867425757448,0.125,50.58069648389718,50.48464656996607,50.90014778045222,1.0,46,50,47,0.94,0.9398181818181817,525,493,0.939047619047619,0.0,1.0,0.9669811502558968,0.1021832252199943,0.1021832252199943,0.09634418377885176,53.24999999595011,0.9498722345116254,2.85195530726257,2.393939393939394,2.8707070707070708,0.0
496,template_deposition,C,C,none,0,1.0,template_site:index=718:site=C:neigh=2:ahead0=51.120:mode=shell,y,xz,717,221,496,0,496,8091.969245001194,50.00777173015718,500.0,0.001,63.987803674999995,0.063987803675,-6350.422,-6336.5186,-6350.422,-13.90332,-11.073242,0.8486745319008244,0.063987803675,0.063987803675,10,716,718,9,9,1.3851685259316582,10.338048586810121,72.91999999530209,10.0,511.90242939999996,0.0,-8.674171,-138.97556,72.82210875522935,0.5000000008100001,72.32210875441935,51.02210875603935,0.9788115579772335,7.751477180233129,72.4503393606957,72.34051896676777,72.80478229349204,0.24863694916291978,0.125,50.650339361505694,50.540518967577775,51.00478229430204,1.0,45,50,46,0.92,0.9376363636363635,525,492,0.9371428571428572,0.0,1.0,0.9689346475291412,0.10211761968045503,0.10211761968045503,0.09647683687905846,53.24999999595011,0.9511800819785515,2.8591352859135286,2.5588235294117645,2.881048387096774,0.0
497,template_deposition,C,C,none,0,1.0,template_site:index=715:site=C:neigh=2:ahead0=51.120:mode=shell,y,xz,718,221,497,0,497,8131.009512587839,39.04026758664473,500.0,0.001,63.987803674999995,0.063987803675,-6361.8037,-6350.422,-6361.8037,-11.381836,-10.669434,0.9999477441936144,0.063987803675,0.063987803675,9,717,715,6,6,1.4001278598390474,2.959512147359512,72.91999999530209,10.0,511.90242939999996,0.0,-8.696406,-139.33179,72.82210875522935,0.5000000008100001,72.32210875441935,51.02210875603935,1.0027002848701014,7.767105158419083,72.5239576134728,72.53035856393369,72.81443723423128,0.25726281116892674,0.125,50.7239576142828,50.73035856474369,51.01443723504128,1.0,45,50,46,0.92,0.9394545454545454,525,493,0.939047619047619,0.0,1.0,0.9708881448023854,0.10206027688990503,0.10206027688990503,0.09661706212244343,53.24999999595011,0.9525625843782267,2.860724233983287,2.6,2.8832997987927564,0.0
498,template_deposition,C,C,none,0,1.0,template_site:index=722:site=C:neigh=2:ahead0=51.120:mode=shell,y,xz,719,221,498,0,498,8134.939896272361,3.930383684521886,500.0,0.001,63.987803674999995,0.063987803675,-6372.484,-6361.8037,-6372.484,-10.680176,-10.243652,1.0,0.063987803675,0.063987803675,12,718,722,5,5,1.2797813998458951,20.17609717701012,72.91999999530209,10.0,511.90242939999996,0.0,-8.71727,-139.66606,72.94915120024379,0.5000000008100001,72.44915119943379,51.14915120105379,1.0326781365329598,7.782733136605037,72.6181722312451,72.75230061703715,72.86960118127361,0.2739176170236485,0.125,50.8181722320551,50.95230061784715,51.06960118208361,1.0,45,50,46,0.92,0.9412727272727273,525,494,0.940952380952381,0.0,1.0,0.9728416420756296,0.1020445225543275,0.1020445225543275,0.0967965185372478,53.24999999595011,0.9543318729750241,2.8623087621696803,2.638888888888889,2.8855421686746987,0.0
499,template_deposition,C,C,none,0,1.0,template_site:index=720:site=C:neigh=1:ahead0=51.120:mode=shell,y,xz,720,221,499,0,499,8180.477903999404,45.53800772704257,500.0,0.001,63.987803674999995,0.063987803675,-6382.24,-6372.484,-6382.24,-9.756348,-7.120117,0.9999991742856252,0.063987803675,0.063987803675,11,719,720,4,4,1.4592923531780295,15.257072883189878,72.91999999530209,10.0,511.90242939999996,0.0,-8.736329,-139.97142,72.94915120024379,0.5000000008100001,72.44915119943379,51.14915120105379,1.0548111020459783,7.798361114790991,72.70954892826485,72.80425305327552,72.89839942801154,0.24397216726346224,0.125,50.90954892907485,51.00425305408552,51.098399428821544,1.0,46,50,47,0.94,0.945090909090909,525,496,0.9447619047619048,0.0,1.0,0.9747951393488739,0.10202314414644259,0.10202314414644259,0.096970569388714,53.24999999595011,0.9560478672853847,2.861111111111111,2.6216216216216215,2.8837675350701404,0.0
500,template_deposition,C,C,none,0,1.0,template_site:index=717:site=C:neigh=1:ahead0=51.120:mode=shell,y,xz,721,221,500,0,500,8195.687436239044,15.20953223964042,500.0,0.001,63.987803674999995,0.063987803675,-6391.0005,-6382.24,-6391.0005,-8.760254,-6.5898438,0.9999999712339201,0.063987803675,0.063987803675,11,720,717,4,4,1.405702602232825,7.878536441179756,72.91999999530209,10.0,511.90242939999996,0.0,-8.753442,-140.2456,72.97690052093486,0.5000000008100001,72.47690052012486,51.17690052174486,1.0823809329222271,7.813989092976945,72.81098802382915,72.85607849224206,72.95747599645111,0.19901558778495956,0.125,51.010988024639154,51.05607849305206,51.15747599726111,1.0,46,50,47,0.94,0.9489090909090909,525,498,0.9485714285714286,0.0,1.0,0.9767486366221181,0.1020219760492783,0.1020219760492783,0.09716378671359839,53.24999999595011,0.9579528268266433,2.8599167822468794,2.6052631578947367,2.882,0.0
