step,event_type,deposited_species,intended_species,impurity_kind,is_vacancy,species_flux,anchor_mode,growth_axis,surface_axes,n_atoms,n_initial,n_added,n_vacancies,n_growth_events,kmc_time,dt,temperature_K,flux_ML_s,n_sites,deposition_total_rate_s_inv,e_total_eV,e_before_eV,e_after_eV,delta_e_relaxed_eV,e_ads_unrelaxed_eV,chosen_boltzmann_probability,rate_s_inv,total_rate_s_inv,mobile_count,added_index,anchor_index,n_surface_anchors,n_tested_candidates,min_distance_A,x_event_A,y_event_A,z_event_A,surface_area_A2,gamma_initial_eV_A2,gamma_effective_eV_A2,gamma_effective_J_m2,top_coord_A,bottom_coord_A,slab_thickness_A,growth_height_A,roughness_A,coverage_estimate_ML,front_mean_A,front_median_A,front_p90_A,front_grid_rms_A,front_grid_occupied_fraction,growth_front_mean_A,growth_front_median_A,growth_front_p90_A,first_template_layer_occupancy,highest_90pct_complete_layer,n_template_layers,contiguous_90pct_complete_layers,contiguous_complete_layer_fraction,mean_template_layer_occupancy,n_template_growth_sites,n_occupied_template_growth_sites,template_growth_occupancy_fraction,frozen_vacancy_fraction_of_template,incorporation_efficiency_per_event,added_areal_density_atoms_A2,growth_front_mean_per_event_A,growth_front_mean_per_added_atom_A,growth_front_mean_per_template_site_A,template_growth_extent_A,growth_front_mean_fraction_of_template,coordination_mean,coordination_surface_mean,coordination_added_mean,fraction_added_CN4
1,template_deposition,C,C,none,0,1.0,template_site:index=45:site=C:neigh=1:ahead0=1.230:mode=shell,x,yz,545,544,1,0,1,25.790877608714,25.790877608714,500.0,0.001,73.33890758690279,0.0733389075869028,-3794.6816,-3785.7852,-3794.6816,-8.896484,-7.189209,0.9896577671366659,0.0733389075869028,0.0733389075869028,15,544,45,8,8,1.4199999994319776,6.7601533899566455,7.605495420114314,14.07247049315783,586.7112606952223,0.0,-0.01516331,-0.24294302,24.58811142524713,0.0,24.58811142524713,19.05771410836025,0.6147027830494267,0.013635327180392644,5.950506857525872,5.594486363106666,6.500206786688588,0.5494301441499297,0.16666666666666666,0.4201095406389914,0.0640890462197854,0.9698094698017075,0.125,-1,34,0,0.0,0.003676470588235294,272,1,0.003676470588235294,0.0,1.0,0.0017044158975490806,0.4201095406389914,0.4201095406389914,0.001544520369996292,41.81170649796779,0.010047653535963914,0.13944954128440368,0.0,1.0,0.0
2,template_deposition,C,C,none,0,1.0,template_site:index=44:site=C:neigh=2:ahead0=1.230:mode=shell,x,yz,546,544,2,0,2,61.584264699620846,35.79338709090685,500.0,0.001,73.33890758690279,0.0733389075869028,-3805.5583,-3794.6816,-3805.5583,-10.876709,-9.281738,1.0,0.0733389075869028,0.0733389075869028,16,545,44,7,7,1.1870693343984546,6.7601533899566455,6.185495419314738,14.07247049315783,586.7112606952223,0.0,-0.033701748,-0.5399615,24.58811142524713,0.0,24.58811142524713,19.05771410836025,0.6147027830494267,0.02727065436078529,6.375459882924293,6.794698935037202,6.799966504486478,0.5975555171823725,0.16666666666666666,0.845062566037412,1.2643016181503208,1.269569187599597,0.25,-1,34,0,0.0,0.007352941176470588,272,2,0.007352941176470588,0.0,1.0,0.003408831795098161,0.422531283018706,0.422531283018706,0.0031068476692551915,41.81170649796779,0.020211147470828184,0.14652014652014653,0.0,2.0,0.0
3,template_deposition,C,C,none,0,1.0,template_site:index=81:site=C:neigh=1:ahead0=1.230:mode=shell,x,yz,547,544,3,0,3,75.30102560985154,13.716760910230692,500.0,0.001,73.33890758690279,0.0733389075869028,-3813.7568,-3805.5583,-3813.7568,-8.198486,-6.8918457,0.6862544342806237,0.0733389075869028,0.0733389075869028,17,546,81,6,6,1.4199999994319776,6.7601533899566455,11.865495420494945,14.07247049315783,586.7112606952223,0.0,-0.04767538,-0.7638438,24.58811142524713,0.0,24.58811142524713,19.05771410836025,0.6147027830494267,0.04090598154117794,6.380968648437484,6.794698935037202,6.813187541718136,0.6015187552242053,0.16666666666666666,0.8505713315506034,1.2643016181503208,1.2827902248312553,0.375,-1,34,0,0.0,0.011029411764705883,272,3,0.011029411764705883,0.0,1.0,0.005113247692647242,0.28352377718353444,0.28352377718353444,0.003127100483641924,41.81170649796779,0.020342899221105562,0.14990859232175502,0.0,1.6666666666666667,0.0
4,template_deposition,C,C,none,0,1.0,template_site:index=80:site=C:neigh=2:ahead0=1.230:mode=shell,x,yz,548,544,4,0,4,84.5510299051928,9.250004295341267,500.0,0.001,73.33890758690279,0.0733389075869028,-3825.1519,-3813.7568,-3825.1519,-11.39502,-10.129883,1.0,0.0733389075869028,0.0733389075869028,19,547,80,5,5,1.4320543888789736,6.7601533899566455,10.445495419695368,14.07247049315783,586.7112606952223,0.0,-0.06709723,-1.0750161,24.58811142524713,0.0,24.58811142524713,19.05771410836025,0.6147027830494267,0.05454130872157058,6.405384591405539,6.794698935037202,6.871785804841469,0.6199587579087572,0.16666666666666666,0.8749872745186584,1.2643016181503208,1.341388487954588,0.5,-1,34,0,0.0,0.014705882352941176,272,4,0.014705882352941176,0.0,1.0,0.006817663590196322,0.2187468186296646,0.2187468186296646,0.003216864979848009,41.81170649796779,0.020926849148364374,0.15693430656934307,0.0,2.0,0.0
5,template_deposition,C,C,none,0,1.0,template_site:index=9:site=C:neigh=1:ahead0=1.230:mode=shell,x,yz,549,544,5,0,5,95.9437204005693,11.392690495376497,500.0,0.001,73.33890758690279,0.0733389075869028,-3833.571,-3825.1519,-3833.571,-8.419189,-6.8342285,0.4144395275020274,0.0733389075869028,0.0733389075869028,14,548,9,4,4,1.5228356024145717,6.7601533899566455,3.345495419733684,14.07247049315783,586.7112606952223,0.0,-0.08144703,-1.3049253,24.58811142524713,0.0,24.58811142524713,19.05771410836025,0.6147027830494267,0.06817663590196323,6.424705227369189,6.852660842928152,6.883378186419659,0.6325654407832587,0.16666666666666666,0.8943079104823077,1.3222635260412714,1.3529808695327779,0.625,-1,34,0,0.0,0.01838235294117647,272,5,0.01838235294117647,0.0,1.0,0.008522079487745403,0.17886158209646155,0.17886158209646155,0.003287896729714367,41.81170649796779,0.02138893590783659,0.16029143897996356,0.0,1.8,0.0
6,template_deposition,C,C,none,0,1.0,template_site:index=8:site=C:neigh=1:ahead0=1.230:mode=shell,x,yz,550,544,6,0,6,128.6692481503494,32.72552774978011,500.0,0.001,73.33890758690279,0.0733389075869028,-3841.5603,-3833.571,-3841.5603,-7.989258,-7.3530273,0.9999915711814733,0.0733389075869028,0.0733389075869028,11,549,8,3,3,1.4632572647973277,6.7601533899566455,1.9254954209522064,14.07247049315783,586.7112606952223,0.0,-0.09506405,-1.523094,24.58811142524713,0.0,24.58811142524713,19.05771410836025,0.6147027830494267,0.08181196308235587,6.408503371493869,6.8040552753021935,6.873657072894467,0.6219298085252769,0.16666666666666666,0.8781060546069881,1.2736579584153125,1.343259756007586,0.75,-1,34,0,0.0,0.022058823529411766,272,6,0.022058823529411766,0.0,1.0,0.010226495385294484,0.1463510091011647,0.1463510091011647,0.003228331083113927,41.81170649796779,0.021001440222241763,0.16363636363636364,0.0,1.8333333333333333,0.0
7,template_deposition,C,C,none,0,1.0,template_site:index=116:site=C:neigh=1:ahead0=1.230:mode=shell,x,yz,551,544,7,0,7,131.26172485265127,2.5924767023018735,500.0,0.001,73.33890758690279,0.0733389075869028,-3849.4558,-3841.5603,-3849.4558,-7.895508,-6.849121,0.9999999979311265,0.0733389075869028,0.0733389075869028,18,550,116,2,2,1.4773459190318208,6.7601533899566455,14.705495420076,14.07247049315783,586.7112606952223,0.0,-0.108521275,-1.7387025,24.58811142524713,0.0,24.58811142524713,19.05771410836025,0.6147027830494267,0.09544729026274851,6.805476578959251,6.8040552753021935,6.8487901220718115,0.04392807559187997,0.16666666666666666,1.2750792620723699,1.2736579584153125,1.3183928051849305,0.875,-1,34,0,0.0,0.025735294117647058,272,7,0.025735294117647058,0.0,1.0,0.011930911282843563,0.18215418029605285,0.18215418029605285,0.0046877914046778305,41.81170649796779,0.030495747934477242,0.16696914700544466,0.0,1.7142857142857142,0.0
8,template_deposition,C,C,none,0,1.0,template_site:index=117:site=C:neigh=2:ahead0=1.230:mode=shell,x,yz,552,544,8,0,8,151.70806827987084,20.446343427219578,500.0,0.001,73.33890758690279,0.0733389075869028,-3862.1787,-3849.4558,-3862.1787,-12.7229,-9.852051,1.0,0.0733389075869028,0.0733389075869028,15,551,117,1,1,1.3772329282840232,6.7601533899566455,16.125495420875577,14.07247049315783,586.7112606952223,0.0,-0.13020639,-2.0861363,24.58811142524713,0.0,24.58811142524713,19.05771410836025,0.6147027830494267,0.10908261744314116,7.090394228324179,6.859973833764216,7.457717627477744,0.3661164557715737,0.16666666666666666,1.559996911437298,1.329576516877335,1.9273203105908632,1.0,0,34,1,0.029411764705882353,0.029411764705882353,272,8,0.029411764705882353,0.0,1.0,0.013635327180392644,0.19499961392966225,0.19499961392966225,0.005735282762637125,41.81170649796779,0.0373100512296268,0.17753623188405798,0.0,1.875,0.0
9,template_deposition,C,C,none,0,1.0,template_site:index=118:site=C:neigh=1:ahead0=2.460:mode=shell,x,yz,553,544,9,0,9,152.44039234031962,0.7323240604487833,500.0,0.001,73.33890758690279,0.0733389075869028,-3872.1924,-3862.1787,-3872.1924,-10.013672,-7.716797,0.9999999999991627,0.0733389075869028,0.0733389075869028,15,552,118,8,8,1.3745823276345885,7.989909463026413,16.835495420266316,14.07247049315783,586.7112606952223,0.0,-0.14727385,-2.3595874,24.58811142524713,0.0,24.58811142524713,19.05771410836025,0.6147027830494267,0.1227179446235338,7.171133580440162,6.859973833764216,7.651492072556104,0.48012974808300046,0.16666666666666666,1.640736263553281,1.329576516877335,2.1210947556692235,1.0,0,34,1,0.029411764705882353,0.03308823529411765,272,9,0.03308823529411765,0.0,1.0,0.015339743077941725,0.18230402928369788,0.18230402928369788,0.006032118616004709,41.81170649796779,0.0392410738756388,0.18806509945750452,0.0,2.0,0.0
10,template_deposition,C,C,none,0,1.0,template_site:index=119:site=C:neigh=1:ahead0=2.460:mode=shell,x,yz,554,544,10,0,10,165.04794544589203,12.6075531055724,500.0,0.001,73.33890758690279,0.0733389075869028,-3880.2778,-3872.1924,-3880.2778,-8.085449,-7.397217,0.9999999986286929,0.0733389075869028,0.0733389075869028,13,553,119,7,7,1.3174418173543607,7.989909463026413,18.255495419047794,14.07247049315783,586.7112606952223,0.0,-0.16105482,-2.5803828,24.58811142524713,0.0,24.58811142524713,19.05771410836025,0.6147027830494267,0.13635327180392645,7.2308713677403444,6.859973833764216,7.7948627620765425,0.5645304796143329,0.16666666666666666,1.7004740508534635,1.329576516877335,2.2644654451896615,1.0,0,34,1,0.029411764705882353,0.03676470588235294,272,10,0.03676470588235294,0.0,1.0,0.017044158975490806,0.17004740508534635,0.17004740508534635,0.006251742834020087,41.81170649796779,0.0406698074123359,0.19133574007220217,0.0,2.0,0.0
11,template_deposition,C,C,none,0,1.0,template_site:index=11:site=C:neigh=1:ahead0=2.460:mode=shell,x,yz,555,544,11,0,11,206.861037137542,41.81309169164998,500.0,0.001,73.33890758690279,0.0733389075869028,-3889.8403,-3880.2778,-3889.8403,-9.5625,-6.5180664,0.9918318598606573,0.0733389075869028,0.0733389075869028,17,554,11,6,6,1.4707405770868143,7.989909463026413,5.475495419923999,14.07247049315783,586.7112606952223,0.0,-0.17735331,-2.8415134,24.58811142524713,0.0,24.58811142524713,19.05771410836025,0.6147027830494267,0.1499885989843191,7.598431517062502,7.906735723268668,8.004215139977433,0.5245325688779578,0.16666666666666666,2.068034200175621,2.3763384063817874,2.4738178230905516,1.0,0,34,1,0.029411764705882353,0.04044117647058824,272,11,0.04044117647058824,0.0,1.0,0.018748574873039887,0.18800310910687462,0.18800310910687462,0.007603066912410371,41.81170649796779,0.04946065045864931,0.1981981981981982,0.0,2.090909090909091,0.0
12,template_deposition,C,C,none,0,1.0,template_site:index=10:site=C:neigh=2:ahead0=2.460:mode=shell,x,yz,556,544,12,0,12,223.7582420959585,16.89720495841649,500.0,0.001,73.33890758690279,0.0733389075869028,-3899.3696,-3889.8403,-3899.3696,-9.529297,-7.7456055,0.9999999999999987,0.0733389075869028,0.0733389075869028,16,555,10,5,5,1.1776312265432258,7.989909463026413,4.055495419124423,14.07247049315783,586.7112606952223,0.0,-0.19359519,-3.1017368,24.58811142524713,0.0,24.58811142524713,19.05771410836025,0.6147027830494267,0.16362392616471175,7.638415492147762,8.026687648524446,8.028205525028588,0.5504419204059613,0.16666666666666666,2.108018175260881,2.4962903316375646,2.4978082081417066,1.0,0,34,1,0.029411764705882353,0.04044117647058824,272,11,0.04044117647058824,0.0,1.0,0.02045299077058897,0.17566818127174008,0.17566818127174008,0.007750066820812062,41.81170649796779,0.050416937069127726,0.20503597122302158,0.0,2.25,0.0
13,template_deposition,C,C,none,0,1.0,template_site:index=47:site=C:neigh=1:ahead0=2.460:mode=shell,x,yz,557,544,13,0,13,252.9219284799849,29.16368638402639,500.0,0.001,73.33890758690279,0.0733389075869028,-3908.4272,-3899.3696,-3908.4272,-9.057617,-6.27124,0.9999999999205254,0.0733389075869028,0.0733389075869028,16,556,47,4,4,1.5382688286682327,7.989909463026413,9.73549542030463,14.07247049315783,586.7112606952223,0.0,-0.20903313,-3.34908,24.58811142524713,0.0,24.58811142524713,19.05771410836025,0.6147027830494267,0.1772592533451044,7.987080511577898,8.026687648524446,8.028205525028588,0.05735980646397051,0.16666666666666666,2.456683194691017,2.4962903316375646,2.4978082081417066,1.0,0,34,1,0.029411764705882353,0.04044117647058824,272,11,0.04044117647058824,0.0,1.0,0.02215740666813805,0.18897563036084747,0.18897563036084747,0.009031923509893444,41.81170649796779,0.05875587007697046,0.2118491921005386,0.0,2.3076923076923075,0.0
14,template_deposition,C,C,none,0,1.0,template_site:index=46:site=C:neigh=2:ahead0=2.460:mode=shell,x,yz,558,544,14,0,14,255.6924372157851,2.770508735800211,500.0,0.001,73.33890758690279,0.0733389075869028,-3918.3076,-3908.4272,-3918.3076,-9.880371,-8.827148,1.0,0.0733389075869028,0.0733389075869028,19,557,46,3,3,1.4165834417893821,7.989909463026413,8.315495419505053,14.07247049315783,586.7112606952223,0.0,-0.2258734,-3.6188908,24.58811142524713,0.0,24.58811142524713,19.05771410836025,0.6147027830494267,0.19089458052549702,8.019619985702965,8.026687648524446,8.028205525028588,0.011363241650880053,0.16666666666666666,2.489222668816084,2.4962903316375646,2.4978082081417066,1.0,0,34,1,0.029411764705882353,0.04411764705882353,272,12,0.04411764705882353,0.0,1.0,0.023861822565687127,0.17780161920114887,0.17780161920114887,0.009151553929470898,41.81170649796779,0.0595341084425021,0.21863799283154123,0.0,2.4285714285714284,0.0
15,template_deposition,C,C,none,0,1.0,template_site:index=82:site=C:neigh=1:ahead0=2.460:mode=shell,x,yz,559,544,15,0,15,263.0824037314476,7.389966515662499,500.0,0.001,73.33890758690279,0.0733389075869028,-3924.7825,-3918.3076,-3924.7825,-6.4748535,-5.284424,0.9999999195678406,0.0733389075869028,0.0733389075869028,16,558,82,2,2,1.4452625957516996,7.989909463026413,12.575495419885684,14.07247049315783,586.7112606952223,0.0,-0.23690924,-3.7957046,24.58811142524713,0.0,24.58811142524713,19.05771410836025,0.6147027830494267,0.20452990770588966,8.030210011881298,8.028584994154624,8.034002913202784,0.003721256877666026,0.16666666666666666,2.499812694994417,2.498187677267743,2.5036055963159027,0.875,-1,34,0,0.0,0.04411764705882353,272,12,0.04411764705882353,0.0,1.0,0.025566238463236208,0.16665417966629448,0.16665417966629448,0.00919048784924418,41.81170649796779,0.05978738741782562,0.22182468694096602,0.0,2.4,0.0
16,template_deposition,C,C,none,0,1.0,template_site:index=83:site=C:neigh=2:ahead0=2.460:mode=shell,x,yz,560,544,16,0,16,276.5512890009938,13.468885269546208,500.0,0.001,73.33890758690279,0.0733389075869028,-3933.8916,-3924.7825,-3933.8916,-9.109131,-8.019043,1.0,0.0733389075869028,0.0733389075869028,18,559,83,1,1,1.4869401424135926,7.989909463026413,13.99549542068526,14.07247049315783,586.7112606952223,0.0,-0.252435,-4.0444546,24.58811142524713,0.0,24.58811142524713,19.05771410836025,0.6147027830494267,0.2181652348862823,8.019619985702965,8.026687648524446,8.028205525028588,0.011363241650880053,0.16666666666666666,2.489222668816084,2.4962903316375646,2.4978082081417066,1.0,0,34,1,0.029411764705882353,0.051470588235294115,272,14,0.051470588235294115,0.0,1.0,0.02727065436078529,0.15557641680100526,0.15557641680100526,0.009151553929470898,41.81170649796779,0.0595341084425021,0.22857142857142856,0.0,2.5,0.0625
17,template_deposition,C,C,none,0,1.0,template_site:index=13:site=C:neigh=1:ahead0=3.689:mode=shell,x,yz,561,544,17,0,17,314.293544370557,37.742255369563196,500.0,0.001,73.33890758690279,0.0733389075869028,-3941.646,-3933.8916,-3941.646,-7.7543945,-6.9052734,0.6287744900670422,0.0733389075869028,0.0733389075869028,13,560,13,8,8,1.3599018827033682,9.219665536096178,3.345495419733684,14.07247049315783,586.7112606952223,0.0,-0.2656517,-4.2562094,24.58811142524713,0.0,24.58811142524713,19.05771410836025,0.6147027830494267,0.23180056206667496,8.406341491792555,8.028584994154624,8.955198732265494,0.5519987357113483,0.16666666666666666,2.8759441749056736,2.498187677267743,3.424801415378613,1.0,0,34,1,0.029411764705882353,0.05514705882352941,272,15,0.05514705882352941,0.0,1.0,0.02897507025833437,0.16917318675915727,0.16917318675915727,0.01057332417244733,41.81170649796779,0.0687832288080721,0.23172905525846701,0.0,2.4705882352941178,0.058823529411764705
18,template_deposition,C,C,none,0,1.0,template_site:index=12:site=C:neigh=1:ahead0=3.689:mode=shell,x,yz,562,544,18,0,18,335.83844605340266,21.54490168284565,500.0,0.001,73.33890758690279,0.0733389075869028,-3950.9014,-3941.646,-3950.9014,-9.255371,-8.057861,0.9999999999995388,0.0733389075869028,0.0733389075869028,11,561,12,7,7,1.3699837745407346,9.219665536096178,1.9254954209522064,14.07247049315783,586.7112606952223,0.0,-0.2814267,-4.508953,24.58811142524713,0.0,24.58811142524713,19.05771410836025,0.6147027830494267,0.2454358892470676,8.393719346135226,8.028584994154624,8.924905582687904,0.5341514789785756,0.16666666666666666,2.8633220292483452,2.498187677267743,3.394508265801023,0.875,-1,34,0,0.0,0.05514705882352941,272,15,0.05514705882352941,0.0,1.0,0.03067948615588345,0.1590734460693525,0.1590734460693525,0.01052691922517774,41.81170649796779,0.06848134814558486,0.23843416370106763,0.0,2.5555555555555554,0.05555555555555555
19,template_deposition,C,C,none,0,1.0,template_site:index=49:site=C:neigh=1:ahead0=3.689:mode=shell,x,yz,563,544,19,0,19,347.4228167806514,11.584370727248706,500.0,0.001,73.33890758690279,0.0733389075869028,-3958.1216,-3950.9014,-3958.1216,-7.220215,-6.821289,0.999999807514794,0.0733389075869028,0.0733389075869028,16,562,49,6,6,1.4155133151156103,9.219665536096178,7.605495420114314,14.07247049315783,586.7112606952223,0.0,-0.29373294,-4.7061205,24.58811142524713,0.0,24.58811142524713,19.05771410836025,0.6147027830494267,0.2590712164274602,8.80625963686372,9.148985729821224,9.222763695256496,0.5511863767177281,0.16666666666666666,3.275862319976839,3.6185884129343426,3.6923663783696155,0.875,-1,34,0,0.0,0.058823529411764705,272,16,0.058823529411764705,0.0,1.0,0.03238390205343253,0.17241380631457046,0.17241380631457046,0.012043611470503084,41.81170649796779,0.0783479698475368,0.24156305506216696,0.0,2.526315789473684,0.05263157894736842
20,template_deposition,C,C,none,0,1.0,template_site:index=48:site=C:neigh=1:ahead0=3.689:mode=shell,x,yz,564,544,20,0,20,354.72021811722186,7.297401336570461,500.0,0.001,73.33890758690279,0.0733389075869028,-3967.7344,-3958.1216,-3967.7344,-9.612793,-8.072998,1.0,0.0733389075869028,0.0733389075869028,17,563,48,5,5,1.4267102045525457,9.219665536096178,6.185495419314738,14.07247049315783,586.7112606952223,0.0,-0.31011716,-4.9686246,24.58811142524713,0.0,24.58811142524713,19.05771410836025,0.6147027830494267,0.2727065436078529,8.826022770304023,9.17435469310645,9.254973837542085,0.5653725033945456,0.16666666666666666,3.2956254534171423,3.6439573762195687,3.724576520655204,0.875,-1,34,0,0.0,0.0661764705882353,272,18,0.0661764705882353,0.0,1.0,0.03408831795098161,0.16478127267085713,0.16478127267085713,0.01211627004932773,41.81170649796779,0.07882063970714331,0.24468085106382978,0.0,2.55,0.05
21,template_deposition,C,C,none,0,1.0,template_site:index=120:site=C:neigh=1:ahead0=3.689:mode=shell,x,yz,565,544,21,0,21,371.1473755818918,16.42715746466998,500.0,0.001,73.33890758690279,0.0733389075869028,-3974.5571,-3967.7344,-3974.5571,-6.822754,-6.1574707,0.9999999997961762,0.0733389075869028,0.0733389075869028,15,564,120,4,4,1.4547841752798316,9.219665536096178,14.705495420076,14.07247049315783,586.7112606952223,0.0,-0.32174596,-5.1549387,24.58811142524713,0.0,24.58811142524713,19.05771410836025,0.6147027830494267,0.2863418707882455,9.22319138156232,9.220090827929514,9.264121064506698,0.04119916135045801,0.16666666666666666,3.6927940646754385,3.689693511042633,3.733723747619817,0.875,-1,34,0,0.0,0.06985294117647059,272,19,0.06985294117647059,0.0,1.0,0.03579273384853069,0.17584733641311612,0.17584733641311612,0.013576448767189112,41.81170649796779,0.08831962084242896,0.24778761061946902,0.0,2.5238095238095237,0.047619047619047616
22,template_deposition,C,C,none,0,1.0,template_site:index=121:site=C:neigh=1:ahead0=3.689:mode=shell,x,yz,566,544,22,0,22,376.03035668638364,4.882981104491822,500.0,0.001,73.33890758690279,0.0733389075869028,-3983.9924,-3974.5571,-3983.9924,-9.435303,-8.416992,1.0,0.0733389075869028,0.0733389075869028,15,565,121,3,3,1.415167661888907,9.219665536096178,16.125495420875577,14.07247049315783,586.7112606952223,0.0,-0.33782765,-5.4125957,24.58811142524713,0.0,24.58811142524713,19.05771410836025,0.6147027830494267,0.2999771979686382,9.217706722923497,9.203636852013044,9.260830269323405,0.04232664424785539,0.16666666666666666,3.687309406036616,3.6732395351261635,3.730432952436524,0.875,-1,34,0,0.0,0.07352941176470588,272,20,0.07352941176470588,0.0,1.0,0.037497149746079775,0.16760497300166435,0.16760497300166435,0.01355628458101697,41.81170649796779,0.08818844565016339,0.254416961130742,0.0,2.590909090909091,0.045454545454545456
23,template_deposition,C,C,none,0,1.0,template_site:index=85:site=C:neigh=1:ahead0=3.689:mode=shell,x,yz,567,544,23,0,23,383.58961823030074,7.559261543917077,500.0,0.001,73.33890758690279,0.0733389075869028,-3989.921,-3983.9924,-3989.921,-5.928467,-5.411621,0.9999999999997542,0.0733389075869028,0.0733389075869028,18,566,85,2,2,1.5170619852564415,9.219665536096178,11.865495420494945,14.07247049315783,586.7112606952223,0.0,-0.34793222,-5.5744886,24.58811142524713,0.0,24.58811142524713,19.05771410836025,0.6147027830494267,0.3136125251490308,9.213021014842775,9.189579727770884,9.258018844474972,0.04435438139980708,0.16666666666666666,3.6826236979558944,3.6591824108840028,3.7276215275880906,0.875,-1,34,0,0.0,0.07720588235294118,272,21,0.07720588235294118,0.0,1.0,0.03920156564362885,0.1601140738241693,0.1601140738241693,0.01353905771307314,41.81170649796779,0.08807637875614774,0.25749559082892415,0.0,2.5652173913043477,0.043478260869565216
24,template_deposition,C,C,none,0,1.0,template_site:index=84:site=C:neigh=2:ahead0=3.689:mode=shell,x,yz,568,544,24,0,24,385.40822000062474,1.8186017703239876,500.0,0.001,73.33890758690279,0.0733389075869028,-3999.829,-3989.921,-3999.829,-9.908203,-8.783203,1.0,0.0733389075869028,0.0733389075869028,19,567,84,1,1,1.4297832790159966,9.219665536096178,10.445495419695368,14.07247049315783,586.7112606952223,0.0,-0.3648199,-5.8450594,24.58811142524713,0.0,24.58811142524713,19.05771410836025,0.6147027830494267,0.3272478523294235,9.223502507701804,9.189579727770884,9.28317442733664,0.05906771919497627,0.16666666666666666,3.693105190814923,3.6591824108840028,3.7527771104497587,0.875,2,34,0,0.0,0.08455882352941177,272,23,0.08455882352941177,0.0,1.0,0.04090598154117794,0.15387938295062178,0.15387938295062178,0.013577592613290158,41.81170649796779,0.08832706196754782,0.2640845070422535,0.0,2.625,0.08333333333333333
25,template_deposition,C,C,none,0,1.0,template_site:index=14:site=C:neigh=1:ahead0=4.919:mode=shell,x,yz,569,544,25,0,25,402.3843511879337,16.97613118730894,500.0,0.001,73.33890758690279,0.0733389075869028,-4009.035,-3999.829,-4009.035,-9.205811,-7.112793,0.23530018325287735,0.0733389075869028,0.0733389075869028,16,568,14,8,8,1.545587244726442,10.449421609165945,4.055495419124423,14.07247049315783,586.7112606952223,0.0,-0.38051045,-6.09645,24.58811142524713,0.0,24.58811142524713,19.05771410836025,0.6147027830494267,0.3408831795098161,9.753423839333918,9.326326231737252,10.460757693142341,0.7029220059461974,0.16666666666666666,4.223026522447037,3.7959289148503705,4.93036037625546,0.875,2,34,0,0.0,0.08823529411764706,272,24,0.08823529411764706,0.0,1.0,0.042610397438727014,0.16892106089788148,0.16892106089788148,0.015525832803114106,41.81170649796779,0.101001056310684,0.27065026362038663,0.0,2.64,0.12
26,template_deposition,C,C,none,0,1.0,template_site:index=15:site=C:neigh=2:ahead0=4.919:mode=shell,x,yz,570,544,26,0,26,431.5164099721431,29.132058784209402,500.0,0.001,73.33890758690279,0.0733389075869028,-4020.4524,-4009.035,-4020.4524,-11.41748,-9.843018,1.0,0.0733389075869028,0.0733389075869028,18,569,15,7,7,1.3906511556754864,10.449421609165945,5.475495419923999,14.07247049315783,586.7112606952223,0.0,-0.3999706,-6.4082355,24.58811142524713,0.0,24.58811142524713,19.05771410836025,0.6147027830494267,0.3545185066902088,9.74176458668416,9.29343122730525,10.45251248944213,0.708742460202019,0.16666666666666666,4.21136726979728,3.763033910418369,4.922115172555249,0.875,2,34,0,0.0,0.09191176470588236,272,25,0.09191176470588236,0.0,1.0,0.0443148133362761,0.1619756642229723,0.1619756642229723,0.01548296790366647,41.81170649796779,0.10072220491650989,0.2807017543859649,0.0,2.730769230769231,0.11538461538461539
27,template_deposition,C,C,none,0,1.0,template_site:index=86:site=C:neigh=1:ahead0=4.919:mode=shell,x,yz,571,544,27,0,27,435.3098380925175,3.7934281203743887,500.0,0.001,73.33890758690279,0.0733389075869028,-4028.189,-4020.4524,-4028.189,-7.7365723,-7.086426,0.16984838548084863,0.0733389075869028,0.0733389075869028,15,570,86,6,6,1.4286624465715432,10.449421609165945,12.575495419885684,14.07247049315783,586.7112606952223,0.0,-0.41315693,-6.619504,24.58811142524713,0.0,24.58811142524713,19.05771410836025,0.6147027830494267,0.3681538338706014,10.134114865601978,10.439269029446695,10.681680049870419,0.6575572396943061,0.16666666666666666,4.603717548715097,4.908871712559814,5.151282732983538,0.875,2,34,0,0.0,0.09558823529411764,272,26,0.09558823529411764,0.0,1.0,0.046019229233825176,0.17050805735981842,0.17050805735981842,0.01692543216439374,41.81170649796779,0.11010594721693207,0.28371278458844135,0.0,2.7037037037037037,0.1111111111111111
28,template_deposition,C,C,none,0,1.0,template_site:index=87:site=C:neigh=2:ahead0=4.919:mode=shell,x,yz,572,544,28,0,28,445.0654817889598,9.755643696442288,500.0,0.001,73.33890758690279,0.0733389075869028,-4039.0671,-4028.189,-4039.0671,-10.878174,-10.36792,1.0,0.0733389075869028,0.0733389075869028,17,571,87,5,5,1.3983911752765141,10.449421609165945,13.99549542068526,14.07247049315783,586.7112606952223,0.0,-0.43169785,-6.916562,24.58811142524713,0.0,24.58811142524713,19.05771410836025,0.6147027830494267,0.38178916105099403,10.549629380631004,10.460550585828388,10.685936361146757,0.1363550237191968,0.16666666666666666,5.019232063744123,4.930153268941507,5.155539044259876,0.875,2,34,0,0.0,0.09926470588235294,272,27,0.09926470588235294,0.0,1.0,0.047723645131374254,0.17925828799086152,0.17925828799086152,0.018453059057882804,41.81170649796779,0.12004370268857782,0.2867132867132867,0.0,2.7142857142857144,0.07142857142857142
29,template_deposition,C,C,none,0,1.0,template_site:index=122:site=C:neigh=1:ahead0=4.919:mode=shell,x,yz,573,544,29,0,29,450.5624823904652,5.497000601505435,500.0,0.001,73.33890758690279,0.0733389075869028,-4048.4287,-4039.0671,-4048.4287,-9.361572,-7.629883,0.9983920963146145,0.0733389075869028,0.0733389075869028,16,572,122,4,4,1.5197096241303416,10.449421609165945,16.835495420266316,14.07247049315783,586.7112606952223,0.0,-0.44765386,-7.172206,24.58811142524713,0.0,24.58811142524713,19.05771410836025,0.6147027830494267,0.3954244882313867,10.543863676361438,10.460550585828388,10.685936361146757,0.14090259242631914,0.16666666666666666,5.013466359474557,4.930153268941507,5.155539044259876,0.875,2,34,0,0.0,0.10294117647058823,272,28,0.10294117647058823,0.0,1.0,0.04942806102892334,0.17287815032670886,0.17287815032670886,0.01843186161571528,41.81170649796779,0.1199058057991063,0.28970331588132636,0.0,2.689655172413793,0.06896551724137931
30,template_deposition,C,C,none,0,1.0,template_site:index=123:site=C:neigh=1:ahead0=4.919:mode=shell,x,yz,574,544,30,0,30,458.1549637979922,7.592481407526982,500.0,0.001,73.33890758690279,0.0733389075869028,-4057.3174,-4048.4287,-4057.3174,-8.888672,-7.683838,0.9993425506444004,0.0733389075869028,0.0733389075869028,13,573,123,3,3,1.3381227606599928,10.449421609165945,18.255495419047794,14.07247049315783,586.7112606952223,0.0,-0.46280387,-7.4149356,24.58811142524713,0.0,24.58811142524713,19.05771410836025,0.6147027830494267,0.4090598154117793,10.543863676361438,10.460550585828388,10.685936361146757,0.14090259242631914,0.16666666666666666,5.013466359474557,4.930153268941507,5.155539044259876,0.875,2,34,0,0.0,0.10661764705882353,272,29,0.10661764705882353,0.0,1.0,0.051132476926472416,0.16711554531581857,0.16711554531581857,0.01843186161571528,41.81170649796779,0.1199058057991063,0.2926829268292683,0.0,2.6666666666666665,0.06666666666666667
31,template_deposition,C,C,none,0,1.0,template_site:index=51:site=C:neigh=1:ahead0=4.919:mode=shell,x,yz,575,544,31,0,31,473.9605812237957,15.805617425803517,500.0,0.001,73.33890758690279,0.0733389075869028,-4067.2346,-4057.3174,-4067.2346,-9.917236,-7.364502,0.9999999999999725,0.0733389075869028,0.0733389075869028,16,574,51,2,2,1.479860819485479,10.449421609165945,9.73549542030463,14.07247049315783,586.7112606952223,0.0,-0.47970694,-7.685753,24.58811142524713,0.0,24.58811142524713,19.05771410836025,0.6147027830494267,0.422695142592172,10.629048444614284,10.716104890586923,10.737047222098465,0.14202963570349295,0.16666666666666666,5.098651127727403,5.185707573700042,5.2066499052115836,0.875,2,34,0,0.0,0.10661764705882353,272,29,0.10661764705882353,0.0,1.0,0.0528368928240215,0.1644726170234646,0.1644726170234646,0.01874504091076251,41.81170649796779,0.12194314833754076,0.2991304347826087,0.0,2.6774193548387095,0.06451612903225806
32,template_deposition,C,C,none,0,1.0,template_site:index=50:site=C:neigh=2:ahead0=4.919:mode=shell,x,yz,576,544,32,0,32,481.05440743144976,7.0938262076540335,500.0,0.001,73.33890758690279,0.0733389075869028,-4077.2546,-4067.2346,-4077.2546,-10.02002,-8.710205,1.0,0.0733389075869028,0.0733389075869028,19,575,50,1,1,1.444538468472216,10.449421609165945,8.315495419505053,14.07247049315783,586.7112606952223,0.0,-0.49678522,-7.959377,24.58811142524713,0.0,24.58811142524713,19.05771410836025,0.6147027830494267,0.4363304697725646,10.637084359633254,10.740212635643832,10.741868771109846,0.14731166173059915,0.16666666666666666,5.1066870427463735,5.209815318756951,5.211471454222965,0.875,3,34,0,0.0,0.11397058823529412,272,31,0.11397058823529412,0.0,1.0,0.05454130872157058,0.15958397008582417,0.15958397008582417,0.018774584715979314,41.81170649796779,0.1221353412828194,0.3055555555555556,0.0,2.71875,0.0625
33,template_deposition,C,C,none,0,1.0,template_site:index=53:site=C:neigh=1:ahead0=6.149:mode=shell,x,yz,577,544,33,0,33,491.7555796836446,10.701172252194867,500.0,0.001,73.33890758690279,0.0733389075869028,-4085.5576,-4077.2546,-4085.5576,-8.3029785,-6.6691895,0.8047996797506052,0.0733389075869028,0.0733389075869028,16,576,53,8,8,1.3851978072253746,11.679177682235709,7.605495420114314,14.07247049315783,586.7112606952223,0.0,-0.510937,-8.186113,24.58811142524713,0.0,24.58811142524713,19.05771410836025,0.6147027830494267,0.4499657969529573,10.894884688794962,10.70403865710269,11.382293948222635,0.477950578261077,0.16666666666666666,5.364487371908081,5.173641340215808,5.851896631335754,0.875,2,34,0,0.0,0.11397058823529412,272,31,0.11397058823529412,0.0,1.0,0.05624572461911966,0.16256022339115397,0.16256022339115397,0.01972238004377971,41.81170649796779,0.12830108649520955,0.30849220103986136,0.0,2.696969696969697,0.06060606060606061
34,template_deposition,C,C,none,0,1.0,template_site:index=52:site=C:neigh=2:ahead0=6.149:mode=shell,x,yz,578,544,34,0,34,492.53153716391523,0.7759574802706356,500.0,0.001,73.33890758690279,0.0733389075869028,-4096.192,-4085.5576,-4096.192,-10.634277,-10.172119,1.0,0.0733389075869028,0.0733389075869028,16,577,52,7,7,1.2533909680508217,11.679177682235709,6.185495419314738,14.07247049315783,586.7112606952223,0.0,-0.5290622,-8.476511,24.58811142524713,0.0,24.58811142524713,19.05771410836025,0.6147027830494267,0.4636011241333499,11.21892564978831,11.563161304760632,11.644518666011903,0.5602735460386016,0.16666666666666666,5.68852833290143,6.032763987873751,6.114121349125022,0.875,2,34,0,0.0,0.11764705882352941,272,32,0.11764705882352941,0.0,1.0,0.05795014051666874,0.16730965685004207,0.16730965685004207,0.020913707106255258,41.81170649796779,0.13605109213081065,0.314878892733564,0.0,2.735294117647059,0.058823529411764705
35,template_deposition,C,C,none,0,1.0,template_site:index=124:site=C:neigh=1:ahead0=6.149:mode=shell,x,yz,579,544,35,0,35,498.111712055072,5.580174891156796,500.0,0.001,73.33890758690279,0.0733389075869028,-4104.0654,-4096.192,-4104.0654,-7.873535,-5.677246,0.9991893069099816,0.0733389075869028,0.0733389075869028,17,578,124,6,6,1.4424152417289433,11.679177682235709,14.705495420076,14.07247049315783,586.7112606952223,0.0,-0.54248196,-8.69152,24.58811142524713,0.0,24.58811142524713,19.05771410836025,0.6147027830494267,0.4772364513137426,11.622460582936043,11.639362437722777,11.659758892604332,0.0432034666716899,0.16666666666666666,6.092063266049162,6.108965120835896,6.129361575717451,0.875,2,34,0,0.0,0.11764705882352941,272,32,0.11764705882352941,0.0,1.0,0.059654556414217824,0.17405895045854747,0.17405895045854747,0.022397291419298387,41.81170649796779,0.1457023349751405,0.32124352331606215,0.0,2.7714285714285714,0.05714285714285714
36,template_deposition,C,C,none,0,1.0,template_site:index=125:site=C:neigh=2:ahead0=6.149:mode=shell,x,yz,580,544,36,0,36,502.9460594013066,4.834347346234607,500.0,0.001,73.33890758690279,0.0733389075869028,-4114.584,-4104.0654,-4114.584,-10.518555,-9.574219,1.0,0.0733389075869028,0.0733389075869028,15,579,125,5,5,1.3190104367277342,11.679177682235709,16.125495420875577,14.07247049315783,586.7112606952223,0.0,-0.56040996,-8.978758,24.58811142524713,0.0,24.58811142524713,19.05771410836025,0.6147027830494267,0.4908717784941352,11.602942201686773,11.580807293974964,11.648047863854769,0.04436981242400107,0.16666666666666666,6.072544884799892,6.050409977088083,6.117650546967888,0.875,2,34,0,0.0,0.1213235294117647,272,33,0.1213235294117647,0.0,1.0,0.0613589723117669,0.16868180235555255,0.16868180235555255,0.022325532664705484,41.81170649796779,0.1452355187917298,0.3275862068965517,0.0,2.8055555555555554,0.05555555555555555
37,template_deposition,C,C,none,0,1.0,template_site:index=89:site=C:neigh=1:ahead0=6.149:mode=shell,x,yz,581,544,37,0,37,503.0405250001933,0.09446559888671786,500.0,0.001,73.33890758690279,0.0733389075869028,-4120.443,-4114.584,-4120.443,-5.8588867,-5.415039,0.9999999598474797,0.0733389075869028,0.0733389075869028,18,580,89,4,4,1.4812652092422403,11.679177682235709,11.865495420494945,14.07247049315783,586.7112606952223,0.0,-0.57039595,-9.138751,24.58811142524713,0.0,24.58811142524713,19.05771410836025,0.6147027830494267,0.5045071056745278,11.639026357838697,11.664858006324721,11.670102619838072,0.04125400237360191,0.16666666666666666,6.108629040951816,6.13446068943784,6.139705302951191,0.875,2,34,0,0.0,0.125,272,34,0.125,0.0,1.0,0.06306338820931598,0.1650980821878869,0.1650980821878869,0.022458195003499323,41.81170649796779,0.14609853441998877,0.3304647160068847,0.0,2.7837837837837838,0.05405405405405406
38,template_deposition,C,C,none,0,1.0,template_site:index=88:site=C:neigh=2:ahead0=6.149:mode=shell,x,yz,582,544,38,0,38,520.1758537594427,17.135328759249365,500.0,0.001,73.33890758690279,0.0733389075869028,-4130.23,-4120.443,-4130.23,-9.787109,-8.979492,1.0,0.0733389075869028,0.0733389075869028,19,581,88,3,3,1.4194912189365547,11.679177682235709,10.445495419695368,14.07247049315783,586.7112606952223,0.0,-0.58707726,-9.406014,24.58811142524713,0.0,24.58811142524713,19.05771410836025,0.6147027830494267,0.5181424328549205,11.642642105010097,11.664858006324721,11.678780413049429,0.04429728409437631,0.16666666666666666,6.112244788123216,6.13446068943784,6.148383096162548,0.875,2,34,0,0.0,0.1323529411764706,272,36,0.1323529411764706,0.0,1.0,0.06476780410686506,0.16084854705587412,0.16084854705587412,0.02247148819162947,41.81170649796779,0.14618501132978856,0.33676975945017185,0.0,2.8157894736842106,0.07894736842105263
39,template_deposition,C,C,none,0,1.0,template_site:index=17:site=C:neigh=1:ahead0=6.149:mode=shell,x,yz,583,544,39,0,39,525.6639429084671,5.48808914902437,500.0,0.001,73.33890758690279,0.0733389075869028,-4135.5205,-4130.23,-4135.5205,-5.2905273,-4.6831055,1.0,0.0733389075869028,0.0733389075869028,14,582,17,2,2,1.596413719676828,11.679177682235709,3.345495419733684,14.07247049315783,586.7112606952223,0.0,-0.5960945,-9.550487,24.58811142524713,0.0,24.58811142524713,19.05771410836025,0.6147027830494267,0.5317777600353132,11.636200535407353,11.645533297516485,11.674915471287783,0.041940749478522256,0.16666666666666666,6.105803218520472,6.115135980629604,6.1445181544009015,0.875,2,34,0,0.0,0.13602941176470587,272,37,0.13602941176470587,0.0,1.0,0.06647222000441415,0.1565590568851403,0.1565590568851403,0.02244780595044291,41.81170649796779,0.14603094994023355,0.33962264150943394,0.0,2.7948717948717947,0.10256410256410256
40,template_deposition,C,C,none,0,1.0,template_site:index=16:site=C:neigh=1:ahead0=6.149:mode=shell,x,yz,584,544,40,0,40,536.2020076873758,10.538064778908684,500.0,0.001,73.33890758690279,0.0733389075869028,-4143.976,-4135.5205,-4143.976,-8.455566,-7.965332,1.0,0.0733389075869028,0.0733389075869028,12,583,16,1,1,1.4169043057059398,11.679177682235709,1.9254954209522064,14.07247049315783,586.7112606952223,0.0,-0.6105063,-9.781389,24.58811142524713,0.0,24.58811142524713,19.05771410836025,0.6147027830494267,0.5454130872157058,11.651080830610093,11.682261014730607,11.68859154944589,0.049795796488693624,0.16666666666666666,6.120683513723212,6.1518636978437256,6.158194232559009,0.875,4,34,0,0.0,0.13970588235294118,272,38,0.13970588235294118,0.0,1.0,0.06817663590196323,0.1530170878430803,0.1530170878430803,0.022502512918100043,41.81170649796779,0.1463868381937652,0.3424657534246575,0.0,2.775,0.1
41,template_deposition,C,C,none,0,1.0,template_site:index=126:site=C:neigh=1:ahead0=7.379:mode=shell,x,yz,585,544,41,0,41,565.4465518658787,29.24454417850292,500.0,0.001,73.33890758690279,0.0733389075869028,-4153.0625,-4143.976,-4153.0625,-9.086426,-6.8393555,0.9997643345041206,0.0733389075869028,0.0733389075869028,15,584,126,8,8,1.4671475131148355,12.908933757764288,16.835495420266316,14.07247049315783,586.7112606952223,0.0,-0.6259934,-10.02952,24.58811142524713,0.0,24.58811142524713,19.05771410836025,0.6147027830494267,0.5590484143960984,12.097724017965595,11.69017418312471,12.674624321458111,0.5819669253412834,0.16666666666666666,6.567326701078714,6.15977686623783,7.14422700457123,0.875,2,34,0,0.0,0.13970588235294118,272,38,0.13970588235294118,0.0,1.0,0.0698810517995123,0.1601787000263101,0.1601787000263101,0.024144583459848212,41.81170649796779,0.15706909024145932,0.3487179487179487,0.0,2.7804878048780486,0.0975609756097561
42,template_deposition,C,C,none,0,1.0,template_site:index=127:site=C:neigh=1:ahead0=7.379:mode=shell,x,yz,586,544,42,0,42,569.0416725202546,3.5951206543758243,500.0,0.001,73.33890758690279,0.0733389075869028,-4160.969,-4153.0625,-4160.969,-7.9067383,-7.1748047,0.9999999129852064,0.0733389075869028,0.0733389075869028,12,585,127,7,7,1.3608209022614068,12.908933757764288,18.255495419047794,14.07247049315783,586.7112606952223,0.0,-0.63946974,-10.245435,24.58811142524713,0.0,24.58811142524713,19.05771410836025,0.6147027830494267,0.572683741576491,12.110731381967339,11.69017418312471,12.705841995062299,0.6003618411871781,0.16666666666666666,6.580334065080458,6.15977686623783,7.175444678175418,0.875,2,34,0,0.0,0.14338235294117646,272,39,0.14338235294117646,0.0,1.0,0.07158546769706138,0.15667462059715376,0.15667462059715376,0.024192404651031094,41.81170649796779,0.15738018407357487,0.3515358361774744,0.0,2.761904761904762,0.09523809523809523
43,template_deposition,C,C,none,0,1.0,template_site:index=19:site=C:neigh=1:ahead0=7.379:mode=shell,x,yz,587,544,43,0,43,588.0749643427331,19.033291822478542,500.0,0.001,73.33890758690279,0.0733389075869028,-4167.844,-4160.969,-4167.844,-6.875,-6.4208984,0.29839943710114253,0.0733389075869028,0.0733389075869028,17,586,19,6,6,1.4448184520028533,12.908933757764288,5.475495419923999,14.07247049315783,586.7112606952223,0.0,-0.6511876,-10.433176,24.58811142524713,0.0,24.58811142524713,19.05771410836025,0.6147027830494267,0.5863190687568838,12.51577648801107,12.905309501255907,12.948869058688539,0.5898034806681639,0.16666666666666666,6.9853791711241895,7.374912184369026,7.418471741801658,0.875,2,34,0,0.0,0.14705882352941177,272,40,0.14705882352941177,0.0,1.0,0.07328988359461047,0.16245067839823696,0.16245067839823696,0.02568154107030952,41.81170649796779,0.1670675453407697,0.3543441226575809,0.0,2.744186046511628,0.09302325581395349
44,template_deposition,C,C,none,0,1.0,template_site:index=18:site=C:neigh=2:ahead0=7.379:mode=shell,x,yz,588,544,44,0,44,589.9515800861072,1.876615743374152,500.0,0.001,73.33890758690279,0.0733389075869028,-4178.472,-4167.844,-4178.472,-10.62793,-10.010254,1.0,0.0733389075869028,0.0733389075869028,15,587,18,5,5,1.373066498279765,12.908933757764288,4.055495419124423,14.07247049315783,586.7112606952223,0.0,-0.669302,-10.7234,24.58811142524713,0.0,24.58811142524713,19.05771410836025,0.6147027830494267,0.5999543959372764,12.516093376836052,12.90626016773085,12.949059191983526,0.5900129015225454,0.16666666666666666,6.985696059949171,7.375862850843968,7.418661875096645,0.875,2,34,0,0.0,0.15073529411764705,272,41,0.15073529411764705,0.0,1.0,0.07499429949215955,0.15876581954429933,0.15876581954429933,0.025682706102754305,41.81170649796779,0.16707512429057883,0.36054421768707484,0.0,2.772727272727273,0.09090909090909091
45,template_deposition,C,C,none,0,1.0,template_site:index=55:site=C:neigh=1:ahead0=7.379:mode=shell,x,yz,589,544,45,0,45,600.8641383801603,10.912558294052994,500.0,0.001,73.33890758690279,0.0733389075869028,-4185.487,-4178.472,-4185.487,-7.0146484,-6.4492188,0.7327448983515247,0.0733389075869028,0.0733389075869028,17,588,55,4,4,1.4787602984291273,12.908933757764288,9.73549542030463,14.07247049315783,586.7112606952223,0.0,-0.6812579,-10.914955,24.58811142524713,0.0,24.58811142524713,19.05771410836025,0.6147027830494267,0.613589723117669,12.92405264329293,12.90626016773085,12.949059191983526,0.025248218828958852,0.16666666666666666,7.393655326406049,7.375862850843968,7.418661875096645,0.875,2,34,0,0.0,0.15441176470588236,272,42,0.15441176470588236,0.0,1.0,0.07669871538970863,0.1643034516979122,0.1643034516979122,0.027182556347081062,41.81170649796779,0.17683218279467758,0.3633276740237691,0.0,2.7555555555555555,0.08888888888888889
46,template_deposition,C,C,none,0,1.0,template_site:index=54:site=C:neigh=2:ahead0=7.379:mode=shell,x,yz,590,544,46,0,46,602.5548574319471,1.690719051786756,500.0,0.001,73.33890758690279,0.0733389075869028,-4196.471,-4185.487,-4196.471,-10.984375,-9.970215,1.0,0.0733389075869028,0.0733389075869028,17,589,54,3,3,1.389658447103808,12.908933757764288,8.315495419505053,14.07247049315783,586.7112606952223,0.0,-0.69997984,-11.214913,24.58811142524713,0.0,24.58811142524713,19.05771410836025,0.6147027830494267,0.6272250502980616,12.928652816538998,12.919939333839443,12.951795025205245,0.02269322159276309,0.16666666666666666,7.398255499652117,7.389542016952562,7.421397708318364,0.875,2,34,0,0.0,0.15808823529411764,272,43,0.15808823529411764,0.0,1.0,0.0784031312872577,0.16083164129678515,0.16083164129678515,0.027199468748721017,41.81170649796779,0.1769422039737053,0.3694915254237288,0.0,2.782608695652174,0.08695652173913043
47,template_deposition,C,C,none,0,1.0,template_site:index=90:site=C:neigh=1:ahead0=7.379:mode=shell,x,yz,591,544,47,0,47,604.5483488819305,1.9934914499833456,500.0,0.001,73.33890758690279,0.0733389075869028,-4205.2324,-4196.471,-4205.2324,-8.76123,-7.0756836,1.0,0.0733389075869028,0.0733389075869028,18,590,90,2,2,1.4331574902638289,12.908933757764288,12.575495419885684,14.07247049315783,586.7112606952223,0.0,-0.7149126,-11.454163,24.58811142524713,0.0,24.58811142524713,19.05771410836025,0.6147027830494267,0.6408603774784543,13.212218557902789,12.959758948046696,13.608461035953997,0.39546472825466367,0.16666666666666666,7.681821241015908,7.429361631159815,8.078063719067117,0.875,2,34,0,0.0,0.16176470588235295,272,44,0.16176470588235295,0.0,1.0,0.08010754718480678,0.16344300512799803,0.16344300512799803,0.02824198985667613,41.81170649796779,0.18372417402741678,0.37225042301184436,0.0,2.765957446808511,0.0851063829787234
48,template_deposition,C,C,none,0,1.0,template_site:index=91:site=C:neigh=1:ahead0=7.379:mode=shell,x,yz,592,544,48,0,48,616.5305632820831,11.982214400152616,500.0,0.001,73.33890758690279,0.0733389075869028,-4214.122,-4205.2324,-4214.122,-8.889648,-7.2539062,1.0,0.0733389075869028,0.0733389075869028,16,591,91,1,1,1.5426096688980722,12.908933757764288,13.99549542068526,14.07247049315783,586.7112606952223,0.0,-0.7300643,-11.696919,24.58811142524713,0.0,24.58811142524713,19.05771410836025,0.6147027830494267,0.654495704658847,13.212218557902789,12.959758948046696,13.608461035953997,0.39546472825466367,0.16666666666666666,7.681821241015908,7.429361631159815,8.078063719067117,0.875,5,34,0,0.0,0.16544117647058823,272,45,0.16544117647058823,0.0,1.0,0.08181196308235587,0.16003794252116474,0.16003794252116474,0.02824198985667613,41.81170649796779,0.18372417402741678,0.3783783783783784,0.0,2.7916666666666665,0.10416666666666667
49,template_deposition,C,C,none,0,1.0,template_site:index=57:site=C:neigh=1:ahead0=8.608:mode=shell,x,yz,593,544,49,0,49,618.2088008488329,1.6782375667497231,500.0,0.001,73.33890758690279,0.0733389075869028,-4224.0186,-4214.122,-4224.0186,-9.896484,-7.1064453,0.9930515876408381,0.0733389075869028,0.0733389075869028,16,592,57,8,8,1.4408092492654463,14.138689830834052,7.605495420114314,14.07247049315783,586.7112606952223,0.0,-0.74693197,-11.96717,24.58811142524713,0.0,24.58811142524713,19.05771410836025,0.6147027830494267,0.6681310318392396,13.5557765890365,13.77180946709399,13.902970974993849,0.4267300680108289,0.16666666666666666,8.025379272149618,8.241412150207108,8.372573658106969,0.875,2,34,0,0.0,0.16544117647058823,272,45,0.16544117647058823,0.0,1.0,0.08351637897990495,0.163783250452033,0.163783250452033,0.02950507085349124,41.81170649796779,0.1919409644889687,0.3844856661045531,0.0,2.795918367346939,0.10204081632653061
50,template_deposition,C,C,none,0,1.0,template_site:index=56:site=C:neigh=2:ahead0=8.608:mode=shell,x,yz,594,544,50,0,50,643.9931961217912,25.784395272958307,500.0,0.001,73.33890758690279,0.0733389075869028,-4234.8584,-4224.0186,-4234.8584,-10.839844,-8.655762,1.0,0.0733389075869028,0.0733389075869028,19,593,56,7,7,1.1686200377661173,14.138689830834052,6.185495419314738,14.07247049315783,586.7112606952223,0.0,-0.7654076,-12.263183,24.58811142524713,0.0,24.58811142524713,19.05771410836025,0.6147027830494267,0.6817663590196322,13.709708069017706,14.00948116907595,14.129803505759565,0.5338370679550608,0.16666666666666666,8.179310752130824,8.47908385218907,8.599406188872685,0.875,2,34,0,0.0,0.16911764705882354,272,46,0.16911764705882354,0.0,1.0,0.08522079487745403,0.1635862150426165,0.1635862150426165,0.030070995412245678,41.81170649796779,0.19562250472910905,0.3939393939393939,0.0,2.84,0.1
51,template_deposition,C,C,none,0,1.0,template_site:index=128:site=C:neigh=1:ahead0=8.608:mode=shell,x,yz,595,544,51,0,51,663.9171886049182,19.923992483126987,500.0,0.001,73.33890758690279,0.0733389075869028,-4244.382,-4234.8584,-4244.382,-9.5234375,-6.8999023,0.9999999999996545,0.0733389075869028,0.0733389075869028,16,594,128,6,6,1.469831502959432,14.138689830834052,14.705495420076,14.07247049315783,586.7112606952223,0.0,-0.7816395,-12.523246,24.58811142524713,0.0,24.58811142524713,19.05771410836025,0.6147027830494267,0.6954016862000248,14.053847497851663,14.00948116907595,14.129803505759565,0.07531124609378137,0.16666666666666666,8.523450180964783,8.47908385218907,8.599406188872685,0.875,4,34,0,0.0,0.17647058823529413,272,48,0.17647058823529413,0.0,1.0,0.0869252107750031,0.16712647413656437,0.16712647413656437,0.03133621390060582,41.81170649796779,0.20385320033228146,0.4,0.0,2.843137254901961,0.09803921568627451
52,template_deposition,C,C,none,0,1.0,template_site:index=129:site=C:neigh=2:ahead0=8.608:mode=shell,x,yz,596,544,52,0,52,673.7848462980305,9.867657693112287,500.0,0.001,73.33890758690279,0.0733389075869028,-4253.6177,-4244.382,-4253.6177,-9.23584,-8.1640625,1.0,0.0733389075869028,0.0733389075869028,17,595,129,5,5,1.4506431897333785,14.138689830834052,16.125495420875577,14.07247049315783,586.7112606952223,0.0,-0.7973812,-12.775455,24.58811142524713,0.0,24.58811142524713,19.05771410836025,0.6147027830494267,0.7090370133804176,14.081194318372932,14.074217696112376,14.14275081116685,0.061599591957617376,0.16666666666666666,8.55079700148605,8.543820379225494,8.612353494279969,0.875,4,34,0,0.0,0.17647058823529413,272,48,0.17647058823529413,0.0,1.0,0.0886296266725522,0.16443840387473171,0.16443840387473171,0.03143675368193401,41.81170649796779,0.20450724731605133,0.40604026845637586,0.0,2.8653846153846154,0.09615384615384616
53,template_deposition,C,C,none,0,1.0,template_site:index=21:site=C:neigh=1:ahead0=8.608:mode=shell,x,yz,597,544,53,0,53,692.00934922416,18.224502926129507,500.0,0.001,73.33890758690279,0.0733389075869028,-4260.446,-4253.6177,-4260.446,-6.828125,-5.663574,0.9995501404847202,0.0733389075869028,0.0733389075869028,16,596,21,4,4,1.4324051511598428,14.138689830834052,3.345495419733684,14.07247049315783,586.7112606952223,0.0,-0.80901915,-12.961916,24.58811142524713,0.0,24.58811142524713,19.05771410836025,0.6147027830494267,0.7226723405608102,14.09308463232157,14.074217696112376,14.171287564643585,0.07712691513130182,0.16666666666666666,8.56268731543469,8.543820379225494,8.640890247756705,0.875,4,34,0,0.0,0.1801470588235294,272,49,0.1801470588235294,0.0,1.0,0.09033404257010128,0.16156013802706962,0.16156013802706962,0.031480468071451065,41.81170649796779,0.20479162494481945,0.40871021775544386,0.0,2.849056603773585,0.11320754716981132
54,template_deposition,C,C,none,0,1.0,template_site:index=20:site=C:neigh=1:ahead0=8.608:mode=shell,x,yz,598,544,54,0,54,703.8722481698474,11.86289894568732,500.0,0.001,73.33890758690279,0.0733389075869028,-4268.6978,-4260.446,-4268.6978,-8.251953,-7.5981445,1.0,0.0733389075869028,0.0733389075869028,11,597,20,3,3,1.295337184064301,14.138689830834052,1.9254954209522064,14.07247049315783,586.7112606952223,0.0,-0.82308394,-13.187259,24.58811142524713,0.0,24.58811142524713,19.05771410836025,0.6147027830494267,0.7363076677412028,14.08122273403526,14.074217696112376,14.142819008756435,0.0616358936675627,0.16666666666666666,8.550825417148378,8.543820379225494,8.612421691869553,0.875,4,34,0,0.0,0.18382352941176472,272,50,0.18382352941176472,0.0,1.0,0.09203845846765035,0.15834861883608106,0.15834861883608106,0.0314368581512808,41.81170649796779,0.20450792692625402,0.411371237458194,0.0,2.8333333333333335,0.1111111111111111
55,template_deposition,C,C,none,0,1.0,template_site:index=93:site=C:neigh=1:ahead0=8.608:mode=shell,x,yz,599,544,55,0,55,711.6247295252368,7.752481355389526,500.0,0.001,73.33890758690279,0.0733389075869028,-4275.4634,-4268.6978,-4275.4634,-6.765625,-5.3320312,0.9999999909215868,0.0733389075869028,0.0733389075869028,17,598,93,2,2,1.5032761151880472,14.138689830834052,11.865495420494945,14.07247049315783,586.7112606952223,0.0,-0.83461535,-13.372012,24.58811142524713,0.0,24.58811142524713,19.05771410836025,0.6147027830494267,0.7499429949215954,14.112549712772731,14.103462105288363,14.148667890591634,0.035592831043466076,0.16666666666666666,8.58215239588585,8.573064788401481,8.618270573704752,0.875,4,34,0,0.0,0.1875,272,51,0.1875,0.0,1.0,0.09374287436519943,0.1560391344706518,0.1560391344706518,0.03155203086722739,41.81170649796779,0.20525716634653443,0.41402337228714525,0.0,2.8181818181818183,0.10909090909090909
56,template_deposition,C,C,none,0,1.0,template_site:index=92:site=C:neigh=2:ahead0=8.608:mode=shell,x,yz,600,544,56,0,56,716.6745523854456,5.049822860208841,500.0,0.001,73.33890758690279,0.0733389075869028,-4285.1587,-4275.4634,-4285.1587,-9.6953125,-8.516113,1.0,0.0733389075869028,0.0733389075869028,19,599,92,1,1,1.4672439069997927,14.138689830834052,10.445495419695368,14.07247049315783,586.7112606952223,0.0,-0.8511402,-13.636769,24.58811142524713,0.0,24.58811142524713,19.05771410836025,0.6147027830494267,0.7635783221019881,14.131948586860394,14.15996933691745,14.161320849424571,0.04082773011976117,0.16666666666666666,8.601551269973513,8.629572020030569,8.63092353253769,0.875,5,34,0,0.0,0.1948529411764706,272,53,0.1948529411764706,0.0,1.0,0.09544729026274851,0.15359912982095558,0.15359912982095558,0.03162335025725556,41.81170649796779,0.2057211243074133,0.42,0.0,2.8392857142857144,0.125
57,template_deposition,C,C,none,0,1.0,template_site:index=130:site=C:neigh=1:ahead0=9.838:mode=shell,x,yz,601,544,57,0,57,723.2457713488013,6.571218963355674,500.0,0.001,73.33890758690279,0.0733389075869028,-4292.809,-4285.1587,-4292.809,-7.6503906,-7.1523438,0.9999995071264651,0.0733389075869028,0.0733389075869028,15,600,130,8,8,1.4759985692970266,15.368445903903819,16.835495420266316,14.07247049315783,586.7112606952223,0.0,-0.8641797,-13.845685,24.58811142524713,0.0,24.58811142524713,19.05771410836025,0.6147027830494267,0.7772136492823808,14.550162785273363,14.161658727551352,15.095419978591295,0.5506227189822797,0.16666666666666666,9.019765468386481,8.631261410664472,9.565022661704415,0.875,5,34,0,0.0,0.19852941176470587,272,54,0.19852941176470587,0.0,1.0,0.0971517061602976,0.15824149944537685,0.15824149944537685,0.03316090245730324,41.81170649796779,0.21572344742314875,0.4226289517470882,0.0,2.824561403508772,0.12280701754385964
58,template_deposition,C,C,none,0,1.0,template_site:index=131:site=C:neigh=1:ahead0=9.838:mode=shell,x,yz,602,544,58,0,58,763.045966689684,39.80019534088259,500.0,0.001,73.33890758690279,0.0733389075869028,-4301.633,-4292.809,-4301.633,-8.82373,-8.174805,1.0,0.0733389075869028,0.0733389075869028,12,601,131,7,7,1.4159172638726687,15.368445903903819,18.255495419047794,14.07247049315783,586.7112606952223,0.0,-0.879219,-14.086641,24.58811142524713,0.0,24.58811142524713,19.05771410836025,0.6147027830494267,0.7908489764627734,14.545398880997412,14.161658727551352,15.083986608329017,0.5438855462958985,0.16666666666666666,9.01500156411053,8.631261410664472,9.553589291442137,0.875,5,34,0,0.0,0.20220588235294118,272,55,0.20220588235294118,0.0,1.0,0.09885612205784668,0.15543106145018157,0.15543106145018157,0.03314338810334754,41.81170649796779,0.21560951033052655,0.42524916943521596,0.0,2.810344827586207,0.1206896551724138
59,template_deposition,C,C,none,0,1.0,template_site:index=59:site=C:neigh=1:ahead0=9.838:mode=shell,x,yz,603,544,59,0,59,766.434351964559,3.388385274875066,500.0,0.001,73.33890758690279,0.0733389075869028,-4308.517,-4301.633,-4308.517,-6.8842773,-6.525879,0.9516832555943929,0.0733389075869028,0.0733389075869028,17,602,59,6,6,1.478292695496997,15.368445903903819,9.73549542030463,14.07247049315783,586.7112606952223,0.0,-0.89095265,-14.274635,24.58811142524713,0.0,24.58811142524713,19.05771410836025,0.6147027830494267,0.804484303643166,14.938723326901803,15.314568578523433,15.336219367916309,0.5507730571757357,0.16666666666666666,9.408326010014921,9.784171261636551,9.805822051029427,0.875,5,34,0,0.0,0.20588235294117646,272,56,0.20588235294117646,0.0,1.0,0.10056053795539575,0.1594631527121173,0.1594631527121173,0.034589433860348975,41.81170649796779,0.22501655153616373,0.42786069651741293,0.0,2.7966101694915255,0.11864406779661017
60,template_deposition,C,C,none,0,1.0,template_site:index=58:site=C:neigh=2:ahead0=9.838:mode=shell,x,yz,604,544,60,0,60,769.5132864291915,3.0789344646324524,500.0,0.001,73.33890758690279,0.0733389075869028,-4318.584,-4308.517,-4318.584,-10.066895,-9.22998,1.0,0.0733389075869028,0.0733389075869028,16,603,58,5,5,1.4301705071455584,15.368445903903819,8.315495419505053,14.07247049315783,586.7112606952223,0.0,-0.9081108,-14.54954,24.58811142524713,0.0,24.58811142524713,19.05771410836025,0.6147027830494267,0.8181196308235587,14.94168564936483,15.314568578523433,15.343328941827572,0.5529517179934055,0.16666666666666666,9.411288332477948,9.784171261636551,9.812931624940692,0.875,5,34,0,0.0,0.20955882352941177,272,57,0.20955882352941177,0.0,1.0,0.10226495385294483,0.15685480554129913,0.15685480554129913,0.034600324751757165,41.81170649796779,0.2250874006526228,0.4337748344370861,0.0,2.816666666666667,0.11666666666666667
61,template_deposition,C,C,none,0,1.0,template_site:index=23:site=C:neigh=1:ahead0=9.838:mode=shell,x,yz,605,544,61,0,61,782.0420647483895,12.528778319198107,500.0,0.001,73.33890758690279,0.0733389075869028,-4325.7617,-4318.584,-4325.7617,-7.1777344,-6.8745117,0.999999999960586,0.0733389075869028,0.0733389075869028,16,604,23,4,4,1.4359729734269815,15.368445903903819,5.475495419923999,14.07247049315783,586.7112606952223,0.0,-0.92034465,-14.745547,24.58811142524713,0.0,24.58811142524713,19.05771410836025,0.6147027830494267,0.8317549580039514,15.348103709798004,15.35478894876386,15.370920671438144,0.025101222856152745,0.16666666666666666,9.817706392911123,9.824391631876978,9.840523354551262,0.875,5,34,0,0.0,0.21323529411764705,272,58,0.21323529411764705,0.0,1.0,0.10396936975049392,0.16094600644116597,0.16094600644116597,0.03609450879746737,41.81170649796779,0.2348075985223971,0.43636363636363634,0.0,2.80327868852459,0.11475409836065574
62,template_deposition,C,C,none,0,1.0,template_site:index=22:site=C:neigh=2:ahead0=9.838:mode=shell,x,yz,606,544,62,0,62,788.2495433648817,6.207478616492188,500.0,0.001,73.33890758690279,0.0733389075869028,-4336.29,-4325.7617,-4336.29,-10.52832,-9.859863,1.0,0.0733389075869028,0.0733389075869028,15,605,22,3,3,1.3918387388616713,15.368445903903819,4.055495419124423,14.07247049315783,586.7112606952223,0.0,-0.9382893,-15.033052,24.58811142524713,0.0,24.58811142524713,19.05771410836025,0.6147027830494267,0.845390285184344,15.349162934343925,15.357966622401628,15.371556206165698,0.025425924576455563,0.16666666666666666,9.818765617457043,9.827569305514746,9.841158889278816,0.875,5,34,0,0.0,0.21691176470588236,272,59,0.21691176470588236,0.0,1.0,0.105673785648043,0.1583671873783394,0.1583671873783394,0.03609840300535677,41.81170649796779,0.23483293172772732,0.44224422442244227,0.0,2.8225806451612905,0.11290322580645161
63,template_deposition,C,C,none,0,1.0,template_site:index=94:site=C:neigh=1:ahead0=9.838:mode=shell,x,yz,607,544,63,0,63,825.0361258901959,36.786582525314245,500.0,0.001,73.33890758690279,0.0733389075869028,-4342.4834,-4336.29,-4342.4834,-6.1933594,-5.436035,0.9999999999999998,0.0733389075869028,0.0733389075869028,17,606,94,2,2,1.4743665588669808,15.368445903903819,12.575495419885684,14.07247049315783,586.7112606952223,0.0,-0.9488454,-15.202179,24.58811142524713,0.0,24.58811142524713,19.05771410836025,0.6147027830494267,0.8590256123647366,15.391509101758478,15.357966622401628,15.473187007960624,0.08010708645059127,0.16666666666666666,9.861111784871596,9.827569305514746,9.942789691073742,0.875,5,34,0,0.0,0.22058823529411764,272,60,0.22058823529411764,0.0,1.0,0.10737820154559208,0.15652558388685073,0.15652558388685073,0.03625408744438087,41.81170649796779,0.23584571429417464,0.44481054365733114,0.0,2.8095238095238093,0.1111111111111111
64,template_deposition,C,C,none,0,1.0,template_site:index=95:site=C:neigh=1:ahead0=9.838:mode=shell,x,yz,608,544,64,0,64,849.8290935420117,24.792967651815836,500.0,0.001,73.33890758690279,0.0733389075869028,-4351.9106,-4342.4834,-4351.9106,-9.427246,-8.364258,1.0,0.0733389075869028,0.0733389075869028,17,607,95,1,1,1.384193618952345,15.368445903903819,13.99549542068526,14.07247049315783,586.7112606952223,0.0,-0.9649133,-15.459616,24.58811142524713,0.0,24.58811142524713,19.05771410836025,0.6147027830494267,0.8726609395451292,15.385092051021523,15.357966622401628,15.472633402448993,0.08597637608206442,0.16666666666666666,9.854694734134643,9.827569305514746,9.942236085562111,0.875,7,34,0,0.0,0.22426470588235295,272,61,0.22426470588235295,0.0,1.0,0.10908261744314116,0.1539796052208538,0.1539796052208538,0.03623049534608325,41.81170649796779,0.23569223931612596,0.4506578947368421,0.0,2.828125,0.125
65,template_deposition,C,C,none,0,1.0,template_site:index=61:site=C:neigh=1:ahead0=11.068:mode=shell,x,yz,609,544,65,0,65,889.9919916286278,40.16289808661613,500.0,0.001,73.33890758690279,0.0733389075869028,-4360.1133,-4351.9106,-4360.1133,-8.202637,-7.125,0.99967537702929,0.0733389075869028,0.0733389075869028,15,608,61,8,8,1.4514437953296588,16.598201976973584,7.605495420114314,14.07247049315783,586.7112606952223,0.0,-0.978894,-15.683611,24.58811142524713,0.0,24.58811142524713,19.05771410836025,0.6147027830494267,0.8862962667255219,15.750026870188854,15.438769545759751,16.299995214435715,0.5442604816197423,0.16666666666666666,10.219629553301974,9.90837222887287,10.769597897548834,0.875,7,34,0,0.0,0.22794117647058823,272,62,0.22794117647058823,0.0,1.0,0.11078703334069023,0.1572250700507996,0.1572250700507996,0.0375721674753749,41.81170649796779,0.24442029300570853,0.45320197044334976,0.0,2.8153846153846156,0.12307692307692308
66,template_deposition,C,C,none,0,1.0,template_site:index=60:site=C:neigh=2:ahead0=11.068:mode=shell,x,yz,610,544,66,0,66,915.7453403390899,25.753348710462053,500.0,0.001,73.33890758690279,0.0733389075869028,-4370.914,-4360.1133,-4370.914,-10.800781,-9.920898,1.0,0.0733389075869028,0.0733389075869028,17,609,60,7,7,1.2051898565759982,16.598201976973584,6.185495419314738,14.07247049315783,586.7112606952223,0.0,-0.99730307,-15.978557,24.58811142524713,0.0,24.58811142524713,19.05771410836025,0.6147027830494267,0.8999315939059146,16.160824860599366,16.564922536503452,16.61021859697472,0.6119535662331202,0.16666666666666666,10.630427543712486,11.034525219616572,11.079821280087838,0.875,7,34,0,0.0,0.23161764705882354,272,63,0.23161764705882354,0.0,1.0,0.11249144923823932,0.16106708399564373,0.16106708399564373,0.03908245420482531,41.81170649796779,0.2542452445520052,0.45901639344262296,0.0,2.8333333333333335,0.12121212121212122
67,template_deposition,C,C,none,0,1.0,template_site:index=25:site=C:neigh=1:ahead0=11.068:mode=shell,x,yz,611,544,67,0,67,929.5398412665608,13.79450092747086,500.0,0.001,73.33890758690279,0.0733389075869028,-4380.3013,-4370.914,-4380.3013,-9.387207,-7.4438477,0.9999995876174865,0.0733389075869028,0.0733389075869028,16,610,25,6,6,1.4096528505862325,16.598201976973584,3.345495419733684,14.07247049315783,586.7112606952223,0.0,-1.0133028,-16.234901,24.58811142524713,0.0,24.58811142524713,19.05771410836025,0.6147027830494267,0.9135669210863072,16.23239922067575,16.564922536503452,16.781997061158037,0.6713300989409232,0.16666666666666666,10.702001903788869,11.034525219616572,11.251599744271157,0.875,7,34,0,0.0,0.23529411764705882,272,64,0.23529411764705882,0.0,1.0,0.1141958651357884,0.1597313716983413,0.1597313716983413,0.0393455952345179,41.81170649796779,0.25595707040345334,0.46153846153846156,0.0,2.8208955223880596,0.11940298507462686
68,template_deposition,C,C,none,0,1.0,template_site:index=132:site=C:neigh=1:ahead0=11.068:mode=shell,x,yz,612,544,68,0,68,931.3709931825207,1.8311519159599137,500.0,0.001,73.33890758690279,0.0733389075869028,-4390.7515,-4380.3013,-4390.7515,-10.450195,-6.7817383,0.508456467590212,0.0733389075869028,0.0733389075869028,15,611,132,5,5,1.4818090226734364,16.598201976973584,14.705495420076,14.07247049315783,586.7112606952223,0.0,-1.0311142,-16.520271,24.58811142524713,0.0,24.58811142524713,19.05771410836025,0.6147027830494267,0.9272022482666998,16.764665250173667,16.836265692321685,16.88149915582102,0.14311326135966557,0.16666666666666666,11.234267933286787,11.305868375434805,11.351101838934142,0.875,7,34,0,0.0,0.23897058823529413,272,65,0.23897058823529413,0.0,1.0,0.11590028103333748,0.1652098225483351,0.1652098225483351,0.041302455637083776,41.81170649796779,0.2686871422919037,0.47058823529411764,0.0,2.8529411764705883,0.11764705882352941
69,template_deposition,C,C,none,0,1.0,template_site:index=133:site=C:neigh=2:ahead0=11.068:mode=shell,x,yz,613,544,69,0,69,957.3712496998122,26.000256517291483,500.0,0.001,73.33890758690279,0.0733389075869028,-4402.9272,-4390.7515,-4402.9272,-12.175781,-9.855957,1.0,0.0733389075869028,0.0733389075869028,17,612,133,4,4,1.4156260373151632,16.598201976973584,16.125495420875577,14.07247049315783,586.7112606952223,0.0,-1.0518668,-16.852764,24.58811142524713,0.0,24.58811142524713,19.05771410836025,0.6147027830494267,0.9408375754470925,16.782239847178868,16.836265692321685,16.92367818863351,0.16001011236624443,0.16666666666666666,11.251842530291988,11.305868375434805,11.39328087174663,0.875,6,34,0,0.0,0.23897058823529413,272,65,0.23897058823529413,0.0,1.0,0.11760469693088656,0.16307018159843462,0.16307018159843462,0.041367068126073485,41.81170649796779,0.26910746947960307,0.4763458401305057,0.0,2.869565217391304,0.11594202898550725
70,template_deposition,C,C,none,0,1.0,template_site:index=96:site=C:neigh=1:ahead0=11.068:mode=shell,x,yz,614,544,70,0,70,971.7879972677155,14.41674756790324,500.0,0.001,73.33890758690279,0.0733389075869028,-4410.843,-4402.9272,-4410.843,-7.9155273,-6.7353516,0.9941339291567568,0.0733389075869028,0.0733389075869028,18,613,96,3,3,1.4054358765789736,16.598201976973584,10.445495419695368,14.07247049315783,586.7112606952223,0.0,-1.0653582,-17.06892,24.58811142524713,0.0,24.58811142524713,19.05771410836025,0.6147027830494267,0.9544729026274852,16.813351462243602,16.836265692321685,16.92367818863351,0.11839305811599633,0.16666666666666666,11.282954145356722,11.305868375434805,11.39328087174663,0.875,6,34,0,0.0,0.2426470588235294,272,66,0.2426470588235294,0.0,1.0,0.11930911282843565,0.16118505921938175,0.16118505921938175,0.04148144906381148,41.81170649796779,0.26985155810144024,0.4755700325732899,0.0,2.842857142857143,0.1
71,template_deposition,C,C,none,0,1.0,template_site:index=97:site=C:neigh=2:ahead0=11.068:mode=shell,x,yz,615,544,71,0,71,1000.3792933841609,28.591296116445395,500.0,0.001,73.33890758690279,0.0733389075869028,-4423.762,-4410.843,-4423.762,-12.919434,-10.024902,1.0,0.0733389075869028,0.0733389075869028,19,614,97,2,2,1.422334690669863,16.598201976973584,11.865495420494945,14.07247049315783,586.7112606952223,0.0,-1.0873783,-17.42172,24.58811142524713,0.0,24.58811142524713,19.05771410836025,0.6147027830494267,0.9681082298078778,16.87947412294177,16.889199248922946,16.908205791849127,0.032055567595151144,0.16666666666666666,11.349076806054889,11.358801932036066,11.377808474962247,0.875,5,34,0,0.0,0.23897058823529413,272,65,0.23897058823529413,0.0,1.0,0.12101352872598473,0.15984615219795617,0.15984615219795617,0.04172454708108415,41.81170649796779,0.2714329970389153,0.4845528455284553,0.0,2.8732394366197185,0.09859154929577464
72,template_deposition,C,C,none,0,1.0,template_site:index=24:site=C:neigh=1:ahead0=11.068:mode=shell,x,yz,616,544,72,0,72,1000.4736658624176,0.09437247825680117,500.0,0.001,73.33890758690279,0.0733389075869028,-4431.0215,-4423.762,-4431.0215,-7.2592773,-6.4003906,1.0,0.0733389075869028,0.0733389075869028,11,615,24,1,1,1.5408217221730534,16.598201976973584,1.9254954209522064,14.07247049315783,586.7112606952223,0.0,-1.0997511,-17.619955,24.58811142524713,0.0,24.58811142524713,19.05771410836025,0.6147027830494267,0.9817435569882704,16.881532623626633,16.889199248922946,16.908205791849127,0.029294113673905487,0.16666666666666666,11.351135306739753,11.358801932036066,11.377808474962247,0.875,5,34,0,0.0,0.2426470588235294,272,66,0.2426470588235294,0.0,1.0,0.1227179446235338,0.15765465703805212,0.15765465703805212,0.04173211509830792,41.81170649796779,0.2714822296787016,0.487012987012987,0.0,2.861111111111111,0.09722222222222222
73,template_deposition,C,C,none,0,1.0,template_site:index=27:site=C:neigh=1:ahead0=12.298:mode=shell,x,yz,617,544,73,0,73,1010.3730776956921,9.899411833274492,500.0,0.001,73.33890758690279,0.0733389075869028,-4438.718,-4431.0215,-4438.718,-7.696289,-6.35791,0.9998466500295796,0.0733389075869028,0.0733389075869028,17,616,27,8,8,1.4322507479169797,17.827958050043353,5.475495419923999,14.07247049315783,586.7112606952223,0.0,-1.1128688,-17.830124,24.58811142524713,0.0,24.58811142524713,19.05771410836025,0.6147027830494267,0.995378884168663,17.197505911133433,16.912957427580672,17.61488033103348,0.4193240836208952,0.16666666666666666,11.667108594246553,11.382560110693792,12.084483014146599,0.875,5,34,0,0.0,0.2426470588235294,272,66,0.2426470588235294,0.0,1.0,0.12442236052108288,0.15982340540063772,0.15982340540063772,0.04289378159649468,41.81170649796779,0.2790392828097944,0.49270664505672607,0.0,2.863013698630137,0.0958904109589041
74,template_deposition,C,C,none,0,1.0,template_site:index=26:site=C:neigh=2:ahead0=12.298:mode=shell,x,yz,618,544,74,0,74,1041.4745059886986,31.101428293006602,500.0,0.001,73.33890758690279,0.0733389075869028,-4447.7197,-4438.718,-4447.7197,-9.001953,-8.456055,1.0,0.0733389075869028,0.0733389075869028,16,617,26,7,7,1.2911798448067937,17.827958050043353,4.055495419124423,14.07247049315783,586.7112606952223,0.0,-1.1282119,-18.075947,24.58811142524713,0.0,24.58811142524713,19.05771410836025,0.6147027830494267,1.0090142113490557,17.228718771958714,16.912957427580672,17.68979119701416,0.46345504935734827,0.16666666666666666,11.698321455071834,11.382560110693792,12.15939388012728,0.875,5,34,0,0.0,0.24632352941176472,272,67,0.24632352941176472,0.0,1.0,0.12612677641863196,0.15808542506853832,0.15808542506853832,0.04300853476129351,41.81170649796779,0.27978579290085703,0.49838187702265374,0.0,2.8783783783783785,0.10810810810810811
75,template_deposition,C,C,none,0,1.0,template_site:index=134:site=C:neigh=1:ahead0=12.298:mode=shell,x,yz,619,544,75,0,75,1059.5950821948165,18.120576206117967,500.0,0.001,73.33890758690279,0.0733389075869028,-4454.4688,-4447.7197,-4454.4688,-6.7490234,-5.9785156,0.9999366339052767,0.0733389075869028,0.0733389075869028,15,618,134,6,6,1.4403134057684477,17.827958050043353,16.835495420266316,14.07247049315783,586.7112606952223,0.0,-1.139715,-18.260246,24.58811142524713,0.0,24.58811142524713,19.05771410836025,0.6147027830494267,1.0226495385294483,17.5107534015777,17.75906131643762,17.85901197478555,0.44245494659247325,0.16666666666666666,11.980356084690818,12.22866399955074,12.328614657898669,0.875,5,34,0,0.0,0.25,272,68,0.25,0.0,1.0,0.12783119231618104,0.15973808112921092,0.15973808112921092,0.04404542678195154,41.81170649796779,0.2865311437425571,0.5008077544426495,0.0,2.8666666666666667,0.10666666666666667
76,template_deposition,C,C,none,0,1.0,template_site:index=135:site=C:neigh=1:ahead0=12.298:mode=shell,x,yz,620,544,76,0,76,1084.4608783890403,24.865796194223794,500.0,0.001,73.33890758690279,0.0733389075869028,-4462.607,-4454.4688,-4462.607,-8.138184,-7.508301,1.0,0.0733389075869028,0.0733389075869028,12,619,135,5,5,1.3860457757148983,17.827958050043353,18.255495419047794,14.07247049315783,586.7112606952223,0.0,-1.1535858,-18.482483,24.58811142524713,0.0,24.58811142524713,19.05771410836025,0.6147027830494267,1.036284865709841,17.548662157182058,17.872787583250698,17.881757228148164,0.4663331592168802,0.16666666666666666,12.018264840295178,12.342390266363818,12.351359911261284,0.875,5,34,0,0.0,0.2536764705882353,272,69,0.2536764705882353,0.0,1.0,0.1295356082137301,0.15813506368809443,0.15813506368809443,0.044184797206967566,41.81170649796779,0.28743779785403667,0.5032258064516129,0.0,2.8552631578947367,0.10526315789473684
77,template_deposition,C,C,none,0,1.0,template_site:index=98:site=C:neigh=1:ahead0=12.298:mode=shell,x,yz,621,544,77,0,77,1085.1461406691067,0.6852622800663538,500.0,0.001,73.33890758690279,0.0733389075869028,-4468.7827,-4462.607,-4468.7827,-6.1757812,-5.5493164,0.999816184176177,0.0733389075869028,0.0733389075869028,17,620,98,4,4,1.466533712712103,17.827958050043353,12.575495419885684,14.07247049315783,586.7112606952223,0.0,-1.164112,-18.65113,24.58811142524713,0.0,24.58811142524713,19.05771410836025,0.6147027830494267,1.0499201928902337,17.862349236918785,17.872787583250698,17.881757228148164,0.023147259011114467,0.16666666666666666,12.331951920031905,12.342390266363818,12.351359911261284,0.875,5,34,0,0.0,0.25735294117647056,272,70,0.25735294117647056,0.0,1.0,0.13124002411127922,0.1601552197406741,0.1601552197406741,0.04533805852952906,41.81170649796779,0.29494017233262854,0.5056360708534622,0.0,2.844155844155844,0.1038961038961039
78,template_deposition,C,C,none,0,1.0,template_site:index=99:site=C:neigh=1:ahead0=12.298:mode=shell,x,yz,622,544,78,0,78,1111.326380248715,26.180239579608255,500.0,0.001,73.33890758690279,0.0733389075869028,-4478.1475,-4468.7827,-4478.1475,-9.364746,-7.945801,1.0,0.0733389075869028,0.0733389075869028,16,621,99,3,3,1.4688107737355534,17.827958050043353,13.99549542068526,14.07247049315783,586.7112606952223,0.0,-1.1800734,-18.90686,24.58811142524713,0.0,24.58811142524713,19.05771410836025,0.6147027830494267,1.0635555200706264,17.864350507717216,17.872787583250698,17.881757228148164,0.02038060886085355,0.16666666666666666,12.333953190830336,12.342390266363818,12.351359911261284,0.875,5,34,0,0.0,0.2647058823529412,272,72,0.2647058823529412,0.0,1.0,0.1329444400088283,0.15812760501064532,0.15812760501064532,0.04534541614275859,41.81170649796779,0.2949880362197083,0.5112540192926045,0.0,2.858974358974359,0.11538461538461539
79,template_deposition,C,C,none,0,1.0,template_site:index=62:site=C:neigh=1:ahead0=12.298:mode=shell,x,yz,623,544,79,0,79,1160.5546277431295,49.22824749441456,500.0,0.001,73.33890758690279,0.0733389075869028,-4483.7266,-4478.1475,-4483.7266,-5.5791016,-5.1396484,0.9999998086024713,0.0733389075869028,0.0733389075869028,16,622,62,2,2,1.5356442135646098,17.827958050043353,8.315495419505053,14.07247049315783,586.7112606952223,0.0,-1.1895825,-19.059214,24.58811142524713,0.0,24.58811142524713,19.05771410836025,0.6147027830494267,1.077190847251019,17.864350507717216,17.872787583250698,17.881757228148164,0.02038060886085355,0.16666666666666666,12.333953190830336,12.342390266363818,12.351359911261284,0.875,5,34,0,0.0,0.26838235294117646,272,73,0.26838235294117646,0.0,1.0,0.13464885590637737,0.156125989757346,0.156125989757346,0.04534541614275859,41.81170649796779,0.2949880362197083,0.5136436597110754,0.0,2.848101265822785,0.11392405063291139
80,template_deposition,C,C,none,0,1.0,template_site:index=63:site=C:neigh=2:ahead0=12.298:mode=shell,x,yz,624,544,80,0,80,1160.8509673374513,0.2963395943218866,500.0,0.001,73.33890758690279,0.0733389075869028,-4493.1772,-4483.7266,-4493.1772,-9.450684,-8.588379,1.0,0.0733389075869028,0.0733389075869028,19,623,63,1,1,1.4413028465563325,17.827958050043353,9.73549542030463,14.07247049315783,586.7112606952223,0.0,-1.2056904,-19.31729,24.58811142524713,0.0,24.58811142524713,19.05771410836025,0.6147027830494267,1.0908261744314116,17.863638111906834,17.872787583250698,17.881757228148164,0.02136354899781793,0.16666666666666666,12.333240795019954,12.342390266363818,12.351359911261284,0.875,9,34,0,0.0,0.27205882352941174,272,74,0.27205882352941174,0.0,1.0,0.13635327180392645,0.1541655099377494,0.1541655099377494,0.04534279704051453,41.81170649796779,0.2949709980294489,0.5192307692307693,0.0,2.8625,0.125
81,template_deposition,C,C,none,0,1.0,template_site:index=29:site=C:neigh=1:ahead0=13.527:mode=shell,x,yz,625,544,81,0,81,1165.7886318344074,4.93766449695618,500.0,0.001,73.33890758690279,0.0733389075869028,-4500.3213,-4493.1772,-4500.3213,-7.144043,-6.82666,0.9842008066805679,0.0733389075869028,0.0733389075869028,13,624,29,8,8,1.387645466697583,19.05771412311312,3.345495419733684,14.07247049315783,586.7112606952223,0.0,-1.2178668,-19.512377,24.58811142524713,0.0,24.58811142524713,19.05771410836025,0.6147027830494267,1.1044615016118042,18.26123777180315,17.872787583250698,18.835996411899323,0.5769045441975453,0.16666666666666666,12.730840454916269,12.342390266363818,13.305599095012443,0.875,9,34,0,0.0,0.2757352941176471,272,75,0.2757352941176471,0.0,1.0,0.13805768770147553,0.1571708698137811,0.1571708698137811,0.046804560496015696,41.81170649796779,0.3044802884458934,0.5216,0.0,2.8518518518518516,0.12345679012345678
82,template_deposition,C,C,none,0,1.0,template_site:index=28:site=C:neigh=1:ahead0=13.527:mode=shell,x,yz,626,544,82,0,82,1179.4677525738143,13.679120739406939,500.0,0.001,73.33890758690279,0.0733389075869028,-4510.4897,-4500.3213,-4510.4897,-10.168457,-8.40918,0.9999999999998621,0.0733389075869028,0.0733389075869028,12,625,28,7,7,1.3867668281937466,19.05771412311312,1.9254954209522064,14.07247049315783,586.7112606952223,0.0,-1.235198,-19.790054,24.58811142524713,0.0,24.58811142524713,19.05771410836025,0.6644864217644153,1.1180968287921969,18.26396350031845,17.872787583250698,18.84253816033604,0.5807578731470824,0.16666666666666666,12.73356618343157,12.342390266363818,13.31214084344916,0.875,9,34,0,0.0,0.2757352941176471,272,75,0.2757352941176471,0.0,1.0,0.1397621035990246,0.1552873924808728,0.1552873924808728,0.046814581556733716,41.81170649796779,0.30454547900479667,0.5303514376996805,0.04878048780487805,2.8658536585365852,0.12195121951219512
83,template_deposition,C,C,none,0,1.0,template_site:index=65:site=C:neigh=1:ahead0=13.527:mode=shell,x,yz,627,544,83,0,83,1182.9972728549326,3.529520281118334,500.0,0.001,73.33890758690279,0.0733389075869028,-4520.298,-4510.4897,-4520.298,-9.808105,-6.9160156,0.5675598124276603,0.0733389075869028,0.0733389075869028,15,626,65,6,6,1.4368661749557008,19.05771412311312,7.605495420114314,14.07247049315783,586.7112606952223,0.0,-1.2519151,-20.057892,24.58811142524713,0.0,24.58811142524713,19.05771410836025,0.6644864217644153,1.1317321559725895,18.63838378600425,18.957387970154677,19.05945823771684,0.5438583290576552,0.16666666666666666,13.107986469117371,13.426990653267797,13.52906092082996,0.875,9,34,0,0.0,0.28308823529411764,272,77,0.28308823529411764,0.0,1.0,0.14146651949657368,0.1579275478206912,0.1579275478206912,0.04819112672469622,41.81170649796779,0.31350039419592857,0.5358851674641149,0.04878048780487805,2.8795180722891565,0.12048192771084337
84,template_deposition,C,C,none,0,1.0,template_site:index=100:site=C:neigh=1:ahead0=13.527:mode=shell,x,yz,628,544,84,0,84,1186.4016564210397,3.404383566107083,500.0,0.001,73.33890758690279,0.0733389075869028,-4528.147,-4520.298,-4528.147,-7.849121,-7.154785,0.9999999927093863,0.0733389075869028,0.0733389075869028,18,627,100,4,4,1.3987243451166094,19.05771412311312,10.445495419695368,14.07247049315783,586.7112606952223,0.0,-1.2652934,-20.272236,24.58811142524713,0.0,24.58811142524713,19.05771410836025,0.6644864217644153,1.145367483152982,18.67243916289105,19.059554100815074,19.079891463848917,0.5655342915461499,0.16666666666666666,13.142041846004169,13.529156783928194,13.549494146962036,0.875,9,34,0,0.0,0.27941176470588236,272,76,0.27941176470588236,0.0,1.0,0.14317093539412276,0.15645287911909725,0.15645287911909725,0.0483163303161918,41.81170649796779,0.3143148880240734,0.5382165605095541,0.04878048780487805,2.869047619047619,0.11904761904761904
85,template_deposition,C,C,none,0,1.0,template_site:index=101:site=C:neigh=2:ahead0=13.527:mode=shell,x,yz,629,544,85,0,85,1206.8600556452288,20.458399224189293,500.0,0.001,73.33890758690279,0.0733389075869028,-4539.819,-4528.147,-4539.819,-11.671875,-10.474609,1.0,0.0733389075869028,0.0733389075869028,18,628,101,3,3,1.374245432218065,19.05771412311312,11.865495420494945,14.07247049315783,586.7112606952223,0.0,-1.285187,-20.590967,24.58811142524713,0.0,24.58811142524713,19.05771410836025,0.6644864217644153,1.1590028103333747,18.735086561400802,19.084975804607378,19.21499219799694,0.6133367065202389,0.16666666666666666,13.204689244513922,13.554578487720498,13.684594881110058,0.875,9,34,0,0.0,0.28308823529411764,272,77,0.28308823529411764,0.0,1.0,0.14487535129167184,0.15534928522957556,0.15534928522957556,0.04854665163424236,41.81170649796779,0.3158132099955241,0.5437201907790143,0.04878048780487805,2.8823529411764706,0.11764705882352941
86,template_deposition,C,C,none,0,1.0,template_site:index=136:site=C:neigh=1:ahead0=13.527:mode=shell,x,yz,630,544,86,0,86,1207.067158759665,0.20710311443625984,500.0,0.001,73.33890758690279,0.0733389075869028,-4547.63,-4539.819,-4547.63,-7.811035,-6.9506836,1.0,0.0733389075869028,0.0733389075869028,18,629,136,2,2,1.4808566143258548,19.05771412311312,14.705495420076,14.07247049315783,586.7112606952223,0.0,-1.2985003,-20.804268,24.58811142524713,0.0,24.58811142524713,19.05771410836025,0.6644864217644153,1.1726381375137676,19.102456553336683,19.084975804607378,19.15761963892111,0.054161689022815505,0.16666666666666666,13.572059236449803,13.554578487720498,13.627222322034228,0.875,9,34,0,0.0,0.2867647058823529,272,78,0.2867647058823529,0.0,1.0,0.14657976718922094,0.15781464228430003,0.15781464228430003,0.049897276604594865,41.81170649796779,0.32459950509576685,0.546031746031746,0.04878048780487805,2.872093023255814,0.11627906976744186
87,template_deposition,C,C,none,0,1.0,template_site:index=137:site=C:neigh=2:ahead0=13.527:mode=shell,x,yz,631,544,87,0,87,1210.0065813470383,2.939422587373231,500.0,0.001,73.33890758690279,0.0733389075869028,-4557.4346,-4547.63,-4557.4346,-9.8046875,-8.59668,1.0,0.0733389075869028,0.0733389075869028,15,630,137,1,1,1.4019589776613313,19.05771412311312,16.125495420875577,14.07247049315783,586.7112606952223,0.0,-1.3152115,-21.072012,24.58811142524713,0.0,24.58811142524713,19.05771410836025,0.6644864217644153,1.1862734646941602,19.402788680214268,19.175780597499543,19.793243830328617,0.38702608445504877,0.16666666666666666,13.872391363327388,13.645383280612663,14.262846513441737,0.875,9,34,0,0.0,0.29044117647058826,272,79,0.29044117647058826,0.0,1.0,0.14828418308677002,0.1594527742911194,0.1594527742911194,0.051001438835762455,41.81170649796779,0.3317824725475302,0.5515055467511886,0.04878048780487805,2.8850574712643677,0.11494252873563218
88,template_deposition,C,C,none,0,1.0,template_site:index=138:site=C:neigh=1:ahead0=14.757:mode=shell,x,yz,632,544,88,0,88,1214.1145877451122,4.108006398073858,500.0,0.001,73.33890758690279,0.0733389075869028,-4567.177,-4557.4346,-4567.177,-9.7421875,-7.275879,0.9999985612257571,0.0733389075869028,0.0733389075869028,15,631,138,8,8,1.4982632558459268,20.287470196182884,16.835495420266316,14.07247049315783,586.7112606952223,0.0,-1.3318163,-21.33805,24.58811142524713,0.0,24.58811142524713,19.05771410836025,0.6648410217215862,1.1999087918745528,19.47116197932009,19.175780597499543,19.95733974818259,0.4833646850926591,0.16666666666666666,13.94076466243321,13.645383280612663,14.42694243129571,0.875,9,34,0,0.0,0.29411764705882354,272,80,0.29411764705882354,0.0,1.0,0.1499885989843191,0.15841778025492284,0.15841778025492284,0.051252811258945624,41.81170649796779,0.3334177394340694,0.5569620253164557,0.04878048780487805,2.8863636363636362,0.11363636363636363
89,template_deposition,C,C,none,0,1.0,template_site:index=139:site=C:neigh=1:ahead0=14.757:mode=shell,x,yz,633,544,89,0,89,1223.093146947329,8.978559202216669,500.0,0.001,73.33890758690279,0.0733389075869028,-4575.6763,-4567.177,-4575.6763,-8.499512,-7.6464844,0.9999999997354825,0.0733389075869028,0.0733389075869028,13,632,139,7,7,1.3131144338643266,20.287470196182884,18.255495419047794,14.07247049315783,586.7112606952223,0.0,-1.346303,-21.570152,24.58811142524713,0.0,24.58811142524713,19.05771410836025,0.6647276315954999,1.2135441190549454,19.46680316861961,19.175780597499543,19.94687860250144,0.4772187856100563,0.16666666666666666,13.93640585173273,13.645383280612663,14.416481285614559,0.875,9,34,0,0.0,0.2977941176470588,272,81,0.2977941176470588,0.0,1.0,0.15169301488186818,0.15658882979474978,0.15658882979474978,0.051236786219605625,41.81170649796779,0.3333134908619454,0.5592417061611374,0.04878048780487805,2.8764044943820224,0.11235955056179775
90,template_deposition,C,C,none,0,1.0,template_site:index=30:site=C:neigh=1:ahead0=14.757:mode=shell,x,yz,634,544,90,0,90,1271.377805896491,48.28465894916219,500.0,0.001,73.33890758690279,0.0733389075869028,-4584.622,-4575.6763,-4584.622,-8.945801,-6.6967773,0.9999961871250477,0.0733389075869028,0.0733389075869028,15,633,30,6,6,1.4091818658200381,20.287470196182884,4.055495419124423,14.07247049315783,586.7112606952223,0.0,-1.3615503,-21.814442,24.58811142524713,0.0,24.58811142524713,19.05771410836025,0.6142072770539081,1.227179446235338,19.86700776653197,20.139653103751915,20.25640229942595,0.49238915132912886,0.16666666666666666,14.33661044964509,14.609255786865035,14.72600498253907,0.875,9,34,0,0.0,0.3014705882352941,272,82,0.3014705882352941,0.0,1.0,0.15339743077941725,0.1592956716627232,0.1592956716627232,0.052708126653106945,41.81170649796779,0.3428850829214996,0.5583596214511041,0.0,2.8666666666666667,0.1111111111111111
91,template_deposition,C,C,none,0,1.0,template_site:index=31:site=C:neigh=1:ahead0=14.757:mode=shell,x,yz,635,544,91,0,91,1288.7634545683795,17.38564867188852,500.0,0.001,73.33890758690279,0.0733389075869028,-4593.0073,-4584.622,-4593.0073,-8.385254,-6.7001953,0.9999960103107091,0.0733389075869028,0.0733389075869028,18,634,31,5,5,1.4203233711705967,20.287470196182884,5.475495419923999,14.07247049315783,586.7112606952223,0.0,-1.3758423,-22.043425,24.58811142524713,0.0,24.58811142524713,19.05771410836025,0.6139520152307391,1.2408147734157307,19.91805511504094,20.139653103751915,20.378915935847466,0.5388819214097993,0.16666666666666666,14.38765779815406,14.609255786865035,14.848518618960586,0.875,9,34,0,0.0,0.30514705882352944,272,83,0.30514705882352944,0.0,1.0,0.15510184667696633,0.1581061296500446,0.1581061296500446,0.052895800728507573,41.81170649796779,0.344105969433545,0.5637795275590551,0.0,2.868131868131868,0.10989010989010989
92,template_deposition,C,C,none,0,1.0,template_site:index=67:site=C:neigh=1:ahead0=14.757:mode=shell,x,yz,636,544,92,0,92,1293.7732831674994,5.0098285991198575,500.0,0.001,73.33890758690279,0.0733389075869028,-4601.877,-4593.0073,-4601.877,-8.869629,-6.1416016,0.9999999988325756,0.0733389075869028,0.0733389075869028,15,635,67,4,4,1.5136866555355304,20.287470196182884,9.73549542030463,14.07247049315783,586.7112606952223,0.0,-1.3909599,-22.285635,24.58811142524713,0.0,24.58811142524713,19.05771410836025,0.6133615628416799,1.2544501005961233,20.29142365821755,20.295886227029374,20.410162560502958,0.1221390714999201,0.16666666666666666,14.76102634133067,14.765488910142494,14.879765243616077,0.875,9,34,0,0.0,0.3088235294117647,272,84,0.3088235294117647,0.0,1.0,0.1568062625745154,0.16044593849272468,0.16044593849272468,0.05426847919606864,41.81170649796779,0.35303573036532515,0.5691823899371069,0.05,2.847826086956522,0.10869565217391304
93,template_deposition,C,C,none,0,1.0,template_site:index=66:site=C:neigh=1:ahead0=14.757:mode=shell,x,yz,637,544,93,0,93,1304.74546006901,10.972176901510805,500.0,0.001,73.33890758690279,0.0733389075869028,-4609.205,-4601.877,-4609.205,-7.328125,-6.038574,0.9999976578103666,0.0733389075869028,0.0733389075869028,18,636,66,3,3,1.4634832175657833,20.287470196182884,8.315495419505053,14.07247049315783,586.7112606952223,0.0,-1.40345,-22.485748,24.58811142524713,0.0,24.58811142524713,19.05771410836025,0.6136279967237606,1.268085427776516,20.292374045483367,20.350551392971905,20.3796443903754,0.10900578121749817,0.16666666666666666,14.761976728596487,14.820154076085025,14.84924707348852,0.875,9,34,0,0.0,0.3161764705882353,272,86,0.3161764705882353,0.0,1.0,0.1585106784720645,0.15873093256555362,0.15873093256555362,0.05427197326689885,41.81170649796779,0.3530584605369785,0.5714285714285714,0.0,2.860215053763441,0.10752688172043011
94,template_deposition,C,C,none,0,1.0,template_site:index=102:site=C:neigh=1:ahead0=14.757:mode=shell,x,yz,638,544,94,0,94,1304.9095484352522,0.16408836624221426,500.0,0.001,73.33890758690279,0.0733389075869028,-4615.826,-4609.205,-4615.826,-6.6210938,-5.4414062,0.9999994869964894,0.0733389075869028,0.0733389075869028,16,637,102,2,2,1.3777231744777285,20.287470196182884,12.575495419885684,14.07247049315783,586.7112606952223,0.0,-1.4147352,-22.666557,24.58811142524713,0.0,24.58811142524713,19.05771410836025,0.6142459614410519,1.2817207549569085,20.29673515242058,20.36363471378356,20.382261054537732,0.11147974754956756,0.16666666666666666,14.766337835533701,14.833237396896681,14.851863737650852,0.875,9,34,0,0.0,0.3161764705882353,272,86,0.3161764705882353,0.0,1.0,0.16021509436961356,0.1570887003780181,0.1570887003780181,0.05428800674828566,41.81170649796779,0.35316276402761515,0.5768025078369906,0.05,2.851063829787234,0.10638297872340426
95,template_deposition,C,C,none,0,1.0,template_site:index=103:site=C:neigh=2:ahead0=14.757:mode=shell,x,yz,639,544,95,0,95,1318.6656300412362,13.756081605983967,500.0,0.001,73.33890758690279,0.0733389075869028,-4624.932,-4615.826,-4624.932,-9.105957,-8.233887,1.0,0.0733389075869028,0.0733389075869028,18,638,103,1,1,1.472736060851423,20.287470196182884,13.99549542068526,14.07247049315783,586.7112606952223,0.0,-1.4302555,-22.91522,24.58811142524713,0.0,24.58811142524713,19.05771410836025,0.6141118995063325,1.2953560821373014,20.353947202373124,20.350551392971905,20.3796443903754,0.0256465714358475,0.16666666666666666,14.823549885486244,14.820154076085025,14.84924707348852,0.875,9,34,0,0.0,0.31985294117647056,272,87,0.31985294117647056,0.0,1.0,0.16191951026716267,0.15603736721564468,0.15603736721564468,0.05449834516722884,41.81170649796779,0.35453109014353973,0.5790297339593115,0.0,2.863157894736842,0.11578947368421053
96,template_deposition,C,C,none,0,1.0,template_site:index=68:site=C:neigh=1:ahead0=15.987:mode=shell,x,yz,640,544,96,0,96,1338.893428878927,20.22779883769074,500.0,0.001,73.33890758690279,0.0733389075869028,-4633.8667,-4624.932,-4633.8667,-8.93457,-7.5429688,0.377862295521265,0.0733389075869028,0.0733389075869028,14,639,68,8,8,1.2973279095025263,21.517226269252646,6.185495419314738,14.07247049315783,586.7112606952223,0.0,-1.4454837,-23.159203,24.58811142524713,0.0,24.58811142524713,19.05771410836025,0.6145845383533179,1.308991409317694,20.817928643513795,20.581994415815423,21.354334035406897,0.5264404512857841,0.16666666666666666,15.287531326626915,15.051597098928543,15.823936718520017,0.875,9,34,0,0.0,0.3235294117647059,272,88,0.3235294117647059,0.0,1.0,0.16362392616471175,0.15924511798569704,0.15924511798569704,0.05620415928906954,41.81170649796779,0.36562801681796814,0.58125,0.0,2.8541666666666665,0.11458333333333333
97,template_deposition,C,C,none,0,1.0,template_site:index=69:site=C:neigh=2:ahead0=15.987:mode=shell,x,yz,641,544,97,0,97,1360.5436933571045,21.65026447817758,500.0,0.001,73.33890758690279,0.0733389075869028,-4644.64,-4633.8667,-4644.64,-10.7734375,-8.888184,1.0,0.0733389075869028,0.0733389075869028,15,640,69,7,7,1.1420039150854433,21.517226269252646,7.605495420114314,14.07247049315783,586.7112606952223,0.0,-1.4638461,-23.4534,24.58811142524713,0.0,24.58811142524713,19.05771410836025,0.6627002102793289,1.3226267364980866,21.173470937956896,21.55821693620014,21.62190202983951,0.6012821393422246,0.16666666666666666,15.643073621070016,16.02781961931326,16.09150471295263,0.875,9,34,0,0.0,0.3272058823529412,272,89,0.3272058823529412,0.0,1.0,0.16532834206226082,0.16126880021721665,0.16126880021721665,0.057511300077463294,41.81170649796779,0.37413143187136666,0.5865834633385335,0.04878048780487805,2.865979381443299,0.1134020618556701
98,template_deposition,C,C,none,0,1.0,template_site:index=140:site=C:neigh=1:ahead0=15.987:mode=shell,x,yz,642,544,98,0,98,1361.9756478289862,1.4319544718817048,500.0,0.001,73.33890758690279,0.0733389075869028,-4653.218,-4644.64,-4653.218,-8.577637,-6.504883,0.9999999999997309,0.0733389075869028,0.0733389075869028,15,641,140,6,6,1.4258968089976491,21.517226269252646,14.705495420076,14.07247049315783,586.7112606952223,0.0,-1.478466,-23.687637,24.58811142524713,0.0,24.58811142524713,19.05771410836025,0.6630142584883972,1.3362620636784792,22.055766602311024,21.637823303249355,22.70457231463673,0.6481665528648309,0.16666666666666666,16.525369285424144,16.107425986362475,17.17417499774985,0.875,9,34,0,0.0,0.3272058823529412,272,89,0.3272058823529412,0.0,1.0,0.1670327579598099,0.16862621719820556,0.16862621719820556,0.060755034137588766,41.81170649796779,0.3952330739293633,0.5919003115264797,0.04878048780487805,2.877551020408163,0.11224489795918367
99,template_deposition,C,C,none,0,1.0,template_site:index=141:site=C:neigh=2:ahead0=15.987:mode=shell,x,yz,643,544,99,0,99,1371.9985242265834,10.022876397597301,500.0,0.001,73.33890758690279,0.0733389075869028,-4663.7993,-4653.218,-4663.7993,-10.581543,-9.344238,1.0,0.0733389075869028,0.0733389075869028,15,642,141,5,5,1.3769589873060488,21.517226269252646,16.125495420875577,14.07247049315783,586.7112606952223,0.0,-1.4965013,-23.976595,24.58811142524713,0.0,24.58811142524713,19.05771410836025,0.6636213863676438,1.3498973908588718,22.03830035740114,21.637823303249355,22.662653326853015,0.6234978516316041,0.16666666666666666,16.50790304051426,16.107425986362475,17.132256009966135,0.875,9,34,0,0.0,0.33088235294117646,272,90,0.33088235294117646,0.0,1.0,0.16873717385735898,0.1667464953587299,0.1667464953587299,0.06069082000189067,41.81170649796779,0.3948153381712992,0.5940902021772939,0.04878048780487805,2.878787878787879,0.10101010101010101
100,template_deposition,C,C,none,0,1.0,template_site:index=105:site=C:neigh=1:ahead0=15.987:mode=shell,x,yz,644,544,100,0,100,1375.0472329787708,3.0487087521874825,500.0,0.001,73.33890758690279,0.0733389075869028,-4670.1333,-4663.7993,-4670.1333,-6.3339844,-5.5180664,0.999999999999998,0.0733389075869028,0.0733389075869028,18,643,105,4,4,1.4616156067077573,21.517226269252646,11.865495420494945,14.07247049315783,586.7112606952223,0.0,-1.507297,-24.14956,24.58811142524713,0.0,24.58811142524713,19.05771410836025,0.6643474144177072,1.3635327180392645,22.02637699756383,21.637823303249355,22.634037263243474,0.6066592331750679,0.16666666666666666,16.49597968067695,16.107425986362475,17.103639946356594,0.875,9,34,0,0.0,0.33455882352941174,272,91,0.33455882352941174,0.0,1.0,0.17044158975490806,0.1649597968067695,0.1649597968067695,0.06064698412013585,41.81170649796779,0.39453017019237707,0.5962732919254659,0.04878048780487805,2.87,0.1
101,template_deposition,C,C,none,0,1.0,template_site:index=104:site=C:neigh=2:ahead0=15.987:mode=shell,x,yz,645,544,101,0,101,1380.7008280795194,5.653595100748667,500.0,0.001,73.33890758690279,0.0733389075869028,-4679.8276,-4670.1333,-4679.8276,-9.694336,-8.334473,1.0,0.0733389075869028,0.0733389075869028,18,644,104,3,3,1.4155594688653863,21.517226269252646,10.445495419695368,14.07247049315783,586.7112606952223,0.0,-1.5238203,-24.414293,24.58811142524713,0.0,24.58811142524713,19.05771410836025,0.6599837376793086,1.377168045219657,22.054205863923187,21.721309902327416,22.650734583059087,0.58987990229981,0.16666666666666666,16.523808547036307,16.190912585440536,17.120337266172207,0.875,9,34,0,0.0,0.3382352941176471,272,92,0.3382352941176471,0.0,1.0,0.17214600565245713,0.16360206482214165,0.16360206482214165,0.06074929612880995,41.81170649796779,0.3951957461444303,0.6015503875968993,0.04878048780487805,2.881188118811881,0.10891089108910891
102,template_deposition,C,C,none,0,1.0,template_site:index=33:site=C:neigh=0:ahead0=15.987:mode=shell,x,yz,646,544,102,0,102,1384.0484821649902,3.347654085470723,500.0,0.001,73.33890758690279,0.0733389075869028,-4684.809,-4679.8276,-4684.809,-4.9814453,-3.5668945,0.9999999580787331,0.0733389075869028,0.0733389075869028,13,645,33,2,2,1.8597294257876469,21.517226269252646,3.345495419733684,14.07247049315783,586.7112606952223,0.0,-1.5323107,-24.550325,24.58811142524713,0.0,24.58811142524713,19.05771410836025,0.6602925172438611,1.3908033724000497,22.055691695320604,21.721309902327416,22.650734583059087,0.5886329948991589,0.16666666666666666,16.525294378433724,16.190912585440536,17.120337266172207,0.875,9,34,0,0.0,0.34191176470588236,272,93,0.34191176470588236,0.0,1.0,0.1738504215500062,0.16201268998464435,0.16201268998464435,0.06075475874424163,41.81170649796779,0.39523128239783556,0.6037151702786377,0.04878048780487805,2.872549019607843,0.11764705882352941
103,template_deposition,C,C,none,0,1.0,template_site:index=32:site=C:neigh=1:ahead0=15.987:mode=shell,x,yz,647,544,103,0,103,1394.112390529423,10.06390836443285,500.0,0.001,73.33890758690279,0.0733389075869028,-4693.172,-4684.809,-4693.172,-8.362793,-7.3901367,1.0,0.0733389075869028,0.0733389075869028,11,646,32,1,1,1.5069009044893094,21.517226269252646,1.9254954209522064,14.07247049315783,586.7112606952223,0.0,-1.5465643,-24.778692,24.58811142524713,0.0,24.58811142524713,19.05771410836025,0.660424142863438,1.4044386995804423,22.055691695320604,21.721309902327416,22.650734583059087,0.5886329948991589,0.16666666666666666,16.525294378433724,16.190912585440536,17.120337266172207,0.875,12,34,0,0.0,0.34558823529411764,272,94,0.34558823529411764,0.0,1.0,0.1755548374475553,0.16043975124692936,0.16043975124692936,0.06075475874424163,41.81170649796779,0.39523128239783556,0.6058732612055642,0.04878048780487805,2.8640776699029127,0.11650485436893204
104,template_deposition,C,C,none,0,1.0,template_site:index=71:site=C:neigh=1:ahead0=17.217:mode=shell,x,yz,648,544,104,0,104,1397.3414722230282,3.229081693605212,500.0,0.001,73.33890758690279,0.0733389075869028,-4704.382,-4693.172,-4704.382,-11.209961,-6.8325195,0.058265816611096866,0.0733389075869028,0.0733389075869028,15,647,71,8,8,1.4880739918436194,22.746982344781223,9.73549542030463,14.07247049315783,586.7112606952223,0.0,-1.5656708,-25.084812,24.58811142524713,0.0,24.58811142524713,19.05771410836025,0.7230211419926555,1.4180740267608352,22.49835733968713,22.883090753242005,23.022161097575147,0.670782033992924,0.16666666666666666,16.96796002280025,17.352693436355125,17.491763780688267,0.875,12,34,0,0.0,0.35294117647058826,272,96,0.35294117647058826,0.0,1.0,0.1772592533451044,0.16315346175769468,0.16315346175769468,0.062382205966177384,41.81170649796779,0.4058184045567467,0.6111111111111112,0.22727272727272727,2.8653846153846154,0.11538461538461539
105,template_deposition,C,C,none,0,1.0,template_site:index=142:site=C:neigh=1:ahead0=17.217:mode=shell,x,yz,649,544,105,0,105,1400.3700777345277,3.028605511499622,500.0,0.001,73.33890758690279,0.0733389075869028,-4714.7134,-4704.382,-4714.7134,-10.331543,-6.928711,0.6737667241343437,0.0733389075869028,0.0733389075869028,13,648,142,7,7,1.477837234938621,22.746982344781223,16.835495420266316,14.07247049315783,586.7112606952223,0.0,-1.5832801,-25.366943,24.58811142524713,0.0,24.58811142524713,19.05771410836025,0.7495670840374099,1.4317093539412278,22.436998912311292,22.699015471114496,22.985346041149647,0.6405193017532153,0.16666666666666666,16.906601595424412,17.168618154227616,17.454948724262767,0.875,12,34,0,0.0,0.35661764705882354,272,97,0.35661764705882354,0.0,1.0,0.17896366924265347,0.1610152532897563,0.1610152532897563,0.06215662351258975,41.81170649796779,0.40435091058161277,0.6163328197226502,0.32608695652173914,2.8666666666666667,0.11428571428571428
106,template_deposition,C,C,none,0,1.0,template_site:index=143:site=C:neigh=1:ahead0=17.217:mode=shell,x,yz,650,544,106,0,106,1413.0066034497884,12.636525715260694,500.0,0.001,73.33890758690279,0.0733389075869028,-4722.9854,-4714.7134,-4722.9854,-8.271973,-7.309082,0.9999999999581595,0.0733389075869028,0.0733389075869028,12,649,143,6,6,1.3415785240212161,22.746982344781223,18.255495419047794,14.07247049315783,586.7112606952223,0.0,-1.597379,-25.592833,24.58811142524713,0.0,24.58811142524713,19.05771410836025,0.771620610785512,1.4453446811216204,22.495373900883198,22.874140436830228,23.020371034292793,0.6690819693815886,0.16666666666666666,16.964976583996318,17.343743119943348,17.489973717405913,0.875,12,34,0,0.0,0.3602941176470588,272,98,0.3602941176470588,0.0,1.0,0.18066808514020255,0.16004694890562565,0.16004694890562565,0.062371237441162936,41.81170649796779,0.4057470504061077,0.6184615384615385,0.3541666666666667,2.858490566037736,0.11320754716981132
107,template_deposition,C,C,none,0,1.0,template_site:index=106:site=C:neigh=1:ahead0=17.217:mode=shell,x,yz,651,544,107,0,107,1413.7520544646154,0.7454510148270412,500.0,0.001,73.33890758690279,0.0733389075869028,-4730.517,-4722.9854,-4730.517,-7.5317383,-6.265625,0.8790039760572086,0.0733389075869028,0.0733389075869028,15,650,106,5,5,1.3063101785428615,22.746982344781223,12.575495419885684,14.07247049315783,586.7112606952223,0.0,-1.6102161,-25.798508,24.58811142524713,0.0,24.58811142524713,19.05771410836025,0.7679462121875601,1.458980008302013,22.48603389796085,22.874140436830228,22.997955027279165,0.6613284406679999,0.16666666666666666,16.95563658107397,17.343743119943348,17.467557710392285,0.875,12,34,0,0.0,0.3602941176470588,272,98,0.3602941176470588,0.0,1.0,0.18237250103775163,0.15846389328106517,0.15846389328106517,0.0623368991951249,41.81170649796779,0.4055236679205638,0.620583717357911,0.3877551020408163,2.850467289719626,0.11214953271028037
108,template_deposition,C,C,none,0,1.0,template_site:index=107:site=C:neigh=3:ahead0=17.217:mode=shell,x,yz,652,544,108,0,108,1437.9129721987326,24.1609177341172,500.0,0.001,73.33890758690279,0.0733389075869028,-4740.498,-4730.517,-4740.498,-9.980957,-8.59082,1.0,0.0733389075869028,0.0733389075869028,17,651,107,4,4,1.4043671188507776,22.746982344781223,13.99549542068526,14.07247049315783,586.7112606952223,0.0,-1.6272279,-26.071066,24.58811142524713,0.0,24.58811142524713,19.05771410836025,0.7371504895202592,1.4726153354824056,22.48603389796085,22.874140436830228,22.997955027279165,0.6613284406679999,0.16666666666666666,16.95563658107397,17.343743119943348,17.467557710392285,0.875,12,34,0,0.0,0.3639705882352941,272,99,0.3639705882352941,0.0,1.0,0.1840769169353007,0.15699663500994418,0.15699663500994418,0.0623368991951249,41.81170649796779,0.4055236679205638,0.6257668711656442,0.40816326530612246,2.861111111111111,0.1111111111111111
109,template_deposition,C,C,none,0,1.0,template_site:index=34:site=C:neigh=1:ahead0=17.217:mode=shell,x,yz,653,544,109,0,109,1463.676621893725,25.763649694992505,500.0,0.001,73.33890758690279,0.0733389075869028,-4750.4893,-4740.498,-4750.4893,-9.991211,-6.182617,0.9999881582726854,0.0733389075869028,0.0733389075869028,15,652,34,3,3,1.537115977248865,22.746982344781223,4.055495419124423,14.07247049315783,586.7112606952223,0.0,-1.6442571,-26.343903,24.58811142524713,0.0,24.58811142524713,19.05771410836025,0.7761182575229633,1.4862506626627983,22.989856868559812,23.028908674891397,23.058998930144533,0.08325222907406807,0.16666666666666666,17.459459551672932,17.498511358004517,17.528601613257653,0.875,12,34,0,0.0,0.3639705882352941,272,99,0.3639705882352941,0.0,1.0,0.18578133283284978,0.1601785279969994,0.1601785279969994,0.0641891895282093,41.81170649796779,0.41757347436946946,0.6309341500765697,0.5,2.8623853211009176,0.11009174311926606
110,template_deposition,C,C,none,0,1.0,template_site:index=35:site=C:neigh=2:ahead0=17.217:mode=shell,x,yz,654,544,110,0,110,1466.6088843301761,2.9322624364509746,500.0,0.001,73.33890758690279,0.0733389075869028,-4759.797,-4750.4893,-4759.797,-9.307617,-7.626465,0.9999999999999989,0.0733389075869028,0.0733389075869028,15,653,35,2,2,1.400285637235846,22.746982344781223,5.475495419923999,14.07247049315783,586.7112606952223,0.0,-1.6601211,-26.598072,24.58811142524713,0.0,24.58811142524713,19.05771410836025,0.7662908004022947,1.4998859898431909,22.983931050007595,23.028908674891397,23.0447769656192,0.07805487158316056,0.16666666666666666,17.453533733120715,17.498511358004517,17.51437964873232,0.875,12,34,0,0.0,0.3713235294117647,272,101,0.3713235294117647,0.0,1.0,0.18748574873039886,0.1586684884829156,0.1586684884829156,0.06416740343059087,41.81170649796779,0.41743174806723143,0.636085626911315,0.5660377358490566,2.8727272727272726,0.10909090909090909
111,template_deposition,C,C,none,0,1.0,template_site:index=70:site=C:neigh=2:ahead0=17.217:mode=shell,x,yz,655,544,111,0,111,1469.2069961630257,2.598111832849524,500.0,0.001,73.33890758690279,0.0733389075869028,-4768.434,-4759.797,-4768.434,-8.637207,-5.6098633,1.0,0.0733389075869028,0.0733389075869028,16,654,70,1,1,1.1163429620804686,22.746982344781223,8.315495419505053,14.07247049315783,586.7112606952223,0.0,-1.6748425,-26.833935,24.58811142524713,0.0,24.58811142524713,19.05771410836025,0.7814801822040811,1.5135213170235835,22.980341128568806,23.01813891057503,23.04262301275593,0.0761275624860316,0.16666666666666666,17.449943811681926,17.48774159368815,17.51222569586905,0.875,13,34,0,0.0,0.3786764705882353,272,103,0.3786764705882353,0.0,1.0,0.18919016462794794,0.15720670100614348,0.15720670100614348,0.06415420519000709,41.81170649796779,0.41734588882494095,0.6412213740458015,0.6181818181818182,2.8828828828828827,0.10810810810810811
112,template_deposition,C,C,none,0,1.0,template_site:index=150:site=C:neigh=1:ahead0=18.446:mode=shell,x,yz,656,544,112,0,112,1474.9292382488904,5.722242085864684,500.0,0.001,73.33890758690279,0.0733389075869028,-4777.276,-4768.434,-4777.276,-8.841797,-7.345703,0.9997328469783664,0.0733389075869028,0.0733389075869028,12,655,150,8,8,1.37020219338891,23.976738418284896,6.185495419314738,14.07247049315783,586.7112606952223,0.0,-1.6899126,-27.075384,24.58811142524713,0.0,24.58811142524713,19.05771410836025,0.7862106844015514,1.5271566442039761,23.259225131378074,23.006384391609586,23.718997330877446,0.454300752589211,0.16666666666666666,17.728827814491193,17.475987074722706,18.188600013990566,0.875,12,34,0,0.0,0.375,272,102,0.375,0.0,1.0,0.19089458052549702,0.1582931054865285,0.1582931054865285,0.06517951402386468,41.81170649796779,0.42401588692278996,0.6432926829268293,0.6428571428571429,2.875,0.10714285714285714
113,template_deposition,C,C,none,0,1.0,template_site:index=151:site=C:neigh=2:ahead0=18.446:mode=shell,x,yz,657,544,113,0,113,1483.1142014114894,8.184963162599018,500.0,0.001,73.33890758690279,0.0733389075869028,-4787.2866,-4777.276,-4787.2866,-10.010742,-8.258301,1.0,0.0733389075869028,0.0733389075869028,13,656,151,7,7,1.1691595086547668,23.976738418284896,7.605495420114314,14.07247049315783,586.7112606952223,0.0,-1.7069751,-27.348757,24.58811142524713,0.0,24.58811142524713,19.05771410836025,0.7741580800073586,1.540791971384369,23.630872840443732,23.930493598160094,24.056486308704724,0.5389395717357056,0.16666666666666666,18.100475523556852,18.400096281273214,18.526088991817844,0.875,12,34,0,0.0,0.3786764705882353,272,103,0.3786764705882353,0.0,1.0,0.19259899642304612,0.16018119932351196,0.16018119932351196,0.0665458658954296,41.81170649796779,0.4329044911007544,0.6484018264840182,0.6607142857142857,2.8849557522123894,0.10619469026548672
114,template_deposition,C,C,none,0,1.0,template_site:index=146:site=C:neigh=1:ahead0=18.446:mode=shell,x,yz,658,544,114,0,114,1541.0847139672794,57.97051255579,500.0,0.001,73.33890758690279,0.0733389075869028,-4795.121,-4787.2866,-4795.121,-7.8344727,-6.020996,0.9999999998095719,0.0733389075869028,0.0733389075869028,13,657,146,6,6,1.4080721831450533,23.976738418284896,11.865495420494945,14.07247049315783,586.7112606952223,0.0,-1.7203282,-27.562696,24.58811142524713,0.0,24.58811142524713,19.05771410836025,0.7960078595875191,1.5544272985647616,23.630872840443732,23.930493598160094,24.056486308704724,0.5389395717357056,0.16666666666666666,18.100475523556852,18.400096281273214,18.526088991817844,0.875,12,34,0,0.0,0.38235294117647056,272,104,0.38235294117647056,0.0,1.0,0.1943034123205952,0.15877610108383203,0.15877610108383203,0.0665458658954296,41.81170649796779,0.4329044911007544,0.6504559270516718,0.6724137931034483,2.8771929824561404,0.10526315789473684
115,template_deposition,C,C,none,0,1.0,template_site:index=147:site=C:neigh=2:ahead0=18.446:mode=shell,x,yz,659,544,115,0,115,1546.9654062733591,5.8806923060798,500.0,0.001,73.33890758690279,0.0733389075869028,-4804.419,-4795.121,-4804.419,-9.297852,-8.337891,1.0,0.0733389075869028,0.0733389075869028,15,658,147,5,5,1.461657573731383,23.976738418284896,10.445495419695368,14.07247049315783,586.7112606952223,0.0,-1.7361757,-27.8166,24.58811142524713,0.0,24.58811142524713,19.05771410836025,0.7782410653154489,1.5680626257451542,23.628801368695928,23.930493598160094,24.051514776509983,0.5371877290602699,0.16666666666666666,18.098404051809048,18.400096281273214,18.521117459623103,0.875,12,34,0,0.0,0.3897058823529412,272,106,0.3897058823529412,0.0,1.0,0.19600782821814428,0.15737742653746997,0.15737742653746997,0.06653825019047444,41.81170649796779,0.4328549482353393,0.6555386949924128,0.6896551724137931,2.8869565217391306,0.11304347826086956
116,template_deposition,C,C,none,0,1.0,template_site:index=148:site=C:neigh=1:ahead0=18.446:mode=shell,x,yz,660,544,116,0,116,1547.9018891221845,0.93648284882533,500.0,0.001,73.33890758690279,0.0733389075869028,-4811.157,-4804.419,-4811.157,-6.7382812,-4.5664062,0.3939743271782091,0.0733389075869028,0.0733389075869028,14,659,148,4,4,1.5497028268960245,23.976738418284896,14.705495420076,14.07247049315783,586.7112606952223,0.0,-1.7476605,-28.000608,24.58811142524713,0.0,24.58811142524713,19.05771410836025,0.7578617652049626,1.5816979529255468,23.99406077925197,23.96991866849836,24.059399790577636,0.06407430035940967,0.16666666666666666,18.46366346236509,18.43952135161148,18.529002473690756,0.875,12,34,0,0.0,0.39338235294117646,272,107,0.39338235294117646,0.0,1.0,0.19771224411569335,0.15916951260659562,0.15916951260659562,0.06788111567045989,41.81170649796779,0.4415907650949979,0.6575757575757576,0.6724137931034483,2.8793103448275863,0.1206896551724138
117,template_deposition,C,C,none,0,1.0,template_site:index=149:site=C:neigh=1:ahead0=18.446:mode=shell,x,yz,661,544,117,0,117,1549.7734837559924,1.8715946338079998,500.0,0.001,73.33890758690279,0.0733389075869028,-4820.9067,-4811.157,-4820.9067,-9.749512,-7.6708984,1.0,0.0733389075869028,0.0733389075869028,11,660,149,3,3,1.4127041597775896,23.976738418284896,16.125495420875577,14.07247049315783,586.7112606952223,0.0,-1.7642777,-28.266846,24.58811142524713,0.0,24.58811142524713,19.05771410836025,0.7510532300657404,1.5953332801059394,23.968318674237025,23.930493598160094,24.051514776509983,0.08169311726426158,0.16666666666666666,18.437921357350145,18.400096281273214,18.521117459623103,0.875,12,34,0,0.0,0.39338235294117646,272,107,0.39338235294117646,0.0,1.0,0.19941666001324243,0.15758907143034312,0.15758907143034312,0.06778647557849318,41.81170649796779,0.4409750976857713,0.6656580937972768,0.7627118644067796,2.8974358974358974,0.11965811965811966
118,template_deposition,C,C,none,0,1.0,template_site:index=144:site=C:neigh=1:ahead0=18.446:mode=shell,x,yz,662,544,118,0,118,1570.985914728543,21.212430972550717,500.0,0.001,73.33890758690279,0.0733389075869028,-4826.1543,-4820.9067,-4826.1543,-5.2475586,-4.5844727,0.9999999998955575,0.0733389075869028,0.0733389075869028,10,661,144,2,2,1.6136841462229696,23.976738418284896,3.345495419733684,14.07247049315783,586.7112606952223,0.0,-1.7732217,-28.410145,24.58811142524713,0.0,24.58811142524713,19.05771410836025,0.7488630505833601,1.608968607286332,23.963663966566713,23.916529475149154,24.048721951907794,0.08407869741400309,0.16666666666666666,18.433266649679833,18.386132158262274,18.518324635020914,0.875,12,34,0,0.0,0.4007352941176471,272,109,0.4007352941176471,0.0,1.0,0.2011210759107915,0.1562141241498291,0.1562141241498291,0.06776936268264644,41.81170649796779,0.44086377222072387,0.6676737160120846,0.7833333333333333,2.889830508474576,0.1271186440677966
119,template_deposition,C,C,none,0,1.0,template_site:index=145:site=C:neigh=1:ahead0=18.446:mode=shell,x,yz,663,544,119,0,119,1587.7259580459292,16.74004331738611,500.0,0.001,73.33890758690279,0.0733389075869028,-4834.824,-4826.1543,-4834.824,-8.669922,-8.166992,1.0,0.0733389075869028,0.0733389075869028,9,662,145,1,1,1.4206024970082816,23.976738418284896,1.9254954209522064,14.07247049315783,586.7112606952223,0.0,-1.7879989,-28.646902,24.58811142524713,0.0,24.58811142524713,19.05771410836025,0.7467809936385306,1.6226039344667247,23.964060524775032,23.91771914977412,24.048959886832787,0.08385796764009544,0.16666666666666666,18.433663207888152,18.38732183288724,18.518562569945907,0.875,14,34,0,0.0,0.40441176470588236,272,110,0.40441176470588236,0.0,1.0,0.20282549180834059,0.15490473283939624,0.15490473283939624,0.06777082061723586,41.81170649796779,0.4408732566030066,0.669683257918552,0.8032786885245902,2.8823529411764706,0.12605042016806722
120,template_deposition,C,C,none,0,1.0,template_site:index=155:site=C:neigh=1:ahead0=19.676:mode=shell,x,yz,664,544,120,0,120,1595.0029923560853,7.277034310156171,500.0,0.001,73.33890758690279,0.0733389075869028,-4843.193,-4834.824,-4843.193,-8.368652,-6.9731445,0.9999999998940423,0.0733389075869028,0.0733389075869028,11,663,155,8,8,1.480567077123919,25.20649449178857,9.73549542030463,14.07247049315783,586.7112606952223,0.0,-1.8022625,-28.87543,25.034000684822015,0.0,25.034000684822015,19.503603367935135,0.6399727011732164,1.6362392616471173,24.283847084853193,23.924848216284044,24.812170191114422,0.5306011166832255,0.16666666666666666,18.753449767966313,18.394450899397164,19.281772874227542,0.875,12,34,0,0.0,0.40441176470588236,272,110,0.40441176470588236,0.0,1.0,0.20452990770588966,0.15627874806638595,0.15627874806638595,0.06894650649987615,41.81170649796779,0.44852151080888797,0.6716867469879518,0.8245614035087719,2.875,0.125
121,template_deposition,C,C,none,0,1.0,template_site:index=154:site=C:neigh=2:ahead0=19.676:mode=shell,x,yz,665,544,121,0,121,1606.8637417084892,11.860749352403856,500.0,0.001,73.33890758690279,0.0733389075869028,-4853.169,-4843.193,-4853.169,-9.976074,-6.383301,0.9999013162903876,0.0733389075869028,0.0733389075869028,12,664,154,7,7,1.1266624790193571,25.20649449178857,8.315495419505053,14.07247049315783,586.7112606952223,0.0,-1.819266,-29.147854,25.350201057102492,0.0,25.350201057102492,19.81980374021561,0.6844822831770558,1.64987458882751,24.38687085344338,23.91771914977412,25.063704675636817,0.6812539399739029,0.16666666666666666,18.8564735365565,18.38732183288724,19.533307358749937,0.875,12,34,0,0.0,0.40808823529411764,272,111,0.40808823529411764,0.0,1.0,0.20623432360343874,0.15583862426906198,0.15583862426906198,0.06932527035498713,41.81170649796779,0.45098550420258493,0.6766917293233082,0.8793103448275862,2.884297520661157,0.12396694214876033
122,template_deposition,C,C,none,0,1.0,template_site:index=158:site=C:neigh=1:ahead0=19.676:mode=shell,x,yz,666,544,122,0,122,1608.1494431123622,1.2857014038728853,500.0,0.001,73.33890758690279,0.0733389075869028,-4861.4126,-4853.169,-4861.4126,-8.243652,-5.984375,0.998765036363419,0.0733389075869028,0.0733389075869028,10,665,158,6,6,1.5205158751422099,25.20649449178857,16.835495420266316,14.07247049315783,586.7112606952223,0.0,-1.8333166,-29.37297,25.350201057102492,0.0,25.350201057102492,19.81980374021561,0.7181537729032789,1.6635099160079028,24.817665835284227,25.185077298976065,25.317176305477208,0.6399190008352197,0.16666666666666666,19.287268518397347,19.654679982089185,19.786778988590328,0.875,12,34,0,0.0,0.40808823529411764,272,111,0.40808823529411764,0.0,1.0,0.20793873950098785,0.15809236490489628,0.15809236490489628,0.07090907543528437,41.81170649796779,0.4612887187308364,0.6816816816816816,0.9322033898305084,2.8852459016393444,0.12295081967213115
123,template_deposition,C,C,none,0,1.0,template_site:index=159:site=C:neigh=1:ahead0=19.676:mode=shell,x,yz,667,544,123,0,123,1618.792288546864,10.64284543450182,500.0,0.001,73.33890758690279,0.0733389075869028,-4869.809,-4861.4126,-4869.809,-8.396484,-7.67041,1.0,0.0733389075869028,0.0733389075869028,8,666,159,5,5,1.423789125281643,25.20649449178857,18.255495419047794,14.07247049315783,586.7112606952223,0.0,-1.8476276,-29.602259,25.350201057102492,0.0,25.350201057102492,19.81980374021561,0.7445170532440216,1.6771452431882954,24.832794405262447,25.230463008910736,25.32625344746414,0.6488997572565773,0.16666666666666666,19.302397088375567,19.700065692023855,19.79585613057726,0.875,12,34,0,0.0,0.4117647058823529,272,112,0.4117647058823529,0.0,1.0,0.20964315539853692,0.15693005762906964,0.15693005762906964,0.07096469517785135,41.81170649796779,0.46165054490932433,0.6836581709145427,0.95,2.8780487804878048,0.12195121951219512
124,template_deposition,C,C,none,0,1.0,template_site:index=157:site=C:neigh=1:ahead0=19.676:mode=shell,x,yz,668,544,124,0,124,1620.1639708551074,1.3716823082435063,500.0,0.001,73.33890758690279,0.0733389075869028,-4877.876,-4869.809,-4877.876,-8.066895,-5.6938477,0.9537256083573192,0.0733389075869028,0.0733389075869028,11,667,157,4,4,1.4986311892146886,25.20649449178857,4.055495419124423,14.07247049315783,586.7112606952223,0.0,-1.861377,-29.822548,25.350201057102492,0.0,25.350201057102492,19.81980374021561,0.771135147265091,1.690780570368688,25.267142750216838,25.230463008910736,25.32625344746414,0.058864412311147175,0.16666666666666666,19.736745433329958,19.700065692023855,19.79585613057726,0.875,9,34,0,0.0,0.40808823529411764,272,111,0.40808823529411764,0.0,1.0,0.211347571296086,0.1591673018816932,0.1591673018816932,0.07256156409312485,41.81170649796779,0.47203874432365583,0.688622754491018,0.9836065573770492,2.8870967741935485,0.12096774193548387
125,template_deposition,C,C,none,0,1.0,template_site:index=156:site=C:neigh=2:ahead0=19.676:mode=shell,x,yz,669,544,125,0,125,1621.3347241025238,1.1707532474162339,500.0,0.001,73.33890758690279,0.0733389075869028,-4889.023,-4877.876,-4889.023,-11.146973,-9.384766,1.0,0.0733389075869028,0.0733389075869028,13,668,156,3,3,1.3528224598959768,25.20649449178857,5.475495419923999,14.07247049315783,586.7112606952223,0.0,-1.8803761,-30.126947,25.305659231615593,0.0,25.305659231615593,19.775261914728713,0.78808411683961,1.7044158975490806,25.223291799613687,25.230463008910736,25.29061998707462,0.07036331521238623,0.16666666666666666,19.692894482726807,19.700065692023855,19.76022267018774,0.875,9,34,0,0.0,0.41544117647058826,272,113,0.41544117647058826,0.0,1.0,0.21305198719363508,0.15754315586181444,0.15754315586181444,0.0724003473629662,41.81170649796779,0.47098997223861117,0.6935724962630793,1.032258064516129,2.896,0.12
126,template_deposition,C,C,none,0,1.0,template_site:index=153:site=C:neigh=1:ahead0=19.676:mode=shell,x,yz,670,544,126,0,126,1629.9446268476406,8.609902745116925,500.0,0.001,73.33890758690279,0.0733389075869028,-4894.7456,-4889.023,-4894.7456,-5.7226562,-4.8378906,0.8814108785027954,0.0733389075869028,0.0733389075869028,12,669,153,2,2,1.588823620974349,25.20649449178857,12.575495419885684,14.07247049315783,586.7112606952223,0.0,-1.8901299,-30.28322,25.305659231615593,0.0,25.305659231615593,19.775261914728713,0.8091414245722274,1.7180512247294732,25.223291799613687,25.230463008910736,25.29061998707462,0.07036331521238623,0.16666666666666666,19.692894482726807,19.700065692023855,19.76022267018774,0.875,9,34,0,0.0,0.4227941176470588,272,115,0.4227941176470588,0.0,1.0,0.21475640309118416,0.15629281335497466,0.15629281335497466,0.0724003473629662,41.81170649796779,0.47098997223861117,0.6955223880597015,1.0476190476190477,2.888888888888889,0.11904761904761904
127,template_deposition,C,C,none,0,1.0,template_site:index=152:site=C:neigh=1:ahead0=19.676:mode=shell,x,yz,671,544,127,0,127,1684.1992047261717,54.25457787853109,500.0,0.001,73.33890758690279,0.0733389075869028,-4905.4463,-4894.7456,-4905.4463,-10.700684,-9.038086,1.0,0.0733389075869028,0.0733389075869028,12,670,152,1,1,1.4157275002635228,25.20649449178857,13.99549542068526,14.07247049315783,586.7112606952223,0.0,-1.9083683,-30.575432,25.305659231615593,0.0,25.305659231615593,19.775261914728713,0.8244959123031553,1.7316865519098659,25.223291799613687,25.230463008910736,25.29061998707462,0.07036331521238623,0.16666666666666666,19.692894482726807,19.700065692023855,19.76022267018774,0.875,15,34,0,0.0,0.43014705882352944,272,117,0.43014705882352944,0.0,1.0,0.21646081898873323,0.15506216128131345,0.15506216128131345,0.0724003473629662,41.81170649796779,0.47098997223861117,0.7004470938897168,1.09375,2.8976377952755907,0.12598425196850394
128,template_deposition,C,C,none,0,1.0,template_site:index=167:site=C:neigh=1:ahead0=20.906:mode=shell,x,yz,672,544,128,0,128,1707.347623591133,23.14841886496132,500.0,0.001,73.33890758690279,0.0733389075869028,-4912.2305,-4905.4463,-4912.2305,-6.7841797,-6.383789,0.9954433056949985,0.0733389075869028,0.0733389075869028,9,671,167,8,8,1.3943772499686284,26.43625056529224,7.605495420114314,14.07247049315783,586.7112606952223,0.0,-1.9199314,-30.760693,26.447997490620047,0.0,26.447997490620047,20.917600173733167,0.6224625845005527,1.7453218790902585,25.62224765418352,25.230463008910736,26.204490594278184,0.5841471811647744,0.16666666666666666,20.09185033729664,19.700065692023855,20.674093277391304,0.875,15,34,0,0.0,0.4338235294117647,272,118,0.4338235294117647,0.0,1.0,0.2181652348862823,0.15696758076013,0.15696758076013,0.07386709682829648,41.81170649796779,0.48053169841975196,0.7023809523809523,1.64,2.890625,0.125
129,template_deposition,C,C,none,0,1.0,template_site:index=166:site=C:neigh=2:ahead0=20.906:mode=shell,x,yz,673,544,129,0,129,1710.4044052308689,3.0567816397357954,500.0,0.001,73.33890758690279,0.0733389075869028,-4923.409,-4912.2305,-4923.409,-11.178711,-10.736328,1.0,0.0733389075869028,0.0733389075869028,10,672,166,7,7,1.3666984683611996,26.43625056529224,6.185495419314738,14.07247049315783,586.7112606952223,0.0,-1.9389845,-31.065958,26.44552123333794,0.0,26.44552123333794,20.91512391645106,0.7035731069136696,1.758957206270651,26.035030616747232,26.429107607993018,26.442238508268954,0.5689546721600037,0.16666666666666666,20.50463329986035,20.898710291106138,20.911841191382074,0.875,15,34,0,0.0,0.4375,272,119,0.4375,0.0,1.0,0.2198696507838314,0.15895064573535156,0.15895064573535156,0.0753846812494866,41.81170649796779,0.49040412404255623,0.7072808320950966,1.7307692307692308,2.89922480620155,0.12403100775193798
130,template_deposition,C,C,none,0,1.0,template_site:index=163:site=C:neigh=1:ahead0=20.906:mode=shell,x,yz,674,544,130,0,130,1720.598425256927,10.194020026058098,500.0,0.001,73.33890758690279,0.0733389075869028,-4930.58,-4923.409,-4930.58,-7.1708984,-6.7470703,0.9432178318618706,0.0733389075869028,0.0733389075869028,10,673,163,6,6,1.4289211436317886,26.43625056529224,10.445495419695368,14.07247049315783,586.7112606952223,0.0,-1.9512067,-31.261778,26.45264516127893,0.0,26.45264516127893,20.92224784439205,0.7668936068107804,1.7725925334510437,26.03740525939423,26.429107607993018,26.447937650621746,0.57067524379177,0.16666666666666666,20.50700794250735,20.898710291106138,20.917540333734866,0.875,15,34,0,0.0,0.4411764705882353,272,120,0.4411764705882353,0.0,1.0,0.22157406668138047,0.15774621494236424,0.15774621494236424,0.07539341155333584,41.81170649796779,0.490460917769622,0.7091988130563798,1.7407407407407407,2.8923076923076922,0.12307692307692308
131,template_deposition,C,C,none,0,1.0,template_site:index=162:site=C:neigh=2:ahead0=20.906:mode=shell,x,yz,675,544,131,0,131,1728.5905256198357,7.992100362908759,500.0,0.001,73.33890758690279,0.0733389075869028,-4941.687,-4930.58,-4941.687,-11.106934,-10.562012,1.0,0.0733389075869028,0.0733389075869028,10,674,162,5,5,1.3631846735181976,26.43625056529224,11.865495420494945,14.07247049315783,586.7112606952223,0.0,-1.9701376,-31.565084,26.442317992286796,0.0,26.442317992286796,20.911920675399916,0.8128257544446748,1.7862278606314366,26.033962869730185,26.429107607993018,26.43967591542804,0.5681857960890089,0.16666666666666666,20.503565552843305,20.898710291106138,20.90927859854116,0.875,15,34,0,0.0,0.44485294117647056,272,121,0.44485294117647056,0.0,1.0,0.22327848257892957,0.15651576757895652,0.15651576757895652,0.07538075570898274,41.81170649796779,0.4903785870074415,0.7140740740740741,1.8214285714285714,2.900763358778626,0.12213740458015267
132,template_deposition,C,C,none,0,1.0,template_site:index=164:site=C:neigh=1:ahead0=20.906:mode=shell,x,yz,676,544,132,0,132,1737.5503955482052,8.959869928369562,500.0,0.001,73.33890758690279,0.0733389075869028,-4949.044,-4941.687,-4949.044,-7.3569336,-6.8549805,0.9945839994358706,0.0733389075869028,0.0733389075869028,11,675,164,4,4,1.5018969707184253,26.43625056529224,14.705495420076,14.07247049315783,586.7112606952223,0.0,-1.9826769,-31.765985,26.442317992286796,0.0,26.442317992286796,20.911920675399916,0.848687941854195,1.7998631878118292,26.423319319532993,26.429107607993018,26.43967591542804,0.018338005125224904,0.16666666666666666,20.892922002646113,20.898710291106138,20.90927859854116,0.875,15,34,0,0.0,0.4485294117647059,272,122,0.4485294117647059,0.0,1.0,0.22498289847647865,0.15827971214125844,0.15827971214125844,0.07681221324502248,41.81170649796779,0.4996907266547848,0.7159763313609467,1.8275862068965518,2.893939393939394,0.12121212121212122
133,template_deposition,C,C,none,0,1.0,template_site:index=165:site=C:neigh=2:ahead0=20.906:mode=shell,x,yz,677,544,133,0,133,1740.8637633348003,3.3133677865950673,500.0,0.001,73.33890758690279,0.0733389075869028,-4959.3267,-4949.044,-4959.3267,-10.282715,-9.385742,1.0,0.0733389075869028,0.0733389075869028,9,676,165,3,3,1.4051912226864873,26.43625056529224,16.125495420875577,14.07247049315783,586.7112606952223,0.0,-2.000203,-32.046783,26.442317992286796,0.0,26.442317992286796,20.911920675399916,0.8735524427868567,1.8134985149922218,26.41757810748132,26.429107607993018,26.43967591542804,0.026207248320034588,0.16666666666666666,20.88718079059444,20.898710291106138,20.90927859854116,0.875,15,34,0,0.0,0.4522058823529412,272,123,0.4522058823529412,0.0,1.0,0.22668731437402773,0.15704647210973263,0.15704647210973263,0.07679110584777367,41.81170649796779,0.49955341553948857,0.7208271787296898,1.9,2.9022556390977443,0.12030075187969924
134,template_deposition,C,C,none,0,1.0,template_site:index=160:site=C:neigh=1:ahead0=20.906:mode=shell,x,yz,678,544,134,0,134,1748.762569631661,7.898806296860787,500.0,0.001,73.33890758690279,0.0733389075869028,-4966.5083,-4959.3267,-4966.5083,-7.1816406,-6.6308594,1.0,0.0733389075869028,0.0733389075869028,8,677,160,2,2,1.5092677687643063,26.43625056529224,3.345495419733684,14.07247049315783,586.7112606952223,0.0,-2.0124433,-32.242897,26.442317992286796,0.0,26.442317992286796,20.911920675399916,0.9006200690124325,1.8271338421726144,26.415567429429473,26.42307557383748,26.43846950859693,0.025466473837362218,0.16666666666666666,20.885170112542593,20.8926782569506,20.90807219171005,0.875,15,34,0,0.0,0.4522058823529412,272,123,0.4522058823529412,0.0,1.0,0.2283917302715768,0.1558594784518104,0.1558594784518104,0.07678371364905365,41.81170649796779,0.49950532666151026,0.7227138643067846,1.903225806451613,2.8955223880597014,0.11940298507462686
135,template_deposition,C,C,none,0,1.0,template_site:index=161:site=C:neigh=1:ahead0=20.906:mode=shell,x,yz,679,544,135,0,135,1766.2708369957677,17.508267364106494,500.0,0.001,73.33890758690279,0.0733389075869028,-4974.692,-4966.5083,-4974.692,-8.183594,-7.7006836,1.0,0.0733389075869028,0.0733389075869028,6,678,161,1,1,1.4276665395061467,26.43625056529224,1.9254954209522064,14.07247049315783,586.7112606952223,0.0,-2.0263915,-32.466373,26.489867517145303,0.0,26.489867517145303,20.959470200258423,0.8901750782873,1.840769169353007,26.43783141053208,26.442317992286796,26.480357612173602,0.04443234597919339,0.16666666666666666,20.9074340936452,20.911920675399916,20.949960295286722,0.875,16,34,0,0.0,0.45588235294117646,272,124,0.45588235294117646,0.0,1.0,0.23009614616912588,0.15486988217514963,0.15486988217514963,0.07686556652075441,41.81170649796779,0.5000378086615858,0.7245949926362297,1.903225806451613,2.888888888888889,0.11851851851851852
136,template_deposition,C,C,none,0,1.0,template_site:index=174:site=C:neigh=1:ahead0=22.136:mode=shell,x,yz,680,544,136,0,136,1775.5133662416795,9.242529245911694,500.0,0.001,73.33890758690279,0.0733389075869028,-4981.4043,-4974.692,-4981.4043,-6.7124023,-6.305176,0.9289602428559731,0.0733389075869028,0.0733389075869028,7,679,174,8,8,1.4816267559496161,27.666006638795913,16.835495420266316,14.07247049315783,586.7112606952223,0.0,-2.0378323,-32.649673,27.663942823996805,0.0,27.663942823996805,22.133545507109925,0.7175613149419694,1.8544044965333997,26.865376111142968,26.489867517145303,27.429127762626504,0.5650055076352235,0.16666666666666666,21.334978794256088,20.959470200258423,21.898730445739623,0.875,16,34,0,0.0,0.45955882352941174,272,125,0.45955882352941174,0.0,1.0,0.23180056206667496,0.1568748440754124,0.1568748440754124,0.0784374220377062,41.81170649796779,0.510263287036444,0.7264705882352941,2.2941176470588234,2.8823529411764706,0.11764705882352941
137,template_deposition,C,C,none,0,1.0,template_site:index=175:site=C:neigh=1:ahead0=22.136:mode=shell,x,yz,681,544,137,0,137,1779.255525454034,3.7421592123544487,500.0,0.001,73.33890758690279,0.0733389075869028,-4989.6436,-4981.4043,-4989.6436,-8.239258,-7.8413086,0.9999999480069517,0.0733389075869028,0.0733389075869028,6,680,175,7,7,1.41934500473069,27.666006638795913,18.255495419047794,14.07247049315783,586.7112606952223,0.0,-2.0518754,-32.87467,27.684194861377293,0.0,27.684194861377293,22.153797544490413,0.7992821984022856,1.8680398237137923,26.8721267902698,26.489867517145303,27.445329392530894,0.5745468669091924,0.16666666666666666,21.34172947338292,20.959470200258423,21.914932075644014,0.875,16,34,0,0.0,0.4632352941176471,272,126,0.4632352941176471,0.0,1.0,0.23350497796422404,0.15577904725097022,0.15577904725097022,0.07846224071096662,41.81170649796779,0.5104247413202379,0.7283406754772394,2.2777777777777777,2.875912408759124,0.11678832116788321
138,template_deposition,C,C,none,0,1.0,template_site:index=168:site=C:neigh=1:ahead0=22.136:mode=shell,x,yz,682,544,138,0,138,1790.3495679615673,11.094042507533386,500.0,0.001,73.33890758690279,0.0733389075869028,-4997.0547,-4989.6436,-4997.0547,-7.411133,-6.8691406,0.9999998250550406,0.0733389075869028,0.0733389075869028,10,681,168,6,6,1.5343350435159622,27.666006638795913,13.99549542068526,14.07247049315783,586.7112606952223,0.0,-2.064507,-33.07705,27.684194861377293,0.0,27.684194861377293,22.153797544490413,0.8525490408727947,1.881675150894185,26.87339230173019,26.489867517145303,27.445329392530894,0.5736021699701233,0.16666666666666666,21.34299498484331,20.959470200258423,21.914932075644014,0.875,16,34,0,0.0,0.46691176470588236,272,127,0.46691176470588236,0.0,1.0,0.23520939386177311,0.1546593839481399,0.1546593839481399,0.07846689332662982,41.81170649796779,0.5104550082374816,0.7302052785923754,2.263157894736842,2.869565217391304,0.11594202898550725
139,template_deposition,C,C,none,0,1.0,template_site:index=169:site=C:neigh=2:ahead0=22.136:mode=shell,x,yz,683,544,139,0,139,1799.6502538177763,9.30068585620898,500.0,0.001,73.33890758690279,0.0733389075869028,-5007.803,-4997.0547,-5007.803,-10.748535,-10.3046875,1.0,0.0733389075869028,0.0733389075869028,10,682,169,5,5,1.3834725518188276,27.666006638795913,12.575495419885684,14.07247049315783,586.7112606952223,0.0,-2.082827,-33.37057,27.684194861377293,0.0,27.684194861377293,22.153797544490413,0.8977043855626895,1.8953104780745775,27.281791494129067,27.671312103864597,27.681618309874754,0.5599995121138444,0.16666666666666666,21.751394177242187,22.140914786977717,22.151220992987874,0.875,16,34,0,0.0,0.47058823529411764,272,128,0.47058823529411764,0.0,1.0,0.2369138097593222,0.15648485019598696,0.15648485019598696,0.07996836094574333,41.81170649796779,0.5202225883389713,0.7349926793557833,2.35,2.8776978417266186,0.11510791366906475
140,template_deposition,C,C,none,0,1.0,template_site:index=171:site=C:neigh=1:ahead0=22.136:mode=shell,x,yz,684,544,140,0,140,1804.6559667597548,5.0057129419786675,500.0,0.001,73.33890758690279,0.0733389075869028,-5015.1934,-5007.803,-5015.1934,-7.3901367,-7.1064453,0.999999999992881,0.0733389075869028,0.0733389075869028,10,683,171,4,4,1.4873918612370158,27.666006638795913,9.73549542030463,14.07247049315783,586.7112606952223,0.0,-2.095423,-33.572376,27.684194861377293,0.0,27.684194861377293,22.153797544490413,0.9289487934624299,1.9089458052549704,27.27671261614223,27.656075469904085,27.67857098308265,0.5565019211741712,0.16666666666666666,21.74631529925535,22.125678153017205,22.14817366619577,0.875,16,34,0,0.0,0.4742647058823529,272,129,0.4742647058823529,0.0,1.0,0.2386182256568713,0.15533082356610964,0.15533082356610964,0.07994968860020349,41.81170649796779,0.5201011180998389,0.7368421052631579,2.3333333333333335,2.8714285714285714,0.11428571428571428
141,template_deposition,C,C,none,0,1.0,template_site:index=170:site=C:neigh=2:ahead0=22.136:mode=shell,x,yz,685,544,141,0,141,1813.228476068666,8.572509308911137,500.0,0.001,73.33890758690279,0.0733389075869028,-5026.12,-5015.1934,-5026.12,-10.926758,-10.371094,1.0,0.0733389075869028,0.0733389075869028,10,684,170,3,3,1.412246033535073,27.666006638795913,8.315495419505053,14.07247049315783,586.7112606952223,0.0,-2.1140466,-33.87076,27.684194861377293,0.0,27.684194861377293,22.153797544490413,0.9561198113588333,1.922581132435363,27.2849917397438,27.680912840708803,27.683538457243596,0.5622393262286473,0.16666666666666666,21.75459442285692,22.150515523821923,22.153141140356716,0.875,16,34,0,0.0,0.47794117647058826,272,130,0.47794117647058826,0.0,1.0,0.24032264155442037,0.15428790370820508,0.15428790370820508,0.07998012655462103,41.81170649796779,0.5202991278032212,0.7416058394160584,2.409090909090909,2.879432624113475,0.11347517730496454
142,template_deposition,C,C,none,0,1.0,template_site:index=172:site=C:neigh=1:ahead0=22.136:mode=shell,x,yz,686,544,142,0,142,1814.05040995439,0.8219338857241096,500.0,0.001,73.33890758690279,0.0733389075869028,-5033.4844,-5026.12,-5033.4844,-7.364258,-7.1030273,0.9999999999999956,0.0733389075869028,0.0733389075869028,10,685,172,2,2,1.4429921646765311,27.666006638795913,5.475495419923999,14.07247049315783,586.7112606952223,0.0,-2.1265984,-34.07186,27.684194861377293,0.0,27.684194861377293,22.153797544490413,0.9745062533364964,1.9362164596157556,27.67349426857031,27.682485034180907,27.683852895938017,0.0139413790448345,0.16666666666666666,22.14309695168343,22.152087717294027,22.153455579051137,0.875,16,34,0,0.0,0.48161764705882354,272,131,0.48161764705882354,0.0,1.0,0.24202705745196945,0.15593730247664386,0.15593730247664386,0.08140844467530672,41.81170649796779,0.5295908444387379,0.7434402332361516,2.391304347826087,2.8732394366197185,0.11267605633802817
143,template_deposition,C,C,none,0,1.0,template_site:index=173:site=C:neigh=2:ahead0=22.136:mode=shell,x,yz,687,544,143,0,143,1815.8472473844267,1.7968374300368106,500.0,0.001,73.33890758690279,0.0733389075869028,-5043.639,-5033.4844,-5043.639,-10.154785,-9.580078,1.0,0.0733389075869028,0.0733389075869028,9,686,173,1,1,1.3955686018325153,27.666006638795913,4.055495419124423,14.07247049315783,586.7112606952223,0.0,-2.1439064,-34.349167,27.684194861377293,0.0,27.684194861377293,22.153797544490413,0.9846704602553192,1.9498517867961482,27.66840548096377,27.682485034180907,27.683852895938017,0.021132057392108262,0.16666666666666666,22.13800816407689,22.152087717294027,22.153455579051137,0.875,17,34,0,0.0,0.4852941176470588,272,132,0.4852941176470588,0.0,1.0,0.24373147334951853,0.1548112459026356,0.1548112459026356,0.08138973589734151,41.81170649796779,0.5294691371937398,0.7481804949053857,2.4583333333333335,2.8811188811188813,0.11188811188811189
144,template_deposition,C,C,none,0,1.0,template_site:index=176:site=C:neigh=1:ahead0=23.365:mode=shell,x,yz,688,544,144,0,144,1834.2364356426617,18.389188258234896,500.0,0.001,73.33890758690279,0.0733389075869028,-5050.246,-5043.639,-5050.246,-6.6069336,-6.168457,0.8576713964234757,0.0733389075869028,0.0733389075869028,7,687,176,8,8,1.482025541404483,28.895762712299586,3.345495419733684,14.07247049315783,586.7112606952223,0.0,-2.1551673,-34.529587,28.886059613201272,0.0,28.886059613201272,23.355662296314392,0.708388270356934,1.9634871139765409,28.084246502919825,27.684194861377293,28.645686662836475,0.5669679172238161,0.16666666666666666,22.553849186032945,22.153797544490413,23.115289345949595,0.875,17,34,0,0.0,0.4889705882352941,272,133,0.4889705882352941,0.0,1.0,0.2454358892470676,0.15662395268078433,0.15662395268078433,0.08291856318394465,41.81170649796779,0.5394147016489066,0.75,2.2941176470588234,2.875,0.1111111111111111
145,template_deposition,C,C,none,0,1.0,template_site:index=177:site=C:neigh=1:ahead0=23.365:mode=shell,x,yz,689,544,145,0,145,1835.0328186727493,0.7963830300874518,500.0,0.001,73.33890758690279,0.0733389075869028,-5058.7617,-5050.246,-5058.7617,-8.515625,-8.098633,0.9999999838186333,0.0733389075869028,0.0733389075869028,6,688,177,7,7,1.4076949291596434,28.895762712299586,1.9254954209522064,14.07247049315783,586.7112606952223,0.0,-2.1696815,-34.76213,28.8587878042283,0.0,28.8587878042283,23.32839048734142,0.7815466269960557,1.9771224411569335,28.07515589992883,27.684194861377293,28.623869215658097,0.5541118731533471,0.16666666666666666,22.54475858304195,22.153797544490413,23.093471898771217,0.875,17,34,0,0.0,0.49264705882352944,272,134,0.49264705882352944,0.0,1.0,0.24714030514461668,0.15548109367615137,0.15548109367615137,0.08288514184941893,41.81170649796779,0.5391972839983872,0.7518142235123367,2.2777777777777777,2.8689655172413793,0.1103448275862069
146,template_deposition,C,C,none,0,1.0,template_site:index=182:site=C:neigh=1:ahead0=23.365:mode=shell,x,yz,690,544,146,0,146,1862.1233987720707,27.090580099321382,500.0,0.001,73.33890758690279,0.0733389075869028,-5066.127,-5058.7617,-5066.127,-7.3652344,-7.128418,0.999999999859783,0.0733389075869028,0.0733389075869028,10,689,182,6,6,1.4429025595180023,28.895762712299586,6.185495419314738,14.07247049315783,586.7112606952223,0.0,-2.182235,-34.96326,28.88610197796348,0.0,28.88610197796348,23.3557046610766,0.842538519735736,1.990757768337326,28.094738481154508,27.713918604122746,28.651665303195333,0.5597100518911525,0.16666666666666666,22.564341164267628,22.183521287235866,23.121267986308453,0.875,17,34,0,0.0,0.4963235294117647,272,135,0.4963235294117647,0.0,1.0,0.24884472104216576,0.15455028194703854,0.15455028194703854,0.08295713663333687,41.81170649796779,0.5396656356363819,0.7536231884057971,2.263157894736842,2.863013698630137,0.1095890410958904
147,template_deposition,C,C,none,0,1.0,template_site:index=183:site=C:neigh=2:ahead0=23.365:mode=shell,x,yz,691,544,147,0,147,1873.2522564466583,11.128857674587682,500.0,0.001,73.33890758690279,0.0733389075869028,-5077.0786,-5066.127,-5077.0786,-10.95166,-10.506836,1.0,0.0733389075869028,0.0733389075869028,10,690,183,5,5,1.3797815484633518,28.895762712299586,7.605495420114314,14.07247049315783,586.7112606952223,0.0,-2.2009013,-35.262325,28.907576663417682,0.0,28.907576663417682,23.377179346530802,0.8894287863146385,2.004393095517719,28.488573891676225,28.873950150233693,28.900851360780884,0.5689475101071646,0.16666666666666666,22.958176574789345,23.343552833346813,23.370454043894004,0.875,17,34,0,0.0,0.5,272,136,0.5,0.0,1.0,0.25054913693971487,0.15617807193734248,0.15617807193734248,0.08440506093672553,41.81170649796779,0.5490848974534249,0.7583212735166426,2.35,2.870748299319728,0.10884353741496598
148,template_deposition,C,C,none,0,1.0,template_site:index=179:site=C:neigh=1:ahead0=23.365:mode=shell,x,yz,692,544,148,0,148,1892.6752127526158,19.422956305957555,500.0,0.001,73.33890758690279,0.0733389075869028,-5084.474,-5077.0786,-5084.474,-7.395508,-7.1606445,0.9999999999288869,0.0733389075869028,0.0733389075869028,10,691,179,4,4,1.4267027396356284,28.895762712299586,10.445495419695368,14.07247049315783,586.7112606952223,0.0,-2.2135062,-35.46428,28.901002566796954,0.0,28.901002566796954,23.370605249910074,0.923218482651497,2.0180284226981113,28.48638252613598,28.873950150233693,28.895592083484303,0.5673398425568958,0.16666666666666666,22.9559852092491,23.343552833346813,23.365194766597423,0.875,17,34,0,0.0,0.5036764705882353,272,137,0.5036764705882353,0.0,1.0,0.2522535528372639,0.15510800817060202,0.15510800817060202,0.08439700444576875,41.81170649796779,0.5490324871185263,0.7601156069364162,2.3333333333333335,2.864864864864865,0.10810810810810811
149,template_deposition,C,C,none,0,1.0,template_site:index=178:site=C:neigh=2:ahead0=23.365:mode=shell,x,yz,693,544,149,0,149,1898.1466021301294,5.471389377513605,500.0,0.001,73.33890758690279,0.0733389075869028,-5095.4106,-5084.474,-5095.4106,-10.936523,-10.496582,1.0,0.0733389075869028,0.0733389075869028,10,692,178,3,3,1.3727841263126839,28.895762712299586,11.865495420494945,14.07247049315783,586.7112606952223,0.0,-2.2321465,-35.76293,28.901002566796954,0.0,28.901002566796954,23.370605249910074,0.947519302327235,2.031663749878504,28.48638252613598,28.873950150233693,28.895592083484303,0.5673398425568958,0.16666666666666666,22.9559852092491,23.343552833346813,23.365194766597423,0.875,17,34,0,0.0,0.5073529411764706,272,138,0.5073529411764706,0.0,1.0,0.253957968734813,0.15406701482717516,0.15406701482717516,0.08439700444576875,41.81170649796779,0.5490324871185263,0.7647907647907648,2.409090909090909,2.87248322147651,0.10738255033557047
150,template_deposition,C,C,none,0,1.0,template_site:index=180:site=C:neigh=1:ahead0=23.365:mode=shell,x,yz,694,544,150,0,150,1899.6283524430378,1.4817503129082974,500.0,0.001,73.33890758690279,0.0733389075869028,-5102.7734,-5095.4106,-5102.7734,-7.362793,-7.081543,0.9999999999999998,0.0733389075869028,0.0733389075869028,10,693,180,2,2,1.462691050089967,28.895762712299586,14.705495420076,14.07247049315783,586.7112606952223,0.0,-2.244696,-35.963993,28.901002566796954,0.0,28.901002566796954,23.370605249910074,0.9647832647330324,2.0452990770588966,28.883207603739148,28.8746700941868,28.895736072274925,0.012586371266715163,0.16666666666666666,23.352810286852268,23.34427277729992,23.365338755388045,0.875,17,34,0,0.0,0.5110294117647058,272,139,0.5110294117647058,0.0,1.0,0.25566238463236207,0.15568540191234845,0.15568540191234845,0.08585592017225098,41.81170649796779,0.558523252046345,0.7665706051873199,2.391304347826087,2.8666666666666667,0.10666666666666667
151,template_deposition,C,C,none,0,1.0,template_site:index=181:site=C:neigh=2:ahead0=23.365:mode=shell,x,yz,695,544,151,0,151,1904.1812930711706,4.552940628132752,500.0,0.001,73.33890758690279,0.0733389075869028,-5113.005,-5102.7734,-5113.005,-10.231445,-9.556152,1.0,0.0733389075869028,0.0733389075869028,9,694,181,1,1,1.393287143229529,28.895762712299586,16.125495420875577,14.07247049315783,586.7112606952223,0.0,-2.2621346,-36.243393,28.901002566796954,0.0,28.901002566796954,23.370605249910074,0.9731151491849895,2.0589344042392894,28.875170108886238,28.873950150233693,28.895592083484303,0.02061212669406502,0.16666666666666666,23.344772791999358,23.343552833346813,23.365194766597423,0.875,18,34,0,0.0,0.5147058823529411,272,140,0.5147058823529411,0.0,1.0,0.2573668005299112,0.15460114431787653,0.15460114431787653,0.08582637055882117,41.81170649796779,0.558331021316578,0.7712230215827338,2.4583333333333335,2.8741721854304636,0.10596026490066225
152,template_deposition,C,C,none,0,1.0,template_site:index=190:site=C:neigh=1:ahead0=24.595:mode=shell,x,yz,696,544,152,0,152,1930.702788838833,26.521495767662284,500.0,0.001,73.33890758690279,0.0733389075869028,-5119.6426,-5113.005,-5119.6426,-6.6376953,-6.227051,0.7563153267999713,0.0733389075869028,0.0733389075869028,7,695,190,8,8,1.4790483383209092,30.125518785803255,16.835495420266316,14.07247049315783,586.7112606952223,0.0,-2.2734478,-36.42465,30.12638683085812,0.0,30.12638683085812,24.59598951397124,0.7146722581406825,2.072569731419682,29.30044651596292,28.901002566796954,29.881309978045888,0.5841324114373166,0.16666666666666666,23.77004919907604,23.370605249910074,24.350912661159008,0.875,18,34,0,0.0,0.5183823529411765,272,141,0.5183823529411765,0.0,1.0,0.2590712164274602,0.15638190262550028,0.15638190262550028,0.08738988676130897,41.81170649796779,0.5685022494891797,0.7729885057471264,2.2941176470588234,2.8684210526315788,0.10526315789473684
153,template_deposition,C,C,none,0,1.0,template_site:index=191:site=C:neigh=1:ahead0=24.595:mode=shell,x,yz,697,544,153,0,153,1931.1526669354848,0.449878096651984,500.0,0.001,73.33890758690279,0.0733389075869028,-5127.9053,-5119.6426,-5127.9053,-8.262695,-7.897949,0.9999996776464459,0.0733389075869028,0.0733389075869028,6,696,191,7,7,1.4165169009653176,30.125518785803255,18.255495419047794,14.07247049315783,586.7112606952223,0.0,-2.287531,-36.650288,30.138444342384982,0.0,30.138444342384982,24.608047025498102,0.7956592545323053,2.0862050586000747,29.304465686471875,28.901002566796954,29.890955987267375,0.5898153706595824,0.16666666666666666,23.774068369584995,23.370605249910074,24.360558670380495,0.875,18,34,0,0.0,0.5220588235294118,272,142,0.5220588235294118,0.0,1.0,0.26077563232500933,0.15538606777506533,0.15538606777506533,0.08740466312347425,41.81170649796779,0.5685983749728203,0.7747489239598279,2.2777777777777777,2.8627450980392157,0.10457516339869281
154,template_deposition,C,C,none,0,1.0,template_site:index=184:site=C:neigh=1:ahead0=24.595:mode=shell,x,yz,698,544,154,0,154,1931.8161733711368,0.66350643565195,500.0,0.001,73.33890758690279,0.0733389075869028,-5135.319,-5127.9053,-5135.319,-7.413574,-7.0268555,0.9999999958532042,0.0733389075869028,0.0733389075869028,10,697,184,6,6,1.4935672937680056,30.125518785803255,13.99549542068526,14.07247049315783,586.7112606952223,0.0,-2.3001668,-36.852737,30.138444342384982,0.0,30.138444342384982,24.608047025498102,0.8522476665718226,2.0998403857804675,29.30530235620355,28.903512575991968,29.891457989106378,0.5892439568961443,0.16666666666666666,23.77490503931667,23.373115259105088,24.361060672219498,0.875,18,34,0,0.0,0.5257352941176471,272,143,0.5257352941176471,0.0,1.0,0.26248004822255844,0.15438250025530306,0.15438250025530306,0.08740773911513482,41.81170649796779,0.5686183853909963,0.7765042979942693,2.263157894736842,2.857142857142857,0.1038961038961039
155,template_deposition,C,C,none,0,1.0,template_site:index=185:site=C:neigh=2:ahead0=24.595:mode=shell,x,yz,699,544,155,0,155,1941.6193712998925,9.803197928755626,500.0,0.001,73.33890758690279,0.0733389075869028,-5146.209,-5135.319,-5146.209,-10.890137,-10.494141,1.0,0.0733389075869028,0.0733389075869028,10,698,185,5,5,1.3808520175745407,30.125518785803255,12.575495419885684,14.07247049315783,586.7112606952223,0.0,-2.318728,-37.15012,30.138444342384982,0.0,30.138444342384982,24.608047025498102,0.8972646663563644,2.11347571296086,29.71047352408358,30.11902607963205,30.134560689834395,0.5915644701298289,0.16666666666666666,24.1800762071967,24.58862876274517,24.604163372947514,0.875,18,34,0,0.0,0.5294117647058824,272,144,0.5294117647058824,0.0,1.0,0.2641844641201075,0.15600049165933355,0.15600049165933355,0.08889733899704669,41.81170649796779,0.5783087616472182,0.7811158798283262,2.35,2.8645161290322583,0.1032258064516129
156,template_deposition,C,C,none,0,1.0,template_site:index=187:site=C:neigh=1:ahead0=24.595:mode=shell,x,yz,700,544,156,0,156,1944.1199338042159,2.50056250432347,500.0,0.001,73.33890758690279,0.0733389075869028,-5153.672,-5146.209,-5153.672,-7.4628906,-7.208496,0.9999999999733493,0.0733389075869028,0.0733389075869028,10,699,187,4,4,1.4590193887128877,30.125518785803255,9.73549542030463,14.07247049315783,586.7112606952223,0.0,-2.3314478,-37.353912,30.138444342384982,0.0,30.138444342384982,24.608047025498102,0.9292403541586148,2.1271110401412527,29.711067515924725,30.10875588907347,30.13250665172268,0.5835350825039839,0.16666666666666666,24.180670199037845,24.57835857218659,24.6021093348358,0.875,18,34,0,0.0,0.5330882352941176,272,145,0.5330882352941176,0.0,1.0,0.2658888800176566,0.1550042961476785,0.1550042961476785,0.08889952279058032,41.81170649796779,0.5783229679997184,0.7828571428571428,2.3333333333333335,2.858974358974359,0.10256410256410256
157,template_deposition,C,C,none,0,1.0,template_site:index=186:site=C:neigh=2:ahead0=24.595:mode=shell,x,yz,701,544,157,0,157,1955.579570090654,11.459636286438117,500.0,0.001,73.33890758690279,0.0733389075869028,-5164.5537,-5153.672,-5164.5537,-10.881836,-10.485352,1.0,0.0733389075869028,0.0733389075869028,10,700,186,3,3,1.3814248331670247,30.125518785803255,8.315495419505053,14.07247049315783,586.7112606952223,0.0,-2.3499951,-37.651073,30.138444342384982,0.0,30.138444342384982,24.608047025498102,0.9554077478196747,2.140746367321645,29.721460116529883,30.133284013859562,30.1374122766799,0.5860596306636562,0.16666666666666666,24.191062799643003,24.602886696972682,24.60701495979302,0.875,18,34,0,0.0,0.5367647058823529,272,146,0.5367647058823529,0.0,1.0,0.26759329591520564,0.15408320254549684,0.15408320254549684,0.08893773088104046,41.81170649796779,0.578571525197585,0.7874465049928673,2.409090909090909,2.8662420382165603,0.10191082802547771
158,template_deposition,C,C,none,0,1.0,template_site:index=188:site=C:neigh=1:ahead0=24.595:mode=shell,x,yz,702,544,158,0,158,1970.3249850033064,14.745414912652361,500.0,0.001,73.33890758690279,0.0733389075869028,-5172.0366,-5164.5537,-5172.0366,-7.48291,-7.149414,0.9999999999999976,0.0733389075869028,0.0733389075869028,10,701,188,2,2,1.4533583286958935,30.125518785803255,5.475495419923999,14.07247049315783,586.7112606952223,0.0,-2.362749,-37.855415,30.138444342384982,0.0,30.138444342384982,24.608047025498102,0.9730605850006258,2.154381694502038,30.123535892883606,30.12638194064429,30.136031862036845,0.013485597594225004,0.16666666666666666,24.593138575996726,24.59598462375741,24.605634545149965,0.875,18,34,0,0.0,0.5404411764705882,272,147,0.5404411764705882,0.0,1.0,0.26929771181275475,0.15565277579744763,0.15565277579744763,0.09041595064704679,41.81170649796779,0.5881878697582469,0.7891737891737892,2.391304347826087,2.8607594936708862,0.10126582278481013
159,template_deposition,C,C,none,0,1.0,template_site:index=189:site=C:neigh=2:ahead0=24.595:mode=shell,x,yz,703,544,159,0,159,1985.924515559184,15.599530555877637,500.0,0.001,73.33890758690279,0.0733389075869028,-5183.372,-5172.0366,-5183.372,-11.335449,-10.036133,1.0,0.0733389075869028,0.0733389075869028,9,702,189,1,1,1.3941301336525522,30.125518785803255,4.055495419124423,14.07247049315783,586.7112606952223,0.0,-2.3820693,-38.16496,30.138444342384982,0.0,30.138444342384982,24.608047025498102,0.9855808718745876,2.1680170216824304,30.118382963384175,30.12638194064429,30.136031862036845,0.020443631103699154,0.16666666666666666,24.587985646497295,24.59598462375741,24.605634545149965,0.875,19,34,0,0.0,0.5441176470588235,272,148,0.5441176470588235,0.0,1.0,0.2710021277103038,0.15464141916036034,0.15464141916036034,0.09039700605329888,41.81170649796779,0.5880646284478335,0.7937411095305832,2.4583333333333335,2.8679245283018866,0.10062893081761007
160,template_deposition,C,C,none,0,1.0,template_site:index=199:site=C:neigh=1:ahead0=25.825:mode=shell,x,yz,704,544,160,0,160,2039.6233885168824,53.69887295769829,500.0,0.001,73.33890758690279,0.0733389075869028,-5189.938,-5183.372,-5189.938,-6.565918,-6.0683594,0.11851243261399173,0.0733389075869028,0.0733389075869028,9,703,199,8,8,1.4633933766601601,31.35527485930693,7.605495420114314,14.07247049315783,586.7112606952223,0.0,-2.3932605,-38.34426,31.350904071246482,0.0,31.350904071246482,25.820506754359602,0.7425118241653582,2.181652348862823,30.537439743495387,30.138444342384982,31.10841212547418,0.5752408289234122,0.16666666666666666,25.007042426608507,24.608047025498102,25.5780148085873,0.875,19,34,0,0.0,0.5477941176470589,272,149,0.5477941176470589,0.0,1.0,0.2727065436078529,0.15629401516630317,0.15629401516630317,0.09193765598017833,41.81170649796779,0.5980871033767527,0.7954545454545454,2.2941176470588234,2.8625,0.1
161,template_deposition,C,C,none,0,1.0,template_site:index=198:site=C:neigh=2:ahead0=25.825:mode=shell,x,yz,705,544,161,0,161,2050.8035380473125,11.180149530430228,500.0,0.001,73.33890758690279,0.0733389075869028,-5200.973,-5189.938,-5200.973,-11.035156,-10.595215,1.0,0.0733389075869028,0.0733389075869028,10,704,198,7,7,1.3722044981330357,31.35527485930693,6.185495419314738,14.07247049315783,586.7112606952223,0.0,-2.412069,-38.645607,31.34010329012875,0.0,31.34010329012875,25.80970597324187,0.8264057753627128,2.1952876760432156,30.93867508679948,31.337477627884716,31.33957815767994,0.5658496011928692,0.16666666666666666,25.4082777699126,25.807080310997836,25.80918084079306,0.875,19,34,0,0.0,0.5514705882352942,272,150,0.5514705882352942,0.0,1.0,0.27441095950540195,0.15781538987523355,0.15781538987523355,0.09341278591879633,41.81170649796779,0.6076833475129159,0.8,2.388888888888889,2.869565217391304,0.09937888198757763
162,template_deposition,C,C,none,0,1.0,template_site:index=195:site=C:neigh=1:ahead0=25.825:mode=shell,x,yz,706,544,162,0,162,2065.858764165372,15.055226118059597,500.0,0.001,73.33890758690279,0.0733389075869028,-5208.3955,-5200.973,-5208.3955,-7.4223633,-7.229004,0.8949046852109941,0.0733389075869028,0.0733389075869028,10,705,195,6,6,1.419118358917376,31.35527485930693,10.445495419695368,14.07247049315783,586.7112606952223,0.0,-2.4247198,-38.848293,31.35200477752947,0.0,31.35200477752947,25.82160746064259,0.8862201032926526,2.2089230032236085,30.9435174700144,31.34010329012875,31.349624480049325,0.5692934023704864,0.16666666666666666,25.41312015312752,25.80970597324187,25.819227163162445,0.875,19,34,0,0.0,0.5551470588235294,272,151,0.5551470588235294,0.0,1.0,0.27611537540295106,0.15687111205634272,0.15687111205634272,0.09343058879826294,41.81170649796779,0.607799161566455,0.8016997167138811,2.3684210526315788,2.8641975308641974,0.09876543209876543
163,template_deposition,C,C,none,0,1.0,template_site:index=194:site=C:neigh=2:ahead0=25.825:mode=shell,x,yz,707,544,163,0,163,2074.97968691671,9.120922751337904,500.0,0.001,73.33890758690279,0.0733389075869028,-5219.324,-5208.3955,-5219.324,-10.928711,-10.529785,1.0,0.0733389075869028,0.0733389075869028,10,706,194,5,5,1.3716088259253827,31.35527485930693,11.865495420494945,14.07247049315783,586.7112606952223,0.0,-2.4433467,-39.146732,31.348157995535697,0.0,31.348157995535697,25.817760678648817,0.9288525355906764,2.2225583304040013,30.942235209349807,31.34010329012875,31.34654705445431,0.5683754850049096,0.16666666666666666,25.411837892462927,25.80970597324187,25.81614973756743,0.875,19,34,0,0.0,0.5588235294117647,272,152,0.5588235294117647,0.0,1.0,0.27781979130050016,0.15590084596603024,0.15590084596603024,0.09342587460464312,41.81170649796779,0.6077684940627344,0.8062234794908062,2.45,2.871165644171779,0.09815950920245399
164,template_deposition,C,C,none,0,1.0,template_site:index=196:site=C:neigh=1:ahead0=25.825:mode=shell,x,yz,708,544,164,0,164,2075.1846140156294,0.2049270989193973,500.0,0.001,73.33890758690279,0.0733389075869028,-5226.6826,-5219.324,-5226.6826,-7.3583984,-7.1220703,0.3912719085774113,0.0733389075869028,0.0733389075869028,10,707,196,4,4,1.4543448302504693,31.35527485930693,14.705495420076,14.07247049315783,586.7112606952223,0.0,-2.4558885,-39.34767,31.34010329012875,0.0,31.34010329012875,25.80970597324187,0.9600269768974949,2.2361936575843937,31.3384642627471,31.338339857365323,31.339750603576064,0.0012904737191338925,0.16666666666666666,25.80806694586022,25.807942540478443,25.809353286689184,0.875,19,34,0,0.0,0.5625,272,153,0.5625,0.0,1.0,0.2795242071980492,0.15736626186500133,0.15736626186500133,0.09488259906566257,41.81170649796779,0.6172450040305002,0.807909604519774,2.4285714285714284,2.8658536585365852,0.0975609756097561
165,template_deposition,C,C,none,0,1.0,template_site:index=197:site=C:neigh=2:ahead0=25.825:mode=shell,x,yz,709,544,165,0,165,2075.5761159365643,0.3915019209350585,500.0,0.001,73.33890758690279,0.0733389075869028,-5236.9644,-5226.6826,-5236.9644,-10.281738,-9.625488,1.0,0.0733389075869028,0.0733389075869028,9,708,197,3,3,1.393839483840103,31.35527485930693,16.125495420875577,14.07247049315783,586.7112606952223,0.0,-2.473413,-39.628445,31.34010329012875,0.0,31.34010329012875,25.80970597324187,0.9790772264649052,2.2498289847647865,31.331619549681047,31.33694964074722,31.339472560252442,0.009852337520465338,0.16666666666666666,25.801222232794167,25.80655232386034,25.809075243365562,0.875,19,34,0,0.0,0.5661764705882353,272,154,0.5661764705882353,0.0,1.0,0.2812286230955983,0.15637104383511616,0.15637104383511616,0.09485743467939033,41.81170649796779,0.6170813007607858,0.8124118476727785,2.5,2.8727272727272726,0.09696969696969697
166,template_deposition,C,C,none,0,1.0,template_site:index=192:site=C:neigh=1:ahead0=25.825:mode=shell,x,yz,710,544,166,0,166,2093.6551742540864,18.07905831752194,500.0,0.001,73.33890758690279,0.0733389075869028,-5245.4937,-5236.9644,-5245.4937,-8.529297,-7.140625,1.0,0.0733389075869028,0.0733389075869028,8,709,192,2,2,1.4685817154264744,31.35527485930693,3.345495419733684,14.07247049315783,586.7112606952223,0.0,-2.4879503,-39.86136,31.36912876740182,0.0,31.36912876740182,25.83873145051494,0.9661913168391199,2.263464311945179,31.341294708772068,31.33694964074722,31.3626929420709,0.02117661536996251,0.16666666666666666,25.810897391885188,25.80655232386034,25.83229562518402,0.875,19,34,0,0.0,0.5661764705882353,272,154,0.5661764705882353,0.0,1.0,0.28293303899314737,0.15548733368605536,0.15548733368605536,0.09489300511722495,41.81170649796779,0.6173126990915737,0.8169014084507042,2.5454545454545454,2.8795180722891565,0.0963855421686747
167,template_deposition,C,C,none,0,1.0,template_site:index=193:site=C:neigh=1:ahead0=25.825:mode=shell,x,yz,711,544,167,0,167,2097.0605635671895,3.4053893131030306,500.0,0.001,73.33890758690279,0.0733389075869028,-5253.575,-5245.4937,-5253.575,-8.081543,-7.5874023,1.0,0.0733389075869028,0.0733389075869028,6,710,193,1,1,1.411653580769997,31.35527485930693,1.9254954209522064,14.07247049315783,586.7112606952223,0.0,-2.5017247,-40.08205,31.41185068560671,0.0,31.41185068560671,25.88145336871983,0.9759404488420539,2.277099639125572,31.3555353481737,31.33694964074722,31.39687047663481,0.040580663421413164,0.16666666666666666,25.82513803128682,25.80655232386034,25.86647315974793,0.875,20,34,0,0.0,0.5698529411764706,272,155,0.5698529411764706,0.0,1.0,0.2846374548906965,0.15464154509752587,0.15464154509752587,0.09494536040914271,41.81170649796779,0.6176532888592342,0.8185654008438819,2.5217391304347827,2.874251497005988,0.09580838323353294
168,template_deposition,C,C,none,0,1.0,template_site:index=201:site=C:neigh=1:ahead0=27.055:mode=shell,x,yz,712,544,168,0,168,2124.926338061311,27.865774494121748,500.0,0.001,73.33890758690279,0.0733389075869028,-5260.129,-5253.575,-5260.129,-6.553711,-6.1328125,0.17091265552876353,0.0733389075869028,0.0733389075869028,9,711,201,8,8,1.4592730561998328,32.585030932810604,12.575495419885684,14.07247049315783,586.7112606952223,0.0,-2.512895,-40.26102,32.58358687625224,0.0,32.58358687625224,27.05318955936536,0.7225836451540544,2.290734966305964,31.778336923561227,31.41185068560671,32.34923963812314,0.5701617449719281,0.16666666666666666,26.247939606674347,25.88145336871983,26.818842321236257,0.875,20,34,0,0.0,0.5735294117647058,272,156,0.5735294117647058,0.0,1.0,0.2863418707882455,0.15623773575401398,0.15623773575401398,0.09649977796571452,41.81170649796779,0.6277653271088109,0.8202247191011236,2.2941176470588234,2.869047619047619,0.09523809523809523
169,template_deposition,C,C,none,0,1.0,template_site:index=200:site=C:neigh=2:ahead0=27.055:mode=shell,x,yz,713,544,169,0,169,2126.1911270256132,1.2647889643023058,500.0,0.001,73.33890758690279,0.0733389075869028,-5271.1387,-5260.129,-5271.1387,-11.009766,-10.545898,1.0,0.0733389075869028,0.0733389075869028,10,712,200,7,7,1.3707193520488505,32.585030932810604,13.99549542068526,14.07247049315783,586.7112606952223,0.0,-2.5316603,-40.561672,32.56789352246598,0.0,32.56789352246598,27.0374962055791,0.8054938982358679,2.304370293486357,32.18088496736158,32.56291069401205,32.566896956775196,0.5437931604513623,0.16666666666666666,26.650487650474698,27.032513377125166,27.036499639888316,0.875,20,34,0,0.0,0.5772058823529411,272,157,0.5772058823529411,0.0,1.0,0.28804628668579463,0.15769519319807512,0.15769519319807512,0.09797973400909815,41.81170649796779,0.637392966770443,0.8246844319775596,2.388888888888889,2.8757396449704142,0.09467455621301775
170,template_deposition,C,C,none,0,1.0,template_site:index=206:site=C:neigh=1:ahead0=27.055:mode=shell,x,yz,714,544,170,0,170,2144.632061009498,18.440933983885056,500.0,0.001,73.33890758690279,0.0733389075869028,-5278.637,-5271.1387,-5278.637,-7.498535,-7.2041016,0.6535367686137944,0.0733389075869028,0.0733389075869028,8,713,206,6,6,1.4517201911012725,32.585030932810604,16.835495420266316,14.07247049315783,586.7112606952223,0.0,-2.5444407,-40.766438,32.58224005920159,0.0,32.58224005920159,27.051842742314708,0.8680770160783619,2.3180056206667494,32.18732808909143,32.56789352246598,32.57937075185447,0.548376609193369,0.16666666666666666,26.65693077220455,27.0374962055791,27.04897343496759,0.875,20,34,0,0.0,0.5808823529411765,272,158,0.5808823529411765,0.0,1.0,0.2897507025833437,0.156805475130615,0.156805475130615,0.09800342195663438,41.81170649796779,0.6375470652818291,0.8263305322128851,2.3684210526315788,2.8705882352941177,0.09411764705882353
171,template_deposition,C,C,none,0,1.0,template_site:index=207:site=C:neigh=1:ahead0=27.055:mode=shell,x,yz,715,544,171,0,171,2145.7812811392096,1.1492201297116411,500.0,0.001,73.33890758690279,0.0733389075869028,-5286.7827,-5278.637,-5286.7827,-8.145508,-7.763672,0.9999985774437459,0.0733389075869028,0.0733389075869028,6,714,207,5,5,1.4201431898730574,32.585030932810604,18.255495419047794,14.07247049315783,586.7112606952223,0.0,-2.558324,-40.988873,32.60587701396972,0.0,32.60587701396972,27.075479697082837,0.9102307239290759,2.3316409478471423,32.195207074014135,32.56789352246598,32.59828031566897,0.554133623987782,0.16666666666666666,26.664809757127255,27.0374962055791,27.067882998782093,0.875,20,34,0,0.0,0.5845588235294118,272,159,0.5845588235294118,0.0,1.0,0.2914551184808928,0.15593455998320033,0.15593455998320033,0.09803238881296784,41.81170649796779,0.637735504969721,0.827972027972028,2.35,2.865497076023392,0.0935672514619883
172,template_deposition,C,C,none,0,1.0,template_site:index=203:site=C:neigh=1:ahead0=27.055:mode=shell,x,yz,716,544,172,0,172,2150.6365316630145,4.855250523804969,500.0,0.001,73.33890758690279,0.0733389075869028,-5294.1636,-5286.7827,-5294.1636,-7.3808594,-7.180664,0.9999999999368703,0.0733389075869028,0.0733389075869028,10,715,203,4,4,1.444468325871444,32.585030932810604,9.73549542030463,14.07247049315783,586.7112606952223,0.0,-2.5709043,-41.19043,32.60587701396972,0.0,32.60587701396972,27.075479697082837,0.9413769192419186,2.345276275027535,32.19474551831395,32.56650885536543,32.59800338224886,0.5538234991329212,0.16666666666666666,26.66434820142707,27.036111538478547,27.067606065361982,0.875,20,34,0,0.0,0.5882352941176471,272,160,0.5882352941176471,0.0,1.0,0.2931595343784419,0.15502528024085507,0.15502528024085507,0.09803069191701129,41.81170649796779,0.637724466058879,0.8296089385474861,2.3333333333333335,2.86046511627907,0.09302325581395349
173,template_deposition,C,C,none,0,1.0,template_site:index=202:site=C:neigh=2:ahead0=27.055:mode=shell,x,yz,717,544,173,0,173,2189.5723359376166,38.93580427460218,500.0,0.001,73.33890758690279,0.0733389075869028,-5305.1313,-5294.1636,-5305.1313,-10.967773,-10.509766,1.0,0.0733389075869028,0.0733389075869028,10,716,202,3,3,1.385180267680526,32.585030932810604,8.315495419505053,14.07247049315783,586.7112606952223,0.0,-2.589598,-41.489933,32.60587701396972,0.0,32.60587701396972,27.075479697082837,0.9652487754738402,2.3589116022079275,32.197007917989275,32.5732960543914,32.59936082205405,0.5553493131376861,0.16666666666666666,26.666610601102395,27.04289873750452,27.068963505167172,0.875,20,34,0,0.0,0.5919117647058824,272,161,0.5919117647058824,0.0,1.0,0.29486395027599094,0.15414225780984042,0.15414225780984042,0.09803900956287645,41.81170649796779,0.6377785752992047,0.8340306834030683,2.409090909090909,2.867052023121387,0.09248554913294797
174,template_deposition,C,C,none,0,1.0,template_site:index=204:site=C:neigh=1:ahead0=27.055:mode=shell,x,yz,718,544,174,0,174,2201.229455438686,11.65711950106911,500.0,0.001,73.33890758690279,0.0733389075869028,-5312.615,-5305.1313,-5312.615,-7.4838867,-7.144043,0.9999999999999756,0.0733389075869028,0.0733389075869028,10,717,204,2,2,1.46751892243467,32.585030932810604,5.475495419923999,14.07247049315783,586.7112606952223,0.0,-2.6023536,-41.6943,32.60587701396972,0.0,32.60587701396972,27.075479697082837,0.9840290774582952,2.3725469293883203,32.575404418294234,32.56066730195176,32.596835071566126,0.021551233492408412,0.16666666666666666,27.045007101407354,27.03026998506488,27.066437754679246,0.875,20,34,0,0.0,0.5955882352941176,272,162,0.5955882352941176,0.0,1.0,0.29656836617354004,0.15543107529544456,0.15543107529544456,0.0994301731669388,41.81170649796779,0.6468285886088349,0.8356545961002786,2.391304347826087,2.8620689655172415,0.09195402298850575
175,template_deposition,C,C,none,0,1.0,template_site:index=205:site=C:neigh=2:ahead0=27.055:mode=shell,x,yz,719,544,175,0,175,2202.0971064225178,0.8676509838318265,500.0,0.001,73.33890758690279,0.0733389075869028,-5322.744,-5312.615,-5322.744,-10.128906,-9.57959,1.0,0.0733389075869028,0.0733389075869028,9,718,205,1,1,1.3958140813960254,32.585030932810604,4.055495419124423,14.07247049315783,586.7112606952223,0.0,-2.6196175,-41.9709,32.60587701396972,0.0,32.60587701396972,27.075479697082837,0.9929206310417121,2.3861822565687127,32.567170461306,32.56066730195176,32.596835071566126,0.02931181127884832,0.16666666666666666,27.03677314441912,27.03026998506488,27.066437754679246,0.875,21,34,0,0.0,0.5992647058823529,272,163,0.5992647058823529,0.0,1.0,0.2982727820710891,0.15449584653953782,0.15449584653953782,0.09939990126624676,41.81170649796779,0.6466316591439101,0.8400556328233658,2.4583333333333335,2.8685714285714288,0.09142857142857143
176,template_deposition,C,C,none,0,1.0,template_site:index=208:site=C:neigh=1:ahead0=28.284:mode=shell,x,yz,720,544,176,0,176,2205.1120119949474,3.0149055724295355,500.0,0.001,73.33890758690279,0.0733389075869028,-5329.405,-5322.744,-5329.405,-6.6606445,-6.270996,0.9426849344390967,0.0733389075869028,0.0733389075869028,7,719,208,8,8,1.4901345562255623,33.814787006314276,3.345495419733684,14.07247049315783,586.7112606952223,0.0,-2.63097,-42.152786,33.791757907040534,0.0,33.791757907040534,28.261360590153654,0.7086307488480867,2.3998175837491056,32.98610074098733,32.60587701396972,33.55458172842637,0.5699845503314617,0.16666666666666666,27.455703424100452,27.075479697082837,28.02418441153949,0.875,21,34,0,0.0,0.6029411764705882,272,164,0.6029411764705882,0.0,1.0,0.2999771979686382,0.15599831490966165,0.15599831490966165,0.10094008611801637,41.81170649796779,0.6566511085940705,0.8416666666666667,2.2941176470588234,2.8636363636363638,0.09090909090909091
177,template_deposition,C,C,none,0,1.0,template_site:index=209:site=C:neigh=1:ahead0=28.284:mode=shell,x,yz,721,544,177,0,177,2207.2284580267533,2.1164460318057885,500.0,0.001,73.33890758690279,0.0733389075869028,-5337.9585,-5329.405,-5337.9585,-8.553711,-8.107422,0.9999999951872014,0.0733389075869028,0.0733389075869028,6,720,209,7,7,1.4135060257875114,33.814787006314276,1.9254954209522064,14.07247049315783,586.7112606952223,0.0,-2.645549,-42.38637,33.77400707840846,0.0,33.77400707840846,28.24360976152158,0.7814955234868693,2.413452910929498,32.98018379810998,32.60587701396972,33.54038106552071,0.5616211829890717,0.16666666666666666,27.449786481223097,27.075479697082837,28.009983748633832,0.875,21,34,0,0.0,0.6066176470588235,272,165,0.6066176470588235,0.0,1.0,0.30168161386618725,0.1550835394419384,0.1550835394419384,0.1009183326515555,41.81170649796779,0.6565095945691014,0.8432732316227461,2.2777777777777777,2.8587570621468927,0.0903954802259887
178,template_deposition,C,C,none,0,1.0,template_site:index=214:site=C:neigh=1:ahead0=28.284:mode=shell,x,yz,722,544,178,0,178,2209.2410510832974,2.0125930565441132,500.0,0.001,73.33890758690279,0.0733389075869028,-5345.3467,-5337.9585,-5345.3467,-7.3881836,-7.0805664,0.9999999993577529,0.0733389075869028,0.0733389075869028,10,721,214,6,6,1.4822847604391636,33.814787006314276,6.185495419314738,14.07247049315783,586.7112606952223,0.0,-2.6581416,-42.588123,33.78107057382855,0.0,33.78107057382855,28.25067325694167,0.8402636304274395,2.427088238109891,32.991119384857775,32.60587701396972,33.54603186185678,0.5586363732989161,0.16666666666666666,27.460722067970895,27.075479697082837,28.015634544969902,0.875,21,34,0,0.0,0.6102941176470589,272,166,0.6102941176470589,0.0,1.0,0.30338602976373635,0.15427371948298255,0.15427371948298255,0.10095853701459888,41.81170649796779,0.6567711382290888,0.8448753462603878,2.263157894736842,2.853932584269663,0.0898876404494382
179,template_deposition,C,C,none,0,1.0,template_site:index=215:site=C:neigh=2:ahead0=28.284:mode=shell,x,yz,723,544,179,0,179,2223.9850333264703,14.743982243173047,500.0,0.001,73.33890758690279,0.0733389075869028,-5356.246,-5345.3467,-5356.246,-10.899414,-10.494629,1.0,0.0733389075869028,0.0733389075869028,10,722,215,5,5,1.3845685374351548,33.814787006314276,7.605495420114314,14.07247049315783,586.7112606952223,0.0,-2.6767187,-42.88576,33.80834207450612,0.0,33.80834207450612,28.27794475761924,0.8857550450564715,2.4407235652902832,33.396075388961435,33.77400707840846,33.80147507528659,0.5589304231410307,0.16666666666666666,27.865678072074555,28.24360976152158,28.27107775839971,0.875,21,34,0,0.0,0.6139705882352942,272,167,0.6139705882352942,0.0,1.0,0.3050904456612854,0.15567417917360088,0.15567417917360088,0.10244734585321527,41.81170649796779,0.6664563684677385,0.8492392807745505,2.35,2.8603351955307263,0.0893854748603352
180,template_deposition,C,C,none,0,1.0,template_site:index=211:site=C:neigh=1:ahead0=28.284:mode=shell,x,yz,724,544,180,0,180,2225.023479888304,1.0384465618336838,500.0,0.001,73.33890758690279,0.0733389075869028,-5363.6396,-5356.246,-5363.6396,-7.3935547,-7.137207,0.9999999999366764,0.0733389075869028,0.0733389075869028,10,723,211,4,4,1.4684594750701552,33.814787006314276,10.445495419695368,14.07247049315783,586.7112606952223,0.0,-2.6893203,-43.08766,33.79103297168411,0.0,33.79103297168411,28.26063565479723,0.9178701064911687,2.454358892470676,33.39030568802076,33.77400707840846,33.78762779302898,0.5547183842669293,0.16666666666666666,27.85990837113388,28.24360976152158,28.2572304761421,0.875,21,34,0,0.0,0.6176470588235294,272,168,0.6176470588235294,0.0,1.0,0.3067948615588345,0.15477726872852154,0.15477726872852154,0.10242613371740397,41.81170649796779,0.6663183759908957,0.850828729281768,2.3333333333333335,2.8555555555555556,0.08888888888888889
181,template_deposition,C,C,none,0,1.0,template_site:index=210:site=C:neigh=2:ahead0=28.284:mode=shell,x,yz,725,544,181,0,181,2252.9241103139034,27.900630425599434,500.0,0.001,73.33890758690279,0.0733389075869028,-5374.604,-5363.6396,-5374.604,-10.964355,-10.48291,1.0,0.0733389075869028,0.0733389075869028,10,724,210,3,3,1.3927518478507086,33.814787006314276,11.865495420494945,14.07247049315783,586.7112606952223,0.0,-2.7080083,-43.387077,33.79940250072927,0.0,33.79940250072927,28.269005183842392,0.9426657968109445,2.467994219651069,33.39309553103582,33.77400707840846,33.79432341626511,0.5567440926658759,0.16666666666666666,27.86269821414894,28.24360976152158,28.263926099378228,0.875,21,34,0,0.0,0.6213235294117647,272,169,0.6213235294117647,0.0,1.0,0.3084992774563836,0.15393755919419302,0.15393755919419302,0.10243639049319463,41.81170649796779,0.6663850999600596,0.8551724137931035,2.409090909090909,2.861878453038674,0.08839779005524862
182,template_deposition,C,C,none,0,1.0,template_site:index=212:site=C:neigh=1:ahead0=28.284:mode=shell,x,yz,726,544,182,0,182,2272.472446728116,19.54833641421292,500.0,0.001,73.33890758690279,0.0733389075869028,-5381.9893,-5374.604,-5381.9893,-7.385254,-7.1850586,0.9999999999999958,0.0733389075869028,0.0733389075869028,10,725,212,2,2,1.4400025007371111,33.814787006314276,14.705495420076,14.07247049315783,586.7112606952223,0.0,-2.7205958,-43.588753,33.79987846561513,0.0,33.79987846561513,28.26948114872825,0.9618085549438261,2.4816295468314613,33.78830617190257,33.79103297168411,33.798109366828925,0.010736503055335465,0.16666666666666666,28.25790885501569,28.26063565479723,28.267712049942045,0.875,21,34,0,0.0,0.625,272,170,0.625,0.0,1.0,0.31020369335393266,0.15526323546711918,0.15526323546711918,0.10388937079049886,41.81170649796779,0.6758372528131358,0.8567493112947658,2.391304347826087,2.857142857142857,0.08791208791208792
183,template_deposition,C,C,none,0,1.0,template_site:index=213:site=C:neigh=2:ahead0=28.284:mode=shell,x,yz,727,544,183,0,183,2297.3373577053817,24.864910977265403,500.0,0.001,73.33890758690279,0.0733389075869028,-5392.2295,-5381.9893,-5392.2295,-10.240234,-9.768555,1.0,0.0733389075869028,0.0733389075869028,9,726,213,1,1,1.3867031596769537,33.814787006314276,16.125495420875577,14.07247049315783,586.7112606952223,0.0,-2.7380493,-43.868385,33.79103297168411,0.0,33.79103297168411,28.26063565479723,0.9727250897516346,2.495264874011854,33.78413969783211,33.78737904340376,33.79030218602804,0.007318482550269207,0.16666666666666666,28.25374238094523,28.25698172651688,28.259904869141163,0.875,22,34,0,0.0,0.6286764705882353,272,171,0.6286764705882353,0.0,1.0,0.31190810925148177,0.15439203486855316,0.15439203486855316,0.10387405287112217,41.81170649796779,0.6757376043075034,0.8610729023383769,2.4583333333333335,2.8633879781420766,0.08743169398907104
184,template_deposition,C,C,none,0,1.0,template_site:index=222:site=C:neigh=1:ahead0=29.514:mode=shell,x,yz,728,544,184,0,184,2319.1625467653885,21.825189060006654,500.0,0.001,73.33890758690279,0.0733389075869028,-5398.8564,-5392.2295,-5398.8564,-6.626953,-6.1972656,0.8155674459916964,0.0733389075869028,0.0733389075869028,7,727,222,8,8,1.4713861869850065,35.04454307981795,16.835495420266316,14.07247049315783,586.7112606952223,0.0,-2.7493443,-44.049355,35.05102920675342,0.0,35.05102920675342,29.52063188986654,0.7170708690740033,2.5089002011922465,34.20535641894866,33.79103297168411,34.799029959739556,0.5980213587520989,0.16666666666666666,28.67495910206178,28.26063565479723,29.268632642852676,0.875,22,34,0,0.0,0.6323529411764706,272,172,0.6323529411764706,0.0,1.0,0.3136125251490308,0.15584216903294446,0.15584216903294446,0.10542264375758008,41.81170649796779,0.6858117379986749,0.8626373626373627,2.2941176470588234,2.858695652173913,0.08695652173913043
185,template_deposition,C,C,none,0,1.0,template_site:index=223:site=C:neigh=1:ahead0=29.514:mode=shell,x,yz,729,544,185,0,185,2335.3534861130956,16.19093934770731,500.0,0.001,73.33890758690279,0.0733389075869028,-5407.1294,-5398.8564,-5407.1294,-8.272949,-7.92334,0.9999994188893391,0.0733389075869028,0.0733389075869028,6,728,223,7,7,1.413368442435625,35.04454307981795,18.255495419047794,14.07247049315783,586.7112606952223,0.0,-2.763445,-44.27527,35.05705493359777,0.0,35.05705493359777,29.52665761671089,0.7985810046642918,2.5225355283726394,34.20736499456344,33.79103297168411,34.803850541215034,0.600861722657591,0.16666666666666666,28.67696767767656,28.26063565479723,29.273453224328154,0.875,22,34,0,0.0,0.6360294117647058,272,173,0.6360294117647058,0.0,1.0,0.3153169410465799,0.155010636095549,0.155010636095549,0.10543002822675207,41.81170649796779,0.6858597765931982,0.8641975308641975,2.2777777777777777,2.854054054054054,0.08648648648648649
186,template_deposition,C,C,none,0,1.0,template_site:index=216:site=C:neigh=1:ahead0=29.514:mode=shell,x,yz,730,544,186,0,186,2352.2341495771607,16.880663464065112,500.0,0.001,73.33890758690279,0.0733389075869028,-5414.5,-5407.1294,-5414.5,-7.3706055,-7.0825195,0.9999999993116444,0.0733389075869028,0.0733389075869028,10,729,216,6,6,1.4622878877367724,35.04454307981795,13.99549542068526,14.07247049315783,586.7112606952223,0.0,-2.7760077,-44.476547,35.05705493359777,0.0,35.05705493359777,29.52665761671089,0.8571873188277233,2.536170855553032,34.21625139645035,33.817692177344846,34.80918238234718,0.594805311580727,0.16666666666666666,28.685854079563473,28.287294860457965,29.2787850654603,0.875,22,34,0,0.0,0.6397058823529411,272,174,0.6397058823529411,0.0,1.0,0.317021356944129,0.15422502193313695,0.15422502193313695,0.10546269882192454,41.81170649796779,0.6860723104176032,0.8657534246575342,2.263157894736842,2.849462365591398,0.08602150537634409
187,template_deposition,C,C,none,0,1.0,template_site:index=217:site=C:neigh=2:ahead0=29.514:mode=shell,x,yz,731,544,187,0,187,2375.776010125322,23.54186054816155,500.0,0.001,73.33890758690279,0.0733389075869028,-5425.439,-5414.5,-5425.439,-10.938965,-10.534668,1.0,0.0733389075869028,0.0733389075869028,10,730,217,5,5,1.3778838734799226,35.04454307981795,12.575495419885684,14.07247049315783,586.7112606952223,0.0,-2.794652,-44.77526,35.05705493359777,0.0,35.05705493359777,29.52665761671089,0.9021949938225678,2.5498061827334246,34.62255873855692,35.036614203664534,35.05296678761112,0.6000746596969321,0.16666666666666666,29.09216142167004,29.506216886777654,29.52256947072424,0.875,22,34,0,0.0,0.6433823529411765,272,175,0.6433823529411765,0.0,1.0,0.3187257728416781,0.1555730557308558,0.1555730557308558,0.10695647581496337,41.81170649796779,0.6957898602651874,0.8700410396716827,2.35,2.855614973262032,0.0855614973262032
188,template_deposition,C,C,none,0,1.0,template_site:index=219:site=C:neigh=1:ahead0=29.514:mode=shell,x,yz,732,544,188,0,188,2430.4313485507887,54.65533842546687,500.0,0.001,73.33890758690279,0.0733389075869028,-5432.8696,-5425.439,-5432.8696,-7.430664,-7.166504,0.9999999999156284,0.0733389075869028,0.0733389075869028,10,731,219,4,4,1.466608112215699,35.04454307981795,9.73549542030463,14.07247049315783,586.7112606952223,0.0,-2.807317,-44.97818,35.05705493359777,0.0,35.05705493359777,29.52665761671089,0.9343307072592721,2.563441509913817,34.618189209641166,35.02350561691726,35.05034507026167,0.597084020989718,0.16666666666666666,29.087791892754286,29.493108300030382,29.51994775337479,0.875,22,34,0,0.0,0.6470588235294118,272,176,0.6470588235294118,0.0,1.0,0.32043018873922713,0.1547222973018845,0.1547222973018845,0.10694041137042017,41.81170649796779,0.6956853553482221,0.8715846994535519,2.3333333333333335,2.851063829787234,0.0851063829787234
189,template_deposition,C,C,none,0,1.0,template_site:index=218:site=C:neigh=2:ahead0=29.514:mode=shell,x,yz,733,544,189,0,189,2487.384648087181,56.95329953639229,500.0,0.001,73.33890758690279,0.0733389075869028,-5443.7896,-5432.8696,-5443.7896,-10.919922,-10.512695,1.0,0.0733389075869028,0.0733389075869028,10,732,218,3,3,1.384307915726704,35.04454307981795,8.315495419505053,14.07247049315783,586.7112606952223,0.0,-2.8259292,-45.27638,35.05705493359777,0.0,35.05705493359777,29.52665761671089,0.9586041555748483,2.57707683709421,34.62281546761472,35.03163187924227,35.05197032272667,0.5962208721067113,0.16666666666666666,29.09241815072784,29.50123456235539,29.521573005839787,0.875,22,34,0,0.0,0.6507352941176471,272,177,0.6507352941176471,0.0,1.0,0.32213460463677623,0.15392813836363936,0.15392813836363936,0.10695741967179354,41.81170649796779,0.695796000389074,0.8758526603001364,2.409090909090909,2.857142857142857,0.08465608465608465
190,template_deposition,C,C,none,0,1.0,template_site:index=220:site=C:neigh=1:ahead0=29.514:mode=shell,x,yz,734,544,190,0,190,2495.5103665068727,8.125718419691545,500.0,0.001,73.33890758690279,0.0733389075869028,-5451.3003,-5443.7896,-5451.3003,-7.510742,-7.125,0.9999999999999971,0.0733389075869028,0.0733389075869028,10,733,220,2,2,1.4672216697307685,35.04454307981795,5.475495419923999,14.07247049315783,586.7112606952223,0.0,-2.8387306,-45.48148,35.05705493359777,0.0,35.05705493359777,29.52665761671089,0.9760786683877946,2.5907121642746027,35.033328814242616,35.02350561691726,35.05034507026167,0.016859371145985878,0.16666666666666666,29.502931497355736,29.493108300030382,29.51994775337479,0.875,22,34,0,0.0,0.6544117647058824,272,178,0.6544117647058824,0.0,1.0,0.32383902053432534,0.15527858682818807,0.15527858682818807,0.10846665991674903,41.81170649796779,0.7056141441820771,0.8773841961852861,2.391304347826087,2.8526315789473684,0.08421052631578947
191,template_deposition,C,C,none,0,1.0,template_site:index=221:site=C:neigh=2:ahead0=29.514:mode=shell,x,yz,735,544,191,0,191,2505.66792878014,10.157562273266937,500.0,0.001,73.33890758690279,0.0733389075869028,-5462.7207,-5451.3003,-5462.7207,-11.42041,-10.009766,1.0,0.0733389075869028,0.0733389075869028,9,734,221,1,1,1.3971737992671955,35.04454307981795,4.055495419124423,14.07247049315783,586.7112606952223,0.0,-2.8581958,-45.793346,35.05705493359777,0.0,35.05705493359777,29.52665761671089,0.9873903893194381,2.604347491454995,35.02579667108508,35.02350561691726,35.05034507026167,0.024640258817683027,0.16666666666666666,29.495399354198202,29.493108300030382,29.51994775337479,0.875,23,34,0,0.0,0.6580882352941176,272,179,0.6580882352941176,0.0,1.0,0.3255434364318744,0.15442617462930996,0.15442617462930996,0.10843896821396398,41.81170649796779,0.7054339998208825,0.8816326530612245,2.4583333333333335,2.858638743455497,0.08376963350785341
192,template_deposition,C,C,none,0,1.0,template_site:index=230:site=C:neigh=1:ahead0=30.744:mode=shell,x,yz,736,544,192,0,192,2536.233771337982,30.565842557842288,500.0,0.001,73.33890758690279,0.0733389075869028,-5469.331,-5462.7207,-5469.331,-6.6103516,-6.102051,0.2577965649147754,0.0733389075869028,0.0733389075869028,9,735,230,8,8,1.5146121654494455,36.274299153321614,6.185495419314738,14.07247049315783,586.7112606952223,0.0,-2.8694625,-45.973858,36.24099519435744,0.0,36.24099519435744,30.71059787747056,0.7423695478025046,2.617982818635388,35.44752119939957,35.05705493359777,36.0042071422055,0.5610942033690742,0.16666666666666666,29.917123882512687,29.52665761671089,30.47380982531862,0.875,23,34,0,0.0,0.6617647058823529,272,180,0.6617647058823529,0.0,1.0,0.3272478523294235,0.15581835355475357,0.15581835355475357,0.10998942603864958,41.81170649796779,0.7155202786082595,0.8831521739130435,2.2941176470588234,2.8541666666666665,0.08333333333333333
193,template_deposition,C,C,none,0,1.0,template_site:index=231:site=C:neigh=2:ahead0=30.744:mode=shell,x,yz,737,544,193,0,193,2547.6727022493646,11.438930911382633,500.0,0.001,73.33890758690279,0.0733389075869028,-5480.332,-5469.331,-5480.332,-11.000977,-10.55127,1.0,0.0733389075869028,0.0733389075869028,10,736,231,7,7,1.3898631368407208,36.274299153321614,7.605495420114314,14.07247049315783,586.7112606952223,0.0,-2.8882127,-46.27427,36.25738342683637,0.0,36.25738342683637,30.72698610994949,0.8262071332954108,2.6316181458157804,35.845714754577465,36.22270590329827,36.25044792212875,0.5578463752566555,0.16666666666666666,30.315317437690585,30.69230858641139,30.72005060524187,0.875,23,34,0,0.0,0.6654411764705882,272,181,0.6654411764705882,0.0,1.0,0.32895226822697254,0.15707418361497713,0.15707418361497713,0.11145337293268598,41.81170649796779,0.7250437730678135,0.8873812754409769,2.388888888888889,2.860103626943005,0.08290155440414508
194,template_deposition,C,C,none,0,1.0,template_site:index=227:site=C:neigh=1:ahead0=30.744:mode=shell,x,yz,738,544,194,0,194,2550.1377787318493,2.4650764824847196,500.0,0.001,73.33890758690279,0.0733389075869028,-5487.7744,-5480.332,-5487.7744,-7.442383,-7.1914062,0.7458483226033881,0.0733389075869028,0.0733389075869028,10,737,227,6,6,1.4610411858811918,36.274299153321614,10.445495419695368,14.07247049315783,586.7112606952223,0.0,-2.9008977,-46.47751,36.25002648762574,0.0,36.25002648762574,30.71962917073886,0.8848266083148852,2.645253472996173,35.84326244150726,36.22270590329827,36.24456237076024,0.5560445352079496,0.16666666666666666,30.312865124620377,30.69230858641139,30.714165053873362,0.875,23,34,0,0.0,0.6691176470588235,272,182,0.6691176470588235,0.0,1.0,0.33065668412452165,0.15625188208567203,0.15625188208567203,0.11144435707581021,41.81170649796779,0.7249851217168976,0.8888888888888888,2.3684210526315788,2.8556701030927836,0.08247422680412371
195,template_deposition,C,C,none,0,1.0,template_site:index=226:site=C:neigh=2:ahead0=30.744:mode=shell,x,yz,739,544,195,0,195,2559.407945324726,9.270166592876691,500.0,0.001,73.33890758690279,0.0733389075869028,-5498.6807,-5487.7744,-5498.6807,-10.90625,-10.505371,1.0,0.0733389075869028,0.0733389075869028,10,738,226,5,5,1.3815232217083508,36.274299153321614,11.865495420494945,14.07247049315783,586.7112606952223,0.0,-2.9194865,-46.775333,36.263715601729345,0.0,36.263715601729345,30.733318284842465,0.9283303432529224,2.6588888001765656,35.84782547954179,36.22270590329827,36.25551366204313,0.5594098027330895,0.16666666666666666,30.31742816265491,30.69230858641139,30.72511634515625,0.875,23,34,0,0.0,0.6727941176470589,272,183,0.6727941176470589,0.0,1.0,0.3323611000220707,0.1554739905777175,0.1554739905777175,0.11146113295093717,41.81170649796779,0.7250942547424716,0.8930987821380244,2.45,2.8615384615384616,0.08205128205128205
196,template_deposition,C,C,none,0,1.0,template_site:index=228:site=C:neigh=1:ahead0=30.744:mode=shell,x,yz,740,544,196,0,196,2559.649501359779,0.24155603505330456,500.0,0.001,73.33890758690279,0.0733389075869028,-5506.0347,-5498.6807,-5506.0347,-7.354004,-7.129883,0.4130651143783098,0.0733389075869028,0.0733389075869028,10,739,228,4,4,1.4588291105604332,36.274299153321614,14.705495420076,14.07247049315783,586.7112606952223,0.0,-2.9320207,-46.97615,36.25488459278626,0.0,36.25488459278626,30.72448727589938,0.9601127454438725,2.6725241273569584,36.24320603732048,36.25202761587692,36.25431319740439,0.014542631592704244,0.16666666666666666,30.712808720433603,30.72163029899004,30.723915880517513,0.875,23,34,0,0.0,0.6764705882352942,272,184,0.6764705882352942,0.0,1.0,0.3340655159196198,0.15669800367568165,0.15669800367568165,0.1129147379427706,41.81170649796779,0.7345504714553175,0.8945945945945946,2.4285714285714284,2.857142857142857,0.08163265306122448
197,template_deposition,C,C,none,0,1.0,template_site:index=229:site=C:neigh=2:ahead0=30.744:mode=shell,x,yz,741,544,197,0,197,2562.1526541954604,2.5031528356814623,500.0,0.001,73.33890758690279,0.0733389075869028,-5516.311,-5506.0347,-5516.311,-10.276367,-9.631836,1.0,0.0733389075869028,0.0733389075869028,9,740,229,3,3,1.3977000757194842,36.274299153321614,16.125495420875577,14.07247049315783,586.7112606952223,0.0,-2.9495358,-47.256775,36.25202761587692,0.0,36.25202761587692,30.72163029899004,0.9804607257024827,2.686159454537351,36.23776369113538,36.23855755423094,36.249333603547726,0.011983693673685878,0.16666666666666666,30.707366374248497,30.708160237344057,30.718936286660846,0.875,23,34,0,0.0,0.6801470588235294,272,185,0.6801470588235294,0.0,1.0,0.33576993181716885,0.15587495621445938,0.15587495621445938,0.11289472931709006,41.81170649796779,0.7344203082392964,0.8987854251012146,2.5,2.8629441624365484,0.08121827411167512
198,template_deposition,C,C,none,0,1.0,template_site:index=224:site=C:neigh=1:ahead0=30.744:mode=shell,x,yz,742,544,198,0,198,2568.323907287198,6.1712530917375314,500.0,0.001,73.33890758690279,0.0733389075869028,-5524.8433,-5516.311,-5524.8433,-8.532227,-7.1450195,1.0,0.0733389075869028,0.0733389075869028,8,741,224,2,2,1.4721933018753992,36.274299153321614,3.345495419733684,14.07247049315783,586.7112606952223,0.0,-2.9640784,-47.489773,36.276169956296904,0.0,36.276169956296904,30.745772639410024,0.9671435400185668,2.6997947817177437,36.25558504213492,36.25202761587692,36.271341488212904,0.015559877002059548,0.16666666666666666,30.725187725248038,30.72163029899004,30.740944171326024,0.875,23,34,0,0.0,0.6801470588235294,272,185,0.6801470588235294,0.0,1.0,0.33747434771471796,0.155177715784081,0.155177715784081,0.1129602489898825,41.81170649796779,0.7348465369798145,0.9029649595687331,2.5454545454545454,2.8686868686868685,0.08080808080808081
199,template_deposition,C,C,none,0,1.0,template_site:index=225:site=C:neigh=1:ahead0=30.744:mode=shell,x,yz,743,544,199,0,199,2582.734272825812,14.410365538613854,500.0,0.001,73.33890758690279,0.0733389075869028,-5532.9326,-5524.8433,-5532.9326,-8.089355,-7.5825195,1.0,0.0733389075869028,0.0733389075869028,6,742,225,1,1,1.4074403766062789,36.274299153321614,1.9254954209522064,14.07247049315783,586.7112606952223,0.0,-2.977866,-47.710674,36.331379220537706,0.0,36.331379220537706,30.800981903650825,0.977327923676522,2.7134301088981365,36.27398813021519,36.25202761587692,36.31550889960555,0.04095252191251257,0.16666666666666666,30.743590813328307,30.72163029899004,30.785111582718667,0.875,24,34,0,0.0,0.6838235294117647,272,186,0.6838235294117647,0.0,1.0,0.33917876361226706,0.15449040609712716,0.15449040609712716,0.11302790740194231,41.81170649796779,0.73528667897883,0.9044414535666218,2.5217391304347827,2.864321608040201,0.08040201005025126
200,template_deposition,C,C,none,0,1.0,template_site:index=233:site=C:neigh=1:ahead0=31.974:mode=shell,x,yz,744,544,200,0,200,2610.5723931356115,27.838120309799592,500.0,0.001,73.33890758690279,0.0733389075869028,-5539.4946,-5532.9326,-5539.4946,-6.5620117,-6.09375,0.06401526493781773,0.0733389075869028,0.0733389075869028,9,743,233,8,8,1.4742442125828459,37.504055226825294,12.575495419885684,14.07247049315783,586.7112606952223,0.0,-2.9890504,-47.88987,37.493786160210774,0.0,37.493786160210774,31.963388843323894,0.7245145632906894,2.727065436078529,36.69599585700749,36.331379220537706,37.26130477227616,0.5648168095430185,0.16666666666666666,31.16559854012061,30.800981903650825,31.730907455389282,0.875,24,34,0,0.0,0.6875,272,187,0.6875,0.0,1.0,0.3408831795098161,0.15582799270060305,0.15582799270060305,0.11457940639750223,41.81170649796779,0.7453797309525115,0.9059139784946236,2.2941176470588234,2.86,0.08
201,template_deposition,C,C,none,0,1.0,template_site:index=232:site=C:neigh=2:ahead0=31.974:mode=shell,x,yz,745,544,201,0,201,2614.6616849569946,4.089291821383194,500.0,0.001,73.33890758690279,0.0733389075869028,-5550.497,-5539.4946,-5550.497,-11.002441,-10.535156,1.0,0.0733389075869028,0.0733389075869028,10,744,232,7,7,1.3767289656931385,37.504055226825294,13.99549542068526,14.07247049315783,586.7112606952223,0.0,-3.0078032,-48.190323,37.48565368410331,0.0,37.48565368410331,31.955256367216432,0.8083595662446573,2.7407007632589218,37.09805702432043,37.477138168320266,37.483950580946704,0.542134220534661,0.16666666666666666,31.567659707433553,31.946740851433386,31.953553264059824,0.875,24,34,0,0.0,0.6911764705882353,272,188,0.6911764705882353,0.0,1.0,0.3425875954073652,0.15705303337031618,0.15705303337031618,0.11605757245379983,41.81170649796779,0.7549957261124433,0.9100671140939597,2.388888888888889,2.8656716417910446,0.07960199004975124
202,template_deposition,C,C,none,0,1.0,template_site:index=238:site=C:neigh=1:ahead0=31.974:mode=shell,x,yz,746,544,202,0,202,2639.3756312918313,24.71394633483691,500.0,0.001,73.33890758690279,0.0733389075869028,-5558.002,-5550.497,-5558.002,-7.504883,-7.1972656,0.4491796824984194,0.0733389075869028,0.0733389075869028,8,745,238,6,6,1.456842071244375,37.504055226825294,16.835495420266316,14.07247049315783,586.7112606952223,0.0,-3.0205946,-48.395264,37.49843564642863,0.0,37.49843564642863,31.968038329541752,0.8716235154205101,2.754336090439314,37.10231767842887,37.477138168320266,37.49417615080696,0.545205144898167,0.16666666666666666,31.571920361541988,31.946740851433386,31.963778833920077,0.875,24,34,0,0.0,0.6948529411764706,272,189,0.6948529411764706,0.0,1.0,0.34429201130491427,0.15629663545317815,0.15629663545317815,0.11607323662331613,41.81170649796779,0.7550976270982028,0.9115281501340483,2.3684210526315788,2.8613861386138613,0.07920792079207921
203,template_deposition,C,C,none,0,1.0,template_site:index=239:site=C:neigh=1:ahead0=31.974:mode=shell,x,yz,747,544,203,0,203,2641.732413525174,2.356782233342524,500.0,0.001,73.33890758690279,0.0733389075869028,-5566.1655,-5558.002,-5566.1655,-8.163574,-7.7578125,0.9999968552592604,0.0733389075869028,0.0733389075869028,6,746,239,5,5,1.4234973769478971,37.504055226825294,18.255495419047794,14.07247049315783,586.7112606952223,0.0,-3.0345087,-48.61819,37.524773746898276,0.0,37.524773746898276,31.994376430011396,0.9147716478187257,2.767971417619707,37.11109704525209,37.477138168320266,37.51524663118268,0.5516866270626261,0.16666666666666666,31.580699728365207,31.946740851433386,31.984849314295797,0.875,24,34,0,0.0,0.6985294117647058,272,190,0.6985294117647058,0.0,1.0,0.3459964272024634,0.15556994940081384,0.15556994940081384,0.11610551370722502,41.81170649796779,0.7553076009920846,0.9129852744310576,2.35,2.857142857142857,0.07881773399014778
204,template_deposition,C,C,none,0,1.0,template_site:index=235:site=C:neigh=1:ahead0=31.974:mode=shell,x,yz,748,544,204,0,204,2647.182003871446,5.449590346272146,500.0,0.001,73.33890758690279,0.0733389075869028,-5573.568,-5566.1655,-5573.568,-7.4023438,-7.2089844,0.9999999993276989,0.0733389075869028,0.0733389075869028,10,747,235,4,4,1.4442900304037334,37.504055226825294,9.73549542030463,14.07247049315783,586.7112606952223,0.0,-3.0471253,-48.82033,37.524773746898276,0.0,37.524773746898276,31.994376430011396,0.9458270651261792,2.7816067448000994,37.114104335624134,37.48616003943641,37.517051005405904,0.5536946865925793,0.16666666666666666,31.583707018737254,31.955762722549533,31.986653688519024,0.875,24,34,0,0.0,0.7022058823529411,272,191,0.7022058823529411,0.0,1.0,0.3477008431000124,0.15482209322910417,0.15482209322910417,0.11611656992182814,41.81170649796779,0.7553795255946404,0.9144385026737968,2.3333333333333335,2.8529411764705883,0.0784313725490196
205,template_deposition,C,C,none,0,1.0,template_site:index=234:site=C:neigh=2:ahead0=31.974:mode=shell,x,yz,749,544,205,0,205,2666.516053066177,19.33404919473119,500.0,0.001,73.33890758690279,0.0733389075869028,-5584.5356,-5573.568,-5584.5356,-10.967773,-10.521484,1.0,0.0733389075869028,0.0733389075869028,10,748,234,3,3,1.3816054146546757,37.504055226825294,8.315495419505053,14.07247049315783,586.7112606952223,0.0,-3.065819,-49.11984,37.524773746898276,0.0,37.524773746898276,31.994376430011396,0.9684910531119896,2.7952420719804922,37.112636753917435,37.48175729431633,37.516170456381886,0.5527115606384709,0.16666666666666666,31.582239437030555,31.95135997742945,31.985773139495006,0.875,24,34,0,0.0,0.7058823529411765,272,192,0.7058823529411765,0.0,1.0,0.34940525899756153,0.15405970457088075,0.15405970457088075,0.11611117440084763,41.81170649796779,0.7553444258144684,0.9185580774365821,2.409090909090909,2.8585365853658535,0.07804878048780488
206,template_deposition,C,C,none,0,1.0,template_site:index=236:site=C:neigh=1:ahead0=31.974:mode=shell,x,yz,750,544,206,0,206,2677.120502686459,10.604449620282013,500.0,0.001,73.33890758690279,0.0733389075869028,-5592.0347,-5584.5356,-5592.0347,-7.4990234,-7.098633,0.999999999999958,0.0733389075869028,0.0733389075869028,10,749,236,2,2,1.4863249404596288,37.504055226825294,5.475495419923999,14.07247049315783,586.7112606952223,0.0,-3.0786004,-49.324615,37.524773746898276,0.0,37.524773746898276,31.994376430011396,0.9867629087613707,2.8088773991608846,37.48727680063748,37.470467271099224,37.51391245173846,0.026561566675899248,0.16666666666666666,31.9568794837506,31.940069954212344,31.983515134851583,0.875,24,34,0,0.0,0.7095588235294118,272,193,0.7095588235294118,0.0,1.0,0.3511096748951106,0.15513048293082815,0.15513048293082815,0.11748852751378898,41.81170649796779,0.7643045969746255,0.92,2.391304347826087,2.854368932038835,0.07766990291262135
207,template_deposition,C,C,none,0,1.0,template_site:index=237:site=C:neigh=2:ahead0=31.974:mode=shell,x,yz,751,544,207,0,207,2688.1355243982453,11.015021711786398,500.0,0.001,73.33890758690279,0.0733389075869028,-5602.145,-5592.0347,-5602.145,-10.110352,-9.519043,1.0,0.0733389075869028,0.0733389075869028,9,750,237,1,1,1.3997869218710124,37.504055226825294,4.055495419124423,14.07247049315783,586.7112606952223,0.0,-3.0958328,-49.60071,37.524773746898276,0.0,37.524773746898276,31.994376430011396,0.9952944377209566,2.8225127263412775,37.47770686702266,37.466589383914936,37.51313687430161,0.03479103687183103,0.16666666666666666,31.94730955013578,31.936192067028056,31.982739557414728,0.875,25,34,0,0.0,0.7132352941176471,272,194,0.7132352941176471,0.0,1.0,0.3528140907926597,0.1543348287446173,0.1543348287446173,0.11745334393432272,41.81170649796779,0.7640757152949149,0.9241011984021305,2.4583333333333335,2.859903381642512,0.07729468599033816
208,template_deposition,C,C,none,0,1.0,template_site:index=240:site=C:neigh=1:ahead0=33.203:mode=shell,x,yz,752,544,208,0,208,2688.666794265947,0.5312698677015801,500.0,0.001,73.33890758690279,0.0733389075869028,-5608.819,-5602.145,-5608.819,-6.673828,-6.3085938,0.9526070547222993,0.0733389075869028,0.0733389075869028,7,751,240,8,8,1.4934417730715441,38.733811300328966,3.345495419733684,14.07247049315783,586.7112606952223,0.0,-3.1072078,-49.78296,38.70574714248948,0.0,38.70574714248948,33.175349825602595,0.7094985617720545,2.8361480535216703,37.89903675776757,37.524773746898276,38.46955246337124,0.5709247403044638,0.16666666666666666,32.368639440880685,31.994376430011396,32.93915514648435,0.875,25,34,0,0.0,0.7169117647058824,272,195,0.7169117647058824,0.0,1.0,0.3545185066902088,0.15561845885038791,0.15561845885038791,0.11900235088559075,41.81170649796779,0.7741525556354397,0.925531914893617,2.2941176470588234,2.855769230769231,0.07692307692307693
209,template_deposition,C,C,none,0,1.0,template_site:index=241:site=C:neigh=1:ahead0=33.203:mode=shell,x,yz,753,544,209,0,209,2696.8912465552617,8.224452289314868,500.0,0.001,73.33890758690279,0.0733389075869028,-5617.372,-5608.819,-5617.372,-8.553223,-8.102051,0.9999999966510849,0.0733389075869028,0.0733389075869028,6,752,241,7,7,1.415460330398063,38.733811300328966,1.9254954209522064,14.07247049315783,586.7112606952223,0.0,-3.1217859,-50.016525,38.69220143056528,0.0,38.69220143056528,33.16180411367839,0.7828900652389853,2.8497833807020627,37.8945215204595,37.524773746898276,38.45871589383188,0.5645448221140748,0.16666666666666666,32.364124203572615,31.994376430011396,32.928318576944996,0.875,25,34,0,0.0,0.7205882352941176,272,196,0.7205882352941176,0.0,1.0,0.35622292258775784,0.15485226891661538,0.15485226891661538,0.11898575074842874,41.81170649796779,0.7740445658477402,0.9269588313413014,2.2777777777777777,2.851674641148325,0.07655502392344497
210,template_deposition,C,C,none,0,1.0,template_site:index=246:site=C:neigh=1:ahead0=33.203:mode=shell,x,yz,754,544,210,0,210,2697.3676166562395,0.47637010097784943,500.0,0.001,73.33890758690279,0.0733389075869028,-5624.78,-5617.372,-5624.78,-7.407715,-7.057617,0.9999999980261436,0.0733389075869028,0.0733389075869028,10,753,246,6,6,1.4996473847083525,38.733811300328966,6.185495419314738,14.07247049315783,586.7112606952223,0.0,-3.1344118,-50.218815,38.69220143056528,0.0,38.69220143056528,33.16180411367839,0.8409391670840037,2.8634187078824556,37.90152691785428,37.524773746898276,38.45871589383188,0.5592971821957857,0.16666666666666666,32.37112960096739,31.994376430011396,32.928318576944996,0.875,25,34,0,0.0,0.7242647058823529,272,197,0.7242647058823529,0.0,1.0,0.35792733848530695,0.15414823619508283,0.15414823619508283,0.11901150588590953,41.81170649796779,0.7742121121638686,0.9283819628647215,2.263157894736842,2.8476190476190477,0.0761904761904762
211,template_deposition,C,C,none,0,1.0,template_site:index=247:site=C:neigh=2:ahead0=33.203:mode=shell,x,yz,755,544,211,0,211,2711.4281707252035,14.060554068963985,500.0,0.001,73.33890758690279,0.0733389075869028,-5635.6646,-5624.78,-5635.6646,-10.884766,-10.476074,1.0,0.0733389075869028,0.0733389075869028,10,754,247,5,5,1.3869494691672326,38.733811300328966,7.605495420114314,14.07247049315783,586.7112606952223,0.0,-3.1529639,-50.516052,38.716909152611954,0.0,38.716909152611954,33.18651183572507,0.8860682521693256,2.877054035062848,38.31129477669184,38.69220143056528,38.71196760820262,0.556245818329046,0.16666666666666666,32.780897459804955,33.16180411367839,33.18157029131574,0.875,25,34,0,0.0,0.7279411764705882,272,198,0.7279411764705882,0.0,1.0,0.359631754382856,0.15535970360097134,0.15535970360097134,0.12051800536692998,41.81170649796779,0.784012426314105,0.9324503311258279,2.35,2.853080568720379,0.07582938388625593
212,template_deposition,C,C,none,0,1.0,template_site:index=243:site=C:neigh=1:ahead0=33.203:mode=shell,x,yz,756,544,212,0,212,2724.563253448785,13.135082723581638,500.0,0.001,73.33890758690279,0.0733389075869028,-5643.0615,-5635.6646,-5643.0615,-7.3969727,-7.111328,0.9999999998992208,0.0733389075869028,0.0733389075869028,10,755,243,4,4,1.4881880836224983,38.733811300328966,10.445495419695368,14.07247049315783,586.7112606952223,0.0,-3.1655715,-50.71805,38.697759289923546,0.0,38.697759289923546,33.16736197303666,0.9178483596969848,2.890689362243241,38.30491148912903,38.69220143056528,38.69664771805189,0.5516453541239689,0.16666666666666666,32.77451417224215,33.16180411367839,33.16625040116501,0.875,25,34,0,0.0,0.7316176470588235,272,199,0.7316176470588235,0.0,1.0,0.3613361702804051,0.15459676496340635,0.15459676496340635,0.12049453739794908,41.81170649796779,0.7838597588413455,0.9338624338624338,2.3333333333333335,2.849056603773585,0.07547169811320754
213,template_deposition,C,C,none,0,1.0,template_site:index=242:site=C:neigh=2:ahead0=33.203:mode=shell,x,yz,757,544,213,0,213,2733.9393733531783,9.37611990439351,500.0,0.001,73.33890758690279,0.0733389075869028,-5654.02,-5643.0615,-5654.02,-10.958496,-10.4765625,1.0,0.0733389075869028,0.0733389075869028,10,756,242,3,3,1.3983447587811035,38.733811300328966,11.865495420494945,14.07247049315783,586.7112606952223,0.0,-3.1842494,-51.0173,38.71354250372137,0.0,38.71354250372137,33.18314518683449,0.9428135115035206,2.904324689423633,38.310172560394975,38.69220143056528,38.70927428909015,0.5554291629196169,0.16666666666666666,32.77977524350809,33.16180411367839,33.17887697220327,0.875,25,34,0,0.0,0.7352941176470589,272,200,0.7352941176470589,0.0,1.0,0.36304058617795415,0.1538956584202258,0.1538956584202258,0.12051387957172092,41.81170649796779,0.7839855865510132,0.9379128137384413,2.409090909090909,2.8544600938967135,0.07511737089201878
214,template_deposition,C,C,none,0,1.0,template_site:index=244:site=C:neigh=1:ahead0=33.203:mode=shell,x,yz,758,544,214,0,214,2743.262125700881,9.322752347702572,500.0,0.001,73.33890758690279,0.0733389075869028,-5661.399,-5654.02,-5661.399,-7.3789062,-7.179199,0.9999999999999982,0.0733389075869028,0.0733389075869028,10,757,244,2,2,1.446882909513175,38.733811300328966,14.705495420076,14.07247049315783,586.7112606952223,0.0,-3.196826,-51.2188,38.71534983947157,0.0,38.71534983947157,33.18495252258469,0.9619277083228319,2.917960016604026,38.70328322468747,38.702298404025555,38.71273955238237,0.009475920800476385,0.16666666666666666,33.172885907800584,33.17190108713867,33.18234223549548,0.875,25,34,0,0.0,0.7389705882352942,272,201,0.7389705882352942,0.0,1.0,0.36474500207550326,0.15501348555047,0.15501348555047,0.12195913936691391,41.81170649796779,0.7933875147959558,0.9393139841688655,2.391304347826087,2.850467289719626,0.07476635514018691
215,template_deposition,C,C,none,0,1.0,template_site:index=245:site=C:neigh=2:ahead0=33.203:mode=shell,x,yz,759,544,215,0,215,2761.413028984209,18.15090328332808,500.0,0.001,73.33890758690279,0.0733389075869028,-5671.626,-5661.399,-5671.626,-10.227051,-9.740234,1.0,0.0733389075869028,0.0733389075869028,9,758,245,1,1,1.3918999658185716,38.733811300328966,16.125495420875577,14.07247049315783,586.7112606952223,0.0,-3.2142572,-51.49808,38.704772644201206,0.0,38.704772644201206,33.17437532731432,0.9733803428659025,2.9315953437844184,38.69975749293068,38.702298404025555,38.704277796166075,0.005437586778715559,0.16666666666666666,33.169360176043796,33.17190108713867,33.17388047927919,0.875,26,34,0,0.0,0.7426470588235294,272,202,0.7426470588235294,0.0,1.0,0.3664494179730523,0.15427609384206417,0.15427609384206417,0.12194617711780807,41.81170649796779,0.7933031907620406,0.9433465085638999,2.4583333333333335,2.855813953488372,0.07441860465116279
216,template_deposition,C,C,none,0,1.0,template_site:index=254:site=C:neigh=1:ahead0=34.433:mode=shell,x,yz,760,544,216,0,216,2773.923626478538,12.510597494329161,500.0,0.001,73.33890758690279,0.0733389075869028,-5678.249,-5671.626,-5678.249,-6.623047,-6.1816406,0.8303021686120406,0.0733389075869028,0.0733389075869028,7,759,254,8,8,1.4760873126106837,39.96356737383264,16.835495420266316,14.07247049315783,586.7112606952223,0.0,-3.2255456,-51.67894,39.96736249724464,0.0,39.96736249724464,34.43696518035776,0.7177003461626436,2.9452306709648113,39.120620777278496,38.702298404025555,39.714349678600826,0.598751001372408,0.16666666666666666,33.59022346039161,33.17190108713867,34.18395236171394,0.875,26,34,0,0.0,0.7463235294117647,272,203,0.7463235294117647,0.0,1.0,0.3681538338706014,0.15551029379810932,0.15551029379810932,0.12349346860438093,41.81170649796779,0.8033688713954841,0.9447368421052632,2.2941176470588234,2.8518518518518516,0.07407407407407407
217,template_deposition,C,C,none,0,1.0,template_site:index=255:site=C:neigh=1:ahead0=34.433:mode=shell,x,yz,761,544,217,0,217,2825.6628773498655,51.739250871327556,500.0,0.001,73.33890758690279,0.0733389075869028,-5686.532,-5678.249,-5686.532,-8.283203,-7.9282227,0.999999509731763,0.0733389075869028,0.0733389075869028,6,760,255,7,7,1.4146592090689472,39.96356737383264,18.255495419047794,14.07247049315783,586.7112606952223,0.0,-3.2396636,-51.905136,39.97459907831812,0.0,39.97459907831812,34.44420176143124,0.7995185361021269,2.958865998145204,39.12303297096965,38.702298404025555,39.72013894345961,0.6021622780207642,0.16666666666666666,33.59263565408277,33.17190108713867,34.189741626572726,0.875,26,34,0,0.0,0.75,272,204,0.75,0.0,1.0,0.3698582497681505,0.15480477259945977,0.15480477259945977,0.1235023369635396,41.81170649796779,0.8034265632213672,0.9461235216819974,2.2777777777777777,2.847926267281106,0.07373271889400922
218,template_deposition,C,C,none,0,1.0,template_site:index=248:site=C:neigh=1:ahead0=34.433:mode=shell,x,yz,762,544,218,0,218,2845.536836730007,19.873959380141454,500.0,0.001,73.33890758690279,0.0733389075869028,-5693.891,-5686.532,-5693.891,-7.3588867,-7.083496,0.9999999995211526,0.0733389075869028,0.0733389075869028,10,761,248,6,6,1.457550550819459,39.96356737383264,13.99549542068526,14.07247049315783,586.7112606952223,0.0,-3.2522063,-52.10609,39.97459907831812,0.0,39.97459907831812,34.44420176143124,0.8587418000708115,2.9725013253255965,39.13203793320959,38.729313290745374,39.72554192080357,0.595973313147748,0.16666666666666666,33.601640616322705,33.19891597385849,34.19514460391669,0.875,26,34,0,0.0,0.7536764705882353,272,205,0.7536764705882353,0.0,1.0,0.37156266566569957,0.15413596612992067,0.15413596612992067,0.12353544344236289,41.81170649796779,0.8036419326237229,0.94750656167979,2.263157894736842,2.8440366972477062,0.07339449541284404
219,template_deposition,C,C,none,0,1.0,template_site:index=249:site=C:neigh=2:ahead0=34.433:mode=shell,x,yz,763,544,219,0,219,2854.2144761698264,8.677639439819568,500.0,0.001,73.33890758690279,0.0733389075869028,-5704.8467,-5693.891,-5704.8467,-10.955566,-10.530273,1.0,0.0733389075869028,0.0733389075869028,10,762,249,5,5,1.3792384273431497,39.96356737383264,12.575495419885684,14.07247049315783,586.7112606952223,0.0,-3.270879,-52.405262,39.97459907831812,0.0,39.97459907831812,34.44420176143124,0.9036130745955361,2.9861366525059894,39.53951959031415,39.951758262059045,39.9700309150663,0.5992169743935303,0.16666666666666666,34.009122273427266,34.42136094517216,34.43963359817942,0.875,26,34,0,0.0,0.7573529411764706,272,206,0.7573529411764706,0.0,1.0,0.37326708156324867,0.1552927957690743,0.1552927957690743,0.12503353776995318,41.81170649796779,0.8133875682658454,0.9515072083879423,2.35,2.8493150684931505,0.0730593607305936
220,template_deposition,C,C,none,0,1.0,template_site:index=251:site=C:neigh=1:ahead0=34.433:mode=shell,x,yz,764,544,220,0,220,2859.931006557876,5.716530388049861,500.0,0.001,73.33890758690279,0.0733389075869028,-5712.2734,-5704.8467,-5712.2734,-7.426758,-7.1601562,0.9999999999067957,0.0733389075869028,0.0733389075869028,10,763,251,4,4,1.4685436202349196,39.96356737383264,9.73549542030463,14.07247049315783,586.7112606952223,0.0,-3.2835374,-52.60807,39.97459907831812,0.0,39.97459907831812,34.44420176143124,0.9356679069581163,2.9997719796863818,39.534768991156,39.9375064645846,39.96718055557142,0.595977648416587,0.16666666666666666,34.004371674269116,34.40710914769772,34.436783238684534,0.875,26,34,0,0.0,0.7610294117647058,272,207,0.7610294117647058,0.0,1.0,0.3749714974607977,0.15456532579213234,0.15456532579213234,0.12501607233187176,41.81170649796779,0.8132739493883575,0.9528795811518325,2.3333333333333335,2.8454545454545452,0.07272727272727272
221,template_deposition,C,C,none,0,1.0,template_site:index=250:site=C:neigh=2:ahead0=34.433:mode=shell,x,yz,765,544,221,0,221,2861.6881531085915,1.7571465507153565,500.0,0.001,73.33890758690279,0.0733389075869028,-5723.1997,-5712.2734,-5723.1997,-10.92627,-10.504883,1.0,0.0733389075869028,0.0733389075869028,10,764,250,3,3,1.3846723172299675,39.96356737383264,8.315495419505053,14.07247049315783,586.7112606952223,0.0,-3.3021603,-52.90644,39.97459907831812,0.0,39.97459907831812,34.44420176143124,0.959552468485109,3.0134073068667746,39.53634456347746,39.94223318154899,39.968125898964296,0.5970455646768896,0.16666666666666666,34.00594724659058,34.41183586466211,34.43772858207741,0.875,26,34,0,0.0,0.7647058823529411,272,208,0.7647058823529411,0.0,1.0,0.3766759133583468,0.15387306446421076,0.15387306446421076,0.12502186487717126,41.81170649796779,0.8133116319527259,0.9568627450980393,2.409090909090909,2.8506787330316743,0.07239819004524888
222,template_deposition,C,C,none,0,1.0,template_site:index=252:site=C:neigh=1:ahead0=34.433:mode=shell,x,yz,766,544,222,0,222,2876.9657821826286,15.277629074036998,500.0,0.001,73.33890758690279,0.0733389075869028,-5730.7173,-5723.1997,-5730.7173,-7.517578,-7.1103516,0.9999999999999956,0.0733389075869028,0.0733389075869028,10,765,252,2,2,1.4749579066041227,39.96356737383264,5.475495419923999,14.07247049315783,586.7112606952223,0.0,-3.3149734,-53.11173,39.97459907831812,0.0,39.97459907831812,34.44420176143124,0.9768222296024116,3.027042634047167,39.94838546222609,39.935907297542094,39.96686072216291,0.018542931158829455,0.16666666666666666,34.41798814533921,34.40550998065521,34.43646340527603,0.875,26,34,0,0.0,0.7683823529411765,272,209,0.7683823529411765,0.0,1.0,0.3783803292558959,0.1550359826366631,0.1550359826366631,0.1265367211225706,41.81170649796779,0.8231663098231127,0.95822454308094,2.391304347826087,2.8468468468468466,0.07207207207207207
223,template_deposition,C,C,none,0,1.0,template_site:index=253:site=C:neigh=2:ahead0=34.433:mode=shell,x,yz,767,544,223,0,223,2902.882522338386,25.91674015575729,500.0,0.001,73.33890758690279,0.0733389075869028,-5742.155,-5730.7173,-5742.155,-11.4375,-9.995117,1.0,0.0733389075869028,0.0733389075869028,9,766,253,1,1,1.397902874535556,39.96356737383264,4.055495419124423,14.07247049315783,586.7112606952223,0.0,-3.3344676,-53.42406,39.97459907831812,0.0,39.97459907831812,34.44420176143124,0.9876451362098098,3.04067796122756,39.940113357147474,39.935907297542094,39.96686072216291,0.02660710310281011,0.16666666666666666,34.40971604026059,34.40550998065521,34.43646340527603,0.875,27,34,0,0.0,0.7720588235294118,272,210,0.7720588235294118,0.0,1.0,0.380084745153445,0.15430365937336588,0.15430365937336588,0.1265063089715463,41.81170649796779,0.8229684679799671,0.9621903520208605,2.4583333333333335,2.8520179372197307,0.07174887892376682
224,template_deposition,C,C,none,0,1.0,template_site:index=262:site=C:neigh=1:ahead0=35.663:mode=shell,x,yz,768,544,224,0,224,2908.8993739267903,6.016851588404188,500.0,0.001,73.33890758690279,0.0733389075869028,-5748.7744,-5742.155,-5748.7744,-6.619629,-6.0996094,0.20490897442135245,0.0733389075869028,0.0733389075869028,9,767,262,8,8,1.5210843189409184,41.19332344733631,6.185495419314738,14.07247049315783,586.7112606952223,0.0,-3.34575,-53.604828,41.15676794525005,0.0,41.15676794525005,35.62637062836317,0.7430781242308334,3.0543132884079522,40.36109153487531,39.97459907831812,40.920334171863665,0.5627044449395634,0.16666666666666666,34.83069421798842,34.44420176143124,35.38993685497678,0.875,27,34,0,0.0,0.7757352941176471,272,211,0.7757352941176471,0.0,1.0,0.38178916105099403,0.15549417061601975,0.15549417061601975,0.12805402286025155,41.81170649796779,0.8330368964892961,0.9635416666666666,2.2941176470588234,2.8482142857142856,0.07142857142857142
225,template_deposition,C,C,none,0,1.0,template_site:index=263:site=C:neigh=2:ahead0=35.663:mode=shell,x,yz,769,544,225,0,225,2911.3534172415325,2.4540433147420506,500.0,0.001,73.33890758690279,0.0733389075869028,-5759.771,-5748.7744,-5759.771,-10.996582,-10.548828,1.0,0.0733389075869028,0.0733389075869028,10,768,263,7,7,1.3907985816634842,41.19332344733631,7.605495420114314,14.07247049315783,586.7112606952223,0.0,-3.364493,-53.90512,41.170755135110525,0.0,41.170755135110525,35.64035781822364,0.826585156232563,3.067948615588345,40.76062292317339,41.136514556091534,41.16390701930673,0.5559785474420679,0.16666666666666666,35.23022560628651,35.60611723920465,35.63350970241984,0.875,27,34,0,0.0,0.7794117647058824,272,212,0.7794117647058824,0.0,1.0,0.38349357694854314,0.1565787804723845,0.1565787804723845,0.1295228882584063,41.81170649796779,0.8425923875649236,0.9674902470741222,2.388888888888889,2.8533333333333335,0.07111111111111111
226,template_deposition,C,C,none,0,1.0,template_site:index=259:site=C:neigh=1:ahead0=35.663:mode=shell,x,yz,770,544,226,0,226,2917.711286346163,6.357869104630523,500.0,0.001,73.33890758690279,0.0733389075869028,-5767.2183,-5759.771,-5767.2183,-7.4472656,-7.178711,0.7626478247126091,0.0733389075869028,0.0733389075869028,10,769,259,6,6,1.4732559025727996,41.19332344733631,10.445495419695368,14.07247049315783,586.7112606952223,0.0,-3.3771863,-54.10849,41.16204372263148,0.0,41.16204372263148,35.6316464057446,0.8848751072168438,3.081583942768738,40.757719119013714,41.136514556091534,41.156937889323494,0.55384756217474,0.16666666666666666,35.22732180212683,35.60611723920465,35.62654057243661,0.875,27,34,0,0.0,0.7830882352941176,272,213,0.7830882352941176,0.0,1.0,0.38519799284609224,0.15587310531914528,0.15587310531914528,0.12951221250781922,41.81170649796779,0.8425229380159122,0.9688311688311688,2.3684210526315788,2.849557522123894,0.07079646017699115
227,template_deposition,C,C,none,0,1.0,template_site:index=258:site=C:neigh=2:ahead0=35.663:mode=shell,x,yz,771,544,227,0,227,2920.54723497655,2.835948630386942,500.0,0.001,73.33890758690279,0.0733389075869028,-5778.118,-5767.2183,-5778.118,-10.899902,-10.494629,1.0,0.0733389075869028,0.0733389075869028,10,770,258,5,5,1.38509095440377,41.19332344733631,11.865495420494945,14.07247049315783,586.7112606952223,0.0,-3.395764,-54.40614,41.180818572038284,0.0,41.180818572038284,35.6504212551514,0.9286121087517929,3.0952192699491303,40.763977402149315,41.136514556091534,41.171957768848934,0.5584677341071483,0.16666666666666666,35.23358008526243,35.60611723920465,35.64156045196205,0.875,27,34,0,0.0,0.7867647058823529,272,214,0.7867647058823529,0.0,1.0,0.3869024087436413,0.15521400918617811,0.15521400918617811,0.1295352209017001,41.81170649796779,0.8426726157894301,0.9727626459143969,2.45,2.854625550660793,0.07048458149779736
228,template_deposition,C,C,none,0,1.0,template_site:index=256:site=C:neigh=1:ahead0=35.663:mode=shell,x,yz,772,544,228,0,228,2929.365567846705,8.818332870154938,500.0,0.001,73.33890758690279,0.0733389075869028,-5786.6587,-5778.118,-5786.6587,-8.540527,-7.1274414,0.5536225402818786,0.0733389075869028,0.0733389075869028,8,771,256,4,4,1.47873016079406,41.19332344733631,3.345495419733684,14.07247049315783,586.7112606952223,0.0,-3.4103208,-54.639362,41.19121356948969,0.0,41.19121356948969,35.66081625260281,0.9330125552173928,3.108854597129523,40.78221040661536,41.180818572038284,41.18913456999941,0.571083214711909,0.16666666666666666,35.25181308972848,35.6504212551514,35.65873725311253,0.875,27,34,0,0.0,0.7867647058823529,272,214,0.7867647058823529,0.0,1.0,0.3886068246411904,0.15461321530582667,0.15461321530582667,0.1296022540063547,41.81170649796779,0.8431086899416997,0.9766839378238342,2.5,2.8596491228070176,0.07017543859649122
229,template_deposition,C,C,none,0,1.0,template_site:index=257:site=C:neigh=1:ahead0=35.663:mode=shell,x,yz,773,544,229,0,229,2931.8253576262205,2.4597897795156425,500.0,0.001,73.33890758690279,0.0733389075869028,-5794.7544,-5786.6587,-5794.7544,-8.095703,-7.5791016,0.9999771510504794,0.0733389075869028,0.0733389075869028,6,772,257,3,3,1.407378618221724,41.19332344733631,1.9254954209522064,14.07247049315783,586.7112606952223,0.0,-3.4241192,-54.86044,41.25069184113585,0.0,41.25069184113585,35.72029452424896,0.9535764457383723,3.1224899243099156,40.80203649716408,41.180818572038284,41.23671718731634,0.5857815747719435,0.16666666666666666,35.2716391802772,35.6504212551514,35.70631987042945,0.875,27,34,0,0.0,0.7904411764705882,272,215,0.7904411764705882,0.0,1.0,0.39031124053873945,0.15402462524138513,0.15402462524138513,0.12967514404513675,41.81170649796779,0.8435828655305312,0.9780077619663649,2.4761904761904763,2.8558951965065504,0.06986899563318777
230,template_deposition,C,C,none,0,1.0,template_site:index=260:site=C:neigh=1:ahead0=35.663:mode=shell,x,yz,774,544,230,0,230,2934.4251416954908,2.5997840692703305,500.0,0.001,73.33890758690279,0.0733389075869028,-5802.1016,-5794.7544,-5802.1016,-7.347168,-7.1186523,1.0,0.0733389075869028,0.0733389075869028,10,773,260,2,2,1.4663248483124716,41.19332344733631,14.705495420076,14.07247049315783,586.7112606952223,0.0,-3.436642,-55.061073,41.25069184113585,0.0,41.25069184113585,35.72029452424896,0.9696032489679521,3.1361252514903084,41.19582607692976,41.17054620954879,41.234662714818434,0.038835761301766684,0.16666666666666666,35.66542876004288,35.640148892661905,35.70426539793155,0.875,27,34,0,0.0,0.7941176470588235,272,216,0.7941176470588235,0.0,1.0,0.39201565643628855,0.15506708156540383,0.15506708156540383,0.13112289985309883,41.81170649796779,0.8530010312249837,0.979328165374677,2.4545454545454546,2.8521739130434782,0.06956521739130435
231,template_deposition,C,C,none,0,1.0,template_site:index=261:site=C:neigh=2:ahead0=35.663:mode=shell,x,yz,775,544,231,0,231,2935.9708339444464,1.5456922489555434,500.0,0.001,73.33890758690279,0.0733389075869028,-5812.384,-5802.1016,-5812.384,-10.282227,-9.614258,1.0,0.0733389075869028,0.0733389075869028,9,774,261,1,1,1.401806404957739,41.19332344733631,16.125495420875577,14.07247049315783,586.7112606952223,0.0,-3.4541671,-55.341858,41.25069184113585,0.0,41.25069184113585,35.72029452424896,0.9781955281511796,3.149760578670701,41.19016056138915,41.16624018010465,41.23380150892961,0.04311449236153587,0.16666666666666666,35.659763244502265,35.63584286321777,35.703404192042726,0.875,28,34,0,0.0,0.7977941176470589,272,217,0.7977941176470589,0.0,1.0,0.3937200723338376,0.15437126945671975,0.15437126945671975,0.13110207075184657,41.81170649796779,0.8528655305239806,0.983225806451613,2.5217391304347827,2.857142857142857,0.06926406926406926
232,template_deposition,C,C,none,0,1.0,template_site:index=268:site=C:neigh=1:ahead0=36.893:mode=shell,x,yz,776,544,232,0,232,2940.9648376573414,4.994003712895064,500.0,0.001,73.33890758690279,0.0733389075869028,-5819.056,-5812.384,-5819.056,-6.6723633,-6.1557617,0.280498316863987,0.0733389075869028,0.0733389075869028,9,775,268,8,8,1.5039266274866314,42.423079520839984,5.475495419923999,14.07247049315783,586.7112606952223,0.0,-3.4655395,-55.524063,42.397438183829316,0.0,42.397438183829316,36.86704086694243,0.7250911123904472,3.1633959058510936,41.57240934228697,41.16624018010465,42.15119858308438,0.5834064931298408,0.16666666666666666,36.04201202540008,35.63584286321777,36.620801266197496,0.875,28,34,0,0.0,0.8014705882352942,272,218,0.8014705882352942,0.0,1.0,0.3954244882313867,0.15535350010948312,0.15535350010948312,0.1325073971522062,41.81170649796779,0.862007677853375,0.9845360824742269,2.2941176470588234,2.853448275862069,0.06896551724137931
233,template_deposition,C,C,none,0,1.0,template_site:index=269:site=C:neigh=2:ahead0=36.893:mode=shell,x,yz,777,544,233,0,233,2988.2603767149,47.29553905755827,500.0,0.001,73.33890758690279,0.0733389075869028,-5829.282,-5819.056,-5829.282,-10.226074,-9.595215,1.0,0.0733389075869028,0.0733389075869028,9,776,269,7,7,1.3986144739187554,42.423079520839984,4.055495419124423,14.07247049315783,586.7112606952223,0.0,-3.482969,-55.803318,42.37422172980818,0.0,42.37422172980818,36.84382441292129,0.8041241493337753,3.177031233031486,41.564670524279926,41.16624018010465,42.13262541986747,0.5724625915497279,0.16666666666666666,36.03427320739304,35.63584286321777,36.60222810298059,0.875,28,34,0,0.0,0.8051470588235294,272,219,0.8051470588235294,0.0,1.0,0.39712890412893576,0.1546535330789401,0.1546535330789401,0.1324789456154156,41.81170649796779,0.8618225905021228,0.9884169884169884,2.388888888888889,2.8583690987124464,0.06866952789699571
234,template_deposition,C,C,none,0,1.0,template_site:index=266:site=C:neigh=1:ahead0=36.893:mode=shell,x,yz,778,544,234,0,234,3002.164155722134,13.903779007234153,500.0,0.001,73.33890758690279,0.0733389075869028,-5836.682,-5829.282,-5836.682,-7.3999023,-7.0649414,0.9999999992254835,0.0733389075869028,0.0733389075869028,10,777,266,6,6,1.5061885712462721,42.423079520839984,8.315495419505053,14.07247049315783,586.7112606952223,0.0,-3.4955816,-56.005394,42.37152634298741,0.0,42.37152634298741,36.841129026100525,0.8609940808589293,3.190666560211879,41.959273514737966,42.35274453829956,42.367769982049836,0.5697843937723189,0.16666666666666666,36.42887619785108,36.82234722141268,36.83737266516295,0.875,28,34,0,0.0,0.8088235294117647,272,220,0.8088235294117647,0.0,1.0,0.39883332002648486,0.15567895811047472,0.15567895811047472,0.13392969190386428,41.81170649796779,0.8712602103341959,0.9897172236503856,2.3684210526315788,2.8547008547008548,0.06837606837606838
235,template_deposition,C,C,none,0,1.0,template_site:index=267:site=C:neigh=2:ahead0=36.893:mode=shell,x,yz,779,544,235,0,235,3004.6095229973007,2.4453672751667304,500.0,0.001,73.33890758690279,0.0733389075869028,-5847.6284,-5836.682,-5847.6284,-10.946289,-10.453125,1.0,0.0733389075869028,0.0733389075869028,10,778,267,5,5,1.4068375184099884,42.423079520839984,9.73549542030463,14.07247049315783,586.7112606952223,0.0,-3.5142386,-56.30431,42.40027284127257,0.0,42.40027284127257,36.869875524385684,0.9046173411924491,3.2043018873922717,41.96885568083302,42.35274453829956,42.39076718067797,0.5768348475495549,0.16666666666666666,36.43845836394614,36.82234722141268,36.860369863791085,0.875,28,34,0,0.0,0.8125,272,221,0.8125,0.0,1.0,0.40053773592403397,0.15505726963381336,0.15505726963381336,0.13396492045568434,41.81170649796779,0.8714893845750398,0.993581514762516,2.45,2.8595744680851065,0.06808510638297872
236,template_deposition,C,C,none,0,1.0,template_site:index=265:site=C:neigh=1:ahead0=36.893:mode=shell,x,yz,780,544,236,0,236,3010.957940814223,6.348417816922221,500.0,0.001,73.33890758690279,0.0733389075869028,-5855.0176,-5847.6284,-5855.0176,-7.38916,-7.17041,0.9999999999357243,0.0733389075869028,0.0733389075869028,10,779,265,4,4,1.4593797687130907,42.423079520839984,12.575495419885684,14.07247049315783,586.7112606952223,0.0,-3.5268328,-56.506092,42.39818116840643,0.0,42.39818116840643,36.86778385151955,0.9373359470632341,3.217937214572664,41.97534449319374,42.35274453829956,42.38909384238506,0.5661567675997369,0.16666666666666666,36.444947176306854,36.82234722141268,36.858696525498175,0.875,28,34,0,0.0,0.8161764705882353,272,222,0.8161764705882353,0.0,1.0,0.402242151821583,0.15442774227248668,0.15442774227248668,0.13398877638348108,41.81170649796779,0.871644575857678,0.9948717948717949,2.4285714285714284,2.8559322033898304,0.06779661016949153
237,template_deposition,C,C,none,0,1.0,template_site:index=264:site=C:neigh=2:ahead0=36.893:mode=shell,x,yz,781,544,237,0,237,3016.2032633944027,5.2453225801795345,500.0,0.001,73.33890758690279,0.0733389075869028,-5865.925,-5855.0176,-5865.925,-10.907227,-10.412109,1.0,0.0733389075869028,0.0733389075869028,10,780,264,3,3,1.3911063462554196,42.423079520839984,13.99549542068526,14.07247049315783,586.7112606952223,0.0,-3.5454233,-56.803944,42.40316087890222,0.0,42.40316087890222,36.872763562015336,0.9606782637508622,3.231572541753057,42.38127934699897,42.387932623795145,42.400115227880804,0.02111320943604849,0.16666666666666666,36.85088203011209,36.85753530690826,36.86971791099392,0.875,28,34,0,0.0,0.8198529411764706,272,223,0.8198529411764706,0.0,1.0,0.4039465677191321,0.15548895371355312,0.15548895371355312,0.1354811839342356,41.81170649796779,0.8813532169968519,0.998719590268886,2.5,2.8607594936708862,0.06751054852320675
238,template_deposition,C,C,none,0,1.0,template_site:index=270:site=C:neigh=1:ahead0=36.893:mode=shell,x,yz,782,544,238,0,238,3094.054172847975,77.85090945357244,500.0,0.001,73.33890758690279,0.0733389075869028,-5873.461,-5865.925,-5873.461,-7.536133,-7.1987305,1.0,0.0733389075869028,0.0733389075869028,8,781,270,2,2,1.4615640230750524,42.423079520839984,16.835495420266316,14.07247049315783,586.7112606952223,0.0,-3.5582678,-57.009735,42.413836588830314,0.0,42.413836588830314,36.88343927194343,0.982340891280564,3.2452078689334494,42.38483791697501,42.387932623795145,42.40865579582328,0.02503654085851298,0.16666666666666666,36.854440600088125,36.85753530690826,36.878258478936395,0.875,28,34,0,0.0,0.8235294117647058,272,224,0.8235294117647058,0.0,1.0,0.40565098361668117,0.1548505907566728,0.1548505907566728,0.13549426691208868,41.81170649796779,0.8814383264141441,1.0,2.4782608695652173,2.857142857142857,0.06722689075630252
239,template_deposition,C,C,none,0,1.0,template_site:index=271:site=C:neigh=1:ahead0=36.893:mode=shell,x,yz,783,544,239,0,239,3098.0083848814,3.954212033425134,500.0,0.001,73.33890758690279,0.0733389075869028,-5881.647,-5873.461,-5881.647,-8.186035,-7.7348633,1.0,0.0733389075869028,0.0733389075869028,6,782,271,1,1,1.4264845350780075,42.423079520839984,18.255495419047794,14.07247049315783,586.7112606952223,0.0,-3.5722203,-57.23328,42.4537112789842,0.0,42.4537112789842,36.92331396209732,0.9974815112214895,3.258843196113842,42.398129480359636,42.387932623795145,42.44055554794639,0.04184537086279642,0.16666666666666666,36.86773216347275,36.85753530690826,36.910158231059505,0.875,29,34,0,0.0,0.8272058823529411,272,225,0.8272058823529411,0.0,1.0,0.4073553995142303,0.1542582935710157,0.1542582935710157,0.13554313295394393,41.81170649796779,0.8817562173709572,1.0012771392081736,2.4583333333333335,2.8535564853556483,0.06694560669456066
240,template_deposition,C,C,none,0,1.0,template_site:index=272:site=C:neigh=1:ahead0=38.122:mode=shell,x,yz,784,544,240,0,240,3106.5320340308203,8.52364914941996,500.0,0.001,73.33890758690279,0.0733389075869028,-5888.31,-5881.647,-5888.31,-6.663086,-6.2319336,0.9434086121848326,0.0733389075869028,0.0733389075869028,7,783,272,8,8,1.4995768537506082,43.65283559434366,3.345495419733684,14.07247049315783,586.7112606952223,0.0,-3.583577,-57.415234,43.62407380104604,0.0,43.62407380104604,38.093676484159154,0.709463354818729,3.2724785232942346,42.82190590127513,42.4537112789842,43.39000129663367,0.567853685636699,0.16666666666666666,37.29150858438825,36.92331396209732,37.85960397974679,0.875,29,34,0,0.0,0.8308823529411765,272,226,0.8308823529411765,0.0,1.0,0.4090598154117793,0.15538128576828436,0.15538128576828436,0.13710113450142739,41.81170649796779,0.8918915707542517,1.0025510204081634,2.2941176470588234,2.85,0.06666666666666667
241,template_deposition,C,C,none,0,1.0,template_site:index=273:site=C:neigh=1:ahead0=38.122:mode=shell,x,yz,785,544,241,0,241,3143.5838247408046,37.05179070998408,500.0,0.001,73.33890758690279,0.0733389075869028,-5896.863,-5888.31,-5896.863,-8.552734,-8.101074,0.9999999994085871,0.0733389075869028,0.0733389075869028,6,784,273,7,7,1.415042934538489,43.65283559434366,1.9254954209522064,14.07247049315783,586.7112606952223,0.0,-3.5981543,-57.64879,43.610719678483896,0.0,43.610719678483896,38.08032236159701,0.7831832559513693,3.2861138504746275,42.81745452708774,42.4537112789842,43.37931799858396,0.5615656139664574,0.16666666666666666,37.28705721020086,36.92331396209732,37.848920681697074,0.875,29,34,0,0.0,0.8345588235294118,272,227,0.8345588235294118,0.0,1.0,0.41076423130932843,0.154718079710377,0.154718079710377,0.13708476915515022,41.81170649796779,0.8917851083646431,1.0038216560509554,2.2777777777777777,2.8464730290456433,0.06639004149377593
242,template_deposition,C,C,none,0,1.0,template_site:index=278:site=C:neigh=1:ahead0=38.122:mode=shell,x,yz,786,544,242,0,242,3162.36728565602,18.78346091521545,500.0,0.001,73.33890758690279,0.0733389075869028,-5904.223,-5896.863,-5904.223,-7.3603516,-6.984375,0.9999999984033414,0.0733389075869028,0.0733389075869028,10,785,278,6,6,1.509242404134991,43.65283559434366,6.185495419314738,14.07247049315783,586.7112606952223,0.0,-3.6106994,-57.849785,43.610719678483896,0.0,43.610719678483896,38.08032236159701,0.8415646524279087,3.29974917765502,42.815886598913245,42.4537112789842,43.37931799858396,0.5627679580204594,0.16666666666666666,37.28548928202636,36.92331396209732,37.848920681697074,0.875,29,34,0,0.0,0.8382352941176471,272,228,0.8382352941176471,0.0,1.0,0.4124686472068775,0.1540722697604395,0.1540722697604395,0.1370790047133322,41.81170649796779,0.8917476086234026,1.005089058524173,2.263157894736842,2.84297520661157,0.06611570247933884
243,template_deposition,C,C,none,0,1.0,template_site:index=279:site=C:neigh=2:ahead0=38.122:mode=shell,x,yz,787,544,243,0,243,3180.4466546203325,18.07936896431235,500.0,0.001,73.33890758690279,0.0733389075869028,-5915.1675,-5904.223,-5915.1675,-10.944336,-10.450684,1.0,0.0733389075869028,0.0733389075869028,10,786,279,5,5,1.399429702493481,43.65283559434366,7.605495420114314,14.07247049315783,586.7112606952223,0.0,-3.6293533,-58.14865,43.62315222973879,0.0,43.62315222973879,38.09275491285191,0.8858231643528822,3.3133845048354127,43.229194395735625,43.610719678483896,43.62066571948781,0.548372859988262,0.16666666666666666,37.69879707884874,38.08032236159701,38.09026840260093,0.875,29,34,0,0.0,0.8419117647058824,272,229,0.8419117647058824,0.0,1.0,0.4141730631044266,0.15513908262900716,0.15513908262900716,0.13859851867223802,41.81170649796779,0.9016325865743138,1.008894536213469,2.35,2.847736625514403,0.06584362139917696
244,template_deposition,C,C,none,0,1.0,template_site:index=275:site=C:neigh=1:ahead0=38.122:mode=shell,x,yz,788,544,244,0,244,3202.0407144013093,21.594059780976544,500.0,0.001,73.33890758690279,0.0733389075869028,-5922.5684,-5915.1675,-5922.5684,-7.400879,-7.1240234,0.9999999999323486,0.0733389075869028,0.0733389075869028,10,787,275,4,4,1.485428206862678,43.65283559434366,10.445495419695368,14.07247049315783,586.7112606952223,0.0,-3.6419673,-58.35075,43.61379927869326,0.0,43.61379927869326,38.08340196180637,0.9182266234482774,3.3270198320158055,43.226076745387125,43.610719678483896,43.61318335865138,0.5461463059493668,0.16666666666666666,37.69567942850024,38.08032236159701,38.0827860417645,0.875,29,34,0,0.0,0.8455882352941176,272,230,0.8455882352941176,0.0,1.0,0.4158774790019757,0.15449048946106655,0.15449048946106655,0.13858705672242735,41.81170649796779,0.901558022520138,1.0101522842639594,2.3333333333333335,2.8442622950819674,0.06557377049180328
245,template_deposition,C,C,none,0,1.0,template_site:index=274:site=C:neigh=2:ahead0=38.122:mode=shell,x,yz,789,544,245,0,245,3202.375654615106,0.3349402137968199,500.0,0.001,73.33890758690279,0.0733389075869028,-5933.526,-5922.5684,-5933.526,-10.95752,-10.47998,1.0,0.0733389075869028,0.0733389075869028,10,788,274,3,3,1.3988731849098395,43.65283559434366,11.865495420494945,14.07247049315783,586.7112606952223,0.0,-3.6606436,-58.64998,43.62986472598688,0.0,43.62986472598688,38.099467409099994,0.9430242366213182,3.340655159196198,43.23143189448499,43.610719678483896,43.62603571648628,0.5499870604794074,0.16666666666666666,37.70103457759811,38.08032236159701,38.095638399599395,0.875,29,34,0,0.0,0.8492647058823529,272,231,0.8492647058823529,0.0,1.0,0.41758189489952474,0.15388177378611473,0.15388177378611473,0.13860674477058127,41.81170649796779,0.9016861002654968,1.0139416983523448,2.409090909090909,2.8489795918367347,0.0653061224489796
246,template_deposition,C,C,none,0,1.0,template_site:index=276:site=C:neigh=1:ahead0=38.122:mode=shell,x,yz,790,544,246,0,246,3215.4774113690282,13.10175675392186,500.0,0.001,73.33890758690279,0.0733389075869028,-5940.924,-5933.526,-5940.924,-7.397949,-7.169922,0.999999999999996,0.0733389075869028,0.0733389075869028,10,789,276,2,2,1.451356658348429,43.65283559434366,14.705495420076,14.07247049315783,586.7112606952223,0.0,-3.6732528,-58.852,43.632410100911265,0.0,43.632410100911265,38.10201278402438,0.9621455800408814,3.3542904863765908,43.62030264511609,43.61777815595312,43.62948371191963,0.009033212437810155,0.16666666666666666,38.08990532822921,38.087380839066235,38.09908639503275,0.875,29,34,0,0.0,0.8529411764705882,272,232,0.8529411764705882,0.0,1.0,0.41928631079707385,0.15483701352938703,0.15483701352938703,0.1400364166479015,41.81170649796779,0.9109866235687013,1.0151898734177216,2.391304347826087,2.845528455284553,0.06504065040650407
247,template_deposition,C,C,none,0,1.0,template_site:index=277:site=C:neigh=2:ahead0=38.122:mode=shell,x,yz,791,544,247,0,247,3220.6621229236484,5.18471155462006,500.0,0.001,73.33890758690279,0.0733389075869028,-5951.112,-5940.924,-5951.112,-10.187988,-9.680176,1.0,0.0733389075869028,0.0733389075869028,9,790,277,1,1,1.3950939976461798,43.65283559434366,16.125495420875577,14.07247049315783,586.7112606952223,0.0,-3.6906173,-59.13021,43.61778982557231,0.0,43.61778982557231,38.087392508685426,0.9735011227820891,3.367925813556983,43.61542922000311,43.61777815595312,43.61778749164847,0.003330152152268485,0.16666666666666666,38.085031903116224,38.087380839066235,38.08739017476159,0.875,30,34,0,0.0,0.8566176470588235,272,233,0.8566176470588235,0.0,1.0,0.4209907266946229,0.15419041256322358,0.15419041256322358,0.14001849964380964,41.81170649796779,0.9108700670939442,1.0189633375474083,2.4583333333333335,2.8502024291497974,0.06477732793522267
248,template_deposition,C,C,none,0,1.0,template_site:index=286:site=C:neigh=1:ahead0=39.352:mode=shell,x,yz,792,544,248,0,248,3227.2470092502263,6.584886326577805,500.0,0.001,73.33890758690279,0.0733389075869028,-5957.7275,-5951.112,-5957.7275,-6.6157227,-6.1708984,0.8415254658239175,0.0733389075869028,0.0733389075869028,7,791,286,8,8,1.4814196747665815,44.88259166784733,16.835495420266316,14.07247049315783,586.7112606952223,0.0,-3.7018933,-59.31087,44.880380088809225,0.0,44.880380088809225,39.34998277192234,0.7150574869913745,3.381561140737376,44.03629264108208,43.61777815595312,44.627859702238005,0.5968669143027563,0.16666666666666666,38.505895324195194,38.087380839066235,39.09746238535112,0.875,30,34,0,0.0,0.8602941176470589,272,234,0.8602941176470589,0.0,1.0,0.422695142592172,0.15526570695239997,0.15526570695239997,0.14156579163307056,41.81170649796779,0.9209357509975521,1.02020202020202,2.2941176470588234,2.846774193548387,0.06451612903225806
249,template_deposition,C,C,none,0,1.0,template_site:index=287:site=C:neigh=1:ahead0=39.352:mode=shell,x,yz,793,544,249,0,249,3262.1240085407126,34.87699929048634,500.0,0.001,73.33890758690279,0.0733389075869028,-5966.075,-5957.7275,-5966.075,-8.347656,-7.9765625,0.9999998558234106,0.0733389075869028,0.0733389075869028,6,792,287,7,7,1.412952011076282,44.88259166784733,18.255495419047794,14.07247049315783,586.7112606952223,0.0,-3.7161212,-59.538826,44.879541305660986,0.0,44.879541305660986,39.3491439887741,0.7941109869580164,3.3951964679177684,44.03601304669933,43.61777815595312,44.62718867571941,0.5964715127459725,0.16666666666666666,38.50561572981245,38.087380839066235,39.096791358832526,0.875,30,34,0,0.0,0.8639705882352942,272,235,0.8639705882352942,0.0,1.0,0.42439955848972105,0.15464102702735924,0.15464102702735924,0.14156476371254575,41.81170649796779,0.920929064009477,1.021437578814628,2.2777777777777777,2.8433734939759034,0.0642570281124498
250,template_deposition,C,C,none,0,1.0,template_site:index=280:site=C:neigh=1:ahead0=39.352:mode=shell,x,yz,794,544,250,0,250,3280.81335361411,18.68934507339737,500.0,0.001,73.33890758690279,0.0733389075869028,-5973.429,-5966.075,-5973.429,-7.354004,-7.0844727,0.9999999996233386,0.0733389075869028,0.0733389075869028,10,793,280,6,6,1.458965972410552,44.88259166784733,13.99549542068526,14.07247049315783,586.7112606952223,0.0,-3.7286553,-59.739647,44.879541305660986,0.0,44.879541305660986,39.3491439887741,0.8545199646941599,3.4088317950981613,44.04493069950374,43.64453111436634,44.63253926740206,0.5903202245288752,0.16666666666666666,38.514533382616854,38.114133797479454,39.102141950515175,0.875,30,34,0,0.0,0.8676470588235294,272,236,0.8676470588235294,0.0,1.0,0.42610397438727016,0.1540581335304674,0.1540581335304674,0.14159754920079726,41.81170649796779,0.9211423452541648,1.022670025188917,2.263157894736842,2.84,0.064
251,template_deposition,C,C,none,0,1.0,template_site:index=281:site=C:neigh=2:ahead0=39.352:mode=shell,x,yz,795,544,251,0,251,3297.0306166321634,16.217263018053487,500.0,0.001,73.33890758690279,0.0733389075869028,-5984.39,-5973.429,-5984.39,-10.9609375,-10.523926,1.0,0.0733389075869028,0.0733389075869028,10,794,281,5,5,1.3808516268682938,44.88259166784733,12.575495419885684,14.07247049315783,586.7112606952223,0.0,-3.7473373,-60.038963,44.879541305660986,0.0,44.879541305660986,39.3491439887741,0.8996783513548376,3.4224671222785537,44.452745605272774,44.86797583167345,44.87722821086348,0.5954209637366625,0.16666666666666666,38.92234828838589,39.337578514786564,39.346830893976595,0.875,30,34,0,0.0,0.8713235294117647,272,237,0.8713235294117647,0.0,1.0,0.4278083902848192,0.15506911668679638,0.15506911668679638,0.14309686870730107,41.81170649796779,0.9308959511202363,1.0264150943396226,2.35,2.8446215139442232,0.06374501992031872
252,template_deposition,C,C,none,0,1.0,template_site:index=283:site=C:neigh=1:ahead0=39.352:mode=shell,x,yz,796,544,252,0,252,3356.814607844394,59.78399121223058,500.0,0.001,73.33890758690279,0.0733389075869028,-5991.816,-5984.39,-5991.816,-7.4257812,-7.1591797,0.9999999999405671,0.0733389075869028,0.0733389075869028,10,795,283,4,4,1.4692963563014534,44.88259166784733,9.73549542030463,14.07247049315783,586.7112606952223,0.0,-3.759994,-60.24175,44.879541305660986,0.0,44.879541305660986,39.3491439887741,0.9319084709901424,3.4361024494589465,44.44870057052043,44.8558407274164,44.87480119001207,0.5926209642573895,0.16666666666666666,38.918303253633546,39.325443410529516,39.34440387312519,0.875,30,34,0,0.0,0.875,272,238,0.875,0.0,1.0,0.4295128061823683,0.15443771132394266,0.15443771132394266,0.14308199725600568,41.81170649796779,0.9307992070480339,1.0276381909547738,2.3333333333333335,2.8412698412698414,0.06349206349206349
253,template_deposition,C,C,none,0,1.0,template_site:index=282:site=C:neigh=2:ahead0=39.352:mode=shell,x,yz,797,544,253,0,253,3374.7299141455896,17.915306301195926,500.0,0.001,73.33890758690279,0.0733389075869028,-6002.7417,-5991.816,-6002.7417,-10.925781,-10.496094,1.0,0.0733389075869028,0.0733389075869028,10,796,282,3,3,1.385116599615426,44.88259166784733,8.315495419505053,14.07247049315783,586.7112606952223,0.0,-3.7786162,-60.540108,44.879541305660986,0.0,44.879541305660986,39.3491439887741,0.9555277382322119,3.4497377766393393,44.44913391715074,44.85714076730736,44.87506119799026,0.5929189223545484,0.16666666666666666,38.918736600263856,39.32674345042047,39.34466388110338,0.875,30,34,0,0.0,0.8786764705882353,272,239,0.8786764705882353,0.0,1.0,0.4312172220799174,0.15382899842001524,0.15382899842001524,0.14308359044214652,41.81170649796779,0.9308095712896927,1.0313676286072773,2.409090909090909,2.8458498023715415,0.06324110671936758
254,template_deposition,C,C,none,0,1.0,template_site:index=284:site=C:neigh=1:ahead0=39.352:mode=shell,x,yz,798,544,254,0,254,3379.746375132614,5.0164609870242645,500.0,0.001,73.33890758690279,0.0733389075869028,-6010.2627,-6002.7417,-6010.2627,-7.520996,-7.100586,0.9999999999999938,0.0733389075869028,0.0733389075869028,10,797,284,2,2,1.479328552145725,44.88259166784733,5.475495419923999,14.07247049315783,586.7112606952223,0.0,-3.791435,-60.745487,44.879541305660986,0.0,44.879541305660986,39.3491439887741,0.9728900744755883,3.4633731038197317,44.86082484423259,44.851743852354396,44.87398181499967,0.013236472532932938,0.16666666666666666,39.330427527345705,39.32134653546751,39.34358449811278,0.875,30,34,0,0.0,0.8823529411764706,272,240,0.8823529411764706,0.0,1.0,0.43292163797746647,0.15484420286356576,0.15484420286356576,0.14459716002700626,41.81170649796779,0.9406558789763176,1.0325814536340852,2.391304347826087,2.84251968503937,0.06299212598425197
255,template_deposition,C,C,none,0,1.0,template_site:index=285:site=C:neigh=2:ahead0=39.352:mode=shell,x,yz,799,544,255,0,255,3396.5849861152597,16.83861098264548,500.0,0.001,73.33890758690279,0.0733389075869028,-6021.7114,-6010.2627,-6021.7114,-11.44873,-9.989746,1.0,0.0733389075869028,0.0733389075869028,9,798,285,1,1,1.3987836425876627,44.88259166784733,4.055495419124423,14.07247049315783,586.7112606952223,0.0,-3.8109484,-61.058125,44.879541305660986,0.0,44.879541305660986,39.3491439887741,0.9837813455733027,3.4770084310001246,44.85231768162871,44.85118937468239,44.87387091946527,0.021781983042804588,0.16666666666666666,39.32192036474183,39.32079205779551,39.343473602578385,0.875,31,34,0,0.0,0.8860294117647058,272,241,0.8860294117647058,0.0,1.0,0.43462605387501557,0.15420360927349736,0.15420360927349736,0.14456588369390377,41.81170649796779,0.9404524153218435,1.0362953692115144,2.4583333333333335,2.847058823529412,0.06274509803921569
256,template_deposition,C,C,none,0,1.0,template_site:index=294:site=C:neigh=1:ahead0=40.582:mode=shell,x,yz,800,544,256,0,256,3407.0356896789413,10.450703563681726,500.0,0.001,73.33890758690279,0.0733389075869028,-6028.335,-6021.7114,-6028.335,-6.623535,-6.095215,0.1833366646011043,0.0733389075869028,0.0733389075869028,9,799,294,8,8,1.5241404243068744,46.112347741351,6.185495419314738,14.07247049315783,586.7112606952223,0.0,-3.8222377,-61.239002,46.07395427844275,0.0,46.07395427844275,40.543556961555865,0.742872171369006,3.490643758180517,45.272970423433144,44.879541305660986,45.8350716838864,0.566410472637911,0.16666666666666666,39.74257310654626,39.3491439887741,40.304674366999514,0.875,31,34,0,0.0,0.8897058823529411,272,242,0.8897058823529411,0.0,1.0,0.4363304697725646,0.15524442619744633,0.15524442619744633,0.1461124011270083,41.81170649796779,0.9505130604625741,1.0375,2.2941176470588234,2.84375,0.0625
257,template_deposition,C,C,none,0,1.0,template_site:index=295:site=C:neigh=2:ahead0=40.582:mode=shell,x,yz,801,544,257,0,257,3436.117363118818,29.081673439876766,500.0,0.001,73.33890758690279,0.0733389075869028,-6039.33,-6028.335,-6039.33,-10.995117,-10.546387,1.0,0.0733389075869028,0.0733389075869028,10,800,295,7,7,1.391242676411588,46.112347741351,7.605495420114314,14.07247049315783,586.7112606952223,0.0,-3.840978,-61.539253,46.087596504215476,0.0,46.087596504215476,40.55719918732859,0.826512436534027,3.50427908536091,45.67351732170028,46.05341415522439,46.08076003441726,0.5615992306380432,0.16666666666666666,40.1431200048134,40.523016838337504,40.550362717530376,0.875,31,34,0,0.0,0.8933823529411765,272,243,0.8933823529411765,0.0,1.0,0.4380348856701137,0.15619891052456575,0.15619891052456575,0.1475850000176963,41.81170649796779,0.9600928392330628,1.0411985018726593,2.388888888888889,2.848249027237354,0.0622568093385214
258,template_deposition,C,C,none,0,1.0,template_site:index=288:site=C:neigh=1:ahead0=40.582:mode=shell,x,yz,802,544,258,0,258,3458.1138021786824,21.99643905986442,500.0,0.001,73.33890758690279,0.0733389075869028,-6047.8516,-6039.33,-6047.8516,-8.521484,-7.1186523,0.22924460030755864,0.0733389075869028,0.0733389075869028,8,801,288,6,6,1.4821048557166467,46.112347741351,3.345495419733684,14.07247049315783,586.7112606952223,0.0,-3.8555021,-61.771954,46.10983049104324,0.0,46.10983049104324,40.57943317415636,0.8603825000769606,3.517914412541302,45.692322766973234,46.087596504215476,46.10538369367769,0.5747949578949694,0.16666666666666666,40.16192545008635,40.55719918732859,40.574986376790804,0.875,31,34,0,0.0,0.8933823529411765,272,243,0.8933823529411765,0.0,1.0,0.4397393015676628,0.155666377713513,0.155666377713513,0.14765413768414098,41.81170649796779,0.9605426043072022,1.0448877805486285,2.4444444444444446,2.852713178294574,0.06201550387596899
259,template_deposition,C,C,none,0,1.0,template_site:index=289:site=C:neigh=1:ahead0=40.582:mode=shell,x,yz,803,544,259,0,259,3459.011935376954,0.8981331982717606,500.0,0.001,73.33890758690279,0.0733389075869028,-6055.9688,-6047.8516,-6055.9688,-8.1171875,-7.5878906,0.9999282317064183,0.0733389075869028,0.0733389075869028,6,802,289,5,5,1.4062000066579219,46.112347741351,1.9254954209522064,14.07247049315783,586.7112606952223,0.0,-3.869337,-61.993614,46.16968255692037,0.0,46.16968255692037,40.63928524003349,0.9004154988773633,3.531549739721695,45.71227345559894,46.087596504215476,46.15326534637939,0.5897833812326853,0.16666666666666666,40.181876138712056,40.55719918732859,40.62286802949251,0.875,31,34,0,0.0,0.8970588235294118,272,244,0.8970588235294118,0.0,1.0,0.4414437174652119,0.15514237891394617,0.15514237891394617,0.14772748580408845,41.81170649796779,0.9610197598766999,1.046077210460772,2.4210526315789473,2.8494208494208495,0.06177606177606178
260,template_deposition,C,C,none,0,1.0,template_site:index=291:site=C:neigh=1:ahead0=40.582:mode=shell,x,yz,804,544,260,0,260,3469.6307005466883,10.618765169733946,500.0,0.001,73.33890758690279,0.0733389075869028,-6063.418,-6055.9688,-6063.418,-7.4492188,-7.1694336,0.9999999999357714,0.0733389075869028,0.0733389075869028,10,803,291,4,4,1.4790403067810578,46.112347741351,10.445495419695368,14.07247049315783,586.7112606952223,0.0,-3.8820336,-62.197037,46.16968255692037,0.0,46.16968255692037,40.63928524003349,0.9298875898504075,3.5451850669020875,45.70887378322277,46.07739748708697,46.15122554295369,0.5876356026669481,0.16666666666666666,40.17847646633589,40.547000170200086,40.620828226066806,0.875,31,34,0,0.0,0.9007352941176471,272,245,0.9007352941176471,0.0,1.0,0.44314813336276093,0.15453260179359957,0.15453260179359957,0.14771498700858782,41.81170649796779,0.9609384507730799,1.0472636815920398,2.4,2.8461538461538463,0.06153846153846154
261,template_deposition,C,C,none,0,1.0,template_site:index=290:site=C:neigh=2:ahead0=40.582:mode=shell,x,yz,805,544,261,0,261,3470.072640150193,0.44193960350475686,500.0,0.001,73.33890758690279,0.0733389075869028,-6074.3164,-6063.418,-6074.3164,-10.8984375,-10.486816,1.0,0.0733389075869028,0.0733389075869028,10,804,290,3,3,1.3875273866917812,46.112347741351,11.865495420494945,14.07247049315783,586.7112606952223,0.0,-3.9006093,-62.49465,46.16968255692037,0.0,46.16968255692037,40.63928524003349,0.9527614853726953,3.5588203940824803,45.71573842658234,46.09799141716567,46.155344328969434,0.5920045741139209,0.16666666666666666,40.18534110969546,40.56759410027879,40.62494701208255,0.875,31,34,0,0.0,0.9044117647058824,272,246,0.9044117647058824,0.0,1.0,0.44485254926031004,0.15396682417507837,0.15396682417507837,0.147740224667998,41.81170649796779,0.9611026307105791,1.0509316770186334,2.4761904761904763,2.8505747126436782,0.06130268199233716
262,template_deposition,C,C,none,0,1.0,template_site:index=292:site=C:neigh=1:ahead0=40.582:mode=shell,x,yz,806,544,262,0,262,3487.9938085341682,17.92116838397554,500.0,0.001,73.33890758690279,0.0733389075869028,-6081.666,-6074.3164,-6081.666,-7.3496094,-7.1152344,0.9999999999999998,0.0733389075869028,0.0733389075869028,10,805,292,2,2,1.4695217607834183,46.112347741351,14.705495420076,14.07247049315783,586.7112606952223,0.0,-3.913136,-62.69535,46.16968255692037,0.0,46.16968255692037,40.63928524003349,0.9688819755474772,3.572455721262873,46.1135141227249,46.08798476775362,46.15334299908702,0.039771824788101054,0.16666666666666666,40.58311680583802,40.557587450866734,40.62294568220014,0.875,31,34,0,0.0,0.9080882352941176,272,247,0.9080882352941176,0.0,1.0,0.44655696515785914,0.1548973923886947,0.1548973923886947,0.14920263531558095,41.81170649796779,0.9706161313413628,1.0521091811414391,2.4545454545454546,2.8473282442748094,0.061068702290076333
263,template_deposition,C,C,none,0,1.0,template_site:index=293:site=C:neigh=2:ahead0=40.582:mode=shell,x,yz,807,544,263,0,263,3488.756692647419,0.7628841132511511,500.0,0.001,73.33890758690279,0.0733389075869028,-6092.184,-6081.666,-6092.184,-10.518066,-9.7421875,1.0,0.0733389075869028,0.0733389075869028,9,806,293,1,1,1.4036536618202806,46.112347741351,16.125495420875577,14.07247049315783,586.7112606952223,0.0,-3.9310632,-62.98258,46.16968255692037,0.0,46.16968255692037,40.63928524003349,0.9782905075035015,3.5860910484432655,46.10858679342829,46.08287504350072,46.15232105423644,0.043381312478040876,0.16666666666666666,40.578189476541404,40.55247772661384,40.621923737349555,0.875,32,34,0,0.0,0.9117647058823529,272,248,0.9117647058823529,0.0,1.0,0.4482613810554082,0.15428969382715363,0.15428969382715363,0.14918452013434338,41.81170649796779,0.9704982856538912,1.0557620817843867,2.5217391304347827,2.8517110266159698,0.060836501901140684
264,template_deposition,C,C,none,0,1.0,template_site:index=299:site=C:neigh=1:ahead0=41.812:mode=shell,x,yz,808,544,264,0,264,3496.149655604719,7.392962957299975,500.0,0.001,73.33890758690279,0.0733389075869028,-6098.7407,-6092.184,-6098.7407,-6.5566406,-6.008789,0.044738433451387685,0.0733389075869028,0.0733389075869028,9,807,299,8,8,1.5073510653579973,47.34210381485467,9.73549542030463,14.07247049315783,586.7112606952223,0.0,-3.9422383,-63.16162,47.321795471585204,0.0,47.321795471585204,41.79139815469832,0.7297155785564196,3.5997263756236584,46.52156026945645,46.16968255692037,47.09137288865224,0.5672209274993069,0.16666666666666666,40.99116295256957,40.63928524003349,41.560975571765354,0.875,32,34,0,0.0,0.9154411764705882,272,249,0.9154411764705882,0.0,1.0,0.4499657969529573,0.1552695566385211,0.1552695566385211,0.15070280497268224,41.81170649796779,0.9803752677389979,1.056930693069307,2.2941176470588234,2.8484848484848486,0.06060606060606061
265,template_deposition,C,C,none,0,1.0,template_site:index=298:site=C:neigh=2:ahead0=41.812:mode=shell,x,yz,809,544,265,0,265,3504.9599613229916,8.810305718272607,500.0,0.001,73.33890758690279,0.0733389075869028,-6109.8066,-6098.7407,-6109.8066,-11.065918,-10.603516,1.0,0.0733389075869028,0.0733389075869028,10,808,298,7,7,1.379389088719598,47.34210381485467,8.315495419505053,14.07247049315783,586.7112606952223,0.0,-3.9610994,-63.46381,47.31197648965771,0.0,47.31197648965771,41.781579172770826,0.8139614866979316,3.613361702804051,46.51828727548062,46.16968255692037,47.08351770311024,0.562603479886744,0.16666666666666666,40.98788995859373,40.63928524003349,41.553120386223355,0.875,32,34,0,0.0,0.9191176470588235,272,250,0.9191176470588235,0.0,1.0,0.45167021285050635,0.15467128286261786,0.15467128286261786,0.1506907719065946,41.81170649796779,0.9802969883706111,1.0605686032138442,2.388888888888889,2.852830188679245,0.06037735849056604
266,template_deposition,C,C,none,0,1.0,template_site:index=297:site=C:neigh=1:ahead0=41.812:mode=shell,x,yz,810,544,266,0,266,3532.508502900964,27.548541577972077,500.0,0.001,73.33890758690279,0.0733389075869028,-6117.1924,-6109.8066,-6117.1924,-7.385742,-7.1850586,0.9787599446237203,0.0733389075869028,0.0733389075869028,10,809,297,6,6,1.4512685313789824,47.34210381485467,12.575495419885684,14.07247049315783,586.7112606952223,0.0,-3.9736876,-63.665497,47.320303683710456,0.0,47.320303683710456,41.78990636682357,0.8735970789774293,3.6269970299844436,46.528258221887285,46.16968255692037,47.09017945835244,0.5608946977486787,0.16666666666666666,40.9978609050004,40.63928524003349,41.559782141465554,0.875,32,34,0,0.0,0.9227941176470589,272,251,0.9227941176470589,0.0,1.0,0.45337462874805545,0.15412729663533986,0.15412729663533986,0.1507274297977956,41.81170649796779,0.9805354609717509,1.0617283950617284,2.3684210526315788,2.8496240601503757,0.06015037593984962
267,template_deposition,C,C,none,0,1.0,template_site:index=296:site=C:neigh=2:ahead0=41.812:mode=shell,x,yz,811,544,267,0,267,3541.7233884644716,9.214885563507696,500.0,0.001,73.33890758690279,0.0733389075869028,-6128.101,-6117.1924,-6128.101,-10.908691,-10.444336,1.0,0.0733389075869028,0.0733389075869028,10,810,296,5,5,1.3875536110653244,47.34210381485467,13.99549542068526,14.07247049315783,586.7112606952223,0.0,-3.9922807,-63.96339,47.32274798930185,0.0,47.32274798930185,41.79235067241497,0.9161445285663162,3.640632357164836,46.93480234529331,47.31197648965771,47.32059368937303,0.5410392618045603,0.16666666666666666,41.40440502840643,41.781579172770826,41.79019637248614,0.875,32,34,0,0.0,0.9264705882352942,272,252,0.9264705882352942,0.0,1.0,0.4550790446456045,0.15507267800901284,0.15507267800901284,0.15222207731031775,41.81170649796779,0.9902586738577351,1.0653514180024661,2.45,2.853932584269663,0.0599250936329588
268,template_deposition,C,C,none,0,1.0,template_site:index=302:site=C:neigh=1:ahead0=41.812:mode=shell,x,yz,812,544,268,0,268,3546.521920162662,4.798531698190526,500.0,0.001,73.33890758690279,0.0733389075869028,-6135.8696,-6128.101,-6135.8696,-7.7685547,-7.1884766,0.9785230713935199,0.0733389075869028,0.0733389075869028,8,811,302,4,4,1.4641608274231734,47.34210381485467,16.835495420266316,14.07247049315783,586.7112606952223,0.0,-4.0055213,-64.17553,47.32853706593843,0.0,47.32853706593843,41.79813974905154,0.9567976390101285,3.654267684345229,46.9367320375055,47.31197648965771,47.32522495068228,0.542428024362758,0.16666666666666666,41.40633472061862,41.781579172770826,41.7948276337954,0.875,32,34,0,0.0,0.9301470588235294,272,253,0.9301470588235294,0.0,1.0,0.4567834605431536,0.15450124895753214,0.15450124895753214,0.1522291717669802,41.81170649796779,0.9903048258178873,1.0665024630541873,2.4285714285714284,2.8507462686567164,0.05970149253731343
269,template_deposition,C,C,none,0,1.0,template_site:index=303:site=C:neigh=1:ahead0=41.812:mode=shell,x,yz,813,544,269,0,269,3547.9933491916904,1.4714290290284622,500.0,0.001,73.33890758690279,0.0733389075869028,-6144.3887,-6135.8696,-6144.3887,-8.519043,-7.67334,0.9999997121832902,0.0733389075869028,0.0733389075869028,6,812,303,3,3,1.4248045800899394,47.34210381485467,18.255495419047794,14.07247049315783,586.7112606952223,0.0,-4.0200415,-64.408165,47.39243644060449,0.0,47.39243644060449,41.86203912371761,0.9900905631678798,3.6679030115256213,46.95803182906085,47.31197648965771,47.37634445041513,0.5584140531242121,0.16666666666666666,41.42763451217397,41.781579172770826,41.84594713352825,0.875,32,34,0,0.0,0.9338235294117647,272,254,0.9338235294117647,0.0,1.0,0.45848787644070266,0.15400607625343482,0.15400607625343482,0.152307479824169,41.81170649796779,0.9908142475406382,1.067650676506765,2.409090909090909,2.8475836431226766,0.05947955390334572
270,template_deposition,C,C,none,0,1.0,template_site:index=300:site=C:neigh=1:ahead0=41.812:mode=shell,x,yz,814,544,270,0,270,3598.3830466566696,50.389697464979065,500.0,0.001,73.33890758690279,0.0733389075869028,-6151.8975,-6144.3887,-6151.8975,-7.508789,-7.0234375,0.999999999999895,0.0733389075869028,0.0733389075869028,10,813,300,2,2,1.5070291421380102,47.34210381485467,5.475495419923999,14.07247049315783,586.7112606952223,0.0,-4.03284,-64.61322,47.39243644060449,0.0,47.39243644060449,41.86203912371761,1.007388087297928,3.681538338706014,47.331718549281256,47.30137254349713,47.37422366118302,0.042934033993988485,0.16666666666666666,41.80132123239437,41.77097522661025,41.84382634429613,0.875,32,34,0,0.0,0.9375,272,255,0.9375,0.0,1.0,0.46019229233825176,0.1548197082681273,0.1548197082681273,0.15368132806027343,41.81170649796779,0.9997516182322307,1.0687960687960687,2.391304347826087,2.8444444444444446,0.05925925925925926
271,template_deposition,C,C,none,0,1.0,template_site:index=301:site=C:neigh=2:ahead0=41.812:mode=shell,x,yz,815,544,271,0,271,3608.062689295588,9.679642638918462,500.0,0.001,73.33890758690279,0.0733389075869028,-6162.0,-6151.8975,-6162.0,-10.102539,-9.48584,1.0,0.0733389075869028,0.0733389075869028,9,814,301,1,1,1.4025288040472301,47.34210381485467,4.055495419124423,14.07247049315783,586.7112606952223,0.0,-4.0500584,-64.88909,47.39243644060449,0.0,47.39243644060449,41.86203912371761,1.0156257623690308,3.695173665886407,47.32267953040208,47.30134666374215,47.37421848523202,0.05055032381670805,0.16666666666666666,41.79228221351519,41.77094934685527,41.84382116834514,0.875,33,34,0,0.0,0.9411764705882353,272,256,0.9411764705882353,0.0,1.0,0.46189670823580087,0.15421506351850625,0.15421506351850625,0.15364809637321764,41.81170649796779,0.9995354343058555,1.0723926380368098,2.4583333333333335,2.848708487084871,0.05904059040590406
