MPI: rank=0/1; backend_comunicador=serial-sem-gpaw; launcher_size_detectado=1
CHGNet v0.3.0 initialized with 412,525 parameters
CHGNet will run on cpu
Backend = chgnet; device = cpu; dtype = float32
Semente sincronizada em todos os ranks = 7
Espécies competindo: ['C']
Fluxo relativo por espécie: {'C': 1.0}
Mu por espécie: todos 0.0 eV
Impurezas/vacâncias: vac:0.1000, N:0.1000, normal:0.8000
Modo de vacância: frozen
growth_axis = x; surface_axes = yz
replicate antes do slab = (1, 1, 1)
miller = (0, 0, 1)
build_mode = direct; site_mode = template
pbc = (0, 1, 0)
bulk_energy_repeat = (1, 1, 1); skip_bulk_reference = True
cif_wrap_mode = all (aplicado somente aos arquivos .cif salvos)
/home/tromer/.anaconda3/lib/python3.13/site-packages/ase/io/cif.py:411: UserWarning: crystal system 'triclinic' is not interpreted for space group Spacegroup(1, setting=1). This may result in wrong setting!
  warnings.warn(
Restrição cristalográfica de crescimento: desligada
Template-base filtrado para extend-columns: N=221; espécies=['C']; restrict_fractional=(None, None, None)
Template extend-columns: eixo=x periodo_colunas=2(auto) periodo_gaps=1(auto) gaps=[1.229756] Å; dx_mediana=1.229756 Å; colunas_base=21, colunas_novas=50, N_template=746; restrict_fractional=(None, None, None)
/home/tromer/.anaconda3/lib/python3.13/site-packages/chgnet/model/model.py:898: UserWarning: Converting a tensor with requires_grad=True to a scalar may lead to unexpected behavior.
Consider using tensor.detach() first. (Triggered internally at /pytorch/torch/csrc/autograd/generated/python_variable_methods.cpp:836.)
  volumes = torch.tensor(volumes, dtype=TORCH_DTYPE, device=atomic_numbers.device)
Referência bulk: pulada (--skip-bulk-reference).
  Usando E0/N0 como referência; gamma vira energia relativa ao estado inicial.
Slab inicial:
  N0 = 221
  area(yz) = 446.000000 Å²
  E0 = -1897.465820 eV
  gamma0 = 0.000000 eV/Å² = 0.000000 J/m²
  growth_origin_species = C; origin_front=25.095121 Å; origin_back=0.500000 Å
  regra_deposicao = template: somente sítios do CIF-template
  template_cif = grafeno_retangular.cif
  template_repeat = (1, 1, 1); N_template = 746
  template_front = [0.050, 3.500] Å
  template_connect_cutoff = 1.800 Å; min_neighbors = 1
  template_species_mode = template; template_build_mode = extend-columns
Corte absoluto de Eads: +50.000000 eV
[TEMPLATE DEBUG] total=746 species_filter=0 restriction=0 direction=221 global_front=0 occupied=0 connection=515 min_dist=0 pre_shell=10 post_shell=10 tested_energy=10
[TEMPLATE DEBUG] camada candidata x: min=26.324878 max=26.324878 n=10
[INFO] primeira deposição: relaxação local pulada por --no-relax-first-added.
step=00001 species=  C N=00222 vac=0000 axis=x surf=yz Eads=-6.8887 eV P=1.513e-01 E=-1904.3545 eV hmax=1.230 A hmean=0.154 A rough=0.709 A occ1=0.100 tested=10
[TEMPLATE DEBUG] total=746 species_filter=0 restriction=0 direction=221 global_front=0 occupied=1 connection=514 min_dist=0 pre_shell=10 post_shell=9 tested_energy=9
[TEMPLATE DEBUG] camada candidata x: min=26.324878 max=26.324878 n=9
[INFO] vacância sorteada por --impurity em posição template; espécie que seria depositada: C.
[INFO] vacância frozen registrada no sítio template 225; esse sítio não poderá ser depositado novamente.
step=00002 species=vac impurity=vac intended=C N=00222 vac=0001 axis=x surf=yz Eads=+0.0000 eV P=1.000e+00 E=-1904.3545 eV hmax=1.230 A hmean=0.154 A rough=0.709 A occ1=0.100 tested=9
[TEMPLATE DEBUG] total=746 species_filter=0 restriction=0 direction=221 global_front=0 occupied=2 connection=514 min_dist=0 pre_shell=9 post_shell=8 tested_energy=8
[TEMPLATE DEBUG] camada candidata x: min=26.324878 max=26.324878 n=8
[INFO] vacância sorteada por --impurity em posição template; espécie que seria depositada: C.
[INFO] vacância frozen registrada no sítio template 228; esse sítio não poderá ser depositado novamente.
step=00003 species=vac impurity=vac intended=C N=00222 vac=0002 axis=x surf=yz Eads=+0.0000 eV P=1.000e+00 E=-1904.3545 eV hmax=1.230 A hmean=0.154 A rough=0.709 A occ1=0.100 tested=8
[TEMPLATE DEBUG] total=746 species_filter=0 restriction=0 direction=221 global_front=0 occupied=3 connection=514 min_dist=0 pre_shell=8 post_shell=7 tested_energy=7
[TEMPLATE DEBUG] camada candidata x: min=26.324878 max=26.324878 n=7
step=00004 species=  C N=00223 vac=0002 axis=x surf=yz Eads=-6.8954 eV P=3.661e-01 E=-1911.5719 eV hmax=1.230 A hmean=0.301 A rough=0.772 A occ1=0.200 tested=7
[TEMPLATE DEBUG] total=746 species_filter=0 restriction=0 direction=221 global_front=0 occupied=4 connection=513 min_dist=0 pre_shell=8 post_shell=6 tested_energy=6
[TEMPLATE DEBUG] camada candidata x: min=26.324878 max=26.324878 n=6
step=00005 species=  C N=00224 vac=0002 axis=x surf=yz Eads=-10.6689 eV P=1.000e+00 E=-1922.5786 eV hmax=1.230 A hmean=0.305 A rough=0.824 A occ1=0.300 tested=6
[TEMPLATE DEBUG] total=746 species_filter=0 restriction=0 direction=221 global_front=0 occupied=5 connection=512 min_dist=0 pre_shell=8 post_shell=5 tested_energy=5
[TEMPLATE DEBUG] camada candidata x: min=26.324878 max=26.324878 n=5
step=00006 species=  C N=00225 vac=0002 axis=x surf=yz Eads=-7.3208 eV P=9.842e-01 E=-1930.2299 eV hmax=1.230 A hmean=0.454 A rough=0.864 A occ1=0.400 tested=5
[TEMPLATE DEBUG] total=746 species_filter=0 restriction=0 direction=221 global_front=0 occupied=6 connection=511 min_dist=0 pre_shell=8 post_shell=4 tested_energy=4
[TEMPLATE DEBUG] camada candidata x: min=26.324878 max=26.324878 n=4
step=00007 species=  C N=00226 vac=0002 axis=x surf=yz Eads=-7.1478 eV P=1.000e+00 E=-1942.4980 eV hmax=1.230 A hmean=0.615 A rough=0.895 A occ1=0.500 tested=4
[TEMPLATE DEBUG] total=746 species_filter=0 restriction=0 direction=221 global_front=0 occupied=7 connection=510 min_dist=0 pre_shell=8 post_shell=3 tested_energy=3
[TEMPLATE DEBUG] camada candidata x: min=26.324878 max=26.324878 n=3
[INFO] vacância sorteada por --impurity em posição template; espécie que seria depositada: C.
[INFO] vacância frozen registrada no sítio template 223; esse sítio não poderá ser depositado novamente.
step=00008 species=vac impurity=vac intended=C N=00226 vac=0003 axis=x surf=yz Eads=+0.0000 eV P=1.000e+00 E=-1942.4980 eV hmax=1.230 A hmean=0.615 A rough=0.895 A occ1=0.500 tested=3
[TEMPLATE DEBUG] total=746 species_filter=0 restriction=0 direction=221 global_front=0 occupied=8 connection=510 min_dist=0 pre_shell=7 post_shell=2 tested_energy=2
[TEMPLATE DEBUG] camada candidata x: min=26.324878 max=26.324878 n=2
[INFO] impureza sorteada por --impurity: N no lugar de C.
step=00009 species=  N impurity=N intended=C N=00227 vac=0003 axis=x surf=yz Eads=-7.5623 eV P=1.000e+00 E=-1950.9092 eV hmax=1.230 A hmean=0.783 A rough=0.916 A occ1=0.600 tested=2
[TEMPLATE DEBUG] total=746 species_filter=0 restriction=0 direction=221 global_front=0 occupied=9 connection=509 min_dist=0 pre_shell=7 post_shell=1 tested_energy=1
[TEMPLATE DEBUG] camada candidata x: min=26.324878 max=26.324878 n=1
step=00010 species=  C N=00228 vac=0003 axis=x surf=yz Eads=-9.9066 eV P=1.000e+00 E=-1966.4009 eV hmax=1.230 A hmean=0.788 A rough=0.935 A occ1=0.700 tested=1
[TEMPLATE DEBUG] total=746 species_filter=0 restriction=0 direction=221 global_front=0 occupied=10 connection=508 min_dist=0 pre_shell=7 post_shell=7 tested_energy=7
[TEMPLATE DEBUG] camada candidata x: min=27.554634 max=27.554634 n=7
step=00011 species=  C N=00229 vac=0003 axis=x surf=yz Eads=-7.6323 eV P=6.665e-01 E=-1974.6783 eV hmax=2.448 A hmean=0.933 A rough=0.703 A occ1=0.700 tested=7
[TEMPLATE DEBUG] total=746 species_filter=0 restriction=0 direction=221 global_front=0 occupied=11 connection=506 min_dist=0 pre_shell=8 post_shell=7 tested_energy=7
[TEMPLATE DEBUG] camada candidata x: min=27.554634 max=27.554634 n=7
[INFO] vacância sorteada por --impurity em posição template; espécie que seria depositada: C.
[INFO] vacância frozen registrada no sítio template 235; esse sítio não poderá ser depositado novamente.
step=00012 species=vac impurity=vac intended=C N=00229 vac=0004 axis=x surf=yz Eads=+0.0000 eV P=1.000e+00 E=-1974.6783 eV hmax=2.448 A hmean=0.933 A rough=0.703 A occ1=0.700 tested=7
[TEMPLATE DEBUG] total=746 species_filter=0 restriction=0 direction=221 global_front=0 occupied=12 connection=506 min_dist=0 pre_shell=7 post_shell=6 tested_energy=6
[TEMPLATE DEBUG] camada candidata x: min=27.554634 max=27.554634 n=6
step=00013 species=  C N=00230 vac=0004 axis=x surf=yz Eads=-6.6860 eV P=9.851e-01 E=-1983.7581 eV hmax=2.692 A hmean=1.099 A rough=0.781 A occ1=0.600 tested=6
[TEMPLATE DEBUG] total=746 species_filter=0 restriction=0 direction=221 global_front=0 occupied=12 connection=506 min_dist=1 pre_shell=6 post_shell=4 tested_energy=4
[TEMPLATE DEBUG] camada candidata x: min=27.554634 max=27.554634 n=4
step=00014 species=  C N=00231 vac=0004 axis=x surf=yz Eads=-6.1417 eV P=9.989e-01 E=-1990.5046 eV hmax=2.692 A hmean=1.252 A rough=0.851 A occ1=0.600 tested=4
[TEMPLATE DEBUG] total=746 species_filter=0 restriction=0 direction=221 global_front=0 occupied=13 connection=505 min_dist=1 pre_shell=6 post_shell=3 tested_energy=3
[TEMPLATE DEBUG] camada candidata x: min=27.554634 max=27.554634 n=3
step=00015 species=  C N=00232 vac=0004 axis=x surf=yz Eads=-6.9795 eV P=1.000e+00 E=-1998.0299 eV hmax=2.692 A hmean=1.546 A rough=0.906 A occ1=0.600 tested=3
[TEMPLATE DEBUG] total=746 species_filter=0 restriction=0 direction=221 global_front=0 occupied=14 connection=503 min_dist=1 pre_shell=7 post_shell=3 tested_energy=3
[TEMPLATE DEBUG] camada candidata x: min=27.554634 max=27.554634 n=3
step=00016 species=  C N=00233 vac=0004 axis=x surf=yz Eads=-7.8534 eV P=1.000e+00 E=-2007.0208 eV hmax=2.706 A hmean=1.547 A rough=0.943 A occ1=0.600 tested=3
[TEMPLATE DEBUG] total=746 species_filter=0 restriction=0 direction=221 global_front=0 occupied=15 connection=502 min_dist=1 pre_shell=7 post_shell=2 tested_energy=2
[TEMPLATE DEBUG] camada candidata x: min=27.554634 max=27.554634 n=2
step=00017 species=  C N=00234 vac=0004 axis=x surf=yz Eads=-5.8419 eV P=1.000e+00 E=-2013.5349 eV hmax=2.706 A hmean=1.710 A rough=0.967 A occ1=0.600 tested=2
[TEMPLATE DEBUG] total=746 species_filter=0 restriction=0 direction=221 global_front=0 occupied=16 connection=500 min_dist=1 pre_shell=8 post_shell=2 tested_energy=2
[TEMPLATE DEBUG] camada candidata x: min=27.554634 max=27.554634 n=2
[INFO] impureza sorteada por --impurity: N no lugar de C.
step=00018 species=  N impurity=N intended=C N=00235 vac=0004 axis=x surf=yz Eads=-6.3103 eV P=1.000e+00 E=-2020.4994 eV hmax=2.706 A hmean=2.001 A rough=0.992 A occ1=0.600 tested=2
[TEMPLATE DEBUG] total=746 species_filter=0 restriction=0 direction=221 global_front=0 occupied=17 connection=498 min_dist=1 pre_shell=9 post_shell=2 tested_energy=2
[TEMPLATE DEBUG] camada candidata x: min=27.554634 max=27.554634 n=2
[INFO] impureza sorteada por --impurity: N no lugar de C.
step=00019 species=  N impurity=N intended=C N=00236 vac=0004 axis=x surf=yz Eads=-7.0071 eV P=1.000e+00 E=-2029.0050 eV hmax=2.706 A hmean=2.011 A rough=1.014 A occ1=0.600 tested=2
[TEMPLATE DEBUG] total=746 species_filter=0 restriction=0 direction=221 global_front=0 occupied=18 connection=497 min_dist=1 pre_shell=9 post_shell=1 tested_energy=1
[TEMPLATE DEBUG] camada candidata x: min=27.554634 max=27.554634 n=1
step=00020 species=  C N=00237 vac=0004 axis=x surf=yz Eads=-4.1377 eV P=1.000e+00 E=-2037.8134 eV hmax=2.706 A hmean=2.300 A rough=1.028 A occ1=0.600 tested=1
[TEMPLATE DEBUG] total=746 species_filter=0 restriction=0 direction=221 global_front=0 occupied=19 connection=496 min_dist=1 pre_shell=9 post_shell=1 tested_energy=1
[TEMPLATE DEBUG] camada candidata x: min=27.554634 max=27.554634 n=1
step=00021 species=  C N=00238 vac=0004 axis=x surf=yz Eads=-7.2997 eV P=1.000e+00 E=-2046.5126 eV hmax=2.706 A hmean=2.287 A rough=1.043 A occ1=0.500 tested=1
[TEMPLATE DEBUG] total=746 species_filter=0 restriction=0 direction=221 global_front=0 occupied=19 connection=495 min_dist=2 pre_shell=9 post_shell=9 tested_energy=9
[TEMPLATE DEBUG] camada candidata x: min=28.784390 max=28.784390 n=9
step=00022 species=  C N=00239 vac=0004 axis=x surf=yz Eads=-8.1844 eV P=1.000e+00 E=-2057.3687 eV hmax=3.494 A hmean=2.370 A rough=0.747 A occ1=0.600 tested=9
[TEMPLATE DEBUG] total=746 species_filter=0 restriction=0 direction=221 global_front=0 occupied=20 connection=495 min_dist=2 pre_shell=8 post_shell=7 tested_energy=7
[TEMPLATE DEBUG] camada candidata x: min=28.784390 max=28.784390 n=7
step=00023 species=  C N=00240 vac=0004 axis=x surf=yz Eads=-7.3462 eV P=6.285e-02 E=-2066.7754 eV hmax=3.655 A hmean=2.383 A rough=0.824 A occ1=0.600 tested=7
[TEMPLATE DEBUG] total=746 species_filter=0 restriction=0 direction=221 global_front=0 occupied=21 connection=494 min_dist=2 pre_shell=8 post_shell=6 tested_energy=6
[TEMPLATE DEBUG] camada candidata x: min=28.784390 max=28.784390 n=6
step=00024 species=  C N=00241 vac=0004 axis=x surf=yz Eads=-7.4111 eV P=6.354e-01 E=-2074.9509 eV hmax=3.655 A hmean=2.536 A rough=0.872 A occ1=0.600 tested=6
[TEMPLATE DEBUG] total=746 species_filter=0 restriction=0 direction=221 global_front=0 occupied=22 connection=492 min_dist=2 pre_shell=9 post_shell=6 tested_energy=6
[TEMPLATE DEBUG] camada candidata x: min=28.784390 max=28.784390 n=6
step=00025 species=  C N=00242 vac=0004 axis=x surf=yz Eads=-8.3755 eV P=1.000e+00 E=-2085.3167 eV hmax=3.590 A hmean=2.541 A rough=0.893 A occ1=0.600 tested=6
[TEMPLATE DEBUG] total=746 species_filter=0 restriction=0 direction=221 global_front=0 occupied=23 connection=491 min_dist=2 pre_shell=9 post_shell=5 tested_energy=5
[TEMPLATE DEBUG] camada candidata x: min=28.784390 max=28.784390 n=5
step=00026 species=  C N=00243 vac=0004 axis=x surf=yz Eads=-7.3738 eV P=1.000e+00 E=-2093.0125 eV hmax=3.702 A hmean=2.683 A rough=0.922 A occ1=0.600 tested=5
[TEMPLATE DEBUG] total=746 species_filter=0 restriction=0 direction=221 global_front=0 occupied=24 connection=489 min_dist=2 pre_shell=10 post_shell=5 tested_energy=5
[TEMPLATE DEBUG] camada candidata x: min=28.784390 max=28.784390 n=5
[INFO] vacância sorteada por --impurity em posição template; espécie que seria depositada: C.
[INFO] vacância frozen registrada no sítio template 245; esse sítio não poderá ser depositado novamente.
step=00027 species=vac impurity=vac intended=C N=00243 vac=0005 axis=x surf=yz Eads=+0.0000 eV P=1.000e+00 E=-2093.0125 eV hmax=3.702 A hmean=2.683 A rough=0.922 A occ1=0.600 tested=5
[TEMPLATE DEBUG] total=746 species_filter=0 restriction=0 direction=221 global_front=0 occupied=25 connection=489 min_dist=2 pre_shell=9 post_shell=4 tested_energy=4
[TEMPLATE DEBUG] camada candidata x: min=28.784390 max=28.784390 n=4
[INFO] impureza sorteada por --impurity: N no lugar de C.
step=00028 species=  N impurity=N intended=C N=00244 vac=0005 axis=x surf=yz Eads=-6.8999 eV P=1.000e+00 E=-2102.4470 eV hmax=3.761 A hmean=3.118 A rough=0.968 A occ1=0.600 tested=4
[TEMPLATE DEBUG] total=746 species_filter=0 restriction=0 direction=221 global_front=0 occupied=26 connection=488 min_dist=2 pre_shell=9 post_shell=3 tested_energy=3
[TEMPLATE DEBUG] camada candidata x: min=28.784390 max=28.784390 n=3
[INFO] impureza sorteada por --impurity: N no lugar de C.
step=00029 species=  N impurity=N intended=C N=00245 vac=0005 axis=x surf=yz Eads=-7.0432 eV P=1.000e+00 E=-2110.5977 eV hmax=3.749 A hmean=3.130 A rough=0.979 A occ1=0.600 tested=3
[TEMPLATE DEBUG] total=746 species_filter=0 restriction=0 direction=221 global_front=0 occupied=26 connection=487 min_dist=3 pre_shell=9 post_shell=2 tested_energy=2
[TEMPLATE DEBUG] camada candidata x: min=28.784390 max=28.784390 n=2
step=00030 species=  C N=00246 vac=0005 axis=x surf=yz Eads=-5.1455 eV P=9.989e-01 E=-2117.4512 eV hmax=3.787 A hmean=3.230 A rough=0.985 A occ1=0.600 tested=2
[TEMPLATE DEBUG] total=746 species_filter=0 restriction=0 direction=221 global_front=0 occupied=27 connection=486 min_dist=3 pre_shell=9 post_shell=1 tested_energy=1
[TEMPLATE DEBUG] camada candidata x: min=28.784390 max=28.784390 n=1
step=00031 species=  C N=00247 vac=0005 axis=x surf=yz Eads=-7.8298 eV P=1.000e+00 E=-2126.2791 eV hmax=3.787 A hmean=3.406 A rough=0.993 A occ1=0.600 tested=1
[TEMPLATE DEBUG] total=746 species_filter=0 restriction=0 direction=221 global_front=0 occupied=28 connection=485 min_dist=3 pre_shell=9 post_shell=9 tested_energy=9
[TEMPLATE DEBUG] camada candidata x: min=30.014146 max=30.014146 n=9
step=00032 species=  C N=00248 vac=0005 axis=x surf=yz Eads=-6.7148 eV P=9.927e-01 E=-2133.5518 eV hmax=4.883 A hmean=3.710 A rough=0.710 A occ1=0.600 tested=9
[TEMPLATE DEBUG] total=746 species_filter=0 restriction=0 direction=221 global_front=0 occupied=29 connection=484 min_dist=3 pre_shell=9 post_shell=8 tested_energy=8
[TEMPLATE DEBUG] camada candidata x: min=30.014146 max=30.014146 n=8
step=00033 species=  C N=00249 vac=0005 axis=x surf=yz Eads=-10.3442 eV P=1.000e+00 E=-2144.4844 eV hmax=4.855 A hmean=3.706 A rough=0.781 A occ1=0.600 tested=8
[TEMPLATE DEBUG] total=746 species_filter=0 restriction=0 direction=221 global_front=0 occupied=30 connection=483 min_dist=3 pre_shell=9 post_shell=7 tested_energy=7
[TEMPLATE DEBUG] camada candidata x: min=30.014146 max=30.014146 n=7
[INFO] impureza sorteada por --impurity: N no lugar de C.
step=00034 species=  N impurity=N intended=C N=00250 vac=0005 axis=x surf=yz Eads=-6.8545 eV P=9.989e-01 E=-2153.6226 eV hmax=4.867 A hmean=3.612 A rough=0.844 A occ1=0.600 tested=7
[TEMPLATE DEBUG] total=746 species_filter=0 restriction=0 direction=221 global_front=0 occupied=31 connection=481 min_dist=3 pre_shell=10 post_shell=7 tested_energy=7
[TEMPLATE DEBUG] camada candidata x: min=30.014146 max=30.014146 n=7
step=00035 species=  C N=00251 vac=0005 axis=x surf=yz Eads=-6.2070 eV P=1.000e+00 E=-2160.4873 eV hmax=4.867 A hmean=3.769 A rough=0.887 A occ1=0.600 tested=7
[TEMPLATE DEBUG] total=746 species_filter=0 restriction=0 direction=221 global_front=0 occupied=33 connection=480 min_dist=2 pre_shell=10 post_shell=6 tested_energy=6
[TEMPLATE DEBUG] camada candidata x: min=30.014146 max=30.014146 n=6
step=00036 species=  C N=00252 vac=0005 axis=x surf=yz Eads=-9.2146 eV P=1.000e+00 E=-2170.9033 eV hmax=4.922 A hmean=3.938 A rough=0.930 A occ1=0.600 tested=6
[TEMPLATE DEBUG] total=746 species_filter=0 restriction=0 direction=221 global_front=0 occupied=34 connection=479 min_dist=2 pre_shell=10 post_shell=5 tested_energy=5
[TEMPLATE DEBUG] camada candidata x: min=30.014146 max=30.014146 n=5
step=00037 species=  C N=00253 vac=0005 axis=x surf=yz Eads=-5.5300 eV P=3.430e-02 E=-2177.4282 eV hmax=4.922 A hmean=4.098 A rough=0.952 A occ1=0.600 tested=5
[TEMPLATE DEBUG] total=746 species_filter=0 restriction=0 direction=221 global_front=0 occupied=35 connection=477 min_dist=2 pre_shell=11 post_shell=5 tested_energy=5
[TEMPLATE DEBUG] camada candidata x: min=30.014146 max=30.014146 n=5
step=00038 species=  C N=00254 vac=0005 axis=x surf=yz Eads=-7.6575 eV P=1.000e+00 E=-2186.1982 eV hmax=4.938 A hmean=4.600 A rough=0.978 A occ1=0.600 tested=5
[TEMPLATE DEBUG] total=746 species_filter=0 restriction=0 direction=221 global_front=0 occupied=36 connection=476 min_dist=2 pre_shell=11 post_shell=4 tested_energy=4
[TEMPLATE DEBUG] camada candidata x: min=30.014146 max=30.014146 n=4
step=00039 species=  C N=00255 vac=0005 axis=x surf=yz Eads=-5.6687 eV P=8.866e-01 E=-2192.4612 eV hmax=4.990 A hmean=4.758 A rough=0.968 A occ1=0.600 tested=4
[TEMPLATE DEBUG] total=746 species_filter=0 restriction=0 direction=221 global_front=0 occupied=37 connection=475 min_dist=2 pre_shell=11 post_shell=3 tested_energy=3
[TEMPLATE DEBUG] camada candidata x: min=30.014146 max=30.014146 n=3
step=00040 species=  C N=00256 vac=0005 axis=x surf=yz Eads=-9.4138 eV P=1.000e+00 E=-2202.5203 eV hmax=4.966 A hmean=4.759 A rough=1.015 A occ1=0.600 tested=3
[TEMPLATE DEBUG] total=746 species_filter=0 restriction=0 direction=221 global_front=0 occupied=38 connection=474 min_dist=2 pre_shell=11 post_shell=2 tested_energy=2
[TEMPLATE DEBUG] camada candidata x: min=30.014146 max=30.014146 n=2
step=00041 species=  C N=00257 vac=0005 axis=x surf=yz Eads=-5.6245 eV P=1.000e+00 E=-2209.2456 eV hmax=4.966 A hmean=4.899 A rough=0.994 A occ1=0.600 tested=2
[TEMPLATE DEBUG] total=746 species_filter=0 restriction=0 direction=221 global_front=0 occupied=39 connection=473 min_dist=2 pre_shell=11 post_shell=1 tested_energy=1
[TEMPLATE DEBUG] camada candidata x: min=30.014146 max=30.014146 n=1
step=00042 species=  C N=00258 vac=0005 axis=x surf=yz Eads=-4.6121 eV P=1.000e+00 E=-2218.7861 eV hmax=5.019 A hmean=4.909 A rough=1.005 A occ1=0.600 tested=1
[TEMPLATE DEBUG] total=746 species_filter=0 restriction=0 direction=221 global_front=0 occupied=40 connection=473 min_dist=2 pre_shell=10 post_shell=10 tested_energy=10
[TEMPLATE DEBUG] camada candidata x: min=31.243902 max=31.243902 n=10
step=00043 species=  C N=00259 vac=0005 axis=x surf=yz Eads=-7.0400 eV P=1.000e+00 E=-2226.6216 eV hmax=6.088 A hmean=5.040 A rough=0.688 A occ1=0.600 tested=10
[TEMPLATE DEBUG] total=746 species_filter=0 restriction=0 direction=221 global_front=0 occupied=41 connection=472 min_dist=2 pre_shell=10 post_shell=9 tested_energy=9
[TEMPLATE DEBUG] camada candidata x: min=31.243902 max=31.243902 n=9
[INFO] vacância sorteada por --impurity em posição template; espécie que seria depositada: C.
[INFO] vacância frozen registrada no sítio template 265; esse sítio não poderá ser depositado novamente.
step=00044 species=vac impurity=vac intended=C N=00259 vac=0006 axis=x surf=yz Eads=+0.0000 eV P=1.000e+00 E=-2226.6216 eV hmax=6.088 A hmean=5.040 A rough=0.688 A occ1=0.600 tested=9
[TEMPLATE DEBUG] total=746 species_filter=0 restriction=0 direction=221 global_front=0 occupied=42 connection=472 min_dist=2 pre_shell=9 post_shell=8 tested_energy=8
[TEMPLATE DEBUG] camada candidata x: min=31.243902 max=31.243902 n=8
[INFO] impureza sorteada por --impurity: N no lugar de C.
step=00045 species=  N impurity=N intended=C N=00260 vac=0006 axis=x surf=yz Eads=-7.0969 eV P=9.265e-01 E=-2234.6155 eV hmax=6.116 A hmean=5.187 A rough=0.764 A occ1=0.600 tested=8
[TEMPLATE DEBUG] total=746 species_filter=0 restriction=0 direction=221 global_front=0 occupied=43 connection=471 min_dist=2 pre_shell=9 post_shell=7 tested_energy=7
[TEMPLATE DEBUG] camada candidata x: min=31.243902 max=31.243902 n=7
step=00046 species=  C N=00261 vac=0006 axis=x surf=yz Eads=-10.0811 eV P=1.000e+00 E=-2245.7041 eV hmax=6.168 A hmean=5.345 A rough=0.820 A occ1=0.600 tested=7
[TEMPLATE DEBUG] total=746 species_filter=0 restriction=0 direction=221 global_front=0 occupied=44 connection=470 min_dist=2 pre_shell=9 post_shell=6 tested_energy=6
[TEMPLATE DEBUG] camada candidata x: min=31.243902 max=31.243902 n=6
step=00047 species=  C N=00262 vac=0006 axis=x surf=yz Eads=-7.3501 eV P=1.000e+00 E=-2253.5105 eV hmax=6.168 A hmean=5.487 A rough=0.859 A occ1=0.600 tested=6
[TEMPLATE DEBUG] total=746 species_filter=0 restriction=0 direction=221 global_front=0 occupied=45 connection=469 min_dist=2 pre_shell=9 post_shell=5 tested_energy=5
[TEMPLATE DEBUG] camada candidata x: min=31.243902 max=31.243902 n=5
[INFO] impureza sorteada por --impurity: N no lugar de C.
step=00048 species=  N impurity=N intended=C N=00263 vac=0006 axis=x surf=yz Eads=-11.4797 eV P=1.000e+00 E=-2265.6404 eV hmax=6.168 A hmean=5.490 A rough=0.888 A occ1=0.600 tested=5
[TEMPLATE DEBUG] total=746 species_filter=0 restriction=0 direction=221 global_front=0 occupied=46 connection=468 min_dist=2 pre_shell=9 post_shell=4 tested_energy=4
[TEMPLATE DEBUG] camada candidata x: min=31.243902 max=31.243902 n=4
step=00049 species=  C N=00264 vac=0006 axis=x surf=yz Eads=-6.6997 eV P=9.925e-01 E=-2272.9604 eV hmax=6.168 A hmean=5.663 A rough=0.910 A occ1=0.600 tested=4
[TEMPLATE DEBUG] total=746 species_filter=0 restriction=0 direction=221 global_front=0 occupied=47 connection=467 min_dist=2 pre_shell=9 post_shell=3 tested_energy=3
[TEMPLATE DEBUG] camada candidata x: min=31.243902 max=31.243902 n=3
[INFO] impureza sorteada por --impurity: N no lugar de C.
step=00050 species=  N impurity=N intended=C N=00265 vac=0006 axis=x surf=yz Eads=-10.2222 eV P=1.000e+00 E=-2284.9246 eV hmax=6.168 A hmean=5.663 A rough=0.925 A occ1=0.600 tested=3
[TEMPLATE DEBUG] total=746 species_filter=0 restriction=0 direction=221 global_front=0 occupied=48 connection=466 min_dist=2 pre_shell=9 post_shell=2 tested_energy=2
[TEMPLATE DEBUG] camada candidata x: min=31.243902 max=31.243902 n=2
step=00051 species=  C N=00266 vac=0006 axis=x surf=yz Eads=-6.4895 eV P=1.000e+00 E=-2291.8711 eV hmax=6.193 A hmean=5.824 A rough=0.944 A occ1=0.600 tested=2
[TEMPLATE DEBUG] total=746 species_filter=0 restriction=0 direction=221 global_front=0 occupied=49 connection=465 min_dist=2 pre_shell=9 post_shell=1 tested_energy=1
[TEMPLATE DEBUG] camada candidata x: min=31.243902 max=31.243902 n=1
step=00052 species=  C N=00267 vac=0006 axis=x surf=yz Eads=-10.0012 eV P=1.000e+00 E=-2302.2305 eV hmax=6.193 A hmean=5.824 A rough=0.955 A occ1=0.600 tested=1
[TEMPLATE DEBUG] total=746 species_filter=0 restriction=0 direction=221 global_front=0 occupied=50 connection=464 min_dist=2 pre_shell=9 post_shell=9 tested_energy=9
[TEMPLATE DEBUG] camada candidata x: min=32.473658 max=32.473658 n=9
step=00053 species=  C N=00268 vac=0006 axis=x surf=yz Eads=-6.3921 eV P=9.990e-01 E=-2309.1123 eV hmax=7.330 A hmean=5.980 A rough=0.686 A occ1=0.600 tested=9
[TEMPLATE DEBUG] total=746 species_filter=0 restriction=0 direction=221 global_front=0 occupied=51 connection=463 min_dist=2 pre_shell=9 post_shell=8 tested_energy=8
[TEMPLATE DEBUG] camada candidata x: min=32.473658 max=32.473658 n=8
step=00054 species=  C N=00269 vac=0006 axis=x surf=yz Eads=-7.3733 eV P=1.000e+00 E=-2317.1399 eV hmax=7.352 A hmean=6.133 A rough=0.766 A occ1=0.600 tested=8
[TEMPLATE DEBUG] total=746 species_filter=0 restriction=0 direction=221 global_front=0 occupied=52 connection=462 min_dist=2 pre_shell=9 post_shell=7 tested_energy=7
[TEMPLATE DEBUG] camada candidata x: min=32.473658 max=32.473658 n=7
step=00055 species=  C N=00270 vac=0006 axis=x surf=yz Eads=-6.7295 eV P=1.000e+00 E=-2324.3455 eV hmax=7.340 A hmean=6.437 A rough=0.824 A occ1=0.600 tested=7
[TEMPLATE DEBUG] total=746 species_filter=0 restriction=0 direction=221 global_front=0 occupied=53 connection=461 min_dist=2 pre_shell=9 post_shell=6 tested_energy=6
[TEMPLATE DEBUG] camada candidata x: min=32.473658 max=32.473658 n=6
step=00056 species=  C N=00271 vac=0006 axis=x surf=yz Eads=-8.4341 eV P=1.000e+00 E=-2333.4333 eV hmax=7.323 A hmean=6.438 A rough=0.866 A occ1=0.600 tested=6
[TEMPLATE DEBUG] total=746 species_filter=0 restriction=0 direction=221 global_front=0 occupied=54 connection=460 min_dist=2 pre_shell=9 post_shell=5 tested_energy=5
[TEMPLATE DEBUG] camada candidata x: min=32.473658 max=32.473658 n=5
step=00057 species=  C N=00272 vac=0006 axis=x surf=yz Eads=-6.8984 eV P=1.000e+00 E=-2340.7163 eV hmax=7.361 A hmean=6.594 A rough=0.900 A occ1=0.600 tested=5
[TEMPLATE DEBUG] total=746 species_filter=0 restriction=0 direction=221 global_front=0 occupied=55 connection=459 min_dist=2 pre_shell=9 post_shell=4 tested_energy=4
[TEMPLATE DEBUG] camada candidata x: min=32.473658 max=32.473658 n=4
step=00058 species=  C N=00273 vac=0006 axis=x surf=yz Eads=-10.5244 eV P=1.000e+00 E=-2351.8303 eV hmax=7.350 A hmean=6.740 A rough=0.925 A occ1=0.600 tested=4
[TEMPLATE DEBUG] total=746 species_filter=0 restriction=0 direction=221 global_front=0 occupied=56 connection=458 min_dist=2 pre_shell=9 post_shell=3 tested_energy=3
[TEMPLATE DEBUG] camada candidata x: min=32.473658 max=32.473658 n=3
step=00059 species=  C N=00274 vac=0006 axis=x surf=yz Eads=-6.0347 eV P=9.985e-01 E=-2358.1799 eV hmax=7.378 A hmean=6.895 A rough=0.951 A occ1=0.600 tested=3
[TEMPLATE DEBUG] total=746 species_filter=0 restriction=0 direction=221 global_front=0 occupied=57 connection=456 min_dist=3 pre_shell=9 post_shell=2 tested_energy=2
[TEMPLATE DEBUG] camada candidata x: min=32.473658 max=32.473658 n=2
step=00060 species=  C N=00275 vac=0006 axis=x surf=yz Eads=-6.9404 eV P=1.000e+00 E=-2365.4194 eV hmax=7.374 A hmean=7.043 A rough=0.971 A occ1=0.600 tested=2
[TEMPLATE DEBUG] total=746 species_filter=0 restriction=0 direction=221 global_front=0 occupied=58 connection=455 min_dist=2 pre_shell=10 post_shell=2 tested_energy=2
[TEMPLATE DEBUG] camada candidata x: min=32.473658 max=32.473658 n=2
[INFO] vacância sorteada por --impurity em posição template; espécie que seria depositada: C.
[INFO] vacância frozen registrada no sítio template 280; esse sítio não poderá ser depositado novamente.
step=00061 species=vac impurity=vac intended=C N=00275 vac=0007 axis=x surf=yz Eads=+0.0000 eV P=1.000e+00 E=-2365.4194 eV hmax=7.374 A hmean=7.043 A rough=0.971 A occ1=0.600 tested=2
[TEMPLATE DEBUG] total=746 species_filter=0 restriction=0 direction=221 global_front=0 occupied=59 connection=455 min_dist=2 pre_shell=9 post_shell=1 tested_energy=1
[TEMPLATE DEBUG] camada candidata x: min=32.473658 max=32.473658 n=1
step=00062 species=  C N=00276 vac=0007 axis=x surf=yz Eads=-3.1169 eV P=1.000e+00 E=-2373.2786 eV hmax=7.401 A hmean=7.342 A rough=0.987 A occ1=0.600 tested=1
[TEMPLATE DEBUG] total=746 species_filter=0 restriction=0 direction=221 global_front=0 occupied=60 connection=454 min_dist=2 pre_shell=9 post_shell=1 tested_energy=1
[TEMPLATE DEBUG] camada candidata x: min=32.473658 max=32.473658 n=1
step=00063 species=  C N=00277 vac=0007 axis=x surf=yz Eads=-7.5181 eV P=1.000e+00 E=-2381.1980 eV hmax=7.443 A hmean=7.341 A rough=1.003 A occ1=0.600 tested=1
[TEMPLATE DEBUG] total=746 species_filter=0 restriction=0 direction=221 global_front=0 occupied=61 connection=453 min_dist=2 pre_shell=9 post_shell=9 tested_energy=9
[TEMPLATE DEBUG] camada candidata x: min=33.703414 max=33.703414 n=9
step=00064 species=  C N=00278 vac=0007 axis=x surf=yz Eads=-7.7371 eV P=9.949e-01 E=-2389.4661 eV hmax=8.543 A hmean=7.498 A rough=0.695 A occ1=0.600 tested=9
[TEMPLATE DEBUG] total=746 species_filter=0 restriction=0 direction=221 global_front=0 occupied=62 connection=452 min_dist=2 pre_shell=9 post_shell=8 tested_energy=8
[TEMPLATE DEBUG] camada candidata x: min=33.703414 max=33.703414 n=8
[INFO] impureza sorteada por --impurity: N no lugar de C.
step=00065 species=  N impurity=N intended=C N=00279 vac=0007 axis=x surf=yz Eads=-10.5723 eV P=1.000e+00 E=-2400.6333 eV hmax=8.639 A hmean=7.508 A rough=0.772 A occ1=0.600 tested=8
[TEMPLATE DEBUG] total=746 species_filter=0 restriction=0 direction=221 global_front=0 occupied=63 connection=451 min_dist=2 pre_shell=9 post_shell=7 tested_energy=7
[TEMPLATE DEBUG] camada candidata x: min=33.703414 max=33.703414 n=7
step=00066 species=  C N=00280 vac=0007 axis=x surf=yz Eads=-6.9863 eV P=9.993e-01 E=-2409.1165 eV hmax=8.695 A hmean=7.708 A rough=0.837 A occ1=0.600 tested=7
[TEMPLATE DEBUG] total=746 species_filter=0 restriction=0 direction=221 global_front=0 occupied=64 connection=450 min_dist=2 pre_shell=9 post_shell=6 tested_energy=6
[TEMPLATE DEBUG] camada candidata x: min=33.703414 max=33.703414 n=6
step=00067 species=  C N=00281 vac=0007 axis=x surf=yz Eads=-7.4863 eV P=1.000e+00 E=-2419.6189 eV hmax=8.695 A hmean=7.710 A rough=0.880 A occ1=0.600 tested=6
[TEMPLATE DEBUG] total=746 species_filter=0 restriction=0 direction=221 global_front=0 occupied=65 connection=449 min_dist=2 pre_shell=9 post_shell=5 tested_energy=5
[TEMPLATE DEBUG] camada candidata x: min=33.703414 max=33.703414 n=5
step=00068 species=  C N=00282 vac=0007 axis=x surf=yz Eads=-7.2222 eV P=1.000e+00 E=-2427.2344 eV hmax=8.695 A hmean=7.870 A rough=0.908 A occ1=0.600 tested=5
[TEMPLATE DEBUG] total=746 species_filter=0 restriction=0 direction=221 global_front=0 occupied=66 connection=448 min_dist=2 pre_shell=9 post_shell=4 tested_energy=4
[TEMPLATE DEBUG] camada candidata x: min=33.703414 max=33.703414 n=4
step=00069 species=  C N=00283 vac=0007 axis=x surf=yz Eads=-10.3936 eV P=1.000e+00 E=-2438.0706 eV hmax=8.695 A hmean=7.879 A rough=0.931 A occ1=0.600 tested=4
[TEMPLATE DEBUG] total=746 species_filter=0 restriction=0 direction=221 global_front=0 occupied=67 connection=447 min_dist=2 pre_shell=9 post_shell=3 tested_energy=3
[TEMPLATE DEBUG] camada candidata x: min=33.703414 max=33.703414 n=3
step=00070 species=  C N=00284 vac=0007 axis=x surf=yz Eads=-6.7681 eV P=1.000e+00 E=-2445.4734 eV hmax=8.695 A hmean=8.021 A rough=0.948 A occ1=0.600 tested=3
[TEMPLATE DEBUG] total=746 species_filter=0 restriction=0 direction=221 global_front=0 occupied=68 connection=446 min_dist=2 pre_shell=9 post_shell=2 tested_energy=2
[TEMPLATE DEBUG] camada candidata x: min=33.703414 max=33.703414 n=2
step=00071 species=  C N=00285 vac=0007 axis=x surf=yz Eads=-10.3311 eV P=1.000e+00 E=-2456.2703 eV hmax=8.695 A hmean=8.027 A rough=0.963 A occ1=0.600 tested=2
[TEMPLATE DEBUG] total=746 species_filter=0 restriction=0 direction=221 global_front=0 occupied=69 connection=445 min_dist=2 pre_shell=9 post_shell=1 tested_energy=1
[TEMPLATE DEBUG] camada candidata x: min=33.703414 max=33.703414 n=1
step=00072 species=  C N=00286 vac=0007 axis=x surf=yz Eads=-6.8450 eV P=1.000e+00 E=-2463.5320 eV hmax=8.695 A hmean=8.187 A rough=0.975 A occ1=0.600 tested=1
[TEMPLATE DEBUG] total=746 species_filter=0 restriction=0 direction=221 global_front=0 occupied=70 connection=443 min_dist=2 pre_shell=10 post_shell=1 tested_energy=1
[TEMPLATE DEBUG] camada candidata x: min=33.703414 max=33.703414 n=1
[INFO] impureza sorteada por --impurity: N no lugar de C.
step=00073 species=  N impurity=N intended=C N=00287 vac=0007 axis=x surf=yz Eads=-8.7322 eV P=1.000e+00 E=-2474.0779 eV hmax=8.695 A hmean=8.197 A rough=0.986 A occ1=0.600 tested=1
[TEMPLATE DEBUG] total=746 species_filter=0 restriction=0 direction=221 global_front=0 occupied=71 connection=442 min_dist=2 pre_shell=10 post_shell=10 tested_energy=10
[TEMPLATE DEBUG] camada candidata x: min=34.933170 max=34.933170 n=10
step=00074 species=  C N=00288 vac=0007 axis=x surf=yz Eads=-6.3972 eV P=9.848e-01 E=-2480.7693 eV hmax=9.864 A hmean=8.361 A rough=0.710 A occ1=0.600 tested=10
[TEMPLATE DEBUG] total=746 species_filter=0 restriction=0 direction=221 global_front=0 occupied=72 connection=441 min_dist=2 pre_shell=10 post_shell=9 tested_energy=9
[TEMPLATE DEBUG] camada candidata x: min=34.933170 max=34.933170 n=9
step=00075 species=  C N=00289 vac=0007 axis=x surf=yz Eads=-10.1899 eV P=1.000e+00 E=-2491.5508 eV hmax=9.846 A hmean=8.512 A rough=0.780 A occ1=0.600 tested=9
[TEMPLATE DEBUG] total=746 species_filter=0 restriction=0 direction=221 global_front=0 occupied=73 connection=440 min_dist=2 pre_shell=10 post_shell=8 tested_energy=8
[TEMPLATE DEBUG] camada candidata x: min=34.933170 max=34.933170 n=8
step=00076 species=  C N=00290 vac=0007 axis=x surf=yz Eads=-7.1479 eV P=1.000e+00 E=-2499.0107 eV hmax=9.846 A hmean=8.816 A rough=0.836 A occ1=0.600 tested=8
[TEMPLATE DEBUG] total=746 species_filter=0 restriction=0 direction=221 global_front=0 occupied=74 connection=439 min_dist=2 pre_shell=10 post_shell=7 tested_energy=7
[TEMPLATE DEBUG] camada candidata x: min=34.933170 max=34.933170 n=7
step=00077 species=  C N=00291 vac=0007 axis=x surf=yz Eads=-10.1743 eV P=1.000e+00 E=-2509.7688 eV hmax=9.846 A hmean=8.814 A rough=0.874 A occ1=0.600 tested=7
[TEMPLATE DEBUG] total=746 species_filter=0 restriction=0 direction=221 global_front=0 occupied=75 connection=438 min_dist=2 pre_shell=10 post_shell=6 tested_energy=6
[TEMPLATE DEBUG] camada candidata x: min=34.933170 max=34.933170 n=6
step=00078 species=  C N=00292 vac=0007 axis=x surf=yz Eads=-7.1848 eV P=1.000e+00 E=-2517.3647 eV hmax=9.846 A hmean=8.982 A rough=0.910 A occ1=0.600 tested=6
[TEMPLATE DEBUG] total=746 species_filter=0 restriction=0 direction=221 global_front=0 occupied=76 connection=437 min_dist=2 pre_shell=10 post_shell=5 tested_energy=5
[TEMPLATE DEBUG] camada candidata x: min=34.933170 max=34.933170 n=5
step=00079 species=  C N=00293 vac=0007 axis=x surf=yz Eads=-8.0435 eV P=1.000e+00 E=-2526.0559 eV hmax=9.846 A hmean=9.281 A rough=0.935 A occ1=0.600 tested=5
[TEMPLATE DEBUG] total=746 species_filter=0 restriction=0 direction=221 global_front=0 occupied=77 connection=436 min_dist=2 pre_shell=10 post_shell=4 tested_energy=4
[TEMPLATE DEBUG] camada candidata x: min=34.933170 max=34.933170 n=4
step=00080 species=  C N=00294 vac=0007 axis=x surf=yz Eads=-8.3088 eV P=1.000e+00 E=-2534.9661 eV hmax=9.846 A hmean=9.403 A rough=0.953 A occ1=0.600 tested=4
[TEMPLATE DEBUG] total=746 species_filter=0 restriction=0 direction=221 global_front=0 occupied=78 connection=435 min_dist=2 pre_shell=10 post_shell=3 tested_energy=3
[TEMPLATE DEBUG] camada candidata x: min=34.933170 max=34.933170 n=3
step=00081 species=  C N=00295 vac=0007 axis=x surf=yz Eads=-8.4390 eV P=1.000e+00 E=-2544.2444 eV hmax=9.846 A hmean=9.393 A rough=0.967 A occ1=0.600 tested=3
[TEMPLATE DEBUG] total=746 species_filter=0 restriction=0 direction=221 global_front=0 occupied=79 connection=434 min_dist=2 pre_shell=10 post_shell=2 tested_energy=2
[TEMPLATE DEBUG] camada candidata x: min=34.933170 max=34.933170 n=2
step=00082 species=  C N=00296 vac=0007 axis=x surf=yz Eads=-5.5457 eV P=1.000e+00 E=-2550.3862 eV hmax=9.846 A hmean=9.544 A rough=0.982 A occ1=0.600 tested=2
[TEMPLATE DEBUG] total=746 species_filter=0 restriction=0 direction=221 global_front=0 occupied=80 connection=432 min_dist=2 pre_shell=11 post_shell=2 tested_energy=2
[TEMPLATE DEBUG] camada candidata x: min=34.933170 max=34.933170 n=2
step=00083 species=  C N=00297 vac=0007 axis=x surf=yz Eads=-5.1401 eV P=1.000e+00 E=-2556.7122 eV hmax=9.820 A hmean=9.780 A rough=0.991 A occ1=0.600 tested=2
[TEMPLATE DEBUG] total=746 species_filter=0 restriction=0 direction=221 global_front=0 occupied=81 connection=431 min_dist=2 pre_shell=11 post_shell=1 tested_energy=1
[TEMPLATE DEBUG] camada candidata x: min=34.933170 max=34.933170 n=1
step=00084 species=  C N=00298 vac=0007 axis=x surf=yz Eads=-7.1316 eV P=1.000e+00 E=-2568.0835 eV hmax=9.913 A hmean=9.811 A rough=1.007 A occ1=0.600 tested=1
[TEMPLATE DEBUG] total=746 species_filter=0 restriction=0 direction=221 global_front=0 occupied=82 connection=431 min_dist=2 pre_shell=10 post_shell=10 tested_energy=10
[TEMPLATE DEBUG] camada candidata x: min=36.162926 max=36.162926 n=10
step=00085 species=  C N=00299 vac=0007 axis=x surf=yz Eads=-6.7986 eV P=1.000e+00 E=-2575.3831 eV hmax=11.040 A hmean=9.976 A rough=0.680 A occ1=0.600 tested=10
[TEMPLATE DEBUG] total=746 species_filter=0 restriction=0 direction=221 global_front=0 occupied=83 connection=430 min_dist=2 pre_shell=10 post_shell=9 tested_energy=9
[TEMPLATE DEBUG] camada candidata x: min=36.162926 max=36.162926 n=9
[INFO] impureza sorteada por --impurity: N no lugar de C.
step=00086 species=  N impurity=N intended=C N=00300 vac=0007 axis=x surf=yz Eads=-11.4048 eV P=1.000e+00 E=-2587.3472 eV hmax=11.069 A hmean=9.980 A rough=0.755 A occ1=0.600 tested=9
[TEMPLATE DEBUG] total=746 species_filter=0 restriction=0 direction=221 global_front=0 occupied=84 connection=429 min_dist=2 pre_shell=10 post_shell=8 tested_energy=8
[TEMPLATE DEBUG] camada candidata x: min=36.162926 max=36.162926 n=8
[INFO] impureza sorteada por --impurity: N no lugar de C.
step=00087 species=  N impurity=N intended=C N=00301 vac=0007 axis=x surf=yz Eads=-6.6172 eV P=2.114e-01 E=-2594.8689 eV hmax=11.069 A hmean=10.135 A rough=0.813 A occ1=0.600 tested=8
[TEMPLATE DEBUG] total=746 species_filter=0 restriction=0 direction=221 global_front=0 occupied=85 connection=428 min_dist=2 pre_shell=10 post_shell=7 tested_energy=7
[TEMPLATE DEBUG] camada candidata x: min=36.162926 max=36.162926 n=7
step=00088 species=  C N=00302 vac=0007 axis=x surf=yz Eads=-10.3767 eV P=1.000e+00 E=-2606.2195 eV hmax=11.084 A hmean=10.145 A rough=0.856 A occ1=0.600 tested=7
[TEMPLATE DEBUG] total=746 species_filter=0 restriction=0 direction=221 global_front=0 occupied=86 connection=427 min_dist=2 pre_shell=10 post_shell=6 tested_energy=6
[TEMPLATE DEBUG] camada candidata x: min=36.162926 max=36.162926 n=6
step=00089 species=  C N=00303 vac=0007 axis=x surf=yz Eads=-7.1226 eV P=9.933e-01 E=-2613.7949 eV hmax=11.084 A hmean=10.307 A rough=0.886 A occ1=0.600 tested=6
[TEMPLATE DEBUG] total=746 species_filter=0 restriction=0 direction=221 global_front=0 occupied=87 connection=426 min_dist=2 pre_shell=10 post_shell=5 tested_energy=5
[TEMPLATE DEBUG] camada candidata x: min=36.162926 max=36.162926 n=5
step=00090 species=  C N=00304 vac=0007 axis=x surf=yz Eads=-10.3823 eV P=1.000e+00 E=-2624.5803 eV hmax=11.084 A hmean=10.309 A rough=0.910 A occ1=0.600 tested=5
[TEMPLATE DEBUG] total=746 species_filter=0 restriction=0 direction=221 global_front=0 occupied=88 connection=425 min_dist=2 pre_shell=10 post_shell=4 tested_energy=4
[TEMPLATE DEBUG] camada candidata x: min=36.162926 max=36.162926 n=4
step=00091 species=  C N=00305 vac=0007 axis=x surf=yz Eads=-6.9080 eV P=5.170e-01 E=-2632.0742 eV hmax=11.084 A hmean=10.462 A rough=0.930 A occ1=0.600 tested=4
[TEMPLATE DEBUG] total=746 species_filter=0 restriction=0 direction=221 global_front=0 occupied=89 connection=424 min_dist=2 pre_shell=10 post_shell=3 tested_energy=3
[TEMPLATE DEBUG] camada candidata x: min=36.162926 max=36.162926 n=3
step=00092 species=  C N=00306 vac=0007 axis=x surf=yz Eads=-9.4644 eV P=1.000e+00 E=-2642.2410 eV hmax=11.087 A hmean=10.601 A rough=0.949 A occ1=0.600 tested=3
[TEMPLATE DEBUG] total=746 species_filter=0 restriction=0 direction=221 global_front=0 occupied=90 connection=423 min_dist=2 pre_shell=10 post_shell=2 tested_energy=2
[TEMPLATE DEBUG] camada candidata x: min=36.162926 max=36.162926 n=2
step=00093 species=  C N=00307 vac=0007 axis=x surf=yz Eads=-6.9048 eV P=1.000e+00 E=-2649.4377 eV hmax=11.096 A hmean=10.758 A rough=0.964 A occ1=0.600 tested=2
[TEMPLATE DEBUG] total=746 species_filter=0 restriction=0 direction=221 global_front=0 occupied=91 connection=422 min_dist=2 pre_shell=10 post_shell=1 tested_energy=1
[TEMPLATE DEBUG] camada candidata x: min=36.162926 max=36.162926 n=1
step=00094 species=  C N=00308 vac=0007 axis=x surf=yz Eads=-9.9592 eV P=1.000e+00 E=-2660.1208 eV hmax=11.096 A hmean=10.905 A rough=0.975 A occ1=0.600 tested=1
[TEMPLATE DEBUG] total=746 species_filter=0 restriction=0 direction=221 global_front=0 occupied=92 connection=421 min_dist=2 pre_shell=10 post_shell=10 tested_energy=10
[TEMPLATE DEBUG] camada candidata x: min=37.392682 max=37.392682 n=10
step=00095 species=  C N=00309 vac=0007 axis=x surf=yz Eads=-6.3140 eV P=9.611e-01 E=-2666.8774 eV hmax=12.279 A hmean=11.060 A rough=0.695 A occ1=0.600 tested=10
[TEMPLATE DEBUG] total=746 species_filter=0 restriction=0 direction=221 global_front=0 occupied=93 connection=420 min_dist=2 pre_shell=10 post_shell=9 tested_energy=9
[TEMPLATE DEBUG] camada candidata x: min=37.392682 max=37.392682 n=9
step=00096 species=  C N=00310 vac=0007 axis=x surf=yz Eads=-10.4355 eV P=1.000e+00 E=-2677.8108 eV hmax=12.260 A hmean=11.056 A rough=0.764 A occ1=0.600 tested=9
[TEMPLATE DEBUG] total=746 species_filter=0 restriction=0 direction=221 global_front=0 occupied=94 connection=419 min_dist=2 pre_shell=10 post_shell=8 tested_energy=8
[TEMPLATE DEBUG] camada candidata x: min=37.392682 max=37.392682 n=8
step=00097 species=  C N=00311 vac=0007 axis=x surf=yz Eads=-6.9819 eV P=1.000e+00 E=-2684.9771 eV hmax=12.319 A hmean=11.212 A rough=0.824 A occ1=0.600 tested=8
[TEMPLATE DEBUG] total=746 species_filter=0 restriction=0 direction=221 global_front=0 occupied=95 connection=418 min_dist=2 pre_shell=10 post_shell=7 tested_energy=7
[TEMPLATE DEBUG] camada candidata x: min=37.392682 max=37.392682 n=7
[INFO] impureza sorteada por --impurity: N no lugar de C.
step=00098 species=  N impurity=N intended=C N=00312 vac=0007 axis=x surf=yz Eads=-9.6345 eV P=1.000e+00 E=-2695.4341 eV hmax=12.367 A hmean=11.366 A rough=0.871 A occ1=0.600 tested=7
[TEMPLATE DEBUG] total=746 species_filter=0 restriction=0 direction=221 global_front=0 occupied=96 connection=417 min_dist=2 pre_shell=10 post_shell=6 tested_energy=6
[TEMPLATE DEBUG] camada candidata x: min=37.392682 max=37.392682 n=6
[INFO] vacância sorteada por --impurity em posição template; espécie que seria depositada: C.
[INFO] vacância frozen registrada no sítio template 315; esse sítio não poderá ser depositado novamente.
step=00099 species=vac impurity=vac intended=C N=00312 vac=0008 axis=x surf=yz Eads=+0.0000 eV P=9.998e-01 E=-2695.4341 eV hmax=12.367 A hmean=11.366 A rough=0.871 A occ1=0.600 tested=6
[TEMPLATE DEBUG] total=746 species_filter=0 restriction=0 direction=221 global_front=0 occupied=97 connection=417 min_dist=2 pre_shell=9 post_shell=5 tested_energy=5
[TEMPLATE DEBUG] camada candidata x: min=37.392682 max=37.392682 n=5
step=00100 species=  C N=00313 vac=0008 axis=x surf=yz Eads=-6.1721 eV P=9.310e-01 E=-2702.0056 eV hmax=12.367 A hmean=11.519 A rough=0.908 A occ1=0.600 tested=5
[TEMPLATE DEBUG] total=746 species_filter=0 restriction=0 direction=221 global_front=0 occupied=98 connection=415 min_dist=2 pre_shell=10 post_shell=5 tested_energy=5
[TEMPLATE DEBUG] camada candidata x: min=37.392682 max=37.392682 n=5
[INFO] impureza sorteada por --impurity: N no lugar de C.
step=00101 species=  N impurity=N intended=C N=00314 vac=0008 axis=x surf=yz Eads=-9.0107 eV P=1.000e+00 E=-2712.4556 eV hmax=12.367 A hmean=11.525 A rough=0.937 A occ1=0.600 tested=5
[TEMPLATE DEBUG] total=746 species_filter=0 restriction=0 direction=221 global_front=0 occupied=99 connection=415 min_dist=2 pre_shell=9 post_shell=4 tested_energy=4
[TEMPLATE DEBUG] camada candidata x: min=37.392682 max=37.392682 n=4
[INFO] impureza sorteada por --impurity: N no lugar de C.
step=00102 species=  N impurity=N intended=C N=00315 vac=0008 axis=x surf=yz Eads=-7.7910 eV P=9.965e-01 E=-2720.8450 eV hmax=12.367 A hmean=11.680 A rough=0.957 A occ1=0.600 tested=4
[TEMPLATE DEBUG] total=746 species_filter=0 restriction=0 direction=221 global_front=0 occupied=100 connection=414 min_dist=2 pre_shell=9 post_shell=3 tested_energy=3
[TEMPLATE DEBUG] camada candidata x: min=37.392682 max=37.392682 n=3
step=00103 species=  C N=00316 vac=0008 axis=x surf=yz Eads=-10.3809 eV P=1.000e+00 E=-2731.9929 eV hmax=12.367 A hmean=11.839 A rough=0.975 A occ1=0.600 tested=3
[TEMPLATE DEBUG] total=746 species_filter=0 restriction=0 direction=221 global_front=0 occupied=101 connection=413 min_dist=2 pre_shell=9 post_shell=2 tested_energy=2
[TEMPLATE DEBUG] camada candidata x: min=37.392682 max=37.392682 n=2
step=00104 species=  C N=00317 vac=0008 axis=x surf=yz Eads=-7.0916 eV P=9.999e-01 E=-2739.3374 eV hmax=12.367 A hmean=12.140 A rough=0.988 A occ1=0.600 tested=2
[TEMPLATE DEBUG] total=746 species_filter=0 restriction=0 direction=221 global_front=0 occupied=102 connection=412 min_dist=2 pre_shell=9 post_shell=1 tested_energy=1
[TEMPLATE DEBUG] camada candidata x: min=37.392682 max=37.392682 n=1
[INFO] impureza sorteada por --impurity: N no lugar de C.
step=00105 species=  N impurity=N intended=C N=00318 vac=0008 axis=x surf=yz Eads=-6.8650 eV P=1.000e+00 E=-2747.0671 eV hmax=12.367 A hmean=12.296 A rough=1.001 A occ1=0.600 tested=1
[TEMPLATE DEBUG] total=746 species_filter=0 restriction=0 direction=221 global_front=0 occupied=103 connection=411 min_dist=2 pre_shell=9 post_shell=9 tested_energy=9
[TEMPLATE DEBUG] camada candidata x: min=38.622438 max=38.622438 n=9
step=00106 species=  C N=00319 vac=0008 axis=x surf=yz Eads=-7.6646 eV P=1.000e+00 E=-2755.1934 eV hmax=13.477 A hmean=12.462 A rough=0.706 A occ1=0.600 tested=9
[TEMPLATE DEBUG] total=746 species_filter=0 restriction=0 direction=221 global_front=0 occupied=104 connection=410 min_dist=2 pre_shell=9 post_shell=8 tested_energy=8
[TEMPLATE DEBUG] camada candidata x: min=38.622438 max=38.622438 n=8
step=00107 species=  C N=00320 vac=0008 axis=x surf=yz Eads=-9.2720 eV P=1.000e+00 E=-2765.1370 eV hmax=13.483 A hmean=12.458 A rough=0.771 A occ1=0.600 tested=8
[TEMPLATE DEBUG] total=746 species_filter=0 restriction=0 direction=221 global_front=0 occupied=105 connection=409 min_dist=2 pre_shell=9 post_shell=7 tested_energy=7
[TEMPLATE DEBUG] camada candidata x: min=38.622438 max=38.622438 n=7
step=00108 species=  C N=00321 vac=0008 axis=x surf=yz Eads=-5.9436 eV P=7.987e-01 E=-2771.6553 eV hmax=13.483 A hmean=12.613 A rough=0.827 A occ1=0.600 tested=7
[TEMPLATE DEBUG] total=746 species_filter=0 restriction=0 direction=221 global_front=0 occupied=106 connection=408 min_dist=2 pre_shell=9 post_shell=6 tested_energy=6
[TEMPLATE DEBUG] camada candidata x: min=38.622438 max=38.622438 n=6
step=00109 species=  C N=00322 vac=0008 axis=x surf=yz Eads=-9.7241 eV P=1.000e+00 E=-2781.7866 eV hmax=13.521 A hmean=12.633 A rough=0.871 A occ1=0.600 tested=6
[TEMPLATE DEBUG] total=746 species_filter=0 restriction=0 direction=221 global_front=0 occupied=107 connection=407 min_dist=2 pre_shell=9 post_shell=5 tested_energy=5
[TEMPLATE DEBUG] camada candidata x: min=38.622438 max=38.622438 n=5
step=00110 species=  C N=00323 vac=0008 axis=x surf=yz Eads=-6.8062 eV P=1.000e+00 E=-2789.0454 eV hmax=13.512 A hmean=12.780 A rough=0.904 A occ1=0.600 tested=5
[TEMPLATE DEBUG] total=746 species_filter=0 restriction=0 direction=221 global_front=0 occupied=108 connection=406 min_dist=2 pre_shell=9 post_shell=4 tested_energy=4
[TEMPLATE DEBUG] camada candidata x: min=38.622438 max=38.622438 n=4
[INFO] impureza sorteada por --impurity: N no lugar de C.
step=00111 species=  N impurity=N intended=C N=00324 vac=0008 axis=x surf=yz Eads=-11.2139 eV P=1.000e+00 E=-2800.8848 eV hmax=13.524 A hmean=12.789 A rough=0.928 A occ1=0.600 tested=4
[TEMPLATE DEBUG] total=746 species_filter=0 restriction=0 direction=221 global_front=0 occupied=109 connection=405 min_dist=2 pre_shell=9 post_shell=3 tested_energy=3
[TEMPLATE DEBUG] camada candidata x: min=38.622438 max=38.622438 n=3
step=00112 species=  C N=00325 vac=0008 axis=x surf=yz Eads=-5.9146 eV P=1.000e+00 E=-2807.1970 eV hmax=13.527 A hmean=12.929 A rough=0.949 A occ1=0.600 tested=3
[TEMPLATE DEBUG] total=746 species_filter=0 restriction=0 direction=221 global_front=0 occupied=110 connection=403 min_dist=2 pre_shell=10 post_shell=3 tested_energy=3
[TEMPLATE DEBUG] camada candidata x: min=38.622438 max=38.622438 n=3
step=00113 species=  C N=00326 vac=0008 axis=x surf=yz Eads=-7.1951 eV P=1.000e+00 E=-2814.8271 eV hmax=13.527 A hmean=12.935 A rough=0.959 A occ1=0.600 tested=3
[TEMPLATE DEBUG] total=746 species_filter=0 restriction=0 direction=221 global_front=0 occupied=111 connection=402 min_dist=2 pre_shell=10 post_shell=2 tested_energy=2
[TEMPLATE DEBUG] camada candidata x: min=38.622438 max=38.622438 n=2
step=00114 species=  C N=00327 vac=0008 axis=x surf=yz Eads=-5.1936 eV P=1.000e+00 E=-2820.4863 eV hmax=13.527 A hmean=13.082 A rough=0.971 A occ1=0.600 tested=2
[TEMPLATE DEBUG] total=746 species_filter=0 restriction=0 direction=221 global_front=0 occupied=112 connection=401 min_dist=2 pre_shell=10 post_shell=1 tested_energy=1
[TEMPLATE DEBUG] camada candidata x: min=38.622438 max=38.622438 n=1
step=00115 species=  C N=00328 vac=0008 axis=x surf=yz Eads=-8.6240 eV P=1.000e+00 E=-2829.9377 eV hmax=13.538 A hmean=13.214 A rough=0.981 A occ1=0.600 tested=1
[TEMPLATE DEBUG] total=746 species_filter=0 restriction=0 direction=221 global_front=0 occupied=113 connection=400 min_dist=2 pre_shell=10 post_shell=10 tested_energy=10
[TEMPLATE DEBUG] camada candidata x: min=39.852194 max=39.852194 n=10
[INFO] vacância sorteada por --impurity em posição template; espécie que seria depositada: C.
[INFO] vacância frozen registrada no sítio template 336; esse sítio não poderá ser depositado novamente.
step=00116 species=vac impurity=vac intended=C N=00328 vac=0009 axis=x surf=yz Eads=+0.0000 eV P=1.000e+00 E=-2829.9377 eV hmax=13.538 A hmean=13.214 A rough=0.981 A occ1=0.600 tested=10
[TEMPLATE DEBUG] total=746 species_filter=0 restriction=0 direction=221 global_front=0 occupied=114 connection=400 min_dist=2 pre_shell=9 post_shell=9 tested_energy=9
[TEMPLATE DEBUG] camada candidata x: min=39.852194 max=39.852194 n=9
[INFO] vacância sorteada por --impurity em posição template; espécie que seria depositada: C.
[INFO] vacância frozen registrada no sítio template 341; esse sítio não poderá ser depositado novamente.
step=00117 species=vac impurity=vac intended=C N=00328 vac=0010 axis=x surf=yz Eads=+0.0000 eV P=9.752e-01 E=-2829.9377 eV hmax=13.538 A hmean=13.214 A rough=0.981 A occ1=0.600 tested=9
[TEMPLATE DEBUG] total=746 species_filter=0 restriction=0 direction=221 global_front=0 occupied=115 connection=400 min_dist=2 pre_shell=8 post_shell=8 tested_energy=8
[TEMPLATE DEBUG] camada candidata x: min=39.852194 max=39.852194 n=8
step=00118 species=  C N=00329 vac=0010 axis=x surf=yz Eads=-6.2812 eV P=9.300e-01 E=-2836.7649 eV hmax=14.687 A hmean=13.512 A rough=0.667 A occ1=0.600 tested=8
[TEMPLATE DEBUG] total=746 species_filter=0 restriction=0 direction=221 global_front=0 occupied=116 connection=399 min_dist=2 pre_shell=8 post_shell=7 tested_energy=7
[TEMPLATE DEBUG] camada candidata x: min=39.852194 max=39.852194 n=7
[INFO] vacância sorteada por --impurity em posição template; espécie que seria depositada: C.
[INFO] vacância frozen registrada no sítio template 342; esse sítio não poderá ser depositado novamente.
step=00119 species=vac impurity=vac intended=C N=00329 vac=0011 axis=x surf=yz Eads=+0.0000 eV P=1.000e+00 E=-2836.7649 eV hmax=14.687 A hmean=13.512 A rough=0.667 A occ1=0.600 tested=7
[TEMPLATE DEBUG] total=746 species_filter=0 restriction=0 direction=221 global_front=0 occupied=117 connection=399 min_dist=2 pre_shell=7 post_shell=6 tested_energy=6
[TEMPLATE DEBUG] camada candidata x: min=39.852194 max=39.852194 n=6
step=00120 species=  C N=00330 vac=0011 axis=x surf=yz Eads=-6.1670 eV P=9.877e-01 E=-2843.3223 eV hmax=14.760 A hmean=13.665 A rough=0.749 A occ1=0.600 tested=6
[TEMPLATE DEBUG] total=746 species_filter=0 restriction=0 direction=221 global_front=0 occupied=118 connection=397 min_dist=2 pre_shell=8 post_shell=6 tested_energy=6
[TEMPLATE DEBUG] camada candidata x: min=39.852194 max=39.852194 n=6
step=00121 species=  C N=00331 vac=0011 axis=x surf=yz Eads=-7.7620 eV P=1.000e+00 E=-2851.6262 eV hmax=14.800 A hmean=13.675 A rough=0.811 A occ1=0.600 tested=6
[TEMPLATE DEBUG] total=746 species_filter=0 restriction=0 direction=221 global_front=0 occupied=119 connection=397 min_dist=2 pre_shell=7 post_shell=5 tested_energy=5
[TEMPLATE DEBUG] camada candidata x: min=39.852194 max=39.852194 n=5
step=00122 species=  C N=00332 vac=0011 axis=x surf=yz Eads=-7.8308 eV P=1.000e+00 E=-2862.5659 eV hmax=14.866 A hmean=13.823 A rough=0.862 A occ1=0.600 tested=5
[TEMPLATE DEBUG] total=746 species_filter=0 restriction=0 direction=221 global_front=0 occupied=120 connection=396 min_dist=2 pre_shell=7 post_shell=4 tested_energy=4
[TEMPLATE DEBUG] camada candidata x: min=39.852194 max=39.852194 n=4
[INFO] vacância sorteada por --impurity em posição template; espécie que seria depositada: C.
[INFO] vacância frozen registrada no sítio template 340; esse sítio não poderá ser depositado novamente.
step=00123 species=vac impurity=vac intended=C N=00332 vac=0012 axis=x surf=yz Eads=+0.0000 eV P=1.000e+00 E=-2862.5659 eV hmax=14.866 A hmean=13.823 A rough=0.862 A occ1=0.600 tested=4
[TEMPLATE DEBUG] total=746 species_filter=0 restriction=0 direction=221 global_front=0 occupied=121 connection=396 min_dist=2 pre_shell=6 post_shell=3 tested_energy=3
[TEMPLATE DEBUG] camada candidata x: min=39.852194 max=39.852194 n=3
step=00124 species=  C N=00333 vac=0012 axis=x surf=yz Eads=-5.5935 eV P=9.980e-01 E=-2868.8247 eV hmax=14.866 A hmean=14.110 A rough=0.896 A occ1=0.600 tested=3
[TEMPLATE DEBUG] total=746 species_filter=0 restriction=0 direction=221 global_front=0 occupied=122 connection=395 min_dist=2 pre_shell=6 post_shell=2 tested_energy=2
[TEMPLATE DEBUG] camada candidata x: min=39.852194 max=39.852194 n=2
step=00125 species=  C N=00334 vac=0012 axis=x surf=yz Eads=-5.2073 eV P=9.699e-01 E=-2876.3132 eV hmax=14.866 A hmean=14.225 A rough=0.917 A occ1=0.600 tested=2
[TEMPLATE DEBUG] total=746 species_filter=0 restriction=0 direction=221 global_front=0 occupied=122 connection=395 min_dist=3 pre_shell=5 post_shell=1 tested_energy=1
[TEMPLATE DEBUG] camada candidata x: min=39.852194 max=39.852194 n=1
[INFO] vacância sorteada por --impurity em posição template; espécie que seria depositada: C.
[INFO] vacância frozen registrada no sítio template 344; esse sítio não poderá ser depositado novamente.
step=00126 species=vac impurity=vac intended=C N=00334 vac=0013 axis=x surf=yz Eads=+0.0000 eV P=1.000e+00 E=-2876.3132 eV hmax=14.866 A hmean=14.225 A rough=0.917 A occ1=0.600 tested=1
[TEMPLATE DEBUG] total=746 species_filter=0 restriction=0 direction=221 global_front=0 occupied=123 connection=395 min_dist=3 pre_shell=4 post_shell=4 tested_energy=4
[TEMPLATE DEBUG] camada candidata x: min=41.081950 max=41.081950 n=4
step=00127 species=  C N=00335 vac=0013 axis=x surf=yz Eads=-7.2639 eV P=9.965e-01 E=-2884.3025 eV hmax=15.942 A hmean=14.379 A rough=0.729 A occ1=0.600 tested=4
[TEMPLATE DEBUG] total=746 species_filter=0 restriction=0 direction=221 global_front=0 occupied=124 connection=393 min_dist=3 pre_shell=5 post_shell=4 tested_energy=4
[TEMPLATE DEBUG] camada candidata x: min=41.081950 max=41.081950 n=4
step=00128 species=  C N=00336 vac=0013 axis=x surf=yz Eads=-7.0171 eV P=9.997e-01 E=-2891.8289 eV hmax=15.971 A hmean=14.527 A rough=0.831 A occ1=0.600 tested=4
[TEMPLATE DEBUG] total=746 species_filter=0 restriction=0 direction=221 global_front=0 occupied=125 connection=391 min_dist=3 pre_shell=6 post_shell=4 tested_energy=4
[TEMPLATE DEBUG] camada candidata x: min=41.081950 max=41.081950 n=4
step=00129 species=  C N=00337 vac=0013 axis=x surf=yz Eads=-7.2971 eV P=1.000e+00 E=-2901.0483 eV hmax=15.942 A hmean=14.691 A rough=0.878 A occ1=0.600 tested=4
[TEMPLATE DEBUG] total=746 species_filter=0 restriction=0 direction=221 global_front=0 occupied=127 connection=390 min_dist=2 pre_shell=6 post_shell=3 tested_energy=3
[TEMPLATE DEBUG] camada candidata x: min=41.081950 max=41.081950 n=3
step=00130 species=  C N=00338 vac=0013 axis=x surf=yz Eads=-6.6682 eV P=1.000e+00 E=-2908.2266 eV hmax=16.004 A hmean=14.858 A rough=0.925 A occ1=0.600 tested=3
[TEMPLATE DEBUG] total=746 species_filter=0 restriction=0 direction=221 global_front=0 occupied=128 connection=389 min_dist=2 pre_shell=6 post_shell=2 tested_energy=2
[TEMPLATE DEBUG] camada candidata x: min=41.081950 max=41.081950 n=2
step=00131 species=  C N=00339 vac=0013 axis=x surf=yz Eads=-6.1965 eV P=1.000e+00 E=-2914.7458 eV hmax=16.015 A hmean=14.999 A rough=0.972 A occ1=0.600 tested=2
[TEMPLATE DEBUG] total=746 species_filter=0 restriction=0 direction=221 global_front=0 occupied=129 connection=387 min_dist=2 pre_shell=7 post_shell=2 tested_energy=2
[TEMPLATE DEBUG] camada candidata x: min=41.081950 max=41.081950 n=2
step=00132 species=  C N=00340 vac=0013 axis=x surf=yz Eads=-7.8027 eV P=1.000e+00 E=-2922.9133 eV hmax=16.015 A hmean=15.313 A rough=1.001 A occ1=0.600 tested=2
[TEMPLATE DEBUG] total=746 species_filter=0 restriction=0 direction=221 global_front=0 occupied=130 connection=386 min_dist=2 pre_shell=7 post_shell=1 tested_energy=1
[TEMPLATE DEBUG] camada candidata x: min=41.081950 max=41.081950 n=1
step=00133 species=  C N=00341 vac=0013 axis=x surf=yz Eads=-4.9597 eV P=1.000e+00 E=-2928.8760 eV hmax=16.015 A hmean=15.479 A rough=1.027 A occ1=0.600 tested=1
[TEMPLATE DEBUG] total=746 species_filter=0 restriction=0 direction=221 global_front=0 occupied=131 connection=384 min_dist=2 pre_shell=8 post_shell=1 tested_energy=1
[TEMPLATE DEBUG] camada candidata x: min=41.081950 max=41.081950 n=1
[INFO] impureza sorteada por --impurity: N no lugar de C.
step=00134 species=  N impurity=N intended=C N=00342 vac=0013 axis=x surf=yz Eads=-7.7603 eV P=1.000e+00 E=-2939.3528 eV hmax=16.077 A hmean=15.481 A rough=1.045 A occ1=0.600 tested=1
[TEMPLATE DEBUG] total=746 species_filter=0 restriction=0 direction=221 global_front=0 occupied=132 connection=383 min_dist=2 pre_shell=8 post_shell=8 tested_energy=8
[TEMPLATE DEBUG] camada candidata x: min=42.311707 max=42.311707 n=8
step=00135 species=  C N=00343 vac=0013 axis=x surf=yz Eads=-7.5959 eV P=9.999e-01 E=-2950.7251 eV hmax=16.931 A hmean=15.500 A rough=0.705 A occ1=0.600 tested=8
[TEMPLATE DEBUG] total=746 species_filter=0 restriction=0 direction=221 global_front=0 occupied=133 connection=383 min_dist=2 pre_shell=7 post_shell=7 tested_energy=7
[TEMPLATE DEBUG] camada candidata x: min=42.311707 max=42.311707 n=7
step=00136 species=  C N=00344 vac=0013 axis=x surf=yz Eads=-6.5950 eV P=1.000e+00 E=-2959.2007 eV hmax=17.163 A hmean=15.730 A rough=0.812 A occ1=0.600 tested=7
[TEMPLATE DEBUG] total=746 species_filter=0 restriction=0 direction=221 global_front=0 occupied=133 connection=382 min_dist=3 pre_shell=7 post_shell=6 tested_energy=6
[TEMPLATE DEBUG] camada candidata x: min=42.311707 max=42.311707 n=6
step=00137 species=  C N=00345 vac=0013 axis=x surf=yz Eads=-7.0554 eV P=1.000e+00 E=-2968.3857 eV hmax=17.296 A hmean=15.741 A rough=0.871 A occ1=0.600 tested=6
[TEMPLATE DEBUG] total=746 species_filter=0 restriction=0 direction=221 global_front=0 occupied=134 connection=382 min_dist=3 pre_shell=6 post_shell=4 tested_energy=4
[TEMPLATE DEBUG] camada candidata x: min=42.311707 max=42.311707 n=4
step=00138 species=  C N=00346 vac=0013 axis=x surf=yz Eads=-5.0754 eV P=9.999e-01 E=-2976.0493 eV hmax=17.296 A hmean=15.974 A rough=0.880 A occ1=0.600 tested=4
[TEMPLATE DEBUG] total=746 species_filter=0 restriction=0 direction=221 global_front=0 occupied=134 connection=380 min_dist=5 pre_shell=6 post_shell=3 tested_energy=3
[TEMPLATE DEBUG] camada candidata x: min=42.311707 max=42.311707 n=3
step=00139 species=  C N=00347 vac=0013 axis=x surf=yz Eads=-7.7427 eV P=1.000e+00 E=-2985.3521 eV hmax=17.283 A hmean=15.980 A rough=0.895 A occ1=0.600 tested=3
[TEMPLATE DEBUG] total=746 species_filter=0 restriction=0 direction=221 global_front=0 occupied=135 connection=380 min_dist=5 pre_shell=5 post_shell=2 tested_energy=2
[TEMPLATE DEBUG] camada candidata x: min=42.311707 max=42.311707 n=2
step=00140 species=  C N=00348 vac=0013 axis=x surf=yz Eads=-7.3157 eV P=1.000e+00 E=-2995.1199 eV hmax=17.295 A hmean=16.071 A rough=0.908 A occ1=0.600 tested=2
[TEMPLATE DEBUG] total=746 species_filter=0 restriction=0 direction=221 global_front=0 occupied=136 connection=379 min_dist=5 pre_shell=5 post_shell=1 tested_energy=1
[TEMPLATE DEBUG] camada candidata x: min=42.311707 max=42.311707 n=1
step=00141 species=  C N=00349 vac=0013 axis=x surf=yz Eads=-4.2031 eV P=1.000e+00 E=-3000.9116 eV hmax=17.295 A hmean=16.357 A rough=0.918 A occ1=0.600 tested=1
[TEMPLATE DEBUG] total=746 species_filter=0 restriction=0 direction=221 global_front=0 occupied=137 connection=377 min_dist=5 pre_shell=6 post_shell=1 tested_energy=1
[TEMPLATE DEBUG] camada candidata x: min=42.311707 max=42.311707 n=1
step=00142 species=  C N=00350 vac=0013 axis=x surf=yz Eads=-5.9810 eV P=1.000e+00 E=-3008.6460 eV hmax=17.295 A hmean=16.373 A rough=0.926 A occ1=0.600 tested=1
[TEMPLATE DEBUG] total=746 species_filter=0 restriction=0 direction=221 global_front=0 occupied=138 connection=375 min_dist=5 pre_shell=7 post_shell=1 tested_energy=1
[TEMPLATE DEBUG] camada candidata x: min=41.081950 max=41.081950 n=1
step=00143 species=  C N=00351 vac=0013 axis=x surf=yz Eads=-6.4072 eV P=1.000e+00 E=-3015.8296 eV hmax=17.295 A hmean=16.348 A rough=0.896 A occ1=0.600 tested=1
[TEMPLATE DEBUG] total=746 species_filter=0 restriction=0 direction=221 global_front=0 occupied=139 connection=374 min_dist=5 pre_shell=7 post_shell=1 tested_energy=1
[TEMPLATE DEBUG] camada candidata x: min=41.081950 max=41.081950 n=1
step=00144 species=  C N=00352 vac=0013 axis=x surf=yz Eads=-7.3936 eV P=1.000e+00 E=-3024.0537 eV hmax=17.295 A hmean=16.693 A rough=0.873 A occ1=0.600 tested=1
[TEMPLATE DEBUG] total=746 species_filter=0 restriction=0 direction=221 global_front=0 occupied=140 connection=373 min_dist=5 pre_shell=7 post_shell=1 tested_energy=1
[TEMPLATE DEBUG] camada candidata x: min=42.311707 max=42.311707 n=1
[INFO] vacância sorteada por --impurity em posição template; espécie que seria depositada: C.
[INFO] vacância frozen registrada no sítio template 365; esse sítio não poderá ser depositado novamente.
step=00145 species=vac impurity=vac intended=C N=00352 vac=0014 axis=x surf=yz Eads=+0.0000 eV P=1.000e+00 E=-3024.0537 eV hmax=17.295 A hmean=16.693 A rough=0.873 A occ1=0.600 tested=1
[TEMPLATE DEBUG] total=746 species_filter=0 restriction=0 direction=221 global_front=0 occupied=141 connection=373 min_dist=5 pre_shell=6 post_shell=6 tested_energy=6
[TEMPLATE DEBUG] camada candidata x: min=43.541463 max=43.541463 n=6
step=00146 species=  C N=00353 vac=0014 axis=x surf=yz Eads=-7.0505 eV P=1.000e+00 E=-3032.1011 eV hmax=18.496 A hmean=16.853 A rough=0.683 A occ1=0.600 tested=6
[TEMPLATE DEBUG] total=746 species_filter=0 restriction=0 direction=221 global_front=0 occupied=141 connection=371 min_dist=6 pre_shell=7 post_shell=6 tested_energy=6
[TEMPLATE DEBUG] camada candidata x: min=43.541463 max=43.541463 n=6
step=00147 species=  C N=00354 vac=0014 axis=x surf=yz Eads=-7.6023 eV P=1.000e+00 E=-3040.2007 eV hmax=18.482 A hmean=17.115 A rough=0.775 A occ1=0.600 tested=6
[TEMPLATE DEBUG] total=746 species_filter=0 restriction=0 direction=221 global_front=0 occupied=142 connection=370 min_dist=6 pre_shell=7 post_shell=5 tested_energy=5
[TEMPLATE DEBUG] camada candidata x: min=43.541463 max=43.541463 n=5
step=00148 species=  C N=00355 vac=0014 axis=x surf=yz Eads=-6.9578 eV P=1.000e+00 E=-3047.5151 eV hmax=18.482 A hmean=17.266 A rough=0.845 A occ1=0.600 tested=5
[TEMPLATE DEBUG] total=746 species_filter=0 restriction=0 direction=221 global_front=0 occupied=143 connection=369 min_dist=6 pre_shell=7 post_shell=4 tested_energy=4
[TEMPLATE DEBUG] camada candidata x: min=43.541463 max=43.541463 n=4
step=00149 species=  C N=00356 vac=0014 axis=x surf=yz Eads=-8.8848 eV P=1.000e+00 E=-3057.9724 eV hmax=18.543 A hmean=17.292 A rough=0.914 A occ1=0.600 tested=4
[TEMPLATE DEBUG] total=746 species_filter=0 restriction=0 direction=221 global_front=0 occupied=144 connection=368 min_dist=6 pre_shell=7 post_shell=3 tested_energy=3
[TEMPLATE DEBUG] camada candidata x: min=43.541463 max=43.541463 n=3
step=00150 species=  C N=00357 vac=0014 axis=x surf=yz Eads=-6.8950 eV P=1.000e+00 E=-3065.4189 eV hmax=18.553 A hmean=17.412 A rough=0.945 A occ1=0.600 tested=3
[TEMPLATE DEBUG] total=746 species_filter=0 restriction=0 direction=221 global_front=0 occupied=145 connection=366 min_dist=6 pre_shell=8 post_shell=3 tested_energy=3
[TEMPLATE DEBUG] camada candidata x: min=43.541463 max=43.541463 n=3
step=00151 species=  C N=00358 vac=0014 axis=x surf=yz Eads=-7.5894 eV P=1.000e+00 E=-3073.7539 eV hmax=18.553 A hmean=17.739 A rough=0.971 A occ1=0.600 tested=3
[TEMPLATE DEBUG] total=746 species_filter=0 restriction=0 direction=221 global_front=0 occupied=146 connection=364 min_dist=6 pre_shell=9 post_shell=1 tested_energy=1
[TEMPLATE DEBUG] camada candidata x: min=42.311707 max=42.311707 n=1
step=00152 species=  C N=00359 vac=0014 axis=x surf=yz Eads=-7.8215 eV P=1.000e+00 E=-3083.4597 eV hmax=18.553 A hmean=17.733 A rough=0.932 A occ1=0.600 tested=1
[TEMPLATE DEBUG] total=746 species_filter=0 restriction=0 direction=221 global_front=0 occupied=147 connection=364 min_dist=6 pre_shell=8 post_shell=2 tested_energy=2
[TEMPLATE DEBUG] camada candidata x: min=43.541463 max=43.541463 n=2
step=00153 species=  C N=00360 vac=0014 axis=x surf=yz Eads=-5.9812 eV P=1.000e+00 E=-3090.0884 eV hmax=18.553 A hmean=17.994 A rough=0.953 A occ1=0.600 tested=2
[TEMPLATE DEBUG] total=746 species_filter=0 restriction=0 direction=221 global_front=0 occupied=148 connection=362 min_dist=6 pre_shell=9 post_shell=2 tested_energy=2
[TEMPLATE DEBUG] camada candidata x: min=43.541463 max=43.541463 n=2
step=00154 species=  C N=00361 vac=0014 axis=x surf=yz Eads=-7.7771 eV P=1.000e+00 E=-3098.3894 eV hmax=18.553 A hmean=18.006 A rough=0.971 A occ1=0.600 tested=2
[TEMPLATE DEBUG] total=746 species_filter=0 restriction=0 direction=221 global_front=0 occupied=149 connection=361 min_dist=5 pre_shell=10 post_shell=1 tested_energy=1
[TEMPLATE DEBUG] camada candidata x: min=42.311707 max=42.311707 n=1
step=00155 species=  C N=00362 vac=0014 axis=x surf=yz Eads=-0.0210 eV P=1.000e+00 E=-3106.7122 eV hmax=18.553 A hmean=18.016 A rough=0.970 A occ1=0.600 tested=1
[TEMPLATE DEBUG] total=746 species_filter=0 restriction=0 direction=221 global_front=0 occupied=150 connection=361 min_dist=5 pre_shell=9 post_shell=1 tested_energy=1
[TEMPLATE DEBUG] camada candidata x: min=43.541463 max=43.541463 n=1
[INFO] vacância sorteada por --impurity em posição template; espécie que seria depositada: C.
[INFO] vacância frozen registrada no sítio template 374; esse sítio não poderá ser depositado novamente.
step=00156 species=vac impurity=vac intended=C N=00362 vac=0015 axis=x surf=yz Eads=+0.0000 eV P=1.000e+00 E=-3106.7122 eV hmax=18.553 A hmean=18.016 A rough=0.970 A occ1=0.600 tested=1
[TEMPLATE DEBUG] total=746 species_filter=0 restriction=0 direction=221 global_front=0 occupied=151 connection=361 min_dist=5 pre_shell=8 post_shell=8 tested_energy=8
[TEMPLATE DEBUG] camada candidata x: min=44.771219 max=44.771219 n=8
[INFO] impureza sorteada por --impurity: N no lugar de C.
step=00157 species=  N impurity=N intended=C N=00363 vac=0015 axis=x surf=yz Eads=-8.1223 eV P=1.000e+00 E=-3115.6765 eV hmax=19.629 A hmean=18.156 A rough=0.758 A occ1=0.600 tested=8
[TEMPLATE DEBUG] total=746 species_filter=0 restriction=0 direction=221 global_front=0 occupied=152 connection=360 min_dist=5 pre_shell=8 post_shell=7 tested_energy=7
[TEMPLATE DEBUG] camada candidata x: min=44.771219 max=44.771219 n=7
step=00158 species=  C N=00364 vac=0015 axis=x surf=yz Eads=-8.8386 eV P=1.000e+00 E=-3125.5920 eV hmax=19.721 A hmean=18.464 A rough=0.849 A occ1=0.600 tested=7
[TEMPLATE DEBUG] total=746 species_filter=0 restriction=0 direction=221 global_front=0 occupied=153 connection=359 min_dist=5 pre_shell=8 post_shell=6 tested_energy=6
[TEMPLATE DEBUG] camada candidata x: min=44.771219 max=44.771219 n=6
step=00159 species=  C N=00365 vac=0015 axis=x surf=yz Eads=-7.2571 eV P=1.000e+00 E=-3133.0193 eV hmax=19.737 A hmean=18.622 A rough=0.885 A occ1=0.600 tested=6
[TEMPLATE DEBUG] total=746 species_filter=0 restriction=0 direction=221 global_front=0 occupied=154 connection=357 min_dist=5 pre_shell=9 post_shell=6 tested_energy=6
[TEMPLATE DEBUG] camada candidata x: min=44.771219 max=44.771219 n=6
step=00160 species=  C N=00366 vac=0015 axis=x surf=yz Eads=-7.6694 eV P=1.000e+00 E=-3141.0779 eV hmax=19.737 A hmean=18.627 A rough=0.921 A occ1=0.600 tested=6
[TEMPLATE DEBUG] total=746 species_filter=0 restriction=0 direction=221 global_front=0 occupied=155 connection=356 min_dist=5 pre_shell=9 post_shell=5 tested_energy=5
[TEMPLATE DEBUG] camada candidata x: min=44.771219 max=44.771219 n=5
step=00161 species=  C N=00367 vac=0015 axis=x surf=yz Eads=-6.2354 eV P=9.517e-01 E=-3147.8071 eV hmax=19.737 A hmean=18.819 A rough=0.958 A occ1=0.600 tested=5
[TEMPLATE DEBUG] total=746 species_filter=0 restriction=0 direction=221 global_front=0 occupied=156 connection=355 min_dist=5 pre_shell=9 post_shell=4 tested_energy=4
[TEMPLATE DEBUG] camada candidata x: min=44.771219 max=44.771219 n=4
step=00162 species=  C N=00368 vac=0015 axis=x surf=yz Eads=-10.6057 eV P=1.000e+00 E=-3159.4263 eV hmax=19.737 A hmean=18.816 A rough=0.975 A occ1=0.600 tested=4
[TEMPLATE DEBUG] total=746 species_filter=0 restriction=0 direction=221 global_front=0 occupied=157 connection=354 min_dist=5 pre_shell=9 post_shell=3 tested_energy=3
[TEMPLATE DEBUG] camada candidata x: min=44.771219 max=44.771219 n=3
step=00163 species=  C N=00369 vac=0015 axis=x surf=yz Eads=-6.8718 eV P=1.000e+00 E=-3166.5669 eV hmax=19.737 A hmean=18.954 A rough=0.996 A occ1=0.600 tested=3
[TEMPLATE DEBUG] total=746 species_filter=0 restriction=0 direction=221 global_front=0 occupied=158 connection=352 min_dist=6 pre_shell=9 post_shell=2 tested_energy=2
[TEMPLATE DEBUG] camada candidata x: min=44.771219 max=44.771219 n=2
step=00164 species=  C N=00370 vac=0015 axis=x surf=yz Eads=-6.4751 eV P=1.000e+00 E=-3177.2393 eV hmax=19.737 A hmean=19.085 A rough=1.030 A occ1=0.600 tested=2
[TEMPLATE DEBUG] total=746 species_filter=0 restriction=0 direction=221 global_front=0 occupied=158 connection=351 min_dist=7 pre_shell=9 post_shell=1 tested_energy=1
[TEMPLATE DEBUG] camada candidata x: min=44.771219 max=44.771219 n=1
step=00165 species=  C N=00371 vac=0015 axis=x surf=yz Eads=-5.8821 eV P=1.000e+00 E=-3183.8396 eV hmax=19.737 A hmean=19.251 A rough=1.039 A occ1=0.600 tested=1
[TEMPLATE DEBUG] total=746 species_filter=0 restriction=0 direction=221 global_front=0 occupied=159 connection=349 min_dist=7 pre_shell=10 post_shell=1 tested_energy=1
[TEMPLATE DEBUG] camada candidata x: min=44.771219 max=44.771219 n=1
step=00166 species=  C N=00372 vac=0015 axis=x surf=yz Eads=-7.5884 eV P=1.000e+00 E=-3192.1768 eV hmax=19.746 A hmean=19.666 A rough=1.046 A occ1=0.600 tested=1
[TEMPLATE DEBUG] total=746 species_filter=0 restriction=0 direction=221 global_front=0 occupied=160 connection=347 min_dist=7 pre_shell=11 post_shell=1 tested_energy=1
[TEMPLATE DEBUG] camada candidata x: min=43.541463 max=43.541463 n=1
[INFO] impureza sorteada por --impurity: N no lugar de C.
step=00167 species=  N impurity=N intended=C N=00373 vac=0015 axis=x surf=yz Eads=-6.9961 eV P=1.000e+00 E=-3200.8733 eV hmax=19.774 A hmean=19.655 A rough=1.024 A occ1=0.600 tested=1
[TEMPLATE DEBUG] total=746 species_filter=0 restriction=0 direction=221 global_front=0 occupied=161 connection=347 min_dist=7 pre_shell=10 post_shell=10 tested_energy=10
[TEMPLATE DEBUG] camada candidata x: min=46.000975 max=46.000975 n=10
step=00168 species=  C N=00374 vac=0015 axis=x surf=yz Eads=-7.1707 eV P=4.464e-01 E=-3208.5273 eV hmax=20.909 A hmean=19.832 A rough=0.689 A occ1=0.600 tested=10
[TEMPLATE DEBUG] total=746 species_filter=0 restriction=0 direction=221 global_front=0 occupied=162 connection=346 min_dist=7 pre_shell=10 post_shell=9 tested_energy=9
[TEMPLATE DEBUG] camada candidata x: min=46.000975 max=46.000975 n=9
[INFO] vacância sorteada por --impurity em posição template; espécie que seria depositada: C.
[INFO] vacância frozen registrada no sítio template 396; esse sítio não poderá ser depositado novamente.
step=00169 species=vac impurity=vac intended=C N=00374 vac=0016 axis=x surf=yz Eads=+0.0000 eV P=1.000e+00 E=-3208.5273 eV hmax=20.909 A hmean=19.832 A rough=0.689 A occ1=0.600 tested=9
[TEMPLATE DEBUG] total=746 species_filter=0 restriction=0 direction=221 global_front=0 occupied=163 connection=346 min_dist=7 pre_shell=9 post_shell=8 tested_energy=8
[TEMPLATE DEBUG] camada candidata x: min=46.000975 max=46.000975 n=8
step=00170 species=  C N=00375 vac=0016 axis=x surf=yz Eads=-7.3955 eV P=1.000e+00 E=-3216.3298 eV hmax=20.909 A hmean=19.992 A rough=0.762 A occ1=0.600 tested=8
[TEMPLATE DEBUG] total=746 species_filter=0 restriction=0 direction=221 global_front=0 occupied=164 connection=345 min_dist=7 pre_shell=9 post_shell=7 tested_energy=7
[TEMPLATE DEBUG] camada candidata x: min=46.000975 max=46.000975 n=7
step=00171 species=  C N=00376 vac=0016 axis=x surf=yz Eads=-10.1836 eV P=1.000e+00 E=-3227.3125 eV hmax=20.909 A hmean=20.130 A rough=0.811 A occ1=0.600 tested=7
[TEMPLATE DEBUG] total=746 species_filter=0 restriction=0 direction=221 global_front=0 occupied=165 connection=344 min_dist=7 pre_shell=9 post_shell=6 tested_energy=6
[TEMPLATE DEBUG] camada candidata x: min=46.000975 max=46.000975 n=6
[INFO] impureza sorteada por --impurity: N no lugar de C.
step=00172 species=  N impurity=N intended=C N=00377 vac=0016 axis=x surf=yz Eads=-7.7488 eV P=1.000e+00 E=-3236.6406 eV hmax=20.915 A hmean=20.274 A rough=0.853 A occ1=0.600 tested=6
[TEMPLATE DEBUG] total=746 species_filter=0 restriction=0 direction=221 global_front=0 occupied=166 connection=343 min_dist=7 pre_shell=9 post_shell=5 tested_energy=5
[TEMPLATE DEBUG] camada candidata x: min=46.000975 max=46.000975 n=5
step=00173 species=  C N=00378 vac=0016 axis=x surf=yz Eads=-8.4929 eV P=1.000e+00 E=-3246.3044 eV hmax=20.950 A hmean=20.276 A rough=0.889 A occ1=0.600 tested=5
[TEMPLATE DEBUG] total=746 species_filter=0 restriction=0 direction=221 global_front=0 occupied=167 connection=343 min_dist=7 pre_shell=8 post_shell=3 tested_energy=3
[TEMPLATE DEBUG] camada candidata x: min=46.000975 max=46.000975 n=3
step=00174 species=  C N=00379 vac=0016 axis=x surf=yz Eads=-6.2412 eV P=9.989e-01 E=-3253.0737 eV hmax=20.950 A hmean=20.422 A rough=0.910 A occ1=0.600 tested=3
[TEMPLATE DEBUG] total=746 species_filter=0 restriction=0 direction=221 global_front=0 occupied=168 connection=342 min_dist=7 pre_shell=8 post_shell=2 tested_energy=2
[TEMPLATE DEBUG] camada candidata x: min=46.000975 max=46.000975 n=2
step=00175 species=  C N=00380 vac=0016 axis=x surf=yz Eads=-10.1311 eV P=1.000e+00 E=-3264.0300 eV hmax=20.963 A hmean=20.433 A rough=0.933 A occ1=0.600 tested=2
[TEMPLATE DEBUG] total=746 species_filter=0 restriction=0 direction=221 global_front=0 occupied=169 connection=341 min_dist=7 pre_shell=8 post_shell=1 tested_energy=1
[TEMPLATE DEBUG] camada candidata x: min=46.000975 max=46.000975 n=1
step=00176 species=  C N=00381 vac=0016 axis=x surf=yz Eads=-4.5027 eV P=1.000e+00 E=-3269.6824 eV hmax=20.963 A hmean=20.596 A rough=0.941 A occ1=0.600 tested=1
[TEMPLATE DEBUG] total=746 species_filter=0 restriction=0 direction=221 global_front=0 occupied=170 connection=339 min_dist=7 pre_shell=9 post_shell=1 tested_energy=1
[TEMPLATE DEBUG] camada candidata x: min=46.000975 max=46.000975 n=1
[INFO] impureza sorteada por --impurity: N no lugar de C.
step=00177 species=  N impurity=N intended=C N=00382 vac=0016 axis=x surf=yz Eads=-9.2437 eV P=1.000e+00 E=-3280.9702 eV hmax=20.963 A hmean=20.748 A rough=0.951 A occ1=0.600 tested=1
[TEMPLATE DEBUG] total=746 species_filter=0 restriction=0 direction=221 global_front=0 occupied=172 connection=338 min_dist=6 pre_shell=9 post_shell=9 tested_energy=9
[TEMPLATE DEBUG] camada candidata x: min=47.230731 max=47.230731 n=9
[INFO] impureza sorteada por --impurity: N no lugar de C.
step=00178 species=  N impurity=N intended=C N=00383 vac=0016 axis=x surf=yz Eads=-7.7551 eV P=1.000e+00 E=-3289.7119 eV hmax=22.119 A hmean=21.032 A rough=0.718 A occ1=0.600 tested=9
[TEMPLATE DEBUG] total=746 species_filter=0 restriction=0 direction=221 global_front=0 occupied=173 connection=337 min_dist=6 pre_shell=9 post_shell=8 tested_energy=8
[TEMPLATE DEBUG] camada candidata x: min=47.230731 max=47.230731 n=8
step=00179 species=  C N=00384 vac=0016 axis=x surf=yz Eads=-8.5024 eV P=1.000e+00 E=-3299.4316 eV hmax=22.223 A hmean=20.855 A rough=0.813 A occ1=0.600 tested=8
[TEMPLATE DEBUG] total=746 species_filter=0 restriction=0 direction=221 global_front=0 occupied=174 connection=336 min_dist=6 pre_shell=9 post_shell=7 tested_energy=7
[TEMPLATE DEBUG] camada candidata x: min=47.230731 max=47.230731 n=7
step=00180 species=  C N=00385 vac=0016 axis=x surf=yz Eads=-6.9966 eV P=1.000e+00 E=-3306.9224 eV hmax=22.223 A hmean=20.995 A rough=0.870 A occ1=0.600 tested=7
[TEMPLATE DEBUG] total=746 species_filter=0 restriction=0 direction=221 global_front=0 occupied=175 connection=335 min_dist=6 pre_shell=9 post_shell=6 tested_energy=6
[TEMPLATE DEBUG] camada candidata x: min=47.230731 max=47.230731 n=6
[INFO] vacância sorteada por --impurity em posição template; espécie que seria depositada: C.
[INFO] vacância frozen registrada no sítio template 403; esse sítio não poderá ser depositado novamente.
step=00181 species=vac impurity=vac intended=C N=00385 vac=0017 axis=x surf=yz Eads=+0.0000 eV P=1.000e+00 E=-3306.9224 eV hmax=22.223 A hmean=20.995 A rough=0.870 A occ1=0.600 tested=6
[TEMPLATE DEBUG] total=746 species_filter=0 restriction=0 direction=221 global_front=0 occupied=176 connection=335 min_dist=6 pre_shell=8 post_shell=5 tested_energy=5
[TEMPLATE DEBUG] camada candidata x: min=47.230731 max=47.230731 n=5
step=00182 species=  C N=00386 vac=0017 axis=x surf=yz Eads=-6.1960 eV P=9.999e-01 E=-3313.7979 eV hmax=22.223 A hmean=21.134 A rough=0.905 A occ1=0.600 tested=5
[TEMPLATE DEBUG] total=746 species_filter=0 restriction=0 direction=221 global_front=0 occupied=177 connection=333 min_dist=6 pre_shell=9 post_shell=5 tested_energy=5
[TEMPLATE DEBUG] camada candidata x: min=47.230731 max=47.230731 n=5
step=00183 species=  C N=00387 vac=0017 axis=x surf=yz Eads=-5.6936 eV P=3.632e-01 E=-3320.0938 eV hmax=22.223 A hmean=21.292 A rough=0.943 A occ1=0.600 tested=5
[TEMPLATE DEBUG] total=746 species_filter=0 restriction=0 direction=221 global_front=0 occupied=178 connection=331 min_dist=6 pre_shell=10 post_shell=5 tested_energy=5
[TEMPLATE DEBUG] camada candidata x: min=47.230731 max=47.230731 n=5
step=00184 species=  C N=00388 vac=0017 axis=x surf=yz Eads=-7.9524 eV P=1.000e+00 E=-3328.8577 eV hmax=22.247 A hmean=21.629 A rough=0.971 A occ1=0.600 tested=5
[TEMPLATE DEBUG] total=746 species_filter=0 restriction=0 direction=221 global_front=0 occupied=179 connection=330 min_dist=6 pre_shell=10 post_shell=4 tested_energy=4
[TEMPLATE DEBUG] camada candidata x: min=47.230731 max=47.230731 n=4
step=00185 species=  C N=00389 vac=0017 axis=x surf=yz Eads=-6.7397 eV P=1.000e+00 E=-3336.1243 eV hmax=22.247 A hmean=21.787 A rough=0.989 A occ1=0.600 tested=4
[TEMPLATE DEBUG] total=746 species_filter=0 restriction=0 direction=221 global_front=0 occupied=180 connection=329 min_dist=6 pre_shell=10 post_shell=3 tested_energy=3
[TEMPLATE DEBUG] camada candidata x: min=47.230731 max=47.230731 n=3
step=00186 species=  C N=00390 vac=0017 axis=x surf=yz Eads=-9.3564 eV P=1.000e+00 E=-3346.2673 eV hmax=22.247 A hmean=21.784 A rough=1.002 A occ1=0.600 tested=3
[TEMPLATE DEBUG] total=746 species_filter=0 restriction=0 direction=221 global_front=0 occupied=181 connection=328 min_dist=7 pre_shell=9 post_shell=1 tested_energy=1
[TEMPLATE DEBUG] camada candidata x: min=47.230731 max=47.230731 n=1
step=00187 species=  C N=00391 vac=0017 axis=x surf=yz Eads=-4.7085 eV P=1.000e+00 E=-3351.6421 eV hmax=22.247 A hmean=21.941 A rough=1.013 A occ1=0.600 tested=1
[TEMPLATE DEBUG] total=746 species_filter=0 restriction=0 direction=221 global_front=0 occupied=182 connection=327 min_dist=7 pre_shell=9 post_shell=9 tested_energy=9
[TEMPLATE DEBUG] camada candidata x: min=48.460487 max=48.460487 n=9
step=00188 species=  C N=00392 vac=0017 axis=x surf=yz Eads=-7.8113 eV P=9.997e-01 E=-3359.8870 eV hmax=23.343 A hmean=22.093 A rough=0.721 A occ1=0.600 tested=9
[TEMPLATE DEBUG] total=746 species_filter=0 restriction=0 direction=221 global_front=0 occupied=183 connection=326 min_dist=7 pre_shell=9 post_shell=8 tested_energy=8
[TEMPLATE DEBUG] camada candidata x: min=48.460487 max=48.460487 n=8
[INFO] impureza sorteada por --impurity: N no lugar de C.
step=00189 species=  N impurity=N intended=C N=00393 vac=0017 axis=x surf=yz Eads=-10.6731 eV P=1.000e+00 E=-3371.7502 eV hmax=23.370 A hmean=22.094 A rough=0.793 A occ1=0.600 tested=8
[TEMPLATE DEBUG] total=746 species_filter=0 restriction=0 direction=221 global_front=0 occupied=184 connection=325 min_dist=7 pre_shell=9 post_shell=7 tested_energy=7
[TEMPLATE DEBUG] camada candidata x: min=48.460487 max=48.460487 n=7
step=00190 species=  C N=00394 vac=0017 axis=x surf=yz Eads=-7.4543 eV P=9.999e-01 E=-3379.8574 eV hmax=23.370 A hmean=22.239 A rough=0.849 A occ1=0.600 tested=7
[TEMPLATE DEBUG] total=746 species_filter=0 restriction=0 direction=221 global_front=0 occupied=185 connection=324 min_dist=7 pre_shell=9 post_shell=6 tested_energy=6
[TEMPLATE DEBUG] camada candidata x: min=48.460487 max=48.460487 n=6
step=00191 species=  C N=00395 vac=0017 axis=x surf=yz Eads=-9.7454 eV P=1.000e+00 E=-3390.5137 eV hmax=23.370 A hmean=22.253 A rough=0.888 A occ1=0.600 tested=6
[TEMPLATE DEBUG] total=746 species_filter=0 restriction=0 direction=221 global_front=0 occupied=186 connection=323 min_dist=7 pre_shell=9 post_shell=5 tested_energy=5
[TEMPLATE DEBUG] camada candidata x: min=48.460487 max=48.460487 n=5
step=00192 species=  C N=00396 vac=0017 axis=x surf=yz Eads=-7.0371 eV P=9.990e-01 E=-3398.0632 eV hmax=23.370 A hmean=22.393 A rough=0.921 A occ1=0.600 tested=5
[TEMPLATE DEBUG] total=746 species_filter=0 restriction=0 direction=221 global_front=0 occupied=187 connection=322 min_dist=7 pre_shell=9 post_shell=4 tested_energy=4
[TEMPLATE DEBUG] camada candidata x: min=48.460487 max=48.460487 n=4
step=00193 species=  C N=00397 vac=0017 axis=x surf=yz Eads=-8.7803 eV P=1.000e+00 E=-3407.5757 eV hmax=23.392 A hmean=22.400 A rough=0.949 A occ1=0.600 tested=4
[TEMPLATE DEBUG] total=746 species_filter=0 restriction=0 direction=221 global_front=0 occupied=188 connection=321 min_dist=7 pre_shell=9 post_shell=3 tested_energy=3
[TEMPLATE DEBUG] camada candidata x: min=48.460487 max=48.460487 n=3
step=00194 species=  C N=00398 vac=0017 axis=x surf=yz Eads=-6.6907 eV P=9.135e-01 E=-3415.4683 eV hmax=23.392 A hmean=22.553 A rough=0.965 A occ1=0.600 tested=3
[TEMPLATE DEBUG] total=746 species_filter=0 restriction=0 direction=221 global_front=0 occupied=189 connection=319 min_dist=7 pre_shell=10 post_shell=3 tested_energy=3
[TEMPLATE DEBUG] camada candidata x: min=48.460487 max=48.460487 n=3
step=00195 species=  C N=00399 vac=0017 axis=x surf=yz Eads=-7.4507 eV P=1.000e+00 E=-3424.0862 eV hmax=23.392 A hmean=22.865 A rough=0.970 A occ1=0.600 tested=3
[TEMPLATE DEBUG] total=746 species_filter=0 restriction=0 direction=221 global_front=0 occupied=190 connection=318 min_dist=7 pre_shell=10 post_shell=2 tested_energy=2
[TEMPLATE DEBUG] camada candidata x: min=48.460487 max=48.460487 n=2
step=00196 species=  C N=00400 vac=0017 axis=x surf=yz Eads=-6.5940 eV P=1.000e+00 E=-3431.3152 eV hmax=23.392 A hmean=23.007 A rough=0.980 A occ1=0.600 tested=2
[TEMPLATE DEBUG] total=746 species_filter=0 restriction=0 direction=221 global_front=0 occupied=191 connection=317 min_dist=7 pre_shell=10 post_shell=1 tested_energy=1
[TEMPLATE DEBUG] camada candidata x: min=48.460487 max=48.460487 n=1
step=00197 species=  C N=00401 vac=0017 axis=x surf=yz Eads=-8.8862 eV P=1.000e+00 E=-3441.6404 eV hmax=23.392 A hmean=23.169 A rough=0.982 A occ1=0.600 tested=1
[TEMPLATE DEBUG] total=746 species_filter=0 restriction=0 direction=221 global_front=0 occupied=192 connection=316 min_dist=7 pre_shell=10 post_shell=10 tested_energy=10
[TEMPLATE DEBUG] camada candidata x: min=49.690243 max=49.690243 n=10
step=00198 species=  C N=00402 vac=0017 axis=x surf=yz Eads=-7.1357 eV P=1.000e+00 E=-3449.6033 eV hmax=24.483 A hmean=23.306 A rough=0.646 A occ1=0.600 tested=10
[TEMPLATE DEBUG] total=746 species_filter=0 restriction=0 direction=221 global_front=0 occupied=193 connection=315 min_dist=7 pre_shell=10 post_shell=9 tested_energy=9
[TEMPLATE DEBUG] camada candidata x: min=49.690243 max=49.690243 n=9
step=00199 species=  C N=00403 vac=0017 axis=x surf=yz Eads=-9.0405 eV P=1.000e+00 E=-3460.4280 eV hmax=24.496 A hmean=23.430 A rough=0.720 A occ1=0.600 tested=9
[TEMPLATE DEBUG] total=746 species_filter=0 restriction=0 direction=221 global_front=0 occupied=194 connection=314 min_dist=7 pre_shell=10 post_shell=8 tested_energy=8
[TEMPLATE DEBUG] camada candidata x: min=49.690243 max=49.690243 n=8
step=00200 species=  C N=00404 vac=0017 axis=x surf=yz Eads=-6.5366 eV P=9.996e-01 E=-3467.3247 eV hmax=24.618 A hmean=23.704 A rough=0.788 A occ1=0.600 tested=8
[TEMPLATE DEBUG] total=746 species_filter=0 restriction=0 direction=221 global_front=0 occupied=195 connection=313 min_dist=7 pre_shell=10 post_shell=7 tested_energy=7
[TEMPLATE DEBUG] camada candidata x: min=49.690243 max=49.690243 n=7
[INFO] impureza sorteada por --impurity: N no lugar de C.
step=00201 species=  N impurity=N intended=C N=00405 vac=0017 axis=x surf=yz Eads=-10.4465 eV P=1.000e+00 E=-3478.3750 eV hmax=24.627 A hmean=23.702 A rough=0.835 A occ1=0.600 tested=7
[TEMPLATE DEBUG] total=746 species_filter=0 restriction=0 direction=221 global_front=0 occupied=196 connection=312 min_dist=7 pre_shell=10 post_shell=6 tested_energy=6
[TEMPLATE DEBUG] camada candidata x: min=49.690243 max=49.690243 n=6
step=00202 species=  C N=00406 vac=0017 axis=x surf=yz Eads=-6.1848 eV P=9.097e-01 E=-3485.0496 eV hmax=24.627 A hmean=23.871 A rough=0.874 A occ1=0.600 tested=6
[TEMPLATE DEBUG] total=746 species_filter=0 restriction=0 direction=221 global_front=0 occupied=197 connection=311 min_dist=7 pre_shell=10 post_shell=5 tested_energy=5
[TEMPLATE DEBUG] camada candidata x: min=49.690243 max=49.690243 n=5
step=00203 species=  C N=00407 vac=0017 axis=x surf=yz Eads=-10.5356 eV P=1.000e+00 E=-3496.2515 eV hmax=24.627 A hmean=23.875 A rough=0.899 A occ1=0.600 tested=5
[TEMPLATE DEBUG] total=746 species_filter=0 restriction=0 direction=221 global_front=0 occupied=198 connection=310 min_dist=7 pre_shell=10 post_shell=4 tested_energy=4
[TEMPLATE DEBUG] camada candidata x: min=49.690243 max=49.690243 n=4
[INFO] impureza sorteada por --impurity: N no lugar de C.
step=00204 species=  N impurity=N intended=C N=00408 vac=0017 axis=x surf=yz Eads=-7.1963 eV P=9.388e-01 E=-3504.6570 eV hmax=24.627 A hmean=24.026 A rough=0.915 A occ1=0.600 tested=4
[TEMPLATE DEBUG] total=746 species_filter=0 restriction=0 direction=221 global_front=0 occupied=199 connection=309 min_dist=7 pre_shell=10 post_shell=3 tested_energy=3
[TEMPLATE DEBUG] camada candidata x: min=49.690243 max=49.690243 n=3
step=00205 species=  C N=00409 vac=0017 axis=x surf=yz Eads=-7.9424 eV P=1.000e+00 E=-3514.3909 eV hmax=24.627 A hmean=24.197 A rough=0.932 A occ1=0.600 tested=3
[TEMPLATE DEBUG] total=746 species_filter=0 restriction=0 direction=221 global_front=0 occupied=200 connection=308 min_dist=7 pre_shell=10 post_shell=2 tested_energy=2
[TEMPLATE DEBUG] camada candidata x: min=49.690243 max=49.690243 n=2
step=00206 species=  C N=00410 vac=0017 axis=x surf=yz Eads=-6.5410 eV P=1.000e+00 E=-3521.8157 eV hmax=24.627 A hmean=24.345 A rough=0.947 A occ1=0.600 tested=2
[TEMPLATE DEBUG] total=746 species_filter=0 restriction=0 direction=221 global_front=0 occupied=201 connection=306 min_dist=8 pre_shell=10 post_shell=1 tested_energy=1
[TEMPLATE DEBUG] camada candidata x: min=49.690243 max=49.690243 n=1
step=00207 species=  C N=00411 vac=0017 axis=x surf=yz Eads=-5.5002 eV P=1.000e+00 E=-3528.3994 eV hmax=24.627 A hmean=24.516 A rough=0.958 A occ1=0.600 tested=1
[TEMPLATE DEBUG] total=746 species_filter=0 restriction=0 direction=221 global_front=0 occupied=203 connection=305 min_dist=7 pre_shell=10 post_shell=10 tested_energy=10
[TEMPLATE DEBUG] camada candidata x: min=50.919999 max=50.919999 n=10
step=00208 species=  C N=00412 vac=0017 axis=x surf=yz Eads=-7.6194 eV P=1.000e+00 E=-3536.5764 eV hmax=25.759 A hmean=24.662 A rough=0.682 A occ1=0.600 tested=10
[TEMPLATE DEBUG] total=746 species_filter=0 restriction=0 direction=221 global_front=0 occupied=203 connection=304 min_dist=8 pre_shell=10 post_shell=9 tested_energy=9
[TEMPLATE DEBUG] camada candidata x: min=50.919999 max=50.919999 n=9
[INFO] vacância sorteada por --impurity em posição template; espécie que seria depositada: C.
[INFO] vacância frozen registrada no sítio template 439; esse sítio não poderá ser depositado novamente.
step=00209 species=vac impurity=vac intended=C N=00412 vac=0018 axis=x surf=yz Eads=+0.0000 eV P=1.000e+00 E=-3536.5764 eV hmax=25.759 A hmean=24.662 A rough=0.682 A occ1=0.600 tested=9
[TEMPLATE DEBUG] total=746 species_filter=0 restriction=0 direction=221 global_front=0 occupied=204 connection=304 min_dist=8 pre_shell=9 post_shell=8 tested_energy=8
[TEMPLATE DEBUG] camada candidata x: min=50.919999 max=50.919999 n=8
[INFO] impureza sorteada por --impurity: N no lugar de C.
step=00210 species=  N impurity=N intended=C N=00413 vac=0018 axis=x surf=yz Eads=-8.0483 eV P=1.000e+00 E=-3546.3447 eV hmax=25.771 A hmean=24.805 A rough=0.758 A occ1=0.600 tested=8
[TEMPLATE DEBUG] total=746 species_filter=0 restriction=0 direction=221 global_front=0 occupied=205 connection=303 min_dist=8 pre_shell=9 post_shell=7 tested_energy=7
[TEMPLATE DEBUG] camada candidata x: min=50.919999 max=50.919999 n=7
step=00211 species=  C N=00414 vac=0018 axis=x surf=yz Eads=-6.2361 eV P=9.064e-01 E=-3554.1118 eV hmax=25.733 A hmean=24.967 A rough=0.810 A occ1=0.600 tested=7
[TEMPLATE DEBUG] total=746 species_filter=0 restriction=0 direction=221 global_front=0 occupied=206 connection=302 min_dist=8 pre_shell=9 post_shell=6 tested_energy=6
[TEMPLATE DEBUG] camada candidata x: min=50.919999 max=50.919999 n=6
step=00212 species=  C N=00415 vac=0018 axis=x surf=yz Eads=-6.6641 eV P=1.000e+00 E=-3561.5117 eV hmax=25.754 A hmean=25.129 A rough=0.853 A occ1=0.600 tested=6
[TEMPLATE DEBUG] total=746 species_filter=0 restriction=0 direction=221 global_front=0 occupied=207 connection=301 min_dist=8 pre_shell=9 post_shell=5 tested_energy=5
[TEMPLATE DEBUG] camada candidata x: min=50.919999 max=50.919999 n=5
step=00213 species=  C N=00416 vac=0018 axis=x surf=yz Eads=-8.7239 eV P=1.000e+00 E=-3570.9751 eV hmax=25.772 A hmean=25.134 A rough=0.884 A occ1=0.600 tested=5
[TEMPLATE DEBUG] total=746 species_filter=0 restriction=0 direction=221 global_front=0 occupied=208 connection=300 min_dist=8 pre_shell=9 post_shell=4 tested_energy=4
[TEMPLATE DEBUG] camada candidata x: min=50.919999 max=50.919999 n=4
[INFO] vacância sorteada por --impurity em posição template; espécie que seria depositada: C.
[INFO] vacância frozen registrada no sítio template 437; esse sítio não poderá ser depositado novamente.
step=00214 species=vac impurity=vac intended=C N=00416 vac=0019 axis=x surf=yz Eads=+0.0000 eV P=9.957e-01 E=-3570.9751 eV hmax=25.772 A hmean=25.134 A rough=0.884 A occ1=0.600 tested=4
[TEMPLATE DEBUG] total=746 species_filter=0 restriction=0 direction=221 global_front=0 occupied=209 connection=300 min_dist=8 pre_shell=8 post_shell=3 tested_energy=3
[TEMPLATE DEBUG] camada candidata x: min=50.919999 max=50.919999 n=3
step=00215 species=  C N=00417 vac=0019 axis=x surf=yz Eads=-6.1702 eV P=9.998e-01 E=-3577.9082 eV hmax=25.772 A hmean=25.289 A rough=0.910 A occ1=0.600 tested=3
[TEMPLATE DEBUG] total=746 species_filter=0 restriction=0 direction=221 global_front=0 occupied=210 connection=299 min_dist=8 pre_shell=8 post_shell=2 tested_energy=2
[TEMPLATE DEBUG] camada candidata x: min=50.919999 max=50.919999 n=2
[INFO] vacância sorteada por --impurity em posição template; espécie que seria depositada: C.
[INFO] vacância frozen registrada no sítio template 435; esse sítio não poderá ser depositado novamente.
step=00216 species=vac impurity=vac intended=C N=00417 vac=0020 axis=x surf=yz Eads=+0.0000 eV P=1.000e+00 E=-3577.9082 eV hmax=25.772 A hmean=25.289 A rough=0.910 A occ1=0.600 tested=2
[TEMPLATE DEBUG] total=746 species_filter=0 restriction=0 direction=221 global_front=0 occupied=211 connection=299 min_dist=8 pre_shell=7 post_shell=1 tested_energy=1
[TEMPLATE DEBUG] camada candidata x: min=50.919999 max=50.919999 n=1
step=00217 species=  C N=00418 vac=0020 axis=x surf=yz Eads=-5.3638 eV P=1.000e+00 E=-3583.8503 eV hmax=25.772 A hmean=25.439 A rough=0.932 A occ1=0.600 tested=1
[TEMPLATE DEBUG] total=746 species_filter=0 restriction=0 direction=221 global_front=0 occupied=212 connection=298 min_dist=8 pre_shell=7 post_shell=7 tested_energy=7
[TEMPLATE DEBUG] camada candidata x: min=52.149755 max=52.149755 n=7
step=00218 species=  C N=00419 vac=0020 axis=x surf=yz Eads=-7.2800 eV P=9.990e-01 E=-3591.8960 eV hmax=26.970 A hmean=25.597 A rough=0.705 A occ1=0.600 tested=7
[TEMPLATE DEBUG] total=746 species_filter=0 restriction=0 direction=221 global_front=0 occupied=213 connection=297 min_dist=8 pre_shell=7 post_shell=6 tested_energy=6
[TEMPLATE DEBUG] camada candidata x: min=52.149755 max=52.149755 n=6
step=00219 species=  C N=00420 vac=0020 axis=x surf=yz Eads=-9.5999 eV P=1.000e+00 E=-3601.8923 eV hmax=26.935 A hmean=25.739 A rough=0.792 A occ1=0.600 tested=6
[TEMPLATE DEBUG] total=746 species_filter=0 restriction=0 direction=221 global_front=0 occupied=214 connection=296 min_dist=8 pre_shell=7 post_shell=5 tested_energy=5
[TEMPLATE DEBUG] camada candidata x: min=52.149755 max=52.149755 n=5
step=00220 species=  C N=00421 vac=0020 axis=x surf=yz Eads=-6.9324 eV P=1.000e+00 E=-3610.2051 eV hmax=27.019 A hmean=25.898 A rough=0.865 A occ1=0.600 tested=5
[TEMPLATE DEBUG] total=746 species_filter=0 restriction=0 direction=221 global_front=0 occupied=215 connection=294 min_dist=8 pre_shell=8 post_shell=5 tested_energy=5
[TEMPLATE DEBUG] camada candidata x: min=52.149755 max=52.149755 n=5
step=00221 species=  C N=00422 vac=0020 axis=x surf=yz Eads=-6.1794 eV P=9.994e-01 E=-3617.6191 eV hmax=27.019 A hmean=26.043 A rough=0.907 A occ1=0.600 tested=5
[TEMPLATE DEBUG] total=746 species_filter=0 restriction=0 direction=221 global_front=0 occupied=216 connection=293 min_dist=8 pre_shell=8 post_shell=4 tested_energy=4
[TEMPLATE DEBUG] camada candidata x: min=52.149755 max=52.149755 n=4
step=00222 species=  C N=00423 vac=0020 axis=x surf=yz Eads=-10.0027 eV P=1.000e+00 E=-3628.4082 eV hmax=27.019 A hmean=26.197 A rough=0.944 A occ1=0.600 tested=4
[TEMPLATE DEBUG] total=746 species_filter=0 restriction=0 direction=221 global_front=0 occupied=217 connection=292 min_dist=8 pre_shell=8 post_shell=3 tested_energy=3
[TEMPLATE DEBUG] camada candidata x: min=52.149755 max=52.149755 n=3
step=00223 species=  C N=00424 vac=0020 axis=x surf=yz Eads=-6.3599 eV P=1.000e+00 E=-3635.4749 eV hmax=27.019 A hmean=26.485 A rough=0.972 A occ1=0.600 tested=3
[TEMPLATE DEBUG] total=746 species_filter=0 restriction=0 direction=221 global_front=0 occupied=218 connection=290 min_dist=8 pre_shell=9 post_shell=3 tested_energy=3
[TEMPLATE DEBUG] camada candidata x: min=52.149755 max=52.149755 n=3
step=00224 species=  C N=00425 vac=0020 axis=x surf=yz Eads=-7.9150 eV P=1.000e+00 E=-3643.9287 eV hmax=27.050 A hmean=26.491 A rough=0.993 A occ1=0.600 tested=3
[TEMPLATE DEBUG] total=746 species_filter=0 restriction=0 direction=221 global_front=0 occupied=219 connection=289 min_dist=8 pre_shell=9 post_shell=2 tested_energy=2
[TEMPLATE DEBUG] camada candidata x: min=52.149755 max=52.149755 n=2
[INFO] impureza sorteada por --impurity: N no lugar de C.
step=00225 species=  N impurity=N intended=C N=00426 vac=0020 axis=x surf=yz Eads=-5.6895 eV P=1.000e+00 E=-3651.3411 eV hmax=27.050 A hmean=26.653 A rough=1.016 A occ1=0.600 tested=2
[TEMPLATE DEBUG] total=746 species_filter=0 restriction=0 direction=221 global_front=0 occupied=220 connection=288 min_dist=8 pre_shell=9 post_shell=1 tested_energy=1
[TEMPLATE DEBUG] camada candidata x: min=52.149755 max=52.149755 n=1
step=00226 species=  C N=00427 vac=0020 axis=x surf=yz Eads=-8.9822 eV P=1.000e+00 E=-3662.2913 eV hmax=27.136 A hmean=26.665 A rough=1.035 A occ1=0.600 tested=1
[TEMPLATE DEBUG] total=746 species_filter=0 restriction=0 direction=221 global_front=0 occupied=221 connection=288 min_dist=8 pre_shell=8 post_shell=8 tested_energy=8
[TEMPLATE DEBUG] camada candidata x: min=53.379511 max=53.379511 n=8
step=00227 species=  C N=00428 vac=0020 axis=x surf=yz Eads=-7.1846 eV P=1.000e+00 E=-3670.1758 eV hmax=28.196 A hmean=26.838 A rough=0.721 A occ1=0.600 tested=8
[TEMPLATE DEBUG] total=746 species_filter=0 restriction=0 direction=221 global_front=0 occupied=222 connection=287 min_dist=8 pre_shell=8 post_shell=7 tested_energy=7
[TEMPLATE DEBUG] camada candidata x: min=53.379511 max=53.379511 n=7
step=00228 species=  C N=00429 vac=0020 axis=x surf=yz Eads=-10.3647 eV P=1.000e+00 E=-3681.5183 eV hmax=28.225 A hmean=26.857 A rough=0.803 A occ1=0.600 tested=7
[TEMPLATE DEBUG] total=746 species_filter=0 restriction=0 direction=221 global_front=0 occupied=223 connection=286 min_dist=8 pre_shell=8 post_shell=6 tested_energy=6
[TEMPLATE DEBUG] camada candidata x: min=53.379511 max=53.379511 n=6
step=00229 species=  C N=00430 vac=0020 axis=x surf=yz Eads=-5.9255 eV P=7.437e-01 E=-3688.0471 eV hmax=28.225 A hmean=27.016 A rough=0.862 A occ1=0.600 tested=6
[TEMPLATE DEBUG] total=746 species_filter=0 restriction=0 direction=221 global_front=0 occupied=224 connection=285 min_dist=8 pre_shell=8 post_shell=5 tested_energy=5
[TEMPLATE DEBUG] camada candidata x: min=53.379511 max=53.379511 n=5
step=00230 species=  C N=00431 vac=0020 axis=x surf=yz Eads=-9.0984 eV P=1.000e+00 E=-3698.2727 eV hmax=28.225 A hmean=27.016 A rough=0.899 A occ1=0.600 tested=5
[TEMPLATE DEBUG] total=746 species_filter=0 restriction=0 direction=221 global_front=0 occupied=225 connection=284 min_dist=8 pre_shell=8 post_shell=4 tested_energy=4
[TEMPLATE DEBUG] camada candidata x: min=53.379511 max=53.379511 n=4
step=00231 species=  C N=00432 vac=0020 axis=x surf=yz Eads=-6.1123 eV P=9.959e-01 E=-3705.4270 eV hmax=28.225 A hmean=27.195 A rough=0.927 A occ1=0.600 tested=4
[TEMPLATE DEBUG] total=746 species_filter=0 restriction=0 direction=221 global_front=0 occupied=226 connection=283 min_dist=8 pre_shell=8 post_shell=3 tested_energy=3
[TEMPLATE DEBUG] camada candidata x: min=53.379511 max=53.379511 n=3
step=00232 species=  C N=00433 vac=0020 axis=x surf=yz Eads=-8.5942 eV P=1.000e+00 E=-3714.7690 eV hmax=28.225 A hmean=27.324 A rough=0.945 A occ1=0.600 tested=3
[TEMPLATE DEBUG] total=746 species_filter=0 restriction=0 direction=221 global_front=0 occupied=227 connection=282 min_dist=8 pre_shell=8 post_shell=2 tested_energy=2
[TEMPLATE DEBUG] camada candidata x: min=53.379511 max=53.379511 n=2
step=00233 species=  C N=00434 vac=0020 axis=x surf=yz Eads=-5.8762 eV P=1.000e+00 E=-3721.3992 eV hmax=28.230 A hmean=27.493 A rough=0.963 A occ1=0.600 tested=2
[TEMPLATE DEBUG] total=746 species_filter=0 restriction=0 direction=221 global_front=0 occupied=228 connection=280 min_dist=8 pre_shell=9 post_shell=2 tested_energy=2
[TEMPLATE DEBUG] camada candidata x: min=53.379511 max=53.379511 n=2
[INFO] vacância sorteada por --impurity em posição template; espécie que seria depositada: C.
[INFO] vacância frozen registrada no sítio template 456; esse sítio não poderá ser depositado novamente.
step=00234 species=vac impurity=vac intended=C N=00434 vac=0021 axis=x surf=yz Eads=+0.0000 eV P=1.000e+00 E=-3721.3992 eV hmax=28.230 A hmean=27.493 A rough=0.963 A occ1=0.600 tested=2
[TEMPLATE DEBUG] total=746 species_filter=0 restriction=0 direction=221 global_front=0 occupied=229 connection=280 min_dist=8 pre_shell=8 post_shell=1 tested_energy=1
[TEMPLATE DEBUG] camada candidata x: min=53.379511 max=53.379511 n=1
step=00235 species=  C N=00435 vac=0021 axis=x surf=yz Eads=-4.9976 eV P=1.000e+00 E=-3726.9392 eV hmax=28.331 A hmean=27.656 A rough=0.983 A occ1=0.600 tested=1
[TEMPLATE DEBUG] total=746 species_filter=0 restriction=0 direction=221 global_front=0 occupied=230 connection=278 min_dist=8 pre_shell=9 post_shell=1 tested_energy=1
[TEMPLATE DEBUG] camada candidata x: min=53.379511 max=53.379511 n=1
step=00236 species=  C N=00436 vac=0021 axis=x surf=yz Eads=-7.3145 eV P=1.000e+00 E=-3734.7905 eV hmax=28.328 A hmean=27.655 A rough=0.993 A occ1=0.600 tested=1
[TEMPLATE DEBUG] total=746 species_filter=0 restriction=0 direction=221 global_front=0 occupied=231 connection=276 min_dist=8 pre_shell=10 post_shell=1 tested_energy=1
[TEMPLATE DEBUG] camada candidata x: min=52.149755 max=52.149755 n=1
step=00237 species=  C N=00437 vac=0021 axis=x surf=yz Eads=-6.6931 eV P=1.000e+00 E=-3742.0100 eV hmax=28.265 A hmean=27.969 A rough=0.969 A occ1=0.600 tested=1
[TEMPLATE DEBUG] total=746 species_filter=0 restriction=0 direction=221 global_front=0 occupied=232 connection=275 min_dist=8 pre_shell=10 post_shell=1 tested_energy=1
[TEMPLATE DEBUG] camada candidata x: min=52.149755 max=52.149755 n=1
step=00238 species=  C N=00438 vac=0021 axis=x surf=yz Eads=-7.9265 eV P=1.000e+00 E=-3752.4861 eV hmax=28.230 A hmean=27.988 A rough=0.942 A occ1=0.600 tested=1
[TEMPLATE DEBUG] total=746 species_filter=0 restriction=0 direction=221 global_front=0 occupied=233 connection=275 min_dist=8 pre_shell=9 post_shell=9 tested_energy=9
[TEMPLATE DEBUG] camada candidata x: min=54.609267 max=54.609267 n=9
step=00239 species=  C N=00439 vac=0021 axis=x surf=yz Eads=-6.8867 eV P=9.951e-01 E=-3761.1853 eV hmax=29.401 A hmean=28.146 A rough=0.689 A occ1=0.600 tested=9
[TEMPLATE DEBUG] total=746 species_filter=0 restriction=0 direction=221 global_front=0 occupied=234 connection=274 min_dist=8 pre_shell=9 post_shell=8 tested_energy=8
[TEMPLATE DEBUG] camada candidata x: min=54.609267 max=54.609267 n=8
[INFO] impureza sorteada por --impurity: N no lugar de C.
step=00240 species=  N impurity=N intended=C N=00440 vac=0021 axis=x surf=yz Eads=-10.9390 eV P=1.000e+00 E=-3772.7778 eV hmax=29.495 A hmean=28.297 A rough=0.771 A occ1=0.600 tested=8
[TEMPLATE DEBUG] total=746 species_filter=0 restriction=0 direction=221 global_front=0 occupied=235 connection=273 min_dist=8 pre_shell=9 post_shell=7 tested_energy=7
[TEMPLATE DEBUG] camada candidata x: min=54.609267 max=54.609267 n=7
step=00241 species=  C N=00441 vac=0021 axis=x surf=yz Eads=-6.1760 eV P=4.252e-01 E=-3779.7144 eV hmax=29.495 A hmean=28.440 A rough=0.832 A occ1=0.600 tested=7
[TEMPLATE DEBUG] total=746 species_filter=0 restriction=0 direction=221 global_front=0 occupied=236 connection=271 min_dist=8 pre_shell=10 post_shell=7 tested_energy=7
[TEMPLATE DEBUG] camada candidata x: min=54.609267 max=54.609267 n=7
step=00242 species=  C N=00442 vac=0021 axis=x surf=yz Eads=-6.1924 eV P=9.619e-01 E=-3786.3923 eV hmax=29.495 A hmean=28.603 A rough=0.885 A occ1=0.600 tested=7
[TEMPLATE DEBUG] total=746 species_filter=0 restriction=0 direction=221 global_front=0 occupied=237 connection=270 min_dist=8 pre_shell=10 post_shell=6 tested_energy=6
[TEMPLATE DEBUG] camada candidata x: min=54.609267 max=54.609267 n=6
[INFO] impureza sorteada por --impurity: N no lugar de C.
step=00243 species=  N impurity=N intended=C N=00443 vac=0021 axis=x surf=yz Eads=-11.5024 eV P=1.000e+00 E=-3798.5894 eV hmax=29.495 A hmean=28.763 A rough=0.923 A occ1=0.600 tested=6
[TEMPLATE DEBUG] total=746 species_filter=0 restriction=0 direction=221 global_front=0 occupied=238 connection=269 min_dist=8 pre_shell=10 post_shell=5 tested_energy=5
[TEMPLATE DEBUG] camada candidata x: min=54.609267 max=54.609267 n=5
step=00244 species=  C N=00444 vac=0021 axis=x surf=yz Eads=-6.7292 eV P=9.094e-01 E=-3805.9136 eV hmax=29.495 A hmean=28.914 A rough=0.947 A occ1=0.600 tested=5
[TEMPLATE DEBUG] total=746 species_filter=0 restriction=0 direction=221 global_front=0 occupied=239 connection=268 min_dist=9 pre_shell=9 post_shell=3 tested_energy=3
[TEMPLATE DEBUG] camada candidata x: min=54.609267 max=54.609267 n=3
step=00245 species=  C N=00445 vac=0021 axis=x surf=yz Eads=-6.6282 eV P=1.000e+00 E=-3813.0957 eV hmax=29.495 A hmean=29.166 A rough=0.966 A occ1=0.600 tested=3
[TEMPLATE DEBUG] total=746 species_filter=0 restriction=0 direction=221 global_front=0 occupied=240 connection=267 min_dist=9 pre_shell=9 post_shell=2 tested_energy=2
[TEMPLATE DEBUG] camada candidata x: min=54.609267 max=54.609267 n=2
step=00246 species=  C N=00446 vac=0021 axis=x surf=yz Eads=-8.4189 eV P=1.000e+00 E=-3823.0251 eV hmax=29.478 A hmean=29.165 A rough=0.984 A occ1=0.600 tested=2
[TEMPLATE DEBUG] total=746 species_filter=0 restriction=0 direction=221 global_front=0 occupied=241 connection=266 min_dist=9 pre_shell=9 post_shell=1 tested_energy=1
[TEMPLATE DEBUG] camada candidata x: min=54.609267 max=54.609267 n=1
step=00247 species=  C N=00447 vac=0021 axis=x surf=yz Eads=-5.3264 eV P=1.000e+00 E=-3830.6052 eV hmax=29.478 A hmean=29.418 A rough=0.968 A occ1=0.600 tested=1
[TEMPLATE DEBUG] total=746 species_filter=0 restriction=0 direction=221 global_front=0 occupied=240 connection=264 min_dist=11 pre_shell=10 post_shell=1 tested_energy=1
[TEMPLATE DEBUG] camada candidata x: min=54.609267 max=54.609267 n=1
step=00248 species=  C N=00448 vac=0021 axis=x surf=yz Eads=-7.8254 eV P=1.000e+00 E=-3839.1045 eV hmax=29.528 A hmean=29.420 A rough=0.979 A occ1=0.600 tested=1
[TEMPLATE DEBUG] total=746 species_filter=0 restriction=0 direction=221 global_front=0 occupied=241 connection=263 min_dist=11 pre_shell=10 post_shell=10 tested_energy=10
[TEMPLATE DEBUG] camada candidata x: min=55.839023 max=55.839023 n=10
[INFO] impureza sorteada por --impurity: N no lugar de C.
step=00249 species=  N impurity=N intended=C N=00449 vac=0021 axis=x surf=yz Eads=-8.4619 eV P=1.917e-01 E=-3848.3936 eV hmax=30.718 A hmean=29.564 A rough=0.703 A occ1=0.600 tested=10
[TEMPLATE DEBUG] total=746 species_filter=0 restriction=0 direction=221 global_front=0 occupied=242 connection=262 min_dist=11 pre_shell=10 post_shell=9 tested_energy=9
[TEMPLATE DEBUG] camada candidata x: min=55.839023 max=55.839023 n=9
step=00250 species=  C N=00450 vac=0021 axis=x surf=yz Eads=-8.4453 eV P=1.000e+00 E=-3858.1379 eV hmax=30.656 A hmean=29.609 A rough=0.777 A occ1=0.600 tested=9
[TEMPLATE DEBUG] total=746 species_filter=0 restriction=0 direction=221 global_front=0 occupied=243 connection=261 min_dist=11 pre_shell=10 post_shell=8 tested_energy=8
[TEMPLATE DEBUG] camada candidata x: min=55.839023 max=55.839023 n=8
step=00251 species=  C N=00451 vac=0021 axis=x surf=yz Eads=-7.2830 eV P=1.000e+00 E=-3866.6384 eV hmax=30.693 A hmean=29.745 A rough=0.834 A occ1=0.600 tested=8
[TEMPLATE DEBUG] total=746 species_filter=0 restriction=0 direction=221 global_front=0 occupied=244 connection=261 min_dist=11 pre_shell=9 post_shell=6 tested_energy=6
[TEMPLATE DEBUG] camada candidata x: min=55.839023 max=55.839023 n=6
step=00252 species=  C N=00452 vac=0021 axis=x surf=yz Eads=-7.5178 eV P=1.000e+00 E=-3874.8674 eV hmax=30.700 A hmean=29.895 A rough=0.873 A occ1=0.600 tested=6
[TEMPLATE DEBUG] total=746 species_filter=0 restriction=0 direction=221 global_front=0 occupied=245 connection=260 min_dist=11 pre_shell=9 post_shell=5 tested_energy=5
[TEMPLATE DEBUG] camada candidata x: min=55.839023 max=55.839023 n=5
[INFO] vacância sorteada por --impurity em posição template; espécie que seria depositada: C.
[INFO] vacância frozen registrada no sítio template 474; esse sítio não poderá ser depositado novamente.
step=00253 species=vac impurity=vac intended=C N=00452 vac=0022 axis=x surf=yz Eads=+0.0000 eV P=1.000e+00 E=-3874.8674 eV hmax=30.700 A hmean=29.895 A rough=0.873 A occ1=0.600 tested=5
[TEMPLATE DEBUG] total=746 species_filter=0 restriction=0 direction=221 global_front=0 occupied=246 connection=260 min_dist=11 pre_shell=8 post_shell=4 tested_energy=4
[TEMPLATE DEBUG] camada candidata x: min=55.839023 max=55.839023 n=4
step=00254 species=  C N=00453 vac=0022 axis=x surf=yz Eads=-6.1582 eV P=9.988e-01 E=-3881.4685 eV hmax=30.716 A hmean=30.062 A rough=0.911 A occ1=0.600 tested=4
[TEMPLATE DEBUG] total=746 species_filter=0 restriction=0 direction=221 global_front=0 occupied=247 connection=259 min_dist=11 pre_shell=8 post_shell=3 tested_energy=3
[TEMPLATE DEBUG] camada candidata x: min=55.839023 max=55.839023 n=3
step=00255 species=  C N=00454 vac=0022 axis=x surf=yz Eads=-6.7102 eV P=1.000e+00 E=-3889.1702 eV hmax=30.700 A hmean=30.207 A rough=0.936 A occ1=0.600 tested=3
[TEMPLATE DEBUG] total=746 species_filter=0 restriction=0 direction=221 global_front=0 occupied=248 connection=258 min_dist=11 pre_shell=8 post_shell=2 tested_energy=2
[TEMPLATE DEBUG] camada candidata x: min=55.839023 max=55.839023 n=2
step=00256 species=  C N=00455 vac=0022 axis=x surf=yz Eads=-9.1692 eV P=1.000e+00 E=-3899.0005 eV hmax=30.700 A hmean=30.219 A rough=0.951 A occ1=0.600 tested=2
[TEMPLATE DEBUG] total=746 species_filter=0 restriction=0 direction=221 global_front=0 occupied=249 connection=257 min_dist=11 pre_shell=8 post_shell=1 tested_energy=1
[TEMPLATE DEBUG] camada candidata x: min=55.839023 max=55.839023 n=1
[INFO] vacância sorteada por --impurity em posição template; espécie que seria depositada: C.
[INFO] vacância frozen registrada no sítio template 481; esse sítio não poderá ser depositado novamente.
step=00257 species=vac impurity=vac intended=C N=00455 vac=0023 axis=x surf=yz Eads=+0.0000 eV P=1.000e+00 E=-3899.0005 eV hmax=30.700 A hmean=30.219 A rough=0.951 A occ1=0.600 tested=1
[TEMPLATE DEBUG] total=746 species_filter=0 restriction=0 direction=221 global_front=0 occupied=250 connection=257 min_dist=11 pre_shell=7 post_shell=7 tested_energy=7
[TEMPLATE DEBUG] camada candidata x: min=57.068779 max=57.068779 n=7
step=00258 species=  C N=00456 vac=0023 axis=x surf=yz Eads=-7.4766 eV P=1.000e+00 E=-3907.1318 eV hmax=31.902 A hmean=30.525 A rough=0.734 A occ1=0.600 tested=7
[TEMPLATE DEBUG] total=746 species_filter=0 restriction=0 direction=221 global_front=0 occupied=251 connection=256 min_dist=11 pre_shell=7 post_shell=6 tested_energy=6
[TEMPLATE DEBUG] camada candidata x: min=57.068779 max=57.068779 n=6
step=00259 species=  C N=00457 vac=0023 axis=x surf=yz Eads=-9.1985 eV P=1.000e+00 E=-3916.9854 eV hmax=31.936 A hmean=30.522 A rough=0.827 A occ1=0.600 tested=6
[TEMPLATE DEBUG] total=746 species_filter=0 restriction=0 direction=221 global_front=0 occupied=252 connection=255 min_dist=11 pre_shell=7 post_shell=5 tested_energy=5
[TEMPLATE DEBUG] camada candidata x: min=57.068779 max=57.068779 n=5
step=00260 species=  C N=00458 vac=0023 axis=x surf=yz Eads=-6.8704 eV P=9.873e-01 E=-3924.5078 eV hmax=31.908 A hmean=30.681 A rough=0.890 A occ1=0.600 tested=5
[TEMPLATE DEBUG] total=746 species_filter=0 restriction=0 direction=221 global_front=0 occupied=253 connection=254 min_dist=11 pre_shell=7 post_shell=4 tested_energy=4
[TEMPLATE DEBUG] camada candidata x: min=57.068779 max=57.068779 n=4
step=00261 species=  C N=00459 vac=0023 axis=x surf=yz Eads=-10.7417 eV P=1.000e+00 E=-3935.7197 eV hmax=31.938 A hmean=30.839 A rough=0.935 A occ1=0.600 tested=4
[TEMPLATE DEBUG] total=746 species_filter=0 restriction=0 direction=221 global_front=0 occupied=254 connection=253 min_dist=11 pre_shell=7 post_shell=3 tested_energy=3
[TEMPLATE DEBUG] camada candidata x: min=57.068779 max=57.068779 n=3
step=00262 species=  C N=00460 vac=0023 axis=x surf=yz Eads=-6.5017 eV P=1.000e+00 E=-3942.6570 eV hmax=31.938 A hmean=30.986 A rough=0.973 A occ1=0.600 tested=3
[TEMPLATE DEBUG] total=746 species_filter=0 restriction=0 direction=221 global_front=0 occupied=255 connection=251 min_dist=11 pre_shell=8 post_shell=3 tested_energy=3
[TEMPLATE DEBUG] camada candidata x: min=57.068779 max=57.068779 n=3
step=00263 species=  C N=00461 vac=0023 axis=x surf=yz Eads=-8.2188 eV P=1.000e+00 E=-3951.3765 eV hmax=31.967 A hmean=31.130 A rough=0.998 A occ1=0.600 tested=3
[TEMPLATE DEBUG] total=746 species_filter=0 restriction=0 direction=221 global_front=0 occupied=256 connection=250 min_dist=11 pre_shell=8 post_shell=2 tested_energy=2
[TEMPLATE DEBUG] camada candidata x: min=57.068779 max=57.068779 n=2
step=00264 species=  C N=00462 vac=0023 axis=x surf=yz Eads=-5.5488 eV P=1.000e+00 E=-3958.3125 eV hmax=31.967 A hmean=31.280 A rough=1.027 A occ1=0.600 tested=2
[TEMPLATE DEBUG] total=746 species_filter=0 restriction=0 direction=221 global_front=0 occupied=256 connection=248 min_dist=12 pre_shell=9 post_shell=2 tested_energy=2
[TEMPLATE DEBUG] camada candidata x: min=57.068779 max=57.068779 n=2
step=00265 species=  C N=00463 vac=0023 axis=x surf=yz Eads=-7.5676 eV P=1.000e+00 E=-3966.9937 eV hmax=32.033 A hmean=31.279 A rough=1.015 A occ1=0.600 tested=2
[TEMPLATE DEBUG] total=746 species_filter=0 restriction=0 direction=221 global_front=0 occupied=257 connection=247 min_dist=12 pre_shell=9 post_shell=2 tested_energy=2
[TEMPLATE DEBUG] camada candidata x: min=57.068779 max=57.068779 n=2
step=00266 species=  C N=00464 vac=0023 axis=x surf=yz Eads=-5.1350 eV P=1.000e+00 E=-3975.4395 eV hmax=32.057 A hmean=31.665 A rough=1.030 A occ1=0.600 tested=2
[TEMPLATE DEBUG] total=746 species_filter=0 restriction=0 direction=221 global_front=0 occupied=258 connection=245 min_dist=12 pre_shell=10 post_shell=1 tested_energy=1
[TEMPLATE DEBUG] camada candidata x: min=55.839023 max=55.839023 n=1
step=00267 species=  C N=00465 vac=0023 axis=x surf=yz Eads=-7.3708 eV P=1.000e+00 E=-3983.6108 eV hmax=32.083 A hmean=31.669 A rough=1.010 A occ1=0.600 tested=1
[TEMPLATE DEBUG] total=746 species_filter=0 restriction=0 direction=221 global_front=0 occupied=259 connection=245 min_dist=12 pre_shell=9 post_shell=1 tested_energy=1
[TEMPLATE DEBUG] camada candidata x: min=57.068779 max=57.068779 n=1
step=00268 species=  C N=00466 vac=0023 axis=x surf=yz Eads=-3.8569 eV P=1.000e+00 E=-3988.3167 eV hmax=32.083 A hmean=31.927 A rough=1.017 A occ1=0.600 tested=1
[TEMPLATE DEBUG] total=746 species_filter=0 restriction=0 direction=221 global_front=0 occupied=260 connection=243 min_dist=12 pre_shell=10 post_shell=1 tested_energy=1
[TEMPLATE DEBUG] camada candidata x: min=57.068779 max=57.068779 n=1
step=00269 species=  C N=00467 vac=0023 axis=x surf=yz Eads=-7.0737 eV P=1.000e+00 E=-3996.3320 eV hmax=32.084 A hmean=31.930 A rough=1.024 A occ1=0.600 tested=1
[TEMPLATE DEBUG] total=746 species_filter=0 restriction=0 direction=221 global_front=0 occupied=261 connection=242 min_dist=12 pre_shell=10 post_shell=10 tested_energy=10
[TEMPLATE DEBUG] camada candidata x: min=58.298535 max=58.298535 n=10
[INFO] vacância sorteada por --impurity em posição template; espécie que seria depositada: C.
[INFO] vacância frozen registrada no sítio template 495; esse sítio não poderá ser depositado novamente.
step=00270 species=vac impurity=vac intended=C N=00467 vac=0024 axis=x surf=yz Eads=+0.0000 eV P=6.128e-01 E=-3996.3320 eV hmax=32.084 A hmean=31.930 A rough=1.024 A occ1=0.600 tested=10
[TEMPLATE DEBUG] total=746 species_filter=0 restriction=0 direction=221 global_front=0 occupied=262 connection=242 min_dist=12 pre_shell=9 post_shell=9 tested_energy=9
[TEMPLATE DEBUG] camada candidata x: min=58.298535 max=58.298535 n=9
step=00271 species=  C N=00468 vac=0024 axis=x surf=yz Eads=-7.1367 eV P=1.000e+00 E=-4003.9463 eV hmax=33.178 A hmean=32.102 A rough=0.679 A occ1=0.600 tested=9
[TEMPLATE DEBUG] total=746 species_filter=0 restriction=0 direction=221 global_front=0 occupied=263 connection=241 min_dist=12 pre_shell=9 post_shell=8 tested_energy=8
[TEMPLATE DEBUG] camada candidata x: min=58.298535 max=58.298535 n=8
step=00272 species=  C N=00469 vac=0024 axis=x surf=yz Eads=-8.5671 eV P=1.000e+00 E=-4013.1096 eV hmax=33.196 A hmean=32.110 A rough=0.759 A occ1=0.600 tested=8
[TEMPLATE DEBUG] total=746 species_filter=0 restriction=0 direction=221 global_front=0 occupied=264 connection=240 min_dist=12 pre_shell=9 post_shell=7 tested_energy=7
[TEMPLATE DEBUG] camada candidata x: min=58.298535 max=58.298535 n=7
step=00273 species=  C N=00470 vac=0024 axis=x surf=yz Eads=-6.6621 eV P=1.000e+00 E=-4020.2319 eV hmax=33.196 A hmean=32.284 A rough=0.814 A occ1=0.600 tested=7
[TEMPLATE DEBUG] total=746 species_filter=0 restriction=0 direction=221 global_front=0 occupied=265 connection=239 min_dist=12 pre_shell=9 post_shell=6 tested_energy=6
[TEMPLATE DEBUG] camada candidata x: min=58.298535 max=58.298535 n=6
[INFO] vacância sorteada por --impurity em posição template; espécie que seria depositada: C.
[INFO] vacância frozen registrada no sítio template 501; esse sítio não poderá ser depositado novamente.
step=00274 species=vac impurity=vac intended=C N=00470 vac=0025 axis=x surf=yz Eads=+0.0000 eV P=1.000e+00 E=-4020.2319 eV hmax=33.196 A hmean=32.284 A rough=0.814 A occ1=0.600 tested=6
[TEMPLATE DEBUG] total=746 species_filter=0 restriction=0 direction=221 global_front=0 occupied=266 connection=239 min_dist=12 pre_shell=8 post_shell=5 tested_energy=5
[TEMPLATE DEBUG] camada candidata x: min=58.298535 max=58.298535 n=5
step=00275 species=  C N=00471 vac=0025 axis=x surf=yz Eads=-6.2527 eV P=9.010e-01 E=-4027.0879 eV hmax=33.196 A hmean=32.423 A rough=0.851 A occ1=0.600 tested=5
[TEMPLATE DEBUG] total=746 species_filter=0 restriction=0 direction=221 global_front=0 occupied=267 connection=238 min_dist=12 pre_shell=8 post_shell=4 tested_energy=4
[TEMPLATE DEBUG] camada candidata x: min=58.298535 max=58.298535 n=4
step=00276 species=  C N=00472 vac=0025 axis=x surf=yz Eads=-6.1543 eV P=9.742e-01 E=-4034.0098 eV hmax=33.226 A hmean=32.560 A rough=0.885 A occ1=0.600 tested=4
[TEMPLATE DEBUG] total=746 species_filter=0 restriction=0 direction=221 global_front=0 occupied=268 connection=237 min_dist=12 pre_shell=8 post_shell=3 tested_energy=3
[TEMPLATE DEBUG] camada candidata x: min=58.298535 max=58.298535 n=3
step=00277 species=  C N=00473 vac=0025 axis=x surf=yz Eads=-10.5427 eV P=1.000e+00 E=-4045.1135 eV hmax=33.226 A hmean=32.709 A rough=0.906 A occ1=0.600 tested=3
[TEMPLATE DEBUG] total=746 species_filter=0 restriction=0 direction=221 global_front=0 occupied=269 connection=236 min_dist=12 pre_shell=8 post_shell=2 tested_energy=2
[TEMPLATE DEBUG] camada candidata x: min=58.298535 max=58.298535 n=2
[INFO] impureza sorteada por --impurity: N no lugar de C.
step=00278 species=  N impurity=N intended=C N=00474 vac=0025 axis=x surf=yz Eads=-5.8723 eV P=1.000e+00 E=-4051.9858 eV hmax=33.226 A hmean=32.837 A rough=0.926 A occ1=0.600 tested=2
[TEMPLATE DEBUG] total=746 species_filter=0 restriction=0 direction=221 global_front=0 occupied=270 connection=235 min_dist=12 pre_shell=8 post_shell=1 tested_energy=1
[TEMPLATE DEBUG] camada candidata x: min=58.298535 max=58.298535 n=1
step=00279 species=  C N=00475 vac=0025 axis=x surf=yz Eads=-8.8706 eV P=1.000e+00 E=-4062.3777 eV hmax=33.226 A hmean=33.011 A rough=0.938 A occ1=0.600 tested=1
[TEMPLATE DEBUG] total=746 species_filter=0 restriction=0 direction=221 global_front=0 occupied=271 connection=234 min_dist=12 pre_shell=8 post_shell=8 tested_energy=8
[TEMPLATE DEBUG] camada candidata x: min=59.528292 max=59.528292 n=8
[INFO] impureza sorteada por --impurity: N no lugar de C.
step=00280 species=  N impurity=N intended=C N=00476 vac=0025 axis=x surf=yz Eads=-8.7456 eV P=9.972e-01 E=-4073.2214 eV hmax=34.327 A hmean=33.149 A rough=0.709 A occ1=0.600 tested=8
[TEMPLATE DEBUG] total=746 species_filter=0 restriction=0 direction=221 global_front=0 occupied=272 connection=233 min_dist=12 pre_shell=8 post_shell=7 tested_energy=7
[TEMPLATE DEBUG] camada candidata x: min=59.528292 max=59.528292 n=7
[INFO] impureza sorteada por --impurity: N no lugar de C.
step=00281 species=  N impurity=N intended=C N=00477 vac=0025 axis=x surf=yz Eads=-8.5901 eV P=1.000e+00 E=-4083.0806 eV hmax=34.317 A hmean=32.997 A rough=0.786 A occ1=0.600 tested=7
[TEMPLATE DEBUG] total=746 species_filter=0 restriction=0 direction=221 global_front=0 occupied=273 connection=232 min_dist=12 pre_shell=8 post_shell=6 tested_energy=6
[TEMPLATE DEBUG] camada candidata x: min=59.528292 max=59.528292 n=6
step=00282 species=  C N=00478 vac=0025 axis=x surf=yz Eads=-6.6221 eV P=1.000e+00 E=-4091.0237 eV hmax=34.421 A hmean=33.147 A rough=0.858 A occ1=0.600 tested=6
[TEMPLATE DEBUG] total=746 species_filter=0 restriction=0 direction=221 global_front=0 occupied=273 connection=230 min_dist=14 pre_shell=8 post_shell=5 tested_energy=5
[TEMPLATE DEBUG] camada candidata x: min=59.528292 max=59.528292 n=5
step=00283 species=  C N=00479 vac=0025 axis=x surf=yz Eads=-6.9802 eV P=1.000e+00 E=-4099.2505 eV hmax=34.447 A hmean=33.308 A rough=0.918 A occ1=0.600 tested=5
[TEMPLATE DEBUG] total=746 species_filter=0 restriction=0 direction=221 global_front=0 occupied=274 connection=229 min_dist=14 pre_shell=8 post_shell=4 tested_energy=4
[TEMPLATE DEBUG] camada candidata x: min=59.528292 max=59.528292 n=4
step=00284 species=  C N=00480 vac=0025 axis=x surf=yz Eads=-10.1445 eV P=1.000e+00 E=-4109.7905 eV hmax=34.429 A hmean=33.302 A rough=0.951 A occ1=0.600 tested=4
[TEMPLATE DEBUG] total=746 species_filter=0 restriction=0 direction=221 global_front=0 occupied=275 connection=228 min_dist=14 pre_shell=8 post_shell=3 tested_energy=3
[TEMPLATE DEBUG] camada candidata x: min=59.528292 max=59.528292 n=3
step=00285 species=  C N=00481 vac=0025 axis=x surf=yz Eads=-7.0029 eV P=1.000e+00 E=-4117.2642 eV hmax=34.429 A hmean=33.462 A rough=0.979 A occ1=0.600 tested=3
[TEMPLATE DEBUG] total=746 species_filter=0 restriction=0 direction=221 global_front=0 occupied=276 connection=226 min_dist=14 pre_shell=9 post_shell=3 tested_energy=3
[TEMPLATE DEBUG] camada candidata x: min=59.528292 max=59.528292 n=3
step=00286 species=  C N=00482 vac=0025 axis=x surf=yz Eads=-7.6411 eV P=1.000e+00 E=-4125.3838 eV hmax=34.447 A hmean=33.775 A rough=1.000 A occ1=0.600 tested=3
[TEMPLATE DEBUG] total=746 species_filter=0 restriction=0 direction=221 global_front=0 occupied=277 connection=225 min_dist=14 pre_shell=9 post_shell=2 tested_energy=2
[TEMPLATE DEBUG] camada candidata x: min=59.528292 max=59.528292 n=2
[INFO] impureza sorteada por --impurity: N no lugar de C.
step=00287 species=  N impurity=N intended=C N=00483 vac=0025 axis=x surf=yz Eads=-6.8193 eV P=1.000e+00 E=-4133.4155 eV hmax=34.447 A hmean=33.914 A rough=1.018 A occ1=0.600 tested=2
[TEMPLATE DEBUG] total=746 species_filter=0 restriction=0 direction=221 global_front=0 occupied=278 connection=223 min_dist=14 pre_shell=10 post_shell=2 tested_energy=2
[TEMPLATE DEBUG] camada candidata x: min=59.528292 max=59.528292 n=2
step=00288 species=  C N=00484 vac=0025 axis=x surf=yz Eads=-7.4536 eV P=1.000e+00 E=-4142.1216 eV hmax=34.447 A hmean=34.242 A rough=1.036 A occ1=0.600 tested=2
[TEMPLATE DEBUG] total=746 species_filter=0 restriction=0 direction=221 global_front=0 occupied=279 connection=222 min_dist=14 pre_shell=10 post_shell=1 tested_energy=1
[TEMPLATE DEBUG] camada candidata x: min=59.528292 max=59.528292 n=1
step=00289 species=  C N=00485 vac=0025 axis=x surf=yz Eads=-4.8628 eV P=1.000e+00 E=-4147.8604 eV hmax=34.447 A hmean=34.381 A rough=1.045 A occ1=0.600 tested=1
[TEMPLATE DEBUG] total=746 species_filter=0 restriction=0 direction=221 global_front=0 occupied=280 connection=221 min_dist=14 pre_shell=10 post_shell=10 tested_energy=10
[TEMPLATE DEBUG] camada candidata x: min=60.758048 max=60.758048 n=10
step=00290 species=  C N=00486 vac=0025 axis=x surf=yz Eads=-7.2642 eV P=9.635e-01 E=-4155.7275 eV hmax=35.610 A hmean=34.533 A rough=0.681 A occ1=0.600 tested=10
[TEMPLATE DEBUG] total=746 species_filter=0 restriction=0 direction=221 global_front=0 occupied=281 connection=220 min_dist=14 pre_shell=10 post_shell=9 tested_energy=9
[TEMPLATE DEBUG] camada candidata x: min=60.758048 max=60.758048 n=9
step=00291 species=  C N=00487 vac=0025 axis=x surf=yz Eads=-9.4185 eV P=1.000e+00 E=-4165.7998 eV hmax=35.677 A hmean=34.551 A rough=0.763 A occ1=0.600 tested=9
[TEMPLATE DEBUG] total=746 species_filter=0 restriction=0 direction=221 global_front=0 occupied=282 connection=219 min_dist=14 pre_shell=10 post_shell=8 tested_energy=8
[TEMPLATE DEBUG] camada candidata x: min=60.758048 max=60.758048 n=8
step=00292 species=  C N=00488 vac=0025 axis=x surf=yz Eads=-7.2510 eV P=9.473e-01 E=-4173.2349 eV hmax=35.686 A hmean=34.693 A rough=0.823 A occ1=0.600 tested=8
[TEMPLATE DEBUG] total=746 species_filter=0 restriction=0 direction=221 global_front=0 occupied=283 connection=218 min_dist=14 pre_shell=10 post_shell=7 tested_energy=7
[TEMPLATE DEBUG] camada candidata x: min=60.758048 max=60.758048 n=7
step=00293 species=  C N=00489 vac=0025 axis=x surf=yz Eads=-9.5981 eV P=1.000e+00 E=-4183.4048 eV hmax=35.686 A hmean=34.714 A rough=0.860 A occ1=0.600 tested=7
[TEMPLATE DEBUG] total=746 species_filter=0 restriction=0 direction=221 global_front=0 occupied=284 connection=217 min_dist=14 pre_shell=10 post_shell=6 tested_energy=6
[TEMPLATE DEBUG] camada candidata x: min=60.758048 max=60.758048 n=6
step=00294 species=  C N=00490 vac=0025 axis=x surf=yz Eads=-7.8037 eV P=1.000e+00 E=-4191.5835 eV hmax=35.686 A hmean=34.860 A rough=0.888 A occ1=0.600 tested=6
[TEMPLATE DEBUG] total=746 species_filter=0 restriction=0 direction=221 global_front=0 occupied=285 connection=216 min_dist=14 pre_shell=10 post_shell=5 tested_energy=5
[TEMPLATE DEBUG] camada candidata x: min=60.758048 max=60.758048 n=5
step=00295 species=  C N=00491 vac=0025 axis=x surf=yz Eads=-8.6621 eV P=1.000e+00 E=-4200.8726 eV hmax=35.686 A hmean=34.859 A rough=0.903 A occ1=0.600 tested=5
[TEMPLATE DEBUG] total=746 species_filter=0 restriction=0 direction=221 global_front=0 occupied=286 connection=215 min_dist=14 pre_shell=10 post_shell=4 tested_energy=4
[TEMPLATE DEBUG] camada candidata x: min=60.758048 max=60.758048 n=4
step=00296 species=  C N=00492 vac=0025 axis=x surf=yz Eads=-6.7485 eV P=1.000e+00 E=-4208.4556 eV hmax=35.686 A hmean=35.016 A rough=0.921 A occ1=0.600 tested=4
[TEMPLATE DEBUG] total=746 species_filter=0 restriction=0 direction=221 global_front=0 occupied=287 connection=214 min_dist=14 pre_shell=10 post_shell=3 tested_energy=3
[TEMPLATE DEBUG] camada candidata x: min=60.758048 max=60.758048 n=3
[INFO] vacância sorteada por --impurity em posição template; espécie que seria depositada: C.
[INFO] vacância frozen registrada no sítio template 518; esse sítio não poderá ser depositado novamente.
step=00297 species=vac impurity=vac intended=C N=00492 vac=0026 axis=x surf=yz Eads=+0.0000 eV P=1.000e+00 E=-4208.4556 eV hmax=35.686 A hmean=35.016 A rough=0.921 A occ1=0.600 tested=3
[TEMPLATE DEBUG] total=746 species_filter=0 restriction=0 direction=221 global_front=0 occupied=288 connection=214 min_dist=14 pre_shell=9 post_shell=2 tested_energy=2
[TEMPLATE DEBUG] camada candidata x: min=60.758048 max=60.758048 n=2
step=00298 species=  C N=00493 vac=0026 axis=x surf=yz Eads=-6.2246 eV P=1.000e+00 E=-4215.7700 eV hmax=35.686 A hmean=35.156 A rough=0.933 A occ1=0.600 tested=2
[TEMPLATE DEBUG] total=746 species_filter=0 restriction=0 direction=221 global_front=0 occupied=289 connection=213 min_dist=14 pre_shell=9 post_shell=1 tested_energy=1
[TEMPLATE DEBUG] camada candidata x: min=60.758048 max=60.758048 n=1
[INFO] impureza sorteada por --impurity: N no lugar de C.
step=00299 species=  N impurity=N intended=C N=00494 vac=0026 axis=x surf=yz Eads=-9.3462 eV P=1.000e+00 E=-4225.8501 eV hmax=35.686 A hmean=35.169 A rough=0.941 A occ1=0.600 tested=1
[TEMPLATE DEBUG] total=746 species_filter=0 restriction=0 direction=221 global_front=0 occupied=290 connection=212 min_dist=14 pre_shell=9 post_shell=9 tested_energy=9
[TEMPLATE DEBUG] camada candidata x: min=61.987804 max=61.987804 n=9
step=00300 species=  C N=00495 vac=0026 axis=x surf=yz Eads=-7.4399 eV P=1.000e+00 E=-4233.8672 eV hmax=36.863 A hmean=35.328 A rough=0.693 A occ1=0.600 tested=9
[TEMPLATE DEBUG] total=746 species_filter=0 restriction=0 direction=221 global_front=0 occupied=291 connection=210 min_dist=14 pre_shell=10 post_shell=9 tested_energy=9
[TEMPLATE DEBUG] camada candidata x: min=61.987804 max=61.987804 n=9
step=00301 species=  C N=00496 vac=0026 axis=x surf=yz Eads=-7.1484 eV P=1.000e+00 E=-4241.9517 eV hmax=36.892 A hmean=35.335 A rough=0.782 A occ1=0.600 tested=9
[TEMPLATE DEBUG] total=746 species_filter=0 restriction=0 direction=221 global_front=0 occupied=292 connection=210 min_dist=14 pre_shell=9 post_shell=8 tested_energy=8
[TEMPLATE DEBUG] camada candidata x: min=61.987804 max=61.987804 n=8
step=00302 species=  C N=00497 vac=0026 axis=x surf=yz Eads=-7.0347 eV P=1.000e+00 E=-4250.1880 eV hmax=36.858 A hmean=35.631 A rough=0.834 A occ1=0.600 tested=8
[TEMPLATE DEBUG] total=746 species_filter=0 restriction=0 direction=221 global_front=0 occupied=293 connection=209 min_dist=15 pre_shell=8 post_shell=6 tested_energy=6
[TEMPLATE DEBUG] camada candidata x: min=61.987804 max=61.987804 n=6
step=00303 species=  C N=00498 vac=0026 axis=x surf=yz Eads=-10.2334 eV P=1.000e+00 E=-4260.8643 eV hmax=36.893 A hmean=35.639 A rough=0.882 A occ1=0.600 tested=6
[TEMPLATE DEBUG] total=746 species_filter=0 restriction=0 direction=221 global_front=0 occupied=294 connection=208 min_dist=15 pre_shell=8 post_shell=5 tested_energy=5
[TEMPLATE DEBUG] camada candidata x: min=61.987804 max=61.987804 n=5
step=00304 species=  C N=00499 vac=0026 axis=x surf=yz Eads=-7.1299 eV P=1.000e+00 E=-4268.2642 eV hmax=36.884 A hmean=35.794 A rough=0.917 A occ1=0.600 tested=5
[TEMPLATE DEBUG] total=746 species_filter=0 restriction=0 direction=221 global_front=0 occupied=295 connection=207 min_dist=15 pre_shell=8 post_shell=4 tested_energy=4
[TEMPLATE DEBUG] camada candidata x: min=61.987804 max=61.987804 n=4
step=00305 species=  C N=00500 vac=0026 axis=x surf=yz Eads=-8.7959 eV P=1.000e+00 E=-4278.1802 eV hmax=36.884 A hmean=36.094 A rough=0.944 A occ1=0.600 tested=4
[TEMPLATE DEBUG] total=746 species_filter=0 restriction=0 direction=221 global_front=0 occupied=296 connection=206 min_dist=15 pre_shell=8 post_shell=3 tested_energy=3
[TEMPLATE DEBUG] camada candidata x: min=61.987804 max=61.987804 n=3
step=00306 species=  C N=00501 vac=0026 axis=x surf=yz Eads=-6.8286 eV P=1.000e+00 E=-4285.4697 eV hmax=36.884 A hmean=36.251 A rough=0.964 A occ1=0.600 tested=3
[TEMPLATE DEBUG] total=746 species_filter=0 restriction=0 direction=221 global_front=0 occupied=297 connection=205 min_dist=15 pre_shell=8 post_shell=2 tested_energy=2
[TEMPLATE DEBUG] camada candidata x: min=61.987804 max=61.987804 n=2
[INFO] vacância sorteada por --impurity em posição template; espécie que seria depositada: C.
[INFO] vacância frozen registrada no sítio template 526; esse sítio não poderá ser depositado novamente.
step=00307 species=vac impurity=vac intended=C N=00501 vac=0027 axis=x surf=yz Eads=+0.0000 eV P=1.000e+00 E=-4285.4697 eV hmax=36.884 A hmean=36.251 A rough=0.964 A occ1=0.600 tested=2
[TEMPLATE DEBUG] total=746 species_filter=0 restriction=0 direction=221 global_front=0 occupied=298 connection=205 min_dist=15 pre_shell=7 post_shell=1 tested_energy=1
[TEMPLATE DEBUG] camada candidata x: min=61.987804 max=61.987804 n=1
step=00308 species=  C N=00502 vac=0027 axis=x surf=yz Eads=-4.4272 eV P=1.000e+00 E=-4290.8462 eV hmax=36.884 A hmean=36.392 A rough=0.973 A occ1=0.600 tested=1
[TEMPLATE DEBUG] total=746 species_filter=0 restriction=0 direction=221 global_front=0 occupied=299 connection=203 min_dist=15 pre_shell=8 post_shell=1 tested_energy=1
[TEMPLATE DEBUG] camada candidata x: min=61.987804 max=61.987804 n=1
step=00309 species=  C N=00503 vac=0027 axis=x surf=yz Eads=-7.3818 eV P=1.000e+00 E=-4299.3467 eV hmax=36.960 A hmean=36.719 A rough=0.990 A occ1=0.600 tested=1
[TEMPLATE DEBUG] total=746 species_filter=0 restriction=0 direction=221 global_front=0 occupied=300 connection=202 min_dist=15 pre_shell=8 post_shell=8 tested_energy=8
[TEMPLATE DEBUG] camada candidata x: min=63.217560 max=63.217560 n=8
step=00310 species=  C N=00504 vac=0027 axis=x surf=yz Eads=-7.7100 eV P=9.968e-01 E=-4307.5879 eV hmax=38.058 A hmean=36.873 A rough=0.691 A occ1=0.600 tested=8
[TEMPLATE DEBUG] total=746 species_filter=0 restriction=0 direction=221 global_front=0 occupied=301 connection=201 min_dist=15 pre_shell=8 post_shell=7 tested_energy=7
[TEMPLATE DEBUG] camada candidata x: min=63.217560 max=63.217560 n=7
[INFO] impureza sorteada por --impurity: N no lugar de C.
step=00311 species=  N impurity=N intended=C N=00505 vac=0027 axis=x surf=yz Eads=-10.3887 eV P=1.000e+00 E=-4319.0317 eV hmax=38.125 A hmean=36.887 A rough=0.771 A occ1=0.600 tested=7
[TEMPLATE DEBUG] total=746 species_filter=0 restriction=0 direction=221 global_front=0 occupied=302 connection=200 min_dist=15 pre_shell=8 post_shell=6 tested_energy=6
[TEMPLATE DEBUG] camada candidata x: min=63.217560 max=63.217560 n=6
step=00312 species=  C N=00506 vac=0027 axis=x surf=yz Eads=-7.4551 eV P=1.000e+00 E=-4327.4346 eV hmax=38.125 A hmean=37.004 A rough=0.833 A occ1=0.600 tested=6
[TEMPLATE DEBUG] total=746 species_filter=0 restriction=0 direction=221 global_front=0 occupied=303 connection=199 min_dist=15 pre_shell=8 post_shell=5 tested_energy=5
[TEMPLATE DEBUG] camada candidata x: min=63.217560 max=63.217560 n=5
step=00313 species=  C N=00507 vac=0027 axis=x surf=yz Eads=-10.4678 eV P=1.000e+00 E=-4338.4575 eV hmax=38.125 A hmean=37.154 A rough=0.873 A occ1=0.600 tested=5
[TEMPLATE DEBUG] total=746 species_filter=0 restriction=0 direction=221 global_front=0 occupied=304 connection=198 min_dist=15 pre_shell=8 post_shell=4 tested_energy=4
[TEMPLATE DEBUG] camada candidata x: min=63.217560 max=63.217560 n=4
[INFO] vacância sorteada por --impurity em posição template; espécie que seria depositada: C.
[INFO] vacância frozen registrada no sítio template 541; esse sítio não poderá ser depositado novamente.
step=00314 species=vac impurity=vac intended=C N=00507 vac=0028 axis=x surf=yz Eads=+0.0000 eV P=1.000e+00 E=-4338.4575 eV hmax=38.125 A hmean=37.154 A rough=0.873 A occ1=0.600 tested=4
[TEMPLATE DEBUG] total=746 species_filter=0 restriction=0 direction=221 global_front=0 occupied=305 connection=198 min_dist=15 pre_shell=7 post_shell=3 tested_energy=3
[TEMPLATE DEBUG] camada candidata x: min=63.217560 max=63.217560 n=3
step=00315 species=  C N=00508 vac=0028 axis=x surf=yz Eads=-6.3179 eV P=1.000e+00 E=-4345.2944 eV hmax=38.125 A hmean=37.310 A rough=0.911 A occ1=0.600 tested=3
[TEMPLATE DEBUG] total=746 species_filter=0 restriction=0 direction=221 global_front=0 occupied=306 connection=197 min_dist=15 pre_shell=7 post_shell=2 tested_energy=2
[TEMPLATE DEBUG] camada candidata x: min=63.217560 max=63.217560 n=2
[INFO] impureza sorteada por --impurity: N no lugar de C.
step=00316 species=  N impurity=N intended=C N=00509 vac=0028 axis=x surf=yz Eads=-7.5176 eV P=1.000e+00 E=-4354.1206 eV hmax=38.125 A hmean=37.586 A rough=0.941 A occ1=0.600 tested=2
[TEMPLATE DEBUG] total=746 species_filter=0 restriction=0 direction=221 global_front=0 occupied=307 connection=195 min_dist=15 pre_shell=8 post_shell=2 tested_energy=2
[TEMPLATE DEBUG] camada candidata x: min=63.217560 max=63.217560 n=2
step=00317 species=  C N=00510 vac=0028 axis=x surf=yz Eads=-7.7891 eV P=1.000e+00 E=-4365.3379 eV hmax=38.170 A hmean=37.580 A rough=0.960 A occ1=0.600 tested=2
[TEMPLATE DEBUG] total=746 species_filter=0 restriction=0 direction=221 global_front=0 occupied=308 connection=194 min_dist=15 pre_shell=8 post_shell=1 tested_energy=1
[TEMPLATE DEBUG] camada candidata x: min=63.217560 max=63.217560 n=1
[INFO] impureza sorteada por --impurity: N no lugar de C.
step=00318 species=  N impurity=N intended=C N=00511 vac=0028 axis=x surf=yz Eads=-4.9194 eV P=1.000e+00 E=-4372.2866 eV hmax=38.170 A hmean=37.752 A rough=0.975 A occ1=0.600 tested=1
[TEMPLATE DEBUG] total=746 species_filter=0 restriction=0 direction=221 global_front=0 occupied=309 connection=192 min_dist=15 pre_shell=9 post_shell=1 tested_energy=1
[TEMPLATE DEBUG] camada candidata x: min=63.217560 max=63.217560 n=1
step=00319 species=  C N=00512 vac=0028 axis=x surf=yz Eads=-6.3120 eV P=1.000e+00 E=-4381.0742 eV hmax=38.170 A hmean=37.758 A rough=0.983 A occ1=0.600 tested=1
[TEMPLATE DEBUG] total=746 species_filter=0 restriction=0 direction=221 global_front=0 occupied=310 connection=191 min_dist=15 pre_shell=9 post_shell=9 tested_energy=9
[TEMPLATE DEBUG] camada candidata x: min=64.447316 max=64.447316 n=9
step=00320 species=  C N=00513 vac=0028 axis=x surf=yz Eads=-6.7773 eV P=1.000e+00 E=-4389.1338 eV hmax=39.280 A hmean=37.911 A rough=0.667 A occ1=0.600 tested=9
[TEMPLATE DEBUG] total=746 species_filter=0 restriction=0 direction=221 global_front=0 occupied=311 connection=190 min_dist=15 pre_shell=9 post_shell=8 tested_energy=8
[TEMPLATE DEBUG] camada candidata x: min=64.447316 max=64.447316 n=8
[INFO] vacância sorteada por --impurity em posição template; espécie que seria depositada: C.
[INFO] vacância frozen registrada no sítio template 552; esse sítio não poderá ser depositado novamente.
step=00321 species=vac impurity=vac intended=C N=00513 vac=0029 axis=x surf=yz Eads=+0.0000 eV P=1.000e+00 E=-4389.1338 eV hmax=39.280 A hmean=37.911 A rough=0.667 A occ1=0.600 tested=8
[TEMPLATE DEBUG] total=746 species_filter=0 restriction=0 direction=221 global_front=0 occupied=312 connection=190 min_dist=15 pre_shell=8 post_shell=7 tested_energy=7
[TEMPLATE DEBUG] camada candidata x: min=64.447316 max=64.447316 n=7
[INFO] vacância sorteada por --impurity em posição template; espécie que seria depositada: C.
[INFO] vacância frozen registrada no sítio template 547; esse sítio não poderá ser depositado novamente.
step=00322 species=vac impurity=vac intended=C N=00513 vac=0030 axis=x surf=yz Eads=+0.0000 eV P=1.000e+00 E=-4389.1338 eV hmax=39.280 A hmean=37.911 A rough=0.667 A occ1=0.600 tested=7
[TEMPLATE DEBUG] total=746 species_filter=0 restriction=0 direction=221 global_front=0 occupied=313 connection=190 min_dist=15 pre_shell=7 post_shell=6 tested_energy=6
[TEMPLATE DEBUG] camada candidata x: min=64.447316 max=64.447316 n=6
step=00323 species=  C N=00514 vac=0030 axis=x surf=yz Eads=-5.8506 eV P=9.999e-01 E=-4396.1592 eV hmax=39.294 A hmean=38.076 A rough=0.753 A occ1=0.600 tested=6
[TEMPLATE DEBUG] total=746 species_filter=0 restriction=0 direction=221 global_front=0 occupied=313 connection=188 min_dist=16 pre_shell=8 post_shell=6 tested_energy=6
[TEMPLATE DEBUG] camada candidata x: min=64.447316 max=64.447316 n=6
step=00324 species=  C N=00515 vac=0030 axis=x surf=yz Eads=-7.8237 eV P=1.000e+00 E=-4405.0615 eV hmax=39.365 A hmean=38.073 A rough=0.817 A occ1=0.600 tested=6
[TEMPLATE DEBUG] total=746 species_filter=0 restriction=0 direction=221 global_front=0 occupied=314 connection=189 min_dist=17 pre_shell=5 post_shell=3 tested_energy=3
[TEMPLATE DEBUG] camada candidata x: min=64.447316 max=64.447316 n=3
step=00325 species=  C N=00516 vac=0030 axis=x surf=yz Eads=-5.0361 eV P=9.749e-01 E=-4410.9087 eV hmax=39.365 A hmean=38.373 A rough=0.859 A occ1=0.600 tested=3
[TEMPLATE DEBUG] total=746 species_filter=0 restriction=0 direction=221 global_front=0 occupied=315 connection=188 min_dist=17 pre_shell=5 post_shell=2 tested_energy=2
[TEMPLATE DEBUG] camada candidata x: min=64.447316 max=64.447316 n=2
step=00326 species=  C N=00517 vac=0030 axis=x surf=yz Eads=-5.6299 eV P=1.000e+00 E=-4417.1104 eV hmax=39.365 A hmean=38.521 A rough=0.894 A occ1=0.600 tested=2
[TEMPLATE DEBUG] total=746 species_filter=0 restriction=0 direction=221 global_front=0 occupied=316 connection=186 min_dist=17 pre_shell=6 post_shell=2 tested_energy=2
[TEMPLATE DEBUG] camada candidata x: min=64.447316 max=64.447316 n=2
step=00327 species=  C N=00518 vac=0030 axis=x surf=yz Eads=-7.0552 eV P=1.000e+00 E=-4424.8247 eV hmax=39.365 A hmean=38.824 A rough=0.918 A occ1=0.600 tested=2
[TEMPLATE DEBUG] total=746 species_filter=0 restriction=0 direction=221 global_front=0 occupied=317 connection=185 min_dist=17 pre_shell=6 post_shell=1 tested_energy=1
[TEMPLATE DEBUG] camada candidata x: min=64.447316 max=64.447316 n=1
step=00328 species=  C N=00519 vac=0030 axis=x surf=yz Eads=-3.5215 eV P=1.000e+00 E=-4428.9243 eV hmax=39.365 A hmean=38.949 A rough=0.937 A occ1=0.600 tested=1
[TEMPLATE DEBUG] total=746 species_filter=0 restriction=0 direction=221 global_front=0 occupied=318 connection=183 min_dist=17 pre_shell=7 post_shell=1 tested_energy=1
[TEMPLATE DEBUG] camada candidata x: min=64.447316 max=64.447316 n=1
step=00329 species=  C N=00520 vac=0030 axis=x surf=yz Eads=-7.5273 eV P=1.000e+00 E=-4437.9307 eV hmax=39.365 A hmean=39.143 A rough=0.950 A occ1=0.600 tested=1
[TEMPLATE DEBUG] total=746 species_filter=0 restriction=0 direction=221 global_front=0 occupied=319 connection=182 min_dist=17 pre_shell=7 post_shell=7 tested_energy=7
[TEMPLATE DEBUG] camada candidata x: min=65.677072 max=65.677072 n=7
step=00330 species=  C N=00521 vac=0030 axis=x surf=yz Eads=-7.5410 eV P=8.696e-01 E=-4445.7798 eV hmax=40.588 A hmean=39.296 A rough=0.734 A occ1=0.600 tested=7
[TEMPLATE DEBUG] total=746 species_filter=0 restriction=0 direction=221 global_front=0 occupied=320 connection=181 min_dist=17 pre_shell=7 post_shell=6 tested_energy=6
[TEMPLATE DEBUG] camada candidata x: min=65.677072 max=65.677072 n=6
step=00331 species=  C N=00522 vac=0030 axis=x surf=yz Eads=-10.2021 eV P=1.000e+00 E=-4457.2368 eV hmax=40.575 A hmean=39.425 A rough=0.814 A occ1=0.600 tested=6
[TEMPLATE DEBUG] total=746 species_filter=0 restriction=0 direction=221 global_front=0 occupied=321 connection=180 min_dist=17 pre_shell=7 post_shell=5 tested_energy=5
[TEMPLATE DEBUG] camada candidata x: min=65.677072 max=65.677072 n=5
[INFO] vacância sorteada por --impurity em posição template; espécie que seria depositada: C.
[INFO] vacância frozen registrada no sítio template 563; esse sítio não poderá ser depositado novamente.
step=00332 species=vac impurity=vac intended=C N=00522 vac=0031 axis=x surf=yz Eads=+0.0000 eV P=1.000e+00 E=-4457.2368 eV hmax=40.575 A hmean=39.425 A rough=0.814 A occ1=0.600 tested=5
[TEMPLATE DEBUG] total=746 species_filter=0 restriction=0 direction=221 global_front=0 occupied=322 connection=180 min_dist=17 pre_shell=6 post_shell=4 tested_energy=4
[TEMPLATE DEBUG] camada candidata x: min=65.677072 max=65.677072 n=4
step=00333 species=  C N=00523 vac=0031 axis=x surf=yz Eads=-6.3438 eV P=9.955e-01 E=-4464.6426 eV hmax=40.575 A hmean=39.572 A rough=0.863 A occ1=0.600 tested=4
[TEMPLATE DEBUG] total=746 species_filter=0 restriction=0 direction=221 global_front=0 occupied=323 connection=179 min_dist=17 pre_shell=6 post_shell=3 tested_energy=3
[TEMPLATE DEBUG] camada candidata x: min=65.677072 max=65.677072 n=3
step=00334 species=  C N=00524 vac=0031 axis=x surf=yz Eads=-9.5425 eV P=1.000e+00 E=-4475.5522 eV hmax=40.575 A hmean=39.710 A rough=0.898 A occ1=0.600 tested=3
[TEMPLATE DEBUG] total=746 species_filter=0 restriction=0 direction=221 global_front=0 occupied=324 connection=178 min_dist=17 pre_shell=6 post_shell=2 tested_energy=2
[TEMPLATE DEBUG] camada candidata x: min=65.677072 max=65.677072 n=2
step=00335 species=  C N=00525 vac=0031 axis=x surf=yz Eads=-6.7490 eV P=1.000e+00 E=-4483.1006 eV hmax=40.575 A hmean=39.860 A rough=0.930 A occ1=0.600 tested=2
[TEMPLATE DEBUG] total=746 species_filter=0 restriction=0 direction=221 global_front=0 occupied=325 connection=176 min_dist=17 pre_shell=7 post_shell=2 tested_energy=2
[TEMPLATE DEBUG] camada candidata x: min=65.677072 max=65.677072 n=2
step=00336 species=  C N=00526 vac=0031 axis=x surf=yz Eads=-7.7983 eV P=1.000e+00 E=-4491.7847 eV hmax=40.575 A hmean=39.858 A rough=0.952 A occ1=0.600 tested=2
[TEMPLATE DEBUG] total=746 species_filter=0 restriction=0 direction=221 global_front=0 occupied=326 connection=175 min_dist=17 pre_shell=7 post_shell=1 tested_energy=1
[TEMPLATE DEBUG] camada candidata x: min=65.677072 max=65.677072 n=1
step=00337 species=  C N=00527 vac=0031 axis=x surf=yz Eads=-5.2798 eV P=1.000e+00 E=-4498.4292 eV hmax=40.575 A hmean=40.027 A rough=0.976 A occ1=0.600 tested=1
[TEMPLATE DEBUG] total=746 species_filter=0 restriction=0 direction=221 global_front=0 occupied=327 connection=174 min_dist=17 pre_shell=7 post_shell=7 tested_energy=7
[TEMPLATE DEBUG] camada candidata x: min=66.906828 max=66.906828 n=7
[INFO] impureza sorteada por --impurity: N no lugar de C.
step=00338 species=  N impurity=N intended=C N=00528 vac=0031 axis=x surf=yz Eads=-8.1226 eV P=1.000e+00 E=-4508.5674 eV hmax=41.713 A hmean=40.179 A rough=0.743 A occ1=0.600 tested=7
[TEMPLATE DEBUG] total=746 species_filter=0 restriction=0 direction=221 global_front=0 occupied=328 connection=173 min_dist=17 pre_shell=7 post_shell=6 tested_energy=6
[TEMPLATE DEBUG] camada candidata x: min=66.906828 max=66.906828 n=6
[INFO] vacância sorteada por --impurity em posição template; espécie que seria depositada: C.
[INFO] vacância frozen registrada no sítio template 568; esse sítio não poderá ser depositado novamente.
step=00339 species=vac impurity=vac intended=C N=00528 vac=0032 axis=x surf=yz Eads=+0.0000 eV P=1.000e+00 E=-4508.5674 eV hmax=41.713 A hmean=40.179 A rough=0.743 A occ1=0.600 tested=6
[TEMPLATE DEBUG] total=746 species_filter=0 restriction=0 direction=221 global_front=0 occupied=329 connection=173 min_dist=17 pre_shell=6 post_shell=5 tested_energy=5
[TEMPLATE DEBUG] camada candidata x: min=66.906828 max=66.906828 n=5
[INFO] impureza sorteada por --impurity: N no lugar de C.
step=00340 species=  N impurity=N intended=C N=00529 vac=0032 axis=x surf=yz Eads=-6.6494 eV P=8.076e-01 E=-4516.8589 eV hmax=41.817 A hmean=40.349 A rough=0.850 A occ1=0.600 tested=5
[TEMPLATE DEBUG] total=746 species_filter=0 restriction=0 direction=221 global_front=0 occupied=330 connection=172 min_dist=17 pre_shell=6 post_shell=4 tested_energy=4
[TEMPLATE DEBUG] camada candidata x: min=66.906828 max=66.906828 n=4
step=00341 species=  C N=00530 vac=0032 axis=x surf=yz Eads=-6.5928 eV P=1.000e+00 E=-4523.8604 eV hmax=41.834 A hmean=40.504 A rough=0.923 A occ1=0.600 tested=4
[TEMPLATE DEBUG] total=746 species_filter=0 restriction=0 direction=221 global_front=0 occupied=331 connection=170 min_dist=17 pre_shell=7 post_shell=4 tested_energy=4
[TEMPLATE DEBUG] camada candidata x: min=66.906828 max=66.906828 n=4
step=00342 species=  C N=00531 vac=0032 axis=x surf=yz Eads=-7.7896 eV P=1.000e+00 E=-4532.1870 eV hmax=41.847 A hmean=40.506 A rough=0.966 A occ1=0.600 tested=4
[TEMPLATE DEBUG] total=746 species_filter=0 restriction=0 direction=221 global_front=0 occupied=332 connection=168 min_dist=17 pre_shell=8 post_shell=1 tested_energy=1
[TEMPLATE DEBUG] camada candidata x: min=65.677072 max=65.677072 n=1
step=00343 species=  C N=00532 vac=0032 axis=x surf=yz Eads=-6.4746 eV P=1.000e+00 E=-4539.4863 eV hmax=41.834 A hmean=40.812 A rough=0.938 A occ1=0.600 tested=1
[TEMPLATE DEBUG] total=746 species_filter=0 restriction=0 direction=221 global_front=0 occupied=333 connection=167 min_dist=17 pre_shell=8 post_shell=1 tested_energy=1
[TEMPLATE DEBUG] camada candidata x: min=65.677072 max=65.677072 n=1
[INFO] impureza sorteada por --impurity: N no lugar de C.
step=00344 species=  N impurity=N intended=C N=00533 vac=0032 axis=x surf=yz Eads=-9.4009 eV P=1.000e+00 E=-4550.5938 eV hmax=41.834 A hmean=40.812 A rough=0.911 A occ1=0.600 tested=1
[TEMPLATE DEBUG] total=746 species_filter=0 restriction=0 direction=221 global_front=0 occupied=334 connection=166 min_dist=17 pre_shell=8 post_shell=4 tested_energy=4
[TEMPLATE DEBUG] camada candidata x: min=66.906828 max=66.906828 n=4
step=00345 species=  C N=00534 vac=0032 axis=x surf=yz Eads=-5.8833 eV P=5.539e-01 E=-4557.6880 eV hmax=41.834 A hmean=40.979 A rough=0.939 A occ1=0.600 tested=4
[TEMPLATE DEBUG] total=746 species_filter=0 restriction=0 direction=221 global_front=0 occupied=336 connection=164 min_dist=16 pre_shell=9 post_shell=4 tested_energy=4
[TEMPLATE DEBUG] camada candidata x: min=66.906828 max=66.906828 n=4
step=00346 species=  C N=00535 vac=0032 axis=x surf=yz Eads=-7.0562 eV P=9.999e-01 E=-4566.7114 eV hmax=41.910 A hmean=41.004 A rough=0.960 A occ1=0.600 tested=4
[TEMPLATE DEBUG] total=746 species_filter=0 restriction=0 direction=221 global_front=0 occupied=336 connection=164 min_dist=17 pre_shell=8 post_shell=3 tested_energy=3
[TEMPLATE DEBUG] camada candidata x: min=66.906828 max=66.906828 n=3
step=00347 species=  C N=00536 vac=0032 axis=x surf=yz Eads=-6.1738 eV P=1.000e+00 E=-4574.1279 eV hmax=41.910 A hmean=41.162 A rough=0.970 A occ1=0.600 tested=3
[TEMPLATE DEBUG] total=746 species_filter=0 restriction=0 direction=221 global_front=0 occupied=337 connection=163 min_dist=17 pre_shell=8 post_shell=2 tested_energy=2
[TEMPLATE DEBUG] camada candidata x: min=66.906828 max=66.906828 n=2
step=00348 species=  C N=00537 vac=0032 axis=x surf=yz Eads=-9.5474 eV P=1.000e+00 E=-4584.9141 eV hmax=41.910 A hmean=41.309 A rough=0.982 A occ1=0.600 tested=2
[TEMPLATE DEBUG] total=746 species_filter=0 restriction=0 direction=221 global_front=0 occupied=338 connection=162 min_dist=17 pre_shell=8 post_shell=1 tested_energy=1
[TEMPLATE DEBUG] camada candidata x: min=66.906828 max=66.906828 n=1
[INFO] impureza sorteada por --impurity: N no lugar de C.
step=00349 species=  N impurity=N intended=C N=00538 vac=0032 axis=x surf=yz Eads=-7.0552 eV P=1.000e+00 E=-4594.4746 eV hmax=41.937 A hmean=41.438 A rough=0.994 A occ1=0.600 tested=1
[TEMPLATE DEBUG] total=746 species_filter=0 restriction=0 direction=221 global_front=0 occupied=339 connection=161 min_dist=17 pre_shell=8 post_shell=8 tested_energy=8
[TEMPLATE DEBUG] camada candidata x: min=68.136584 max=68.136584 n=8
step=00350 species=  C N=00539 vac=0032 axis=x surf=yz Eads=-6.2993 eV P=9.805e-01 E=-4601.7949 eV hmax=42.977 A hmean=41.592 A rough=0.737 A occ1=0.600 tested=8
[TEMPLATE DEBUG] total=746 species_filter=0 restriction=0 direction=221 global_front=0 occupied=340 connection=159 min_dist=17 pre_shell=9 post_shell=8 tested_energy=8
[TEMPLATE DEBUG] camada candidata x: min=68.136584 max=68.136584 n=8
step=00351 species=  C N=00540 vac=0032 axis=x surf=yz Eads=-7.5195 eV P=1.000e+00 E=-4610.4453 eV hmax=43.077 A hmean=41.606 A rough=0.789 A occ1=0.600 tested=8
[TEMPLATE DEBUG] total=746 species_filter=0 restriction=0 direction=221 global_front=0 occupied=340 connection=158 min_dist=18 pre_shell=9 post_shell=7 tested_energy=7
[TEMPLATE DEBUG] camada candidata x: min=68.136584 max=68.136584 n=7
step=00352 species=  C N=00541 vac=0032 axis=x surf=yz Eads=-6.7856 eV P=1.000e+00 E=-4618.0693 eV hmax=43.077 A hmean=41.774 A rough=0.840 A occ1=0.600 tested=7
[TEMPLATE DEBUG] total=746 species_filter=0 restriction=0 direction=221 global_front=0 occupied=341 connection=157 min_dist=18 pre_shell=9 post_shell=6 tested_energy=6
[TEMPLATE DEBUG] camada candidata x: min=68.136584 max=68.136584 n=6
step=00353 species=  C N=00542 vac=0032 axis=x surf=yz Eads=-9.9517 eV P=1.000e+00 E=-4628.6714 eV hmax=43.077 A hmean=41.904 A rough=0.881 A occ1=0.600 tested=6
[TEMPLATE DEBUG] total=746 species_filter=0 restriction=0 direction=221 global_front=0 occupied=342 connection=156 min_dist=18 pre_shell=9 post_shell=5 tested_energy=5
[TEMPLATE DEBUG] camada candidata x: min=68.136584 max=68.136584 n=5
step=00354 species=  C N=00543 vac=0032 axis=x surf=yz Eads=-5.9941 eV P=5.044e-02 E=-4635.4331 eV hmax=43.077 A hmean=42.057 A rough=0.915 A occ1=0.600 tested=5
[TEMPLATE DEBUG] total=746 species_filter=0 restriction=0 direction=221 global_front=0 occupied=343 connection=155 min_dist=18 pre_shell=9 post_shell=4 tested_energy=4
[TEMPLATE DEBUG] camada candidata x: min=68.136584 max=68.136584 n=4
step=00355 species=  C N=00544 vac=0032 axis=x surf=yz Eads=-9.8745 eV P=1.000e+00 E=-4646.0137 eV hmax=43.077 A hmean=42.211 A rough=0.942 A occ1=0.600 tested=4
[TEMPLATE DEBUG] total=746 species_filter=0 restriction=0 direction=221 global_front=0 occupied=344 connection=154 min_dist=18 pre_shell=9 post_shell=3 tested_energy=3
[TEMPLATE DEBUG] camada candidata x: min=68.136584 max=68.136584 n=3
[INFO] vacância sorteada por --impurity em posição template; espécie que seria depositada: C.
[INFO] vacância frozen registrada no sítio template 585; esse sítio não poderá ser depositado novamente.
step=00356 species=vac impurity=vac intended=C N=00544 vac=0033 axis=x surf=yz Eads=+0.0000 eV P=9.986e-01 E=-4646.0137 eV hmax=43.077 A hmean=42.211 A rough=0.942 A occ1=0.600 tested=3
[TEMPLATE DEBUG] total=746 species_filter=0 restriction=0 direction=221 global_front=0 occupied=345 connection=154 min_dist=18 pre_shell=8 post_shell=2 tested_energy=2
[TEMPLATE DEBUG] camada candidata x: min=68.136584 max=68.136584 n=2
step=00357 species=  C N=00545 vac=0033 axis=x surf=yz Eads=-4.5552 eV P=1.000e+00 E=-4651.9287 eV hmax=43.077 A hmean=42.343 A rough=0.964 A occ1=0.600 tested=2
[TEMPLATE DEBUG] total=746 species_filter=0 restriction=0 direction=221 global_front=0 occupied=346 connection=153 min_dist=18 pre_shell=8 post_shell=1 tested_energy=1
[TEMPLATE DEBUG] camada candidata x: min=68.136584 max=68.136584 n=1
step=00358 species=  C N=00546 vac=0033 axis=x surf=yz Eads=-7.7671 eV P=1.000e+00 E=-4660.7036 eV hmax=43.077 A hmean=42.352 A rough=0.978 A occ1=0.600 tested=1
[TEMPLATE DEBUG] total=746 species_filter=0 restriction=0 direction=221 global_front=0 occupied=347 connection=152 min_dist=18 pre_shell=8 post_shell=8 tested_energy=8
[TEMPLATE DEBUG] camada candidata x: min=69.366340 max=69.366340 n=8
step=00359 species=  C N=00547 vac=0033 axis=x surf=yz Eads=-7.2402 eV P=1.000e+00 E=-4668.4326 eV hmax=44.219 A hmean=43.003 A rough=0.710 A occ1=0.600 tested=8
[TEMPLATE DEBUG] total=746 species_filter=0 restriction=0 direction=221 global_front=0 occupied=348 connection=150 min_dist=18 pre_shell=9 post_shell=8 tested_energy=8
[TEMPLATE DEBUG] camada candidata x: min=69.366340 max=69.366340 n=8
step=00360 species=  C N=00548 vac=0033 axis=x surf=yz Eads=-7.5693 eV P=1.000e+00 E=-4676.7070 eV hmax=44.298 A hmean=43.025 A rough=0.801 A occ1=0.600 tested=8
[TEMPLATE DEBUG] total=746 species_filter=0 restriction=0 direction=221 global_front=0 occupied=349 connection=148 min_dist=18 pre_shell=10 post_shell=1 tested_energy=1
[TEMPLATE DEBUG] camada candidata x: min=68.136584 max=68.136584 n=1
step=00361 species=  C N=00549 vac=0033 axis=x surf=yz Eads=-6.6216 eV P=1.000e+00 E=-4683.8032 eV hmax=44.246 A hmean=43.027 A rough=0.785 A occ1=0.600 tested=1
[TEMPLATE DEBUG] total=746 species_filter=0 restriction=0 direction=221 global_front=0 occupied=350 connection=147 min_dist=18 pre_shell=10 post_shell=1 tested_energy=1
[TEMPLATE DEBUG] camada candidata x: min=66.906828 max=66.906828 n=1
step=00362 species=  C N=00550 vac=0033 axis=x surf=yz Eads=-6.6128 eV P=1.000e+00 E=-4692.5146 eV hmax=44.259 A hmean=43.038 A rough=0.788 A occ1=0.600 tested=1
[TEMPLATE DEBUG] total=746 species_filter=0 restriction=0 direction=221 global_front=0 occupied=350 connection=147 min_dist=19 pre_shell=9 post_shell=7 tested_energy=7
[TEMPLATE DEBUG] camada candidata x: min=69.366340 max=69.366340 n=7
[INFO] impureza sorteada por --impurity: N no lugar de C.
step=00363 species=  N impurity=N intended=C N=00551 vac=0033 axis=x surf=yz Eads=-6.6714 eV P=8.577e-01 E=-4700.2974 eV hmax=44.259 A hmean=43.188 A rough=0.846 A occ1=0.600 tested=7
[TEMPLATE DEBUG] total=746 species_filter=0 restriction=0 direction=221 global_front=0 occupied=351 connection=146 min_dist=19 pre_shell=9 post_shell=6 tested_energy=6
[TEMPLATE DEBUG] camada candidata x: min=69.366340 max=69.366340 n=6
[INFO] impureza sorteada por --impurity: N no lugar de C.
step=00364 species=  N impurity=N intended=C N=00552 vac=0033 axis=x surf=yz Eads=-10.4932 eV P=1.000e+00 E=-4711.5972 eV hmax=44.259 A hmean=43.190 A rough=0.890 A occ1=0.600 tested=6
[TEMPLATE DEBUG] total=746 species_filter=0 restriction=0 direction=221 global_front=0 occupied=352 connection=145 min_dist=19 pre_shell=9 post_shell=5 tested_energy=5
[TEMPLATE DEBUG] camada candidata x: min=69.366340 max=69.366340 n=5
step=00365 species=  C N=00553 vac=0033 axis=x surf=yz Eads=-6.7544 eV P=9.993e-01 E=-4718.8306 eV hmax=44.259 A hmean=43.338 A rough=0.919 A occ1=0.600 tested=5
[TEMPLATE DEBUG] total=746 species_filter=0 restriction=0 direction=221 global_front=0 occupied=353 connection=143 min_dist=19 pre_shell=10 post_shell=5 tested_energy=5
[TEMPLATE DEBUG] camada candidata x: min=69.366340 max=69.366340 n=5
step=00366 species=  C N=00554 vac=0033 axis=x surf=yz Eads=-6.4429 eV P=9.987e-01 E=-4725.7910 eV hmax=44.259 A hmean=43.495 A rough=0.947 A occ1=0.600 tested=5
[TEMPLATE DEBUG] total=746 species_filter=0 restriction=0 direction=221 global_front=0 occupied=354 connection=141 min_dist=19 pre_shell=11 post_shell=5 tested_energy=5
[TEMPLATE DEBUG] camada candidata x: min=69.366340 max=69.366340 n=5
step=00367 species=  C N=00555 vac=0033 axis=x surf=yz Eads=-7.6523 eV P=1.000e+00 E=-4734.2241 eV hmax=44.333 A hmean=43.806 A rough=0.973 A occ1=0.600 tested=5
[TEMPLATE DEBUG] total=746 species_filter=0 restriction=0 direction=221 global_front=0 occupied=355 connection=140 min_dist=19 pre_shell=11 post_shell=4 tested_energy=4
[TEMPLATE DEBUG] camada candidata x: min=69.366340 max=69.366340 n=4
step=00368 species=  C N=00556 vac=0033 axis=x surf=yz Eads=-6.1548 eV P=1.000e+00 E=-4741.0425 eV hmax=44.333 A hmean=43.960 A rough=0.988 A occ1=0.600 tested=4
[TEMPLATE DEBUG] total=746 species_filter=0 restriction=0 direction=221 global_front=0 occupied=356 connection=139 min_dist=20 pre_shell=10 post_shell=2 tested_energy=2
[TEMPLATE DEBUG] camada candidata x: min=69.366340 max=69.366340 n=2
step=00369 species=  C N=00557 vac=0033 axis=x surf=yz Eads=-6.9058 eV P=1.000e+00 E=-4748.5835 eV hmax=44.333 A hmean=44.120 A rough=1.001 A occ1=0.600 tested=2
[TEMPLATE DEBUG] total=746 species_filter=0 restriction=0 direction=221 global_front=0 occupied=357 connection=138 min_dist=20 pre_shell=10 post_shell=1 tested_energy=1
[TEMPLATE DEBUG] camada candidata x: min=69.366340 max=69.366340 n=1
step=00370 species=  C N=00558 vac=0033 axis=x surf=yz Eads=-8.8989 eV P=1.000e+00 E=-4758.7563 eV hmax=44.333 A hmean=44.200 A rough=1.006 A occ1=0.600 tested=1
[TEMPLATE DEBUG] total=746 species_filter=0 restriction=0 direction=221 global_front=0 occupied=358 connection=137 min_dist=20 pre_shell=10 post_shell=10 tested_energy=10
[TEMPLATE DEBUG] camada candidata x: min=70.596096 max=70.596096 n=10
[INFO] vacância sorteada por --impurity em posição template; espécie que seria depositada: C.
[INFO] vacância frozen registrada no sítio template 606; esse sítio não poderá ser depositado novamente.
step=00371 species=vac impurity=vac intended=C N=00558 vac=0034 axis=x surf=yz Eads=+0.0000 eV P=1.000e+00 E=-4758.7563 eV hmax=44.333 A hmean=44.200 A rough=1.006 A occ1=0.600 tested=10
[TEMPLATE DEBUG] total=746 species_filter=0 restriction=0 direction=221 global_front=0 occupied=359 connection=137 min_dist=20 pre_shell=9 post_shell=9 tested_energy=9
[TEMPLATE DEBUG] camada candidata x: min=70.596096 max=70.596096 n=9
step=00372 species=  C N=00559 vac=0034 axis=x surf=yz Eads=-7.0435 eV P=9.333e-01 E=-4766.7402 eV hmax=45.426 A hmean=44.353 A rough=0.685 A occ1=0.600 tested=9
[TEMPLATE DEBUG] total=746 species_filter=0 restriction=0 direction=221 global_front=0 occupied=360 connection=136 min_dist=19 pre_shell=10 post_shell=1 tested_energy=1
[TEMPLATE DEBUG] camada candidata x: min=69.366340 max=69.366340 n=1
[INFO] impureza sorteada por --impurity: N no lugar de C.
step=00373 species=  N impurity=N intended=C N=00560 vac=0034 axis=x surf=yz Eads=-6.6475 eV P=1.000e+00 E=-4777.4976 eV hmax=45.538 A hmean=44.393 A rough=0.700 A occ1=0.600 tested=1
[TEMPLATE DEBUG] total=746 species_filter=0 restriction=0 direction=221 global_front=0 occupied=361 connection=136 min_dist=19 pre_shell=9 post_shell=8 tested_energy=8
[TEMPLATE DEBUG] camada candidata x: min=70.596096 max=70.596096 n=8
step=00374 species=  C N=00561 vac=0034 axis=x surf=yz Eads=-8.9307 eV P=1.000e+00 E=-4787.6860 eV hmax=45.469 A hmean=44.395 A rough=0.751 A occ1=0.600 tested=8
[TEMPLATE DEBUG] total=746 species_filter=0 restriction=0 direction=221 global_front=0 occupied=362 connection=135 min_dist=19 pre_shell=9 post_shell=7 tested_energy=7
[TEMPLATE DEBUG] camada candidata x: min=70.596096 max=70.596096 n=7
step=00375 species=  C N=00562 vac=0034 axis=x surf=yz Eads=-6.6392 eV P=1.000e+00 E=-4796.1499 eV hmax=45.469 A hmean=44.523 A rough=0.817 A occ1=0.600 tested=7
[TEMPLATE DEBUG] total=746 species_filter=0 restriction=0 direction=221 global_front=0 occupied=363 connection=134 min_dist=19 pre_shell=9 post_shell=6 tested_energy=6
[TEMPLATE DEBUG] camada candidata x: min=70.596096 max=70.596096 n=6
step=00376 species=  C N=00563 vac=0034 axis=x surf=yz Eads=-6.1890 eV P=9.967e-01 E=-4802.8760 eV hmax=45.469 A hmean=44.687 A rough=0.861 A occ1=0.600 tested=6
[TEMPLATE DEBUG] total=746 species_filter=0 restriction=0 direction=221 global_front=0 occupied=364 connection=133 min_dist=19 pre_shell=9 post_shell=5 tested_energy=5
[TEMPLATE DEBUG] camada candidata x: min=70.596096 max=70.596096 n=5
[INFO] vacância sorteada por --impurity em posição template; espécie que seria depositada: C.
[INFO] vacância frozen registrada no sítio template 601; esse sítio não poderá ser depositado novamente.
step=00377 species=vac impurity=vac intended=C N=00563 vac=0035 axis=x surf=yz Eads=+0.0000 eV P=1.000e+00 E=-4802.8760 eV hmax=45.469 A hmean=44.687 A rough=0.861 A occ1=0.600 tested=5
[TEMPLATE DEBUG] total=746 species_filter=0 restriction=0 direction=221 global_front=0 occupied=365 connection=133 min_dist=19 pre_shell=8 post_shell=4 tested_energy=4
[TEMPLATE DEBUG] camada candidata x: min=70.596096 max=70.596096 n=4
step=00378 species=  C N=00564 vac=0035 axis=x surf=yz Eads=-6.7188 eV P=1.000e+00 E=-4810.2256 eV hmax=45.469 A hmean=44.845 A rough=0.888 A occ1=0.600 tested=4
[TEMPLATE DEBUG] total=746 species_filter=0 restriction=0 direction=221 global_front=0 occupied=366 connection=132 min_dist=19 pre_shell=8 post_shell=3 tested_energy=3
[TEMPLATE DEBUG] camada candidata x: min=70.596096 max=70.596096 n=3
step=00379 species=  C N=00565 vac=0035 axis=x surf=yz Eads=-8.7041 eV P=1.000e+00 E=-4822.9497 eV hmax=45.469 A hmean=44.801 A rough=0.897 A occ1=0.600 tested=3
[TEMPLATE DEBUG] total=746 species_filter=0 restriction=0 direction=221 global_front=0 occupied=366 connection=132 min_dist=19 pre_shell=8 post_shell=3 tested_energy=3
[TEMPLATE DEBUG] camada candidata x: min=70.596096 max=70.596096 n=3
[INFO] vacância sorteada por --impurity em posição template; espécie que seria depositada: C.
[INFO] vacância frozen registrada no sítio template 603; esse sítio não poderá ser depositado novamente.
step=00380 species=vac impurity=vac intended=C N=00565 vac=0036 axis=x surf=yz Eads=+0.0000 eV P=1.000e+00 E=-4822.9497 eV hmax=45.469 A hmean=44.801 A rough=0.897 A occ1=0.600 tested=3
[TEMPLATE DEBUG] total=746 species_filter=0 restriction=0 direction=221 global_front=0 occupied=367 connection=132 min_dist=19 pre_shell=7 post_shell=2 tested_energy=2
[TEMPLATE DEBUG] camada candidata x: min=70.596096 max=70.596096 n=2
step=00381 species=  C N=00566 vac=0036 axis=x surf=yz Eads=-4.9976 eV P=1.000e+00 E=-4829.5791 eV hmax=45.469 A hmean=44.958 A rough=0.913 A occ1=0.600 tested=2
[TEMPLATE DEBUG] total=746 species_filter=0 restriction=0 direction=221 global_front=0 occupied=368 connection=131 min_dist=19 pre_shell=7 post_shell=1 tested_energy=1
[TEMPLATE DEBUG] camada candidata x: min=70.596096 max=70.596096 n=1
step=00382 species=  C N=00567 vac=0036 axis=x surf=yz Eads=-0.9590 eV P=1.000e+00 E=-4835.3804 eV hmax=45.611 A hmean=45.101 A rough=0.935 A occ1=0.600 tested=1
[TEMPLATE DEBUG] total=746 species_filter=0 restriction=0 direction=221 global_front=0 occupied=369 connection=130 min_dist=19 pre_shell=7 post_shell=7 tested_energy=7
[TEMPLATE DEBUG] camada candidata x: min=71.825852 max=71.825852 n=7
step=00383 species=  C N=00568 vac=0036 axis=x surf=yz Eads=-7.3779 eV P=9.594e-01 E=-4843.6816 eV hmax=46.669 A hmean=45.263 A rough=0.683 A occ1=0.600 tested=7
[TEMPLATE DEBUG] total=746 species_filter=0 restriction=0 direction=221 global_front=0 occupied=370 connection=128 min_dist=19 pre_shell=8 post_shell=7 tested_energy=7
[TEMPLATE DEBUG] camada candidata x: min=71.825852 max=71.825852 n=7
step=00384 species=  C N=00569 vac=0036 axis=x surf=yz Eads=-7.2417 eV P=9.999e-01 E=-4851.7705 eV hmax=46.669 A hmean=45.419 A rough=0.772 A occ1=0.600 tested=7
[TEMPLATE DEBUG] total=746 species_filter=0 restriction=0 direction=221 global_front=0 occupied=371 connection=127 min_dist=19 pre_shell=8 post_shell=6 tested_energy=6
[TEMPLATE DEBUG] camada candidata x: min=71.825852 max=71.825852 n=6
step=00385 species=  C N=00570 vac=0036 axis=x surf=yz Eads=-9.4434 eV P=1.000e+00 E=-4861.8320 eV hmax=46.705 A hmean=45.568 A rough=0.840 A occ1=0.600 tested=6
[TEMPLATE DEBUG] total=746 species_filter=0 restriction=0 direction=221 global_front=0 occupied=372 connection=126 min_dist=19 pre_shell=8 post_shell=5 tested_energy=5
[TEMPLATE DEBUG] camada candidata x: min=71.825852 max=71.825852 n=5
step=00386 species=  C N=00571 vac=0036 axis=x surf=yz Eads=-7.4092 eV P=1.000e+00 E=-4872.1372 eV hmax=46.669 A hmean=45.692 A rough=0.869 A occ1=0.600 tested=5
[TEMPLATE DEBUG] total=746 species_filter=0 restriction=0 direction=221 global_front=0 occupied=372 connection=126 min_dist=21 pre_shell=6 post_shell=3 tested_energy=3
[TEMPLATE DEBUG] camada candidata x: min=71.825852 max=71.825852 n=3
step=00387 species=  C N=00572 vac=0036 axis=x surf=yz Eads=-6.5757 eV P=1.000e+00 E=-4881.6079 eV hmax=46.644 A hmean=45.850 A rough=0.897 A occ1=0.600 tested=3
[TEMPLATE DEBUG] total=746 species_filter=0 restriction=0 direction=221 global_front=0 occupied=373 connection=125 min_dist=20 pre_shell=7 post_shell=3 tested_energy=3
[TEMPLATE DEBUG] camada candidata x: min=71.825852 max=71.825852 n=3
step=00388 species=  C N=00573 vac=0036 axis=x surf=yz Eads=-5.9204 eV P=9.998e-01 E=-4887.9473 eV hmax=46.709 A hmean=46.005 A rough=0.932 A occ1=0.600 tested=3
[TEMPLATE DEBUG] total=746 species_filter=0 restriction=0 direction=221 global_front=0 occupied=374 connection=123 min_dist=20 pre_shell=8 post_shell=3 tested_energy=3
[TEMPLATE DEBUG] camada candidata x: min=71.825852 max=71.825852 n=3
step=00389 species=  C N=00574 vac=0036 axis=x surf=yz Eads=-6.5850 eV P=1.000e+00 E=-4895.0762 eV hmax=46.707 A hmean=46.312 A rough=0.959 A occ1=0.600 tested=3
[TEMPLATE DEBUG] total=746 species_filter=0 restriction=0 direction=221 global_front=0 occupied=375 connection=121 min_dist=20 pre_shell=9 post_shell=3 tested_energy=3
[TEMPLATE DEBUG] camada candidata x: min=71.825852 max=71.825852 n=3
step=00390 species=  C N=00575 vac=0036 axis=x surf=yz Eads=-7.6060 eV P=1.000e+00 E=-4903.3242 eV hmax=46.770 A hmean=46.326 A rough=0.980 A occ1=0.600 tested=3
[TEMPLATE DEBUG] total=746 species_filter=0 restriction=0 direction=221 global_front=0 occupied=376 connection=120 min_dist=20 pre_shell=9 post_shell=2 tested_energy=2
[TEMPLATE DEBUG] camada candidata x: min=71.825852 max=71.825852 n=2
step=00391 species=  C N=00576 vac=0036 axis=x surf=yz Eads=-5.9868 eV P=1.000e+00 E=-4911.2910 eV hmax=46.777 A hmean=46.623 A rough=0.998 A occ1=0.600 tested=2
[TEMPLATE DEBUG] total=746 species_filter=0 restriction=0 direction=221 global_front=0 occupied=377 connection=119 min_dist=20 pre_shell=9 post_shell=2 tested_energy=2
[TEMPLATE DEBUG] camada candidata x: min=71.825852 max=71.825852 n=2
step=00392 species=  C N=00577 vac=0036 axis=x surf=yz Eads=-7.8403 eV P=1.000e+00 E=-4919.3936 eV hmax=46.831 A hmean=46.623 A rough=1.015 A occ1=0.600 tested=2
[TEMPLATE DEBUG] total=746 species_filter=0 restriction=0 direction=221 global_front=0 occupied=378 connection=118 min_dist=20 pre_shell=9 post_shell=1 tested_energy=1
[TEMPLATE DEBUG] camada candidata x: min=71.825852 max=71.825852 n=1
step=00393 species=  C N=00578 vac=0036 axis=x surf=yz Eads=-1.5356 eV P=1.000e+00 E=-4926.9155 eV hmax=46.857 A hmean=46.703 A rough=1.034 A occ1=0.600 tested=1
[TEMPLATE DEBUG] total=746 species_filter=0 restriction=0 direction=221 global_front=0 occupied=379 connection=117 min_dist=20 pre_shell=9 post_shell=9 tested_energy=9
[TEMPLATE DEBUG] camada candidata x: min=73.055608 max=73.055608 n=9
step=00394 species=  C N=00579 vac=0036 axis=x surf=yz Eads=-7.4937 eV P=8.349e-01 E=-4934.9019 eV hmax=47.923 A hmean=46.842 A rough=0.700 A occ1=0.600 tested=9
[TEMPLATE DEBUG] total=746 species_filter=0 restriction=0 direction=221 global_front=0 occupied=380 connection=116 min_dist=20 pre_shell=9 post_shell=8 tested_energy=8
[TEMPLATE DEBUG] camada candidata x: min=73.055608 max=73.055608 n=8
[INFO] impureza sorteada por --impurity: N no lugar de C.
step=00395 species=  N impurity=N intended=C N=00580 vac=0036 axis=x surf=yz Eads=-10.8433 eV P=1.000e+00 E=-4946.4766 eV hmax=47.935 A hmean=47.006 A rough=0.773 A occ1=0.600 tested=8
[TEMPLATE DEBUG] total=746 species_filter=0 restriction=0 direction=221 global_front=0 occupied=381 connection=115 min_dist=20 pre_shell=9 post_shell=7 tested_energy=7
[TEMPLATE DEBUG] camada candidata x: min=73.055608 max=73.055608 n=7
[INFO] impureza sorteada por --impurity: N no lugar de C.
step=00396 species=  N impurity=N intended=C N=00581 vac=0036 axis=x surf=yz Eads=-8.5679 eV P=1.000e+00 E=-4956.0361 eV hmax=47.935 A hmean=47.151 A rough=0.826 A occ1=0.600 tested=7
[TEMPLATE DEBUG] total=746 species_filter=0 restriction=0 direction=221 global_front=0 occupied=382 connection=114 min_dist=20 pre_shell=9 post_shell=6 tested_energy=6
[TEMPLATE DEBUG] camada candidata x: min=73.055608 max=73.055608 n=6
step=00397 species=  C N=00582 vac=0036 axis=x surf=yz Eads=-9.0747 eV P=1.000e+00 E=-4966.0283 eV hmax=47.935 A hmean=47.192 A rough=0.868 A occ1=0.600 tested=6
[TEMPLATE DEBUG] total=746 species_filter=0 restriction=0 direction=221 global_front=0 occupied=383 connection=113 min_dist=20 pre_shell=9 post_shell=5 tested_energy=5
[TEMPLATE DEBUG] camada candidata x: min=73.055608 max=73.055608 n=5
step=00398 species=  C N=00583 vac=0036 axis=x surf=yz Eads=-7.3887 eV P=1.000e+00 E=-4976.1680 eV hmax=47.935 A hmean=47.315 A rough=0.890 A occ1=0.600 tested=5
[TEMPLATE DEBUG] total=746 species_filter=0 restriction=0 direction=221 global_front=0 occupied=385 connection=112 min_dist=20 pre_shell=8 post_shell=4 tested_energy=4
[TEMPLATE DEBUG] camada candidata x: min=73.055608 max=73.055608 n=4
step=00399 species=  C N=00584 vac=0036 axis=x surf=yz Eads=-6.9497 eV P=1.000e+00 E=-4983.8594 eV hmax=47.919 A hmean=47.469 A rough=0.905 A occ1=0.600 tested=4
[TEMPLATE DEBUG] total=746 species_filter=0 restriction=0 direction=221 global_front=0 occupied=386 connection=111 min_dist=20 pre_shell=8 post_shell=3 tested_energy=3
[TEMPLATE DEBUG] camada candidata x: min=73.055608 max=73.055608 n=3
step=00400 species=  C N=00585 vac=0036 axis=x surf=yz Eads=-10.5308 eV P=1.000e+00 E=-4996.3442 eV hmax=47.919 A hmean=47.449 A rough=0.909 A occ1=0.600 tested=3
[TEMPLATE DEBUG] total=746 species_filter=0 restriction=0 direction=221 global_front=0 occupied=386 connection=110 min_dist=21 pre_shell=8 post_shell=2 tested_energy=2
[TEMPLATE DEBUG] camada candidata x: min=73.055608 max=73.055608 n=2
step=00401 species=  C N=00586 vac=0036 axis=x surf=yz Eads=-5.6069 eV P=1.000e+00 E=-5002.4746 eV hmax=48.003 A hmean=47.507 A rough=0.933 A occ1=0.600 tested=2
[TEMPLATE DEBUG] total=746 species_filter=0 restriction=0 direction=221 global_front=0 occupied=387 connection=109 min_dist=21 pre_shell=8 post_shell=1 tested_energy=1
[TEMPLATE DEBUG] camada candidata x: min=73.055608 max=73.055608 n=1
step=00402 species=  C N=00587 vac=0036 axis=x surf=yz Eads=-8.4912 eV P=1.000e+00 E=-5012.3638 eV hmax=47.994 A hmean=47.502 A rough=0.942 A occ1=0.600 tested=1
[TEMPLATE DEBUG] total=746 species_filter=0 restriction=0 direction=221 global_front=0 occupied=388 connection=108 min_dist=21 pre_shell=8 post_shell=8 tested_energy=8
[TEMPLATE DEBUG] camada candidata x: min=74.285364 max=74.285364 n=8
step=00403 species=  C N=00588 vac=0036 axis=x surf=yz Eads=-6.4971 eV P=9.450e-01 E=-5019.5747 eV hmax=49.175 A hmean=47.775 A rough=0.672 A occ1=0.600 tested=8
[TEMPLATE DEBUG] total=746 species_filter=0 restriction=0 direction=221 global_front=0 occupied=389 connection=106 min_dist=21 pre_shell=9 post_shell=8 tested_energy=8
[TEMPLATE DEBUG] camada candidata x: min=74.285364 max=74.285364 n=8
step=00404 species=  C N=00589 vac=0036 axis=x surf=yz Eads=-8.0889 eV P=1.000e+00 E=-5028.6704 eV hmax=49.172 A hmean=47.972 A rough=0.753 A occ1=0.600 tested=8
[TEMPLATE DEBUG] total=746 species_filter=0 restriction=0 direction=221 global_front=0 occupied=390 connection=105 min_dist=21 pre_shell=9 post_shell=7 tested_energy=7
[TEMPLATE DEBUG] camada candidata x: min=74.285364 max=74.285364 n=7
[INFO] vacância sorteada por --impurity em posição template; espécie que seria depositada: C.
[INFO] vacância frozen registrada no sítio template 640; esse sítio não poderá ser depositado novamente.
step=00405 species=vac impurity=vac intended=C N=00589 vac=0037 axis=x surf=yz Eads=+0.0000 eV P=9.997e-01 E=-5028.6704 eV hmax=49.172 A hmean=47.972 A rough=0.753 A occ1=0.600 tested=7
[TEMPLATE DEBUG] total=746 species_filter=0 restriction=0 direction=221 global_front=0 occupied=391 connection=105 min_dist=21 pre_shell=8 post_shell=6 tested_energy=6
[TEMPLATE DEBUG] camada candidata x: min=74.285364 max=74.285364 n=6
step=00406 species=  C N=00590 vac=0037 axis=x surf=yz Eads=-6.0234 eV P=9.998e-01 E=-5035.0908 eV hmax=49.184 A hmean=48.128 A rough=0.819 A occ1=0.600 tested=6
[TEMPLATE DEBUG] total=746 species_filter=0 restriction=0 direction=221 global_front=0 occupied=392 connection=104 min_dist=21 pre_shell=8 post_shell=5 tested_energy=5
[TEMPLATE DEBUG] camada candidata x: min=74.285364 max=74.285364 n=5
[INFO] vacância sorteada por --impurity em posição template; espécie que seria depositada: C.
[INFO] vacância frozen registrada no sítio template 637; esse sítio não poderá ser depositado novamente.
step=00407 species=vac impurity=vac intended=C N=00590 vac=0038 axis=x surf=yz Eads=+0.0000 eV P=1.000e+00 E=-5035.0908 eV hmax=49.184 A hmean=48.128 A rough=0.819 A occ1=0.600 tested=5
[TEMPLATE DEBUG] total=746 species_filter=0 restriction=0 direction=221 global_front=0 occupied=393 connection=104 min_dist=21 pre_shell=7 post_shell=4 tested_energy=4
[TEMPLATE DEBUG] camada candidata x: min=74.285364 max=74.285364 n=4
step=00408 species=  C N=00591 vac=0038 axis=x surf=yz Eads=-5.6543 eV P=8.928e-01 E=-5041.4287 eV hmax=49.184 A hmean=48.289 A rough=0.871 A occ1=0.600 tested=4
[TEMPLATE DEBUG] total=746 species_filter=0 restriction=0 direction=221 global_front=0 occupied=394 connection=103 min_dist=21 pre_shell=7 post_shell=3 tested_energy=3
[TEMPLATE DEBUG] camada candidata x: min=74.285364 max=74.285364 n=3
step=00409 species=  C N=00592 vac=0038 axis=x surf=yz Eads=-8.5435 eV P=1.000e+00 E=-5050.7305 eV hmax=49.184 A hmean=48.441 A rough=0.903 A occ1=0.600 tested=3
[TEMPLATE DEBUG] total=746 species_filter=0 restriction=0 direction=221 global_front=0 occupied=395 connection=102 min_dist=21 pre_shell=7 post_shell=2 tested_energy=2
[TEMPLATE DEBUG] camada candidata x: min=74.285364 max=74.285364 n=2
step=00410 species=  C N=00593 vac=0038 axis=x surf=yz Eads=-6.6318 eV P=1.000e+00 E=-5057.9268 eV hmax=49.184 A hmean=48.733 A rough=0.932 A occ1=0.600 tested=2
[TEMPLATE DEBUG] total=746 species_filter=0 restriction=0 direction=221 global_front=0 occupied=396 connection=100 min_dist=21 pre_shell=8 post_shell=2 tested_energy=2
[TEMPLATE DEBUG] camada candidata x: min=74.285364 max=74.285364 n=2
step=00411 species=  C N=00594 vac=0038 axis=x surf=yz Eads=-7.3584 eV P=1.000e+00 E=-5065.9805 eV hmax=49.260 A hmean=48.737 A rough=0.954 A occ1=0.600 tested=2
[TEMPLATE DEBUG] total=746 species_filter=0 restriction=0 direction=221 global_front=0 occupied=397 connection=99 min_dist=21 pre_shell=8 post_shell=1 tested_energy=1
[TEMPLATE DEBUG] camada candidata x: min=74.285364 max=74.285364 n=1
step=00412 species=  C N=00595 vac=0038 axis=x surf=yz Eads=-5.6846 eV P=1.000e+00 E=-5072.5039 eV hmax=49.260 A hmean=48.996 A rough=0.969 A occ1=0.600 tested=1
[TEMPLATE DEBUG] total=746 species_filter=0 restriction=0 direction=221 global_front=0 occupied=398 connection=97 min_dist=21 pre_shell=9 post_shell=1 tested_energy=1
[TEMPLATE DEBUG] camada candidata x: min=74.285364 max=74.285364 n=1
step=00413 species=  C N=00596 vac=0038 axis=x surf=yz Eads=-7.7236 eV P=1.000e+00 E=-5080.8379 eV hmax=49.260 A hmean=49.010 A rough=0.989 A occ1=0.600 tested=1
[TEMPLATE DEBUG] total=746 species_filter=0 restriction=0 direction=221 global_front=0 occupied=399 connection=97 min_dist=21 pre_shell=8 post_shell=8 tested_energy=8
[TEMPLATE DEBUG] camada candidata x: min=75.515120 max=75.515120 n=8
[INFO] impureza sorteada por --impurity: N no lugar de C.
step=00414 species=  N impurity=N intended=C N=00597 vac=0038 axis=x surf=yz Eads=-9.4419 eV P=9.997e-01 E=-5091.7476 eV hmax=50.375 A hmean=49.323 A rough=0.731 A occ1=0.600 tested=8
[TEMPLATE DEBUG] total=746 species_filter=0 restriction=0 direction=221 global_front=0 occupied=400 connection=95 min_dist=21 pre_shell=9 post_shell=8 tested_energy=8
[TEMPLATE DEBUG] camada candidata x: min=75.515120 max=75.515120 n=8
step=00415 species=  C N=00598 vac=0038 axis=x surf=yz Eads=-7.4805 eV P=1.000e+00 E=-5102.8496 eV hmax=50.375 A hmean=49.497 A rough=0.806 A occ1=0.600 tested=8
[TEMPLATE DEBUG] total=746 species_filter=0 restriction=0 direction=221 global_front=0 occupied=401 connection=95 min_dist=21 pre_shell=8 post_shell=6 tested_energy=6
[TEMPLATE DEBUG] camada candidata x: min=75.515120 max=75.515120 n=6
step=00416 species=  C N=00599 vac=0038 axis=x surf=yz Eads=-5.8384 eV P=2.713e-01 E=-5109.3618 eV hmax=50.375 A hmean=49.663 A rough=0.864 A occ1=0.600 tested=6
[TEMPLATE DEBUG] total=746 species_filter=0 restriction=0 direction=221 global_front=0 occupied=402 connection=94 min_dist=21 pre_shell=8 post_shell=5 tested_energy=5
[TEMPLATE DEBUG] camada candidata x: min=75.515120 max=75.515120 n=5
[INFO] impureza sorteada por --impurity: N no lugar de C.
step=00417 species=  N impurity=N intended=C N=00600 vac=0038 axis=x surf=yz Eads=-10.9058 eV P=1.000e+00 E=-5121.3462 eV hmax=50.434 A hmean=49.801 A rough=0.907 A occ1=0.600 tested=5
[TEMPLATE DEBUG] total=746 species_filter=0 restriction=0 direction=221 global_front=0 occupied=403 connection=93 min_dist=21 pre_shell=8 post_shell=4 tested_energy=4
[TEMPLATE DEBUG] camada candidata x: min=75.515120 max=75.515120 n=4
step=00418 species=  C N=00601 vac=0038 axis=x surf=yz Eads=-6.9434 eV P=1.000e+00 E=-5128.8496 eV hmax=50.434 A hmean=49.960 A rough=0.938 A occ1=0.600 tested=4
[TEMPLATE DEBUG] total=746 species_filter=0 restriction=0 direction=221 global_front=0 occupied=404 connection=92 min_dist=21 pre_shell=8 post_shell=3 tested_energy=3
[TEMPLATE DEBUG] camada candidata x: min=75.515120 max=75.515120 n=3
step=00419 species=  C N=00602 vac=0038 axis=x surf=yz Eads=-9.6782 eV P=1.000e+00 E=-5140.1074 eV hmax=50.434 A hmean=49.934 A rough=0.950 A occ1=0.600 tested=3
[TEMPLATE DEBUG] total=746 species_filter=0 restriction=0 direction=221 global_front=0 occupied=404 connection=92 min_dist=22 pre_shell=7 post_shell=2 tested_energy=2
[TEMPLATE DEBUG] camada candidata x: min=75.515120 max=75.515120 n=2
step=00420 species=  C N=00603 vac=0038 axis=x surf=yz Eads=-5.2915 eV P=1.000e+00 E=-5148.7334 eV hmax=50.466 A hmean=49.927 A rough=0.954 A occ1=0.600 tested=2
[TEMPLATE DEBUG] total=746 species_filter=0 restriction=0 direction=221 global_front=0 occupied=404 connection=91 min_dist=23 pre_shell=7 post_shell=1 tested_energy=1
[TEMPLATE DEBUG] camada candidata x: min=75.515120 max=75.515120 n=1
[INFO] vacância sorteada por --impurity em posição template; espécie que seria depositada: C.
[INFO] vacância frozen registrada no sítio template 648; esse sítio não poderá ser depositado novamente.
step=00421 species=vac impurity=vac intended=C N=00603 vac=0039 axis=x surf=yz Eads=+0.0000 eV P=1.000e+00 E=-5148.7334 eV hmax=50.466 A hmean=49.927 A rough=0.954 A occ1=0.600 tested=1
[TEMPLATE DEBUG] total=746 species_filter=0 restriction=0 direction=221 global_front=0 occupied=405 connection=91 min_dist=23 pre_shell=6 post_shell=6 tested_energy=6
[TEMPLATE DEBUG] camada candidata x: min=76.744877 max=76.744877 n=6
step=00422 species=  C N=00604 vac=0039 axis=x surf=yz Eads=-6.1812 eV P=6.184e-01 E=-5155.3828 eV hmax=51.623 A hmean=50.166 A rough=0.702 A occ1=0.600 tested=6
[TEMPLATE DEBUG] total=746 species_filter=0 restriction=0 direction=221 global_front=0 occupied=406 connection=89 min_dist=23 pre_shell=7 post_shell=6 tested_energy=6
[TEMPLATE DEBUG] camada candidata x: min=76.744877 max=76.744877 n=6
step=00423 species=  C N=00605 vac=0039 axis=x surf=yz Eads=-8.0874 eV P=1.000e+00 E=-5163.9482 eV hmax=51.645 A hmean=50.175 A rough=0.793 A occ1=0.600 tested=6
[TEMPLATE DEBUG] total=746 species_filter=0 restriction=0 direction=221 global_front=0 occupied=406 connection=88 min_dist=24 pre_shell=7 post_shell=5 tested_energy=5
[TEMPLATE DEBUG] camada candidata x: min=76.744877 max=76.744877 n=5
[INFO] vacância sorteada por --impurity em posição template; espécie que seria depositada: C.
[INFO] vacância frozen registrada no sítio template 656; esse sítio não poderá ser depositado novamente.
step=00424 species=vac impurity=vac intended=C N=00605 vac=0040 axis=x surf=yz Eads=+0.0000 eV P=1.000e+00 E=-5163.9482 eV hmax=51.645 A hmean=50.175 A rough=0.793 A occ1=0.600 tested=5
[TEMPLATE DEBUG] total=746 species_filter=0 restriction=0 direction=221 global_front=0 occupied=407 connection=88 min_dist=24 pre_shell=6 post_shell=4 tested_energy=4
[TEMPLATE DEBUG] camada candidata x: min=76.744877 max=76.744877 n=4
step=00425 species=  C N=00606 vac=0040 axis=x surf=yz Eads=-6.0796 eV P=9.941e-01 E=-5171.6621 eV hmax=51.645 A hmean=50.321 A rough=0.853 A occ1=0.600 tested=4
[TEMPLATE DEBUG] total=746 species_filter=0 restriction=0 direction=221 global_front=0 occupied=408 connection=87 min_dist=24 pre_shell=6 post_shell=3 tested_energy=3
[TEMPLATE DEBUG] camada candidata x: min=76.744877 max=76.744877 n=3
step=00426 species=  C N=00607 vac=0040 axis=x surf=yz Eads=-5.7515 eV P=1.000e+00 E=-5178.5591 eV hmax=51.654 A hmean=50.488 A rough=0.910 A occ1=0.600 tested=3
[TEMPLATE DEBUG] total=746 species_filter=0 restriction=0 direction=221 global_front=0 occupied=409 connection=85 min_dist=25 pre_shell=6 post_shell=2 tested_energy=2
[TEMPLATE DEBUG] camada candidata x: min=76.744877 max=76.744877 n=2
step=00427 species=  C N=00608 vac=0040 axis=x surf=yz Eads=-5.2275 eV P=1.000e+00 E=-5187.5103 eV hmax=51.656 A hmean=50.602 A rough=0.934 A occ1=0.600 tested=2
[TEMPLATE DEBUG] total=746 species_filter=0 restriction=0 direction=221 global_front=0 occupied=409 connection=85 min_dist=26 pre_shell=5 post_shell=1 tested_energy=1
[TEMPLATE DEBUG] camada candidata x: min=76.744877 max=76.744877 n=1
step=00428 species=  C N=00609 vac=0040 axis=x surf=yz Eads=-4.2383 eV P=1.000e+00 E=-5193.5591 eV hmax=51.656 A hmean=50.746 A rough=0.957 A occ1=0.600 tested=1
[TEMPLATE DEBUG] total=746 species_filter=0 restriction=0 direction=221 global_front=0 occupied=411 connection=84 min_dist=25 pre_shell=5 post_shell=1 tested_energy=1
[TEMPLATE DEBUG] camada candidata x: min=76.744877 max=76.744877 n=1
step=00429 species=  C N=00610 vac=0040 axis=x surf=yz Eads=-6.3638 eV P=1.000e+00 E=-5201.0908 eV hmax=51.656 A hmean=50.757 A rough=0.977 A occ1=0.600 tested=1
[TEMPLATE DEBUG] total=746 species_filter=0 restriction=0 direction=221 global_front=0 occupied=412 connection=82 min_dist=25 pre_shell=6 post_shell=1 tested_energy=1
[TEMPLATE DEBUG] camada candidata x: min=75.515120 max=75.515120 n=1
step=00430 species=  C N=00611 vac=0040 axis=x surf=yz Eads=-6.7109 eV P=1.000e+00 E=-5208.7534 eV hmax=51.656 A hmean=50.739 A rough=0.948 A occ1=0.600 tested=1
[TEMPLATE DEBUG] total=746 species_filter=0 restriction=0 direction=221 global_front=0 occupied=413 connection=81 min_dist=25 pre_shell=6 post_shell=1 tested_energy=1
[TEMPLATE DEBUG] camada candidata x: min=75.515120 max=75.515120 n=1
[INFO] impureza sorteada por --impurity: N no lugar de C.
step=00431 species=  N impurity=N intended=C N=00612 vac=0040 axis=x surf=yz Eads=-9.8979 eV P=1.000e+00 E=-5220.7334 eV hmax=51.656 A hmean=50.933 A rough=0.920 A occ1=0.600 tested=1
[TEMPLATE DEBUG] total=746 species_filter=0 restriction=0 direction=221 global_front=0 occupied=413 connection=80 min_dist=26 pre_shell=6 post_shell=1 tested_energy=1
[TEMPLATE DEBUG] camada candidata x: min=76.744877 max=76.744877 n=1
step=00432 species=  C N=00613 vac=0040 axis=x surf=yz Eads=-4.6138 eV P=1.000e+00 E=-5226.1484 eV hmax=51.656 A hmean=51.061 A rough=0.933 A occ1=0.600 tested=1
[TEMPLATE DEBUG] total=746 species_filter=0 restriction=0 direction=221 global_front=0 occupied=415 connection=78 min_dist=25 pre_shell=7 post_shell=1 tested_energy=1
[TEMPLATE DEBUG] camada candidata x: min=76.744877 max=76.744877 n=1
step=00433 species=  C N=00614 vac=0040 axis=x surf=yz Eads=-6.7378 eV P=1.000e+00 E=-5234.3154 eV hmax=51.691 A hmean=51.271 A rough=0.939 A occ1=0.600 tested=1
[TEMPLATE DEBUG] total=746 species_filter=0 restriction=0 direction=221 global_front=0 occupied=416 connection=77 min_dist=25 pre_shell=7 post_shell=7 tested_energy=7
[TEMPLATE DEBUG] camada candidata x: min=77.974633 max=77.974633 n=7
step=00434 species=  C N=00615 vac=0040 axis=x surf=yz Eads=-7.5415 eV P=1.000e+00 E=-5242.4160 eV hmax=52.826 A hmean=51.408 A rough=0.721 A occ1=0.600 tested=7
[TEMPLATE DEBUG] total=746 species_filter=0 restriction=0 direction=221 global_front=0 occupied=417 connection=76 min_dist=25 pre_shell=7 post_shell=6 tested_energy=6
[TEMPLATE DEBUG] camada candidata x: min=77.974633 max=77.974633 n=6
[INFO] impureza sorteada por --impurity: N no lugar de C.
step=00435 species=  N impurity=N intended=C N=00616 vac=0040 axis=x surf=yz Eads=-10.5405 eV P=1.000e+00 E=-5253.9692 eV hmax=52.798 A hmean=51.548 A rough=0.799 A occ1=0.600 tested=6
[TEMPLATE DEBUG] total=746 species_filter=0 restriction=0 direction=221 global_front=0 occupied=418 connection=75 min_dist=25 pre_shell=7 post_shell=5 tested_energy=5
[TEMPLATE DEBUG] camada candidata x: min=77.974633 max=77.974633 n=5
step=00436 species=  C N=00617 vac=0040 axis=x surf=yz Eads=-6.7544 eV P=9.993e-01 E=-5261.8872 eV hmax=52.937 A hmean=51.718 A rough=0.854 A occ1=0.600 tested=5
[TEMPLATE DEBUG] total=746 species_filter=0 restriction=0 direction=221 global_front=0 occupied=419 connection=73 min_dist=25 pre_shell=8 post_shell=5 tested_energy=5
[TEMPLATE DEBUG] camada candidata x: min=77.974633 max=77.974633 n=5
step=00437 species=  C N=00618 vac=0040 axis=x surf=yz Eads=-7.7090 eV P=1.000e+00 E=-5270.2222 eV hmax=52.959 A hmean=51.724 A rough=0.884 A occ1=0.600 tested=5
[TEMPLATE DEBUG] total=746 species_filter=0 restriction=0 direction=221 global_front=0 occupied=420 connection=72 min_dist=25 pre_shell=8 post_shell=4 tested_energy=4
[TEMPLATE DEBUG] camada candidata x: min=77.974633 max=77.974633 n=4
step=00438 species=  C N=00619 vac=0040 axis=x surf=yz Eads=-6.3711 eV P=9.420e-01 E=-5277.6514 eV hmax=52.959 A hmean=51.864 A rough=0.914 A occ1=0.600 tested=4
[TEMPLATE DEBUG] total=746 species_filter=0 restriction=0 direction=221 global_front=0 occupied=420 connection=70 min_dist=26 pre_shell=9 post_shell=4 tested_energy=4
[TEMPLATE DEBUG] camada candidata x: min=77.974633 max=77.974633 n=4
[INFO] impureza sorteada por --impurity: N no lugar de C.
step=00439 species=  N impurity=N intended=C N=00620 vac=0040 axis=x surf=yz Eads=-7.7798 eV P=1.000e+00 E=-5288.3521 eV hmax=52.997 A hmean=52.079 A rough=0.946 A occ1=0.600 tested=4
[TEMPLATE DEBUG] total=746 species_filter=0 restriction=0 direction=221 global_front=0 occupied=421 connection=69 min_dist=26 pre_shell=9 post_shell=3 tested_energy=3
[TEMPLATE DEBUG] camada candidata x: min=77.974633 max=77.974633 n=3
step=00440 species=  C N=00621 vac=0040 axis=x surf=yz Eads=-6.2490 eV P=1.000e+00 E=-5295.4546 eV hmax=52.997 A hmean=52.389 A rough=0.967 A occ1=0.600 tested=3
[TEMPLATE DEBUG] total=746 species_filter=0 restriction=0 direction=221 global_front=0 occupied=422 connection=67 min_dist=26 pre_shell=10 post_shell=3 tested_energy=3
[TEMPLATE DEBUG] camada candidata x: min=77.974633 max=77.974633 n=3
[INFO] impureza sorteada por --impurity: N no lugar de C.
step=00441 species=  N impurity=N intended=C N=00622 vac=0040 axis=x surf=yz Eads=-9.5078 eV P=1.000e+00 E=-5306.6479 eV hmax=52.997 A hmean=52.389 A rough=0.983 A occ1=0.600 tested=3
[TEMPLATE DEBUG] total=746 species_filter=0 restriction=0 direction=221 global_front=0 occupied=423 connection=67 min_dist=26 pre_shell=9 post_shell=1 tested_energy=1
[TEMPLATE DEBUG] camada candidata x: min=77.974633 max=77.974633 n=1
step=00442 species=  C N=00623 vac=0040 axis=x surf=yz Eads=-5.5835 eV P=1.000e+00 E=-5313.0776 eV hmax=52.997 A hmean=52.539 A rough=0.992 A occ1=0.600 tested=1
[TEMPLATE DEBUG] total=746 species_filter=0 restriction=0 direction=221 global_front=0 occupied=424 connection=65 min_dist=26 pre_shell=10 post_shell=1 tested_energy=1
[TEMPLATE DEBUG] camada candidata x: min=77.974633 max=77.974633 n=1
step=00443 species=  C N=00624 vac=0040 axis=x surf=yz Eads=-8.1772 eV P=1.000e+00 E=-5323.4004 eV hmax=52.997 A hmean=52.687 A rough=0.996 A occ1=0.600 tested=1
[TEMPLATE DEBUG] total=746 species_filter=0 restriction=0 direction=221 global_front=0 occupied=425 connection=64 min_dist=26 pre_shell=10 post_shell=10 tested_energy=10
[TEMPLATE DEBUG] camada candidata x: min=79.204389 max=79.204389 n=10
step=00444 species=  C N=00625 vac=0040 axis=x surf=yz Eads=-7.3315 eV P=1.000e+00 E=-5331.8101 eV hmax=54.155 A hmean=52.859 A rough=0.774 A occ1=0.600 tested=10
[TEMPLATE DEBUG] total=746 species_filter=0 restriction=0 direction=221 global_front=0 occupied=426 connection=63 min_dist=26 pre_shell=10 post_shell=9 tested_energy=9
[TEMPLATE DEBUG] camada candidata x: min=79.204389 max=79.204389 n=9
[INFO] impureza sorteada por --impurity: N no lugar de C.
step=00445 species=  N impurity=N intended=C N=00626 vac=0040 axis=x surf=yz Eads=-9.2153 eV P=1.000e+00 E=-5341.9399 eV hmax=54.153 A hmean=52.977 A rough=0.848 A occ1=0.600 tested=9
[TEMPLATE DEBUG] total=746 species_filter=0 restriction=0 direction=221 global_front=0 occupied=427 connection=62 min_dist=26 pre_shell=10 post_shell=8 tested_energy=8
[TEMPLATE DEBUG] camada candidata x: min=79.204389 max=79.204389 n=8
step=00446 species=  C N=00627 vac=0040 axis=x surf=yz Eads=-6.3545 eV P=9.997e-01 E=-5348.8945 eV hmax=54.153 A hmean=53.134 A rough=0.895 A occ1=0.600 tested=8
[TEMPLATE DEBUG] total=746 species_filter=0 restriction=0 direction=221 global_front=0 occupied=428 connection=61 min_dist=26 pre_shell=10 post_shell=7 tested_energy=7
[TEMPLATE DEBUG] camada candidata x: min=79.204389 max=79.204389 n=7
step=00447 species=  C N=00628 vac=0040 axis=x surf=yz Eads=-8.5801 eV P=1.000e+00 E=-5359.0288 eV hmax=54.153 A hmean=53.116 A rough=0.926 A occ1=0.600 tested=7
[TEMPLATE DEBUG] total=746 species_filter=0 restriction=0 direction=221 global_front=0 occupied=429 connection=60 min_dist=26 pre_shell=10 post_shell=6 tested_energy=6
[TEMPLATE DEBUG] camada candidata x: min=79.204389 max=79.204389 n=6
step=00448 species=  C N=00629 vac=0040 axis=x surf=yz Eads=-6.6392 eV P=1.000e+00 E=-5366.4287 eV hmax=54.153 A hmean=53.386 A rough=0.954 A occ1=0.600 tested=6
[TEMPLATE DEBUG] total=746 species_filter=0 restriction=0 direction=221 global_front=0 occupied=430 connection=59 min_dist=26 pre_shell=10 post_shell=5 tested_energy=5
[TEMPLATE DEBUG] camada candidata x: min=79.204389 max=79.204389 n=5
step=00449 species=  C N=00630 vac=0040 axis=x surf=yz Eads=-9.4609 eV P=1.000e+00 E=-5376.8438 eV hmax=54.153 A hmean=53.546 A rough=0.975 A occ1=0.600 tested=5
[TEMPLATE DEBUG] total=746 species_filter=0 restriction=0 direction=221 global_front=0 occupied=431 connection=58 min_dist=26 pre_shell=10 post_shell=4 tested_energy=4
[TEMPLATE DEBUG] camada candidata x: min=79.204389 max=79.204389 n=4
step=00450 species=  C N=00631 vac=0040 axis=x surf=yz Eads=-5.9727 eV P=9.996e-01 E=-5383.8120 eV hmax=54.153 A hmean=53.699 A rough=0.985 A occ1=0.600 tested=4
[TEMPLATE DEBUG] total=746 species_filter=0 restriction=0 direction=221 global_front=0 occupied=433 connection=56 min_dist=25 pre_shell=11 post_shell=4 tested_energy=4
[TEMPLATE DEBUG] camada candidata x: min=79.204389 max=79.204389 n=4
step=00451 species=  C N=00632 vac=0040 axis=x surf=yz Eads=-5.6382 eV P=1.000e+00 E=-5389.8804 eV hmax=54.153 A hmean=53.881 A rough=1.002 A occ1=0.600 tested=4
[TEMPLATE DEBUG] total=746 species_filter=0 restriction=0 direction=221 global_front=0 occupied=434 connection=55 min_dist=25 pre_shell=11 post_shell=3 tested_energy=3
[TEMPLATE DEBUG] camada candidata x: min=79.204389 max=79.204389 n=3
step=00452 species=  C N=00633 vac=0040 axis=x surf=yz Eads=-8.7969 eV P=1.000e+00 E=-5400.0049 eV hmax=54.153 A hmean=53.872 A rough=1.006 A occ1=0.600 tested=3
[TEMPLATE DEBUG] total=746 species_filter=0 restriction=0 direction=221 global_front=0 occupied=435 connection=54 min_dist=25 pre_shell=11 post_shell=2 tested_energy=2
[TEMPLATE DEBUG] camada candidata x: min=79.204389 max=79.204389 n=2
step=00453 species=  C N=00634 vac=0040 axis=x surf=yz Eads=-4.5654 eV P=1.000e+00 E=-5405.9497 eV hmax=54.187 A hmean=54.039 A rough=0.978 A occ1=0.600 tested=2
[TEMPLATE DEBUG] total=746 species_filter=0 restriction=0 direction=221 global_front=0 occupied=436 connection=53 min_dist=26 pre_shell=10 post_shell=10 tested_energy=10
[TEMPLATE DEBUG] camada candidata x: min=80.434145 max=80.434145 n=10
step=00454 species=  C N=00635 vac=0040 axis=x surf=yz Eads=-7.1021 eV P=9.341e-01 E=-5414.3447 eV hmax=55.326 A hmean=54.187 A rough=0.684 A occ1=0.600 tested=10
[TEMPLATE DEBUG] total=746 species_filter=0 restriction=0 direction=221 global_front=0 occupied=437 connection=52 min_dist=26 pre_shell=10 post_shell=9 tested_energy=9
[TEMPLATE DEBUG] camada candidata x: min=80.434145 max=80.434145 n=9
step=00455 species=  C N=00636 vac=0040 axis=x surf=yz Eads=-7.5654 eV P=1.000e+00 E=-5423.2363 eV hmax=55.391 A hmean=54.334 A rough=0.769 A occ1=0.600 tested=9
[TEMPLATE DEBUG] total=746 species_filter=0 restriction=0 direction=221 global_front=0 occupied=438 connection=51 min_dist=26 pre_shell=10 post_shell=8 tested_energy=8
[TEMPLATE DEBUG] camada candidata x: min=80.434145 max=80.434145 n=8
step=00456 species=  C N=00637 vac=0040 axis=x surf=yz Eads=-6.8594 eV P=1.000e+00 E=-5431.2578 eV hmax=55.391 A hmean=54.476 A rough=0.818 A occ1=0.600 tested=8
[TEMPLATE DEBUG] total=746 species_filter=0 restriction=0 direction=221 global_front=0 occupied=439 connection=50 min_dist=26 pre_shell=10 post_shell=7 tested_energy=7
[TEMPLATE DEBUG] camada candidata x: min=80.434145 max=80.434145 n=7
step=00457 species=  C N=00638 vac=0040 axis=x surf=yz Eads=-9.8369 eV P=1.000e+00 E=-5442.3076 eV hmax=55.391 A hmean=54.494 A rough=0.855 A occ1=0.600 tested=7
[TEMPLATE DEBUG] total=746 species_filter=0 restriction=0 direction=221 global_front=0 occupied=440 connection=49 min_dist=26 pre_shell=10 post_shell=6 tested_energy=6
[TEMPLATE DEBUG] camada candidata x: min=80.434145 max=80.434145 n=6
step=00458 species=  C N=00639 vac=0040 axis=x surf=yz Eads=-6.2476 eV P=7.210e-01 E=-5449.6196 eV hmax=55.391 A hmean=54.631 A rough=0.882 A occ1=0.600 tested=6
[TEMPLATE DEBUG] total=746 species_filter=0 restriction=0 direction=221 global_front=0 occupied=441 connection=48 min_dist=26 pre_shell=10 post_shell=5 tested_energy=5
[TEMPLATE DEBUG] camada candidata x: min=80.434145 max=80.434145 n=5
step=00459 species=  C N=00640 vac=0040 axis=x surf=yz Eads=-10.1216 eV P=1.000e+00 E=-5460.5586 eV hmax=55.391 A hmean=54.782 A rough=0.908 A occ1=0.600 tested=5
[TEMPLATE DEBUG] total=746 species_filter=0 restriction=0 direction=221 global_front=0 occupied=442 connection=47 min_dist=26 pre_shell=10 post_shell=4 tested_energy=4
[TEMPLATE DEBUG] camada candidata x: min=80.434145 max=80.434145 n=4
step=00460 species=  C N=00641 vac=0040 axis=x surf=yz Eads=-6.8403 eV P=1.000e+00 E=-5468.1738 eV hmax=55.391 A hmean=54.942 A rough=0.929 A occ1=0.600 tested=4
[TEMPLATE DEBUG] total=746 species_filter=0 restriction=0 direction=221 global_front=0 occupied=443 connection=46 min_dist=26 pre_shell=10 post_shell=3 tested_energy=3
[TEMPLATE DEBUG] camada candidata x: min=80.434145 max=80.434145 n=3
step=00461 species=  C N=00642 vac=0040 axis=x surf=yz Eads=-10.0146 eV P=1.000e+00 E=-5478.9297 eV hmax=55.391 A hmean=54.943 A rough=0.944 A occ1=0.600 tested=3
[TEMPLATE DEBUG] total=746 species_filter=0 restriction=0 direction=221 global_front=0 occupied=444 connection=45 min_dist=26 pre_shell=10 post_shell=2 tested_energy=2
[TEMPLATE DEBUG] camada candidata x: min=80.434145 max=80.434145 n=2
step=00462 species=  C N=00643 vac=0040 axis=x surf=yz Eads=-6.8350 eV P=1.000e+00 E=-5486.0474 eV hmax=55.391 A hmean=55.114 A rough=0.958 A occ1=0.600 tested=2
[TEMPLATE DEBUG] total=746 species_filter=0 restriction=0 direction=221 global_front=0 occupied=445 connection=44 min_dist=26 pre_shell=10 post_shell=1 tested_energy=1
[TEMPLATE DEBUG] camada candidata x: min=80.434145 max=80.434145 n=1
step=00463 species=  C N=00644 vac=0040 axis=x surf=yz Eads=-8.4653 eV P=1.000e+00 E=-5496.0562 eV hmax=55.384 A hmean=55.112 A rough=0.969 A occ1=0.600 tested=1
[TEMPLATE DEBUG] total=746 species_filter=0 restriction=0 direction=221 global_front=0 occupied=446 connection=43 min_dist=26 pre_shell=10 post_shell=10 tested_energy=10
[TEMPLATE DEBUG] camada candidata x: min=81.663901 max=81.663901 n=10
step=00464 species=  C N=00645 vac=0040 axis=x surf=yz Eads=-6.2217 eV P=9.166e-01 E=-5502.8428 eV hmax=56.559 A hmean=55.411 A rough=0.684 A occ1=0.600 tested=10
[TEMPLATE DEBUG] total=746 species_filter=0 restriction=0 direction=221 global_front=0 occupied=447 connection=42 min_dist=26 pre_shell=10 post_shell=9 tested_energy=9
[TEMPLATE DEBUG] camada candidata x: min=81.663901 max=81.663901 n=9
step=00465 species=  C N=00646 vac=0040 axis=x surf=yz Eads=-10.3823 eV P=1.000e+00 E=-5513.7832 eV hmax=56.552 A hmean=55.421 A rough=0.763 A occ1=0.600 tested=9
[TEMPLATE DEBUG] total=746 species_filter=0 restriction=0 direction=221 global_front=0 occupied=448 connection=41 min_dist=26 pre_shell=10 post_shell=8 tested_energy=8
[TEMPLATE DEBUG] camada candidata x: min=81.663901 max=81.663901 n=8
step=00466 species=  C N=00647 vac=0040 axis=x surf=yz Eads=-6.8267 eV P=1.000e+00 E=-5521.1655 eV hmax=56.552 A hmean=55.566 A rough=0.817 A occ1=0.600 tested=8
[TEMPLATE DEBUG] total=746 species_filter=0 restriction=0 direction=221 global_front=0 occupied=449 connection=40 min_dist=26 pre_shell=10 post_shell=7 tested_energy=7
[TEMPLATE DEBUG] camada candidata x: min=81.663901 max=81.663901 n=7
step=00467 species=  C N=00648 vac=0040 axis=x surf=yz Eads=-10.2905 eV P=1.000e+00 E=-5532.1367 eV hmax=56.552 A hmean=55.720 A rough=0.860 A occ1=0.600 tested=7
[TEMPLATE DEBUG] total=746 species_filter=0 restriction=0 direction=221 global_front=0 occupied=450 connection=39 min_dist=26 pre_shell=10 post_shell=6 tested_energy=6
[TEMPLATE DEBUG] camada candidata x: min=81.663901 max=81.663901 n=6
step=00468 species=  C N=00649 vac=0040 axis=x surf=yz Eads=-6.4941 eV P=9.996e-01 E=-5539.5107 eV hmax=56.552 A hmean=55.882 A rough=0.890 A occ1=0.600 tested=6
[TEMPLATE DEBUG] total=746 species_filter=0 restriction=0 direction=221 global_front=0 occupied=451 connection=38 min_dist=26 pre_shell=10 post_shell=5 tested_energy=5
[TEMPLATE DEBUG] camada candidata x: min=81.663901 max=81.663901 n=5
step=00469 species=  C N=00650 vac=0040 axis=x surf=yz Eads=-10.3809 eV P=1.000e+00 E=-5550.6719 eV hmax=56.552 A hmean=55.890 A rough=0.913 A occ1=0.600 tested=5
[TEMPLATE DEBUG] total=746 species_filter=0 restriction=0 direction=221 global_front=0 occupied=452 connection=37 min_dist=26 pre_shell=10 post_shell=4 tested_energy=4
[TEMPLATE DEBUG] camada candidata x: min=81.663901 max=81.663901 n=4
step=00470 species=  C N=00651 vac=0040 axis=x surf=yz Eads=-6.2227 eV P=8.583e-01 E=-5558.1021 eV hmax=56.552 A hmean=56.038 A rough=0.938 A occ1=0.600 tested=4
[TEMPLATE DEBUG] total=746 species_filter=0 restriction=0 direction=221 global_front=0 occupied=453 connection=35 min_dist=26 pre_shell=11 post_shell=4 tested_energy=4
[TEMPLATE DEBUG] camada candidata x: min=81.663901 max=81.663901 n=4
[INFO] impureza sorteada por --impurity: N no lugar de C.
step=00471 species=  N impurity=N intended=C N=00652 vac=0040 axis=x surf=yz Eads=-7.0034 eV P=9.944e-01 E=-5566.3701 eV hmax=56.553 A hmean=56.202 A rough=0.961 A occ1=0.600 tested=4
[TEMPLATE DEBUG] total=746 species_filter=0 restriction=0 direction=221 global_front=0 occupied=454 connection=34 min_dist=27 pre_shell=10 post_shell=2 tested_energy=2
[TEMPLATE DEBUG] camada candidata x: min=81.663901 max=81.663901 n=2
step=00472 species=  C N=00653 vac=0040 axis=x surf=yz Eads=-6.7637 eV P=1.000e+00 E=-5574.3574 eV hmax=56.552 A hmean=56.343 A rough=0.974 A occ1=0.600 tested=2
[TEMPLATE DEBUG] total=746 species_filter=0 restriction=0 direction=221 global_front=0 occupied=455 connection=33 min_dist=27 pre_shell=10 post_shell=1 tested_energy=1
[TEMPLATE DEBUG] camada candidata x: min=81.663901 max=81.663901 n=1
step=00473 species=  C N=00654 vac=0040 axis=x surf=yz Eads=-10.4414 eV P=1.000e+00 E=-5586.0938 eV hmax=56.535 A hmean=56.467 A rough=0.982 A occ1=0.600 tested=1
[TEMPLATE DEBUG] total=746 species_filter=0 restriction=0 direction=221 global_front=0 occupied=456 connection=32 min_dist=27 pre_shell=10 post_shell=10 tested_energy=10
[TEMPLATE DEBUG] camada candidata x: min=82.893657 max=82.893657 n=10
step=00474 species=  C N=00655 vac=0040 axis=x surf=yz Eads=-7.3906 eV P=1.000e+00 E=-5594.2983 eV hmax=57.692 A hmean=56.611 A rough=0.683 A occ1=0.600 tested=10
[TEMPLATE DEBUG] total=746 species_filter=0 restriction=0 direction=221 global_front=0 occupied=457 connection=31 min_dist=27 pre_shell=10 post_shell=9 tested_energy=9
[TEMPLATE DEBUG] camada candidata x: min=82.893657 max=82.893657 n=9
step=00475 species=  C N=00656 vac=0040 axis=x surf=yz Eads=-9.5513 eV P=1.000e+00 E=-5605.2300 eV hmax=57.707 A hmean=56.627 A rough=0.753 A occ1=0.600 tested=9
[TEMPLATE DEBUG] total=746 species_filter=0 restriction=0 direction=221 global_front=0 occupied=458 connection=30 min_dist=27 pre_shell=10 post_shell=8 tested_energy=8
[TEMPLATE DEBUG] camada candidata x: min=82.893657 max=82.893657 n=8
[INFO] impureza sorteada por --impurity: N no lugar de C.
step=00476 species=  N impurity=N intended=C N=00657 vac=0040 axis=x surf=yz Eads=-6.8892 eV P=1.000e+00 E=-5613.8271 eV hmax=57.677 A hmean=56.761 A rough=0.804 A occ1=0.600 tested=8
[TEMPLATE DEBUG] total=746 species_filter=0 restriction=0 direction=221 global_front=0 occupied=459 connection=29 min_dist=27 pre_shell=10 post_shell=7 tested_energy=7
[TEMPLATE DEBUG] camada candidata x: min=82.893657 max=82.893657 n=7
step=00477 species=  C N=00658 vac=0040 axis=x surf=yz Eads=-9.5474 eV P=1.000e+00 E=-5624.7505 eV hmax=57.692 A hmean=56.923 A rough=0.850 A occ1=0.600 tested=7
[TEMPLATE DEBUG] total=746 species_filter=0 restriction=0 direction=221 global_front=0 occupied=460 connection=28 min_dist=27 pre_shell=10 post_shell=6 tested_energy=6
[TEMPLATE DEBUG] camada candidata x: min=82.893657 max=82.893657 n=6
step=00478 species=  C N=00659 vac=0040 axis=x surf=yz Eads=-6.8896 eV P=1.000e+00 E=-5632.1870 eV hmax=57.704 A hmean=57.077 A rough=0.883 A occ1=0.600 tested=6
[TEMPLATE DEBUG] total=746 species_filter=0 restriction=0 direction=221 global_front=0 occupied=461 connection=27 min_dist=27 pre_shell=10 post_shell=5 tested_energy=5
[TEMPLATE DEBUG] camada candidata x: min=82.893657 max=82.893657 n=5
[INFO] vacância sorteada por --impurity em posição template; espécie que seria depositada: C.
[INFO] vacância frozen registrada no sítio template 710; esse sítio não poderá ser depositado novamente.
step=00479 species=vac impurity=vac intended=C N=00659 vac=0041 axis=x surf=yz Eads=+0.0000 eV P=1.000e+00 E=-5632.1870 eV hmax=57.704 A hmean=57.077 A rough=0.883 A occ1=0.600 tested=5
[TEMPLATE DEBUG] total=746 species_filter=0 restriction=0 direction=221 global_front=0 occupied=462 connection=27 min_dist=27 pre_shell=9 post_shell=4 tested_energy=4
[TEMPLATE DEBUG] camada candidata x: min=82.893657 max=82.893657 n=4
step=00480 species=  C N=00660 vac=0041 axis=x surf=yz Eads=-6.1455 eV P=9.089e-01 E=-5638.8184 eV hmax=57.772 A hmean=57.246 A rough=0.918 A occ1=0.600 tested=4
[TEMPLATE DEBUG] total=746 species_filter=0 restriction=0 direction=221 global_front=0 occupied=463 connection=26 min_dist=27 pre_shell=9 post_shell=3 tested_energy=3
[TEMPLATE DEBUG] camada candidata x: min=82.893657 max=82.893657 n=3
step=00481 species=  C N=00661 vac=0041 axis=x surf=yz Eads=-10.4209 eV P=1.000e+00 E=-5649.7686 eV hmax=57.760 A hmean=57.247 A rough=0.942 A occ1=0.600 tested=3
[TEMPLATE DEBUG] total=746 species_filter=0 restriction=0 direction=221 global_front=0 occupied=464 connection=25 min_dist=27 pre_shell=9 post_shell=2 tested_energy=2
[TEMPLATE DEBUG] camada candidata x: min=82.893657 max=82.893657 n=2
step=00482 species=  C N=00662 vac=0041 axis=x surf=yz Eads=-6.2974 eV P=1.000e+00 E=-5657.6221 eV hmax=57.769 A hmean=57.421 A rough=0.961 A occ1=0.600 tested=2
[TEMPLATE DEBUG] total=746 species_filter=0 restriction=0 direction=221 global_front=0 occupied=465 connection=24 min_dist=27 pre_shell=9 post_shell=1 tested_energy=1
[TEMPLATE DEBUG] camada candidata x: min=82.893657 max=82.893657 n=1
[INFO] vacância sorteada por --impurity em posição template; espécie que seria depositada: C.
[INFO] vacância frozen registrada no sítio template 706; esse sítio não poderá ser depositado novamente.
step=00483 species=vac impurity=vac intended=C N=00662 vac=0042 axis=x surf=yz Eads=+0.0000 eV P=1.000e+00 E=-5657.6221 eV hmax=57.769 A hmean=57.421 A rough=0.961 A occ1=0.600 tested=1
[TEMPLATE DEBUG] total=746 species_filter=0 restriction=0 direction=221 global_front=0 occupied=466 connection=24 min_dist=27 pre_shell=8 post_shell=8 tested_energy=8
[TEMPLATE DEBUG] camada candidata x: min=84.123413 max=84.123413 n=8
step=00484 species=  C N=00663 vac=0042 axis=x surf=yz Eads=-7.7881 eV P=1.000e+00 E=-5665.9839 eV hmax=58.980 A hmean=57.571 A rough=0.715 A occ1=0.600 tested=8
[TEMPLATE DEBUG] total=746 species_filter=0 restriction=0 direction=221 global_front=0 occupied=467 connection=23 min_dist=27 pre_shell=8 post_shell=7 tested_energy=7
[TEMPLATE DEBUG] camada candidata x: min=84.123413 max=84.123413 n=7
step=00485 species=  C N=00664 vac=0042 axis=x surf=yz Eads=-9.0562 eV P=1.000e+00 E=-5675.6260 eV hmax=58.996 A hmean=57.720 A rough=0.806 A occ1=0.600 tested=7
[TEMPLATE DEBUG] total=746 species_filter=0 restriction=0 direction=221 global_front=0 occupied=468 connection=22 min_dist=27 pre_shell=8 post_shell=6 tested_energy=6
[TEMPLATE DEBUG] camada candidata x: min=84.123413 max=84.123413 n=6
step=00486 species=  C N=00665 vac=0042 axis=x surf=yz Eads=-7.3096 eV P=9.989e-01 E=-5683.6626 eV hmax=58.996 A hmean=57.873 A rough=0.869 A occ1=0.600 tested=6
[TEMPLATE DEBUG] total=746 species_filter=0 restriction=0 direction=221 global_front=0 occupied=469 connection=21 min_dist=27 pre_shell=8 post_shell=5 tested_energy=5
[TEMPLATE DEBUG] camada candidata x: min=84.123413 max=84.123413 n=5
[INFO] impureza sorteada por --impurity: N no lugar de C.
step=00487 species=  N impurity=N intended=C N=00666 vac=0042 axis=x surf=yz Eads=-9.7964 eV P=1.000e+00 E=-5694.9370 eV hmax=58.996 A hmean=58.026 A rough=0.907 A occ1=0.600 tested=5
[TEMPLATE DEBUG] total=746 species_filter=0 restriction=0 direction=221 global_front=0 occupied=470 connection=20 min_dist=27 pre_shell=8 post_shell=4 tested_energy=4
[TEMPLATE DEBUG] camada candidata x: min=84.123413 max=84.123413 n=4
step=00488 species=  C N=00667 vac=0042 axis=x surf=yz Eads=-6.9966 eV P=1.000e+00 E=-5702.3394 eV hmax=58.996 A hmean=58.322 A rough=0.945 A occ1=0.600 tested=4
[TEMPLATE DEBUG] total=746 species_filter=0 restriction=0 direction=221 global_front=0 occupied=471 connection=18 min_dist=27 pre_shell=9 post_shell=4 tested_energy=4
[TEMPLATE DEBUG] camada candidata x: min=84.123413 max=84.123413 n=4
step=00489 species=  C N=00668 vac=0042 axis=x surf=yz Eads=-7.8320 eV P=1.000e+00 E=-5710.8535 eV hmax=59.038 A hmean=58.315 A rough=0.968 A occ1=0.600 tested=4
[TEMPLATE DEBUG] total=746 species_filter=0 restriction=0 direction=221 global_front=0 occupied=472 connection=17 min_dist=27 pre_shell=9 post_shell=3 tested_energy=3
[TEMPLATE DEBUG] camada candidata x: min=84.123413 max=84.123413 n=3
step=00490 species=  C N=00669 vac=0042 axis=x surf=yz Eads=-5.7593 eV P=9.998e-01 E=-5717.4268 eV hmax=59.038 A hmean=58.486 A rough=0.993 A occ1=0.600 tested=3
[TEMPLATE DEBUG] total=746 species_filter=0 restriction=0 direction=221 global_front=0 occupied=473 connection=16 min_dist=27 pre_shell=9 post_shell=2 tested_energy=2
[TEMPLATE DEBUG] camada candidata x: min=84.123413 max=84.123413 n=2
step=00491 species=  C N=00670 vac=0042 axis=x surf=yz Eads=-8.8467 eV P=1.000e+00 E=-5727.2349 eV hmax=59.038 A hmean=58.477 A rough=1.001 A occ1=0.600 tested=2
[TEMPLATE DEBUG] total=746 species_filter=0 restriction=0 direction=221 global_front=0 occupied=474 connection=15 min_dist=27 pre_shell=9 post_shell=1 tested_energy=1
[TEMPLATE DEBUG] camada candidata x: min=84.123413 max=84.123413 n=1
step=00492 species=  C N=00671 vac=0042 axis=x surf=yz Eads=-6.1421 eV P=1.000e+00 E=-5734.7261 eV hmax=59.038 A hmean=58.619 A rough=1.015 A occ1=0.600 tested=1
[TEMPLATE DEBUG] total=746 species_filter=0 restriction=0 direction=221 global_front=0 occupied=474 connection=13 min_dist=28 pre_shell=10 post_shell=1 tested_energy=1
[TEMPLATE DEBUG] camada candidata x: min=84.123413 max=84.123413 n=1
step=00493 species=  C N=00672 vac=0042 axis=x surf=yz Eads=-4.1226 eV P=1.000e+00 E=-5742.3682 eV hmax=59.102 A hmean=58.944 A rough=1.031 A occ1=0.600 tested=1
[TEMPLATE DEBUG] total=746 species_filter=0 restriction=0 direction=221 global_front=0 occupied=475 connection=12 min_dist=28 pre_shell=10 post_shell=1 tested_energy=1
[TEMPLATE DEBUG] camada candidata x: min=84.123413 max=84.123413 n=1
step=00494 species=  C N=00673 vac=0042 axis=x surf=yz Eads=-8.1323 eV P=1.000e+00 E=-5750.8330 eV hmax=59.131 A hmean=58.946 A rough=1.040 A occ1=0.600 tested=1
[TEMPLATE DEBUG] total=746 species_filter=0 restriction=0 direction=221 global_front=0 occupied=476 connection=11 min_dist=28 pre_shell=10 post_shell=10 tested_energy=10
[TEMPLATE DEBUG] camada candidata x: min=85.353169 max=85.353169 n=10
step=00495 species=  C N=00674 vac=0042 axis=x surf=yz Eads=-7.2842 eV P=9.850e-01 E=-5758.4805 eV hmax=60.229 A hmean=59.083 A rough=0.696 A occ1=0.600 tested=10
[TEMPLATE DEBUG] total=746 species_filter=0 restriction=0 direction=221 global_front=0 occupied=477 connection=10 min_dist=28 pre_shell=10 post_shell=9 tested_energy=9
[TEMPLATE DEBUG] camada candidata x: min=85.353169 max=85.353169 n=9
[INFO] vacância sorteada por --impurity em posição template; espécie que seria depositada: C.
[INFO] vacância frozen registrada no sítio template 728; esse sítio não poderá ser depositado novamente.
step=00496 species=vac impurity=vac intended=C N=00674 vac=0043 axis=x surf=yz Eads=+0.0000 eV P=1.000e+00 E=-5758.4805 eV hmax=60.229 A hmean=59.083 A rough=0.696 A occ1=0.600 tested=9
[TEMPLATE DEBUG] total=746 species_filter=0 restriction=0 direction=221 global_front=0 occupied=478 connection=10 min_dist=28 pre_shell=9 post_shell=8 tested_energy=8
[TEMPLATE DEBUG] camada candidata x: min=85.353169 max=85.353169 n=8
step=00497 species=  C N=00675 vac=0043 axis=x surf=yz Eads=-7.1030 eV P=1.000e+00 E=-5766.0679 eV hmax=60.229 A hmean=59.278 A rough=0.768 A occ1=0.600 tested=8
[TEMPLATE DEBUG] total=746 species_filter=0 restriction=0 direction=221 global_front=0 occupied=479 connection=9 min_dist=28 pre_shell=9 post_shell=7 tested_energy=7
[TEMPLATE DEBUG] camada candidata x: min=85.353169 max=85.353169 n=7
step=00498 species=  C N=00676 vac=0043 axis=x surf=yz Eads=-8.8809 eV P=1.000e+00 E=-5776.9053 eV hmax=60.229 A hmean=59.279 A rough=0.814 A occ1=0.600 tested=7
[TEMPLATE DEBUG] total=746 species_filter=0 restriction=0 direction=221 global_front=0 occupied=480 connection=8 min_dist=28 pre_shell=9 post_shell=6 tested_energy=6
[TEMPLATE DEBUG] camada candidata x: min=85.353169 max=85.353169 n=6
step=00499 species=  C N=00677 vac=0043 axis=x surf=yz Eads=-6.4521 eV P=1.000e+00 E=-5784.0112 eV hmax=60.229 A hmean=59.446 A rough=0.862 A occ1=0.600 tested=6
[TEMPLATE DEBUG] total=746 species_filter=0 restriction=0 direction=221 global_front=0 occupied=481 connection=7 min_dist=28 pre_shell=9 post_shell=5 tested_energy=5
[TEMPLATE DEBUG] camada candidata x: min=85.353169 max=85.353169 n=5
step=00500 species=  C N=00678 vac=0043 axis=x surf=yz Eads=-9.2983 eV P=1.000e+00 E=-5794.4478 eV hmax=60.229 A hmean=59.443 A rough=0.889 A occ1=0.600 tested=5

Arquivos salvos:
  grafeno_cutoff.traj
  grafeno_cutoff.csv
  grafeno_cutoff_initial.xyz
  grafeno_cutoff_initial.cif
  grafeno_cutoff_checkpoint.xyz
  grafeno_cutoff_checkpoint.cif
  grafeno_cutoff_vacancies.csv
  grafeno_cutoff_final.xyz
  grafeno_cutoff_final.cif
