step,event_type,deposited_species,intended_species,impurity_kind,is_vacancy,species_flux,anchor_mode,growth_axis,surface_axes,n_atoms,n_initial,n_added,n_vacancies,n_growth_events,kmc_time,dt,temperature_K,flux_ML_s,n_sites,deposition_total_rate_s_inv,e_total_eV,e_before_eV,e_after_eV,delta_e_relaxed_eV,e_ads_unrelaxed_eV,chosen_boltzmann_probability,rate_s_inv,total_rate_s_inv,mobile_count,added_index,anchor_index,n_surface_anchors,n_tested_candidates,min_distance_A,x_event_A,y_event_A,z_event_A,surface_area_A2,gamma_initial_eV_A2,gamma_effective_eV_A2,gamma_effective_J_m2,top_coord_A,bottom_coord_A,slab_thickness_A,growth_height_A,roughness_A,coverage_estimate_ML,front_mean_A,front_median_A,front_p90_A,front_grid_rms_A,front_grid_occupied_fraction,growth_front_mean_A,growth_front_median_A,growth_front_p90_A,first_template_layer_occupancy,highest_90pct_complete_layer,n_template_layers,contiguous_90pct_complete_layers,contiguous_complete_layer_fraction,mean_template_layer_occupancy,n_template_growth_sites,n_occupied_template_growth_sites,template_growth_occupancy_fraction,frozen_vacancy_fraction_of_template,incorporation_efficiency_per_event,added_areal_density_atoms_A2,growth_front_mean_per_event_A,growth_front_mean_per_added_atom_A,growth_front_mean_per_template_site_A,template_growth_extent_A,growth_front_mean_fraction_of_template,coordination_mean,coordination_surface_mean,coordination_added_mean,fraction_added_CN4
1,template_deposition,C,C,none,0,1.0,template_site:index=226:site=C:neigh=1:ahead0=1.230:mode=shell,x,yz,222,221,1,0,1,7.701278882376096,7.701278882376096,500.0,0.001,55.75,0.05575,-1904.3545,-1897.4658,-1904.3545,-6.888672,-6.888672,0.1513345303206598,0.05575,0.05575,0,221,226,10,10,1.4199999999311124,26.324877544413397,15.409999999230001,10.0,446.0,0.0,-0.015445452,-0.24746343,26.324877544413397,0.49999999916963384,25.824877545243762,1.229756073583033,0.7092661506297008,0.017937219730941704,25.24884098002824,25.095121470830364,25.464048292905275,0.4067035929964941,0.125,0.15371950919787736,0.0,0.36892682207491134,0.1,-1,50,0,0.0,0.002,525,1,0.0019047619047619048,0.0,1.0,0.002242152466367713,0.15371950919787736,0.15371950919787736,0.000292799065138814,61.48780367915167,0.0024999999999999706,2.855855855855856,2.4545454545454546,1.0,0.0
2,template_vacancy,vac,C,vac,1,1.0,template_site:index=225:site=C:neigh=2:ahead0=1.230:mode=shell,x,yz,222,221,1,1,2,25.74562436734559,18.044345484969494,500.0,0.001,55.75,0.05575,-1904.3545,-1904.3545,-1904.3545,0.0,0.0,1.0,0.05575,0.05575,0,-1,225,9,9,1.4199999999311124,26.324877544413397,16.83000000046,10.0,446.0,0.0,-0.015445452,-0.24746343,26.324877544413397,0.49999999916963384,25.824877545243762,1.229756073583033,0.7092661506297008,0.017937219730941704,25.24884098002824,25.095121470830364,25.464048292905275,0.4067035929964941,0.125,0.15371950919787736,0.0,0.36892682207491134,0.1,-1,50,0,0.0,0.002,525,1,0.0019047619047619048,0.0019047619047619048,0.5,0.002242152466367713,0.07685975459893868,0.15371950919787736,0.000292799065138814,61.48780367915167,0.0024999999999999706,2.855855855855856,2.4545454545454546,1.0,0.0
3,template_vacancy,vac,C,vac,1,1.0,template_site:index=228:site=C:neigh=1:ahead0=1.230:mode=shell,x,yz,222,221,1,2,3,84.64302575906943,58.89740139172384,500.0,0.001,55.75,0.05575,-1904.3545,-1904.3545,-1904.3545,0.0,0.0,0.999999792401201,0.05575,0.05575,0,-1,228,8,8,1.4200000010461125,26.324877544413397,12.569999999,10.0,446.0,0.0,-0.015445452,-0.24746343,26.324877544413397,0.49999999916963384,25.824877545243762,1.229756073583033,0.7092661506297008,0.017937219730941704,25.24884098002824,25.095121470830364,25.464048292905275,0.4067035929964941,0.125,0.15371950919787736,0.0,0.36892682207491134,0.1,-1,50,0,0.0,0.002,525,1,0.0019047619047619048,0.0038095238095238095,0.3333333333333333,0.002242152466367713,0.05123983639929245,0.15371950919787736,0.000292799065138814,61.48780367915167,0.0024999999999999706,2.855855855855856,2.4545454545454546,1.0,0.0
4,template_deposition,C,C,none,0,1.0,template_site:index=221:site=C:neigh=1:ahead0=1.230:mode=shell,x,yz,223,221,2,2,4,127.69332989133395,43.05030413226452,500.0,0.001,55.75,0.05575,-1911.5719,-1904.3545,-1911.5719,-7.217407,-6.8953857,0.3660972297608335,0.05575,0.05575,9,222,221,7,7,1.4199999999311124,26.324877544413397,8.30999999977,10.0,446.0,0.0,-0.03162798,-0.5067361,26.324877544413397,0.49999999916963384,25.824877545243762,1.229756073583033,0.7719938182961288,0.03587443946188341,25.39562180593225,25.095121470830364,26.30297385292688,0.5280039112314066,0.125,0.3005003351018871,0.0,1.2078523820965152,0.2,-1,50,0,0.0,0.004,525,2,0.0038095238095238095,0.0038095238095238095,0.5,0.004484304932735426,0.07512508377547178,0.15025016755094356,0.0005723815906702611,61.48780367915167,0.00488715350234206,2.8520179372197307,2.4347826086956523,1.0,0.0
5,template_deposition,C,C,none,0,1.0,template_site:index=222:site=C:neigh=2:ahead0=1.230:mode=shell,x,yz,224,221,3,2,5,165.1654747807281,37.472144889394144,500.0,0.001,55.75,0.05575,-1922.5786,-1911.5719,-1922.5786,-11.006714,-10.668945,1.0,0.05575,0.05575,10,223,222,6,6,1.3419528504332114,26.324877544413397,6.890000000770001,10.0,446.0,0.0,-0.056306712,-0.902133,26.324877544413397,0.49999999916963384,25.824877545243762,1.229756073583033,0.8244227650686163,0.053811659192825115,25.400390410952276,25.095121470830364,26.312004827094754,0.5290905445416513,0.125,0.30526894012191264,0.0,1.2168833562643897,0.3,-1,50,0,0.0,0.006,525,3,0.005714285714285714,0.0038095238095238095,0.6,0.006726457399103139,0.06105378802438253,0.10175631337397088,0.0005814646478512622,61.48780367915167,0.004964707175342132,2.857142857142857,2.5,1.6666666666666667,0.0
6,template_deposition,C,C,none,0,1.0,template_site:index=227:site=C:neigh=1:ahead0=1.230:mode=shell,x,yz,225,221,4,2,6,166.128844226341,0.9633694456128922,500.0,0.001,55.75,0.05575,-1930.2299,-1922.5786,-1930.2299,-7.651245,-7.320801,0.9842260960441716,0.05575,0.05575,10,224,227,5,5,1.4389794096351243,26.324877544413397,11.15,10.0,446.0,0.0,-0.07346197,-1.1769906,26.324877544413397,0.49999999916963384,25.824877545243762,1.229756073583033,0.8638127395913316,0.07174887892376682,25.54928524075423,25.117984847224527,26.312004827094754,0.5882264030383745,0.125,0.4541637699238663,0.022863376394163026,1.2168833562643897,0.4,-1,50,0,0.0,0.008,525,4,0.007619047619047619,0.0038095238095238095,0.6666666666666666,0.008968609865470852,0.07569396165397772,0.11354094248096658,0.0008650738474740311,61.48780367915167,0.007386241543017695,2.8533333333333335,2.48,1.5,0.0
7,template_deposition,C,C,none,0,1.0,template_site:index=224:site=C:neigh=1:ahead0=1.230:mode=shell,x,yz,226,221,5,2,7,166.55989979658727,0.431055570246284,500.0,0.001,55.75,0.05575,-1942.498,-1930.2299,-1942.498,-12.268188,-7.147827,0.9999634930494867,0.05575,0.05575,10,225,224,4,4,1.4796557118442564,26.324877544413397,4.05000000054,10.0,446.0,0.0,-0.10096912,-1.6177037,26.324877544413397,0.49999999916963384,25.824877545243762,1.229756073583033,0.8948558520314346,0.08968609865470852,25.709893509186507,25.716692660243005,26.305392518215662,0.5928859885862123,0.125,0.6147720383561435,0.6215711894126414,1.210271047385298,0.5,-1,50,0,0.0,0.01,525,5,0.009523809523809525,0.0038095238095238095,0.7142857142857143,0.011210762331838564,0.0878245769080205,0.1229544076712287,0.0011709943587736066,61.48780367915167,0.009998276106332788,2.849557522123894,2.4615384615384617,1.4,0.0
8,template_vacancy,vac,C,vac,1,1.0,template_site:index=223:site=C:neigh=2:ahead0=1.230:mode=shell,x,yz,226,221,5,3,8,188.78810702389245,22.228207227305163,500.0,0.001,55.75,0.05575,-1942.498,-1942.498,-1942.498,0.0,0.0,1.0,0.05575,0.05575,0,-1,223,3,3,1.337331310782143,26.324877544413397,2.62999999931,10.0,446.0,0.0,-0.10096912,-1.6177037,26.324877544413397,0.49999999916963384,25.824877545243762,1.229756073583033,0.8948558520314346,0.08968609865470852,25.709893509186507,25.716692660243005,26.305392518215662,0.5928859885862123,0.125,0.6147720383561435,0.6215711894126414,1.210271047385298,0.5,-1,50,0,0.0,0.01,525,5,0.009523809523809525,0.005714285714285714,0.625,0.011210762331838564,0.07684650479451793,0.1229544076712287,0.0011709943587736066,61.48780367915167,0.009998276106332788,2.849557522123894,2.4615384615384617,1.4,0.0
9,template_impurity,N,C,N,0,1.0,template_site:index=229:site=C:neigh=1:ahead0=1.230:mode=shell,x,yz,227,221,6,3,9,209.88393400835753,21.095826984465074,500.0,0.001,55.75,0.05575,-1950.9092,-1942.498,-1950.9092,-8.411133,-7.562256,0.9999999999301512,0.05575,0.05575,9,226,229,2,2,1.4200000010461111,26.324877544413397,19.67000000069,10.0,446.0,0.0,-0.11982816,-1.9198588,26.324877544413397,0.49999999916963384,25.824877545243762,1.229756073583033,0.9158748178147357,0.10762331838565023,25.877631138050205,26.282903483451857,26.305392518215662,0.5413750095962132,0.125,0.7825096672198413,1.1877820126214935,1.210271047385298,0.6,-1,50,0,0.0,0.012,525,6,0.011428571428571429,0.005714285714285714,0.6666666666666666,0.013452914798206279,0.08694551857998237,0.13041827786997354,0.0014904946042282692,61.48780367915167,0.012726258223550153,2.845814977973568,2.4444444444444446,1.3333333333333333,0.0
10,template_deposition,C,C,none,0,1.0,template_site:index=230:site=C:neigh=2:ahead0=1.230:mode=shell,x,yz,228,221,7,3,10,219.60540614041992,9.721472132062386,500.0,0.001,55.75,0.05575,-1966.4009,-1950.9092,-1966.4009,-15.491699,-9.906616,1.0,0.05575,0.05575,10,227,230,1,1,1.4029541656991553,26.324877544413397,21.08999999969,10.0,446.0,0.0,-0.1545629,-2.4763708,26.324877544413397,0.49999999916963384,25.824877545243762,1.229756073583033,0.9350832183056756,0.12556053811659193,25.882816401254043,26.2940410658805,26.321645746155383,0.546893588892958,0.125,0.7876949304236796,1.1989195950501355,1.2265242753250192,0.7,-1,50,0,0.0,0.013999999999999999,525,7,0.013333333333333334,0.005714285714285714,0.7,0.01569506726457399,0.07876949304236795,0.1125278472033828,0.001500371296045104,61.48780367915167,0.012810588170199335,2.8508771929824563,2.5,1.5714285714285714,0.0
11,template_deposition,C,C,none,0,1.0,template_site:index=240:site=C:neigh=1:ahead0=2.460:mode=shell,x,yz,229,221,8,3,11,230.40265105947097,10.797244919051057,500.0,0.001,55.75,0.05575,-1974.6783,-1966.4009,-1974.6783,-8.277466,-7.632324,0.666501784560694,0.05575,0.05575,7,228,240,7,7,1.4199999999311124,27.55463361799643,14.69999999973,10.0,446.0,0.0,-0.17312226,-2.7737243,27.543595577274687,0.49999999916963384,27.04359557810505,2.4484741064443227,0.703494516981489,0.14349775784753363,26.028047269826047,26.265605523737882,26.68726115601377,0.7700167170345473,0.125,0.932925798995683,1.1704840529075184,1.5921396851834047,0.7,-1,50,0,0.0,0.015818181818181818,525,8,0.015238095238095238,0.005714285714285714,0.7272727272727273,0.017937219730941704,0.08481143627233481,0.11661572487446037,0.001777001521896539,61.48780367915167,0.015172534115281872,2.8471615720524017,2.210526315789474,1.625,0.0
12,template_vacancy,vac,C,vac,1,1.0,template_site:index=235:site=C:neigh=1:ahead0=2.460:mode=shell,x,yz,229,221,8,4,12,258.74488520273775,28.342234143266793,500.0,0.001,55.75,0.05575,-1974.6783,-1974.6783,-1974.6783,0.0,0.0,0.999999999394531,0.05575,0.05575,0,-1,235,7,7,1.4506569460444374,27.55463361799643,4.760000000040001,10.0,446.0,0.0,-0.17312226,-2.7737243,27.543595577274687,0.49999999916963384,27.04359557810505,2.4484741064443227,0.703494516981489,0.14349775784753363,26.028047269826047,26.265605523737882,26.68726115601377,0.7700167170345473,0.125,0.932925798995683,1.1704840529075184,1.5921396851834047,0.7,-1,50,0,0.0,0.015818181818181818,525,8,0.015238095238095238,0.007619047619047619,0.6666666666666666,0.017937219730941704,0.07774381658297358,0.11661572487446037,0.001777001521896539,61.48780367915167,0.015172534115281872,2.8471615720524017,2.210526315789474,1.625,0.0
13,template_deposition,C,C,none,0,1.0,template_site:index=239:site=C:neigh=1:ahead0=2.460:mode=shell,x,yz,230,221,9,4,13,279.51427905762216,20.769393854884434,500.0,0.001,55.75,0.05575,-1983.758,-1974.6783,-1983.758,-9.079712,-6.686035,0.9851221198625956,0.05575,0.05575,8,229,239,6,6,1.4883782076419372,27.55463361799643,13.28000000073,10.0,446.0,0.0,-0.19348036,-3.0998971,27.787353853575247,0.49999999916963384,27.287353854405612,2.6922323827448835,0.7811106915300228,0.16143497757847533,26.19407432122187,26.29629341379802,27.434141360969623,0.9211049110099838,0.125,1.0989528503915054,1.2011719429676546,2.3390198901392587,0.6,-1,50,0,0.0,0.015636363636363636,525,8,0.015238095238095238,0.007619047619047619,0.6923076923076923,0.020179372197309416,0.0845348346455004,0.12210587226572282,0.0020932435245552485,61.48780367915167,0.017872696447671643,2.8521739130434782,2.3,1.7777777777777777,0.0
14,template_deposition,C,C,none,0,1.0,template_site:index=236:site=C:neigh=1:ahead0=2.460:mode=shell,x,yz,231,221,10,4,14,301.12414063998864,21.609861582366495,500.0,0.001,55.75,0.05575,-1990.5046,-1983.758,-1990.5046,-6.746582,-6.1417236,0.9989370143087593,0.05575,0.05575,8,230,236,4,4,1.4701843881385206,27.55463361799643,6.17999999904,10.0,446.0,0.0,-0.20860721,-3.342256,27.787353853575247,0.49999999916963384,27.287353854405612,2.6922323827448835,0.85147821625248,0.17937219730941703,26.34728042694595,26.295767580907544,27.619078997005442,1.025613312717881,0.125,1.2521589561155864,1.2006461100771801,2.523957526175078,0.6,-1,50,0,0.0,0.017454545454545455,525,9,0.017142857142857144,0.007619047619047619,0.7142857142857143,0.02242152466367713,0.08943992543682759,0.12521589561155863,0.0023850646783154027,61.48780367915167,0.020364346767847704,2.8484848484848486,2.2857142857142856,1.8,0.0
15,template_deposition,C,C,none,0,1.0,template_site:index=232:site=C:neigh=1:ahead0=2.460:mode=shell,x,yz,232,221,11,4,15,326.41905716278774,25.29491652279909,500.0,0.001,55.75,0.05575,-1998.0299,-1990.5046,-1998.0299,-7.5252686,-6.979492,0.9999999999965723,0.05575,0.05575,9,231,232,3,3,1.478347319461492,27.55463361799643,9.01999999927,10.0,446.0,0.0,-0.22548002,-3.6125882,27.787353853575247,0.49999999916963384,27.287353854405612,2.6922323827448835,0.9059510274092261,0.19730941704035873,26.641201138945355,26.801512634091722,27.620894635796642,0.9845770648119412,0.125,1.5460796681149915,1.7063911632613582,2.525773164966278,0.6,-1,50,0,0.0,0.01927272727272727,525,10,0.01904761904761905,0.007619047619047619,0.7333333333333333,0.02466367713004484,0.10307197787433277,0.14055269710136287,0.002944913653552365,61.48780367915167,0.025144493307690096,2.8448275862068964,2.272727272727273,1.8181818181818181,0.0
16,template_deposition,C,C,none,0,1.0,template_site:index=231:site=C:neigh=1:ahead0=2.460:mode=shell,x,yz,233,221,12,4,16,328.8114206994903,2.392363536702579,500.0,0.001,55.75,0.05575,-2007.0208,-1998.0299,-2007.0208,-8.990845,-7.8533936,1.0,0.05575,0.05575,10,232,231,3,3,1.4295371268572497,27.55463361799643,10.440000000500001,10.0,446.0,0.0,-0.24563886,-3.9355686,27.8013327080627,0.49999999916963384,27.301332708893064,2.706211237232335,0.9432082183115846,0.21524663677130046,26.642415266923017,26.801512634091722,27.622102210676566,0.9861308116846608,0.125,1.547293796092653,1.7063911632613582,2.526980739846202,0.6,-1,50,0,0.0,0.02109090909090909,525,11,0.02095238095238095,0.007619047619047619,0.75,0.026905829596412557,0.09670586225579081,0.12894114967438774,0.0029472262782717197,61.48780367915167,0.025164239141904583,2.8412017167381975,2.260869565217391,1.8333333333333333,0.0
17,template_deposition,C,C,none,0,1.0,template_site:index=241:site=C:neigh=1:ahead0=2.460:mode=shell,x,yz,234,221,13,4,17,329.17060110169604,0.35918040220573527,500.0,0.001,55.75,0.05575,-2013.5349,-2007.0208,-2013.5349,-6.51416,-5.841919,1.0,0.05575,0.05575,8,233,241,2,2,1.4939687745866739,27.55463361799643,21.79999999919,10.0,446.0,0.0,-0.2602446,-4.1695786,27.8013327080627,0.49999999916963384,27.301332708893064,2.706211237232335,0.9671911260168292,0.23318385650224216,26.805221714472033,27.404872148680163,27.622102210676566,0.9993269487727484,0.125,1.7101002436416692,2.3097506778497987,2.526980739846202,0.6,-1,50,0,0.0,0.02290909090909091,525,12,0.022857142857142857,0.007619047619047619,0.7647058823529411,0.02914798206278027,0.10059413197892172,0.1315461725878207,0.0032573337974127034,61.48780367915167,0.02781202354478476,2.8376068376068377,2.25,1.8461538461538463,0.0
18,template_impurity,N,C,N,0,1.0,template_site:index=237:site=C:neigh=1:ahead0=2.460:mode=shell,x,yz,235,221,14,4,18,334.1608410004888,4.990239898792748,500.0,0.001,55.75,0.05575,-2020.4994,-2013.5349,-2020.4994,-6.9644775,-6.3103027,0.9999999999999942,0.05575,0.05575,9,234,237,2,2,1.39379886350787,27.55463361799643,18.95999999896,10.0,446.0,0.0,-0.27586,-4.4197645,27.8013327080627,0.49999999916963384,27.301332708893064,2.706211237232335,0.9924426153334912,0.25112107623318386,27.096512310597276,27.527588025455444,27.626590005851195,0.8176776456819362,0.125,2.0013908397669127,2.43246655462508,2.5314685350208315,0.6,-1,50,0,0.0,0.024727272727272726,525,13,0.024761904761904763,0.007619047619047619,0.7777777777777778,0.03139013452914798,0.11118837998705071,0.14295648855477947,0.003812173028127453,61.48780367915167,0.03254939549004437,2.8340425531914892,2.24,1.8571428571428572,0.0
19,template_impurity,N,C,N,0,1.0,template_site:index=238:site=C:neigh=1:ahead0=2.460:mode=shell,x,yz,236,221,15,4,19,392.25758397015284,58.096742969664035,500.0,0.001,55.75,0.05575,-2029.005,-2020.4994,-2029.005,-8.505615,-7.00708,1.0,0.05575,0.05575,10,235,238,2,2,1.428356413301272,27.55463361799643,17.539999999960003,10.0,446.0,0.0,-0.2949309,-4.725314,27.8013327080627,0.49999999916963384,27.301332708893064,2.706211237232335,1.0143023271055063,0.26905829596412556,27.105842702338773,27.527588025455444,27.66471254902534,0.8222338863976335,0.125,2.010721231508409,2.43246655462508,2.569591078194975,0.6,-1,50,0,0.0,0.026545454545454542,525,14,0.02666666666666667,0.007619047619047619,0.7894736842105263,0.033632286995515695,0.10582743323728469,0.1340480821005606,0.00382994520287316,61.48780367915167,0.03270113926983821,2.830508474576271,2.230769230769231,1.8666666666666667,0.0
20,template_deposition,C,C,none,0,1.0,template_site:index=234:site=C:neigh=1:ahead0=2.460:mode=shell,x,yz,237,221,16,4,20,402.2454636526981,9.987879682545273,500.0,0.001,55.75,0.05575,-2037.8134,-2029.005,-2037.8134,-8.80835,-4.1376953,1.0,0.05575,0.05575,9,236,234,1,1,1.0166069372653366,27.55463361799643,0.5000000008100001,10.0,446.0,0.0,-0.31468058,-5.041739,27.8013327080627,0.49999999916963384,27.301332708893064,2.706211237232335,1.0279023504781646,0.28699551569506726,27.395412584519434,27.553699486086966,27.685721732588437,0.46284798180156983,0.125,2.3002911136890702,2.4585780152566024,2.5906002617580732,0.6,-1,50,0,0.0,0.028363636363636365,525,15,0.02857142857142857,0.007619047619047619,0.8,0.03587443946188341,0.11501455568445351,0.1437681946055669,0.0043815068832172765,61.48780367915167,0.03741052657681799,2.827004219409283,2.2222222222222223,1.875,0.0
21,template_deposition,C,C,none,0,1.0,template_site:index=233:site=C:neigh=1:ahead0=2.460:mode=shell,x,yz,238,221,17,4,21,408.76418179179797,6.518718139099849,500.0,0.001,55.75,0.05575,-2046.5126,-2037.8134,-2046.5126,-8.699219,-7.2996826,1.0,0.05575,0.05575,10,237,233,1,1,1.2589610877285742,27.55463361799643,1.9199999998100001,10.0,446.0,0.0,-0.33418554,-5.354243,27.8013327080627,0.49999999916963384,27.301332708893064,2.706211237232335,1.0430193006790458,0.30493273542600896,27.38169347079218,27.565130225871627,27.69669404895341,0.5370360662840429,0.125,2.286571999961815,2.4700087550412633,2.601572578123047,0.5,1,50,0,0.0,0.028181818181818183,525,15,0.02857142857142857,0.007619047619047619,0.8095238095238095,0.03811659192825112,0.10888438095056262,0.13450423529187147,0.004355375238022505,61.48780367915167,0.03718740730915244,2.831932773109244,2.2857142857142856,1.9411764705882353,0.0
22,template_deposition,C,C,none,0,1.0,template_site:index=249:site=C:neigh=1:ahead0=3.689:mode=shell,x,yz,239,221,18,4,22,422.84153215727326,14.077350365475297,500.0,0.001,55.75,0.05575,-2057.3687,-2046.5126,-2057.3687,-10.856079,-8.184448,0.9999996955734368,0.05575,0.05575,8,238,249,9,9,1.3200813216285416,28.784389691579467,12.569999999,10.0,446.0,0.0,-0.35852653,-5.7442284,28.58863856230304,0.49999999916963384,28.088638563133404,3.4935170914726754,0.7465356114927092,0.32286995515695066,27.46514566832685,27.555975515155502,27.932885805225514,0.6619174121248003,0.125,2.3700241974964875,2.4608540443251385,2.8377643343951497,0.6,-1,50,0,0.0,0.030363636363636367,525,16,0.030476190476190476,0.007619047619047619,0.8181818181818182,0.04035874439461883,0.1077283726134767,0.13166801097202707,0.004514331804755215,61.48780367915167,0.03854462276557259,2.8451882845188283,2.1666666666666665,2.1666666666666665,0.0
23,template_deposition,C,C,none,0,1.0,template_site:index=248:site=C:neigh=2:ahead0=3.689:mode=shell,x,yz,240,221,19,4,23,436.228805984966,13.387273827692768,500.0,0.001,55.75,0.05575,-2066.7754,-2057.3687,-2066.7754,-9.406738,-7.3461914,0.06284963622771697,0.05575,0.05575,9,239,248,7,7,1.173479122531941,28.784389691579467,11.15,10.0,446.0,0.0,-0.37961787,-6.082149,28.750414022024785,0.49999999916963384,28.25041402285515,3.655292551194421,0.8235701529410292,0.34080717488789236,27.478611430159518,27.555975515155502,27.981418443142037,0.6983385640555105,0.125,2.383489959329154,2.4608540443251385,2.8862969723116727,0.6,-1,50,0,0.0,0.032363636363636365,525,17,0.03238095238095238,0.007619047619047619,0.8260869565217391,0.042600896860986545,0.10362999823170234,0.1254468399646923,0.004539980874912674,61.48780367915167,0.03876362167311093,2.841666666666667,2.1578947368421053,2.1578947368421053,0.0
24,template_deposition,C,C,none,0,1.0,template_site:index=243:site=C:neigh=1:ahead0=3.689:mode=shell,x,yz,241,221,20,4,24,442.58837106601516,6.359565081049124,500.0,0.001,55.75,0.05575,-2074.951,-2066.7754,-2074.951,-8.175537,-7.411133,0.63536304261733,0.05575,0.05575,6,240,243,6,6,1.4693228684369903,28.784389691579467,6.890000000770001,10.0,446.0,0.0,-0.39794868,-6.375841,28.750414022024785,0.49999999916963384,28.25041402285515,3.655292551194421,0.8718222373123538,0.35874439461883406,27.631087525996108,27.610572741522965,28.747876146547497,0.8155792324035391,0.125,2.535966055165744,2.5154512706926013,3.6527546757171336,0.6,-1,50,0,0.0,0.03436363636363637,525,18,0.03428571428571429,0.007619047619047619,0.8333333333333334,0.04484304932735426,0.10566525229857267,0.1267983027582872,0.004830411533649036,61.48780367915167,0.041243399559343835,2.8381742738589213,2.15,2.15,0.0
25,template_deposition,C,C,none,0,1.0,template_site:index=242:site=C:neigh=1:ahead0=3.689:mode=shell,x,yz,242,221,21,4,25,446.10597444874486,3.5176033827296918,500.0,0.001,55.75,0.05575,-2085.3167,-2074.951,-2085.3167,-10.365723,-8.375488,0.9999999999256592,0.05575,0.05575,9,241,242,6,6,1.493915184691232,28.784389691579467,8.30999999977,10.0,446.0,0.0,-0.4211902,-6.748211,28.68491091828701,0.49999999916963384,28.184910919117375,3.5897894474566456,0.8926290621605508,0.37668161434977576,27.636443913392995,27.610572741522965,28.679616022084254,0.7877001038049926,0.125,2.541322442562631,2.5154512706926013,3.58449455125389,0.6,-1,50,0,0.0,0.03636363636363637,525,19,0.03619047619047619,0.007619047619047619,0.84,0.04708520179372197,0.10165289770250524,0.12101535440774433,0.004840614176309773,61.48780367915167,0.04133051256511709,2.84297520661157,2.238095238095238,2.238095238095238,0.0
26,template_deposition,C,C,none,0,1.0,template_site:index=244:site=C:neigh=1:ahead0=3.689:mode=shell,x,yz,243,221,22,4,26,453.3255343219105,7.219559873165602,500.0,0.001,55.75,0.05575,-2093.0125,-2085.3167,-2093.0125,-7.695801,-7.3737793,0.9999999999953189,0.05575,0.05575,8,242,244,5,5,1.2941262082933358,28.784389691579467,2.62999999931,10.0,446.0,0.0,-0.43844536,-7.024669,28.79702955444215,0.49999999916963384,28.297029555272516,3.7019080836117872,0.9224044771726613,0.39461883408071746,27.77835417170657,27.59956813028293,28.718546509133553,0.874124005427329,0.125,2.683232700876207,2.504446659452565,3.623425038303189,0.6,-1,50,0,0.0,0.038363636363636364,525,20,0.0380952380952381,0.007619047619047619,0.8461538461538461,0.04932735426008968,0.10320125772600797,0.12196512276710032,0.005110919430240395,61.48780367915167,0.043638454137629186,2.8395061728395063,2.227272727272727,2.227272727272727,0.0
27,template_vacancy,vac,C,vac,1,1.0,template_site:index=245:site=C:neigh=1:ahead0=3.689:mode=shell,x,yz,243,221,22,5,27,485.31662618473337,31.991091862822884,500.0,0.001,55.75,0.05575,-2093.0125,-2093.0125,-2093.0125,0.0,0.0,1.0,0.05575,0.05575,0,-1,245,5,5,1.356667123889012,28.784389691579467,4.05000000054,10.0,446.0,0.0,-0.43844536,-7.024669,28.79702955444215,0.49999999916963384,28.297029555272516,3.7019080836117872,0.9224044771726613,0.39461883408071746,27.77835417170657,27.59956813028293,28.718546509133553,0.874124005427329,0.125,2.683232700876207,2.504446659452565,3.623425038303189,0.6,-1,50,0,0.0,0.038363636363636364,525,20,0.0380952380952381,0.009523809523809525,0.8148148148148148,0.04932735426008968,0.099378988921341,0.12196512276710032,0.005110919430240395,61.48780367915167,0.043638454137629186,2.8395061728395063,2.227272727272727,2.227272727272727,0.0
28,template_impurity,N,C,N,0,1.0,template_site:index=251:site=C:neigh=1:ahead0=3.689:mode=shell,x,yz,244,221,23,5,28,490.0459933853618,4.729367200628414,500.0,0.001,55.75,0.05575,-2102.447,-2093.0125,-2102.447,-9.43457,-6.8999023,0.9999999824078506,0.05575,0.05575,10,243,251,4,4,1.3587815136275085,28.784389691579467,21.08999999969,10.0,446.0,0.0,-0.4595991,-7.36359,28.85568359228135,0.49999999916963384,28.355683593111713,3.7605621214509846,0.9679937687191793,0.4125560538116592,28.21324359957442,28.289488511399203,28.84777912043001,0.5825145270065085,0.125,3.118122128744055,3.1943670405688387,3.7526576495996444,0.6,-1,50,0,0.0,0.04036363636363636,525,21,0.04,0.009523809523809525,0.8214285714285714,0.0515695067264574,0.11136150459800197,0.13557052733669805,0.005939280245226771,61.48780367915167,0.05071122958001018,2.8360655737704916,2.1739130434782608,2.1739130434782608,0.0
29,template_impurity,N,C,N,0,1.0,template_site:index=250:site=C:neigh=2:ahead0=3.689:mode=shell,x,yz,245,221,24,5,29,506.89220618821497,16.84621280285317,500.0,0.001,55.75,0.05575,-2110.5977,-2102.447,-2110.5977,-8.150635,-7.043213,1.0,0.05575,0.05575,9,244,250,3,3,1.2723379002123554,28.784389691579467,19.67000000069,10.0,446.0,0.0,-0.47787407,-7.656387,28.84439148963658,0.49999999916963384,28.344391490466943,3.7492700188062145,0.9792560838319964,0.4304932735426009,28.225420687689297,28.351228144668873,28.834052168353697,0.5721541189323321,0.125,3.1302992168589334,3.2561066738385094,3.738930697523333,0.6,-1,50,0,0.0,0.040545454545454544,525,21,0.04,0.009523809523809525,0.8275862068965517,0.053811659192825115,0.10794135230548046,0.1304291340357889,0.005962474698778921,61.48780367915167,0.050909270287048926,2.840816326530612,2.25,2.25,0.0
30,template_deposition,C,C,none,0,1.0,template_site:index=246:site=C:neigh=1:ahead0=3.689:mode=shell,x,yz,246,221,25,5,30,521.2476340673942,14.355427879179233,500.0,0.001,55.75,0.05575,-2117.4512,-2110.5977,-2117.4512,-6.8535156,-5.145508,0.9989301711462714,0.05575,0.05575,9,245,246,2,2,1.3930129882854607,28.784389691579467,16.83000000046,10.0,446.0,0.0,-0.49324068,-7.902587,28.88240976831341,0.49999999916963384,28.382409769143774,3.7872882974830446,0.9846876412276705,0.4484304932735426,28.324653235588464,28.681128849570754,28.855796973239627,0.5848138910886147,0.125,3.2295317647581,3.5860073787403905,3.7606755024092635,0.6,-1,50,0,0.0,0.04254545454545454,525,22,0.0419047619047619,0.009523809523809525,0.8333333333333334,0.05605381165919283,0.10765105882527,0.129181270590324,0.006151489075729715,61.48780367915167,0.052523127702040845,2.845528455284553,2.32,2.32,0.0
31,template_deposition,C,C,none,0,1.0,template_site:index=247:site=C:neigh=2:ahead0=3.689:mode=shell,x,yz,247,221,26,5,31,524.8230523839873,3.5754183165930438,500.0,0.001,55.75,0.05575,-2126.279,-2117.4512,-2126.279,-8.827881,-7.829834,1.0,0.05575,0.05575,9,246,247,1,1,1.4053937135394823,28.784389691579467,15.409999999230001,10.0,446.0,0.0,-0.51303416,-8.219713,28.88240976831341,0.49999999916963384,28.382409769143774,3.7872882974830446,0.9926829691760258,0.4663677130044843,28.50076042550173,28.713499064049792,28.855796973239627,0.46734304267357385,0.125,3.4056389546713675,3.618377593219428,3.7606755024092635,0.6,2,50,0,0.0,0.04454545454545454,525,23,0.04380952380952381,0.009523809523809525,0.8387096774193549,0.05829596412556054,0.1098593211184312,0.13098611364120644,0.006486931342231176,61.48780367915167,0.055387227236839795,2.8502024291497974,2.3846153846153846,2.3846153846153846,0.0
32,template_deposition,C,C,none,0,1.0,template_site:index=253:site=C:neigh=1:ahead0=4.919:mode=shell,x,yz,248,221,27,5,32,540.5856086993101,15.762556315322845,500.0,0.001,55.75,0.05575,-2133.5518,-2126.279,-2133.5518,-7.272705,-6.7148438,0.992660466013646,0.05575,0.05575,9,247,253,9,9,1.486070556083273,30.014145765162507,9.01999999927,10.0,446.0,0.0,-0.5293407,-8.480973,29.97822208895193,0.49999999916963384,29.478222089782296,4.883100618121567,0.7098041530593046,0.484304932735426,28.805334644630566,28.735525839327074,29.211153464504964,0.5314028936301839,0.125,3.710213173800202,3.6404043684967107,4.1160319936746,0.6,2,50,0,0.0,0.046363636363636364,525,24,0.045714285714285714,0.009523809523809525,0.84375,0.06053811659192825,0.11594416168125632,0.13741530273334082,0.0070670727120003855,61.48780367915167,0.060340635895215815,2.846774193548387,2.25,2.3703703703703702,0.0
33,template_deposition,C,C,none,0,1.0,template_site:index=252:site=C:neigh=2:ahead0=4.919:mode=shell,x,yz,249,221,28,5,33,541.3602835117711,0.7746748124609053,500.0,0.001,55.75,0.05575,-2144.4844,-2133.5518,-2144.4844,-10.932617,-10.344238,1.0,0.05575,0.05575,9,248,252,8,8,1.3841931445054128,30.014145765162507,10.440000000500001,10.0,446.0,0.0,-0.5538533,-8.873708,29.950214349695884,0.49999999916963384,29.45021435052625,4.85509287886552,0.7813310562677204,0.5022421524663677,28.80108070150908,28.737979695959016,29.20275114272815,0.5244145775248863,0.125,3.7059592306787152,3.642858225128652,4.1076296718977865,0.6,2,50,0,0.0,0.04818181818181819,525,25,0.047619047619047616,0.009523809523809525,0.8484848484848485,0.06278026905829596,0.11230179486905198,0.1323556868099541,0.007058969963197553,61.48780367915167,0.06027145236828933,2.8514056224899598,2.3333333333333335,2.4285714285714284,0.0
34,template_impurity,N,C,N,0,1.0,template_site:index=254:site=C:neigh=1:ahead0=4.919:mode=shell,x,yz,250,221,29,5,34,567.5702179240078,26.209934412236702,500.0,0.001,55.75,0.05575,-2153.6226,-2144.4844,-2153.6226,-9.138184,-6.854492,0.9988549839806847,0.05575,0.05575,6,249,254,7,7,1.518476022659385,30.014145765162507,1.9199999998100001,10.0,446.0,0.0,-0.5743425,-9.201982,29.962597427892813,0.49999999916963384,29.46259742872318,4.8674759570624495,0.8439035088109649,0.5201793721973094,28.70665945452999,28.737979695959016,29.953929273154962,1.1402526138348374,0.125,3.611537983699627,3.642858225128652,4.858807802324598,0.6,2,50,0,0.0,0.05,525,26,0.049523809523809526,0.009523809523809525,0.8529411764705882,0.06502242152466367,0.1062217054029302,0.12453579254136644,0.00687911996895167,61.48780367915167,0.05873584300628014,2.848,2.3181818181818183,2.413793103448276,0.0
35,template_deposition,C,C,none,0,1.0,template_site:index=261:site=C:neigh=1:ahead0=4.919:mode=shell,x,yz,251,221,30,5,35,577.0611494675982,9.490931543590397,500.0,0.001,55.75,0.05575,-2160.4873,-2153.6226,-2160.4873,-6.864746,-6.2070312,0.9999996707504848,0.05575,0.05575,9,250,261,7,7,1.460248010577848,30.014145765162507,14.69999999973,10.0,446.0,0.0,-0.58973426,-9.448585,29.962597427892813,0.49999999916963384,29.46259742872318,4.8674759570624495,0.8867278639714025,0.5381165919282511,28.86402756518052,28.82083747317904,29.95861292982239,1.2128716272831133,0.125,3.7689060943501573,3.725716002348676,4.863491458992026,0.6,2,50,0,0.0,0.053636363636363635,525,28,0.05333333333333334,0.009523809523809525,0.8571428571428571,0.06726457399103139,0.10768303126714736,0.12563020314500525,0.007178868751143157,61.48780367915167,0.06129518162685749,2.8446215139442232,2.3043478260869565,2.4,0.0
36,template_deposition,C,C,none,0,1.0,template_site:index=260:site=C:neigh=2:ahead0=4.919:mode=shell,x,yz,252,221,31,5,36,592.6667467678767,15.605597300278546,500.0,0.001,55.75,0.05575,-2170.9033,-2160.4873,-2170.9033,-10.416016,-9.2146,1.0,0.05575,0.05575,10,251,260,6,6,1.4350911643228412,30.014145765162507,13.28000000073,10.0,446.0,0.0,-0.61308855,-9.822762,30.01750546084991,0.49999999916963384,29.517505461680276,4.922383990019547,0.9295657514705199,0.5560538116591929,29.03272962718401,29.416312059004646,30.010804759336743,1.2731284885663874,0.125,3.9376081563536474,4.321190588174282,4.915683288506379,0.6,2,50,0,0.0,0.05545454545454545,525,29,0.05523809523809524,0.009523809523809525,0.8611111111111112,0.06950672645739911,0.10937800434315686,0.12701961794689184,0.007500206012102185,61.48780367915167,0.06403884869429399,2.8492063492063493,2.375,2.4516129032258065,0.0
37,template_deposition,C,C,none,0,1.0,template_site:index=257:site=C:neigh=1:ahead0=4.919:mode=shell,x,yz,253,221,32,5,37,593.5284082135498,0.8616614456731161,500.0,0.001,55.75,0.05575,-2177.4282,-2170.9033,-2177.4282,-6.5249023,-5.5300293,0.034300937863382355,0.05575,0.05575,8,252,257,5,5,1.6308184131464267,30.014145765162507,6.17999999904,10.0,446.0,0.0,-0.6277184,-10.0571575,30.01750546084991,0.49999999916963384,29.517505461680276,4.922383990019547,0.9524919245882612,0.5739910313901345,29.193418599726826,29.935398123760407,30.010804759336743,1.2937383285078383,0.125,4.098297128896462,4.840276652930044,4.915683288506379,0.6,2,50,0,0.0,0.05727272727272727,525,30,0.05714285714285714,0.009523809523809525,0.8648648648648649,0.07174887892376682,0.11076478726747195,0.12807178527801444,0.007806280245517071,61.48780367915167,0.0666521957798608,2.8458498023715415,2.36,2.4375,0.0
38,template_deposition,C,C,none,0,1.0,template_site:index=256:site=C:neigh=1:ahead0=4.919:mode=shell,x,yz,254,221,33,5,38,602.1728211334932,8.644412919943408,500.0,0.001,55.75,0.05575,-2186.1982,-2177.4282,-2186.1982,-8.77002,-7.6574707,1.0,0.05575,0.05575,8,253,256,5,5,1.4785027211442716,30.014145765162507,4.760000000040001,10.0,446.0,0.0,-0.64738214,-10.372206,30.03274785668267,0.49999999916963384,29.532747857513034,4.937626385852305,0.9783454645538896,0.5919282511210763,29.695451579295643,29.96850817575056,30.024569868759396,0.49896937281760034,0.125,4.600330108465279,4.873386704920197,4.929448397929033,0.6,2,50,0,0.0,0.05909090909090909,525,31,0.05904761904761905,0.009523809523809525,0.868421052631579,0.07399103139013453,0.12106131864382313,0.13940394268076603,0.008762533539933864,61.48780367915167,0.07481695284596883,2.84251968503937,2.3461538461538463,2.4242424242424243,0.0
39,template_deposition,C,C,none,0,1.0,template_site:index=259:site=C:neigh=1:ahead0=4.919:mode=shell,x,yz,255,221,34,5,39,604.0720054928626,1.8991843593692943,500.0,0.001,55.75,0.05575,-2192.4612,-2186.1982,-2192.4612,-6.2629395,-5.668701,0.886638467487723,0.05575,0.05575,9,254,259,4,4,1.3775481812899526,30.014145765162507,17.539999999960003,10.0,446.0,0.0,-0.6614246,-10.59719,30.08546643921893,0.49999999916963384,29.585466440049295,4.990344968388566,0.9678344317820011,0.6098654708520179,29.8535125130213,30.011002182494142,30.048563431443547,0.3820199764641348,0.125,4.758391042190937,4.915880711663778,4.953441960613183,0.6,2,50,0,0.0,0.06090909090909092,525,32,0.06095238095238095,0.009523809523809525,0.8717948717948718,0.07623318385650224,0.12201002672284453,0.13995267771149814,0.009063601985125593,61.48780367915167,0.07738755911693652,2.83921568627451,2.3076923076923075,2.411764705882353,0.0
40,template_deposition,C,C,none,0,1.0,template_site:index=258:site=C:neigh=2:ahead0=4.919:mode=shell,x,yz,256,221,35,5,40,608.1223317738995,4.050326281036941,500.0,0.001,55.75,0.05575,-2202.5203,-2192.4612,-2202.5203,-10.059082,-9.413818,1.0,0.05575,0.05575,10,255,258,3,3,1.3972530092164983,30.014145765162507,18.95999999896,10.0,446.0,0.0,-0.68397856,-10.958545,30.060895971423882,0.49999999916963384,29.560895972254247,4.965774500593518,1.0153474939538985,0.6278026905829597,29.85436860761734,30.011002182494142,30.041192291105034,0.36995720521002856,0.125,4.759247136786975,4.915880711663778,4.94607082027467,0.6,2,50,0,0.0,0.06272727272727273,525,33,0.06285714285714286,0.009523809523809525,0.875,0.07847533632286996,0.11898117841967437,0.135978489622485,0.009065232641499,61.48780367915167,0.07740148211539823,2.84375,2.392857142857143,2.4571428571428573,0.0
41,template_deposition,C,C,none,0,1.0,template_site:index=262:site=C:neigh=1:ahead0=4.919:mode=shell,x,yz,257,221,36,5,41,648.8008131577166,40.67848138381701,500.0,0.001,55.75,0.05575,-2209.2456,-2202.5203,-2209.2456,-6.725342,-5.6245117,0.9999999861141542,0.05575,0.05575,11,256,262,2,2,1.42768844709548,30.014145765162507,21.79999999919,10.0,446.0,0.0,-0.6990578,-11.200141,30.060895971423882,0.49999999916963384,29.560895972254247,4.965774500593518,0.9939840752255559,0.6457399103139013,29.994067538260225,30.011002182494142,30.06069402945687,0.05963759922837941,0.125,4.898946067429861,4.915880711663778,4.965572558626505,0.6,3,50,0,0.0,0.06454545454545454,525,34,0.06476190476190476,0.009523809523809525,0.8780487804878049,0.08071748878923767,0.1194864894495088,0.13608183520638503,0.009331325842723545,61.48780367915167,0.0796734600083125,2.840466926070039,2.357142857142857,2.4444444444444446,0.0
42,template_deposition,C,C,none,0,1.0,template_site:index=255:site=C:neigh=2:ahead0=4.919:mode=shell,x,yz,258,221,37,5,42,697.1934190099496,48.39260585223309,500.0,0.001,55.75,0.05575,-2218.7861,-2209.2456,-2218.7861,-9.540527,-4.6120605,1.0,0.05575,0.05575,10,257,255,1,1,1.0284829182617579,30.014145765162507,0.5000000008100001,10.0,446.0,0.0,-0.72044915,-11.542869,30.114550618045794,0.49999999916963384,29.61455061887616,5.01942914721543,1.0047145789240366,0.6636771300448431,30.004530667357518,30.011002182494142,30.076992365410455,0.06780605461940706,0.125,4.909409196527154,4.915880711663778,4.981870894580091,0.6,3,50,0,0.0,0.06636363636363636,525,35,0.06666666666666667,0.009523809523809525,0.8809523809523809,0.08295964125560538,0.11689069515540843,0.13268673504127443,0.009351255612432673,61.48780367915167,0.07984362593506913,2.8449612403100777,2.413793103448276,2.4864864864864864,0.0
43,template_deposition,C,C,none,0,1.0,template_site:index=266:site=C:neigh=1:ahead0=6.149:mode=shell,x,yz,259,221,38,5,43,716.541434671614,19.34801566166431,500.0,0.001,55.75,0.05575,-2226.6216,-2218.7861,-2226.6216,-7.835449,-7.040039,0.9999957235438727,0.05575,0.05575,7,258,266,10,10,1.4438310939874943,31.24390183874554,4.05000000054,10.0,446.0,0.0,-0.7380174,-11.824343,31.182679612760428,0.49999999916963384,30.682679613590793,6.087558141930064,0.6878598841346083,0.6816143497757847,30.135139129377823,30.011002182494142,30.419714560208536,0.40472354047744874,0.125,5.040017658547459,4.915880711663778,5.3245930893781726,0.6,3,50,0,0.0,0.06836363636363636,525,36,0.06857142857142857,0.009523809523809525,0.8837209302325582,0.08520179372197309,0.11720971298947579,0.13263204364598577,0.009600033635328494,61.48780367915167,0.08196776201092949,2.841698841698842,2.3333333333333335,2.473684210526316,0.0
44,template_vacancy,vac,C,vac,1,1.0,template_site:index=265:site=C:neigh=2:ahead0=6.149:mode=shell,x,yz,259,221,38,6,44,750.4198644676652,33.87842979605128,500.0,0.001,55.75,0.05575,-2226.6216,-2226.6216,-2226.6216,0.0,0.0,1.0,0.05575,0.05575,0,-1,265,9,9,1.305748322218564,31.24390183874554,2.62999999931,10.0,446.0,0.0,-0.7380174,-11.824343,31.182679612760428,0.49999999916963384,30.682679613590793,6.087558141930064,0.6878598841346083,0.6816143497757847,30.135139129377823,30.011002182494142,30.419714560208536,0.40472354047744874,0.125,5.040017658547459,4.915880711663778,5.3245930893781726,0.6,3,50,0,0.0,0.06836363636363636,525,36,0.06857142857142857,0.011428571428571429,0.8636363636363636,0.08520179372197309,0.11454585587607861,0.13263204364598577,0.009600033635328494,61.48780367915167,0.08196776201092949,2.841698841698842,2.3333333333333335,2.473684210526316,0.0
45,template_impurity,N,C,N,0,1.0,template_site:index=267:site=C:neigh=1:ahead0=6.149:mode=shell,x,yz,260,221,39,6,45,816.2322780318062,65.81241356414102,500.0,0.001,55.75,0.05575,-2234.6155,-2226.6216,-2234.6155,-7.9938965,-7.096924,0.9265138612628394,0.05575,0.05575,9,259,267,8,8,1.4670461487702162,31.24390183874554,16.83000000046,10.0,446.0,0.0,-0.7559409,-12.111509,31.211245720743438,0.49999999916963384,30.711245721573803,6.116124249913074,0.7635587608206582,0.6995515695067265,30.282020542440605,30.023352960085496,31.191249445155332,0.5344375915512476,0.125,5.186899071610242,4.928231489255133,6.096127974324968,0.6,3,50,0,0.0,0.07036363636363636,525,37,0.07047619047619047,0.011428571428571429,0.8666666666666667,0.08744394618834081,0.11526442381356093,0.1329974120925703,0.00987980775544808,61.48780367915167,0.08435655140124862,2.8384615384615386,2.3181818181818183,2.4615384615384617,0.0
46,template_deposition,C,C,none,0,1.0,template_site:index=268:site=C:neigh=2:ahead0=6.149:mode=shell,x,yz,261,221,40,6,46,850.4355140848539,34.20323605304766,500.0,0.001,55.75,0.05575,-2245.704,-2234.6155,-2245.704,-11.088623,-10.081055,1.0,0.05575,0.05575,11,260,268,7,7,1.4179074234492515,31.24390183874554,15.409999999230001,10.0,446.0,0.0,-0.7808033,-12.509849,31.26313616084629,0.49999999916963384,30.763136161676655,6.1680146900159265,0.8199648854808254,0.7174887892376681,30.44000469984876,30.06059655206424,31.240098469277733,0.6137471586118081,0.125,5.3448832290183965,4.965475081233876,6.144976998447369,0.6,3,50,0,0.0,0.07236363636363637,525,38,0.07238095238095238,0.011428571428571429,0.8695652173913043,0.08968609865470852,0.11619311367431297,0.13362208072545992,0.01018072996003504,61.48780367915167,0.08692590902918616,2.842911877394636,2.391304347826087,2.5,0.0
47,template_deposition,C,C,none,0,1.0,template_site:index=270:site=C:neigh=1:ahead0=6.149:mode=shell,x,yz,262,221,41,6,47,868.5548414826477,18.119327397793725,500.0,0.001,55.75,0.05575,-2253.5105,-2245.704,-2253.5105,-7.8063965,-7.3500977,0.9999999974191323,0.05575,0.05575,10,261,270,6,6,1.459778433748489,31.24390183874554,12.569999999,10.0,446.0,0.0,-0.79830647,-12.79028,31.26313616084629,0.49999999916963384,30.763136161676655,6.1680146900159265,0.8594102513206376,0.7354260089686099,30.58208921152052,30.637704575223363,31.227333544087447,0.6378216958157414,0.125,5.4869677406901545,5.542583104393,6.132212073257083,0.6,3,50,0,0.0,0.07436363636363637,525,39,0.07428571428571429,0.011428571428571429,0.8723404255319149,0.09192825112107623,0.11674399448276924,0.13382848148024767,0.010451367125124103,61.48780367915167,0.08923668455164858,2.8396946564885495,2.375,2.4878048780487805,0.0
48,template_impurity,N,C,N,0,1.0,template_site:index=269:site=C:neigh=2:ahead0=6.149:mode=shell,x,yz,263,221,42,6,48,868.678988109762,0.12414662711430556,500.0,0.001,55.75,0.05575,-2265.6404,-2253.5105,-2265.6404,-12.129883,-11.479736,1.0,0.05575,0.05575,10,262,269,5,5,1.3908236470653792,31.24390183874554,11.15,10.0,446.0,0.0,-0.8255035,-13.226025,31.26313616084629,0.49999999916963384,30.763136161676655,6.1680146900159265,0.887909429603058,0.7533632286995515,30.585202442060815,30.637704575223363,31.222564206132393,0.6328810050694208,0.125,5.4900809712304515,5.542583104393,6.127442735302029,0.6,3,50,0,0.0,0.07636363636363637,525,40,0.0761904761904762,0.011428571428571429,0.875,0.09417040358744394,0.1143766869006344,0.13071621360072502,0.010457297088058003,61.48780367915167,0.08928731622742841,2.844106463878327,2.44,2.5238095238095237,0.0
49,template_deposition,C,C,none,0,1.0,template_site:index=263:site=C:neigh=1:ahead0=6.149:mode=shell,x,yz,264,221,43,6,49,912.7103787387096,44.03139062894758,500.0,0.001,55.75,0.05575,-2272.9604,-2265.6404,-2272.9604,-7.3200684,-6.699707,0.9924502113411923,0.05575,0.05575,10,263,263,4,4,1.586967023745761,31.24390183874554,8.30999999977,10.0,446.0,0.0,-0.8419162,-13.488985,31.26313616084629,0.49999999916963384,30.763136161676655,6.1680146900159265,0.9101369994272015,0.7713004484304933,30.758571112677327,31.171141080732475,31.22044657683192,0.5708227394105692,0.125,5.663449641846963,6.0760196099021115,6.125325106001558,0.6,3,50,0,0.0,0.07836363636363637,525,41,0.07809523809523809,0.011428571428571429,0.8775510204081632,0.09641255605381166,0.11558060493565231,0.13170813120574332,0.010787523127327548,61.48780367915167,0.0921068781607374,2.840909090909091,2.423076923076923,2.511627906976744,0.0
50,template_impurity,N,C,N,0,1.0,template_site:index=264:site=C:neigh=2:ahead0=6.149:mode=shell,x,yz,265,221,44,6,50,936.5479260714793,23.837547332769784,500.0,0.001,55.75,0.05575,-2284.9246,-2272.9604,-2284.9246,-11.964111,-10.222168,1.0,0.05575,0.05575,10,264,264,3,3,1.443610788013143,31.24390183874554,6.890000000770001,10.0,446.0,0.0,-0.8687416,-13.918775,31.26313616084629,0.49999999916963384,30.763136161676655,6.1680146900159265,0.9248324169464385,0.7892376681614349,30.758356978992083,31.171136980043542,31.22044657683192,0.5710836132216631,0.125,5.663235508161719,6.076015509213178,6.125325106001558,0.6,3,50,0,0.0,0.08036363636363637,525,42,0.08,0.011428571428571429,0.88,0.09865470852017937,0.11326471016323439,0.12870989791276635,0.01078711525364137,61.48780367915167,0.09210339562156002,2.8452830188679243,2.4814814814814814,2.5454545454545454,0.0
51,template_deposition,C,C,none,0,1.0,template_site:index=271:site=C:neigh=1:ahead0=6.149:mode=shell,x,yz,266,221,45,6,51,1004.1373057082357,67.58937963675632,500.0,0.001,55.75,0.05575,-2291.871,-2284.9246,-2291.871,-6.946533,-6.489502,0.9999999474143385,0.05575,0.05575,10,265,271,2,2,1.3998468179034842,31.24390183874554,19.67000000069,10.0,446.0,0.0,-0.88431674,-14.168317,31.28790568233606,0.49999999916963384,30.787905683166425,6.192784211505696,0.9441316130623489,0.8071748878923767,30.918627749566106,31.18199952599213,31.24824138982238,0.5052466398354176,0.125,5.823506278735742,6.086878055161765,6.153119918992015,0.6,3,50,0,0.0,0.08236363636363636,525,43,0.08190476190476191,0.011428571428571429,0.8823529411764706,0.10089686098654709,0.11418639762226945,0.12941125063857203,0.011092392911877604,61.48780367915167,0.09470994132630381,2.8421052631578947,2.4642857142857144,2.533333333333333,0.0
52,template_deposition,C,C,none,0,1.0,template_site:index=272:site=C:neigh=2:ahead0=6.149:mode=shell,x,yz,267,221,46,6,52,1038.5773087778655,34.44000306962986,500.0,0.001,55.75,0.05575,-2302.2305,-2291.871,-2302.2305,-10.359375,-10.001221,1.0,0.05575,0.05575,10,266,272,1,1,1.3369589379615263,31.24390183874554,21.08999999969,10.0,446.0,0.0,-0.9075441,-14.54046,31.28790568233606,0.49999999916963384,30.787905683166425,6.192784211505696,0.9548415016781762,0.8251121076233184,30.918989711134376,31.18199952599213,31.244883222066452,0.503348668135025,0.125,5.823868240304012,6.086878055161765,6.149761751236088,0.6,4,50,0,0.0,0.08436363636363638,525,44,0.0838095238095238,0.011428571428571429,0.8846153846153846,0.1031390134529148,0.11199746615969254,0.1266058313109568,0.011093082362483834,61.48780367915167,0.09471582804767963,2.846441947565543,2.5172413793103448,2.5652173913043477,0.0
53,template_deposition,C,C,none,0,1.0,template_site:index=277:site=C:neigh=1:ahead0=7.379:mode=shell,x,yz,268,221,47,6,53,1050.0293579662045,11.452049188339004,500.0,0.001,55.75,0.05575,-2309.1123,-2302.2305,-2309.1123,-6.881836,-6.39209,0.9989688482643615,0.05575,0.05575,7,267,277,9,9,1.4867783890125508,32.47365791232857,4.760000000040001,10.0,446.0,0.0,-0.92297417,-14.787677,32.424916831906074,0.49999999916963384,31.92491683273644,7.3297953610757105,0.6857826970009282,0.8430493273542601,31.074703239529022,31.19629867734303,31.629009027207065,0.7100287565711578,0.125,5.979581768698658,6.101177206512666,6.533887556376701,0.6,4,50,0,0.0,0.08618181818181819,525,45,0.08571428571428572,0.011428571428571429,0.8867924528301887,0.10538116591928251,0.11282229752261619,0.12722514401486507,0.011389679559426016,61.48780367915167,0.09724825755528038,2.843283582089552,2.3333333333333335,2.5531914893617023,0.0
54,template_deposition,C,C,none,0,1.0,template_site:index=278:site=C:neigh=2:ahead0=7.379:mode=shell,x,yz,269,221,48,6,54,1056.5248363561132,6.4954783899085236,500.0,0.001,55.75,0.05575,-2317.14,-2309.1123,-2317.14,-8.027588,-7.373291,0.999999999999885,0.05575,0.05575,9,268,278,8,8,1.4895417907143969,32.47365791232857,6.17999999904,10.0,446.0,0.0,-0.9409733,-15.076055,32.44731058626963,0.49999999916963384,31.947310587099995,7.352189115439266,0.7664938007901394,0.8609865470852018,31.228430903739117,31.214298032816906,32.396204284245535,0.836251236662392,0.125,6.133309432908753,6.119176561986542,7.301082813415171,0.6,4,50,0,0.0,0.08800000000000001,525,46,0.08761904761904762,0.011428571428571429,0.8888888888888888,0.10762331838565023,0.11357980431312506,0.1277772798522657,0.011682494157921434,61.48780367915167,0.09974839018340706,2.8475836431226766,2.409090909090909,2.5833333333333335,0.0
55,template_deposition,C,C,none,0,1.0,template_site:index=274:site=C:neigh=1:ahead0=7.379:mode=shell,x,yz,270,221,49,6,55,1088.6236667496387,32.09883039352552,500.0,0.001,55.75,0.05575,-2324.3455,-2317.14,-2324.3455,-7.2055664,-6.729492,0.9999996483529996,0.05575,0.05575,10,269,274,7,7,1.5160063556694117,32.47365791232857,9.01999999927,10.0,446.0,0.0,-0.95712924,-15.334902,32.43558687384796,0.49999999916963384,31.935586874678325,7.340465403017596,0.824413859611743,0.8789237668161435,31.531642365082895,31.257175353572052,32.42324102125363,0.7650741747019101,0.125,6.436520894252531,6.162053882741688,7.328119550423267,0.6,4,50,0,0.0,0.08981818181818182,525,47,0.08952380952380952,0.011428571428571429,0.8909090909090909,0.10986547085201794,0.1170276526227733,0.13135756927045983,0.01226003979857625,61.48780367915167,0.10467963578336312,2.8444444444444446,2.391304347826087,2.5714285714285716,0.0
56,template_deposition,C,C,none,0,1.0,template_site:index=273:site=C:neigh=2:ahead0=7.379:mode=shell,x,yz,271,221,50,6,56,1093.1021200544835,4.478453304844806,500.0,0.001,55.75,0.05575,-2333.4333,-2324.3455,-2333.4333,-9.087891,-8.434082,1.0,0.05575,0.05575,10,270,273,6,6,1.4458736978717097,32.47365791232857,10.440000000500001,10.0,446.0,0.0,-0.9775057,-15.661368,32.41794994157035,0.49999999916963384,31.917949942400714,7.322828470739985,0.8658056312743205,0.8968609865470852,31.53307926315845,31.259494563051575,32.40827889790317,0.7582180115333136,0.125,6.437957792328085,6.164373092221211,7.3131574270728095,0.6,4,50,0,0.0,0.09163636363636364,525,48,0.09142857142857143,0.011428571428571429,0.8928571428571429,0.11210762331838565,0.11496353200585865,0.1287591558465617,0.012262776747291591,61.48780367915167,0.10470300461408362,2.848708487084871,2.4583333333333335,2.6,0.0
57,template_deposition,C,C,none,0,1.0,template_site:index=281:site=C:neigh=1:ahead0=7.379:mode=shell,x,yz,272,221,51,6,57,1096.8484345456604,3.746314491176982,500.0,0.001,55.75,0.05575,-2340.7163,-2333.4333,-2340.7163,-7.282959,-6.8984375,0.9999999891087162,0.05575,0.05575,10,271,281,5,5,1.4626025339202966,32.47365791232857,13.28000000073,10.0,446.0,0.0,-0.99383515,-15.922995,32.456422186529224,0.49999999916963384,31.95642218735959,7.36130071569886,0.8997643017575345,0.9147982062780269,31.689141798699588,31.836661815803136,32.42949161505801,0.801728013405853,0.125,6.594020327869224,6.741540344972773,7.334370144227648,0.6,4,50,0,0.0,0.09345454545454546,525,49,0.09333333333333334,0.011428571428571429,0.8947368421052632,0.11434977578475336,0.11568456715560042,0.1292945162327299,0.012560038719750902,61.48780367915167,0.10724111016027431,2.8455882352941178,2.44,2.588235294117647,0.0
58,template_deposition,C,C,none,0,1.0,template_site:index=282:site=C:neigh=2:ahead0=7.379:mode=shell,x,yz,273,221,52,6,58,1100.7152334962293,3.8667989505689704,500.0,0.001,55.75,0.05575,-2351.8303,-2340.7163,-2351.8303,-11.114014,-10.524414,1.0,0.05575,0.05575,10,272,282,4,4,1.4062724874908852,32.47365791232857,14.69999999973,10.0,446.0,0.0,-1.0187545,-16.322247,32.44534959006142,0.49999999916963384,31.945349590891784,7.350228119231055,0.9246025832265439,0.9327354260089686,31.834812618003216,32.38702985518748,32.42616983611767,0.8120455464804031,0.125,6.739691147172852,7.291908384357114,7.331048365287309,0.6,4,50,0,0.0,0.09527272727272727,525,50,0.09523809523809523,0.011428571428571429,0.896551724137931,0.11659192825112108,0.11620157150298022,0.12960944513793946,0.012837506946995909,61.48780367915167,0.10961021119474532,2.84981684981685,2.5,2.6153846153846154,0.0
59,template_deposition,C,C,none,0,1.0,template_site:index=283:site=C:neigh=1:ahead0=7.379:mode=shell,x,yz,274,221,53,6,59,1127.33323424113,26.61800074490059,500.0,0.001,55.75,0.05575,-2358.18,-2351.8303,-2358.18,-6.3496094,-6.034668,0.9985209700827467,0.05575,0.05575,8,273,283,3,3,1.4583470266153378,32.47365791232857,21.79999999919,10.0,446.0,0.0,-1.0329913,-16.550344,32.47311707799186,0.49999999916963384,31.973117078822224,7.377995607161495,0.9513096912670691,0.9506726457399103,31.990431293861665,32.40702678794047,32.45367983644055,0.8003777660613258,0.125,6.895309823031301,7.311905317110103,7.358558365610186,0.6,4,50,0,0.0,0.09709090909090909,525,51,0.09714285714285714,0.011428571428571429,0.8983050847457628,0.11883408071748879,0.11686965801747967,0.13010018534021323,0.013133923472440573,61.48780367915167,0.11214109807876023,2.846715328467153,2.4814814814814814,2.6037735849056602,0.0
60,template_deposition,C,C,none,0,1.0,template_site:index=279:site=C:neigh=1:ahead0=7.379:mode=shell,x,yz,275,221,54,6,60,1190.8515147888918,63.51828054776188,500.0,0.001,55.75,0.05575,-2365.4194,-2358.18,-2365.4194,-7.239502,-6.9404297,0.9999999999999949,0.05575,0.05575,10,274,279,2,2,1.4748583147624557,32.47365791232857,18.95999999896,10.0,446.0,0.0,-1.0492233,-16.810411,32.46948559346472,0.49999999916963384,31.969485594295083,7.374364122634354,0.9710533053491002,0.968609865470852,32.13778573849543,32.4161226952272,32.464389210410864,0.7636362735529513,0.125,7.042664267665067,7.321001224396838,7.369267739580501,0.6,4,50,0,0.0,0.0989090909090909,525,52,0.09904761904761905,0.011428571428571429,0.9,0.1210762331838565,0.11737773779441779,0.1304197086604642,0.013414598605076319,61.48780367915167,0.1145375805649891,2.8436363636363637,2.4642857142857144,2.5925925925925926,0.0
61,template_vacancy,vac,C,vac,1,1.0,template_site:index=280:site=C:neigh=2:ahead0=7.379:mode=shell,x,yz,275,221,54,7,61,1215.071321543002,24.219806754110362,500.0,0.001,55.75,0.05575,-2365.4194,-2365.4194,-2365.4194,0.0,0.0,1.0,0.05575,0.05575,0,-1,280,2,2,1.3290869956063724,32.47365791232857,17.539999999960003,10.0,446.0,0.0,-1.0492233,-16.810411,32.46948559346472,0.49999999916963384,31.969485594295083,7.374364122634354,0.9710533053491002,0.968609865470852,32.13778573849543,32.4161226952272,32.464389210410864,0.7636362735529513,0.125,7.042664267665067,7.321001224396838,7.369267739580501,0.6,4,50,0,0.0,0.0989090909090909,525,52,0.09904761904761905,0.013333333333333334,0.8852459016393442,0.1210762331838565,0.11545351258467323,0.1304197086604642,0.013414598605076319,61.48780367915167,0.1145375805649891,2.8436363636363637,2.4642857142857144,2.5925925925925926,0.0
62,template_deposition,C,C,none,0,1.0,template_site:index=276:site=C:neigh=1:ahead0=7.379:mode=shell,x,yz,276,221,55,7,62,1229.5051774677922,14.43385592479014,500.0,0.001,55.75,0.05575,-2373.2786,-2365.4194,-2373.2786,-7.859131,-3.1169434,1.0,0.05575,0.05575,9,275,276,1,1,1.0034034978319308,32.47365791232857,0.5000000008100001,10.0,446.0,0.0,-1.0668447,-17.092737,32.496547841476904,0.49999999916963384,31.99654784230727,7.40142637064654,0.9867453299102221,0.9865470852017937,32.43751899449495,32.431649765815884,32.49603571229258,0.04128465821841303,0.125,7.342397523664587,7.33652829498552,7.4009142414622175,0.6,4,50,0,0.0,0.10072727272727273,525,53,0.10095238095238095,0.013333333333333334,0.8870967741935484,0.12331838565022421,0.11842576651071915,0.1334981367939016,0.013985519092694453,61.48780367915167,0.11941225876236873,2.8405797101449277,2.4482758620689653,2.581818181818182,0.0
63,template_deposition,C,C,none,0,1.0,template_site:index=275:site=C:neigh=1:ahead0=7.379:mode=shell,x,yz,277,221,56,7,63,1230.3310658522257,0.8258883844334797,500.0,0.001,55.75,0.05575,-2381.198,-2373.2786,-2381.198,-7.9194336,-7.5180664,1.0,0.05575,0.05575,11,276,275,1,1,1.245480039810893,32.47365791232857,1.9199999998100001,10.0,446.0,0.0,-1.0846013,-17.377228,32.53831916787086,0.49999999916963384,32.03831916870123,7.443197697040496,1.0026299917184187,1.0044843049327354,32.43568538001583,32.431649765815884,32.48889347027928,0.052658284219325543,0.125,7.3405639091854695,7.33652829498552,7.393771999448916,0.6,5,50,0,0.0,0.10254545454545454,525,54,0.10285714285714286,0.013333333333333334,0.8888888888888888,0.12556053811659193,0.1165168874473884,0.13108149837831196,0.013982026493686609,61.48780367915167,0.11938243797890596,2.8375451263537905,2.433333333333333,2.5714285714285716,0.0
64,template_deposition,C,C,none,0,1.0,template_site:index=292:site=C:neigh=1:ahead0=8.608:mode=shell,x,yz,278,221,57,7,64,1256.9406563391112,26.609590486885402,500.0,0.001,55.75,0.05575,-2389.466,-2381.198,-2389.466,-8.268066,-7.7370605,0.9949096037552729,0.05575,0.05575,8,277,292,9,9,1.4501577146227589,33.7034139859116,19.67000000069,10.0,446.0,0.0,-1.1031395,-17.674244,33.63774949489503,0.49999999916963384,33.1377494957254,8.542628024064669,0.6947723607936391,1.0224215246636772,32.593361688063176,32.431649765815884,32.89198970164495,0.40015637348781047,0.125,7.498240217232812,7.33652829498552,7.796868230814589,0.6,5,50,0,0.0,0.10454545454545455,525,55,0.10476190476190476,0.013333333333333334,0.890625,0.12780269058295965,0.11716000339426269,0.13154807398654056,0.01428236231853869,61.48780367915167,0.12194678893328563,2.8345323741007196,2.25,2.56140350877193,0.0
65,template_impurity,N,C,N,0,1.0,template_site:index=293:site=C:neigh=2:ahead0=8.608:mode=shell,x,yz,279,221,58,7,65,1265.398028718001,8.457372378889552,500.0,0.001,55.75,0.05575,-2400.6333,-2389.466,-2400.6333,-11.167236,-10.572266,1.0,0.05575,0.05575,9,278,293,8,8,1.3520965912540002,33.7034139859116,21.08999999969,10.0,446.0,0.0,-1.1281782,-18.075409,33.734079581394276,0.49999999916963384,33.234079582224645,8.638958110563912,0.7722233771688723,1.0403587443946187,32.60287550746779,32.431649765815884,32.91048440485793,0.43192849044209103,0.125,7.507754036637429,7.33652829498552,7.8153629340275685,0.6,5,50,0,0.0,0.10654545454545455,525,56,0.10666666666666667,0.013333333333333334,0.8923076923076924,0.13004484304932734,0.11550390825596045,0.12944403511443844,0.014300483879309388,61.48780367915167,0.12210151586830938,2.838709677419355,2.3333333333333335,2.586206896551724,0.0
66,template_deposition,C,C,none,0,1.0,template_site:index=286:site=C:neigh=1:ahead0=8.608:mode=shell,x,yz,280,221,59,7,66,1278.583083531962,13.185054813961214,500.0,0.001,55.75,0.05575,-2409.1165,-2400.6333,-2409.1165,-8.483154,-6.986328,0.9993274878597594,0.05575,0.05575,9,279,286,7,7,1.3098204378576577,33.7034139859116,2.62999999931,10.0,446.0,0.0,-1.1471987,-18.38015,33.78965263242731,0.49999999916963384,33.28965263325768,8.694531161596949,0.8374004928813995,1.0582959641255605,32.80308410498708,32.47671968817913,33.70934342835082,0.5518545476081138,0.125,7.707962634156715,7.381598217348767,8.614221957520456,0.6,5,50,0,0.0,0.10854545454545456,525,57,0.10857142857142857,0.013333333333333334,0.8939393939393939,0.13228699551569506,0.11678731263873811,0.13064343447723245,0.014681833588869934,61.48780367915167,0.12535758594301868,2.835714285714286,2.3181818181818183,2.5762711864406778,0.0
67,template_deposition,C,C,none,0,1.0,template_site:index=287:site=C:neigh=2:ahead0=8.608:mode=shell,x,yz,281,221,60,7,67,1322.8470022026354,44.26391867067339,500.0,0.001,55.75,0.05575,-2419.619,-2409.1165,-2419.619,-10.502441,-7.486328,0.9999999958699506,0.05575,0.05575,9,280,287,6,6,1.0540015961543874,33.7034139859116,4.05000000054,10.0,446.0,0.0,-1.1707468,-18.757433,33.78965263242731,0.49999999916963384,33.28965263325768,8.694531161596949,0.8803376107490221,1.0762331838565022,32.804650146851586,32.47671968817913,33.70694975138254,0.5527368120540017,0.125,7.709528676021222,7.381598217348767,8.611828280552174,0.6,5,50,0,0.0,0.11054545454545454,525,58,0.11047619047619048,0.013333333333333334,0.8955223880597015,0.13452914798206278,0.11506759217942122,0.12849214460035369,0.014684816525754709,61.48780367915167,0.12538305508926886,2.8398576512455516,2.391304347826087,2.6,0.0
68,template_deposition,C,C,none,0,1.0,template_site:index=285:site=C:neigh=1:ahead0=8.608:mode=shell,x,yz,282,221,61,7,68,1327.250828096936,4.403825894300537,500.0,0.001,55.75,0.05575,-2427.2344,-2419.619,-2427.2344,-7.6154785,-7.222168,0.9999999999970579,0.05575,0.05575,11,281,285,5,5,1.4734453091229478,33.7034139859116,6.890000000770001,10.0,446.0,0.0,-1.1878219,-19.031004,33.78965263242731,0.49999999916963384,33.28965263325768,8.694531161596949,0.908349477995043,1.094170403587444,32.96484822294417,32.67280987498302,33.70306537902057,0.5837005647099468,0.125,7.869726752113806,7.577688404152653,8.607943908190208,0.6,5,50,0,0.0,0.11254545454545455,525,59,0.11238095238095239,0.013333333333333334,0.8970588235294118,0.1367713004484305,0.1157312757663795,0.1290119139690788,0.014989955718312012,61.48780367915167,0.1279884185354656,2.8368794326241136,2.375,2.5901639344262297,0.0
69,template_deposition,C,C,none,0,1.0,template_site:index=284:site=C:neigh=2:ahead0=8.608:mode=shell,x,yz,283,221,62,7,69,1358.157465115857,30.906637018921025,500.0,0.001,55.75,0.05575,-2438.0706,-2427.2344,-2438.0706,-10.836182,-10.393555,1.0,0.05575,0.05575,10,282,284,4,4,1.3900636176146355,33.7034139859116,8.30999999977,10.0,446.0,0.0,-1.2121183,-19.420277,33.78965263242731,0.49999999916963384,33.28965263325768,8.694531161596949,0.9312741079383159,1.1121076233183858,32.97456681518424,32.67280987498302,33.70306537902057,0.5813520405933544,0.125,7.879445344353876,7.577688404152653,8.607943908190208,0.6,5,50,0,0.0,0.11454545454545455,525,60,0.11428571428571428,0.013333333333333334,0.8985507246376812,0.13901345291479822,0.11419486006309965,0.12708782813473993,0.01500846732257881,61.48780367915167,0.12814647577053587,2.8409893992932864,2.44,2.6129032258064515,0.0
70,template_deposition,C,C,none,0,1.0,template_site:index=290:site=C:neigh=1:ahead0=8.608:mode=shell,x,yz,284,221,63,7,70,1362.1415838553198,3.9841187394628745,500.0,0.001,55.75,0.05575,-2445.4734,-2438.0706,-2445.4734,-7.402832,-6.7680664,0.9999999986320318,0.05575,0.05575,10,283,290,3,3,1.5579892348392896,33.7034139859116,11.15,10.0,446.0,0.0,-1.2287165,-19.686209,33.78965263242731,0.49999999916963384,33.28965263325768,8.694531161596949,0.947822523277033,1.1300448430493273,33.115642927528434,33.22770432205654,33.70306537902057,0.576254414267842,0.125,8.02052145669807,8.132582851226175,8.607943908190208,0.6,5,50,0,0.0,0.11654545454545455,525,61,0.11619047619047619,0.013333333333333334,0.9,0.1412556053811659,0.11457887795282957,0.12730986439203285,0.015277183727043942,61.48780367915167,0.1304408513036146,2.8380281690140845,2.423076923076923,2.6031746031746033,0.0
71,template_deposition,C,C,none,0,1.0,template_site:index=291:site=C:neigh=2:ahead0=8.608:mode=shell,x,yz,285,221,64,7,71,1378.515210466056,16.373626610736146,500.0,0.001,55.75,0.05575,-2456.2703,-2445.4734,-2456.2703,-10.796875,-10.331055,1.0,0.05575,0.05575,10,284,291,2,2,1.4050994116841824,33.7034139859116,12.569999999,10.0,446.0,0.0,-1.2529248,-20.074068,33.78965263242731,0.49999999916963384,33.28965263325768,8.694531161596949,0.9626230591127659,1.147982062780269,33.12183278799914,33.23697528169912,33.718998259398845,0.5875608231971116,0.125,8.026711317168775,8.141853810868753,8.62387678856848,0.6,5,50,0,0.0,0.11854545454545455,525,62,0.1180952380952381,0.013333333333333334,0.9014084507042254,0.14349775784753363,0.11305227207279965,0.12541736433076212,0.015288973937464334,61.48780367915167,0.13054151940525968,2.8421052631578947,2.4814814814814814,2.625,0.0
72,template_deposition,C,C,none,0,1.0,template_site:index=289:site=C:neigh=1:ahead0=8.608:mode=shell,x,yz,286,221,65,7,72,1410.2988035228664,31.783593056810442,500.0,0.001,55.75,0.05575,-2463.532,-2456.2703,-2463.532,-7.2617188,-6.8449707,1.0,0.05575,0.05575,9,285,289,1,1,1.4979106658053303,33.7034139859116,15.409999999230001,10.0,446.0,0.0,-1.2692066,-20.334932,33.78965263242731,0.49999999916963384,33.28965263325768,8.694531161596949,0.9750674863625646,1.1659192825112108,33.28186498573527,33.65118857793051,33.719599949099845,0.5399167875976943,0.125,8.186743514904904,8.556067107100148,8.62447847826948,0.6,6,50,0,0.0,0.12054545454545455,525,63,0.12,0.013333333333333334,0.9027777777777778,0.14573991031390135,0.11370477104034589,0.12594990022930622,0.015593797171247438,61.48780367915167,0.13314418510740755,2.839160839160839,2.4642857142857144,2.6153846153846154,0.0
73,template_impurity,N,C,N,0,1.0,template_site:index=288:site=C:neigh=1:ahead0=8.608:mode=shell,x,yz,287,221,66,7,73,1412.092234532147,1.7934310092804844,500.0,0.001,55.75,0.05575,-2474.078,-2463.532,-2474.078,-10.545898,-8.732178,1.0,0.05575,0.05575,10,286,288,1,1,1.4377337846143723,33.7034139859116,16.83000000046,10.0,446.0,0.0,-1.2928522,-20.713776,33.78965263242731,0.49999999916963384,33.28965263325768,8.694531161596949,0.9863368072605628,1.1838565022421526,33.292586251159584,33.65118857793051,33.779505667410966,0.5486314772292412,0.125,8.19746478032922,8.556067107100148,8.684384196580602,0.6,6,50,0,0.0,0.12254545454545454,525,64,0.1219047619047619,0.013333333333333334,0.9041095890410958,0.14798206278026907,0.11229403808670164,0.12420401182317,0.015614218629198514,61.48780367915167,0.13331854920537176,2.836236933797909,2.4482758620689653,2.606060606060606,0.0
74,template_deposition,C,C,none,0,1.0,template_site:index=298:site=C:neigh=1:ahead0=9.838:mode=shell,x,yz,288,221,67,7,74,1415.510040516179,3.417805984032105,500.0,0.001,55.75,0.05575,-2480.7693,-2474.078,-2480.7693,-6.6914062,-6.397217,0.9847536261731483,0.05575,0.05575,9,287,298,10,10,1.3847271702605193,34.93317005949464,4.760000000040001,10.0,446.0,0.0,-1.3078552,-20.954151,34.95867908492191,0.49999999916963384,34.45867908575228,9.863557614091548,0.7095949847540162,1.201793721973094,33.45596152135746,33.64994895090422,34.140360568175694,0.7747656888602298,0.125,8.360840050527095,8.554827480073854,9.04523909734533,0.6,6,50,0,0.0,0.12436363636363637,525,65,0.12380952380952381,0.013333333333333334,0.9054054054054054,0.15022421524663676,0.11298432500712291,0.12478865747055366,0.01592540962005161,61.48780367915167,0.13597558459161485,2.8333333333333335,2.2857142857142856,2.5970149253731343,0.0
75,template_deposition,C,C,none,0,1.0,template_site:index=299:site=C:neigh=2:ahead0=9.838:mode=shell,x,yz,289,221,68,7,75,1434.320058118763,18.810017602583848,500.0,0.001,55.75,0.05575,-2491.5508,-2480.7693,-2491.5508,-10.781494,-10.189941,1.0,0.05575,0.05575,10,288,299,9,9,1.3643293365932958,34.93317005949464,6.17999999904,10.0,446.0,0.0,-1.3320291,-21.34146,34.940901970434716,0.49999999916963384,34.440901971265085,9.845780499604352,0.7797374800464018,1.2197309417040358,33.60730360609506,33.72448747097653,34.89167455293151,0.9062310529119901,0.125,8.512182135264695,8.629366000146163,9.796553082101148,0.6,6,50,0,0.0,0.1261818181818182,525,66,0.12571428571428572,0.013333333333333334,0.9066666666666666,0.15246636771300448,0.11349576180352926,0.12517914904801022,0.016213680257647037,61.48780367915167,0.13843691961550536,2.837370242214533,2.3636363636363638,2.6176470588235294,0.0
76,template_deposition,C,C,none,0,1.0,template_site:index=295:site=C:neigh=1:ahead0=9.838:mode=shell,x,yz,290,221,69,7,76,1510.5800413132827,76.25998319451966,500.0,0.001,55.75,0.05575,-2499.0107,-2491.5508,-2499.0107,-7.459961,-7.147949,0.9999999999424245,0.05575,0.05575,10,289,295,8,8,1.4795889799247965,34.93317005949464,9.01999999927,10.0,446.0,0.0,-1.3487555,-21.609446,34.940901970434716,0.49999999916963384,34.440901971265085,9.845780499604352,0.8355822581303156,1.2376681614349776,33.91099343794719,33.78240480027278,34.91368479280579,0.8723294260694548,0.125,8.815871967116827,8.687283329442415,9.818563321975425,0.6,6,50,0,0.0,0.128,525,67,0.12761904761904763,0.013333333333333334,0.9078947368421053,0.1547085201793722,0.11599831535680036,0.1277662603929975,0.01679213708022253,61.48780367915167,0.14337594514058039,2.8344827586206898,2.347826086956522,2.608695652173913,0.0
77,template_deposition,C,C,none,0,1.0,template_site:index=294:site=C:neigh=2:ahead0=9.838:mode=shell,x,yz,291,221,70,7,77,1522.084077611834,11.50403629855131,500.0,0.001,55.75,0.05575,-2509.7688,-2499.0107,-2509.7688,-10.758057,-10.174316,1.0,0.05575,0.05575,10,290,294,7,7,1.3912168657625685,34.93317005949464,10.440000000500001,10.0,446.0,0.0,-1.3728766,-21.995909,34.940901970434716,0.49999999916963384,34.440901971265085,9.845780499604352,0.8744835069146103,1.2556053811659194,33.90870533152745,33.78240480027278,34.89415848668577,0.8680891481092642,0.125,8.813583860697086,8.687283329442415,9.799037015855404,0.6,6,50,0,0.0,0.12981818181818183,525,68,0.1295238095238095,0.013333333333333334,0.9090909090909091,0.15695067264573992,0.11446212806100112,0.12590834086710123,0.016787778782280164,61.48780367915167,0.14333873277840725,2.838487972508591,2.4166666666666665,2.6285714285714286,0.0
78,template_deposition,C,C,none,0,1.0,template_site:index=302:site=C:neigh=1:ahead0=9.838:mode=shell,x,yz,292,221,71,7,78,1524.5461530537889,2.4620754419549433,500.0,0.001,55.75,0.05575,-2517.3647,-2509.7688,-2517.3647,-7.5959473,-7.1848145,0.9999999999999793,0.05575,0.05575,10,291,302,6,6,1.4485168989492458,34.93317005949464,13.28000000073,10.0,446.0,0.0,-1.389908,-22.268782,34.940901970434716,0.49999999916963384,34.440901971265085,9.845780499604352,0.9097183301282044,1.2735426008968609,34.07665186497996,34.36010883724449,34.92907636810527,0.9196173457348497,0.125,8.981530394149594,9.264987366414125,9.833954897274907,0.6,6,50,0,0.0,0.13163636363636363,525,69,0.13142857142857142,0.013333333333333334,0.9102564102564102,0.1591928251121076,0.11514782556602043,0.126500428086614,0.017107676941237323,61.48780367915167,0.1460701123919785,2.835616438356164,2.4,2.619718309859155,0.0
79,template_deposition,C,C,none,0,1.0,template_site:index=303:site=C:neigh=2:ahead0=9.838:mode=shell,x,yz,293,221,72,7,79,1549.2812547016126,24.735101647823782,500.0,0.001,55.75,0.05575,-2526.056,-2517.3647,-2526.056,-8.691162,-8.043457,1.0,0.05575,0.05575,9,292,303,5,5,1.4161054356074458,34.93317005949464,14.69999999973,10.0,446.0,0.0,-1.4093949,-22.580996,34.940901970434716,0.49999999916963384,34.440901971265085,9.845780499604352,0.935404874791339,1.2914798206278026,34.37623036950426,34.858870052318046,34.9281888379266,0.7279539647606308,0.125,9.2811088986739,9.763748581487683,9.833067367096234,0.6,6,50,0,0.0,0.13345454545454546,525,70,0.13333333333333333,0.013333333333333334,0.9113924050632911,0.16143497757847533,0.11748239112245443,0.1289042902593597,0.01767830266414076,61.48780367915167,0.15094227380609457,2.839590443686007,2.4615384615384617,2.638888888888889,0.0
80,template_deposition,C,C,none,0,1.0,template_site:index=301:site=C:neigh=1:ahead0=9.838:mode=shell,x,yz,294,221,73,7,80,1558.854164957743,9.572910256130303,500.0,0.001,55.75,0.05575,-2534.966,-2526.056,-2534.966,-8.910156,-8.308838,1.0,0.05575,0.05575,9,293,301,4,4,1.3110161805998346,34.93317005949464,17.539999999960003,10.0,446.0,0.0,-1.4293728,-22.901077,34.940901970434716,0.49999999916963384,34.440901971265085,9.845780499604352,0.9526862030639079,1.3094170403587444,34.49813743926712,34.87837615193065,34.920262160147296,0.719171895015188,0.125,9.403015968436755,9.783254681100289,9.825140689316932,0.6,6,50,0,0.0,0.13527272727272727,525,71,0.13523809523809524,0.013333333333333334,0.9125,0.16367713004484305,0.11753769960545943,0.12880843792379115,0.0179105066065462,61.48780367915167,0.15292489576473495,2.836734693877551,2.4444444444444446,2.6301369863013697,0.0
81,template_deposition,C,C,none,0,1.0,template_site:index=300:site=C:neigh=2:ahead0=9.838:mode=shell,x,yz,295,221,74,7,81,1595.3025182818774,36.44835332413447,500.0,0.001,55.75,0.05575,-2544.2444,-2534.966,-2544.2444,-9.27832,-8.438965,1.0,0.05575,0.05575,9,294,300,3,3,1.4032756740774885,34.93317005949464,18.95999999896,10.0,446.0,0.0,-1.4501761,-23.234383,34.940901970434716,0.49999999916963384,34.440901971265085,9.845780499604352,0.9670050395858498,1.3273542600896862,34.48852700406161,34.87837615193065,34.91721963045057,0.7283421212370663,0.125,9.393405533231245,9.783254681100289,9.822098159620204,0.6,6,50,0,0.0,0.1370909090909091,525,72,0.13714285714285715,0.013333333333333334,0.9135802469135802,0.16591928251121077,0.11596796954606475,0.12693791261123305,0.017892201015678563,61.48780367915167,0.15276859752946773,2.840677966101695,2.5,2.6486486486486487,0.0
82,template_deposition,C,C,none,0,1.0,template_site:index=304:site=C:neigh=1:ahead0=9.838:mode=shell,x,yz,296,221,75,7,82,1609.3031399461397,14.000621664262232,500.0,0.001,55.75,0.05575,-2550.3862,-2544.2444,-2550.3862,-6.1418457,-5.5456543,0.9999713386214157,0.05575,0.05575,10,295,304,2,2,1.4276289714962538,34.93317005949464,21.79999999919,10.0,446.0,0.0,-1.463947,-23.455019,34.940901970434716,0.49999999916963384,34.440901971265085,9.845780499604352,0.9823733294096938,1.345291479820628,34.63930946536865,34.87989516922565,34.92050251703862,0.6629613398134359,0.125,9.544187994538284,9.784773698395284,9.825381046208257,0.6,6,50,0,0.0,0.1389090909090909,525,73,0.13904761904761906,0.013333333333333334,0.9146341463414634,0.1681614349775785,0.11639253651875955,0.12725583992717712,0.018179405703882445,61.48780367915167,0.1552208311804505,2.8378378378378377,2.4827586206896552,2.64,0.0
83,template_deposition,C,C,none,0,1.0,template_site:index=296:site=C:neigh=1:ahead0=9.838:mode=shell,x,yz,297,221,76,7,83,1624.8368763189114,15.533736372771621,500.0,0.001,55.75,0.05575,-2556.7122,-2550.3862,-2556.7122,-6.3259277,-5.1401367,0.9999999999999991,0.05575,0.05575,10,296,296,2,2,1.6434952973637265,34.93317005949464,1.9199999998100001,10.0,446.0,0.0,-1.4781308,-23.682266,34.915577415892116,0.49999999916963384,34.415577416722485,9.820455945061752,0.9905016236847469,1.3632286995515694,34.87539248920666,34.87837615193065,34.91290515067584,0.03337133748690642,0.125,9.780271018376297,9.783254681100289,9.817783679845476,0.6,7,50,0,0.0,0.14072727272727273,525,74,0.14095238095238094,0.013333333333333334,0.9156626506024096,0.17040358744394618,0.11783459058284695,0.12868777655758284,0.01862908765405009,61.48780367915167,0.15906034096469834,2.835016835016835,2.466666666666667,2.6315789473684212,0.0
84,template_deposition,C,C,none,0,1.0,template_site:index=297:site=C:neigh=2:ahead0=9.838:mode=shell,x,yz,298,221,77,7,84,1636.1631698033302,11.32629348441885,500.0,0.001,55.75,0.05575,-2568.0835,-2556.7122,-2568.0835,-11.371338,-7.131592,1.0,0.05575,0.05575,11,297,297,1,1,1.020205732950348,34.93317005949464,0.5000000008100001,10.0,446.0,0.0,-1.5036271,-24.090761,35.00798801296441,0.49999999916963384,34.50798801379478,9.912866542134047,1.007161769063368,1.3811659192825112,34.90581179689682,34.899900304795025,34.94832944920607,0.04515728003485047,0.125,9.810690326066457,9.804778833964662,9.853207978375707,0.6,7,50,0,0.0,0.14254545454545453,525,75,0.14285714285714285,0.013333333333333334,0.9166666666666666,0.1726457399103139,0.1167939324531721,0.12741156267618775,0.018687029192507535,61.48780367915167,0.15955506196414873,2.838926174496644,2.5161290322580645,2.6493506493506493,0.0
85,template_deposition,C,C,none,0,1.0,template_site:index=313:site=C:neigh=1:ahead0=11.068:mode=shell,x,yz,299,221,78,7,85,1650.8841868540121,14.721017050681892,500.0,0.001,55.75,0.05575,-2575.383,-2568.0835,-2575.383,-7.2995605,-6.798584,0.9999997078949058,0.05575,0.05575,9,298,313,10,10,1.4399043016487174,36.162926133077676,19.67000000069,10.0,446.0,0.0,-1.5199938,-24.352985,36.13499965187644,0.49999999916963384,35.63499965270681,11.039878181046078,0.6802316588400026,1.399103139013453,35.070681081324295,34.906574474050814,35.37862922078502,0.4068675762279272,0.125,9.975559610493931,9.81145300322045,10.283507749954659,0.6,7,50,0,0.0,0.14454545454545453,525,76,0.14476190476190476,0.013333333333333334,0.9176470588235294,0.17488789237668162,0.11735952482934037,0.12789178987812733,0.019001065924750347,61.48780367915167,0.16223639508327875,2.8361204013377925,2.409090909090909,2.641025641025641,0.0
86,template_impurity,N,C,N,0,1.0,template_site:index=314:site=C:neigh=2:ahead0=11.068:mode=shell,x,yz,300,221,79,7,86,1654.9053711802887,4.021184326276677,500.0,0.001,55.75,0.05575,-2587.3472,-2575.383,-2587.3472,-11.964111,-11.404785,1.0,0.05575,0.05575,10,299,314,9,9,1.3411355658418607,36.162926133077676,21.08999999969,10.0,446.0,0.0,-1.5468192,-24.782776,36.1645880988606,0.49999999916963384,35.66458809969097,11.069466628030234,0.7547021471480907,1.4170403587443947,35.07484762747471,34.906574474050814,35.38716904429047,0.4164085590492942,0.125,9.979726156644347,9.81145300322045,10.292047573460103,0.6,7,50,0,0.0,0.14654545454545453,525,77,0.14666666666666667,0.013333333333333334,0.9186046511627907,0.17713004484304934,0.11604332740284123,0.1263256475524601,0.019009002203132088,61.48780367915167,0.16230415723936678,2.84,2.4782608695652173,2.6582278481012658,0.0
87,template_impurity,N,C,N,0,1.0,template_site:index=312:site=C:neigh=1:ahead0=11.068:mode=shell,x,yz,301,221,80,7,87,1660.6689062426415,5.763535062352641,500.0,0.001,55.75,0.05575,-2594.869,-2587.3472,-2594.869,-7.5217285,-6.6171875,0.21139857214091867,0.05575,0.05575,9,300,312,8,8,1.489173464824054,36.162926133077676,12.569999999,10.0,446.0,0.0,-1.563684,-25.05298,36.1645880988606,0.49999999916963384,35.66458809969097,11.069466628030234,0.813215355988473,1.4349775784753362,35.23051537182995,34.94113254791728,36.14096757552688,0.5330082962691839,0.125,10.135393900999588,9.846011077086914,11.045846104696516,0.6,7,50,0,0.0,0.14854545454545456,525,78,0.14857142857142858,0.013333333333333334,0.9195402298850575,0.17937219730941703,0.11649878047125964,0.12669242376249484,0.019305512192380168,61.48780367915167,0.16483584214337682,2.8372093023255816,2.4583333333333335,2.65,0.0
88,template_deposition,C,C,none,0,1.0,template_site:index=311:site=C:neigh=2:ahead0=11.068:mode=shell,x,yz,302,221,81,7,88,1672.4555801918318,11.786673949190398,500.0,0.001,55.75,0.05575,-2606.2195,-2594.869,-2606.2195,-11.350586,-10.376709,1.0,0.05575,0.05575,10,301,311,7,7,1.4138878713985088,36.162926133077676,11.15,10.0,446.0,0.0,-1.5891337,-25.46073,36.17900718054662,0.49999999916963384,35.67900718137699,11.083885709716256,0.8555530069811577,1.452914798206278,35.23987374648718,34.94113254791728,36.1689138233664,0.5411267967334511,0.125,10.144752275656813,9.846011077086914,11.073792352536039,0.6,7,50,0,0.0,0.15054545454545454,525,79,0.15047619047619049,0.013333333333333334,0.9204545454545454,0.18161434977578475,0.11528127585973652,0.12524385525502238,0.01932333766791774,61.48780367915167,0.16498804102018266,2.8410596026490067,2.52,2.6666666666666665,0.0
89,template_deposition,C,C,none,0,1.0,template_site:index=305:site=C:neigh=1:ahead0=11.068:mode=shell,x,yz,303,221,82,7,89,1712.6938668361588,40.23828664432704,500.0,0.001,55.75,0.05575,-2613.795,-2606.2195,-2613.795,-7.5754395,-7.1225586,0.9932536366323939,0.05575,0.05575,10,302,305,6,6,1.4998583662064218,36.162926133077676,8.30999999977,10.0,446.0,0.0,-1.606119,-25.732864,36.17900718054662,0.49999999916963384,35.67900718137699,11.083885709716256,0.8860444709657933,1.4708520179372198,35.40168144134471,35.010338564708576,36.1689138233664,0.5834762335658862,0.125,10.306559970514343,9.915217093878212,11.073792352536039,0.6,7,50,0,0.0,0.15254545454545454,525,80,0.1523809523809524,0.013333333333333334,0.9213483146067416,0.18385650224215247,0.11580404461252071,0.1256897557379798,0.0196315428009797,61.48780367915167,0.16761958232066324,2.8382838283828384,2.5,2.658536585365854,0.0
90,template_deposition,C,C,none,0,1.0,template_site:index=306:site=C:neigh=2:ahead0=11.068:mode=shell,x,yz,304,221,83,7,90,1735.7259242751363,23.032057438977443,500.0,0.001,55.75,0.05575,-2624.5803,-2613.795,-2624.5803,-10.7854,-10.382324,1.0,0.05575,0.05575,10,303,306,5,5,1.386065371694107,36.162926133077676,6.890000000770001,10.0,446.0,0.0,-1.6303016,-26.120312,36.17900718054662,0.49999999916963384,35.67900718137699,11.083885709716256,0.910394350597206,1.4887892376681615,35.404435658046,35.010338564708576,36.1689138233664,0.5834223741232198,0.125,10.309314187215634,9.915217093878212,11.073792352536039,0.6,7,50,0,0.0,0.15454545454545454,525,81,0.15428571428571428,0.013333333333333334,0.9222222222222223,0.1860986547085202,0.11454793541350704,0.12420860466524859,0.01963678892802978,61.48780367915167,0.16766437521513158,2.8421052631578947,2.5555555555555554,2.674698795180723,0.0
91,template_deposition,C,C,none,0,1.0,template_site:index=308:site=C:neigh=1:ahead0=11.068:mode=shell,x,yz,305,221,84,7,91,1746.070947834966,10.345023559829741,500.0,0.001,55.75,0.05575,-2632.0742,-2624.5803,-2632.0742,-7.4938965,-6.907959,0.5169922588463395,0.05575,0.05575,11,304,308,4,4,1.5302772027115916,36.162926133077676,4.05000000054,10.0,446.0,0.0,-1.647104,-26.389517,36.17900718054662,0.49999999916963384,35.67900718137699,11.083885709716256,0.930093595405959,1.506726457399103,35.557076799451394,35.58748139992814,36.1689138233664,0.5844141852946999,0.125,10.46195532862103,10.492359929097773,11.073792352536039,0.6,7,50,0,0.0,0.15654545454545452,525,82,0.15619047619047619,0.013333333333333334,0.9230769230769231,0.18834080717488788,0.11496654207275858,0.12454708724548846,0.019927533959278154,61.48780367915167,0.17014683730146485,2.839344262295082,2.5357142857142856,2.6666666666666665,0.0
92,template_deposition,C,C,none,0,1.0,template_site:index=307:site=C:neigh=2:ahead0=11.068:mode=shell,x,yz,306,221,85,7,92,1760.665117489229,14.594169654263004,500.0,0.001,55.75,0.05575,-2642.241,-2632.0742,-2642.241,-10.166748,-9.464355,1.0,0.05575,0.05575,11,305,307,3,3,1.3805668506310216,36.162926133077676,2.62999999931,10.0,446.0,0.0,-1.6698995,-26.75474,36.18196416015263,0.49999999916963384,35.681964160983,11.086842689322268,0.949431675823697,1.5246636771300448,35.69571826702855,36.10083533238769,36.17989427442842,0.5853161834654206,0.125,10.60059679619819,11.005713861557325,11.084772803598057,0.6,7,50,0,0.0,0.15854545454545454,525,83,0.1580952380952381,0.013333333333333334,0.9239130434782609,0.1905829596412556,0.11522387821954554,0.12471290348468458,0.02019161294513941,61.48780367915167,0.17240161726239175,2.843137254901961,2.586206896551724,2.6823529411764704,0.0
93,template_deposition,C,C,none,0,1.0,template_site:index=310:site=C:neigh=1:ahead0=11.068:mode=shell,x,yz,307,221,86,7,93,1772.6671861495502,12.002068660321184,500.0,0.001,55.75,0.05575,-2649.4377,-2642.241,-2649.4377,-7.1967773,-6.904785,0.9999999999985758,0.05575,0.05575,10,306,310,2,2,1.4762163575116203,36.162926133077676,15.409999999230001,10.0,446.0,0.0,-1.6860358,-27.013271,36.19107202133322,0.49999999916963384,35.69107202216359,11.095950550502856,0.9639937335699578,1.5426008968609866,35.85310251992688,36.127325959928044,36.184696518506804,0.5171099553830493,0.125,10.757981049096514,11.03220448909768,11.08957504767644,0.6,8,50,0,0.0,0.16054545454545455,525,84,0.16,0.013333333333333334,0.9247311827956989,0.19282511210762332,0.11567721558168295,0.1250928028964711,0.02049139247446955,61.48780367915167,0.17496121841060594,2.8403908794788273,2.566666666666667,2.6744186046511627,0.0
94,template_deposition,C,C,none,0,1.0,template_site:index=309:site=C:neigh=2:ahead0=11.068:mode=shell,x,yz,308,221,87,7,94,1783.9442887144667,11.277102564916552,500.0,0.001,55.75,0.05575,-2660.1208,-2649.4377,-2660.1208,-10.683105,-9.9592285,1.0,0.05575,0.05575,10,307,309,1,1,1.41707896866406,36.162926133077676,16.83000000046,10.0,446.0,0.0,-1.7099888,-27.397041,36.19107202133322,0.49999999916963384,35.69107202216359,11.095950550502856,0.97495577287116,1.5605381165919283,36.0003694768121,36.14655046372196,36.184696518506804,0.39590644994191,0.125,10.905248005981733,11.051428992891594,11.08957504767644,0.6,8,50,0,0.0,0.16254545454545455,525,85,0.1619047619047619,0.013333333333333334,0.925531914893617,0.19506726457399104,0.11601327665938013,0.1253476782296751,0.02077190096377473,61.48780367915167,0.17735627804964701,2.844155844155844,2.6129032258064515,2.689655172413793,0.0
95,template_deposition,C,C,none,0,1.0,template_site:index=322:site=C:neigh=1:ahead0=12.298:mode=shell,x,yz,309,221,88,7,95,1790.3620982170175,6.417809502550917,500.0,0.001,55.75,0.05575,-2666.8774,-2660.1208,-2666.8774,-6.756592,-6.313965,0.9611468741409752,0.05575,0.05575,9,308,322,10,10,1.469789808329396,37.39268220666071,17.539999999960003,10.0,446.0,0.0,-1.7251382,-27.639761,37.37423069962253,0.49999999916963384,36.8742307004529,12.279109228792166,0.694906950271502,1.5784753363228698,36.1547368781004,36.16788679914022,36.54601962482001,0.605311771411314,0.125,11.059615407270037,11.072765328309856,11.450898153989648,0.6,8,50,0,0.0,0.16436363636363638,525,86,0.16380952380952382,0.013333333333333334,0.9263157894736842,0.19730941704035873,0.11641700428705302,0.1256774478098868,0.021065934109085784,61.48780367915167,0.17986681497000617,2.841423948220065,2.4545454545454546,2.6818181818181817,0.0
96,template_deposition,C,C,none,0,1.0,template_site:index=321:site=C:neigh=2:ahead0=12.298:mode=shell,x,yz,310,221,89,7,96,1814.5530036568175,24.19090543979995,500.0,0.001,55.75,0.05575,-2677.8108,-2666.8774,-2677.8108,-10.93335,-10.435547,1.0,0.05575,0.05575,10,309,321,9,9,1.3833919178839658,37.39268220666071,18.95999999896,10.0,446.0,0.0,-1.7496524,-28.032522,37.35557481525168,0.49999999916963384,36.85557481608205,12.260453344421315,0.7643885382899016,1.5964125560538116,36.151463825167696,36.1641225295948,36.54042285950876,0.6006031421361113,0.125,11.056342354337332,11.069001058764435,11.445301388678395,0.6,8,50,0,0.0,0.16618181818181818,525,87,0.1657142857142857,0.013333333333333334,0.9270833333333334,0.19955156950672645,0.11517023285768054,0.12422856577907114,0.021059699722547297,61.48780367915167,0.1798135840406696,2.8451612903225807,2.5217391304347827,2.696629213483146,0.0
97,template_deposition,C,C,none,0,1.0,template_site:index=324:site=C:neigh=1:ahead0=12.298:mode=shell,x,yz,311,221,90,7,97,1817.6804232982533,3.1274196414357345,500.0,0.001,55.75,0.05575,-2684.977,-2677.8108,-2684.977,-7.16626,-6.9819336,0.9999999925857106,0.05575,0.05575,10,310,324,8,8,1.4218943568169409,37.39268220666071,14.69999999973,10.0,446.0,0.0,-1.7657202,-28.289957,37.4145956330877,0.49999999916963384,36.91459563391807,12.319474162257336,0.8243351138501869,1.6143497757847534,36.307606630668246,36.171310091822946,37.37328106060249,0.7319493461357185,0.125,11.212485159837883,11.076188620992582,12.278159589772123,0.6,8,50,0,0.0,0.168,525,88,0.1676190476190476,0.013333333333333334,0.9278350515463918,0.20179372197309417,0.11559263051379261,0.12458316844264314,0.021357114590167394,61.48780367915167,0.18235299504834385,2.842443729903537,2.5,2.688888888888889,0.0
98,template_impurity,N,C,N,0,1.0,template_site:index=323:site=C:neigh=2:ahead0=12.298:mode=shell,x,yz,312,221,91,7,98,1832.3203921690047,14.639968870751211,500.0,0.001,55.75,0.05575,-2695.434,-2684.977,-2695.434,-10.457031,-9.6345215,1.0,0.05575,0.05575,10,311,323,7,7,1.4145123006322833,37.39268220666071,13.28000000073,10.0,446.0,0.0,-1.7891665,-28.665607,37.46180039268415,0.49999999916963384,36.961800393514515,12.366678921853783,0.8705494059878203,1.6322869955156951,36.460966016740386,36.171310091822946,37.39729513142544,0.8153745001153947,0.125,11.365844545910022,11.076188620992582,12.302173660595074,0.6,8,50,0,0.0,0.1698181818181818,525,89,0.16952380952380952,0.013333333333333334,0.9285714285714286,0.2040358744394619,0.11597800557051043,0.12489939061439585,0.02164922770649528,61.48780367915167,0.18484713822627197,2.8461538461538463,2.56,2.7032967032967035,0.0
99,template_vacancy,vac,C,vac,1,1.0,template_site:index=315:site=C:neigh=1:ahead0=12.298:mode=shell,x,yz,312,221,91,8,99,1879.2377529341857,46.91736076518093,500.0,0.001,55.75,0.05575,-2695.434,-2695.434,-2695.434,0.0,0.0,0.999809168153675,0.05575,0.05575,0,-1,315,6,6,1.5536789377870912,37.39268220666071,10.440000000500001,10.0,446.0,0.0,-1.7891665,-28.665607,37.46180039268415,0.49999999916963384,36.961800393514515,12.366678921853783,0.8705494059878203,1.6322869955156951,36.460966016740386,36.171310091822946,37.39729513142544,0.8153745001153947,0.125,11.365844545910022,11.076188620992582,12.302173660595074,0.6,8,50,0,0.0,0.1698181818181818,525,89,0.16952380952380952,0.015238095238095238,0.9191919191919192,0.2040358744394619,0.1148065105647477,0.12489939061439585,0.02164922770649528,61.48780367915167,0.18484713822627197,2.8461538461538463,2.56,2.7032967032967035,0.0
100,template_deposition,C,C,none,0,1.0,template_site:index=317:site=C:neigh=1:ahead0=12.298:mode=shell,x,yz,313,221,92,8,100,1881.1869896923067,1.949236758121003,500.0,0.001,55.75,0.05575,-2702.0056,-2695.434,-2702.0056,-6.571533,-6.172119,0.9310278182097631,0.05575,0.05575,9,312,317,5,5,1.4724245976275687,37.39268220666071,1.9199999998100001,10.0,446.0,0.0,-1.8039008,-28.901678,37.46180039268415,0.49999999916963384,36.961800393514515,12.366678921853783,0.9084254341140131,1.6502242152466369,36.61434504562919,36.75972950810725,37.41057056948343,0.8587294719435875,0.125,11.51922357479883,11.664608037276885,12.315449098653069,0.6,8,50,0,0.0,0.17163636363636364,525,90,0.17142857142857143,0.015238095238095238,0.92,0.2062780269058296,0.11519223574798829,0.12520895189998726,0.021941378237712056,61.48780367915167,0.18734160086294624,2.8434504792332267,2.5384615384615383,2.6956521739130435,0.0
101,template_impurity,N,C,N,0,1.0,template_site:index=318:site=C:neigh=1:ahead0=12.298:mode=shell,x,yz,314,221,93,8,101,1888.6332113979443,7.4462217056375595,500.0,0.001,55.75,0.05575,-2712.4556,-2702.0056,-2712.4556,-10.449951,-9.010742,0.9999997202232106,0.05575,0.05575,10,313,318,5,5,1.412158936040687,37.39268220666071,0.5000000008100001,10.0,446.0,0.0,-1.8273313,-29.277077,37.46180039268415,0.49999999916963384,36.961800393514515,12.366678921853783,0.9373803653831911,1.6681614349775784,36.620254261738545,36.756001217534106,37.441588023182796,0.8624513036787463,0.125,11.52513279090818,11.660879746703742,12.346466552352432,0.6,8,50,0,0.0,0.17345454545454544,525,91,0.17333333333333334,0.015238095238095238,0.9207920792079208,0.2085201793721973,0.11411022565255624,0.12392615904202345,0.021952633887444156,61.48780367915167,0.1874377047364914,2.840764331210191,2.5185185185185186,2.6881720430107525,0.0
102,template_impurity,N,C,N,0,1.0,template_site:index=319:site=C:neigh=1:ahead0=12.298:mode=shell,x,yz,315,221,94,8,102,1889.2250242796615,0.5918128817171584,500.0,0.001,55.75,0.05575,-2720.845,-2712.4556,-2720.845,-8.389404,-7.7910156,0.9965119601392197,0.05575,0.05575,10,314,319,4,4,1.4226867489188444,37.39268220666071,4.760000000040001,10.0,446.0,0.0,-1.8461416,-29.57845,37.46180039268415,0.49999999916963384,36.961800393514515,12.366678921853783,0.9570346965203984,1.6860986547085202,36.77548573395025,37.35934036887655,37.441588023182796,0.8717158397902133,0.125,11.680364263119884,12.264218898046188,12.346466552352432,0.6,8,50,0,0.0,0.17527272727272727,525,92,0.17523809523809525,0.015238095238095238,0.9215686274509803,0.21076233183856502,0.11451337512862632,0.1242591942885094,0.022248312882133112,61.48780367915167,0.18996229437741782,2.8380952380952382,2.5,2.6808510638297873,0.0
103,template_deposition,C,C,none,0,1.0,template_site:index=320:site=C:neigh=2:ahead0=12.298:mode=shell,x,yz,316,221,95,8,103,1905.739070342893,16.514046063231564,500.0,0.001,55.75,0.05575,-2731.993,-2720.845,-2731.993,-11.147949,-10.380859,1.0,0.05575,0.05575,10,315,320,3,3,1.3840528152484584,37.39268220666071,6.17999999904,10.0,446.0,0.0,-1.871137,-29.97892,37.46180039268415,0.49999999916963384,36.961800393514515,12.366678921853783,0.9745887546342153,1.704035874439462,36.93404151254167,37.35934036887655,37.441588023182796,0.8560582971650493,0.125,11.838920041711305,12.264218898046188,12.346466552352432,0.6,8,50,0,0.0,0.17709090909090908,525,93,0.17714285714285713,0.015238095238095238,0.9223300970873787,0.21300448430493274,0.11494097127875053,0.12462021096538216,0.022550323888973912,61.48780367915167,0.1925409485023688,2.8417721518987342,2.5517241379310347,2.694736842105263,0.0
104,template_deposition,C,C,none,0,1.0,template_site:index=316:site=C:neigh=1:ahead0=12.298:mode=shell,x,yz,317,221,96,8,104,1909.0285505656707,3.289480222777636,500.0,0.001,55.75,0.05575,-2739.3374,-2731.993,-2739.3374,-7.3444824,-7.0915527,0.9998811701099197,0.05575,0.05575,10,316,316,2,2,1.457331476027798,37.39268220666071,9.01999999927,10.0,446.0,0.0,-1.8876045,-30.242758,37.46180039268415,0.49999999916963384,36.961800393514515,12.366678921853783,0.9878948139121496,1.7219730941704037,37.235305696064195,37.37199909906788,37.441588023182796,0.4077100003311146,0.125,12.140184225233831,12.276877628237514,12.346466552352432,0.6,8,50,0,0.0,0.1789090909090909,525,94,0.17904761904761904,0.015238095238095238,0.9230769230769231,0.21524663677130046,0.11673254062724837,0.12646025234618574,0.02312416042901682,61.48780367915167,0.1974405247678433,2.8391167192429023,2.533333333333333,2.6875,0.0
105,template_impurity,N,C,N,0,1.0,template_site:index=325:site=C:neigh=2:ahead0=12.298:mode=shell,x,yz,318,221,97,8,105,1920.910419595527,11.881869029856196,500.0,0.001,55.75,0.05575,-2747.0671,-2739.3374,-2747.0671,-7.7297363,-6.86499,1.0,0.05575,0.05575,12,317,325,1,1,1.1207810428605074,37.39268220666071,21.79999999919,10.0,446.0,0.0,-1.9049357,-30.520435,37.46180039268415,0.49999999916963384,36.961800393514515,12.366678921853783,1.0014601571091526,1.7399103139013452,37.39155809897638,37.38746201038548,37.45217374460206,0.04678719380828166,0.125,12.296436628146019,12.292340539555113,12.357052273771693,0.6,9,50,0,0.0,0.1807272727272727,525,95,0.18095238095238095,0.015238095238095238,0.9238095238095239,0.21748878923766815,0.11710892026805732,0.1267673879190311,0.023421784053611464,61.48780367915167,0.19998171820073163,2.842767295597484,2.5806451612903225,2.7010309278350517,0.0
106,template_deposition,C,C,none,0,1.0,template_site:index=326:site=C:neigh=1:ahead0=13.527:mode=shell,x,yz,319,221,98,8,106,1941.4315412069454,20.521121611418412,500.0,0.001,55.75,0.05575,-2755.1934,-2747.0671,-2755.1934,-8.126221,-7.664551,0.9999999999999998,0.05575,0.05575,8,318,326,9,9,1.4530640622112594,38.62243828024374,8.30999999977,10.0,446.0,0.0,-1.9231559,-30.812355,38.57207958428646,0.49999999916963384,38.07207958511683,13.4769581134561,0.7055433729493163,1.757847533632287,37.55714654447954,37.42934756096588,37.79488415016484,0.3853353544577262,0.125,12.462025073649173,12.334226090135516,12.699762679334476,0.6,9,50,0,0.0,0.18272727272727274,525,96,0.18285714285714286,0.015238095238095238,0.9245283018867925,0.21973094170403587,0.11756627427970917,0.12716352115968543,0.023737190616474616,61.48780367915167,0.2026747473153705,2.8401253918495297,2.380952380952381,2.693877551020408,0.0
107,template_deposition,C,C,none,0,1.0,template_site:index=327:site=C:neigh=2:ahead0=13.527:mode=shell,x,yz,320,221,99,8,107,1952.0234675985655,10.591926391620062,500.0,0.001,55.75,0.05575,-2765.137,-2755.1934,-2765.137,-9.9436035,-9.271973,1.0,0.05575,0.05575,9,319,327,8,8,1.4702622676966692,38.62243828024374,6.890000000770001,10.0,446.0,0.0,-1.945451,-31.169561,38.578490465869876,0.49999999916963384,38.078490466700245,13.483368995039513,0.7714541862096429,1.7757847533632287,37.552677029966915,37.41254735799764,37.796807414639865,0.3893830278453195,0.125,12.457555559136551,12.317425887167275,12.701685943809501,0.6,9,50,0,0.0,0.18472727272727274,525,97,0.18476190476190477,0.015238095238095238,0.9252336448598131,0.2219730941704036,0.11642575288912665,0.12583389453673285,0.023728677255498192,61.48780367915167,0.2026020578672981,2.84375,2.4545454545454546,2.707070707070707,0.0
108,template_deposition,C,C,none,0,1.0,template_site:index=335:site=C:neigh=1:ahead0=13.527:mode=shell,x,yz,321,221,100,8,108,1971.8285588447054,19.805091246139877,500.0,0.001,55.75,0.05575,-2771.6553,-2765.137,-2771.6553,-6.5183105,-5.9436035,0.798742003837802,0.05575,0.05575,9,320,335,7,7,1.3597386435481276,38.62243828024374,21.08999999969,10.0,446.0,0.0,-1.9600661,-31.40372,38.578490465869876,0.49999999916963384,38.078490466700245,13.483368995039513,0.8274185480484711,1.7937219730941705,37.70860164483642,37.443159633293405,38.56175078933677,0.49715837633633836,0.125,12.613480174006057,12.348038162463041,13.466629318506406,0.6,9,50,0,0.0,0.18672727272727271,525,98,0.18666666666666668,0.015238095238095238,0.9259259259259259,0.2242152466367713,0.11679148309264867,0.12613480174006056,0.024025676521916298,61.48780367915167,0.20513792035611186,2.8411214953271027,2.4347826086956523,2.7,0.0
109,template_deposition,C,C,none,0,1.0,template_site:index=334:site=C:neigh=2:ahead0=13.527:mode=shell,x,yz,322,221,101,8,109,2021.0543678588213,49.22580901411575,500.0,0.001,55.75,0.05575,-2781.7866,-2771.6553,-2781.7866,-10.131348,-9.724121,1.0,0.05575,0.05575,10,321,334,6,6,1.334253379761083,38.62243828024374,19.67000000069,10.0,446.0,0.0,-1.982782,-31.767672,38.616009406933735,0.49999999916963384,38.1160094077641,13.520887936103371,0.8710093896852663,1.811659192825112,37.727771373998635,37.44823188650764,38.589746148189036,0.5044410921517483,0.125,12.632649903168272,12.353110415677278,13.494624677358672,0.6,9,50,0,0.0,0.18872727272727272,525,99,0.18857142857142858,0.015238095238095238,0.926605504587156,0.226457399103139,0.11589587067126855,0.12507574161552745,0.024062190291749087,61.48780367915167,0.2054496850966813,2.8447204968944098,2.5,2.712871287128713,0.0
110,template_deposition,C,C,none,0,1.0,template_site:index=330:site=C:neigh=1:ahead0=13.527:mode=shell,x,yz,323,221,102,8,110,2021.5693871090375,0.5150192502161647,500.0,0.001,55.75,0.05575,-2789.0454,-2781.7866,-2789.0454,-7.258789,-6.8061523,0.9999999996586579,0.05575,0.05575,10,322,330,5,5,1.5088253560302038,38.62243828024374,16.83000000046,10.0,446.0,0.0,-1.9990574,-32.02843,38.60699777250561,0.49999999916963384,38.106997773335976,13.511876301675244,0.9043946682949955,1.8295964125560538,37.87499781400125,37.51517346752863,38.59781516905941,0.5585378392454471,0.125,12.779876343170884,12.42005199669827,13.502693698229045,0.6,9,50,0,0.0,0.19072727272727272,525,100,0.19047619047619047,0.015238095238095238,0.9272727272727272,0.22869955156950672,0.11618069402882622,0.12529290532520473,0.02434262160603978,61.48780367915167,0.20784408579394562,2.8421052631578947,2.48,2.7058823529411766,0.0
111,template_impurity,N,C,N,0,1.0,template_site:index=331:site=C:neigh=2:ahead0=13.527:mode=shell,x,yz,324,221,103,8,111,2079.4926954443863,57.92330833534877,500.0,0.001,55.75,0.05575,-2800.8848,-2789.0454,-2800.8848,-11.839355,-11.213867,1.0,0.05575,0.05575,10,323,331,4,4,1.4038851117512319,38.62243828024374,15.409999999230001,10.0,446.0,0.0,-2.025603,-32.45374,38.61936736310225,0.49999999916963384,38.11936736393262,13.524245892271885,0.9281566664672473,1.8475336322869955,37.88454355996518,37.50922247644587,38.6107086496846,0.5570797227795841,0.125,12.789422089134817,12.414101005615507,13.515587178854233,0.6,9,50,0,0.0,0.19272727272727275,525,101,0.19238095238095237,0.015238095238095238,0.9279279279279279,0.23094170403587444,0.11522001882103439,0.12416914649645454,0.024360803979304412,61.48780367915167,0.20799933196298662,2.845679012345679,2.5384615384615383,2.7184466019417477,0.0
112,template_deposition,C,C,none,0,1.0,template_site:index=333:site=C:neigh=1:ahead0=13.527:mode=shell,x,yz,325,221,104,8,112,2116.150013120832,36.65731767644606,500.0,0.001,55.75,0.05575,-2807.197,-2800.8848,-2807.197,-6.312256,-5.914551,0.9999999459031679,0.05575,0.05575,9,324,333,3,3,1.3612965560136663,38.62243828024374,12.569999999,10.0,446.0,0.0,-2.039756,-32.680496,38.62222830417,0.49999999916963384,38.12222830500037,13.527106833339637,0.9488036555908232,1.8654708520179373,38.024383810347985,38.061759834167646,38.611566932004926,0.5778020158237617,0.125,12.92926233951762,12.966638363337282,13.516445461174563,0.6,9,50,0,0.0,0.19472727272727272,525,102,0.19428571428571428,0.015238095238095238,0.9285714285714286,0.23318385650224216,0.11543984231712161,0.12431983018766943,0.024627166360985945,61.48780367915167,0.21027360819364369,2.8430769230769233,2.5185185185185186,2.7115384615384617,0.0
113,template_deposition,C,C,none,0,1.0,template_site:index=332:site=C:neigh=1:ahead0=13.527:mode=shell,x,yz,326,221,105,8,113,2119.732019599239,3.5820064784064303,500.0,0.001,55.75,0.05575,-2814.8271,-2807.197,-2814.8271,-7.630127,-7.1950684,1.0,0.05575,0.05575,10,325,332,3,3,1.4347392061193356,38.62243828024374,11.15,10.0,446.0,0.0,-2.056864,-32.954594,38.62222830417,0.49999999916963384,38.12222830500037,13.527106833339637,0.9589589068354587,1.883408071748879,38.030253101249734,38.061759834167646,38.61798652764982,0.5771977882285545,0.125,12.93513163041937,12.966638363337282,13.522865056819455,0.6,9,50,0,0.0,0.19672727272727272,525,103,0.1961904761904762,0.015238095238095238,0.9292035398230089,0.23542600896860988,0.11447019141964045,0.12319172981351781,0.02463834596270356,61.48780367915167,0.21036906274805217,2.8404907975460123,2.5,2.704761904761905,0.0
114,template_deposition,C,C,none,0,1.0,template_site:index=329:site=C:neigh=1:ahead0=13.527:mode=shell,x,yz,327,221,106,8,114,2121.2438141981615,1.51179459892252,500.0,0.001,55.75,0.05575,-2820.4863,-2814.8271,-2820.4863,-5.6591797,-5.1936035,0.9999996222226494,0.05575,0.05575,10,326,329,2,2,1.4540643286499202,38.62243828024374,4.05000000054,10.0,446.0,0.0,-2.0695527,-33.15789,38.62222830417,0.49999999916963384,38.12222830500037,13.527106833339637,0.9706833982180907,1.9013452914798206,38.176838188696436,38.56106104901869,38.61798652764982,0.5395559856613746,0.125,13.081716717866072,13.465939578188326,13.522865056819455,0.6,10,50,0,0.0,0.19872727272727272,525,104,0.1980952380952381,0.015238095238095238,0.9298245614035088,0.23766816143497757,0.11475190103391292,0.12341242186666106,0.024917555653078235,61.48780367915167,0.2127530328799436,2.837920489296636,2.4827586206896552,2.69811320754717,0.0
115,template_deposition,C,C,none,0,1.0,template_site:index=328:site=C:neigh=2:ahead0=13.527:mode=shell,x,yz,328,221,107,8,115,2164.543168486458,43.299354288296335,500.0,0.001,55.75,0.05575,-2829.9377,-2820.4863,-2829.9377,-9.451416,-8.624023,1.0,0.05575,0.05575,11,327,328,1,1,1.435662473794865,38.62243828024374,2.62999999931,10.0,446.0,0.0,-2.0907443,-33.497417,38.63279956494519,0.49999999916963384,38.13279956577556,13.537678094114824,0.9811763255627439,1.9192825112107623,38.3091371742538,38.584567230470014,38.62539968240256,0.5021851066522521,0.125,13.214015703423435,13.48944575963965,13.530278211572195,0.6,10,50,0,0.0,0.2007272727272727,525,105,0.2,0.015238095238095238,0.9304347826086956,0.2399103139013453,0.11490448437759508,0.12349547386377042,0.025169553720806544,61.48780367915167,0.2149046625957765,2.841463414634146,2.533333333333333,2.710280373831776,0.0
116,template_vacancy,vac,C,vac,1,1.0,template_site:index=336:site=C:neigh=1:ahead0=14.757:mode=shell,x,yz,328,221,107,9,116,2179.8780637298373,15.33489524337919,500.0,0.001,55.75,0.05575,-2829.9377,-2829.9377,-2829.9377,0.0,0.0,0.999999999575621,0.05575,0.05575,0,-1,336,10,10,1.4302103448914072,39.852194353826775,10.440000000500001,10.0,446.0,0.0,-2.0907443,-33.497417,38.63279956494519,0.49999999916963384,38.13279956577556,13.537678094114824,0.9811763255627439,1.9192825112107623,38.3091371742538,38.584567230470014,38.62539968240256,0.5021851066522521,0.125,13.214015703423435,13.48944575963965,13.530278211572195,0.6,10,50,0,0.0,0.2007272727272727,525,105,0.2,0.017142857142857144,0.9224137931034483,0.2399103139013453,0.11391392847778824,0.12349547386377042,0.025169553720806544,61.48780367915167,0.2149046625957765,2.841463414634146,2.533333333333333,2.710280373831776,0.0
117,template_vacancy,vac,C,vac,1,1.0,template_site:index=341:site=C:neigh=1:ahead0=14.757:mode=shell,x,yz,328,221,107,10,117,2188.039737938251,8.161674208413912,500.0,0.001,55.75,0.05575,-2829.9377,-2829.9377,-2829.9377,0.0,0.0,0.9752246944545258,0.05575,0.05575,0,-1,341,9,9,1.5152416575732732,39.852194353826775,6.17999999904,10.0,446.0,0.0,-2.0907443,-33.497417,38.63279956494519,0.49999999916963384,38.13279956577556,13.537678094114824,0.9811763255627439,1.9192825112107623,38.3091371742538,38.584567230470014,38.62539968240256,0.5021851066522521,0.125,13.214015703423435,13.48944575963965,13.530278211572195,0.6,10,50,0,0.0,0.2007272727272727,525,105,0.2,0.01904761904761905,0.9145299145299145,0.2399103139013453,0.11294030515746525,0.12349547386377042,0.025169553720806544,61.48780367915167,0.2149046625957765,2.841463414634146,2.533333333333333,2.710280373831776,0.0
118,template_deposition,C,C,none,0,1.0,template_site:index=343:site=C:neigh=1:ahead0=14.757:mode=shell,x,yz,329,221,108,10,118,2190.8239144394042,2.7841765011528588,500.0,0.001,55.75,0.05575,-2836.765,-2829.9377,-2836.765,-6.8271484,-6.28125,0.9299885012431468,0.05575,0.05575,9,328,343,8,8,1.5311990065253445,39.852194353826775,17.539999999960003,10.0,446.0,0.0,-2.1060517,-33.74267,39.781876967412146,0.49999999916963384,39.281876968242514,14.686755496581782,0.6668185332211066,1.937219730941704,38.60751431219616,38.62227899874662,38.98431073811206,0.5851380869463535,0.125,13.512392841365795,13.527157527916259,13.889189267281694,0.6,10,50,0,0.0,0.20254545454545453,525,106,0.2019047619047619,0.01904761904761905,0.9152542372881356,0.242152466367713,0.1145118037403881,0.12511474853116478,0.025737891126411037,61.48780367915167,0.21975728571920627,2.838905775075988,2.3333333333333335,2.7037037037037037,0.0
119,template_vacancy,vac,C,vac,1,1.0,template_site:index=342:site=C:neigh=2:ahead0=14.757:mode=shell,x,yz,329,221,108,11,119,2204.997135208761,14.173220769356572,500.0,0.001,55.75,0.05575,-2836.765,-2836.765,-2836.765,0.0,0.0,1.0,0.05575,0.05575,0,-1,342,7,7,1.3789855371520852,39.852194353826775,18.95999999896,10.0,446.0,0.0,-2.1060517,-33.74267,39.781876967412146,0.49999999916963384,39.281876968242514,14.686755496581782,0.6668185332211066,1.937219730941704,38.60751431219616,38.62227899874662,38.98431073811206,0.5851380869463535,0.125,13.512392841365795,13.527157527916259,13.889189267281694,0.6,10,50,0,0.0,0.20254545454545453,525,106,0.2019047619047619,0.02095238095238095,0.907563025210084,0.242152466367713,0.11354951967534281,0.12511474853116478,0.025737891126411037,61.48780367915167,0.21975728571920627,2.838905775075988,2.3333333333333335,2.7037037037037037,0.0
120,template_deposition,C,C,none,0,1.0,template_site:index=338:site=C:neigh=1:ahead0=14.757:mode=shell,x,yz,330,221,109,11,120,2206.3632076111335,1.3660724023723314,500.0,0.001,55.75,0.05575,-2843.3223,-2836.765,-2843.3223,-6.557373,-6.166992,0.9876972339983486,0.05575,0.05575,9,329,338,6,6,1.470681071683397,39.852194353826775,1.9199999998100001,10.0,446.0,0.0,-2.1207545,-33.978233,39.85501724304548,0.49999999916963384,39.35501724387585,14.759895772215117,0.7485867835517721,1.9551569506726458,38.76038627254407,38.62227899874662,39.80381905010215,0.7165607163402833,0.125,13.665264801713704,13.527157527916259,14.708697579271785,0.6,10,50,0,0.0,0.2043636363636364,525,107,0.2038095238095238,0.02095238095238095,0.9083333333333333,0.24439461883408073,0.11387720668094753,0.12536940185058443,0.02602907581278801,61.48780367915167,0.22224350170352744,2.8363636363636364,2.3181818181818183,2.697247706422018,0.0
121,template_deposition,C,C,none,0,1.0,template_site:index=339:site=C:neigh=1:ahead0=14.757:mode=shell,x,yz,331,221,110,11,121,2217.855870991003,11.492663379869601,500.0,0.001,55.75,0.05575,-2851.6262,-2843.3223,-2851.6262,-8.303955,-7.761963,0.999998670955246,0.05575,0.05575,9,330,339,6,6,1.4378212456440358,39.852194353826775,0.5000000008100001,10.0,446.0,0.0,-2.139373,-34.276535,39.89492703190945,0.49999999916963384,39.394927032739815,14.799805561079083,0.8108651365122882,1.9730941704035874,38.76979860263101,38.62227899874662,39.81579198676133,0.7234726142760074,0.125,13.67467713180065,13.527157527916259,14.72067051593097,0.6,10,50,0,0.0,0.20618181818181816,525,108,0.2057142857142857,0.02095238095238095,0.9090909090909091,0.24663677130044842,0.1130138605933938,0.12431524665273318,0.026047004060572667,61.48780367915167,0.22239657807841406,2.8338368580060425,2.3043478260869565,2.690909090909091,0.0
122,template_deposition,C,C,none,0,1.0,template_site:index=346:site=C:neigh=2:ahead0=14.757:mode=shell,x,yz,332,221,111,11,122,2250.5655644137514,32.70969342274856,500.0,0.001,55.75,0.05575,-2862.566,-2851.6262,-2862.566,-10.939697,-7.8308105,0.9999999959164902,0.05575,0.05575,11,331,346,5,5,1.0544657388187135,39.852194353826775,21.79999999919,10.0,446.0,0.0,-2.1639016,-34.669525,39.96093401822635,0.49999999916963384,39.460934019056715,14.865812547395983,0.861962137873962,1.9910313901345291,38.91811206287504,38.62227899874662,39.842625318866645,0.8061693955024476,0.125,13.822990592044675,13.527157527916259,14.747503848036281,0.6,10,50,0,0.0,0.20800000000000002,525,109,0.20761904761904762,0.02095238095238095,0.9098360655737705,0.24887892376681614,0.11330320157413669,0.12453144677517726,0.026329505889608907,61.48780367915167,0.22480865740747805,2.8373493975903616,2.375,2.7027027027027026,0.0
123,template_vacancy,vac,C,vac,1,1.0,template_site:index=340:site=C:neigh=1:ahead0=14.757:mode=shell,x,yz,332,221,111,12,123,2271.4584153083047,20.89285089455316,500.0,0.001,55.75,0.05575,-2862.566,-2862.566,-2862.566,0.0,0.0,0.9999999999999973,0.05575,0.05575,0,-1,340,4,4,1.4471282898601552,39.852194353826775,4.760000000040001,10.0,446.0,0.0,-2.1639016,-34.669525,39.96093401822635,0.49999999916963384,39.460934019056715,14.865812547395983,0.861962137873962,1.9910313901345291,38.91811206287504,38.62227899874662,39.842625318866645,0.8061693955024476,0.125,13.822990592044675,13.527157527916259,14.747503848036281,0.6,10,50,0,0.0,0.20800000000000002,525,109,0.20761904761904762,0.022857142857142857,0.9024390243902439,0.24887892376681614,0.11238203733369655,0.12453144677517726,0.026329505889608907,61.48780367915167,0.22480865740747805,2.8373493975903616,2.375,2.7027027027027026,0.0
124,template_deposition,C,C,none,0,1.0,template_site:index=337:site=C:neigh=1:ahead0=14.757:mode=shell,x,yz,333,221,112,12,124,2293.664862264299,22.20644695599422,500.0,0.001,55.75,0.05575,-2868.8247,-2862.566,-2868.8247,-6.258789,-5.593506,0.9979770555310743,0.05575,0.05575,8,332,337,3,3,1.5505590741052808,39.852194353826775,9.01999999927,10.0,446.0,0.0,-2.1779346,-34.89436,39.96093401822635,0.49999999916963384,39.460934019056715,14.865812547395983,0.8963318036212768,2.008968609865471,39.20520855854878,39.20513317073926,39.85457966816829,0.6334117453981585,0.125,14.11008708771842,14.110011699908895,14.759458197337928,0.6,10,50,0,0.0,0.2098181818181818,525,110,0.20952380952380953,0.022857142857142857,0.9032258064516129,0.25112107623318386,0.113791024900955,0.12598292042605733,0.026876356357558893,61.48780367915167,0.22947781907036385,2.834834834834835,2.36,2.6964285714285716,0.0
125,template_deposition,C,C,none,0,1.0,template_site:index=345:site=C:neigh=1:ahead0=14.757:mode=shell,x,yz,334,221,113,12,125,2312.6501098593876,18.98524759508861,500.0,0.001,55.75,0.05575,-2876.3132,-2868.8247,-2876.3132,-7.4885254,-5.2072754,0.9699220256412788,0.05575,0.05575,10,333,345,2,2,1.3963479721040142,39.852194353826775,14.69999999973,10.0,446.0,0.0,-2.194725,-35.163372,39.96093401822635,0.49999999916963384,39.460934019056715,14.865812547395983,0.9171019503154644,2.0269058295964126,39.32051910509121,39.64397783086445,39.898077431959756,0.6138236162769598,0.125,14.225397634260844,14.548856360034087,14.802955961129392,0.6,10,50,0,0.0,0.2098181818181818,525,110,0.20952380952380953,0.022857142857142857,0.904,0.2533632286995516,0.11380318107408675,0.1258884746394765,0.02709599549383018,61.48780367915167,0.23135315921333147,2.838323353293413,2.423076923076923,2.7079646017699117,0.0
126,template_vacancy,vac,C,vac,1,1.0,template_site:index=344:site=C:neigh=2:ahead0=14.757:mode=shell,x,yz,334,221,113,13,126,2387.5719532938033,74.92184343441556,500.0,0.001,55.75,0.05575,-2876.3132,-2876.3132,-2876.3132,0.0,0.0,1.0,0.05575,0.05575,0,-1,344,1,1,1.3976114362949987,39.852194353826775,13.28000000073,10.0,446.0,0.0,-2.194725,-35.163372,39.96093401822635,0.49999999916963384,39.460934019056715,14.865812547395983,0.9171019503154644,2.0269058295964126,39.32051910509121,39.64397783086445,39.898077431959756,0.6138236162769598,0.125,14.225397634260844,14.548856360034087,14.802955961129392,0.6,10,50,0,0.0,0.2098181818181818,525,110,0.20952380952380953,0.024761904761904763,0.8968253968253969,0.2533632286995516,0.11289998122429241,0.1258884746394765,0.02709599549383018,61.48780367915167,0.23135315921333147,2.838323353293413,2.423076923076923,2.7079646017699117,0.0
127,template_deposition,C,C,none,0,1.0,template_site:index=347:site=C:neigh=1:ahead0=15.987:mode=shell,x,yz,335,221,114,13,127,2417.4122376125215,29.840284318718343,500.0,0.001,55.75,0.05575,-2884.3025,-2876.3132,-2884.3025,-7.989258,-7.263916,0.9965316505352265,0.05575,0.05575,6,334,347,4,4,1.4749944151642298,41.08195042740981,8.30999999977,10.0,446.0,0.0,-2.2126384,-35.450375,41.03692823519277,0.49999999916963384,40.53692823602314,15.941806764362404,0.7291670994973134,2.0448430493273544,39.474075355402874,39.64397783086445,40.283732283316276,0.8315860849625694,0.125,14.37895388457251,14.548856360034087,15.188610812485912,0.6,10,50,0,0.0,0.2118181818181818,525,111,0.21142857142857144,0.024761904761904763,0.8976377952755905,0.2556053811659193,0.1132201093273426,0.12613117442607466,0.027388483589661925,61.48780367915167,0.23385050407074312,2.8358208955223883,2.176470588235294,2.7017543859649122,0.0
128,template_deposition,C,C,none,0,1.0,template_site:index=352:site=C:neigh=1:ahead0=15.987:mode=shell,x,yz,336,221,115,13,128,2457.621484297103,40.20924668458146,500.0,0.001,55.75,0.05575,-2891.8289,-2884.3025,-2891.8289,-7.526367,-7.01709,0.9997007843361138,0.05575,0.05575,6,335,352,4,4,1.4151486387834917,41.08195042740981,15.409999999230001,10.0,446.0,0.0,-2.2295136,-35.72075,41.06585162757241,0.49999999916963384,40.565851628402775,15.970730156742043,0.830906970617521,2.062780269058296,39.622014305404775,39.63837726458,41.04560525290666,0.9831659102599258,0.125,14.526892834574411,14.543255793749637,15.950483782076297,0.6,10,50,0,0.0,0.21381818181818182,525,112,0.21333333333333335,0.024761904761904763,0.8984375,0.257847533632287,0.11349135027011259,0.1263208072571688,0.02767027206585602,61.48780367915167,0.23625649259448123,2.8333333333333335,2.1666666666666665,2.6956521739130435,0.0
129,template_deposition,C,C,none,0,1.0,template_site:index=351:site=C:neigh=1:ahead0=15.987:mode=shell,x,yz,337,221,116,13,129,2470.2348356462735,12.61335134917032,500.0,0.001,55.75,0.05575,-2901.0483,-2891.8289,-2901.0483,-9.219482,-7.297119,0.9999995419371295,0.05575,0.05575,8,336,351,4,4,1.4762628802267397,41.08195042740981,16.83000000046,10.0,446.0,0.0,-2.250185,-36.05194,41.03692823519277,0.49999999916963384,40.53692823602314,15.941806764362404,0.8781683873232068,2.0807174887892375,39.78660403373979,39.87642780439799,41.000014014627105,1.0523106991175675,0.125,14.691482562909428,14.781306333567628,15.904892543796741,0.6,10,50,0,0.0,0.21763636363636366,525,114,0.21714285714285714,0.024761904761904763,0.8992248062015504,0.2600896860986547,0.11388746172798006,0.1266507117492192,0.027983776310303674,61.48780367915167,0.2389332791844505,2.830860534124629,2.1578947368421053,2.689655172413793,0.0
130,template_deposition,C,C,none,0,1.0,template_site:index=348:site=C:neigh=1:ahead0=15.987:mode=shell,x,yz,338,221,117,13,130,2482.4297036475323,12.194868001258783,500.0,0.001,55.75,0.05575,-2908.2266,-2901.0483,-2908.2266,-7.1782227,-6.668213,0.9999680808642538,0.05575,0.05575,7,337,348,3,3,1.499253975859068,41.08195042740981,6.890000000770001,10.0,446.0,0.0,-2.2662797,-36.309803,41.09935058447126,0.49999999916963384,40.59935058530163,16.004229113640896,0.9249978193466593,2.098654708520179,39.953192051096366,39.905937207033155,41.01874071941065,0.9582765757089149,0.125,14.858070580266002,14.810815736202791,15.923619248580287,0.6,10,50,0,0.0,0.2196363636363636,525,115,0.21904761904761905,0.024761904761904763,0.9,0.2623318385650224,0.11429285061743079,0.12699205624158977,0.02830108681955429,61.48780367915167,0.2416425647238372,2.828402366863905,2.15,2.6837606837606836,0.0
131,template_deposition,C,C,none,0,1.0,template_site:index=349:site=C:neigh=1:ahead0=15.987:mode=shell,x,yz,339,221,118,13,131,2501.6384274718475,19.208723824315175,500.0,0.001,55.75,0.05575,-2914.7458,-2908.2266,-2914.7458,-6.519287,-6.196533,0.9999999248550421,0.05575,0.05575,7,338,349,2,2,1.40525364623124,41.08195042740981,2.62999999931,10.0,446.0,0.0,-2.280897,-36.544,41.11014024363543,0.49999999916963384,40.610140244465796,16.015018772805064,0.9720375263608492,2.116591928251121,40.094070942198385,40.36707457714911,41.10258748222051,1.0317350275762431,0.125,14.998949471368022,15.271953106318747,16.007466011390143,0.6,10,50,0,0.0,0.22163636363636363,525,116,0.22095238095238096,0.024761904761904763,0.9007633587786259,0.2645739910313901,0.11449579749135895,0.12710974128277985,0.028569427564510516,61.48780367915167,0.24393373277135988,2.825958702064897,2.142857142857143,2.6779661016949152,0.0
132,template_deposition,C,C,none,0,1.0,template_site:index=350:site=C:neigh=1:ahead0=15.987:mode=shell,x,yz,340,221,119,13,132,2509.7566868474587,8.118259375611247,500.0,0.001,55.75,0.05575,-2922.9133,-2914.7458,-2922.9133,-8.16748,-7.8027344,1.0,0.05575,0.05575,9,339,350,2,2,1.4003880909011186,41.08195042740981,4.05000000054,10.0,446.0,0.0,-2.2992096,-36.8374,41.10996477385154,0.49999999916963384,40.609964774681906,16.014843303021173,1.0014341889084892,2.1345291479820627,40.40813319834179,40.93370119642147,41.100146772155,0.8944378745729923,0.125,15.313011727511423,15.838579725591103,16.005025301324636,0.6,10,50,0,0.0,0.22363636363636363,525,117,0.22285714285714286,0.024761904761904763,0.9015151515151515,0.26681614349775784,0.11600766460235927,0.12868077081942372,0.029167641385736045,61.48780367915167,0.24904144905575026,2.823529411764706,2.1363636363636362,2.672268907563025,0.0
133,template_deposition,C,C,none,0,1.0,template_site:index=356:site=C:neigh=1:ahead0=15.987:mode=shell,x,yz,341,221,120,13,133,2561.9827293250514,52.22604247759268,500.0,0.001,55.75,0.05575,-2928.876,-2922.9133,-2928.876,-5.9626465,-4.959717,1.0,0.05575,0.05575,10,340,356,1,1,1.4515867518879024,41.08195042740981,21.08999999969,10.0,446.0,0.0,-2.312579,-37.0516,41.10996477385154,0.49999999916963384,40.609964774681906,16.014843303021173,1.027494612739388,2.1524663677130045,40.57439142171255,41.03597579030945,41.100146772155,0.8824711532409969,0.125,15.479269950882184,15.940854319479087,16.005025301324636,0.6,10,50,0,0.0,0.22563636363636363,525,118,0.22476190476190477,0.024761904761904763,0.9022556390977443,0.26905829596412556,0.11638548835249762,0.12899391625735154,0.029484323715966064,61.48780367915167,0.2517453710276312,2.8211143695014664,2.130434782608696,2.6666666666666665,0.0
134,template_impurity,N,C,N,0,1.0,template_site:index=355:site=C:neigh=1:ahead0=15.987:mode=shell,x,yz,342,221,121,13,134,2567.362176768716,5.3794474436645645,500.0,0.001,55.75,0.05575,-2939.3528,-2928.876,-2939.3528,-10.476807,-7.760254,1.0,0.05575,0.05575,11,341,355,1,1,1.4588993541337232,41.08195042740981,19.67000000069,10.0,446.0,0.0,-2.3360693,-37.42796,41.17209729275999,0.49999999916963384,40.67209729359036,16.07697582192963,1.0454605503904817,2.1704035874439462,40.57601147252957,41.00917475705746,41.128604529524075,0.8852263322802718,0.125,15.480890001699208,15.914053286227094,16.03348305869371,0.6,10,50,0,0.0,0.22763636363636366,525,119,0.22666666666666666,0.024761904761904763,0.9029850746268657,0.2713004484304933,0.11552902986342693,0.12794123968346452,0.02948740952704611,61.48780367915167,0.2517717185424242,2.824561403508772,2.2083333333333335,2.677685950413223,0.0
135,template_deposition,C,C,none,0,1.0,template_site:index=362:site=C:neigh=1:ahead0=17.217:mode=shell,x,yz,343,221,122,13,135,2611.6883253221354,44.32614855341953,500.0,0.001,55.75,0.05575,-2950.725,-2939.3528,-2950.725,-11.372314,-7.5959473,0.9999019907441589,0.05575,0.05575,7,342,362,8,8,1.4304399768494467,42.31170650099284,6.17999999904,10.0,446.0,0.0,-2.361568,-37.83649,42.02655385637721,0.49999999916963384,41.52655385720758,16.93143238554685,0.7053329137422293,2.188340807174888,40.59465045767833,40.901385862111646,41.52992108654255,1.0215966006333765,0.125,15.499528986847963,15.806264391281282,16.434799615712187,0.6,10,50,0,0.0,0.22945454545454547,525,120,0.22857142857142856,0.024761904761904763,0.9037037037037037,0.273542600896861,0.11481132582850342,0.12704531956432757,0.029522912355900884,61.48780367915167,0.2520748515872474,2.82798833819242,2.1333333333333333,2.6885245901639343,0.0
136,template_deposition,C,C,none,0,1.0,template_site:index=364:site=C:neigh=1:ahead0=17.217:mode=shell,x,yz,344,221,123,13,136,2618.8572401704178,7.168914848282162,500.0,0.001,55.75,0.05575,-2959.2007,-2950.725,-2959.2007,-8.475586,-6.5949707,0.9999912796981483,0.05575,0.05575,8,343,364,7,7,1.4632699453190123,42.31170650099284,17.539999999960003,10.0,446.0,0.0,-2.3805714,-38.14096,42.257648322077216,0.49999999916963384,41.757648322907585,17.162526851246852,0.8120722048505287,2.2062780269058297,40.825420426944035,41.12742950020633,42.09588219608721,1.190906776958031,0.125,15.730298956113671,16.03230802937597,17.000760725256846,0.6,10,50,0,0.0,0.2292727272727273,525,120,0.22857142857142856,0.024761904761904763,0.9044117647058824,0.2757847533632287,0.11566396291260052,0.12788860939929814,0.029962474202121277,61.48780367915167,0.2558279531042553,2.8255813953488373,2.125,2.682926829268293,0.0
137,template_deposition,C,C,none,0,1.0,template_site:index=363:site=C:neigh=2:ahead0=17.217:mode=shell,x,yz,345,221,124,13,137,2640.8730797490575,22.01583957863994,500.0,0.001,55.75,0.05575,-2968.3857,-2959.2007,-2968.3857,-9.185059,-7.05542,1.0,0.05575,0.05575,9,344,363,6,6,1.0836409559353886,42.31170650099284,18.95999999896,10.0,446.0,0.0,-2.4011657,-38.470917,42.39090028460455,0.49999999916963384,41.89090028543492,17.295778813774184,0.8712297670667222,2.2242152466367715,40.836004380105486,41.11162656126754,42.13585778484541,1.2099403522353067,0.125,15.740882909275122,16.016505090437178,17.04073631401505,0.6,10,50,0,0.0,0.2310909090909091,525,121,0.23047619047619047,0.024761904761904763,0.9051094890510949,0.27802690582959644,0.11489695554215418,0.12694260410705743,0.029982634112904995,61.48780367915167,0.25600008403963037,2.8289855072463768,2.235294117647059,2.693548387096774,0.0
138,template_deposition,C,C,none,0,1.0,template_site:index=359:site=C:neigh=1:ahead0=17.217:mode=shell,x,yz,346,221,125,13,138,2655.36329785468,14.490218105622072,500.0,0.001,55.75,0.05575,-2976.0493,-2968.3857,-2976.0493,-7.663574,-5.0754395,0.9999172934062823,0.05575,0.05575,9,345,359,4,4,1.6830142011622427,42.31170650099284,1.9199999998100001,10.0,446.0,0.0,-2.4183486,-38.746216,42.39090028460455,0.49999999916963384,41.89090028543492,17.295778813774184,0.8798906576218025,2.242152466367713,41.068869221334765,41.511255405618186,42.23588636914425,1.229669984940689,0.125,15.973747750504401,16.416133934787823,17.140764898313883,0.6,10,50,0,0.0,0.2310909090909091,525,121,0.23047619047619047,0.024761904761904763,0.9057971014492754,0.2802690582959641,0.11575179529351015,0.1277899820040352,0.030426186191436954,61.48780367915167,0.2597872552719025,2.8265895953757227,2.2222222222222223,2.688,0.0
139,template_deposition,C,C,none,0,1.0,template_site:index=360:site=C:neigh=1:ahead0=17.217:mode=shell,x,yz,347,221,126,13,139,2655.8612123918915,0.4979145372116675,500.0,0.001,55.75,0.05575,-2985.352,-2976.0493,-2985.352,-9.302734,-7.742676,1.0,0.05575,0.05575,9,346,360,3,3,1.5295163013292619,42.31170650099284,0.5000000008100001,10.0,446.0,0.0,-2.4392068,-39.080402,42.37793749043355,0.49999999916963384,41.87793749126392,17.28281601960319,0.895086834415755,2.2600896860986546,41.07535550141948,41.529643213644874,42.25165172404969,1.2331822028212336,0.125,15.980234030589116,16.43452174281451,17.156530253219323,0.6,10,50,0,0.0,0.2329090909090909,525,122,0.23238095238095238,0.024761904761904763,0.9064748201438849,0.2825112107623318,0.11496571245028141,0.12682725421102473,0.030438541010645935,61.48780367915167,0.2598927441607001,2.824207492795389,2.210526315789474,2.6825396825396823,0.0
140,template_deposition,C,C,none,0,1.0,template_site:index=367:site=C:neigh=2:ahead0=17.217:mode=shell,x,yz,348,221,127,13,140,2656.487875401986,0.6266630100946736,500.0,0.001,55.75,0.05575,-2995.1199,-2985.352,-2995.1199,-9.767822,-7.315674,1.0,0.05575,0.05575,11,347,367,2,2,1.1464385508141328,42.31170650099284,21.79999999919,10.0,446.0,0.0,-2.4611077,-39.431293,42.39049776716402,0.49999999916963384,41.89049776799439,17.295376296333657,0.9084394705394649,2.2780269058295963,41.16629407525979,41.585528700983474,42.3256322898728,1.2964539895187372,0.125,16.071172604429428,16.49040723015311,17.230510819042436,0.6,10,50,0,0.0,0.23490909090909093,525,123,0.2342857142857143,0.024761904761904763,0.9071428571428571,0.28475336322869954,0.11479409003163878,0.12654466617660967,0.030611757341770338,61.48780367915167,0.2613717134586577,2.8333333333333335,2.4,2.7086614173228347,0.0
141,template_deposition,C,C,none,0,1.0,template_site:index=358:site=C:neigh=1:ahead0=17.217:mode=shell,x,yz,349,221,128,13,141,2779.198390472676,122.71051507068991,500.0,0.001,55.75,0.05575,-3000.9116,-2995.1199,-3000.9116,-5.791748,-4.203125,1.0,0.05575,0.05575,6,348,358,1,1,1.75650233958726,42.31170650099284,9.01999999927,10.0,446.0,0.0,-2.4740937,-39.63935,42.39049776716402,0.49999999916963384,41.89049776799439,17.295376296333657,0.9182447581411973,2.295964125560538,41.452052012408146,41.92967954812789,42.3256322898728,1.2216612123594226,0.125,16.356930541577782,16.83455807729753,17.230510819042436,0.6,10,50,0,0.0,0.23672727272727273,525,124,0.2361904761904762,0.024761904761904763,0.9078014184397163,0.28699551569506726,0.11600659958565802,0.12778851985607642,0.03115605817443387,61.48780367915167,0.2660191056250695,2.830945558739255,2.380952380952381,2.703125,0.0
142,template_deposition,C,C,none,0,1.0,template_site:index=357:site=C:neigh=1:ahead0=17.217:mode=shell,x,yz,350,221,129,13,142,2791.5326396420396,12.334249169363865,500.0,0.001,55.75,0.05575,-3008.646,-3000.9116,-3008.646,-7.734375,-5.980957,1.0,0.05575,0.05575,6,349,357,1,1,1.5968221436869923,42.31170650099284,10.440000000500001,10.0,446.0,0.0,-2.4914353,-39.917194,42.39049776716402,0.49999999916963384,41.89049776799439,17.295376296333657,0.9258726344701717,2.31390134529148,41.46853654375478,41.956502373652384,42.353942840295915,1.2325698554786706,0.125,16.373415072924416,16.86138090282202,17.25882136946555,0.6,10,50,0,0.0,0.23854545454545456,525,125,0.23809523809523808,0.024761904761904763,0.9084507042253521,0.289237668161435,0.11530573995017195,0.12692569823972416,0.031187457281760794,61.48780367915167,0.2662871999520786,2.8285714285714287,2.3636363636363638,2.697674418604651,0.0
143,template_deposition,C,C,none,0,1.0,template_site:index=353:site=C:neigh=1:ahead0=15.987:mode=shell,x,yz,351,221,130,13,143,2886.7480716354344,95.21543199339494,500.0,0.001,55.75,0.05575,-3015.8296,-3008.646,-3015.8296,-7.1835938,-6.4072266,1.0,0.05575,0.05575,8,350,353,1,1,1.5178498816493327,41.08195042740981,11.15,10.0,446.0,0.0,-2.5075421,-40.175255,42.39049776716402,0.49999999916963384,41.89049776799439,17.295376296333657,0.8957526753435887,2.3318385650224216,41.443543330278175,41.93895962000805,42.3256322898728,1.2494179800564102,0.125,16.34842185944781,16.843838149177685,17.230510819042436,0.6,12,50,0,0.0,0.24054545454545453,525,126,0.24,0.024761904761904763,0.9090909090909091,0.2914798206278027,0.11432462838774693,0.12575709122652162,0.031139851160852973,61.48780367915167,0.26588072562739756,2.826210826210826,2.347826086956522,2.6923076923076925,0.0
144,template_deposition,C,C,none,0,1.0,template_site:index=354:site=C:neigh=1:ahead0=15.987:mode=shell,x,yz,352,221,131,13,144,2903.205713850565,16.457642215130836,500.0,0.001,55.75,0.05575,-3024.0537,-3015.8296,-3024.0537,-8.224121,-7.3935547,1.0,0.05575,0.05575,11,351,354,1,1,1.4352388246078995,41.08195042740981,12.569999999,10.0,446.0,0.0,-2.525982,-40.47069,42.39049776716402,0.49999999916963384,41.89049776799439,17.295376296333657,0.8726455449938588,2.3497757847533634,41.7883236093534,41.92694235770677,42.3256322898728,0.5408076024768559,0.125,16.693202138523034,16.831820886876407,17.230510819042436,0.6,12,50,0,0.0,0.24254545454545454,525,127,0.2419047619047619,0.024761904761904763,0.9097222222222222,0.2937219730941704,0.11592501485085441,0.1274290239581911,0.031796575501948636,61.48780367915167,0.2714880210330737,2.8238636363636362,2.3333333333333335,2.687022900763359,0.0
145,template_vacancy,vac,C,vac,1,1.0,template_site:index=365:site=C:neigh=1:ahead0=17.217:mode=shell,x,yz,352,221,131,14,145,2924.549631815944,21.343917965378576,500.0,0.001,55.75,0.05575,-3024.0537,-3024.0537,-3024.0537,0.0,0.0,1.0,0.05575,0.05575,0,-1,365,1,1,1.4689236760455218,42.31170650099284,13.28000000073,10.0,446.0,0.0,-2.525982,-40.47069,42.39049776716402,0.49999999916963384,41.89049776799439,17.295376296333657,0.8726455449938588,2.3497757847533634,41.7883236093534,41.92694235770677,42.3256322898728,0.5408076024768559,0.125,16.693202138523034,16.831820886876407,17.230510819042436,0.6,12,50,0,0.0,0.24254545454545454,525,127,0.2419047619047619,0.02666666666666667,0.903448275862069,0.2937219730941704,0.11512553198981403,0.1274290239581911,0.031796575501948636,61.48780367915167,0.2714880210330737,2.8238636363636362,2.3333333333333335,2.687022900763359,0.0
146,template_deposition,C,C,none,0,1.0,template_site:index=370:site=C:neigh=1:ahead0=18.446:mode=shell,x,yz,353,221,132,14,146,2935.9650326580854,11.41540084214153,500.0,0.001,55.75,0.05575,-3032.101,-3024.0537,-3032.101,-8.047363,-7.050537,0.9999954762691171,0.05575,0.05575,9,352,370,6,6,1.389066139936292,43.541462574575874,2.62999999931,10.0,446.0,0.0,-2.5440252,-40.759777,43.59156719475634,0.49999999916963384,43.091567195586705,18.496445723925973,0.6833652268542026,2.367713004484305,41.948407707412905,41.89144639588432,42.750818595441714,0.8078393570592526,0.125,16.85328623658254,16.79632492505396,17.65569712461135,0.6,12,50,0,0.0,0.24272727272727274,525,127,0.2419047619047619,0.02666666666666667,0.9041095890410958,0.29596412556053814,0.11543346737385302,0.12767641088320106,0.032101497593490555,61.48780367915167,0.2740915308103108,2.821529745042493,2.210526315789474,2.6818181818181817,0.0
147,template_deposition,C,C,none,0,1.0,template_site:index=371:site=C:neigh=1:ahead0=18.446:mode=shell,x,yz,354,221,133,14,147,2941.957575690005,5.992543031919426,500.0,0.001,55.75,0.05575,-3040.2007,-3032.101,-3040.2007,-8.099609,-7.602295,0.9999999181889325,0.05575,0.05575,8,353,371,6,6,1.404644841877938,43.541462574575874,4.05000000054,10.0,446.0,0.0,-2.5621858,-41.050743,43.57681164337354,0.49999999916963384,43.07681164420391,18.481690172543175,0.7753160281489225,2.3856502242152464,42.21004690069699,42.262666348870226,43.562976870769276,0.9322240267828875,0.125,17.114925429866624,17.167544878039863,18.467855399938912,0.6,12,50,0,0.0,0.24472727272727274,525,128,0.2438095238095238,0.02666666666666667,0.9047619047619048,0.2982062780269058,0.11642806414875254,0.12868364984862124,0.03259985796165071,61.48780367915167,0.2783466704905202,2.8192090395480225,2.2,2.6766917293233083,0.0
148,template_deposition,C,C,none,0,1.0,template_site:index=377:site=C:neigh=1:ahead0=18.446:mode=shell,x,yz,355,221,134,14,148,2962.055237157409,20.097661467404105,500.0,0.001,55.75,0.05575,-3047.5151,-3040.2007,-3047.5151,-7.314453,-6.9577637,0.9999999607447512,0.05575,0.05575,11,354,377,5,5,1.4277898065498802,43.541462574575874,21.08999999969,10.0,446.0,0.0,-2.5785859,-41.3135,43.57681164337354,0.49999999916963384,43.07681164420391,18.481690172543175,0.8447701187862622,2.403587443946188,42.361285895079405,42.28943464839804,43.56205786395232,1.0331370216347993,0.125,17.26616442424904,17.19431317756768,18.466936393121955,0.6,12,50,0,0.0,0.2467272727272727,525,129,0.24571428571428572,0.02666666666666667,0.9054054054054054,0.3004484304932735,0.11666327313681785,0.12885197331529136,0.03288793223666484,61.48780367915167,0.28080632891597956,2.816901408450704,2.1904761904761907,2.671641791044776,0.0
149,template_deposition,C,C,none,0,1.0,template_site:index=376:site=C:neigh=2:ahead0=18.446:mode=shell,x,yz,356,221,135,14,149,2967.844452460766,5.789215303357313,500.0,0.001,55.75,0.05575,-3057.9724,-3047.5151,-3057.9724,-10.457275,-8.884766,1.0,0.05575,0.05575,9,355,376,4,4,1.4206484995511879,43.541462574575874,19.67000000069,10.0,446.0,0.0,-2.6020327,-41.68916,43.63823358555182,0.49999999916963384,43.13823358638219,18.54311211472146,0.9135888466402491,2.42152466367713,42.38708452217618,42.35137977182373,43.59523822602702,1.0462442168361292,0.125,17.291963051345817,17.256258300993366,18.500116755196657,0.6,12,50,0,0.0,0.2487272727272727,525,130,0.24761904761904763,0.02666666666666667,0.9060402684563759,0.30269058295964124,0.11605344329762293,0.12808861519515422,0.03293707247875394,61.48780367915167,0.2812259019947546,2.8202247191011236,2.272727272727273,2.6814814814814816,0.0
150,template_deposition,C,C,none,0,1.0,template_site:index=372:site=C:neigh=1:ahead0=18.446:mode=shell,x,yz,357,221,136,14,150,2971.0727368710645,3.228284410298186,500.0,0.001,55.75,0.05575,-3065.419,-3057.9724,-3065.419,-7.446533,-6.8950195,0.9999999977347971,0.05575,0.05575,7,356,372,3,3,1.5155565435959841,43.541462574575874,16.83000000046,10.0,446.0,0.0,-2.6187289,-41.95666,43.648253994639376,0.49999999916963384,43.148253995469744,18.553132523809012,0.9447538205582909,2.4394618834080717,42.506974713032214,42.83185293595233,43.59824434875329,1.1094622011661535,0.125,17.41185324220185,17.736731465121963,18.503122877922927,0.6,12,50,0,0.0,0.2507272727272727,525,131,0.24952380952380954,0.02666666666666667,0.9066666666666666,0.30493273542600896,0.116079021614679,0.1280283326632489,0.033165434747051144,61.48780367915167,0.28317572266946317,2.8179271708683475,2.260869565217391,2.676470588235294,0.0
151,template_deposition,C,C,none,0,1.0,template_site:index=373:site=C:neigh=1:ahead0=18.446:mode=shell,x,yz,358,221,137,14,151,2976.6233689305695,5.55063205950483,500.0,0.001,55.75,0.05575,-3073.754,-3065.419,-3073.754,-8.334961,-7.5893555,0.9999999999999998,0.05575,0.05575,8,357,373,3,3,1.4454013899650204,43.541462574575874,15.409999999230001,10.0,446.0,0.0,-2.6374173,-42.256084,43.648253994639376,0.49999999916963384,43.148253995469744,18.553132523809012,0.9710813040750819,2.4573991031390134,42.83446463815936,43.462368720915876,43.59824434875329,0.9504965699806808,0.125,17.739343167328997,18.367247250085512,18.503122877922927,0.6,12,50,0,0.0,0.25272727272727274,525,132,0.25142857142857145,0.02666666666666667,0.9072847682119205,0.3071748878923767,0.11747909382337084,0.1294842566958321,0.03378922508062666,61.48780367915167,0.2885018183426151,2.815642458100559,2.25,2.6715328467153285,0.0
152,template_deposition,C,C,none,0,1.0,template_site:index=366:site=C:neigh=1:ahead0=17.217:mode=shell,x,yz,359,221,138,14,152,2988.2238514316427,11.600482501073369,500.0,0.001,55.75,0.05575,-3083.4597,-3073.754,-3083.4597,-9.705811,-7.821533,1.0,0.05575,0.05575,10,358,366,1,1,1.4730982904714658,42.31170650099284,14.69999999973,10.0,446.0,0.0,-2.6591792,-42.604748,43.648253994639376,0.49999999916963384,43.148253995469744,18.553132523809012,0.9321209911724797,2.475336322869955,42.82811404325532,43.37634222418881,43.59824434875329,0.9064170688804979,0.125,17.732992572424955,18.281220753358447,18.503122877922927,0.6,12,50,0,0.0,0.2545454545454545,525,133,0.25333333333333335,0.02666666666666667,0.9078947368421053,0.3094170403587444,0.11666442481858523,0.12849994617699242,0.03377712870938086,61.48780367915167,0.288398536154538,2.818941504178273,2.32,2.681159420289855,0.0
153,template_deposition,C,C,none,0,1.0,template_site:index=368:site=C:neigh=1:ahead0=18.446:mode=shell,x,yz,360,221,139,14,153,2992.1218527147653,3.8980012831227415,500.0,0.001,55.75,0.05575,-3090.0884,-3083.4597,-3090.0884,-6.628662,-5.981201,0.9999999999731912,0.05575,0.05575,8,359,368,2,2,1.5544460177429822,43.541462574575874,8.30999999977,10.0,446.0,0.0,-2.6740415,-42.84287,43.648253994639376,0.49999999916963384,43.148253995469744,18.553132523809012,0.9525131804662746,2.493273542600897,43.088825026936185,43.45820082910464,43.59824434875329,0.7539897040614786,0.125,17.99370355610582,18.363079358274277,18.503122877922927,0.6,12,50,0,0.0,0.2565454545454546,525,134,0.25523809523809526,0.02666666666666667,0.9084967320261438,0.3116591928251121,0.11760590559546288,0.12945110472018576,0.03427372105924918,61.48780367915167,0.29263858000195325,2.816666666666667,2.3076923076923075,2.676258992805755,0.0
154,template_deposition,C,C,none,0,1.0,template_site:index=369:site=C:neigh=1:ahead0=18.446:mode=shell,x,yz,361,221,140,14,154,2994.1552048403964,2.0333521256312563,500.0,0.001,55.75,0.05575,-3098.3894,-3090.0884,-3098.3894,-8.301025,-7.7770996,1.0,0.05575,0.05575,9,360,369,2,2,1.434672437329191,43.541462574575874,6.890000000770001,10.0,446.0,0.0,-2.692654,-43.14107,43.648253994639376,0.49999999916963384,43.148253995469744,18.553132523809012,0.9708628843891306,2.5112107623318387,43.10134974262301,43.486376799845566,43.612001038388236,0.7563124024938148,0.125,18.006228271792644,18.391255329015202,18.516879567557872,0.6,12,50,0,0.0,0.2585454545454545,525,135,0.2571428571428571,0.02666666666666667,0.9090909090909091,0.31390134529147984,0.11692356020644573,0.12861591622709032,0.03429757766055742,61.48780367915167,0.29284227431102594,2.814404432132964,2.2962962962962963,2.6714285714285713,0.0
155,template_deposition,C,C,none,0,1.0,template_site:index=362:site=C:neigh=3:ahead0=17.217:mode=shell,x,yz,362,221,141,14,155,3020.5217293260757,26.36652448567916,500.0,0.001,55.75,0.05575,-3106.7122,-3098.3894,-3106.7122,-8.322754,-0.020996094,1.0,0.05575,0.05575,13,361,362,1,1,1.0233221408330924,42.31170650099284,6.17999999904,10.0,446.0,0.0,-2.7113147,-43.440052,43.648253994639376,0.49999999916963384,43.148253995469744,18.553132523809012,0.9696446516929057,2.5291479820627805,43.111273970280465,43.490030671990766,43.62474085924308,0.7587734411561529,0.125,18.0161524994501,18.394909201160402,18.52961938841272,0.6,12,50,0,0.0,0.26036363636363635,525,136,0.259047619047619,0.02666666666666667,0.9096774193548387,0.31614349775784756,0.11623324193193614,0.12777413120177378,0.03431648095133352,61.48780367915167,0.2930036758746473,2.8232044198895028,2.4285714285714284,2.6950354609929077,0.0
156,template_vacancy,vac,C,vac,1,1.0,template_site:index=374:site=C:neigh=1:ahead0=18.446:mode=shell,x,yz,362,221,141,15,156,3038.8120963883225,18.2903670622469,500.0,0.001,55.75,0.05575,-3106.7122,-3106.7122,-3106.7122,0.0,0.0,1.0,0.05575,0.05575,0,-1,374,1,1,1.6154034690351557,43.541462574575874,11.15,10.0,446.0,0.0,-2.7113147,-43.440052,43.648253994639376,0.49999999916963384,43.148253995469744,18.553132523809012,0.9696446516929057,2.5291479820627805,43.111273970280465,43.490030671990766,43.62474085924308,0.7587734411561529,0.125,18.0161524994501,18.394909201160402,18.52961938841272,0.6,12,50,0,0.0,0.26036363636363635,525,136,0.259047619047619,0.02857142857142857,0.9038461538461539,0.31614349775784756,0.11548815704775706,0.12777413120177378,0.03431648095133352,61.48780367915167,0.2930036758746473,2.8232044198895028,2.4285714285714284,2.6950354609929077,0.0
157,template_impurity,N,C,N,0,1.0,template_site:index=382:site=C:neigh=1:ahead0=19.676:mode=shell,x,yz,363,221,142,15,157,3049.2596636803646,10.447567292042189,500.0,0.001,55.75,0.05575,-3115.6765,-3106.7122,-3115.6765,-8.964355,-8.122314,0.9999999521921942,0.05575,0.05575,9,362,382,8,8,1.3758164092964378,44.77121864815891,4.760000000040001,10.0,446.0,0.0,-2.731414,-43.762077,44.724064666234185,0.49999999916963384,44.22406466706455,19.62894319540382,0.7583927354636448,2.5470852017937218,43.25128635096688,43.477462845560154,43.97099719611782,0.9226733905578899,0.125,18.156164880136515,18.38234137472979,18.875875725287457,0.6,12,50,0,0.0,0.2621818181818182,525,137,0.26095238095238094,0.02857142857142857,0.9044585987261147,0.3183856502242152,0.11564436229386316,0.1278603160572994,0.03458317120026003,61.48780367915167,0.29528075152719474,2.8209366391184574,2.3333333333333335,2.6901408450704225,0.0
158,template_deposition,C,C,none,0,1.0,template_site:index=383:site=C:neigh=2:ahead0=19.676:mode=shell,x,yz,364,221,143,15,158,3056.1598650789524,6.900201398588008,500.0,0.001,55.75,0.05575,-3125.592,-3115.6765,-3125.592,-9.915527,-8.838623,1.0,0.05575,0.05575,11,363,383,7,7,1.4055680984537198,44.77121864815891,6.17999999904,10.0,446.0,0.0,-2.7536461,-44.118275,44.81623465965181,0.49999999916963384,44.31623466048218,19.721113188821448,0.849033837815553,2.5650224215246635,43.55890585562493,43.56452559555676,44.745966305294715,0.976065546890437,0.125,18.463784384794565,18.469404124726395,19.65084483446435,0.6,12,50,0,0.0,0.264,525,138,0.26285714285714284,0.02857142857142857,0.9050632911392406,0.32062780269058294,0.11685939484047193,0.1291173733202417,0.03516911311389441,61.48780367915167,0.3002836868452821,2.8241758241758244,2.4210526315789473,2.699300699300699,0.0
159,template_deposition,C,C,none,0,1.0,template_site:index=379:site=C:neigh=1:ahead0=19.676:mode=shell,x,yz,365,221,144,15,159,3060.2141388153436,4.054273736391147,500.0,0.001,55.75,0.05575,-3133.0193,-3125.592,-3133.0193,-7.427246,-7.25708,0.9999999999472919,0.05575,0.05575,8,364,379,6,6,1.364740028089116,44.77121864815891,9.01999999927,10.0,446.0,0.0,-2.7702992,-44.385086,44.83172002112139,0.49999999916963384,44.33172002195176,19.736598550291028,0.8854330502779006,2.5829596412556053,43.71700723940067,43.60685577259331,44.81855955084823,1.0626247738294408,0.125,18.62188576857031,18.51173430176295,19.723438080017864,0.6,12,50,0,0.0,0.26581818181818184,525,139,0.26476190476190475,0.02857142857142857,0.9056603773584906,0.32286995515695066,0.11711877841868118,0.12931865117062713,0.035470258606800587,61.48780367915167,0.3028549509711034,2.8219178082191783,2.3684210526315788,2.6944444444444446,0.0
160,template_deposition,C,C,none,0,1.0,template_site:index=378:site=C:neigh=1:ahead0=19.676:mode=shell,x,yz,366,221,145,15,160,3071.4269660309938,11.2128272156501,500.0,0.001,55.75,0.05575,-3141.078,-3133.0193,-3141.078,-8.058594,-7.6694336,0.9999999999999962,0.05575,0.05575,7,365,378,6,6,1.385137589509964,44.77121864815891,10.440000000500001,10.0,446.0,0.0,-2.7883677,-44.674576,44.83172002112139,0.49999999916963384,44.33172002195176,19.736598550291028,0.9209144981634764,2.600896860986547,43.72210213149912,43.60685577259331,44.817390771934726,1.0509203963204237,0.125,18.626980660668757,18.51173430176295,19.72226930110436,0.6,12,50,0,0.0,0.26763636363636367,525,140,0.26666666666666666,0.02857142857142857,0.90625,0.3251121076233184,0.11641862912917973,0.128461935590819,0.035479963163178585,61.48780367915167,0.3029378111774141,2.819672131147541,2.35,2.689655172413793,0.0
161,template_deposition,C,C,none,0,1.0,template_site:index=384:site=C:neigh=1:ahead0=19.676:mode=shell,x,yz,367,221,146,15,161,3076.905972935159,5.479006904165169,500.0,0.001,55.75,0.05575,-3147.8071,-3141.078,-3147.8071,-6.729248,-6.2353516,0.9517344911259772,0.05575,0.05575,9,366,384,5,5,1.3933056857612036,44.77121864815891,18.95999999896,10.0,446.0,0.0,-2.8034558,-44.916317,44.83172002112139,0.49999999916963384,44.33172002195176,19.736598550291028,0.9575523516986006,2.618834080717489,43.913721525400774,44.20892375277306,44.817390771934726,1.091875062096935,0.125,18.81860005457041,19.113802281942696,19.72226930110436,0.6,12,50,0,0.0,0.26945454545454545,525,141,0.26857142857142857,0.02857142857142857,0.906832298136646,0.3273542600896861,0.11688571462466094,0.12889452092171513,0.03584495248489602,61.48780367915167,0.3060541917022665,2.8174386920980927,2.3333333333333335,2.684931506849315,0.0
162,template_deposition,C,C,none,0,1.0,template_site:index=385:site=C:neigh=2:ahead0=19.676:mode=shell,x,yz,368,221,147,15,162,3100.6893123020327,23.78333936687394,500.0,0.001,55.75,0.05575,-3159.4263,-3147.8071,-3159.4263,-11.619141,-10.605713,1.0,0.05575,0.05575,10,367,385,4,4,1.3708659519014295,44.77121864815891,17.539999999960003,10.0,446.0,0.0,-2.8295078,-45.333714,44.83172002112139,0.49999999916963384,44.33172002195176,19.736598550291028,0.974897325152071,2.6367713004484306,43.91086239267779,44.22097820193156,44.817390771934726,1.0928239419836108,0.125,18.81574092184743,19.125856731101194,19.72226930110436,0.6,12,50,0,0.0,0.2712727272727273,525,142,0.2704761904761905,0.02857142857142857,0.9074074074074074,0.3295964125560538,0.11614654890029277,0.12799823756358794,0.035839506517804626,61.48780367915167,0.30600769251784443,2.8206521739130435,2.409090909090909,2.693877551020408,0.0
163,template_deposition,C,C,none,0,1.0,template_site:index=388:site=C:neigh=1:ahead0=19.676:mode=shell,x,yz,369,221,148,15,163,3106.0944558505576,5.4051435485246975,500.0,0.001,55.75,0.05575,-3166.567,-3159.4263,-3166.567,-7.140625,-6.871826,0.9999999647354759,0.05575,0.05575,10,368,388,3,3,1.3294314861060155,44.77121864815891,21.79999999919,10.0,446.0,0.0,-2.845518,-45.59023,44.83172002112139,0.49999999916963384,44.33172002195176,19.736598550291028,0.9959512020415185,2.6547085201793723,44.049293544857704,44.755534934152855,44.827355810445596,1.1294018098997345,0.125,18.95417207402734,19.66041346332249,19.732234339615232,0.6,12,50,0,0.0,0.2730909090909091,525,143,0.2723809523809524,0.02857142857142857,0.9079754601226994,0.33183856502242154,0.11628326425783644,0.12806873022991447,0.03610318490290922,61.48780367915167,0.30825905203789267,2.8184281842818426,2.391304347826087,2.689189189189189,0.0
164,template_deposition,C,C,none,0,1.0,template_site:index=380:site=C:neigh=1:ahead0=19.676:mode=shell,x,yz,370,221,149,15,164,3123.329765766288,17.23530991573013,500.0,0.001,55.75,0.05575,-3177.2393,-3166.567,-3177.2393,-10.672363,-6.4750977,0.9999988659395294,0.05575,0.05575,11,369,380,2,2,1.4482333604259012,44.77121864815891,1.9199999998100001,10.0,446.0,0.0,-2.8694472,-45.973614,44.83172002112139,0.49999999916963384,44.33172002195176,19.736598550291028,1.029678666916164,2.672645739910314,44.180290885984704,44.778399346366974,44.82280072891741,1.1276247110621638,0.125,19.08516941515434,19.68327787553661,19.727679258087043,0.6,12,50,0,0.0,0.2729090909090909,525,143,0.2723809523809524,0.02857142857142857,0.9085365853658537,0.33408071748878926,0.11637298423874598,0.1280883853366063,0.03635270364791303,61.48780367915167,0.31038951260549646,2.827027027027027,2.52,2.7114093959731544,0.0
165,template_deposition,C,C,none,0,1.0,template_site:index=387:site=C:neigh=1:ahead0=19.676:mode=shell,x,yz,371,221,150,15,165,3128.088643862082,4.758878095794013,500.0,0.001,55.75,0.05575,-3183.8396,-3177.2393,-3183.8396,-6.600342,-5.88208,1.0,0.05575,0.05575,7,370,387,1,1,1.5711865121665285,44.77121864815891,14.69999999973,10.0,446.0,0.0,-2.884246,-46.21072,44.83172002112139,0.49999999916963384,44.33172002195176,19.736598550291028,1.0391372997431279,2.690582959641256,44.34656164008136,44.778399346366974,44.82280072891741,1.0968428396909242,0.125,19.251440169250998,19.68327787553661,19.727679258087043,0.6,12,50,0,0.0,0.2747272727272727,525,144,0.2742857142857143,0.02857142857142857,0.9090909090909091,0.336322869955157,0.11667539496515757,0.12834293446167333,0.03666940984619238,61.48780367915167,0.3130936383694329,2.824797843665768,2.5,2.7066666666666666,0.0
166,template_deposition,C,C,none,0,1.0,template_site:index=386:site=C:neigh=1:ahead0=19.676:mode=shell,x,yz,372,221,151,15,166,3173.969200415866,45.8805565537839,500.0,0.001,55.75,0.05575,-3192.1768,-3183.8396,-3192.1768,-8.337158,-7.588379,1.0,0.05575,0.05575,9,371,386,1,1,1.4551058690104814,44.77121864815891,13.28000000073,10.0,446.0,0.0,-2.9029393,-46.510216,44.84152251057402,0.49999999916963384,44.34152251140439,19.74640103974366,1.045784342064782,2.708520179372197,44.761426554226425,44.801975988279565,44.83466076795718,0.08849093179872451,0.125,19.66630508339606,19.7068545174492,19.739539297126818,0.6,15,50,0,0.0,0.27654545454545454,525,145,0.2761904761904762,0.02857142857142857,0.9096385542168675,0.33856502242152464,0.11847171736985579,0.13024043101586796,0.037459628730278215,61.48780367915167,0.3198407473783977,2.8225806451612905,2.4814814814814814,2.7019867549668874,0.0
167,template_impurity,N,C,N,0,1.0,template_site:index=375:site=C:neigh=1:ahead0=18.446:mode=shell,x,yz,373,221,152,15,167,3179.2923729972345,5.32317258136835,500.0,0.001,55.75,0.05575,-3200.8733,-3192.1768,-3200.8733,-8.696533,-6.9960938,1.0,0.05575,0.05575,11,372,375,1,1,1.4823227080819832,43.541462574575874,12.569999999,10.0,446.0,0.0,-2.9224384,-46.822624,44.8691430061977,0.49999999916963384,44.36914300702807,19.77402153536734,1.0243557870765119,2.726457399103139,44.75036975257817,44.778399346366974,44.84294691664429,0.09301521846874519,0.125,19.65524828174781,19.68327787553661,19.747825445813923,0.6,15,50,0,0.0,0.27854545454545454,525,146,0.2780952380952381,0.02857142857142857,0.9101796407185628,0.34080717488789236,0.11769609749549587,0.12931084395886716,0.03743856815571011,61.48780367915167,0.31966092632468196,2.8203753351206435,2.4642857142857144,2.6973684210526314,0.0
168,template_deposition,C,C,none,0,1.0,template_site:index=395:site=C:neigh=1:ahead0=20.906:mode=shell,x,yz,374,221,153,15,168,3257.937980292122,78.64560729488767,500.0,0.001,55.75,0.05575,-3208.5273,-3200.8733,-3208.5273,-7.6540527,-7.1706543,0.44637745949948915,0.05575,0.05575,8,373,395,10,10,1.3308652783801977,46.00097472174194,11.15,10.0,446.0,0.0,-2.9395998,-47.09758,46.004150314800754,0.49999999916963384,45.50415031563112,20.90902884397039,0.6885024376497954,2.7443946188340806,44.926656561039806,44.80709837356844,45.26114846072324,0.4195288500233983,0.125,19.831535090209442,19.711976902738073,20.166026989892877,0.6,15,50,0,0.0,0.28054545454545454,525,147,0.28,0.02857142857142857,0.9107142857142857,0.3430493273542601,0.11804485172743716,0.12961787640659767,0.03777435255277989,61.48780367915167,0.3225279470656001,2.8181818181818183,2.3,2.69281045751634,0.0
169,template_vacancy,vac,C,vac,1,1.0,template_site:index=396:site=C:neigh=2:ahead0=20.906:mode=shell,x,yz,374,221,153,16,169,3265.0679280817617,7.1299477896396,500.0,0.001,55.75,0.05575,-3208.5273,-3208.5273,-3208.5273,0.0,0.0,0.9999999948776819,0.05575,0.05575,0,-1,396,9,9,1.3900936543615054,46.00097472174194,12.569999999,10.0,446.0,0.0,-2.9395998,-47.09758,46.004150314800754,0.49999999916963384,45.50415031563112,20.90902884397039,0.6885024376497954,2.7443946188340806,44.926656561039806,44.80709837356844,45.26114846072324,0.4195288500233983,0.125,19.831535090209442,19.711976902738073,20.166026989892877,0.6,15,50,0,0.0,0.28054545454545454,525,147,0.28,0.030476190476190476,0.9053254437869822,0.3430493273542601,0.11734636148052924,0.12961787640659767,0.03777435255277989,61.48780367915167,0.3225279470656001,2.8181818181818183,2.3,2.69281045751634,0.0
170,template_deposition,C,C,none,0,1.0,template_site:index=394:site=C:neigh=1:ahead0=20.906:mode=shell,x,yz,375,221,154,16,170,3287.219055162444,22.151127080682397,500.0,0.001,55.75,0.05575,-3216.3298,-3208.5273,-3216.3298,-7.80249,-7.395508,0.999999999997482,0.05575,0.05575,9,374,394,8,8,1.4964044782896824,46.00097472174194,15.409999999230001,10.0,446.0,0.0,-2.9570942,-47.377872,46.004150314800754,0.49999999916963384,45.50415031563112,20.90902884397039,0.762394186933661,2.7623318385650224,45.086964069987836,44.825349098118544,45.97811359219588,0.5273619140896947,0.125,19.991842599157472,19.73022762728818,20.88299212136552,0.6,15,50,0,0.0,0.2825454545454546,525,148,0.2819047619047619,0.030476190476190476,0.9058823529411765,0.3452914798206278,0.11759907411269101,0.12981715973478877,0.03807970018887138,61.48780367915167,0.3251350902607698,2.816,2.2857142857142856,2.688311688311688,0.0
171,template_deposition,C,C,none,0,1.0,template_site:index=393:site=C:neigh=2:ahead0=20.906:mode=shell,x,yz,376,221,155,16,171,3300.902321721248,13.683266558804158,500.0,0.001,55.75,0.05575,-3227.3125,-3216.3298,-3227.3125,-10.982666,-10.183594,1.0,0.05575,0.05575,10,375,393,7,7,1.4183152171550941,46.00097472174194,16.83000000046,10.0,446.0,0.0,-2.981719,-47.772408,46.004150314800754,0.49999999916963384,45.50415031563112,20.90902884397039,0.8108807344909698,2.780269058295964,45.225354299183444,44.88721955790571,45.9587683275629,0.574200529635824,0.125,20.13023282835308,19.792098087075345,20.863646856732537,0.6,15,50,0,0.0,0.28454545454545455,525,149,0.2838095238095238,0.030476190476190476,0.9064327485380117,0.3475336322869955,0.1177206598149303,0.12987246986034245,0.03834330062543444,61.48780367915167,0.3273857842344518,2.8191489361702127,2.3636363636363638,2.696774193548387,0.0
172,template_impurity,N,C,N,0,1.0,template_site:index=397:site=C:neigh=1:ahead0=20.906:mode=shell,x,yz,377,221,156,16,172,3329.8385515230834,28.93622980183562,500.0,0.001,55.75,0.05575,-3236.6406,-3227.3125,-3236.6406,-9.328125,-7.7487793,0.999999554153777,0.05575,0.05575,9,376,397,6,6,1.4349584320844215,46.00097472174194,19.67000000069,10.0,446.0,0.0,-3.002634,-48.107502,46.009823453176075,0.49999999916963384,45.509823454006444,20.91470198234571,0.8526413687094205,2.798206278026906,45.369418633098846,45.421853696206924,46.00585225631335,0.5988113088829341,0.125,20.274297162268482,20.32673222537656,20.910730785482983,0.6,15,50,0,0.0,0.28654545454545455,525,150,0.2857142857142857,0.030476190476190476,0.9069767441860465,0.34977578475336324,0.11787382071086326,0.12996344334787488,0.038617708880511394,61.48780367915167,0.3297287583739599,2.816976127320955,2.347826086956522,2.6923076923076925,0.0
173,template_deposition,C,C,none,0,1.0,template_site:index=398:site=C:neigh=1:ahead0=20.906:mode=shell,x,yz,378,221,157,16,173,3402.3999831350534,72.56143161197015,500.0,0.001,55.75,0.05575,-3246.3044,-3236.6406,-3246.3044,-9.663818,-8.49292,1.0,0.05575,0.05575,9,377,398,5,5,1.4439271892630807,46.00097472174194,21.08999999969,10.0,446.0,0.0,-3.0243018,-48.45466,46.04482702203901,0.49999999916963384,45.54482702286938,20.949705551208645,0.888680924298805,2.8161434977578477,45.37129311878238,45.421853696206924,46.01635332697223,0.6061510853621103,0.125,20.27617164795202,20.32673222537656,20.921231856141866,0.6,15,50,0,0.0,0.28854545454545455,525,151,0.2876190476190476,0.030476190476190476,0.9075144508670521,0.35201793721973096,0.11720330432342208,0.12914759011434407,0.03862127932943242,61.48780367915167,0.3297592438616725,2.82010582010582,2.4166666666666665,2.700636942675159,0.0
174,template_deposition,C,C,none,0,1.0,template_site:index=390:site=C:neigh=1:ahead0=20.906:mode=shell,x,yz,379,221,158,16,174,3402.9813529599937,0.5813698249404095,500.0,0.001,55.75,0.05575,-3253.0737,-3246.3044,-3253.0737,-6.769287,-6.241211,0.9989056734125807,0.05575,0.05575,9,378,390,3,3,1.40905870575369,46.00097472174194,6.890000000770001,10.0,446.0,0.0,-3.0394797,-48.697834,46.04482702203901,0.49999999916963384,45.54482702286938,20.949705551208645,0.9101244670673507,2.8340807174887894,45.517001556480665,45.912904947671834,46.01635332697223,0.598064566522861,0.125,20.4218800856503,20.81778347684147,20.921231856141866,0.6,15,50,0,0.0,0.29054545454545455,525,152,0.2895238095238095,0.030476190476190476,0.9080459770114943,0.3542600896860987,0.11736712692902472,0.12925240560538165,0.03889881921076248,61.48780367915167,0.33212895669868653,2.8179419525065965,2.4,2.6962025316455698,0.0
175,template_deposition,C,C,none,0,1.0,template_site:index=389:site=C:neigh=2:ahead0=20.906:mode=shell,x,yz,380,221,159,16,175,3430.9889438435825,28.00759088358877,500.0,0.001,55.75,0.05575,-3264.03,-3253.0737,-3264.03,-10.956299,-10.1311035,1.0,0.05575,0.05575,10,379,389,2,2,1.422052673573762,46.00097472174194,8.30999999977,10.0,446.0,0.0,-3.0640454,-49.09142,46.05820155728389,0.49999999916963384,45.558201558114256,20.963080086453523,0.9325953284810544,2.8520179372197307,45.52765899584214,45.912904947671834,46.04883938261247,0.5965307725171256,0.125,20.432537525011774,20.81778347684147,20.953717911782107,0.6,15,50,0,0.0,0.29254545454545455,525,153,0.2914285714285714,0.030476190476190476,0.9085714285714286,0.35650224215246634,0.11675735728578157,0.12850652531453946,0.038919119095260524,61.48780367915167,0.33230228276863505,2.8210526315789473,2.4615384615384617,2.7044025157232703,0.0
176,template_deposition,C,C,none,0,1.0,template_site:index=392:site=C:neigh=1:ahead0=20.906:mode=shell,x,yz,381,221,160,16,176,3440.7143577829333,9.725413939351006,500.0,0.001,55.75,0.05575,-3269.6824,-3264.03,-3269.6824,-5.6523438,-4.5026855,1.0,0.05575,0.05575,8,380,392,1,1,1.6214287972046586,46.00097472174194,4.05000000054,10.0,446.0,0.0,-3.0767188,-49.29447,46.05820155728389,0.49999999916963384,45.558201558114256,20.963080086453523,0.9412148152356273,2.8699551569506725,45.690953994891,45.912904947671834,46.04883938261247,0.47296288293515176,0.125,20.595832524060633,20.81778347684147,20.953717911782107,0.6,15,50,0,0.0,0.29454545454545455,525,154,0.29333333333333333,0.030476190476190476,0.9090909090909091,0.35874439461883406,0.11702177570488996,0.12872395327537894,0.03923015718868692,61.48780367915167,0.33495801267404757,2.8188976377952755,2.4444444444444446,2.7,0.0
177,template_impurity,N,C,N,0,1.0,template_site:index=391:site=C:neigh=1:ahead0=20.906:mode=shell,x,yz,382,221,161,16,177,3441.582750282726,0.8683924997927541,500.0,0.001,55.75,0.05575,-3280.9702,-3269.6824,-3280.9702,-11.287842,-9.243652,1.0,0.05575,0.05575,10,381,391,1,1,1.4655512367042802,46.00097472174194,2.62999999931,10.0,446.0,0.0,-3.102028,-49.699966,46.05820155728389,0.49999999916963384,45.558201558114256,20.963080086453523,0.9509524017650289,2.8878923766816142,45.84342034593861,45.942546028773165,46.04883938261247,0.31467375656964136,0.125,20.748298875108247,20.8474245579428,20.953717911782107,0.6,16,50,0,0.0,0.2983636363636364,525,156,0.29714285714285715,0.030476190476190476,0.9096045197740112,0.3609865470852018,0.11722202754298444,0.12887142158452328,0.03952056928592047,61.48780367915167,0.33743763207699773,2.8219895287958114,2.5,2.7080745341614905,0.0
178,template_impurity,N,C,N,0,1.0,template_site:index=399:site=C:neigh=1:ahead0=22.136:mode=shell,x,yz,383,221,162,16,178,3453.704896305434,12.122146022708083,500.0,0.001,55.75,0.05575,-3289.712,-3280.9702,-3289.712,-8.741699,-7.755127,0.9999990906022637,0.05575,0.05575,7,382,399,9,9,1.409813658547474,47.23073079532497,10.440000000500001,10.0,446.0,0.0,-3.121628,-50.013996,47.21374725329573,0.49999999916963384,46.7137472541261,22.118625782465365,0.7178118163887208,2.905829596412556,46.127253618497214,45.98848561681032,46.46950282812477,0.421762322068403,0.125,21.03213214766685,20.89336414597996,21.374381357294403,0.6,16,50,0,0.0,0.30018181818181816,525,157,0.29904761904761906,0.030476190476190476,0.9101123595505618,0.3632286995515695,0.11815804577340927,0.12982797622016573,0.040061204090794,61.48780367915167,0.3420537226766826,2.8198433420365534,2.35,2.7037037037037037,0.0
179,template_deposition,C,C,none,0,1.0,template_site:index=400:site=C:neigh=2:ahead0=22.136:mode=shell,x,yz,384,221,163,16,179,3479.959216063243,26.254319757808783,500.0,0.001,55.75,0.05575,-3299.4316,-3289.712,-3299.4316,-9.719727,-8.502441,1.0,0.05575,0.05575,9,383,400,8,8,1.487597895312442,47.23073079532497,9.01999999927,10.0,446.0,0.0,-3.1434212,-50.36316,47.31820535515261,0.49999999916963384,46.818205355982975,22.223083884322243,0.8127969267155726,2.9237668161434978,45.95028353056243,45.97014551911977,46.43358577047578,0.6995944856278528,0.125,20.855162059732066,20.875024048289404,21.338464299645416,0.6,16,50,0,0.0,0.302,525,158,0.30095238095238097,0.030476190476190476,0.9106145251396648,0.3654708520179372,0.11650928524989981,0.1279457795075587,0.03972411820901346,61.48780367915167,0.33917558949667465,2.8229166666666665,2.4285714285714284,2.7116564417177913,0.0
180,template_deposition,C,C,none,0,1.0,template_site:index=404:site=C:neigh=1:ahead0=22.136:mode=shell,x,yz,385,221,164,16,180,3546.246666569361,66.2874505061182,500.0,0.001,55.75,0.05575,-3306.9224,-3299.4316,-3306.9224,-7.4907227,-6.996582,0.9999999916606229,0.05575,0.05575,10,384,404,7,7,1.4317369121325563,47.23073079532497,6.17999999904,10.0,446.0,0.0,-3.1602166,-50.63225,47.31820535515261,0.49999999916963384,46.818205355982975,22.223083884322243,0.8697099898047875,2.9417040358744395,46.090184515213686,45.946714750518865,47.258826651182225,0.8211513337000709,0.125,20.995063044383322,20.8515932796885,22.16370518035186,0.6,16,50,0,0.0,0.3038181818181818,525,159,0.3028571428571429,0.030476190476190476,0.9111111111111111,0.36771300448430494,0.1166392391354629,0.1280186770998983,0.039990596275015854,61.48780367915167,0.34145085347229603,2.8207792207792206,2.409090909090909,2.707317073170732,0.0
181,template_vacancy,vac,C,vac,1,1.0,template_site:index=403:site=C:neigh=2:ahead0=22.136:mode=shell,x,yz,385,221,164,17,181,3560.5393941971834,14.292727627822302,500.0,0.001,55.75,0.05575,-3306.9224,-3306.9224,-3306.9224,0.0,0.0,1.0,0.05575,0.05575,0,-1,403,6,6,1.4064279338944738,47.23073079532497,4.760000000040001,10.0,446.0,0.0,-3.1602166,-50.63225,47.31820535515261,0.49999999916963384,46.818205355982975,22.223083884322243,0.8697099898047875,2.9417040358744395,46.090184515213686,45.946714750518865,47.258826651182225,0.8211513337000709,0.125,20.995063044383322,20.8515932796885,22.16370518035186,0.6,16,50,0,0.0,0.3038181818181818,525,159,0.3028571428571429,0.03238095238095238,0.9060773480662984,0.36771300448430494,0.1159948234496316,0.1280186770998983,0.039990596275015854,61.48780367915167,0.34145085347229603,2.8207792207792206,2.409090909090909,2.707317073170732,0.0
182,template_deposition,C,C,none,0,1.0,template_site:index=409:site=C:neigh=1:ahead0=22.136:mode=shell,x,yz,386,221,165,17,182,3579.6825239142668,19.143129717083383,500.0,0.001,55.75,0.05575,-3313.7979,-3306.9224,-3313.7979,-6.8754883,-6.196045,0.9999331140735547,0.05575,0.05575,8,385,409,5,5,1.4631159958352475,47.23073079532497,21.79999999919,10.0,446.0,0.0,-3.1756322,-50.87924,47.31820535515261,0.49999999916963384,46.818205355982975,22.223083884322243,0.9052806905797456,2.9596412556053813,46.228902472920225,45.92123223363727,47.258826651182225,0.9012016614947012,0.125,21.13378100208986,20.826110762806906,22.16370518035186,0.6,16,50,0,0.0,0.30563636363636365,525,160,0.3047619047619048,0.03238095238095238,0.9065934065934066,0.36995515695067266,0.11611967583565858,0.12808352122478703,0.04025482095636164,61.48780367915167,0.3437068774218647,2.8186528497409324,2.391304347826087,2.703030303030303,0.0
183,template_deposition,C,C,none,0,1.0,template_site:index=408:site=C:neigh=1:ahead0=22.136:mode=shell,x,yz,387,221,166,17,183,3693.639049035492,113.95652512122538,500.0,0.001,55.75,0.05575,-3320.0938,-3313.7979,-3320.0938,-6.2958984,-5.6936035,0.3632374143065049,0.05575,0.05575,8,386,408,5,5,1.5292075936901395,47.23073079532497,14.69999999973,10.0,446.0,0.0,-3.1897488,-51.10541,47.31820535515261,0.49999999916963384,46.818205355982975,22.223083884322243,0.9426662913878396,2.977578475336323,46.3866840812388,46.561589293554604,47.258826651182225,0.9517408581036556,0.125,21.291562610408434,21.46646782272424,22.16370518035186,0.6,16,50,0,0.0,0.3074545454545454,525,161,0.30666666666666664,0.03238095238095238,0.907103825136612,0.3721973094170404,0.11634733666889854,0.12826242536390622,0.04055535735315892,61.48780367915167,0.3462729409153973,2.8165374677002584,2.375,2.6987951807228914,0.0
184,template_deposition,C,C,none,0,1.0,template_site:index=407:site=C:neigh=1:ahead0=22.136:mode=shell,x,yz,388,221,167,17,184,3731.6645025293074,38.02545349381513,500.0,0.001,55.75,0.05575,-3328.8577,-3320.0938,-3328.8577,-8.763916,-7.9523926,0.9999999999436822,0.05575,0.05575,10,387,407,5,5,1.4303525250683742,47.23073079532497,13.28000000073,10.0,446.0,0.0,-3.2093987,-51.42024,47.34189038751324,0.49999999916963384,46.84189038834361,22.246768916682875,0.9708092659605725,2.995515695067265,46.724041274083206,47.181559307644555,47.277145045867876,0.665502135099094,0.125,21.628919803252842,22.08643783681419,22.182023575037512,0.6,16,50,0,0.0,0.30927272727272725,525,162,0.30857142857142855,0.03238095238095238,0.907608695652174,0.3744394618834081,0.11754847719159153,0.12951448983983738,0.04119794248238637,61.48780367915167,0.35175951179057063,2.814432989690722,2.36,2.694610778443114,0.0
185,template_deposition,C,C,none,0,1.0,template_site:index=406:site=C:neigh=1:ahead0=22.136:mode=shell,x,yz,389,221,168,17,185,3733.5231824059993,1.8586798766920967,500.0,0.001,55.75,0.05575,-3336.1243,-3328.8577,-3336.1243,-7.2666016,-6.739746,0.9999999999998643,0.05575,0.05575,10,388,406,4,4,1.512801570641726,47.23073079532497,17.539999999960003,10.0,446.0,0.0,-3.2256916,-51.68128,47.34189038751324,0.49999999916963384,46.84189038834361,22.246768916682875,0.9886033951598411,3.013452914798206,46.88169134750522,47.206484785805515,47.277145045867876,0.5963979411962544,0.125,21.786569876674854,22.11136331497515,22.182023575037512,0.6,16,50,0,0.0,0.3110909090909091,525,163,0.31047619047619046,0.03238095238095238,0.9081081081081082,0.37668161434977576,0.11776524257662083,0.12968196355163603,0.04149822833652353,61.48780367915167,0.3543234360810631,2.8123393316195373,2.3461538461538463,2.6904761904761907,0.0
186,template_deposition,C,C,none,0,1.0,template_site:index=405:site=C:neigh=2:ahead0=22.136:mode=shell,x,yz,390,221,169,17,186,3750.28016402454,16.756981618540976,500.0,0.001,55.75,0.05575,-3346.2673,-3336.1243,-3346.2673,-10.143066,-9.356445,1.0,0.05575,0.05575,10,389,405,3,3,1.4327251424161351,47.23073079532497,18.95999999896,10.0,446.0,0.0,-3.2484338,-52.04565,47.34189038751324,0.49999999916963384,46.84189038834361,22.246768916682875,1.00234804050962,3.031390134529148,46.87913279529728,47.196250576973775,47.277145045867876,0.5952179949877993,0.125,21.784011324466917,22.10112910614341,22.182023575037512,0.6,16,50,0,0.0,0.3129090909090909,525,164,0.31238095238095237,0.03238095238095238,0.9086021505376344,0.3789237668161435,0.11711834045412321,0.12889947529270365,0.04149335490374651,61.48780367915167,0.35428182535414093,2.8153846153846156,2.4074074074074074,2.698224852071006,0.0
187,template_deposition,C,C,none,0,1.0,template_site:index=401:site=C:neigh=1:ahead0=22.136:mode=shell,x,yz,391,221,170,17,187,3768.570439215257,18.290275190716844,500.0,0.001,55.75,0.05575,-3351.642,-3346.2673,-3351.642,-5.374756,-4.708496,1.0,0.05575,0.05575,9,390,401,1,1,1.4641219376892596,47.23073079532497,1.9199999998100001,10.0,446.0,0.0,-3.260485,-52.238728,47.34189038751324,0.49999999916963384,46.84189038834361,22.246768916682875,1.013008004346821,3.0493273542600896,47.0357793383403,47.19901720534138,47.277145045867876,0.4743141750890395,0.125,21.940657867509934,22.103895734511013,22.182023575037512,0.6,16,50,0,0.0,0.3147272727272727,525,165,0.3142857142857143,0.03238095238095238,0.9090909090909091,0.3811659192825112,0.11732972121663067,0.12906269333829373,0.041791729271447496,61.48780367915167,0.35682942884084884,2.813299232736573,2.392857142857143,2.6941176470588237,0.0
188,template_deposition,C,C,none,0,1.0,template_site:index=411:site=C:neigh=1:ahead0=23.365:mode=shell,x,yz,392,221,171,17,188,3822.937873463581,54.36743424832417,500.0,0.001,55.75,0.05575,-3359.887,-3351.642,-3359.887,-8.244873,-7.8112793,0.9997236002629623,0.05575,0.05575,8,391,411,9,9,1.4245542320929034,48.460486868908006,6.890000000770001,10.0,446.0,0.0,-3.2789712,-52.534912,48.438524886815976,0.49999999916963384,47.938524887646345,23.343403415985613,0.7212562894547538,3.0672645739910314,47.188207919367954,47.19901720534138,47.6804293053877,0.666099504488644,0.125,22.09308644853759,22.103895734511013,22.585307834557334,0.6,16,50,0,0.0,0.31672727272727275,525,166,0.3161904761904762,0.03238095238095238,0.9095744680851063,0.3834080717488789,0.11751641727945526,0.12919933595636018,0.042082069425785885,61.48780367915167,0.35930843397531487,2.811224489795918,2.1578947368421053,2.690058479532164,0.0
189,template_impurity,N,C,N,0,1.0,template_site:index=410:site=C:neigh=2:ahead0=23.365:mode=shell,x,yz,393,221,172,17,189,3845.414678021392,22.476804557810766,500.0,0.001,55.75,0.05575,-3371.7502,-3359.887,-3371.7502,-11.863281,-10.673096,1.0,0.05575,0.05575,9,392,410,8,8,1.4524156296120994,48.460486868908006,8.30999999977,10.0,446.0,0.0,-3.3055704,-52.96108,48.46505262748666,0.49999999916963384,47.96505262831703,23.3699311566563,0.7931355097213605,3.085201793721973,47.189189709264326,47.19901720534138,47.675316232539075,0.6718110111598445,0.125,22.094068238433962,22.103895734511013,22.58019476170871,0.6,16,50,0,0.0,0.3187272727272727,525,167,0.3180952380952381,0.03238095238095238,0.91005291005291,0.38565022421524664,0.11689983194938604,0.1284538851071742,0.04208393950177897,61.48780367915167,0.3593244012051983,2.8142493638676847,2.25,2.697674418604651,0.0
190,template_deposition,C,C,none,0,1.0,template_site:index=419:site=C:neigh=1:ahead0=23.365:mode=shell,x,yz,394,221,173,17,190,3869.1865523423703,23.771874320978522,500.0,0.001,55.75,0.05575,-3379.8574,-3371.7502,-3379.8574,-8.107178,-7.4543457,0.999943962994086,0.05575,0.05575,8,393,419,7,7,1.4920272733328834,48.460486868908006,21.08999999969,10.0,446.0,0.0,-3.3237479,-53.25231,48.46505262748666,0.49999999916963384,47.96505262831703,23.3699311566563,0.8491361263111903,3.103139013452915,47.33377627263292,47.20841488310838,48.41535582127472,0.7821087191728866,0.125,22.238654801802554,22.11329341227802,23.32023435044436,0.6,16,50,0,0.0,0.3207272727272727,525,168,0.32,0.03238095238095238,0.9105263157894737,0.38789237668161436,0.1170455515884345,0.12854713758267372,0.04235934247962391,61.48780367915167,0.3616758685648564,2.8121827411167515,2.238095238095238,2.69364161849711,0.0
191,template_deposition,C,C,none,0,1.0,template_site:index=418:site=C:neigh=2:ahead0=23.365:mode=shell,x,yz,395,221,174,17,191,3886.859034433044,17.672482090673746,500.0,0.001,55.75,0.05575,-3390.5137,-3379.8574,-3390.5137,-10.65625,-9.745361,1.0,0.05575,0.05575,9,394,418,6,6,1.451375457181368,48.460486868908006,19.67000000069,10.0,446.0,0.0,-3.347641,-53.635124,48.46505262748666,0.49999999916963384,47.96505262831703,23.3699311566563,0.8882998485617799,3.1210762331838566,47.348599170669345,47.250267176618664,48.43977083936432,0.7862992753209676,0.125,22.25347769983898,22.1551457057883,23.344649368533958,0.6,16,50,0,0.0,0.32272727272727264,525,169,0.3219047619047619,0.03238095238095238,0.9109947643979057,0.3901345291479821,0.11651035444941875,0.1278935499990746,0.04238757657112187,61.48780367915167,0.3619169391048577,2.8151898734177214,2.3181818181818183,2.7011494252873565,0.0
192,template_deposition,C,C,none,0,1.0,template_site:index=417:site=C:neigh=1:ahead0=23.365:mode=shell,x,yz,396,221,175,17,192,3890.5953825681513,3.7363481351069647,500.0,0.001,55.75,0.05575,-3398.0632,-3390.5137,-3398.0632,-7.5495605,-7.0371094,0.999000019825956,0.05575,0.05575,7,395,417,5,5,1.4231577750838404,48.460486868908006,12.569999999,10.0,446.0,0.0,-3.3645682,-53.906326,48.46505262748666,0.49999999916963384,47.96505262831703,23.3699311566563,0.9213348204381987,3.1390134529147984,47.48841220249196,47.29684510232318,48.43977083936432,0.8643988478839962,0.125,22.393290731661594,22.20172363149282,23.344649368533958,0.6,16,50,0,0.0,0.3247272727272727,525,170,0.3238095238095238,0.03238095238095238,0.9114583333333334,0.3923766816143498,0.11663172256073746,0.12796166132378053,0.04265388710792684,61.48780367915167,0.3641907726695134,2.813131313131313,2.3043478260869565,2.697142857142857,0.0
193,template_deposition,C,C,none,0,1.0,template_site:index=416:site=C:neigh=2:ahead0=23.365:mode=shell,x,yz,397,221,176,17,193,3891.691916126855,1.0965335587037883,500.0,0.001,55.75,0.05575,-3407.5757,-3398.0632,-3407.5757,-9.512451,-8.780273,1.0,0.05575,0.05575,10,396,416,4,4,1.3400107406767867,48.460486868908006,11.15,10.0,446.0,0.0,-3.3858964,-54.248043,48.48674093635584,0.49999999916963384,47.986740937186205,23.391619465525473,0.9493501727375145,3.1569506726457397,47.495426685810486,47.301279432287544,48.48457458947496,0.8772711773825134,0.125,22.400305214980122,22.20615796145718,23.389453118644596,0.6,16,50,0,0.0,0.3267272727272727,525,171,0.32571428571428573,0.03238095238095238,0.9119170984455959,0.39461883408071746,0.11606375759057058,0.12727446144875068,0.04266724802853357,61.48780367915167,0.3643048519323723,2.8161209068010074,2.375,2.7045454545454546,0.0
194,template_deposition,C,C,none,0,1.0,template_site:index=412:site=C:neigh=1:ahead0=23.365:mode=shell,x,yz,398,221,177,17,194,3945.6159857107555,53.924069583900234,500.0,0.001,55.75,0.05575,-3415.4683,-3407.5757,-3415.4683,-7.892578,-6.690674,0.9135022724376887,0.05575,0.05575,8,397,412,3,3,1.5407264071960132,48.460486868908006,2.62999999931,10.0,446.0,0.0,-3.4035928,-54.53157,48.48674093635584,0.49999999916963384,47.986740937186205,23.391619465525473,0.9646553790900426,3.1748878923766815,47.64766415278612,47.85945284115351,48.48457458947496,0.9074353607561072,0.125,22.552542681955757,22.76433137032315,23.389453118644596,0.6,16,50,0,0.0,0.32872727272727276,525,172,0.32761904761904764,0.03238095238095238,0.9123711340206185,0.3968609865470852,0.11625022001008121,0.12741549537828112,0.04295722415610621,61.48780367915167,0.36678074890488443,2.814070351758794,2.36,2.7005649717514126,0.0
195,template_deposition,C,C,none,0,1.0,template_site:index=413:site=C:neigh=1:ahead0=23.365:mode=shell,x,yz,399,221,178,17,195,3950.712506593011,5.096520882255373,500.0,0.001,55.75,0.05575,-3424.0862,-3415.4683,-3424.0862,-8.61792,-7.4506836,0.9999999977219243,0.05575,0.05575,9,398,413,3,3,1.516785991627134,48.460486868908006,4.05000000054,10.0,446.0,0.0,-3.4229157,-54.841156,48.48674093635584,0.49999999916963384,47.986740937186205,23.391619465525473,0.9696026041864199,3.192825112107623,47.96061822809525,48.32310030323026,48.48457458947496,0.5980764448713762,0.125,22.865496757264886,23.2279788323999,23.389453118644596,0.6,16,50,0,0.0,0.3307272727272727,525,173,0.3295238095238095,0.03238095238095238,0.9128205128205128,0.3991031390134529,0.11725895772956352,0.12845784695092632,0.04355332715669502,61.48780367915167,0.3718704424145461,2.817042606516291,2.423076923076923,2.707865168539326,0.0
196,template_deposition,C,C,none,0,1.0,template_site:index=414:site=C:neigh=1:ahead0=23.365:mode=shell,x,yz,400,221,179,17,196,4004.81845132422,54.105944731209284,500.0,0.001,55.75,0.05575,-3431.3152,-3424.0862,-3431.3152,-7.229004,-6.593994,1.0,0.05575,0.05575,10,399,414,2,2,1.579514277992756,48.460486868908006,16.83000000046,10.0,446.0,0.0,-3.439124,-55.100845,48.48674093635584,0.49999999916963384,47.986740937186205,23.391619465525473,0.9797489156952962,3.210762331838565,48.10260504679882,48.403231868951266,48.48457458947496,0.5422041497696652,0.125,23.007483575968458,23.308110398120903,23.389453118644596,0.6,18,50,0,0.0,0.33272727272727265,525,174,0.3314285714285714,0.03238095238095238,0.9132653061224489,0.4013452914798206,0.11738512028555335,0.12853342779870647,0.043823778239939916,61.48780367915167,0.37417962911837555,2.815,2.4074074074074074,2.7039106145251397,0.0
197,template_deposition,C,C,none,0,1.0,template_site:index=415:site=C:neigh=2:ahead0=23.365:mode=shell,x,yz,401,221,180,17,197,4018.278296232844,13.45984490862397,500.0,0.001,55.75,0.05575,-3441.6404,-3431.3152,-3441.6404,-10.325195,-8.88623,1.0,0.05575,0.05575,10,400,415,1,1,1.4730806560402137,48.460486868908006,15.409999999230001,10.0,446.0,0.0,-3.4622748,-55.47176,48.48674093635584,0.49999999916963384,47.986740937186205,23.391619465525473,0.9823523329384545,3.2286995515695067,48.26399148910936,48.38387527765971,48.48457458947496,0.3550080098309451,0.125,23.168870018278994,23.288753806829348,23.389453118644596,0.6,18,50,0,0.0,0.3347272727272727,525,175,0.3333333333333333,0.03238095238095238,0.9137055837563451,0.40358744394618834,0.11760847725014718,0.12871594454599442,0.044131180987198086,61.48780367915167,0.37680431942529663,2.8179551122194515,2.4642857142857144,2.7111111111111112,0.0
198,template_deposition,C,C,none,0,1.0,template_site:index=424:site=C:neigh=1:ahead0=24.595:mode=shell,x,yz,402,221,181,17,198,4023.7027513699077,5.424455137063794,500.0,0.001,55.75,0.05575,-3449.6033,-3441.6404,-3449.6033,-7.9628906,-7.135742,0.999999500981429,0.05575,0.05575,8,401,424,10,10,1.4885223817712196,49.69024294249104,4.760000000040001,10.0,446.0,0.0,-3.4801288,-55.757812,49.57787545464769,0.49999999916963384,49.07787545547806,24.482753983817325,0.6459039936064814,3.2466367713004485,48.400945751828424,48.38387527765971,48.825838912755934,0.565779789413305,0.125,23.30582428099806,23.288753806829348,23.73071744192557,0.6,18,50,0,0.0,0.33654545454545454,525,176,0.3352380952380952,0.03238095238095238,0.9141414141414141,0.40582959641255606,0.11770618323736394,0.1287614601160114,0.04439204624952012,61.48780367915167,0.37903165971921415,2.81592039800995,2.3,2.707182320441989,0.0
199,template_deposition,C,C,none,0,1.0,template_site:index=425:site=C:neigh=2:ahead0=24.595:mode=shell,x,yz,403,221,182,17,199,4031.2651121773392,7.5623608074314115,500.0,0.001,55.75,0.05575,-3460.428,-3449.6033,-3460.428,-10.824707,-9.040527,1.0,0.05575,0.05575,9,402,425,9,9,1.451559860613126,49.69024294249104,6.17999999904,10.0,446.0,0.0,-3.5043995,-56.14667,49.59140173527387,0.49999999916963384,49.09140173610424,24.496280264443506,0.7202355697270505,3.2645739910313902,48.52539258316138,48.38387527765971,49.49393943572815,0.6661024095315142,0.125,23.430271112331013,23.288753806829348,24.398817964897788,0.6,18,50,0,0.0,0.33836363636363637,525,177,0.33714285714285713,0.03238095238095238,0.914572864321608,0.4080717488789238,0.11774005584085936,0.12873775336445611,0.044629087833011456,61.48780367915167,0.3810555868053454,2.8188585607940446,2.380952380952381,2.7142857142857144,0.0
200,template_deposition,C,C,none,0,1.0,template_site:index=420:site=C:neigh=1:ahead0=24.595:mode=shell,x,yz,404,221,183,17,200,4047.9551813993403,16.69006922200098,500.0,0.001,55.75,0.05575,-3467.3247,-3460.428,-3467.3247,-6.8967285,-6.536621,0.9996376897701507,0.05575,0.05575,9,403,420,8,8,1.4196580076005272,49.69024294249104,10.440000000500001,10.0,446.0,0.0,-3.519863,-56.39442,49.71320235169985,0.49999999916963384,49.21320235253022,24.618080880869485,0.7875818050261606,3.282511210762332,48.79958319453422,48.38387527765971,49.627941920201664,0.6147293828938395,0.125,23.704461723703858,23.288753806829348,24.5328204493713,0.6,18,50,0,0.0,0.34018181818181814,525,178,0.33904761904761904,0.03238095238095238,0.915,0.4103139013452915,0.11852230861851928,0.1295325777251577,0.045151355664197826,61.48780367915167,0.385514855066147,2.8168316831683167,2.3636363636363638,2.710382513661202,0.0
201,template_impurity,N,C,N,0,1.0,template_site:index=421:site=C:neigh=2:ahead0=24.595:mode=shell,x,yz,405,221,184,17,201,4076.131509046306,28.17632764696541,500.0,0.001,55.75,0.05575,-3478.375,-3467.3247,-3478.375,-11.050293,-10.446533,1.0,0.05575,0.05575,11,404,421,7,7,1.40034303523955,49.69024294249104,9.01999999927,10.0,446.0,0.0,-3.5446393,-56.791386,49.72181022614656,0.49999999916963384,49.22181022697693,24.626688755316195,0.8353248429532883,3.3004484304932737,48.79760722652743,48.38387527765971,49.62962489975563,0.6184467149496274,0.125,23.70248575569707,23.288753806829348,24.53450342892527,0.6,18,50,0,0.0,0.342,525,179,0.34095238095238095,0.03238095238095238,0.9154228855721394,0.4125560538116592,0.11792281470496054,0.12881785736791884,0.04514759191561346,61.48780367915167,0.38548271913205023,2.819753086419753,2.4347826086956523,2.717391304347826,0.0
202,template_deposition,C,C,none,0,1.0,template_site:index=427:site=C:neigh=1:ahead0=24.595:mode=shell,x,yz,406,221,185,17,202,4103.288692122305,27.157183075999896,500.0,0.001,55.75,0.05575,-3485.0496,-3478.375,-3485.0496,-6.6745605,-6.1848145,0.9096683064675443,0.05575,0.05575,9,405,427,6,6,1.523979732713057,49.69024294249104,17.539999999960003,10.0,446.0,0.0,-3.559605,-57.03116,49.72181022614656,0.49999999916963384,49.22181022697693,24.626688755316195,0.8739989591507492,3.318385650224215,48.96647877041423,48.94904156707547,49.67787062790703,0.6461898949136801,0.125,23.871357299583863,23.853920096245105,24.58274915707667,0.6,18,50,0,0.0,0.34381818181818175,525,180,0.34285714285714286,0.03238095238095238,0.9158415841584159,0.4147982062780269,0.11817503613655378,0.1290343637815344,0.04546925199920736,61.48780367915167,0.38822914254909047,2.8177339901477834,2.4166666666666665,2.7135135135135133,0.0
203,template_deposition,C,C,none,0,1.0,template_site:index=426:site=C:neigh=2:ahead0=24.595:mode=shell,x,yz,407,221,186,17,203,4117.61327693366,14.324584811354413,500.0,0.001,55.75,0.05575,-3496.2515,-3485.0496,-3496.2515,-11.201904,-10.535645,1.0,0.05575,0.05575,10,406,426,5,5,1.396929270711681,49.69024294249104,18.95999999896,10.0,446.0,0.0,-3.584721,-57.433563,49.72181022614656,0.49999999916963384,49.22181022697693,24.626688755316195,0.8990719770816639,3.336322869955157,48.96966368064106,48.974661239321335,49.66671583511611,0.6402968872225027,0.125,23.8745422098107,23.87953976849097,24.571594364285744,0.6,18,50,0,0.0,0.34563636363636363,525,181,0.34476190476190477,0.03238095238095238,0.916256157635468,0.4170403587443946,0.11760858231433842,0.12835775381618655,0.04547531849487752,61.48780367915167,0.3882809399794143,2.8206388206388207,2.48,2.7204301075268815,0.0
204,template_impurity,N,C,N,0,1.0,template_site:index=429:site=C:neigh=1:ahead0=24.595:mode=shell,x,yz,408,221,187,17,204,4160.6632855001135,43.05000856645371,500.0,0.001,55.75,0.05575,-3504.657,-3496.2515,-3504.657,-8.405518,-7.196289,0.9388394050869123,0.05575,0.05575,10,407,429,4,4,1.5748136678664124,49.69024294249104,14.69999999973,10.0,446.0,0.0,-3.6035676,-57.73552,49.72181022614656,0.49999999916963384,49.22181022697693,24.626688755316195,0.9148819710141519,3.3542600896860986,49.12079743659828,49.52114339075547,49.6584547683041,0.6265411957992695,0.125,24.025675965767917,24.426021919925105,24.563333297473733,0.6,18,50,0,0.0,0.3474545454545454,525,182,0.3466666666666667,0.03238095238095238,0.9166666666666666,0.4192825112107623,0.11777292140082313,0.12847955061907976,0.045763192315748415,61.48780367915167,0.39073888687154673,2.8186274509803924,2.4615384615384617,2.716577540106952,0.0
205,template_deposition,C,C,none,0,1.0,template_site:index=428:site=C:neigh=2:ahead0=24.595:mode=shell,x,yz,409,221,188,17,205,4186.327182196443,25.66389669632899,500.0,0.001,55.75,0.05575,-3514.3909,-3504.657,-3514.3909,-9.733887,-7.942383,0.9999999999999916,0.05575,0.05575,10,408,428,3,3,1.5165233670145264,49.69024294249104,13.28000000073,10.0,446.0,0.0,-3.6253924,-58.08519,49.72181022614656,0.49999999916963384,49.22181022697693,24.626688755316195,0.9315998691139682,3.3721973094170403,49.29206443414985,49.57567150765239,49.688608985442436,0.5521720374453791,0.125,24.196942963319486,24.480550036822024,24.59348751461207,0.6,18,50,0,0.0,0.34927272727272723,525,183,0.3485714285714286,0.03238095238095238,0.9170731707317074,0.42152466367713004,0.11803386811375359,0.12870714342191217,0.04608941516822759,61.48780367915167,0.393524268480642,2.8215158924205377,2.5185185185185186,2.723404255319149,0.0
206,template_deposition,C,C,none,0,1.0,template_site:index=430:site=C:neigh=1:ahead0=24.595:mode=shell,x,yz,410,221,189,17,206,4188.472955161669,2.145772965226612,500.0,0.001,55.75,0.05575,-3521.8157,-3514.3909,-3521.8157,-7.4248047,-6.5410156,1.0,0.05575,0.05575,9,409,430,2,2,1.4981341646020736,49.69024294249104,21.79999999919,10.0,446.0,0.0,-3.64204,-58.351913,49.72181022614656,0.49999999916963384,49.22181022697693,24.626688755316195,0.9466720201154416,3.390134529147982,49.44049327881137,49.599261853740856,49.69820136779287,0.46518498617904575,0.125,24.345371807981003,24.504140382910492,24.603079896962505,0.6,18,50,0,0.0,0.3510909090909091,525,184,0.3504761904761905,0.03238095238095238,0.9174757281553398,0.42376681614349776,0.11818141654359711,0.12881149104751854,0.04637213677710667,61.48780367915167,0.3959382243512408,2.819512195121951,2.5,2.7195767195767195,0.0
207,template_deposition,C,C,none,0,1.0,template_site:index=422:site=C:neigh=1:ahead0=24.595:mode=shell,x,yz,411,221,190,17,207,4204.296642529616,15.823687367946999,500.0,0.001,55.75,0.05575,-3528.3994,-3521.8157,-3528.3994,-6.58374,-5.500244,1.0,0.05575,0.05575,9,410,422,1,1,1.582255653693599,49.69024294249104,1.9199999998100001,10.0,446.0,0.0,-3.6568017,-58.588425,49.72181022614656,0.49999999916963384,49.22181022697693,24.626688755316195,0.9580073944662563,3.408071748878924,49.611029123086865,49.62560082939798,49.696505179724966,0.0926804362499963,0.125,24.5159076522565,24.530479358567618,24.601383708894602,0.6,19,50,0,0.0,0.35472727272727267,525,186,0.35428571428571426,0.03238095238095238,0.9178743961352657,0.4260089686098655,0.11843433648433092,0.12903109290661316,0.04669696695667905,61.48780367915167,0.398711714931021,2.8175182481751824,2.4827586206896552,2.7157894736842105,0.0
208,template_deposition,C,C,none,0,1.0,template_site:index=440:site=C:neigh=1:ahead0=25.825:mode=shell,x,yz,412,221,191,17,208,4223.742538043474,19.445895513858158,500.0,0.001,55.75,0.05575,-3536.5764,-3528.3994,-3536.5764,-8.177002,-7.619385,0.9999985198866232,0.05575,0.05575,8,411,440,10,10,1.4696805786455016,50.91999901607407,21.08999999969,10.0,446.0,0.0,-3.6751359,-58.882168,50.85368991520079,0.49999999916963384,50.35368991603116,25.758568444370425,0.6817764806068324,3.4260089686098656,49.756769903630605,49.62454907388755,50.06137413286283,0.42387723204547684,0.125,24.66164843280024,24.529427603057187,24.966252662032467,0.6,19,50,0,0.0,0.35490909090909084,525,186,0.35428571428571426,0.03238095238095238,0.9182692307692307,0.4282511210762332,0.11856561746538577,0.1291185781822002,0.04697456844342903,61.48780367915167,0.4010819537722752,2.8155339805825244,2.3333333333333335,2.712041884816754,0.0
209,template_vacancy,vac,C,vac,1,1.0,template_site:index=439:site=C:neigh=2:ahead0=25.825:mode=shell,x,yz,412,221,191,18,209,4224.331746770957,0.5892087274826108,500.0,0.001,55.75,0.05575,-3536.5764,-3536.5764,-3536.5764,0.0,0.0,1.0,0.05575,0.05575,0,-1,439,9,9,1.4538230546191149,50.91999901607407,19.67000000069,10.0,446.0,0.0,-3.6751359,-58.882168,50.85368991520079,0.49999999916963384,50.35368991603116,25.758568444370425,0.6817764806068324,3.4260089686098656,49.756769903630605,49.62454907388755,50.06137413286283,0.42387723204547684,0.125,24.66164843280024,24.529427603057187,24.966252662032467,0.6,19,50,0,0.0,0.35490909090909084,525,186,0.35428571428571426,0.03428571428571429,0.9138755980861244,0.4282511210762332,0.11799831786028823,0.1291185781822002,0.04697456844342903,61.48780367915167,0.4010819537722752,2.8155339805825244,2.3333333333333335,2.712041884816754,0.0
210,template_impurity,N,C,N,0,1.0,template_site:index=433:site=C:neigh=1:ahead0=25.825:mode=shell,x,yz,413,221,192,18,210,4232.630004133591,8.298257362634272,500.0,0.001,55.75,0.05575,-3546.3447,-3536.5764,-3546.3447,-9.768311,-8.04834,0.9999999998136027,0.05575,0.05575,9,412,433,8,8,1.4595772466505144,50.91999901607407,2.62999999931,10.0,446.0,0.0,-3.697038,-59.233078,50.86608986223533,0.49999999916963384,50.366089863065696,25.770968391404963,0.7582721752360568,3.4439461883408073,49.90029083259853,49.64083846337732,50.839723270838896,0.5557795504645574,0.125,24.805169361768165,24.545716992546957,25.74460180000853,0.6,19,50,0,0.0,0.3569090909090909,525,187,0.35619047619047617,0.03428571428571429,0.9142857142857143,0.4304932735426009,0.11811985410365793,0.12919359042587586,0.04724794164146317,61.48780367915167,0.40341609030635645,2.8135593220338984,2.3181818181818183,2.7083333333333335,0.0
211,template_deposition,C,C,none,0,1.0,template_site:index=434:site=C:neigh=2:ahead0=25.825:mode=shell,x,yz,414,221,193,18,211,4256.048110127833,23.418105994242154,500.0,0.001,55.75,0.05575,-3554.1118,-3546.3447,-3554.1118,-7.76709,-6.236084,0.9064063225061773,0.05575,0.05575,8,413,434,7,7,1.505637862413517,50.91999901607407,4.05000000054,10.0,446.0,0.0,-3.714453,-59.5121,50.828423303097566,0.49999999916963384,50.328423303927934,25.733301832267202,0.8103818123108721,3.4618834080717487,50.062620416490226,49.698095054215045,50.81235762666489,0.5708128736173073,0.125,24.967498945659862,24.60297358338468,25.717236155834527,0.6,19,50,0,0.0,0.3589090909090909,525,188,0.3580952380952381,0.03428571428571429,0.9146919431279621,0.4327354260089686,0.11832937888938323,0.129365279511191,0.047557140848875926,61.48780367915167,0.40605611929062047,2.816425120772947,2.391304347826087,2.715025906735751,0.0
212,template_deposition,C,C,none,0,1.0,template_site:index=432:site=C:neigh=1:ahead0=25.825:mode=shell,x,yz,415,221,194,18,212,4270.536969021189,14.488858893356706,500.0,0.001,55.75,0.05575,-3561.5117,-3554.1118,-3561.5117,-7.3999023,-6.6640625,0.999995478802327,0.05575,0.05575,9,414,432,6,6,1.5921076585722251,50.91999901607407,6.890000000770001,10.0,446.0,0.0,-3.7310445,-59.777924,50.84897339353551,0.49999999916963384,50.34897339436588,25.753851922705145,0.853229058204258,3.4798206278026904,50.223829997823486,50.23243395493058,50.83458833022895,0.5845117435235176,0.125,25.128708526993123,25.137312484100214,25.739466859398583,0.6,19,50,0,0.0,0.36090909090909096,525,189,0.36,0.03428571428571429,0.9150943396226415,0.4349775784753363,0.11853164399525058,0.12952942539687176,0.047864206718082135,61.48780367915167,0.4086779332388705,2.814457831325301,2.375,2.711340206185567,0.0
213,template_deposition,C,C,none,0,1.0,template_site:index=431:site=C:neigh=2:ahead0=25.825:mode=shell,x,yz,416,221,195,18,213,4272.975437245216,2.4384682240274165,500.0,0.001,55.75,0.05575,-3570.975,-3561.5117,-3570.975,-9.463379,-8.723877,1.0,0.05575,0.05575,10,415,431,5,5,1.4060546160725815,50.91999901607407,8.30999999977,10.0,446.0,0.0,-3.752263,-60.11788,50.866772717448086,0.49999999916963384,50.366772718278455,25.771651246617722,0.8841361196673503,3.497757847533632,50.22872782958242,50.243125620010034,50.83992812740272,0.5846670279730748,0.125,25.133606358752054,25.14800414917967,25.744806656572358,0.6,19,50,0,0.0,0.3629090909090909,525,190,0.3619047619047619,0.03428571428571429,0.9154929577464789,0.437219730941704,0.11799815191902373,0.1288902890192413,0.04787353592143248,61.48780367915167,0.4087575885764475,2.8173076923076925,2.44,2.717948717948718,0.0
214,template_vacancy,vac,C,vac,1,1.0,template_site:index=437:site=C:neigh=1:ahead0=25.825:mode=shell,x,yz,416,221,195,19,214,4279.131099528939,6.1556622837222505,500.0,0.001,55.75,0.05575,-3570.975,-3570.975,-3570.975,0.0,0.0,0.995676856422585,0.05575,0.05575,0,-1,437,4,4,1.505457279547067,50.91999901607407,11.15,10.0,446.0,0.0,-3.752263,-60.11788,50.866772717448086,0.49999999916963384,50.366772718278455,25.771651246617722,0.8841361196673503,3.497757847533632,50.22872782958242,50.243125620010034,50.83992812740272,0.5846670279730748,0.125,25.133606358752054,25.14800414917967,25.744806656572358,0.6,19,50,0,0.0,0.3629090909090909,525,190,0.3619047619047619,0.03619047619047619,0.9112149532710281,0.437219730941704,0.11744675868575727,0.1288902890192413,0.04787353592143248,61.48780367915167,0.4087575885764475,2.8173076923076925,2.44,2.717948717948718,0.0
215,template_deposition,C,C,none,0,1.0,template_site:index=438:site=C:neigh=1:ahead0=25.825:mode=shell,x,yz,417,221,196,19,215,4288.681410544168,9.55031101522903,500.0,0.001,55.75,0.05575,-3577.9082,-3570.975,-3577.9082,-6.9331055,-6.170166,0.9998223278980928,0.05575,0.05575,9,416,438,3,3,1.5931153692089632,50.91999901607407,12.569999999,10.0,446.0,0.0,-3.767808,-60.36694,50.866772717448086,0.49999999916963384,50.366772718278455,25.771651246617722,0.9099098973486793,3.515695067264574,50.383981480711725,50.77326260525734,50.840839916377384,0.5576987284544342,0.125,25.28886000988136,25.678141134426973,25.74571844554702,0.6,19,50,0,0.0,0.36490909090909085,525,191,0.3638095238095238,0.03619047619047619,0.9116279069767442,0.43946188340807174,0.11762260469712262,0.12902479596878247,0.04816925716167878,61.48780367915167,0.4112825389217133,2.815347721822542,2.423076923076923,2.7142857142857144,0.0
216,template_vacancy,vac,C,vac,1,1.0,template_site:index=435:site=C:neigh=1:ahead0=25.825:mode=shell,x,yz,417,221,196,20,216,4290.044425055575,1.3630145114066303,500.0,0.001,55.75,0.05575,-3577.9082,-3577.9082,-3577.9082,0.0,0.0,0.9999724531726663,0.05575,0.05575,0,-1,435,2,2,1.590813532757428,50.91999901607407,16.83000000046,10.0,446.0,0.0,-3.767808,-60.36694,50.866772717448086,0.49999999916963384,50.366772718278455,25.771651246617722,0.9099098973486793,3.515695067264574,50.383981480711725,50.77326260525734,50.840839916377384,0.5576987284544342,0.125,25.28886000988136,25.678141134426973,25.74571844554702,0.6,19,50,0,0.0,0.36490909090909085,525,191,0.3638095238095238,0.0380952380952381,0.9074074074074074,0.43946188340807174,0.11707805560130259,0.12902479596878247,0.04816925716167878,61.48780367915167,0.4112825389217133,2.815347721822542,2.423076923076923,2.7142857142857144,0.0
217,template_deposition,C,C,none,0,1.0,template_site:index=436:site=C:neigh=1:ahead0=25.825:mode=shell,x,yz,418,221,197,20,217,4290.54938357561,0.5049585200352797,500.0,0.001,55.75,0.05575,-3583.8503,-3577.9082,-3583.8503,-5.9421387,-5.3637695,1.0,0.05575,0.05575,10,417,436,1,1,1.436230845290346,50.91999901607407,15.409999999230001,10.0,446.0,0.0,-3.7811313,-60.580402,50.866772717448086,0.49999999916963384,50.366772718278455,25.771651246617722,0.9323220123124347,3.5336322869955157,50.53440248257671,50.80640813853084,50.86055925604754,0.4932649630590381,0.125,25.439281011746345,25.711286667700477,25.765437785217173,0.6,19,50,0,0.0,0.36690909090909085,525,192,0.3657142857142857,0.0380952380952381,0.9078341013824884,0.44170403587443946,0.11723170973154998,0.12913340615099667,0.048455773355707325,61.48780367915167,0.41372889401759366,2.813397129186603,2.4074074074074074,2.7106598984771573,0.0
218,template_deposition,C,C,none,0,1.0,template_site:index=449:site=C:neigh=1:ahead0=27.055:mode=shell,x,yz,419,221,198,20,218,4324.062363693545,33.51298011793583,500.0,0.001,55.75,0.05575,-3591.896,-3583.8503,-3591.896,-8.045654,-7.2800293,0.9989622268345643,0.05575,0.05575,7,418,449,7,7,1.5252804695485265,52.149755089657106,13.28000000073,10.0,446.0,0.0,-3.7991707,-60.869427,52.06508976938258,0.49999999916963384,51.56508977021295,26.969968298552217,0.7054892657982946,3.5515695067264574,50.6916891147358,50.81694781993137,51.22626783302844,0.708645785374247,0.125,25.596567643905438,25.721826349101008,26.131146362198074,0.6,19,50,0,0.0,0.36872727272727274,525,193,0.3676190476190476,0.0380952380952381,0.908256880733945,0.4439461883408072,0.11741544790782311,0.12927559416113857,0.04875536694077226,61.48780367915167,0.41628690752186237,2.81145584725537,2.111111111111111,2.707070707070707,0.0
219,template_deposition,C,C,none,0,1.0,template_site:index=450:site=C:neigh=2:ahead0=27.055:mode=shell,x,yz,420,221,199,20,219,4325.14381585592,1.0814521623754438,500.0,0.001,55.75,0.05575,-3601.8923,-3591.896,-3601.8923,-9.996338,-9.5998535,1.0,0.05575,0.05575,8,419,450,6,6,1.461327895106029,52.149755089657106,14.69999999973,10.0,446.0,0.0,-3.8215842,-61.22853,52.03029359614552,0.49999999916963384,51.53029359697589,26.935172125315155,0.7915129203654567,3.569506726457399,50.83397061490974,50.81694781993137,52.02778391352201,0.8295591944153327,0.125,25.738849144079374,25.721826349101008,26.932662442691644,0.6,19,50,0,0.0,0.37054545454545457,525,194,0.36952380952380953,0.0380952380952381,0.908675799086758,0.4461883408071749,0.11752899152547659,0.12934095047276067,0.04902637932205595,61.48780367915167,0.41860088674474,2.8142857142857145,2.210526315789474,2.71356783919598,0.0
220,template_deposition,C,C,none,0,1.0,template_site:index=451:site=C:neigh=1:ahead0=27.055:mode=shell,x,yz,421,221,200,20,220,4329.953505560285,4.809689704364632,500.0,0.001,55.75,0.05575,-3610.205,-3601.8923,-3610.205,-8.312744,-6.932373,0.9999998482633147,0.05575,0.05575,7,420,451,5,5,1.482110714823729,52.149755089657106,21.79999999919,10.0,446.0,0.0,-3.8402226,-61.52715,52.11427524313342,0.49999999916963384,51.61427524396379,27.019153772303056,0.8651111746831269,3.587443946188341,50.992782553035006,50.828444309589784,52.05548809024189,0.9316543119081685,0.125,25.897661082204642,25.73332283875942,26.960366619411523,0.6,19,50,0,0.0,0.37236363636363634,525,195,0.37142857142857144,0.0380952380952381,0.9090909090909091,0.4484304932735426,0.11771664128274838,0.1294883054110232,0.049328878251818364,61.48780367915167,0.42118370689154444,2.812351543942993,2.2,2.71,0.0
221,template_deposition,C,C,none,0,1.0,template_site:index=445:site=C:neigh=1:ahead0=27.055:mode=shell,x,yz,422,221,201,20,221,4387.895822770968,57.94231721068331,500.0,0.001,55.75,0.05575,-3617.6191,-3610.205,-3617.6191,-7.4140625,-6.1794434,0.9994039208222347,0.05575,0.05575,9,421,445,5,5,1.669700667083382,52.149755089657106,4.760000000040001,10.0,446.0,0.0,-3.856846,-61.793488,52.11427524313342,0.49999999916963384,51.61427524396379,27.019153772303056,0.9070680763359712,3.6053811659192827,51.13789940822842,51.391259228006604,52.05548809024189,0.9776167120870051,0.125,26.042777937398057,26.29613775717624,26.960366619411523,0.6,19,50,0,0.0,0.3741818181818182,525,196,0.37333333333333335,0.0380952380952381,0.9095022624434389,0.45067264573991034,0.11784062415112243,0.1295660593900401,0.049605291309329634,61.48780367915167,0.42354379859282953,2.81042654028436,2.1904761904761907,2.7064676616915424,0.0
222,template_deposition,C,C,none,0,1.0,template_site:index=446:site=C:neigh=2:ahead0=27.055:mode=shell,x,yz,423,221,202,20,222,4389.393014703126,1.4971919321582257,500.0,0.001,55.75,0.05575,-3628.4082,-3617.6191,-3628.4082,-10.7890625,-10.002686,1.0,0.05575,0.05575,9,422,446,4,4,1.4715566548288748,52.149755089657106,6.17999999904,10.0,446.0,0.0,-3.8810368,-62.181065,52.11427524313342,0.49999999916963384,51.61427524396379,27.019153772303056,0.9443940236140127,3.623318385650224,51.29194179903079,51.97244623721517,52.10452321840999,1.015295174904273,0.125,26.196820328200424,26.87732476638481,27.009401747579624,0.6,19,50,0,0.0,0.37599999999999995,525,197,0.37523809523809526,0.0380952380952381,0.9099099099099099,0.452914798206278,0.11800369517207399,0.12968722934752686,0.04989870538704843,61.48780367915167,0.42604904974159674,2.813238770685579,2.272727272727273,2.712871287128713,0.0
223,template_deposition,C,C,none,0,1.0,template_site:index=442:site=C:neigh=1:ahead0=27.055:mode=shell,x,yz,424,221,203,20,223,4426.271652316474,36.87863761334787,500.0,0.001,55.75,0.05575,-3635.4749,-3628.4082,-3635.4749,-7.0666504,-6.3598633,0.9999999999999876,0.05575,0.05575,9,423,442,3,3,1.5689146483495495,52.149755089657106,9.01999999927,10.0,446.0,0.0,-3.8968813,-62.434925,52.11427524313342,0.49999999916963384,51.61427524396379,27.019153772303056,0.9723353964264984,3.6412556053811658,51.57970977565102,52.028500965700154,52.08903664769344,0.8484980652752313,0.125,26.484588304820655,26.93337949486979,26.993915176863077,0.6,19,50,0,0.0,0.37781818181818183,525,198,0.37714285714285717,0.0380952380952381,0.9103139013452914,0.4551569506726457,0.11876496997677423,0.13046595224049584,0.050446834866325056,61.48780367915167,0.43072913195955703,2.811320754716981,2.260869565217391,2.70935960591133,0.0
224,template_deposition,C,C,none,0,1.0,template_site:index=441:site=C:neigh=1:ahead0=27.055:mode=shell,x,yz,425,221,204,20,224,4432.705783816394,6.434131499919836,500.0,0.001,55.75,0.05575,-3643.9287,-3635.4749,-3643.9287,-8.453857,-7.915039,1.0,0.05575,0.05575,10,424,441,3,3,1.4668225016213823,52.149755089657106,10.440000000500001,10.0,446.0,0.0,-3.915836,-62.738613,52.1447937160191,0.49999999916963384,51.64479371684947,27.049672245188738,0.9934524828588222,3.6591928251121075,51.58615304400182,52.020987234489084,52.12343078499912,0.8527058574379299,0.125,26.491031573171455,26.92586576365872,27.02830931416876,0.6,19,50,0,0.0,0.3796363636363636,525,199,0.379047619047619,0.0380952380952381,0.9107142857142857,0.45739910313901344,0.11826353380880114,0.12985799790770322,0.05045910775842182,61.48780367915167,0.4308339213318433,2.8094117647058825,2.25,2.7058823529411766,0.0
225,template_impurity,N,C,N,0,1.0,template_site:index=443:site=C:neigh=1:ahead0=27.055:mode=shell,x,yz,426,221,205,20,225,4444.283013933691,11.577230117297352,500.0,0.001,55.75,0.05575,-3651.341,-3643.9287,-3651.341,-7.4123535,-5.689453,0.9999881582726854,0.05575,0.05575,10,425,443,2,2,1.454671982174549,52.149755089657106,1.9199999998100001,10.0,446.0,0.0,-3.9324558,-63.00489,52.1447937160191,0.49999999916963384,51.64479371684947,27.049672245188738,1.0157120152223413,3.6771300448430493,51.74792548874993,52.04973262836348,52.12437166800077,0.8062225666473124,0.125,26.652804017919564,26.954611157533115,27.029250197170406,0.6,19,50,0,0.0,0.38145454545454544,525,200,0.38095238095238093,0.0380952380952381,0.9111111111111111,0.45964125560538116,0.11845690674630917,0.130013678136193,0.05076724574841822,61.48780367915167,0.4334648893461222,2.812206572769953,2.32,2.7121951219512197,0.0
226,template_deposition,C,C,none,0,1.0,template_site:index=444:site=C:neigh=2:ahead0=27.055:mode=shell,x,yz,427,221,206,20,226,4471.1524743622,26.869460428509427,500.0,0.001,55.75,0.05575,-3662.2913,-3651.341,-3662.2913,-10.950195,-8.982178,1.0,0.05575,0.05575,9,426,444,1,1,1.103303797679742,52.149755089657106,0.5000000008100001,10.0,446.0,0.0,-3.9570076,-63.398254,52.231610839879885,0.49999999916963384,51.73161084071025,27.13648936904952,1.0348932483067919,3.695067264573991,51.760466684313556,52.04973262836348,52.17083885317734,0.8129042223274943,0.125,26.665345213483192,26.954611157533115,27.075717382346973,0.6,19,50,0,0.0,0.38327272727272726,525,201,0.38285714285714284,0.0380952380952381,0.911504424778761,0.4618834080717489,0.11798825315700527,0.12944342336642325,0.050791133739967985,61.48780367915167,0.4336688516738233,2.8149882903981265,2.3846153846153846,2.7184466019417477,0.0
227,template_deposition,C,C,none,0,1.0,template_site:index=458:site=C:neigh=1:ahead0=28.284:mode=shell,x,yz,428,221,207,20,227,4492.6576692397475,21.505194877547453,500.0,0.001,55.75,0.05575,-3670.1758,-3662.2913,-3670.1758,-7.8845215,-7.1845703,0.9999999998992255,0.05575,0.05575,8,427,458,8,8,1.4570205568566645,53.37951116324014,11.15,10.0,446.0,0.0,-3.974686,-63.68149,53.29111375897708,0.49999999916963384,52.79111375980745,28.19599228814672,0.7205614798088579,3.713004484304933,51.93280079766953,52.07937068868562,52.56935558792176,0.9632085522536976,0.125,26.837679326839165,26.984249217855258,27.4742341170914,0.6,19,50,0,0.0,0.3852727272727273,525,202,0.38476190476190475,0.0380952380952381,0.9118942731277533,0.4641255605381166,0.11822766223277165,0.12965062476733896,0.05111938919397936,61.48780367915167,0.43647158820113896,2.8130841121495327,2.176470588235294,2.714975845410628,0.0
228,template_deposition,C,C,none,0,1.0,template_site:index=459:site=C:neigh=2:ahead0=28.284:mode=shell,x,yz,429,221,208,20,228,4500.5350343013015,7.8773650615541415,500.0,0.001,55.75,0.05575,-3681.5183,-3670.1758,-3681.5183,-11.342529,-10.364746,1.0,0.05575,0.05575,9,428,459,7,7,1.375396207468786,53.37951116324014,12.569999999,10.0,446.0,0.0,-4.000118,-64.08895,53.31984308662336,0.49999999916963384,52.81984308745373,28.224721615792994,0.8025269082122548,3.7309417040358746,51.9523091275632,52.07937068868562,52.69378010975854,0.9765293140974742,0.125,26.857187656732833,26.984249217855258,27.59865863892818,0.6,19,50,0,0.0,0.38727272727272727,525,203,0.38666666666666666,0.0380952380952381,0.9122807017543859,0.4663677130044843,0.11779468270496857,0.12912109450352324,0.05115654791758635,61.48780367915167,0.4367888597367343,2.815850815850816,2.2777777777777777,2.7211538461538463,0.0
229,template_deposition,C,C,none,0,1.0,template_site:index=453:site=C:neigh=1:ahead0=28.284:mode=shell,x,yz,430,221,209,20,229,4526.528883172835,25.9938488715333,500.0,0.001,55.75,0.05575,-3688.047,-3681.5183,-3688.047,-6.5288086,-5.925537,0.7436862222532525,0.05575,0.05575,8,429,453,6,6,1.5751353398171115,53.37951116324014,6.890000000770001,10.0,446.0,0.0,-4.014756,-64.32349,53.31984308662336,0.49999999916963384,52.81984308745373,28.224721615792994,0.8617055469343297,3.7488789237668163,52.11143652095699,52.160590278334844,53.313388445015434,1.078181737790325,0.125,27.01631505012663,27.06546880750448,28.21826697418507,0.6,19,50,0,0.0,0.3892727272727272,525,204,0.38857142857142857,0.0380952380952381,0.9126637554585153,0.46860986547085204,0.11797517489138266,0.12926466531161065,0.051459647714526914,61.48780367915167,0.4393768102549238,2.813953488372093,2.263157894736842,2.7177033492822966,0.0
230,template_deposition,C,C,none,0,1.0,template_site:index=452:site=C:neigh=2:ahead0=28.284:mode=shell,x,yz,431,221,210,20,230,4532.807786406879,6.278903234044493,500.0,0.001,55.75,0.05575,-3698.2727,-3688.047,-3698.2727,-10.225586,-9.098389,1.0,0.05575,0.05575,10,430,452,5,5,1.4662114684622898,53.37951116324014,8.30999999977,10.0,446.0,0.0,-4.0376835,-64.69083,53.31984308662336,0.49999999916963384,52.81984308745373,28.224721615792994,0.8985295522036393,3.766816143497758,52.110624971078394,52.160590278334844,53.300915956369245,1.0757414344536775,0.125,27.01550350024803,27.06546880750448,28.20579448553888,0.6,19,50,0,0.0,0.39127272727272727,525,205,0.3904761904761905,0.0380952380952381,0.9130434782608695,0.47085201793721976,0.1174587108706436,0.12864525476308586,0.051458101905234345,61.48780367915167,0.439363611704479,2.816705336426914,2.35,2.723809523809524,0.0
231,template_deposition,C,C,none,0,1.0,template_site:index=455:site=C:neigh=1:ahead0=28.284:mode=shell,x,yz,432,221,211,20,231,4545.301641376803,12.493854969923516,500.0,0.001,55.75,0.05575,-3705.427,-3698.2727,-3705.427,-7.154297,-6.1123047,0.995868218473981,0.05575,0.05575,10,431,455,4,4,1.6297102128380658,53.37951116324014,4.05000000054,10.0,446.0,0.0,-4.053725,-64.94783,53.31984308662336,0.49999999916963384,52.81984308745373,28.224721615792994,0.9267775568612303,3.7847533632286994,52.28981121280257,52.36910087367117,53.30284559290632,1.1356966863205857,0.125,27.194689741972205,27.27397940284081,28.20772412207596,0.6,19,50,0,0.0,0.3932727272727273,525,206,0.3923809523809524,0.0380952380952381,0.9134199134199135,0.4730941704035874,0.11772592961892729,0.12888478550697727,0.051799409032328006,61.48780367915167,0.44227778705312515,2.814814814814815,2.3333333333333335,2.720379146919431,0.0
232,template_deposition,C,C,none,0,1.0,template_site:index=454:site=C:neigh=2:ahead0=28.284:mode=shell,x,yz,433,221,212,20,232,4569.65470157665,24.353060199847242,500.0,0.001,55.75,0.05575,-3714.769,-3705.427,-3714.769,-9.342041,-8.594238,1.0,0.05575,0.05575,10,432,454,3,3,1.449022785192355,53.37951116324014,2.62999999931,10.0,446.0,0.0,-4.074671,-65.283424,53.31984308662336,0.49999999916963384,52.81984308745373,28.224721615792994,0.9448967404385377,3.802690582959641,52.4187180545719,52.86787949846381,53.31736264526163,1.1817187343221336,0.125,27.323596583741534,27.772758027633444,28.222241174431268,0.6,19,50,0,0.0,0.39527272727272733,525,207,0.3942857142857143,0.0380952380952381,0.9137931034482759,0.47533632286995514,0.11777412320578247,0.12888488954595062,0.052044945873793394,61.48780367915167,0.4443742490188505,2.8175519630484986,2.409090909090909,2.7264150943396226,0.0
233,template_deposition,C,C,none,0,1.0,template_site:index=457:site=C:neigh=1:ahead0=28.284:mode=shell,x,yz,434,221,213,20,233,4596.269017531101,26.61431595445092,500.0,0.001,55.75,0.05575,-3721.3992,-3714.769,-3721.3992,-6.630127,-5.8762207,0.9999999986006161,0.05575,0.05575,7,433,457,2,2,1.5803071302801328,53.37951116324014,15.409999999230001,10.0,446.0,0.0,-4.0895367,-65.5216,53.32539338691455,0.49999999916963384,52.82539338774492,28.230271916084185,0.9627630892323847,3.820627802690583,52.58805030553561,53.26945810962249,53.32533147855552,1.2030375618485922,0.125,27.492928834705246,28.174336638792127,28.230210007725155,0.6,19,50,0,0.0,0.3972727272727273,525,208,0.3961904761904762,0.0380952380952381,0.9141630901287554,0.47757847533632286,0.11799540272405686,0.12907478326152697,0.05236748349467666,61.48780367915167,0.4471281650937733,2.815668202764977,2.391304347826087,2.723004694835681,0.0
234,template_vacancy,vac,C,vac,1,1.0,template_site:index=456:site=C:neigh=1:ahead0=28.284:mode=shell,x,yz,434,221,213,21,234,4611.805799989763,15.536782458661634,500.0,0.001,55.75,0.05575,-3721.3992,-3721.3992,-3721.3992,0.0,0.0,1.0,0.05575,0.05575,0,-1,456,2,2,1.4521876353316117,53.37951116324014,16.83000000046,10.0,446.0,0.0,-4.0895367,-65.5216,53.32539338691455,0.49999999916963384,52.82539338774492,28.230271916084185,0.9627630892323847,3.820627802690583,52.58805030553561,53.26945810962249,53.32533147855552,1.2030375618485922,0.125,27.492928834705246,28.174336638792127,28.230210007725155,0.6,19,50,0,0.0,0.3972727272727273,525,208,0.3961904761904762,0.04,0.9102564102564102,0.47757847533632286,0.11749114886626173,0.12907478326152697,0.05236748349467666,61.48780367915167,0.4471281650937733,2.815668202764977,2.391304347826087,2.723004694835681,0.0
235,template_deposition,C,C,none,0,1.0,template_site:index=461:site=C:neigh=1:ahead0=28.284:mode=shell,x,yz,435,221,214,21,235,4615.874320705197,4.068520715433686,500.0,0.001,55.75,0.05575,-3726.9392,-3721.3992,-3726.9392,-5.540039,-4.9975586,1.0,0.05575,0.05575,7,434,461,1,1,1.3823933022665618,53.37951116324014,21.08999999969,10.0,446.0,0.0,-4.1019583,-65.72062,53.42637454841,0.49999999916963384,52.92637454924037,28.33125307757964,0.9832756363614567,3.8385650224215246,52.750851718356486,53.28475731126718,53.35568773536318,1.2146324864409175,0.125,27.655730247526122,28.189635840436814,28.26056626453282,0.6,19,50,0,0.0,0.3992727272727273,525,209,0.3980952380952381,0.04,0.9106382978723404,0.4798206278026906,0.11768395850011117,0.12923238433423423,0.05267758142385928,61.48780367915167,0.44977586761491695,2.8137931034482757,2.375,2.7196261682242993,0.0
236,template_deposition,C,C,none,0,1.0,template_site:index=460:site=C:neigh=1:ahead0=28.284:mode=shell,x,yz,436,221,215,21,236,4644.281129488647,28.406808783450305,500.0,0.001,55.75,0.05575,-3734.7905,-3726.9392,-3734.7905,-7.8513184,-7.314453,1.0,0.05575,0.05575,6,435,460,1,1,1.3999679223915817,53.37951116324014,19.67000000069,10.0,446.0,0.0,-4.119562,-66.00266,53.422653901100425,0.49999999916963384,52.92265390193079,28.32753243027006,0.9930788149956848,3.8565022421524664,52.75038663744279,53.28475731126718,53.35457154117031,1.2143744256486095,0.125,27.655265166612423,28.189635840436814,28.259450070339945,0.6,22,50,0,0.0,0.4012727272727272,525,210,0.4,0.04,0.9110169491525424,0.4820627802690583,0.11718332697717128,0.12862914030982522,0.052676695555452235,61.48780367915167,0.44976830382363037,2.811926605504587,2.36,2.7162790697674417,0.0
237,template_deposition,C,C,none,0,1.0,template_site:index=447:site=C:neigh=1:ahead0=27.055:mode=shell,x,yz,437,221,216,21,237,4647.840689268212,3.5595597795652596,500.0,0.001,55.75,0.05575,-3742.01,-3734.7905,-3742.01,-7.2194824,-6.693115,1.0,0.05575,0.05575,11,436,447,1,1,1.4622264835878516,52.149755089657106,18.95999999896,10.0,446.0,0.0,-4.1357493,-66.26201,53.35985547614633,0.49999999916963384,52.8598554769767,28.264734005315965,0.9691048350807248,3.874439461883408,53.064133308398254,53.28475731126718,53.33573201368408,0.42636385444419944,0.125,27.96901183756789,28.189635840436814,28.240610542853716,0.6,22,50,0,0.0,0.40309090909090906,525,211,0.40190476190476193,0.04,0.9113924050632911,0.484304932735426,0.11801270817539194,0.12948616591466616,0.053274308262034074,61.48780367915167,0.4548708876237059,2.8100686498855834,2.3461538461538463,2.712962962962963,0.0
238,template_deposition,C,C,none,0,1.0,template_site:index=448:site=C:neigh=1:ahead0=27.055:mode=shell,x,yz,438,221,217,21,238,4652.752216499444,4.911527231232409,500.0,0.001,55.75,0.05575,-3752.486,-3742.01,-3752.486,-10.476074,-7.9265137,1.0,0.05575,0.05575,11,437,448,1,1,1.3902683050285645,52.149755089657106,17.539999999960003,10.0,446.0,0.0,-4.1592383,-66.63834,53.32539338691455,0.49999999916963384,52.82539338774492,28.230271916084185,0.9423053820987185,3.89237668161435,53.08273927570467,53.26945810962249,53.3061655408775,0.3466973224865795,0.125,27.987617804874304,28.174336638792127,28.211044070047137,0.6,22,50,0,0.0,0.40490909090909094,525,212,0.4038095238095238,0.04,0.9117647058823529,0.48654708520179374,0.11759503279358952,0.12897519725748527,0.05330974819976058,61.48780367915167,0.4551734836865528,2.808219178082192,2.3333333333333335,2.7096774193548385,0.0
239,template_deposition,C,C,none,0,1.0,template_site:index=471:site=C:neigh=1:ahead0=29.514:mode=shell,x,yz,439,221,218,21,239,4665.33793489522,12.585718395776043,500.0,0.001,55.75,0.05575,-3761.1853,-3752.486,-3761.1853,-8.699219,-6.8867188,0.995106447492776,0.05575,0.05575,8,438,471,9,9,1.584845298959835,54.60926723682317,14.69999999973,10.0,446.0,0.0,-4.1787434,-66.95085,54.496338665,0.49999999916963384,53.99633866583037,29.40121719416964,0.6891830528717997,3.9103139013452917,53.24158946575805,53.28475731126718,53.684853683288914,0.5852275253700131,0.125,28.146467994927683,28.189635840436814,28.58973221245855,0.6,22,50,0,0.0,0.4067272727272727,525,213,0.4057142857142857,0.04,0.9121338912133892,0.48878923766816146,0.11776764851434177,0.12911223850884257,0.05361231999033844,61.48780367915167,0.45775692593930056,2.806378132118451,2.238095238095238,2.706422018348624,0.0
240,template_impurity,N,C,N,0,1.0,template_site:index=470:site=C:neigh=2:ahead0=29.514:mode=shell,x,yz,440,221,219,21,240,4681.025815044998,15.687880149777985,500.0,0.001,55.75,0.05575,-3772.7778,-3761.1853,-3772.7778,-11.592529,-10.938965,1.0,0.05575,0.05575,9,439,470,8,8,1.4387032011898715,54.60926723682317,13.28000000073,10.0,446.0,0.0,-4.2047353,-67.36729,54.589700103066704,0.49999999916963384,54.08970010389707,29.49457863223634,0.7710985800390037,3.928251121076233,53.39169350673582,53.28475731126718,54.485421057983004,0.7267776538575326,0.125,28.296572035905456,28.189635840436814,29.39029958715264,0.6,22,50,0,0.0,0.40854545454545454,525,214,0.4076190476190476,0.04,0.9125,0.4910313901345291,0.1179023834829394,0.12920809148815277,0.053898232449343726,61.48780367915167,0.46019812617733524,2.809090909090909,2.3181818181818183,2.712328767123288,0.0
241,template_deposition,C,C,none,0,1.0,template_site:index=472:site=C:neigh=1:ahead0=29.514:mode=shell,x,yz,441,221,220,21,241,4715.4926928155255,34.46687777052781,500.0,0.001,55.75,0.05575,-3779.7144,-3772.7778,-3779.7144,-6.9365234,-6.1760254,0.425234424834309,0.05575,0.05575,9,440,472,7,7,1.553807479525228,54.60926723682317,21.79999999919,10.0,446.0,0.0,-4.2202883,-67.61647,54.589700103066704,0.49999999916963384,54.08970010389707,29.49457863223634,0.832477564779902,3.9461883408071747,53.535448881606506,53.273688185131945,54.54247982579287,0.8239046348840458,0.125,28.440327410776142,28.17856671430158,29.447358354962503,0.6,22,50,0,0.0,0.4103636363636363,525,215,0.4095238095238095,0.04,0.9128630705394191,0.49327354260089684,0.11800965730612507,0.1292742155035279,0.05417205221100217,61.48780367915167,0.4625360755960657,2.8072562358276643,2.3043478260869565,2.709090909090909,0.0
242,template_deposition,C,C,none,0,1.0,template_site:index=467:site=C:neigh=1:ahead0=29.514:mode=shell,x,yz,442,221,221,21,242,4715.9630261347975,0.4703333192721354,500.0,0.001,55.75,0.05575,-3786.3923,-3779.7144,-3786.3923,-6.6779785,-6.192383,0.9618621893130163,0.05575,0.05575,9,441,467,7,7,1.519748145846499,54.60926723682317,6.17999999904,10.0,446.0,0.0,-4.2352614,-67.85637,54.589700103066704,0.49999999916963384,54.08970010389707,29.49457863223634,0.8854857653773509,3.9641255605381165,53.69847151788716,53.858273023107586,54.577844951246405,0.881952868545384,0.125,28.603350047056793,28.763151552277222,29.48272348041604,0.6,22,50,0,0.0,0.4121818181818182,525,216,0.4114285714285714,0.04,0.9132231404958677,0.49551569506726456,0.11819566135147436,0.12942692328984975,0.05448257151820342,61.48780367915167,0.46518737596013976,2.8054298642533935,2.2916666666666665,2.7058823529411766,0.0
243,template_impurity,N,C,N,0,1.0,template_site:index=466:site=C:neigh=2:ahead0=29.514:mode=shell,x,yz,443,221,222,21,243,4766.387403138924,50.42437700412654,500.0,0.001,55.75,0.05575,-3798.5894,-3786.3923,-3798.5894,-12.1970215,-11.502441,1.0,0.05575,0.05575,10,442,466,6,6,1.38239862919581,54.60926723682317,4.760000000040001,10.0,446.0,0.0,-4.262609,-68.294525,54.589700103066704,0.49999999916963384,54.08970010389707,29.49457863223634,0.9231287824988174,3.9820627802690582,53.85856172663187,54.481486301382745,54.57795456966525,0.906550639081007,0.125,28.763440255801505,29.38636483055238,29.482833098834888,0.6,22,50,0,0.0,0.414,525,217,0.41333333333333333,0.04,0.9135802469135802,0.4977578475336323,0.11836806689630248,0.12956504619730408,0.054787505249145725,61.48780367915167,0.46779098511782047,2.8081264108352144,2.36,2.7117117117117115,0.0
244,template_deposition,C,C,none,0,1.0,template_site:index=464:site=C:neigh=1:ahead0=29.514:mode=shell,x,yz,444,221,223,21,244,4768.607480729566,2.220077590642316,500.0,0.001,55.75,0.05575,-3805.9136,-3798.5894,-3805.9136,-7.3242188,-6.729248,0.9093868453540982,0.05575,0.05575,11,443,464,5,5,1.5384386071443563,54.60926723682317,1.9199999998100001,10.0,446.0,0.0,-4.279031,-68.55763,54.589700103066704,0.49999999916963384,54.08970010389707,29.49457863223634,0.9467838623320423,4.0,54.00917697937409,54.50559816835648,54.56638449961129,0.8957542364648783,0.125,28.914055508543726,29.410476697526114,29.471263028780925,0.6,22,50,0,0.0,0.4158181818181818,525,218,0.41523809523809524,0.04,0.9139344262295082,0.5,0.11850022749403166,0.12965944174234856,0.05507439144484519,61.48780367915167,0.47024049939105983,2.8063063063063063,2.3461538461538463,2.708520179372197,0.0
245,template_deposition,C,C,none,0,1.0,template_site:index=463:site=C:neigh=1:ahead0=29.514:mode=shell,x,yz,445,221,224,21,245,4769.878450657054,1.2709699274877975,500.0,0.001,55.75,0.05575,-3813.0957,-3805.9136,-3813.0957,-7.182129,-6.628174,0.9999999999999238,0.05575,0.05575,10,444,463,3,3,1.5895861707685095,54.60926723682317,9.01999999927,10.0,446.0,0.0,-4.295134,-68.815636,54.589700103066704,0.49999999916963384,54.08970010389707,29.49457863223634,0.965965872576909,4.017937219730942,54.26086666975648,54.52247352907942,54.56638449961129,0.6880471365727007,0.125,29.165745198926118,29.427352058249056,29.471263028780925,0.6,22,50,0,0.0,0.41763636363636364,525,219,0.41714285714285715,0.04,0.9142857142857143,0.5022421524663677,0.11904385795480048,0.13020421963806303,0.05555380037890689,61.48780367915167,0.4743338264465476,2.804494382022472,2.3333333333333335,2.705357142857143,0.0
246,template_deposition,C,C,none,0,1.0,template_site:index=462:site=C:neigh=2:ahead0=29.514:mode=shell,x,yz,446,221,225,21,246,4771.0670848814925,1.1886342244391723,500.0,0.001,55.75,0.05575,-3823.0251,-3813.0957,-3823.0251,-9.929443,-8.418945,1.0,0.05575,0.05575,10,445,462,2,2,1.4779315955779575,54.60926723682317,10.440000000500001,10.0,446.0,0.0,-4.3173976,-69.17234,54.5729328301472,0.49999999916963384,54.07293283097757,29.47781135931684,0.9841081251479823,4.0358744394618835,54.26040366764291,54.52900515708491,54.561354317735436,0.6877037425153941,0.125,29.165282196812548,29.433883686254546,29.466232846905072,0.6,22,50,0,0.0,0.41945454545454547,525,220,0.41904761904761906,0.04,0.9146341463414634,0.5044843049327354,0.11855805771062011,0.129623476430278,0.05555291847011914,61.48780367915167,0.4743262964635938,2.807174887892377,2.392857142857143,2.7111111111111112,0.0
247,template_deposition,C,C,none,0,1.0,template_site:index=468:site=C:neigh=1:ahead0=29.514:mode=shell,x,yz,447,221,226,21,247,4778.4002858470785,7.333200965586052,500.0,0.001,55.75,0.05575,-3830.6052,-3823.0251,-3830.6052,-7.580078,-5.326416,1.0,0.05575,0.05575,8,446,468,1,1,1.5937289772198227,54.60926723682317,18.95999999896,10.0,446.0,0.0,-4.3343935,-69.44464,54.5729328301472,0.49999999916963384,54.07293283097757,29.47781135931684,0.9677407953200317,4.053811659192825,54.51353469676695,54.534281347286864,54.572721750387764,0.06599024791230496,0.125,29.41841322593659,29.4391598764565,29.4776002795574,0.6,22,50,0,0.0,0.41763636363636364,525,219,0.41714285714285715,0.04,0.9149797570850202,0.5067264573991032,0.11910288755439914,0.1301699700262681,0.05603507281130779,61.48780367915167,0.4784430645700772,2.809843400447427,2.4285714285714284,2.7168141592920354,0.0
248,template_deposition,C,C,none,0,1.0,template_site:index=469:site=C:neigh=1:ahead0=29.514:mode=shell,x,yz,448,221,227,21,248,4798.194580039538,19.794294192459482,500.0,0.001,55.75,0.05575,-3839.1045,-3830.6052,-3839.1045,-8.499268,-7.8254395,1.0,0.05575,0.05575,9,447,469,1,1,1.4003523113720462,54.60926723682317,17.539999999960003,10.0,446.0,0.0,-4.35345,-69.749954,54.62290077463797,0.49999999916963384,54.12290077546834,29.527779303807606,0.9785628556353188,4.071748878923767,54.515181543170826,54.534281347286864,54.587923213494435,0.07910585614028404,0.125,29.420060072340462,29.4391598764565,29.49280174266407,0.6,23,50,0,0.0,0.41945454545454547,525,220,0.41904761904761906,0.04,0.9153225806451613,0.5089686098654709,0.1186292744852438,0.12960378886493595,0.05603820966160088,61.48780367915167,0.47846984787189206,2.8080357142857144,2.413793103448276,2.7136563876651985,0.0
249,template_impurity,N,C,N,0,1.0,template_site:index=477:site=C:neigh=1:ahead0=30.744:mode=shell,x,yz,449,221,228,21,249,4821.040449860799,22.845869821260425,500.0,0.001,55.75,0.05575,-3848.3936,-3839.1045,-3848.3936,-9.2890625,-8.461914,0.19166427027161534,0.05575,0.05575,8,448,477,10,10,1.4023610163287346,55.839023310406205,16.83000000046,10.0,446.0,0.0,-4.3742776,-70.08366,55.81290711918665,0.49999999916963384,55.312907120017016,30.717785648356283,0.7025346777526783,4.089686098654709,54.659571561135756,54.534281347286864,54.944397159615775,0.44221817903583693,0.125,29.564450090305392,29.4391598764565,29.84927568878541,0.6,23,50,0,0.0,0.42145454545454547,525,221,0.42095238095238097,0.04,0.9156626506024096,0.5112107623318386,0.11873273128636704,0.12966864074695347,0.056313238267248364,61.48780367915167,0.480818118737418,2.8062360801781736,2.25,2.710526315789474,0.0
250,template_deposition,C,C,none,0,1.0,template_site:index=478:site=C:neigh=2:ahead0=30.744:mode=shell,x,yz,450,221,229,21,250,4858.526172704545,37.485722843747105,500.0,0.001,55.75,0.05575,-3858.138,-3848.3936,-3858.138,-9.744385,-8.4453125,0.9999999999980105,0.05575,0.05575,9,449,478,9,9,1.3802222389831464,55.839023310406205,15.409999999230001,10.0,446.0,0.0,-4.396126,-70.4337,55.75112309698906,0.49999999916963384,55.25112309781943,30.656001626158698,0.7766303638276253,4.1076233183856505,54.70365793606142,54.534281347286864,55.11237217750009,0.4139239870262038,0.125,29.608536465231055,29.4391598764565,30.017250706669728,0.6,23,50,0,0.0,0.4234545454545454,525,222,0.4228571428571429,0.04,0.916,0.5134529147982063,0.11843414586092421,0.12929491906214435,0.05639721231472582,61.48780367915167,0.4815351125522517,2.8088888888888888,2.3333333333333335,2.7161572052401746,0.0
251,template_deposition,C,C,none,0,1.0,template_site:index=475:site=C:neigh=1:ahead0=30.744:mode=shell,x,yz,451,221,230,21,251,4877.020497974739,18.49432527019362,500.0,0.001,55.75,0.05575,-3866.6384,-3858.138,-3866.6384,-8.500488,-7.282959,0.9999999999948215,0.05575,0.05575,9,450,475,8,8,1.500134193828655,55.839023310406205,2.62999999931,10.0,446.0,0.0,-4.4151855,-70.739075,55.78848521411671,0.49999999916963384,55.28848521494708,30.693363743286348,0.8338068436433353,4.125560538116592,54.84029916909293,54.53957917550736,55.76233173212736,0.5579496584873462,0.125,29.745177698262566,29.444457704677,30.667210261296994,0.6,23,50,0,0.0,0.4254545454545455,525,223,0.4247619047619048,0.04,0.9163346613545816,0.515695067264574,0.11850668405682298,0.12932685955766332,0.056657481330023934,61.48780367915167,0.4837573619229483,2.8070953436807096,2.3181818181818183,2.7130434782608694,0.0
252,template_deposition,C,C,none,0,1.0,template_site:index=476:site=C:neigh=2:ahead0=30.744:mode=shell,x,yz,452,221,231,21,252,4892.057091808616,15.036593833877518,500.0,0.001,55.75,0.05575,-3874.8674,-3866.6384,-3874.8674,-8.229004,-7.5178223,0.9999999999999891,0.05575,0.05575,9,451,476,6,6,1.481161705320318,55.839023310406205,4.05000000054,10.0,446.0,0.0,-4.4336357,-71.034676,55.79492331632161,0.49999999916963384,55.29492331715198,30.699801845491244,0.8733640858942019,4.143497757847534,54.99000677858359,54.6863699003769,55.76426316278882,0.6144033156140207,0.125,29.894885307753228,29.59124842954654,30.66914169195846,0.6,23,50,0,0.0,0.4274545454545455,525,224,0.4266666666666667,0.04,0.9166666666666666,0.5179372197309418,0.11863049725298899,0.12941508791235162,0.05694263868143472,61.48780367915167,0.48619211484194746,2.809734513274336,2.391304347826087,2.7186147186147185,0.0
253,template_vacancy,vac,C,vac,1,1.0,template_site:index=474:site=C:neigh=1:ahead0=30.744:mode=shell,x,yz,452,221,231,22,253,4909.760102833599,17.7030110249837,500.0,0.001,55.75,0.05575,-3874.8674,-3874.8674,-3874.8674,0.0,0.0,0.9999999332060538,0.05575,0.05575,0,-1,474,5,5,1.5568572602981026,55.839023310406205,6.890000000770001,10.0,446.0,0.0,-4.4336357,-71.034676,55.79492331632161,0.49999999916963384,55.29492331715198,30.699801845491244,0.8733640858942019,4.143497757847534,54.99000677858359,54.6863699003769,55.76426316278882,0.6144033156140207,0.125,29.894885307753228,29.59124842954654,30.66914169195846,0.6,23,50,0,0.0,0.4274545454545455,525,224,0.4266666666666667,0.0419047619047619,0.9130434782608695,0.5179372197309418,0.11816160200692975,0.12941508791235162,0.05694263868143472,61.48780367915167,0.48619211484194746,2.809734513274336,2.391304347826087,2.7186147186147185,0.0
254,template_deposition,C,C,none,0,1.0,template_site:index=473:site=C:neigh=1:ahead0=30.744:mode=shell,x,yz,453,221,232,22,254,4927.875223139493,18.115120305893175,500.0,0.001,55.75,0.05575,-3881.4685,-3874.8674,-3881.4685,-6.601074,-6.158203,0.9988154294960397,0.05575,0.05575,9,452,473,4,4,1.5049792007454044,55.839023310406205,8.30999999977,10.0,446.0,0.0,-4.4484367,-71.27181,55.81153960321192,0.49999999916963384,55.31153960404229,30.716418132381555,0.9108029766450954,4.161434977578475,55.15727192849117,55.283508114046924,55.7999082023887,0.6334893266901201,0.125,30.062150457660806,30.18838664321656,30.704786731558336,0.6,23,50,0,0.0,0.4294545454545455,525,225,0.42857142857142855,0.0419047619047619,0.9133858267716536,0.5201793721973094,0.11835492306165672,0.12957823473129657,0.057261238966972966,61.48780367915167,0.48891241285064496,2.80794701986755,2.375,2.7155172413793105,0.0
255,template_deposition,C,C,none,0,1.0,template_site:index=479:site=C:neigh=1:ahead0=30.744:mode=shell,x,yz,454,221,233,22,255,4943.832969270624,15.95774613113141,500.0,0.001,55.75,0.05575,-3889.1702,-3881.4685,-3889.1702,-7.70166,-6.710205,0.9999999999999869,0.05575,0.05575,10,453,479,3,3,1.5893932893532345,55.839023310406205,11.15,10.0,446.0,0.0,-4.465705,-71.548485,55.79492331632161,0.49999999916963384,55.29492331715198,30.699801845491244,0.9364037491450956,4.179372197309417,55.30248838937943,55.739758770824764,55.78706649690389,0.617822995302924,0.125,30.207366918549063,30.6446372999944,30.691945026073526,0.6,23,50,0,0.0,0.4314545454545455,525,226,0.43047619047619046,0.0419047619047619,0.9137254901960784,0.5224215246636771,0.1184602624256826,0.12964535158175564,0.05753784174961726,61.48780367915167,0.4912741244779785,2.806167400881057,2.36,2.7124463519313307,0.0
256,template_deposition,C,C,none,0,1.0,template_site:index=480:site=C:neigh=2:ahead0=30.744:mode=shell,x,yz,455,221,234,22,256,5001.28174306191,57.44877379128564,500.0,0.001,55.75,0.05575,-3899.0005,-3889.1702,-3899.0005,-9.830322,-9.169189,1.0,0.05575,0.05575,11,454,480,2,2,1.4457676517803537,55.839023310406205,12.569999999,10.0,446.0,0.0,-4.487746,-71.90162,55.79492331632161,0.49999999916963384,55.29492331715198,30.699801845491244,0.9509360496962843,4.197309417040358,55.31419729623973,55.73311236371133,55.78706649690389,0.6000731712680488,0.125,30.21907582540937,30.637990892880964,30.691945026073526,0.6,23,50,0,0.0,0.4334545454545454,525,227,0.43238095238095237,0.0419047619047619,0.9140625,0.5246636771300448,0.11804326494300535,0.1291413496812366,0.05756014442935118,61.48780367915167,0.49146455097168457,2.8087912087912086,2.423076923076923,2.717948717948718,0.0
257,template_vacancy,vac,C,vac,1,1.0,template_site:index=481:site=C:neigh=1:ahead0=30.744:mode=shell,x,yz,455,221,234,23,257,5002.7758815400575,1.4941384781478249,500.0,0.001,55.75,0.05575,-3899.0005,-3899.0005,-3899.0005,0.0,0.0,1.0,0.05575,0.05575,0,-1,481,1,1,1.6548465169620927,55.839023310406205,19.67000000069,10.0,446.0,0.0,-4.487746,-71.90162,55.79492331632161,0.49999999916963384,55.29492331715198,30.699801845491244,0.9509360496962843,4.197309417040358,55.31419729623973,55.73311236371133,55.78706649690389,0.6000731712680488,0.125,30.21907582540937,30.637990892880964,30.691945026073526,0.6,23,50,0,0.0,0.4334545454545454,525,227,0.43238095238095237,0.04380952380952381,0.9105058365758755,0.5246636771300448,0.11758395262805202,0.1291413496812366,0.05756014442935118,61.48780367915167,0.49146455097168457,2.8087912087912086,2.423076923076923,2.717948717948718,0.0
258,template_deposition,C,C,none,0,1.0,template_site:index=484:site=C:neigh=1:ahead0=31.974:mode=shell,x,yz,456,221,235,23,258,5004.694642706986,1.9187611669284035,500.0,0.001,55.75,0.05575,-3907.1318,-3899.0005,-3907.1318,-8.131348,-7.4765625,0.9999999954891388,0.05575,0.05575,8,455,484,7,7,1.4937612945272194,57.06877938398924,9.01999999927,10.0,446.0,0.0,-4.5059776,-72.193726,56.99664646527364,0.49999999916963384,56.49664646610401,31.901524994443278,0.7341337864949656,4.2152466367713,55.62029315681923,55.759572424617375,56.197245393197974,0.7561819757609969,0.125,30.525171685988866,30.66445095378701,31.10212392236761,0.6,23,50,0,0.0,0.4352727272727273,525,228,0.4342857142857143,0.04380952380952381,0.9108527131782945,0.5269058295964125,0.11831461893794135,0.1298943475999526,0.05814318416378832,61.48780367915167,0.4964427066751592,2.807017543859649,2.1666666666666665,2.7148936170212767,0.0
259,template_deposition,C,C,none,0,1.0,template_site:index=483:site=C:neigh=2:ahead0=31.974:mode=shell,x,yz,457,221,236,23,259,5005.4700966320215,0.7754539250354139,500.0,0.001,55.75,0.05575,-3916.9854,-3907.1318,-3916.9854,-9.853516,-9.198486,1.0,0.05575,0.05575,9,456,483,6,6,1.4763823652227843,57.06877938398924,10.440000000500001,10.0,446.0,0.0,-4.528071,-72.5477,57.03098842798539,0.49999999916963384,56.53098842881576,31.935866957155028,0.8269713409641262,4.233183856502242,55.617056250076644,55.749358564017626,56.20364798655889,0.762928085184378,0.125,30.52193477924628,30.654237093187263,31.108526515728528,0.6,23,50,0,0.0,0.4370909090909091,525,229,0.4361904761904762,0.04380952380952381,0.9111969111969112,0.5291479820627802,0.11784530802797792,0.12933023211545033,0.05813701862713577,61.48780367915167,0.4963900636053323,2.8096280087527354,2.263157894736842,2.7203389830508473,0.0
260,template_deposition,C,C,none,0,1.0,template_site:index=491:site=C:neigh=1:ahead0=31.974:mode=shell,x,yz,458,221,237,23,260,5011.446555680881,5.976459048859542,500.0,0.001,55.75,0.05575,-3924.5078,-3916.9854,-3924.5078,-7.522461,-6.8703613,0.9872999061556677,0.05575,0.05575,10,457,491,5,5,1.5564051158238004,57.06877938398924,13.28000000073,10.0,446.0,0.0,-4.544937,-72.817924,57.003262207485996,0.49999999916963384,56.503262208316364,31.908140736655632,0.8895648097537462,4.251121076233184,55.77657591689146,55.796579955740455,56.98006687240709,0.881011757991148,0.125,30.681454446061096,30.70145848491009,31.88494540157673,0.6,23,50,0,0.0,0.4389090909090909,525,230,0.4380952380952381,0.04380952380952381,0.9115384615384615,0.531390134529148,0.11800559402331191,0.12945761369646033,0.05844086561154495,61.48780367915167,0.49898439381831566,2.8078602620087336,2.25,2.717299578059072,0.0
261,template_deposition,C,C,none,0,1.0,template_site:index=492:site=C:neigh=2:ahead0=31.974:mode=shell,x,yz,459,221,238,23,261,5111.540757288164,100.09420160728341,500.0,0.001,55.75,0.05575,-3935.7197,-3924.5078,-3935.7197,-11.211914,-10.741699,1.0,0.05575,0.05575,10,458,492,4,4,1.3976360501595206,57.06877938398924,14.69999999973,10.0,446.0,0.0,-4.570076,-73.22069,57.03301851578785,0.49999999916963384,56.53301851661822,31.937897044957488,0.9352839273784813,4.2690582959641254,55.93403873085475,55.821998413991714,57.01218909997655,0.9613045111411328,0.125,30.838917260024388,30.72687694316135,31.91706762914619,0.6,23,50,0,0.0,0.4407272727272728,525,231,0.44,0.04380952380952381,0.9118773946360154,0.5336322869955157,0.11815677111120455,0.12957528260514448,0.058740794780998834,61.48780367915167,0.5015452726356002,2.810457516339869,2.3333333333333335,2.722689075630252,0.0
262,template_deposition,C,C,none,0,1.0,template_site:index=487:site=C:neigh=1:ahead0=31.974:mode=shell,x,yz,460,221,239,23,262,5119.715426404228,8.174669116064125,500.0,0.001,55.75,0.05575,-3942.657,-3935.7197,-3942.657,-6.937256,-6.501709,0.9999999999836249,0.05575,0.05575,8,459,487,3,3,1.5130122898401155,57.06877938398924,4.760000000040001,10.0,446.0,0.0,-4.5856304,-73.4699,57.03301851578785,0.49999999916963384,56.53301851661822,31.937897044957488,0.9729925493908121,4.286995515695067,56.081276567876785,56.38790832123903,57.0232402969707,1.0244631608972417,0.125,30.98615509704642,31.292786850408667,31.928118826140334,0.6,23,50,0,0.0,0.4425454545454546,525,232,0.4419047619047619,0.04380952380952381,0.9122137404580153,0.5358744394618834,0.1182677675459787,0.12964918450647037,0.05902124780389795,61.48780367915167,0.5039398586870119,2.8086956521739133,2.3181818181818183,2.719665271966527,0.0
263,template_deposition,C,C,none,0,1.0,template_site:index=488:site=C:neigh=1:ahead0=31.974:mode=shell,x,yz,461,221,240,23,263,5145.778311864078,26.062885459850325,500.0,0.001,55.75,0.05575,-3951.3765,-3942.657,-3951.3765,-8.719482,-8.21875,1.0,0.05575,0.05575,10,460,488,3,3,1.4396609424798374,57.06877938398924,6.17999999904,10.0,446.0,0.0,-4.6051807,-73.783134,57.062180949789486,0.49999999916963384,56.562180950619855,31.967059478959122,0.9979337652781118,4.304932735426009,56.224668605004815,56.95116514876589,57.04176724598834,1.0643384069549406,0.125,31.12954713417445,31.856043677935524,31.946645775157975,0.6,23,50,0,0.0,0.44436363636363635,525,233,0.4438095238095238,0.04380952380952381,0.9125475285171103,0.5381165919282511,0.11836329708811578,0.12970644639239354,0.059294375493665626,61.48780367915167,0.5062718990031088,2.806941431670282,2.3043478260869565,2.716666666666667,0.0
264,template_deposition,C,C,none,0,1.0,template_site:index=485:site=C:neigh=1:ahead0=31.974:mode=shell,x,yz,462,221,241,23,264,5146.624685738104,0.8463738740258485,500.0,0.001,55.75,0.05575,-3958.3125,-3951.3765,-3958.3125,-6.936035,-5.548828,0.9999999999999973,0.05575,0.05575,8,461,485,2,2,1.5736565239423541,57.06877938398924,1.9199999998100001,10.0,446.0,0.0,-4.6207323,-74.032295,57.062180949789486,0.49999999916963384,56.562180950619855,31.967059478959122,1.0267919624169322,4.322869955156951,56.37543315618299,56.96854471886061,57.04509192865982,1.0978066957774735,0.125,31.28031168535263,31.87342324803025,31.94997045782946,0.6,22,50,0,0.0,0.44436363636363635,525,233,0.4438095238095238,0.04380952380952381,0.9128787878787878,0.5403587443946188,0.11848602911118421,0.12979382442055032,0.05958154606733834,61.48780367915167,0.5087238413747192,2.8095238095238093,2.3333333333333335,2.7219917012448134,0.0
265,template_deposition,C,C,none,0,1.0,template_site:index=486:site=C:neigh=1:ahead0=31.974:mode=shell,x,yz,463,221,242,23,265,5161.765745314176,15.141059576071296,500.0,0.001,55.75,0.05575,-3966.9937,-3958.3125,-3966.9937,-8.681152,-7.567627,1.0,0.05575,0.05575,6,462,486,2,2,1.4456608711500407,57.06877938398924,0.5000000008100001,10.0,446.0,0.0,-4.640197,-74.34415,57.127911920499315,0.49999999916963384,56.627911921329684,32.03279044966895,1.0145725368883916,4.3408071748878925,56.37425271856792,56.96854471886061,57.08190024100244,1.1307897934888778,0.125,31.279131247737553,31.87342324803025,31.986778770172073,0.6,22,50,0,0.0,0.44618181818181823,525,234,0.44571428571428573,0.04380952380952381,0.9132075471698113,0.5426008968609866,0.11803445753863227,0.12925260846172543,0.059579297614738194,61.48780367915167,0.5087046434599386,2.8077753779697625,2.3333333333333335,2.71900826446281,0.0
266,template_deposition,C,C,none,0,1.0,template_site:index=493:site=C:neigh=1:ahead0=31.974:mode=shell,x,yz,464,221,243,23,266,5192.233929167253,30.46818385307797,500.0,0.001,55.75,0.05575,-3975.4395,-3966.9937,-3975.4395,-8.445801,-5.13501,0.9999999999642084,0.05575,0.05575,7,463,493,2,2,1.0359966516612693,57.06877938398924,21.79999999919,10.0,446.0,0.0,-4.659134,-74.64756,57.15172900425524,0.49999999916963384,56.651729005085606,32.056607533424874,1.0298633519034632,4.358744394618834,56.760183351184125,57.018140361636924,57.099498504958056,0.7066829765288054,0.125,31.66506188035376,31.92301889080656,32.00437703412769,0.6,22,50,0,0.0,0.44800000000000006,525,235,0.44761904761904764,0.04380952380952381,0.9135338345864662,0.5448430493273543,0.11904158601636752,0.1303088966269702,0.060314403581626215,61.48780367915167,0.5149811830258991,2.8060344827586206,2.32,2.7160493827160495,0.0
267,template_deposition,C,C,none,0,1.0,template_site:index=482:site=C:neigh=1:ahead0=30.744:mode=shell,x,yz,465,221,244,23,267,5195.733418083626,3.4994889163722402,500.0,0.001,55.75,0.05575,-3983.6108,-3975.4395,-3983.6108,-8.171387,-7.3708496,1.0,0.05575,0.05575,13,464,482,1,1,1.3514510211016224,55.839023310406205,21.08999999969,10.0,446.0,0.0,-4.6774554,-74.9411,57.1780318338872,0.49999999916963384,56.678031834717565,32.08291036305683,1.009696695471545,4.376681614349776,56.76413211517918,57.01490206456956,57.0969362150188,0.6875825673548397,0.125,31.669010644348816,31.919780593739198,32.00181474418844,0.6,22,50,0,0.0,0.45,525,236,0.44952380952380955,0.04380952380952381,0.9138576779026217,0.547085201793722,0.11861052675786074,0.12979102723093777,0.060321925036854886,61.48780367915167,0.5150454033063252,2.8086021505376344,2.3461538461538463,2.721311475409836,0.0
268,template_deposition,C,C,none,0,1.0,template_site:index=490:site=C:neigh=1:ahead0=31.974:mode=shell,x,yz,466,221,245,23,268,5215.739735383556,20.006317299930124,500.0,0.001,55.75,0.05575,-3988.3167,-3983.6108,-3988.3167,-4.7058105,-3.8569336,1.0,0.05575,0.05575,8,465,490,1,1,1.5655161100845758,57.06877938398924,17.539999999960003,10.0,446.0,0.0,-4.6880064,-75.110146,57.1780318338872,0.49999999916963384,56.678031834717565,32.08291036305683,1.016553465708349,4.394618834080718,57.02255882645292,57.021905438414166,57.0969362150188,0.0747616260415454,0.125,31.92743735562256,31.926783967583802,32.00181474418844,0.6,25,50,0,0.0,0.4518181818181819,525,237,0.4514285714285714,0.04380952380952381,0.914179104477612,0.5493273542600897,0.11913222893889014,0.13031607083927574,0.06081416639166202,61.48780367915167,0.5192482971456016,2.8068669527896994,2.3333333333333335,2.7183673469387757,0.0
269,template_deposition,C,C,none,0,1.0,template_site:index=489:site=C:neigh=1:ahead0=31.974:mode=shell,x,yz,467,221,246,23,269,5220.144805513362,4.405070129806423,500.0,0.001,55.75,0.05575,-3996.332,-3988.3167,-3996.332,-8.015381,-7.0737305,1.0,0.05575,0.05575,10,466,489,1,1,1.4632423625622946,57.06877938398924,18.95999999896,10.0,446.0,0.0,-4.705978,-75.39808,57.17899774448279,0.49999999916963384,56.67899774531316,32.08387627365243,1.0235903824051729,4.4125560538116595,57.02521190152494,57.0102655813306,57.122122404901226,0.08025818160786624,0.125,31.930090430694577,31.915144110500236,32.02700093407086,0.6,25,50,0,0.0,0.45363636363636367,525,238,0.4533333333333333,0.04380952380952381,0.9144981412639405,0.5515695067264574,0.1186992209319501,0.12979711557192916,0.06081921986798967,61.48780367915167,0.5192914451345241,2.805139186295503,2.3214285714285716,2.7154471544715446,0.0
270,template_vacancy,vac,C,vac,1,1.0,template_site:index=495:site=C:neigh=1:ahead0=33.203:mode=shell,x,yz,467,221,246,24,270,5225.236139943869,5.091334430506669,500.0,0.001,55.75,0.05575,-3996.332,-3996.332,-3996.332,0.0,0.0,0.6127652299836718,0.05575,0.05575,0,-1,495,10,10,1.4447672615946547,58.29853545757227,6.890000000770001,10.0,446.0,0.0,-4.705978,-75.39808,57.17899774448279,0.49999999916963384,56.67899774531316,32.08387627365243,1.0235903824051729,4.4125560538116595,57.02521190152494,57.0102655813306,57.122122404901226,0.08025818160786624,0.125,31.930090430694577,31.915144110500236,32.02700093407086,0.6,25,50,0,0.0,0.45363636363636367,525,238,0.4533333333333333,0.045714285714285714,0.9111111111111111,0.5515695067264574,0.1182595941877577,0.12979711557192916,0.06081921986798967,61.48780367915167,0.5192914451345241,2.805139186295503,2.3214285714285716,2.7154471544715446,0.0
271,template_deposition,C,C,none,0,1.0,template_site:index=502:site=C:neigh=1:ahead0=33.203:mode=shell,x,yz,468,221,247,24,271,5285.961002031779,60.724862087910374,500.0,0.001,55.75,0.05575,-4003.9463,-3996.332,-4003.9463,-7.614258,-7.1367188,0.9999829821170179,0.05575,0.05575,8,467,502,9,9,1.41835288230291,58.29853545757227,19.67000000069,10.0,446.0,0.0,-4.7230506,-75.671616,58.27274394778705,0.49999999916963384,57.77274394861742,33.177622476956685,0.6791595247004503,4.430493273542601,57.19708253390805,57.039724952482345,57.51547585641851,0.4170482954520646,0.125,32.10196106307769,31.94460348165198,32.42035438558815,0.6,25,50,0,0.0,0.4556363636363636,525,239,0.4552380952380952,0.045714285714285714,0.9114391143911439,0.5538116591928252,0.11845742089696563,0.12996745369667081,0.061146592501100355,61.48780367915167,0.5220866438910116,2.8034188034188032,2.15,2.7125506072874495,0.0
272,template_deposition,C,C,none,0,1.0,template_site:index=503:site=C:neigh=2:ahead0=33.203:mode=shell,x,yz,469,221,248,24,272,5286.318701595449,0.3576995636705334,500.0,0.001,55.75,0.05575,-4013.1096,-4003.9463,-4013.1096,-9.16333,-8.567139,1.0,0.05575,0.05575,8,468,503,8,8,1.4021320920916243,58.29853545757227,21.08999999969,10.0,446.0,0.0,-4.743596,-76.000786,58.2909497962859,0.49999999916963384,57.79094979711627,33.19582832545554,0.7585369947085697,4.448430493273543,57.20463708635902,57.039724952482345,57.54219224250565,0.42288644322704333,0.125,32.10951561552866,31.94460348165198,32.447070771675286,0.6,25,50,0,0.0,0.4576363636363637,525,240,0.45714285714285713,0.045714285714285714,0.9117647058823529,0.5560538116591929,0.118049689762973,0.129473853288422,0.06116098212481649,61.48780367915167,0.5222095065076435,2.8059701492537314,2.238095238095238,2.717741935483871,0.0
273,template_deposition,C,C,none,0,1.0,template_site:index=500:site=C:neigh=1:ahead0=33.203:mode=shell,x,yz,470,221,249,24,273,5310.147144012384,23.828442416934664,500.0,0.001,55.75,0.05575,-4020.232,-4013.1096,-4020.232,-7.1223145,-6.6621094,0.9999936125814657,0.05575,0.05575,9,469,500,7,7,1.5125159784468376,58.29853545757227,11.15,10.0,446.0,0.0,-4.7595654,-76.256645,58.2909497962859,0.49999999916963384,57.79094979711627,33.19582832545554,0.8135776890157667,4.466367713004484,57.379573619423454,57.13451343535207,58.27009793502886,0.5250752748524066,0.125,32.28445214859309,32.039391964521705,33.174976464198494,0.6,25,50,0,0.0,0.4596363636363637,525,241,0.45904761904761904,0.045714285714285714,0.9120879120879121,0.5582959641255605,0.11825806647836297,0.12965643433169916,0.061494194568748745,61.48780367915167,0.5250545671960568,2.804255319148936,2.227272727272727,2.714859437751004,0.0
274,template_vacancy,vac,C,vac,1,1.0,template_site:index=501:site=C:neigh=2:ahead0=33.203:mode=shell,x,yz,470,221,249,25,274,5322.635059758629,12.487915746244655,500.0,0.001,55.75,0.05575,-4020.232,-4020.232,-4020.232,0.0,0.0,1.0,0.05575,0.05575,0,-1,501,6,6,1.3988096232435194,58.29853545757227,12.569999999,10.0,446.0,0.0,-4.7595654,-76.256645,58.2909497962859,0.49999999916963384,57.79094979711627,33.19582832545554,0.8135776890157667,4.466367713004484,57.379573619423454,57.13451343535207,58.27009793502886,0.5250752748524066,0.125,32.28445214859309,32.039391964521705,33.174976464198494,0.6,25,50,0,0.0,0.4596363636363637,525,241,0.45904761904761904,0.047619047619047616,0.9087591240875912,0.5582959641255605,0.11782646769559522,0.12965643433169916,0.061494194568748745,61.48780367915167,0.5250545671960568,2.804255319148936,2.227272727272727,2.714859437751004,0.0
275,template_deposition,C,C,none,0,1.0,template_site:index=494:site=C:neigh=1:ahead0=33.203:mode=shell,x,yz,471,221,250,25,275,5348.672649560725,26.037589802096747,500.0,0.001,55.75,0.05575,-4027.088,-4020.232,-4027.088,-6.855957,-6.2526855,0.9009735346545926,0.05575,0.05575,9,470,494,5,5,1.5450359171908519,58.29853545757227,8.30999999977,10.0,446.0,0.0,-4.774937,-76.50293,58.2909497962859,0.49999999916963384,57.79094979711627,33.19582832545554,0.8510564394524909,4.484304932735426,57.51825784507759,57.20455690701624,58.2575600546464,0.5787030217221455,0.125,32.42313637424723,32.109435436185876,33.162438583816034,0.6,25,50,0,0.0,0.46163636363636373,525,242,0.46095238095238095,0.047619047619047616,0.9090909090909091,0.5605381165919282,0.11790231408817174,0.12969254549698891,0.06175835499856615,61.48780367915167,0.5273100425481739,2.8025477707006368,2.217391304347826,2.712,0.0
276,template_deposition,C,C,none,0,1.0,template_site:index=498:site=C:neigh=1:ahead0=33.203:mode=shell,x,yz,472,221,251,25,276,5355.746443742367,7.073794181641084,500.0,0.001,55.75,0.05575,-4034.0098,-4027.088,-4034.0098,-6.921875,-6.154297,0.974220988964408,0.05575,0.05575,9,471,498,4,4,1.512438985277802,58.29853545757227,16.83000000046,10.0,446.0,0.0,-4.7904572,-76.75159,58.320882133943556,0.49999999916963384,57.820882134773925,33.22576066311319,0.8846796138326665,4.502242152466367,57.654722193965,57.708596654967884,58.28120472649512,0.6151032322199576,0.125,32.559600723134636,32.61347518413752,33.186083255664755,0.6,25,50,0,0.0,0.4636363636363637,525,243,0.46285714285714286,0.047619047619047616,0.9094202898550725,0.5627802690582959,0.11796956783744433,0.1297195247933651,0.06201828709168502,61.48780367915167,0.5295294151834283,2.8008474576271185,2.2083333333333335,2.7091633466135456,0.0
277,template_deposition,C,C,none,0,1.0,template_site:index=499:site=C:neigh=2:ahead0=33.203:mode=shell,x,yz,473,221,252,25,277,5363.079770011057,7.333326268690396,500.0,0.001,55.75,0.05575,-4045.1135,-4034.0098,-4045.1135,-11.10376,-10.542725,1.0,0.05575,0.05575,10,472,499,3,3,1.3856595426746938,58.29853545757227,15.409999999230001,10.0,446.0,0.0,-4.8153534,-77.15047,58.320882133943556,0.49999999916963384,57.820882134773925,33.22576066311319,0.9061134114953205,4.520179372197309,57.80441472930214,58.2310139604146,58.27787728602697,0.5901222884866405,0.125,32.709293258471774,33.135892489584236,33.18275581519661,0.6,25,50,0,0.0,0.4656363636363636,525,244,0.46476190476190476,0.047619047619047616,0.9097472924187726,0.5650224215246636,0.11808409118581868,0.1297987827717134,0.062303415730422425,61.48780367915167,0.5319639229456221,2.8033826638477803,2.28,2.7142857142857144,0.0
278,template_impurity,N,C,N,0,1.0,template_site:index=496:site=C:neigh=1:ahead0=33.203:mode=shell,x,yz,474,221,253,25,278,5385.051371506481,21.971601495423513,500.0,0.001,55.75,0.05575,-4051.9858,-4045.1135,-4051.9858,-6.8723145,-5.8723145,0.9999585766441054,0.05575,0.05575,10,473,496,2,2,1.5105789736875401,58.29853545757227,2.62999999931,10.0,446.0,0.0,-4.8307624,-77.39735,58.320882133943556,0.49999999916963384,57.820882134773925,33.22576066311319,0.9262960597337928,4.538116591928251,57.93194707959593,58.23359012862104,58.27787728602697,0.5601442954088752,0.125,32.836825608765565,33.138468657790675,33.18275581519661,0.6,25,50,0,0.0,0.46763636363636363,525,245,0.4666666666666667,0.047619047619047616,0.9100719424460432,0.5672645739910314,0.11811807772937254,0.12978982454057536,0.0625463344928868,61.48780367915167,0.5340380310233681,2.80168776371308,2.269230769230769,2.7114624505928853,0.0
279,template_deposition,C,C,none,0,1.0,template_site:index=497:site=C:neigh=2:ahead0=33.203:mode=shell,x,yz,475,221,254,25,279,5390.499265552604,5.447894046123158,500.0,0.001,55.75,0.05575,-4062.3777,-4051.9858,-4062.3777,-10.391846,-8.870605,1.0,0.05575,0.05575,9,474,497,1,1,1.4480215572109936,58.29853545757227,4.05000000054,10.0,446.0,0.0,-4.8540626,-77.77066,58.320882133943556,0.49999999916963384,57.820882134773925,33.22576066311319,0.9383848583971744,4.556053811659193,58.10564650100389,58.23795122113492,58.29320945216486,0.38956142023679935,0.125,33.010525030173525,33.14282975030456,33.198087981334496,0.6,25,50,0,0.0,0.4696363636363637,525,246,0.4685714285714286,0.047619047619047616,0.910394265232975,0.5695067264573991,0.11831729401495887,0.1299626969691871,0.06287719053366386,61.48780367915167,0.5368629720850839,2.8042105263157895,2.3333333333333335,2.716535433070866,0.0
280,template_impurity,N,C,N,0,1.0,template_site:index=505:site=C:neigh=1:ahead0=34.433:mode=shell,x,yz,476,221,255,25,280,5415.703015602096,25.203750049491976,500.0,0.001,55.75,0.05575,-4073.2214,-4062.3777,-4073.2214,-10.84375,-8.745605,0.9971537993308359,0.05575,0.05575,7,475,505,8,8,1.4800205061828258,59.528291531155304,9.01999999927,10.0,446.0,0.0,-4.878376,-78.1602,59.42163583571476,0.49999999916963384,58.92163583654513,34.326514364884396,0.7086832018673046,4.573991031390134,58.244487009100354,58.24604945690869,58.65110824447492,0.5974100714613527,0.125,33.14936553826999,33.15092798607833,33.555986773644555,0.6,25,50,0,0.0,0.47145454545454546,525,247,0.4704761904761905,0.047619047619047616,0.9107142857142857,0.5717488789237668,0.1183905912081071,0.1299975119147843,0.06314164864432378,61.48780367915167,0.5391209891191765,2.802521008403361,2.2,2.7137254901960786,0.0
281,template_impurity,N,C,N,0,1.0,template_site:index=504:site=C:neigh=2:ahead0=34.433:mode=shell,x,yz,477,221,256,25,281,5425.527155361393,9.824139759297008,500.0,0.001,55.75,0.05575,-4083.0806,-4073.2214,-4083.0806,-9.859131,-8.590088,0.9999999999999969,0.05575,0.05575,8,476,504,7,7,1.507411746881317,59.528291531155304,10.440000000500001,10.0,446.0,0.0,-4.9004817,-78.51437,59.412377042415294,0.49999999916963384,58.91237704324566,34.31725557158493,0.7855649418933732,4.591928251121076,58.092520698037774,58.24604945690869,58.648330606485075,0.7247886013654018,0.125,32.99739922720741,33.15092798607833,33.55320913565471,0.6,25,50,0,0.0,0.4732727272727273,525,248,0.4723809523809524,0.047619047619047616,0.9110320284697508,0.5739910313901345,0.11742846700073811,0.12889609073127895,0.06285218900420458,61.48780367915167,0.5366495020604494,2.8050314465408803,2.2857142857142856,2.71875,0.0
282,template_deposition,C,C,none,0,1.0,template_site:index=514:site=C:neigh=1:ahead0=34.433:mode=shell,x,yz,478,221,257,25,282,5425.6631182057445,0.13596284435182915,500.0,0.001,55.75,0.05575,-4091.0237,-4083.0806,-4091.0237,-7.943115,-6.6220703,0.9999914809400626,0.05575,0.05575,9,477,514,6,6,1.4715328036281,59.528291531155304,21.79999999919,10.0,446.0,0.0,-4.918291,-78.79971,59.51634292981102,0.49999999916963384,59.016342930641386,34.42122145898065,0.8584519404800721,4.609865470852018,58.24223851622135,58.24604945690869,59.44356680863401,0.8659685662964108,0.125,33.147117045390985,33.15092798607833,34.348445337803646,0.6,25,50,0,0.0,0.4730909090909091,525,248,0.4723809523809524,0.047619047619047616,0.9113475177304965,0.5762331838565022,0.11754296824606732,0.12897710912603497,0.06313736580074474,61.48780367915167,0.539084421007381,2.807531380753138,2.3181818181818183,2.7237354085603114,0.0
283,template_deposition,C,C,none,0,1.0,template_site:index=510:site=C:neigh=1:ahead0=34.433:mode=shell,x,yz,479,221,258,25,283,5429.477382559443,3.814264353698129,500.0,0.001,55.75,0.05575,-4099.2505,-4091.0237,-4099.2505,-8.226807,-6.9802246,0.9999999995951909,0.05575,0.05575,10,478,510,5,5,1.366675469424978,59.528291531155304,18.95999999896,10.0,446.0,0.0,-4.936737,-79.09525,59.542190426404865,0.49999999916963384,59.042190427235234,34.4470689555745,0.9176438283712449,4.62780269058296,58.40267977361735,58.25666782138309,59.526711248161845,0.9677587049031056,0.125,33.30755830278699,33.161546350552726,34.43158977733148,0.6,25,50,0,0.0,0.474909090909091,525,249,0.4742857142857143,0.047619047619047616,0.911660777385159,0.57847533632287,0.1176945523066678,0.12909906318909684,0.06344296819578474,61.48780367915167,0.5416937394054359,2.805845511482255,2.3043478260869565,2.7209302325581395,0.0
284,template_deposition,C,C,none,0,1.0,template_site:index=511:site=C:neigh=2:ahead0=34.433:mode=shell,x,yz,480,221,259,25,284,5470.3657904255115,40.888407866068356,500.0,0.001,55.75,0.05575,-4109.7905,-4099.2505,-4109.7905,-10.540039,-10.144531,1.0,0.05575,0.05575,10,479,511,4,4,1.3145247726369744,59.528291531155304,17.539999999960003,10.0,446.0,0.0,-4.960369,-79.47388,59.52395039251692,0.49999999916963384,59.02395039334729,34.42882892168656,0.9510670387488808,4.645739910313901,58.397089666376104,58.24342740936207,59.52123923799547,0.9657141705397014,0.125,33.30196819554574,33.148305938531706,34.4261177671651,0.6,25,50,0,0.0,0.4767272727272728,525,250,0.47619047619047616,0.047619047619047616,0.9119718309859155,0.5807174887892377,0.1172604513927667,0.1285790277820299,0.06343232037246807,61.48780367915167,0.5416028253231828,2.808333333333333,2.375,2.7258687258687258,0.0
285,template_deposition,C,C,none,0,1.0,template_site:index=513:site=C:neigh=1:ahead0=34.433:mode=shell,x,yz,481,221,260,25,285,5473.4813288677415,3.1155384422303176,500.0,0.001,55.75,0.05575,-4117.264,-4109.7905,-4117.264,-7.473633,-7.0029297,0.9999999999731912,0.05575,0.05575,9,480,513,3,3,1.5302257456127386,59.528291531155304,14.69999999973,10.0,446.0,0.0,-4.977126,-79.742355,59.52395039251692,0.49999999916963384,59.02395039334729,34.42882892168656,0.9787800324794285,4.663677130044843,58.55683270111602,58.848004261709505,59.52123923799547,1.025630822837067,0.125,33.46171123028566,33.75288279087914,34.4261177671651,0.6,25,50,0,0.0,0.4785454545454546,525,251,0.4780952380952381,0.047619047619047616,0.9122807017543859,0.5829596412556054,0.1174095130887216,0.12869888934725254,0.06373659281959174,61.48780367915167,0.5442007882553681,2.8066528066528065,2.36,2.723076923076923,0.0
286,template_deposition,C,C,none,0,1.0,template_site:index=512:site=C:neigh=1:ahead0=34.433:mode=shell,x,yz,482,221,261,25,286,5495.45932292581,21.977994058068717,500.0,0.001,55.75,0.05575,-4125.384,-4117.264,-4125.384,-8.119629,-7.6411133,1.0,0.05575,0.05575,10,481,512,3,3,1.4551714853895754,59.528291531155304,13.28000000073,10.0,446.0,0.0,-4.995332,-80.03404,59.54201763785243,0.49999999916963384,59.0420176386828,34.44689616702207,1.0002566546039757,4.681614349775785,58.870522012559526,59.429170259744666,59.52937056611758,0.8718894800555904,0.125,33.77540054172916,34.3340487889143,34.434249095287214,0.6,25,50,0,0.0,0.4803636363636364,525,252,0.48,0.047619047619047616,0.9125874125874126,0.5852017937219731,0.1180958060899621,0.12940766491083971,0.06433409626996031,61.48780367915167,0.5493024391954531,2.804979253112033,2.3461538461538463,2.7203065134099615,0.0
287,template_impurity,N,C,N,0,1.0,template_site:index=508:site=C:neigh=1:ahead0=34.433:mode=shell,x,yz,483,221,262,25,287,5495.95092802149,0.4916050956800749,500.0,0.001,55.75,0.05575,-4133.4155,-4125.384,-4133.4155,-8.031738,-6.819336,0.9999999999999998,0.05575,0.05575,8,482,508,2,2,1.5258229441968674,59.528291531155304,4.760000000040001,10.0,446.0,0.0,-5.01334,-80.32256,59.54201763785243,0.49999999916963384,59.0420176386828,34.44689616702207,1.0182434931148476,4.699551569506727,59.0095330613701,59.44272977623628,59.52937056611758,0.879438999757322,0.125,33.914411590539736,34.34760830540591,34.434249095287214,0.6,25,50,0,0.0,0.4821818181818182,525,253,0.4819047619047619,0.047619047619047616,0.9128919860627178,0.5874439461883408,0.11816868150013846,0.12944431904786158,0.06459887922007569,61.48780367915167,0.5515632297993254,2.803312629399586,2.3333333333333335,2.717557251908397,0.0
288,template_deposition,C,C,none,0,1.0,template_site:index=509:site=C:neigh=1:ahead0=34.433:mode=shell,x,yz,484,221,263,25,288,5513.6769303348365,17.726002313347,500.0,0.001,55.75,0.05575,-4142.1216,-4133.4155,-4142.1216,-8.706055,-7.4536133,1.0,0.05575,0.05575,9,483,509,2,2,1.4534215042336183,59.528291531155304,6.17999999904,10.0,446.0,0.0,-5.0328603,-80.635315,59.54201763785243,0.49999999916963384,59.0420176386828,34.44689616702207,1.0359912951409291,4.7174887892376685,59.33667034000189,59.485901772009186,59.52937056611758,0.4046882207687626,0.125,34.241548869171524,34.39078030117882,34.434249095287214,0.6,25,50,0,0.0,0.48400000000000004,525,254,0.4838095238095238,0.047619047619047616,0.9131944444444444,0.5896860986547086,0.11889426690684557,0.1301960033048347,0.065221997846041,61.48780367915167,0.5568835902457452,2.8016528925619837,2.3214285714285716,2.714828897338403,0.0
289,template_deposition,C,C,none,0,1.0,template_site:index=506:site=C:neigh=1:ahead0=34.433:mode=shell,x,yz,485,221,264,25,289,5537.843258825681,24.166328490844563,500.0,0.001,55.75,0.05575,-4147.8604,-4142.1216,-4147.8604,-5.7387695,-4.862793,1.0,0.05575,0.05575,11,484,506,1,1,1.5178682515999935,59.528291531155304,1.9199999998100001,10.0,446.0,0.0,-5.0457277,-80.84147,59.54201763785243,0.49999999916963384,59.0420176386828,34.44689616702207,1.0448383982484042,4.73542600896861,59.475788597807366,59.47321455187338,59.52937056611758,0.045551638820802716,0.125,34.380667126977,34.37809308104302,34.434249095287214,0.6,27,50,0,0.0,0.48581818181818187,525,255,0.4857142857142857,0.047619047619047616,0.9134948096885813,0.5919282511210763,0.11896424611410727,0.13022979972339774,0.06548698500376572,61.48780367915167,0.559146124431084,2.8,2.310344827586207,2.712121212121212,0.0
290,template_deposition,C,C,none,0,1.0,template_site:index=524:site=C:neigh=1:ahead0=35.663:mode=shell,x,yz,486,221,265,25,290,5578.137307683674,40.29404885799373,500.0,0.001,55.75,0.05575,-4155.7275,-4147.8604,-4155.7275,-7.8671875,-7.26416,0.9635183863004387,0.05575,0.05575,8,485,524,10,10,1.4938695301007352,60.75804760473834,21.08999999969,10.0,446.0,0.0,-5.063367,-81.124084,60.705133794696096,0.49999999916963384,60.205133795526464,35.61001232386573,0.6810493736297404,4.753363228699552,59.62789766423343,59.475471486416765,59.89966410717792,0.41035358428715196,0.125,34.532776193403066,34.3803500155864,34.804542636347556,0.6,27,50,0,0.0,0.4878181818181818,525,256,0.4876190476190476,0.047619047619047616,0.9137931034482759,0.594170403587444,0.11907853859794161,0.13031236299397383,0.06577671655886298,61.48780367915167,0.5616199331756568,2.7983539094650207,2.1052631578947367,2.709433962264151,0.0
291,template_deposition,C,C,none,0,1.0,template_site:index=523:site=C:neigh=2:ahead0=35.663:mode=shell,x,yz,487,221,266,25,291,5605.489559619449,27.352251935774472,500.0,0.001,55.75,0.05575,-4165.8,-4155.7275,-4165.8,-10.072266,-9.418457,1.0,0.05575,0.05575,9,486,523,9,9,1.4661915095856441,60.75804760473834,19.67000000069,10.0,446.0,0.0,-5.085951,-81.485916,60.77162192307911,0.49999999916963384,60.27162192390948,35.676500452248746,0.7628873511250538,4.771300448430493,59.64564850952169,59.475471486416765,59.972473589438955,0.4311146798173404,0.125,34.55052703869133,34.3803500155864,34.87735211860859,0.6,27,50,0,0.0,0.4898181818181818,525,257,0.4895238095238095,0.047619047619047616,0.9140893470790378,0.5964125560538116,0.11873033346629322,0.12988919939357643,0.06581052769274538,61.48780367915167,0.5619086220574534,2.8008213552361396,2.2,2.7142857142857144,0.0
292,template_deposition,C,C,none,0,1.0,template_site:index=519:site=C:neigh=1:ahead0=35.663:mode=shell,x,yz,488,221,267,25,292,5634.0052689380545,28.515709318605037,500.0,0.001,55.75,0.05575,-4173.235,-4165.8,-4173.235,-7.4350586,-7.2509766,0.9473320155361827,0.05575,0.05575,10,487,519,8,8,1.422149441405092,60.75804760473834,16.83000000046,10.0,446.0,0.0,-5.102621,-81.753006,60.781437023879285,0.49999999916963384,60.28143702470965,35.68631555304892,0.8225155002532402,4.789237668161435,59.78844697375765,59.473724782544124,60.75643615251544,0.5649659518648648,0.125,34.69332550292729,34.37860331171376,35.66131468168508,0.6,27,50,0,0.0,0.4918181818181818,525,258,0.49142857142857144,0.047619047619047616,0.9143835616438356,0.5986547085201793,0.11881275857166879,0.1299375487001022,0.06608252476748054,61.48780367915167,0.5642310088673823,2.7991803278688523,2.1904761904761907,2.7116104868913857,0.0
293,template_deposition,C,C,none,0,1.0,template_site:index=520:site=C:neigh=2:ahead0=35.663:mode=shell,x,yz,489,221,268,25,293,5641.687039118879,7.681770180824014,500.0,0.001,55.75,0.05575,-4183.405,-4173.235,-4183.405,-10.169922,-9.598145,1.0,0.05575,0.05575,9,488,520,7,7,1.3875097219196673,60.75804760473834,15.409999999230001,10.0,446.0,0.0,-5.125424,-82.11835,60.781437023879285,0.49999999916963384,60.28143702470965,35.68631555304892,0.8598939584415873,4.807174887892376,59.80887544612699,59.52131506055157,60.73898008744282,0.5491094512211645,0.125,34.713753975296626,34.42619358972121,35.643858616612455,0.6,27,50,0,0.0,0.4938181818181818,525,259,0.49333333333333335,0.047619047619047616,0.9146757679180887,0.600896860986547,0.11847697602490316,0.12952893274364413,0.06612143614342214,61.48780367915167,0.5645632450369475,2.801635991820041,2.272727272727273,2.716417910447761,0.0
294,template_deposition,C,C,none,0,1.0,template_site:index=522:site=C:neigh=1:ahead0=35.663:mode=shell,x,yz,490,221,269,25,294,5661.723509451072,20.036470332192675,500.0,0.001,55.75,0.05575,-4191.5835,-4183.405,-4191.5835,-8.178711,-7.803711,0.9999999999768618,0.05575,0.05575,9,489,522,6,6,1.4224999752672303,60.75804760473834,12.569999999,10.0,446.0,0.0,-5.1437616,-82.41215,60.781437023879285,0.49999999916963384,60.28143702470965,35.68631555304892,0.8883084826573256,4.825112107623318,59.9546383025033,59.58184528013085,60.73463871956398,0.6076404401611888,0.125,34.859516831672934,34.486723809300486,35.63951724873362,0.6,27,50,0,0.0,0.4958181818181819,525,260,0.49523809523809526,0.047619047619047616,0.9149659863945578,0.6031390134529148,0.11856978514174467,0.12958928190212987,0.06639907967937701,61.48780367915167,0.5669338429060292,2.8,2.260869565217391,2.7137546468401488,0.0
295,template_deposition,C,C,none,0,1.0,template_site:index=521:site=C:neigh=2:ahead0=35.663:mode=shell,x,yz,491,221,270,25,295,5682.60467422323,20.881164772158744,500.0,0.001,55.75,0.05575,-4200.8726,-4191.5835,-4200.8726,-9.2890625,-8.662109,1.0,0.05575,0.05575,9,490,521,5,5,1.411487214845397,60.75804760473834,11.15,10.0,446.0,0.0,-5.164589,-82.74584,60.781437023879285,0.49999999916963384,60.28143702470965,35.68631555304892,0.9025469457847024,4.84304932735426,59.95455456121257,59.58184528013085,60.73463871956398,0.5949821655755795,0.125,34.859433090382204,34.486723809300486,35.63951724873362,0.6,27,50,0,0.0,0.4978181818181818,525,261,0.49714285714285716,0.047619047619047616,0.9152542372881356,0.6053811659192825,0.11816756979790578,0.12910901144586,0.06639892017215658,61.48780367915167,0.566932480988938,2.8024439918533606,2.3333333333333335,2.7185185185185183,0.0
296,template_deposition,C,C,none,0,1.0,template_site:index=517:site=C:neigh=1:ahead0=35.663:mode=shell,x,yz,492,221,271,25,296,5693.3920855454635,10.787411322233025,500.0,0.001,55.75,0.05575,-4208.4556,-4200.8726,-4208.4556,-7.583008,-6.748535,0.9999578664890633,0.05575,0.05575,9,491,517,4,4,1.5020313076537375,60.75804760473834,2.62999999931,10.0,446.0,0.0,-5.1815915,-83.01825,60.781437023879285,0.49999999916963384,60.28143702470965,35.68631555304892,0.9213198586634112,4.860986547085202,60.11065084087447,60.15468384775832,60.73463871956398,0.6048392026423759,0.125,35.015529370044106,35.05956237692796,35.63951724873362,0.6,27,50,0,0.0,0.49981818181818183,525,262,0.4990476190476191,0.047619047619047616,0.9155405405405406,0.6076233183856502,0.11829570733123008,0.12920859546141736,0.06669624641913163,61.48780367915167,0.5694711353288527,2.8008130081300813,2.32,2.715867158671587,0.0
297,template_vacancy,vac,C,vac,1,1.0,template_site:index=518:site=C:neigh=2:ahead0=35.663:mode=shell,x,yz,492,221,271,26,297,5710.039953252815,16.64786770735173,500.0,0.001,55.75,0.05575,-4208.4556,-4208.4556,-4208.4556,0.0,0.0,0.9999956317036931,0.05575,0.05575,0,-1,518,3,3,1.4889033408430519,60.75804760473834,4.05000000054,10.0,446.0,0.0,-5.1815915,-83.01825,60.781437023879285,0.49999999916963384,60.28143702470965,35.68631555304892,0.9213198586634112,4.860986547085202,60.11065084087447,60.15468384775832,60.73463871956398,0.6048392026423759,0.125,35.015529370044106,35.05956237692796,35.63951724873362,0.6,27,50,0,0.0,0.49981818181818183,525,262,0.4990476190476191,0.049523809523809526,0.9124579124579124,0.6076233183856502,0.11789740528634379,0.12920859546141736,0.06669624641913163,61.48780367915167,0.5694711353288527,2.8008130081300813,2.32,2.715867158671587,0.0
298,template_deposition,C,C,none,0,1.0,template_site:index=516:site=C:neigh=1:ahead0=35.663:mode=shell,x,yz,493,221,272,26,298,5753.003545573091,42.96359232027564,500.0,0.001,55.75,0.05575,-4215.77,-4208.4556,-4215.77,-7.314453,-6.2246094,0.9999999999998541,0.05575,0.05575,8,492,516,2,2,1.4838571041428104,60.75804760473834,6.890000000770001,10.0,446.0,0.0,-5.1979914,-83.281006,60.781437023879285,0.49999999916963384,60.28143702470965,35.68631555304892,0.933360120641629,4.878923766816143,60.251294243943676,60.667633224870826,60.73463871956398,0.5916149072873977,0.125,35.15617277311331,35.57251175404046,35.63951724873362,0.6,27,50,0,0.0,0.5018181818181818,525,263,0.5009523809523809,0.049523809523809526,0.912751677852349,0.6098654708520179,0.11797373413796414,0.12925063519526953,0.06696413861545393,61.48780367915167,0.5717584735431609,2.7991886409736306,2.3076923076923075,2.713235294117647,0.0
299,template_impurity,N,C,N,0,1.0,template_site:index=515:site=C:neigh=2:ahead0=35.663:mode=shell,x,yz,494,221,273,26,299,5769.005573873281,16.002028300189924,500.0,0.001,55.75,0.05575,-4225.85,-4215.77,-4225.85,-10.080078,-9.346191,1.0,0.05575,0.05575,10,493,515,1,1,1.4324525141209798,60.75804760473834,8.30999999977,10.0,446.0,0.0,-5.2205925,-83.64311,60.781437023879285,0.49999999916963384,60.28143702470965,35.68631555304892,0.9414458934870249,4.896860986547085,60.264522856618775,60.67341576923263,60.76952910027947,0.5955048708212821,0.125,35.16940138578841,35.57829429840227,35.67440762944911,0.6,28,50,0,0.0,0.5038181818181818,525,264,0.5028571428571429,0.049523809523809526,0.9130434782608695,0.6121076233183856,0.11762341600598131,0.12882564610178907,0.0669893359729303,61.48780367915167,0.5719736156019687,2.8016194331983804,2.3703703703703702,2.717948717948718,0.0
300,template_deposition,C,C,none,0,1.0,template_site:index=527:site=C:neigh=1:ahead0=36.893:mode=shell,x,yz,495,221,274,26,300,5769.865524455334,0.8599505820534035,500.0,0.001,55.75,0.05575,-4233.867,-4225.85,-4233.867,-8.01709,-7.4399414,0.9999999919805217,0.05575,0.05575,7,494,527,9,9,1.4448613778435622,61.98780367832137,1.9199999998100001,10.0,446.0,0.0,-5.2385683,-83.93112,61.95843672452802,0.49999999916963384,61.45843672535839,36.86331525369766,0.6927550864045982,4.914798206278027,60.42293436919046,60.68388141094084,61.13453693407391,0.8152415798284264,0.125,35.327812898360094,35.58875994011048,36.03941546324354,0.6,28,50,0,0.0,0.5056363636363637,525,265,0.5047619047619047,0.049523809523809526,0.9133333333333333,0.6143497757847534,0.11775937632786698,0.1289336237166427,0.06729107218735256,61.48780367915167,0.5745499234726854,2.8,2.2,2.7153284671532845,0.0
301,template_deposition,C,C,none,0,1.0,template_site:index=528:site=C:neigh=1:ahead0=36.893:mode=shell,x,yz,496,221,275,26,301,5788.332082627594,18.466558172260118,500.0,0.001,55.75,0.05575,-4241.9517,-4233.867,-4241.9517,-8.084473,-7.1484375,0.9999925546516348,0.05575,0.05575,8,495,528,9,9,1.481313772894154,61.98780367832137,0.5000000008100001,10.0,446.0,0.0,-5.256695,-84.221535,61.9867719498579,0.49999999916963384,61.48677195068827,36.89165047902754,0.7817726240327486,4.932735426008969,60.42968587075603,60.68388141094084,61.1610112527092,0.823367793825284,0.125,35.33456439992567,35.58875994011048,36.06588978187884,0.6,28,50,0,0.0,0.5074545454545455,525,266,0.5066666666666667,0.049523809523809526,0.9136212624584718,0.6165919282511211,0.11739057940174641,0.1284893250906388,0.0673039321903346,61.48780367915167,0.5746597257612954,2.7983870967741935,2.1904761904761907,2.712727272727273,0.0
302,template_deposition,C,C,none,0,1.0,template_site:index=531:site=C:neigh=1:ahead0=36.893:mode=shell,x,yz,497,221,276,26,302,5788.3928067232955,0.06072409570185265,500.0,0.001,55.75,0.05575,-4250.188,-4241.9517,-4250.188,-8.236328,-7.034668,0.9999999383622504,0.05575,0.05575,10,496,531,8,8,1.4542347927352552,61.98780367832137,18.95999999896,10.0,446.0,0.0,-5.2751617,-84.51741,61.95343090727291,0.49999999916963384,61.45343090810328,36.858309436442546,0.8339177164239739,4.95067264573991,60.7262180594375,60.7378792903639,61.93567503862105,0.8932218916266458,0.125,35.631096588607136,35.642757819533536,36.840553567790685,0.6,28,50,0,0.0,0.5092727272727273,525,267,0.5085714285714286,0.049523809523809526,0.9139072847682119,0.6188340807174888,0.11798376353843422,0.12909817604567803,0.06786875540687073,61.48780367915167,0.5794823437593101,2.800804828973843,2.272727272727273,2.717391304347826,0.0
303,template_deposition,C,C,none,0,1.0,template_site:index=532:site=C:neigh=2:ahead0=36.893:mode=shell,x,yz,498,221,277,26,303,5794.086272026491,5.693465303196006,500.0,0.001,55.75,0.05575,-4260.8643,-4250.188,-4260.8643,-10.67627,-10.233398,1.0,0.05575,0.05575,9,497,532,6,6,1.3722973943319245,61.98780367832137,17.539999999960003,10.0,446.0,0.0,-5.2990994,-84.90093,61.987876110063766,0.49999999916963384,61.487876110894135,36.8927546392334,0.8820451244489419,4.968609865470852,60.73409512625052,60.739482192897846,61.96376446811016,0.9034327097555263,0.125,35.63897365542016,35.64436072206748,36.8686429972798,0.6,28,50,0,0.0,0.511090909090909,525,268,0.5104761904761905,0.049523809523809526,0.9141914191419142,0.6210762331838565,0.11762037510039657,0.12866055471270815,0.06788375934365745,61.48780367915167,0.579610451552103,2.8032128514056227,2.347826086956522,2.7220216606498195,0.0
304,template_deposition,C,C,none,0,1.0,template_site:index=534:site=C:neigh=1:ahead0=36.893:mode=shell,x,yz,499,221,278,26,304,5795.943678261223,1.8574062347314402,500.0,0.001,55.75,0.05575,-4268.264,-4260.8643,-4268.264,-7.3999023,-7.129883,0.9999999916139234,0.05575,0.05575,10,498,534,5,5,1.4758727889876517,61.98780367832137,14.69999999973,10.0,446.0,0.0,-5.3156915,-85.16677,61.979321652680206,0.49999999916963384,61.479321653510574,36.88420018184984,0.9169658273669161,4.986547085201794,60.88896151971689,60.853925092310085,61.969389039633796,0.9894355261798745,0.125,35.79384004888652,35.75880362147972,36.87426756880343,0.6,28,50,0,0.0,0.5129090909090909,525,269,0.5123809523809524,0.049523809523809526,0.9144736842105263,0.6233183856502242,0.11774289489765304,0.1287548203197357,0.06817874295026004,61.48780367915167,0.5821291037757939,2.8016032064128256,2.3333333333333335,2.7194244604316546,0.0
305,template_deposition,C,C,none,0,1.0,template_site:index=533:site=C:neigh=2:ahead0=36.893:mode=shell,x,yz,500,221,279,26,305,5812.1027113796345,16.159033118411404,500.0,0.001,55.75,0.05575,-4278.18,-4268.264,-4278.18,-9.916016,-8.795898,1.0,0.05575,0.05575,9,499,533,4,4,1.4310756369188558,61.98780367832137,13.28000000073,10.0,446.0,0.0,-5.3379245,-85.52298,61.979321652680206,0.49999999916963384,61.479321653510574,36.88420018184984,0.9438626943653192,5.004484304932736,61.18887530703256,61.424111897010285,61.9611981308951,0.8761190357757742,0.125,36.0937538362022,36.32899042617992,36.866076660064735,0.6,28,50,0,0.0,0.5147272727272728,525,270,0.5142857142857142,0.049523809523809526,0.9147540983606557,0.625560538116592,0.11834017651213835,0.12936829331972113,0.0687500073070518,61.48780367915167,0.5870067180239893,2.804,2.4,2.7240143369175627,0.0
306,template_deposition,C,C,none,0,1.0,template_site:index=525:site=C:neigh=1:ahead0=36.893:mode=shell,x,yz,501,221,280,26,306,5844.691105653906,32.588394274271444,500.0,0.001,55.75,0.05575,-4285.4697,-4278.18,-4285.4697,-7.289551,-6.8286133,0.9999999999999991,0.05575,0.05575,10,500,525,3,3,1.4944513665432761,61.98780367832137,10.440000000500001,10.0,446.0,0.0,-5.354269,-85.78485,61.979321652680206,0.49999999916963384,61.479321653510574,36.88420018184984,0.9638616772461784,5.022421524663677,61.34605816769571,61.9161709968851,61.9611981308951,0.8814777533063355,0.125,36.250936696865345,36.821049526054736,36.866076660064735,0.6,28,50,0,0.0,0.5165454545454545,525,271,0.5161904761904762,0.049523809523809526,0.9150326797385621,0.6278026905829597,0.11846711338844884,0.12946763106023337,0.06904940323212447,61.48780367915167,0.5895630438521705,2.802395209580838,2.3846153846153846,2.7214285714285715,0.0
307,template_vacancy,vac,C,vac,1,1.0,template_site:index=526:site=C:neigh=2:ahead0=36.893:mode=shell,x,yz,501,221,280,27,307,5852.677579888287,7.986474234381877,500.0,0.001,55.75,0.05575,-4285.4697,-4285.4697,-4285.4697,0.0,0.0,1.0,0.05575,0.05575,0,-1,526,2,2,1.4418877326750117,61.98780367832137,9.01999999927,10.0,446.0,0.0,-5.354269,-85.78485,61.979321652680206,0.49999999916963384,61.479321653510574,36.88420018184984,0.9638616772461784,5.022421524663677,61.34605816769571,61.9161709968851,61.9611981308951,0.8814777533063355,0.125,36.250936696865345,36.821049526054736,36.866076660064735,0.6,28,50,0,0.0,0.5165454545454545,525,271,0.5161904761904762,0.05142857142857143,0.9120521172638436,0.6278026905829597,0.11808122702562002,0.12946763106023337,0.06904940323212447,61.48780367915167,0.5895630438521705,2.802395209580838,2.3846153846153846,2.7214285714285715,0.0
308,template_deposition,C,C,none,0,1.0,template_site:index=530:site=C:neigh=1:ahead0=36.893:mode=shell,x,yz,502,221,281,27,308,5861.188833364963,8.511253476675662,500.0,0.001,55.75,0.05575,-4290.846,-4285.4697,-4290.846,-5.376465,-4.427246,1.0,0.05575,0.05575,6,501,530,1,1,1.6791807864006298,61.98780367832137,6.17999999904,10.0,446.0,0.0,-5.3663235,-85.97798,61.979321652680206,0.49999999916963384,61.479321653510574,36.88420018184984,0.9733325333713742,5.040358744394619,61.487532922782954,61.9161709968851,61.9611981308951,0.8563389436608747,0.125,36.39241145195259,36.821049526054736,36.866076660064735,0.6,28,50,0,0.0,0.5183636363636364,525,272,0.518095238095238,0.05142857142857143,0.9123376623376623,0.6300448430493274,0.11815718003880711,0.1295103610389772,0.06931887895610017,61.48780367915167,0.5918639026667978,2.800796812749004,2.3703703703703702,2.718861209964413,0.0
309,template_deposition,C,C,none,0,1.0,template_site:index=529:site=C:neigh=1:ahead0=36.893:mode=shell,x,yz,503,221,282,27,309,5895.7166202955395,34.52778693057645,500.0,0.001,55.75,0.05575,-4299.3467,-4290.846,-4299.3467,-8.500488,-7.381836,1.0,0.05575,0.05575,10,502,529,1,1,1.4652756847381168,61.98780367832137,4.760000000040001,10.0,446.0,0.0,-5.385383,-86.28335,62.05514765847815,0.49999999916963384,61.55514765930852,36.960026187647784,0.989531152668024,5.058295964125561,61.81366730052321,61.938222809707,62.00206945441959,0.33528185567689406,0.125,36.71854582969284,36.843101338876636,36.90694798358923,0.6,28,50,0,0.0,0.5201818181818182,525,273,0.52,0.05142857142857143,0.912621359223301,0.6322869955156951,0.1188302454035367,0.13020760932515194,0.06994008729465304,61.48780367915167,0.5971679525470317,2.7992047713717696,2.357142857142857,2.7163120567375887,0.0
310,template_deposition,C,C,none,0,1.0,template_site:index=542:site=C:neigh=1:ahead0=38.122:mode=shell,x,yz,504,221,283,27,310,5897.105344492185,1.3887241966456032,500.0,0.001,55.75,0.05575,-4307.588,-4299.3467,-4307.588,-8.241211,-7.709961,0.9968133597718195,0.05575,0.05575,8,503,542,8,8,1.4578512885256252,63.2175597519044,11.15,10.0,446.0,0.0,-5.403861,-86.5794,63.15269510268643,0.49999999916963384,62.6526951035168,38.057573631856066,0.6906005291107576,5.076233183856503,61.968071599058305,61.94580590168499,62.38441189174063,0.5579343648163667,0.125,36.87295012822794,36.85068443085463,37.28929042091027,0.6,28,50,0,0.0,0.5221818181818182,525,274,0.5219047619047619,0.05142857142857143,0.9129032258064517,0.6345291479820628,0.11894500041363852,0.1302931099937383,0.07023419072043417,61.48780367915167,0.5996790895416264,2.7976190476190474,2.263157894736842,2.7137809187279154,0.0
311,template_impurity,N,C,N,0,1.0,template_site:index=543:site=C:neigh=2:ahead0=38.122:mode=shell,x,yz,505,221,284,27,311,5901.000314236447,3.8949697442612705,500.0,0.001,55.75,0.05575,-4319.0317,-4307.588,-4319.0317,-11.443848,-10.388672,1.0,0.05575,0.05575,9,504,543,7,7,1.4558453224854202,63.2175597519044,12.569999999,10.0,446.0,0.0,-5.42952,-86.9905,63.2204571779275,0.49999999916963384,62.72045717875787,38.125335707097136,0.7708600612737566,5.0941704035874436,61.98213276067781,61.95327837093495,62.404740514312955,0.575666166223763,0.125,36.88701128984744,36.85815690010459,37.30961904348259,0.6,28,50,0,0.0,0.5241818181818182,525,275,0.5238095238095238,0.05142857142857143,0.9131832797427653,0.6367713004484304,0.11860775334356091,0.12988384256988536,0.0702609738854237,61.48780367915167,0.5999077716668308,2.8,2.35,2.7183098591549295,0.0
312,template_deposition,C,C,none,0,1.0,template_site:index=539:site=C:neigh=1:ahead0=38.122:mode=shell,x,yz,506,221,285,27,312,5938.0644416469995,37.06412741055291,500.0,0.001,55.75,0.05575,-4327.4346,-4319.0317,-4327.4346,-8.402832,-7.455078,0.9999538683354465,0.05575,0.05575,8,505,539,6,6,1.4022839895704051,63.2175597519044,4.05000000054,10.0,446.0,0.0,-5.4483604,-87.29236,63.2204571779275,0.49999999916963384,62.72045717875787,38.125335707097136,0.8334158522265747,5.112107623318385,62.09903370023506,61.96994737388839,63.13985703814099,0.6955634335426075,0.125,37.0039122294047,36.874825903058024,38.044735567310624,0.6,28,50,0,0.0,0.5261818181818182,525,276,0.5257142857142857,0.05142857142857143,0.9134615384615384,0.6390134529147982,0.11860228278655352,0.12983828852422702,0.07048364234172323,61.48780367915167,0.6018089769882513,2.7984189723320156,2.3333333333333335,2.7157894736842105,0.0
313,template_deposition,C,C,none,0,1.0,template_site:index=538:site=C:neigh=2:ahead0=38.122:mode=shell,x,yz,507,221,286,27,313,5951.127838109117,13.063396462117831,500.0,0.001,55.75,0.05575,-4338.4575,-4327.4346,-4338.4575,-11.022949,-10.467773,1.0,0.05575,0.05575,8,506,538,5,5,1.2580370091380426,63.2175597519044,2.62999999931,10.0,446.0,0.0,-5.4730754,-87.68834,63.2204571779275,0.49999999916963384,62.72045717875787,38.125335707097136,0.8732488912380529,5.130044843049327,62.249163826123336,61.97080035495051,63.165742895189894,0.7583242070845932,0.125,37.15404235529297,36.87567888412015,38.07062142435953,0.6,28,50,0,0.0,0.5281818181818182,525,277,0.5276190476190477,0.05142857142857143,0.9137380191693291,0.6412556053811659,0.11870301071978585,0.1299092390045209,0.07076960448627233,61.48780367915167,0.6042506014553027,2.8007889546351086,2.409090909090909,2.7202797202797204,0.0
314,template_vacancy,vac,C,vac,1,1.0,template_site:index=541:site=C:neigh=1:ahead0=38.122:mode=shell,x,yz,507,221,286,28,314,5968.11474616764,16.98690805852269,500.0,0.001,55.75,0.05575,-4338.4575,-4338.4575,-4338.4575,0.0,0.0,0.9999999252796641,0.05575,0.05575,0,-1,541,4,4,1.4924889316354857,63.2175597519044,15.409999999230001,10.0,446.0,0.0,-5.4730754,-87.68834,63.2204571779275,0.49999999916963384,62.72045717875787,38.125335707097136,0.8732488912380529,5.130044843049327,62.249163826123336,61.97080035495051,63.165742895189894,0.7583242070845932,0.125,37.15404235529297,36.87567888412015,38.07062142435953,0.6,28,50,0,0.0,0.5281818181818182,525,277,0.5276190476190477,0.05333333333333334,0.910828025477707,0.6412556053811659,0.11832497565379928,0.1299092390045209,0.07076960448627233,61.48780367915167,0.6042506014553027,2.8007889546351086,2.409090909090909,2.7202797202797204,0.0
315,template_deposition,C,C,none,0,1.0,template_site:index=540:site=C:neigh=1:ahead0=38.122:mode=shell,x,yz,508,221,287,28,315,5971.575024514927,3.4602783472865424,500.0,0.001,55.75,0.05575,-4345.2944,-4338.4575,-4345.2944,-6.836914,-6.317871,0.9999999997168718,0.05575,0.05575,9,507,540,3,3,1.4731967754435462,63.2175597519044,16.83000000046,10.0,446.0,0.0,-5.4884048,-87.93394,63.2204571779275,0.49999999916963384,62.72045717875787,38.125335707097136,0.9105884608035589,5.147982062780269,62.404692056950054,62.514944718953856,63.202270434893414,0.8070665500147045,0.125,37.30957058611969,37.41982324812349,38.10714896406305,0.6,28,50,0,0.0,0.5301818181818182,525,278,0.5295238095238095,0.05333333333333334,0.9111111111111111,0.6434977578475336,0.11844308122577679,0.12999850378438915,0.07106584873546608,61.48780367915167,0.6067800173966864,2.7992125984251968,2.391304347826087,2.7177700348432055,0.0
316,template_impurity,N,C,N,0,1.0,template_site:index=544:site=C:neigh=1:ahead0=38.122:mode=shell,x,yz,509,221,288,28,316,5998.565871593256,26.99084707832955,500.0,0.001,55.75,0.05575,-4354.1206,-4345.2944,-4354.1206,-8.826172,-7.517578,1.0,0.05575,0.05575,9,508,544,2,2,1.4558945923062985,63.2175597519044,19.67000000069,10.0,446.0,0.0,-5.5081944,-88.25101,63.2204571779275,0.49999999916963384,62.72045717875787,38.125335707097136,0.9405239036379878,5.165919282511211,62.68140238127563,63.099417143644374,63.21071007559464,0.6154591520390806,0.125,37.58628091044527,38.00429567281401,38.11558860476428,0.6,28,50,0,0.0,0.5321818181818182,525,279,0.5314285714285715,0.05333333333333334,0.9113924050632911,0.6457399103139013,0.11894392693178882,0.13050791982793497,0.07159291601989574,61.48780367915167,0.6112802647265386,2.7976424361493124,2.375,2.7152777777777777,0.0
317,template_deposition,C,C,none,0,1.0,template_site:index=545:site=C:neigh=1:ahead0=38.122:mode=shell,x,yz,510,221,289,28,317,6001.925669431259,3.3597978380028533,500.0,0.001,55.75,0.05575,-4365.338,-4354.1206,-4365.338,-11.217285,-7.7890625,1.0,0.05575,0.05575,10,509,545,2,2,1.4320807082570477,63.2175597519044,21.08999999969,10.0,446.0,0.0,-5.533345,-88.65397,63.265228276728514,0.49999999916963384,62.76522827755888,38.17010680589815,0.9596498750217247,5.183856502242152,62.67505758886115,63.04469020863388,63.233888507567805,0.613002436060063,0.125,37.57993611803079,37.94956873780352,38.13876703673744,0.6,28,50,0,0.0,0.5341818181818182,525,280,0.5333333333333333,0.05333333333333334,0.9116719242902208,0.647982062780269,0.11854869437864601,0.1300343810312484,0.07158083070101103,61.48780367915167,0.6111770769065997,2.8,2.44,2.7197231833910034,0.0
318,template_impurity,N,C,N,0,1.0,template_site:index=537:site=C:neigh=1:ahead0=38.122:mode=shell,x,yz,511,221,290,28,318,6018.372790086754,16.447120655495734,500.0,0.001,55.75,0.05575,-4372.2866,-4365.338,-4372.2866,-6.9487305,-4.9194336,1.0,0.05575,0.05575,8,510,537,1,1,1.6746787627892632,63.2175597519044,6.890000000770001,10.0,446.0,0.0,-5.5489254,-88.90359,63.265228276728514,0.49999999916963384,62.76522827755888,38.17010680589815,0.9750366396895259,5.201793721973094,62.847119634920624,63.08894524602675,63.233888507567805,0.5179280989722949,0.125,37.75199816409026,37.99382377519639,38.13876703673744,0.6,28,50,0,0.0,0.5361818181818182,525,281,0.5352380952380953,0.05333333333333334,0.9119496855345912,0.6502242152466368,0.1187169753587744,0.13017930401410435,0.0719085679316005,61.48780367915167,0.613975388697948,2.7984344422700587,2.423076923076923,2.717241379310345,0.0
319,template_deposition,C,C,none,0,1.0,template_site:index=536:site=C:neigh=1:ahead0=38.122:mode=shell,x,yz,512,221,291,28,319,6055.953238989856,37.58044890310184,500.0,0.001,55.75,0.05575,-4381.074,-4372.2866,-4381.074,-8.787598,-6.3120117,1.0,0.05575,0.05575,10,511,536,1,1,1.5179816993814021,63.2175597519044,8.30999999977,10.0,446.0,0.0,-5.568629,-89.21927,63.265228276728514,0.49999999916963384,62.76522827755888,38.17010680589815,0.9825074817110624,5.219730941704036,62.852691184476356,63.08894524602675,63.233888507567805,0.5186614833736086,0.125,37.75756971364599,37.99382377519639,38.13876703673744,0.6,30,50,0,0.0,0.5381818181818182,525,282,0.5371428571428571,0.05333333333333334,0.9122257053291536,0.6524663677130045,0.11836228750359246,0.12975109867232298,0.07191918040694474,61.48780367915167,0.6140660009693637,2.796875,2.4074074074074074,2.7147766323024056,0.0
320,template_deposition,C,C,none,0,1.0,template_site:index=553:site=C:neigh=1:ahead0=39.352:mode=shell,x,yz,513,221,292,28,320,6057.897105761109,1.9438667712525401,500.0,0.001,55.75,0.05575,-4389.134,-4381.074,-4389.134,-8.05957,-6.7773438,0.9999817829570726,0.05575,0.05575,8,512,553,9,9,1.5297084930280913,64.44731582548744,17.539999999960003,10.0,446.0,0.0,-5.5866995,-89.5088,64.37475736330083,0.49999999916963384,63.8747573641312,39.279635892470466,0.6672530709856543,5.237668161434978,63.0058439860442,63.1240840339384,63.59621369648292,0.724277733039602,0.125,37.910722515213834,38.02896256310804,38.501092225652556,0.6,30,50,0,0.0,0.54,525,283,0.539047619047619,0.05333333333333334,0.9125,0.6547085201793722,0.11847100786004323,0.12983124149045833,0.07221090002897873,61.48780367915167,0.6165567843833721,2.7953216374269005,2.210526315789474,2.712328767123288,0.0
321,template_vacancy,vac,C,vac,1,1.0,template_site:index=552:site=C:neigh=2:ahead0=39.352:mode=shell,x,yz,513,221,292,29,321,6062.8797585258935,4.982652764785008,500.0,0.001,55.75,0.05575,-4389.134,-4389.134,-4389.134,0.0,0.0,0.9999999988326496,0.05575,0.05575,0,-1,552,8,8,1.5191986460759193,64.44731582548744,18.95999999896,10.0,446.0,0.0,-5.5866995,-89.5088,64.37475736330083,0.49999999916963384,63.8747573641312,39.279635892470466,0.6672530709856543,5.237668161434978,63.0058439860442,63.1240840339384,63.59621369648292,0.724277733039602,0.125,37.910722515213834,38.02896256310804,38.501092225652556,0.6,30,50,0,0.0,0.54,525,283,0.539047619047619,0.05523809523809524,0.9096573208722741,0.6547085201793722,0.11810193929973158,0.12983124149045833,0.07221090002897873,61.48780367915167,0.6165567843833721,2.7953216374269005,2.210526315789474,2.712328767123288,0.0
322,template_vacancy,vac,C,vac,1,1.0,template_site:index=547:site=C:neigh=1:ahead0=39.352:mode=shell,x,yz,513,221,292,30,322,6101.253799564228,38.37404103833444,500.0,0.001,55.75,0.05575,-4389.134,-4389.134,-4389.134,0.0,0.0,0.99997526179006,0.05575,0.05575,0,-1,547,7,7,1.4723939755416822,64.44731582548744,9.01999999927,10.0,446.0,0.0,-5.5866995,-89.5088,64.37475736330083,0.49999999916963384,63.8747573641312,39.279635892470466,0.6672530709856543,5.237668161434978,63.0058439860442,63.1240840339384,63.59621369648292,0.724277733039602,0.125,37.910722515213834,38.02896256310804,38.501092225652556,0.6,30,50,0,0.0,0.54,525,283,0.539047619047619,0.05714285714285714,0.906832298136646,0.6547085201793722,0.1177351630907262,0.12983124149045833,0.07221090002897873,61.48780367915167,0.6165567843833721,2.7953216374269005,2.210526315789474,2.712328767123288,0.0
323,template_deposition,C,C,none,0,1.0,template_site:index=548:site=C:neigh=1:ahead0=39.352:mode=shell,x,yz,514,221,293,30,323,6109.625837007093,8.372037442864867,500.0,0.001,55.75,0.05575,-4396.159,-4389.134,-4396.159,-7.0253906,-5.850586,0.9998818349875679,0.05575,0.05575,8,513,548,6,6,1.5558799712387106,64.44731582548744,1.9199999998100001,10.0,446.0,0.0,-5.6024513,-89.76117,64.38950848935579,0.49999999916963384,63.88950849018616,39.29438701852543,0.7529794612930718,5.255605381165919,63.171158179725914,63.21789259947576,64.37918270111732,0.8582426490457765,0.125,38.07603670889555,38.1227711286454,39.28406123028695,0.6,30,50,0,0.0,0.5398181818181819,525,283,0.539047619047619,0.05714285714285714,0.9071207430340558,0.6569506726457399,0.1178824665910079,0.12995234371636707,0.07252578420742009,61.48780367915167,0.6192453532342672,2.7937743190661477,2.2,2.7098976109215016,0.0
324,template_deposition,C,C,none,0,1.0,template_site:index=549:site=C:neigh=1:ahead0=39.352:mode=shell,x,yz,515,221,294,30,324,6119.3157402623965,9.689903255303804,500.0,0.001,55.75,0.05575,-4405.0615,-4396.159,-4405.0615,-8.902344,-7.8237305,1.0,0.05575,0.05575,9,514,549,6,6,1.450430657940551,64.44731582548744,0.5000000008100001,10.0,446.0,0.0,-5.6224117,-90.08097,64.4598977905734,0.49999999916963384,63.95989779140376,39.36477631974303,0.8167036565774256,5.273542600896861,63.16841901173194,63.21789259947576,64.4002994914826,0.8731074405406044,0.125,38.07329754090158,38.1227711286454,39.305178020652235,0.6,30,50,0,0.0,0.5416363636363637,525,284,0.540952380952381,0.05714285714285714,0.9074074074074074,0.6591928251121076,0.11751017759537524,0.12950101204388292,0.07252056674457444,61.48780367915167,0.6192008050827628,2.792233009708738,2.1904761904761907,2.707482993197279,0.0
325,template_deposition,C,C,none,0,1.0,template_site:index=546:site=C:neigh=1:ahead0=39.352:mode=shell,x,yz,516,221,295,30,325,6133.767183263611,14.45144300121453,500.0,0.001,55.75,0.05575,-4410.9087,-4405.0615,-4410.9087,-5.847168,-5.036133,0.9749230500794223,0.05575,0.05575,8,515,546,3,3,1.643663500264989,64.44731582548744,10.440000000500001,10.0,446.0,0.0,-5.6355224,-90.29102,64.4598977905734,0.49999999916963384,63.95989779140376,39.36477631974303,0.8588913185575545,5.291479820627803,63.46788336379126,63.24683205317054,64.4002994914826,0.8156654190827394,0.125,38.372761892960895,38.15171058234018,39.305178020652235,0.6,30,50,0,0.0,0.5434545454545454,525,285,0.5428571428571428,0.05714285714285714,0.9076923076923077,0.6614349775784754,0.11807003659372584,0.13007715895918948,0.07309097503421123,61.48780367915167,0.6240711099910654,2.7906976744186047,2.1818181818181817,2.705084745762712,0.0
326,template_deposition,C,C,none,0,1.0,template_site:index=554:site=C:neigh=1:ahead0=39.352:mode=shell,x,yz,517,221,296,30,326,6142.373904172613,8.606720909002615,500.0,0.001,55.75,0.05575,-4417.1104,-4410.9087,-4417.1104,-6.20166,-5.629883,1.0,0.05575,0.05575,9,516,554,2,2,1.4339444037379188,64.44731582548744,13.28000000073,10.0,446.0,0.0,-5.6494274,-90.51381,64.4598977905734,0.49999999916963384,63.95989779140376,39.36477631974303,0.8939352252899093,5.309417040358745,63.61563503867578,63.78916491775364,64.40976922131621,0.85530857698003,0.125,38.52051356784541,38.694043446923274,39.31464775048585,0.6,30,50,0,0.0,0.5452727272727274,525,286,0.5447619047619048,0.05714285714285714,0.9079754601226994,0.6636771300448431,0.11816108456394299,0.1301368701616399,0.07337240679589603,61.48780367915167,0.6264740527869327,2.7891682785299805,2.1739130434782608,2.7027027027027026,0.0
327,template_deposition,C,C,none,0,1.0,template_site:index=555:site=C:neigh=1:ahead0=39.352:mode=shell,x,yz,518,221,297,30,327,6147.212590605793,4.838686433179408,500.0,0.001,55.75,0.05575,-4424.8247,-4417.1104,-4424.8247,-7.7143555,-7.055176,1.0,0.05575,0.05575,10,517,555,2,2,1.4553752679888838,64.44731582548744,14.69999999973,10.0,446.0,0.0,-5.6667237,-90.790924,64.4598977905734,0.49999999916963384,63.95989779140376,39.36477631974303,0.917920279698676,5.327354260089686,63.91956848746876,64.32894581014426,64.43606759806194,0.6187354059797769,0.125,38.824447016638395,39.2338243393139,39.340946127231575,0.6,30,50,0,0.0,0.5470909090909091,525,287,0.5466666666666666,0.05714285714285714,0.908256880733945,0.6659192825112108,0.11872919576953637,0.13072204382706532,0.0739513276507398,61.48780367915167,0.6314170403488064,2.787644787644788,2.1666666666666665,2.7003367003367003,0.0
328,template_deposition,C,C,none,0,1.0,template_site:index=551:site=C:neigh=1:ahead0=39.352:mode=shell,x,yz,519,221,298,30,328,6178.014304551502,30.801713945709782,500.0,0.001,55.75,0.05575,-4428.9243,-4424.8247,-4428.9243,-4.0996094,-3.5214844,1.0,0.05575,0.05575,8,518,551,1,1,1.5549357200387603,64.44731582548744,6.17999999904,10.0,446.0,0.0,-5.6759157,-90.938194,64.4598977905734,0.49999999916963384,63.95989779140376,39.36477631974303,0.9369115658652816,5.345291479820628,64.0444300046121,64.32894581014426,64.43606759806194,0.5915190637765729,0.125,38.94930853378173,39.2338243393139,39.340946127231575,0.6,30,50,0,0.0,0.5489090909090909,525,288,0.5485714285714286,0.05714285714285714,0.9085365853658537,0.6681614349775785,0.11874789187128577,0.13070237763014003,0.0741891591119652,61.48780367915167,0.6334477116311127,2.786127167630058,2.16,2.697986577181208,0.0
329,template_deposition,C,C,none,0,1.0,template_site:index=550:site=C:neigh=1:ahead0=39.352:mode=shell,x,yz,520,221,299,30,329,6214.824524822294,36.8102202707912,500.0,0.001,55.75,0.05575,-4437.9307,-4428.9243,-4437.9307,-9.006348,-7.5273438,1.0,0.05575,0.05575,9,519,550,1,1,1.4777566665368544,64.44731582548744,4.760000000040001,10.0,446.0,0.0,-5.6961093,-91.261734,64.4598977905734,0.49999999916963384,63.95989779140376,39.36477631974303,0.9504852789288176,5.36322869955157,64.23793867642112,64.35204124937005,64.43606759806194,0.37931441147339706,0.125,39.14281720559076,39.25691977853968,39.340946127231575,0.6,30,50,0,0.0,0.5507272727272727,525,289,0.5504761904761905,0.05714285714285714,0.9088145896656535,0.6704035874439462,0.11897512828447039,0.1309124321257216,0.07455774705826812,61.48780367915167,0.6365948182153512,2.7884615384615383,2.230769230769231,2.702341137123746,0.0
330,template_deposition,C,C,none,0,1.0,template_site:index=561:site=C:neigh=1:ahead0=40.582:mode=shell,x,yz,521,221,300,30,330,6229.470619142397,14.64609432010231,500.0,0.001,55.75,0.05575,-4445.78,-4437.9307,-4445.78,-7.849121,-7.5410156,0.8696084117081039,0.05575,0.05575,7,520,561,7,7,1.3852026119847076,65.67707189907047,16.83000000046,10.0,446.0,0.0,-5.7137084,-91.5437,65.68327263675187,0.49999999916963384,65.18327263758223,40.5881511659215,0.7337353062722567,5.381165919282512,64.39123340976806,64.35204124937005,64.82691024442694,0.614810543225425,0.125,39.2961119389377,39.25691977853968,39.73178877359658,0.6,30,50,0,0.0,0.5527272727272727,525,290,0.5523809523809524,0.05714285714285714,0.9090909090909091,0.672645739910314,0.11907912708769,0.130987039796459,0.074849737026548,61.48780367915167,0.6390879099209331,2.7869481765834934,2.0,2.7,0.0
331,template_deposition,C,C,none,0,1.0,template_site:index=562:site=C:neigh=2:ahead0=40.582:mode=shell,x,yz,522,221,301,30,331,6237.575907211359,8.105288068961977,500.0,0.001,55.75,0.05575,-4457.237,-4445.78,-4457.237,-11.457031,-10.202148,1.0,0.05575,0.05575,8,521,562,6,6,1.4426683734092673,65.67707189907047,15.409999999230001,10.0,446.0,0.0,-5.739397,-91.95528,65.67008707122324,0.49999999916963384,65.1700870720536,40.57496560039287,0.8136351855269935,5.3991031390134525,64.51989862652516,64.35204124937005,65.55681643278841,0.7174830334726141,0.125,39.4247771556948,39.25691977853968,40.461694961958045,0.6,30,50,0,0.0,0.5547272727272727,525,291,0.5542857142857143,0.05714285714285714,0.9093655589123867,0.6748878923766816,0.11910808808367009,0.13097932609865381,0.07509481362989485,61.48780367915167,0.6411804422453674,2.789272030651341,2.1052631578947367,2.7043189368770766,0.0
332,template_vacancy,vac,C,vac,1,1.0,template_site:index=563:site=C:neigh=1:ahead0=40.582:mode=shell,x,yz,522,221,301,31,332,6242.087057338222,4.511150126862951,500.0,0.001,55.75,0.05575,-4457.237,-4457.237,-4457.237,0.0,0.0,0.9999999996990201,0.05575,0.05575,0,-1,563,5,5,1.5262604870716558,65.67707189907047,11.15,10.0,446.0,0.0,-5.739397,-91.95528,65.67008707122324,0.49999999916963384,65.1700870720536,40.57496560039287,0.8136351855269935,5.3991031390134525,64.51989862652516,64.35204124937005,65.55681643278841,0.7174830334726141,0.125,39.4247771556948,39.25691977853968,40.461694961958045,0.6,30,50,0,0.0,0.5547272727272727,525,291,0.5542857142857143,0.05904761904761905,0.9066265060240963,0.6748878923766816,0.11874932878221325,0.13097932609865381,0.07509481362989485,61.48780367915167,0.6411804422453674,2.789272030651341,2.1052631578947367,2.7043189368770766,0.0
333,template_deposition,C,C,none,0,1.0,template_site:index=560:site=C:neigh=1:ahead0=40.582:mode=shell,x,yz,523,221,302,31,333,6254.379966572518,12.292909234296822,500.0,0.001,55.75,0.05575,-4464.6426,-4457.237,-4464.6426,-7.4057617,-6.34375,0.9955288119300513,0.05575,0.05575,9,522,560,4,4,1.5218304705337717,65.67707189907047,4.05000000054,10.0,446.0,0.0,-5.7560015,-92.22131,65.67008707122324,0.49999999916963384,65.1700870720536,40.57496560039287,0.8634374150438036,5.417040358744394,64.66697653234563,64.36988983930644,65.62160282145202,0.7984062494862875,0.125,39.571855061515265,39.274768368476074,40.52648135062165,0.6,30,50,0,0.0,0.5567272727272727,525,292,0.5561904761904762,0.05904761904761905,0.9069069069069069,0.6771300448430493,0.11883439958412992,0.13103263265402407,0.07537496202193383,61.48780367915167,0.6435724272736169,2.7877629063097515,2.1,2.7019867549668874,0.0
334,template_deposition,C,C,none,0,1.0,template_site:index=559:site=C:neigh=2:ahead0=40.582:mode=shell,x,yz,524,221,303,31,334,6290.142043446765,35.76207687424606,500.0,0.001,55.75,0.05575,-4475.5522,-4464.6426,-4475.5522,-10.909668,-9.54248,1.0,0.05575,0.05575,9,523,559,3,3,1.4210955553685056,65.67707189907047,2.62999999931,10.0,446.0,0.0,-5.7804627,-92.61323,65.67008707122324,0.49999999916963384,65.1700870720536,40.57496560039287,0.8983670579665807,5.434977578475336,64.80524714074457,64.9278209828449,65.59912959995941,0.8335451852231185,0.125,39.710125669914206,39.83269951201454,40.50400812912905,0.6,30,50,0,0.0,0.5587272727272727,525,293,0.5580952380952381,0.05904761904761905,0.907185628742515,0.679372197309417,0.11889259182609044,0.13105652036275314,0.0756383346093604,61.48780367915167,0.6458211758078862,2.7938931297709924,2.2857142857142856,2.712871287128713,0.0
335,template_deposition,C,C,none,0,1.0,template_site:index=558:site=C:neigh=1:ahead0=40.582:mode=shell,x,yz,525,221,304,31,335,6295.735935520791,5.593892074026385,500.0,0.001,55.75,0.05575,-4483.1006,-4475.5522,-4483.1006,-7.54834,-6.7490234,0.9999999999999423,0.05575,0.05575,9,524,558,2,2,1.5416853982183065,65.67707189907047,6.890000000770001,10.0,446.0,0.0,-5.7973876,-92.88439,65.67008707122324,0.49999999916963384,65.1700870720536,40.57496560039287,0.930461516055457,5.452914798206278,64.95501775656143,65.51322632218356,65.63841057845485,0.851085328165578,0.125,39.85989628573107,40.41810485135319,40.54328910762449,0.6,30,50,0,0.0,0.5607272727272727,525,294,0.56,0.05904761904761905,0.9074626865671642,0.6816143497757847,0.11898476503203304,0.13111807988727325,0.07592361197282108,61.48780367915167,0.6482569534232062,2.7923809523809524,2.272727272727273,2.710526315789474,0.0
336,template_deposition,C,C,none,0,1.0,template_site:index=557:site=C:neigh=1:ahead0=40.582:mode=shell,x,yz,526,221,305,31,336,6296.066714033095,0.330778512304001,500.0,0.001,55.75,0.05575,-4491.7847,-4483.1006,-4491.7847,-8.684082,-7.79834,1.0,0.05575,0.05575,8,525,557,2,2,1.466412636484464,65.67707189907047,8.30999999977,10.0,446.0,0.0,-5.8168583,-93.19634,65.67008707122324,0.49999999916963384,65.1700870720536,40.57496560039287,0.9517532083342856,5.4708520179372195,64.95301225519523,65.51322632218356,65.65737991821781,0.858077333935071,0.125,39.85789078436487,40.41810485135319,40.56225844738745,0.6,30,50,0,0.0,0.5627272727272727,525,295,0.5619047619047619,0.05904761904761905,0.9077380952380952,0.6838565022421524,0.11862467495346687,0.13068160912906515,0.0759197919702188,61.48780367915167,0.6482243371766304,2.790874524714829,2.260869565217391,2.7081967213114755,0.0
337,template_deposition,C,C,none,0,1.0,template_site:index=564:site=C:neigh=1:ahead0=40.582:mode=shell,x,yz,527,221,306,31,337,6297.639698989453,1.5729849563581033,500.0,0.001,55.75,0.05575,-4498.429,-4491.7847,-4498.429,-6.6445312,-5.279785,1.0,0.05575,0.05575,8,526,564,1,1,1.631151703892222,65.67707189907047,12.569999999,10.0,446.0,0.0,-5.8317566,-93.43504,65.67008707122324,0.49999999916963384,65.1700870720536,40.57496560039287,0.9764730704767816,5.488789237668161,65.12198283341434,65.54915108786639,65.65737991821781,0.8446001551085168,0.125,40.02686136258397,40.45402961703603,40.56225844738745,0.6,30,50,0,0.0,0.5647272727272727,525,296,0.5638095238095238,0.05904761904761905,0.9080118694362018,0.6860986547085202,0.118774069325175,0.1308067364790326,0.07624164069063613,61.48780367915167,0.6509723712274287,2.789373814041746,2.25,2.7058823529411766,0.0
338,template_impurity,N,C,N,0,1.0,template_site:index=575:site=C:neigh=1:ahead0=41.812:mode=shell,x,yz,528,221,307,31,338,6298.930165234273,1.2904662448199364,500.0,0.001,55.75,0.05575,-4508.5674,-4498.429,-4508.5674,-10.138184,-8.122559,0.9999636379509659,0.05575,0.05575,7,527,575,7,7,1.4772149225598132,66.9068279726535,13.28000000073,10.0,446.0,0.0,-5.854488,-93.79924,66.80831787682595,0.49999999916963384,66.30831787765632,41.71319640599559,0.7434744474823742,5.506726457399103,65.27454405623466,65.54046136939189,66.02412366786571,1.009429914952864,0.125,40.179422585404296,40.44533989856153,40.929002197035345,0.6,30,50,0,0.0,0.5665454545454546,525,297,0.5657142857142857,0.05904761904761905,0.908284023668639,0.6883408071748879,0.1188740313177642,0.1308775979980596,0.07653223349600818,61.48780367915167,0.6534535335668155,2.787878787878788,2.0625,2.7035830618892507,0.0
339,template_vacancy,vac,C,vac,1,1.0,template_site:index=568:site=C:neigh=1:ahead0=41.812:mode=shell,x,yz,528,221,307,32,339,6303.943190245363,5.0130250110905115,500.0,0.001,55.75,0.05575,-4508.5674,-4508.5674,-4508.5674,0.0,0.0,0.9999988548289982,0.05575,0.05575,0,-1,568,6,6,1.4723647811842864,66.9068279726535,9.01999999927,10.0,446.0,0.0,-5.854488,-93.79924,66.80831787682595,0.49999999916963384,66.30831787765632,41.71319640599559,0.7434744474823742,5.506726457399103,65.27454405623466,65.54046136939189,66.02412366786571,1.009429914952864,0.125,40.179422585404296,40.44533989856153,40.929002197035345,0.6,30,50,0,0.0,0.5665454545454546,525,297,0.5657142857142857,0.06095238095238095,0.9056047197640118,0.6883408071748879,0.11852337045841975,0.1308775979980596,0.07653223349600818,61.48780367915167,0.6534535335668155,2.787878787878788,2.0625,2.7035830618892507,0.0
340,template_impurity,N,C,N,0,1.0,template_site:index=576:site=C:neigh=2:ahead0=41.812:mode=shell,x,yz,529,221,308,32,340,6327.10034038225,23.15715013688608,500.0,0.001,55.75,0.05575,-4516.859,-4508.5674,-4516.859,-8.291504,-6.649414,0.8075625379901229,0.05575,0.05575,8,528,576,5,5,1.5397379709672208,66.9068279726535,14.69999999973,10.0,446.0,0.0,-5.873079,-94.0971,66.9120117050768,0.49999999916963384,66.41201170590716,41.81689023424643,0.8496362962996543,5.524663677130045,65.44425073293569,65.59130652560361,66.83928682577759,1.146878604405144,0.125,40.34912926210532,40.49618505477325,41.74416535494723,0.6,30,50,0,0.0,0.5683636363636364,525,298,0.5676190476190476,0.06095238095238095,0.9058823529411765,0.6905829596412556,0.11867390959442742,0.1310036664354069,0.07685548430877204,61.48780367915167,0.6562135390727296,2.7901701323251418,2.176470588235294,2.707792207792208,0.0
341,template_deposition,C,C,none,0,1.0,template_site:index=574:site=C:neigh=1:ahead0=41.812:mode=shell,x,yz,530,221,309,32,341,6339.454082507416,12.35374212516707,500.0,0.001,55.75,0.05575,-4523.8604,-4516.859,-4523.8604,-7.001465,-6.5927734,0.999999538939608,0.05575,0.05575,7,529,574,4,4,1.4416802913519042,66.9068279726535,17.539999999960003,10.0,446.0,0.0,-5.888777,-94.34861,66.92905023654471,0.49999999916963384,66.42905023737508,41.83392876571435,0.9233954430221332,5.542600896860987,65.59890963560528,65.59130652560361,66.91176523235357,1.2477964798252525,0.125,40.50378816477492,40.49618505477325,41.81664376152321,0.6,30,50,0,0.0,0.5701818181818181,525,299,0.5695238095238095,0.06095238095238095,0.906158357771261,0.6928251121076233,0.11877943743335753,0.13108022059797708,0.07715007269480936,61.48780367915167,0.6587288167931149,2.788679245283019,2.1666666666666665,2.705501618122977,0.0
342,template_deposition,C,C,none,0,1.0,template_site:index=573:site=C:neigh=1:ahead0=41.812:mode=shell,x,yz,531,221,310,32,342,6363.420083448347,23.96600094093085,500.0,0.001,55.75,0.05575,-4532.187,-4523.8604,-4532.187,-8.32666,-7.789551,1.0,0.05575,0.05575,6,530,573,4,4,1.4145819896528578,66.9068279726535,18.95999999896,10.0,446.0,0.0,-5.9074464,-94.64773,66.94165336104456,0.49999999916963384,66.44165336187493,41.846531890214195,0.9655219646174062,5.560538116591928,65.60143919803184,65.59130652560361,66.93283117389467,1.2567633157832592,0.125,40.50631772720148,40.49618505477325,41.837709703064306,0.6,30,50,0,0.0,0.5720000000000001,525,300,0.5714285714285714,0.06095238095238095,0.9064327485380117,0.695067264573991,0.11843952551813297,0.13066554105548864,0.07715489090895519,61.48780367915167,0.6587699560479785,2.787193973634652,2.1578947368421053,2.703225806451613,0.0
343,template_deposition,C,C,none,0,1.0,template_site:index=565:site=C:neigh=1:ahead0=40.582:mode=shell,x,yz,532,221,311,32,343,6422.6372951868725,59.21721173852562,500.0,0.001,55.75,0.05575,-4539.4863,-4532.187,-4539.4863,-7.2993164,-6.4746094,1.0,0.05575,0.05575,10,531,565,1,1,1.4748676090298296,65.67707189907047,19.67000000069,10.0,446.0,0.0,-5.923813,-94.90995,66.92905023654471,0.49999999916963384,66.42905023737508,41.83392876571435,0.9380285526316502,5.57847533632287,65.90683890274002,65.70307257107137,66.87266213948298,0.8653270213027283,0.125,40.811717431909656,40.60795110024101,41.77754066865262,0.6,30,50,0,0.0,0.5740000000000001,525,301,0.5733333333333334,0.06095238095238095,0.9067055393586005,0.6973094170403588,0.11898459892685032,0.13122738724086705,0.07773660463220887,61.48780367915167,0.6637367898985057,2.7857142857142856,2.15,2.7009646302250805,0.0
344,template_impurity,N,C,N,0,1.0,template_site:index=566:site=C:neigh=1:ahead0=40.582:mode=shell,x,yz,533,221,312,32,344,6423.815923474548,1.1786282876752703,500.0,0.001,55.75,0.05575,-4550.5938,-4539.4863,-4550.5938,-11.107422,-9.400879,1.0,0.05575,0.05575,10,532,566,1,1,1.402912612843881,65.67707189907047,21.08999999969,10.0,446.0,0.0,-5.948717,-95.30896,66.92905023654471,0.49999999916963384,66.42905023737508,41.83392876571435,0.9110596037812958,5.596412556053812,65.90724300808358,65.73632209074336,66.85564825676587,0.8631405615436145,0.125,40.81212153725322,40.64120061991299,41.76052678593551,0.6,32,50,0,0.0,0.5760000000000001,525,302,0.5752380952380952,0.06095238095238095,0.9069767441860465,0.6995515695067265,0.1186398881896896,0.13080808185017057,0.0777373743566728,61.48780367915167,0.663743362020445,2.7842401500938085,2.142857142857143,2.698717948717949,0.0
345,template_deposition,C,C,none,0,1.0,template_site:index=569:site=C:neigh=1:ahead0=41.812:mode=shell,x,yz,534,221,313,32,345,6455.73312698585,31.917203511301288,500.0,0.001,55.75,0.05575,-4557.688,-4550.5938,-4557.688,-7.0942383,-5.883301,0.5538685832639414,0.05575,0.05575,8,533,569,4,4,1.5702097431868494,66.9068279726535,1.9199999998100001,10.0,446.0,0.0,-5.964624,-95.56381,66.92905023654471,0.49999999916963384,66.42905023737508,41.83392876571435,0.9387211483788327,5.614349775784754,66.0736551912183,66.31441460317458,66.8778421339306,0.9008673679932164,0.125,40.97853372038793,41.21929313234422,41.782720663100235,0.6,32,50,0,0.0,0.5796363636363637,525,304,0.579047619047619,0.06095238095238095,0.9072463768115943,0.7017937219730942,0.11877835860982008,0.13092183297248539,0.07805434994359606,61.48780367915167,0.6664497878996822,2.7865168539325844,2.227272727272727,2.702875399361022,0.0
346,template_deposition,C,C,none,0,1.0,template_site:index=570:site=C:neigh=1:ahead0=41.812:mode=shell,x,yz,535,221,314,32,346,6467.09668539255,11.363558406700637,500.0,0.001,55.75,0.05575,-4566.7114,-4557.688,-4566.7114,-9.0234375,-7.0561523,0.9998661566867307,0.05575,0.05575,10,534,570,4,4,1.4548760621749426,66.9068279726535,0.5000000008100001,10.0,446.0,0.0,-5.9848557,-95.88796,67.00513423465792,0.49999999916963384,66.50513423548828,41.91001276382755,0.9603983150752599,5.632286995515695,66.09887969202133,66.35886186506619,66.95187543597868,0.9185701189425526,0.125,41.003758221190964,41.263740394235825,41.856753965148314,0.6,32,50,0,0.0,0.5796363636363637,525,304,0.579047619047619,0.06095238095238095,0.9075144508670521,0.7040358744394619,0.11850797173754614,0.13058521726493938,0.07810239661179232,61.48780367915167,0.6668600237398605,2.7850467289719627,2.217391304347826,2.700636942675159,0.0
347,template_deposition,C,C,none,0,1.0,template_site:index=571:site=C:neigh=1:ahead0=41.812:mode=shell,x,yz,536,221,315,32,347,6469.533897831036,2.4372124384853895,500.0,0.001,55.75,0.05575,-4574.128,-4566.7114,-4574.128,-7.416504,-6.173828,0.999997654343694,0.05575,0.05575,9,535,571,3,3,1.7183486663761416,66.9068279726535,4.760000000040001,10.0,446.0,0.0,-6.0014844,-96.15438,67.00513423465792,0.49999999916963384,66.50513423548828,41.91001276382755,0.970254988248973,5.650224215246637,66.25725136262304,66.77965696147803,66.95187543597868,0.9072899214624791,0.125,41.162129891792674,41.68453549064766,41.856753965148314,0.6,32,50,0,0.0,0.5814545454545454,525,305,0.580952380952381,0.06095238095238095,0.9077809798270894,0.7062780269058296,0.11862285271409992,0.13067342822791325,0.07840405693674796,61.48780367915167,0.6694356836451664,2.783582089552239,2.2083333333333335,2.6984126984126986,0.0
348,template_deposition,C,C,none,0,1.0,template_site:index=572:site=C:neigh=2:ahead0=41.812:mode=shell,x,yz,537,221,316,32,348,6471.775277278931,2.241379447895302,500.0,0.001,55.75,0.05575,-4584.914,-4574.128,-4584.914,-10.786133,-9.547363,1.0,0.05575,0.05575,9,536,572,2,2,1.4904683491544464,66.9068279726535,6.17999999904,10.0,446.0,0.0,-6.0256686,-96.541855,67.00513423465792,0.49999999916963384,66.50513423548828,41.91001276382755,0.9818356490611148,5.668161434977579,66.40372795378609,66.81615464289786,66.95187543597868,0.8869494472775569,0.125,41.308606482955724,41.72103317206749,41.856753965148314,0.6,32,50,0,0.0,0.5832727272727273,525,306,0.5828571428571429,0.06095238095238095,0.9080459770114943,0.7085201793721974,0.1187028921924015,0.13072343823720167,0.07868305996753472,61.48780367915167,0.6718178892599153,2.7858472998137804,2.28,2.7025316455696204,0.0
349,template_impurity,N,C,N,0,1.0,template_site:index=577:site=C:neigh=2:ahead0=41.812:mode=shell,x,yz,538,221,317,32,349,6480.069281502028,8.29400422309724,500.0,0.001,55.75,0.05575,-4594.4746,-4584.914,-4594.4746,-9.560547,-7.055176,1.0,0.05575,0.05575,10,537,577,1,1,1.0392150617959068,66.9068279726535,21.79999999919,10.0,446.0,0.0,-6.047105,-96.8853,67.03261395689985,0.49999999916963384,66.53261395773022,41.93749248606949,0.9936523625231116,5.686098654708521,66.53290025833422,66.8296044042853,66.96011935265125,0.8811579841247208,0.125,41.43777878750386,41.73448293345494,41.864997881820884,0.6,32,50,0,0.0,0.5850909090909091,525,307,0.5847619047619048,0.06095238095238095,0.9083094555873925,0.7107623318385651,0.11873289050860705,0.1307185450709901,0.07892910245238831,61.48780367915167,0.6739186685497752,2.7881040892193307,2.3461538461538463,2.7066246056782335,0.0
350,template_deposition,C,C,none,0,1.0,template_site:index=579:site=C:neigh=1:ahead0=43.041:mode=shell,x,yz,539,221,318,32,350,6503.907016664072,23.837735162043554,500.0,0.001,55.75,0.05575,-4601.795,-4594.4746,-4601.795,-7.3203125,-6.2993164,0.9805098904325683,0.05575,0.05575,7,538,579,8,8,1.5452352095156339,68.13658404623654,6.890000000770001,10.0,446.0,0.0,-6.063518,-97.14827,68.07184905503199,0.49999999916963384,67.57184905586236,42.976727584201626,0.7365543788630408,5.7040358744394615,66.68758400668213,66.86984684467191,67.3443844863395,1.018418300397689,0.125,41.592462535851766,41.77472537384155,42.24926301550913,0.6,32,50,0,0.0,0.5870909090909092,525,308,0.5866666666666667,0.06095238095238095,0.9085714285714286,0.7130044843049327,0.11883560724529076,0.1307939073454458,0.07922373816352718,61.48780367915167,0.6764343503450635,2.7903525046382187,2.3157894736842106,2.710691823899371,0.0
351,template_deposition,C,C,none,0,1.0,template_site:index=578:site=C:neigh=1:ahead0=43.041:mode=shell,x,yz,540,221,319,32,351,6522.220078566522,18.313061902449515,500.0,0.001,55.75,0.05575,-4610.4453,-4601.795,-4610.4453,-8.650391,-7.5195312,0.9999979087517713,0.05575,0.05575,6,539,578,8,8,1.4745935346325627,68.13658404623654,8.30999999977,10.0,446.0,0.0,-6.082914,-97.45903,68.17198666665246,0.49999999916963384,67.67198666748283,43.076865195822094,0.7885332681031118,5.721973094170403,66.70116156995778,66.86984684467191,67.37442576982563,1.0358309476187186,0.125,41.60604009912741,41.77472537384155,42.27930429899527,0.6,30,50,0,0.0,0.5870909090909091,525,308,0.5866666666666667,0.06095238095238095,0.9088319088319088,0.7152466367713004,0.11853572677814078,0.13042645799099503,0.07924960018881412,61.48780367915167,0.6766551675228326,2.7888888888888888,2.3157894736842106,2.70846394984326,0.0
352,template_deposition,C,C,none,0,1.0,template_site:index=581:site=C:neigh=1:ahead0=43.041:mode=shell,x,yz,541,221,320,32,352,6553.305005851954,31.084927285432368,500.0,0.001,55.75,0.05575,-4618.0693,-4610.4453,-4618.0693,-7.6240234,-6.7856445,0.9999997642033113,0.05575,0.05575,10,540,581,7,7,1.5663768976688761,68.13658404623654,4.05000000054,10.0,446.0,0.0,-6.100008,-97.7329,68.17198666665246,0.49999999916963384,67.67198666748283,43.076865195822094,0.8400196745364584,5.739910313901345,66.86891821842417,66.92227683022821,68.08179582301737,1.1273730759030798,0.125,41.773796747593806,41.82715535939785,42.98667435218701,0.6,30,50,0,0.0,0.5890909090909091,525,309,0.5885714285714285,0.06095238095238095,0.9090909090909091,0.7174887892376681,0.11867555894202786,0.13054311483623066,0.07956913666208344,61.48780367915167,0.6793834589632256,2.7874306839186693,2.3,2.70625,0.0
353,template_deposition,C,C,none,0,1.0,template_site:index=580:site=C:neigh=2:ahead0=43.041:mode=shell,x,yz,542,221,321,32,353,6556.868507798344,3.563501946390165,500.0,0.001,55.75,0.05575,-4628.6714,-4618.0693,-4628.6714,-10.602051,-9.95166,1.0,0.05575,0.05575,10,541,580,6,6,1.4056193763135936,68.13658404623654,2.62999999931,10.0,446.0,0.0,-6.1237793,-98.11376,68.17198666665246,0.49999999916963384,67.67198666748283,43.076865195822094,0.8814604250357907,5.757847533632287,66.99892072348523,66.93797917792419,68.112310884504,1.1943858461268648,0.125,41.90379925265486,41.84285770709383,43.017189413673634,0.6,30,50,0,0.0,0.5910909090909091,525,310,0.5904761904761905,0.06095238095238095,0.9093484419263456,0.7197309417040358,0.11870764660808743,0.13054143069362886,0.07981676048124736,61.48780367915167,0.6814977401260301,2.7896678966789668,2.380952380952381,2.710280373831776,0.0
354,template_deposition,C,C,none,0,1.0,template_site:index=583:site=C:neigh=1:ahead0=43.041:mode=shell,x,yz,543,221,322,32,354,6557.156817900871,0.2883101025273002,500.0,0.001,55.75,0.05575,-4635.433,-4628.6714,-4635.433,-6.7617188,-5.9941406,0.050444176123858785,0.05575,0.05575,9,542,583,5,5,1.432616712362316,68.13658404623654,15.409999999230001,10.0,446.0,0.0,-6.1389403,-98.35667,68.17198666665246,0.49999999916963384,67.67198666748283,43.076865195822094,0.9152090913366508,5.7757847533632285,67.1518362644845,67.47862143275356,68.112310884504,1.2399758369695706,0.125,42.05671479365414,42.38349996192319,43.017189413673634,0.6,30,50,0,0.0,0.5930909090909091,525,311,0.5923809523809523,0.06095238095238095,0.9096045197740112,0.7219730941704036,0.11880427907811904,0.13061091550824266,0.08010802817838883,61.48780367915167,0.6839846648793877,2.7882136279926337,2.3636363636363638,2.7080745341614905,0.0
355,template_deposition,C,C,none,0,1.0,template_site:index=582:site=C:neigh=2:ahead0=43.041:mode=shell,x,yz,544,221,323,32,355,6578.011969690164,20.855151789292613,500.0,0.001,55.75,0.05575,-4646.0137,-4635.433,-4646.0137,-10.580566,-9.874512,1.0,0.05575,0.05575,10,543,582,4,4,1.4472251897402149,68.13658404623654,16.83000000046,10.0,446.0,0.0,-6.1626635,-98.736755,68.17198666665246,0.49999999916963384,67.67198666748283,43.076865195822094,0.9422679618313624,5.79372197309417,67.30577836315605,68.02132338852883,68.11482395035594,1.2677493805933948,0.125,42.21065689232569,42.926201917698464,43.01970247952558,0.6,30,50,0,0.0,0.5950909090909091,525,312,0.5942857142857143,0.06095238095238095,0.9098591549295775,0.7242152466367713,0.11890325885162166,0.13068314827345415,0.0804012512234775,61.48780367915167,0.686488284938332,2.7904411764705883,2.4347826086956523,2.7120743034055725,0.0
356,template_vacancy,vac,C,vac,1,1.0,template_site:index=585:site=C:neigh=1:ahead0=43.041:mode=shell,x,yz,544,221,323,33,356,6612.117152342544,34.10518265237958,500.0,0.001,55.75,0.05575,-4646.0137,-4646.0137,-4646.0137,0.0,0.0,0.9986041644382009,0.05575,0.05575,0,-1,585,3,3,1.355388924908745,68.13658404623654,12.569999999,10.0,446.0,0.0,-6.1626635,-98.736755,68.17198666665246,0.49999999916963384,67.67198666748283,43.076865195822094,0.9422679618313624,5.79372197309417,67.30577836315605,68.02132338852883,68.11482395035594,1.2677493805933948,0.125,42.21065689232569,42.926201917698464,43.01970247952558,0.6,30,50,0,0.0,0.5950909090909091,525,312,0.5942857142857143,0.06285714285714286,0.9073033707865169,0.7242152466367713,0.11856926093349912,0.13068314827345415,0.0804012512234775,61.48780367915167,0.686488284938332,2.7904411764705883,2.4347826086956523,2.7120743034055725,0.0
357,template_deposition,C,C,none,0,1.0,template_site:index=586:site=C:neigh=1:ahead0=43.041:mode=shell,x,yz,545,221,324,33,357,6624.101140506465,11.983988163921298,500.0,0.001,55.75,0.05575,-4651.9287,-4646.0137,-4651.9287,-5.915039,-4.555176,0.9999935783353399,0.05575,0.05575,9,544,586,2,2,1.724553730196802,68.13658404623654,19.67000000069,10.0,446.0,0.0,-6.1759257,-98.94924,68.17198666665246,0.49999999916963384,67.67198666748283,43.076865195822094,0.9639830455329106,5.811659192825112,67.43790955032625,68.03196774107577,68.112310884504,1.278341555434547,0.125,42.34278807949589,42.93684627024541,43.017189413673634,0.6,30,50,0,0.0,0.5970909090909092,525,313,0.5961904761904762,0.06285714285714286,0.907563025210084,0.726457399103139,0.11860724952239746,0.1306876175293083,0.08065292967523027,61.48780367915167,0.688637185683912,2.7889908256880735,2.4166666666666665,2.7098765432098766,0.0
358,template_deposition,C,C,none,0,1.0,template_site:index=587:site=C:neigh=2:ahead0=43.041:mode=shell,x,yz,546,221,325,33,358,6650.678039599395,26.57689909293046,500.0,0.001,55.75,0.05575,-4660.7036,-4651.9287,-4660.7036,-8.774902,-7.76709,1.0,0.05575,0.05575,11,545,587,1,1,1.3590516738688785,68.13658404623654,21.08999999969,10.0,446.0,0.0,-6.1956005,-99.264465,68.17198666665246,0.49999999916963384,67.67198666748283,43.076865195822094,0.9781890906426682,5.829596412556054,67.44663691816487,68.04748591979697,68.13136989135562,1.282629581480847,0.125,42.351515447334506,42.952364448966605,43.036248420525254,0.6,30,50,0,0.0,0.5990909090909091,525,314,0.5980952380952381,0.06285714285714286,0.9078212290502793,0.7286995515695067,0.118300322478588,0.1303123552225677,0.08066955323301811,61.48780367915167,0.6887791222520834,2.791208791208791,2.48,2.713846153846154,0.0
359,template_deposition,C,C,none,0,1.0,template_site:index=589:site=C:neigh=1:ahead0=44.271:mode=shell,x,yz,547,221,326,33,359,6757.338175209054,106.66013560965928,500.0,0.001,55.75,0.05575,-4668.4326,-4660.7036,-4668.4326,-7.729004,-7.2402344,0.9999999997474842,0.05575,0.05575,4,546,589,8,8,1.4342410439271451,69.36634011981957,9.01999999927,10.0,446.0,0.0,-6.21293,-99.542114,69.31364661892265,0.49999999916963384,68.81364661975302,44.21852514809228,0.7104679085807737,5.8475336322869955,68.09819255974173,68.06843752505037,68.59347244077716,0.6100604935862958,0.125,43.00307108891137,42.97331605422001,43.4983509699468,0.6,30,50,0,0.0,0.600909090909091,525,315,0.6,0.06285714285714286,0.9080779944289693,0.7309417040358744,0.11978571333958599,0.13191126100893058,0.08191061159792641,61.48780367915167,0.6993756243645467,2.789762340036563,2.3333333333333335,2.7116564417177913,0.0
360,template_deposition,C,C,none,0,1.0,template_site:index=588:site=C:neigh=1:ahead0=44.271:mode=shell,x,yz,548,221,327,33,360,6775.806248369576,18.468073160522128,500.0,0.001,55.75,0.05575,-4676.707,-4668.4326,-4676.707,-8.274414,-7.569336,0.999999999999877,0.05575,0.05575,5,547,588,8,8,1.4183436875167799,69.36634011981957,10.440000000500001,10.0,446.0,0.0,-6.2314825,-99.839355,69.39280154905148,0.49999999916963384,68.89280154988185,44.29768007822112,0.8012737983140312,5.865470852017937,68.1196572878042,68.06843752505037,68.681435448839,0.633744837121254,0.125,43.02453581697384,42.97331605422001,43.58631397800863,0.6,30,50,0,0.0,0.6027272727272728,525,316,0.6019047619047619,0.06285714285714286,0.9083333333333333,0.7331838565022422,0.119512599491594,0.13157350402744292,0.08195149679423588,61.48780367915167,0.6997247135623732,2.7883211678832116,2.3157894736842106,2.709480122324159,0.0
361,template_deposition,C,C,none,0,1.0,template_site:index=584:site=C:neigh=1:ahead0=43.041:mode=shell,x,yz,549,221,328,33,361,6785.298151095586,9.491902726010546,500.0,0.001,55.75,0.05575,-4683.803,-4676.707,-4683.803,-7.0961914,-6.621582,1.0,0.05575,0.05575,7,548,584,1,1,1.4637361778538411,68.13658404623654,11.15,10.0,446.0,0.0,-6.247393,-100.09428,69.34132482640966,0.49999999916963384,68.84132482724003,44.2462033555793,0.7851136452230034,5.883408071748879,68.12226139761691,68.06843752505037,68.71660801675601,0.6251958170187017,0.125,43.027139926786546,42.97331605422001,43.62148654592565,0.6,34,50,0,0.0,0.6047272727272727,525,317,0.6038095238095238,0.06285714285714286,0.9085872576177285,0.7354260089686099,0.11918875325979653,0.13118030465483704,0.08195645700340294,61.48780367915167,0.6997670652102919,2.7868852459016393,2.3,2.707317073170732,0.0
362,template_deposition,C,C,none,0,1.0,template_site:index=567:site=C:neigh=1:ahead0=41.812:mode=shell,x,yz,550,221,329,33,362,6798.655051705625,13.356900610039222,500.0,0.001,55.75,0.05575,-4692.5146,-4683.803,-4692.5146,-8.711426,-6.612793,1.0,0.05575,0.05575,13,549,567,1,1,1.4854804905289924,66.9068279726535,10.440000000500001,10.0,446.0,0.0,-6.266926,-100.40723,69.35457684008051,0.49999999916963384,68.85457684091088,44.25945536925015,0.7875977772451387,5.901345291479821,68.13324217677095,68.06843752505037,68.76607565945866,0.6306404327078592,0.125,43.038120705940585,42.97331605422001,43.6709541886283,0.6,34,50,0,0.0,0.6047272727272727,525,317,0.6038095238095238,0.06285714285714286,0.9088397790055248,0.7376681614349776,0.11888983620425576,0.1308149565530109,0.08197737277322016,61.48780367915167,0.699945649880698,2.792727272727273,2.2857142857142856,2.717325227963526,0.0
363,template_impurity,N,C,N,0,1.0,template_site:index=594:site=C:neigh=1:ahead0=44.271:mode=shell,x,yz,551,221,330,33,363,6823.987355043132,25.332303337507188,500.0,0.001,55.75,0.05575,-4700.2974,-4692.5146,-4700.2974,-7.782715,-6.6713867,0.8577400875153955,0.05575,0.05575,9,550,594,7,7,1.5439884039128429,69.36634011981957,18.95999999896,10.0,446.0,0.0,-6.2843757,-100.6868,69.35457684008051,0.49999999916963384,68.85457684091088,44.25945536925015,0.8462886696909011,5.9192825112107625,68.28299944989789,68.09564528036512,69.2926871962277,0.731647040971232,0.125,43.18787797906752,43.000523809534755,44.19756572539734,0.6,34,50,0,0.0,0.6065454545454546,525,318,0.6057142857142858,0.06285714285714286,0.9090909090909091,0.7399103139013453,0.11897487046575075,0.13087235751232582,0.08226262472203337,61.48780367915167,0.7023812104986765,2.7912885662431943,2.272727272727273,2.7151515151515153,0.0
364,template_impurity,N,C,N,0,1.0,template_site:index=595:site=C:neigh=2:ahead0=44.271:mode=shell,x,yz,552,221,331,33,364,6832.042740602229,8.055385559096631,500.0,0.001,55.75,0.05575,-4711.597,-4700.2974,-4711.597,-11.299805,-10.493164,1.0,0.05575,0.05575,10,551,595,6,6,1.4255854222628435,69.36634011981957,17.539999999960003,10.0,446.0,0.0,-6.3097115,-101.09273,69.35457684008051,0.49999999916963384,68.85457684091088,44.25945536925015,0.8898839290401739,5.937219730941704,68.28508126759017,68.07771836567349,69.32025910413003,0.7389164012635292,0.125,43.18995979675981,42.98259689484313,44.22513763329967,0.6,34,50,0,0.0,0.6083636363636363,525,319,0.6076190476190476,0.06285714285714286,0.9093406593406593,0.742152466367713,0.1186537357053841,0.13048326222586046,0.0822665900890663,61.48780367915167,0.7024150679072636,2.7934782608695654,2.347826086956522,2.719033232628399,0.0
365,template_deposition,C,C,none,0,1.0,template_site:index=598:site=C:neigh=1:ahead0=44.271:mode=shell,x,yz,553,221,332,33,365,6848.391088287501,16.3483476852717,500.0,0.001,55.75,0.05575,-4718.8306,-4711.597,-4718.8306,-7.2333984,-6.7543945,0.9992921338177693,0.05575,0.05575,10,552,598,5,5,1.5244020934568856,69.36634011981957,21.79999999919,10.0,446.0,0.0,-6.32593,-101.35258,69.35457684008051,0.49999999916963384,68.85457684091088,44.25945536925015,0.9187609558086987,5.955156950672646,68.4329473238577,68.28299559780054,69.32025910413003,0.8034002717318213,0.125,43.33782585302734,43.18787412697017,44.22513763329967,0.6,34,50,0,0.0,0.6101818181818182,525,320,0.6095238095238096,0.06285714285714286,0.9095890410958904,0.7443946188340808,0.11873376946034887,0.13053562003923896,0.08254823972005208,61.48780367915167,0.7048198709319269,2.7920433996383363,2.3333333333333335,2.716867469879518,0.0
366,template_deposition,C,C,none,0,1.0,template_site:index=597:site=C:neigh=1:ahead0=44.271:mode=shell,x,yz,554,221,333,33,366,6856.258112006798,7.86702371929703,500.0,0.001,55.75,0.05575,-4725.791,-4718.8306,-4725.791,-6.960449,-6.442871,0.9987249473831509,0.05575,0.05575,9,553,597,5,5,1.5177400889828558,69.36634011981957,14.69999999973,10.0,446.0,0.0,-6.3415365,-101.602615,69.35457684008051,0.49999999916963384,68.85457684091088,44.25945536925015,0.9465597395361365,5.973094170403588,68.59051558169632,68.90004786070665,69.33375211516166,0.8365860033958102,0.125,43.49539411086596,43.804926389876286,44.238630644331295,0.6,34,50,0,0.0,0.612,525,321,0.6114285714285714,0.06285714285714286,0.9098360655737705,0.7466367713004485,0.11883987461985235,0.1306167991317296,0.08284836973498277,61.48780367915167,0.7073824646238536,2.7906137184115525,2.32,2.714714714714715,0.0
367,template_deposition,C,C,none,0,1.0,template_site:index=596:site=C:neigh=1:ahead0=44.271:mode=shell,x,yz,555,221,334,33,367,6864.106879905238,7.848767898440651,500.0,0.001,55.75,0.05575,-4734.224,-4725.791,-4734.224,-8.433105,-7.6523438,0.9999999999999991,0.05575,0.05575,10,554,596,5,5,1.4509694948167329,69.36634011981957,13.28000000073,10.0,446.0,0.0,-6.3604445,-101.905556,69.42810757513645,0.49999999916963384,68.92810757596682,44.33298610430609,0.9728401782415179,5.99103139013453,68.90062174220705,69.27356891869451,69.38486808092983,0.5684522254663699,0.125,43.80550027137669,44.178447447864144,44.28974661009947,0.6,34,50,0,0.0,0.6138181818181817,525,322,0.6133333333333333,0.06285714285714286,0.9100817438692098,0.7488789237668162,0.11936103616178934,0.1311541924292715,0.0834390481359556,61.48780367915167,0.7124258413905517,2.789189189189189,2.3076923076923075,2.712574850299401,0.0
368,template_deposition,C,C,none,0,1.0,template_site:index=590:site=C:neigh=1:ahead0=44.271:mode=shell,x,yz,556,221,335,33,368,6869.665573692145,5.558693786906439,500.0,0.001,55.75,0.05575,-4741.0425,-4734.224,-4741.0425,-6.8183594,-6.154785,0.9999615181765381,0.05575,0.05575,10,555,590,4,4,1.5415416984755705,69.36634011981957,1.9199999998100001,10.0,446.0,0.0,-6.3757324,-102.1505,69.42810757513645,0.49999999916963384,68.92810757596682,44.33298610430609,0.9876330305390123,6.00896860986547,69.05498894003159,69.27398434896936,69.38486808092983,0.4766557711246556,0.125,43.95986746920123,44.178862878139,44.28974661009947,0.6,34,50,0,0.0,0.6156363636363636,525,323,0.6152380952380953,0.06285714285714286,0.9103260869565217,0.7511210762331838,0.1194561616010903,0.13122348498269024,0.08373308089371663,61.48780367915167,0.7149363750019008,2.787769784172662,2.2962962962962963,2.71044776119403,0.0
369,template_deposition,C,C,none,0,1.0,template_site:index=592:site=C:neigh=1:ahead0=44.271:mode=shell,x,yz,557,221,336,33,369,6925.692849009311,56.027275317166456,500.0,0.001,55.75,0.05575,-4748.5835,-4741.0425,-4748.5835,-7.5410156,-6.9057617,1.0,0.05575,0.05575,10,556,592,2,2,1.5289084466337945,69.36634011981957,4.760000000040001,10.0,446.0,0.0,-6.3926406,-102.421394,69.42810757513645,0.49999999916963384,68.92810757596682,44.33298610430609,1.0005066781529224,6.026905829596412,69.21544098410658,69.2754946423143,69.38486808092983,0.2565109377742215,0.125,44.120319513276215,44.180373171483936,44.28974661009947,0.6,34,50,0,0.0,0.6174545454545455,525,324,0.6171428571428571,0.06285714285714286,0.9105691056910569,0.7533632286995515,0.11956726155359408,0.1313104747418935,0.08403870383481184,61.48780367915167,0.7175458688278997,2.786355475763016,2.2857142857142856,2.7083333333333335,0.0
370,template_deposition,C,C,none,0,1.0,template_site:index=593:site=C:neigh=2:ahead0=44.271:mode=shell,x,yz,558,221,337,33,370,6951.46643010042,25.773581091108575,500.0,0.001,55.75,0.05575,-4758.7563,-4748.5835,-4758.7563,-10.172852,-8.898926,1.0,0.05575,0.05575,10,557,593,1,1,1.4243541980202146,69.36634011981957,6.17999999904,10.0,446.0,0.0,-6.4154496,-102.786835,69.42810757513645,0.49999999916963384,68.92810757596682,44.33298610430609,1.0063696932529087,6.044843049327354,69.29558058613117,69.26241327708422,69.38486808092983,0.06182113517611449,0.125,44.2004591153008,44.16729180625386,44.28974661009947,0.6,35,50,0,0.0,0.6192727272727272,525,325,0.6190476190476191,0.06285714285714286,0.9108108108108108,0.7556053811659192,0.11946070031162379,0.13115863238961661,0.08419135069581105,61.48780367915167,0.7188492102587104,2.7885304659498207,2.3448275862068964,2.712166172106825,0.0
371,template_vacancy,vac,C,vac,1,1.0,template_site:index=606:site=C:neigh=1:ahead0=45.501:mode=shell,x,yz,558,221,337,34,371,7030.284216130833,78.81778603041262,500.0,0.001,55.75,0.05575,-4758.7563,-4758.7563,-4758.7563,0.0,0.0,0.9999991052379026,0.05575,0.05575,0,-1,606,10,10,1.3946449105293226,70.5960961934026,12.569999999,10.0,446.0,0.0,-6.4154496,-102.786835,69.42810757513645,0.49999999916963384,68.92810757596682,44.33298610430609,1.0063696932529087,6.044843049327354,69.29558058613117,69.26241327708422,69.38486808092983,0.06182113517611449,0.125,44.2004591153008,44.16729180625386,44.28974661009947,0.6,35,50,0,0.0,0.6192727272727272,525,325,0.6190476190476191,0.06476190476190476,0.9083557951482479,0.7556053811659192,0.11913870381482695,0.13115863238961661,0.08419135069581105,61.48780367915167,0.7188492102587104,2.7885304659498207,2.3448275862068964,2.712166172106825,0.0
372,template_deposition,C,C,none,0,1.0,template_site:index=608:site=C:neigh=1:ahead0=45.501:mode=shell,x,yz,559,221,338,34,372,7065.262743572006,34.97852744117319,500.0,0.001,55.75,0.05575,-4766.74,-4758.7563,-4766.74,-7.9838867,-7.043457,0.9333485963541291,0.05575,0.05575,9,558,608,9,9,1.5262584579153675,70.5960961934026,21.08999999969,10.0,446.0,0.0,-6.4333506,-103.07364,70.52158661821124,0.49999999916963384,70.02158661904161,45.42646514738088,0.6848835838175175,6.062780269058296,69.44839755650453,69.27367918080586,69.75615128805889,0.4107381731929935,0.125,44.35327608567417,44.17855770997549,44.661029817228524,0.6,35,50,0,0.0,0.6212727272727272,525,326,0.6209523809523809,0.06476190476190476,0.9086021505376344,0.757847533632287,0.11922923678944669,0.13122271031264546,0.08448243063937937,61.48780367915167,0.7213345319197471,2.7871198568872986,2.2,2.710059171597633,0.0
373,template_impurity,N,C,N,0,1.0,template_site:index=591:site=C:neigh=2:ahead0=44.271:mode=shell,x,yz,560,221,339,34,373,7077.448329588194,12.185586016187917,500.0,0.001,55.75,0.05575,-4777.4976,-4766.74,-4777.4976,-10.757324,-6.647461,1.0,0.05575,0.05575,12,559,591,1,1,1.0383639332762218,69.36634011981957,0.5000000008100001,10.0,446.0,0.0,-6.4574704,-103.46008,70.63327104700147,0.49999999916963384,70.13327104783184,45.53814957617111,0.6998087558141578,6.0807174887892375,69.4884516326697,69.3263961234997,69.79243143125771,0.43855027327509594,0.125,44.39333016183933,44.23127465266934,44.69730996042735,0.6,35,50,0,0.0,0.6230909090909091,525,327,0.6228571428571429,0.06476190476190476,0.9088471849865952,0.7600896860986547,0.11901697094326898,0.1309537762886116,0.0845587241177892,61.48780367915167,0.7219859468958644,2.789285714285714,2.2857142857142856,2.713864306784661,0.0
374,template_deposition,C,C,none,0,1.0,template_site:index=607:site=C:neigh=2:ahead0=45.501:mode=shell,x,yz,561,221,340,34,374,7108.749344383718,31.301014795524768,500.0,0.001,55.75,0.05575,-4787.686,-4777.4976,-4787.686,-10.188477,-8.930664,1.0,0.05575,0.05575,10,560,607,8,8,1.4118654508235196,70.5960961934026,19.67000000069,10.0,446.0,0.0,-6.4803143,-103.82608,70.56375929490146,0.49999999916963384,70.06375929573183,45.468637824071095,0.7507737820290947,6.098654708520179,69.49056673661548,69.35318112797995,69.79458170792175,0.41274269393934626,0.125,44.39544526578511,44.25805965714959,44.69946023709139,0.6,35,50,0,0.0,0.6250909090909091,525,328,0.6247619047619047,0.06476190476190476,0.9090909090909091,0.7623318385650224,0.11870439910637731,0.13057483901701503,0.08456275288720974,61.48780367915167,0.7220203456517025,2.7914438502673797,2.3636363636363638,2.7176470588235295,0.0
375,template_deposition,C,C,none,0,1.0,template_site:index=605:site=C:neigh=1:ahead0=45.501:mode=shell,x,yz,562,221,341,34,375,7163.0342170719305,54.28487268821223,500.0,0.001,55.75,0.05575,-4796.15,-4787.686,-4796.15,-8.463867,-6.63916,0.9999733747864397,0.05575,0.05575,8,561,605,7,7,1.4039736329675812,70.5960961934026,11.15,10.0,446.0,0.0,-6.499292,-104.130135,70.56375929490146,0.49999999916963384,70.06375929573183,45.468637824071095,0.816753087092208,6.116591928251121,69.61815713750174,69.34790449185516,70.54941406535838,0.5460301686733378,0.125,44.523035666671376,44.2527830210248,45.45429259452801,0.6,35,50,0,0.0,0.6270909090909091,525,329,0.6266666666666667,0.06476190476190476,0.9093333333333333,0.7645739910313901,0.11872809511112367,0.1305660869990363,0.08480578222223119,61.48780367915167,0.7240953978287495,2.790035587188612,2.347826086956522,2.7155425219941347,0.0
376,template_deposition,C,C,none,0,1.0,template_site:index=602:site=C:neigh=1:ahead0=45.501:mode=shell,x,yz,563,221,342,34,376,7169.04166801411,6.007450942179528,500.0,0.001,55.75,0.05575,-4802.876,-4796.15,-4802.876,-6.726074,-6.188965,0.9966854978290872,0.05575,0.05575,9,562,602,6,6,1.55395797932714,70.5960961934026,4.05000000054,10.0,446.0,0.0,-6.5143723,-104.37176,70.56375929490146,0.49999999916963384,70.06375929573183,45.468637824071095,0.8606698294190106,6.134529147982063,69.78258246653533,69.4260883366479,70.55110397840882,0.6014142326149609,0.125,44.68746099570497,44.33096686581753,45.455982507578454,0.6,35,50,0,0.0,0.629090909090909,525,330,0.6285714285714286,0.06476190476190476,0.9095744680851063,0.7668161434977578,0.11884963030772598,0.13066509063071627,0.08511897332515232,61.48780367915167,0.7267695107291156,2.7886323268206037,2.3333333333333335,2.7134502923976607,0.0
377,template_vacancy,vac,C,vac,1,1.0,template_site:index=601:site=C:neigh=2:ahead0=45.501:mode=shell,x,yz,563,221,342,35,377,7174.317353881743,5.275685867633375,500.0,0.001,55.75,0.05575,-4802.876,-4802.876,-4802.876,0.0,0.0,1.0,0.05575,0.05575,0,-1,601,5,5,1.3993009530947293,70.5960961934026,2.62999999931,10.0,446.0,0.0,-6.5143723,-104.37176,70.56375929490146,0.49999999916963384,70.06375929573183,45.468637824071095,0.8606698294190106,6.134529147982063,69.78258246653533,69.4260883366479,70.55110397840882,0.6014142326149609,0.125,44.68746099570497,44.33096686581753,45.455982507578454,0.6,35,50,0,0.0,0.629090909090909,525,330,0.6285714285714286,0.06666666666666667,0.9071618037135278,0.7668161434977578,0.11853437929895216,0.13066509063071627,0.08511897332515232,61.48780367915167,0.7267695107291156,2.7886323268206037,2.3333333333333335,2.7134502923976607,0.0
378,template_deposition,C,C,none,0,1.0,template_site:index=600:site=C:neigh=1:ahead0=45.501:mode=shell,x,yz,564,221,343,35,378,7188.541492307143,14.224138425399916,500.0,0.001,55.75,0.05575,-4810.2256,-4802.876,-4810.2256,-7.3496094,-6.71875,0.9999999997500548,0.05575,0.05575,10,563,600,4,4,1.5439910450947731,70.5960961934026,6.890000000770001,10.0,446.0,0.0,-6.5308514,-104.63578,70.56375929490146,0.49999999916963384,70.06375929573183,45.468637824071095,0.8878911764242035,6.1524663677130045,69.94057720439771,70.00019959295142,70.54941406535838,0.600270853861425,0.125,44.84545573356735,44.905078122121054,45.45429259452801,0.6,35,50,0,0.0,0.6310909090909091,525,331,0.6304761904761905,0.06666666666666667,0.9074074074074074,0.7690582959641256,0.1186387717819242,0.1307447689025287,0.08541991568298543,61.48780367915167,0.7293390404310839,2.7872340425531914,2.32,2.7113702623906706,0.0
379,template_deposition,C,C,none,0,1.0,template_site:index=599:site=C:neigh=2:ahead0=45.501:mode=shell,x,yz,565,221,344,35,379,7214.725167608608,26.183675301464987,500.0,0.001,55.75,0.05575,-4822.9497,-4810.2256,-4822.9497,-12.724121,-8.704102,1.0,0.05575,0.05575,10,564,599,3,3,1.4483875166171745,70.5960961934026,8.30999999977,10.0,446.0,0.0,-6.559381,-105.09287,70.56375929490146,0.49999999916963384,70.06375929573183,45.468637824071095,0.8966670740017473,6.170403587443946,69.89568684414573,69.7703206219606,70.54968188773277,0.5451583768346897,0.125,44.800565373315365,44.67519915113023,45.45456041690241,0.6,35,50,0,0.0,0.6310909090909091,525,331,0.6304761904761905,0.06666666666666667,0.9076517150395779,0.7713004484304933,0.11820729649951284,0.13023420166661442,0.08533441023488642,61.48780367915167,0.728608971091053,2.792920353982301,2.4615384615384617,2.7209302325581395,0.0
380,template_vacancy,vac,C,vac,1,1.0,template_site:index=603:site=C:neigh=1:ahead0=45.501:mode=shell,x,yz,565,221,344,36,380,7219.893659629196,5.168492020587627,500.0,0.001,55.75,0.05575,-4822.9497,-4822.9497,-4822.9497,0.0,0.0,0.9999999767454514,0.05575,0.05575,0,-1,603,3,3,1.4471110407374994,70.5960961934026,16.83000000046,10.0,446.0,0.0,-6.559381,-105.09287,70.56375929490146,0.49999999916963384,70.06375929573183,45.468637824071095,0.8966670740017473,6.170403587443946,69.89568684414573,69.7703206219606,70.54968188773277,0.5451583768346897,0.125,44.800565373315365,44.67519915113023,45.45456041690241,0.6,35,50,0,0.0,0.6310909090909091,525,331,0.6304761904761905,0.06857142857142857,0.9052631578947369,0.7713004484304933,0.11789622466661938,0.13023420166661442,0.08533441023488642,61.48780367915167,0.728608971091053,2.792920353982301,2.4615384615384617,2.7209302325581395,0.0
381,template_deposition,C,C,none,0,1.0,template_site:index=604:site=C:neigh=1:ahead0=45.501:mode=shell,x,yz,566,221,345,36,381,7225.994484146056,6.100824516859829,500.0,0.001,55.75,0.05575,-4829.579,-4822.9497,-4829.579,-6.6293945,-4.9975586,0.9999999999995997,0.05575,0.05575,9,565,604,2,2,1.7087809191709153,70.5960961934026,15.409999999230001,10.0,446.0,0.0,-6.574245,-105.33102,70.56375929490146,0.49999999916963384,70.06375929573183,45.468637824071095,0.9130771519735599,6.188340807174888,70.05306919844165,70.23368858659299,70.54968188773277,0.5037580179580667,0.125,44.957947727611284,45.138567115762626,45.45456041690241,0.6,35,50,0,0.0,0.6330909090909091,525,332,0.6323809523809524,0.06857142857142857,0.905511811023622,0.773542600896861,0.11799986280212936,0.13031289196409068,0.08563418614783101,61.48780367915167,0.73116854136156,2.791519434628975,2.4444444444444446,2.718840579710145,0.0
382,template_deposition,C,C,none,0,1.0,template_site:index=605:site=C:neigh=2:ahead0=45.501:mode=shell,x,yz,567,221,346,36,382,7240.88223517851,14.887751032454261,500.0,0.001,55.75,0.05575,-4835.3804,-4829.579,-4835.3804,-5.8012695,-0.9589844,1.0,0.05575,0.05575,10,566,605,1,1,1.0295072382909665,70.5960961934026,11.15,10.0,446.0,0.0,-6.587252,-105.53941,70.70615540791196,0.49999999916963384,70.20615540874233,45.6110339370816,0.9350078119898668,6.20627802690583,70.19596621730425,70.50221327898707,70.60647812880461,0.5023060041868854,0.125,45.10084474647388,45.40709180815671,45.51135665797425,0.6,35,50,0,0.0,0.6350909090909092,525,333,0.6342857142857142,0.06857142857142857,0.9057591623036649,0.7757847533632287,0.11806503860333477,0.1303492622730459,0.08590637094566454,61.48780367915167,0.7334925310036075,2.7936507936507935,2.5,2.722543352601156,0.002890173410404624
383,template_deposition,C,C,none,0,1.0,template_site:index=618:site=C:neigh=1:ahead0=46.731:mode=shell,x,yz,568,221,347,36,383,7264.683278594995,23.801043416484546,500.0,0.001,55.75,0.05575,-4843.6816,-4835.3804,-4843.6816,-8.30127,-7.3779297,0.959366625142584,0.05575,0.05575,8,567,618,7,7,1.4757177223217501,71.82585226698563,14.69999999973,10.0,446.0,0.0,-6.605865,-105.83763,71.76397044431421,0.49999999916963384,71.26397044514458,46.66884897348385,0.6828797685235302,6.2242152466367715,70.3577196853268,70.52382741135821,71.0367558924484,0.7235900690255096,0.125,45.262598214496435,45.42870594052785,45.94163442161803,0.6,35,50,0,0.0,0.6369090909090909,525,334,0.6361904761904762,0.06857142857142857,0.9060052219321149,0.7780269058295964,0.11817910760965127,0.13043976430690615,0.08621447278951702,61.48780367915167,0.7361231903920383,2.7922535211267605,2.35,2.7204610951008648,0.002881844380403458
384,template_deposition,C,C,none,0,1.0,template_site:index=613:site=C:neigh=1:ahead0=46.731:mode=shell,x,yz,569,221,348,36,384,7292.089171376709,27.40589278171407,500.0,0.001,55.75,0.05575,-4851.7705,-4843.6816,-4851.7705,-8.088867,-7.241699,0.9999057114852506,0.05575,0.05575,8,568,613,7,7,1.533971017478156,71.82585226698563,4.760000000040001,10.0,446.0,0.0,-6.6240015,-106.128204,71.76397044431421,0.49999999916963384,71.26397044514458,46.66884897348385,0.7718208478971368,6.242152466367713,70.51399243013093,70.56922571582695,71.73539238437213,0.8550427167698008,0.125,45.41887095930056,45.47410424499658,46.64027091354177,0.6,35,50,0,0.0,0.6387272727272727,525,335,0.638095238095238,0.06857142857142857,0.90625,0.7802690582959642,0.11827830978984522,0.13051399700948438,0.0865121351605725,61.48780367915167,0.7386647146530051,2.790861159929701,2.3333333333333335,2.718390804597701,0.0028735632183908046
385,template_deposition,C,C,none,0,1.0,template_site:index=614:site=C:neigh=2:ahead0=46.731:mode=shell,x,yz,570,221,349,36,385,7316.226512366506,24.137340989796606,500.0,0.001,55.75,0.05575,-4861.832,-4851.7705,-4861.832,-10.061523,-9.443359,1.0,0.05575,0.05575,9,569,614,6,6,1.45238924934122,71.82585226698563,6.17999999904,10.0,446.0,0.0,-6.646561,-106.489655,71.80009060587031,0.49999999916963384,71.30009060670068,46.704969135039946,0.8397214111115147,6.260089686098655,70.6628162275095,70.6444259039894,71.77480649278104,0.9512488703448845,0.125,45.56769475667913,45.54930443315904,46.679685021950675,0.6,35,50,0,0.0,0.6405454545454546,525,336,0.64,0.06857142857142857,0.9064935064935065,0.7825112107623319,0.1183576487186471,0.1305664606208571,0.0867956090603412,61.48780367915167,0.7410850937928284,2.7929824561403507,2.409090909090909,2.7220630372492836,0.0028653295128939827
386,template_deposition,C,C,none,0,1.0,template_site:index=610:site=C:neigh=1:ahead0=46.731:mode=shell,x,yz,571,221,350,36,386,7317.246962412571,1.0204500460645636,500.0,0.001,55.75,0.05575,-4872.137,-4861.832,-4872.137,-10.305176,-7.4091797,0.9999950501970702,0.05575,0.05575,10,570,610,5,5,1.5118259094797917,71.82585226698563,9.01999999927,10.0,446.0,0.0,-6.669667,-106.85985,71.76397044431421,0.49999999916963384,71.26397044514458,46.66884897348385,0.8693995556336277,6.278026905829597,70.7875680434748,71.06145973045145,71.71561921523445,0.9596113020338537,0.125,45.69244657264444,45.96633825962108,46.62049774440409,0.6,35,50,0,0.0,0.6405454545454546,525,336,0.64,0.06857142857142857,0.9067357512953368,0.7847533632286996,0.11837421391876798,0.1305498473504127,0.0870332315669418,61.48780367915167,0.7431139809623275,2.7915936952714535,2.391304347826087,2.72,0.0
387,template_deposition,C,C,none,0,1.0,template_site:index=617:site=C:neigh=1:ahead0=46.731:mode=shell,x,yz,572,221,351,36,387,7319.536578899273,2.2896164867027085,500.0,0.001,55.75,0.05575,-4881.608,-4872.137,-4881.608,-9.470703,-6.5756836,0.9999997429663526,0.05575,0.05575,9,571,617,3,3,1.4801708493868964,71.82585226698563,13.28000000073,10.0,446.0,0.0,-6.6909018,-107.200066,71.739202962334,0.49999999916963384,71.23920296316437,46.64408149150364,0.8967635584451751,6.2959641255605385,70.94471435452147,71.50832960124905,71.72401807914756,0.9581021313503681,0.125,45.8495928836911,46.41320813041868,46.62889660831719,0.6,35,50,0,0.0,0.6443636363636364,525,338,0.6438095238095238,0.06857142857142857,0.9069767441860465,0.7869955156950673,0.11847440021625608,0.1306256207512567,0.08733255787369734,61.48780367915167,0.7456697123699195,2.7937062937062938,2.4583333333333335,2.7236467236467234,0.0
388,template_deposition,C,C,none,0,1.0,template_site:index=619:site=C:neigh=1:ahead0=46.731:mode=shell,x,yz,573,221,352,36,388,7321.276244376504,1.7396654772307025,500.0,0.001,55.75,0.05575,-4887.9473,-4881.608,-4887.9473,-6.3393555,-5.92041,0.9998032540589528,0.05575,0.05575,8,572,619,3,3,1.530844229121741,71.82585226698563,21.79999999919,10.0,446.0,0.0,-6.7051153,-107.427795,71.80429854826673,0.49999999916963384,71.3042985490971,46.709177077436365,0.9319766546666071,6.313901345291479,71.09973957542059,71.6916169071111,71.75873163811382,0.9843374763961747,0.125,46.00461810459022,46.59649543628073,46.66361016728345,0.6,35,50,0,0.0,0.6461818181818182,525,339,0.6457142857142857,0.06857142857142857,0.9072164948453608,0.7892376681614349,0.11856860336234593,0.13069493779713132,0.08762784400874328,61.48780367915167,0.7481909476657523,2.7923211169284468,2.44,2.721590909090909,0.0
389,template_deposition,C,C,none,0,1.0,template_site:index=615:site=C:neigh=1:ahead0=46.731:mode=shell,x,yz,574,221,353,36,389,7328.587689454288,7.311445077783687,500.0,0.001,55.75,0.05575,-4895.076,-4887.9473,-4895.076,-7.1289062,-6.584961,0.9999999999999993,0.05575,0.05575,9,573,615,3,3,1.5304490540651847,71.82585226698563,18.95999999896,10.0,446.0,0.0,-6.7210994,-107.68388,71.80171973459848,0.49999999916963384,71.30171973542885,46.706598263768115,0.9587919979667352,6.331838565022421,71.40703310841118,71.70620376599109,71.78360103297028,0.7300501450774751,0.125,46.31191163758082,46.61108229516073,46.68847956213992,0.6,35,50,0,0.0,0.648,525,340,0.6476190476190476,0.06857142857142857,0.9074550128534704,0.7914798206278026,0.11905375742308694,0.1311952171036284,0.08821316502396347,61.48780367915167,0.7531885815801801,2.7909407665505226,2.423076923076923,2.7195467422096318,0.0
390,template_deposition,C,C,none,0,1.0,template_site:index=616:site=C:neigh=1:ahead0=46.731:mode=shell,x,yz,575,221,354,36,390,7331.721271070914,3.133581616625234,500.0,0.001,55.75,0.05575,-4903.324,-4895.076,-4903.324,-8.248047,-7.605957,1.0,0.05575,0.05575,10,574,616,3,3,1.449690862920776,71.82585226698563,17.539999999960003,10.0,446.0,0.0,-6.739593,-107.98019,71.86526931848873,0.49999999916963384,71.3652693193191,46.770147847658365,0.9799524454841773,6.349775784753363,71.421093078058,71.70620376599109,71.82078460976555,0.737564481088262,0.125,46.32597160722763,46.61108229516073,46.72566313893519,0.6,35,50,0,0.0,0.6498181818181819,525,341,0.6495238095238095,0.06857142857142857,0.9076923076923077,0.7937219730941704,0.11878454258263495,0.13086432657408933,0.08823994591852882,61.48780367915167,0.7534172443198702,2.789565217391304,2.4074074074074074,2.7175141242937855,0.0
391,template_deposition,C,C,none,0,1.0,template_site:index=612:site=C:neigh=1:ahead0=46.731:mode=shell,x,yz,576,221,355,36,391,7346.561315561386,14.840044490472561,500.0,0.001,55.75,0.05575,-4911.291,-4903.324,-4911.291,-7.966797,-5.9868164,1.0,0.05575,0.05575,9,575,612,2,2,1.0901684449745792,71.82585226698563,0.5000000008100001,10.0,446.0,0.0,-6.757456,-108.26638,71.871978008061,0.49999999916963384,71.37197800889138,46.77685653723064,0.9981777570530759,6.367713004484305,71.71764412173614,71.73987977410854,71.86728192536042,0.16185023892050776,0.125,46.62252265090578,46.64475830327818,46.77216045453005,0.6,35,50,0,0.0,0.6516363636363636,525,342,0.6514285714285715,0.06857142857142857,0.907928388746803,0.7959641255605381,0.11923918836548793,0.13133104972086135,0.08880480504934433,61.48780367915167,0.758240168964009,2.7881944444444446,2.392857142857143,2.715492957746479,0.0
392,template_deposition,C,C,none,0,1.0,template_site:index=611:site=C:neigh=1:ahead0=46.731:mode=shell,x,yz,577,221,356,36,392,7367.69969766876,21.138382107373083,500.0,0.001,55.75,0.05575,-4919.3936,-4911.291,-4919.3936,-8.102539,-7.840332,1.0,0.05575,0.05575,11,576,611,2,2,1.3208797115498903,71.82585226698563,1.9199999998100001,10.0,446.0,0.0,-6.775623,-108.55745,71.92648053388982,0.49999999916963384,71.42648053472018,46.83135906305945,1.0149679234268156,6.385650224215246,71.71856532374147,71.73987977410854,71.88363268310906,0.17005019196059812,0.125,46.62344385291111,46.64475830327818,46.78851121227869,0.6,35,50,0,0.0,0.6534545454545454,525,343,0.6533333333333333,0.06857142857142857,0.9081632653061225,0.7982062780269058,0.11893735676763038,0.13096472992390762,0.08880655971983069,61.48780367915167,0.7582551508295208,2.7868284228769498,2.3793103448275863,2.7134831460674156,0.0
393,template_deposition,C,C,none,0,1.0,template_site:index=609:site=C:neigh=2:ahead0=46.731:mode=shell,x,yz,578,221,357,36,393,7413.503888713146,45.80419104438614,500.0,0.001,55.75,0.05575,-4926.9155,-4919.3936,-4926.9155,-7.5219727,-1.5356445,1.0,0.05575,0.05575,11,577,609,1,1,1.0050228485499628,71.82585226698563,10.440000000500001,10.0,446.0,0.0,-6.792488,-108.82766,71.95228524846252,0.49999999916963384,71.45228524929288,46.85716377763215,1.0344233830449734,6.403587443946188,71.79839778927735,71.78279598812344,71.93422194826162,0.1017788118007179,0.125,46.70327631844698,46.687674517293075,46.83910047743126,0.6,37,50,0,0.0,0.6552727272727273,525,344,0.6552380952380953,0.06857142857142857,0.9083969465648855,0.8004484304932735,0.11883785322760046,0.1308215022925686,0.08895862155894663,61.48780367915167,0.7595534971804889,2.7889273356401385,2.433333333333333,2.7170868347338937,0.0028011204481792717
394,template_deposition,C,C,none,0,1.0,template_site:index=622:site=C:neigh=1:ahead0=47.960:mode=shell,x,yz,579,221,358,36,394,7478.356520258812,64.8526315456667,500.0,0.001,55.75,0.05575,-4934.902,-4926.9155,-4934.902,-7.986328,-7.4936523,0.8348699575546922,0.05575,0.05575,8,578,622,9,9,1.3831205864335472,73.05560834056867,2.62999999931,10.0,446.0,0.0,-6.810395,-109.114555,73.01831563203233,0.49999999916963384,72.5183156328627,47.92319416120196,0.7004605823525986,6.42152466367713,71.93713157667106,71.7763424548979,72.27209436353345,0.4175279617768555,0.125,46.8420101058407,46.68122098406754,47.17697289270309,0.6,37,50,0,0.0,0.6572727272727272,525,345,0.6571428571428571,0.06857142857142857,0.9086294416243654,0.8026905829596412,0.11888835052243832,0.13084360364759973,0.08922287639207753,61.48780367915167,0.7618097785743998,2.7875647668393784,2.3,2.7150837988826817,0.002793296089385475
395,template_impurity,N,C,N,0,1.0,template_site:index=623:site=C:neigh=2:ahead0=47.960:mode=shell,x,yz,580,221,359,36,395,7497.452593125212,19.09607286639937,500.0,0.001,55.75,0.05575,-4946.4766,-4934.902,-4946.4766,-11.574707,-10.843262,1.0,0.05575,0.05575,9,579,623,8,8,1.344909261661547,73.05560834056867,4.05000000054,10.0,446.0,0.0,-6.836347,-109.53036,73.02989812654099,0.49999999916963384,72.52989812737135,47.93477665571062,0.7725329185155895,6.439461883408072,72.100774917835,71.82785247606753,72.9810430132031,0.5215087917588695,0.125,47.00565344700463,46.73273100523717,47.88592154237274,0.6,37,50,0,0.0,0.6592727272727273,525,346,0.659047619047619,0.06857142857142857,0.9088607594936708,0.804932735426009,0.11900165429621426,0.13093496781895442,0.08953457799429454,61.48780367915167,0.7644711737027384,2.7896551724137932,2.380952380952381,2.7186629526462394,0.002785515320334262
396,template_impurity,N,C,N,0,1.0,template_site:index=624:site=C:neigh=1:ahead0=47.960:mode=shell,x,yz,581,221,360,36,396,7554.465460721905,57.01286759669304,500.0,0.001,55.75,0.05575,-4956.036,-4946.4766,-4956.036,-9.55957,-8.567871,0.9999877300365562,0.05575,0.05575,8,580,624,7,7,1.3962044024333464,73.05560834056867,16.83000000046,10.0,446.0,0.0,-6.857781,-109.873764,73.02989812654099,0.49999999916963384,72.52989812737135,47.93477665571062,0.826140879416528,6.457399103139013,72.24627388960667,71.87136044105443,73.01918654473539,0.589033783873789,0.125,47.151152418776306,46.77623897022407,47.92406507390503,0.6,37,50,0,0.0,0.6612727272727272,525,347,0.660952380952381,0.06857142857142857,0.9090909090909091,0.8071748878923767,0.11906856671408159,0.13097542338548973,0.08981171889290725,61.48780367915167,0.7668374799141442,2.7882960413080893,2.3636363636363638,2.716666666666667,0.002777777777777778
397,template_deposition,C,C,none,0,1.0,template_site:index=625:site=C:neigh=2:ahead0=47.960:mode=shell,x,yz,582,221,361,36,397,7560.940057798042,6.474597076137063,500.0,0.001,55.75,0.05575,-4966.0283,-4956.036,-4966.0283,-9.9921875,-9.074707,1.0,0.05575,0.05575,9,581,625,6,6,1.381304695272816,73.05560834056867,15.409999999230001,10.0,446.0,0.0,-6.880185,-110.23272,73.02989812654099,0.49999999916963384,72.52989812737135,47.93477665571062,0.8680706654087527,6.475336322869955,72.28693560710659,72.0198912648561,73.02861215746974,0.5687246146763831,0.125,47.19181413627622,46.924769794025735,47.933490686639374,0.6,37,50,0,0.0,0.6632727272727272,525,348,0.6628571428571428,0.06857142857142857,0.9093198992443325,0.8094170403587444,0.1188710683533406,0.13072524691489257,0.08988916978338328,61.48780367915167,0.7674987771969694,2.790378006872852,2.4347826086956523,2.7202216066481992,0.002770083102493075
398,template_deposition,C,C,none,0,1.0,template_site:index=627:site=C:neigh=1:ahead0=47.960:mode=shell,x,yz,583,221,362,36,398,7570.389953866257,9.449896068214835,500.0,0.001,55.75,0.05575,-4976.168,-4966.0283,-4976.168,-10.139648,-7.388672,0.9999989161975411,0.05575,0.05575,10,582,627,5,5,1.4864452881878674,73.05560834056867,12.569999999,10.0,446.0,0.0,-6.90292,-110.59697,73.02989812654099,0.49999999916963384,72.52989812737135,47.93477665571062,0.8898364494056478,6.493273542600897,72.41014457660819,72.47328836327185,73.00936924778232,0.5629246665587727,0.125,47.315023105777826,47.378166892441484,47.91424777695195,0.6,37,50,0,0.0,0.6670909090909092,525,350,0.6666666666666666,0.06857142857142857,0.9095477386934674,0.8116591928251121,0.11888196760245685,0.1307044837176183,0.0901238535348149,61.48780367915167,0.7695025724560182,2.7890222984562607,2.4166666666666665,2.718232044198895,0.0
399,template_deposition,C,C,none,0,1.0,template_site:index=621:site=C:neigh=1:ahead0=47.960:mode=shell,x,yz,584,221,363,36,399,7573.9591664412155,3.5692125749581263,500.0,0.001,55.75,0.05575,-4983.8594,-4976.168,-4983.8594,-7.6914062,-6.949707,0.9999517291714692,0.05575,0.05575,10,583,621,4,4,1.5839720570634048,73.05560834056867,6.890000000770001,10.0,446.0,0.0,-6.920165,-110.87327,73.01406498860288,0.49999999916963384,72.51406498943325,47.91894351777252,0.9048440619342887,6.511210762331839,72.56439257703488,72.90959227639044,73.00461930640088,0.5183130528586475,0.125,47.469271106204516,47.81447080556008,47.90949783557052,0.6,37,50,0,0.0,0.6690909090909091,525,351,0.6685714285714286,0.06857142857142857,0.9097744360902256,0.8139013452914798,0.11897060427620179,0.13076934189037057,0.09041765924991337,61.48780367915167,0.7720111675138538,2.787671232876712,2.4,2.716253443526171,0.0
400,template_deposition,C,C,none,0,1.0,template_site:index=620:site=C:neigh=2:ahead0=47.960:mode=shell,x,yz,585,221,364,36,400,7576.502716469826,2.543550028609846,500.0,0.001,55.75,0.05575,-4996.344,-4983.8594,-4996.344,-12.484863,-10.530762,1.0,0.05575,0.05575,11,584,620,3,3,1.4485993531565926,73.05560834056867,8.30999999977,10.0,446.0,0.0,-6.948158,-111.32176,73.01406498860288,0.49999999916963384,72.51406498943325,47.91894351777252,0.9088532890125046,6.5291479820627805,72.5445387396694,72.78983392888391,73.00461930640088,0.49118154861755325,0.125,47.44941726883904,47.694712458053544,47.90949783557052,0.6,37,50,0,0.0,0.6690909090909091,525,351,0.6685714285714286,0.06857142857142857,0.91,0.8161434977578476,0.11862354317209761,0.13035554194736002,0.09037984241683628,61.48780367915167,0.7716882768562354,2.7897435897435896,2.4615384615384617,2.71978021978022,0.0
401,template_deposition,C,C,none,0,1.0,template_site:index=629:site=C:neigh=1:ahead0=47.960:mode=shell,x,yz,586,221,365,36,401,7616.571666360265,40.068949890438944,500.0,0.001,55.75,0.05575,-5002.4746,-4996.344,-5002.4746,-6.130371,-5.6069336,0.9999999978956586,0.05575,0.05575,10,585,629,2,2,1.387521349686544,73.05560834056867,21.08999999969,10.0,446.0,0.0,-6.961903,-111.541985,73.09828858282299,0.49999999916963384,72.59828858365336,48.003167111992624,0.9334084417930475,6.547085201793722,72.60240587948735,72.78983392888391,73.03933206686891,0.4547285166527201,0.125,47.507284408656986,47.694712458053544,47.944210596038545,0.6,37,50,0,0.0,0.6710909090909091,525,352,0.6704761904761904,0.06857142857142857,0.9102244389027432,0.8183856502242153,0.11847203094428176,0.13015694358536162,0.09049006554029902,61.48780367915167,0.7726293925955436,2.78839590443686,2.4444444444444446,2.717808219178082,0.0
402,template_deposition,C,C,none,0,1.0,template_site:index=628:site=C:neigh=2:ahead0=47.960:mode=shell,x,yz,587,221,366,36,402,7677.0007118050335,60.429045444768455,500.0,0.001,55.75,0.05575,-5012.364,-5002.4746,-5012.364,-9.88916,-8.491211,1.0,0.05575,0.05575,10,586,628,1,1,1.413596823290064,73.05560834056867,19.67000000069,10.0,446.0,0.0,-6.984076,-111.89724,73.08943922956821,0.49999999916963384,72.58943923039858,47.99431775873785,0.9415252196743968,6.565022421524664,72.59744632386753,72.78983392888391,73.03667726089247,0.45762565093782187,0.125,47.502324853037166,47.694712458053544,47.94155579006211,0.6,37,50,0,0.0,0.6730909090909091,525,353,0.6723809523809524,0.06857142857142857,0.9104477611940298,0.820627802690583,0.11816498719660987,0.12978777282250592,0.09048061876768984,61.48780367915167,0.7725487334188766,2.79045996592845,2.5,2.721311475409836,0.0
403,template_deposition,C,C,none,0,1.0,template_site:index=639:site=C:neigh=1:ahead0=49.190:mode=shell,x,yz,588,221,367,36,403,7685.169929389787,8.169217584753962,500.0,0.001,55.75,0.05575,-5019.5747,-5012.364,-5019.5747,-7.2109375,-6.4970703,0.9449551126669281,0.05575,0.05575,8,587,639,8,8,1.4857731707521513,74.2853644141517,14.69999999973,10.0,446.0,0.0,-7.000244,-112.15628,74.27018246163406,0.49999999916963384,73.77018246246443,49.1750609908037,0.6717181687583954,6.582959641255606,72.87021659873099,72.97773914579474,73.44366219918797,0.6759406025242676,0.125,47.77509512790063,47.88261767496438,48.348540728357605,0.6,37,50,0,0.0,0.674909090909091,525,354,0.6742857142857143,0.06857142857142857,0.9106699751861043,0.8228699551569507,0.1185486231461554,0.13017737092071016,0.0910001811960012,61.48780367915167,0.776984902196132,2.7891156462585034,2.380952380952381,2.7193460490463215,0.0
404,template_deposition,C,C,none,0,1.0,template_site:index=638:site=C:neigh=1:ahead0=49.190:mode=shell,x,yz,589,221,368,36,404,7707.53767434567,22.36774495588227,500.0,0.001,55.75,0.05575,-5028.6704,-5019.5747,-5028.6704,-9.095703,-8.088867,1.0,0.05575,0.05575,9,588,638,8,8,1.4249400632390192,74.2853644141517,13.28000000073,10.0,446.0,0.0,-7.020638,-112.483025,74.2675402349686,0.49999999916963384,73.76754023579898,49.17241876413824,0.7525990857958521,6.6008968609865475,73.06750170219078,73.01491046672771,74.2312664873434,0.7967812688723107,0.125,47.97238023136042,47.91978899589735,49.13614501651304,0.6,37,50,0,0.0,0.6767272727272727,525,355,0.6761904761904762,0.06857142857142857,0.9108910891089109,0.8251121076233184,0.11874351542415945,0.13035972888956635,0.09137596234544841,61.48780367915167,0.7801934263530403,2.7877758913412563,2.3636363636363638,2.717391304347826,0.0
405,template_vacancy,vac,C,vac,1,1.0,template_site:index=640:site=C:neigh=1:ahead0=49.190:mode=shell,x,yz,589,221,368,37,405,7712.522632739779,4.98495839410835,500.0,0.001,55.75,0.05575,-5028.6704,-5028.6704,-5028.6704,0.0,0.0,0.9997446299356323,0.05575,0.05575,0,-1,640,7,7,1.4576062573467956,74.2853644141517,21.79999999919,10.0,446.0,0.0,-7.020638,-112.483025,74.2675402349686,0.49999999916963384,73.76754023579898,49.17241876413824,0.7525990857958521,6.6008968609865475,73.06750170219078,73.01491046672771,74.2312664873434,0.7967812688723107,0.125,47.97238023136042,47.91978899589735,49.13614501651304,0.6,37,50,0,0.0,0.6767272727272727,525,355,0.6761904761904762,0.07047619047619047,0.908641975308642,0.8251121076233184,0.1184503215589146,0.13035972888956635,0.09137596234544841,61.48780367915167,0.7801934263530403,2.7877758913412563,2.3636363636363638,2.717391304347826,0.0
406,template_deposition,C,C,none,0,1.0,template_site:index=636:site=C:neigh=1:ahead0=49.190:mode=shell,x,yz,590,221,369,37,406,7727.923086779787,15.400454040008553,500.0,0.001,55.75,0.05575,-5035.091,-5028.6704,-5035.091,-6.42041,-6.0234375,0.9997896432759139,0.05575,0.05575,9,589,636,6,6,1.5047110250268911,74.2853644141517,18.95999999896,10.0,446.0,0.0,-7.0350337,-112.71367,74.27901906383778,0.49999999916963384,73.77901906466815,49.183897593007416,0.8193768699988011,6.618834080717488,73.2232085833831,73.04294807436222,74.27098388362936,0.8908956338896536,0.125,48.128087112552734,47.94782660353185,49.17586241279899,0.6,37,50,0,0.0,0.6785454545454546,525,356,0.6780952380952381,0.07047619047619047,0.9088669950738916,0.827354260089686,0.11854208648412004,0.1304284203592215,0.09167254688105282,61.48780367915167,0.7827257477546113,2.7864406779661017,2.347826086956522,2.7154471544715446,0.0
407,template_vacancy,vac,C,vac,1,1.0,template_site:index=637:site=C:neigh=2:ahead0=49.190:mode=shell,x,yz,590,221,369,38,407,7750.591190772239,22.668103992452533,500.0,0.001,55.75,0.05575,-5035.091,-5035.091,-5035.091,0.0,0.0,1.0,0.05575,0.05575,0,-1,637,5,5,1.4530474863646532,74.2853644141517,17.539999999960003,10.0,446.0,0.0,-7.0350337,-112.71367,74.27901906383778,0.49999999916963384,73.77901906466815,49.183897593007416,0.8193768699988011,6.618834080717488,73.2232085833831,73.04294807436222,74.27098388362936,0.8908956338896536,0.125,48.128087112552734,47.94782660353185,49.17586241279899,0.6,37,50,0,0.0,0.6785454545454546,525,356,0.6780952380952381,0.07238095238095238,0.9066339066339066,0.827354260089686,0.11825082828637036,0.1304284203592215,0.09167254688105282,61.48780367915167,0.7827257477546113,2.7864406779661017,2.347826086956522,2.7154471544715446,0.0
408,template_deposition,C,C,none,0,1.0,template_site:index=635:site=C:neigh=1:ahead0=49.190:mode=shell,x,yz,591,221,370,38,408,7770.983110630718,20.391919858478843,500.0,0.001,55.75,0.05575,-5041.4287,-5035.091,-5041.4287,-6.3378906,-5.654297,0.8927537796173496,0.05575,0.05575,9,590,635,4,4,1.5776194388644889,74.2853644141517,6.17999999904,10.0,446.0,0.0,-7.049244,-112.94134,74.27901906383778,0.49999999916963384,73.77901906466815,49.183897593007416,0.870927968108914,6.63677130044843,73.38425765796583,73.6437758778128,74.27098388362936,0.9460802324639042,0.125,48.28913618713547,48.548654406982436,49.17586241279899,0.6,37,50,0,0.0,0.6803636363636363,525,357,0.68,0.07238095238095238,0.9068627450980392,0.8295964125560538,0.11835572594886144,0.13051117888414993,0.09197930702311517,61.48780367915167,0.7853449513193232,2.785109983079526,2.3333333333333335,2.7135135135135133,0.0
409,template_deposition,C,C,none,0,1.0,template_site:index=634:site=C:neigh=2:ahead0=49.190:mode=shell,x,yz,592,221,371,38,409,7773.869206739468,2.8860961087492485,500.0,0.001,55.75,0.05575,-5050.7305,-5041.4287,-5050.7305,-9.301758,-8.543457,1.0,0.05575,0.05575,10,591,634,3,3,1.4485593316767646,74.2853644141517,4.760000000040001,10.0,446.0,0.0,-7.0701003,-113.2755,74.27901906383778,0.49999999916963384,73.77901906466815,49.183897593007416,0.9033145829462371,6.654708520179372,73.53620766298667,74.21550951248783,74.27098388362936,0.9612077779478071,0.125,48.441086192156305,49.12038804165746,49.17586241279899,0.6,37,50,0,0.0,0.6821818181818182,525,358,0.6819047619047619,0.07238095238095238,0.9070904645476773,0.8318385650224215,0.11843786355050441,0.13056896547751026,0.09226873560410725,61.48780367915167,0.787816173186569,2.7871621621621623,2.4,2.7169811320754715,0.0
410,template_deposition,C,C,none,0,1.0,template_site:index=631:site=C:neigh=1:ahead0=49.190:mode=shell,x,yz,593,221,372,38,410,7789.734662161154,15.865455421686478,500.0,0.001,55.75,0.05575,-5057.927,-5050.7305,-5057.927,-7.196289,-6.631836,0.9999999996756281,0.05575,0.05575,9,592,631,2,2,1.5239442225074098,74.2853644141517,9.01999999927,10.0,446.0,0.0,-7.0862355,-113.53401,74.27901906383778,0.49999999916963384,73.77901906466815,49.183897593007416,0.9322674741341918,6.672645739910314,73.82822142859456,74.21550951248783,74.27216783250995,0.754638562214513,0.125,48.733099957764196,49.12038804165746,49.17704636167959,0.6,37,50,0,0.0,0.684,525,359,0.6838095238095238,0.07238095238095238,0.9073170731707317,0.8340807174887892,0.11886121940918097,0.1310029568757102,0.09282495230050324,61.48780367915167,0.7925653063176147,2.7858347386172007,2.3846153846153846,2.71505376344086,0.0
411,template_deposition,C,C,none,0,1.0,template_site:index=630:site=C:neigh=1:ahead0=49.190:mode=shell,x,yz,594,221,373,38,411,7808.731252269385,18.99659010823035,500.0,0.001,55.75,0.05575,-5065.9805,-5057.927,-5065.9805,-8.053711,-7.3583984,1.0,0.05575,0.05575,10,593,630,2,2,1.4442211905832478,74.2853644141517,10.440000000500001,10.0,446.0,0.0,-7.104293,-113.823326,74.354849675468,0.49999999916963384,73.85484967629837,49.25972820463764,0.9543915911207227,6.690582959641255,73.83250192559342,74.21550951248783,74.30176824732685,0.7579607276697513,0.125,48.737380454763056,49.12038804165746,49.206646776496484,0.6,37,50,0,0.0,0.6858181818181818,525,360,0.6857142857142857,0.07238095238095238,0.9075425790754258,0.8363228699551569,0.11858243419650379,0.13066321837738085,0.09283310562812011,61.48780367915167,0.7926349217005481,2.7845117845117846,2.3703703703703702,2.71313672922252,0.0
412,template_deposition,C,C,none,0,1.0,template_site:index=632:site=C:neigh=1:ahead0=49.190:mode=shell,x,yz,595,221,374,38,412,7836.1720020812645,27.4407498118799,500.0,0.001,55.75,0.05575,-5072.504,-5065.9805,-5072.504,-6.5234375,-5.6845703,1.0,0.05575,0.05575,9,594,632,1,1,1.5751636551747559,74.2853644141517,1.9199999998100001,10.0,446.0,0.0,-7.1189194,-114.05766,74.354849675468,0.49999999916963384,73.85484967629837,49.25972820463764,0.9694259991269571,6.708520179372197,74.09086459604366,74.21594336075387,74.30176824732685,0.39208152164840654,0.125,48.995743125213295,49.120821889923505,49.206646776496484,0.6,37,50,0,0.0,0.6876363636363636,525,361,0.6876190476190476,0.07238095238095238,0.9077669902912622,0.8385650224215246,0.11892170661459538,0.1310046607626024,0.09332522500040627,61.48780367915167,0.7968367740190728,2.7831932773109243,2.357142857142857,2.7112299465240643,0.0
413,template_deposition,C,C,none,0,1.0,template_site:index=633:site=C:neigh=1:ahead0=49.190:mode=shell,x,yz,596,221,375,38,413,7839.7357916236915,3.5637895424273434,500.0,0.001,55.75,0.05575,-5080.838,-5072.504,-5080.838,-8.333984,-7.723633,1.0,0.05575,0.05575,10,595,633,1,1,1.458113281500983,74.2853644141517,0.5000000008100001,10.0,446.0,0.0,-7.1376057,-114.357056,74.354849675468,0.49999999916963384,73.85484967629837,49.25972820463764,0.9894531378999935,6.726457399103139,74.10502052064888,74.21594336075387,74.3304527447553,0.3883069123706049,0.125,49.009899049818515,49.120821889923505,49.23533127392494,0.6,37,50,0,0.0,0.6894545454545455,525,362,0.6895238095238095,0.07238095238095238,0.9079903147699758,0.8408071748878924,0.11866803644023853,0.13069306413284937,0.09335218866632097,61.48780367915167,0.797066997311469,2.7818791946308723,2.3448275862068964,2.7093333333333334,0.0
414,template_impurity,N,C,N,0,1.0,template_site:index=649:site=C:neigh=1:ahead0=50.420:mode=shell,x,yz,597,221,376,38,414,7868.423029209181,28.687237585489196,500.0,0.001,55.75,0.05575,-5091.7476,-5080.838,-5091.7476,-10.909668,-9.441895,0.9997204616677243,0.05575,0.05575,7,596,649,8,8,1.4001219225753354,75.51512048773473,19.67000000069,10.0,446.0,0.0,-7.1620665,-114.748955,75.46978826557982,0.49999999916963384,74.96978826641019,50.37466679474946,0.7310419323957064,6.744394618834081,74.4182199583933,74.28120532131163,74.7103475848944,0.40513392477816057,0.125,49.32309848756293,49.18608385048127,49.61522611406403,0.6,37,50,0,0.0,0.6914545454545455,525,363,0.6914285714285714,0.07238095238095238,0.9082125603864735,0.8430493273542601,0.11913791905208437,0.13117845342436948,0.09394875902392939,61.48780367915167,0.8021606812455824,2.780569514237856,2.1052631578947367,2.7074468085106385,0.0
415,template_deposition,C,C,none,0,1.0,template_site:index=647:site=C:neigh=1:ahead0=50.420:mode=shell,x,yz,598,221,377,38,415,7965.91003227592,97.48700306673867,500.0,0.001,55.75,0.05575,-5102.8496,-5091.7476,-5102.8496,-11.102051,-7.4804688,0.9999998525183309,0.05575,0.05575,8,597,647,8,8,1.3868738168780064,75.51512048773473,11.15,10.0,446.0,0.0,-7.1869593,-115.14778,75.46978826557982,0.49999999916963384,74.96978826641019,50.37466679474946,0.805997465784482,6.762331838565022,74.59162275913837,74.36555876203867,75.37741224056178,0.5086311569084132,0.125,49.49650128830801,49.27043729120831,50.28229076973142,0.6,37,50,0,0.0,0.6934545454545455,525,364,0.6933333333333334,0.07238095238095238,0.908433734939759,0.8452914798206278,0.11926867780315183,0.1312904543456446,0.09427905007296764,61.48780367915167,0.80498079825041,2.7859531772575252,2.3,2.716180371352785,0.0
416,template_deposition,C,C,none,0,1.0,template_site:index=644:site=C:neigh=1:ahead0=50.420:mode=shell,x,yz,599,221,378,38,416,7969.985132589009,4.0751003130892745,500.0,0.001,55.75,0.05575,-5109.362,-5102.8496,-5109.362,-6.512207,-5.838379,0.2712785275817395,0.05575,0.05575,9,598,644,6,6,1.5807094334475846,75.51512048773473,4.05000000054,10.0,446.0,0.0,-7.2015605,-115.38172,75.46978826557982,0.49999999916963384,74.96978826641019,50.37466679474946,0.8638755380933568,6.780269058295964,74.75777232722058,74.57370012127748,75.44984622789651,0.5428245219395555,0.125,49.662650856390215,49.47857865044712,50.35472475706615,0.6,37,50,0,0.0,0.6954545454545457,525,365,0.6952380952380952,0.07238095238095238,0.9086538461538461,0.8475336322869955,0.11938137225093802,0.13138267422325453,0.09459552544074326,61.48780367915167,0.80768295311919,2.7846410684474123,2.2857142857142856,2.7142857142857144,0.0
417,template_impurity,N,C,N,0,1.0,template_site:index=643:site=C:neigh=2:ahead0=50.420:mode=shell,x,yz,600,221,379,38,417,7988.960837444941,18.975704855932307,500.0,0.001,55.75,0.05575,-5121.346,-5109.362,-5121.346,-11.984375,-10.905762,1.0,0.05575,0.05575,9,599,643,5,5,1.4233748986513066,75.51512048773473,2.62999999931,10.0,446.0,0.0,-7.228431,-115.81224,75.52894187300143,0.49999999916963384,75.0289418738318,50.433820402171065,0.9069749273621601,6.798206278026906,74.89599028850617,75.05017487532561,75.4875343478063,0.5708371743720991,0.125,49.800868817675806,49.955053404495246,50.39241287697594,0.6,37,50,0,0.0,0.6974545454545455,525,366,0.6971428571428572,0.07238095238095238,0.9088729016786571,0.8497757847533632,0.11942654392728011,0.1314007092814665,0.09485879774795392,61.48780367915167,0.8099308454330353,2.7866666666666666,2.3636363636363638,2.717678100263852,0.0
418,template_deposition,C,C,none,0,1.0,template_site:index=642:site=C:neigh=1:ahead0=50.420:mode=shell,x,yz,601,221,380,38,418,7989.997015933933,1.0361784889920829,500.0,0.001,55.75,0.05575,-5128.8496,-5121.346,-5128.8496,-7.503418,-6.9433594,0.9999999999999911,0.05575,0.05575,10,600,642,4,4,1.4791731127799235,75.51512048773473,6.890000000770001,10.0,446.0,0.0,-7.245255,-116.08179,75.52894187300143,0.49999999916963384,75.0289418738318,50.433820402171065,0.938269157451182,6.816143497757848,75.05550092118045,75.34904855473468,75.49815757784467,0.5279739294740368,0.125,49.96037945035009,50.253927083904316,50.4030361070143,0.6,37,50,0,0.0,0.6994545454545456,525,367,0.699047619047619,0.07238095238095238,0.9090909090909091,0.852017937219731,0.11952243887643563,0.13147468276407917,0.09516262752447636,61.48780367915167,0.8125250287202872,2.7853577371048255,2.347826086956522,2.7157894736842105,0.0
419,template_deposition,C,C,none,0,1.0,template_site:index=641:site=C:neigh=2:ahead0=50.420:mode=shell,x,yz,602,221,381,38,419,7996.408124328848,6.4111083949153675,500.0,0.001,55.75,0.05575,-5140.1074,-5128.8496,-5140.1074,-11.2578125,-9.678223,1.0,0.05575,0.05575,10,601,641,3,3,1.4084648863962563,75.51512048773473,8.30999999977,10.0,446.0,0.0,-7.270497,-116.486206,75.52894187300143,0.49999999916963384,75.0289418738318,50.433820402171065,0.9498538938533251,6.834080717488789,75.02902824380435,75.24775520452738,75.4875343478063,0.5157552024245031,0.125,49.933906772973984,50.152633733697016,50.39241287697594,0.6,37,50,0,0.0,0.6994545454545456,525,367,0.699047619047619,0.07238095238095238,0.9093078758949881,0.8542600896860987,0.11917400184480664,0.13106012276371123,0.09511220337709331,61.48780367915167,0.8120944933003811,2.787375415282392,2.4166666666666665,2.7191601049868765,0.0
420,template_deposition,C,C,none,0,1.0,template_site:index=650:site=C:neigh=1:ahead0=50.420:mode=shell,x,yz,603,221,382,38,420,8004.510745013586,8.102620684737024,500.0,0.001,55.75,0.05575,-5148.7334,-5140.1074,-5148.7334,-8.625977,-5.291504,1.0,0.05575,0.05575,9,602,650,2,2,1.5066957205792897,75.51512048773473,21.08999999969,10.0,446.0,0.0,-7.289838,-116.79608,75.56134631519814,0.49999999916963384,75.0613463160285,50.46622484436777,0.9537254811067543,6.852017937219731,75.02211154071479,75.24775520452738,75.49335770967649,0.5144971945205001,0.125,49.926990069884425,50.152633733697016,50.398236238846124,0.6,37,50,0,0.0,0.7014545454545456,525,368,0.700952380952381,0.07238095238095238,0.9095238095238095,0.8565022421524664,0.11887378588067721,0.1306989268845142,0.09509902870454176,61.48780367915167,0.8119820042753112,2.7893864013267,2.48,2.722513089005236,0.0
421,template_vacancy,vac,C,vac,1,1.0,template_site:index=648:site=C:neigh=2:ahead0=50.420:mode=shell,x,yz,603,221,382,39,421,8010.98146643498,6.470721421394297,500.0,0.001,55.75,0.05575,-5148.7334,-5148.7334,-5148.7334,0.0,0.0,1.0,0.05575,0.05575,0,-1,648,1,1,1.010370180616305,75.51512048773473,12.569999999,10.0,446.0,0.0,-7.289838,-116.79608,75.56134631519814,0.49999999916963384,75.0613463160285,50.46622484436777,0.9537254811067543,6.852017937219731,75.02211154071479,75.24775520452738,75.49335770967649,0.5144971945205001,0.125,49.926990069884425,50.152633733697016,50.398236238846124,0.6,37,50,0,0.0,0.7014545454545456,525,368,0.700952380952381,0.07428571428571429,0.9073634204275535,0.8565022421524664,0.11859142534414353,0.1306989268845142,0.09509902870454176,61.48780367915167,0.8119820042753112,2.7893864013267,2.48,2.722513089005236,0.0
422,template_deposition,C,C,none,0,1.0,template_site:index=652:site=C:neigh=1:ahead0=51.650:mode=shell,x,yz,604,221,383,39,422,8029.526772187642,18.545305752661555,500.0,0.001,55.75,0.05575,-5155.383,-5148.7334,-5155.383,-6.649414,-6.1811523,0.6183567855100891,0.05575,0.05575,8,603,652,6,6,1.492348500762985,76.74487656131777,9.01999999927,10.0,446.0,0.0,-7.3047466,-117.03494,76.7181033649958,0.49999999916963384,76.21810336582617,51.622981894165434,0.7022453252267081,6.869955156950673,75.2615861230503,75.37764910345788,75.90837343013743,0.7552182769086693,0.125,50.16646465221993,50.28252763262752,50.81325195930707,0.6,37,50,0,0.0,0.7032727272727274,525,369,0.7028571428571428,0.07428571428571429,0.9075829383886256,0.8587443946188341,0.11887787832279605,0.13098293642877265,0.0955551707661332,61.48780367915167,0.8158766722908595,2.7880794701986753,2.235294117647059,2.720626631853786,0.0
423,template_deposition,C,C,none,0,1.0,template_site:index=651:site=C:neigh=1:ahead0=51.650:mode=shell,x,yz,605,221,384,39,423,8031.60885509295,2.0820829053079675,500.0,0.001,55.75,0.05575,-5163.948,-5155.383,-5163.948,-8.56543,-8.087402,0.9999999992324811,0.05575,0.05575,8,604,651,6,6,1.3979142193466534,76.74487656131777,10.440000000500001,10.0,446.0,0.0,-7.3239517,-117.34264,76.74026053026597,0.49999999916963384,76.24026053109634,51.64513905943561,0.793425717964925,6.887892376681615,75.26979669387242,75.37764910345788,75.92499643119393,0.7613816978587283,0.125,50.17467522304206,50.28252763262752,50.82987496036357,0.6,37,50,0,0.0,0.7032727272727273,525,369,0.7028571428571428,0.07428571428571429,0.9078014184397163,0.8609865470852018,0.11861625348236893,0.13066321672667203,0.09557080994865154,61.48780367915167,0.8160102039887059,2.7900826446280993,2.3333333333333335,2.7239583333333335,0.0
424,template_vacancy,vac,C,vac,1,1.0,template_site:index=656:site=C:neigh=1:ahead0=51.650:mode=shell,x,yz,605,221,384,40,424,8097.65266306132,66.04380796836962,500.0,0.001,55.75,0.05575,-5163.948,-5163.948,-5163.948,0.0,0.0,0.9999999999555971,0.05575,0.05575,0,-1,656,5,5,1.4353925173584032,76.74487656131777,6.17999999904,10.0,446.0,0.0,-7.3239517,-117.34264,76.74026053026597,0.49999999916963384,76.24026053109634,51.64513905943561,0.793425717964925,6.887892376681615,75.26979669387242,75.37764910345788,75.92499643119393,0.7613816978587283,0.125,50.17467522304206,50.28252763262752,50.82987496036357,0.6,37,50,0,0.0,0.7032727272727273,525,369,0.7028571428571428,0.0761904761904762,0.9056603773584906,0.8609865470852018,0.11833649816755203,0.13066321672667203,0.09557080994865154,61.48780367915167,0.8160102039887059,2.7900826446280993,2.3333333333333335,2.7239583333333335,0.0
425,template_deposition,C,C,none,0,1.0,template_site:index=655:site=C:neigh=1:ahead0=51.650:mode=shell,x,yz,606,221,385,40,425,8099.518325251623,1.8656621903027144,500.0,0.001,55.75,0.05575,-5171.662,-5163.948,-5171.662,-7.713867,-6.07959,0.9940730846180477,0.05575,0.05575,9,605,655,4,4,1.6192241259286608,76.74487656131777,4.760000000040001,10.0,446.0,0.0,-7.341247,-117.61975,76.74026053026597,0.49999999916963384,76.24026053109634,51.64513905943561,0.852574581040467,6.9058295964125564,75.41621202621593,75.44993613601751,76.62036283833196,0.8752220284745206,0.125,50.32109055538557,50.35481466518715,51.52524136750159,0.6,37,50,0,0.0,0.7050909090909091,525,370,0.7047619047619048,0.0761904761904762,0.9058823529411765,0.8632286995515696,0.11840256601267192,0.1307041313126898,0.09584969629597251,61.48780367915167,0.8183914133275126,2.788778877887789,2.3157894736842106,2.722077922077922,0.0
426,template_deposition,C,C,none,0,1.0,template_site:index=661:site=C:neigh=1:ahead0=51.650:mode=shell,x,yz,607,221,386,40,426,8101.730386026844,2.212060775221579,500.0,0.001,55.75,0.05575,-5178.559,-5171.662,-5178.559,-6.8969727,-5.751465,0.9999999785189271,0.05575,0.05575,8,606,661,3,3,1.4498184734372916,76.74487656131777,21.79999999919,10.0,446.0,0.0,-7.3567114,-117.867516,76.74867400251672,0.49999999916963384,76.24867400334709,51.65355253168636,0.9096138832366363,6.923766816143497,75.58272994824952,75.54126595561107,76.7427845719412,0.9803015166730247,0.125,50.48760847741916,50.4461444847807,51.64766310111084,0.6,37,50,0,0.0,0.7069090909090909,525,371,0.7066666666666667,0.0761904761904762,0.9061032863849765,0.8654708520179372,0.11851551285779145,0.13079691315393566,0.09616687329032221,61.48780367915167,0.8210995588794744,2.787479406919275,2.3,2.7202072538860103,0.0
427,template_deposition,C,C,none,0,1.0,template_site:index=653:site=C:neigh=1:ahead0=51.650:mode=shell,x,yz,608,221,387,40,427,8113.066138467761,11.335752440917267,500.0,0.001,55.75,0.05575,-5187.5103,-5178.559,-5187.5103,-8.951172,-5.227539,0.9999999994719508,0.05575,0.05575,10,607,653,2,2,1.3896075120727907,76.74487656131777,1.9199999998100001,10.0,446.0,0.0,-7.3767815,-118.18907,76.75131706760068,0.49999999916963384,76.25131706843105,51.65619559677032,0.9338197761416267,6.941704035874439,75.6974765306856,75.93425472192311,76.74357749146638,1.0203679320607213,0.125,50.60235505985524,50.83913325109275,51.64845602063602,0.6,37,50,0,0.0,0.7069090909090909,525,371,0.7066666666666667,0.0761904761904762,0.9063231850117096,0.8677130044843049,0.118506686322846,0.1307554394311505,0.09638543820924808,61.48780367915167,0.8229657270554405,2.789473684210526,2.380952380952381,2.7235142118863047,0.0
428,template_deposition,C,C,none,0,1.0,template_site:index=657:site=C:neigh=1:ahead0=51.650:mode=shell,x,yz,609,221,388,40,428,8120.895585395727,7.82944692796575,500.0,0.001,55.75,0.05575,-5193.559,-5187.5103,-5193.559,-6.048828,-4.2382812,1.0,0.05575,0.05575,6,608,657,1,1,1.6123446093539144,76.74487656131777,18.95999999896,10.0,446.0,0.0,-7.3903437,-118.406364,76.75131706760068,0.49999999916963384,76.25131706843105,51.65619559677032,0.9574817885201607,6.959641255605381,75.84114975062352,75.93425472192311,76.74357749146638,0.8847002492404916,0.125,50.74602827979315,50.83913325109275,51.64845602063602,0.6,37,50,0,0.0,0.7105454545454546,525,373,0.7104761904761905,0.0761904761904762,0.9065420560747663,0.8699551569506726,0.11856548663503073,0.13078873267987925,0.09665910148532028,61.48780367915167,0.8253023403566345,2.7914614121510675,2.4545454545454546,2.7268041237113403,0.0
429,template_deposition,C,C,none,0,1.0,template_site:index=658:site=C:neigh=1:ahead0=51.650:mode=shell,x,yz,610,221,389,40,429,8154.2987126760645,33.40312728033785,500.0,0.001,55.75,0.05575,-5201.091,-5193.559,-5201.091,-7.5317383,-6.3637695,1.0,0.05575,0.05575,5,609,658,1,1,1.550366090640878,76.74487656131777,17.539999999960003,10.0,446.0,0.0,-7.407231,-118.676926,76.75131706760068,0.49999999916963384,76.25131706843105,51.65619559677032,0.976706421582683,6.977578475336323,75.8520638598529,75.93425472192311,76.7507404876376,0.9012005147903938,0.125,50.75694238902254,50.83913325109275,51.655619016807236,0.6,37,50,0,0.0,0.7123636363636365,525,374,0.7123809523809523,0.0761904761904762,0.9067599067599068,0.8721973094170403,0.11831455102336257,0.13048057169414534,0.09667989026480484,61.48780367915167,0.8254798407481974,2.7901639344262295,2.4347826086956523,2.7249357326478147,0.0
430,template_deposition,C,C,none,0,1.0,template_site:index=645:site=C:neigh=1:ahead0=50.420:mode=shell,x,yz,611,221,390,40,430,8159.6515954563265,5.352882780262244,500.0,0.001,55.75,0.05575,-5208.7534,-5201.091,-5208.7534,-7.6625977,-6.7109375,1.0,0.05575,0.05575,10,610,645,1,1,1.4947767540910457,75.51512048773473,16.83000000046,10.0,446.0,0.0,-7.424412,-118.952194,76.75131706760068,0.49999999916963384,76.25131706843105,51.65619559677032,0.9476956543972781,6.995515695067264,75.83390082238705,75.93425472192311,76.74357749146638,0.8835862874894197,0.125,50.73877935155669,50.83913325109275,51.64845602063602,0.6,37,50,0,0.0,0.7143636363636364,525,375,0.7142857142857143,0.0761904761904762,0.9069767441860465,0.874439461883408,0.11799716128268997,0.13009943423476072,0.09664529400296512,61.48780367915167,0.825184448225143,2.788870703764321,2.4166666666666665,2.723076923076923,0.0
431,template_impurity,N,C,N,0,1.0,template_site:index=646:site=C:neigh=1:ahead0=50.420:mode=shell,x,yz,612,221,391,40,431,8164.259907693057,4.6083122367307725,500.0,0.001,55.75,0.05575,-5220.7334,-5208.7534,-5220.7334,-11.97998,-9.897949,1.0,0.05575,0.05575,11,611,646,1,1,1.4235368442387328,75.51512048773473,15.409999999230001,10.0,446.0,0.0,-7.4512725,-119.382545,76.75131706760068,0.49999999916963384,76.25131706843105,51.65619559677032,0.9195812892328377,7.013452914798206,76.02806521886411,75.97165133911355,76.74357749146638,0.5961589964143864,0.125,50.93294374803375,50.876529868283185,51.64845602063602,0.6,37,50,0,0.0,0.7145454545454545,525,375,0.7142857142857143,0.0761904761904762,0.9071925754060325,0.8766816143497758,0.11817388340611079,0.13026328324305306,0.09701513094863572,61.48780367915167,0.8283422191139883,2.7908496732026142,2.48,2.7263427109974425,0.0
432,template_deposition,C,C,none,0,1.0,template_site:index=660:site=C:neigh=1:ahead0=51.650:mode=shell,x,yz,613,221,392,40,432,8178.110158560764,13.850250867706274,500.0,0.001,55.75,0.05575,-5226.1484,-5220.7334,-5226.1484,-5.415039,-4.6137695,1.0,0.05575,0.05575,8,612,660,1,1,1.4585049692025966,76.74487656131777,14.69999999973,10.0,446.0,0.0,-7.4634137,-119.57707,76.75131706760068,0.49999999916963384,76.25131706843105,51.65619559677032,0.9325917090683271,7.031390134529148,76.15571555210067,76.42275472862791,76.74357749146638,0.6190652055224519,0.125,51.06059408127031,51.327633257797544,51.64845602063602,0.6,37,50,0,0.0,0.7181818181818181,525,377,0.7180952380952381,0.0761904761904762,0.9074074074074074,0.8789237668161435,0.11819581963257016,0.130256617554261,0.09725827444051488,61.48780367915167,0.8304182459940938,2.789559543230016,2.4615384615384617,2.7244897959183674,0.0
433,template_deposition,C,C,none,0,1.0,template_site:index=659:site=C:neigh=1:ahead0=51.650:mode=shell,x,yz,614,221,393,40,433,8207.751094910762,29.640936349998494,500.0,0.001,55.75,0.05575,-5234.3154,-5226.1484,-5234.3154,-8.166992,-6.737793,1.0,0.05575,0.05575,9,613,659,1,1,1.463083750500806,76.74487656131777,13.28000000073,10.0,446.0,0.0,-7.4817257,-119.87046,76.78611463771757,0.49999999916963384,76.28611463854794,51.69099316688721,0.9385778000548269,7.04932735426009,76.36588549792242,76.61526019559079,76.76175633863575,0.4824078905793677,0.125,51.270764027092056,51.52013872476043,51.666634867805385,0.6,37,50,0,0.0,0.72,525,378,0.72,0.0761904761904762,0.9076212471131639,0.8811659192825112,0.11840823100945047,0.13045995935646834,0.09765859814684201,61.48780367915167,0.8338363213398717,2.788273615635179,2.4444444444444446,2.72264631043257,0.0
434,template_deposition,C,C,none,0,1.0,template_site:index=669:site=C:neigh=1:ahead0=52.880:mode=shell,x,yz,615,221,394,40,434,8210.800474422264,3.049379511501111,500.0,0.001,55.75,0.05575,-5242.416,-5234.3154,-5242.416,-8.100586,-7.541504,0.9999999999905931,0.05575,0.05575,9,614,669,7,7,1.3778317889040068,77.9746326349008,12.569999999,10.0,446.0,0.0,-7.4998884,-120.16146,77.92122967979599,0.49999999916963384,77.42122968062635,52.82610820896562,0.7210677992560863,7.067264573991031,76.50325835311058,76.5966970286742,77.10229085125927,0.7012172580965593,0.125,51.40813688228022,51.501575557843836,52.007169380428905,0.6,37,50,0,0.0,0.722,525,379,0.7219047619047619,0.0761904761904762,0.9078341013824884,0.8834080717488789,0.11845192830018483,0.13047750477736095,0.0979202607281528,61.48780367915167,0.8360704693654701,2.7869918699186993,2.25,2.720812182741117,0.0
435,template_impurity,N,C,N,0,1.0,template_site:index=668:site=C:neigh=2:ahead0=52.880:mode=shell,x,yz,616,221,395,40,435,8235.841144290609,25.040669868346278,500.0,0.001,55.75,0.05575,-5253.969,-5242.416,-5253.969,-11.553223,-10.540527,1.0,0.05575,0.05575,9,615,668,6,6,1.3484380943710907,77.9746326349008,11.15,10.0,446.0,0.0,-7.5257926,-120.57649,77.89325031871446,0.49999999916963384,77.39325031954483,52.7981288478841,0.7992522930524119,7.085201793721973,76.64304231049198,76.59559421628839,77.89086343641236,0.8340000510588668,0.125,51.547920839661614,51.500472745458026,52.795741965581996,0.6,37,50,0,0.0,0.7240000000000001,525,380,0.7238095238095238,0.0761904761904762,0.9080459770114943,0.8856502242152466,0.11850096744749797,0.13050106541686485,0.09818651588506974,61.48780367915167,0.8383438300812115,2.788961038961039,2.3333333333333335,2.7240506329113923,0.0
436,template_deposition,C,C,none,0,1.0,template_site:index=662:site=C:neigh=1:ahead0=52.880:mode=shell,x,yz,617,221,396,40,436,8268.609231688848,32.76808739823904,500.0,0.001,55.75,0.05575,-5261.887,-5253.969,-5261.887,-7.9179688,-6.7543945,0.999251120373501,0.05575,0.05575,9,616,662,5,5,1.405635198379953,77.9746326349008,8.30999999977,10.0,446.0,0.0,-7.5435457,-120.86093,78.03204130389743,0.49999999916963384,77.5320413047278,52.936919833067066,0.8542899879716696,7.103139013452915,76.8128374618145,76.68539557978337,77.93250073196725,0.7619819134318934,0.125,51.71771599098413,51.59027410895301,52.83737926113689,0.6,37,50,0,0.0,0.726,525,381,0.7257142857142858,0.0761904761904762,0.908256880733945,0.8878923766816144,0.11861861465822049,0.13060029290652558,0.09850993522092216,61.48780367915167,0.8411052744842108,2.787682333873582,2.3181818181818183,2.7222222222222223,0.0
437,template_deposition,C,C,none,0,1.0,template_site:index=663:site=C:neigh=1:ahead0=52.880:mode=shell,x,yz,618,221,397,40,437,8269.060636374494,0.4514046856457882,500.0,0.001,55.75,0.05575,-5270.222,-5261.887,-5270.222,-8.334961,-7.7089844,0.999999999999825,0.05575,0.05575,9,617,663,5,5,1.3871419035843955,77.9746326349008,6.890000000770001,10.0,446.0,0.0,-7.562234,-121.16035,78.05458933266472,0.49999999916963384,77.55458933349509,52.959467861834355,0.8839507079080203,7.121076233183857,76.81871792851217,76.68539557978337,77.93926514059744,0.7650338771155158,0.125,51.72359645768181,51.59027410895301,52.84414366976708,0.6,37,50,0,0.0,0.728,525,382,0.7276190476190476,0.0761904761904762,0.9084668192219679,0.8901345291479821,0.11836063262627416,0.13028613717300203,0.09852113610987011,61.48780367915167,0.8412009107949231,2.7864077669902914,2.3181818181818183,2.720403022670025,0.0
438,template_deposition,C,C,none,0,1.0,template_site:index=664:site=C:neigh=1:ahead0=52.880:mode=shell,x,yz,619,221,398,40,438,8269.748348682364,0.6877123078697153,500.0,0.001,55.75,0.05575,-5277.6514,-5270.222,-5277.6514,-7.429199,-6.3710938,0.9420131718035837,0.05575,0.05575,7,618,664,4,4,1.5272419634448113,77.9746326349008,2.62999999931,10.0,446.0,0.0,-7.5788913,-121.42723,78.05458933266472,0.49999999916963384,77.55458933349509,52.959467861834355,0.9138428575532953,7.139013452914798,76.95958573692198,76.72737780000392,77.93926514059744,0.8350625966292451,0.125,51.864464266091616,51.63225632917356,52.84414366976708,0.6,37,50,0,0.0,0.7281818181818182,525,382,0.7276190476190476,0.0761904761904762,0.908675799086758,0.8923766816143498,0.11841201887235529,0.13031272428666235,0.09878945574493642,61.48780367915167,0.8434918986003238,2.7851373182552503,2.3043478260869565,2.7185929648241207,0.0
439,template_impurity,N,C,N,0,1.0,template_site:index=665:site=C:neigh=1:ahead0=52.880:mode=shell,x,yz,620,221,399,40,439,8270.040713349801,0.2923646674364267,500.0,0.001,55.75,0.05575,-5288.352,-5277.6514,-5288.352,-10.700684,-7.779785,0.9999999999963931,0.05575,0.05575,9,619,665,4,4,1.560900098963542,77.9746326349008,4.05000000054,10.0,446.0,0.0,-7.602884,-121.81163,78.0922463326982,0.49999999916963384,77.59224633352856,52.99712486186783,0.9463741360499113,7.15695067264574,77.17399998340554,77.33239505154569,78.03017471928884,0.8583897715379784,0.125,52.07887851257517,52.237273580715325,52.93505324845847,0.6,37,50,0,0.0,0.7301818181818182,525,383,0.7295238095238096,0.0761904761904762,0.908883826879271,0.8946188340807175,0.11863070276213024,0.13052350504404805,0.09919786383347652,61.48780367915167,0.8469790006539667,2.7838709677419353,2.2916666666666665,2.7167919799498748,0.0
440,template_deposition,C,C,none,0,1.0,template_site:index=670:site=C:neigh=1:ahead0=52.880:mode=shell,x,yz,621,221,400,40,440,8284.974996200173,14.934282850372119,500.0,0.001,55.75,0.05575,-5295.4546,-5288.352,-5295.4546,-7.102539,-6.2490234,0.9999992285639236,0.05575,0.05575,8,620,670,3,3,1.541294983263296,77.9746326349008,19.67000000069,10.0,446.0,0.0,-7.6188087,-122.06677,78.0922463326982,0.49999999916963384,77.59224633352856,52.99712486186783,0.9670213450885711,7.174887892376682,77.48390172588132,77.85967454095197,78.03017471928884,0.6042876121200931,0.125,52.38878025505096,52.76455307012161,52.93505324845847,0.6,37,50,0,0.0,0.7321818181818182,525,384,0.7314285714285714,0.0761904761904762,0.9090909090909091,0.8968609865470852,0.11906540967057036,0.1309719506376274,0.09978815286676374,61.48780367915167,0.8520190528908765,2.782608695652174,2.28,2.715,0.0
441,template_impurity,N,C,N,0,1.0,template_site:index=671:site=C:neigh=1:ahead0=52.880:mode=shell,x,yz,622,221,401,40,441,8325.085216959258,40.11022075908428,500.0,0.001,55.75,0.05575,-5306.648,-5295.4546,-5306.648,-11.193359,-9.5078125,1.0,0.05575,0.05575,10,621,671,3,3,1.4484775442391509,77.9746326349008,21.08999999969,10.0,446.0,0.0,-7.643906,-122.46888,78.0922463326982,0.49999999916963384,77.59224633352856,52.99712486186783,0.9830818660616527,7.192825112107624,77.48417722267571,77.83622992726225,78.03442341403141,0.6173962286095186,0.125,52.38905575184535,52.74110845643189,52.939301943201045,0.6,37,50,0,0.0,0.7341818181818183,525,385,0.7333333333333333,0.0761904761904762,0.909297052154195,0.899103139013453,0.11879604478876496,0.13064602431881633,0.09978867762256256,61.48780367915167,0.8520235334020984,2.7813504823151125,2.269230769230769,2.7132169576059852,0.0
442,template_deposition,C,C,none,0,1.0,template_site:index=667:site=C:neigh=1:ahead0=52.880:mode=shell,x,yz,623,221,402,40,442,8385.774156510843,60.68893955158494,500.0,0.001,55.75,0.05575,-5313.0776,-5306.648,-5313.0776,-6.4296875,-5.583496,1.0,0.05575,0.05575,9,622,667,1,1,1.6149649606114935,77.9746326349008,15.409999999230001,10.0,446.0,0.0,-7.6583223,-122.69985,78.0922463326982,0.49999999916963384,77.59224633352856,52.99712486186783,0.9920651538398332,7.210762331838565,77.63434080745785,77.86060998189475,78.03442341403141,0.53146109932959,0.125,52.53921933662748,52.76548851106439,52.939301943201045,0.6,42,50,0,0.0,0.7361818181818183,525,386,0.7352380952380952,0.0761904761904762,0.9095022624434389,0.9013452914798207,0.11886701207381783,0.13069457546424748,0.10007470349833807,61.48780367915167,0.8544657020241181,2.780096308186196,2.259259259259259,2.711442786069652,0.0
443,template_deposition,C,C,none,0,1.0,template_site:index=666:site=C:neigh=1:ahead0=52.880:mode=shell,x,yz,624,221,403,40,443,8392.340820121157,6.566663610313445,500.0,0.001,55.75,0.05575,-5323.4004,-5313.0776,-5323.4004,-10.322754,-8.177246,1.0,0.05575,0.05575,10,623,666,1,1,1.4732461162804984,77.9746326349008,16.83000000046,10.0,446.0,0.0,-7.6814675,-123.07068,78.0922463326982,0.49999999916963384,77.59224633352856,52.99712486186783,0.9963589559065886,7.228699551569507,77.78225731330281,77.85054586660783,78.03442341403141,0.37173813403618705,0.125,52.68713584247244,52.75542439577747,52.939301943201045,0.6,42,50,0,0.0,0.7381818181818182,525,387,0.7371428571428571,0.0761904761904762,0.909706546275395,0.9035874439461884,0.11893258655185653,0.13073730978281004,0.10035644922375704,61.48780367915167,0.8568713255298267,2.782051282051282,2.3214285714285716,2.7146401985111663,0.0
444,template_deposition,C,C,none,0,1.0,template_site:index=677:site=C:neigh=1:ahead0=54.109:mode=shell,x,yz,625,221,404,40,444,8406.142170443387,13.80135032222949,500.0,0.001,55.75,0.05575,-5331.81,-5323.4004,-5331.81,-8.409668,-7.331543,0.9999999998532294,0.05575,0.05575,8,624,677,10,10,1.3274299573751576,79.20438870848383,6.17999999904,10.0,446.0,0.0,-7.7003236,-123.37279,79.24979796245279,0.49999999916963384,78.74979796328316,54.154676491622425,0.7738212292814927,7.246636771300448,77.95383454107721,77.85054586660783,78.57870053194975,0.6276054577039124,0.125,52.85871307024685,52.75542439577747,53.483579061119386,0.6,42,50,0,0.0,0.74,525,388,0.7390476190476191,0.0761904761904762,0.9099099099099099,0.905829596412556,0.11905115556361903,0.13083839868872982,0.10068326299094638,61.48780367915167,0.8596617525333624,2.7808,2.15,2.712871287128713,0.0
445,template_impurity,N,C,N,0,1.0,template_site:index=676:site=C:neigh=2:ahead0=54.109:mode=shell,x,yz,626,221,405,40,445,8422.367752344004,16.225581900617723,500.0,0.001,55.75,0.05575,-5341.94,-5331.81,-5341.94,-10.129883,-9.215332,1.0,0.05575,0.05575,9,625,676,9,9,1.2287478061282149,79.20438870848383,4.760000000040001,10.0,446.0,0.0,-7.7230363,-123.73669,79.24792203600045,0.49999999916963384,78.74792203683081,54.15280056517008,0.8479995253964832,7.26457399103139,78.07206700178509,77.85054586660783,79.18275700917987,0.7356962519412338,0.125,52.97694553095472,52.75542439577747,54.0876355383495,0.6,42,50,0,0.0,0.7418181818181818,525,389,0.7409523809523809,0.0761904761904762,0.9101123595505618,0.9080717488789237,0.11904931579989825,0.13080727291593758,0.100908467678009,61.48780367915167,0.8615846128997013,2.7827476038338657,2.238095238095238,2.7160493827160495,0.0
446,template_deposition,C,C,none,0,1.0,template_site:index=679:site=C:neigh=1:ahead0=54.109:mode=shell,x,yz,627,221,406,40,446,8437.505045570662,15.137293226658327,500.0,0.001,55.75,0.05575,-5348.8945,-5341.94,-5348.8945,-6.95459,-6.354492,0.9997417015471035,0.05575,0.05575,9,626,679,8,8,1.5515195160483164,79.20438870848383,17.539999999960003,10.0,446.0,0.0,-7.7386293,-123.98651,79.24792203600045,0.49999999916963384,78.74792203683081,54.15280056517008,0.8954191217705355,7.2825112107623315,78.22915062168673,77.92190709146865,79.18275700917987,0.8066030529731876,0.125,53.134029150856364,52.82678562063829,54.0876355383495,0.6,42,50,0,0.0,0.7436363636363637,525,390,0.7428571428571429,0.0761904761904762,0.9103139013452914,0.9103139013452914,0.11913459450864655,0.13087199298240484,0.10120767457305974,61.48780367915167,0.8641393247368865,2.781499202551834,2.227272727272727,2.7142857142857144,0.0
447,template_deposition,C,C,none,0,1.0,template_site:index=678:site=C:neigh=2:ahead0=54.109:mode=shell,x,yz,628,221,407,40,447,8453.016342591201,15.51129702053878,500.0,0.001,55.75,0.05575,-5359.029,-5348.8945,-5359.029,-10.134277,-8.580078,1.0,0.05575,0.05575,9,627,678,7,7,1.4500485244857337,79.20438870848383,18.95999999896,10.0,446.0,0.0,-7.761352,-124.35057,79.24792203600045,0.49999999916963384,78.74792203683081,54.15280056517008,0.925626052308277,7.300448430493273,78.2112249413255,77.86348247716592,79.18275700917987,0.8088957655283814,0.125,53.11610347049513,52.76836100633555,54.0876355383495,0.6,42,50,0,0.0,0.7454545454545455,525,391,0.7447619047619047,0.0761904761904762,0.9105145413870246,0.9125560538116592,0.11882797196978777,0.13050639673340328,0.10117353041999073,61.48780367915167,0.8638477924444863,2.786624203821656,2.391304347826087,2.7223587223587224,0.0
448,template_deposition,C,C,none,0,1.0,template_site:index=681:site=C:neigh=1:ahead0=54.109:mode=shell,x,yz,629,221,408,40,448,8455.30774349579,2.2914009045881523,500.0,0.001,55.75,0.05575,-5366.4287,-5359.029,-5366.4287,-7.3999023,-6.63916,0.9999998085026511,0.05575,0.05575,10,628,681,6,6,1.5680205227613415,79.20438870848383,14.69999999973,10.0,446.0,0.0,-7.7779436,-124.616394,79.24792203600045,0.49999999916963384,78.74792203683081,54.15280056517008,0.9535595986628624,7.318385650224215,78.4810773071089,78.4995437544733,79.18275700917987,0.681783677290112,0.125,53.38595583627854,53.40442228364293,54.0876355383495,0.6,42,50,0,0.0,0.7472727272727272,525,392,0.7466666666666667,0.0761904761904762,0.9107142857142857,0.9147982062780269,0.11916507999169317,0.13084793097127093,0.10168753492624484,61.48780367915167,0.8682365061346276,2.7853736089030208,2.375,2.7205882352941178,0.0
449,template_deposition,C,C,none,0,1.0,template_site:index=680:site=C:neigh=2:ahead0=54.109:mode=shell,x,yz,630,221,409,40,449,8458.171380733065,2.8636372372749865,500.0,0.001,55.75,0.05575,-5376.8438,-5366.4287,-5376.8438,-10.415039,-9.4609375,1.0,0.05575,0.05575,9,629,680,5,5,1.445774613595388,79.20438870848383,13.28000000073,10.0,446.0,0.0,-7.8012958,-124.99054,79.24792203600045,0.49999999916963384,78.74792203683081,54.15280056517008,0.9745339382239017,7.336322869955157,78.64110010992796,79.1020315509478,79.18275700917987,0.6516563159259953,0.125,53.5459786390976,54.006910080117436,54.0876355383495,0.6,42,50,0,0.0,0.749090909090909,525,393,0.7485714285714286,0.0761904761904762,0.910913140311804,0.9170403587443946,0.11925607714721069,0.13091926317627775,0.1019923402649478,61.48780367915167,0.8708390190435952,2.787301587301587,2.44,2.7237163814180927,0.0
450,template_deposition,C,C,none,0,1.0,template_site:index=682:site=C:neigh=1:ahead0=54.109:mode=shell,x,yz,631,221,410,40,450,8472.339496114071,14.168115381005924,500.0,0.001,55.75,0.05575,-5383.812,-5376.8438,-5383.812,-6.9682617,-5.9726562,0.9995796995380776,0.05575,0.05575,9,630,682,4,4,1.4155582932278385,79.20438870848383,21.79999999919,10.0,446.0,0.0,-7.81692,-125.24087,79.24792203600045,0.49999999916963384,78.74792203683081,54.15280056517008,0.985246029101206,7.354260089686099,78.7940560291658,79.10469535237453,79.18275700917987,0.590366569244615,0.125,53.69893455833544,54.00957388154417,54.0876355383495,0.6,42,50,0,0.0,0.7527272727272728,525,395,0.7523809523809524,0.0761904761904762,0.9111111111111111,0.9192825112107623,0.11933096568518986,0.1309730111178913,0.10228368487301988,61.48780367915167,0.8733266004839076,2.786053882725832,2.423076923076923,2.7219512195121953,0.0
451,template_deposition,C,C,none,0,1.0,template_site:index=673:site=C:neigh=1:ahead0=54.109:mode=shell,x,yz,632,221,411,40,451,8514.028245989888,41.68874987581768,500.0,0.001,55.75,0.05575,-5389.8804,-5383.812,-5389.8804,-6.0683594,-5.6381836,0.9999999973051996,0.05575,0.05575,9,631,673,4,4,1.4783937228146273,79.20438870848383,9.01999999927,10.0,446.0,0.0,-7.830526,-125.458855,79.24792203600045,0.49999999916963384,78.74792203683081,54.15280056517008,1.0023742893031098,7.37219730941704,78.97634480397382,79.10473448186787,79.23772748376801,0.43608434371741084,0.125,53.88122333314345,54.0096130110375,54.14260601293765,0.6,42,50,0,0.0,0.7545454545454545,525,396,0.7542857142857143,0.0761904761904762,0.9113082039911308,0.92152466367713,0.11947056171428704,0.13109786699061668,0.10263090158693991,61.48780367915167,0.8762912335314501,2.7848101265822787,2.4074074074074074,2.7201946472019465,0.0
452,template_deposition,C,C,none,0,1.0,template_site:index=672:site=C:neigh=2:ahead0=54.109:mode=shell,x,yz,633,221,412,40,452,8520.09215331703,6.063907327141701,500.0,0.001,55.75,0.05575,-5400.005,-5389.8804,-5400.005,-10.124512,-8.796875,1.0,0.05575,0.05575,10,632,672,3,3,1.4302582722370902,79.20438870848383,10.440000000500001,10.0,446.0,0.0,-7.8532267,-125.82256,79.24792203600045,0.49999999916963384,78.74792203683081,54.15280056517008,1.0057952933118899,7.390134529147982,78.96707038357613,79.09837487440802,79.23788695171945,0.4339172108313467,0.125,53.871948912745765,54.00325340357766,54.14276548088908,0.6,42,50,0,0.0,0.7563636363636363,525,397,0.7561904761904762,0.0761904761904762,0.911504424778761,0.9237668161434978,0.11918572768306585,0.13075715755520817,0.10261323602427765,61.48780367915167,0.8761404000353298,2.786729857819905,2.4642857142857144,2.7233009708737863,0.0
453,template_deposition,C,C,none,0,1.0,template_site:index=674:site=C:neigh=1:ahead0=54.109:mode=shell,x,yz,634,221,413,40,453,8535.500462654993,15.408309337963534,500.0,0.001,55.75,0.05575,-5405.9497,-5400.005,-5405.9497,-5.944824,-4.5654297,1.0,0.05575,0.05575,10,633,674,2,2,1.5179533376042933,79.20438870848383,1.9199999998100001,10.0,446.0,0.0,-7.8665557,-126.03612,79.28211293534616,0.49999999916963384,78.78211293617653,54.1869914645158,0.9781392195135586,7.408071748878924,79.13391512807311,79.12606852587216,79.24814422152316,0.08588242770497782,0.125,54.03879365724275,54.03094705504179,54.1530227506928,0.6,43,50,0,0.0,0.7581818181818182,525,398,0.758095238095238,0.0761904761904762,0.9116997792494481,0.9260089686098655,0.11929093522570143,0.13084453670034563,0.10293103553760524,61.48780367915167,0.8788538608277756,2.7854889589905363,2.4642857142857144,2.721549636803874,0.0
454,template_deposition,C,C,none,0,1.0,template_site:index=685:site=C:neigh=1:ahead0=55.339:mode=shell,x,yz,635,221,414,40,454,8551.521947227973,16.021484572980263,500.0,0.001,55.75,0.05575,-5414.3447,-5405.9497,-5414.3447,-8.39502,-7.102051,0.934122690764269,0.05575,0.05575,8,634,685,10,10,1.4743603603357356,80.43414478206687,2.62999999931,10.0,446.0,0.0,-7.885379,-126.3377,80.4213831807264,0.49999999916963384,79.92138318155676,55.32626170989603,0.6842703129146048,7.426008968609866,79.28168818317229,79.11876975547264,79.58992529513723,0.4372252912926041,0.125,54.18656671234193,54.02364828464228,54.49480382430687,0.6,43,50,0,0.0,0.7601818181818183,525,399,0.76,0.0761904761904762,0.9118942731277533,0.9282511210762332,0.11935367117255931,0.1308854268414056,0.10321250802350844,61.48780367915167,0.8812571513383665,2.784251968503937,2.2857142857142856,2.7198067632850242,0.0
455,template_deposition,C,C,none,0,1.0,template_site:index=686:site=C:neigh=2:ahead0=55.339:mode=shell,x,yz,636,221,415,40,455,8581.978090218712,30.4561429907391,500.0,0.001,55.75,0.05575,-5423.2363,-5414.3447,-5423.2363,-8.891602,-7.5654297,0.9999999340369922,0.05575,0.05575,8,635,686,9,9,1.2911589894040225,80.43414478206687,4.05000000054,10.0,446.0,0.0,-7.905315,-126.65711,80.48624668845041,0.49999999916963384,79.98624668928078,55.39112521762004,0.7691245431304158,7.443946188340807,79.42939743981674,79.11876975547264,80.37833604033618,0.570113988160933,0.125,54.334275968986375,54.02364828464228,55.283214569505816,0.6,43,50,0,0.0,0.7621818181818182,525,400,0.7619047619047619,0.0761904761904762,0.9120879120879121,0.9304932735426009,0.1194159911406294,0.13092596619032862,0.10349385898854548,61.48780367915167,0.883659404269943,2.7861635220125787,2.3636363636363638,2.7228915662650603,0.0
456,template_deposition,C,C,none,0,1.0,template_site:index=692:site=C:neigh=1:ahead0=55.339:mode=shell,x,yz,637,221,416,40,456,8598.927431262871,16.949341044159482,500.0,0.001,55.75,0.05575,-5431.258,-5423.2363,-5431.258,-8.021484,-6.859375,0.9999997224608579,0.05575,0.05575,9,636,692,8,8,1.5125821475283745,80.43414478206687,21.08999999969,10.0,446.0,0.0,-7.9233003,-126.94527,80.48624668845041,0.49999999916963384,79.98624668928078,55.39112521762004,0.8175671555214902,7.461883408071749,79.57064170312987,79.165960973114,80.36221733178208,0.618320570816716,0.125,54.4755202322995,54.07083950228363,55.26709586095171,0.6,43,50,0,0.0,0.7641818181818181,525,401,0.7638095238095238,0.0761904761904762,0.9122807017543859,0.9327354260089686,0.11946386015855154,0.1309507697891815,0.10376289568057048,61.48780367915167,0.8859565145074488,2.7849293563579276,2.347826086956522,2.7211538461538463,0.0
457,template_deposition,C,C,none,0,1.0,template_site:index=691:site=C:neigh=2:ahead0=55.339:mode=shell,x,yz,638,221,417,40,457,8657.516610103712,58.58917884084001,500.0,0.001,55.75,0.05575,-5442.3076,-5431.258,-5442.3076,-11.049805,-9.836914,1.0,0.05575,0.05575,9,637,691,7,7,1.45965414408568,80.43414478206687,19.67000000069,10.0,446.0,0.0,-7.948076,-127.34222,80.48624668845041,0.49999999916963384,79.98624668928078,55.39112521762004,0.8545022407676371,7.479820627802691,79.5889297104258,79.18532764109307,80.39150559273065,0.6141998184357831,0.125,54.49380823959544,54.090206170262704,55.29638412190029,0.6,43,50,0,0.0,0.7661818181818183,525,402,0.7657142857142857,0.0761904761904762,0.912472647702407,0.9349775784753364,0.11924246879561365,0.13068059529879003,0.10379772998018179,61.48780367915167,0.8862539394633209,2.7899686520376177,2.5,2.7290167865707433,0.0
458,template_deposition,C,C,none,0,1.0,template_site:index=687:site=C:neigh=1:ahead0=55.339:mode=shell,x,yz,639,221,418,40,458,8661.93216060098,4.415550497267833,500.0,0.001,55.75,0.05575,-5449.6196,-5442.3076,-5449.6196,-7.3120117,-6.2475586,0.7209834612201553,0.05575,0.05575,10,638,687,6,6,1.7007350210084275,80.43414478206687,16.83000000046,10.0,446.0,0.0,-7.9644704,-127.60489,80.48624668845041,0.49999999916963384,79.98624668928078,55.39112521762004,0.8824376562208066,7.497757847533633,79.72583893747824,79.7576575922261,80.3783408268834,0.6273381108507774,0.125,54.63071746664788,54.66253612139573,55.28321935605304,0.6,43,50,0,0.0,0.7681818181818181,525,403,0.7676190476190476,0.0761904761904762,0.9126637554585153,0.9372197309417041,0.11928104250359799,0.1306954963316935,0.10405850946028168,61.48780367915167,0.8884805473247245,2.788732394366197,2.48,2.727272727272727,0.0
459,template_deposition,C,C,none,0,1.0,template_site:index=688:site=C:neigh=2:ahead0=55.339:mode=shell,x,yz,640,221,419,40,459,8703.040210694493,41.10805009351381,500.0,0.001,55.75,0.05575,-5460.5586,-5449.6196,-5460.5586,-10.938965,-10.121582,1.0,0.05575,0.05575,10,639,688,5,5,1.470718682181915,80.43414478206687,15.409999999230001,10.0,446.0,0.0,-7.9889975,-127.997856,80.48624668845041,0.49999999916963384,79.98624668928078,55.39112521762004,0.907927841493245,7.515695067264574,79.87707049371026,80.26916908593965,80.38870954146572,0.6048383141383982,0.125,54.7819490228799,55.17404761510929,55.29358807063535,0.6,43,50,0,0.0,0.7701818181818183,525,404,0.7695238095238095,0.0761904761904762,0.9128540305010894,0.9394618834080718,0.11935065146596928,0.13074450840782792,0.10434656956739029,61.48780367915167,0.8909400847806589,2.790625,2.5384615384615383,2.7303102625298328,0.0
460,template_deposition,C,C,none,0,1.0,template_site:index=690:site=C:neigh=1:ahead0=55.339:mode=shell,x,yz,641,221,420,40,460,8709.000148932313,5.959938237819318,500.0,0.001,55.75,0.05575,-5468.174,-5460.5586,-5468.174,-7.6152344,-6.840332,0.9999999758160328,0.05575,0.05575,10,640,690,4,4,1.587388304355694,80.43414478206687,12.569999999,10.0,446.0,0.0,-8.006072,-128.27142,80.48624668845041,0.49999999916963384,79.98624668928078,55.39112521762004,0.9290429194344094,7.533632286995516,80.03719559591423,80.29678686910268,80.37978616332643,0.5162996135576441,0.125,54.94207412508386,55.20166539827231,55.284664692496065,0.6,43,50,0,0.0,0.7721818181818182,525,405,0.7714285714285715,0.0761904761904762,0.9130434782608695,0.9417040358744395,0.11943929157626927,0.13081446220258064,0.1046515697620645,61.48780367915167,0.8935442614242013,2.7893915756630263,2.5185185185185186,2.7285714285714286,0.0
461,template_deposition,C,C,none,0,1.0,template_site:index=689:site=C:neigh=2:ahead0=55.339:mode=shell,x,yz,642,221,421,40,461,8712.364325264518,3.3641763322039715,500.0,0.001,55.75,0.05575,-5478.9297,-5468.174,-5478.9297,-10.755859,-10.014648,1.0,0.05575,0.05575,10,641,689,3,3,1.4164101435614318,80.43414478206687,11.15,10.0,446.0,0.0,-8.030188,-128.65779,80.48624668845041,0.49999999916963384,79.98624668928078,55.39112521762004,0.9435746163656054,7.551569506726457,80.03831102062995,80.29678686910268,80.38504002086077,0.5165672060816666,0.125,54.943189549799584,55.20166539827231,55.28991855003041,0.6,43,50,0,0.0,0.7741818181818181,525,406,0.7733333333333333,0.0761904761904762,0.913232104121475,0.9439461883408071,0.11918262375227676,0.13050638847933393,0.10465369438057064,61.48780367915167,0.8935624020089836,2.791277258566978,2.5714285714285716,2.7315914489311166,0.0
462,template_deposition,C,C,none,0,1.0,template_site:index=683:site=C:neigh=1:ahead0=55.339:mode=shell,x,yz,643,221,422,40,462,8713.322704770771,0.9583795062534164,500.0,0.001,55.75,0.05575,-5486.0474,-5478.9297,-5486.0474,-7.117676,-6.834961,1.0,0.05575,0.05575,10,642,683,2,2,1.451394719525706,80.43414478206687,8.30999999977,10.0,446.0,0.0,-8.046147,-128.9135,80.48624668845041,0.49999999916963384,79.98624668928078,55.39112521762004,0.9581962503425966,7.569506726457399,80.20908451342868,80.29799797028724,80.45615683982982,0.3605784922056046,0.125,55.113963042598314,55.20287649945688,55.36103536899945,0.6,44,50,0,0.0,0.7761818181818182,525,407,0.7752380952380953,0.0761904761904762,0.9134199134199135,0.9461883408071748,0.11929429229999636,0.1306018081578159,0.1049789772239968,61.48780367915167,0.8963397575588719,2.7900466562986,2.5517241379310347,2.7298578199052135,0.0
463,template_deposition,C,C,none,0,1.0,template_site:index=684:site=C:neigh=2:ahead0=55.339:mode=shell,x,yz,644,221,423,40,463,8730.098248128346,16.775543357575362,500.0,0.001,55.75,0.05575,-5496.056,-5486.0474,-5496.056,-10.008789,-8.465332,1.0,0.05575,0.05575,10,643,684,1,1,1.434705166995623,80.43414478206687,6.890000000770001,10.0,446.0,0.0,-8.068588,-129.27304,80.47924872653459,0.49999999916963384,79.97924872736496,55.38412725570423,0.9694525893910388,7.5874439461883405,80.20696012298978,80.29799797028724,80.41746235519918,0.34231972493110074,0.125,55.11183865215942,55.20287649945688,55.32234088436881,0.6,44,50,0,0.0,0.7781818181818181,525,408,0.7771428571428571,0.0761904761904762,0.9136069114470843,0.9484304932735426,0.11903204892475036,0.13028803463867475,0.10497493076601794,61.48780367915167,0.8963052077731943,2.7919254658385095,2.6,2.7328605200945626,0.0
464,template_deposition,C,C,none,0,1.0,template_site:index=694:site=C:neigh=1:ahead0=56.569:mode=shell,x,yz,645,221,424,40,464,8730.3790290134,0.28078088505418325,500.0,0.001,55.75,0.05575,-5502.843,-5496.056,-5502.843,-6.786621,-6.2216797,0.9165808161464979,0.05575,0.05575,9,644,694,10,10,1.4658098895344933,81.6639008556499,9.01999999927,10.0,446.0,0.0,-8.083805,-129.51685,81.6544738077,0.49999999916963384,81.15447380853037,56.55935233686964,0.6837970847594718,7.605381165919282,80.50576344794419,80.3188754586643,80.86222289341286,0.4412680002078333,0.125,55.410641977113826,55.22375398783393,55.7671014225825,0.6,44,50,0,0.0,0.78,525,409,0.7790476190476191,0.0761904761904762,0.9137931034482759,0.9506726457399103,0.11941948701964186,0.13068547636111752,0.10554407995640729,61.48780367915167,0.9011647621413027,2.7906976744186047,2.4761904761904763,2.731132075471698,0.0
465,template_deposition,C,C,none,0,1.0,template_site:index=693:site=C:neigh=2:ahead0=56.569:mode=shell,x,yz,646,221,425,40,465,8753.577671318279,23.198642304878152,500.0,0.001,55.75,0.05575,-5513.783,-5502.843,-5513.783,-10.94043,-10.382324,1.0,0.05575,0.05575,10,645,693,9,9,1.3911377521910768,81.6639008556499,10.440000000500001,10.0,446.0,0.0,-8.108335,-129.90985,81.64671770646744,0.49999999916963384,81.14671770729781,56.55159623563708,0.7633660647001208,7.623318385650224,80.51631757835382,80.35609469979235,80.87232152662054,0.43528081465997887,0.125,55.42119610752346,55.26097322896199,55.777200055790175,0.6,44,50,0,0.0,0.7818181818181819,525,410,0.780952380952381,0.0761904761904762,0.9139784946236559,0.952914798206278,0.11918536797316873,0.13040281437064344,0.10556418306194944,61.48780367915167,0.9013364080576978,2.7925696594427243,2.5454545454545454,2.7341176470588233,0.0
466,template_deposition,C,C,none,0,1.0,template_site:index=701:site=C:neigh=1:ahead0=56.569:mode=shell,x,yz,647,221,426,40,466,8769.198860191702,15.621188873422732,500.0,0.001,55.75,0.05575,-5521.1655,-5513.783,-5521.1655,-7.382324,-6.82666,0.9999997501098243,0.05575,0.05575,10,646,701,8,8,1.5856993670926667,81.6639008556499,13.28000000073,10.0,446.0,0.0,-8.124887,-130.17505,81.64671770646744,0.49999999916963384,81.14671770729781,56.55159623563708,0.8170922349112516,7.641255605381166,80.66101774805418,80.36153896970505,81.59242416490196,0.5540687893527085,0.125,55.565896277223814,55.26641749887469,56.49730269407159,0.6,44,50,0,0.0,0.7836363636363637,525,411,0.7828571428571428,0.0761904761904762,0.9141630901287554,0.9551569506726457,0.11924012076657471,0.1304363762376146,0.10583980243280726,61.48780367915167,0.9036897230411929,2.7913446676970635,2.5217391304347827,2.732394366197183,0.0
467,template_deposition,C,C,none,0,1.0,template_site:index=702:site=C:neigh=2:ahead0=56.569:mode=shell,x,yz,648,221,427,40,467,8787.921174998819,18.722314807116234,500.0,0.001,55.75,0.05575,-5532.1367,-5521.1655,-5532.1367,-10.971191,-10.290527,1.0,0.05575,0.05575,10,647,702,7,7,1.41960180229867,81.6639008556499,14.69999999973,10.0,446.0,0.0,-8.149487,-130.56917,81.64671770646744,0.49999999916963384,81.14671770729781,56.55159623563708,0.8604181089554251,7.6591928251121075,80.81465684606229,80.4657099656565,81.60065906354711,0.6058064206301611,0.125,55.71953537523193,55.37058849482614,56.50553759271675,0.6,44,50,0,0.0,0.7854545454545455,525,412,0.7847619047619048,0.0761904761904762,0.9143468950749465,0.9573991031390134,0.11931378024674931,0.13049071516447758,0.1061324483337751,61.48780367915167,0.9061884152828253,2.79320987654321,2.5833333333333335,2.7353629976580796,0.0
468,template_deposition,C,C,none,0,1.0,template_site:index=700:site=C:neigh=1:ahead0=56.569:mode=shell,x,yz,649,221,428,40,468,8793.286551438341,5.365376439521382,500.0,0.001,55.75,0.05575,-5539.5107,-5532.1367,-5539.5107,-7.3740234,-6.4941406,0.9995997080004161,0.05575,0.05575,10,648,700,6,6,1.6445979786312461,81.6639008556499,17.539999999960003,10.0,446.0,0.0,-8.16602,-130.83408,81.64671770646744,0.49999999916963384,81.14671770729781,56.55159623563708,0.8904700137289585,7.677130044843049,80.97747138515153,81.03651685399569,81.57597617903191,0.592013979639727,0.125,55.88234991432117,55.94139538316533,56.48085470820155,0.6,44,50,0,0.0,0.7872727272727272,525,413,0.7866666666666666,0.0761904761904762,0.9145299145299145,0.9596412556053812,0.11940673058615633,0.1305662381175728,0.10644257126537365,61.48780367915167,0.9088363312815626,2.7919876733436055,2.56,2.7336448598130842,0.0
469,template_deposition,C,C,none,0,1.0,template_site:index=699:site=C:neigh=2:ahead0=56.569:mode=shell,x,yz,650,221,429,40,469,8820.534623551977,27.248072113636095,500.0,0.001,55.75,0.05575,-5550.672,-5539.5107,-5550.672,-11.161133,-10.380859,1.0,0.05575,0.05575,10,649,699,5,5,1.4399244628749162,81.6639008556499,18.95999999896,10.0,446.0,0.0,-8.191045,-131.23502,81.64671770646744,0.49999999916963384,81.14671770729781,56.55159623563708,0.9128856222156433,7.695067264573991,80.9852406590875,81.03651685399569,81.56880518672948,0.581419375152882,0.125,55.89011918825713,55.94139538316533,56.473683715899114,0.6,44,50,0,0.0,0.7890909090909091,525,414,0.7885714285714286,0.0761904761904762,0.9147121535181236,0.9618834080717489,0.11916869762954613,0.13027999810782548,0.10645736988239453,61.48780367915167,0.9089626859969872,2.793846153846154,2.6153846153846154,2.7365967365967365,0.0
470,template_deposition,C,C,none,0,1.0,template_site:index=703:site=C:neigh=1:ahead0=56.569:mode=shell,x,yz,651,221,430,40,470,8848.357201843755,27.822578291778406,500.0,0.001,55.75,0.05575,-5558.102,-5550.672,-5558.102,-7.430176,-6.2226562,0.8583296203978632,0.05575,0.05575,9,650,703,4,4,1.560641002598792,81.6639008556499,21.79999999919,10.0,446.0,0.0,-8.207705,-131.50192,81.64671770646744,0.49999999916963384,81.14671770729781,56.55159623563708,0.9377602582910046,7.713004484304933,81.13293427180295,81.5146712464854,81.62350643429376,0.5623521724816695,0.125,56.03781280097259,56.41954977565504,56.528384963463395,0.6,44,50,0,0.0,0.7909090909090909,525,415,0.7904761904761904,0.0761904761904762,0.9148936170212766,0.9641255605381166,0.11922938893823955,0.13032049488598277,0.10673869104947159,61.48780367915167,0.911364684505279,2.792626728110599,2.5925925925925926,2.7348837209302324,0.0
471,template_impurity,N,C,N,0,1.0,template_site:index=695:site=C:neigh=1:ahead0=56.569:mode=shell,x,yz,652,221,431,40,471,8852.146422597842,3.789220754087037,500.0,0.001,55.75,0.05575,-5566.37,-5558.102,-5566.37,-8.268066,-7.003418,0.9944471404367169,0.05575,0.05575,9,651,695,4,4,1.4590412879748256,81.6639008556499,1.9199999998100001,10.0,446.0,0.0,-8.226243,-131.79895,81.64822679735917,0.49999999916963384,81.14822679818954,56.55310532652881,0.9613990636186895,7.7309417040358746,81.2975098851253,81.53343280407401,81.64717043373496,0.48886830641026535,0.125,56.20238841429493,56.43831133324365,56.55204896290459,0.6,44,50,0,0.0,0.7927272727272728,525,416,0.7923809523809524,0.0761904761904762,0.9150743099787686,0.9663677130044843,0.11932566542313149,0.13039997311901375,0.10705216840818083,61.48780367915167,0.9140412415373224,2.791411042944785,2.5714285714285716,2.7331786542923435,0.0
472,template_deposition,C,C,none,0,1.0,template_site:index=697:site=C:neigh=1:ahead0=56.569:mode=shell,x,yz,653,221,432,40,472,8862.48108621038,10.334663612539009,500.0,0.001,55.75,0.05575,-5574.3574,-5566.37,-5574.3574,-7.9873047,-6.763672,0.9999995910337827,0.05575,0.05575,10,652,697,2,2,1.5960103164964965,81.6639008556499,4.760000000040001,10.0,446.0,0.0,-8.244151,-132.08586,81.64671770646744,0.49999999916963384,81.14671770729781,56.55159623563708,0.9736611867789308,7.748878923766816,81.43780035597915,81.53343280407401,81.63501601244295,0.3459782692673682,0.125,56.342678885148786,56.43831133324365,56.53989454161258,0.6,44,50,0,0.0,0.7945454545454547,525,417,0.7942857142857143,0.0761904761904762,0.9152542372881356,0.968609865470852,0.1193700823837898,0.13042286778969625,0.10731938835266436,61.48780367915167,0.9163228398781235,2.790199081163859,2.5517241379310347,2.7314814814814814,0.0
473,template_deposition,C,C,none,0,1.0,template_site:index=698:site=C:neigh=2:ahead0=56.569:mode=shell,x,yz,654,221,433,40,473,8881.152192169842,18.671105959462306,500.0,0.001,55.75,0.05575,-5586.0938,-5574.3574,-5586.0938,-11.736328,-10.441406,1.0,0.05575,0.05575,10,653,698,1,1,1.4723687490116821,81.6639008556499,6.17999999904,10.0,446.0,0.0,-8.270466,-132.50748,81.63000100071817,0.49999999916963384,81.13000100154854,56.5348795298878,0.9819050860981061,7.766816143497758,81.56200225023733,81.56948031411976,81.62250009570573,0.05715605159712398,0.125,56.466880779406964,56.474358843289394,56.52737862487537,0.6,45,50,0,0.0,0.7963636363636363,525,418,0.7961904761904762,0.0761904761904762,0.9154334038054969,0.9708520179372198,0.11938029763088152,0.13040850064528167,0.1075559633893466,61.48780367915167,0.9183427834576059,2.7920489296636086,2.6,2.7344110854503465,0.0
474,template_deposition,C,C,none,0,1.0,template_site:index=713:site=C:neigh=1:ahead0=57.799:mode=shell,x,yz,655,221,434,40,474,8884.795625175231,3.643433005388817,500.0,0.001,55.75,0.05575,-5594.2983,-5586.0938,-5594.2983,-8.20459,-7.390625,0.9999999999994451,0.05575,0.05575,8,654,713,10,10,1.5015939533284628,82.89365692923293,21.08999999969,10.0,446.0,0.0,-8.288862,-132.80222,82.78736076419509,0.49999999916963384,82.28736076502545,57.69223929336472,0.6829237216882209,7.7847533632287,81.70648720393014,81.57115873162022,81.96970802474881,0.41222786451155935,0.125,56.611365733099774,56.47603726078985,56.87458655391845,0.6,45,50,0,0.0,0.7983636363636364,525,419,0.7980952380952381,0.0761904761904762,0.9156118143459916,0.9730941704035875,0.11943326104029488,0.1304409348688935,0.10783117282495196,61.48780367915167,0.9206925982996963,2.7908396946564884,2.380952380952381,2.7327188940092166,0.0
475,template_deposition,C,C,none,0,1.0,template_site:index=712:site=C:neigh=2:ahead0=57.799:mode=shell,x,yz,656,221,435,40,475,8895.575743303505,10.780118128274186,500.0,0.001,55.75,0.05575,-5605.23,-5594.2983,-5605.23,-10.931641,-9.55127,1.0,0.05575,0.05575,9,655,712,9,9,1.4676792366738989,82.89365692923293,19.67000000069,10.0,446.0,0.0,-8.313373,-133.19492,82.80258778844879,0.49999999916963384,82.30258778927916,57.707466317618426,0.7531117250140501,7.802690582959642,81.7219217275474,81.59915432945289,81.97427613202493,0.41137221301452875,0.125,56.62680025671703,56.50403285862252,56.87915466119456,0.6,45,50,0,0.0,0.8003636363636363,525,420,0.8,0.0761904761904762,0.9157894736842105,0.9753363228699552,0.1192143163299306,0.13017655231429204,0.10786057191755626,61.48780367915167,0.9209436159437449,2.792682926829268,2.4545454545454546,2.735632183908046,0.0
476,template_impurity,N,C,N,0,1.0,template_site:index=708:site=C:neigh=1:ahead0=57.799:mode=shell,x,yz,657,221,436,40,476,8914.165030530712,18.58928722720763,500.0,0.001,55.75,0.05575,-5613.827,-5605.23,-5613.827,-8.597168,-6.88916,0.9999797896073105,0.05575,0.05575,10,656,708,8,8,1.6596569671083066,82.89365692923293,16.83000000046,10.0,446.0,0.0,-8.332648,-133.50375,82.7719230608408,0.49999999916963384,82.27192306167117,57.67680159001044,0.8035561283517599,7.820627802690583,81.85575954492943,81.61299705599377,82.73887898430876,0.5179849398633036,0.125,56.76063807409906,56.51787558516341,57.64375751347839,0.6,45,50,0,0.0,0.8023636363636364,525,421,0.8019047619047619,0.0761904761904762,0.9159663865546218,0.9775784753363229,0.11924503797079634,0.13018494971123637,0.10811550109352203,61.48780367915167,0.9231202722783962,2.791476407914764,2.4347826086956523,2.7339449541284404,0.0
477,template_deposition,C,C,none,0,1.0,template_site:index=709:site=C:neigh=2:ahead0=57.799:mode=shell,x,yz,658,221,437,40,477,8931.703528721671,17.538498190959825,500.0,0.001,55.75,0.05575,-5624.7505,-5613.827,-5624.7505,-10.92334,-9.547363,1.0,0.05575,0.05575,10,657,709,7,7,1.5065086000795245,82.89365692923293,15.409999999230001,10.0,446.0,0.0,-8.357141,-133.89615,82.7870573159475,0.49999999916963384,82.28705731677786,57.69193584511713,0.8497460109360562,7.838565022421525,82.01801592475886,81.61861571028803,82.77646333737282,0.5863797538739792,0.125,56.92289445392849,56.52349423945766,57.68134186654245,0.6,45,50,0,0.0,0.8043636363636364,525,422,0.8038095238095239,0.0761904761904762,0.9161425576519916,0.9798206278026906,0.11933520849880187,0.13025833971150685,0.1084245608646257,61.48780367915167,0.9257591107166026,2.7933130699088147,2.5,2.736842105263158,0.0
478,template_deposition,C,C,none,0,1.0,template_site:index=711:site=C:neigh=1:ahead0=57.799:mode=shell,x,yz,659,221,438,40,478,8961.884724418498,30.181195696826766,500.0,0.001,55.75,0.05575,-5632.187,-5624.7505,-5632.187,-7.4365234,-6.8896484,0.9999999714395024,0.05575,0.05575,10,658,711,6,6,1.5818315064322277,82.89365692923293,12.569999999,10.0,446.0,0.0,-8.373815,-134.1633,82.7993648688961,0.49999999916963384,82.29936486972647,57.70424339806574,0.8831258111876772,7.856502242152466,82.17234937964533,82.17681964758785,82.7801556032574,0.5957396676300837,0.125,57.07722790881496,57.081698176757484,57.685034132427035,0.6,45,50,0,0.0,0.8063636363636363,525,423,0.8057142857142857,0.0761904761904762,0.9163179916317992,0.9820627802690582,0.119408426587479,0.13031330572788805,0.10871852935012373,61.48780367915167,0.9282690955534622,2.7921092564491654,2.48,2.7351598173515983,0.0
479,template_vacancy,vac,C,vac,1,1.0,template_site:index=710:site=C:neigh=2:ahead0=57.799:mode=shell,x,yz,659,221,438,41,479,8984.640734135788,22.75600971728944,500.0,0.001,55.75,0.05575,-5632.187,-5632.187,-5632.187,0.0,0.0,1.0,0.05575,0.05575,0,-1,710,5,5,1.4229172159900405,82.89365692923293,11.15,10.0,446.0,0.0,-8.373815,-134.1633,82.7993648688961,0.49999999916963384,82.29936486972647,57.70424339806574,0.8831258111876772,7.856502242152466,82.17234937964533,82.17681964758785,82.7801556032574,0.5957396676300837,0.125,57.07722790881496,57.081698176757484,57.685034132427035,0.6,45,50,0,0.0,0.8063636363636363,525,423,0.8057142857142857,0.07809523809523809,0.9144050104384134,0.9820627802690582,0.11915913968437361,0.13031330572788805,0.10871852935012373,61.48780367915167,0.9282690955534622,2.7921092564491654,2.48,2.7351598173515983,0.0
480,template_deposition,C,C,none,0,1.0,template_site:index=704:site=C:neigh=1:ahead0=57.799:mode=shell,x,yz,660,221,439,41,480,8997.82292230019,13.182188164402596,500.0,0.001,55.75,0.05575,-5638.8184,-5632.187,-5638.8184,-6.6313477,-6.145508,0.9089188290481558,0.05575,0.05575,9,659,704,4,4,1.4964101800590834,82.89365692923293,8.30999999977,10.0,446.0,0.0,-8.388682,-134.4015,82.86729789734896,0.49999999916963384,82.36729789817933,57.7721764265186,0.917647163977151,7.874439461883408,82.34110142453932,82.74679870322255,82.81974477743196,0.5785959201468033,0.125,57.245979953708954,57.65167723239219,57.7246233066016,0.6,45,50,0,0.0,0.8083636363636364,525,424,0.8076190476190476,0.07809523809523809,0.9145833333333333,0.984304932735426,0.11926245823689366,0.13040086549819807,0.10903996181658848,61.48780367915167,0.9310135755120333,2.790909090909091,2.4615384615384617,2.733485193621868,0.0
481,template_deposition,C,C,none,0,1.0,template_site:index=705:site=C:neigh=2:ahead0=57.799:mode=shell,x,yz,661,221,440,41,481,9005.2961163097,7.4731940095093,500.0,0.001,55.75,0.05575,-5649.7686,-5638.8184,-5649.7686,-10.950195,-10.420898,1.0,0.05575,0.05575,10,660,705,3,3,1.3945163873744957,82.89365692923293,6.890000000770001,10.0,446.0,0.0,-8.413235,-134.79488,82.85484448451628,0.49999999916963384,82.35484448534665,57.759723013685914,0.9419283444806377,7.8923766816143495,82.34238995505967,82.74679870322255,82.81600875358215,0.5739757686633715,0.125,57.24726848422931,57.65167723239219,57.72088728275179,0.6,45,50,0,0.0,0.8103636363636363,525,425,0.8095238095238095,0.07809523809523809,0.9147609147609148,0.9865470852017937,0.11901719019590293,0.13010742837324843,0.10904241616043678,61.48780367915167,0.9310345313836575,2.7927382753403935,2.5185185185185186,2.7363636363636363,0.0
482,template_deposition,C,C,none,0,1.0,template_site:index=707:site=C:neigh=1:ahead0=57.799:mode=shell,x,yz,662,221,441,41,482,9008.117687697668,2.821571387967213,500.0,0.001,55.75,0.05575,-5657.622,-5649.7686,-5657.622,-7.8535156,-6.2973633,0.9999999994347972,0.05575,0.05575,9,661,707,2,2,1.5389308469376806,82.89365692923293,4.05000000054,10.0,446.0,0.0,-8.430843,-135.07701,82.86441525393899,0.49999999916963384,82.36441525476936,57.76929378310862,0.9610016800393542,7.910313901345291,82.51566207087947,82.76491358527863,82.85771571534309,0.49024244598093025,0.125,57.42054060004911,57.66979211444827,57.76259424451273,0.6,45,50,0,0.0,0.8123636363636364,525,426,0.8114285714285714,0.07809523809523809,0.9149377593360996,0.9887892376681614,0.11912975228225955,0.13020530748310455,0.10937245828580783,61.48780367915167,0.9338525230088577,2.794561933534743,2.5714285714285716,2.7392290249433104,0.0
483,template_vacancy,vac,C,vac,1,1.0,template_site:index=706:site=C:neigh=2:ahead0=57.799:mode=shell,x,yz,662,221,441,42,483,9009.892220101508,1.7745324038409893,500.0,0.001,55.75,0.05575,-5657.622,-5657.622,-5657.622,0.0,0.0,1.0,0.05575,0.05575,0,-1,706,1,1,1.422124285741978,82.89365692923293,2.62999999931,10.0,446.0,0.0,-8.430843,-135.07701,82.86441525393899,0.49999999916963384,82.36441525476936,57.76929378310862,0.9610016800393542,7.910313901345291,82.51566207087947,82.76491358527863,82.85771571534309,0.49024244598093025,0.125,57.42054060004911,57.66979211444827,57.76259424451273,0.6,45,50,0,0.0,0.8123636363636364,525,426,0.8114285714285714,0.08,0.9130434782608695,0.9887892376681614,0.1188831068323998,0.13020530748310455,0.10937245828580783,61.48780367915167,0.9338525230088577,2.794561933534743,2.5714285714285716,2.7392290249433104,0.0
484,template_deposition,C,C,none,0,1.0,template_site:index=718:site=C:neigh=1:ahead0=59.028:mode=shell,x,yz,663,221,442,42,484,9013.205778077563,3.3135579760552543,500.0,0.001,55.75,0.05575,-5665.984,-5657.622,-5665.984,-8.361816,-7.788086,0.9999856423960578,0.05575,0.05575,7,662,718,8,8,1.4445030691689935,84.12341300281597,4.760000000040001,10.0,446.0,0.0,-8.449592,-135.37738,84.07494247508899,0.49999999916963384,83.57494247591936,58.979821004258625,0.7154735227854119,7.928251121076233,82.6656356517099,82.76491358527863,83.2133568795335,0.7111014246534982,0.125,57.57051418087954,57.66979211444827,58.11823540870314,0.6,45,50,0,0.0,0.8141818181818181,525,427,0.8133333333333334,0.08,0.9132231404958677,0.9910313901345291,0.11894734334892468,0.13025003208343788,0.10965812224929436,61.48780367915167,0.9362916015229157,2.793363499245852,2.3157894736842106,2.737556561085973,0.0
485,template_deposition,C,C,none,0,1.0,template_site:index=719:site=C:neigh=2:ahead0=59.028:mode=shell,x,yz,664,221,443,42,485,9093.335479706418,80.12970162885507,500.0,0.001,55.75,0.05575,-5675.626,-5665.984,-5675.626,-9.64209,-9.056152,1.0,0.05575,0.05575,9,663,719,7,7,1.4645507905713364,84.12341300281597,6.17999999904,10.0,446.0,0.0,-8.471211,-135.72377,84.09114317824265,0.49999999916963384,83.59114317907301,58.99602170741228,0.8063128141343755,7.946188340807175,82.81510589650343,82.76491358527863,84.05595829998828,0.8518281076935876,0.125,57.71998442567306,57.66979211444827,58.96083682915791,0.6,45,50,0,0.0,0.816,525,428,0.8152380952380952,0.08,0.9134020618556701,0.9932735426008968,0.1190102771663362,0.13029341856811075,0.1099428274774725,61.48780367915167,0.9387224940877805,2.7951807228915664,2.4,2.740406320541761,0.0
486,template_deposition,C,C,none,0,1.0,template_site:index=722:site=C:neigh=1:ahead0=59.028:mode=shell,x,yz,665,221,444,42,486,9118.199840839325,24.86436113290584,500.0,0.001,55.75,0.05575,-5683.6626,-5675.626,-5683.6626,-8.036621,-7.3095703,0.998948184256426,0.05575,0.05575,8,664,722,6,6,1.5024986931569395,84.12341300281597,13.28000000073,10.0,446.0,0.0,-8.48923,-136.01247,84.09114317824265,0.49999999916963384,83.59114317907301,58.99602170741228,0.8694432825871693,7.9641255605381165,82.96835810418852,82.76587991526472,84.05595829998828,0.9432554963214713,0.125,57.87323663335816,57.670758444434355,58.96083682915791,0.6,45,50,0,0.0,0.8178181818181818,525,429,0.8171428571428572,0.08,0.9135802469135802,0.9955156950672646,0.11908073381349416,0.13034512755260846,0.11023473644449173,61.48780367915167,0.9412148941820299,2.793984962406015,2.380952380952381,2.7387387387387387,0.0
487,template_impurity,N,C,N,0,1.0,template_site:index=723:site=C:neigh=2:ahead0=59.028:mode=shell,x,yz,666,221,445,42,487,9144.279978029343,26.08013719001835,500.0,0.001,55.75,0.05575,-5694.937,-5683.6626,-5694.937,-11.274414,-9.796387,1.0,0.05575,0.05575,9,665,723,5,5,1.4894543321407079,84.12341300281597,14.69999999973,10.0,446.0,0.0,-8.514509,-136.41748,84.09114317824265,0.49999999916963384,83.59114317907301,58.99602170741228,0.9071161343197219,7.982062780269058,83.12146746822161,83.35531349560438,84.06858293387073,0.9911154238279727,0.125,58.026345997391246,58.260192024774014,58.973461463040366,0.6,45,50,0,0.0,0.8196363636363637,525,430,0.819047619047619,0.08,0.9137577002053389,0.9977578475336323,0.11915060779751796,0.13039628314020504,0.11052637332836428,61.48780367915167,0.9437049711545629,2.795795795795796,2.4545454545454546,2.741573033707865,0.0
488,template_deposition,C,C,none,0,1.0,template_site:index=715:site=C:neigh=1:ahead0=59.028:mode=shell,x,yz,667,221,446,42,488,9177.992338072127,33.71236004278402,500.0,0.001,55.75,0.05575,-5702.3394,-5694.937,-5702.3394,-7.4023438,-6.996582,0.9999999999996467,0.05575,0.05575,9,666,715,4,4,1.5130323749299852,84.12341300281597,9.01999999927,10.0,446.0,0.0,-8.531107,-136.68341,84.09108876842477,0.49999999916963384,83.59108876925514,58.995967297594404,0.9454335592377573,8.0,83.4172207628495,83.98979149840932,84.07389754177822,0.8683650171702154,0.125,58.32209929201913,58.894670027578954,58.97877607094786,0.6,45,50,0,0.0,0.8214545454545455,525,431,0.820952380952381,0.08,0.9139344262295082,1.0,0.11951249854921954,0.13076703877134335,0.1110897129371793,61.48780367915167,0.9485149216964809,2.7946026986506745,2.4347826086956523,2.7399103139013454,0.0
489,template_deposition,C,C,none,0,1.0,template_site:index=714:site=C:neigh=1:ahead0=59.028:mode=shell,x,yz,668,221,447,42,489,9209.997911161869,32.00557308974113,500.0,0.001,55.75,0.05575,-5710.8535,-5702.3394,-5710.8535,-8.51416,-7.8320312,1.0,0.05575,0.05575,10,667,714,4,4,1.4519980484657273,84.12341300281597,10.440000000500001,10.0,446.0,0.0,-8.550197,-136.98926,84.13303895217938,0.49999999916963384,83.63303895300974,59.03791748134901,0.9682710403376958,8.01793721973094,83.41061829626156,83.94240654018023,84.0864825969046,0.8660651519734761,0.125,58.3154968254312,58.847285069349866,58.99136112607424,0.6,45,50,0,0.0,0.8232727272727273,525,432,0.8228571428571428,0.08,0.9141104294478528,1.0022421524663676,0.11925459473503312,0.13045972444168052,0.11107713681034513,61.48780367915167,0.9484075432215171,2.7934131736526946,2.4166666666666665,2.738255033557047,0.0
490,template_deposition,C,C,none,0,1.0,template_site:index=720:site=C:neigh=1:ahead0=59.028:mode=shell,x,yz,669,221,448,42,490,9214.425172224002,4.427261062133887,500.0,0.001,55.75,0.05575,-5717.427,-5710.8535,-5717.427,-6.573242,-5.7592773,0.9998032536285124,0.05575,0.05575,9,668,720,3,3,1.602877868890884,84.12341300281597,18.95999999896,10.0,446.0,0.0,-8.564935,-137.22539,84.13303895217938,0.49999999916963384,83.63303895300974,59.03791748134901,0.9934533234742489,8.035874439461884,83.58159005044307,84.0471137497069,84.0864825969046,0.8414711552123714,0.125,58.486468579612705,58.95199227887653,58.99136112607424,0.6,45,50,0,0.0,0.825090909090909,525,433,0.8247619047619048,0.08,0.9142857142857143,1.0044843049327354,0.11936013995839327,0.13055015307949264,0.1114027972945004,61.48780367915167,0.9511881231731715,2.792227204783259,2.4,2.736607142857143,0.0
491,template_deposition,C,C,none,0,1.0,template_site:index=721:site=C:neigh=2:ahead0=59.028:mode=shell,x,yz,670,221,449,42,491,9218.69716332116,4.271991097156767,500.0,0.001,55.75,0.05575,-5727.235,-5717.427,-5727.235,-9.808105,-8.84668,1.0,0.05575,0.05575,11,669,721,2,2,1.4708655135545963,84.12341300281597,17.539999999960003,10.0,446.0,0.0,-8.586926,-137.57773,84.13303895217938,0.49999999916963384,83.63303895300974,59.03791748134901,1.0006349095061124,8.053811659192824,83.57186987479253,84.007682631066,84.0864825969046,0.8328260658411492,0.125,58.47674840396216,58.91256116023564,58.99136112607424,0.6,45,50,0,0.0,0.8269090909090909,525,434,0.8266666666666667,0.08,0.9144602851323829,1.006726457399103,0.11909724725857875,0.1302377470021429,0.11138428267421364,61.48780367915167,0.9510300401864826,2.7940298507462686,2.4615384615384617,2.739420935412027,0.0
492,template_deposition,C,C,none,0,1.0,template_site:index=724:site=C:neigh=1:ahead0=59.028:mode=shell,x,yz,671,221,450,42,492,9225.280561482812,6.583398161651633,500.0,0.001,55.75,0.05575,-5734.726,-5727.235,-5734.726,-7.491211,-6.14209,1.0,0.05575,0.05575,8,670,724,1,1,1.6217376095480425,84.12341300281597,21.79999999919,10.0,446.0,0.0,-8.603723,-137.84683,84.13303895217938,0.49999999916963384,83.63303895300974,59.03791748134901,1.015476539051259,8.071748878923767,83.71403262275027,84.03253171205606,84.0864825969046,0.8074400439872063,0.125,58.6189111519199,58.93741024122569,58.99136112607424,0.6,44,50,0,0.0,0.8269090909090909,525,434,0.8266666666666667,0.08,0.9146341463414634,1.0089686098654709,0.11914412835756077,0.13026424700426645,0.11165506886079982,61.48780367915167,0.9533420880960088,2.7928464977645304,2.4444444444444446,2.7377777777777776,0.0
493,template_deposition,C,C,none,0,1.0,template_site:index=717:site=C:neigh=1:ahead0=59.028:mode=shell,x,yz,672,221,451,42,493,9240.06439979328,14.783838310467802,500.0,0.001,55.75,0.05575,-5742.368,-5734.726,-5742.368,-7.64209,-4.1225586,1.0,0.05575,0.05575,9,671,717,1,1,1.031651463739765,84.12341300281597,0.5000000008100001,10.0,446.0,0.0,-8.620857,-138.12137,84.19698784095277,0.49999999916963384,83.69698784178314,59.10186637012241,1.0313180606088836,8.089686098654708,84.0395234692842,84.0449759163665,84.15222361881139,0.09932977563300821,0.125,58.94440199845384,58.94985444553613,59.05710214798103,0.6,47,50,0,0.0,0.8287272727272728,525,435,0.8285714285714286,0.08,0.9148073022312373,1.0112107623318385,0.11956268153844593,0.13069712194779123,0.11227505142562637,61.48780367915167,0.9586356719786333,2.7916666666666665,2.4285714285714284,2.7361419068736144,0.0
494,template_deposition,C,C,none,0,1.0,template_site:index=716:site=C:neigh=1:ahead0=59.028:mode=shell,x,yz,673,221,452,42,494,9263.919744764047,23.85534497076666,500.0,0.001,55.75,0.05575,-5750.833,-5742.368,-5750.833,-8.464844,-8.132324,1.0,0.05575,0.05575,10,672,716,1,1,1.2711423579722751,84.12341300281597,1.9199999998100001,10.0,446.0,0.0,-8.639836,-138.42545,84.226109590796,0.49999999916963384,83.72610959162637,59.130988119965636,1.0403106226770282,8.10762331838565,84.0410897156275,84.03668002681809,84.16096014376436,0.10541642819609365,0.125,58.94596824479714,58.941558555987726,59.06583867293399,0.6,47,50,0,0.0,0.8305454545454546,525,436,0.8304761904761905,0.08,0.9149797570850202,1.0134529147982063,0.11932382235788895,0.1304114341699052,0.11227803475199456,61.48780367915167,0.9586611444504014,2.790490341753343,2.413793103448276,2.734513274336283,0.0
495,template_deposition,C,C,none,0,1.0,template_site:index=727:site=C:neigh=1:ahead0=60.258:mode=shell,x,yz,674,221,453,42,495,9276.602982276103,12.683237512055053,500.0,0.001,55.75,0.05575,-5758.4805,-5750.833,-5758.4805,-7.647461,-7.2841797,0.9849571306894186,0.05575,0.05575,7,673,727,10,10,1.4022756410365362,85.353169076399,2.62999999931,10.0,446.0,0.0,-8.656983,-138.70016,85.32456837046227,0.49999999916963384,84.82456837129264,60.22944689963191,0.6959307998170359,8.125560538116591,84.1783952232683,84.03682183047896,84.49049777766425,0.4403881913872585,0.125,59.08327375243793,58.94170035964859,59.39537630683388,0.6,47,50,0,0.0,0.8325454545454547,525,437,0.8323809523809523,0.08,0.9151515151515152,1.015695067264574,0.11936014899482411,0.13042665287513894,0.11253956905226273,61.48780367915167,0.9608941971767154,2.7893175074183976,2.2,2.7328918322295808,0.0
496,template_vacancy,vac,C,vac,1,1.0,template_site:index=728:site=C:neigh=2:ahead0=60.258:mode=shell,x,yz,674,221,453,43,496,9311.31192861023,34.7089463341265,500.0,0.001,55.75,0.05575,-5758.4805,-5758.4805,-5758.4805,0.0,0.0,1.0,0.05575,0.05575,0,-1,728,9,9,1.3707660596773141,85.353169076399,4.05000000054,10.0,446.0,0.0,-8.656983,-138.70016,85.32456837046227,0.49999999916963384,84.82456837129264,60.22944689963191,0.6959307998170359,8.125560538116591,84.1783952232683,84.03682183047896,84.49049777766425,0.4403881913872585,0.125,59.08327375243793,58.94170035964859,59.39537630683388,0.6,47,50,0,0.0,0.8325454545454547,525,437,0.8323809523809523,0.08190476190476191,0.9133064516129032,1.015695067264574,0.11911950353314099,0.13042665287513894,0.11253956905226273,61.48780367915167,0.9608941971767154,2.7893175074183976,2.2,2.7328918322295808,0.0
497,template_deposition,C,C,none,0,1.0,template_site:index=731:site=C:neigh=1:ahead0=60.258:mode=shell,x,yz,675,221,454,43,497,9322.379791082743,11.067862472514205,500.0,0.001,55.75,0.05575,-5766.068,-5758.4805,-5766.068,-7.5874023,-7.1030273,0.9999933562486901,0.05575,0.05575,8,674,731,8,8,1.4335139237030874,85.353169076399,11.15,10.0,446.0,0.0,-8.673996,-138.97273,85.32456837046227,0.49999999916963384,84.82456837129264,60.22944689963191,0.7678142063730452,8.143497757847534,84.37278739275976,84.05851064729468,85.30532443261939,0.5464086077130151,0.125,59.2776659219294,58.96338917646432,60.21020296178902,0.6,47,50,0,0.0,0.8345454545454547,525,438,0.8342857142857143,0.08190476190476191,0.9134808853118712,1.0179372197309418,0.11927095758939517,0.13056754608354493,0.11290983985129409,61.48780367915167,0.9640556724264384,2.788148148148148,2.1904761904761907,2.7312775330396475,0.0
498,template_deposition,C,C,none,0,1.0,template_site:index=732:site=C:neigh=2:ahead0=60.258:mode=shell,x,yz,676,221,455,43,498,9325.490824245328,3.111033162584568,500.0,0.001,55.75,0.05575,-5776.9053,-5766.068,-5776.9053,-10.837402,-8.880859,1.0,0.05575,0.05575,9,675,732,7,7,1.4046578889892682,85.353169076399,12.569999999,10.0,446.0,0.0,-8.698295,-139.36205,85.32456837046227,0.49999999916963384,84.82456837129264,60.22944689963191,0.8135071275306738,8.161434977578475,84.37402561303838,84.05851064729468,85.24531204791397,0.5315024932671355,0.125,59.27890414220802,58.96338917646432,60.150190577083606,0.6,47,50,0,0.0,0.8365454545454546,525,439,0.8361904761904762,0.08190476190476191,0.9136546184738956,1.0201793721973094,0.11903394406065868,0.13028330580705058,0.11291219836611051,61.48780367915167,0.964075810083088,2.789940828402367,2.272727272727273,2.734065934065934,0.0
499,template_deposition,C,C,none,0,1.0,template_site:index=726:site=C:neigh=1:ahead0=60.258:mode=shell,x,yz,677,221,456,43,499,9332.800535389824,7.309711144496988,500.0,0.001,55.75,0.05575,-5784.011,-5776.9053,-5784.011,-7.105957,-6.4521484,0.9999500074254477,0.05575,0.05575,9,676,726,6,6,1.5115272955480352,85.353169076399,6.890000000770001,10.0,446.0,0.0,-8.714228,-139.61732,85.32456837046227,0.49999999916963384,84.82456837129264,60.22944689963191,0.8619049931208901,8.179372197309418,84.54091641935365,84.25856234358591,85.32065797364882,0.5945363491086585,0.125,59.445794948523286,59.163440872755544,60.22553650281846,0.6,47,50,0,0.0,0.8385454545454546,525,440,0.8380952380952381,0.08190476190476191,0.9138276553106213,1.0224215246636772,0.11912984959623905,0.13036358541342827,0.11323008561623484,61.48780367915167,0.9667900199967501,2.78877400295421,2.260869565217391,2.732456140350877,0.0
500,template_deposition,C,C,none,0,1.0,template_site:index=725:site=C:neigh=2:ahead0=60.258:mode=shell,x,yz,678,221,457,43,500,9348.411686183053,15.611150793229761,500.0,0.001,55.75,0.05575,-5794.4478,-5784.011,-5794.4478,-10.436523,-9.29834,1.0,0.05575,0.05575,10,677,725,5,5,1.4128115574591729,85.353169076399,8.30999999977,10.0,446.0,0.0,-8.737628,-139.99223,85.32456837046227,0.49999999916963384,84.82456837129264,60.22944689963191,0.8891713330367937,8.197309417040358,84.53829253060417,84.26392070107057,85.29939707027312,0.5890640597480912,0.125,59.4431710597738,59.16879923024021,60.20427559944275,0.6,47,50,0,0.0,0.8405454545454546,525,441,0.84,0.08190476190476191,0.914,1.0246636771300448,0.1188863421195476,0.13007258437587266,0.11322508773290248,61.48780367915167,0.9667473466763112,2.7905604719764012,2.3333333333333335,2.735229759299781,0.0
