step,event_type,deposited_species,intended_species,impurity_kind,is_vacancy,species_flux,anchor_mode,growth_axis,surface_axes,n_atoms,n_initial,n_added,n_vacancies,n_growth_events,kmc_time,dt,temperature_K,flux_ML_s,n_sites,deposition_total_rate_s_inv,e_total_eV,e_before_eV,e_after_eV,delta_e_relaxed_eV,e_ads_unrelaxed_eV,chosen_boltzmann_probability,rate_s_inv,total_rate_s_inv,mobile_count,added_index,anchor_index,n_surface_anchors,n_tested_candidates,min_distance_A,x_event_A,y_event_A,z_event_A,surface_area_A2,gamma_initial_eV_A2,gamma_effective_eV_A2,gamma_effective_J_m2,top_coord_A,bottom_coord_A,slab_thickness_A,growth_height_A,roughness_A,coverage_estimate_ML,front_mean_A,front_median_A,front_p90_A,front_grid_rms_A,front_grid_occupied_fraction,growth_front_mean_A,growth_front_median_A,growth_front_p90_A,first_template_layer_occupancy,highest_90pct_complete_layer,n_template_layers,contiguous_90pct_complete_layers,contiguous_complete_layer_fraction,mean_template_layer_occupancy,n_template_growth_sites,n_occupied_template_growth_sites,template_growth_occupancy_fraction,frozen_vacancy_fraction_of_template,incorporation_efficiency_per_event,added_areal_density_atoms_A2,growth_front_mean_per_event_A,growth_front_mean_per_added_atom_A,growth_front_mean_per_template_site_A,template_growth_extent_A,growth_front_mean_fraction_of_template,coordination_mean,coordination_surface_mean,coordination_added_mean,fraction_added_CN4
1,template_deposition,C,C,none,0,1.0,template_site:index=226:site=C:neigh=1:ahead0=1.230:mode=shell,x,yz,222,221,1,0,1,33.927798915347026,33.927798915347026,500.0,0.001,55.75,0.05575,-1904.3545,-1897.4658,-1904.3545,-6.888672,-6.888672,0.1513345303206598,0.05575,0.05575,0,221,226,10,10,1.4199999999311124,26.324877544413397,15.409999999230001,10.0,446.0,0.0,-0.015445452,-0.24746343,26.324877544413397,0.49999999916963384,25.824877545243762,1.229756073583033,0.7092661506297008,0.017937219730941704,25.24884098002824,25.095121470830364,25.464048292905275,0.4067035929964941,0.125,0.15371950919787736,0.0,0.36892682207491134,0.1,-1,50,0,0.0,0.002,525,1,0.0019047619047619048,0.0,1.0,0.002242152466367713,0.15371950919787736,0.15371950919787736,0.000292799065138814,61.48780367915167,0.0024999999999999706,2.855855855855856,2.4545454545454546,1.0,0.0
2,template_deposition,C,C,none,0,1.0,template_site:index=225:site=C:neigh=2:ahead0=1.230:mode=shell,x,yz,223,221,2,0,2,81.01386004686734,47.0860611315203,500.0,0.001,55.75,0.05575,-1915.6913,-1904.3545,-1915.6913,-11.336792,-10.852051,1.0,0.05575,0.05575,10,222,225,9,9,1.4199999999311124,26.324877544413397,16.83000000046,10.0,446.0,0.0,-0.04086427,-0.6547178,26.299497110297885,0.49999999916963384,25.79949711112825,1.2043756394675214,0.7729294599476559,0.03587443946188341,25.390834869470712,25.095121470830364,26.299354736800453,0.5247398757998066,0.125,0.2957133986403484,0.0,1.204233265970089,0.2,-1,50,0,0.0,0.004,525,2,0.0038095238095238095,0.0,1.0,0.004484304932735426,0.1478566993201742,0.1478566993201742,0.0005632636164578065,61.48780367915167,0.004809301697998596,2.8609865470852016,2.5217391304347827,2.0,0.0
3,template_deposition,C,C,none,0,1.0,template_site:index=228:site=C:neigh=1:ahead0=1.230:mode=shell,x,yz,224,221,3,0,3,99.05820553183683,18.044345484969494,500.0,0.001,55.75,0.05575,-1923.3811,-1915.6913,-1923.3811,-7.6898193,-7.3155518,0.9822673652873362,0.05575,0.05575,10,223,228,8,8,1.4550893925890165,26.324877544413397,12.569999999,10.0,446.0,0.0,-0.058106016,-0.930961,26.299497110297885,0.49999999916963384,25.79949711112825,1.2043756394675214,0.8206394582842124,0.053811659192825115,25.54223753437417,25.095121470830364,26.29289247392894,0.5782194512414962,0.125,0.44711606354380606,0.0,1.1977710030985769,0.3,-1,50,0,0.0,0.006,525,3,0.005714285714285714,0.0,1.0,0.006726457399103139,0.14903868784793536,0.14903868784793536,0.0008516496448453449,61.48780367915167,0.007271621960623181,2.857142857142857,2.5,1.6666666666666667,0.0
4,template_deposition,C,C,none,0,1.0,template_site:index=227:site=C:neigh=2:ahead0=1.230:mode=shell,x,yz,225,221,4,0,4,111.22655010931642,12.16834457747959,500.0,0.001,55.75,0.05575,-1934.3376,-1923.3811,-1934.3376,-10.956543,-10.619019,1.0,0.05575,0.05575,10,224,227,7,7,1.3671999214537707,26.324877544413397,11.15,10.0,446.0,0.0,-0.08267225,-1.3245555,26.30519954728242,0.49999999916963384,25.805199548112785,1.2100780764520565,0.8603754498728275,0.07174887892376682,25.549071677688303,25.113020666995304,26.301207841393246,0.5769652920432476,0.125,0.4539502068579395,0.01789919616494018,1.2060863705628826,0.4,-1,50,0,0.0,0.008,525,4,0.007619047619047619,0.0,1.0,0.008968609865470852,0.11348755171448488,0.11348755171448488,0.0008646670606817895,61.48780367915167,0.007382768284043587,2.862222222222222,2.56,2.0,0.0
5,template_deposition,C,C,none,0,1.0,template_site:index=221:site=C:neigh=1:ahead0=1.230:mode=shell,x,yz,226,221,5,0,5,126.21359002692364,14.987039917607225,500.0,0.001,55.75,0.05575,-1942.0377,-1934.3376,-1942.0377,-7.7000732,-7.3032227,0.973616618995254,0.05575,0.05575,10,225,221,6,6,1.46843941978412,26.324877544413397,8.30999999977,10.0,446.0,0.0,-0.09993699,-1.6011672,26.299497110297885,0.49999999916963384,25.79949711112825,1.2043756394675214,0.8891093973027423,0.08968609865470852,25.690538176455295,25.702663875421962,26.29192224963453,0.5975294366086202,0.125,0.5954167056249311,0.607542404591598,1.1968007788041675,0.5,-1,50,0,0.0,0.01,525,5,0.009523809523809525,0.0,1.0,0.011210762331838564,0.11908334112498623,0.11908334112498623,0.0011341270583332022,61.48780367915167,0.00968349282293223,2.8584070796460175,2.5384615384615383,1.8,0.0
6,template_deposition,C,C,none,0,1.0,template_site:index=222:site=C:neigh=2:ahead0=1.230:mode=shell,x,yz,227,221,6,0,6,169.26389415918817,43.05030413226452,500.0,0.001,55.75,0.05575,-1952.992,-1942.0377,-1952.992,-10.954224,-10.614868,1.0,0.05575,0.05575,10,226,222,5,5,1.371228033452841,26.324877544413397,6.890000000770001,10.0,446.0,0.0,-0.12449803,-1.9946784,26.30510003139126,0.49999999916963384,25.805100032221624,1.209978560560895,0.9137672110217615,0.10762331838565023,25.69272304433592,25.70338246806042,26.3011779866259,0.6000881378955275,0.125,0.5976015735055569,0.6082609972300546,1.2060565157955345,0.6,-1,50,0,0.0,0.012,525,6,0.011428571428571429,0.0,1.0,0.013452914798206279,0.09960026225092615,0.09960026225092615,0.001138288711439156,61.48780367915167,0.009719026176701484,2.8634361233480177,2.5925925925925926,2.0,0.0
7,template_deposition,C,C,none,0,1.0,template_site:index=224:site=C:neigh=1:ahead0=1.230:mode=shell,x,yz,228,221,7,0,7,172.67428715096065,3.4103929917724773,500.0,0.001,55.75,0.05575,-1965.2451,-1952.992,-1965.2451,-12.253174,-7.173218,0.6457984893760644,0.05575,0.05575,10,227,224,4,4,1.4700811670630174,26.324877544413397,4.05000000054,10.0,446.0,0.0,-0.15197152,-2.4348521,26.299497110297885,0.49999999916963384,25.79949711112825,1.2043756394675214,0.9336471320288375,0.12556053811659193,25.852871208955452,26.282573449111606,26.298345805846644,0.5668701835878485,0.125,0.7577497381250886,1.187451978281242,1.2032243350162801,0.7,-1,50,0,0.0,0.013999999999999999,525,7,0.013333333333333334,0.0,1.0,0.01569506726457399,0.10824996258929838,0.10824996258929838,0.0014433328345239782,61.48780367915167,0.012323577893253237,2.8596491228070176,2.5714285714285716,1.8571428571428572,0.0
8,template_deposition,C,C,none,0,1.0,template_site:index=223:site=C:neigh=2:ahead0=1.230:mode=shell,x,yz,229,221,8,0,8,199.571372193094,26.897085042133348,500.0,0.001,55.75,0.05575,-1975.9786,-1965.2451,-1975.9786,-10.7335205,-10.016846,1.0,0.05575,0.05575,10,228,223,3,3,1.3373183468244145,26.324877544413397,2.62999999931,10.0,446.0,0.0,-0.17603771,-2.8204353,26.348067811888946,0.49999999916963384,25.84806781271931,1.252946341058582,0.9514455367851736,0.14349775784753363,25.995849074051087,26.282573449111606,26.314068320775203,0.5230851575721365,0.125,0.900727603220723,1.187451978281242,1.2189468499448388,0.8,-1,50,0,0.0,0.016,525,8,0.015238095238095238,0.0,1.0,0.017937219730941704,0.11259095040259037,0.11259095040259037,0.0017156716251823295,61.48780367915167,0.014648882368945758,2.8646288209606987,2.6206896551724137,2.0,0.0
9,template_deposition,C,C,none,0,1.0,template_site:index=229:site=C:neigh=1:ahead0=1.230:mode=shell,x,yz,230,221,9,0,9,200.5347416387069,0.9633694456128922,500.0,0.001,55.75,0.05575,-1983.7164,-1975.9786,-1983.7164,-7.737793,-7.2211914,1.0,0.05575,0.05575,10,229,229,2,2,1.4450279539748245,26.324877544413397,19.67000000069,10.0,446.0,0.0,-0.19338702,-3.0984015,26.348067811888946,0.49999999916963384,25.84806781271931,1.252946341058582,0.9618189617526748,0.16143497757847533,26.149491966587746,26.286244364231493,26.31229537727994,0.3858261177119447,0.125,1.0543704957573823,1.191122893401129,1.2171739064495775,0.9,0,50,1,0.02,0.018000000000000002,525,9,0.017142857142857144,0.0,1.0,0.020179372197309416,0.11715227730637581,0.11715227730637581,0.0020083247538235853,61.48780367915167,0.017147636322467668,2.860869565217391,2.6,1.8888888888888888,0.0
10,template_deposition,C,C,none,0,1.0,template_site:index=230:site=C:neigh=2:ahead0=1.230:mode=shell,x,yz,231,221,10,0,10,217.11992858232202,16.58518694361513,500.0,0.001,55.75,0.05575,-1998.2296,-1983.7164,-1998.2296,-14.513184,-9.450806,1.0,0.05575,0.05575,11,230,230,1,1,1.3795416183483302,26.324877544413397,21.08999999969,10.0,446.0,0.0,-0.22592779,-3.6197622,26.35412293267237,0.49999999916963384,25.854122933502737,1.2590014618420078,0.9696158231643112,0.17937219730941703,26.1551922160397,26.286244364231493,26.341794725897522,0.3883143001925465,0.125,1.0600707452093374,1.191122893401129,1.246673255067158,1.0,0,50,1,0.02,0.02,525,10,0.01904761904761905,0.0,1.0,0.02242152466367713,0.10600707452093375,0.10600707452093375,0.0020191823718273094,61.48780367915167,0.017240341690213434,2.865800865800866,2.6451612903225805,2.0,0.0
11,template_deposition,C,C,none,0,1.0,template_site:index=236:site=C:neigh=1:ahead0=2.460:mode=shell,x,yz,232,221,11,0,11,272.1248876405572,55.00495905823518,500.0,0.001,55.75,0.05575,-2004.921,-1998.2296,-2004.921,-6.6914062,-6.138916,0.39278836058413463,0.05575,0.05575,9,231,236,10,10,1.473391167176859,27.55463361799643,6.17999999904,10.0,446.0,0.0,-0.24093094,-3.8601394,27.54186647493938,0.49999999916963384,27.041866475769744,2.4467450041090153,0.6885330951438352,0.19730941704035873,26.31545556363352,26.30217056992058,26.709924041660567,0.6042558740446617,0.125,1.2203340928031565,1.2070490990902165,1.6148025708302036,1.0,0,50,1,0.02,0.021818181818181816,525,11,0.02095238095238095,0.0,1.0,0.02466367713004484,0.11093946298210514,0.11093946298210514,0.0023244458910536316,61.48780367915167,0.01984676667215109,2.8620689655172415,2.4545454545454546,2.0,0.0
12,template_deposition,C,C,none,0,1.0,template_site:index=235:site=C:neigh=2:ahead0=2.460:mode=shell,x,yz,233,221,12,0,12,294.35309486786235,22.228207227305163,500.0,0.001,55.75,0.05575,-2015.8059,-2004.921,-2015.8059,-10.884888,-10.440186,1.0,0.05575,0.05575,10,232,235,9,9,1.3654466871945001,27.55463361799643,4.760000000040001,10.0,446.0,0.0,-0.2653365,-4.2511597,27.545398620975444,0.49999999916963384,27.04539862180581,2.45027715014508,0.7646568261150838,0.21524663677130046,26.46615912034948,26.312593544743557,27.53266654337132,0.7259223694364172,0.125,1.371037649519117,1.2174720739131928,2.4375450725409564,1.0,0,50,1,0.02,0.023636363636363636,525,12,0.022857142857142857,0.0,1.0,0.026905829596412557,0.11425313745992642,0.11425313745992642,0.0026115002847983183,61.48780367915167,0.022297717067165098,2.866952789699571,2.5217391304347827,2.1666666666666665,0.0
13,template_deposition,C,C,none,0,1.0,template_site:index=232:site=C:neigh=1:ahead0=2.460:mode=shell,x,yz,234,221,13,0,13,332.7178105738987,38.36471570603636,500.0,0.001,55.75,0.05575,-2023.2533,-2015.8059,-2023.2533,-7.4473877,-7.20813,0.7371602644390571,0.05575,0.05575,10,233,232,8,8,1.461218353619982,27.55463361799643,9.01999999927,10.0,446.0,0.0,-0.2820347,-4.518694,27.545398620975444,0.49999999916963384,27.04539862180581,2.45027715014508,0.8209998886355522,0.23318385650224216,26.76729246675746,26.340220060659753,27.532443189272474,0.5900674019751526,0.125,1.6721709959270967,1.2450985898293894,2.43732171844211,1.0,0,50,1,0.02,0.025454545454545455,525,13,0.024761904761904763,0.0,1.0,0.02914798206278027,0.12862853814823821,0.12862853814823821,0.003185087611289708,61.48780367915167,0.027195165477899002,2.8632478632478633,2.5,2.1538461538461537,0.0
14,template_deposition,C,C,none,0,1.0,template_site:index=231:site=C:neigh=2:ahead0=2.460:mode=shell,x,yz,235,221,14,0,14,336.3624040114513,3.64459343755262,500.0,0.001,55.75,0.05575,-2034.1614,-2023.2533,-2034.1614,-10.908081,-10.518555,1.0,0.05575,0.05575,10,234,231,7,7,1.3784225328854518,27.55463361799643,10.440000000500001,10.0,446.0,0.0,-0.30649227,-4.9105477,27.545398620975444,0.49999999916963384,27.04539862180581,2.45027715014508,0.8646299702187333,0.25112107623318386,26.774717653290196,26.351556563915196,27.541090763196532,0.5877181322190009,0.125,1.6795961824598322,1.256435093084832,2.4459692923661684,1.0,0,50,1,0.02,0.027272727272727275,525,14,0.02666666666666667,0.0,1.0,0.03139013452914798,0.11997115588998801,0.11997115588998801,0.0031992308237330136,61.48780367915167,0.02731592416642658,2.8680851063829786,2.56,2.2857142857142856,0.0
15,template_deposition,C,C,none,0,1.0,template_site:index=233:site=C:neigh=1:ahead0=2.460:mode=shell,x,yz,236,221,15,0,15,346.0838761435137,9.721472132062386,500.0,0.001,55.75,0.05575,-2041.5604,-2034.1614,-2041.5604,-7.399048,-7.1707764,0.6963778381968931,0.05575,0.05575,10,235,233,6,6,1.4551696578558517,27.55463361799643,1.9199999998100001,10.0,446.0,0.0,-0.32308206,-5.1763453,27.541522494318556,0.49999999916963384,27.04152249514892,2.4464010234881925,0.8980720706945673,0.26905829596412556,26.92673922533641,26.93938884939762,27.539927925199468,0.6062300466507247,0.125,1.8316177545060448,1.844267378567256,2.444806454369104,1.0,0,50,1,0.02,0.02909090909090909,525,15,0.02857142857142857,0.0,1.0,0.033632286995515695,0.12210785030040298,0.12210785030040298,0.0034887957228686567,61.48780367915167,0.029788309955964185,2.864406779661017,2.5384615384615383,2.2666666666666666,0.0
16,template_deposition,C,C,none,0,1.0,template_site:index=234:site=C:neigh=1:ahead0=2.460:mode=shell,x,yz,237,221,16,0,16,363.80214218982485,17.718266046311133,500.0,0.001,55.75,0.05575,-2050.518,-2041.5604,-2050.518,-8.957642,-8.35437,0.9999999999994893,0.05575,0.05575,9,236,234,6,6,1.4222253517117076,27.55463361799643,0.5000000008100001,10.0,446.0,0.0,-0.34316647,-5.498133,27.539244538434144,0.49999999916963384,27.03924453926451,2.4441230676037797,0.9202441619344213,0.28699551569506726,26.931524689956614,26.97126241433653,27.536204055087147,0.5960070564303744,0.125,1.8364032191262503,1.8761409435061651,2.441082584256783,1.0,0,50,1,0.02,0.030909090909090907,525,16,0.030476190476190476,0.0,1.0,0.03587443946188341,0.11477520119539064,0.11477520119539064,0.00349791089357381,61.48780367915167,0.029866137823181177,2.8607594936708862,2.5185185185185186,2.25,0.0
17,template_deposition,C,C,none,0,1.0,template_site:index=239:site=C:neigh=1:ahead0=2.460:mode=shell,x,yz,238,221,17,0,17,413.4519319417474,49.649789751922526,500.0,0.001,55.75,0.05575,-2057.9468,-2050.518,-2057.9468,-7.428711,-7.1345215,0.999999998806463,0.05575,0.05575,10,237,239,4,4,1.4808760037853863,27.55463361799643,13.28000000073,10.0,446.0,0.0,-0.35982278,-5.7649965,27.534900990795578,0.49999999916963384,27.034900991625943,2.4397795199652137,0.9412684475882038,0.30493273542600896,27.0787868204672,27.514624473323558,27.52680049300203,0.5733843726886848,0.125,1.983665349636837,2.419503002493194,2.4316790221716644,1.0,0,50,1,0.02,0.03272727272727272,525,17,0.03238095238095238,0.0,1.0,0.03811659192825112,0.116686197037461,0.116686197037461,0.0037784101897844515,61.48780367915167,0.03226111896901967,2.857142857142857,2.5,2.235294117647059,0.0
18,template_deposition,C,C,none,0,1.0,template_site:index=240:site=C:neigh=2:ahead0=2.460:mode=shell,x,yz,239,221,18,0,18,441.7941660850142,28.342234143266793,500.0,0.001,55.75,0.05575,-2068.8884,-2057.9468,-2068.8884,-10.94165,-10.494629,1.0,0.05575,0.05575,10,238,240,3,3,1.3894251316971744,27.55463361799643,14.69999999973,10.0,446.0,0.0,-0.38435563,-6.1580563,27.534900990795578,0.49999999916963384,27.034900991625943,2.4397795199652137,0.9578206040755427,0.32286995515695066,27.23232153816282,27.514624473323558,27.533542234385255,0.5011868709232971,0.125,2.137200067332458,2.419503002493194,2.438420763554891,1.0,0,50,1,0.02,0.034545454545454546,525,18,0.03428571428571429,0.0,1.0,0.04035874439461883,0.11873333707402543,0.11873333707402543,0.004070857271109444,61.48780367915167,0.034758113633144884,2.8619246861924688,2.5517241379310347,2.3333333333333335,0.0
19,template_deposition,C,C,none,0,1.0,template_site:index=238:site=C:neigh=1:ahead0=2.460:mode=shell,x,yz,240,221,19,0,19,457.0333606001373,15.239194515123135,500.0,0.001,55.75,0.05575,-2076.3726,-2068.8884,-2076.3726,-7.484131,-7.1655273,0.999999998152785,0.05575,0.05575,10,239,238,2,2,1.4624209655527083,27.55463361799643,17.539999999960003,10.0,446.0,0.0,-0.4011362,-6.4269104,27.534900990795578,0.49999999916963384,27.034900991625943,2.4397795199652137,0.9702586828823238,0.34080717488789236,27.389785429631445,27.518858142343568,27.52970415669333,0.34556954344152546,0.125,2.294663958801081,2.423736671513204,2.434582685862967,1.0,0,50,1,0.02,0.03636363636363637,525,19,0.03619047619047619,0.0,1.0,0.042600896860986545,0.12077178730532005,0.12077178730532005,0.00437078849295444,61.48780367915167,0.037319009974316586,2.8583333333333334,2.533333333333333,2.3157894736842106,0.0
20,template_deposition,C,C,none,0,1.0,template_site:index=237:site=C:neigh=2:ahead0=2.460:mode=shell,x,yz,241,221,20,0,20,466.6330636000886,9.599702999951246,500.0,0.001,55.75,0.05575,-2087.8115,-2076.3726,-2087.8115,-11.438965,-10.676025,1.0,0.05575,0.05575,11,240,237,1,1,1.3818301696369497,27.55463361799643,18.95999999896,10.0,446.0,0.0,-0.4267841,-6.8378353,27.5397288124343,0.49999999916963384,27.039728813264666,2.4446073416039376,0.9770107895771707,0.35874439461883406,27.38976920984161,27.517423534264736,27.536349337287195,0.34658191511922143,0.125,2.2946477390112463,2.4223020634343726,2.441227866456831,1.0,1,50,2,0.04,0.038181818181818185,525,20,0.0380952380952381,0.0,1.0,0.04484304932735426,0.11473238695056232,0.11473238695056232,0.00437075759811666,61.48780367915167,0.037318746185583465,2.863070539419087,2.5806451612903225,2.4,0.0
21,template_deposition,C,C,none,0,1.0,template_site:index=247:site=C:neigh=1:ahead0=3.689:mode=shell,x,yz,242,221,21,0,21,488.24292518245505,21.609861582366495,500.0,0.001,55.75,0.05575,-2094.3962,-2087.8115,-2094.3962,-6.584717,-6.0646973,0.11470717562764159,0.05575,0.05575,9,241,247,9,9,1.4843091909423292,28.784389691579467,15.409999999230001,10.0,446.0,0.0,-0.44154802,-7.0743794,28.769537671063095,0.49999999916963384,28.26953767189346,3.6744162002327307,0.6780817776450134,0.37668161434977576,27.55084060740673,27.525394830860172,27.922071037126347,0.5756891625823661,0.125,2.4557191365763664,2.4302733600298083,2.8269495662959834,1.0,1,50,2,0.04,0.04018181818181819,525,21,0.04,0.0,1.0,0.04708520179372197,0.11693900650363649,0.11693900650363649,0.00467756026014546,61.48780367915167,0.03993831279761605,2.8595041322314048,2.380952380952381,2.380952380952381,0.0
22,template_deposition,C,C,none,0,1.0,template_site:index=246:site=C:neigh=2:ahead0=3.689:mode=shell,x,yz,243,221,22,0,22,494.6664677828303,6.4235426003752165,500.0,0.001,55.75,0.05575,-2105.3735,-2094.3962,-2105.3735,-10.977295,-10.5407715,1.0,0.05575,0.05575,10,242,246,8,8,1.3760890580776433,28.784389691579467,16.83000000046,10.0,446.0,0.0,-0.4661608,-7.4687195,28.77682760512361,0.49999999916963384,28.276827605953976,3.681706134293247,0.7551132443023221,0.39461883408071746,27.700480898358464,27.523880119913365,28.759261288157383,0.7010934771495851,0.125,2.6053594275281,2.428758649083001,3.664139817327019,1.0,1,50,2,0.04,0.04218181818181819,525,22,0.0419047619047619,0.0,1.0,0.04932735426008968,0.11842542852400455,0.11842542852400455,0.00496258938576781,61.48780367915167,0.04237197088910634,2.8641975308641974,2.4545454545454546,2.4545454545454546,0.0
23,template_deposition,C,C,none,0,1.0,template_site:index=249:site=C:neigh=1:ahead0=3.689:mode=shell,x,yz,244,221,23,0,23,504.61064686434713,9.944179081516818,500.0,0.001,55.75,0.05575,-2112.8137,-2105.3735,-2112.8137,-7.4401855,-7.2182617,0.9999453209177561,0.05575,0.05575,10,243,249,7,7,1.4478655755670307,28.784389691579467,12.569999999,10.0,446.0,0.0,-0.48284283,-7.7359953,28.77682760512361,0.49999999916963384,28.276827605953976,3.681706134293247,0.8123918763796721,0.4125560538116592,27.85696632142213,27.54012726172303,28.767622952485915,0.7753048860257985,0.125,2.7618448505917677,2.4450057908926652,3.6725014816555515,1.0,1,50,2,0.04,0.04418181818181818,525,23,0.04380952380952381,0.0,1.0,0.0515695067264574,0.12008021089529425,0.12008021089529425,0.005260656858270034,61.48780367915167,0.044916954019097795,2.860655737704918,2.4347826086956523,2.4347826086956523,0.0
24,template_deposition,C,C,none,0,1.0,template_site:index=248:site=C:neigh=2:ahead0=3.689:mode=shell,x,yz,245,221,24,0,24,507.0030104010497,2.392363536702579,500.0,0.001,55.75,0.05575,-2123.7283,-2112.8137,-2123.7283,-10.914551,-10.528809,1.0,0.05575,0.05575,10,244,248,6,6,1.3751037329077895,28.784389691579467,11.15,10.0,446.0,0.0,-0.5073149,-8.128081,28.77682760512361,0.49999999916963384,28.276827605953976,3.681706134293247,0.8555338667274164,0.4304932735426009,27.863647021552616,27.564078881149825,28.77150260601911,0.7738657700849748,0.125,2.768525550722252,2.4689574103194616,3.6763811351887448,1.0,1,50,2,0.04,0.046181818181818185,525,24,0.045714285714285714,0.0,1.0,0.053811659192825115,0.11535523128009384,0.11535523128009384,0.005273382001375718,61.48780367915167,0.04502560483650778,2.8653061224489798,2.5,2.5,0.0
25,template_deposition,C,C,none,0,1.0,template_site:index=242:site=C:neigh=1:ahead0=3.689:mode=shell,x,yz,246,221,25,0,25,529.3350447746675,22.332034373617738,500.0,0.001,55.75,0.05575,-2131.1868,-2123.7283,-2131.1868,-7.458496,-7.1481934,0.9996851501091033,0.05575,0.05575,10,245,242,5,5,1.4703053761425486,28.784389691579467,8.30999999977,10.0,446.0,0.0,-0.524038,-8.396015,28.77682760512361,0.49999999916963384,28.276827605953976,3.681706134293247,0.8890501194014145,0.4484304932735426,28.018234195662114,28.168093415682655,28.762048275091566,0.80954716593462,0.125,2.92311272483175,3.0729719448522914,3.6669268042612018,1.0,1,50,2,0.04,0.04818181818181819,525,25,0.047619047619047616,0.0,1.0,0.05605381165919283,0.11692450899326999,0.11692450899326999,0.0055678337615842855,61.48780367915167,0.04753971600749945,2.861788617886179,2.48,2.48,0.0
26,template_deposition,C,C,none,0,1.0,template_site:index=243:site=C:neigh=2:ahead0=3.689:mode=shell,x,yz,247,221,26,0,26,567.6581544964855,38.32310972181799,500.0,0.001,55.75,0.05575,-2142.0923,-2131.1868,-2142.0923,-10.905518,-10.486328,1.0,0.05575,0.05575,10,246,243,4,4,1.3846679416113,28.784389691579467,6.890000000770001,10.0,446.0,0.0,-0.5484898,-8.787776,28.77682760512361,0.49999999916963384,28.276827605953976,3.681706134293247,0.9151500363964785,0.4663677130044843,28.02296000464401,28.172677523006172,28.770712421910716,0.8091855414017123,0.125,2.9278385338136452,3.077556052175808,3.675590951080352,1.0,1,50,2,0.04,0.05018181818181819,525,26,0.049523809523809526,0.0,1.0,0.05829596412556054,0.1126091743774479,0.1126091743774479,0.005576835302502182,61.48780367915167,0.04761657367193246,2.866396761133603,2.5384615384615383,2.5384615384615383,0.0
27,template_deposition,C,C,none,0,1.0,template_site:index=245:site=C:neigh=1:ahead0=3.689:mode=shell,x,yz,248,221,27,0,27,572.6483943952783,4.990239898792748,500.0,0.001,55.75,0.05575,-2149.7788,-2142.0923,-2149.7788,-7.6865234,-7.14624,0.9996686830252688,0.05575,0.05575,10,247,245,3,3,1.4521417773554168,28.784389691579467,4.05000000054,10.0,446.0,0.0,-0.5657242,-9.063901,28.77682760512361,0.49999999916963384,28.276827605953976,3.681706134293247,0.935683404132781,0.484304932735426,28.171545231355523,28.748908046728765,28.76904554382513,0.8215631732242354,0.125,3.0764237605251594,3.653786575898401,3.6739240729947653,1.0,1,50,2,0.04,0.05218181818181819,525,27,0.05142857142857143,0.0,1.0,0.06053811659192825,0.11394162076019108,0.11394162076019108,0.005859854781952684,61.48780367915167,0.05003307284446502,2.870967741935484,2.5925925925925926,2.5925925925925926,0.0
28,template_deposition,C,C,none,0,1.0,template_site:index=244:site=C:neigh=2:ahead0=3.689:mode=shell,x,yz,249,221,28,0,28,585.4819056330206,12.833511237742274,500.0,0.001,55.75,0.05575,-2161.3418,-2149.7788,-2161.3418,-11.562988,-10.185547,1.0,0.05575,0.05575,10,248,244,2,2,1.3973195824250224,28.784389691579467,2.62999999931,10.0,446.0,0.0,-0.5916502,-9.479281,28.77682760512361,0.49999999916963384,28.276827605953976,3.681706134293247,0.9482241977052901,0.5022421524663677,28.318309603684888,28.74271662866622,28.76594427678213,0.7915585484152668,0.125,3.223188132854524,3.6475951578358554,3.670822805951765,1.0,1,50,2,0.04,0.05418181818181818,525,28,0.05333333333333334,0.0,1.0,0.06278026905829596,0.11511386188766158,0.11511386188766158,0.006139405967341951,61.48780367915167,0.052419958755940944,2.8755020080321283,2.642857142857143,2.642857142857143,0.0
29,template_deposition,C,C,none,0,1.0,template_site:index=250:site=C:neigh=1:ahead0=3.689:mode=shell,x,yz,250,221,29,0,29,592.7131884871723,7.231282854151679,500.0,0.001,55.75,0.05575,-2168.8735,-2161.3418,-2168.8735,-7.5317383,-6.755127,1.0,0.05575,0.05575,9,249,250,1,1,1.4613825070201139,28.784389691579467,19.67000000069,10.0,446.0,0.0,-0.6085375,-9.7498455,28.799639796190103,0.49999999916963384,28.29963979702047,3.7045183253597394,0.9642151873819923,0.5201793721973094,28.60783801464449,28.74927981846445,28.776596025236675,0.3808503611213834,0.125,3.5127165438141255,3.6541583476340875,3.6814745544063108,1.0,2,50,3,0.06,0.05618181818181818,525,29,0.05523809523809524,0.0,1.0,0.06502242152466367,0.12112815668324571,0.12112815668324571,0.006690888654884049,61.48780367915167,0.05712867160036752,2.88,2.6551724137931036,2.6551724137931036,0.0
30,template_deposition,C,C,none,0,1.0,template_site:index=251:site=C:neigh=1:ahead0=3.689:mode=shell,x,yz,251,221,30,0,30,602.7010681697176,9.987879682545273,500.0,0.001,55.75,0.05575,-2177.8127,-2168.8735,-2177.8127,-8.939209,-7.6210938,1.0,0.05575,0.05575,11,250,251,1,1,1.4222276887824816,28.784389691579467,21.08999999969,10.0,446.0,0.0,-0.6285806,-10.0709715,28.849128246528664,0.49999999916963384,28.34912824735903,3.7540067756983007,0.97772430752505,0.5381165919282511,28.61049606370024,28.74927981846445,28.791442560338243,0.3837066475828309,0.125,3.5153745928698754,3.6541583476340875,3.6963210895078795,1.0,2,50,1,0.02,0.056363636363636366,525,29,0.05523809523809524,0.0,1.0,0.06726457399103139,0.11717915309566251,0.11717915309566251,0.006695951605466429,61.48780367915167,0.05717190048311669,2.8764940239043826,2.6333333333333333,2.6333333333333333,0.0
31,template_deposition,C,C,none,0,1.0,template_site:index=241:site=C:neigh=3:ahead0=2.460:mode=shell,x,yz,252,221,31,0,31,623.4932962548287,20.792228085111113,500.0,0.001,55.75,0.05575,-2191.0242,-2177.8127,-2191.0242,-13.211426,-6.165039,1.0,0.05575,0.05575,15,251,241,1,1,1.0592498703524666,27.55463361799643,21.79999999919,10.0,446.0,0.0,-0.6582026,-10.545568,28.863660236182138,0.49999999916963384,28.363660237012503,3.7685387653517743,0.9680901862041944,0.5560538116591929,28.614082649056655,28.74927981846445,28.795802157234284,0.3851258885915841,0.125,3.5189611782262915,3.6541583476340875,3.7006806864039206,1.0,2,50,3,0.06,0.05818181818181818,525,30,0.05714285714285714,0.0,1.0,0.06950672645739911,0.11351487671697714,0.11351487671697714,0.006702783196621508,61.48780367915167,0.05723023051186729,2.880952380952381,2.6774193548387095,2.6774193548387095,0.0
32,template_deposition,C,C,none,0,1.0,template_site:index=258:site=C:neigh=1:ahead0=4.919:mode=shell,x,yz,253,221,32,0,32,632.8251969665899,9.331900711761225,500.0,0.001,55.75,0.05575,-2197.6272,-2191.0242,-2197.6272,-6.6030273,-6.116455,0.16899867470913796,0.05575,0.05575,9,252,258,10,10,1.461749433661246,30.014145765162507,18.95999999896,10.0,446.0,0.0,-0.67300755,-10.78277,30.015582013898552,0.49999999916963384,29.515582014728917,4.920460543068188,0.6895514031713569,0.5739910313901345,28.770731267494327,28.753421190508817,29.205947308106587,0.6053140640246643,0.125,3.675609796663963,3.6582997196784532,4.110825837276224,1.0,2,50,3,0.06,0.06,525,31,0.05904761904761905,0.0,1.0,0.07174887892376682,0.11486280614574884,0.11486280614574884,0.007001161517455168,61.48780367915167,0.05977786775152341,2.877470355731225,2.4761904761904763,2.65625,0.0
33,template_deposition,C,C,none,0,1.0,template_site:index=259:site=C:neigh=2:ahead0=4.919:mode=shell,x,yz,254,221,33,0,33,646.9025473320653,14.077350365475297,500.0,0.001,55.75,0.05575,-2208.6892,-2197.6272,-2208.6892,-11.062012,-10.61499,1.0,0.05575,0.05575,10,253,259,9,9,1.3689225554308615,30.014145765162507,17.539999999960003,10.0,446.0,0.0,-0.6978103,-11.180154,30.0137301733192,0.49999999916963384,29.513730174149565,4.918608702488836,0.7677793207786898,0.5919282511210763,28.775859366175684,28.758375614867102,29.225523969266032,0.6053901959930197,0.125,3.6807378953453203,3.6632541440367383,4.130402498435668,1.0,2,50,3,0.06,0.061818181818181814,525,32,0.06095238095238095,0.0,1.0,0.07399103139013453,0.11153751198016122,0.11153751198016122,0.007010929324467277,61.48780367915167,0.059861268009371554,2.8818897637795278,2.5454545454545454,2.696969696969697,0.0
34,template_deposition,C,C,none,0,1.0,template_site:index=261:site=C:neigh=1:ahead0=4.919:mode=shell,x,yz,255,221,34,0,34,647.9233163712928,1.0207690392275175,500.0,0.001,55.75,0.05575,-2216.1016,-2208.6892,-2216.1016,-7.4123535,-7.1533203,0.946771532711802,0.05575,0.05575,10,254,261,8,8,1.448034975287088,30.014145765162507,14.69999999973,10.0,446.0,0.0,-0.7144299,-11.446429,30.01110434355365,0.49999999916963384,29.511104344384016,4.915982872723287,0.8249340711048853,0.6098654708520179,28.931869357064976,28.766139352340446,30.003797329250688,0.7271882882064807,0.125,3.836747886234612,3.671017881510082,4.908675858420324,1.0,2,50,3,0.06,0.06363636363636363,525,33,0.06285714285714286,0.0,1.0,0.07623318385650224,0.11284552606572387,0.11284552606572387,0.007308091211875451,61.48780367915167,0.06239851900150919,2.8784313725490196,2.5217391304347827,2.676470588235294,0.0
35,template_deposition,C,C,none,0,1.0,template_site:index=260:site=C:neigh=2:ahead0=4.919:mode=shell,x,yz,256,221,35,0,35,655.2640146791189,7.340698307826075,500.0,0.001,55.75,0.05575,-2227.063,-2216.1016,-2227.063,-10.961426,-10.541504,1.0,0.05575,0.05575,10,255,260,7,7,1.3763107414039917,30.014145765162507,13.28000000073,10.0,446.0,0.0,-0.7390071,-11.840199,30.01110434355365,0.49999999916963384,29.511104344384016,4.915982872723287,0.8668364785955005,0.6278026905829597,29.08299874143829,28.824500651796654,30.000949034608283,0.8000262685285384,0.125,3.9878772706079246,3.7293791809662906,4.905827563777919,1.0,2,50,3,0.06,0.06545454545454546,525,34,0.06476190476190476,0.0,1.0,0.07847533632286996,0.11393935058879785,0.11393935058879785,0.0075959567059198565,61.48780367915167,0.06485639479687696,2.8828125,2.5833333333333335,2.7142857142857144,0.0
36,template_deposition,C,C,none,0,1.0,template_site:index=252:site=C:neigh=1:ahead0=4.919:mode=shell,x,yz,257,221,36,0,36,661.623579760168,6.359565081049124,500.0,0.001,55.75,0.05575,-2234.4993,-2227.063,-2234.4993,-7.4362793,-7.178955,0.96734093950597,0.05575,0.05575,10,256,252,6,6,1.4490421655795545,30.014145765162507,10.440000000500001,10.0,446.0,0.0,-0.7556804,-12.107335,30.01110434355365,0.49999999916963384,29.511104344384016,4.915982872723287,0.9000730090395463,0.6457399103139013,29.381707018707473,29.4359120445963,29.998806797721173,0.6145978927982686,0.125,4.2865855478771095,4.340790573765936,4.903685326890809,1.0,2,50,3,0.06,0.06727272727272728,525,35,0.06666666666666667,0.0,1.0,0.08071748878923767,0.11907182077436415,0.11907182077436415,0.008164924853099257,61.48780367915167,0.06971440336761514,2.8793774319066148,2.56,2.6944444444444446,0.0
37,template_deposition,C,C,none,0,1.0,template_site:index=253:site=C:neigh=2:ahead0=4.919:mode=shell,x,yz,258,221,37,0,37,661.7478488871078,0.12426912693981039,500.0,0.001,55.75,0.05575,-2245.425,-2234.4993,-2245.425,-10.925781,-10.517578,1.0,0.05575,0.05575,10,257,253,5,5,1.380429947343815,30.014145765162507,9.01999999927,10.0,446.0,0.0,-0.78017765,-12.499825,30.01110434355365,0.49999999916963384,29.511104344384016,4.915982872723287,0.9249241798395617,0.6636771300448431,29.389446678587582,29.4359120445963,30.00229337791544,0.608388307034479,0.125,4.294325207757218,4.340790573765936,4.9071719070850754,1.0,2,50,3,0.06,0.06909090909090909,525,36,0.06857142857142857,0.0,1.0,0.08295964125560538,0.11606284345289779,0.11606284345289779,0.008179667062394702,61.48780367915167,0.06984027645816322,2.883720930232558,2.6153846153846154,2.72972972972973,0.0
38,template_deposition,C,C,none,0,1.0,template_site:index=257:site=C:neigh=1:ahead0=4.919:mode=shell,x,yz,259,221,38,0,38,684.2893070457766,22.541458158668824,500.0,0.001,55.75,0.05575,-2252.7893,-2245.425,-2252.7893,-7.364258,-7.1330566,0.9103163686555845,0.05575,0.05575,10,258,257,4,4,1.4543378098983022,30.014145765162507,6.17999999904,10.0,446.0,0.0,-0.79668945,-12.764373,30.01110434355365,0.49999999916963384,29.511104344384016,4.915982872723287,0.9449787290498003,0.6816143497757847,29.540608275873296,29.98546857634269,29.99927655482031,0.5864463183530259,0.125,4.445486805042933,4.890347105512326,4.904155083989945,1.0,2,50,3,0.06,0.07090909090909091,525,37,0.07047619047619047,0.0,1.0,0.08520179372197309,0.11698649486955086,0.11698649486955086,0.00846759391436749,61.48780367915167,0.07229867614461954,2.8803088803088803,2.5925925925925926,2.710526315789474,0.0
39,template_deposition,C,C,none,0,1.0,template_site:index=256:site=C:neigh=2:ahead0=4.919:mode=shell,x,yz,260,221,39,0,39,691.5088669189422,7.219559873165602,500.0,0.001,55.75,0.05575,-2263.8164,-2252.7893,-2263.8164,-11.0271,-10.4782715,1.0,0.05575,0.05575,10,259,256,3,3,1.3921318760689594,30.014145765162507,4.760000000040001,10.0,446.0,0.0,-0.8214139,-13.1605015,30.01110434355365,0.49999999916963384,29.511104344384016,4.915982872723287,0.9604129599817681,0.6995515695067265,29.693544789418173,29.98546857634269,29.996870750197438,0.5152677480603839,0.125,4.598423318587809,4.890347105512326,4.901749279367074,1.0,2,50,3,0.06,0.07272727272727274,525,38,0.07238095238095238,0.0,1.0,0.08744394618834081,0.11790829022020023,0.11790829022020023,0.008758901559214874,61.48780367915167,0.07478594198262072,2.8846153846153846,2.642857142857143,2.7435897435897436,0.0
40,template_deposition,C,C,none,0,1.0,template_site:index=262:site=C:neigh=1:ahead0=4.919:mode=shell,x,yz,261,221,40,0,40,705.3716500393939,13.862783120451644,500.0,0.001,55.75,0.05575,-2271.3943,-2263.8164,-2271.3943,-7.577881,-7.058838,0.9309141549706139,0.05575,0.05575,10,260,262,2,2,1.3866087836209098,30.014145765162507,21.79999999919,10.0,446.0,0.0,-0.83840466,-13.432724,30.032622639752496,0.49999999916963384,29.53262264058286,4.937501168922132,0.9754290315212816,0.7174887892376681,29.840419303358715,29.98868847650663,30.024413669957845,0.4159732285070581,0.125,4.745297832528351,4.8935670056762675,4.929292199127481,1.0,2,50,3,0.06,0.07454545454545455,525,39,0.07428571428571429,0.0,1.0,0.08968609865470852,0.11863244581320878,0.11863244581320878,0.00903866253814924,61.48780367915167,0.07717461916983893,2.8812260536398466,2.6206896551724137,2.725,0.0
41,template_deposition,C,C,none,0,1.0,template_site:index=254:site=C:neigh=1:ahead0=4.919:mode=shell,x,yz,262,221,41,0,41,743.842733858736,38.4710838193421,500.0,0.001,55.75,0.05575,-2279.241,-2271.3943,-2279.241,-7.8466797,-7.293701,1.0,0.05575,0.05575,11,261,254,1,1,1.4482745049685244,30.014145765162507,1.9199999998100001,10.0,446.0,0.0,-0.8559981,-13.7146015,30.0259157168037,0.49999999916963384,29.525915717634064,4.930794245973335,0.9852836248221789,0.7354260089686099,29.997153758974825,29.98868847650663,30.022401593073205,0.017177946256984832,0.125,4.902032288144461,4.8935670056762675,4.927280122242841,1.0,3,50,4,0.08,0.07636363636363637,525,40,0.0761904761904762,0.0,1.0,0.09192825112107623,0.11956176312547467,0.11956176312547467,0.009337204358370403,61.48780367915167,0.07972365241282096,2.877862595419847,2.6,2.707317073170732,0.0
42,template_deposition,C,C,none,0,1.0,template_site:index=265:site=C:neigh=1:ahead0=6.149:mode=shell,x,yz,263,221,42,0,42,748.5721010593644,4.729367200628414,500.0,0.001,55.75,0.05575,-2287.4116,-2279.241,-2287.4116,-8.170654,-7.6862793,0.7338534163735951,0.05575,0.05575,8,262,265,10,10,1.4629254200477586,31.24390183874554,2.62999999931,10.0,446.0,0.0,-0.87431794,-14.008118,31.172659027479682,0.49999999916963384,30.672659028310047,6.077537556649318,0.6781385000328104,0.7533632286995515,30.143851939477436,29.997948228410213,30.366424586276,0.3890517660791121,0.125,5.048730468647072,4.902826757579849,5.271303115445637,1.0,3,50,4,0.08,0.07836363636363637,525,41,0.07809523809523809,0.0,1.0,0.09417040358744394,0.12020786830112076,0.12020786830112076,0.00961662946408966,61.48780367915167,0.08210946182094511,2.8745247148288975,2.380952380952381,2.6904761904761907,0.0
43,template_deposition,C,C,none,0,1.0,template_site:index=266:site=C:neigh=2:ahead0=6.149:mode=shell,x,yz,264,221,43,0,43,773.6103222260605,25.038221166696083,500.0,0.001,55.75,0.05575,-2297.7412,-2287.4116,-2297.7412,-10.32959,-9.596191,1.0,0.05575,0.05575,9,263,266,9,9,1.4428326096097375,31.24390183874554,4.05000000054,10.0,446.0,0.0,-0.89747846,-14.37919,31.238903603857356,0.49999999916963384,30.73890360468772,6.143782133026992,0.7523065292315908,0.7713004484304933,30.29275010789302,29.998809597861584,31.158397070337433,0.5139925467838945,0.125,5.197628637062657,4.90368812703122,6.063275599507069,1.0,3,50,4,0.08,0.08036363636363637,525,42,0.08,0.0,1.0,0.09641255605381166,0.12087508458285248,0.12087508458285248,0.009900245022976489,61.48780367915167,0.08453105048578907,2.878787878787879,2.4545454545454546,2.7209302325581395,0.0
44,template_deposition,C,C,none,0,1.0,template_site:index=272:site=C:neigh=1:ahead0=6.149:mode=shell,x,yz,265,221,44,0,44,776.0790029180685,2.468680692007961,500.0,0.001,55.75,0.05575,-2305.8862,-2297.7412,-2305.8862,-8.14502,-7.5009766,0.9992208262378897,0.05575,0.05575,9,264,272,8,8,1.500347197996522,31.24390183874554,21.08999999969,10.0,446.0,0.0,-0.91574085,-14.671786,31.238903603857356,0.49999999916963384,30.73890360468772,6.143782133026992,0.8030929183120584,0.7892376681614349,30.436410973030608,30.018587788903027,31.193802570581266,0.5656777157569909,0.125,5.341289502200244,4.923466318072663,6.098681099750902,1.0,3,50,4,0.08,0.08236363636363636,525,43,0.08190476190476191,0.0,1.0,0.09865470852017937,0.12139294323182372,0.12139294323182372,0.010173884766095702,61.48780367915167,0.08686746285607345,2.8754716981132074,2.4347826086956523,2.7045454545454546,0.0
45,template_deposition,C,C,none,0,1.0,template_site:index=271:site=C:neigh=2:ahead0=6.149:mode=shell,x,yz,266,221,45,0,45,790.4344307972477,14.355427879179233,500.0,0.001,55.75,0.05575,-2316.4402,-2305.8862,-2316.4402,-10.553955,-9.727051,1.0,0.05575,0.05575,9,265,271,7,7,1.4363526343169735,31.24390183874554,19.67000000069,10.0,446.0,0.0,-0.9394044,-15.050919,31.24666412940698,0.49999999916963384,30.746664130237345,6.151542658576616,0.846339733399037,0.8071748878923767,30.45314665888939,30.049435245794708,31.241231761522243,0.572841054011744,0.125,5.3580251880590275,4.954313774964344,6.14611029069188,1.0,3,50,4,0.08,0.08436363636363638,525,44,0.0838095238095238,0.0,1.0,0.10089686098654709,0.11906722640131172,0.11906722640131172,0.010205762262969577,61.48780367915167,0.08713964180632693,2.8796992481203008,2.5,2.7333333333333334,0.0
46,template_deposition,C,C,none,0,1.0,template_site:index=264:site=C:neigh=1:ahead0=6.149:mode=shell,x,yz,267,221,46,0,46,792.6585651164298,2.2241343191821494,500.0,0.001,55.75,0.05575,-2323.903,-2316.4402,-2323.903,-7.4628906,-7.196045,0.3646369573655963,0.05575,0.05575,10,266,264,6,6,1.4645930966678449,31.24390183874554,6.890000000770001,10.0,446.0,0.0,-0.95613736,-15.31901,31.24666412940698,0.49999999916963384,30.746664130237345,6.151542658576616,0.8806395578899611,0.8251121076233184,30.609068999026594,30.594187352728042,31.239410065992725,0.588399245363126,0.125,5.51394752819623,5.499065881897678,6.144288595162362,1.0,3,50,4,0.08,0.08636363636363636,525,45,0.08571428571428572,0.0,1.0,0.1031390134529148,0.11986842452600499,0.11986842452600499,0.010502757196564247,61.48780367915167,0.08967546730028696,2.8764044943820224,2.48,2.717391304347826,0.0
47,template_deposition,C,C,none,0,1.0,template_site:index=263:site=C:neigh=2:ahead0=6.149:mode=shell,x,yz,268,221,47,0,47,795.2809953446919,2.622430228262053,500.0,0.001,55.75,0.05575,-2334.8308,-2323.903,-2334.8308,-10.927734,-10.50293,1.0,0.05575,0.05575,10,267,263,5,5,1.3850661528405253,31.24390183874554,8.30999999977,10.0,446.0,0.0,-0.980639,-15.711569,31.24666412940698,0.49999999916963384,30.746664130237345,6.151542658576616,0.9079949365603879,0.8430493273542601,30.61728541298979,30.594187352728042,31.239410065992725,0.5849097862559387,0.125,5.522163942159427,5.499065881897678,6.144288595162362,1.0,3,50,4,0.08,0.08836363636363637,525,46,0.08761904761904762,0.0,1.0,0.10538116591928251,0.1174928498331793,0.1174928498331793,0.010518407508875099,61.48780367915167,0.08980909402740297,2.8805970149253732,2.5384615384615383,2.74468085106383,0.0
48,template_deposition,C,C,none,0,1.0,template_site:index=269:site=C:neigh=1:ahead0=6.149:mode=shell,x,yz,269,221,48,0,48,811.0435516600147,15.762556315322845,500.0,0.001,55.75,0.05575,-2342.2922,-2334.8308,-2342.2922,-7.461426,-7.199463,0.38186663068806337,0.05575,0.05575,10,268,269,4,4,1.4586506728640596,31.24390183874554,11.15,10.0,446.0,0.0,-0.99736863,-15.979608,31.24666412940698,0.49999999916963384,30.746664130237345,6.151542658576616,0.9287448930850104,0.8609865470852018,30.770671231649413,31.149201344541744,31.239410065992725,0.557705315457061,0.125,5.675549760819049,6.05407987371138,6.144288595162362,1.0,3,50,4,0.08,0.09036363636363637,525,47,0.08952380952380952,0.0,1.0,0.10762331838565023,0.11824062001706352,0.11824062001706352,0.010810570972988664,61.48780367915167,0.09230366708875351,2.8773234200743496,2.5185185185185186,2.7291666666666665,0.0
49,template_deposition,C,C,none,0,1.0,template_site:index=270:site=C:neigh=2:ahead0=6.149:mode=shell,x,yz,270,221,49,0,49,813.2512666343058,2.207714974291059,500.0,0.001,55.75,0.05575,-2353.2085,-2342.2922,-2353.2085,-10.91626,-10.541504,1.0,0.05575,0.05575,10,269,270,3,3,1.3760846798621138,31.24390183874554,12.569999999,10.0,446.0,0.0,-1.0218445,-16.371754,31.24666412940698,0.49999999916963384,30.746664130237345,6.151542658576616,0.9454397329881442,0.8789237668161435,30.77457767204116,31.150413832882084,31.239410065992725,0.5566720555422873,0.125,5.679456201210797,6.05529236205172,6.144288595162362,1.0,3,50,4,0.08,0.09236363636363637,525,48,0.09142857142857143,0.0,1.0,0.10986547085201794,0.11590726941246525,0.11590726941246525,0.01081801181183009,61.48780367915167,0.09236719904400326,2.8814814814814813,2.5714285714285716,2.7551020408163267,0.0
50,template_deposition,C,C,none,0,1.0,template_site:index=268:site=C:neigh=1:ahead0=6.149:mode=shell,x,yz,271,221,50,0,50,847.1705380622459,33.91927142794014,500.0,0.001,55.75,0.05575,-2360.8743,-2353.2085,-2360.8743,-7.6657715,-7.2890625,0.556421359641004,0.05575,0.05575,10,270,268,2,2,1.4571841399322936,31.24390183874554,15.409999999230001,10.0,446.0,0.0,-1.0390323,-16.647133,31.24666412940698,0.49999999916963384,30.746664130237345,6.151542658576616,0.9568568564338227,0.8968609865470852,30.926056091319943,31.211966179150842,31.239410065992725,0.47998158190368895,0.125,5.830934620489579,6.116844708320478,6.144288595162362,1.0,4,50,5,0.1,0.09436363636363637,525,49,0.09333333333333334,0.0,1.0,0.11210762331838565,0.11661869240979157,0.11661869240979157,0.011106542134265865,61.48780367915167,0.09483075132941594,2.878228782287823,2.5517241379310347,2.74,0.0
51,template_deposition,C,C,none,0,1.0,template_site:index=267:site=C:neigh=2:ahead0=6.149:mode=shell,x,yz,272,221,51,0,51,873.3804724744826,26.209934412236702,500.0,0.001,55.75,0.05575,-2372.3281,-2360.8743,-2372.3281,-11.453857,-11.205811,1.0,0.05575,0.05575,11,271,267,1,1,1.3483834415290876,31.24390183874554,16.83000000046,10.0,446.0,0.0,-1.0647137,-17.058596,31.241971658125234,0.49999999916963384,30.7419716589556,6.14685018729487,0.9663789558226699,0.9147982062780269,31.064383990514163,31.221782676629353,31.239342348255626,0.3791985140710688,0.125,5.969262519683799,6.126661205798989,6.144220877425262,1.0,4,50,5,0.1,0.09636363636363637,525,50,0.09523809523809523,0.0,1.0,0.11434977578475336,0.11704436313105487,0.11704436313105487,0.011370023847016759,61.48780367915167,0.09708043160610993,2.8823529411764706,2.6,2.764705882352941,0.0
52,template_deposition,C,C,none,0,1.0,template_site:index=277:site=C:neigh=1:ahead0=7.379:mode=shell,x,yz,273,221,52,0,52,886.3613376880136,12.980865213530985,500.0,0.001,55.75,0.05575,-2379.3545,-2372.3281,-2379.3545,-7.026367,-6.447998,0.7968815071093309,0.05575,0.05575,9,272,277,10,10,1.4938614583784227,32.47365791232857,4.760000000040001,10.0,446.0,0.0,-1.0804678,-17.311003,32.44025776355632,0.49999999916963384,31.940257764386683,7.345136292725954,0.6732159212843838,0.9327354260089686,31.216106899481794,31.22949452381139,31.60145748975456,0.5952483533316228,0.125,6.12098542865143,6.134373052981026,6.506336018924195,1.0,4,50,5,0.1,0.09818181818181819,525,51,0.09714285714285714,0.0,1.0,0.11659192825112108,0.11771125824329673,0.11771125824329673,0.011659019864097961,61.48780367915167,0.0995479601221606,2.879120879120879,2.380952380952381,2.75,0.0
53,template_deposition,C,C,none,0,1.0,template_site:index=278:site=C:neigh=2:ahead0=7.379:mode=shell,x,yz,274,221,53,0,53,910.3356002156665,23.97426252765294,500.0,0.001,55.75,0.05575,-2390.3784,-2379.3545,-2390.3784,-11.023926,-10.481445,1.0,0.05575,0.05575,10,273,278,9,9,1.4056715978936587,32.47365791232857,6.17999999904,10.0,446.0,0.0,-1.1051852,-17.707018,32.45481284909344,0.49999999916963384,31.954812849923808,7.359691378263079,0.7506406616420797,0.9506726457399103,31.364345179020198,31.230499990832122,32.427938634291344,0.719162341985492,0.125,6.269223708189834,6.135378520001758,7.33281716346098,1.0,4,50,5,0.1,0.1,525,52,0.09904761904761905,0.0,1.0,0.11883408071748879,0.11828723977716668,0.11828723977716668,0.01194137849179016,61.48780367915167,0.10195881675824933,2.883211678832117,2.4545454545454546,2.7735849056603774,0.0
54,template_deposition,C,C,none,0,1.0,template_site:index=274:site=C:neigh=1:ahead0=7.379:mode=shell,x,yz,275,221,54,0,54,925.9411975159451,15.605597300278546,500.0,0.001,55.75,0.05575,-2397.8,-2390.3784,-2397.8,-7.421631,-7.176758,0.999999994042327,0.05575,0.05575,10,274,274,8,8,1.449877762721149,32.47365791232857,9.01999999927,10.0,446.0,0.0,-1.1218256,-17.973627,32.453003533950614,0.49999999916963384,31.95300353478098,7.35788206312025,0.8092981138577285,0.968609865470852,31.662499103377197,31.240093579646942,32.44749502842231,0.6032531314591592,0.125,6.567377632546833,6.144972108816578,7.352373557591946,1.0,4,50,5,0.1,0.10181818181818182,525,53,0.10095238095238095,0.0,1.0,0.1210762331838565,0.12161810430642284,0.12161810430642284,0.012509290728660635,61.48780367915167,0.10680780967256434,2.88,2.4347826086956523,2.759259259259259,0.0
55,template_deposition,C,C,none,0,1.0,template_site:index=273:site=C:neigh=2:ahead0=7.379:mode=shell,x,yz,276,221,55,0,55,936.1395565059379,10.198358989992814,500.0,0.001,55.75,0.05575,-2408.7524,-2397.8,-2408.7524,-10.952393,-10.523193,1.0,0.05575,0.05575,10,275,273,7,7,1.3837130117945862,32.47365791232857,10.440000000500001,10.0,446.0,0.0,-1.1463826,-18.367075,32.45796662414682,0.49999999916963384,31.957966624977185,7.3628451533164565,0.8534846096304696,0.9865470852017937,31.67024801801461,31.266699760532546,32.448983955481175,0.5992839886985433,0.125,6.575126547184247,6.1715782897021825,7.353862484650811,1.0,4,50,5,0.1,0.10363636363636364,525,54,0.10285714285714286,0.0,1.0,0.12331838565022421,0.11954775540334996,0.11954775540334996,0.012524050566065233,61.48780367915167,0.10693383327682006,2.8840579710144927,2.5,2.7818181818181817,0.0
56,template_deposition,C,C,none,0,1.0,template_site:index=281:site=C:neigh=1:ahead0=7.379:mode=shell,x,yz,277,221,56,0,56,942.7825787853117,6.643022279373728,500.0,0.001,55.75,0.05575,-2416.1782,-2408.7524,-2416.1782,-7.4257812,-7.1799316,0.9999999944518334,0.05575,0.05575,10,276,281,6,6,1.4467313526223355,32.47365791232857,13.28000000073,10.0,446.0,0.0,-1.1630323,-18.633833,32.4544701166667,0.49999999916963384,31.954470117497063,7.359348645836334,0.8883595719499039,1.0044843049327354,31.819122278940572,31.829196385893553,32.45134797968463,0.6247740478472155,0.125,6.724000808110208,6.734074915063189,7.356226508854263,1.0,4,50,5,0.1,0.10545454545454547,525,55,0.10476190476190476,0.0,1.0,0.12556053811659193,0.12007144300196801,0.12007144300196801,0.012807620586876588,61.48780367915167,0.10935503312488747,2.88086642599278,2.48,2.767857142857143,0.0
57,template_deposition,C,C,none,0,1.0,template_site:index=282:site=C:neigh=2:ahead0=7.379:mode=shell,x,yz,278,221,57,0,57,951.4269917052551,8.644412919943408,500.0,0.001,55.75,0.05575,-2427.1196,-2416.1782,-2427.1196,-10.941406,-10.528809,1.0,0.05575,0.05575,10,277,282,5,5,1.3811825289398942,32.47365791232857,14.69999999973,10.0,446.0,0.0,-1.1875646,-19.026882,32.46249161348457,0.49999999916963384,31.96249161431494,7.3673701426542095,0.9151020345381147,1.0224215246636772,31.971314765778203,32.42791486721498,32.45375442872999,0.6108856839137741,0.125,6.876193294947839,7.332793396384616,7.358632957899623,1.0,4,50,5,0.1,0.10727272727272727,525,56,0.10666666666666667,0.0,1.0,0.12780269058295965,0.1206349700868042,0.1206349700868042,0.013097511037995885,61.48780367915167,0.11183019856796922,2.884892086330935,2.5384615384615383,2.789473684210526,0.0
58,template_deposition,C,C,none,0,1.0,template_site:index=280:site=C:neigh=1:ahead0=7.379:mode=shell,x,yz,279,221,58,0,58,1003.7839934639218,52.357001758666684,500.0,0.001,55.75,0.05575,-2434.5186,-2427.1196,-2434.5186,-7.398926,-7.1679688,0.9999999714824318,0.05575,0.05575,10,278,280,4,4,1.4352082341972978,32.47365791232857,17.539999999960003,10.0,446.0,0.0,-1.2041541,-19.292677,32.46086863383044,0.49999999916963384,31.9608686346608,7.365747163000073,0.9367637679589607,1.0403587443946187,32.12642205224673,32.442271430553426,32.45812853574271,0.5541158504159215,0.125,7.031300581416367,7.347149959723062,7.363007064912345,1.0,4,50,5,0.1,0.1090909090909091,525,57,0.10857142857142857,0.0,1.0,0.13004484304932734,0.12122932036924772,0.12122932036924772,0.013392953488412128,61.48780367915167,0.11435276852798748,2.881720430107527,2.5185185185185186,2.7758620689655173,0.0
59,template_deposition,C,C,none,0,1.0,template_site:index=279:site=C:neigh=2:ahead0=7.379:mode=shell,x,yz,280,221,59,0,59,1008.2414010790408,4.457407615119008,500.0,0.001,55.75,0.05575,-2445.774,-2434.5186,-2445.774,-11.255371,-10.857666,1.0,0.05575,0.05575,10,279,279,3,3,1.3822655075528665,32.47365791232857,18.95999999896,10.0,446.0,0.0,-1.2293904,-19.697006,32.456954207990826,0.49999999916963384,31.95695420882119,7.361832737160462,0.9534394762754692,1.0582959641255605,32.1315453980192,32.442271430553426,32.454886122940884,0.544585643656242,0.125,7.036423927188835,7.347149959723062,7.3597646521105204,1.0,4,50,5,0.1,0.11090909090909092,525,58,0.11047619047619048,0.0,1.0,0.13228699551569506,0.11926142249472602,0.11926142249472602,0.013402712242264449,61.48780367915167,0.11443609148743487,2.8857142857142857,2.5714285714285716,2.7966101694915255,0.0
60,template_deposition,C,C,none,0,1.0,template_site:index=283:site=C:neigh=1:ahead0=7.379:mode=shell,x,yz,281,221,60,0,60,1012.2917273600777,4.050326281036941,500.0,0.001,55.75,0.05575,-2452.588,-2445.774,-2452.588,-6.813965,-6.164551,0.9747841474869523,0.05575,0.05575,9,280,283,2,2,1.4967858796270244,32.47365791232857,21.79999999919,10.0,446.0,0.0,-1.2446684,-19.941786,32.47546080255556,0.49999999916963384,31.975460803385925,7.380339331725196,0.969159870148605,1.0762331838565022,32.27534589117222,32.44656891631895,32.462506186360244,0.45532123832451776,0.125,7.180224420341858,7.3514474454885885,7.36738471552988,1.0,4,50,5,0.1,0.11272727272727273,525,59,0.11238095238095239,0.0,1.0,0.13452914798206278,0.11967040700569763,0.11967040700569763,0.013676617943508301,61.48780367915167,0.11677477468229065,2.889679715302491,2.6206896551724137,2.816666666666667,0.0
61,template_deposition,C,C,none,0,1.0,template_site:index=275:site=C:neigh=1:ahead0=7.379:mode=shell,x,yz,282,221,61,0,61,1028.7732863794224,16.481559019344598,500.0,0.001,55.75,0.05575,-2460.398,-2452.588,-2460.398,-7.8100586,-6.6904297,1.0,0.05575,0.05575,10,281,275,2,2,1.517018259308858,32.47365791232857,1.9199999998100001,10.0,446.0,0.0,-1.2621796,-20.222347,32.46574002657517,0.49999999916963384,31.965740027405534,7.370618555744805,0.9787209977764542,1.094170403587444,32.44293134644583,32.447120261460185,32.45958995356613,0.020671986919596517,0.125,7.347809875615468,7.351998790629821,7.3644684827357665,1.0,5,50,6,0.12,0.11454545454545455,525,60,0.11428571428571428,0.0,1.0,0.1367713004484305,0.12045589960025357,0.12045589960025357,0.013995828334505652,61.48780367915167,0.1195002819413901,2.8865248226950353,2.6,2.80327868852459,0.0
62,template_deposition,C,C,none,0,1.0,template_site:index=286:site=C:neigh=1:ahead0=8.608:mode=shell,x,yz,283,221,62,0,62,1036.9392002915765,8.165913912154185,500.0,0.001,55.75,0.05575,-2468.7761,-2460.398,-2468.7761,-8.378174,-7.6540527,0.3685841796858686,0.05575,0.05575,8,282,286,10,10,1.4764068917067286,33.7034139859116,2.62999999931,10.0,446.0,0.0,-1.2809649,-20.52332,33.62265994014414,0.49999999916963384,33.12265994097451,8.527538469313775,0.6827111294679764,1.1121076233183858,32.58708503119837,32.44900675663858,32.80666592763682,0.3918948083281161,0.125,7.491963560368006,7.353885285808218,7.7115444568064575,1.0,5,50,6,0.12,0.11654545454545456,525,61,0.11619047619047619,0.0,1.0,0.13901345291479822,0.12083812194141946,0.12083812194141946,0.014270406781653346,61.48780367915167,0.1218447092282183,2.88339222614841,2.380952380952381,2.7903225806451615,0.0
63,template_deposition,C,C,none,0,1.0,template_site:index=287:site=C:neigh=2:ahead0=8.608:mode=shell,x,yz,284,221,63,0,63,1085.3318061438097,48.39260585223309,500.0,0.001,55.75,0.05575,-2479.508,-2468.7761,-2479.508,-10.731934,-9.527588,1.0,0.05575,0.05575,9,283,287,9,9,1.462174911359335,33.7034139859116,4.05000000054,10.0,446.0,0.0,-1.3050275,-20.908846,33.67385202282072,0.49999999916963384,33.17385202365109,8.578730551990354,0.752404088107953,1.1300448430493273,32.73462275143632,32.45117005594402,33.57744664709634,0.5037935870138167,0.125,7.6395012806059555,7.356048585113655,8.482325176265974,1.0,5,50,6,0.12,0.11854545454545455,525,62,0.1180952380952381,0.0,1.0,0.1412556053811659,0.12126192508898342,0.12126192508898342,0.01455143101067801,61.48780367915167,0.12424417239668359,2.887323943661972,2.4545454545454546,2.8095238095238093,0.0
64,template_deposition,C,C,none,0,1.0,template_site:index=293:site=C:neigh=1:ahead0=8.608:mode=shell,x,yz,285,221,64,0,64,1117.946858402493,32.615052258683264,500.0,0.001,55.75,0.05575,-2488.1187,-2479.508,-2488.1187,-8.610596,-7.383789,0.9991893257196574,0.05575,0.05575,9,284,293,8,8,1.5174060635589735,33.7034139859116,21.08999999969,10.0,446.0,0.0,-1.3243337,-21.218164,33.67385202282072,0.49999999916963384,33.17385202365109,8.578730551990354,0.7999328747294153,1.147982062780269,32.86699331702156,32.453482064484426,33.60617903026696,0.550967784962603,0.125,7.771871846191196,7.358360593654062,8.511057559436594,1.0,5,50,6,0.12,0.12054545454545455,525,63,0.12,0.0,1.0,0.14349775784753363,0.12143549759673744,0.12143549759673744,0.014803565421316564,61.48780367915167,0.12639696624627303,2.8912280701754387,2.5217391304347827,2.828125,0.0
65,template_deposition,C,C,none,0,1.0,template_site:index=292:site=C:neigh=2:ahead0=8.608:mode=shell,x,yz,286,221,65,0,65,1170.780994208709,52.83413580621589,500.0,0.001,55.75,0.05575,-2499.1296,-2488.1187,-2499.1296,-11.010986,-9.894775,1.0,0.05575,0.05575,9,285,292,7,7,1.419319651712005,33.7034139859116,19.67000000069,10.0,446.0,0.0,-1.349022,-21.613716,33.68611367466734,0.49999999916963384,33.18611367549771,8.590992203836976,0.8427806805270115,1.1659192825112108,32.886148413627325,32.472366896133146,33.6775305183747,0.565312214750314,0.125,7.791026942796961,7.377245425302782,8.582409047544338,1.0,5,50,6,0.12,0.12254545454545454,525,64,0.1219047619047619,0.0,1.0,0.14573991031390135,0.11986195296610709,0.11986195296610709,0.01484005131961326,61.48780367915167,0.1267084930119015,2.895104895104895,2.5833333333333335,2.8461538461538463,0.0
66,template_deposition,C,C,none,0,1.0,template_site:index=288:site=C:neigh=1:ahead0=8.608:mode=shell,x,yz,287,221,66,0,66,1204.6594240047602,33.87842979605128,500.0,0.001,55.75,0.05575,-2506.6667,-2499.1296,-2506.6667,-7.5371094,-7.091797,0.4943339739963723,0.05575,0.05575,10,286,288,6,6,1.5295520530037774,33.7034139859116,16.83000000046,10.0,446.0,0.0,-1.3659214,-21.884474,33.67385202282072,0.49999999916963384,33.17385202365109,8.578730551990354,0.8745517335306794,1.1838565022421526,33.03002613171827,32.97756828448763,33.664813128370945,0.5832197533208463,0.125,7.934904660887909,7.882446813657268,8.56969165754058,1.0,5,50,6,0.12,0.12454545454545456,525,65,0.12380952380952381,0.0,1.0,0.14798206278026907,0.12022582819527135,0.12022582819527135,0.01511410411597697,61.48780367915167,0.12904843214587536,2.8919860627177703,2.56,2.8333333333333335,0.0
67,template_deposition,C,C,none,0,1.0,template_site:index=289:site=C:neigh=2:ahead0=8.608:mode=shell,x,yz,288,221,67,0,67,1222.8060361792398,18.14661217447947,500.0,0.001,55.75,0.05575,-2517.5837,-2506.6667,-2517.5837,-10.916992,-10.347656,1.0,0.05575,0.05575,10,287,289,5,5,1.4281771045475817,33.7034139859116,15.409999999230001,10.0,446.0,0.0,-1.390399,-22.276648,33.69274306738845,0.49999999916963384,33.19274306821882,8.597621596558085,0.903742345421944,1.201793721973094,33.18003862270796,33.544189209596865,33.679519336191035,0.5755413446858563,0.125,8.084917151877598,8.449067738766502,8.584397865360671,1.0,5,50,6,0.12,0.12654545454545457,525,66,0.12571428571428572,0.0,1.0,0.15022421524663676,0.12067040525190444,0.12067040525190444,0.015399842194052566,61.48780367915167,0.13148814347094506,2.8958333333333335,2.6153846153846154,2.8507462686567164,0.0
68,template_deposition,C,C,none,0,1.0,template_site:index=291:site=C:neigh=1:ahead0=8.608:mode=shell,x,yz,289,221,68,0,68,1225.2149093835835,2.408873204343751,500.0,0.001,55.75,0.05575,-2525.026,-2517.5837,-2525.026,-7.4421387,-7.1953125,0.9148360376519631,0.05575,0.05575,10,288,291,4,4,1.4567772359781004,33.7034139859116,12.569999999,10.0,446.0,0.0,-1.4070853,-22.543993,33.67984654568722,0.49999999916963384,33.17984654651759,8.584725074856856,0.9259782230730037,1.2197309417040358,33.33468231373838,33.63727092818153,33.678281767897836,0.5157713027419585,0.125,8.239560842908013,8.542149457351165,8.583160297067472,1.0,5,50,6,0.12,0.12854545454545455,525,67,0.12761904761904763,0.0,1.0,0.15246636771300448,0.12117001239570607,0.12117001239570607,0.01569440160553907,61.48780367915167,0.13400317379854235,2.8927335640138407,2.5925925925925926,2.838235294117647,0.0
69,template_deposition,C,C,none,0,1.0,template_site:index=290:site=C:neigh=2:ahead0=8.608:mode=shell,x,yz,290,221,69,0,69,1259.4181454366312,34.20323605304766,500.0,0.001,55.75,0.05575,-2535.9612,-2525.026,-2535.9612,-10.935303,-10.542236,1.0,0.05575,0.05575,10,289,290,3,3,1.380445413523953,33.7034139859116,11.15,10.0,446.0,0.0,-1.4316039,-22.936823,33.69312026453279,0.49999999916963384,33.193120265363156,8.597998793702423,0.9440787295570368,1.2376681614349776,33.342415829048974,33.63727092818153,33.68382866134089,0.5075853504736122,0.125,8.24729435821861,8.542149457351165,8.588707190510526,1.0,5,50,6,0.12,0.13054545454545455,525,68,0.1295238095238095,0.0,1.0,0.1547085201793722,0.11952600519157407,0.11952600519157407,0.01570913211089259,61.48780367915167,0.13412894695757324,2.896551724137931,2.642857142857143,2.8550724637681157,0.0
70,template_deposition,C,C,none,0,1.0,template_site:index=285:site=C:neigh=1:ahead0=8.608:mode=shell,x,yz,291,221,70,0,70,1278.3833206399704,18.965175203339218,500.0,0.001,55.75,0.05575,-2543.66,-2535.9612,-2543.66,-7.6987305,-7.1745605,0.7192209546045238,0.05575,0.05575,10,290,285,2,2,1.5243805480315984,33.7034139859116,6.890000000770001,10.0,446.0,0.0,-1.4488657,-23.213387,33.69312026453279,0.49999999916963384,33.193120265363156,8.597998793702423,0.954047875000207,1.2556053811659194,33.49224648335104,33.641039761844056,33.68382866134089,0.36791267941197503,0.125,8.397125012520675,8.545918291013692,8.588707190510526,1.0,6,50,7,0.14,0.13254545454545455,525,69,0.13142857142857142,0.0,1.0,0.15695067264573992,0.11995892875029536,0.11995892875029536,0.015994523833372715,61.48780367915167,0.1365657010020646,2.893470790378007,2.6206896551724137,2.842857142857143,0.0
71,template_deposition,C,C,none,0,1.0,template_site:index=284:site=C:neigh=2:ahead0=8.608:mode=shell,x,yz,292,221,71,0,71,1315.9950591812037,37.61173854123339,500.0,0.001,55.75,0.05575,-2555.1482,-2543.66,-2555.1482,-11.488281,-11.169434,1.0,0.05575,0.05575,11,291,284,1,1,1.3945298205090966,33.7034139859116,8.30999999977,10.0,446.0,0.0,-1.4746242,-23.626083,33.680853970529846,0.49999999916963384,33.180853971360214,8.585732499699482,0.9632381277345391,1.2735426008968609,33.49646608174632,33.659482636779686,33.680148773140004,0.37315483537524435,0.125,8.401344610915956,8.564361165949322,8.58502730230964,1.0,6,50,7,0.14,0.13454545454545455,525,70,0.13333333333333333,0.0,1.0,0.1591928251121076,0.11832879733684445,0.11832879733684445,0.01600256116364944,61.48780367915167,0.1366343259673878,2.8972602739726026,2.6666666666666665,2.859154929577465,0.0
72,template_deposition,C,C,none,0,1.0,template_site:index=295:site=C:neigh=1:ahead0=9.838:mode=shell,x,yz,293,221,72,0,72,1316.119205808318,0.12414662711430556,500.0,0.001,55.75,0.05575,-2561.757,-2555.1482,-2561.757,-6.6088867,-6.158203,0.47676395978024083,0.05575,0.05575,9,292,295,10,10,1.4898767813965907,34.93317005949464,9.01999999927,10.0,446.0,0.0,-1.4894422,-23.863497,34.908576781623424,0.49999999916963384,34.40857678245379,9.81345531079306,0.6737001939732237,1.2914798206278026,33.805054979648304,33.67039293107556,34.08928862855728,0.4236373034745497,0.125,8.70993350881794,8.575271460245197,8.994167157726913,1.0,6,50,7,0.14,0.13636363636363635,525,71,0.13523809523809524,0.0,1.0,0.16143497757847533,0.1209712987335825,0.1209712987335825,0.0165903495406056,61.48780367915167,0.1416530269037918,2.89419795221843,2.4761904761904763,2.8472222222222223,0.0
73,template_deposition,C,C,none,0,1.0,template_site:index=294:site=C:neigh=2:ahead0=9.838:mode=shell,x,yz,294,221,73,0,73,1329.1418434693978,13.02263766108,500.0,0.001,55.75,0.05575,-2572.7546,-2561.757,-2572.7546,-10.997559,-10.580811,1.0,0.05575,0.05575,10,293,294,9,9,1.3800679512928908,34.93317005949464,10.440000000500001,10.0,446.0,0.0,-1.5141004,-24.258564,34.92050905527832,0.49999999916963384,34.42050905610869,9.82538758444796,0.7552859846059515,1.3094170403587444,33.814489154367635,33.67039293107556,34.106623227635424,0.4261084067854066,0.125,8.719367683537271,8.575271460245197,9.01150175680506,1.0,6,50,7,0.14,0.13818181818181818,525,72,0.13714285714285715,0.0,1.0,0.16367713004484305,0.1194433929251681,0.1194433929251681,0.01660831939721385,61.48780367915167,0.14180645854640764,2.8979591836734695,2.5454545454545454,2.863013698630137,0.0
74,template_deposition,C,C,none,0,1.0,template_site:index=302:site=C:neigh=1:ahead0=9.838:mode=shell,x,yz,295,221,74,0,74,1370.055651099918,40.9138076305201,500.0,0.001,55.75,0.05575,-2580.1377,-2572.7546,-2580.1377,-7.3830566,-7.1452637,0.9036257375201424,0.05575,0.05575,10,294,302,8,8,1.4634247250393404,34.93317005949464,13.28000000073,10.0,446.0,0.0,-1.5306544,-24.523788,34.90994610804019,0.49999999916963384,34.40994610887056,9.814824637209824,0.8139866556551927,1.3273542600896862,33.95971175508517,33.682190436516464,34.90539153318375,0.5520673947069438,0.125,8.86459028425481,8.5870689656861,9.81027006235339,1.0,6,50,7,0.14,0.14,525,73,0.13904761904761906,0.0,1.0,0.16591928251121077,0.11979176059803796,0.11979176059803796,0.016884933874771066,61.48780367915167,0.1441682700281662,2.8949152542372882,2.5217391304347827,2.8513513513513513,0.0
75,template_deposition,C,C,none,0,1.0,template_site:index=303:site=C:neigh=2:ahead0=9.838:mode=shell,x,yz,296,221,75,0,75,1393.8931984326878,23.837547332769784,500.0,0.001,55.75,0.05575,-2591.1035,-2580.1377,-2591.1035,-10.96582,-10.519531,1.0,0.05575,0.05575,10,295,303,7,7,1.3882174966380854,34.93317005949464,14.69999999973,10.0,446.0,0.0,-1.5552415,-24.917715,34.91871860005508,0.49999999916963384,34.41871860088545,9.823597129224716,0.8597581770914072,1.345291479820628,34.11055510675833,33.70937716612619,34.90802328078822,0.619869414499315,0.125,9.01543363592797,8.614255695295824,9.812901809957857,1.0,6,50,7,0.14,0.14181818181818184,525,74,0.14095238095238094,0.0,1.0,0.1681614349775785,0.12020578181237293,0.12020578181237293,0.017172254544624704,61.48780367915167,0.14662149396279028,2.8986486486486487,2.5833333333333335,2.8666666666666667,0.0
76,template_deposition,C,C,none,0,1.0,template_site:index=299:site=C:neigh=1:ahead0=9.838:mode=shell,x,yz,297,221,76,0,76,1426.604056354893,32.710857922205165,500.0,0.001,55.75,0.05575,-2598.493,-2591.1035,-2598.493,-7.3894043,-7.048584,0.9500958723569645,0.05575,0.05575,10,296,299,6,6,1.474681151364288,34.93317005949464,6.17999999904,10.0,446.0,0.0,-1.5718096,-25.183167,34.91871860005508,0.49999999916963384,34.41871860088545,9.823597129224716,0.8950771226103851,1.3632286995515694,34.26166019049187,34.28930809744929,34.914486647902294,0.6473919905831045,0.125,9.166538719661503,9.19418662661893,9.81936517707193,1.0,6,50,7,0.14,0.14363636363636365,525,75,0.14285714285714285,0.0,1.0,0.17040358744394618,0.12061235157449346,0.12061235157449346,0.017460073751736197,61.48780367915167,0.14907897454742802,2.8956228956228958,2.56,2.8552631578947367,0.0
77,template_deposition,C,C,none,0,1.0,template_site:index=298:site=C:neigh=2:ahead0=9.838:mode=shell,x,yz,298,221,77,0,77,1427.5055162119436,0.9014598570507018,500.0,0.001,55.75,0.05575,-2609.599,-2598.493,-2609.599,-11.106201,-10.50415,1.0,0.05575,0.05575,10,297,298,5,5,1.3948284867884677,34.93317005949464,4.760000000040001,10.0,446.0,0.0,-1.5967114,-25.582138,34.91871860005508,0.49999999916963384,34.41871860088545,9.823597129224716,0.9191287409950334,1.3811659192825112,34.40905614080568,34.884004654383915,34.90802328078822,0.6308787417893108,0.125,9.313934669975318,9.788883183553551,9.812901809957857,1.0,6,50,7,0.14,0.14545454545454548,525,76,0.14476190476190476,0.0,1.0,0.1726457399103139,0.12096019051915997,0.12096019051915997,0.01774082794281013,61.48780367915167,0.15147613205663,2.8993288590604025,2.6153846153846154,2.8701298701298703,0.0
78,template_deposition,C,C,none,0,1.0,template_site:index=301:site=C:neigh=1:ahead0=9.838:mode=shell,x,yz,299,221,78,0,78,1461.9455192815735,34.44000306962986,500.0,0.001,55.75,0.05575,-2616.9263,-2609.599,-2616.9263,-7.3271484,-6.9213867,0.9999988933927746,0.05575,0.05575,10,298,301,4,4,1.4938135637708867,34.93317005949464,17.539999999960003,10.0,446.0,0.0,-1.61314,-25.845352,34.91319306830762,0.49999999916963384,34.41319306913799,9.818071597477257,0.9411894691215197,1.399103139013453,34.57062305751295,34.89071881912618,34.90636562126399,0.5664721553207471,0.125,9.475501586682583,9.795597348295814,9.811244150433623,1.0,6,50,7,0.14,0.14727272727272728,525,77,0.14666666666666667,0.0,1.0,0.17488789237668162,0.12148078957285363,0.12148078957285363,0.018048574450823966,61.48780367915167,0.1541037574886642,2.8963210702341136,2.5925925925925926,2.858974358974359,0.0
79,template_deposition,C,C,none,0,1.0,template_site:index=300:site=C:neigh=2:ahead0=9.838:mode=shell,x,yz,300,221,79,0,79,1526.705086880821,64.7595675992475,500.0,0.001,55.75,0.05575,-2627.9353,-2616.9263,-2627.9353,-11.009033,-10.316895,1.0,0.05575,0.05575,9,299,300,3,3,1.4036746511545775,34.93317005949464,18.95999999896,10.0,446.0,0.0,-1.6378239,-26.240833,34.903439572531,0.49999999916963384,34.40343957336137,9.808318101700635,0.9550452565670782,1.4170403587443947,34.57745676191743,34.88822227709133,34.90277563929014,0.5493779326808038,0.125,9.482335291087068,9.793100806260966,9.807654168459777,1.0,6,50,7,0.14,0.1490909090909091,525,78,0.14857142857142858,0.0,1.0,0.17713004484304934,0.12002956064667175,0.12002956064667175,0.018061591030642036,61.48780367915167,0.15421489667392677,2.9,2.642857142857143,2.8734177215189876,0.0
80,template_deposition,C,C,none,0,1.0,template_site:index=304:site=C:neigh=1:ahead0=9.838:mode=shell,x,yz,301,221,80,0,80,1527.0949204614903,0.3898335806692934,500.0,0.001,55.75,0.05575,-2635.0244,-2627.9353,-2635.0244,-7.0891113,-6.57251,0.9952693817729231,0.05575,0.05575,9,300,304,2,2,1.4725576661203819,34.93317005949464,21.79999999919,10.0,446.0,0.0,-1.6537188,-26.495497,34.94197079361455,0.49999999916963384,34.44197079444492,9.846849322784188,0.970976302765346,1.4349775784753362,34.72687033462914,34.89106501109449,34.914998938856066,0.45765809065768265,0.125,9.631748863798776,9.795943540264126,9.819877468025702,1.0,6,50,7,0.14,0.1509090909090909,525,79,0.15047619047619049,0.0,1.0,0.17937219730941703,0.12039686079748471,0.12039686079748471,0.01834618831199767,61.48780367915167,0.15664486755874418,2.8970099667774085,2.6206896551724137,2.8625,0.0
81,template_deposition,C,C,none,0,1.0,template_site:index=296:site=C:neigh=1:ahead0=9.838:mode=shell,x,yz,302,221,81,0,81,1533.590398851399,6.4954783899085236,500.0,0.001,55.75,0.05575,-2642.9702,-2635.0244,-2642.9702,-7.945801,-6.937256,1.0,0.05575,0.05575,10,301,296,1,1,1.5188504513194516,34.93317005949464,1.9199999998100001,10.0,446.0,0.0,-1.6715345,-26.780937,34.93494328717901,0.49999999916963384,34.43494328800938,9.839821816348646,0.980392296036467,1.452914798206278,34.89494228788885,34.89802632480098,34.91415707433082,0.02393631516929817,0.125,9.799820817058489,9.802904853970617,9.819035603500453,1.0,7,50,8,0.16,0.15272727272727274,525,80,0.1523809523809524,0.0,1.0,0.18161434977578475,0.12098544218590727,0.12098544218590727,0.018666325365825694,61.48780367915167,0.15937828692328557,2.8940397350993377,2.6,2.8518518518518516,0.0
82,template_deposition,C,C,none,0,1.0,template_site:index=314:site=C:neigh=1:ahead0=11.068:mode=shell,x,yz,303,221,82,0,82,1551.5852288384385,17.994829987039477,500.0,0.001,55.75,0.05575,-2651.3416,-2642.9702,-2651.3416,-8.371338,-7.64917,0.6750134077170494,0.05575,0.05575,8,302,314,10,10,1.4683823526114423,36.162926133077676,21.08999999969,10.0,446.0,0.0,-1.6903043,-27.081661,36.08526398252309,0.49999999916963384,35.58526398335346,10.990142511692724,0.6882905995926468,1.4708520179372198,35.0358002955025,34.89160582667931,35.257986895528624,0.3970524387765888,0.125,9.940678824672133,9.796484355848946,10.16286542469826,1.0,7,50,8,0.16,0.1547272727272727,525,81,0.15428571428571428,0.0,1.0,0.18385650224215247,0.12122779054478211,0.12122779054478211,0.018934626332708825,61.48780367915167,0.1616691153345369,2.891089108910891,2.380952380952381,2.841463414634146,0.0
83,template_deposition,C,C,none,0,1.0,template_site:index=313:site=C:neigh=2:ahead0=11.068:mode=shell,x,yz,304,221,83,0,83,1556.228299003874,4.643070165435636,500.0,0.001,55.75,0.05575,-2662.1384,-2651.3416,-2662.1384,-10.796875,-9.68042,1.0,0.05575,0.05575,9,303,313,9,9,1.455453756480828,36.162926133077676,19.67000000069,10.0,446.0,0.0,-1.7145126,-27.46952,36.136605271281105,0.49999999916963384,35.636605272111474,11.041483800450742,0.7591478589345593,1.4887892376681615,35.048170409155496,34.89802632480098,35.290812617964434,0.41198839593708825,0.125,9.953048938325132,9.802904853970617,10.19569114713407,1.0,7,50,8,0.16,0.15672727272727272,525,82,0.15619047619047619,0.0,1.0,0.1860986547085202,0.1199162522689775,0.1199162522689775,0.018958188453952633,61.48780367915167,0.16187029529076932,2.8947368421052633,2.4545454545454546,2.855421686746988,0.0
84,template_deposition,C,C,none,0,1.0,template_site:index=307:site=C:neigh=1:ahead0=11.068:mode=shell,x,yz,305,221,84,0,84,1560.706752308719,4.478453304844806,500.0,0.001,55.75,0.05575,-2670.7524,-2662.1384,-2670.7524,-8.614014,-7.28125,0.9964524247512265,0.05575,0.05575,9,304,307,8,8,1.5436673971978703,36.162926133077676,2.62999999931,10.0,446.0,0.0,-1.7338265,-27.778963,36.136605271281105,0.49999999916963384,35.636605272111474,11.041483800450742,0.8035910211870839,1.506726457399103,35.18773451765932,34.902965334501815,36.05120198151073,0.5139610185594957,0.125,10.092613046828959,9.807843863671451,10.956080510680366,1.0,7,50,8,0.16,0.15872727272727272,525,83,0.1580952380952381,0.0,1.0,0.18834080717488788,0.12015015531939237,0.12015015531939237,0.019224024851102778,61.48780367915167,0.16414008051894372,2.898360655737705,2.5217391304347827,2.869047619047619,0.0
85,template_deposition,C,C,none,0,1.0,template_site:index=308:site=C:neigh=2:ahead0=11.068:mode=shell,x,yz,306,221,85,0,85,1587.6196967047508,26.91294439603197,500.0,0.001,55.75,0.05575,-2681.775,-2670.7524,-2681.775,-11.022461,-9.887207,1.0,0.05575,0.05575,9,305,308,7,7,1.4533549620146256,36.162926133077676,4.05000000054,10.0,446.0,0.0,-1.7585405,-28.174925,36.136605271281105,0.49999999916963384,35.636605272111474,11.041483800450742,0.8448795166901505,1.5246636771300448,35.337249928586594,34.91588481239415,36.12033591431191,0.5723765017815095,0.125,10.24212845775623,9.820763341563783,11.025214443481545,1.0,7,50,8,0.16,0.16072727272727275,525,84,0.16,0.0,1.0,0.1905829596412556,0.12049562891477918,0.12049562891477918,0.019508816110011866,61.48780367915167,0.16657170763816,2.9019607843137254,2.5833333333333335,2.8823529411764706,0.0
86,template_deposition,C,C,none,0,1.0,template_site:index=309:site=C:neigh=1:ahead0=11.068:mode=shell,x,yz,307,221,86,0,86,1587.8921400441338,0.27244333938297066,500.0,0.001,55.75,0.05575,-2689.3623,-2681.775,-2689.3623,-7.5874023,-7.053955,0.9183019980208508,0.05575,0.05575,10,306,309,6,6,1.556127243803682,36.162926133077676,16.83000000046,10.0,446.0,0.0,-1.7755526,-28.44749,36.113363332753686,0.49999999916963384,35.613363333584054,11.018241861923322,0.8760548911010265,1.5426008968609866,35.48071003203208,35.44571570393137,36.11215846469324,0.5899576802111016,0.125,10.385588561201715,10.350594233101006,11.017036993862874,1.0,7,50,8,0.16,0.16272727272727272,525,85,0.1619047619047619,0.0,1.0,0.19282511210762332,0.12076265768839203,0.12076265768839203,0.019782073449908028,61.48780367915167,0.16890485494317792,2.8990228013029316,2.56,2.872093023255814,0.0
87,template_deposition,C,C,none,0,1.0,template_site:index=310:site=C:neigh=2:ahead0=11.068:mode=shell,x,yz,308,221,87,0,87,1591.7589389947027,3.8667989505689704,500.0,0.001,55.75,0.05575,-2700.2612,-2689.3623,-2700.2612,-10.898926,-10.326416,1.0,0.05575,0.05575,10,307,310,5,5,1.4335345901404668,36.162926133077676,15.409999999230001,10.0,446.0,0.0,-1.7999897,-28.839014,36.14937785894159,0.49999999916963384,35.64937785977196,11.054256388111227,0.9055749622053972,1.5605381165919283,35.63182199832832,36.0147070893443,36.12416769061006,0.5818481046122378,0.125,10.536700527497956,10.919585618513935,11.029046219779694,1.0,7,50,8,0.16,0.16472727272727272,525,86,0.16380952380952382,0.0,1.0,0.19506726457399104,0.12111150031606846,0.12111150031606846,0.020069905766662774,61.48780367915167,0.17136244746160248,2.9025974025974026,2.6153846153846154,2.8850574712643677,0.0
88,template_deposition,C,C,none,0,1.0,template_site:index=312:site=C:neigh=1:ahead0=11.068:mode=shell,x,yz,309,221,88,0,88,1597.163005391021,5.40406639631828,500.0,0.001,55.75,0.05575,-2707.6638,-2700.2612,-2707.6638,-7.402588,-7.138916,0.98769892937439,0.05575,0.05575,10,308,312,4,4,1.4863297581781205,36.162926133077676,12.569999999,10.0,446.0,0.0,-1.8165874,-29.10494,36.13254175744844,0.49999999916963384,35.63254175827881,11.03742028661808,0.9272280726943272,1.5784753363228698,35.78525311475337,36.085364216898135,36.12590247526947,0.5217823560211496,0.125,10.690131643923003,10.990242746067771,11.030781004439106,1.0,7,50,8,0.16,0.16672727272727272,525,87,0.1657142857142857,0.0,1.0,0.19730941704035873,0.12147876868094322,0.12147876868094322,0.020362155512234293,61.48780367915167,0.1738577572180814,2.899676375404531,2.5925925925925926,2.875,0.0
89,template_deposition,C,C,none,0,1.0,template_site:index=311:site=C:neigh=2:ahead0=11.068:mode=shell,x,yz,310,221,89,0,89,1608.974265007073,11.811259616052089,500.0,0.001,55.75,0.05575,-2718.6372,-2707.6638,-2718.6372,-10.973389,-10.510498,1.0,0.05575,0.05575,10,309,311,3,3,1.3970837794804367,36.162926133077676,11.15,10.0,446.0,0.0,-1.8411914,-29.49914,36.14049355808066,0.49999999916963384,35.640493558911025,11.045372087250293,0.9451269393409479,1.5964125560538116,35.79428595521409,36.085364216898135,36.13492729763811,0.512084955438746,0.125,10.69916448438373,10.990242746067771,11.039805826807743,1.0,7,50,8,0.16,0.16872727272727275,525,88,0.1676190476190476,0.0,1.0,0.19955156950672645,0.12021533128521045,0.12021533128521045,0.020379360922635675,61.48780367915167,0.17400466180598734,2.903225806451613,2.642857142857143,2.8876404494382024,0.0
90,template_deposition,C,C,none,0,1.0,template_site:index=305:site=C:neigh=1:ahead0=11.068:mode=shell,x,yz,311,221,90,0,90,1672.4925455548348,63.51828054776188,500.0,0.001,55.75,0.05575,-2725.9722,-2718.6372,-2725.9722,-7.334961,-7.093994,0.8109555387928163,0.05575,0.05575,10,310,305,2,2,1.4636629046511964,36.162926133077676,8.30999999977,10.0,446.0,0.0,-1.8576375,-29.762634,36.1425302291151,0.49999999916963384,35.64253022994547,11.047408758284739,0.9590905007153719,1.6143497757847534,35.953485392620905,36.11250271271051,36.13553829894844,0.37409075097681943,0.125,10.858363921790541,11.017381241880145,11.040416828118076,1.0,8,50,9,0.18,0.17072727272727273,525,89,0.16952380952380952,0.0,1.0,0.20179372197309417,0.1206484880198949,0.1206484880198949,0.020682597946267697,61.48780367915167,0.17659378400390363,2.90032154340836,2.6206896551724137,2.8777777777777778,0.0
91,template_deposition,C,C,none,0,1.0,template_site:index=306:site=C:neigh=2:ahead0=11.068:mode=shell,x,yz,312,221,91,0,91,1695.3632985823863,22.87075302755142,500.0,0.001,55.75,0.05575,-2737.7822,-2725.9722,-2737.7822,-11.810059,-11.283447,1.0,0.05575,0.05575,11,311,306,1,1,1.390517565476728,36.162926133077676,6.890000000770001,10.0,446.0,0.0,-1.8841175,-30.186892,36.13254175744844,0.49999999916963384,35.63254175827881,11.03742028661808,0.9631130709404212,1.6322869955156951,35.94674980074553,36.0967756501062,36.12718382229387,0.3699128574116701,0.125,10.851628329915165,11.001654179275839,11.032062351463509,1.0,8,50,9,0.18,0.17272727272727273,525,90,0.17142857142857143,0.0,1.0,0.2040358744394619,0.11924866296610072,0.11924866296610072,0.02066976824745746,61.48780367915167,0.1764842404607561,2.9038461538461537,2.6666666666666665,2.89010989010989,0.0
92,template_deposition,C,C,none,0,1.0,template_site:index=324:site=C:neigh=1:ahead0=12.298:mode=shell,x,yz,313,221,92,0,92,1701.9537085672666,6.5904099848802495,500.0,0.001,55.75,0.05575,-2744.361,-2737.7822,-2744.361,-6.5788574,-6.0549316,0.2682783233637354,0.05575,0.05575,9,312,324,10,10,1.5076641762383451,37.39268220666071,14.69999999973,10.0,446.0,0.0,-1.8988683,-30.423225,37.3596080381582,0.49999999916963384,36.85960803898857,12.264486567327836,0.6728277505913085,1.6502242152466369,36.102817829173034,36.0967756501062,36.503300084418704,0.5987525093808117,0.125,11.00769635834267,11.001654179275839,11.40817861358834,1.0,8,50,9,0.18,0.17454545454545453,525,91,0.17333333333333334,0.0,1.0,0.2062780269058296,0.11964887346024641,0.11964887346024641,0.020967040682557468,61.48780367915167,0.1790224353398882,2.900958466453674,2.4761904761904763,2.880434782608696,0.0
93,template_deposition,C,C,none,0,1.0,template_site:index=323:site=C:neigh=2:ahead0=12.298:mode=shell,x,yz,314,221,93,0,93,1716.3875644920568,14.43385592479014,500.0,0.001,55.75,0.05575,-2755.391,-2744.361,-2755.391,-11.030029,-10.546143,1.0,0.05575,0.05575,10,313,323,9,9,1.3916875865850342,37.39268220666071,13.28000000073,10.0,446.0,0.0,-1.9235994,-30.81946,37.36540116936488,0.49999999916963384,36.86540117019525,12.270279698534516,0.7539550387129296,1.6681614349775784,36.25540539381163,36.0967756501062,37.34970243472036,0.7273880607736133,0.125,11.160283922981264,11.001654179275839,12.25458096389,1.0,8,50,9,0.18,0.17636363636363636,525,92,0.17523809523809525,0.0,1.0,0.2085201793721973,0.12000305293528242,0.12000305293528242,0.021257683662821457,61.48780367915167,0.18150402608648258,2.9044585987261144,2.5454545454545454,2.89247311827957,0.0
94,template_deposition,C,C,none,0,1.0,template_site:index=315:site=C:neigh=1:ahead0=12.298:mode=shell,x,yz,315,221,94,0,94,1716.6034220979388,0.2158576058820379,500.0,0.001,55.75,0.05575,-2762.7559,-2755.391,-2762.7559,-7.364746,-7.1276855,0.8548976059165027,0.05575,0.05575,10,314,315,8,8,1.467946318113126,37.39268220666071,10.440000000500001,10.0,446.0,0.0,-1.9401122,-31.084026,37.365724214075136,0.49999999916963384,36.865724214905505,12.270602743244773,0.8139007468147897,1.6860986547085202,36.55489303484772,36.12553335268072,37.35454721751264,0.619763861668478,0.125,11.459771564017359,11.030411881850355,12.259425746682275,1.0,8,50,9,0.18,0.1781818181818182,525,93,0.17714285714285713,0.0,1.0,0.21076233183856502,0.12191246344699318,0.12191246344699318,0.021828136312414016,61.48780367915167,0.18637470975244738,2.9015873015873015,2.5217391304347827,2.882978723404255,0.0
95,template_deposition,C,C,none,0,1.0,template_site:index=316:site=C:neigh=2:ahead0=12.298:mode=shell,x,yz,316,221,95,0,95,1734.6994938048294,18.096071706890612,500.0,0.001,55.75,0.05575,-2773.7405,-2762.7559,-2773.7405,-10.984619,-10.473389,1.0,0.05575,0.05575,10,315,316,7,7,1.3945850326197191,37.39268220666071,9.01999999927,10.0,446.0,0.0,-1.9647413,-31.478628,37.36123745506947,0.49999999916963384,36.86123745589984,12.266115984239107,0.859532543364183,1.704035874439462,36.5622669005234,36.15727219488626,37.35320118981094,0.6140491180625248,0.125,11.467145429693034,11.062150724055897,12.258079718980575,1.0,8,50,9,0.18,0.18,525,94,0.17904761904761904,0.0,1.0,0.21300448430493274,0.12070679399676877,0.12070679399676877,0.021842181770843874,61.48780367915167,0.1864946337899712,2.9050632911392404,2.5833333333333335,2.8947368421052633,0.0
96,template_deposition,C,C,none,0,1.0,template_site:index=322:site=C:neigh=1:ahead0=12.298:mode=shell,x,yz,317,221,96,0,96,1761.309084291715,26.609590486885402,500.0,0.001,55.75,0.05575,-2781.125,-2773.7405,-2781.125,-7.3845215,-7.0495605,0.7994033626418824,0.05575,0.05575,10,316,322,6,6,1.473634399844423,37.39268220666071,17.539999999960003,10.0,446.0,0.0,-1.9812986,-31.743904,37.370622460887226,0.49999999916963384,36.870622461717595,12.275500990056862,0.8951627769832584,1.7219730941704037,36.72470849679736,36.76651707069915,37.364052956814795,0.6311607597469234,0.125,11.629587025966998,11.671395599868788,12.268931485984432,1.0,8,50,9,0.18,0.1818181818181818,525,95,0.18095238095238095,0.0,1.0,0.21524663677130046,0.12114153152048956,0.12114153152048956,0.022151594335175235,61.48780367915167,0.18913648447505335,2.9022082018927446,2.56,2.8854166666666665,0.0
97,template_deposition,C,C,none,0,1.0,template_site:index=321:site=C:neigh=2:ahead0=12.298:mode=shell,x,yz,318,221,97,0,97,1789.7899227813484,28.480838489633538,500.0,0.001,55.75,0.05575,-2792.1804,-2781.125,-2792.1804,-11.05542,-10.3845215,1.0,0.05575,0.05575,10,317,321,5,5,1.397666310934954,37.39268220666071,18.95999999896,10.0,446.0,0.0,-2.0060866,-32.141052,37.36123745506947,0.49999999916963384,36.86123745589984,12.266115984239107,0.9194543818522622,1.7399103139013452,36.729793782433454,36.76651707069915,37.35320118981094,0.6195176882951415,0.125,11.63467231160309,11.671395599868788,12.258079718980575,1.0,8,50,9,0.18,0.18363636363636363,525,96,0.18285714285714286,0.0,1.0,0.21748878923766815,0.11994507537735144,0.11994507537735144,0.022161280593529696,61.48780367915167,0.1892191884477408,2.9056603773584904,2.6153846153846154,2.8969072164948453,0.0
98,template_deposition,C,C,none,0,1.0,template_site:index=320:site=C:neigh=1:ahead0=12.298:mode=shell,x,yz,319,221,98,0,98,1791.6736533047922,1.883730523443669,500.0,0.001,55.75,0.05575,-2799.5205,-2792.1804,-2799.5205,-7.340088,-6.989746,0.9999943948278179,0.05575,0.05575,10,318,320,4,4,1.4798519899354197,37.39268220666071,6.17999999904,10.0,446.0,0.0,-2.0225441,-32.40473,37.36907362829189,0.49999999916963384,36.86907362912226,12.27395215746153,0.9415046883571748,1.757847533632287,36.87739066530604,37.3354939472938,37.35555204177766,0.6089389506376401,0.125,11.782269194475674,12.240372476463435,12.2604305709473,1.0,8,50,9,0.18,0.18545454545454546,525,97,0.18476190476190477,0.0,1.0,0.21973094170403587,0.1202272366783232,0.1202272366783232,0.022442417513287,61.48780367915167,0.19161961380108009,2.90282131661442,2.5925925925925926,2.8877551020408165,0.0
99,template_deposition,C,C,none,0,1.0,template_site:index=319:site=C:neigh=2:ahead0=12.298:mode=shell,x,yz,320,221,99,0,99,1804.8587081187534,13.185054813961214,500.0,0.001,55.75,0.05575,-2810.4954,-2799.5205,-2810.4954,-10.9748535,-10.177002,1.0,0.05575,0.05575,9,319,319,3,3,1.4031024306099424,37.39268220666071,4.760000000040001,10.0,446.0,0.0,-2.0471513,-32.79898,37.34975707612871,0.49999999916963384,36.84975707695908,12.254635605298347,0.9549779794053459,1.7757847533632287,37.029833830431926,37.33173983622245,37.34721548138106,0.5358317595626845,0.125,11.934712359601562,12.236618365392083,12.2520940105507,1.0,8,50,9,0.18,0.18727272727272726,525,98,0.18666666666666668,0.0,1.0,0.2219730941704036,0.12055265009698547,0.12055265009698547,0.022732785446860117,61.48780367915167,0.19409885612239228,2.90625,2.642857142857143,2.898989898989899,0.0
100,template_deposition,C,C,none,0,1.0,template_site:index=317:site=C:neigh=1:ahead0=12.298:mode=shell,x,yz,321,221,100,0,100,1808.8692725929427,4.010564474189408,500.0,0.001,55.75,0.05575,-2817.618,-2810.4954,-2817.618,-7.1225586,-6.593506,0.9309141549706139,0.05575,0.05575,9,320,317,2,2,1.4813223672176896,37.39268220666071,1.9199999998100001,10.0,446.0,0.0,-2.0631213,-33.054848,37.39684126745685,0.49999999916963384,36.89684126828722,12.301719796626486,0.9707031581459485,1.7937219730941705,37.19863461279987,37.33710193922313,37.36388233352715,0.37796411898972176,0.125,12.103513141969508,12.241980468392768,12.268760862696787,1.0,8,50,9,0.18,0.1890909090909091,525,99,0.18857142857142858,0.0,1.0,0.2242152466367713,0.12103513141969507,0.12103513141969507,0.023054310746608585,61.48780367915167,0.19684412871740578,2.9034267912772584,2.6206896551724137,2.89,0.0
101,template_deposition,C,C,none,0,1.0,template_site:index=318:site=C:neigh=1:ahead0=12.298:mode=shell,x,yz,322,221,101,0,101,1816.3065549001637,7.4372823072210394,500.0,0.001,55.75,0.05575,-2828.674,-2817.618,-2828.674,-11.056152,-8.337402,0.9999999999999034,0.05575,0.05575,10,321,318,2,2,1.4150019429308736,37.39268220666071,0.5000000008100001,10.0,446.0,0.0,-2.087911,-33.452023,37.34975707612871,0.49999999916963384,36.84975707695908,12.254635605298347,0.9695890360023861,1.811659192825112,37.20063342275233,37.33173983622245,37.34721548138106,0.3318863524153302,0.125,12.105511951921969,12.236618365392083,12.2520940105507,1.0,9,50,10,0.2,0.18890909090909092,525,99,0.18857142857142858,0.0,1.0,0.226457399103139,0.11985655397942543,0.11985655397942543,0.023058118003660893,61.48780367915167,0.19687663613892453,2.906832298136646,2.6666666666666665,2.900990099009901,0.0
102,template_deposition,C,C,none,0,1.0,template_site:index=330:site=C:neigh=1:ahead0=13.527:mode=shell,x,yz,323,221,102,0,102,1820.7103807944643,4.403825894300537,500.0,0.001,55.75,0.05575,-2835.4324,-2828.674,-2835.4324,-6.758301,-6.373535,0.9721498144348145,0.05575,0.05575,9,322,330,9,9,1.5395090875519917,38.62243828024374,16.83000000046,10.0,446.0,0.0,-2.103064,-33.6948,38.55241711032201,0.49999999916963384,38.05241711115238,13.457295639491647,0.6708318816763787,1.8295964125560538,37.354625968955546,37.338522830040915,37.71532441175958,0.5595658569423295,0.125,12.259504498125182,12.243401359210552,12.620202940929218,1.0,9,50,10,0.2,0.1909090909090909,525,100,0.19047619047619047,0.0,1.0,0.22869955156950672,0.12019122056985472,0.12019122056985472,0.02335143713928606,61.48780367915167,0.1993810766456429,2.9040247678018574,2.4761904761904763,2.892156862745098,0.0
103,template_deposition,C,C,none,0,1.0,template_site:index=331:site=C:neigh=2:ahead0=13.527:mode=shell,x,yz,324,221,103,0,103,1833.9494130007818,13.239032206317468,500.0,0.001,55.75,0.05575,-2846.435,-2835.4324,-2846.435,-11.002686,-10.356934,1.0,0.05575,0.05575,10,323,331,8,8,1.43308489907718,38.62243828024374,15.409999999230001,10.0,446.0,0.0,-2.1277337,-34.090054,38.591612452415546,0.49999999916963384,38.091612453245915,13.496490981585183,0.7512323422130929,1.8475336322869955,37.5067258556619,37.339737027320496,38.54852534033706,0.688915413430854,0.125,12.411604384831534,12.244615556490132,13.453403869506694,1.0,9,50,10,0.2,0.1929090909090909,525,101,0.19238095238095237,0.0,1.0,0.23094170403587444,0.12050101344496635,0.12050101344496635,0.02364115120920292,61.48780367915167,0.2018547360968736,2.9074074074074074,2.5454545454545454,2.9029126213592233,0.0
104,template_deposition,C,C,none,0,1.0,template_site:index=333:site=C:neigh=1:ahead0=13.527:mode=shell,x,yz,325,221,104,0,104,1838.1972573759901,4.247844375208469,500.0,0.001,55.75,0.05575,-2853.8245,-2846.435,-2853.8245,-7.3894043,-7.1123047,0.9999999943621811,0.05575,0.05575,10,324,333,7,7,1.4922932579406372,38.62243828024374,12.569999999,10.0,446.0,0.0,-2.144302,-34.355503,38.58067893477782,0.49999999916963384,38.08067893560819,13.485557463947458,0.8094554419726775,1.8654708520179373,37.66073654494556,37.348719215845435,38.575210721325035,0.7656234409897937,0.125,12.565615074115193,12.253597745015071,13.480089250494672,1.0,9,50,10,0.2,0.19490909090909092,525,102,0.19428571428571428,0.0,1.0,0.23318385650224216,0.12082322186649225,0.12082322186649225,0.02393450490307656,61.48780367915167,0.20435947167154625,2.9046153846153846,2.5217391304347827,2.894230769230769,0.0
105,template_deposition,C,C,none,0,1.0,template_site:index=332:site=C:neigh=2:ahead0=13.527:mode=shell,x,yz,326,221,105,0,105,1842.181376115453,3.9841187394628745,500.0,0.001,55.75,0.05575,-2864.7988,-2853.8245,-2864.7988,-10.974365,-10.463623,1.0,0.05575,0.05575,10,325,332,6,6,1.402968113416387,38.62243828024374,11.15,10.0,446.0,0.0,-2.168908,-34.74974,38.58991290226058,0.49999999916963384,38.08991290309095,13.494791431430215,0.8546099037842103,1.883408071748879,37.66964088492061,37.37971959200424,38.57798091156987,0.7642753088362376,0.125,12.574519414090247,12.284598121173879,13.482859440739503,1.0,9,50,10,0.2,0.19690909090909092,525,103,0.1961904761904762,0.0,1.0,0.23542600896860988,0.11975732775324045,0.11975732775324045,0.023951465550648088,61.48780367915167,0.20450428640621326,2.9079754601226995,2.5833333333333335,2.9047619047619047,0.0
106,template_deposition,C,C,none,0,1.0,template_site:index=326:site=C:neigh=1:ahead0=13.527:mode=shell,x,yz,327,221,106,0,106,1858.804676414126,16.62330029867309,500.0,0.001,55.75,0.05575,-2872.1992,-2864.7988,-2872.1992,-7.4003906,-7.1433105,0.9999999957330088,0.05575,0.05575,10,326,326,5,5,1.4650092104567933,38.62243828024374,8.30999999977,10.0,446.0,0.0,-2.1855009,-35.015583,38.59568641823958,0.49999999916963384,38.09568641906995,13.500564947409217,0.8898953327383143,1.9013452914798206,37.82059421822731,37.97614942386495,38.5804841397053,0.8089793573510411,0.125,12.72547274739695,12.88102795303459,13.485362668874934,1.0,9,50,10,0.2,0.1989090909090909,525,104,0.1980952380952381,0.0,1.0,0.23766816143497757,0.12005162969242406,0.12005162969242406,0.024238995709327523,61.48780367915167,0.2069592990148013,2.90519877675841,2.56,2.8962264150943398,0.0
107,template_deposition,C,C,none,0,1.0,template_site:index=327:site=C:neigh=2:ahead0=13.527:mode=shell,x,yz,328,221,107,0,107,1859.7853143170312,0.9806379029051709,500.0,0.001,55.75,0.05575,-2883.1653,-2872.1992,-2883.1653,-10.966064,-10.433105,1.0,0.05575,0.05575,10,327,327,4,4,1.391388618068365,38.62243828024374,6.890000000770001,10.0,446.0,0.0,-2.2100885,-35.409523,38.57396887747632,0.49999999916963384,38.07396887830669,13.478847406645954,0.9151607963664337,1.9192825112107623,37.81796010260449,37.9743248816686,38.573197704134586,0.806015868560595,0.125,12.722838631774124,12.879203410838237,13.478076233304222,1.0,9,50,10,0.2,0.2009090909090909,525,105,0.2,0.0,1.0,0.2399103139013453,0.11890503394181424,0.11890503394181424,0.024233978346236428,61.48780367915167,0.20691645937075465,2.908536585365854,2.6153846153846154,2.9065420560747666,0.0
108,template_deposition,C,C,none,0,1.0,template_site:index=329:site=C:neigh=1:ahead0=13.527:mode=shell,x,yz,329,221,108,0,108,1891.5689073738415,31.783593056810442,500.0,0.001,55.75,0.05575,-2890.4868,-2883.1653,-2890.4868,-7.321533,-6.871826,0.9999988594903773,0.05575,0.05575,9,328,329,3,3,1.500435250466671,38.62243828024374,4.05000000054,10.0,446.0,0.0,-2.2265046,-35.672535,38.59550426443011,0.49999999916963384,38.09550426526048,13.500382793599748,0.936821124770396,1.937219730941704,37.98667417426105,38.551418467927874,38.580429493562455,0.8099490268793633,0.125,12.891552703430683,13.45629699709751,13.485308022732092,1.0,9,50,10,0.2,0.2029090909090909,525,106,0.2019047619047619,0.0,1.0,0.242152466367713,0.11936622873546929,0.11936622873546929,0.024555338482725113,61.48780367915167,0.2096603217558371,2.905775075987842,2.5925925925925926,2.8981481481481484,0.0
109,template_deposition,C,C,none,0,1.0,template_site:index=328:site=C:neigh=2:ahead0=13.527:mode=shell,x,yz,330,221,109,0,109,1925.460888074871,33.891980701029446,500.0,0.001,55.75,0.05575,-2901.529,-2890.4868,-2901.529,-11.042236,-9.739014,1.0,0.05575,0.05575,9,329,328,2,2,1.4135148125925194,38.62243828024374,2.62999999931,10.0,446.0,0.0,-2.251263,-36.06921,38.57396887747632,0.49999999916963384,38.07396887830669,13.478847406645954,0.9497295493095181,1.9551569506726458,38.13397512423768,38.53954250826506,38.573197704134586,0.7786837783998659,0.125,13.038853653407315,13.444421037434694,13.478076233304222,1.0,9,50,10,0.2,0.20490909090909093,525,107,0.2038095238095238,0.0,1.0,0.24439461883408073,0.1196225105817185,0.1196225105817185,0.02483591172077584,61.48780367915167,0.21205593423770847,2.909090909090909,2.642857142857143,2.908256880733945,0.0
110,template_deposition,C,C,none,0,1.0,template_site:index=334:site=C:neigh=1:ahead0=13.527:mode=shell,x,yz,331,221,110,0,110,1929.3182678748249,3.857379799953802,500.0,0.001,55.75,0.05575,-2908.8103,-2901.529,-2908.8103,-7.28125,-6.3103027,1.0,0.05575,0.05575,9,330,334,1,1,1.5293327752112318,38.62243828024374,19.67000000069,10.0,446.0,0.0,-2.2675886,-36.330776,38.60843894435107,0.49999999916963384,38.10843894518144,13.513317473520708,0.966472642083272,1.9730941704035874,38.4176388391878,38.55772108873919,38.584309897538745,0.37854985349670767,0.125,13.322517368357438,13.462599617908829,13.489188426708381,1.0,10,50,11,0.22,0.2089090909090909,525,109,0.20761904761904762,0.0,1.0,0.24663677130044842,0.1211137942577949,0.1211137942577949,0.025376223558776074,61.48780367915167,0.21666926725624178,2.906344410876133,2.6206896551724137,2.9,0.0
111,template_deposition,C,C,none,0,1.0,template_site:index=335:site=C:neigh=1:ahead0=13.527:mode=shell,x,yz,332,221,111,0,111,1932.736073858857,3.417805984032105,500.0,0.001,55.75,0.05575,-2920.289,-2908.8103,-2920.289,-11.47876,-8.958008,1.0,0.05575,0.05575,10,331,335,1,1,1.4210577953008063,38.62243828024374,21.08999999969,10.0,446.0,0.0,-2.2933257,-36.74313,38.57396887747632,0.49999999916963384,38.07396887830669,13.478847406645954,0.9698365449400108,1.9910313901345291,38.39949711296155,38.53718934825249,38.573197704134586,0.3722809760965052,0.125,13.304375642131184,13.442067877422126,13.478076233304222,1.0,10,50,11,0.22,0.21272727272727274,525,111,0.21142857142857144,0.0,1.0,0.24887892376681614,0.11985924001919986,0.11985924001919986,0.025341667889773684,61.48780367915167,0.21637422132614287,2.9096385542168677,2.6666666666666665,2.90990990990991,0.0
112,template_deposition,C,C,none,0,1.0,template_site:index=337:site=C:neigh=1:ahead0=14.757:mode=shell,x,yz,333,221,112,0,112,1940.2636610072896,7.5275871484325725,500.0,0.001,55.75,0.05575,-2926.898,-2920.289,-2926.898,-6.6088867,-6.1418457,0.2356959428147507,0.05575,0.05575,9,332,337,10,10,1.5284419699218013,39.852194353826775,9.01999999927,10.0,446.0,0.0,-2.3081439,-36.98054,39.80807936060651,0.49999999916963384,39.30807936143688,14.712957889776149,0.6776695994907485,2.008968609865471,38.7095547549341,38.55541277901596,38.98910113300418,0.41804591771120225,0.125,13.61443328410374,13.460291308185596,13.89397966217382,1.0,10,50,11,0.22,0.21454545454545454,525,112,0.21333333333333335,0.0,1.0,0.25112107623318386,0.12155744003664053,0.12155744003664053,0.025932253874483314,61.48780367915167,0.2214168090170362,2.906906906906907,2.4761904761904763,2.9017857142857144,0.0
113,template_deposition,C,C,none,0,1.0,template_site:index=336:site=C:neigh=2:ahead0=14.757:mode=shell,x,yz,334,221,113,0,113,1951.0309481280797,10.76728712079019,500.0,0.001,55.75,0.05575,-2937.9133,-2926.898,-2937.9133,-11.015381,-10.540283,1.0,0.05575,0.05575,10,333,336,9,9,1.3979828512159391,39.852194353826775,10.440000000500001,10.0,446.0,0.0,-2.3328419,-37.376247,39.82620213698594,0.49999999916963384,39.32620213781631,14.731080666155577,0.7582802932724793,2.0269058295964126,38.72058347212449,38.55541277901596,39.0081798124844,0.42224071850276274,0.125,13.625462001294125,13.460291308185596,13.913058341654036,1.0,10,50,11,0.22,0.21636363636363637,525,113,0.21523809523809523,0.0,1.0,0.2533632286995516,0.1205793097459657,0.1205793097459657,0.02595326095484595,61.48780367915167,0.22159617332232076,2.910179640718563,2.5454545454545454,2.911504424778761,0.0
114,template_deposition,C,C,none,0,1.0,template_site:index=341:site=C:neigh=1:ahead0=14.757:mode=shell,x,yz,335,221,114,0,114,2027.2909313225994,76.25998319451966,500.0,0.001,55.75,0.05575,-2945.3367,-2937.9133,-2945.3367,-7.42334,-7.1174316,0.6774944873920599,0.05575,0.05575,10,334,341,8,8,1.4592750318141061,39.852194353826775,6.17999999904,10.0,446.0,0.0,-2.349486,-37.642918,39.83114975058891,0.49999999916963384,39.331149751419275,14.736028279758543,0.8170492607600858,2.0448430493273544,38.863882530534724,38.56062482950844,39.82768642106683,0.5599598541562113,0.125,13.76876105970436,13.465503358678077,14.732564950236466,1.0,10,50,11,0.22,0.2181818181818182,525,114,0.21714285714285714,0.0,1.0,0.2556053811659193,0.12077860578688035,0.12077860578688035,0.026226211542294018,61.48780367915167,0.22392670148946722,2.9074626865671642,2.5217391304347827,2.9035087719298245,0.0
115,template_deposition,C,C,none,0,1.0,template_site:index=340:site=C:neigh=2:ahead0=14.757:mode=shell,x,yz,336,221,115,0,115,2035.0269591178028,7.73602779520353,500.0,0.001,55.75,0.05575,-2956.3582,-2945.3367,-2956.3582,-11.021484,-10.321045,1.0,0.05575,0.05575,9,335,340,7,7,1.3955152354734601,39.852194353826775,4.760000000040001,10.0,446.0,0.0,-2.374198,-38.038845,39.82620213698594,0.49999999916963384,39.32620213781631,14.731080666155577,0.8572020052056714,2.062780269058296,39.014547396975416,38.61154691383504,39.8034566300619,0.6120507957335711,0.125,13.919425926145053,13.516425443004678,14.708335159231538,1.0,10,50,11,0.22,0.22,525,115,0.21904761904761905,0.0,1.0,0.257847533632287,0.1210384863143048,0.1210384863143048,0.02651319224027629,61.48780367915167,0.22637702264952808,2.9107142857142856,2.5833333333333335,2.9130434782608696,0.0
116,template_deposition,C,C,none,0,1.0,template_site:index=344:site=C:neigh=1:ahead0=14.757:mode=shell,x,yz,337,221,116,0,116,2036.2588986533494,1.231939535546553,500.0,0.001,55.75,0.05575,-2963.7385,-2956.3582,-2963.7385,-7.380371,-7.088623,0.9999996724618119,0.05575,0.05575,10,336,344,6,6,1.492197416916316,39.852194353826775,13.28000000073,10.0,446.0,0.0,-2.3907459,-38.303974,39.81332851408533,0.49999999916963384,39.313328514915696,14.718207043254964,0.8914334805011768,2.0807174887892375,39.15702436889147,39.18628177207805,39.80803057670711,0.6434509551960679,0.125,14.061902898061106,14.091160301247683,14.712909105876747,1.0,10,50,11,0.22,0.2218181818181818,525,116,0.22095238095238096,0.0,1.0,0.2600896860986547,0.12122330084535436,0.12122330084535436,0.02678457694868782,61.48780367915167,0.22869418090516377,2.908011869436202,2.56,2.9051724137931036,0.0
117,template_deposition,C,C,none,0,1.0,template_site:index=345:site=C:neigh=2:ahead0=14.757:mode=shell,x,yz,338,221,117,0,117,2038.7209740953044,2.4620754419549433,500.0,0.001,55.75,0.05575,-2974.7031,-2963.7385,-2974.7031,-10.9646,-10.444824,1.0,0.05575,0.05575,10,337,345,5,5,1.4001012581093013,39.852194353826775,14.69999999973,10.0,446.0,0.0,-2.4153302,-38.697857,39.81095960188996,0.49999999916963384,39.31095960272033,14.715838131059598,0.9176435570736283,2.098654708520179,39.30863021874056,39.78887742506768,39.8073199030485,0.6322105415755227,0.125,14.213508747910197,14.693755954237318,14.712198432218138,1.0,10,50,11,0.22,0.22363636363636366,525,117,0.22285714285714286,0.0,1.0,0.2623318385650224,0.12148298075136921,0.12148298075136921,0.027073349996019423,61.48780367915167,0.23115980564336686,2.911242603550296,2.6153846153846154,2.9145299145299144,0.0
118,template_deposition,C,C,none,0,1.0,template_site:index=343:site=C:neigh=1:ahead0=14.757:mode=shell,x,yz,339,221,118,0,118,2066.625844315743,27.904870220438596,500.0,0.001,55.75,0.05575,-2981.9978,-2974.7031,-2981.9978,-7.2946777,-6.878418,0.9999571441982659,0.05575,0.05575,10,338,343,4,4,1.50455782829387,39.852194353826775,17.539999999960003,10.0,446.0,0.0,-2.4316862,-38.959908,39.82486041430964,0.49999999916963384,39.32486041514001,14.729738943479276,0.9395775911042343,2.116591928251121,39.47269048127115,39.792256239441365,39.8114901467744,0.5660778482949704,0.125,14.377569010440787,14.697134768611,14.71636867594404,1.0,10,50,11,0.22,0.22545454545454546,525,118,0.22476190476190477,0.0,1.0,0.2645739910313901,0.12184380517322702,0.12184380517322702,0.027385845734172926,61.48780367915167,0.23382798132559923,2.9085545722713864,2.5925925925925926,2.906779661016949,0.0
119,template_deposition,C,C,none,0,1.0,template_site:index=342:site=C:neigh=2:ahead0=14.757:mode=shell,x,yz,340,221,119,0,119,2088.6473060171697,22.021461701426542,500.0,0.001,55.75,0.05575,-2993.0266,-2981.9978,-2993.0266,-11.028809,-9.95752,1.0,0.05575,0.05575,10,339,342,3,3,1.4107697218862334,39.852194353826775,18.95999999896,10.0,446.0,0.0,-2.4564142,-39.356094,39.805760032116446,0.49999999916963384,39.305760032946814,14.710638561286082,0.9550694029762637,2.1345291479820627,39.48040158833605,39.78922147282001,39.79820299739455,0.5438035062209041,0.125,14.385280117505687,14.694100001989646,14.703081526564183,1.0,10,50,11,0.22,0.22727272727272727,525,119,0.22666666666666666,0.0,1.0,0.26681614349775784,0.12088470686979569,0.12088470686979569,0.02740053355715369,61.48780367915167,0.233953390050639,2.911764705882353,2.642857142857143,2.9159663865546217,0.0
120,template_deposition,C,C,none,0,1.0,template_site:index=346:site=C:neigh=1:ahead0=14.757:mode=shell,x,yz,341,221,120,0,120,2098.2202162733,9.572910256130303,500.0,0.001,55.75,0.05575,-3000.2183,-2993.0266,-3000.2183,-7.1916504,-6.834961,0.9995820733422552,0.05575,0.05575,9,340,346,2,2,1.4333807942890042,39.852194353826775,21.79999999919,10.0,446.0,0.0,-2.4725392,-39.614445,39.865436317047326,0.49999999916963384,39.365436317877695,14.770314846216962,0.9718742365229651,2.1524663677130045,39.633434845360995,39.792256239441365,39.82366291759571,0.44980817766596554,0.125,14.538313374530631,14.697134768611,14.728541446765348,1.0,10,50,11,0.22,0.23090909090909092,525,121,0.23047619047619047,0.0,1.0,0.26905829596412556,0.12115261145442192,0.12115261145442192,0.02769202547529644,61.48780367915167,0.2364422292653796,2.909090909090909,2.6206896551724137,2.908333333333333,0.0
121,template_deposition,C,C,none,0,1.0,template_site:index=338:site=C:neigh=1:ahead0=14.757:mode=shell,x,yz,342,221,121,0,121,2113.8229857919973,15.602769518697103,500.0,0.001,55.75,0.05575,-3008.2634,-3000.2183,-3008.2634,-8.045166,-7.05542,1.0,0.05575,0.05575,10,341,338,1,1,1.5055868116885802,39.852194353826775,1.9199999998100001,10.0,446.0,0.0,-2.4905777,-39.903454,39.86150301251799,0.49999999916963384,39.36150301334836,14.766381541687629,0.9822868154279417,2.1704035874439462,39.80087400546481,39.79433641194696,39.83659681512369,0.030874505558256382,0.125,14.705752534634449,14.699214941116594,14.741475344293328,1.0,11,50,12,0.24,0.23272727272727273,525,122,0.23238095238095238,0.0,1.0,0.2713004484304933,0.12153514491433429,0.12153514491433429,0.02801095720882752,61.48780367915167,0.23916535726939045,2.9064327485380117,2.6,2.9008264462809916,0.0
122,template_deposition,C,C,none,0,1.0,template_site:index=356:site=C:neigh=1:ahead0=15.987:mode=shell,x,yz,343,221,122,0,122,2115.514320974831,1.6913351828338068,500.0,0.001,55.75,0.05575,-3016.6536,-3008.2634,-3016.6536,-8.390137,-7.644287,0.6548186402793547,0.05575,0.05575,8,342,356,10,10,1.467279590791512,41.08195042740981,21.08999999969,10.0,446.0,0.0,-2.5093896,-40.204857,41.00232017006997,0.49999999916963384,40.50232017090034,15.907198699239608,0.690279005004827,2.188340807174888,39.941016754540236,39.79433641194696,40.172272663778514,0.4016060217684419,0.125,14.845895283709872,14.699214941116594,15.07715119294815,1.0,11,50,12,0.24,0.23472727272727276,525,123,0.2342857142857143,0.0,1.0,0.273542600896861,0.12168766625991699,0.12168766625991699,0.028277895778494995,61.48780367915167,0.24144455315361327,2.9037900874635567,2.380952380952381,2.8934426229508197,0.0
123,template_deposition,C,C,none,0,1.0,template_site:index=355:site=C:neigh=2:ahead0=15.987:mode=shell,x,yz,344,221,123,0,123,2129.5149426390935,14.000621664262232,500.0,0.001,55.75,0.05575,-3027.523,-3016.6536,-3027.523,-10.869385,-9.707764,1.0,0.05575,0.05575,9,343,355,9,9,1.456230781400644,41.08195042740981,19.67000000069,10.0,446.0,0.0,-2.5337603,-40.595318,41.04603817913903,0.49999999916963384,40.5460381799694,15.950916708308668,0.7615415792780474,2.2062780269058297,39.953194178144216,39.800362150172234,40.19554641841865,0.41369156522489414,0.125,14.858072707313852,14.70524067934187,15.100424947588287,1.0,11,50,12,0.24,0.23672727272727273,525,124,0.2361904761904762,0.0,1.0,0.2757847533632287,0.12079733908385246,0.12079733908385246,0.028301090871074002,61.48780367915167,0.24164259931684137,2.9069767441860463,2.4545454545454546,2.902439024390244,0.0
124,template_deposition,C,C,none,0,1.0,template_site:index=349:site=C:neigh=1:ahead0=15.987:mode=shell,x,yz,345,221,124,0,124,2131.3193853663197,1.804442727226189,500.0,0.001,55.75,0.05575,-3036.0938,-3027.523,-3036.0938,-8.570801,-7.2871094,0.9998330622066057,0.05575,0.05575,9,344,349,8,8,1.542135839078284,41.08195042740981,2.62999999931,10.0,446.0,0.0,-2.5529773,-40.903206,41.04603817913903,0.49999999916963384,40.5460381799694,15.950916708308668,0.8068561923097983,2.2242152466367715,40.09192675024133,39.800362150172234,40.96868232633499,0.5200836840341915,0.125,14.996805279410964,14.70524067934187,15.873560855504628,1.0,11,50,12,0.24,0.23872727272727276,525,125,0.23809523809523808,0.0,1.0,0.27802690582959644,0.12094197805976584,0.12094197805976584,0.028565343389354216,61.48780367915167,0.24389886094591223,2.9101449275362317,2.5217391304347827,2.911290322580645,0.0
125,template_deposition,C,C,none,0,1.0,template_site:index=350:site=C:neigh=2:ahead0=15.987:mode=shell,x,yz,346,221,125,0,125,2132.859506697608,1.5401213312883502,500.0,0.001,55.75,0.05575,-3047.096,-3036.0938,-3047.096,-11.002197,-9.8811035,1.0,0.05575,0.05575,9,345,350,7,7,1.4632344272116773,41.08195042740981,4.05000000054,10.0,446.0,0.0,-2.577646,-41.298443,41.04603817913903,0.49999999916963384,40.5460381799694,15.950916708308668,0.8489149450834698,2.242152466367713,40.24251483749772,39.81840499082747,41.030654453146994,0.5793673797547755,0.125,15.147393366667359,14.723283519997103,15.93553298231663,1.0,11,50,12,0.24,0.2407272727272727,525,126,0.24,0.0,1.0,0.2802690582959641,0.12117914693333887,0.12117914693333887,0.02885217784127116,61.48780367915167,0.24634793341631916,2.913294797687861,2.5833333333333335,2.92,0.0
126,template_deposition,C,C,none,0,1.0,template_site:index=348:site=C:neigh=1:ahead0=15.987:mode=shell,x,yz,347,221,126,0,126,2144.185800182027,11.32629348441885,500.0,0.001,55.75,0.05575,-3054.588,-3047.096,-3054.588,-7.4919434,-6.854492,0.15746453930307241,0.05575,0.05575,10,346,348,6,6,1.59417881203523,41.08195042740981,6.890000000770001,10.0,446.0,0.0,-2.594444,-41.567577,41.04603817913903,0.49999999916963384,40.5460381799694,15.950916708308668,0.8802504057634959,2.2600896860986546,40.39198694522996,40.36270883026441,41.01365506003997,0.5901780894152938,0.125,15.296865474399596,15.267587359434046,15.91853358920961,1.0,11,50,12,0.24,0.24272727272727274,525,127,0.2419047619047619,0.0,1.0,0.2825112107623318,0.12140369424126664,0.12140369424126664,0.029136886617903993,61.48780367915167,0.2487788562788789,2.910662824207493,2.56,2.9126984126984126,0.0
127,template_deposition,C,C,none,0,1.0,template_site:index=347:site=C:neigh=2:ahead0=15.987:mode=shell,x,yz,348,221,127,0,127,2215.5574857999645,71.37168561793743,500.0,0.001,55.75,0.05575,-3065.534,-3054.588,-3065.534,-10.946045,-10.242432,1.0,0.05575,0.05575,10,347,347,5,5,1.4537547545762892,41.08195042740981,8.30999999977,10.0,446.0,0.0,-2.6189868,-41.960796,41.04603817913903,0.49999999916963384,40.5460381799694,15.950916708308668,0.9086322594467675,2.2780269058295963,40.40760297372533,40.37793641438132,41.043434096085804,0.5899656507961972,0.125,15.312481502894968,15.282814943550953,15.94831262525544,1.0,11,50,12,0.24,0.24472727272727277,525,128,0.2438095238095238,0.0,1.0,0.28475336322869954,0.12057072049523597,0.12057072049523597,0.029166631434085655,61.48780367915167,0.24903282580715902,2.913793103448276,2.6153846153846154,2.921259842519685,0.0
128,template_deposition,C,C,none,0,1.0,template_site:index=351:site=C:neigh=1:ahead0=15.987:mode=shell,x,yz,349,221,128,0,128,2246.00914054293,30.451654742965303,500.0,0.001,55.75,0.05575,-3073.1052,-3065.534,-3073.1052,-7.571289,-6.9257812,0.020658999004005522,0.05575,0.05575,10,348,351,4,4,1.590319464528555,41.08195042740981,16.83000000046,10.0,446.0,0.0,-2.6359627,-42.23278,41.04231806049156,0.49999999916963384,40.54231806132193,15.947196589661196,0.9262224301378849,2.295964125560538,40.548643361706596,40.93800266690948,41.02523233123786,0.5679294003209292,0.125,15.453521890876232,15.84288119607912,15.930110860407495,1.0,11,50,12,0.24,0.2467272727272727,525,129,0.24571428571428572,0.0,1.0,0.28699551569506726,0.12073063977247056,0.12073063977247056,0.029435279792145202,61.48780367915167,0.2513266203410673,2.9111747851002865,2.5925925925925926,2.9140625,0.0
129,template_deposition,C,C,none,0,1.0,template_site:index=352:site=C:neigh=2:ahead0=15.987:mode=shell,x,yz,350,221,129,0,129,2250.0303248692067,4.021184326276677,500.0,0.001,55.75,0.05575,-3084.0352,-3073.1052,-3084.0352,-10.929932,-10.30957,1.0,0.05575,0.05575,10,349,352,3,3,1.445377962914148,41.08195042740981,15.409999999230001,10.0,446.0,0.0,-2.6604693,-42.62542,41.051850183415624,0.49999999916963384,40.55185018424599,15.95672871258526,0.9446377461179828,2.31390134529148,40.70113791326041,40.9784620458429,41.04517769736878,0.5095976011541407,0.125,15.606016442430047,15.88334057501254,15.950056226538415,1.0,11,50,12,0.24,0.24872727272727274,525,130,0.24761904761904763,0.0,1.0,0.289237668161435,0.12097687164674455,0.12097687164674455,0.02972574560462866,61.48780367915167,0.2538066983797877,2.914285714285714,2.642857142857143,2.9224806201550386,0.0
130,template_deposition,C,C,none,0,1.0,template_site:index=354:site=C:neigh=1:ahead0=15.987:mode=shell,x,yz,351,221,130,0,130,2263.4405184589846,13.410193589777782,500.0,0.001,55.75,0.05575,-3091.496,-3084.0352,-3091.496,-7.4609375,-7.0856934,0.33248856966114976,0.05575,0.05575,10,350,354,2,2,1.5194041919929997,41.08195042740981,12.569999999,10.0,446.0,0.0,-2.677198,-42.89344,41.04231806049156,0.49999999916963384,40.54231806132193,15.947196589661196,0.9569734293798465,2.3318385650224216,40.853920688056306,41.00884322813475,41.03350998428114,0.37460870297459226,0.125,15.758799217225942,15.913721757304387,15.938388513450775,1.0,12,50,13,0.26,0.2507272727272727,525,131,0.24952380952380954,0.0,1.0,0.2914798206278027,0.12122153244019955,0.12122153244019955,0.0300167604137637,61.48780367915167,0.2562914639048848,2.9116809116809117,2.6206896551724137,2.9153846153846152,0.0
131,template_deposition,C,C,none,0,1.0,template_site:index=353:site=C:neigh=2:ahead0=15.987:mode=shell,x,yz,352,221,131,0,131,2273.954095318906,10.513576859921395,500.0,0.001,55.75,0.05575,-3103.083,-3091.496,-3103.083,-11.586914,-11.302246,1.0,0.05575,0.05575,11,351,353,1,1,1.396200879821671,41.08195042740981,11.15,10.0,446.0,0.0,-2.7031775,-43.309677,41.02973509447668,0.49999999916963384,40.529735095307046,15.934613623646314,0.964529543156474,2.3497757847533634,40.85243054145927,41.007035268585,41.022229712678396,0.367231896993771,0.125,15.757309070628907,15.911913797754636,15.927108241848032,1.0,12,50,13,0.26,0.25272727272727274,525,132,0.25142857142857145,0.0,1.0,0.2937219730941704,0.12028480206586951,0.12028480206586951,0.030013922039293154,61.48780367915167,0.25626722907280636,2.914772727272727,2.6666666666666665,2.9236641221374047,0.0
132,template_deposition,C,C,none,0,1.0,template_site:index=357:site=C:neigh=1:ahead0=17.217:mode=shell,x,yz,353,221,132,0,132,2285.7407692680968,11.786673949190398,500.0,0.001,55.75,0.05575,-3109.6338,-3103.083,-3109.6338,-6.5507812,-6.0388184,0.29068208682891405,0.05575,0.05575,9,352,357,10,10,1.5141892043996856,42.31170650099284,10.440000000500001,10.0,446.0,0.0,-2.7178655,-43.545006,42.28337955176801,0.49999999916963384,41.783379552598376,17.188258080937644,0.6764332270567291,2.367713004484305,41.16391449538967,41.023822485160046,41.44307327127522,0.4265148835636865,0.125,16.068793024559305,15.928701014329683,16.347951800444854,1.0,12,50,13,0.26,0.2545454545454545,525,133,0.25333333333333335,0.0,1.0,0.29596412556053814,0.12173328048908565,0.12173328048908565,0.03060722480868439,61.48780367915167,0.2613330134282819,2.912181303116147,2.4761904761904763,2.9166666666666665,0.0
133,template_deposition,C,C,none,0,1.0,template_site:index=358:site=C:neigh=2:ahead0=17.217:mode=shell,x,yz,354,221,133,0,133,2290.0994916699356,4.3587224018388575,500.0,0.001,55.75,0.05575,-3120.6843,-3109.6338,-3120.6843,-11.050537,-10.5625,1.0,0.05575,0.05575,10,353,358,9,9,1.391357608129075,42.31170650099284,9.01999999927,10.0,446.0,0.0,-2.7426424,-43.94198,42.2688681875518,0.49999999916963384,41.76886818838217,17.17374671672144,0.757233743618213,2.3856502242152464,41.172081556146665,41.023822485160046,41.454486695883226,0.4196933846455203,0.125,16.0769600853163,15.928701014329683,16.359365225052862,1.0,12,50,13,0.26,0.25636363636363635,525,134,0.25523809523809526,0.0,1.0,0.2982062780269058,0.12087939913771654,0.12087939913771654,0.030622781114888194,61.48780367915167,0.26146583750506325,2.9152542372881354,2.5454545454545454,2.924812030075188,0.0
134,template_deposition,C,C,none,0,1.0,template_site:index=365:site=C:neigh=1:ahead0=17.217:mode=shell,x,yz,355,221,134,0,134,2300.4903405497976,10.390848879862228,500.0,0.001,55.75,0.05575,-3128.0774,-3120.6843,-3128.0774,-7.3930664,-7.124756,0.9977678846660147,0.05575,0.05575,10,354,365,8,8,1.4857211169825986,42.31170650099284,13.28000000073,10.0,446.0,0.0,-2.7592187,-44.207558,42.2741653979508,0.49999999916963384,41.77416539878117,17.17904392712044,0.8160102928288343,2.403587443946188,41.31939297071732,41.0329809860166,42.2704573506715,0.5527820940848323,0.125,16.224271499886953,15.937859515186233,17.175335879841136,1.0,12,50,13,0.26,0.2581818181818182,525,135,0.2571428571428571,0.0,1.0,0.3004484304932735,0.121076652984231,0.121076652984231,0.03090337428549896,61.48780367915167,0.263861620176686,2.9126760563380283,2.5217391304347827,2.917910447761194,0.0
135,template_deposition,C,C,none,0,1.0,template_site:index=366:site=C:neigh=2:ahead0=17.217:mode=shell,x,yz,356,221,135,0,135,2323.522397988775,23.032057438977443,500.0,0.001,55.75,0.05575,-3139.0303,-3128.0774,-3139.0303,-10.952881,-10.472168,1.0,0.05575,0.05575,10,355,366,7,7,1.3966073806356873,42.31170650099284,14.69999999973,10.0,446.0,0.0,-2.7837768,-44.60102,42.27228631673169,0.49999999916963384,41.772286317562056,17.177164845901324,0.8611705058686279,2.42152466367713,41.47066011938065,41.06064565393598,42.269893626305766,0.6175559766792025,0.125,16.37553864855029,15.965524183105614,17.174772155475402,1.0,12,50,13,0.26,0.26,525,136,0.259047619047619,0.0,1.0,0.30269058295964124,0.1213002862855577,0.1213002862855577,0.031191502187714836,61.48780367915167,0.26632173648613594,2.9157303370786516,2.5833333333333335,2.925925925925926,0.0
136,template_deposition,C,C,none,0,1.0,template_site:index=364:site=C:neigh=1:ahead0=17.217:mode=shell,x,yz,357,221,136,0,136,2335.680909167881,12.158511179106084,500.0,0.001,55.75,0.05575,-3146.4165,-3139.0303,-3146.4165,-7.3862305,-6.9138184,0.7574812824876754,0.05575,0.05575,10,356,364,6,6,1.5184381957321682,42.31170650099284,17.539999999960003,10.0,446.0,0.0,-2.8003378,-44.86636,42.2702378663136,0.49999999916963384,41.77023786714397,17.175116395483236,0.8961842732736884,2.4394618834080717,41.6332590594762,41.67547795555587,42.269279091180344,0.6289674971261209,0.125,16.53813758864584,16.580356484725506,17.17415762034998,1.0,12,50,13,0.26,0.2618181818181818,525,137,0.26095238095238094,0.0,1.0,0.30493273542600896,0.12160395285768999,0.12160395285768999,0.031501214454563504,61.48780367915167,0.2689661461148162,2.9131652661064424,2.56,2.9191176470588234,0.0
137,template_deposition,C,C,none,0,1.0,template_site:index=363:site=C:neigh=2:ahead0=17.217:mode=shell,x,yz,358,221,137,0,137,2340.603705018111,4.922795850230312,500.0,0.001,55.75,0.05575,-3157.4158,-3146.4165,-3157.4158,-10.999268,-10.282715,1.0,0.05575,0.05575,9,357,363,5,5,1.4079972273826151,42.31170650099284,18.95999999896,10.0,446.0,0.0,-2.8249998,-45.261486,42.2688681875518,0.49999999916963384,41.76886818838217,17.17374671672144,0.9205284585043745,2.4573991031390134,41.63984727556426,41.67584850803326,42.257839415122845,0.6168966365225105,0.125,16.544725804733893,16.580727037202898,17.16271794429248,1.0,12,50,13,0.26,0.26363636363636367,525,138,0.26285714285714284,0.0,1.0,0.3071748878923767,0.12076442193236418,0.12076442193236418,0.03151376343758837,61.48780367915167,0.2690732928283731,2.916201117318436,2.6153846153846154,2.927007299270073,0.0
138,template_deposition,C,C,none,0,1.0,template_site:index=362:site=C:neigh=1:ahead0=17.217:mode=shell,x,yz,359,221,138,0,138,2355.1978746723744,14.594169654263004,500.0,0.001,55.75,0.05575,-3164.7537,-3157.4158,-3164.7537,-7.3378906,-6.864746,0.9996268322830937,0.05575,0.05575,10,358,362,4,4,1.5214281704825685,42.31170650099284,6.17999999904,10.0,446.0,0.0,-2.8414526,-45.52509,42.270907884602536,0.49999999916963384,41.770907885432905,17.175786413772173,0.9418186101781345,2.475336322869955,41.78572818231693,42.24462031662547,42.25845132423806,0.6043225755053542,0.125,16.690606711486566,17.149498845795108,17.163329853407696,1.0,12,50,13,0.26,0.26545454545454544,525,139,0.26476190476190475,0.0,1.0,0.3094170403587444,0.12094642544555483,0.12094642544555483,0.03179163183140298,61.48780367915167,0.2714458105965128,2.913649025069638,2.5925925925925926,2.920289855072464,0.0
139,template_deposition,C,C,none,0,1.0,template_site:index=361:site=C:neigh=2:ahead0=17.217:mode=shell,x,yz,360,221,139,0,139,2367.432890645528,12.2350159731538,500.0,0.001,55.75,0.05575,-3175.7483,-3164.7537,-3175.7483,-10.994629,-10.205811,1.0,0.05575,0.05575,9,359,361,3,3,1.4104178372957281,42.31170650099284,4.760000000040001,10.0,446.0,0.0,-2.8661041,-45.92005,42.253112798367574,0.49999999916963384,41.75311279919794,17.15799132753721,0.9558207172616494,2.493273542600897,41.93787176440075,42.24371998999149,42.249235974868505,0.5333804703396771,0.125,16.842750293570383,17.148598519161126,17.15411450403814,1.0,12,50,13,0.26,0.2672727272727273,525,140,0.26666666666666666,0.0,1.0,0.3116591928251121,0.12117086542136966,0.12117086542136966,0.03208142913061025,61.48780367915167,0.273920180682615,2.9166666666666665,2.642857142857143,2.9280575539568345,0.0
140,template_deposition,C,C,none,0,1.0,template_site:index=359:site=C:neigh=1:ahead0=17.217:mode=shell,x,yz,361,221,140,0,140,2374.017886499489,6.584995853961199,500.0,0.001,55.75,0.05575,-3182.8777,-3175.7483,-3182.8777,-7.1293945,-6.5515137,0.5883079530736938,0.05575,0.05575,9,360,359,2,2,1.4844506968654643,42.31170650099284,1.9199999998100001,10.0,446.0,0.0,-2.8820894,-46.176163,42.31476272570102,0.49999999916963384,41.81476272653139,17.21964125487066,0.9721054218136931,2.5112107623318387,42.10636329056265,42.24462031662547,42.271607776567606,0.3788789695760831,0.125,17.011241819732284,17.149498845795108,17.176486305737242,1.0,12,50,13,0.26,0.2690909090909091,525,141,0.26857142857142857,0.0,1.0,0.31390134529147984,0.12150887014094489,0.12150887014094489,0.03240236537091864,61.48780367915167,0.27666042372400096,2.914127423822715,2.6206896551724137,2.9214285714285713,0.0
141,template_deposition,C,C,none,0,1.0,template_site:index=360:site=C:neigh=1:ahead0=17.217:mode=shell,x,yz,362,221,141,0,141,2385.294989064406,11.277102564916552,500.0,0.001,55.75,0.05575,-3193.9478,-3182.8777,-3193.9478,-11.070068,-8.386963,0.9999999999998401,0.05575,0.05575,10,361,360,2,2,1.4157664822390545,42.31170650099284,0.5000000008100001,10.0,446.0,0.0,-2.9069102,-46.573837,42.253112798367574,0.49999999916963384,41.75311279919794,17.15799132753721,0.9716249205521977,2.5291479820627805,42.10878132972344,42.23684493279738,42.249235974868505,0.32831346073092726,0.125,17.013659858893078,17.14172346196702,17.15411450403814,1.0,13,50,14,0.28,0.26890909090909093,525,141,0.26857142857142857,0.0,1.0,0.31614349775784756,0.12066425431839062,0.12066425431839062,0.03240697115979634,61.48780367915167,0.27669974923273777,2.9171270718232045,2.6666666666666665,2.9290780141843973,0.0
142,template_deposition,C,C,none,0,1.0,template_site:index=372:site=C:neigh=1:ahead0=18.446:mode=shell,x,yz,363,221,142,0,142,2386.3762398857093,1.0812508213033973,500.0,0.001,55.75,0.05575,-3200.7227,-3193.9478,-3200.7227,-6.7749023,-6.3569336,0.9724687540295351,0.05575,0.05575,9,362,372,9,9,1.5556011250470845,43.541462574575874,16.83000000046,10.0,446.0,0.0,-2.9221005,-46.817215,43.46325763395791,0.49999999916963384,42.96325763478828,18.368136163127545,0.6723263578264619,2.5470852017937218,42.2631321873577,42.23984845941262,42.625084506864496,0.5581893134563272,0.125,17.168010716527334,17.144726988582256,17.529963036034133,1.0,13,50,14,0.28,0.27090909090909093,525,142,0.2704761904761905,0.0,1.0,0.3183856502242152,0.12090148391920658,0.12090148391920658,0.0327009727933854,61.48780367915167,0.2792100170972345,2.9146005509641872,2.4761904761904763,2.9225352112676055,0.0
143,template_deposition,C,C,none,0,1.0,template_site:index=373:site=C:neigh=2:ahead0=18.446:mode=shell,x,yz,364,221,143,0,143,2388.7399725176406,2.3637326319310774,500.0,0.001,55.75,0.05575,-3211.7212,-3200.7227,-3211.7212,-10.998535,-10.368652,1.0,0.05575,0.05575,10,363,373,8,8,1.4335403895028624,43.541462574575874,15.409999999230001,10.0,446.0,0.0,-2.946761,-47.212315,43.505134355939425,0.49999999916963384,43.005134356769794,18.41001288510906,0.7528523115831398,2.5650224215246635,42.414644010402384,42.23954467653938,43.45747872240304,0.6882357651983806,0.125,17.31952253957202,17.144423205709018,18.362357251572675,1.0,13,50,14,0.28,0.2729090909090909,525,143,0.2723809523809524,0.0,1.0,0.32062780269058294,0.12111554223476938,0.12111554223476938,0.03298956674204194,61.48780367915167,0.28167411264104814,2.9175824175824174,2.5454545454545454,2.93006993006993,0.0
144,template_deposition,C,C,none,0,1.0,template_site:index=375:site=C:neigh=1:ahead0=18.446:mode=shell,x,yz,365,221,144,0,144,2412.9308779574403,24.19090543979995,500.0,0.001,55.75,0.05575,-3219.102,-3211.7212,-3219.102,-7.3808594,-7.046875,0.9999999887139955,0.05575,0.05575,10,364,375,7,7,1.5184508220526023,43.541462574575874,12.569999999,10.0,446.0,0.0,-2.96331,-47.477463,43.48672757655971,0.49999999916963384,42.98672757739008,18.391606105729345,0.8102272850491034,2.5829596412556053,42.56855167506285,42.24778261595891,43.4803096709607,0.7628463118456832,0.125,17.473430204232486,17.152661145128548,18.385188200130337,1.0,13,50,14,0.28,0.27490909090909094,525,144,0.2742857142857143,0.0,1.0,0.32286995515695066,0.12134326530717005,0.12134326530717005,0.03328272419853807,61.48780367915167,0.2841771726863145,2.915068493150685,2.5217391304347827,2.923611111111111,0.0
145,template_deposition,C,C,none,0,1.0,template_site:index=374:site=C:neigh=2:ahead0=18.446:mode=shell,x,yz,366,221,145,0,145,2413.9785167277964,1.0476387703562557,500.0,0.001,55.75,0.05575,-3230.079,-3219.102,-3230.079,-10.977051,-10.41748,1.0,0.05575,0.05575,10,365,374,6,6,1.411918562292142,43.541462574575874,11.15,10.0,446.0,0.0,-2.9879222,-47.87179,43.497355381569406,0.49999999916963384,42.997355382399775,18.402233910739042,0.8553592235976634,2.600896860986547,42.578364804043375,42.28172122937619,43.483498012463606,0.7613382059883077,0.125,17.48324333321301,17.186599758545825,18.388376541633242,1.0,13,50,14,0.28,0.2769090909090909,525,145,0.2761904761904762,0.0,1.0,0.3251121076233184,0.12057409195319317,0.12057409195319317,0.033301415872786684,61.48780367915167,0.28433676740906194,2.918032786885246,2.5833333333333335,2.9310344827586206,0.0
146,template_deposition,C,C,none,0,1.0,template_site:index=368:site=C:neigh=1:ahead0=18.446:mode=shell,x,yz,367,221,146,0,146,2449.6160692009753,35.637552473178815,500.0,0.001,55.75,0.05575,-3237.4844,-3230.079,-3237.4844,-7.4052734,-7.1086426,0.9999999960235351,0.05575,0.05575,10,366,368,5,5,1.4865860919138296,43.541462574575874,8.30999999977,10.0,446.0,0.0,-3.004526,-48.137814,43.502387312658556,0.49999999916963384,43.002387313488924,18.407265841828192,0.8903905462346957,2.618834080717489,42.7290411978792,42.88022860578741,43.48500759179035,0.8050417954635135,0.125,17.633919727048834,17.785107134957045,18.389886120959986,1.0,13,50,14,0.28,0.2789090909090909,525,146,0.2780952380952381,0.0,1.0,0.3273542600896861,0.12078027210307421,0.12078027210307421,0.03358841852771206,61.48780367915167,0.2867872760436208,2.915531335149864,2.56,2.9246575342465753,0.0
147,template_deposition,C,C,none,0,1.0,template_site:index=369:site=C:neigh=2:ahead0=18.446:mode=shell,x,yz,368,221,147,0,147,2464.2560380717264,14.639968870751211,500.0,0.001,55.75,0.05575,-3248.4475,-3237.4844,-3248.4475,-10.963135,-10.392822,1.0,0.05575,0.05575,10,367,369,4,4,1.398405973326724,43.541462574575874,6.890000000770001,10.0,446.0,0.0,-3.0291069,-48.531643,43.48287909230688,0.49999999916963384,42.98287909313725,18.387757621476517,0.915737194763381,2.6367713004484306,42.72661722948053,42.8782470731338,43.47915512568485,0.8026181691418616,0.125,17.631495758650168,17.783125602303436,18.384033654854484,1.0,13,50,14,0.28,0.28090909090909094,525,147,0.28,0.0,1.0,0.3295964125560538,0.11994214801802836,0.11994214801802836,0.03358380144504794,61.48780367915167,0.2867478541053887,2.9184782608695654,2.6153846153846154,2.931972789115646,0.0
148,template_deposition,C,C,none,0,1.0,template_site:index=371:site=C:neigh=1:ahead0=18.446:mode=shell,x,yz,369,221,148,0,148,2489.806861346831,25.550823275104435,500.0,0.001,55.75,0.05575,-3255.766,-3248.4475,-3255.766,-7.3186035,-6.8513184,0.9999992627508358,0.05575,0.05575,9,368,371,3,3,1.511364142427088,43.541462574575874,4.05000000054,10.0,446.0,0.0,-3.0455163,-48.79455,43.508620525082435,0.49999999916963384,43.008620525912804,18.41349905425207,0.9376340010729188,2.6547085201793723,42.89494668266968,43.45650714176362,43.486877555517516,0.8064622058864452,0.125,17.79982521183932,18.36138567093326,18.391756084687152,1.0,13,50,14,0.28,0.2829090909090909,525,148,0.2819047619047619,0.0,1.0,0.33183856502242154,0.12026908926918459,0.12026908926918459,0.03390442897493204,61.48780367915167,0.289485461291157,2.915989159891599,2.5925925925925926,2.925675675675676,0.0
149,template_deposition,C,C,none,0,1.0,template_site:index=370:site=C:neigh=2:ahead0=18.446:mode=shell,x,yz,370,221,149,0,149,2497.0044527356995,7.197591388868733,500.0,0.001,55.75,0.05575,-3266.816,-3255.766,-3266.816,-11.049805,-9.72168,1.0,0.05575,0.05575,9,369,370,2,2,1.417185382270832,43.541462574575874,2.62999999931,10.0,446.0,0.0,-3.0702918,-49.191498,43.477559139989694,0.49999999916963384,42.97755914082006,18.38243766915933,0.9512420148866555,2.672645739910314,43.042277713345754,43.45512737564977,43.47690840135728,0.7769297117464894,0.125,17.94715624251539,18.360005904819403,18.381786930526914,1.0,13,50,14,0.28,0.28490909090909095,525,149,0.2838095238095238,0.0,1.0,0.33408071748878926,0.12045071303701604,0.12045071303701604,0.034185059509553126,61.48780367915167,0.2918815629871105,2.918918918918919,2.642857142857143,2.9328859060402683,0.0
150,template_deposition,C,C,none,0,1.0,template_site:index=376:site=C:neigh=1:ahead0=18.446:mode=shell,x,yz,371,221,150,0,150,2498.9536894938205,1.949236758121003,500.0,0.001,55.75,0.05575,-3274.1145,-3266.816,-3274.1145,-7.298584,-6.270752,1.0,0.05575,0.05575,9,370,376,1,1,1.5447239726290172,43.541462574575874,19.67000000069,10.0,446.0,0.0,-3.0866563,-49.453686,43.518382528363865,0.49999999916963384,43.018382529194234,18.4232610575335,0.9679449572564506,2.690582959641256,43.324821757216945,43.4687315065174,43.48980615650194,0.38089410885459274,0.125,18.22970028638658,18.373610035687037,18.394684685671578,1.0,14,50,15,0.3,0.2889090909090909,525,151,0.2876190476190476,0.0,1.0,0.336322869955157,0.12153133524257721,0.12153133524257721,0.03472323864073634,61.48780367915167,0.29647668636060953,2.91644204851752,2.6206896551724137,2.9266666666666667,0.0
151,template_deposition,C,C,none,0,1.0,template_site:index=377:site=C:neigh=1:ahead0=18.446:mode=shell,x,yz,372,221,151,0,151,2504.943065134633,5.989375640812251,500.0,0.001,55.75,0.05575,-3285.5688,-3274.1145,-3285.5688,-11.454346,-8.93042,1.0,0.05575,0.05575,10,371,377,1,1,1.425472836719156,43.541462574575874,21.08999999969,10.0,446.0,0.0,-3.1123385,-49.86516,43.477559139989694,0.49999999916963384,42.97755914082006,18.38243766915933,0.9716055155932641,2.708520179372197,43.3064727548965,43.447469564084656,43.47690840135728,0.37423014653822545,0.125,18.211351284066133,18.352348093254292,18.381786930526914,1.0,14,50,15,0.3,0.2927272727272727,525,153,0.2914285714285714,0.0,1.0,0.33856502242152464,0.12060497539116645,0.12060497539116645,0.034688288160125966,61.48780367915167,0.2961782694189963,2.9193548387096775,2.6666666666666665,2.933774834437086,0.0
152,template_deposition,C,C,none,0,1.0,template_site:index=382:site=C:neigh=1:ahead0=19.676:mode=shell,x,yz,373,221,152,0,152,2539.8319893888215,34.888924254188666,500.0,0.001,55.75,0.05575,-3292.3296,-3285.5688,-3292.3296,-6.760742,-6.150635,0.3856578153138989,0.05575,0.05575,8,372,382,10,10,1.5973450786763967,44.77121864815891,4.760000000040001,10.0,446.0,0.0,-3.1274972,-50.10803,44.67865942022236,0.49999999916963384,44.17865942105273,19.583537949391996,0.6723914766197204,2.726457399103139,43.45575865566529,43.458800725110635,43.837889224059495,0.5915229185952052,0.125,18.36063718483493,18.36367925428027,18.74276775322913,1.0,14,50,15,0.3,0.29454545454545455,525,154,0.29333333333333333,0.0,1.0,0.34080717488789236,0.12079366568970347,0.12079366568970347,0.03497264225682843,61.48780367915167,0.29860616392548706,2.9168900804289546,2.4761904761904763,2.9276315789473686,0.0
153,template_deposition,C,C,none,0,1.0,template_site:index=383:site=C:neigh=2:ahead0=19.676:mode=shell,x,yz,374,221,153,0,153,2540.4238022705385,0.5918128817171584,500.0,0.001,55.75,0.05575,-3303.321,-3292.3296,-3303.321,-10.991455,-10.294434,1.0,0.05575,0.05575,10,373,383,9,9,1.4442202413936223,44.77121864815891,6.17999999904,10.0,446.0,0.0,-3.1521418,-50.50288,44.724097404233156,0.49999999916963384,44.224097405063524,19.628975933402792,0.7524222870233713,2.7443946188340806,43.608794128953406,43.461408749604075,44.67344765890051,0.7207165712370328,0.125,18.513672658123042,18.36628727877371,19.578326188070143,1.0,14,50,15,0.3,0.2963636363636364,525,155,0.29523809523809524,0.0,1.0,0.3430493273542601,0.12100439645832053,0.12100439645832053,0.035264138396424845,61.48780367915167,0.3010950391841752,2.9197860962566846,2.5454545454545454,2.934640522875817,0.0
154,template_deposition,C,C,none,0,1.0,template_site:index=379:site=C:neigh=1:ahead0=19.676:mode=shell,x,yz,375,221,154,0,154,2541.296642399105,0.8728401285667019,500.0,0.001,55.75,0.05575,-3310.7231,-3303.321,-3310.7231,-7.4020996,-6.9936523,0.9999976286380733,0.05575,0.05575,10,374,379,8,8,1.549445224973825,44.77121864815891,9.01999999927,10.0,446.0,0.0,-3.1687384,-50.768787,44.69902277072158,0.49999999916963384,44.199022771551945,19.603901299891213,0.8090920911507674,2.7623318385650224,43.90515437076426,43.486906883937124,44.696746335422624,0.6033034853821699,0.125,18.810032899933894,18.39178541310676,19.60162486459226,1.0,14,50,15,0.3,0.2981818181818182,525,156,0.29714285714285715,0.0,1.0,0.3452914798206278,0.12214307077879152,0.12214307077879152,0.03582863409511218,61.48780367915167,0.3059148607435414,2.917333333333333,2.5217391304347827,2.9285714285714284,0.0
155,template_deposition,C,C,none,0,1.0,template_site:index=378:site=C:neigh=2:ahead0=19.676:mode=shell,x,yz,376,221,155,0,155,2554.192711044004,12.896068644899117,500.0,0.001,55.75,0.05575,-3321.6646,-3310.7231,-3321.6646,-10.941406,-10.408203,1.0,0.05575,0.05575,10,375,378,7,7,1.4198375756994592,44.77121864815891,10.440000000500001,10.0,446.0,0.0,-3.1932707,-51.16184,44.73382895643553,0.49999999916963384,44.2338289572659,19.638707485605167,0.855343247866956,2.780269058295964,43.90528871287823,43.470041159536066,44.70718819113681,0.6120660221762239,0.125,18.810167242047868,18.374919688705702,19.612066720306444,1.0,14,50,15,0.3,0.3,525,157,0.29904761904761906,0.0,1.0,0.3475336322869955,0.1213559176906314,0.1213559176906314,0.035828889984853084,61.48780367915167,0.3059170456014471,2.9202127659574466,2.5833333333333335,2.935483870967742,0.0
156,template_deposition,C,C,none,0,1.0,template_site:index=386:site=C:neigh=1:ahead0=19.676:mode=shell,x,yz,377,221,156,0,156,2557.4821912667817,3.289480222777636,500.0,0.001,55.75,0.05575,-3329.0398,-3321.6646,-3329.0398,-7.375244,-7.0512695,0.999999436025231,0.05575,0.05575,10,376,386,6,6,1.50988940662596,44.77121864815891,13.28000000073,10.0,446.0,0.0,-3.2098072,-51.42678,44.72251443839375,0.49999999916963384,44.22251443922412,19.627392967563388,0.890055983703809,2.798206278026906,44.058581421608054,44.06973310639037,44.71412749701929,0.6378180543245264,0.125,18.96345995077769,18.97461163556001,19.619006026188927,1.0,14,50,15,0.3,0.3018181818181818,525,158,0.30095238095238097,0.0,1.0,0.34977578475336324,0.1215606407101134,0.1215606407101134,0.036120876096719406,61.48780367915167,0.3084101043798955,2.9177718832891246,2.56,2.9294871794871793,0.0
157,template_deposition,C,C,none,0,1.0,template_site:index=387:site=C:neigh=2:ahead0=19.676:mode=shell,x,yz,378,221,157,0,157,2572.557298111456,15.075106844674494,500.0,0.001,55.75,0.05575,-3340.004,-3329.0398,-3340.004,-10.964111,-10.407715,1.0,0.05575,0.05575,10,377,387,5,5,1.4057776455063735,44.77121864815891,14.69999999973,10.0,446.0,0.0,-3.2343903,-51.820644,44.71933054008787,0.49999999916963384,44.219330540918236,19.624209069257503,0.9165558133579722,2.8161434977578477,44.21078188277967,44.673755672740505,44.71317232752752,0.6268779339689194,0.125,19.115660411949307,19.57863420191014,19.61805085669716,1.0,14,50,15,0.3,0.30363636363636365,525,159,0.3028571428571429,0.0,1.0,0.35201793721973096,0.12175579880222488,0.12175579880222488,0.036410781737046295,61.48780367915167,0.3108853995126638,2.9206349206349205,2.6153846153846154,2.9363057324840764,0.0
158,template_deposition,C,C,none,0,1.0,template_site:index=385:site=C:neigh=1:ahead0=19.676:mode=shell,x,yz,379,221,158,0,158,2591.95483392508,19.397535813624213,500.0,0.001,55.75,0.05575,-3347.3088,-3340.004,-3347.3088,-7.3049316,-6.845703,0.9999337045864046,0.05575,0.05575,10,378,385,4,4,1.5205853088133678,44.77121864815891,17.539999999960003,10.0,446.0,0.0,-3.2507691,-52.083065,44.7329275730289,0.49999999916963384,44.23292757385927,19.63780610219854,0.9384383347030959,2.8340807174887894,44.37490584510289,44.69496280622805,44.717251437409836,0.5602796881744471,0.125,19.279784374272523,19.599841335397684,19.62212996657947,1.0,14,50,15,0.3,0.3054545454545455,525,160,0.3047619047619048,0.0,1.0,0.3542600896860987,0.12202395173590205,0.12202395173590205,0.03672339880813814,61.48780367915167,0.31355461116933037,2.9182058047493404,2.5925925925925926,2.930379746835443,0.0
159,template_deposition,C,C,none,0,1.0,template_site:index=384:site=C:neigh=2:ahead0=19.676:mode=shell,x,yz,380,221,159,0,159,2612.4759555364985,20.521121611418412,500.0,0.001,55.75,0.05575,-3358.28,-3347.3088,-3358.28,-10.971191,-9.930664,1.0,0.05575,0.05575,9,379,384,3,3,1.4150653287324333,44.77121864815891,18.95999999896,10.0,446.0,0.0,-3.2753682,-52.477184,44.71053309357309,0.49999999916963384,44.21053309440346,19.615411622742727,0.9529680056112063,2.8520179372197307,44.38418241818685,44.69496280622805,44.70436477345534,0.5367887361203926,0.125,19.28906094735649,19.599841335397684,19.609243302624975,1.0,14,50,15,0.3,0.30727272727272725,525,161,0.30666666666666664,0.0,1.0,0.35650224215246634,0.12131484872551251,0.12131484872551251,0.03674106847115522,61.48780367915167,0.3137054796754226,2.9210526315789473,2.642857142857143,2.9371069182389937,0.0
160,template_deposition,C,C,none,0,1.0,template_site:index=388:site=C:neigh=1:ahead0=19.676:mode=shell,x,yz,381,221,160,0,160,2683.116613498211,70.64065796171244,500.0,0.001,55.75,0.05575,-3365.5134,-3358.28,-3365.5134,-7.2333984,-6.73584,0.9988742617770395,0.05575,0.05575,9,380,388,2,2,1.4244711017693623,44.77121864815891,21.79999999919,10.0,446.0,0.0,-3.2915866,-52.737034,44.7864390338691,0.49999999916963384,44.28643903469947,19.691317563038737,0.9716029898155019,2.8699551569506725,44.537322288107426,44.69496280622805,44.733304875661894,0.4447031244733966,0.125,19.44220081727706,19.599841335397684,19.63818340483153,1.0,14,50,15,0.3,0.3109090909090909,525,163,0.31047619047619046,0.0,1.0,0.35874439461883406,0.12151375510798164,0.12151375510798164,0.037032763461480114,61.48780367915167,0.3161960527770359,2.9186351706036744,2.6206896551724137,2.93125,0.0
161,template_deposition,C,C,none,0,1.0,template_site:index=380:site=C:neigh=1:ahead0=19.676:mode=shell,x,yz,382,221,161,0,161,2697.8240566052955,14.707443107084792,500.0,0.001,55.75,0.05575,-3373.5442,-3365.5134,-3373.5442,-8.030762,-7.024414,1.0,0.05575,0.05575,10,381,380,1,1,1.5066086545538977,44.77121864815891,1.9199999998100001,10.0,446.0,0.0,-3.3095927,-53.025524,44.782782045811786,0.49999999916963384,44.282782046642154,19.68766057498142,0.9833572015657542,2.8878923766816142,44.707037480524946,44.69874596399254,44.75745643165429,0.0412365016247187,0.125,19.611916009694582,19.60362449316218,19.662334960823927,1.0,15,50,16,0.32,0.31272727272727274,525,164,0.31238095238095237,0.0,1.0,0.3609865470852018,0.12181314291735765,0.12181314291735765,0.03735603049465635,61.48780367915167,0.31895619677735026,2.9162303664921465,2.6,2.9254658385093166,0.0
162,template_deposition,C,C,none,0,1.0,template_site:index=398:site=C:neigh=1:ahead0=20.906:mode=shell,x,yz,383,221,162,0,162,2717.6291478514354,19.805091246139877,500.0,0.001,55.75,0.05575,-3381.926,-3373.5442,-3381.926,-8.381836,-7.64917,0.7646930825648487,0.05575,0.05575,8,382,398,10,10,1.4642274277376874,46.00097472174194,21.08999999969,10.0,446.0,0.0,-3.328386,-53.326626,45.921584976035625,0.49999999916963384,45.421584976865994,20.82646350520526,0.6920309432369818,2.905829596412556,44.846878814018,44.69874596399254,45.09291813563601,0.40717787958129503,0.125,19.751757343187634,19.60362449316218,19.997796664805648,1.0,15,50,16,0.32,0.31472727272727274,525,165,0.3142857142857143,0.0,1.0,0.3632286995515695,0.12192442804436811,0.12192442804436811,0.037622394939405016,61.48780367915167,0.3212304906230494,2.9138381201044385,2.380952380952381,2.919753086419753,0.0
163,template_deposition,C,C,none,0,1.0,template_site:index=397:site=C:neigh=2:ahead0=20.906:mode=shell,x,yz,384,221,163,0,163,2729.627686161169,11.998538309733627,500.0,0.001,55.75,0.05575,-3392.793,-3381.926,-3392.793,-10.866943,-9.717041,1.0,0.05575,0.05575,9,383,397,9,9,1.4557041279838108,46.00097472174194,19.67000000069,10.0,446.0,0.0,-3.3527515,-53.717003,45.960115522352176,0.49999999916963384,45.460115523182544,20.864994051521812,0.7640429235621636,2.9237668161434978,44.85964843713825,44.70612715063184,45.110366193383925,0.41720606447279696,0.125,19.764526966307884,19.61100567980148,20.01524472255356,1.0,15,50,16,0.32,0.31672727272727275,525,166,0.3161904761904762,0.0,1.0,0.3654708520179372,0.12125476666446554,0.12125476666446554,0.037646718031062634,61.48780367915167,0.32143816795670216,2.9166666666666665,2.4545454545454546,2.9263803680981595,0.0
164,template_deposition,C,C,none,0,1.0,template_site:index=391:site=C:neigh=1:ahead0=20.906:mode=shell,x,yz,385,221,164,0,164,2729.8972669606255,0.26958079945653396,500.0,0.001,55.75,0.05575,-3401.333,-3392.793,-3401.333,-8.540039,-7.2695312,0.9998404593792452,0.05575,0.05575,9,384,391,8,8,1.5396415046985845,46.00097472174194,2.62999999931,10.0,446.0,0.0,-3.3718996,-54.02379,45.960115522352176,0.49999999916963384,45.460115523182544,20.864994051521812,0.8104168589060309,2.9417040358744395,44.998951403996344,44.70612715063184,45.89007613373002,0.5273246721253484,0.125,19.90382993316598,19.61100567980148,20.794954662899656,1.0,15,50,16,0.32,0.3187272727272727,525,167,0.3180952380952381,0.0,1.0,0.36771300448430494,0.12136481666564622,0.12136481666564622,0.037912057015554244,61.48780367915167,0.3237037061370052,2.9194805194805196,2.5217391304347827,2.932926829268293,0.0
165,template_deposition,C,C,none,0,1.0,template_site:index=392:site=C:neigh=2:ahead0=20.906:mode=shell,x,yz,386,221,165,0,165,2730.4122862108416,0.5150192502161647,500.0,0.001,55.75,0.05575,-3412.3477,-3401.333,-3412.3477,-11.014648,-9.80957,1.0,0.05575,0.05575,9,385,392,7,7,1.4969069527542427,46.00097472174194,4.05000000054,10.0,446.0,0.0,-3.396596,-54.419468,45.960115522352176,0.49999999916963384,45.460115523182544,20.864994051521812,0.851693985216952,2.9596412556053813,45.15155716212174,44.728360501556736,45.93884165177663,0.582730686481663,0.125,20.056435691291377,19.633239030726372,20.843720180946264,1.0,15,50,16,0.32,0.32072727272727275,525,168,0.32,0.0,1.0,0.36995515695067266,0.12155415570479622,0.12155415570479622,0.03820273465007881,61.48780367915167,0.326185592771332,2.922279792746114,2.5833333333333335,2.9393939393939394,0.0
166,template_deposition,C,C,none,0,1.0,template_site:index=393:site=C:neigh=1:ahead0=20.906:mode=shell,x,yz,387,221,166,0,166,2754.195216923074,23.78293071223261,500.0,0.001,55.75,0.05575,-3419.9182,-3412.3477,-3419.9182,-7.5705566,-6.907959,0.8996052105079586,0.05575,0.05575,10,386,393,6,6,1.5964103252487274,46.00097472174194,16.83000000046,10.0,446.0,0.0,-3.4135704,-54.69143,45.93247478904264,0.49999999916963384,45.432474789873005,20.837353318212273,0.8822780412744345,2.977578475336323,45.292287931301615,45.26280725496389,45.93054943178377,0.6024489937013524,0.125,20.19716646047125,20.167685784133525,20.835427960953403,1.0,15,50,16,0.32,0.32272727272727275,525,169,0.3219047619047619,0.0,1.0,0.3721973094170404,0.12166967747271838,0.12166967747271838,0.03847079325804048,61.48780367915167,0.328474351854584,2.9198966408268734,2.56,2.933734939759036,0.0
167,template_deposition,C,C,none,0,1.0,template_site:index=394:site=C:neigh=2:ahead0=20.906:mode=shell,x,yz,388,221,167,0,167,2758.67499328417,4.479776361095777,500.0,0.001,55.75,0.05575,-3430.8455,-3419.9182,-3430.8455,-10.927246,-10.281494,1.0,0.05575,0.05575,10,387,394,5,5,1.4468441708023008,46.00097472174194,15.409999999230001,10.0,446.0,0.0,-3.438071,-55.083973,45.96059325107748,0.49999999916963384,45.46059325190785,20.86547178024712,0.9109093173211422,2.995515695067265,45.444814322382506,45.84192539370568,45.94091032765309,0.5909821358543482,0.125,20.349692851552142,20.746803922875316,20.84578885682273,1.0,15,50,16,0.32,0.3247272727272727,525,170,0.3238095238095238,0.0,1.0,0.3744394618834081,0.12185444821288707,0.12185444821288707,0.03876131971724218,61.48780367915167,0.3309549477118826,2.922680412371134,2.6153846153846154,2.940119760479042,0.0
168,template_deposition,C,C,none,0,1.0,template_site:index=396:site=C:neigh=1:ahead0=20.906:mode=shell,x,yz,389,221,168,0,168,2795.332310960616,36.65731767644606,500.0,0.001,55.75,0.05575,-3438.2358,-3430.8455,-3438.2358,-7.390381,-7.015381,0.9907576302055358,0.05575,0.05575,10,388,396,4,4,1.5361726163766163,46.00097472174194,12.569999999,10.0,446.0,0.0,-3.4546413,-55.349457,45.93642663919952,0.49999999916963384,45.436426640029886,20.841305168369153,0.9318849505060346,3.013452914798206,45.59982185940716,45.89924682486475,45.93597897957325,0.5269967015519766,0.125,20.504700388576794,20.804125354034383,20.840857508742886,1.0,15,50,16,0.32,0.3267272727272727,525,171,0.32571428571428573,0.0,1.0,0.37668161434977576,0.12205178802724281,0.12205178802724281,0.039056572168717704,61.48780367915167,0.3334758954080061,2.9203084832904884,2.5925925925925926,2.9345238095238093,0.0
169,template_deposition,C,C,none,0,1.0,template_site:index=395:site=C:neigh=2:ahead0=20.906:mode=shell,x,yz,390,221,169,0,169,2796.9961359107488,1.6638249501327589,500.0,0.001,55.75,0.05575,-3449.2031,-3438.2358,-3449.2031,-10.967285,-10.457031,1.0,0.05575,0.05575,10,389,395,3,3,1.4140944155868362,46.00097472174194,11.15,10.0,446.0,0.0,-3.4792316,-55.743435,45.9610589968367,0.49999999916963384,45.46105899766707,20.865937526006334,0.9499056269024835,3.031390134529148,45.61007912015512,45.89924682486475,45.9433686868644,0.5173270114508344,0.125,20.514957649324757,20.804125354034383,20.84824721603404,1.0,15,50,16,0.32,0.32872727272727276,525,172,0.32761904761904764,0.0,1.0,0.3789237668161435,0.1213902819486672,0.1213902819486672,0.039076109808237634,61.48780367915167,0.33364271321794914,2.923076923076923,2.642857142857143,2.940828402366864,0.0
170,template_deposition,C,C,none,0,1.0,template_site:index=389:site=C:neigh=1:ahead0=20.906:mode=shell,x,yz,391,221,170,0,170,2821.2551126508442,24.258976740095452,500.0,0.001,55.75,0.05575,-3456.534,-3449.2031,-3456.534,-7.3308105,-6.9643555,0.8548976063183632,0.05575,0.05575,10,390,389,2,2,1.5167136512118147,46.00097472174194,8.30999999977,10.0,446.0,0.0,-3.4956684,-56.006783,45.953955466100915,0.49999999916963384,45.45395546693128,20.85883399527055,0.9629874637282895,3.0493273542600896,45.76816125217227,45.93109953385773,45.941237627643666,0.3774191718076404,0.125,20.673039781341906,20.83597806302737,20.846116156813302,1.0,16,50,17,0.34,0.33072727272727276,525,173,0.3295238095238095,0.0,1.0,0.3811659192825112,0.12160611636083474,0.12160611636083474,0.03937721863112744,61.48780367915167,0.33621366424495336,2.920716112531969,2.6206896551724137,2.9352941176470586,0.0
171,template_deposition,C,C,none,0,1.0,template_site:index=390:site=C:neigh=2:ahead0=20.906:mode=shell,x,yz,392,221,171,0,171,2822.766907249767,1.51179459892252,500.0,0.001,55.75,0.05575,-3468.3228,-3456.534,-3468.3228,-11.788818,-11.146973,1.0,0.05575,0.05575,11,391,390,1,1,1.4076605738054482,46.00097472174194,6.890000000770001,10.0,446.0,0.0,-3.5221007,-56.430275,45.9357871254477,0.49999999916963384,45.43578712627807,20.84066565461734,0.9664274593044125,3.0672645739910314,45.75962783933461,45.907824287005695,45.93412360433701,0.37384948688362124,0.125,20.66450636850425,20.81270281617533,20.839002133506646,1.0,16,50,17,0.34,0.33272727272727276,525,174,0.3314285714285714,0.0,1.0,0.3834080717488789,0.12084506648248099,0.12084506648248099,0.03936096451143666,61.48780367915167,0.33607488204219027,2.923469387755102,2.6666666666666665,2.9415204678362574,0.0
172,template_deposition,C,C,none,0,1.0,template_site:index=407:site=C:neigh=1:ahead0=22.136:mode=shell,x,yz,393,221,172,0,172,2829.153970379392,6.387063129625004,500.0,0.001,55.75,0.05575,-3474.879,-3468.3228,-3474.879,-6.5561523,-5.9821777,0.09225106167312327,0.05575,0.05575,9,392,407,10,10,1.5372052795525575,47.23073079532497,13.28000000073,10.0,446.0,0.0,-3.5368006,-56.665794,47.19077736812095,0.49999999916963384,46.690777368951316,22.095655897290584,0.6754958939738058,3.085201793721973,45.9177068241149,45.907824287005695,46.32523040032631,0.606291723653004,0.125,20.822585353284538,20.81270281617533,21.230108929495948,1.0,16,50,17,0.34,0.33454545454545453,525,175,0.3333333333333333,0.0,1.0,0.38565022421524664,0.12106154275165429,0.12106154275165429,0.039662067339589595,61.48780367915167,0.3386457818844607,2.921119592875318,2.4761904761904763,2.936046511627907,0.0
173,template_deposition,C,C,none,0,1.0,template_site:index=408:site=C:neigh=2:ahead0=22.136:mode=shell,x,yz,394,221,173,0,173,2880.3738690613072,51.21989868191541,500.0,0.001,55.75,0.05575,-3485.9346,-3474.879,-3485.9346,-11.055664,-10.542969,1.0,0.05575,0.05575,10,393,408,9,9,1.396525295599562,47.23073079532497,14.69999999973,10.0,446.0,0.0,-3.5615892,-57.06295,47.18248664184018,0.49999999916963384,46.68248664267055,22.087365171009814,0.7566516614096416,3.103139013452915,46.0700862211235,45.907824287005695,47.17695035479252,0.7341245487140223,0.125,20.97496475029314,20.81270281617533,22.081828883962153,1.0,16,50,17,0.34,0.3363636363636364,525,176,0.3352380952380952,0.0,1.0,0.38789237668161436,0.121242570810943,0.121242570810943,0.03995231381008217,61.48780367915167,0.3411239871201483,2.9238578680203045,2.5454545454545454,2.9421965317919074,0.0
174,template_deposition,C,C,none,0,1.0,template_site:index=399:site=C:neigh=1:ahead0=22.136:mode=shell,x,yz,395,221,174,0,174,2895.7087643046866,15.33489524337919,500.0,0.001,55.75,0.05575,-3493.3022,-3485.9346,-3493.3022,-7.367676,-7.090576,0.9929825880453477,0.05575,0.05575,10,394,399,8,8,1.4947414205662237,47.23073079532497,10.440000000500001,10.0,446.0,0.0,-3.5781085,-57.32762,47.18639025889117,0.49999999916963384,46.68639025972154,22.09126878806081,0.8160469278759389,3.1210762331838566,46.37075266196095,45.935778559671846,47.183657726955474,0.6224556468727553,0.125,21.275631191130586,20.840657088841482,22.08853625612511,1.0,16,50,17,0.34,0.33818181818181814,525,177,0.33714285714285713,0.0,1.0,0.3901345291479821,0.12227374247776199,0.12227374247776199,0.040525011792629684,61.48780367915167,0.3460138420644938,2.921518987341772,2.5217391304347827,2.9367816091954024,0.0
175,template_deposition,C,C,none,0,1.0,template_site:index=400:site=C:neigh=2:ahead0=22.136:mode=shell,x,yz,396,221,175,0,175,2896.8501557902637,1.141391485577177,500.0,0.001,55.75,0.05575,-3504.2844,-3493.3022,-3504.2844,-10.982178,-10.403564,1.0,0.05575,0.05575,10,395,400,7,7,1.4037093566307928,47.23073079532497,9.01999999927,10.0,446.0,0.0,-3.6027322,-57.722134,47.18248664184018,0.49999999916963384,46.68248664267055,22.087365171009814,0.8614665864186938,3.1390134529147984,46.37877233624741,45.97086613340579,47.18100674655252,0.6157975349107999,0.125,21.283650865417044,20.87574466257543,22.085885275722156,1.0,16,50,17,0.34,0.34,525,178,0.33904761904761904,0.0,1.0,0.3923766816143498,0.1216208620880974,0.1216208620880974,0.04054028736269913,61.48780367915167,0.3461442691379392,2.9242424242424243,2.5833333333333335,2.942857142857143,0.0
176,template_deposition,C,C,none,0,1.0,template_site:index=404:site=C:neigh=1:ahead0=22.136:mode=shell,x,yz,397,221,176,0,176,2900.816252313307,3.966096523043013,500.0,0.001,55.75,0.05575,-3511.6252,-3504.2844,-3511.6252,-7.3408203,-6.929199,0.7595570250379683,0.05575,0.05575,10,396,404,6,6,1.5095224150273434,47.23073079532497,6.17999999904,10.0,446.0,0.0,-3.6191916,-57.985844,47.188473821200304,0.49999999916963384,46.68847382203067,22.09335235036994,0.8968802972155171,3.1569506726457397,46.52796607659867,46.54110497900331,47.184282795648215,0.643382453021693,0.125,21.43284460576831,21.445983508172944,22.08916132481785,1.0,16,50,17,0.34,0.34181818181818185,525,179,0.34095238095238095,0.0,1.0,0.39461883408071746,0.12177752616913812,0.12177752616913812,0.04082446591574916,61.48780367915167,0.3485706648038142,2.9219143576826196,2.56,2.9375,0.0
177,template_deposition,C,C,none,0,1.0,template_site:index=403:site=C:neigh=2:ahead0=22.136:mode=shell,x,yz,398,221,177,0,177,2903.60042881446,2.7841765011528588,500.0,0.001,55.75,0.05575,-3522.6206,-3511.6252,-3522.6206,-10.995361,-10.169434,1.0,0.05575,0.05575,9,397,403,5,5,1.4117887461810898,47.23073079532497,4.760000000040001,10.0,446.0,0.0,-3.6438448,-58.380833,47.18248664184018,0.49999999916963384,46.68248664267055,22.087365171009814,0.9213560975446438,3.1748878923766815,46.681431514399044,47.149663629080166,47.16796709238913,0.6195220077126203,0.125,21.58631004356868,22.054542158249802,22.072845621558763,1.0,16,50,17,0.34,0.3436363636363636,525,180,0.34285714285714286,0.0,1.0,0.3968609865470852,0.12195655391846712,0.12195655391846712,0.041116781035368914,61.48780367915167,0.35106653274213195,2.9246231155778895,2.6153846153846154,2.943502824858757,0.0
178,template_deposition,C,C,none,0,1.0,template_site:index=406:site=C:neigh=1:ahead0=22.136:mode=shell,x,yz,399,221,178,0,178,2906.2479871316605,2.6475583172005552,500.0,0.001,55.75,0.05575,-3530.0059,-3522.6206,-3530.0059,-7.385254,-6.8796387,0.9995102408966492,0.05575,0.05575,10,398,406,4,4,1.529450480206612,47.23073079532497,17.539999999960003,10.0,446.0,0.0,-3.6604037,-58.646133,47.18261900634532,0.49999999916963384,46.68261900717569,22.087497535514956,0.9424244258735897,3.192825112107623,46.84385939350739,47.151563182167195,47.16800680174067,0.5476587346736075,0.125,21.748737922677023,22.05644171133683,22.072885330910303,1.0,16,50,17,0.34,0.34545454545454546,525,181,0.34476190476190477,0.0,1.0,0.3991031390134529,0.12218392091391586,0.12218392091391586,0.04142616747176576,61.48780367915167,0.35370816033962926,2.9223057644110275,2.5925925925925926,2.938202247191011,0.0
179,template_deposition,C,C,none,0,1.0,template_site:index=405:site=C:neigh=2:ahead0=22.136:mode=shell,x,yz,400,221,179,0,179,2925.6436382741717,19.39565114251128,500.0,0.001,55.75,0.05575,-3541.0122,-3530.0059,-3541.0122,-11.006348,-10.297119,1.0,0.05575,0.05575,9,399,405,3,3,1.4105693208866594,47.23073079532497,18.95999999896,10.0,446.0,0.0,-3.6850815,-59.041515,47.16202047729748,0.49999999916963384,46.66202047812785,22.066899006467118,0.9568178371469864,3.210762331838565,46.850843762402754,47.151563182167195,47.161827243026316,0.5307512147022968,0.125,21.75572229157239,22.05644171133683,22.066705772195952,1.0,16,50,17,0.34,0.34727272727272734,525,182,0.3466666666666667,0.0,1.0,0.4013452914798206,0.12154034799761111,0.12154034799761111,0.041439471031566456,61.48780367915167,0.353821749839944,2.925,2.642857142857143,2.9441340782122905,0.0
180,template_deposition,C,C,none,0,1.0,template_site:index=409:site=C:neigh=1:ahead0=22.136:mode=shell,x,yz,401,221,180,0,180,2927.0097106765443,1.3660724023723314,500.0,0.001,55.75,0.05575,-3548.1946,-3541.0122,-3548.1946,-7.182373,-6.5024414,0.18904446120718368,0.05575,0.05575,9,400,409,2,2,1.4983865969117012,47.23073079532497,21.79999999919,10.0,446.0,0.0,-3.7011855,-59.29953,47.23006044369329,0.49999999916963384,46.73006044452366,22.134938972862926,0.9732920303635728,3.2286995515695067,47.00055425870636,47.15176832063993,47.18223923294506,0.436137413102117,0.125,21.905432787875995,22.056646849809567,22.087117762114694,1.0,16,50,17,0.34,0.34909090909090906,525,183,0.3485714285714286,0.0,1.0,0.40358744394618834,0.12169684882153331,0.12169684882153331,0.04172463388166856,61.48780367915167,0.35625654970830173,2.9226932668329177,2.6206896551724137,2.938888888888889,0.0
181,template_deposition,C,C,none,0,1.0,template_site:index=401:site=C:neigh=1:ahead0=22.136:mode=shell,x,yz,402,221,181,0,181,2963.7128811949187,36.703170518374264,500.0,0.001,55.75,0.05575,-3556.3381,-3548.1946,-3556.3381,-8.143555,-7.112549,1.0,0.05575,0.05575,10,401,401,1,1,1.4768485792654884,47.23073079532497,1.9199999998100001,10.0,446.0,0.0,-3.7194448,-59.592075,47.22489108113514,0.49999999916963384,46.72489108196551,22.129769610304777,0.9847805917796362,3.2466367713004485,47.16386736114768,47.15176832063993,47.22080181949073,0.037507382093530404,0.125,22.068745890317317,22.056646849809567,22.125680348660367,1.0,17,50,18,0.36,0.35090909090909095,525,184,0.3504761904761905,0.0,1.0,0.40582959641255606,0.1219267728746813,0.1219267728746813,0.04203570645774727,61.48780367915167,0.3589125740362075,2.9203980099502487,2.6,2.9337016574585637,0.0
182,template_deposition,C,C,none,0,1.0,template_site:index=419:site=C:neigh=1:ahead0=23.365:mode=shell,x,yz,403,221,182,0,182,2989.4286415134775,25.715760318558708,500.0,0.001,55.75,0.05575,-3564.7607,-3556.3381,-3564.7607,-8.422607,-7.4995117,0.4421805611862629,0.05575,0.05575,8,402,419,10,10,1.49182721934181,48.460486868908006,21.08999999969,10.0,446.0,0.0,-3.7383294,-59.89464,48.3657470279696,0.49999999916963384,47.865747028799966,23.270625557139233,0.6898220855655632,3.2645739910313902,47.303685085868416,47.151563182167195,47.55630215762891,0.4023662895090469,0.125,22.208563615038052,22.05644171133683,22.46118068679855,1.0,17,50,18,0.36,0.35290909090909095,525,185,0.3523809523809524,0.0,1.0,0.4080717488789238,0.12202507480790138,0.12202507480790138,0.04230202593340581,61.48780367915167,0.36118648392328556,2.9181141439205955,2.380952380952381,2.9285714285714284,0.0
183,template_deposition,C,C,none,0,1.0,template_site:index=418:site=C:neigh=2:ahead0=23.365:mode=shell,x,yz,404,221,183,0,183,3022.138334936226,32.70969342274856,500.0,0.001,55.75,0.05575,-3575.7651,-3564.7607,-3575.7651,-11.004395,-9.751709,1.0,0.05575,0.05575,9,403,418,9,9,1.4657759249510645,48.460486868908006,19.67000000069,10.0,446.0,0.0,-3.7630029,-60.289955,48.41329812376223,0.49999999916963384,47.9132981245926,23.318176652931868,0.7618449482511587,3.282511210762332,47.31799185943416,47.157567811854534,47.570567486366706,0.41518885875850414,0.125,22.222870388603795,22.06244634102417,22.475446015536342,1.0,17,50,18,0.36,0.3549090909090909,525,186,0.35428571428571426,0.0,1.0,0.4103139013452915,0.1214364502109497,0.1214364502109497,0.0423292769306739,61.48780367915167,0.36141916053083517,2.9207920792079207,2.4545454545454546,2.9344262295081966,0.0
184,template_deposition,C,C,none,0,1.0,template_site:index=412:site=C:neigh=1:ahead0=23.365:mode=shell,x,yz,405,221,184,0,184,3050.849286031087,28.710951094861162,500.0,0.001,55.75,0.05575,-3584.1208,-3575.7651,-3584.1208,-8.355713,-7.1081543,0.9913112563910744,0.05575,0.05575,9,404,412,8,8,1.5660399583743745,48.460486868908006,2.62999999931,10.0,446.0,0.0,-3.7817378,-60.590122,48.41329812376223,0.49999999916963384,47.9132981245926,23.318176652931868,0.8085138446542367,3.3004484304932737,47.45317476687328,47.157567811854534,48.33734082729575,0.5243186920856723,0.125,22.358053296042918,22.06244634102417,23.242219356465384,1.0,17,50,18,0.36,0.3569090909090909,525,187,0.35619047619047617,0.0,1.0,0.4125560538116592,0.12151115921762455,0.12151115921762455,0.04258676818293889,61.48780367915167,0.3636176925867941,2.9234567901234567,2.5217391304347827,2.9402173913043477,0.0
185,template_deposition,C,C,none,0,1.0,template_site:index=413:site=C:neigh=2:ahead0=23.365:mode=shell,x,yz,406,221,185,0,185,3072.1484036017896,21.299117570702325,500.0,0.001,55.75,0.05575,-3595.0515,-3584.1208,-3595.0515,-10.930664,-9.736328,1.0,0.05575,0.05575,9,405,413,7,7,1.488256338368416,48.460486868908006,4.05000000054,10.0,446.0,0.0,-3.806246,-60.982784,48.41329812376223,0.49999999916963384,47.9132981245926,23.318176652931868,0.8515711183937581,3.318385650224215,47.606049104336535,47.183065441750784,48.39472116161559,0.5844500739432065,0.125,22.51092763350617,22.08794397092042,23.29959969078523,1.0,17,50,18,0.36,0.3589090909090909,525,188,0.3580952380952381,0.0,1.0,0.4147982062780269,0.12168068991084417,0.12168068991084417,0.04287795739715461,61.48780367915167,0.3661039472310641,2.9261083743842367,2.5833333333333335,2.945945945945946,0.0
186,template_deposition,C,C,none,0,1.0,template_site:index=414:site=C:neigh=1:ahead0=23.365:mode=shell,x,yz,407,221,186,0,186,3094.3548505577837,22.20644695599422,500.0,0.001,55.75,0.05575,-3602.638,-3595.0515,-3602.638,-7.586426,-6.9196777,0.9334218659444468,0.05575,0.05575,10,406,414,6,6,1.5941716046841872,48.460486868908006,16.83000000046,10.0,446.0,0.0,-3.8232558,-61.25531,48.38675960640989,0.49999999916963384,47.88675960724026,23.291638135579525,0.8822381854319289,3.336322869955157,47.7469045937449,47.72005852464995,48.383307809153195,0.6044544038226823,0.125,22.651783122914537,22.624937053819586,23.28818633832283,1.0,17,50,18,0.36,0.36090909090909096,525,189,0.36,0.0,1.0,0.4170403587443946,0.12178378023072332,0.12178378023072332,0.04314625356745626,61.48780367915167,0.3683947346877663,2.923832923832924,2.56,2.9408602150537635,0.0
187,template_deposition,C,C,none,0,1.0,template_site:index=415:site=C:neigh=2:ahead0=23.365:mode=shell,x,yz,408,221,187,0,187,3125.32407630066,30.96922574287664,500.0,0.001,55.75,0.05575,-3613.5728,-3602.638,-3613.5728,-10.934814,-10.302246,1.0,0.05575,0.05575,10,407,415,5,5,1.4438770094710618,48.460486868908006,15.409999999230001,10.0,446.0,0.0,-3.8477733,-61.648125,48.41773910549507,0.49999999916963384,47.91773910632544,23.32261763466471,0.9105699720871385,3.3542600896860986,47.899783059114526,48.301500789950694,48.39605345613544,0.5929108322778927,0.125,22.804661588284162,23.20637931912033,23.300931985305077,1.0,17,50,18,0.36,0.36290909090909096,525,190,0.3619047619047619,0.0,1.0,0.4192825112107623,0.12195006196943402,0.12195006196943402,0.043437450644350784,61.48780367915167,0.3708810564657787,2.926470588235294,2.6153846153846154,2.946524064171123,0.0
188,template_deposition,C,C,none,0,1.0,template_site:index=417:site=C:neigh=1:ahead0=23.365:mode=shell,x,yz,409,221,188,0,188,3197.222960855211,71.8988845545509,500.0,0.001,55.75,0.05575,-3620.9497,-3613.5728,-3620.9497,-7.376953,-6.998047,0.9886263769408192,0.05575,0.05575,10,408,417,4,4,1.5386709268041538,48.460486868908006,12.569999999,10.0,446.0,0.0,-3.8643136,-61.91313,48.39534189336982,0.49999999916963384,47.895341894200186,23.300220422539454,0.9319122085804712,3.3721973094170403,48.05458510009368,48.35488007666238,48.3936714431692,0.530628960256014,0.125,22.95946362926332,23.25975860583202,23.298549972338833,1.0,17,50,18,0.36,0.3649090909090909,525,191,0.3638095238095238,0.0,1.0,0.42152466367713004,0.12212480653863467,0.12212480653863467,0.04373231167478727,61.48780367915167,0.3733986621000102,2.924205378973105,2.5925925925925926,2.9414893617021276,0.0
189,template_deposition,C,C,none,0,1.0,template_site:index=416:site=C:neigh=2:ahead0=23.365:mode=shell,x,yz,410,221,189,0,189,3272.144804289627,74.92184343441556,500.0,0.001,55.75,0.05575,-3631.9336,-3620.9497,-3631.9336,-10.983887,-10.428711,1.0,0.05575,0.05575,10,409,416,3,3,1.4169961390774035,48.460486868908006,11.15,10.0,446.0,0.0,-3.8889413,-62.30771,48.41162847187013,0.49999999916963384,47.9116284727005,23.316507001039767,0.9493472141005606,3.390134529147982,48.06468806680856,48.35488007666238,48.39855741671929,0.5188246774401871,0.125,22.969566595978193,23.25975860583202,23.30343594588893,1.0,17,50,18,0.36,0.36690909090909085,525,192,0.3657142857142857,0.0,1.0,0.42376681614349776,0.12153209839141901,0.12153209839141901,0.043751555420910845,61.48780367915167,0.3735629705662484,2.926829268292683,2.642857142857143,2.947089947089947,0.0
190,template_deposition,C,C,none,0,1.0,template_site:index=410:site=C:neigh=1:ahead0=23.365:mode=shell,x,yz,411,221,190,0,190,3282.834155182164,10.689350892537256,500.0,0.001,55.75,0.05575,-3639.2617,-3631.9336,-3639.2617,-7.328125,-7.015381,0.9734998400328848,0.05575,0.05575,10,410,410,2,2,1.5024076958291808,48.460486868908006,8.30999999977,10.0,446.0,0.0,-3.905372,-62.570957,48.416853303894456,0.49999999916963384,47.916853304724825,23.321731833064092,0.9629503160700955,3.408071748878924,48.224872381721504,48.38419513411769,48.400124866326586,0.3779849217965413,0.125,23.12975091089114,23.289073663287326,23.30500339549622,1.0,18,50,19,0.38,0.3689090909090909,525,193,0.3676190476190476,0.0,1.0,0.4260089686098655,0.12173553110995337,0.12173553110995337,0.04405666840169741,61.48780367915167,0.3761681102090432,2.9245742092457423,2.6206896551724137,2.942105263157895,0.0
191,template_deposition,C,C,none,0,1.0,template_site:index=411:site=C:neigh=2:ahead0=23.365:mode=shell,x,yz,412,221,191,0,191,3296.1963887403226,13.362233558158461,500.0,0.001,55.75,0.05575,-3651.0884,-3639.2617,-3651.0884,-11.82666,-11.0998535,1.0,0.05575,0.05575,10,411,411,1,1,1.4080594453560769,48.460486868908006,6.890000000770001,10.0,446.0,0.0,-3.931889,-62.995808,48.39295553594036,0.49999999916963384,47.89295553677073,23.297834065109996,0.9666968655765843,3.4260089686098656,48.21500871768454,48.36160625729524,48.38847992131665,0.3731611712970612,0.125,23.119887246854177,23.26648478646488,23.293358450486288,1.0,18,50,19,0.38,0.3709090909090909,525,194,0.36952380952380953,0.0,1.0,0.4282511210762332,0.12104653008824176,0.12104653008824176,0.04403788047019843,61.48780367915167,0.3760076936150723,2.9271844660194173,2.6666666666666665,2.9476439790575917,0.0
192,template_deposition,C,C,none,0,1.0,template_site:index=428:site=C:neigh=1:ahead0=24.595:mode=shell,x,yz,413,221,192,0,192,3336.405635424904,40.20924668458146,500.0,0.001,55.75,0.05575,-3657.6465,-3651.0884,-3657.6465,-6.5581055,-5.990967,0.14889772877977325,0.05575,0.05575,9,412,428,10,10,1.5378799603864548,49.69024294249104,13.28000000073,10.0,446.0,0.0,-3.9465935,-63.2314,49.648993375104624,0.49999999916963384,49.14899337593499,24.55387190427426,0.6758631298509239,3.4439461883408073,48.37368383289946,48.36160625729524,48.78295980042519,0.6066274162654551,0.125,23.278562362069096,23.26648478646488,23.687838329594825,1.0,18,50,19,0.38,0.37272727272727274,525,195,0.37142857142857144,0.0,1.0,0.4304932735426009,0.1212425123024432,0.1212425123024432,0.044340118784893516,61.48780367915167,0.37858828855781734,2.9249394673123486,2.4761904761904763,2.9427083333333335,0.0
193,template_deposition,C,C,none,0,1.0,template_site:index=429:site=C:neigh=2:ahead0=24.595:mode=shell,x,yz,414,221,193,0,193,3351.45350442944,15.047869004535546,500.0,0.001,55.75,0.05575,-3668.6985,-3657.6465,-3668.6985,-11.052002,-10.53833,1.0,0.05575,0.05575,10,413,429,9,9,1.396911526821492,49.69024294249104,14.69999999973,10.0,446.0,0.0,-3.9713738,-63.628426,49.64087988626967,0.49999999916963384,49.14087988710004,24.54575841543931,0.757232919946718,3.4618834080717487,48.52602260024173,48.36160625729524,49.63464209166534,0.7347443495143277,0.125,23.430901129411367,23.26648478646488,24.539520620834978,1.0,18,50,19,0.38,0.3745454545454545,525,196,0.37333333333333335,0.0,1.0,0.4327354260089686,0.12140363279487755,0.12140363279487755,0.04463028786554546,61.48780367915167,0.3810658330174827,2.927536231884058,2.5454545454545454,2.948186528497409,0.0
194,template_deposition,C,C,none,0,1.0,template_site:index=420:site=C:neigh=1:ahead0=24.595:mode=shell,x,yz,415,221,194,0,194,3354.6963029288763,3.242798499436668,500.0,0.001,55.75,0.05575,-3676.0613,-3668.6985,-3676.0613,-7.362793,-7.079834,0.9942700630896123,0.05575,0.05575,10,414,420,8,8,1.498463210059815,49.69024294249104,10.440000000500001,10.0,446.0,0.0,-3.9878821,-63.892918,49.64426210338923,0.49999999916963384,49.1442621042196,24.549140632558867,0.8166887760775342,3.4798206278026904,48.826513094245215,48.38795651585302,49.64189455140554,0.6237419636504908,0.125,23.73139162341485,23.292835045022656,24.54677308057518,1.0,18,50,19,0.38,0.3763636363636364,525,197,0.37523809523809526,0.0,1.0,0.4349775784753363,0.12232676094543737,0.12232676094543737,0.04520265071126638,61.48780367915167,0.38595282647022444,2.9253012048192772,2.5217391304347827,2.943298969072165,0.0
195,template_deposition,C,C,none,0,1.0,template_site:index=421:site=C:neigh=2:ahead0=24.595:mode=shell,x,yz,416,221,195,0,195,3366.891170930135,12.194868001258783,500.0,0.001,55.75,0.05575,-3687.0452,-3676.0613,-3687.0452,-10.983887,-10.390137,1.0,0.05575,0.05575,10,415,421,7,7,1.4048854332826985,49.69024294249104,9.01999999927,10.0,446.0,0.0,-4.01251,-64.2875,49.64087988626967,0.49999999916963384,49.14087988710004,24.54575841543931,0.8621684098923922,3.497757847533632,48.83453046982436,48.42304450492068,49.63902155680187,0.6170811875152664,0.125,23.739408998993994,23.32792303409032,24.543900085971508,1.0,18,50,19,0.38,0.3781818181818182,525,198,0.37714285714285717,0.0,1.0,0.437219730941704,0.12174055896919997,0.12174055896919997,0.0452179219028457,61.48780367915167,0.38608321615890123,2.9278846153846154,2.5833333333333335,2.948717948717949,0.0
196,template_deposition,C,C,none,0,1.0,template_site:index=425:site=C:neigh=1:ahead0=24.595:mode=shell,x,yz,417,221,196,0,196,3367.208936952231,0.3177660220956584,500.0,0.001,55.75,0.05575,-3694.3745,-3687.0452,-3694.3745,-7.3293457,-6.9121094,0.7697526626423182,0.05575,0.05575,10,416,425,6,6,1.5135375177813415,49.69024294249104,6.17999999904,10.0,446.0,0.0,-4.028943,-64.55079,49.646144348742176,0.49999999916963384,49.146144349572545,24.551022877911812,0.8977716586990117,3.515695067264574,48.98320104183527,48.99403451216966,49.64245922501142,0.645224921116416,0.125,23.88807957100491,23.8989130413393,24.547337754181058,1.0,18,50,19,0.38,0.38,525,199,0.379047619047619,0.0,1.0,0.43946188340807174,0.121877956994923,0.121877956994923,0.045501103944771255,61.48780367915167,0.3885011033351401,2.9256594724220624,2.56,2.943877551020408,0.0
197,template_deposition,C,C,none,0,1.0,template_site:index=424:site=C:neigh=2:ahead0=24.595:mode=shell,x,yz,418,221,197,0,197,3370.5018247458083,3.2928877935773353,500.0,0.001,55.75,0.05575,-3705.3396,-3694.3745,-3705.3396,-10.965088,-10.045654,1.0,0.05575,0.05575,9,417,424,5,5,1.4144753117095772,49.69024294249104,4.760000000040001,10.0,446.0,0.0,-4.053529,-64.944695,49.64087988626967,0.49999999916963384,49.14087988710004,24.54575841543931,0.9220275698020284,3.5336322869955157,49.137518015415395,49.60563908654615,49.624978301819205,0.6197608223413473,0.125,24.04239654458503,24.510517615715784,24.52985683098884,1.0,18,50,19,0.38,0.3818181818181819,525,200,0.38095238095238093,0.0,1.0,0.44170403587443946,0.12204262205373112,0.12204262205373112,0.04579504103730482,61.48780367915167,0.39101082013012206,2.9282296650717705,2.6153846153846154,2.949238578680203,0.0
198,template_deposition,C,C,none,0,1.0,template_site:index=427:site=C:neigh=1:ahead0=24.595:mode=shell,x,yz,419,221,198,0,198,3378.6200841214195,8.118259375611247,500.0,0.001,55.75,0.05575,-3712.7131,-3705.3396,-3712.7131,-7.373535,-6.8603516,0.997201636896985,0.05575,0.05575,10,418,427,4,4,1.5323915150900564,49.69024294249104,17.539999999960003,10.0,446.0,0.0,-4.070061,-65.20957,49.64136961021005,0.49999999916963384,49.14136961104042,24.546248139379685,0.9431423337846165,3.5515695067264574,49.29923027436675,49.60866818585653,49.62512521900132,0.5496831849778232,0.125,24.204108803536386,24.513546715026166,24.530003748170955,1.0,18,50,19,0.38,0.3836363636363636,525,201,0.38285714285714284,0.0,1.0,0.4439461883408072,0.12224297375523427,0.12224297375523427,0.04610306438768835,61.48780367915167,0.3936408093194446,2.9260143198090693,2.5925925925925926,2.9444444444444446,0.0
199,template_deposition,C,C,none,0,1.0,template_site:index=426:site=C:neigh=2:ahead0=24.595:mode=shell,x,yz,420,221,199,0,199,3397.576863790117,18.956779668697582,500.0,0.001,55.75,0.05575,-3723.6973,-3712.7131,-3723.6973,-10.984131,-10.222168,1.0,0.05575,0.05575,9,419,426,3,3,1.4134961429658928,49.69024294249104,18.95999999896,10.0,446.0,0.0,-4.0946894,-65.60416,49.62184538651956,0.49999999916963384,49.12184538734993,24.526723915689196,0.9576581154878661,3.569506726457399,49.30675421042071,49.60866818585653,49.61926795189417,0.5320528816719298,0.125,24.21163273959035,24.513546715026166,24.52414648106381,1.0,18,50,19,0.38,0.3854545454545455,525,202,0.38476190476190475,0.0,1.0,0.4461883408071749,0.12166649617884598,0.12166649617884598,0.04611739569445781,61.48780367915167,0.3937631740097371,2.9285714285714284,2.642857142857143,2.949748743718593,0.0
200,template_deposition,C,C,none,0,1.0,template_site:index=422:site=C:neigh=1:ahead0=24.595:mode=shell,x,yz,421,221,200,0,200,3434.1978024949326,36.62093870481568,500.0,0.001,55.75,0.05575,-3730.834,-3723.6973,-3730.834,-7.1367188,-6.618408,0.9500958890297401,0.05575,0.05575,9,420,422,2,2,1.4784019689836216,49.69024294249104,1.9199999998100001,10.0,446.0,0.0,-4.110691,-65.860535,49.69320977930761,0.49999999916963384,49.19320978013798,24.598088308477244,0.9739611313379355,3.587443946188341,49.474382940951585,49.60866818585653,49.643254704355975,0.382310422620844,0.125,24.37926147012122,24.513546715026166,24.54813323352561,1.0,18,50,19,0.38,0.3872727272727273,525,203,0.38666666666666666,0.0,1.0,0.4484304932735426,0.12189630735060611,0.12189630735060611,0.046436688514516614,61.48780367915167,0.3964893850711302,2.9263657957244655,2.6206896551724137,2.945,0.0
201,template_deposition,C,C,none,0,1.0,template_site:index=423:site=C:neigh=1:ahead0=24.595:mode=shell,x,yz,422,221,201,0,201,3439.577249938597,5.3794474436645645,500.0,0.001,55.75,0.05575,-3741.8645,-3730.834,-3741.8645,-11.030518,-8.349121,0.9999999999998768,0.05575,0.05575,10,421,423,2,2,1.4162639109578201,49.69024294249104,0.5000000008100001,10.0,446.0,0.0,-4.135423,-66.25678,49.61816333705472,0.49999999916963384,49.118163337885086,24.523041866224354,0.9731590850375534,3.6053811659192827,49.4771082262305,49.60534701973117,49.613216071508255,0.3269719090564308,0.125,24.381986755400135,24.510225548900806,24.51809460067789,1.0,19,50,20,0.4,0.3870909090909091,525,203,0.38666666666666666,0.0,1.0,0.45067264573991034,0.121303416693533,0.121303416693533,0.046441879534095495,61.48780367915167,0.39653370744265504,2.928909952606635,2.6666666666666665,2.9502487562189055,0.0
202,template_deposition,C,C,none,0,1.0,template_site:index=435:site=C:neigh=1:ahead0=25.825:mode=shell,x,yz,423,221,202,0,202,3472.088349962961,32.511100024363756,500.0,0.001,55.75,0.05575,-3748.6213,-3741.8645,-3748.6213,-6.756836,-6.331787,0.9548966335636545,0.05575,0.05575,9,422,435,9,9,1.5635491747364374,50.91999901607407,16.83000000046,10.0,446.0,0.0,-4.150573,-66.49951,50.83904153572511,0.49999999916963384,50.33904153655548,25.743920064894745,0.6743423596090797,3.623318385650224,49.63223560103998,49.60214285444753,49.989717976239284,0.5594062849119725,0.125,24.537114130209616,24.507021383617165,24.89459650540892,1.0,19,50,20,0.4,0.38909090909090915,525,204,0.38857142857142857,0.0,1.0,0.452914798206278,0.12147086203074067,0.12147086203074067,0.04673736024801832,61.48780367915167,0.3990566041071537,2.9267139479905437,2.4761904761904763,2.9455445544554455,0.0
203,template_deposition,C,C,none,0,1.0,template_site:index=436:site=C:neigh=2:ahead0=25.825:mode=shell,x,yz,424,221,203,0,203,3475.1886877999755,3.1003378370145604,500.0,0.001,55.75,0.05575,-3759.6316,-3748.6213,-3759.6316,-11.010254,-10.35498,1.0,0.05575,0.05575,10,423,436,8,8,1.4363705165367477,50.91999901607407,15.409999999230001,10.0,446.0,0.0,-4.1752596,-66.895035,50.8726336806124,0.49999999916963384,50.37263368144277,25.77751220978204,0.7543059515175038,3.6412556053811658,49.78489260436939,49.603014452078895,50.82994010024516,0.6883044156026061,0.125,24.689771133539026,24.50789298124853,25.734818629414796,1.0,19,50,20,0.4,0.3910909090909091,525,205,0.3904761904761905,0.0,1.0,0.4551569506726457,0.12162448834255678,0.12162448834255678,0.047028135492455284,61.48780367915167,0.4015393241621094,2.9292452830188678,2.5454545454545454,2.9507389162561575,0.0
204,template_deposition,C,C,none,0,1.0,template_site:index=438:site=C:neigh=1:ahead0=25.825:mode=shell,x,yz,425,221,204,0,204,3482.357602648258,7.168914848282162,500.0,0.001,55.75,0.05575,-3767.0144,-3759.6316,-3767.0144,-7.3828125,-6.9990234,0.9999999811617445,0.05575,0.05575,10,424,438,7,7,1.537077605712281,50.91999901607407,12.569999999,10.0,446.0,0.0,-4.191813,-67.16025,50.85669207735266,0.49999999916963384,50.35669207818303,25.761570606522298,0.8115911337129705,3.6591928251121075,49.93958140863327,49.61745343869525,50.846923804040806,0.7620447582546226,0.125,24.84445993780291,24.522331967864886,25.751802333210442,1.0,19,50,20,0.4,0.3930909090909091,525,206,0.3923809523809524,0.0,1.0,0.45739910313901344,0.12178656832256328,0.12178656832256328,0.047322780833910304,61.48780367915167,0.4040550881837203,2.927058823529412,2.5217391304347827,2.946078431372549,0.0
205,template_deposition,C,C,none,0,1.0,template_site:index=437:site=C:neigh=2:ahead0=25.825:mode=shell,x,yz,426,221,205,0,205,3507.7914689652625,25.4338663170049,500.0,0.001,55.75,0.05575,-3777.9922,-3767.0144,-3777.9922,-10.977783,-10.414795,1.0,0.05575,0.05575,10,425,437,6,6,1.415315362458216,50.91999901607407,11.15,10.0,446.0,0.0,-4.216427,-67.5546,50.87055436494237,0.49999999916963384,50.37055436577274,25.775432894112008,0.8567945752842256,3.6771300448430493,49.94942685564156,49.64990408293356,50.851082490317715,0.7611300525487843,0.125,24.854305384811198,24.554782612103196,25.75596101948735,1.0,19,50,20,0.4,0.39509090909090916,525,207,0.3942857142857143,0.0,1.0,0.45964125560538116,0.12124051407224974,0.12124051407224974,0.04734153406630704,61.48780367915167,0.40421520850708825,2.9295774647887325,2.5833333333333335,2.951219512195122,0.0
206,template_deposition,C,C,none,0,1.0,template_site:index=431:site=C:neigh=1:ahead0=25.825:mode=shell,x,yz,427,221,206,0,206,3521.741581085654,13.950112120391552,500.0,0.001,55.75,0.05575,-3785.399,-3777.9922,-3785.399,-7.4067383,-7.0666504,0.9999999937501167,0.05575,0.05575,10,426,431,5,5,1.5037342852611804,50.91999901607407,8.30999999977,10.0,446.0,0.0,-4.2330337,-67.82068,50.87235156994938,0.49999999916963384,50.37235157077975,25.777230099119016,0.8916489323547915,3.695067264573991,50.09934718696809,50.25014558289148,50.85345688183886,0.8042246068251726,0.125,25.004225716137725,25.155024112061113,25.758335411008495,1.0,19,50,20,0.4,0.3970909090909091,525,208,0.3961904761904762,0.0,1.0,0.4618834080717489,0.12137973648610546,0.12137973648610546,0.047627096602167095,61.48780367915167,0.40665342100381074,2.927400468384075,2.56,2.9466019417475726,0.0
207,template_deposition,C,C,none,0,1.0,template_site:index=432:site=C:neigh=2:ahead0=25.825:mode=shell,x,yz,428,221,207,0,207,3536.2317991912764,14.490218105622072,500.0,0.001,55.75,0.05575,-3796.3604,-3785.399,-3796.3604,-10.961426,-10.363037,1.0,0.05575,0.05575,10,427,432,4,4,1.4036484804409937,50.91999901607407,6.890000000770001,10.0,446.0,0.0,-4.2576113,-68.214455,50.85567387536565,0.49999999916963384,50.35567387619602,25.76055240453529,0.9170167999077189,3.713004484304933,50.097109221133444,50.24795359712377,50.848453573463736,0.8022427209944897,0.125,25.00198775030308,25.152832126293404,25.753332102633372,1.0,19,50,20,0.4,0.39909090909090905,525,209,0.3980952380952381,0.0,1.0,0.4641255605381166,0.12078254951837236,0.12078254951837236,0.04762283381010111,61.48780367915167,0.40661702409742057,2.9299065420560746,2.6153846153846154,2.9516908212560384,0.0
208,template_deposition,C,C,none,0,1.0,template_site:index=434:site=C:neigh=1:ahead0=25.825:mode=shell,x,yz,429,221,208,0,208,3536.9306826303987,0.6988834391223724,500.0,0.001,55.75,0.05575,-3803.6924,-3796.3604,-3803.6924,-7.3320312,-6.826416,0.9999994383075925,0.05575,0.05575,9,428,434,3,3,1.5217616827796179,50.91999901607407,4.05000000054,10.0,446.0,0.0,-4.2740507,-68.477844,50.88066163262818,0.49999999916963384,50.38066163345855,25.78554016179782,0.9387786296465108,3.7309417040358746,50.265145010090876,50.8271901263546,50.8559499006425,0.805568290599742,0.125,25.170023539260512,25.732068655524237,25.760828429812136,1.0,19,50,20,0.4,0.4010909090909091,525,210,0.4,0.0,1.0,0.4663677130044843,0.12100972855413708,0.12100972855413708,0.04794290197954383,61.48780367915167,0.40934985530788726,2.9277389277389276,2.5925925925925926,2.9471153846153846,0.0
209,template_deposition,C,C,none,0,1.0,template_site:index=433:site=C:neigh=2:ahead0=25.825:mode=shell,x,yz,430,221,209,0,209,3547.7499175433845,10.819234912985728,500.0,0.001,55.75,0.05575,-3814.717,-3803.6924,-3814.717,-11.024658,-9.714844,1.0,0.05575,0.05575,9,429,433,2,2,1.4193737418694647,50.91999901607407,2.62999999931,10.0,446.0,0.0,-4.2987695,-68.87388,50.84535915836292,0.49999999916963384,50.345359159193286,25.750237687532554,0.9527050179358735,3.7488789237668163,50.412231680480616,50.82890782229113,50.843884371377776,0.7773014655299824,0.125,25.317110209650252,25.733786351460765,25.748762900547412,1.0,19,50,20,0.4,0.4030909090909091,525,211,0.40190476190476193,0.0,1.0,0.46860986547085204,0.12113449861076676,0.12113449861076676,0.04822306706600048,61.48780367915167,0.4117419828777261,2.9302325581395348,2.642857142857143,2.952153110047847,0.0
210,template_deposition,C,C,none,0,1.0,template_site:index=439:site=C:neigh=1:ahead0=25.825:mode=shell,x,yz,431,221,210,0,210,3548.376580553479,0.6266630100946736,500.0,0.001,55.75,0.05575,-3822.002,-3814.717,-3822.002,-7.284912,-6.230957,1.0,0.05575,0.05575,9,430,439,1,1,1.556765073167838,50.91999901607407,19.67000000069,10.0,446.0,0.0,-4.3151035,-69.13558,50.88911835761424,0.49999999916963384,50.389118358444605,25.793996886783873,0.9692723553949043,3.766816143497758,50.69432845167064,50.840054701789214,50.85848691813831,0.3826075601607812,0.125,25.59920698084028,25.74493323095885,25.763365447307947,1.0,20,50,21,0.42,0.4070909090909091,525,213,0.4057142857142857,0.0,1.0,0.47085201793721976,0.12190098562304895,0.12190098562304895,0.04876039424921958,61.48780367915167,0.4163298320821315,2.9280742459396754,2.6206896551724137,2.947619047619048,0.0
211,template_deposition,C,C,none,0,1.0,template_site:index=440:site=C:neigh=1:ahead0=25.825:mode=shell,x,yz,432,221,211,0,211,3566.8731845980424,18.496604044563224,500.0,0.001,55.75,0.05575,-3833.456,-3822.002,-3833.456,-11.454102,-8.938721,1.0,0.05575,0.05575,10,431,440,1,1,1.4289176401795962,50.91999901607407,21.08999999969,10.0,446.0,0.0,-4.3407855,-69.54705,50.84535915836292,0.49999999916963384,50.345359159193286,25.750237687532554,0.9728383688623289,3.7847533632286994,50.67579757690194,50.81931173055527,50.843884371377776,0.37576869759085507,0.125,25.58067610607158,25.724190259724907,25.748762900547412,1.0,20,50,21,0.42,0.41090909090909095,525,215,0.4095238095238095,0.0,1.0,0.4730941704035874,0.12123543178232976,0.12123543178232976,0.048725097344898244,61.48780367915167,0.4160284572783509,2.9305555555555554,2.6666666666666665,2.9526066350710902,0.0
212,template_deposition,C,C,none,0,1.0,template_site:index=442:site=C:neigh=1:ahead0=27.055:mode=shell,x,yz,433,221,212,0,212,3584.1523346968957,17.279150098853403,500.0,0.001,55.75,0.05575,-3840.0583,-3833.456,-3840.0583,-6.602295,-6.119629,0.21960791059501106,0.05575,0.05575,9,432,442,10,10,1.5475673330260598,52.149755089657106,9.01999999927,10.0,446.0,0.0,-4.3555884,-69.78422,52.09389853704352,0.49999999916963384,51.59389853787389,26.998777066213158,0.6802905260669252,3.802690582959641,50.98769751678637,50.83159052169478,51.26489997407394,0.42023011549384953,0.125,25.892576045956005,25.736469050864414,26.169778503243577,1.0,20,50,21,0.42,0.4127272727272727,525,216,0.4114285714285714,0.0,1.0,0.47533632286995514,0.1221347926696038,0.1221347926696038,0.04931919246848763,61.48780367915167,0.42110100697474184,2.928406466512702,2.4761904761904763,2.94811320754717,0.0
213,template_deposition,C,C,none,0,1.0,template_site:index=441:site=C:neigh=2:ahead0=27.055:mode=shell,x,yz,434,221,213,0,213,3596.4865838662595,12.334249169363865,500.0,0.001,55.75,0.05575,-3851.0894,-3840.0583,-3851.0894,-11.031006,-10.512939,1.0,0.05575,0.05575,10,433,441,9,9,1.405616110546502,52.149755089657106,10.440000000500001,10.0,446.0,0.0,-4.380322,-70.1805,52.1055253534274,0.49999999916963384,51.60552535425777,27.01040388259704,0.7604569651209105,3.820627802690583,50.99870509815681,50.83159052169478,51.28142964823369,0.42192704244573753,0.125,25.903583627326448,25.736469050864414,26.186308177403326,1.0,20,50,21,0.42,0.41454545454545455,525,217,0.41333333333333333,0.0,1.0,0.47757847533632286,0.12161306867289412,0.12161306867289412,0.04934015929014562,61.48780367915167,0.42128002753998894,2.9308755760368665,2.5454545454545454,2.9530516431924885,0.0
214,template_deposition,C,C,none,0,1.0,template_site:index=446:site=C:neigh=1:ahead0=27.055:mode=shell,x,yz,435,221,214,0,214,3608.7506282229183,12.264044356659014,500.0,0.001,55.75,0.05575,-3858.5112,-3851.0894,-3858.5112,-7.421875,-7.0646973,0.7249065506417428,0.05575,0.05575,10,434,446,8,8,1.488611109315301,52.149755089657106,6.17999999904,10.0,446.0,0.0,-4.3969626,-70.44711,52.11125819448942,0.49999999916963384,51.61125819531979,27.01613672365906,0.8189958721792049,3.8385650224215246,51.14310645146834,50.83743759944075,52.10724520574601,0.5597492060429594,0.125,26.047984980637978,25.742316128610383,27.012123734915647,1.0,20,50,21,0.42,0.4163636363636363,525,218,0.41523809523809524,0.0,1.0,0.4798206278026906,0.12171955598428962,0.12171955598428962,0.04961520948692948,61.48780367915167,0.42362848275665316,2.928735632183908,2.5217391304347827,2.9485981308411215,0.0
215,template_deposition,C,C,none,0,1.0,template_site:index=445:site=C:neigh=2:ahead0=27.055:mode=shell,x,yz,436,221,215,0,215,3632.628070707489,23.87744248457056,500.0,0.001,55.75,0.05575,-3869.5288,-3858.5112,-3869.5288,-11.017578,-10.313477,1.0,0.05575,0.05575,9,435,445,7,7,1.4027242864526979,52.149755089657106,4.760000000040001,10.0,446.0,0.0,-4.4216657,-70.842896,52.1055253534274,0.49999999916963384,51.60552535425777,27.01040388259704,0.8602792457857099,3.8565022421524664,51.294891986695916,50.882551132066006,52.08770495665031,0.6147109449095165,0.125,26.199770515865552,25.78742966123564,26.99258348581995,1.0,20,50,21,0.42,0.4181818181818182,525,219,0.41714285714285715,0.0,1.0,0.4820627802690583,0.12185939774821188,0.12185939774821188,0.04990432479212486,61.48780367915167,0.4260970297878596,2.9311926605504586,2.5833333333333335,2.953488372093023,0.0
216,template_deposition,C,C,none,0,1.0,template_site:index=449:site=C:neigh=1:ahead0=27.055:mode=shell,x,yz,437,221,216,0,216,3649.0857129226197,16.457642215130836,500.0,0.001,55.75,0.05575,-3876.9104,-3869.5288,-3876.9104,-7.381592,-7.024658,0.9999992342801393,0.05575,0.05575,10,436,449,6,6,1.5204769739489414,52.149755089657106,13.28000000073,10.0,446.0,0.0,-4.4382167,-71.10807,52.095441522473934,0.49999999916963384,51.5954415233043,27.00032005164357,0.894193157036277,3.874439461883408,51.43635863430284,51.46126155027871,52.084679807364274,0.645733528371993,0.125,26.341237163472478,26.366140079448343,26.98955833653391,1.0,20,50,21,0.42,0.42,525,220,0.41904761904761906,0.0,1.0,0.484304932735426,0.12195017205311333,0.12195017205311333,0.05017378507328091,61.48780367915167,0.42839775674738984,2.929061784897025,2.56,2.949074074074074,0.0
217,template_deposition,C,C,none,0,1.0,template_site:index=450:site=C:neigh=2:ahead0=27.055:mode=shell,x,yz,438,221,217,0,217,3717.148495671819,68.06278274919949,500.0,0.001,55.75,0.05575,-3887.875,-3876.9104,-3887.875,-10.9646,-10.38501,1.0,0.05575,0.05575,10,437,450,5,5,1.4080053390846474,52.149755089657106,14.69999999973,10.0,446.0,0.0,-4.462801,-71.50195,52.09369814757162,0.49999999916963384,51.59369814840199,26.99857667674126,0.920385234260703,3.89237668161435,51.58944467388971,52.071719285091646,52.08415679489358,0.6324531903582938,0.125,26.494323203059345,26.976597814261282,26.989035324063217,1.0,20,50,21,0.42,0.4218181818181818,525,221,0.42095238095238097,0.0,1.0,0.48654708520179374,0.12209365531363753,0.12209365531363753,0.05046537752963685,61.48780367915167,0.4308874543854073,2.9315068493150687,2.6153846153846154,2.953917050691244,0.0
218,template_deposition,C,C,none,0,1.0,template_site:index=448:site=C:neigh=1:ahead0=27.055:mode=shell,x,yz,439,221,218,0,218,3743.2926117321967,26.144116060377655,500.0,0.001,55.75,0.05575,-3895.1814,-3887.875,-3895.1814,-7.3063965,-6.8251953,0.9999223070520755,0.05575,0.05575,10,438,448,4,4,1.5310796441295644,52.149755089657106,17.539999999960003,10.0,446.0,0.0,-4.4791827,-71.76442,52.104317154705114,0.49999999916963384,51.60431715553548,27.00919568387475,0.9416936031777513,3.9103139013452917,51.753212758299384,52.071719285091646,52.08734249703363,0.5637751673522202,0.125,26.65809128746902,26.976597814261282,26.992221026203268,1.0,20,50,21,0.42,0.4236363636363636,525,222,0.4228571428571429,0.0,1.0,0.48878923766816146,0.12228482241958266,0.12228482241958266,0.050777316738036225,61.48780367915167,0.43355087826153454,2.929384965831435,2.5925925925925926,2.94954128440367,0.0
219,template_deposition,C,C,none,0,1.0,template_site:index=447:site=C:neigh=2:ahead0=27.055:mode=shell,x,yz,440,221,219,0,219,3754.708012574338,11.41540084214153,500.0,0.001,55.75,0.05575,-3906.1565,-3895.1814,-3906.1565,-10.975098,-9.933594,1.0,0.05575,0.05575,9,439,447,3,3,1.4181551483917076,52.149755089657106,18.95999999896,10.0,446.0,0.0,-4.503791,-72.15868,52.08006764374585,0.49999999916963384,51.58006764457622,26.984946172915485,0.9562593511384189,3.928251121076233,51.76321002037389,52.071719285091646,52.07905778236646,0.5408834441543321,0.125,26.668088549543526,26.976597814261282,26.983936311536098,1.0,20,50,21,0.42,0.4254545454545455,525,223,0.4247619047619048,0.0,1.0,0.4910313901345291,0.12177209383353209,0.12177209383353209,0.05079635914198767,61.48780367915167,0.4337134676122076,2.9318181818181817,2.642857142857143,2.954337899543379,0.0
220,template_deposition,C,C,none,0,1.0,template_site:index=451:site=C:neigh=1:ahead0=27.055:mode=shell,x,yz,441,221,220,0,220,3762.22808600657,7.520073432231576,500.0,0.001,55.75,0.05575,-3913.3875,-3906.1565,-3913.3875,-7.230957,-6.7209473,0.9988154334788795,0.05575,0.05575,9,440,451,2,2,1.4318408318568119,52.149755089657106,21.79999999919,10.0,446.0,0.0,-4.520004,-72.41845,52.16210378445488,0.49999999916963384,51.66210378528525,27.066982313624514,0.9747088276664623,3.9461883408071747,51.915896621788285,52.071719285091646,52.10467848595856,0.44709629375350707,0.125,26.82077515095792,26.976597814261282,27.009557015128195,1.0,20,50,21,0.42,0.4290909090909091,525,225,0.42857142857142855,0.0,1.0,0.49327354260089684,0.121912614322536,0.121912614322536,0.051087190763729376,61.48780367915167,0.4361966690322994,2.929705215419501,2.6206896551724137,2.95,0.0
221,template_deposition,C,C,none,0,1.0,template_site:index=443:site=C:neigh=1:ahead0=27.055:mode=shell,x,yz,442,221,221,0,221,3764.5396054415396,2.31151943496966,500.0,0.001,55.75,0.05575,-3921.3977,-3913.3875,-3921.3977,-8.010254,-7.0129395,1.0,0.05575,0.05575,10,441,443,1,1,1.5144268930845215,52.149755089657106,1.9199999998100001,10.0,446.0,0.0,-4.537964,-72.7062,52.1572612662653,0.49999999916963384,51.65726126709567,27.062139795434938,0.9855027344764415,3.9641255605381165,52.082556622896064,52.071719285091646,52.13086291999918,0.03573980913581071,0.125,26.9874351520657,26.976597814261282,27.035741449168817,1.0,21,50,22,0.44,0.4309090909090909,525,226,0.43047619047619046,0.0,1.0,0.49551569506726456,0.12211509118581765,0.12211509118581765,0.05140463838488705,61.48780367915167,0.4389071252713517,2.927601809954751,2.6,2.9457013574660635,0.0
222,template_deposition,C,C,none,0,1.0,template_site:index=461:site=C:neigh=1:ahead0=28.284:mode=shell,x,yz,443,221,222,0,222,3784.6372669089437,20.097661467404105,500.0,0.001,55.75,0.05575,-3929.761,-3921.3977,-3929.761,-8.363281,-7.651367,0.6981719065296181,0.05575,0.05575,8,442,461,10,10,1.4652776054905905,53.37951116324014,21.08999999969,10.0,446.0,0.0,-4.5567155,-73.00663,53.30021167467624,0.49999999916963384,52.80021167550661,28.205090203845877,0.693762294333736,3.9820627802690582,52.22255030686873,52.071719285091646,52.46616738109619,0.4078074666724868,0.125,27.12742883603837,26.976597814261282,27.371045910265828,1.0,21,50,22,0.44,0.43290909090909097,525,227,0.43238095238095237,0.0,1.0,0.4977578475336323,0.12219562538756022,0.12219562538756022,0.051671293021025466,61.48780367915167,0.4411838968519918,2.925507900677201,2.380952380952381,2.9414414414414414,0.0
223,template_deposition,C,C,none,0,1.0,template_site:index=460:site=C:neigh=2:ahead0=28.284:mode=shell,x,yz,444,221,223,0,223,3818.7306375140893,34.09337060514541,500.0,0.001,55.75,0.05575,-3940.586,-3929.761,-3940.586,-10.824951,-9.691895,1.0,0.05575,0.05575,9,443,460,9,9,1.4558410479481652,53.37951116324014,19.67000000069,10.0,446.0,0.0,-4.580987,-73.39551,53.33334800867346,0.49999999916963384,52.83334800950383,28.238226537843097,0.7654863785624376,4.0,52.23531303167738,52.074844467765594,52.484454926848585,0.4157609787045815,0.125,27.140191560847015,26.97972299693523,27.38933345601822,1.0,21,50,22,0.44,0.4349090909090909,525,228,0.4342857142857143,0.0,1.0,0.5,0.12170489489169065,0.12170489489169065,0.05169560297304193,61.48780367915167,0.4413914619957273,2.9279279279279278,2.4545454545454546,2.9461883408071747,0.0
224,template_deposition,C,C,none,0,1.0,template_site:index=454:site=C:neigh=1:ahead0=28.284:mode=shell,x,yz,445,221,224,0,224,3826.645782314198,7.915144800109132,500.0,0.001,55.75,0.05575,-3949.1611,-3940.586,-3949.1611,-8.575195,-7.2978516,0.9999434302486983,0.05575,0.05575,9,444,454,8,8,1.5403352560703607,53.37951116324014,2.62999999931,10.0,446.0,0.0,-4.6002135,-73.703545,53.33334800867346,0.49999999916963384,52.83334800950383,28.238226537843097,0.8116675918863941,4.017937219730942,52.37364109738015,52.074844467765594,53.26407628596746,0.5265950603452518,0.125,27.278519626549787,26.97972299693523,28.1689548151371,1.0,21,50,22,0.44,0.43690909090909086,525,229,0.4361904761904762,0.0,1.0,0.5022421524663677,0.1217791054756687,0.1217791054756687,0.051959085002951974,61.48780367915167,0.44364114498041446,2.9303370786516854,2.5217391304347827,2.950892857142857,0.0
225,template_deposition,C,C,none,0,1.0,template_site:index=455:site=C:neigh=2:ahead0=28.284:mode=shell,x,yz,446,221,225,0,225,3829.8740667244965,3.228284410298186,500.0,0.001,55.75,0.05575,-3960.187,-3949.1611,-3960.187,-11.025879,-9.872314,1.0,0.05575,0.05575,9,445,455,7,7,1.4831683582708743,53.37951116324014,4.05000000054,10.0,446.0,0.0,-4.6249356,-74.09964,53.33334800867346,0.49999999916963384,52.83334800950383,28.238226537843097,0.8536569530768208,4.0358744394618835,52.524420867017916,52.09920637194915,53.31842326858333,0.5853801307229153,0.125,27.429299396187552,27.004084901118787,28.223301797752967,1.0,21,50,22,0.44,0.4389090909090909,525,230,0.4380952380952381,0.0,1.0,0.5044843049327354,0.12190799731638913,0.12190799731638913,0.052246284564166766,61.48780367915167,0.4460933348557359,2.9327354260089686,2.5833333333333335,2.9555555555555557,0.0
226,template_deposition,C,C,none,0,1.0,template_site:index=456:site=C:neigh=1:ahead0=28.284:mode=shell,x,yz,447,221,226,0,226,3838.237818737306,8.36375201280937,500.0,0.001,55.75,0.05575,-3967.7505,-3960.187,-3967.7505,-7.5634766,-6.8918457,0.8996052061057881,0.05575,0.05575,10,446,456,6,6,1.601488212555953,53.37951116324014,16.83000000046,10.0,446.0,0.0,-4.641894,-74.37134,53.31202695140185,0.49999999916963384,52.812026952232216,28.216905480571484,0.8845266135984237,4.053811659192825,52.66529065723469,52.63294173298131,53.30899492931584,0.6060864888500871,0.125,27.57016918640433,27.537820262150944,28.213873458485473,1.0,21,50,22,0.44,0.4409090909090909,525,231,0.44,0.0,1.0,0.5067264573991032,0.1219918990548864,0.1219918990548864,0.05251460797410348,61.48780367915167,0.44838435489203193,2.930648769574944,2.56,2.9513274336283186,0.0
227,template_deposition,C,C,none,0,1.0,template_site:index=457:site=C:neigh=2:ahead0=28.284:mode=shell,x,yz,448,221,227,0,227,3841.968498100986,3.7306793636798474,500.0,0.001,55.75,0.05575,-3978.6814,-3967.7505,-3978.6814,-10.930908,-10.284912,1.0,0.05575,0.05575,10,447,457,5,5,1.44663396189728,53.37951116324014,15.409999999230001,10.0,446.0,0.0,-4.666403,-74.764015,53.332599468439085,0.49999999916963384,52.832599469269454,28.23747799760872,0.912862548173267,4.071748878923767,52.81776404817998,53.215335649428496,53.318198706513016,0.593999026071174,0.125,27.722642577349617,28.120214178598133,28.223077235682652,1.0,21,50,22,0.44,0.442909090909091,525,232,0.4419047619047619,0.0,1.0,0.5089686098654709,0.12212617875484413,0.12212617875484413,0.05280503348066594,61.48780367915167,0.4508640887875685,2.9330357142857144,2.6153846153846154,2.9559471365638768,0.0
228,template_deposition,C,C,none,0,1.0,template_site:index=459:site=C:neigh=1:ahead0=28.284:mode=shell,x,yz,449,221,228,0,228,3853.568980602059,11.600482501073369,500.0,0.001,55.75,0.05575,-3986.0676,-3978.6814,-3986.0676,-7.3862305,-6.98999,0.988689914582158,0.05575,0.05575,10,448,459,4,4,1.5451894038301854,53.37951116324014,12.569999999,10.0,446.0,0.0,-4.682964,-75.02935,53.31202695140185,0.49999999916963384,52.812026952232216,28.216905480571484,0.9337736378538094,4.089686098654709,52.97309227459881,53.27428949101983,53.310930966605994,0.5295905177037501,0.125,27.87797080376845,28.179168020189465,28.21580949577563,1.0,21,50,22,0.44,0.4449090909090909,525,233,0.4438095238095238,0.0,1.0,0.5112107623318386,0.12227180177091425,0.12227180177091425,0.05310089676908276,61.48780367915167,0.4533902519796927,2.930957683741648,2.5925925925925926,2.9517543859649122,0.0
229,template_deposition,C,C,none,0,1.0,template_site:index=458:site=C:neigh=2:ahead0=28.284:mode=shell,x,yz,450,221,229,0,229,3856.804824464357,3.2358438622978603,500.0,0.001,55.75,0.05575,-3997.0361,-3986.0676,-3997.0361,-10.968506,-10.440186,1.0,0.05575,0.05575,10,449,458,3,3,1.4167387609190691,53.37951116324014,11.15,10.0,446.0,0.0,-4.7075567,-75.42338,53.33230112476748,0.49999999916963384,52.83230112559785,28.23717965393712,0.9513742535837202,4.1076233183856505,52.98350043460282,53.27428949101983,53.31810920341154,0.5188246071272813,0.125,27.888378963772453,28.179168020189465,28.222987732581174,1.0,21,50,22,0.44,0.44690909090909087,525,234,0.44571428571428573,0.0,1.0,0.5134529147982063,0.12178331425228145,0.12178331425228145,0.053120721835757057,61.48780367915167,0.4535595239227648,2.933333333333333,2.642857142857143,2.9563318777292578,0.0
230,template_deposition,C,C,none,0,1.0,template_site:index=452:site=C:neigh=1:ahead0=28.284:mode=shell,x,yz,451,221,230,0,230,3860.224830268879,3.4200058045223116,500.0,0.001,55.75,0.05575,-4004.3665,-3997.0361,-4004.3665,-7.3303223,-6.945801,0.8624596434302629,0.05575,0.05575,10,450,452,2,2,1.5249961969389434,53.37951116324014,8.30999999977,10.0,446.0,0.0,-4.7239923,-75.68671,53.32731953026665,0.49999999916963384,52.82731953109702,28.232198059436286,0.9644333604298275,4.125560538116592,53.14150591898644,53.304672818746965,53.316614725061285,0.37912800430493365,0.125,28.046384448156076,28.2095513479166,28.22149325423092,1.0,22,50,23,0.46,0.4489090909090909,525,235,0.44761904761904764,0.0,1.0,0.515695067264574,0.12194080194850468,0.12194080194850468,0.05342168466315443,61.48780367915167,0.45612922839957626,2.9312638580931263,2.6206896551724137,2.9521739130434783,0.0
231,template_deposition,C,C,none,0,1.0,template_site:index=453:site=C:neigh=2:ahead0=28.284:mode=shell,x,yz,452,221,231,0,231,3862.25818239451,2.0333521256312563,500.0,0.001,55.75,0.05575,-4016.1594,-4004.3665,-4016.1594,-11.792969,-11.125244,1.0,0.05575,0.05575,11,451,453,1,1,1.4104567727409671,53.37951116324014,6.890000000770001,10.0,446.0,0.0,-4.750434,-76.110344,53.30769549127898,0.49999999916963384,52.807695492109346,28.212574020448614,0.9678833431302158,4.143497757847534,53.13305848402324,53.284679996556434,53.30652405530313,0.3745056319136185,0.125,28.037937013192874,28.18955852572607,28.211402584472765,1.0,22,50,23,0.46,0.4509090909090909,525,236,0.44952380952380955,0.0,1.0,0.5179372197309418,0.12137635070646266,0.12137635070646266,0.05340559431084357,61.48780367915167,0.45599184448833296,2.933628318584071,2.6666666666666665,2.9567099567099566,0.0
232,template_deposition,C,C,none,0,1.0,template_site:index=471:site=C:neigh=1:ahead0=29.514:mode=shell,x,yz,453,221,232,0,232,3868.8277748032756,6.569592408765211,500.0,0.001,55.75,0.05575,-4022.7407,-4016.1594,-4022.7407,-6.581299,-6.01416,0.21410758806382704,0.05575,0.05575,9,452,471,10,10,1.5440002509249775,54.60926723682317,14.69999999973,10.0,446.0,0.0,-4.7651906,-76.34677,54.555525587263354,0.49999999916963384,54.05552558809372,29.46040411643299,0.6755668011189213,4.161434977578475,53.28974077547517,53.284679996556434,53.68204452007429,0.6041682331658214,0.125,28.194619304644803,28.18955852572607,28.58692304924393,1.0,22,50,23,0.46,0.45272727272727276,525,237,0.4514285714285714,0.0,1.0,0.5201793721973094,0.12152853148553794,0.12152853148553794,0.05370403677075201,61.48780367915167,0.45854002936528043,2.931567328918322,2.4761904761904763,2.9525862068965516,0.0
233,template_deposition,C,C,none,0,1.0,template_site:index=470:site=C:neigh=2:ahead0=29.514:mode=shell,x,yz,454,221,233,0,233,3931.044871990989,62.21709718771332,500.0,0.001,55.75,0.05575,-4033.7854,-4022.7407,-4033.7854,-11.044678,-10.474365,1.0,0.05575,0.05575,10,453,470,9,9,1.4081207787283587,54.60926723682317,13.28000000073,10.0,446.0,0.0,-4.789954,-76.74353,54.55577775867377,0.49999999916963384,54.05577775950414,29.460656287843406,0.7558423700902347,4.179372197309417,53.44350545144085,53.284679996556434,54.53787705061844,0.7305672118348416,0.125,28.348383980610485,28.18955852572607,29.442755579788077,1.0,22,50,23,0.46,0.45454545454545453,525,238,0.4533333333333333,0.0,1.0,0.5224215246636771,0.12166688403695487,0.12166688403695487,0.0539969218678295,61.48780367915167,0.46104076392994364,2.933920704845815,2.5454545454545454,2.9570815450643777,0.0
234,template_deposition,C,C,none,0,1.0,template_site:index=462:site=C:neigh=1:ahead0=29.514:mode=shell,x,yz,455,221,234,0,234,3949.335239053236,18.2903670622469,500.0,0.001,55.75,0.05575,-4041.1477,-4033.7854,-4041.1477,-7.3623047,-7.023926,0.7796414138985738,0.05575,0.05575,10,454,462,8,8,1.5181134716134612,54.60926723682317,10.440000000500001,10.0,446.0,0.0,-4.806462,-77.00801,54.55576660252424,0.49999999916963384,54.055766603354606,29.460645131693873,0.815196797224139,4.197309417040358,53.74338294642306,53.30835091897245,54.53787370377358,0.6168710866286268,0.125,28.648261475592697,28.213229448142087,29.442752232943214,1.0,22,50,23,0.46,0.4563636363636364,525,239,0.4552380952380952,0.0,1.0,0.5246636771300448,0.12242846784441323,0.12242846784441323,0.054568117096367046,61.48780367915167,0.4659177879418436,2.9318681318681317,2.5217391304347827,2.952991452991453,0.0
235,template_deposition,C,C,none,0,1.0,template_site:index=463:site=C:neigh=2:ahead0=29.514:mode=shell,x,yz,456,221,235,0,235,3952.5521101673075,3.2168711140715542,500.0,0.001,55.75,0.05575,-4052.1316,-4041.1477,-4052.1316,-10.983887,-10.378418,1.0,0.05575,0.05575,10,455,463,7,7,1.4103849530062789,54.60926723682317,9.01999999927,10.0,446.0,0.0,-4.831089,-77.40258,54.55553696934831,0.49999999916963384,54.05553697017868,29.460415498517946,0.8611232172444243,4.2152466367713,53.75229603031795,53.344118071139974,54.5378048138208,0.6109626020484884,0.125,28.657174559487586,28.24899660030961,29.442683342990435,1.0,22,50,23,0.46,0.4581818181818182,525,240,0.45714285714285713,0.0,1.0,0.5269058295964125,0.12194542365739398,0.12194542365739398,0.054585094399023974,61.48780367915167,0.46606274488227034,2.9342105263157894,2.5833333333333335,2.9574468085106385,0.0
236,template_deposition,C,C,none,0,1.0,template_site:index=469:site=C:neigh=1:ahead0=29.514:mode=shell,x,yz,457,221,236,0,236,3960.9034290479945,8.351318880687103,500.0,0.001,55.75,0.05575,-4059.5234,-4052.1316,-4059.5234,-7.3918457,-6.968506,0.7707553963263407,0.05575,0.05575,10,456,469,6,6,1.5136579662322591,54.60926723682317,17.539999999960003,10.0,446.0,0.0,-4.847663,-77.66812,54.561251365922054,0.49999999916963384,54.06125136675242,29.46612989509169,0.8964972426110254,4.233183856502242,53.915267252216395,53.944205748211616,54.55725128832043,0.6253522510595024,0.125,28.82014578138603,28.84908427738125,29.462129817490066,1.0,22,50,23,0.46,0.46,525,241,0.45904761904761904,0.0,1.0,0.5291479820627802,0.12211926178553403,0.12211926178553403,0.054895515774068634,61.48780367915167,0.4687132090743049,2.9321663019693656,2.56,2.9533898305084745,0.0
237,template_deposition,C,C,none,0,1.0,template_site:index=468:site=C:neigh=2:ahead0=29.514:mode=shell,x,yz,458,221,237,0,237,3967.8036304465822,6.900201398588008,500.0,0.001,55.75,0.05575,-4070.5815,-4059.5234,-4070.5815,-11.058105,-10.335205,1.0,0.05575,0.05575,10,457,468,5,5,1.407497986597502,54.60926723682317,18.95999999896,10.0,446.0,0.0,-4.8724566,-78.06536,54.55553696934831,0.49999999916963384,54.05553697017868,29.460415498517946,0.9217550020921671,4.251121076233184,53.921820486242645,53.951811882319184,54.54463866485226,0.6143203907460222,0.125,28.82669901541228,28.85669041148882,29.449517194021894,1.0,22,50,23,0.46,0.46181818181818185,525,242,0.46095238095238095,0.0,1.0,0.531390134529148,0.12163164141524169,0.12163164141524169,0.05490799812459482,61.48780367915167,0.4688197868610225,2.9344978165938866,2.6153846153846154,2.957805907172996,0.0
238,template_deposition,C,C,none,0,1.0,template_site:index=467:site=C:neigh=1:ahead0=29.514:mode=shell,x,yz,459,221,238,0,238,4070.216198230831,102.41256778424909,500.0,0.001,55.75,0.05575,-4077.9275,-4070.5815,-4077.9275,-7.3459473,-6.916504,0.9999705150176633,0.05575,0.05575,10,458,467,4,4,1.5181064948896046,54.60926723682317,6.17999999904,10.0,446.0,0.0,-4.8889275,-78.329254,54.56139950843219,0.49999999916963384,54.06139950926256,29.466278037601825,0.9434014932753139,4.2690582959641254,54.06917462207328,54.51852490789879,54.54639742657742,0.6021214456050117,0.125,28.974053151242913,29.423403437068423,29.451275955747057,1.0,22,50,23,0.46,0.4636363636363636,525,243,0.46285714285714286,0.0,1.0,0.5336322869955157,0.12173971912286938,0.12173971912286938,0.05518867266903412,61.48780367915167,0.47121626432506625,2.9324618736383443,2.5925925925925926,2.953781512605042,0.0
239,template_deposition,C,C,none,0,1.0,template_site:index=466:site=C:neigh=2:ahead0=29.514:mode=shell,x,yz,460,221,239,0,239,4075.4179487402193,5.20175050938807,500.0,0.001,55.75,0.05575,-4088.8987,-4077.9275,-4088.8987,-10.971191,-10.1640625,1.0,0.05575,0.05575,9,459,466,3,3,1.413874738654511,54.60926723682317,4.760000000040001,10.0,446.0,0.0,-4.9135265,-78.72337,54.53996796292538,0.49999999916963384,54.03996796375575,29.444846492095017,0.957894092025959,4.286995515695067,54.22282682016034,54.52567805501502,54.53816291707897,0.5304138405435186,0.125,29.12770534932998,29.430556584184657,29.443041446248607,1.0,22,50,23,0.46,0.46545454545454545,525,244,0.46476190476190476,0.0,1.0,0.5358744394618834,0.12187324413945598,0.12187324413945598,0.05548134352253329,61.48780367915167,0.4737151696183637,2.9347826086956523,2.642857142857143,2.9581589958158996,0.0
240,template_deposition,C,C,none,0,1.0,template_site:index=464:site=C:neigh=1:ahead0=29.514:mode=shell,x,yz,461,221,240,0,240,4086.6307759558695,11.2128272156501,500.0,0.001,55.75,0.05575,-4096.0293,-4088.8987,-4096.0293,-7.130615,-6.5598145,0.87349245826938,0.05575,0.05575,9,460,464,2,2,1.4920175538583087,54.60926723682317,1.9199999998100001,10.0,446.0,0.0,-4.9295144,-78.97953,54.608379651838604,0.49999999916963384,54.10837965266897,29.51325818100824,0.9742499282218027,4.304932735426009,54.390849651373415,54.52567805501502,54.56049146959935,0.37746318288111863,0.125,29.29572818054305,29.430556584184657,29.465369998768985,1.0,22,50,23,0.46,0.46727272727272734,525,245,0.4666666666666667,0.0,1.0,0.5381165919282511,0.12206553408559605,0.12206553408559605,0.055801387010558194,61.48780367915167,0.476447790092008,2.932754880694143,2.6206896551724137,2.9541666666666666,0.0
241,template_deposition,C,C,none,0,1.0,template_site:index=465:site=C:neigh=1:ahead0=29.514:mode=shell,x,yz,462,221,241,0,241,4135.372262140781,48.74148618491096,500.0,0.001,55.75,0.05575,-4107.097,-4096.0293,-4107.097,-11.067871,-8.317383,0.999999999999903,0.05575,0.05575,10,461,465,2,2,1.4177621635707567,54.60926723682317,0.5000000008100001,10.0,446.0,0.0,-4.9543304,-79.37713,54.531128415345385,0.49999999916963384,54.031128416175754,29.43600694451502,0.9739652912990314,4.322869955156951,54.3934365963421,54.51657692809674,54.52976380386633,0.3276021961711375,0.125,29.298315125511735,29.421455457266376,29.434642333035967,1.0,23,50,24,0.48,0.4670909090909091,525,245,0.4666666666666667,0.0,1.0,0.5403587443946188,0.12156977230502794,0.12156977230502794,0.055806314524784253,61.48780367915167,0.4764898625814107,2.935064935064935,2.6666666666666665,2.95850622406639,0.0
242,template_deposition,C,C,none,0,1.0,template_site:index=477:site=C:neigh=1:ahead0=30.744:mode=shell,x,yz,463,221,242,0,242,4160.081831723259,24.709569582478682,500.0,0.001,55.75,0.05575,-4113.845,-4107.097,-4113.845,-6.748047,-6.319336,0.9510981434309939,0.05575,0.05575,9,462,477,9,9,1.562228581257843,55.839023310406205,16.83000000046,10.0,446.0,0.0,-4.9694605,-79.61954,55.75679186528367,0.49999999916963384,55.256791866114035,30.661670394453303,0.6750818927320118,4.3408071748878925,54.54815893690869,54.51913823136212,54.89882745032687,0.5601177981007827,0.125,29.453037466078328,29.424016760531757,29.803705979496506,1.0,23,50,24,0.48,0.46909090909090906,525,246,0.4685714285714286,0.0,1.0,0.5426008968609866,0.12170676638875343,0.12170676638875343,0.0561010237449111,61.48780367915167,0.47900617201692,2.9330453563714904,2.4761904761904763,2.9545454545454546,0.0
243,template_deposition,C,C,none,0,1.0,template_site:index=478:site=C:neigh=2:ahead0=30.744:mode=shell,x,yz,464,221,243,0,243,4183.865171090133,23.78333936687394,500.0,0.001,55.75,0.05575,-4124.869,-4113.845,-4124.869,-11.023926,-10.319336,1.0,0.05575,0.05575,10,463,478,8,8,1.4395559256955601,55.839023310406205,15.409999999230001,10.0,446.0,0.0,-4.994178,-80.01555,55.78499551573081,0.49999999916963384,55.28499551656118,30.68987404490045,0.7546485368739984,4.358744394618834,54.70180330100608,54.51965508202119,55.74537109091225,0.6876104169310602,0.125,29.606681830175717,29.424533611190824,30.650249620081887,1.0,23,50,24,0.48,0.4710909090909091,525,247,0.4704761904761905,0.0,1.0,0.5448430493273543,0.12183819683199884,0.12183819683199884,0.05639367967652517,61.48780367915167,0.4815049499030048,2.935344827586207,2.5454545454545454,2.9588477366255144,0.0
244,template_deposition,C,C,none,0,1.0,template_site:index=480:site=C:neigh=1:ahead0=30.744:mode=shell,x,yz,465,221,244,0,244,4212.272072519785,28.406901429651896,500.0,0.001,55.75,0.05575,-4132.257,-4124.869,-4132.257,-7.3876953,-7.0097656,0.9999999860925894,0.05575,0.05575,10,464,480,7,7,1.5368987733482038,55.839023310406205,12.569999999,10.0,446.0,0.0,-5.010742,-80.280945,55.77339185417689,0.49999999916963384,55.27339185500726,30.67827038334653,0.8120948205777513,4.376681614349776,54.856768425511376,54.53259186658201,55.761623208927105,0.7615677927138721,0.125,29.761646954681012,29.437470395751646,30.66650173809674,1.0,23,50,24,0.48,0.4730909090909091,525,248,0.4723809523809524,0.0,1.0,0.547085201793722,0.12197396292902055,0.12197396292902055,0.05668885134224955,61.48780367915167,0.4840252078278758,2.933333333333333,2.5217391304347827,2.9549180327868854,0.0
245,template_deposition,C,C,none,0,1.0,template_site:index=479:site=C:neigh=2:ahead0=30.744:mode=shell,x,yz,466,221,245,0,245,4212.712685064839,0.4406125450543935,500.0,0.001,55.75,0.05575,-4143.2295,-4132.257,-4143.2295,-10.972656,-10.405762,1.0,0.05575,0.05575,10,465,479,6,6,1.415946020582027,55.839023310406205,11.15,10.0,446.0,0.0,-5.0353446,-80.67512,55.78733827774269,0.49999999916963384,55.28733827857306,30.692216806912327,0.8572009068151835,4.394618834080718,54.866759405669264,54.56558257543065,55.765807135996845,0.7605750991939867,0.125,29.7716379348389,29.47046110460029,30.67068566516648,1.0,23,50,24,0.48,0.4750909090909092,525,249,0.4742857142857143,0.0,1.0,0.5493273542600897,0.1215168895299547,0.1215168895299547,0.05670788178064552,61.48780367915167,0.4841876950133024,2.9356223175965663,2.5833333333333335,2.9591836734693877,0.0
246,template_deposition,C,C,none,0,1.0,template_site:index=473:site=C:neigh=1:ahead0=30.744:mode=shell,x,yz,467,221,246,0,246,4229.947994980569,17.23530991573013,500.0,0.001,55.75,0.05575,-4150.6387,-4143.2295,-4150.6387,-7.4091797,-7.0546875,0.9999999930703329,0.05575,0.05575,10,466,473,5,5,1.5097295959015906,55.839023310406205,8.30999999977,10.0,446.0,0.0,-5.051957,-80.94128,55.78827823994699,0.49999999916963384,55.28827824077736,30.693156769116626,0.8919685175257427,4.4125560538116595,55.016249620805155,55.16577365477868,55.76959488636769,0.8035984126086988,0.125,29.92112814997479,30.07065218394832,30.674473415537328,1.0,23,50,24,0.48,0.4770909090909091,525,250,0.47619047619047616,0.0,1.0,0.5515695067264574,0.12163060223566988,0.12163060223566988,0.05699262504757103,61.48780367915167,0.48661891236359095,2.9336188436830835,2.56,2.9552845528455283,0.0
247,template_deposition,C,C,none,0,1.0,template_site:index=474:site=C:neigh=2:ahead0=30.744:mode=shell,x,yz,468,221,247,0,247,4236.768462811404,6.820467830834579,500.0,0.001,55.75,0.05575,-4161.6006,-4150.6387,-4161.6006,-10.961914,-10.368652,1.0,0.05575,0.05575,10,467,474,4,4,1.4047192552692787,55.839023310406205,6.890000000770001,10.0,446.0,0.0,-5.076535,-81.33506,55.77476995486399,0.49999999916963384,55.27476995569436,30.679648484033628,0.9176255769780016,4.430493273542601,55.014562898375985,55.16471981358657,55.7655424008428,0.8019373575271589,0.125,29.91944142754562,30.06959834275621,30.670420930012433,1.0,23,50,24,0.48,0.47909090909090907,525,251,0.4780952380952381,0.0,1.0,0.5538116591928252,0.12113134181192559,0.12113134181192559,0.05698941224294404,61.48780367915167,0.4865914805425103,2.9358974358974357,2.6153846153846154,2.9595141700404857,0.0
248,template_deposition,C,C,none,0,1.0,template_site:index=476:site=C:neigh=1:ahead0=30.744:mode=shell,x,yz,469,221,248,0,248,4245.430855094366,8.662392282962323,500.0,0.001,55.75,0.05575,-4168.932,-4161.6006,-4168.932,-7.331543,-6.813965,0.999999183581153,0.05575,0.05575,9,468,476,3,3,1.5268412027472664,55.839023310406205,4.05000000054,10.0,446.0,0.0,-5.0929737,-81.598434,55.79662968568641,0.49999999916963384,55.29662968651678,30.701508214856048,0.9393325400900528,4.448430493273543,55.180249135597506,55.74248434919075,55.77210032008952,0.8063580192221085,0.125,30.085127664767143,30.647362878360383,30.676978849259157,1.0,23,50,24,0.48,0.48109090909090907,525,252,0.48,0.0,1.0,0.5560538116591929,0.1213109986482546,0.1213109986482546,0.057305005075746936,61.48780367915167,0.48928610008179463,2.933901918976546,2.5925925925925926,2.9556451612903225,0.0
249,template_deposition,C,C,none,0,1.0,template_site:index=475:site=C:neigh=2:ahead0=30.744:mode=shell,x,yz,470,221,249,0,249,4291.31141164815,45.8805565537839,500.0,0.001,55.75,0.05575,-4179.956,-4168.932,-4179.956,-11.023926,-9.72998,1.0,0.05575,0.05575,9,469,475,2,2,1.4209583055211668,55.839023310406205,2.62999999931,10.0,446.0,0.0,-5.117691,-81.99445,55.76158773483371,0.49999999916963384,55.26158773566408,30.666466264003347,0.9530267165736606,4.466367713004484,55.32777380419129,55.74390187548772,55.76012262522549,0.7774352660479643,0.125,30.232652333360925,30.64878040465736,30.665001154395128,1.0,23,50,24,0.48,0.4830909090909091,525,253,0.4819047619047619,0.0,1.0,0.5582959641255605,0.12141627443116837,0.12141627443116837,0.057586004444497,61.48780367915167,0.4916853509863086,2.9361702127659575,2.642857142857143,2.959839357429719,0.0
250,template_deposition,C,C,none,0,1.0,template_site:index=481:site=C:neigh=1:ahead0=30.744:mode=shell,x,yz,471,221,250,0,250,4315.897172207749,24.585760559598686,500.0,0.001,55.75,0.05575,-4187.25,-4179.956,-4187.25,-7.2939453,-6.230957,1.0,0.05575,0.05575,9,470,481,1,1,1.5570359717008095,55.839023310406205,19.67000000069,10.0,446.0,0.0,-5.134045,-82.25647,55.80752879475365,0.49999999916963384,55.30752879558402,30.712407323923287,0.9697050302562232,4.484304932735426,55.610253203153455,55.75356964724088,55.77537005280969,0.3823214780396098,0.125,30.51513173232309,30.658448176410516,30.680248581979328,1.0,24,50,25,0.5,0.48709090909090913,525,255,0.4857142857142857,0.0,1.0,0.5605381165919282,0.12206052692929237,0.12206052692929237,0.05812406044252017,61.48780367915167,0.4962794230145789,2.9341825902335454,2.6206896551724137,2.956,0.0
251,template_deposition,C,C,none,0,1.0,template_site:index=482:site=C:neigh=1:ahead0=30.744:mode=shell,x,yz,472,221,251,0,251,4337.230918464134,21.333746256386025,500.0,0.001,55.75,0.05575,-4198.679,-4187.25,-4198.679,-11.429199,-8.896973,1.0,0.05575,0.05575,10,471,482,1,1,1.4287250051617173,55.839023310406205,21.08999999969,10.0,446.0,0.0,-5.1596713,-82.66705,55.76158773483371,0.49999999916963384,55.26158773566408,30.666466264003347,0.9733354079179635,4.502242152466367,55.59166843836243,55.73617628182734,55.76012262522549,0.3754467434012327,0.125,30.49654696753207,30.641054810996977,30.665001154395128,1.0,24,50,25,0.5,0.49090909090909096,525,257,0.4895238095238095,0.0,1.0,0.5627802690582959,0.1215001871216417,0.1215001871216417,0.058088660890537276,61.48780367915167,0.49597717177646344,2.9364406779661016,2.6666666666666665,2.960159362549801,0.0
252,template_deposition,C,C,none,0,1.0,template_site:index=484:site=C:neigh=1:ahead0=31.974:mode=shell,x,yz,473,221,252,0,252,4415.876525759022,78.64560729488767,500.0,0.001,55.75,0.05575,-4205.2812,-4198.679,-4205.2812,-6.602051,-6.112793,0.19966406344807244,0.05575,0.05575,9,472,484,10,10,1.5487231288477672,57.06877938398924,9.01999999927,10.0,446.0,0.0,-5.1744742,-82.90422,57.01254949580339,0.49999999916963384,56.51254949663376,31.917428024973027,0.6810584413865938,4.520179372197309,55.90379771465474,55.746911732066906,56.181962045834666,0.42122410868567234,0.125,30.80867624382438,30.651790261236542,31.086840575004302,1.0,24,50,25,0.5,0.49272727272727274,525,258,0.49142857142857144,0.0,1.0,0.5650224215246636,0.12225665176120785,0.12225665176120785,0.05868319284537977,61.48780367915167,0.5010534512598066,2.93446088794926,2.4761904761904763,2.9563492063492065,0.0
253,template_deposition,C,C,none,0,1.0,template_site:index=483:site=C:neigh=2:ahead0=31.974:mode=shell,x,yz,474,221,253,0,253,4439.4440413323755,23.567515573353642,500.0,0.001,55.75,0.05575,-4216.3164,-4205.2812,-4216.3164,-11.035156,-10.516113,1.0,0.05575,0.05575,10,473,483,9,9,1.4053815749603016,57.06877938398924,10.440000000500001,10.0,446.0,0.0,-5.1992164,-83.30063,57.02291286675228,0.49999999916963384,56.52291286758265,31.927791395921915,0.7612424595856817,4.538116591928251,55.91471155080528,55.746911732066906,56.19818305051814,0.4225010329691592,0.125,30.819590079974915,30.651790261236542,31.103061579687775,1.0,24,50,25,0.5,0.4945454545454545,525,259,0.49333333333333335,0.0,1.0,0.5672645739910314,0.12181656158092852,0.12181656158092852,0.05870398110471412,61.48780367915167,0.5012309472101821,2.9367088607594938,2.5454545454545454,2.960474308300395,0.0
254,template_deposition,C,C,none,0,1.0,template_site:index=488:site=C:neigh=1:ahead0=31.974:mode=shell,x,yz,475,221,254,0,254,4446.043176197679,6.5991348653036,500.0,0.001,55.75,0.05575,-4223.7373,-4216.3164,-4223.7373,-7.4208984,-7.0620117,0.7564388528564773,0.05575,0.05575,10,474,488,8,8,1.491214255344596,57.06877938398924,6.17999999904,10.0,446.0,0.0,-5.215855,-83.567215,57.02848858068925,0.49999999916963384,56.52848858151962,31.933367109858885,0.819803907579641,4.556053811659193,56.0590971890736,55.75241810561431,57.02458558093337,0.5605523607753705,0.125,30.963975718243233,30.657296634783947,31.929464110103005,1.0,24,50,25,0.5,0.49636363636363634,525,260,0.49523809523809526,0.0,1.0,0.5695067264573991,0.12190541621355604,0.12190541621355604,0.05897900136808235,61.48780367915167,0.5035791468470034,2.9347368421052633,2.5217391304347827,2.956692913385827,0.0
255,template_deposition,C,C,none,0,1.0,template_site:index=487:site=C:neigh=2:ahead0=31.974:mode=shell,x,yz,476,221,255,0,255,4468.194303278361,22.151127080682397,500.0,0.001,55.75,0.05575,-4234.756,-4223.7373,-4234.756,-11.018555,-10.321777,1.0,0.05575,0.05575,9,475,487,7,7,1.4035325865926493,57.06877938398924,4.760000000040001,10.0,446.0,0.0,-5.2405605,-83.963036,57.02291286675228,0.49999999916963384,56.52291286758265,31.927791395921915,0.8611675520659638,4.573991031390134,56.21107412566253,55.79770850508721,57.005312184341804,0.6158375589941231,0.125,31.115952654832164,30.702587034256844,31.91019071351144,1.0,24,50,25,0.5,0.4981818181818182,525,261,0.49714285714285716,0.0,1.0,0.5717488789237668,0.12202334374443986,0.12202334374443986,0.05926848124729936,61.48780367915167,0.5060508067127868,2.936974789915966,2.5833333333333335,2.9607843137254903,0.0
256,template_deposition,C,C,none,0,1.0,template_site:index=491:site=C:neigh=1:ahead0=31.974:mode=shell,x,yz,477,221,256,0,256,4481.942163060872,13.74785978251067,500.0,0.001,55.75,0.05575,-4242.1377,-4234.756,-4242.1377,-7.381836,-7.015625,0.9999994091832918,0.05575,0.05575,10,476,491,6,6,1.5235114489174622,57.06877938398924,13.28000000073,10.0,446.0,0.0,-5.257112,-84.228226,57.012529286206835,0.49999999916963384,56.512529287037204,31.91740781537647,0.8950004966119307,4.591928251121076,56.35257129749081,56.377784713733284,57.00219711017817,0.6467167846096202,0.125,31.257449826660448,31.28266324290292,31.90707563934781,1.0,24,50,25,0.5,0.5,525,262,0.4990476190476191,0.0,1.0,0.5739910313901345,0.12209941338539237,0.12209941338539237,0.05953799966982942,61.48780367915167,0.5083520300995682,2.9350104821802936,2.56,2.95703125,0.0
257,template_deposition,C,C,none,0,1.0,template_site:index=492:site=C:neigh=2:ahead0=31.974:mode=shell,x,yz,478,221,257,0,257,4520.198991058713,38.256827997840496,500.0,0.001,55.75,0.05575,-4253.1006,-4242.1377,-4253.1006,-10.962891,-10.381348,1.0,0.05575,0.05575,10,477,492,5,5,1.4082270956104785,57.06877938398924,14.69999999973,10.0,446.0,0.0,-5.2816925,-84.62205,57.01096821880161,0.49999999916963384,56.51096821963198,31.915846747971244,0.921114079324674,4.609865470852018,56.505690384368535,56.98863836634827,57.0017287899566,0.6334650627379327,0.125,31.41056891353817,31.893516895517905,31.906607319126238,1.0,24,50,25,0.5,0.5018181818181818,525,263,0.5009523809523809,0.0,1.0,0.5762331838565022,0.12222011250403958,0.12222011250403958,0.05982965507340604,61.48780367915167,0.5108422651984946,2.937238493723849,2.6153846153846154,2.9610894941634243,0.0
258,template_deposition,C,C,none,0,1.0,template_site:index=490:site=C:neigh=1:ahead0=31.974:mode=shell,x,yz,479,221,258,0,258,4549.1352208605485,28.93622980183562,500.0,0.001,55.75,0.05575,-4260.4097,-4253.1006,-4260.4097,-7.309082,-6.811035,0.999932184942846,0.05575,0.05575,10,478,490,4,4,1.5351237999761849,57.06877938398924,17.539999999960003,10.0,446.0,0.0,-5.2980804,-84.884605,57.02128027250815,0.49999999916963384,56.52128027333852,31.926158801677786,0.9423836504160529,4.62780269058296,56.66958201079615,56.98863836634827,57.00482240606857,0.5647233856527929,0.125,31.574460539965784,31.893516895517905,31.909700935238206,1.0,24,50,25,0.5,0.5036363636363635,525,264,0.5028571428571429,0.0,1.0,0.57847533632287,0.12238162999986738,0.12238162999986738,0.060141829599934825,61.48780367915167,0.5135076982863768,2.9352818371607516,2.5925925925925926,2.9573643410852712,0.0
259,template_deposition,C,C,none,0,1.0,template_site:index=489:site=C:neigh=2:ahead0=31.974:mode=shell,x,yz,480,221,259,0,259,4550.316711580347,1.181490719798782,500.0,0.001,55.75,0.05575,-4271.378,-4260.4097,-4271.378,-10.968262,-9.919922,1.0,0.05575,0.05575,9,479,489,3,3,1.4186293107265404,57.06877938398924,18.95999999896,10.0,446.0,0.0,-5.322673,-85.278625,56.99776903473732,0.49999999916963384,56.497769035567686,31.902647563906953,0.9570289947948574,4.645739910313901,56.679766468452286,56.98863836634827,56.99728116759672,0.5419645890316875,0.125,31.584644997621922,31.893516895517905,31.902159696766354,1.0,24,50,25,0.5,0.5054545454545455,525,265,0.5047619047619047,0.0,1.0,0.5807174887892377,0.12194843628425453,0.12194843628425453,0.0601612285668989,61.48780367915167,0.5136733320714,2.9375,2.642857142857143,2.9613899613899615,0.0
260,template_deposition,C,C,none,0,1.0,template_site:index=493:site=C:neigh=1:ahead0=31.974:mode=shell,x,yz,481,221,260,0,260,4564.2856557502155,13.968944169867981,500.0,0.001,55.75,0.05575,-4278.6143,-4271.378,-4278.6143,-7.236328,-6.723633,0.9993236706763572,0.05575,0.05575,9,480,493,2,2,1.4342138040370125,57.06877938398924,21.79999999919,10.0,446.0,0.0,-5.3388977,-85.538574,57.08018319086336,0.49999999916963384,56.58018319169373,31.985061720032995,0.9753958497588625,4.663677130044843,56.83249015761092,56.98863836634827,57.02249328157513,0.44818053017253384,0.125,31.737368686780556,31.893516895517905,31.927371810744766,1.0,24,50,25,0.5,0.509090909090909,525,267,0.5085714285714286,0.0,1.0,0.5829596412556054,0.12206680264146368,0.12206680264146368,0.060452130831962964,61.48780367915167,0.5161571366638612,2.9355509355509355,2.6206896551724137,2.957692307692308,0.0
261,template_deposition,C,C,none,0,1.0,template_site:index=485:site=C:neigh=1:ahead0=31.974:mode=shell,x,yz,482,221,261,0,261,4564.867025575156,0.5813698249404095,500.0,0.001,55.75,0.05575,-4286.6123,-4278.6143,-4286.6123,-7.998047,-6.991211,1.0,0.05575,0.05575,10,481,485,1,1,1.5212007085778272,57.06877938398924,1.9199999998100001,10.0,446.0,0.0,-5.3568306,-85.82589,57.07445842641084,0.49999999916963384,56.57445842724121,31.97933695558048,0.9860582435298612,4.681614349775785,56.99916231829486,56.98863836634827,57.04703048049455,0.035748489598840215,0.125,31.904040847464493,31.893516895517905,31.951909009664185,1.0,25,50,26,0.52,0.510909090909091,525,268,0.5104761904761905,0.0,1.0,0.5852017937219731,0.12223770439641568,0.12223770439641568,0.060769601614218086,61.48780367915167,0.5188677906588168,2.933609958506224,2.6,2.954022988505747,0.0
262,template_deposition,C,C,none,0,1.0,template_site:index=496:site=C:neigh=1:ahead0=33.203:mode=shell,x,yz,483,221,262,0,262,4588.442252695545,23.575227120389354,500.0,0.001,55.75,0.05575,-4295.0386,-4286.6123,-4295.0386,-8.42627,-7.6103516,0.28537873900502814,0.05575,0.05575,8,482,496,10,10,1.4860248862983776,58.29853545757227,2.62999999931,10.0,446.0,0.0,-5.375724,-86.12859,58.208120610091655,0.49999999916963384,57.70812061092202,33.11299913926129,0.6919860990612183,4.699551569506727,57.14181687888523,56.984527152489086,57.40471795197818,0.4041265868658283,0.125,32.046695408054866,31.889405681658722,32.309596481147814,1.0,25,50,26,0.52,0.512909090909091,525,269,0.5123809523809524,0.0,1.0,0.5874439461883408,0.12231563132845369,0.12231563132845369,0.061041324586771174,61.48780367915167,0.5211878371079428,2.9316770186335406,2.380952380952381,2.950381679389313,0.0
263,template_deposition,C,C,none,0,1.0,template_site:index=497:site=C:neigh=2:ahead0=33.203:mode=shell,x,yz,484,221,263,0,263,4589.445823771442,1.0035710758967258,500.0,0.001,55.75,0.05575,-4305.896,-4295.0386,-4305.896,-10.857422,-9.651367,1.0,0.05575,0.05575,9,483,497,9,9,1.456448256097719,58.29853545757227,4.05000000054,10.0,446.0,0.0,-5.400068,-86.51862,58.24511714114358,0.49999999916963384,57.74511714197395,33.14999567031322,0.7626289480527794,4.7174887892376685,57.289920005609844,56.99104347226549,58.15742770489572,0.5170777275803344,0.125,32.19479853477948,31.895922001435125,33.06230623406535,1.0,25,50,26,0.52,0.5149090909090909,525,270,0.5142857142857142,0.0,1.0,0.5896860986547086,0.12241368264174707,0.12241368264174707,0.06132342578053234,61.48780367915167,0.5235964957014003,2.9338842975206614,2.4545454545454546,2.9543726235741445,0.0
264,template_deposition,C,C,none,0,1.0,template_site:index=503:site=C:neigh=1:ahead0=33.203:mode=shell,x,yz,485,221,264,0,264,4599.171237710792,9.725413939351006,500.0,0.001,55.75,0.05575,-4314.3896,-4305.896,-4314.3896,-8.493652,-7.2734375,0.999932184922388,0.05575,0.05575,9,484,503,8,8,1.5311378690196955,58.29853545757227,21.08999999969,10.0,446.0,0.0,-5.4191117,-86.823746,58.24511714114358,0.49999999916963384,57.74511714197395,33.14999567031322,0.8110607272923881,4.73542600896861,57.418063604706965,56.99104347226549,58.18285405359818,0.5737434837020585,0.125,32.3229421338766,31.895922001435125,33.08773258276781,1.0,25,50,26,0.52,0.5169090909090909,525,271,0.5161904761904762,0.0,1.0,0.5919282511210763,0.1224353868707447,0.1224353868707447,0.061567508826431624,61.48780367915167,0.5256805447555148,2.936082474226804,2.5217391304347827,2.9583333333333335,0.0
265,template_deposition,C,C,none,0,1.0,template_site:index=502:site=C:neigh=2:ahead0=33.203:mode=shell,x,yz,486,221,265,0,265,4610.7611605248685,11.589922814076342,500.0,0.001,55.75,0.05575,-4325.4336,-4314.3896,-4325.4336,-11.043945,-9.841309,1.0,0.05575,0.05575,9,485,502,7,7,1.4792646183093303,58.29853545757227,19.67000000069,10.0,446.0,0.0,-5.443874,-87.220474,58.24511714114358,0.49999999916963384,57.74511714197395,33.14999567031322,0.8537549810816236,4.753363228699552,57.43622489256407,57.01260465090698,58.23590042324925,0.5798507346524946,0.125,32.341103421733706,31.917483180076616,33.140778952418884,1.0,25,50,26,0.52,0.5189090909090909,525,272,0.518095238095238,0.0,1.0,0.594170403587444,0.1220418997046555,0.1220418997046555,0.06160210175568325,61.48780367915167,0.5259759088240036,2.9382716049382718,2.5833333333333335,2.9622641509433962,0.0
266,template_deposition,C,C,none,0,1.0,template_site:index=495:site=C:neigh=1:ahead0=33.203:mode=shell,x,yz,487,221,266,0,266,4647.001159537261,36.23999901239181,500.0,0.001,55.75,0.05575,-4332.953,-4325.4336,-4332.953,-7.5195312,-6.8754883,0.8849186544420271,0.05575,0.05575,10,486,495,6,6,1.5928401898212938,58.29853545757227,6.890000000770001,10.0,446.0,0.0,-5.460734,-87.4906,58.23195040129453,0.49999999916963384,57.7319504021249,33.13682893046417,0.88543243215131,4.771300448430493,57.587662815997064,57.54950925546567,58.22388762802027,0.5939650974297511,0.125,32.4925413451667,32.45438778463531,33.12876615718991,1.0,25,50,26,0.52,0.520909090909091,525,273,0.52,0.0,1.0,0.5964125560538116,0.12215241107205527,0.12215241107205527,0.061890554943174664,61.48780367915167,0.5284388025097694,2.9363449691991788,2.56,2.9586466165413534,0.0
267,template_deposition,C,C,none,0,1.0,template_site:index=494:site=C:neigh=2:ahead0=33.203:mode=shell,x,yz,488,221,267,0,267,4659.123305559969,12.122146022708083,500.0,0.001,55.75,0.05575,-4343.9062,-4332.953,-4343.9062,-10.953125,-10.262695,1.0,0.05575,0.05575,10,487,494,5,5,1.4465307790660225,58.29853545757227,8.30999999977,10.0,446.0,0.0,-5.4852924,-87.88408,58.244788925102334,0.49999999916963384,57.7447889259327,33.14966745427197,0.9133054887023281,4.789237668161435,57.60263072161007,57.56179800661368,58.23580195843687,0.5911983479786658,0.125,32.507509250779705,32.466676535783314,33.14068048760651,1.0,25,50,26,0.52,0.522909090909091,525,274,0.5219047619047619,0.0,1.0,0.5986547085201793,0.12175097097670301,0.12175097097670301,0.06191906523958039,61.48780367915167,0.5286822313642314,2.9385245901639343,2.6153846153846154,2.9625468164794007,0.0
268,template_deposition,C,C,none,0,1.0,template_site:index=500:site=C:neigh=1:ahead0=33.203:mode=shell,x,yz,489,221,268,0,268,4665.435755295689,6.312449735720516,500.0,0.001,55.75,0.05575,-4351.284,-4343.9062,-4351.284,-7.3779297,-7.029297,0.9963918235029291,0.05575,0.05575,10,488,500,4,4,1.5299386080897417,58.29853545757227,11.15,10.0,446.0,0.0,-5.501835,-88.14912,58.23469731730026,0.49999999916963384,57.73469731813063,33.139575846469896,0.9349347345258624,4.807174887892376,57.75278791218581,58.14411334508648,58.23277447609625,0.5741054212178921,0.125,32.657666441355445,33.04899187425612,33.13765300526589,1.0,25,50,26,0.52,0.5249090909090909,525,275,0.5238095238095238,0.0,1.0,0.600896860986547,0.12185696433341583,0.12185696433341583,0.062205078935915134,61.48780367915167,0.5311242959947926,2.936605316973415,2.5925925925925926,2.958955223880597,0.0
269,template_deposition,C,C,none,0,1.0,template_site:index=501:site=C:neigh=2:ahead0=33.203:mode=shell,x,yz,490,221,269,0,269,4667.371414445117,1.9356591494278834,500.0,0.001,55.75,0.05575,-4362.2734,-4351.284,-4362.2734,-10.989258,-10.42334,1.0,0.05575,0.05575,10,489,501,3,3,1.4139537973166452,58.29853545757227,12.569999999,10.0,446.0,0.0,-5.5264745,-88.543884,58.243956491731474,0.49999999916963384,57.74395649256184,33.14883502090111,0.9519700289407282,4.825112107623318,57.75551362062957,58.14411334508648,58.23555222842562,0.5731792768173035,0.125,32.66039214979921,33.04899187425612,33.140430757595254,1.0,25,50,26,0.52,0.5269090909090909,525,276,0.5257142857142857,0.0,1.0,0.6031390134529148,0.12141409721114947,0.12141409721114947,0.0622102707615223,61.48780367915167,0.5311686252484115,2.938775510204082,2.642857142857143,2.962825278810409,0.0
270,template_deposition,C,C,none,0,1.0,template_site:index=499:site=C:neigh=1:ahead0=33.203:mode=shell,x,yz,491,221,270,0,270,4733.658864951235,66.2874505061182,500.0,0.001,55.75,0.05575,-4369.6045,-4362.2734,-4369.6045,-7.3310547,-6.9833984,0.9662496325165699,0.05575,0.05575,10,490,499,2,2,1.512906417931535,58.29853545757227,15.409999999230001,10.0,446.0,0.0,-5.542912,-88.80724,58.24939761533349,0.49999999916963384,57.74939761616386,33.15427614450313,0.9653659173205088,4.84304932735426,57.91172992597231,58.21881268478141,58.23718456550622,0.5046642454818057,0.125,32.816608455141946,33.12369121395105,33.142063094675855,1.0,26,50,27,0.54,0.5289090909090909,525,277,0.5276190476190477,0.0,1.0,0.6053811659192825,0.1215429942783035,0.1215429942783035,0.0625078256288418,61.48780367915167,0.5337092316125269,2.9368635437881876,2.6206896551724137,2.9592592592592593,0.0
271,template_deposition,C,C,none,0,1.0,template_site:index=498:site=C:neigh=2:ahead0=33.203:mode=shell,x,yz,492,221,271,0,271,4746.392397094192,12.73353214295758,500.0,0.001,55.75,0.05575,-4381.4155,-4369.6045,-4381.4155,-11.811035,-11.062988,1.0,0.05575,0.05575,10,491,498,1,1,1.4096242041184206,58.29853545757227,16.83000000046,10.0,446.0,0.0,-5.569394,-89.23153,58.221770677855375,0.49999999916963384,57.72177067868574,33.12664920702501,0.9688911895202338,4.860986547085202,58.04547319728855,58.19965914483779,58.22083371098852,0.3726672743321655,0.125,32.95035172645819,33.104537674007425,33.12571224015816,1.0,26,50,27,0.54,0.5309090909090909,525,278,0.5295238095238095,0.0,1.0,0.6076233183856502,0.12158801375076822,0.12158801375076822,0.06276257471706322,61.48780367915167,0.5358843503078397,2.9390243902439024,2.6666666666666665,2.96309963099631,0.0
272,template_deposition,C,C,none,0,1.0,template_site:index=512:site=C:neigh=1:ahead0=34.433:mode=shell,x,yz,493,221,272,0,272,4767.872045340512,21.47964824631965,500.0,0.001,55.75,0.05575,-4387.9497,-4381.4155,-4387.9497,-6.5341797,-6.0410156,0.3520515316199664,0.05575,0.05575,9,492,512,10,10,1.5231055844958246,59.528291531155304,13.28000000073,10.0,446.0,0.0,-5.5840445,-89.466255,59.490590905095694,0.49999999916963384,58.99059090592606,34.39546943426533,0.6785425365700334,4.878923766816143,58.20470970313352,58.20635223860983,58.60417235709216,0.6124348101847313,0.125,33.10958823230315,33.11123076777947,33.5090508862618,1.0,26,50,27,0.54,0.5327272727272727,525,279,0.5314285714285715,0.0,1.0,0.6098654708520179,0.12172642732464395,0.12172642732464395,0.0630658823472441,61.48780367915167,0.5384740753641432,2.9371196754563895,2.4761904761904763,2.9595588235294117,0.0
273,template_deposition,C,C,none,0,1.0,template_site:index=513:site=C:neigh=2:ahead0=34.433:mode=shell,x,yz,494,221,273,0,273,4787.015175057595,19.143129717083383,500.0,0.001,55.75,0.05575,-4399.0376,-4387.9497,-4399.0376,-11.087891,-10.4765625,1.0,0.05575,0.05575,10,493,513,9,9,1.4000527939792784,59.528291531155304,14.69999999973,10.0,446.0,0.0,-5.6089053,-89.86457,59.4689378567882,0.49999999916963384,58.96893785761857,34.37381638595784,0.759033182680134,4.896860986547085,58.357365009368024,58.20635223860983,59.46703437980545,0.7373869050589842,0.125,33.26224353853766,33.11123076777947,34.371912908975084,1.0,26,50,27,0.54,0.5345454545454545,525,280,0.5333333333333333,0.0,1.0,0.6121076233183856,0.12183971992138337,0.12183971992138337,0.06335665435911936,61.48780367915167,0.5409567678185863,2.9392712550607287,2.5454545454545454,2.9633699633699635,0.0
274,template_deposition,C,C,none,0,1.0,template_site:index=504:site=C:neigh=1:ahead0=34.433:mode=shell,x,yz,495,221,274,0,274,4790.13765729803,3.1224822404346746,500.0,0.001,55.75,0.05575,-4406.4287,-4399.0376,-4406.4287,-7.3911133,-7.0600586,0.9787599444515513,0.05575,0.05575,10,494,504,8,8,1.5140197499380306,59.528291531155304,10.440000000500001,10.0,446.0,0.0,-5.6254773,-90.13008,59.47394506068054,0.49999999916963384,58.97394506151091,34.37882358985018,0.8173415405735402,4.914798206278027,58.658478738515335,58.22997235982855,59.4704400179559,0.6226358894891058,0.125,33.56335726768497,33.13485088899819,34.37531854712554,1.0,26,50,27,0.54,0.5363636363636364,525,281,0.5352380952380953,0.0,1.0,0.6143497757847534,0.12249400462658748,0.12249400462658748,0.06393020431939994,61.48780367915167,0.545853897186201,2.937373737373737,2.5217391304347827,2.95985401459854,0.0
275,template_deposition,C,C,none,0,1.0,template_site:index=505:site=C:neigh=2:ahead0=34.433:mode=shell,x,yz,496,221,275,0,275,4795.280326885934,5.142669587904888,500.0,0.001,55.75,0.05575,-4417.3843,-4406.4287,-4417.3843,-10.955566,-10.435059,1.0,0.05575,0.05575,10,495,505,7,7,1.403908983490152,59.528291531155304,9.01999999927,10.0,446.0,0.0,-5.6500416,-90.52365,59.47952978815647,0.49999999916963384,58.97952978898684,34.384408317326105,0.8627568820594086,4.932735426008969,58.66668017950504,58.259985760049425,59.472115436198685,0.6188002323646055,0.125,33.57155870867468,33.16486428921906,34.37699396536832,1.0,26,50,27,0.54,0.5381818181818182,525,282,0.5371428571428571,0.0,1.0,0.6165919282511211,0.12207839530427156,0.12207839530427156,0.06394582611176129,61.48780367915167,0.5459872804020418,2.939516129032258,2.5833333333333335,2.963636363636364,0.0
276,template_deposition,C,C,none,0,1.0,template_site:index=511:site=C:neigh=1:ahead0=34.433:mode=shell,x,yz,497,221,276,0,276,4833.305780379749,38.02545349381513,500.0,0.001,55.75,0.05575,-4424.7373,-4417.3843,-4424.7373,-7.3530273,-6.898926,0.5841847137268803,0.05575,0.05575,10,496,511,6,6,1.5173890224879218,59.528291531155304,17.539999999960003,10.0,446.0,0.0,-5.666528,-90.787796,59.480911566371866,0.49999999916963384,58.980911567202234,34.3857900955415,0.8980027654962548,4.95067264573991,58.828492447613016,58.86810662339468,59.47994432162109,0.633307807474385,0.125,33.73337097678265,33.77298515256432,34.38482285079073,1.0,26,50,27,0.54,0.54,525,283,0.539047619047619,0.0,1.0,0.6188340807174888,0.12222235861153134,0.12222235861153134,0.06425403995577648,61.48780367915167,0.5486188960790681,2.937625754527163,2.56,2.960144927536232,0.0
277,template_deposition,C,C,none,0,1.0,template_site:index=510:site=C:neigh=2:ahead0=34.433:mode=shell,x,yz,498,221,277,0,277,4839.3728800659455,6.06709968619632,500.0,0.001,55.75,0.05575,-4435.7144,-4424.7373,-4435.7144,-10.977051,-10.109863,1.0,0.05575,0.05575,9,497,510,5,5,1.413754197561975,59.528291531155304,18.95999999896,10.0,446.0,0.0,-5.69114,-91.18212,59.47952978815647,0.49999999916963384,58.97952978898684,34.384408317326105,0.9226003742102664,4.968609865470852,58.83741108462035,58.86914568372401,59.46259862202909,0.6188460340235094,0.125,33.742289613789985,33.77402421289364,34.36747715119873,1.0,26,50,27,0.54,0.5418181818181819,525,284,0.540952380952381,0.0,1.0,0.6210762331838565,0.12181331990537901,0.12181331990537901,0.06427102783579045,61.48780367915167,0.5487639433319164,2.9397590361445785,2.6153846153846154,2.963898916967509,0.0
278,template_deposition,C,C,none,0,1.0,template_site:index=509:site=C:neigh=1:ahead0=34.433:mode=shell,x,yz,499,221,278,0,278,4861.587239267525,22.21435920157943,500.0,0.001,55.75,0.05575,-4443.091,-4435.7144,-4443.091,-7.376465,-6.8842773,0.9989240808771939,0.05575,0.05575,10,498,509,4,4,1.5374122073211827,59.528291531155304,6.17999999904,10.0,446.0,0.0,-5.7076793,-91.447105,59.472962394150514,0.49999999916963384,58.97296239498088,34.37784092332015,0.9438183172401126,4.986547085201794,58.98459102416743,59.437516468661116,59.46062840382731,0.6037975451002499,0.125,33.889469553337065,34.34239499783075,34.365506932996944,1.0,26,50,27,0.54,0.5436363636363636,525,285,0.5428571428571428,0.0,1.0,0.6233183856502242,0.12190456673862253,0.12190456673862253,0.06455137057778489,61.48780367915167,0.5511575877742366,2.937875751503006,2.5925925925925926,2.960431654676259,0.0
279,template_deposition,C,C,none,0,1.0,template_site:index=508:site=C:neigh=2:ahead0=34.433:mode=shell,x,yz,500,221,279,0,279,4878.344220886065,16.756981618540976,500.0,0.001,55.75,0.05575,-4454.1177,-4443.091,-4454.1177,-11.026855,-10.358398,1.0,0.05575,0.05575,10,499,508,3,3,1.4137765542687384,59.528291531155304,4.760000000040001,10.0,446.0,0.0,-5.7324033,-91.84323,59.457146008742015,0.49999999916963384,58.957146009572384,34.36202453791165,0.9589905832138,5.004484304932736,59.13504502433712,59.43940778589472,59.455883488204755,0.5409842762845659,0.125,34.03992355350675,34.34428631506436,34.36076201737439,1.0,26,50,27,0.54,0.5454545454545454,525,286,0.5447619047619048,0.0,1.0,0.625560538116592,0.12200689445701345,0.12200689445701345,0.06483794962572714,61.48780367915167,0.5536044795343452,2.94,2.642857142857143,2.96415770609319,0.0
280,template_deposition,C,C,none,0,1.0,template_site:index=514:site=C:neigh=1:ahead0=34.433:mode=shell,x,yz,501,221,280,0,280,4887.83353417837,9.48931329230549,500.0,0.001,55.75,0.05575,-4461.2695,-4454.1177,-4461.2695,-7.1518555,-6.616211,0.9961389332346299,0.05575,0.05575,9,500,514,2,2,1.4760397374503194,59.528291531155304,21.79999999919,10.0,446.0,0.0,-5.748439,-92.10014,59.53248645609955,0.49999999916963384,59.03248645692992,34.437364985269184,0.9754390427283728,5.022421524663677,59.28776914411311,59.439871574921014,59.479748142949276,0.4463296185142352,0.125,34.19264767328275,34.34475010409065,34.38462667211891,1.0,26,50,27,0.54,0.5490909090909091,525,288,0.5485714285714286,0.0,1.0,0.6278026905829597,0.12211659883315268,0.12211659883315268,0.06512885271101476,61.48780367915167,0.5560882911301036,2.93812375249501,2.6206896551724137,2.960714285714286,0.0
281,template_deposition,C,C,none,0,1.0,template_site:index=506:site=C:neigh=1:ahead0=34.433:mode=shell,x,yz,502,221,281,0,281,4903.05342368662,15.219889508249484,500.0,0.001,55.75,0.05575,-4469.1978,-4461.2695,-4469.1978,-7.9282227,-6.9506836,1.0,0.05575,0.05575,10,501,506,1,1,1.5233732695336368,59.528291531155304,1.9199999998100001,10.0,446.0,0.0,-5.7662153,-92.38496,59.52737740626448,0.49999999916963384,59.027377407094846,34.432255935434114,0.9862560501824926,5.040358744394619,59.454800760512654,59.439871574921014,59.506399719595166,0.03557143527564217,0.125,34.35967928968229,34.34475010409065,34.4112782487648,1.0,27,50,28,0.56,0.5509090909090909,525,289,0.5504761904761905,0.0,1.0,0.6300448430493274,0.12227643875331776,0.12227643875331776,0.06544700817082341,61.48780367915167,0.5588047910927811,2.9362549800796813,2.6,2.9572953736654806,0.0
282,template_deposition,C,C,none,0,1.0,template_site:index=517:site=C:neigh=1:ahead0=35.663:mode=shell,x,yz,503,221,282,0,282,4957.420857934944,54.36743424832417,500.0,0.001,55.75,0.05575,-4477.615,-4469.1978,-4477.615,-8.41748,-7.6186523,0.3090402313522485,0.05575,0.05575,8,502,517,10,10,1.4829287074134798,60.75804760473834,2.62999999931,10.0,446.0,0.0,-5.7850885,-92.68734,60.67010229309081,0.49999999916963384,60.170102293921175,35.57498082226044,0.6932601382037022,5.058295964125561,59.59725828778549,59.43882284589813,59.86136403868519,0.40656886291388705,0.125,34.50213681695513,34.343701375067766,34.766242567854825,1.0,27,50,28,0.56,0.5529090909090909,525,290,0.5523809523809524,0.0,1.0,0.6322869955156951,0.12234800289700401,0.12234800289700401,0.0657183558418193,61.48780367915167,0.5611216331126425,2.9343936381709743,2.380952380952381,2.9539007092198584,0.0
283,template_deposition,C,C,none,0,1.0,template_site:index=518:site=C:neigh=2:ahead0=35.663:mode=shell,x,yz,504,221,283,0,283,4960.662322677578,3.241464742633618,500.0,0.001,55.75,0.05575,-4488.4624,-4477.615,-4488.4624,-10.847168,-9.635742,1.0,0.05575,0.05575,9,503,518,9,9,1.4574406618559088,60.75804760473834,4.05000000054,10.0,446.0,0.0,-5.809409,-93.076996,60.70239202158701,0.49999999916963384,60.20239202241738,35.607270550756645,0.7636404540858658,5.076233183856503,59.74543278285829,59.44374964512147,60.61763591828406,0.5192534214120547,0.125,34.650311312027924,34.34862817429111,35.522514447453695,1.0,27,50,28,0.56,0.5549090909090909,525,291,0.5542857142857143,0.0,1.0,0.6345291479820628,0.12243926258667111,0.12243926258667111,0.06600059297529129,61.48780367915167,0.5635314523972275,2.9365079365079363,2.4545454545454546,2.9575971731448765,0.0
284,template_deposition,C,C,none,0,1.0,template_site:index=524:site=C:neigh=1:ahead0=35.663:mode=shell,x,yz,505,221,284,0,284,4961.856547826196,1.1942251486175501,500.0,0.001,55.75,0.05575,-4497.002,-4488.4624,-4497.002,-8.539551,-7.288574,0.9999036426469745,0.05575,0.05575,9,504,524,8,8,1.5306427973963557,60.75804760473834,21.08999999969,10.0,446.0,0.0,-5.8285565,-93.38377,60.70239202158701,0.49999999916963384,60.20239202241738,35.607270550756645,0.8115482388446941,5.0941704035874436,59.873534759770294,59.44328585609518,60.64156148965746,0.5757783349274849,0.125,34.77841328893993,34.348164385264816,35.5464400188271,1.0,27,50,28,0.56,0.5550909090909091,525,291,0.5542857142857143,0.0,1.0,0.6367713004484304,0.12245920172161948,0.12245920172161948,0.06624459674083796,61.48780367915167,0.5656148245336019,2.9386138613861386,2.5217391304347827,2.961267605633803,0.0
285,template_deposition,C,C,none,0,1.0,template_site:index=523:site=C:neigh=2:ahead0=35.663:mode=shell,x,yz,506,221,285,0,285,4985.628422147175,23.771874320978522,500.0,0.001,55.75,0.05575,-4508.047,-4497.002,-4508.047,-11.044922,-9.835449,1.0,0.05575,0.05575,9,505,523,7,7,1.4847642080152004,60.75804760473834,19.67000000069,10.0,446.0,0.0,-5.8533206,-93.78054,60.70239202158701,0.49999999916963384,60.20239202241738,35.607270550756645,0.8539617147733843,5.112107623318385,59.89115929128804,59.46745352036917,60.6929587439861,0.5817197279899914,0.125,34.79603782045768,34.372332049538805,35.59783727315573,1.0,27,50,28,0.56,0.5570909090909091,525,292,0.5561904761904762,0.0,1.0,0.6390134529147982,0.1220913607735357,0.1220913607735357,0.06627816727706225,61.48780367915167,0.5659014591255563,2.940711462450593,2.5833333333333335,2.9649122807017543,0.0
286,template_deposition,C,C,none,0,1.0,template_site:index=516:site=C:neigh=1:ahead0=35.663:mode=shell,x,yz,507,221,286,0,286,5015.431579298937,29.803157151762292,500.0,0.001,55.75,0.05575,-4515.5938,-4508.047,-4515.5938,-7.546875,-6.9067383,0.9580242026751651,0.05575,0.05575,10,506,516,6,6,1.5965526074078031,60.75804760473834,6.890000000770001,10.0,446.0,0.0,-5.870242,-94.05165,60.68891591072857,0.49999999916963384,60.18891591155894,35.593794439898204,0.8853836547240433,5.130044843049327,60.04625362866106,60.00612829764972,60.6814444989203,0.5928181072162307,0.125,34.9511321578307,34.91100682681935,35.586323028089936,1.0,27,50,28,0.56,0.5590909090909091,525,293,0.5580952380952381,0.0,1.0,0.6412556053811659,0.12220675579661083,0.12220675579661083,0.06657358506253466,61.48780367915167,0.5684238184894119,2.9388560157790926,2.56,2.9615384615384617,0.0
287,template_deposition,C,C,none,0,1.0,template_site:index=515:site=C:neigh=2:ahead0=35.663:mode=shell,x,yz,508,221,287,0,287,5016.235606380373,0.8040270814357011,500.0,0.001,55.75,0.05575,-4526.5327,-4515.5938,-4526.5327,-10.938965,-10.313965,1.0,0.05575,0.05575,10,507,515,5,5,1.4418590079685325,60.75804760473834,8.30999999977,10.0,446.0,0.0,-5.8947687,-94.44461,60.712343525035074,0.49999999916963384,60.21234352586544,35.61722205420471,0.9139386546430688,5.147982062780269,60.060440632265454,60.02114791716488,60.695944195020516,0.5935958491811009,0.125,34.96531916143509,34.92602644633452,35.60082272419015,1.0,27,50,28,0.56,0.5610909090909091,525,294,0.56,0.0,1.0,0.6434977578475336,0.12183038035343237,0.12183038035343237,0.06660060792654303,61.48780367915167,0.5686545472316259,2.940944881889764,2.6153846153846154,2.965156794425087,0.0
288,template_deposition,C,C,none,0,1.0,template_site:index=521:site=C:neigh=1:ahead0=35.663:mode=shell,x,yz,509,221,288,0,288,5019.971954515479,3.7363481351069647,500.0,0.001,55.75,0.05575,-4533.903,-4526.5327,-4533.903,-7.370117,-6.9887695,0.993586898877851,0.05575,0.05575,10,508,521,4,4,1.5391644355327208,60.75804760473834,11.15,10.0,446.0,0.0,-5.911294,-94.70937,60.69153164439777,0.49999999916963384,60.19153164522814,35.596410173567406,0.9351177909100576,5.165919282511211,60.21092012522037,60.6019023375839,60.68970063082933,0.5745892725704219,0.125,35.115798654390005,35.50678086675354,35.594579159998965,1.0,27,50,28,0.56,0.5630909090909091,525,295,0.5619047619047619,0.0,1.0,0.6457399103139013,0.12192985643885418,0.12192985643885418,0.06688723553217144,61.48780367915167,0.5711018535907882,2.93909626719057,2.5925925925925926,2.9618055555555554,0.0
289,template_deposition,C,C,none,0,1.0,template_site:index=522:site=C:neigh=2:ahead0=35.663:mode=shell,x,yz,510,221,289,0,289,5021.596263507937,1.6243089924576488,500.0,0.001,55.75,0.05575,-4544.892,-4533.903,-4544.892,-10.989258,-10.400391,1.0,0.05575,0.05575,10,509,522,3,3,1.416999277256435,60.75804760473834,12.569999999,10.0,446.0,0.0,-5.935933,-95.10413,60.701302976414254,0.49999999916963384,60.20130297724462,35.60618150558389,0.9521641803401645,5.183856502242152,60.213528008911254,60.6019023375839,60.692632030434275,0.5739242396598756,0.125,35.11840653808089,35.50678086675354,35.59751055960391,1.0,27,50,28,0.56,0.5650909090909091,525,296,0.5638095238095238,0.0,1.0,0.647982062780269,0.1215169776404183,0.1215169776404183,0.06689220292967789,61.48780367915167,0.5711442666147514,2.9411764705882355,2.642857142857143,2.9653979238754324,0.0
290,template_deposition,C,C,none,0,1.0,template_site:index=520:site=C:neigh=1:ahead0=35.663:mode=shell,x,yz,511,221,290,0,290,5032.344987334452,10.748723826515148,500.0,0.001,55.75,0.05575,-4552.221,-4544.892,-4552.221,-7.3291016,-6.9799805,0.9746444955154824,0.05575,0.05575,10,510,520,2,2,1.5146130786556742,60.75804760473834,15.409999999230001,10.0,446.0,0.0,-5.9523664,-95.367424,60.707852520097425,0.49999999916963384,60.207852520927794,35.61273104926706,0.9655140494073549,5.201793721973094,60.36965789859358,60.67606742008064,60.69459689353923,0.5056189808965627,0.125,35.274536427763216,35.58094594925028,35.59947542270886,1.0,28,50,29,0.58,0.5670909090909091,525,297,0.5657142857142857,0.0,1.0,0.6502242152466368,0.12163633250952834,0.12163633250952834,0.06718959319573946,61.48780367915167,0.5736834675674642,2.939334637964775,2.6206896551724137,2.962068965517241,0.0
291,template_deposition,C,C,none,0,1.0,template_site:index=519:site=C:neigh=2:ahead0=35.663:mode=shell,x,yz,512,221,291,0,291,5086.269056918351,53.924069583900234,500.0,0.001,55.75,0.05575,-4564.023,-4552.221,-4564.023,-11.801758,-11.052734,1.0,0.05575,0.05575,10,511,519,1,1,1.4101501977985889,60.75804760473834,16.83000000046,10.0,446.0,0.0,-5.9788275,-95.79138,60.68481113639056,0.49999999916963384,60.184811137220926,35.58968966556019,0.9690857678496985,5.219730941704036,60.50377233552017,60.656828723959535,60.6802130666189,0.3729491361274162,0.125,35.408650864689804,35.56170725312917,35.58509159578853,1.0,28,50,29,0.58,0.5690909090909091,525,298,0.5676190476190476,0.0,1.0,0.6524663677130045,0.12167921259343575,0.12167921259343575,0.06744504926607582,61.48780367915167,0.575864622673059,2.94140625,2.6666666666666665,2.9656357388316152,0.0
292,template_deposition,C,C,none,0,1.0,template_site:index=533:site=C:neigh=1:ahead0=36.893:mode=shell,x,yz,513,221,292,0,292,5100.55780078986,14.288743871508732,500.0,0.001,55.75,0.05575,-4570.553,-4564.023,-4570.553,-6.5302734,-6.034668,0.29823471375937965,0.05575,0.05575,9,512,533,10,10,1.5259871754198235,61.98780367832137,13.28000000073,10.0,446.0,0.0,-5.9934697,-96.02597,61.94873007425051,0.49999999916963384,61.44873007508088,36.85360860342015,0.6787092677872238,5.237668161434978,60.663228163307515,60.6637784823047,61.06398681774854,0.6121440568551324,0.125,35.56810669247715,35.568657011474336,35.96886534691818,1.0,28,50,29,0.58,0.5709090909090909,525,299,0.5695238095238095,0.0,1.0,0.6547085201793722,0.12180858456327792,0.12180858456327792,0.06774877465233743,61.48780367915167,0.578457914647178,2.939571150097466,2.4761904761904763,2.962328767123288,0.0
293,template_deposition,C,C,none,0,1.0,template_site:index=534:site=C:neigh=2:ahead0=36.893:mode=shell,x,yz,514,221,293,0,293,5108.437529405682,7.879728615821381,500.0,0.001,55.75,0.05575,-4581.6406,-4570.553,-4581.6406,-11.087402,-10.466309,1.0,0.05575,0.05575,10,513,534,9,9,1.401159457065333,61.98780367832137,14.69999999973,10.0,446.0,0.0,-6.018329,-96.42426,61.92714090783129,0.49999999916963384,61.427140908661656,36.83201943700092,0.7592029573893626,5.255605381165919,60.81594362164483,60.6637784823047,61.924946592871,0.7370027458525872,0.125,35.72082215081446,35.568657011474336,36.82982512204064,1.0,28,50,29,0.58,0.5727272727272728,525,300,0.5714285714285714,0.0,1.0,0.6569506726457399,0.12191406877411079,0.12191406877411079,0.0680396612396466,61.48780367915167,0.5809415853785996,2.9416342412451364,2.5454545454545454,2.9658703071672354,0.0
294,template_deposition,C,C,none,0,1.0,template_site:index=525:site=C:neigh=1:ahead0=36.893:mode=shell,x,yz,515,221,294,0,294,5162.543474136891,54.105944731209284,500.0,0.001,55.75,0.05575,-4589.035,-4581.6406,-4589.035,-7.3945312,-7.0625,0.9805650822406986,0.05575,0.05575,10,514,525,8,8,1.5146452722634736,61.98780367832137,10.440000000500001,10.0,446.0,0.0,-6.034909,-96.6899,61.93309383931659,0.49999999916963384,61.43309384014696,36.83797236848623,0.8174838639386518,5.273542600896861,61.116578951446996,60.68899362908209,61.92892678727688,0.6227131419165144,0.125,36.02145748061663,35.59387215825173,36.833805316446515,1.0,28,50,29,0.58,0.5745454545454546,525,301,0.5733333333333334,0.0,1.0,0.6591928251121076,0.12252196421978447,0.12252196421978447,0.0686122999630793,61.48780367915167,0.5858309343521116,2.9398058252427184,2.5217391304347827,2.9625850340136055,0.0
295,template_deposition,C,C,none,0,1.0,template_site:index=526:site=C:neigh=2:ahead0=36.893:mode=shell,x,yz,516,221,295,0,295,5199.514233787934,36.970759651043394,500.0,0.001,55.75,0.05575,-4599.99,-4589.035,-4599.99,-10.955078,-10.4375,1.0,0.05575,0.05575,10,515,526,7,7,1.403813775973886,61.98780367832137,9.01999999927,10.0,446.0,0.0,-6.0594716,-97.08344,61.9389021927183,0.49999999916963384,61.43890219354867,36.84378072188794,0.8630052963577566,5.291479820627803,61.12460280909799,60.7181848829852,61.93066929329739,0.6190632055572076,0.125,36.02948133826763,35.623063412154835,36.83554782246703,1.0,28,50,29,0.58,0.5763636363636364,525,302,0.5752380952380952,0.0,1.0,0.6614349775784754,0.12213383504497502,0.12213383504497502,0.06862758350146216,61.48780367915167,0.5859614294612372,2.941860465116279,2.5833333333333335,2.9661016949152543,0.0
296,template_deposition,C,C,none,0,1.0,template_site:index=530:site=C:neigh=1:ahead0=36.893:mode=shell,x,yz,517,221,296,0,296,5218.67287381813,19.15864003019617,500.0,0.001,55.75,0.05575,-4607.3716,-4599.99,-4607.3716,-7.3813477,-6.881836,0.415815278687159,0.05575,0.05575,10,516,530,6,6,1.5389057641242898,61.98780367832137,6.17999999904,10.0,446.0,0.0,-6.0760217,-97.3486,61.9312854157114,0.49999999916963384,61.43128541654177,36.83616394488104,0.8976851483385214,5.309417040358745,61.27227077511067,61.29387778370877,61.92838426019532,0.6436758463090132,0.125,36.177149304280306,36.19875631287841,36.83326278936496,1.0,28,50,29,0.58,0.5781818181818182,525,303,0.5771428571428572,0.0,1.0,0.6636771300448431,0.12222009900094698,0.12222009900094698,0.06890885581767678,61.48780367915167,0.5883630108672542,2.9400386847195357,2.56,2.9628378378378377,0.0
297,template_deposition,C,C,none,0,1.0,template_site:index=529:site=C:neigh=2:ahead0=36.893:mode=shell,x,yz,518,221,297,0,297,5224.097328955194,5.424455137063794,500.0,0.001,55.75,0.05575,-4618.4185,-4607.3716,-4618.4185,-11.046875,-10.355957,1.0,0.05575,0.05575,10,517,529,5,5,1.4139460437550972,61.98780367832137,4.760000000040001,10.0,446.0,0.0,-6.1007905,-97.745445,61.92714090783129,0.49999999916963384,61.427140908661656,36.83201943700092,0.9231029567543212,5.327354260089686,61.42212157041585,61.89641690206686,61.9200455774309,0.628810903871263,0.125,36.32700009958548,36.8012954312365,36.824924106600534,1.0,28,50,29,0.58,0.58,525,304,0.579047619047619,0.0,1.0,0.6659192825112108,0.12231313164843596,0.12231313164843596,0.06919428590397235,61.48780367915167,0.5908000924726912,2.942084942084942,2.6153846153846154,2.9663299663299663,0.0
298,template_deposition,C,C,none,0,1.0,template_site:index=532:site=C:neigh=1:ahead0=36.893:mode=shell,x,yz,519,221,298,0,298,5248.248425801964,24.151096846770233,500.0,0.001,55.75,0.05575,-4625.7783,-4618.4185,-4625.7783,-7.3598633,-6.8964844,0.9999961436655801,0.05575,0.05575,10,518,532,4,4,1.5194218740938583,61.98780367832137,17.539999999960003,10.0,446.0,0.0,-6.1172924,-98.009834,61.93934586485682,0.49999999916963384,61.43934586568719,36.844224394026455,0.9448387154547139,5.345291479820628,61.58358373127885,61.89761887379921,61.923707064538554,0.5638859406882294,0.125,36.488462260448486,36.80249740296885,36.82858559370819,1.0,28,50,29,0.58,0.5818181818181818,525,305,0.580952380952381,0.0,1.0,0.6681614349775785,0.12244450422969291,0.12244450422969291,0.06950183287704474,61.48780367915167,0.5934260142197993,2.9402697495183046,2.5925925925925926,2.9630872483221475,0.0
299,template_deposition,C,C,none,0,1.0,template_site:index=531:site=C:neigh=2:ahead0=36.893:mode=shell,x,yz,520,221,299,0,299,5269.794417654582,21.545991852617632,500.0,0.001,55.75,0.05575,-4636.7314,-4625.7783,-4636.7314,-10.953125,-10.086914,1.0,0.05575,0.05575,9,519,531,3,3,1.414579369976279,61.98780367832137,18.95999999896,10.0,446.0,0.0,-6.141851,-98.403305,61.91700472154501,0.49999999916963384,61.41700472237538,36.82188325071465,0.9591430912861711,5.36322869955157,61.59251793137187,61.89761887379921,61.91459806919722,0.5425546182971585,0.125,36.49739646054151,36.80249740296885,36.819476598366855,1.0,28,50,29,0.58,0.5836363636363636,525,306,0.5828571428571429,0.0,1.0,0.6704035874439462,0.12206487110549,0.12206487110549,0.06951885040103145,61.48780367915167,0.5935713145811464,2.9423076923076925,2.642857142857143,2.9665551839464883,0.0
300,template_deposition,C,C,none,0,1.0,template_site:index=535:site=C:neigh=1:ahead0=36.893:mode=shell,x,yz,521,221,300,0,300,5286.484486876582,16.69006922200098,500.0,0.001,55.75,0.05575,-4643.8813,-4636.7314,-4643.8813,-7.1499023,-6.6069336,0.9960059429038666,0.05575,0.05575,9,520,535,2,2,1.4814317674456066,61.98780367832137,21.79999999919,10.0,446.0,0.0,-6.157882,-98.66015,61.99160016987008,0.49999999916963384,61.49160017070045,36.89647869903972,0.9757475253606831,5.381165919282512,61.74586497057939,61.89825578684106,61.93938335604253,0.4473989334887661,0.125,36.65074349974903,36.8031343160107,36.84426188521217,1.0,28,50,29,0.58,0.5854545454545454,525,307,0.5847619047619048,0.0,1.0,0.672645739910314,0.12216914499916343,0.12216914499916343,0.06981093999952195,61.48780367915167,0.5960652569572263,2.9404990403071016,2.6206896551724137,2.9633333333333334,0.0
301,template_deposition,C,C,none,0,1.0,template_site:index=527:site=C:neigh=1:ahead0=36.893:mode=shell,x,yz,522,221,301,0,301,5319.171100527898,32.68661365131518,500.0,0.001,55.75,0.05575,-4651.8076,-4643.8813,-4651.8076,-7.9262695,-6.9277344,1.0,0.05575,0.05575,10,521,527,1,1,1.5270556445464196,61.98780367832137,1.9199999998100001,10.0,446.0,0.0,-6.1756544,-98.94489,61.98582068999632,0.49999999916963384,61.48582069082669,36.89069921916596,0.9864436519597308,5.3991031390134525,61.91309372354942,61.89825578684106,61.96495132638269,0.035658548407023226,0.125,36.81797225271906,36.8031343160107,36.869829855552325,1.0,29,50,30,0.6,0.5890909090909091,525,309,0.5885714285714285,0.0,1.0,0.6748878923766816,0.1223188446934188,0.1223188446934188,0.07012947095756011,61.48780367915167,0.5987849630284116,2.9386973180076628,2.6,2.9601328903654487,0.0
302,template_deposition,C,C,none,0,1.0,template_site:index=545:site=C:neigh=1:ahead0=38.122:mode=shell,x,yz,523,221,302,0,302,5320.942584350296,1.771483822398069,500.0,0.001,55.75,0.05575,-4660.1743,-4651.8076,-4660.1743,-8.366699,-7.657715,0.7192209546045192,0.05575,0.05575,8,522,545,10,10,1.4683775820927054,63.2175597519044,21.08999999969,10.0,446.0,0.0,-6.1944137,-99.24545,63.1371836753986,0.49999999916963384,62.63718367622897,38.04206220456824,0.6951735962029951,5.417040358744394,62.053197731263694,61.89761887379921,62.29931895772027,0.4101555567108826,0.125,36.95807626043333,36.80249740296885,37.2041974868899,1.0,29,50,30,0.6,0.5910909090909091,525,310,0.5904761904761905,0.0,1.0,0.6771300448430493,0.12237773596169976,0.12237773596169976,0.07039633573415872,61.48780367915167,0.6010635288468517,2.936902485659656,2.380952380952381,2.956953642384106,0.0
303,template_deposition,C,C,none,0,1.0,template_site:index=544:site=C:neigh=2:ahead0=38.122:mode=shell,x,yz,524,221,303,0,303,5348.099767426295,27.157183075999896,500.0,0.001,55.75,0.05575,-4670.963,-4660.1743,-4670.963,-10.788574,-9.649902,1.0,0.05575,0.05575,9,523,544,9,9,1.4539594495903208,63.2175597519044,19.67000000069,10.0,446.0,0.0,-6.218603,-99.63301,63.16729524952131,0.49999999916963384,62.66729525035168,38.072173778690946,0.7665133820194019,5.434977578475336,62.06541586163763,61.90302359587034,62.315418713049745,0.417181777134994,0.125,36.97029439080727,36.80790212503997,37.22029724221938,1.0,29,50,30,0.6,0.5930909090909091,525,311,0.5923809523809523,0.0,1.0,0.679372197309417,0.12201417290695468,0.12201417290695468,0.07041960836344241,61.48780367915167,0.6012622370400682,2.9389312977099236,2.4545454545454546,2.9603960396039604,0.0
304,template_deposition,C,C,none,0,1.0,template_site:index=538:site=C:neigh=1:ahead0=38.122:mode=shell,x,yz,525,221,304,0,304,5348.1631057836885,0.0633383573935304,500.0,0.001,55.75,0.05575,-4679.563,-4670.963,-4679.563,-8.600098,-7.2905273,0.999975819005584,0.05575,0.05575,9,524,538,8,8,1.5407034334554877,63.2175597519044,2.62999999931,10.0,446.0,0.0,-6.237886,-99.941956,63.16729524952131,0.49999999916963384,62.66729525035168,38.072173778690946,0.8131403085030994,5.452914798206278,62.20409201848119,61.901583884964296,63.1013583808771,0.5299287076323793,0.125,37.10897054765083,36.80646241413393,38.00623691004674,1.0,29,50,30,0.6,0.5950909090909091,525,312,0.5942857142857143,0.0,1.0,0.6816143497757847,0.12206898206464088,0.12206898206464088,0.07068375342409682,61.48780367915167,0.6035175811659892,2.940952380952381,2.5217391304347827,2.963815789473684,0.0
305,template_deposition,C,C,none,0,1.0,template_site:index=539:site=C:neigh=2:ahead0=38.122:mode=shell,x,yz,526,221,305,0,305,5383.481532400652,35.318426616964025,500.0,0.001,55.75,0.05575,-4690.607,-4679.563,-4690.607,-11.043945,-9.872559,1.0,0.05575,0.05575,9,525,539,7,7,1.4932552273764164,63.2175597519044,4.05000000054,10.0,446.0,0.0,-6.262648,-100.338684,63.16729524952131,0.49999999916963384,62.66729525035168,38.072173778690946,0.8547491044075679,5.4708520179372195,62.35453819532984,61.928658687941535,63.15319241918553,0.5883084269392612,0.125,37.259416724499474,36.83353721711117,38.058070948355166,1.0,29,50,30,0.6,0.597090909090909,525,313,0.5961904761904762,0.0,1.0,0.6838565022421524,0.12216202204753926,0.12216202204753926,0.07097031757047519,61.48780367915167,0.6059643456923933,2.9429657794676807,2.5833333333333335,2.9672131147540983,0.0
306,template_deposition,C,C,none,0,1.0,template_site:index=540:site=C:neigh=1:ahead0=38.122:mode=shell,x,yz,527,221,306,0,306,5426.531540967106,43.05000856645371,500.0,0.001,55.75,0.05575,-4698.15,-4690.607,-4698.15,-7.5429688,-6.8476562,0.6637280058419254,0.05575,0.05575,10,526,540,6,6,1.6111563871992476,63.2175597519044,16.83000000046,10.0,446.0,0.0,-6.2795606,-100.60966,63.14714834904162,0.49999999916963384,62.64714834987199,38.05202687821126,0.885602974377465,5.488789237668161,62.49623554104535,62.4642279828758,63.143514433952944,0.6091206033004191,0.125,37.40111407021499,37.369106512045434,38.04839296312258,1.0,29,50,30,0.6,0.5990909090909091,525,314,0.5980952380952381,0.0,1.0,0.6860986547085202,0.12222586297455879,0.12222586297455879,0.07124021727659997,61.48780367915167,0.6082688245847424,2.9411764705882355,2.56,2.9640522875816995,0.0
307,template_deposition,C,C,none,0,1.0,template_site:index=541:site=C:neigh=2:ahead0=38.122:mode=shell,x,yz,528,221,307,0,307,5469.50660121034,42.97506024323385,500.0,0.001,55.75,0.05575,-4709.082,-4698.15,-4709.082,-10.932129,-10.273926,1.0,0.05575,0.05575,10,527,541,5,5,1.4490491622625925,63.2175597519044,15.409999999230001,10.0,446.0,0.0,-6.3040724,-101.00238,63.16754360440065,0.49999999916963384,62.66754360523102,38.072422133570285,0.9137378840352292,5.506726457399103,62.64951687261062,63.04800683081024,63.153266925649326,0.5968791299523237,0.125,37.554395401780255,37.952885359979874,38.05814545481896,1.0,29,50,30,0.6,0.6010909090909091,525,315,0.6,0.0,1.0,0.6883408071748879,0.12232702085270442,0.12232702085270442,0.07153218171767668,61.48780367915167,0.6107616983319509,2.9431818181818183,2.6153846153846154,2.96742671009772,0.0
308,template_deposition,C,C,none,0,1.0,template_site:index=543:site=C:neigh=1:ahead0=38.122:mode=shell,x,yz,529,221,308,0,308,5493.783026869252,24.276425658912984,500.0,0.001,55.75,0.05575,-4716.4614,-4709.082,-4716.4614,-7.3793945,-6.9467773,0.9522018333564617,0.05575,0.05575,10,528,543,4,4,1.5557416374059148,63.2175597519044,12.569999999,10.0,446.0,0.0,-6.320618,-101.26747,63.14714834904162,0.49999999916963384,62.64714834987199,38.05202687821126,0.93471816743305,5.524663677130045,62.80514975560419,63.10776974226103,63.14476927625584,0.5324298833841883,0.125,37.71002828477383,38.01264827143066,38.04964780542548,1.0,29,50,30,0.6,0.6030909090909091,525,316,0.6019047619047619,0.0,1.0,0.6905829596412556,0.1224351567687462,0.1224351567687462,0.0718286253043311,61.48780367915167,0.6132928162721147,2.941398865784499,2.5925925925925926,2.9642857142857144,0.0
309,template_deposition,C,C,none,0,1.0,template_site:index=542:site=C:neigh=2:ahead0=38.122:mode=shell,x,yz,530,221,309,0,309,5495.928799834479,2.145772965226612,500.0,0.001,55.75,0.05575,-4727.446,-4716.4614,-4727.446,-10.984375,-10.403809,1.0,0.05575,0.05575,10,529,542,3,3,1.421966054695581,63.2175597519044,11.15,10.0,446.0,0.0,-6.345247,-101.66206,63.16239851058476,0.49999999916963384,62.66239851141513,38.067277039754394,0.9519975386474596,5.542600896860987,62.815826558003586,63.10776974226103,63.15172339750456,0.520329396299454,0.125,37.72070508717322,38.01264827143066,38.0566019266742,1.0,29,50,30,0.6,0.6050909090909091,525,317,0.6038095238095238,0.0,1.0,0.6928251121076233,0.12207347924651528,0.12207347924651528,0.07184896207080614,61.48780367915167,0.6134664572506592,2.943396226415094,2.642857142857143,2.9676375404530746,0.0
310,template_deposition,C,C,none,0,1.0,template_site:index=536:site=C:neigh=1:ahead0=38.122:mode=shell,x,yz,531,221,310,0,310,5511.800306514105,15.871506679625817,500.0,0.001,55.75,0.05575,-4734.787,-4727.446,-4734.787,-7.3413086,-7.0029297,0.9623521847891044,0.05575,0.05575,10,530,536,2,2,1.5129427094501464,63.2175597519044,8.30999999977,10.0,446.0,0.0,-6.3617067,-101.92578,63.16664195318626,0.49999999916963384,62.666641954016626,38.07152048235589,0.9654269720190194,5.560538116591928,62.97577420283536,63.137761283579025,63.152996430285015,0.3794061266489082,0.125,37.880652732005,38.04263981274866,38.05787495945465,1.0,30,50,31,0.62,0.607090909090909,525,318,0.6057142857142858,0.0,1.0,0.695067264573991,0.12219565397420967,0.12219565397420967,0.07215362425143809,61.48780367915167,0.6160677478361287,2.9416195856873824,2.6206896551724137,2.964516129032258,0.0
311,template_deposition,C,C,none,0,1.0,template_site:index=537:site=C:neigh=2:ahead0=38.122:mode=shell,x,yz,532,221,311,0,311,5523.386723788019,11.58641727391342,500.0,0.001,55.75,0.05575,-4746.564,-4734.787,-4746.564,-11.776855,-11.109375,1.0,0.05575,0.05575,11,531,537,1,1,1.409030704643165,63.2175597519044,6.890000000770001,10.0,446.0,0.0,-6.3881125,-102.34885,63.14195704177209,0.49999999916963384,62.641957042602456,38.046835570941724,0.9686376328598113,5.57847533632287,62.966725758346065,63.119525917048236,63.140609636809934,0.3744810276232061,0.125,37.8716042875157,38.02440444621787,38.04548816597957,1.0,30,50,31,0.62,0.609090909090909,525,319,0.6076190476190476,0.0,1.0,0.6973094170403588,0.12177364722673858,0.12177364722673858,0.07213638911907752,61.48780367915167,0.615920589473854,2.943609022556391,2.6666666666666665,2.967845659163987,0.0
312,template_deposition,C,C,none,0,1.0,template_site:index=555:site=C:neigh=1:ahead0=39.352:mode=shell,x,yz,533,221,312,0,312,5542.832619301877,19.445895513858158,500.0,0.001,55.75,0.05575,-4753.142,-4746.564,-4753.142,-6.578125,-6.004883,0.18072880555596924,0.05575,0.05575,9,532,555,10,10,1.5481173758190103,64.44731582548744,14.69999999973,10.0,446.0,0.0,-6.4028616,-102.58515,64.39155502633268,0.49999999916963384,63.89155502716305,39.29643355550232,0.6763227734667481,5.596412556053812,63.123592251961625,63.119525917048236,63.51683643714026,0.6047764596037757,0.125,38.02847078113126,38.02440444621787,38.4217149663099,1.0,30,50,31,0.62,0.610909090909091,525,320,0.6095238095238096,0.0,1.0,0.6995515695067265,0.12188612429849763,0.12188612429849763,0.07243518244025002,61.48780367915167,0.6184717701020336,2.9418386491557222,2.4761904761904763,2.96474358974359,0.0
313,template_deposition,C,C,none,0,1.0,template_site:index=554:site=C:neigh=2:ahead0=39.352:mode=shell,x,yz,534,221,313,0,313,5565.825900727902,22.993281426025433,500.0,0.001,55.75,0.05575,-4764.1865,-4753.142,-4764.1865,-11.044434,-10.463379,1.0,0.05575,0.05575,10,533,554,9,9,1.409588382067357,64.44731582548744,13.28000000073,10.0,446.0,0.0,-6.4276247,-102.9819,64.3894849150689,0.49999999916963384,63.889484915899274,39.29436344423854,0.7565836384233741,5.614349775784754,63.277594677767304,63.119525917048236,64.37347286529877,0.7310613256621147,0.125,38.18247320693694,38.02440444621787,39.2783513944684,1.0,30,50,31,0.62,0.6127272727272728,525,321,0.6114285714285714,0.0,1.0,0.7017937219730942,0.12198873229053335,0.12198873229053335,0.0727285203941656,61.48780367915167,0.6209763712845587,2.943820224719101,2.5454545454545454,2.9680511182108624,0.0
314,template_deposition,C,C,none,0,1.0,template_site:index=546:site=C:neigh=1:ahead0=39.352:mode=shell,x,yz,535,221,314,0,314,5603.000348212841,37.17444748493904,500.0,0.001,55.75,0.05575,-4771.549,-4764.1865,-4771.549,-7.3623047,-7.0126953,0.7522388396134556,0.05575,0.05575,10,534,546,8,8,1.523292568748025,64.44731582548744,10.440000000500001,10.0,446.0,0.0,-6.4441323,-103.24638,64.39106599342931,0.49999999916963384,63.89106599425968,39.295944522598944,0.8159634153995982,5.632286995515695,63.57730772202318,63.141988754592134,64.37394718880688,0.617629912666367,0.125,38.482186251192815,38.04686728376177,39.27882571797652,1.0,30,50,31,0.62,0.6145454545454545,525,322,0.6133333333333333,0.0,1.0,0.7040358744394619,0.12255473328405354,0.12255473328405354,0.07329940238322441,61.48780367915167,0.6258507207705121,2.9420560747663553,2.5217391304347827,2.964968152866242,0.0
315,template_deposition,C,C,none,0,1.0,template_site:index=547:site=C:neigh=2:ahead0=39.352:mode=shell,x,yz,536,221,315,0,315,5611.298605575475,8.298257362634272,500.0,0.001,55.75,0.05575,-4782.5327,-4771.549,-4782.5327,-10.983887,-10.368164,1.0,0.05575,0.05575,10,535,547,7,7,1.4121840943558779,64.44731582548744,9.01999999927,10.0,446.0,0.0,-6.46876,-103.64096,64.39079436130707,0.49999999916963384,63.89079436213744,39.29567289047671,0.861977966399333,5.650224215246637,63.5862496778079,63.177892393792135,64.37386569917021,0.6116876950972556,0.125,38.491128206977535,38.08277092296177,39.278744228339846,1.0,30,50,31,0.62,0.6163636363636364,525,323,0.6152380952380953,0.0,1.0,0.7062780269058296,0.12219405779992869,0.12219405779992869,0.07331643467995722,61.48780367915167,0.6259961472656814,2.9440298507462686,2.5833333333333335,2.9682539682539684,0.0
316,template_deposition,C,C,none,0,1.0,template_site:index=553:site=C:neigh=1:ahead0=39.352:mode=shell,x,yz,537,221,316,0,316,5638.790041094963,27.49143551948781,500.0,0.001,55.75,0.05575,-4789.935,-4782.5327,-4789.935,-7.4023438,-6.9648438,0.7667261018632969,0.05575,0.05575,10,536,553,6,6,1.5183205364019363,64.44731582548744,17.539999999960003,10.0,446.0,0.0,-6.485357,-103.906876,64.39525242733365,0.49999999916963384,63.895252428164014,39.30013095650328,0.897233018044271,5.668161434977579,63.74968634989436,63.777911087129695,64.39213178111504,0.6250588490820881,0.125,38.654564879064,38.68278961629933,39.297010310284676,1.0,30,50,31,0.62,0.6181818181818182,525,324,0.6171428571428571,0.0,1.0,0.7085201793721974,0.12232457240210126,0.12232457240210126,0.07362774262678856,61.48780367915167,0.6286541812546541,2.9422718808193666,2.56,2.9651898734177213,0.0
317,template_deposition,C,C,none,0,1.0,template_site:index=552:site=C:neigh=2:ahead0=39.352:mode=shell,x,yz,538,221,317,0,317,5663.767601111268,24.977560016304963,500.0,0.001,55.75,0.05575,-4801.007,-4789.935,-4801.007,-11.071777,-10.3671875,1.0,0.05575,0.05575,10,537,552,5,5,1.4076606923701434,64.44731582548744,18.95999999896,10.0,446.0,0.0,-6.5101814,-104.30461,64.39079436130707,0.49999999916963384,63.89079436213744,39.29567289047671,0.9225437227529187,5.686098654708521,63.75602061628409,63.78521922888367,64.38196599277057,0.615254800799242,0.125,38.660899145453726,38.690097758053305,39.28684452194021,1.0,30,50,31,0.62,0.62,525,325,0.6190476190476191,0.0,1.0,0.7107623318385651,0.12195867238313478,0.12195867238313478,0.07363980789610233,61.48780367915167,0.6287571978857698,2.9442379182156135,2.6153846153846154,2.968454258675079,0.0
318,template_deposition,C,C,none,0,1.0,template_site:index=551:site=C:neigh=1:ahead0=39.352:mode=shell,x,yz,539,221,318,0,318,5678.256460004624,14.488858893356706,500.0,0.001,55.75,0.05575,-4808.362,-4801.007,-4808.362,-7.3549805,-6.913086,0.9999898955318455,0.05575,0.05575,10,538,551,4,4,1.5217229367997898,64.44731582548744,6.17999999904,10.0,446.0,0.0,-6.526673,-104.56883,64.39696091790752,0.49999999916963384,63.89696091873789,39.30183944707716,0.9441971482241899,5.7040358744394615,63.90366532491302,64.35203515108668,64.3838159597507,0.6031038381421276,0.125,38.80854385408266,39.25691368025632,39.28869448892034,1.0,30,50,31,0.62,0.6218181818181818,525,326,0.6209523809523809,0.0,1.0,0.7130044843049327,0.12203944608202094,0.12203944608202094,0.07392103591253839,61.48780367915167,0.6311584010479343,2.942486085343228,2.5925925925925926,2.9654088050314464,0.0
319,template_deposition,C,C,none,0,1.0,template_site:index=550:site=C:neigh=2:ahead0=39.352:mode=shell,x,yz,540,221,319,0,319,5681.199397153373,2.9429371487483187,500.0,0.001,55.75,0.05575,-4819.3354,-4808.362,-4819.3354,-10.973633,-10.17627,1.0,0.05575,0.05575,9,539,550,3,3,1.4142180917001057,64.44731582548744,4.760000000040001,10.0,446.0,0.0,-6.551277,-104.963036,64.37818240625494,0.49999999916963384,63.878182407085305,39.28306093542457,0.9587243659641582,5.721973094170403,64.05748994224622,64.36035561870867,64.37463712846335,0.5318349331575547,0.125,38.96236847141586,39.2652341478783,39.279515657632984,1.0,30,50,31,0.62,0.6236363636363635,525,327,0.6228571428571429,0.0,1.0,0.7152466367713004,0.12213908611729109,0.12213908611729109,0.07421403518364925,61.48780367915167,0.6336601104623064,2.9444444444444446,2.642857142857143,2.968652037617555,0.0
320,template_deposition,C,C,none,0,1.0,template_site:index=548:site=C:neigh=1:ahead0=39.352:mode=shell,x,yz,541,221,320,0,320,5749.81577931532,68.61638216194699,500.0,0.001,55.75,0.05575,-4826.4688,-4819.3354,-4826.4688,-7.133301,-6.5268555,0.9107778904374255,0.05575,0.05575,9,540,548,2,2,1.4994302726449014,64.44731582548744,1.9199999998100001,10.0,446.0,0.0,-6.567271,-105.219284,64.44264924663115,0.49999999916963384,63.94264924746152,39.347527775800785,0.9751425347947975,5.739910313901345,64.22571705950408,64.36035561870867,64.3975224583678,0.37828080374926026,0.125,39.130595588673714,39.2652341478783,39.30240098753744,1.0,30,50,31,0.62,0.6254545454545455,525,328,0.6247619047619047,0.0,1.0,0.7174887892376681,0.12228311121460536,0.12228311121460536,0.07453446778794993,61.48780367915167,0.6363960533191318,2.942698706099815,2.6206896551724137,2.965625,0.0
321,template_deposition,C,C,none,0,1.0,template_site:index=549:site=C:neigh=1:ahead0=39.352:mode=shell,x,yz,542,221,321,0,321,5755.971441599042,6.1556622837222505,500.0,0.001,55.75,0.05575,-4837.5684,-4826.4688,-4837.5684,-11.099609,-8.270508,0.9999999999998972,0.05575,0.05575,10,541,549,2,2,1.4193526812353812,64.44731582548744,0.5000000008100001,10.0,446.0,0.0,-6.5921583,-105.61802,64.36651191341124,0.49999999916963384,63.86651191424161,39.27139044258088,0.9751565787674631,5.757847533632287,64.22866815548772,64.35751915704105,64.36340668563167,0.32987234916090963,0.125,39.13354668465736,39.26239768621069,39.26828521480131,1.0,31,50,32,0.64,0.6252727272727273,525,328,0.6247619047619047,0.0,1.0,0.7197309417040358,0.12191136038834069,0.12191136038834069,0.07454008892315687,61.48780367915167,0.636444048137731,2.944649446494465,2.6666666666666665,2.9688473520249223,0.0
322,template_deposition,C,C,none,0,1.0,template_site:index=561:site=C:neigh=1:ahead0=40.582:mode=shell,x,yz,543,221,322,0,322,5769.390147750887,13.418706151845152,500.0,0.001,55.75,0.05575,-4844.3145,-4837.5684,-4844.3145,-6.7460938,-6.3061523,0.9368733243517036,0.05575,0.05575,9,542,561,9,9,1.565555932669481,65.67707189907047,16.83000000046,10.0,446.0,0.0,-6.607284,-105.86037,65.59377847434106,0.49999999916963384,65.09377847517143,40.4986570035107,0.6764691067881297,5.7757847533632285,64.3837088995648,64.35751915704105,64.7346918816902,0.561920957123225,0.125,39.28858742873443,39.26239768621069,39.63957041085983,1.0,31,50,32,0.64,0.6272727272727273,525,329,0.6266666666666667,0.0,1.0,0.7219730941704036,0.1220142466730883,0.1220142466730883,0.07483540462616083,61.48780367915167,0.6389655358930277,2.9429097605893184,2.4761904761904763,2.9658385093167703,0.0
323,template_deposition,C,C,none,0,1.0,template_site:index=562:site=C:neigh=2:ahead0=40.582:mode=shell,x,yz,544,221,323,0,323,5924.186027581223,154.7958798303364,500.0,0.001,55.75,0.05575,-4855.339,-4844.3145,-4855.339,-11.024414,-10.316406,1.0,0.05575,0.05575,10,543,562,8,8,1.4403169376322482,65.67707189907047,15.409999999230001,10.0,446.0,0.0,-6.6320024,-106.25639,65.62109254430672,0.49999999916963384,65.12109254513709,40.525971073476356,0.7559783294319726,5.79372197309417,64.53744883963468,64.35751915704105,65.58168353070705,0.6890477173686071,0.125,39.442327368804314,39.26239768621069,40.48656205987669,1.0,31,50,32,0.64,0.6292727272727273,525,330,0.6285714285714286,0.0,1.0,0.7242152466367713,0.12211246863406908,0.12211246863406908,0.0751282426072463,61.48780367915167,0.6414658681682235,2.9448529411764706,2.5454545454545454,2.9690402476780187,0.0
324,template_deposition,C,C,none,0,1.0,template_site:index=564:site=C:neigh=1:ahead0=40.582:mode=shell,x,yz,545,221,324,0,324,5925.54904209263,1.3630145114066303,500.0,0.001,55.75,0.05575,-4862.726,-4855.339,-4862.726,-7.387207,-6.9907227,0.9999999805654057,0.05575,0.05575,10,544,564,7,7,1.5437494258563613,65.67707189907047,12.569999999,10.0,446.0,0.0,-6.648566,-106.52177,65.6076846579478,0.49999999916963384,65.10768465877817,40.512563187117436,0.8131670575564103,5.811659192825112,64.69249227675711,64.3680810045142,65.59612520484812,0.7622389554622909,0.125,39.597370805926744,39.27295953368383,40.50100373401776,1.0,31,50,32,0.64,0.6312727272727272,525,331,0.6304761904761905,0.0,1.0,0.726457399103139,0.12221410742569982,0.12221410742569982,0.07542356343986047,61.48780367915167,0.6439873997215615,2.943119266055046,2.5217391304347827,2.9660493827160495,0.0
325,template_deposition,C,C,none,0,1.0,template_site:index=563:site=C:neigh=2:ahead0=40.582:mode=shell,x,yz,546,221,325,0,325,5928.349272001944,2.8002299093139333,500.0,0.001,55.75,0.05575,-4873.699,-4862.726,-4873.699,-10.973145,-10.398926,1.0,0.05575,0.05575,10,545,563,6,6,1.417588026916368,65.67707189907047,11.15,10.0,446.0,0.0,-6.673169,-106.91596,65.62315006981173,0.49999999916963384,65.1231500706421,40.528028598981365,0.8583227744892462,5.829596412556054,64.7027110050706,64.40122321183617,65.60076482840729,0.7614473269958036,0.125,39.60758953424023,39.306101741005804,40.50564335757693,1.0,31,50,32,0.64,0.6332727272727273,525,332,0.6323809523809524,0.0,1.0,0.7286995515695067,0.12186950625920072,0.12186950625920072,0.07544302768426711,61.48780367915167,0.6441535908635774,2.9450549450549453,2.5833333333333335,2.9692307692307693,0.0
326,template_deposition,C,C,none,0,1.0,template_site:index=557:site=C:neigh=1:ahead0=40.582:mode=shell,x,yz,547,221,326,0,326,5953.325992164881,24.976720162937433,500.0,0.001,55.75,0.05575,-4881.111,-4873.699,-4881.111,-7.411621,-7.0429688,0.9999999916617462,0.05575,0.05575,10,546,557,5,5,1.5152748246229795,65.67707189907047,8.30999999977,10.0,446.0,0.0,-6.689787,-107.182205,65.62300980441526,0.49999999916963384,65.12300980524563,40.5278883335849,0.8929922703652085,5.8475336322869955,64.85177155859947,65.00134156569828,65.60443048062253,0.8042826834738209,0.125,39.7566500877691,39.90622009486792,40.50930900979216,1.0,31,50,32,0.64,0.6352727272727273,525,333,0.6342857142857142,0.0,1.0,0.7309417040358744,0.12195291437965983,0.12195291437965983,0.07572695254813162,61.48780367915167,0.6465778204605017,2.943327239488117,2.56,2.9662576687116564,0.0
327,template_deposition,C,C,none,0,1.0,template_site:index=558:site=C:neigh=2:ahead0=40.582:mode=shell,x,yz,548,221,327,0,327,5986.838972282817,33.51298011793583,500.0,0.001,55.75,0.05575,-4892.0728,-4881.111,-4892.0728,-10.961914,-10.3671875,1.0,0.05575,0.05575,10,547,558,4,4,1.405814218265968,65.67707189907047,6.890000000770001,10.0,446.0,0.0,-6.7143655,-107.576,65.61130416681507,0.49999999916963384,65.11130416764544,40.51618269598471,0.9187300217402533,5.865470852017937,64.85017227111096,64.99996884202483,65.60091878934247,0.8029197187132694,0.125,39.7550508002806,39.904847371194464,40.50579731851211,1.0,31,50,32,0.64,0.6372727272727273,525,334,0.6361904761904762,0.0,1.0,0.7331838565022422,0.12157507889994067,0.12157507889994067,0.07572390628624877,61.48780367915167,0.6465518106277738,2.9452554744525545,2.6153846153846154,2.9694189602446484,0.0
328,template_deposition,C,C,none,0,1.0,template_site:index=560:site=C:neigh=1:ahead0=40.582:mode=shell,x,yz,549,221,328,0,328,5993.702031763154,6.86305948033719,500.0,0.001,55.75,0.05575,-4899.406,-4892.0728,-4899.406,-7.333008,-6.8012695,0.9999990646533752,0.05575,0.05575,9,548,560,3,3,1.531222187222543,65.67707189907047,4.05000000054,10.0,446.0,0.0,-6.730807,-107.83942,65.6321567514738,0.49999999916963384,65.13215675230417,40.53703528064344,0.9404231486279258,5.883408071748879,65.01579234617425,65.57798255348487,65.60717456474009,0.8069091648740148,0.125,39.92067087534389,40.48286108265451,40.51205309390973,1.0,31,50,32,0.64,0.6392727272727273,525,335,0.638095238095238,0.0,1.0,0.7354260089686099,0.12170936242482892,0.12170936242482892,0.07603937309589312,61.48780367915167,0.649245354146217,2.9435336976320583,2.5925925925925926,2.966463414634146,0.0
329,template_deposition,C,C,none,0,1.0,template_site:index=559:site=C:neigh=2:ahead0=40.582:mode=shell,x,yz,550,221,329,0,329,5999.551302491632,5.849270728477699,500.0,0.001,55.75,0.05575,-4910.4043,-4899.406,-4910.4043,-10.998535,-9.700684,1.0,0.05575,0.05575,9,549,559,2,2,1.4226179755038584,65.67707189907047,2.62999999931,10.0,446.0,0.0,-6.7554674,-108.23452,65.59646791328278,0.49999999916963384,65.09646791411315,40.501346442452416,0.9539177270369626,5.901345291479821,65.16173516587673,65.57805112974228,65.59454580304025,0.7791093995818574,0.125,40.06661369504637,40.482929658911914,40.499424332209884,1.0,31,50,32,0.64,0.6412727272727272,525,336,0.64,0.0,1.0,0.7376681614349776,0.12178302034968502,0.12178302034968502,0.07631735941913595,61.48780367915167,0.6516188788286731,2.9454545454545453,2.642857142857143,2.9696048632218845,0.0
330,template_deposition,C,C,none,0,1.0,template_site:index=565:site=C:neigh=1:ahead0=40.582:mode=shell,x,yz,551,221,330,0,330,6004.360992195996,4.809689704364632,500.0,0.001,55.75,0.05575,-4917.6963,-4910.4043,-4917.6963,-7.291992,-6.2192383,1.0,0.05575,0.05575,9,550,565,1,1,1.5625926324688846,65.67707189907047,19.67000000069,10.0,446.0,0.0,-6.771817,-108.496475,65.64236750291747,0.49999999916963384,65.14236750374783,40.5472460320871,0.9704843009145839,5.9192825112107625,65.44468876084315,65.58808386116428,65.61023779017319,0.382459879761956,0.125,40.349567290012786,40.492962390333915,40.51511631934282,1.0,32,50,33,0.66,0.6452727272727273,525,338,0.6438095238095238,0.0,1.0,0.7399103139013453,0.12227141603034178,0.12227141603034178,0.0768563186476434,61.48780367915167,0.656220662890483,2.943738656987296,2.6206896551724137,2.966666666666667,0.0
331,template_deposition,C,C,none,0,1.0,template_site:index=566:site=C:neigh=1:ahead0=40.582:mode=shell,x,yz,552,221,331,0,331,6015.035642985369,10.674650789372745,500.0,0.001,55.75,0.05575,-4929.117,-4917.6963,-4929.117,-11.420898,-8.888672,1.0,0.05575,0.05575,10,551,566,1,1,1.4299718887173234,65.67707189907047,21.08999999969,10.0,446.0,0.0,-6.797425,-108.90675,65.59646791328278,0.49999999916963384,65.09646791411315,40.501346442452416,0.9737927431561554,5.937219730941704,65.42543471526554,65.56942692303477,65.59454580304025,0.37538769208467565,0.125,40.330313244435175,40.474305452204405,40.499424332209884,1.0,32,50,33,0.66,0.649090909090909,525,340,0.6476190476190476,0.0,1.0,0.742152466367713,0.121843846659925,0.121843846659925,0.07681964427511462,61.48780367915167,0.6559075268793468,2.9456521739130435,2.6666666666666665,2.9697885196374623,0.0
332,template_deposition,C,C,none,0,1.0,template_site:index=576:site=C:neigh=1:ahead0=41.812:mode=shell,x,yz,553,221,332,0,332,6019.439566696166,4.403923710796862,500.0,0.001,55.75,0.05575,-4935.6987,-4929.117,-4935.6987,-6.581543,-6.1049805,0.1885875692210852,0.05575,0.05575,9,552,576,10,10,1.5588198324105809,66.9068279726535,14.69999999973,10.0,446.0,0.0,-6.8121815,-109.14318,66.84434147498452,0.49999999916963384,66.34434147581489,41.749220004154154,0.6803468093785079,5.955156950672646,65.58200885922929,65.56942692303477,65.97420647045227,0.6038904115043054,0.125,40.48688738839893,40.474305452204405,40.87908499962191,1.0,32,50,33,0.66,0.6509090909090909,525,341,0.6495238095238095,0.0,1.0,0.7443946188340808,0.1219484559891534,0.1219484559891534,0.07711788073980748,61.48780367915167,0.6584539529117478,2.9439421338155514,2.4761904761904763,2.966867469879518,0.0
333,template_deposition,C,C,none,0,1.0,template_site:index=575:site=C:neigh=2:ahead0=41.812:mode=shell,x,yz,554,221,333,0,333,6020.936758628324,1.4971919321582257,500.0,0.001,55.75,0.05575,-4946.743,-4935.6987,-4946.743,-11.044434,-10.449219,1.0,0.05575,0.05575,10,553,575,9,9,1.4168480147030458,66.9068279726535,13.28000000073,10.0,446.0,0.0,-6.8369446,-109.53993,66.85067756462108,0.49999999916963384,66.35067756545145,41.755556093790716,0.7600852188448098,5.973094170403588,65.73621371391012,65.56942692303477,66.8299480216038,0.7312266334598605,0.125,40.641092243079754,40.474305452204405,41.734826550773434,1.0,32,50,33,0.66,0.6527272727272728,525,342,0.6514285714285715,0.0,1.0,0.7466367713004485,0.12204532205129055,0.12204532205129055,0.07741160427253287,61.48780367915167,0.6609618462735839,2.9458483754512637,2.5454545454545454,2.96996996996997,0.0
334,template_deposition,C,C,none,0,1.0,template_site:index=567:site=C:neigh=1:ahead0=41.812:mode=shell,x,yz,555,221,334,0,334,6042.307952867711,21.371194239387,500.0,0.001,55.75,0.05575,-4954.126,-4946.743,-4954.126,-7.3828125,-7.0439453,0.9527149822203799,0.05575,0.05575,10,554,567,8,8,1.519548136638621,66.9068279726535,10.440000000500001,10.0,446.0,0.0,-6.853498,-109.805145,66.85083721065892,0.49999999916963384,66.35083721148929,41.75571573982856,0.8181420816494543,5.99103139013453,66.03566841363168,65.58654737222159,66.83089943224982,0.6169624685911844,0.125,40.94054694280132,40.491425901391224,41.73577796141946,1.0,32,50,33,0.66,0.6545454545454545,525,343,0.6533333333333333,0.0,1.0,0.7488789237668162,0.12257648785269856,0.12257648785269856,0.07798199417676442,61.48780367915167,0.6658319942021739,2.9441441441441443,2.5217391304347827,2.967065868263473,0.0
335,template_deposition,C,C,none,0,1.0,template_site:index=568:site=C:neigh=2:ahead0=41.812:mode=shell,x,yz,556,221,335,0,335,6067.045965342389,24.73801247467745,500.0,0.001,55.75,0.05575,-4965.1055,-4954.126,-4965.1055,-10.979492,-10.41748,1.0,0.05575,0.05575,10,555,568,7,7,1.407423381419941,66.9068279726535,9.01999999927,10.0,446.0,0.0,-6.8781157,-110.19956,66.84990420229792,0.49999999916963384,66.34990420312829,41.75478273146756,0.8623663607978754,6.00896860986547,66.04421354618387,65.62119440661078,66.83061952974151,0.6111194596766549,0.125,40.949092075353505,40.52607293578042,41.73549805891115,1.0,32,50,33,0.66,0.6563636363636363,525,344,0.6552380952380953,0.0,1.0,0.7511210762331838,0.1222360957473239,0.1222360957473239,0.07799827061972096,61.48780367915167,0.6659709670071999,2.946043165467626,2.5833333333333335,2.970149253731343,0.0
336,template_deposition,C,C,none,0,1.0,template_site:index=572:site=C:neigh=1:ahead0=41.812:mode=shell,x,yz,557,221,336,0,336,6073.480096842309,6.434131499919836,500.0,0.001,55.75,0.05575,-4972.5293,-4965.1055,-4972.5293,-7.423828,-6.9970703,0.8741172685573966,0.05575,0.05575,10,556,572,6,6,1.5139468489077368,66.9068279726535,6.17999999904,10.0,446.0,0.0,-6.894761,-110.466255,66.85649566674311,0.49999999916963384,66.35649566757348,41.76137419591275,0.8968927642436727,6.026905829596412,66.18566342273519,66.20113006250193,66.83482738424458,0.6465498512175345,0.125,41.090541951904825,41.10600859167157,41.73970591341421,1.0,32,50,33,0.66,0.6581818181818181,525,345,0.6571428571428571,0.0,1.0,0.7533632286995515,0.12229327961876436,0.12229327961876436,0.07826769895600919,61.48780367915167,0.668271421212548,2.9443447037701973,2.56,2.9672619047619047,0.0
337,template_deposition,C,C,none,0,1.0,template_site:index=571:site=C:neigh=2:ahead0=41.812:mode=shell,x,yz,558,221,337,0,337,6121.089879248726,47.60978240641734,500.0,0.001,55.75,0.05575,-4983.5347,-4972.5293,-4983.5347,-11.005371,-10.296875,1.0,0.05575,0.05575,9,557,571,5,5,1.4109535470209515,66.9068279726535,4.760000000040001,10.0,446.0,0.0,-6.919437,-110.8616,66.83368655581317,0.49999999916963384,66.33368655664354,41.73856508498281,0.921403200390581,6.044843049327354,66.33808192356523,66.81948260454988,66.8279846509656,0.6279739001182788,0.125,41.24296045273486,41.72436113371951,41.73286318013524,1.0,32,50,33,0.66,0.66,525,346,0.659047619047619,0.0,1.0,0.7556053811659192,0.12238267196657229,0.12238267196657229,0.07855801990997116,61.48780367915167,0.6707502624088505,2.946236559139785,2.6153846153846154,2.970326409495549,0.0
338,template_deposition,C,C,none,0,1.0,template_site:index=574:site=C:neigh=1:ahead0=41.812:mode=shell,x,yz,559,221,338,0,338,6130.77158541604,9.681706167313477,500.0,0.001,55.75,0.05575,-4990.846,-4983.5347,-4990.846,-7.3115234,-6.913574,0.9999956809265641,0.05575,0.05575,10,558,574,4,4,1.5108091865209499,66.9068279726535,17.539999999960003,10.0,446.0,0.0,-6.9358306,-111.12426,66.86458203612048,0.49999999916963384,66.36458203695085,41.76946056529012,0.943249943879771,6.062780269058296,66.50150327634029,66.8201279737175,66.84295519990536,0.5649982055245265,0.125,41.40638180550992,41.72500650288714,41.747833729075,1.0,32,50,33,0.66,0.6618181818181819,525,347,0.660952380952381,0.0,1.0,0.757847533632287,0.12250408818198202,0.12250408818198202,0.07886929867716176,61.48780367915167,0.67340804725392,2.9445438282647585,2.5925925925925926,2.967455621301775,0.0
339,template_deposition,C,C,none,0,1.0,template_site:index=573:site=C:neigh=2:ahead0=41.812:mode=shell,x,yz,560,221,339,0,339,6157.641045844549,26.869460428509427,500.0,0.001,55.75,0.05575,-5001.814,-4990.846,-5001.814,-10.967773,-9.911621,1.0,0.05575,0.05575,9,559,573,3,3,1.4152003739913883,66.9068279726535,18.95999999896,10.0,446.0,0.0,-6.960422,-111.51826,66.83368655581317,0.49999999916963384,66.33368655664354,41.73856508498281,0.9578297211580371,6.0807174887892375,66.51095644925624,66.8201279737175,66.83356456647537,0.5414799327035801,0.125,41.41583497842588,41.72500650288714,41.73844309564501,1.0,32,50,33,0.66,0.6636363636363637,525,348,0.6628571428571428,0.0,1.0,0.7600896860986547,0.12217060465612353,0.12217060465612353,0.0788873047208112,61.48780367915167,0.6735617878715762,2.9464285714285716,2.642857142857143,2.9705014749262535,0.0
340,template_deposition,C,C,none,0,1.0,template_site:index=577:site=C:neigh=1:ahead0=41.812:mode=shell,x,yz,561,221,340,0,340,6239.435486296263,81.79444045171378,500.0,0.001,55.75,0.05575,-5009.0522,-5001.814,-5009.0522,-7.2382812,-6.715332,0.9994484021547193,0.05575,0.05575,9,560,577,2,2,1.439964640000291,66.9068279726535,21.79999999919,10.0,446.0,0.0,-6.976651,-111.778275,66.91642928998533,0.49999999916963384,66.4164292908157,41.82130781915497,0.9761376775403513,6.098654708520179,66.66475879988113,66.82209867645534,66.85850937606482,0.4485545925042586,0.125,41.569637329050764,41.726977205624976,41.76338790523445,1.0,32,50,33,0.66,0.6672727272727274,525,350,0.6666666666666666,0.0,1.0,0.7623318385650224,0.12226363920309048,0.12226363920309048,0.07918026157914432,61.48780367915167,0.6760631351538346,2.944741532976827,2.6206896551724137,2.9676470588235295,0.0
341,template_deposition,C,C,none,0,1.0,template_site:index=569:site=C:neigh=1:ahead0=41.812:mode=shell,x,yz,562,221,341,0,341,6253.337343734539,13.901857438276032,500.0,0.001,55.75,0.05575,-5017.046,-5009.0522,-5017.046,-7.9936523,-6.9711914,1.0,0.05575,0.05575,10,561,569,1,1,1.5277808158052273,66.9068279726535,1.9199999998100001,10.0,446.0,0.0,-6.994574,-112.06544,66.90945625478587,0.49999999916963384,66.40945625561623,41.8143347839555,0.9866065119293712,6.116591928251121,66.83131921509205,66.82209867645534,66.8817962895628,0.037449622611959874,0.125,41.73619774426169,41.726977205624976,41.786674818732436,1.0,33,50,34,0.68,0.6690909090909091,525,351,0.6685714285714286,0.0,1.0,0.7645739910313901,0.12239354177202841,0.12239354177202841,0.07949751951287941,61.48780367915167,0.6787719717888208,2.9430604982206408,2.6,2.964809384164223,0.0
342,template_deposition,C,C,none,0,1.0,template_site:index=587:site=C:neigh=1:ahead0=43.041:mode=shell,x,yz,563,221,342,0,342,6261.214708796093,7.8773650615541415,500.0,0.001,55.75,0.05575,-5025.41,-5017.046,-5025.41,-8.364258,-7.651367,0.7707553996812282,0.05575,0.05575,8,562,587,10,10,1.4675352237825012,68.13658404623654,21.08999999969,10.0,446.0,0.0,-7.013328,-112.365906,68.05580596781893,0.49999999916963384,67.5558059686493,42.96068449698856,0.6949271258754354,6.134529147982063,66.97119032258132,66.8201279737175,67.21696177848467,0.41043672989386004,0.125,41.87606885175096,41.72500650288714,42.12184030765431,1.0,33,50,34,0.68,0.6710909090909091,525,352,0.6704761904761904,0.0,1.0,0.7668161434977578,0.12244464576535367,0.12244464576535367,0.07976394067000182,61.48780367915167,0.6810467498605687,2.9413854351687387,2.380952380952381,2.961988304093567,0.0
343,template_deposition,C,C,none,0,1.0,template_site:index=586:site=C:neigh=2:ahead0=43.041:mode=shell,x,yz,564,221,343,0,343,6274.556416718183,13.341707922089585,500.0,0.001,55.75,0.05575,-5036.224,-5025.41,-5036.224,-10.813965,-9.66748,1.0,0.05575,0.05575,9,563,586,9,9,1.4558986307654809,68.13658404623654,19.67000000069,10.0,446.0,0.0,-7.037575,-112.75438,68.09000625926075,0.49999999916963384,67.59000626009112,42.99488478843038,0.766739216114445,6.1524663677130045,66.9835540588137,66.82394782376699,67.23716130246048,0.4190364897266426,0.125,41.88843258798333,41.72882635293662,42.142039831630115,1.0,33,50,34,0.68,0.6730909090909091,525,353,0.6723809523809524,0.0,1.0,0.7690582959641256,0.12212371016904762,0.12212371016904762,0.07978749064377777,61.48780367915167,0.6812478260983359,2.9432624113475176,2.4545454545454546,2.9650145772594754,0.0
344,template_deposition,C,C,none,0,1.0,template_site:index=580:site=C:neigh=1:ahead0=43.041:mode=shell,x,yz,565,221,344,0,344,6299.634992439178,25.078575720995037,500.0,0.001,55.75,0.05575,-5044.791,-5036.224,-5044.791,-8.566895,-7.282715,0.9999755434215627,0.05575,0.05575,9,564,580,8,8,1.5437069482888546,68.13658404623654,2.62999999931,10.0,446.0,0.0,-7.0567827,-113.062126,68.09000625926075,0.49999999916963384,67.59000626009112,42.99488478843038,0.8130092084546089,6.170403587443946,67.12223901917818,66.82394782376699,68.0200319408053,0.5310568912422909,0.125,42.02711754834782,41.72882635293662,42.92491046997493,1.0,33,50,34,0.68,0.6750909090909092,525,354,0.6742857142857143,0.0,1.0,0.7713004484304933,0.12217185333822039,0.12217185333822039,0.08005165247304347,61.48780367915167,0.6835033133993322,2.945132743362832,2.5217391304347827,2.9680232558139537,0.0
345,template_deposition,C,C,none,0,1.0,template_site:index=581:site=C:neigh=2:ahead0=43.041:mode=shell,x,yz,566,221,345,0,345,6305.913895673222,6.278903234044493,500.0,0.001,55.75,0.05575,-5055.8213,-5044.791,-5055.8213,-11.030273,-9.86084,1.0,0.05575,0.05575,9,565,581,7,7,1.4967146864259062,68.13658404623654,4.05000000054,10.0,446.0,0.0,-7.0815144,-113.458374,68.09000625926075,0.49999999916963384,67.59000626009112,42.99488478843038,0.8545970187016179,6.188340807174888,67.27277226433827,66.84859864921708,68.07043163924251,0.5887407062621138,0.125,42.17765079350791,41.75347717838672,42.97531016841215,1.0,33,50,34,0.68,0.6770909090909091,525,355,0.6761904761904762,0.0,1.0,0.773542600896861,0.12225406027103741,0.12225406027103741,0.08033838246382459,61.48780367915167,0.6859514939514558,2.9469964664310955,2.5833333333333335,2.971014492753623,0.0
346,template_deposition,C,C,none,0,1.0,template_site:index=582:site=C:neigh=1:ahead0=43.041:mode=shell,x,yz,567,221,346,0,346,6374.549307104987,68.63541143176482,500.0,0.001,55.75,0.05575,-5063.3613,-5055.8213,-5063.3613,-7.540039,-6.838867,0.624798043567635,0.05575,0.05575,10,566,582,6,6,1.6094990619770073,68.13658404623654,16.83000000046,10.0,446.0,0.0,-7.0984206,-113.72924,68.06291383275381,0.49999999916963384,67.56291383358418,42.96779236192344,0.88536198019259,6.20627802690583,67.41377461541374,67.38222729238198,68.06230391129043,0.6097783349990938,0.125,42.31865314458338,42.28710582155162,42.967182440460064,1.0,33,50,34,0.68,0.6790909090909091,525,356,0.6780952380952381,0.0,1.0,0.7757847533632287,0.12230824608261093,0.12230824608261093,0.08060695837063502,61.48780367915167,0.6882446698764121,2.945326278659612,2.56,2.968208092485549,0.0
347,template_deposition,C,C,none,0,1.0,template_site:index=583:site=C:neigh=2:ahead0=43.041:mode=shell,x,yz,568,221,347,0,347,6381.61366713741,7.064360032422567,500.0,0.001,55.75,0.05575,-5074.3013,-5063.3613,-5074.3013,-10.939941,-10.230957,1.0,0.05575,0.05575,10,567,583,5,5,1.453159291918093,68.13658404623654,15.409999999230001,10.0,446.0,0.0,-7.1229496,-114.12224,68.08329595265096,0.49999999916963384,67.58329595348133,42.98817448182059,0.9134587790758744,6.2242152466367715,67.56813555716955,67.9667731993572,68.06902846872295,0.5958186927747304,0.125,42.47301408633919,42.87165172852684,42.973906997892584,1.0,33,50,34,0.68,0.6810909090909091,525,357,0.68,0.0,1.0,0.7780269058295964,0.12240061696351352,0.12240061696351352,0.08090097921207465,61.48780367915167,0.6907551017428889,2.9471830985915495,2.6153846153846154,2.9711815561959654,0.0
348,template_deposition,C,C,none,0,1.0,template_site:index=585:site=C:neigh=1:ahead0=43.041:mode=shell,x,yz,569,221,348,0,348,6405.966727337257,24.353060199847242,500.0,0.001,55.75,0.05575,-5081.679,-5074.3013,-5081.679,-7.3779297,-6.96875,0.9713746350373835,0.05575,0.05575,10,568,585,4,4,1.5509845837994538,68.13658404623654,12.569999999,10.0,446.0,0.0,-7.139492,-114.387276,68.06291383275381,0.49999999916963384,67.56291383358418,42.96779236192344,0.9346255867908668,6.242152466367713,67.72347799712219,68.02616251957969,68.06283039883058,0.5324465390700709,0.125,42.628356526291824,42.93104104874932,42.96770892800022,1.0,33,50,34,0.68,0.6830909090909091,525,358,0.6819047619047619,0.0,1.0,0.7802690582959642,0.1224952773744018,0.1224952773744018,0.08119686957388919,61.48780367915167,0.6932814960952263,2.945518453427065,2.5925925925925926,2.968390804597701,0.0
349,template_deposition,C,C,none,0,1.0,template_site:index=584:site=C:neigh=2:ahead0=43.041:mode=shell,x,yz,570,221,349,0,349,6407.3620221975825,1.3952948603257362,500.0,0.001,55.75,0.05575,-5092.662,-5081.679,-5092.662,-10.98291,-10.400391,1.0,0.05575,0.05575,10,569,584,3,3,1.4220686451604658,68.13658404623654,11.15,10.0,446.0,0.0,-7.1641173,-114.781815,68.08164764220909,0.49999999916963384,67.58164764303946,42.98652617137873,0.9519797865722402,6.260089686098655,67.7342099610268,68.02616251957969,68.0685339755904,0.5203155888135697,0.125,42.63908849019644,42.93104104874932,42.973412504760034,1.0,33,50,34,0.68,0.6850909090909092,525,359,0.6838095238095238,0.0,1.0,0.7825112107623319,0.122175038653858,0.122175038653858,0.08121731140989799,61.48780367915167,0.6934560341867252,2.9473684210526314,2.642857142857143,2.9713467048710602,0.0
350,template_deposition,C,C,none,0,1.0,template_site:index=578:site=C:neigh=1:ahead0=43.041:mode=shell,x,yz,571,221,350,0,350,6467.963519210082,60.601497012500026,500.0,0.001,55.75,0.05575,-5100.001,-5092.662,-5100.001,-7.338867,-6.9941406,0.9552030932302862,0.05575,0.05575,10,570,578,2,2,1.5159472485255017,68.13658404623654,8.30999999977,10.0,446.0,0.0,-7.180572,-115.04545,68.08434655479596,0.49999999916963384,67.58434655562633,42.98922508396559,0.9653556323313873,6.278026905829597,67.89400616088642,68.0559510301968,68.06934364936644,0.3793124595707415,0.125,42.798884690056056,42.96082955936643,42.97422217853608,1.0,34,50,35,0.7,0.6870909090909091,525,360,0.6857142857142857,0.0,1.0,0.7847533632286996,0.12228252768587444,0.12228252768587444,0.08152168512391629,61.48780367915167,0.6960548617638727,2.945709281961471,2.6206896551724137,2.9685714285714284,0.0
351,template_deposition,C,C,none,0,1.0,template_site:index=579:site=C:neigh=2:ahead0=43.041:mode=shell,x,yz,572,221,351,0,351,6483.500301668744,15.536782458661634,500.0,0.001,55.75,0.05575,-5111.784,-5100.001,-5111.784,-11.783203,-11.114258,1.0,0.05575,0.05575,11,571,579,1,1,1.4093871761853802,68.13658404623654,6.890000000770001,10.0,446.0,0.0,-7.2069917,-115.46874,68.06291383275381,0.49999999916963384,67.56291383358418,42.96779236192344,0.968603966830296,6.2959641255605385,67.88507026850934,68.03604819376318,68.05925872325074,0.3743096390976133,0.125,42.789948797678974,42.940926722932815,42.96413725242037,1.0,34,50,35,0.7,0.6890909090909091,525,361,0.6876190476190476,0.0,1.0,0.7869955156950673,0.12190868603327343,0.12190868603327343,0.08150466437653138,61.48780367915167,0.6959095338802536,2.9475524475524475,2.6666666666666665,2.9715099715099713,0.0
352,template_deposition,C,C,none,0,1.0,template_site:index=597:site=C:neigh=1:ahead0=44.271:mode=shell,x,yz,573,221,352,0,352,6512.542205092126,29.041903423381456,500.0,0.001,55.75,0.05575,-5118.365,-5111.784,-5118.365,-6.5810547,-5.998535,0.18204576181389706,0.05575,0.05575,9,572,597,10,10,1.5497141246955901,69.36634011981957,14.69999999973,10.0,446.0,0.0,-7.2217474,-115.705154,69.30993504118516,0.49999999916963384,68.80993504201552,44.21481357035479,0.676262179821991,6.313901345291479,68.04195306137606,68.03604819376318,68.43702019528321,0.6046784459594469,0.125,42.9468315905457,42.940926722932815,43.34189872445285,1.0,34,50,35,0.7,0.6909090909090909,525,362,0.6895238095238095,0.0,1.0,0.7892376681614349,0.122008044291323,0.122008044291323,0.08180348874389656,61.48780367915167,0.6984609795894766,2.945898778359511,2.4761904761904763,2.96875,0.0
353,template_deposition,C,C,none,0,1.0,template_site:index=596:site=C:neigh=2:ahead0=44.271:mode=shell,x,yz,574,221,353,0,353,6517.96431294865,5.422107856523811,500.0,0.001,55.75,0.05575,-5129.4077,-5118.365,-5129.4077,-11.04248,-10.458984,1.0,0.05575,0.05575,10,573,596,9,9,1.4101252105060398,69.36634011981957,13.28000000073,10.0,446.0,0.0,-7.2465067,-116.10184,69.30836291469538,0.49999999916963384,68.80836291552575,44.213241443865016,0.7565867521432111,6.331838565022421,68.19607163430429,68.03604819376318,69.29216974729246,0.7311219042833677,0.125,43.100950163473925,42.940926722932815,44.1970482764621,1.0,34,50,35,0.7,0.6927272727272726,525,363,0.6914285714285714,0.0,1.0,0.7914798206278026,0.1220990089616825,0.1220990089616825,0.08209704793042652,61.48780367915167,0.7009674697177048,2.947735191637631,2.5454545454545454,2.971671388101983,0.0
354,template_deposition,C,C,none,0,1.0,template_site:index=588:site=C:neigh=1:ahead0=44.271:mode=shell,x,yz,575,221,354,0,354,6546.371121732101,28.406808783450305,500.0,0.001,55.75,0.05575,-5136.7715,-5129.4077,-5136.7715,-7.3637695,-7.010742,0.762647823370834,0.05575,0.05575,10,574,588,8,8,1.524812334323568,69.36634011981957,10.440000000500001,10.0,446.0,0.0,-7.263017,-116.36636,69.30901467614349,0.49999999916963384,68.80901467697386,44.21389320531313,0.8159345623358264,6.349775784753363,68.49564983546047,68.06176277942231,69.2923652757269,0.6177292872909417,0.125,43.400528364630105,42.966641308591946,44.19724380489653,1.0,34,50,35,0.7,0.6945454545454546,525,364,0.6933333333333334,0.0,1.0,0.7937219730941704,0.12260036261194945,0.12260036261194945,0.08266767307548592,61.48780367915167,0.7058396261980273,2.946086956521739,2.5217391304347827,2.968926553672316,0.0
355,template_deposition,C,C,none,0,1.0,template_site:index=589:site=C:neigh=2:ahead0=44.271:mode=shell,x,yz,576,221,355,0,355,6567.279885634827,20.90876390272621,500.0,0.001,55.75,0.05575,-5147.7554,-5136.7715,-5147.7554,-10.983887,-10.368164,1.0,0.05575,0.05575,10,575,589,7,7,1.4127124003732259,69.36634011981957,9.01999999927,10.0,446.0,0.0,-7.287645,-116.76095,69.30981771002973,0.49999999916963384,68.8098177108601,44.21469623919937,0.8620320428990901,6.367713004484305,68.50469866248162,68.09755657056375,69.29260618589277,0.6119850714896113,0.125,43.40957719165125,43.00243509973339,44.1974847150624,1.0,34,50,35,0.7,0.6963636363636364,525,365,0.6952380952380952,0.0,1.0,0.7959641255605381,0.12228049913141198,0.12228049913141198,0.08268490893647858,61.48780367915167,0.705986790781566,2.9479166666666665,2.5833333333333335,2.971830985915493,0.0
356,template_deposition,C,C,none,0,1.0,template_site:index=595:site=C:neigh=1:ahead0=44.271:mode=shell,x,yz,577,221,356,0,356,6593.578819465981,26.2989338311538,500.0,0.001,55.75,0.05575,-5155.1543,-5147.7554,-5155.1543,-7.398926,-6.959961,0.7806133346249372,0.05575,0.05575,10,576,595,6,6,1.5175898794793026,69.36634011981957,17.539999999960003,10.0,446.0,0.0,-7.304234,-117.02673,69.31512345717879,0.49999999916963384,68.81512345800915,44.22000198634842,0.8974561741045285,6.385650224215246,68.66815499965178,68.69673346090515,69.31140943417445,0.6258545165231227,0.125,43.57303352882141,43.60161199007479,44.21628796334409,1.0,34,50,35,0.7,0.6981818181818181,525,366,0.6971428571428572,0.0,1.0,0.7982062780269058,0.12239616159781296,0.12239616159781296,0.08299625434061221,61.48780367915167,0.7086451445914221,2.946273830155979,2.56,2.9691011235955056,0.0
357,template_deposition,C,C,none,0,1.0,template_site:index=594:site=C:neigh=2:ahead0=44.271:mode=shell,x,yz,578,221,357,0,357,6598.490346697213,4.911527231232409,500.0,0.001,55.75,0.05575,-5166.22,-5155.1543,-5166.22,-11.065918,-10.345215,1.0,0.05575,0.05575,10,577,594,5,5,1.407952924957452,69.36634011981957,18.95999999896,10.0,446.0,0.0,-7.329046,-117.42426,69.30981771002973,0.49999999916963384,68.8098177108601,44.21469623919937,0.9228262155173877,6.403587443946188,68.67451364623082,68.70544330007655,69.30065628925232,0.6157452967228308,0.125,43.57939217540046,43.61032182924619,44.20553481842195,1.0,34,50,35,0.7,0.7,525,367,0.699047619047619,0.0,1.0,0.8004484304932735,0.12207112654173798,0.12207112654173798,0.08300836604838183,61.48780367915167,0.7087485577270128,2.9480968858131487,2.6153846153846154,2.9719887955182074,0.0
358,template_deposition,C,C,none,0,1.0,template_site:index=593:site=C:neigh=1:ahead0=44.271:mode=shell,x,yz,579,221,358,0,358,6599.37406058813,0.8837138909171764,500.0,0.001,55.75,0.05575,-5173.5684,-5166.22,-5173.5684,-7.3481445,-6.904785,0.9999833634646241,0.05575,0.05575,10,578,593,4,4,1.524241590723638,69.36634011981957,6.17999999904,10.0,446.0,0.0,-7.3455215,-117.68823,69.31453615470463,0.49999999916963384,68.814536155535,44.21941468387426,0.9443778664524116,6.42152466367713,68.82186209861298,69.27107397733909,69.3020718226548,0.6034790949055601,0.125,43.72674062778262,44.17595250650872,44.20695035182443,1.0,34,50,35,0.7,0.7018181818181819,525,368,0.700952380952381,0.0,1.0,0.8026905829596412,0.12214173359715814,0.12214173359715814,0.08328902976720498,61.48780367915167,0.7111449427589297,2.9464594127806563,2.5925925925925926,2.96927374301676,0.0
359,template_deposition,C,C,none,0,1.0,template_site:index=592:site=C:neigh=2:ahead0=44.271:mode=shell,x,yz,580,221,359,0,359,6629.418421601855,30.044361013724103,500.0,0.001,55.75,0.05575,-5184.5415,-5173.5684,-5184.5415,-10.973145,-10.168945,1.0,0.05575,0.05575,9,579,592,3,3,1.4152846575840612,69.36634011981957,4.760000000040001,10.0,446.0,0.0,-7.370125,-118.08242,69.296729966062,0.49999999916963384,68.79672996689237,44.20160849523164,0.9589118746112663,6.439461883408072,68.97608564919571,69.27877568787201,69.29244215589746,0.531483345474205,0.125,43.880964178365346,44.18365421704165,44.1973206850671,1.0,34,50,35,0.7,0.7036363636363636,525,369,0.7028571428571428,0.0,1.0,0.804932735426009,0.12223109798987562,0.12223109798987562,0.08358278891117209,61.48780367915167,0.7136531401794698,2.9482758620689653,2.642857142857143,2.9721448467966574,0.0
360,template_deposition,C,C,none,0,1.0,template_site:index=590:site=C:neigh=1:ahead0=44.271:mode=shell,x,yz,581,221,360,0,360,6645.106301751633,15.687880149777985,500.0,0.001,55.75,0.05575,-5191.6753,-5184.5415,-5191.6753,-7.133789,-6.5268555,0.8825903071972006,0.05575,0.05575,9,580,590,2,2,1.5013728708102454,69.36634011981957,1.9199999998100001,10.0,446.0,0.0,-7.38612,-118.33869,69.36037184870924,0.49999999916963384,68.8603718495396,44.26525037787887,0.9752126484312768,6.457399103139013,69.14426238674403,69.27877568787201,69.31582253085617,0.377288872369945,0.125,44.04914091591367,44.18365421704165,44.2207010600258,1.0,34,50,35,0.7,0.7054545454545454,525,370,0.7047619047619048,0.0,1.0,0.8071748878923767,0.12235872476642685,0.12235872476642685,0.08390312555412127,61.48780367915167,0.7163882636915387,2.946643717728055,2.6206896551724137,2.9694444444444446,0.0
361,template_deposition,C,C,none,0,1.0,template_site:index=591:site=C:neigh=1:ahead0=44.271:mode=shell,x,yz,582,221,361,0,361,6646.049764281708,0.9434625300752879,500.0,0.001,55.75,0.05575,-5202.7725,-5191.6753,-5202.7725,-11.097168,-8.295898,0.9999999999999252,0.05575,0.05575,10,581,591,2,2,1.4197646405370303,69.36634011981957,0.5000000008100001,10.0,446.0,0.0,-7.411001,-118.737335,69.28446583365294,0.49999999916963384,68.78446583448331,44.18934436282258,0.9749320721854358,6.475336322869955,69.14659702427876,69.27346664529817,69.28195598896498,0.32946350850171235,0.125,44.0514755534484,44.17834517446781,44.18683451813462,1.0,35,50,36,0.72,0.7052727272727273,525,370,0.7047619047619048,0.0,1.0,0.8094170403587444,0.12202624807049418,0.12202624807049418,0.08390757248275886,61.48780367915167,0.7164262328072826,2.948453608247423,2.6666666666666665,2.972299168975069,0.0
362,template_deposition,C,C,none,0,1.0,template_site:index=603:site=C:neigh=1:ahead0=45.501:mode=shell,x,yz,583,221,362,0,362,6662.781171076596,16.731406794888255,500.0,0.001,55.75,0.05575,-5209.5205,-5202.7725,-5209.5205,-6.748047,-6.309082,0.9426118765659257,0.05575,0.05575,9,582,603,9,9,1.5655344867118206,70.5960961934026,16.83000000046,10.0,446.0,0.0,-7.4261317,-118.97975,70.51221022675819,0.49999999916963384,70.01221022758855,45.41708875592782,0.6762127566247648,6.493273542600897,69.30146242433324,69.27346664529817,69.65278915158451,0.5618293644339302,0.125,44.206340953502874,44.17834517446781,44.55766768075415,1.0,35,50,36,0.72,0.7072727272727272,525,371,0.7066666666666667,0.0,1.0,0.8116591928251121,0.1221169639599527,0.1221169639599527,0.08420255419714834,61.48780367915167,0.7189448688747306,2.946826758147513,2.4761904761904763,2.9696132596685083,0.0
363,template_deposition,C,C,none,0,1.0,template_site:index=604:site=C:neigh=2:ahead0=45.501:mode=shell,x,yz,584,221,363,0,363,6663.251504395868,0.4703333192721354,500.0,0.001,55.75,0.05575,-5220.5444,-5209.5205,-5220.5444,-11.023926,-10.311523,1.0,0.05575,0.05575,10,583,604,8,8,1.4408498842370596,70.5960961934026,15.409999999230001,10.0,446.0,0.0,-7.450849,-119.37576,70.54040121192541,0.49999999916963384,70.04040121275578,45.44527974109505,0.7558629324100593,6.511210762331839,69.45521245984634,69.27346664529817,70.50029253909801,0.6892954782993826,0.125,44.36009098901597,44.17834517446781,45.40517106826765,1.0,35,50,36,0.72,0.7092727272727274,525,372,0.7085714285714285,0.0,1.0,0.8139013452914798,0.1222041074077575,0.1222041074077575,0.08449541140764948,61.48780367915167,0.721445365336035,2.9486301369863015,2.5454545454545454,2.9724517906336088,0.0
364,template_deposition,C,C,none,0,1.0,template_site:index=606:site=C:neigh=1:ahead0=45.501:mode=shell,x,yz,585,221,364,0,364,6716.338191028098,53.08668663222984,500.0,0.001,55.75,0.05575,-5227.9326,-5220.5444,-5227.9326,-7.3881836,-6.989258,0.999999980612294,0.05575,0.05575,10,584,606,7,7,1.54465516586609,70.5960961934026,12.569999999,10.0,446.0,0.0,-7.4674144,-119.641174,70.52611552292095,0.49999999916963384,70.02611552375132,45.43099405209058,0.8131098086722569,6.5291479820627805,69.610242600866,69.28601082403867,70.51540973019378,0.7626684696798047,0.125,44.51512113003564,44.190889353208306,45.42028825936342,1.0,35,50,36,0.72,0.7112727272727273,525,373,0.7104761904761905,0.0,1.0,0.8161434977578476,0.12229428881877923,0.12229428881877923,0.0847907069143536,61.48780367915167,0.7239666806496966,2.947008547008547,2.5217391304347827,2.96978021978022,0.0
365,template_deposition,C,C,none,0,1.0,template_site:index=605:site=C:neigh=2:ahead0=45.501:mode=shell,x,yz,586,221,365,0,365,6733.07590289038,16.73771186228286,500.0,0.001,55.75,0.05575,-5238.9053,-5227.9326,-5238.9053,-10.972656,-10.395996,1.0,0.05575,0.05575,10,585,605,6,6,1.4180915143200357,70.5960961934026,11.15,10.0,446.0,0.0,-7.492017,-120.03535,70.54170796043175,0.49999999916963384,70.04170796126212,45.44658648960139,0.8582888764365099,6.547085201793722,69.62049969232412,69.31924297111571,70.52008746144703,0.7618913764050597,0.125,44.52537822149375,44.22412150028535,45.42496599061667,1.0,35,50,36,0.72,0.7132727272727273,525,374,0.7123809523809523,0.0,1.0,0.8183856502242153,0.12198733759313357,0.12198733759313357,0.08481024423141667,61.48780367915167,0.7241334957064132,2.948805460750853,2.5833333333333335,2.9726027397260273,0.0
366,template_deposition,C,C,none,0,1.0,template_site:index=599:site=C:neigh=1:ahead0=45.501:mode=shell,x,yz,587,221,366,0,366,6735.2959804810225,2.220077590642316,500.0,0.001,55.75,0.05575,-5246.3154,-5238.9053,-5246.3154,-7.4101562,-7.0405273,0.9999999915562462,0.05575,0.05575,10,586,599,5,5,1.5166378416522703,70.5960961934026,8.30999999977,10.0,446.0,0.0,-7.508631,-120.30154,70.54116249056966,0.49999999916963384,70.04116249140003,45.4460410197393,0.8929249286532114,6.565022421524664,69.76954311120132,69.91948425999634,70.5226501177078,0.8047266163188043,0.125,44.67442164037095,44.824362789165974,45.427528646877434,1.0,35,50,36,0.72,0.7152727272727273,525,375,0.7142857142857143,0.0,1.0,0.820627802690583,0.12206126131248894,0.12206126131248894,0.08509413645784943,61.48780367915167,0.7265574466358515,2.947189097103918,2.56,2.969945355191257,0.0
367,template_deposition,C,C,none,0,1.0,template_site:index=600:site=C:neigh=2:ahead0=45.501:mode=shell,x,yz,588,221,367,0,367,6735.34034372168,0.044363240657609715,500.0,0.001,55.75,0.05575,-5257.2773,-5246.3154,-5257.2773,-10.961914,-10.366699,1.0,0.05575,0.05575,10,587,600,4,4,1.4061019969496122,70.5960961934026,6.890000000770001,10.0,446.0,0.0,-7.53321,-120.69533,70.52998239345304,0.49999999916963384,70.02998239428341,45.434860922622676,0.9187003401221717,6.582959641255606,69.76804280653087,69.9183366196919,70.51929608857282,0.8034127127300059,0.125,44.67292133570051,44.823215148861536,45.42417461774245,1.0,35,50,36,0.72,0.7172727272727272,525,376,0.7161904761904762,0.0,1.0,0.8228699551569507,0.12172458129618667,0.12172458129618667,0.08509127873466764,61.48780367915167,0.7265330465990854,2.9489795918367347,2.6153846153846154,2.97275204359673,0.0
368,template_deposition,C,C,none,0,1.0,template_site:index=602:site=C:neigh=1:ahead0=45.501:mode=shell,x,yz,589,221,368,0,368,6755.267876068841,19.92753234716093,500.0,0.001,55.75,0.05575,-5264.6074,-5257.2773,-5264.6074,-7.330078,-6.790039,0.9999988530038653,0.05575,0.05575,9,588,602,3,3,1.5344713753480743,70.5960961934026,4.05000000054,10.0,446.0,0.0,-7.549645,-120.95865,70.54976977274526,0.49999999916963384,70.04976977357563,45.4546483019149,0.9403117922033882,6.6008968609865475,69.93368196693865,70.4969623205985,70.52523230236048,0.8071831439925925,0.125,44.838560496108286,45.401840849768135,45.430110831530115,1.0,35,50,36,0.72,0.7192727272727274,525,377,0.7180952380952381,0.0,1.0,0.8251121076233184,0.1218439143915986,0.1218439143915986,0.08540678189734911,61.48780367915167,0.7292269005098885,2.9473684210526314,2.5925925925925926,2.970108695652174,0.0
369,template_deposition,C,C,none,0,1.0,template_site:index=601:site=C:neigh=2:ahead0=45.501:mode=shell,x,yz,590,221,369,0,369,6756.45651029328,1.1886342244391723,500.0,0.001,55.75,0.05575,-5275.618,-5264.6074,-5275.618,-11.010742,-9.70752,1.0,0.05575,0.05575,9,589,601,2,2,1.4235851250870548,70.5960961934026,2.62999999931,10.0,446.0,0.0,-7.5743327,-121.354195,70.51471624362415,0.49999999916963384,70.01471624445452,45.419594772793786,0.9538401192390322,6.618834080717488,70.08022810040329,70.49620054827815,70.51259746802761,0.7789276577076526,0.125,44.985106629572925,45.40107907744779,45.41747599719724,1.0,35,50,36,0.72,0.7212727272727273,525,378,0.72,0.0,1.0,0.827354260089686,0.12191085807472338,0.12191085807472338,0.08568591738966272,61.48780367915167,0.7316102371180608,2.9491525423728815,2.642857142857143,2.97289972899729,0.0
370,template_deposition,C,C,none,0,1.0,template_site:index=607:site=C:neigh=1:ahead0=45.501:mode=shell,x,yz,591,221,370,0,370,6818.2564594215355,61.79994912825537,500.0,0.001,55.75,0.05575,-5282.914,-5275.618,-5282.914,-7.2958984,-6.2192383,1.0,0.05575,0.05575,9,590,607,1,1,1.5618816940180693,70.5960961934026,19.67000000069,10.0,446.0,0.0,-7.590691,-121.61628,70.56232154256394,0.49999999916963384,70.0623215433943,45.46720007173357,0.9705639129994202,6.63677130044843,70.36337434831749,70.50723740519855,70.52899783330608,0.38258125479064714,0.125,45.26825287748713,45.41211593436819,45.433876362475715,1.0,36,50,37,0.74,0.7252727272727273,525,380,0.7238095238095238,0.0,1.0,0.8295964125560538,0.12234662939861386,0.12234662939861386,0.08622524357616596,61.48780367915167,0.7362151543694833,2.9475465313028764,2.6206896551724137,2.9702702702702704,0.0
371,template_deposition,C,C,none,0,1.0,template_site:index=608:site=C:neigh=1:ahead0=45.501:mode=shell,x,yz,592,221,371,0,371,6835.677513357354,17.42105393581822,500.0,0.001,55.75,0.05575,-5294.3325,-5282.914,-5294.3325,-11.418457,-8.871094,1.0,0.05575,0.05575,10,591,608,1,1,1.4294194329966854,70.5960961934026,21.08999999969,10.0,446.0,0.0,-7.616293,-122.02647,70.51471624362415,0.49999999916963384,70.01471624445452,45.419594772793786,0.9739495661772943,6.654708520179372,70.34418338568881,70.4882280490425,70.51259746802761,0.37549423279075034,0.125,45.249061914858444,45.39310657821214,45.41747599719724,1.0,36,50,37,0.74,0.729090909090909,525,382,0.7276190476190476,0.0,1.0,0.8318385650224215,0.12196512645514405,0.12196512645514405,0.08618868936163514,61.48780367915167,0.735903044300813,2.949324324324324,2.6666666666666665,2.973045822102426,0.0
372,template_deposition,C,C,none,0,1.0,template_site:index=610:site=C:neigh=1:ahead0=46.731:mode=shell,x,yz,593,221,372,0,372,6855.471807549813,19.794294192459482,500.0,0.001,55.75,0.05575,-5300.932,-5294.3325,-5300.932,-6.5996094,-6.102539,0.18923903986914006,0.05575,0.05575,9,592,610,10,10,1.5522368341664974,71.82585226698563,9.01999999927,10.0,446.0,0.0,-7.63109,-122.26355,71.76812949219293,0.49999999916963384,71.2681294930233,46.67300802136256,0.6818106193525487,6.672645739910314,70.65669290699988,70.4997846763903,70.93532932393477,0.42227745139105427,0.125,45.561571436169515,45.40466320555994,45.8402078531044,1.0,36,50,37,0.74,0.730909090909091,525,383,0.7295238095238096,0.0,1.0,0.8340807174887892,0.12247734257034816,0.12247734257034816,0.08678394559270385,61.48780367915167,0.7409855078563788,2.947723440134907,2.4761904761904763,2.9704301075268815,0.0
373,template_deposition,C,C,none,0,1.0,template_site:index=609:site=C:neigh=2:ahead0=46.731:mode=shell,x,yz,594,221,373,0,373,6960.46177975951,104.98997220969731,500.0,0.001,55.75,0.05575,-5311.9707,-5300.932,-5311.9707,-11.038574,-10.510742,1.0,0.05575,0.05575,10,593,609,9,9,1.4067270486603096,71.82585226698563,10.440000000500001,10.0,446.0,0.0,-7.6558404,-122.66009,71.77735398504224,0.49999999916963384,71.27735398587261,46.682232514211876,0.7620274219588342,6.690582959641255,70.66759802409771,70.4997846763903,70.95131899038768,0.4231596852259811,0.125,45.57247655326735,45.40466320555994,45.85619751955731,1.0,36,50,37,0.74,0.7327272727272728,525,384,0.7314285714285714,0.0,1.0,0.8363228699551569,0.12217822132243257,0.12217822132243257,0.08680471724431876,61.48780367915167,0.7411628620054185,2.9494949494949494,2.5454545454545454,2.973190348525469,0.0
374,template_deposition,C,C,none,0,1.0,template_site:index=614:site=C:neigh=1:ahead0=46.731:mode=shell,x,yz,595,221,374,0,374,6979.217651575619,18.755871816109053,500.0,0.001,55.75,0.05575,-5319.391,-5311.9707,-5319.391,-7.42041,-7.052246,0.7687468747991415,0.05575,0.05575,10,594,614,8,8,1.4960419521205333,71.82585226698563,6.17999999904,10.0,446.0,0.0,-7.672478,-122.92666,71.78271011618115,0.49999999916963384,71.28271011701152,46.687588645350786,0.820638769076532,6.708520179372197,70.81211918500048,70.5051197443336,71.77896082438392,0.5613854523327185,0.125,45.71699771417012,45.409998273503234,46.68383935355355,1.0,36,50,37,0.74,0.7345454545454545,525,385,0.7333333333333333,0.0,1.0,0.8385650224215246,0.1222379618025939,0.1222379618025939,0.08707999564603833,61.48780367915167,0.7435132656994078,2.9478991596638657,2.5217391304347827,2.9705882352941178,0.0
375,template_deposition,C,C,none,0,1.0,template_site:index=613:site=C:neigh=2:ahead0=46.731:mode=shell,x,yz,596,221,375,0,375,7016.703374419366,37.485722843747105,500.0,0.001,55.75,0.05575,-5330.406,-5319.391,-5330.406,-11.014648,-10.312988,1.0,0.05575,0.05575,9,595,613,7,7,1.4049497616248945,71.82585226698563,4.760000000040001,10.0,446.0,0.0,-7.6971745,-123.322334,71.77735398504224,0.49999999916963384,71.27735398587261,46.682232514211876,0.8620648748081075,6.726457399103139,70.96446570324488,70.55172822966301,71.76035199485611,0.6166809694257649,0.125,45.86934423241452,45.45660675883265,46.665230524025745,1.0,36,50,37,0.74,0.7363636363636364,525,386,0.7352380952380952,0.0,1.0,0.8408071748878924,0.12231825128643872,0.12231825128643872,0.08737017949031337,61.48780367915167,0.7459909362150008,2.9496644295302015,2.5833333333333335,2.973333333333333,0.0
376,template_deposition,C,C,none,0,1.0,template_site:index=617:site=C:neigh=1:ahead0=46.731:mode=shell,x,yz,597,221,376,0,376,7044.920311653821,28.216937234455454,500.0,0.001,55.75,0.05575,-5337.7896,-5330.406,-5337.7896,-7.383789,-7.0029297,0.9999995059049797,0.05575,0.05575,10,596,617,6,6,1.5276280812924434,71.82585226698563,13.28000000073,10.0,446.0,0.0,-7.7137303,-123.587585,71.76735232155457,0.49999999916963384,71.26735232238494,46.672230850724205,0.895925751374801,6.744394618834081,71.10584950110136,71.13162010269136,71.7573514958098,0.6477191145341317,0.125,46.010728030271,46.036498631860994,46.662230024979436,1.0,36,50,37,0.74,0.7381818181818182,525,387,0.7371428571428571,0.0,1.0,0.8430493273542601,0.12236895752731648,0.12236895752731648,0.08763948196242094,61.48780367915167,0.7482903157569052,2.9480737018425462,2.56,2.970744680851064,0.0
377,template_deposition,C,C,none,0,1.0,template_site:index=618:site=C:neigh=2:ahead0=46.731:mode=shell,x,yz,598,221,377,0,377,7048.445580392138,3.5252687383171857,500.0,0.001,55.75,0.05575,-5348.7505,-5337.7896,-5348.7505,-10.9609375,-10.376465,1.0,0.05575,0.05575,10,597,618,5,5,1.4087024676559219,71.82585226698563,14.69999999973,10.0,446.0,0.0,-7.7383065,-123.98134,71.76604298005202,0.49999999916963384,71.26604298088239,46.67092150922166,0.9220543073873714,6.762331838565022,71.25893802090444,71.74228308484541,71.75695869335904,0.6347353341217318,0.125,46.163816550074074,46.64716161401505,46.661837222528675,1.0,36,50,37,0.74,0.74,525,388,0.7390476190476191,0.0,1.0,0.8452914798206278,0.12245044177738482,0.12245044177738482,0.08793107914299823,61.48780367915167,0.7507800537316409,2.9498327759197323,2.6153846153846154,2.973474801061008,0.0
378,template_deposition,C,C,none,0,1.0,template_site:index=616:site=C:neigh=1:ahead0=46.731:mode=shell,x,yz,599,221,378,0,378,7063.482174226016,15.036593833877518,500.0,0.001,55.75,0.05575,-5356.063,-5348.7505,-5356.063,-7.3125,-6.800293,0.9999453210536727,0.05575,0.05575,10,598,616,4,4,1.5387077868735592,71.82585226698563,17.539999999960003,10.0,446.0,0.0,-7.754702,-124.244026,71.77626092622438,0.49999999916963384,71.27626092705475,46.68113945539402,0.9433524897525017,6.780269058295964,71.42291858390291,71.74228308484541,71.76002407721074,0.566224257865953,0.125,46.32779711307255,46.64716161401505,46.66490260638038,1.0,36,50,37,0.74,0.7418181818181818,525,389,0.7409523809523809,0.0,1.0,0.8475336322869955,0.12256030982294325,0.12256030982294325,0.08824342307251914,61.48780367915167,0.7534469332294701,2.948247078464107,2.5925925925925926,2.9708994708994707,0.0
379,template_deposition,C,C,none,0,1.0,template_site:index=615:site=C:neigh=2:ahead0=46.731:mode=shell,x,yz,600,221,379,0,379,7076.893461964106,13.41128773809044,500.0,0.001,55.75,0.05575,-5367.024,-5356.063,-5367.024,-10.9609375,-9.90332,1.0,0.05575,0.05575,9,599,615,3,3,1.4195024966685712,71.82585226698563,18.95999999896,10.0,446.0,0.0,-7.7792783,-124.63778,71.75306542763347,0.49999999916963384,71.25306542846384,46.65794395680311,0.958054459780489,6.798206278026906,71.43321431265079,71.74228308484541,71.75270346172972,0.5434403126501526,0.125,46.338092841820426,46.64716161401505,46.65758199089936,1.0,36,50,37,0.74,0.7436363636363638,525,390,0.7428571428571429,0.0,1.0,0.8497757847533632,0.12226409720796946,0.12226409720796946,0.08826303398441986,61.48780367915167,0.753614376659416,2.95,2.642857142857143,2.9736147757255935,0.0
380,template_deposition,C,C,none,0,1.0,template_site:index=619:site=C:neigh=1:ahead0=46.731:mode=shell,x,yz,601,221,380,0,380,7078.398722124456,1.5052601603498659,500.0,0.001,55.75,0.05575,-5374.263,-5367.024,-5374.263,-7.239258,-6.7177734,0.9995292889027173,0.05575,0.05575,9,600,619,2,2,1.44005829358434,71.82585226698563,21.79999999919,10.0,446.0,0.0,-7.79551,-124.89784,71.83500784783365,0.49999999916963384,71.33500784866402,46.73988637700329,0.976303787617575,6.816143497757848,71.58615337309467,71.74228308484541,71.77764815369352,0.4495808737565922,0.125,46.49103190226431,46.64716161401505,46.682526682863156,1.0,36,50,37,0.74,0.7472727272727272,525,392,0.7466666666666667,0.0,1.0,0.852017937219731,0.1223448207954324,0.1223448207954324,0.08855434648050345,61.48780367915167,0.7561016839186235,2.9484193011647255,2.6206896551724137,2.971052631578947,0.0
381,template_deposition,C,C,none,0,1.0,template_site:index=611:site=C:neigh=1:ahead0=46.731:mode=shell,x,yz,602,221,381,0,381,7096.5138424303495,18.115120305893175,500.0,0.001,55.75,0.05575,-5382.257,-5374.263,-5382.257,-7.9936523,-6.96875,1.0,0.05575,0.05575,10,601,611,1,1,1.5289704903171748,71.82585226698563,1.9199999998100001,10.0,446.0,0.0,-7.8134327,-125.185,71.8276889933837,0.49999999916963384,71.32768899421407,46.73256752255334,0.9867801959395519,6.834080717488789,71.7527623843419,71.74228308484541,71.80017914219677,0.03556173725370717,0.125,46.65764091351154,46.64716161401505,46.705057671366404,1.0,37,50,38,0.76,0.749090909090909,525,393,0.7485714285714286,0.0,1.0,0.8542600896860987,0.12246099977299617,0.12246099977299617,0.08887169697811723,61.48780367915167,0.7588113108897967,2.946843853820598,2.6,2.968503937007874,0.0
382,template_deposition,C,C,none,0,1.0,template_site:index=629:site=C:neigh=1:ahead0=47.960:mode=shell,x,yz,603,221,382,0,382,7159.243886978878,62.730044548529264,500.0,0.001,55.75,0.05575,-5390.6143,-5382.257,-5390.6143,-8.357422,-7.6435547,0.7215037709975084,0.05575,0.05575,8,602,629,10,10,1.468554087871786,73.05560834056867,21.08999999969,10.0,446.0,0.0,-7.8321714,-125.48522,72.97441146036874,0.49999999916963384,72.47441146119911,47.87928998953838,0.6948693839670003,6.852017937219731,71.89278265594282,71.74228308484541,72.13550007193658,0.40927774618363866,0.125,46.79766118511246,46.64716161401505,47.04037860110621,1.0,37,50,38,0.76,0.7510909090909091,525,394,0.7504761904761905,0.0,1.0,0.8565022421524664,0.12250696645317398,0.12250696645317398,0.08913840225735707,61.48780367915167,0.7610885148753473,2.945273631840796,2.380952380952381,2.9659685863874348,0.0
383,template_deposition,C,C,none,0,1.0,template_site:index=628:site=C:neigh=2:ahead0=47.960:mode=shell,x,yz,604,221,383,0,383,7162.983278211565,3.7393912326868257,500.0,0.001,55.75,0.05575,-5401.433,-5390.6143,-5401.433,-10.818848,-9.665527,1.0,0.05575,0.05575,9,603,628,9,9,1.4572183415366509,73.05560834056867,19.67000000069,10.0,446.0,0.0,-7.856429,-125.87387,73.00672217402756,0.49999999916963384,72.50672217485793,47.911600703197195,0.7665290149054985,6.869955156950673,71.90551148783999,71.74496550449564,72.15501796799809,0.4169212654819437,0.125,46.810390017009624,46.649844033665275,47.05989649716773,1.0,37,50,38,0.76,0.7530909090909091,525,395,0.7523809523809524,0.0,1.0,0.8587443946188341,0.12222033946999902,0.12222033946999902,0.08916264765144691,61.48780367915167,0.7612955288055177,2.947019867549669,2.4545454545454546,2.968668407310705,0.0
384,template_deposition,C,C,none,0,1.0,template_site:index=622:site=C:neigh=1:ahead0=47.960:mode=shell,x,yz,605,221,384,0,384,7220.432052002851,57.44877379128564,500.0,0.001,55.75,0.05575,-5410.0063,-5401.433,-5410.0063,-8.573242,-7.2856445,0.9999716615751747,0.05575,0.05575,9,604,622,8,8,1.5439960597009414,73.05560834056867,2.62999999931,10.0,446.0,0.0,-7.8756514,-126.18185,73.00672217402756,0.49999999916963384,72.50672217485793,47.911600703197195,0.8127712428692608,6.887892376681615,72.04421244201076,71.74468164649971,72.93767627193313,0.5283072690446278,0.125,46.9490909711804,46.64956017566935,47.842554801102764,1.0,37,50,38,0.76,0.755090909090909,525,396,0.7542857142857143,0.0,1.0,0.8609865470852018,0.12226325773744895,0.12226325773744895,0.08942683994510552,61.48780367915167,0.7635512762199891,2.9487603305785126,2.5217391304347827,2.9713541666666665,0.0
385,template_deposition,C,C,none,0,1.0,template_site:index=623:site=C:neigh=2:ahead0=47.960:mode=shell,x,yz,606,221,385,0,385,7270.141656439594,49.709604436742694,500.0,0.001,55.75,0.05575,-5421.033,-5410.0063,-5421.033,-11.026855,-9.865723,1.0,0.05575,0.05575,9,605,623,7,7,1.492760280177479,73.05560834056867,4.05000000054,10.0,446.0,0.0,-7.9003754,-126.57797,73.00672217402756,0.49999999916963384,72.50672217485793,47.911600703197195,0.8543965840693285,6.9058295964125564,72.19444997231257,71.76868297292485,72.9880332287259,0.5857673108753325,0.125,47.099328501482205,46.673561502094486,47.89291175789553,1.0,37,50,38,0.76,0.757090909090909,525,397,0.7561904761904762,0.0,1.0,0.8632286995515696,0.12233591818566807,0.12233591818566807,0.08971300666948992,61.48780367915167,0.7659946474466759,2.9504950495049505,2.5833333333333335,2.9740259740259742,0.0
386,template_deposition,C,C,none,0,1.0,template_site:index=624:site=C:neigh=1:ahead0=47.960:mode=shell,x,yz,607,221,386,0,386,7294.511470328389,24.369813888795193,500.0,0.001,55.75,0.05575,-5428.5938,-5421.033,-5428.5938,-7.560547,-6.8496094,0.8169613872602227,0.05575,0.05575,10,606,624,6,6,1.6118316830556074,73.05560834056867,16.83000000046,10.0,446.0,0.0,-7.9173274,-126.84957,72.98002368073948,0.49999999916963384,72.48002368156985,47.884902209909114,0.8852129138792061,6.923766816143497,72.3350782205555,72.30279611959779,72.97987794030686,0.6065479443256347,0.125,47.23995674972514,47.20767464876742,47.8847564694765,1.0,37,50,38,0.76,0.759090909090909,525,398,0.758095238095238,0.0,1.0,0.8654708520179372,0.12238330764177496,0.12238330764177496,0.08998086999947645,61.48780367915167,0.7682817391921665,2.9489291598023066,2.56,2.971502590673575,0.0
387,template_deposition,C,C,none,0,1.0,template_site:index=625:site=C:neigh=2:ahead0=47.960:mode=shell,x,yz,608,221,387,0,387,7296.4302314953175,1.9187611669284035,500.0,0.001,55.75,0.05575,-5439.5264,-5428.5938,-5439.5264,-10.932617,-10.269531,1.0,0.05575,0.05575,10,607,625,5,5,1.4499653801950982,73.05560834056867,15.409999999230001,10.0,446.0,0.0,-7.9418397,-127.2423,73.0058551804371,0.49999999916963384,72.50585518126746,47.91073370960673,0.9137264943268206,6.941704035874439,72.48764409351764,72.88511766965065,72.98777313064876,0.5949542826829728,0.125,47.39252262268728,47.78999619882029,47.8926516598184,1.0,37,50,38,0.76,0.761090909090909,525,399,0.76,0.0,1.0,0.8677130044843049,0.1224612987666338,0.1224612987666338,0.09027147166226149,61.48780367915167,0.7707629771586134,2.950657894736842,2.6153846153846154,2.9741602067183464,0.0
388,template_deposition,C,C,none,0,1.0,template_site:index=627:site=C:neigh=1:ahead0=47.960:mode=shell,x,yz,609,221,388,0,388,7319.762913701335,23.332682206017523,500.0,0.001,55.75,0.05575,-5446.911,-5439.5264,-5446.911,-7.3847656,-6.9643555,0.9844451907413635,0.05575,0.05575,10,608,627,4,4,1.5542667957604577,73.05560834056867,12.569999999,10.0,446.0,0.0,-7.9583974,-127.50758,72.9815788120849,0.49999999916963384,72.48157881291527,47.88645734125454,0.9346383983414002,6.959641255605381,72.6431770441589,72.94504093337653,72.98049022014311,0.5302900595379673,0.125,47.54805557332854,47.84991946254617,47.88536874931275,1.0,37,50,38,0.76,0.7630909090909092,525,400,0.7619047619047619,0.0,1.0,0.8699551569506726,0.12254653498280552,0.12254653498280552,0.09056772490157818,61.48780367915167,0.7732924698601716,2.949096880131363,2.5925925925925926,2.9716494845360826,0.0
389,template_deposition,C,C,none,0,1.0,template_site:index=626:site=C:neigh=2:ahead0=47.960:mode=shell,x,yz,610,221,389,0,389,7328.425176146434,8.662262445099547,500.0,0.001,55.75,0.05575,-5457.881,-5446.911,-5457.881,-10.969727,-10.42627,1.0,0.05575,0.05575,10,609,626,3,3,1.4199847711423925,73.05560834056867,11.15,10.0,446.0,0.0,-7.982993,-127.90165,73.00520605720911,0.49999999916963384,72.50520605803948,47.910084586378744,0.9523034645291008,6.977578475336323,72.65397488238466,72.94504093337653,72.98757839368037,0.5194121287520358,0.125,47.558853411554296,47.84991946254617,47.89245692285,1.0,37,50,38,0.76,0.765090909090909,525,401,0.7638095238095238,0.0,1.0,0.8721973094170403,0.1222592632687771,0.1222592632687771,0.09058829221248438,61.48780367915167,0.7734680792913053,2.9508196721311477,2.642857142857143,2.974293059125964,0.0
390,template_deposition,C,C,none,0,1.0,template_site:index=620:site=C:neigh=1:ahead0=47.960:mode=shell,x,yz,611,221,390,0,390,7334.401635195293,5.976459048859542,500.0,0.001,55.75,0.05575,-5465.2134,-5457.881,-5465.2134,-7.3325195,-6.9282227,0.8624596434302629,0.05575,0.05575,10,610,620,2,2,1.5327009649628491,73.05560834056867,8.30999999977,10.0,446.0,0.0,-7.999434,-128.16507,72.99837184321642,0.49999999916963384,72.49837184404679,47.903250372386054,0.9653063913562959,6.995515695067264,72.81206538039322,72.97649470015403,72.98552812948256,0.3793454622356101,0.125,47.71694390956286,47.88137322932367,47.890406658652196,1.0,38,50,39,0.78,0.767090909090909,525,402,0.7657142857142857,0.0,1.0,0.874439461883408,0.12235113822964835,0.12235113822964835,0.09088941697059592,61.48780367915167,0.7760391663776727,2.949263502454992,2.6206896551724137,2.971794871794872,0.0
391,template_deposition,C,C,none,0,1.0,template_site:index=621:site=C:neigh=2:ahead0=47.960:mode=shell,x,yz,612,221,391,0,391,7357.517235283438,23.115600088144866,500.0,0.001,55.75,0.05575,-5476.994,-5465.2134,-5476.994,-11.780762,-11.11377,1.0,0.05575,0.05575,11,611,621,1,1,1.4123759651703762,73.05560834056867,6.890000000770001,10.0,446.0,0.0,-8.025848,-128.58827,72.97981548012146,0.49999999916963384,72.47981548095183,47.884694009291096,0.9687488993800585,7.013452914798206,72.80388254143568,72.95492974767438,72.97859693438461,0.3746099034643176,0.125,47.70876107060532,47.85980827684402,47.88347546355425,1.0,38,50,39,0.78,0.769090909090909,525,403,0.7676190476190476,0.0,1.0,0.8766816143497758,0.12201729174067857,0.12201729174067857,0.0908738306106768,61.48780367915167,0.7759060856938962,2.950980392156863,2.6666666666666665,2.9744245524296673,0.0
392,template_deposition,C,C,none,0,1.0,template_site:index=630:site=C:neigh=1:ahead0=49.190:mode=shell,x,yz,613,221,392,0,392,7362.5427748938755,5.025539610437588,500.0,0.001,55.75,0.05575,-5483.5347,-5476.994,-5483.5347,-6.5405273,-6.0351562,0.36598167825370775,0.05575,0.05575,9,612,630,10,10,1.5285556401386873,74.2853644141517,10.440000000500001,10.0,446.0,0.0,-8.040513,-128.82323,74.24419755784314,0.49999999916963384,73.7441975586735,49.14907608701277,0.6785978131909011,7.031390134529148,73.11707607026341,72.97894509030942,73.39936125631729,0.428927538115574,0.125,48.021954599433045,47.88382361947906,48.30423978548693,1.0,38,50,39,0.78,0.770909090909091,525,404,0.7695238095238095,0.0,1.0,0.8789237668161435,0.12250498622304348,0.12250498622304348,0.0914703897132058,61.48780367915167,0.7809996735290057,2.9494290375203915,2.4761904761904763,2.9719387755102042,0.0
393,template_deposition,C,C,none,0,1.0,template_site:index=631:site=C:neigh=2:ahead0=49.190:mode=shell,x,yz,614,221,393,0,393,7370.71744400994,8.174669116064125,500.0,0.001,55.75,0.05575,-5494.613,-5483.5347,-5494.613,-11.078125,-10.484375,1.0,0.05575,0.05575,10,613,631,9,9,1.401351135871922,74.2853644141517,9.01999999927,10.0,446.0,0.0,-8.0653515,-129.22118,74.22841046360355,0.49999999916963384,73.72841046443392,49.13328899277319,0.7596609598805926,7.04932735426009,73.12599426013023,72.97894509030942,73.40675047125461,0.4212158301242865,0.125,48.03087278929986,47.88382361947906,48.31162900042425,1.0,38,50,39,0.78,0.7727272727272727,525,405,0.7714285714285715,0.0,1.0,0.8811659192825112,0.1222159612959284,0.1222159612959284,0.09148737674152355,61.48780367915167,0.7811447135098343,2.95114006514658,2.5454545454545454,2.9745547073791347,0.0
394,template_deposition,C,C,none,0,1.0,template_site:index=638:site=C:neigh=1:ahead0=49.190:mode=shell,x,yz,615,221,394,0,394,7437.427080016782,66.70963600684254,500.0,0.001,55.75,0.05575,-5502.008,-5494.613,-5502.008,-7.3950195,-7.057129,0.9812025089028338,0.05575,0.05575,10,614,638,8,8,1.513493710894735,74.2853644141517,13.28000000073,10.0,446.0,0.0,-8.081933,-129.48685,74.23177330973107,0.49999999916963384,73.73177331056144,49.136651838900704,0.818056064401258,7.067264573991031,73.27314679373377,72.98647493802581,74.22941931744181,0.5552274440445946,0.125,48.17802532290341,47.891353467195444,49.134297846611446,1.0,38,50,39,0.78,0.7745454545454545,525,406,0.7733333333333333,0.0,1.0,0.8834080717488789,0.12227925208858734,0.12227925208858734,0.09176766728172078,61.48780367915167,0.7835379122386651,2.9495934959349595,2.5217391304347827,2.972081218274112,0.0
395,template_deposition,C,C,none,0,1.0,template_site:index=639:site=C:neigh=2:ahead0=49.190:mode=shell,x,yz,616,221,395,0,395,7450.7731345029015,13.346054486119527,500.0,0.001,55.75,0.05575,-5512.9614,-5502.008,-5512.9614,-10.953613,-10.423828,1.0,0.05575,0.05575,10,615,639,7,7,1.4031037442163172,74.2853644141517,14.69999999973,10.0,446.0,0.0,-8.106492,-129.88033,74.23279868991845,0.49999999916963384,73.73279869074882,49.13767721908809,0.8633022054811553,7.085201793721973,73.42533887276998,73.01572928869538,74.22972693149802,0.6192581752333773,0.125,48.33021740193962,47.92060781786502,49.13460546066766,1.0,38,50,39,0.78,0.7763636363636364,525,407,0.7752380952380953,0.0,1.0,0.8856502242152466,0.1223549807644041,0.1223549807644041,0.09205755695607547,61.48780367915167,0.7860130710495142,2.9512987012987013,2.5833333333333335,2.9746835443037973,0.0
396,template_deposition,C,C,none,0,1.0,template_site:index=635:site=C:neigh=1:ahead0=49.190:mode=shell,x,yz,617,221,396,0,396,7451.619508376927,0.8463738740258485,500.0,0.001,55.75,0.05575,-5520.311,-5512.9614,-5520.311,-7.3496094,-6.88916,0.7260350555613422,0.05575,0.05575,10,616,635,6,6,1.5255093838054508,74.2853644141517,6.17999999904,10.0,446.0,0.0,-8.122972,-130.14435,74.23338477713057,0.49999999916963384,73.73338477796094,49.1382633063002,0.8980553475816789,7.103139013452915,73.57237279192236,73.5885654756346,74.23297451608208,0.6454635389485736,0.125,48.477251321092,48.49344400480423,49.13785304525172,1.0,38,50,39,0.78,0.7781818181818181,525,408,0.7771428571428571,0.0,1.0,0.8878923766816144,0.12241730131588889,0.12241730131588889,0.09233762156398476,61.48780367915167,0.7884043407055197,2.9497568881685576,2.56,2.9722222222222223,0.0
397,template_deposition,C,C,none,0,1.0,template_site:index=634:site=C:neigh=2:ahead0=49.190:mode=shell,x,yz,618,221,397,0,397,7476.410823535159,24.7913151582318,500.0,0.001,55.75,0.05575,-5531.32,-5520.311,-5531.32,-11.008789,-10.203613,1.0,0.05575,0.05575,9,617,634,5,5,1.4151141696966592,74.2853644141517,4.760000000040001,10.0,446.0,0.0,-8.147655,-130.53983,74.23279868991845,0.49999999916963384,73.73279869074882,49.13767721908809,0.9229344533748602,7.121076233183857,73.72649444038024,74.19665165693377,74.216899375466,0.6223487606994588,0.125,48.63137296954987,49.1015301861034,49.121777904635636,1.0,38,50,39,0.78,0.78,525,409,0.7790476190476191,0.0,1.0,0.8901345291479821,0.12249716113236743,0.12249716113236743,0.09263118660866643,61.48780367915167,0.7909108808522795,2.9514563106796117,2.6153846153846154,2.974811083123426,0.0
398,template_deposition,C,C,none,0,1.0,template_site:index=637:site=C:neigh=1:ahead0=49.190:mode=shell,x,yz,619,221,398,0,398,7489.079620361633,12.668796826474228,500.0,0.001,55.75,0.05575,-5538.7153,-5531.32,-5538.7153,-7.395508,-6.8476562,0.9998076328160389,0.05575,0.05575,10,618,637,4,4,1.5449505682635503,74.2853644141517,17.539999999960003,10.0,446.0,0.0,-8.164237,-130.8055,74.22702815811586,0.49999999916963384,73.72702815894623,49.13190668728549,0.9440240280002045,7.139013452914798,73.88993735625115,74.19818961617389,74.21516821592522,0.5475623417926413,0.125,48.79481588542079,49.10306814534353,49.120046745094854,1.0,38,50,39,0.78,0.7818181818181819,525,410,0.780952380952381,0.0,1.0,0.8923766816143498,0.12260003991311756,0.12260003991311756,0.09294250644842054,61.48780367915167,0.7935690163863404,2.949919224555735,2.5925925925925926,2.972361809045226,0.0
399,template_deposition,C,C,none,0,1.0,template_site:index=636:site=C:neigh=2:ahead0=49.190:mode=shell,x,yz,620,221,399,0,399,7519.547804214711,30.46818385307797,500.0,0.001,55.75,0.05575,-5549.7466,-5538.7153,-5549.7466,-11.03125,-10.334961,1.0,0.05575,0.05575,10,619,636,3,3,1.4128288774985058,74.2853644141517,18.95999999896,10.0,446.0,0.0,-8.188971,-131.20178,74.21432438513914,0.49999999916963384,73.7143243859695,49.11920291430877,0.959313582594399,7.15695067264574,73.89705072126422,74.19818961617389,74.2113570840322,0.5327076848515161,0.125,48.80192925043386,49.10306814534353,49.11623561320184,1.0,38,50,39,0.78,0.7836363636363636,525,411,0.7828571428571428,0.0,1.0,0.8946188340807175,0.12231059962514751,0.12231059962514751,0.0929560557151121,61.48780367915167,0.79368470380055,2.9516129032258065,2.642857142857143,2.974937343358396,0.0
400,template_deposition,C,C,none,0,1.0,template_site:index=632:site=C:neigh=1:ahead0=49.190:mode=shell,x,yz,621,221,400,0,400,7524.985479699138,5.437675484427397,500.0,0.001,55.75,0.05575,-5556.8774,-5549.7466,-5556.8774,-7.1308594,-6.51709,0.8690441470332919,0.05575,0.05575,9,620,632,2,2,1.4991976825757345,74.2853644141517,1.9199999998100001,10.0,446.0,0.0,-8.204959,-131.45793,74.27940575430891,0.49999999916963384,73.77940575513928,49.18428428347855,0.9755562057206052,7.174887892376682,74.06497598915338,74.19818961617389,74.23384879589007,0.37884848526811465,0.125,48.96985451832302,49.10306814534353,49.138727325059705,1.0,38,50,39,0.78,0.7854545454545455,525,412,0.7847619047619048,0.0,1.0,0.8968609865470852,0.12242463629580755,0.12242463629580755,0.09327591336823432,61.48780367915167,0.7964157375640164,2.9500805152979064,2.6206896551724137,2.9725,0.0
401,template_deposition,C,C,none,0,1.0,template_site:index=633:site=C:neigh=1:ahead0=49.190:mode=shell,x,yz,622,221,401,0,401,7529.608311242935,4.622831543797285,500.0,0.001,55.75,0.05575,-5567.9736,-5556.8774,-5567.9736,-11.096191,-8.289551,0.999999999999895,0.05575,0.05575,10,621,633,2,2,1.4201534134796998,74.2853644141517,0.5000000008100001,10.0,446.0,0.0,-8.229838,-131.85655,74.20441956670733,0.49999999916963384,73.7044195675377,49.109298095876966,0.9752916837398062,7.192825112107624,74.06694862472644,74.19495094805356,74.20067050285225,0.33078080509043745,0.125,48.97182715389607,49.099829477223196,49.105549032021884,1.0,39,50,40,0.8,0.7852727272727273,525,412,0.7847619047619048,0.0,1.0,0.899103139013453,0.12212425724163609,0.12212425724163609,0.09327967076932585,61.48780367915167,0.7964478193014508,2.9517684887459805,2.6666666666666665,2.975062344139651,0.0
402,template_deposition,C,C,none,0,1.0,template_site:index=645:site=C:neigh=1:ahead0=50.420:mode=shell,x,yz,623,221,402,0,402,7549.614628542865,20.006317299930124,500.0,0.001,55.75,0.05575,-5574.741,-5567.9736,-5574.741,-6.767578,-6.3256836,0.9573842029997403,0.05575,0.05575,9,622,645,9,9,1.5674242459407295,75.51512048773473,16.83000000046,10.0,446.0,0.0,-8.245012,-132.09967,75.43156406702103,0.49999999916963384,74.9315640678514,50.336442596190665,0.6765715721810109,7.210762331838565,74.22198019323687,74.19458092844658,74.57850751383498,0.5623599556660916,0.125,49.12685872240651,49.09945945761622,49.483386043004614,1.0,39,50,40,0.8,0.7872727272727273,525,413,0.7866666666666666,0.0,1.0,0.9013452914798207,0.12220611622489182,0.12220611622489182,0.09357496899506001,61.48780367915167,0.7989691578309486,2.9502407704654896,2.4761904761904763,2.972636815920398,0.0
403,template_deposition,C,C,none,0,1.0,template_site:index=646:site=C:neigh=2:ahead0=50.420:mode=shell,x,yz,624,221,403,0,403,7567.84785170174,18.233223158875433,500.0,0.001,55.75,0.05575,-5585.7563,-5574.741,-5585.7563,-11.015137,-10.349121,1.0,0.05575,0.05575,10,623,646,8,8,1.4370450327535205,75.51512048773473,15.409999999230001,10.0,446.0,0.0,-8.26971,-132.49536,75.46306171194391,0.49999999916963384,74.96306171277428,50.367940241113544,0.7565724905264739,7.228699551569507,74.3741145755381,74.1926103224018,75.42061984521543,0.6906196682696711,0.125,49.27899310470774,49.09748885157144,50.32549837438506,1.0,39,50,40,0.8,0.7892727272727273,525,414,0.7885714285714286,0.0,1.0,0.9035874439461884,0.12228037991242614,0.12228037991242614,0.09386474877087188,61.48780367915167,0.8014433782974183,2.951923076923077,2.5454545454545454,2.9751861042183623,0.0
404,template_deposition,C,C,none,0,1.0,template_site:index=648:site=C:neigh=1:ahead0=50.420:mode=shell,x,yz,625,221,404,0,404,7613.374653480984,45.52680177924395,500.0,0.001,55.75,0.05575,-5593.133,-5585.7563,-5593.133,-7.376465,-6.9785156,0.9999999779437938,0.05575,0.05575,10,624,648,7,7,1.5438113147296537,75.51512048773473,12.569999999,10.0,446.0,0.0,-8.286249,-132.76035,75.44646078720534,0.49999999916963384,74.94646078803571,50.351339316374975,0.8135757192357955,7.246636771300448,74.52827129350997,74.20104184083738,75.43515320811471,0.7638704200344045,0.125,49.43314982267961,49.10592037000701,50.34003173728435,1.0,39,50,40,0.8,0.7912727272727272,525,415,0.7904761904761904,0.0,1.0,0.905829596412556,0.12235928173930596,0.12235928173930596,0.09415838061462783,61.48780367915167,0.8039504887932862,2.9504,2.5217391304347827,2.972772277227723,0.0
405,template_deposition,C,C,none,0,1.0,template_site:index=647:site=C:neigh=2:ahead0=50.420:mode=shell,x,yz,626,221,405,0,405,7618.465987911491,5.091334430506669,500.0,0.001,55.75,0.05575,-5604.1104,-5593.133,-5604.1104,-10.977539,-10.366211,1.0,0.05575,0.05575,10,625,647,6,6,1.4195051456757557,75.51512048773473,11.15,10.0,446.0,0.0,-8.310863,-133.1547,75.45786764331459,0.49999999916963384,74.95786764414495,50.36274617248422,0.8586184786112638,7.26457399103139,74.53889193468676,74.23782097748989,75.43857526494749,0.7620837118723159,0.125,49.443770463856396,49.142699506659525,50.343453794117124,1.0,39,50,40,0.8,0.7932727272727275,525,416,0.7923809523809524,0.0,1.0,0.9080717488789237,0.12208338386137382,0.12208338386137382,0.09417861040734551,61.48780367915167,0.8041232164000847,2.952076677316294,2.5833333333333335,2.9753086419753085,0.0
406,template_deposition,C,C,none,0,1.0,template_site:index=641:site=C:neigh=1:ahead0=50.420:mode=shell,x,yz,627,221,406,0,406,7667.568835670498,49.10284775900745,500.0,0.001,55.75,0.05575,-5611.5215,-5604.1104,-5611.5215,-7.411133,-7.04541,0.9999999924360164,0.05575,0.05575,10,626,641,5,5,1.5153941579201686,75.51512048773473,8.30999999977,10.0,446.0,0.0,-8.327479,-133.42093,75.46074054754533,0.49999999916963384,74.9607405483757,50.365619076714964,0.8933435602248152,7.2825112107623315,74.68801300891755,74.83799856372082,75.44041990219812,0.8052607564039437,0.125,49.59289153808719,49.74287709289045,50.34529843136775,1.0,39,50,40,0.8,0.7952727272727274,525,417,0.7942857142857143,0.0,1.0,0.9103139013452914,0.12214997915785021,0.12214997915785021,0.0944626505487375,61.48780367915167,0.806548430268658,2.9505582137161084,2.56,2.9729064039408866,0.0
407,template_deposition,C,C,none,0,1.0,template_site:index=642:site=C:neigh=2:ahead0=50.420:mode=shell,x,yz,628,221,407,0,407,7678.207948853552,10.639113183054103,500.0,0.001,55.75,0.05575,-5622.4824,-5611.5215,-5622.4824,-10.9609375,-10.367676,1.0,0.05575,0.05575,10,627,642,4,4,1.4056102810785194,75.51512048773473,6.890000000770001,10.0,446.0,0.0,-8.352056,-133.81468,75.44891989412613,0.49999999916963384,74.9489198949565,50.35379842329577,0.9190799098620561,7.300448430493273,74.68655259231528,74.83736622427341,75.43687370617235,0.8038099418689033,0.125,49.591431121484916,49.742244753443046,50.341752235341986,1.0,39,50,40,0.8,0.7972727272727274,525,418,0.7961904761904762,0.0,1.0,0.9125560538116592,0.12184626811175656,0.12184626811175656,0.09445986880282842,61.48780367915167,0.8065246789470155,2.9522292993630574,2.6153846153846154,2.9754299754299756,0.0
408,template_deposition,C,C,none,0,1.0,template_site:index=644:site=C:neigh=1:ahead0=50.420:mode=shell,x,yz,629,221,408,0,408,7678.565648417222,0.3576995636705334,500.0,0.001,55.75,0.05575,-5629.812,-5622.4824,-5629.812,-7.32959,-6.7905273,0.9999990101231881,0.05575,0.05575,9,628,644,3,3,1.5343026301639824,75.51512048773473,4.05000000054,10.0,446.0,0.0,-8.368489,-134.07799,75.46894027728936,0.49999999916963384,74.96894027811973,50.373818806459,0.940704183958945,7.318385650224215,74.85226584990663,75.41636878827526,75.44287982112132,0.8077095345915111,0.125,49.757144379076266,50.3212473174449,50.34775835029096,1.0,39,50,40,0.8,0.7992727272727274,525,419,0.7980952380952381,0.0,1.0,0.9147982062780269,0.12195378524283398,0.12195378524283398,0.09477551310300242,61.48780367915167,0.8092197379290546,2.9507154213036566,2.5925925925925926,2.9730392156862746,0.0
409,template_deposition,C,C,none,0,1.0,template_site:index=643:site=C:neigh=2:ahead0=50.420:mode=shell,x,yz,630,221,409,0,409,7678.785395632693,0.21974721547004347,500.0,0.001,55.75,0.05575,-5640.8203,-5629.812,-5640.8203,-11.008301,-9.700684,1.0,0.05575,0.05575,9,629,643,2,2,1.4235431512088181,75.51512048773473,2.62999999931,10.0,446.0,0.0,-8.393171,-134.47343,75.43171105419216,0.49999999916963384,74.93171105502253,50.3365895833618,0.9541992326805144,7.336322869955157,74.99874881088861,75.41499204548697,75.43116535872413,0.7795000524802062,0.125,49.90362734005825,50.319870574656605,50.336043887893766,1.0,39,50,40,0.8,0.8012727272727272,525,420,0.8,0.0,1.0,0.9170403587443946,0.12201375877764853,0.12201375877764853,0.09505452826677761,61.48780367915167,0.8116020471386393,2.9523809523809526,2.642857142857143,2.975550122249389,0.0
410,template_deposition,C,C,none,0,1.0,template_site:index=649:site=C:neigh=1:ahead0=50.420:mode=shell,x,yz,631,221,410,0,410,7723.197156332682,44.41176069998991,500.0,0.001,55.75,0.05575,-5648.1167,-5640.8203,-5648.1167,-7.2963867,-6.2124023,1.0,0.05575,0.05575,9,630,649,1,1,1.5646455991699235,75.51512048773473,19.67000000069,10.0,446.0,0.0,-8.409532,-134.73555,75.47937363883662,0.49999999916963384,74.97937363966699,50.384252168006256,0.970699746156381,7.354260089686099,75.28172855123748,75.42638561007928,75.4460098295855,0.38242185940646467,0.125,50.186607080407114,50.331264139248916,50.35088835875514,1.0,40,50,41,0.82,0.8052727272727274,525,422,0.8038095238095239,0.0,1.0,0.9192825112107623,0.12240635873270028,0.12240635873270028,0.09559353729601355,61.48780367915167,0.8162042564129447,2.9508716323296356,2.6206896551724137,2.973170731707317,0.0
411,template_deposition,C,C,none,0,1.0,template_site:index=650:site=C:neigh=1:ahead0=50.420:mode=shell,x,yz,632,221,411,0,411,7735.685072078927,12.487915746244655,500.0,0.001,55.75,0.05575,-5659.5317,-5648.1167,-5659.5317,-11.415039,-8.874512,1.0,0.05575,0.05575,10,631,650,1,1,1.4303184191320462,75.51512048773473,21.08999999969,10.0,446.0,0.0,-8.435125,-135.14561,75.43171105419216,0.49999999916963384,74.93171105502253,50.3365895833618,0.9740834364671638,7.37219730941704,75.26256263859729,75.40645887139806,75.43116535872413,0.3753706797931208,0.125,50.167441167766924,50.311337400567695,50.336043887893766,1.0,40,50,41,0.82,0.8090909090909091,525,424,0.8076190476190476,0.0,1.0,0.92152466367713,0.12206190065150103,0.12206190065150103,0.09555703079574653,61.48780367915167,0.8158925537419532,2.9525316455696204,2.6666666666666665,2.975669099756691,0.0
412,template_deposition,C,C,none,0,1.0,template_site:index=652:site=C:neigh=1:ahead0=51.650:mode=shell,x,yz,633,221,412,0,412,7750.1295426006845,14.444470521757381,500.0,0.001,55.75,0.05575,-5666.131,-5659.5317,-5666.131,-6.599121,-6.1035156,0.18848289649103717,0.05575,0.05575,9,632,652,10,10,1.5522917210387643,76.74487656131777,9.01999999927,10.0,446.0,0.0,-8.449922,-135.38268,76.68711720461043,0.49999999916963384,76.1871172054408,51.59199573378007,0.6819804846081148,7.390134529147982,75.5750963318534,75.41891353819784,75.8543995182816,0.4225135104916801,0.125,50.47997486102304,50.32379206736748,50.75927804745123,1.0,40,50,41,0.82,0.8109090909090909,525,425,0.8095238095238095,0.0,1.0,0.9237668161434978,0.12252421082772583,0.12252421082772583,0.09615233306861531,61.48780367915167,0.8209754104152367,2.9510268562401265,2.4761904761904763,2.9733009708737863,0.0
413,template_deposition,C,C,none,0,1.0,template_site:index=651:site=C:neigh=2:ahead0=51.650:mode=shell,x,yz,634,221,413,0,413,7765.825530215971,15.695987615287098,500.0,0.001,55.75,0.05575,-5677.169,-5666.131,-5677.169,-11.038086,-10.504883,1.0,0.05575,0.05575,10,633,651,9,9,1.4069647848730233,76.74487656131777,10.440000000500001,10.0,446.0,0.0,-8.47467,-135.77919,76.69566409784805,0.49999999916963384,76.19566409867842,51.60054262701769,0.7621586543241249,7.408071748878924,75.58606620552257,75.41891353819784,75.87020112284128,0.42312863204722484,0.125,50.49094473469221,50.32379206736748,50.775079652010916,1.0,40,50,41,0.82,0.8127272727272729,525,426,0.8114285714285714,0.0,1.0,0.9260089686098655,0.122254103473831,0.122254103473831,0.09617322806608039,61.48780367915167,0.8211538177255125,2.952681388012618,2.5454545454545454,2.9757869249394675,0.0
414,template_deposition,C,C,none,0,1.0,template_site:index=656:site=C:neigh=1:ahead0=51.650:mode=shell,x,yz,635,221,414,0,414,7772.899324397613,7.073794181641084,500.0,0.001,55.75,0.05575,-5684.5884,-5677.169,-5684.5884,-7.4194336,-7.0512695,0.7522388376992938,0.05575,0.05575,10,634,656,8,8,1.4958630205393255,76.74487656131777,6.17999999904,10.0,446.0,0.0,-8.491306,-136.04573,76.7018367829939,0.49999999916963384,76.20183678382426,51.60671531216353,0.8208132960187476,7.426008968609866,75.73058692046882,75.42424583022729,76.6975159033918,0.5615375588799599,0.125,50.63546544963846,50.32912435939693,51.60239443256144,1.0,40,50,41,0.82,0.8145454545454546,525,427,0.8133333333333334,0.0,1.0,0.9282511210762332,0.12230788755951319,0.12230788755951319,0.09644850561835897,61.48780367915167,0.823504214166738,2.9511811023622045,2.5217391304347827,2.973429951690821,0.0
415,template_deposition,C,C,none,0,1.0,template_site:index=655:site=C:neigh=2:ahead0=51.650:mode=shell,x,yz,636,221,415,0,415,7775.87815569578,2.978831298167431,500.0,0.001,55.75,0.05575,-5695.603,-5684.5884,-5695.603,-11.014648,-10.311035,1.0,0.05575,0.05575,9,635,655,7,7,1.404892994529261,76.74487656131777,4.760000000040001,10.0,446.0,0.0,-8.516003,-136.4414,76.69566409784805,0.49999999916963384,76.19566409867842,51.60054262701769,0.8622328823704144,7.443946188340807,75.88294625745544,75.47059239107554,76.67906616650905,0.616874511684163,0.125,50.78782478662508,50.37547092024518,51.58394469567868,1.0,40,50,41,0.82,0.8163636363636364,525,428,0.8152380952380952,0.0,1.0,0.9304932735426009,0.12238030069066284,0.12238030069066284,0.09673871387928587,61.48780367915167,0.8259820931585076,2.952830188679245,2.5833333333333335,2.9759036144578315,0.0
416,template_deposition,C,C,none,0,1.0,template_site:index=659:site=C:neigh=1:ahead0=51.650:mode=shell,x,yz,637,221,416,0,416,7813.736526861229,37.85837116544902,500.0,0.001,55.75,0.05575,-5702.987,-5695.603,-5702.987,-7.383789,-7.006836,0.9999995683736378,0.05575,0.05575,10,636,659,6,6,1.5268554523332547,76.74487656131777,13.28000000073,10.0,446.0,0.0,-8.532558,-136.70667,76.68688260136645,0.49999999916963384,76.18688260219682,51.591761130536085,0.8961555214938255,7.461883408071749,76.02426067441141,76.05004049664932,76.67643171756457,0.6482893086215225,0.125,50.929139203581045,50.95491902581895,51.581310246734205,1.0,40,50,41,0.82,0.8181818181818181,525,429,0.8171428571428572,0.0,1.0,0.9327354260089686,0.12242581539322367,0.12242581539322367,0.09700788419729722,61.48780367915167,0.8282803443319168,2.9513343799058083,2.56,2.9735576923076925,0.0
417,template_deposition,C,C,none,0,1.0,template_site:index=660:site=C:neigh=2:ahead0=51.650:mode=shell,x,yz,638,221,417,0,417,7835.708128356653,21.971601495423513,500.0,0.001,55.75,0.05575,-5713.95,-5702.987,-5713.95,-10.963379,-10.37793,1.0,0.05575,0.05575,10,637,660,5,5,1.408868443176781,76.74487656131777,14.69999999973,10.0,446.0,0.0,-8.557139,-137.1005,76.6844164937171,0.49999999916963384,76.18441649454746,51.58929502288673,0.9223360221374284,7.479820627802691,76.17742697158891,76.66166775531337,76.67569188526976,0.6352725999922529,0.125,51.08230550075855,51.56654628448301,51.58057041443939,1.0,40,50,41,0.82,0.82,525,430,0.819047619047619,0.0,1.0,0.9349775784753364,0.12249953357496056,0.12249953357496056,0.09729962952525438,61.48780367915167,0.8307713472302597,2.9529780564263324,2.6153846153846154,2.9760191846522783,0.0
418,template_deposition,C,C,none,0,1.0,template_site:index=658:site=C:neigh=1:ahead0=51.650:mode=shell,x,yz,639,221,418,0,418,7853.398792212902,17.690663856248197,500.0,0.001,55.75,0.05575,-5721.2627,-5713.95,-5721.2627,-7.3125,-6.796875,0.9999440676728166,0.05575,0.05575,10,638,658,4,4,1.5404823284803941,76.74487656131777,17.539999999960003,10.0,446.0,0.0,-8.573536,-137.36319,76.69425552105913,0.49999999916963384,76.1942555218895,51.59913405022877,0.9435166058654685,7.497757847533633,76.34139044723388,76.66166775531337,76.67864359347237,0.566486416416591,0.125,51.24626897640351,51.56654628448301,51.58352212264201,1.0,40,50,41,0.82,0.8218181818181819,525,431,0.820952380952381,0.0,1.0,0.9372197309417041,0.12259872960862085,0.12259872960862085,0.09761194090743526,61.48780367915167,0.8334379488298311,2.951486697965571,2.5925925925925926,2.973684210526316,0.0
419,template_deposition,C,C,none,0,1.0,template_site:index=657:site=C:neigh=2:ahead0=51.650:mode=shell,x,yz,640,221,419,0,419,7882.34041875274,28.94162653983834,500.0,0.001,55.75,0.05575,-5732.2236,-5721.2627,-5732.2236,-10.9609375,-9.903809,1.0,0.05575,0.05575,9,639,657,3,3,1.4201192255009747,76.74487656131777,18.95999999896,10.0,446.0,0.0,-8.598112,-137.75694,76.67238991974546,0.49999999916963384,76.17238992057582,51.57726844891509,0.9582404802818401,7.515695067264574,76.35190654194182,76.66166775531337,76.67208391307827,0.5438439794524786,0.125,51.25678507111145,51.56654628448301,51.576962442247904,1.0,40,50,41,0.82,0.8236363636363637,525,432,0.8228571428571428,0.0,1.0,0.9394618834080718,0.12233122928666218,0.12233122928666218,0.09763197156402181,61.48780367915167,0.833608976156857,2.953125,2.642857142857143,2.976133651551313,0.0
420,template_deposition,C,C,none,0,1.0,template_site:index=661:site=C:neigh=1:ahead0=51.650:mode=shell,x,yz,641,221,420,0,420,7907.544168802232,25.203750049491976,500.0,0.001,55.75,0.05575,-5739.465,-5732.2236,-5739.465,-7.241211,-6.7148438,0.9995185035985348,0.05575,0.05575,9,640,661,2,2,1.4419671769747313,76.74487656131777,21.79999999919,10.0,446.0,0.0,-8.614347,-138.01706,76.75323893154528,0.49999999916963384,76.25323893237565,51.65811746071492,0.9764218451571073,7.533632286995516,76.50464929576773,76.66166775531337,76.69633861661822,0.44955273020295,0.125,51.40952782493737,51.56654628448301,51.60121714578786,1.0,40,50,41,0.82,0.8272727272727274,525,434,0.8266666666666667,0.0,1.0,0.9417040358744395,0.12240363767842231,0.12240363767842231,0.09792291014273785,61.48780367915167,0.8360930908053968,2.951638065522621,2.6206896551724137,2.973809523809524,0.0
421,template_deposition,C,C,none,0,1.0,template_site:index=653:site=C:neigh=1:ahead0=51.650:mode=shell,x,yz,642,221,421,0,421,7909.752391103015,2.208222300782887,500.0,0.001,55.75,0.05575,-5747.455,-5739.465,-5747.455,-7.9902344,-6.9658203,1.0,0.05575,0.05575,10,641,653,1,1,1.5291766948022227,76.74487656131777,1.9199999998100001,10.0,446.0,0.0,-8.632263,-138.30411,76.74556602891758,0.49999999916963384,76.24556602974795,51.650444558087216,0.9869019429405403,7.551569506726457,76.67124173617847,76.66166775531337,76.71874726170059,0.035458878096389757,0.125,51.57612026534811,51.56654628448301,51.62362579087022,1.0,41,50,42,0.84,0.8290909090909091,525,435,0.8285714285714286,0.0,1.0,0.9439461883408071,0.1225085992051024,0.1225085992051024,0.09824022907685354,61.48780367915167,0.8388024482786289,2.9501557632398754,2.6,2.9714964370546317,0.0
422,template_deposition,C,C,none,0,1.0,template_site:index=671:site=C:neigh=1:ahead0=52.880:mode=shell,x,yz,643,221,422,0,422,7929.838882094057,20.086490991042382,500.0,0.001,55.75,0.05575,-5755.812,-5747.455,-5755.812,-8.356934,-7.6430664,0.7192209546045185,0.05575,0.05575,8,642,671,10,10,1.4689801449785629,77.9746326349008,21.08999999969,10.0,446.0,0.0,-8.651,-138.60431,77.89287718563838,0.49999999916963384,77.39287718646875,52.79775571480802,0.6949578587147854,7.569506726457399,76.81133439127214,76.66166775531337,77.05443543849793,0.40926087409061546,0.125,51.71621292044178,51.56654628448301,51.95931396766757,1.0,41,50,42,0.84,0.8310909090909091,525,436,0.8304761904761905,0.0,1.0,0.9461883408071748,0.12255026758398525,0.12255026758398525,0.0985070722294129,61.48780367915167,0.841080829464997,2.948678071539658,2.380952380952381,2.9691943127962084,0.0
423,template_deposition,C,C,none,0,1.0,template_site:index=670:site=C:neigh=2:ahead0=52.880:mode=shell,x,yz,644,221,423,0,423,7929.974844938409,0.13596284435182915,500.0,0.001,55.75,0.05575,-5766.6265,-5755.812,-5766.6265,-10.814453,-9.665039,1.0,0.05575,0.05575,9,643,670,9,9,1.4569894730784485,77.9746326349008,19.67000000069,10.0,446.0,0.0,-8.675248,-138.9928,77.9254682215951,0.49999999916963384,77.42546822242547,52.83034675076473,0.7666133140626594,7.5874439461883405,76.82423973492736,76.66383989582235,77.07339749577588,0.4169264364446636,0.125,51.729118264096996,51.568718424991985,51.978276024945515,1.0,41,50,42,0.84,0.8330909090909091,525,437,0.8323809523809523,0.0,1.0,0.9484304932735426,0.12229105972599763,0.12229105972599763,0.09853165383637523,61.48780367915167,0.8412907140743507,2.950310559006211,2.4545454545454546,2.971631205673759,0.0
424,template_deposition,C,C,none,0,1.0,template_site:index=664:site=C:neigh=1:ahead0=52.880:mode=shell,x,yz,645,221,424,0,424,7956.229370806059,26.254525867650123,500.0,0.001,55.75,0.05575,-5775.201,-5766.6265,-5775.201,-8.574707,-7.286621,0.9999749828040749,0.05575,0.05575,9,644,664,8,8,1.5436149663185128,77.9746326349008,2.62999999931,10.0,446.0,0.0,-8.694474,-139.30084,77.9254682215951,0.49999999916963384,77.42546822242547,52.83034675076473,0.8128706620340811,7.605381165919282,76.96290585368894,76.66383989582235,77.85656399498743,0.5283880009322455,0.125,51.867784382858574,51.568718424991985,52.76144252415706,1.0,41,50,42,0.84,0.8350909090909091,525,438,0.8342857142857143,0.0,1.0,0.9506726457399103,0.12232968014825135,0.12232968014825135,0.09879577977687347,61.48780367915167,0.8435458949470511,2.951937984496124,2.5217391304347827,2.974056603773585,0.0
425,template_deposition,C,C,none,0,1.0,template_site:index=665:site=C:neigh=2:ahead0=52.880:mode=shell,x,yz,646,221,425,0,425,7963.864854123188,7.635483317129283,500.0,0.001,55.75,0.05575,-5786.2285,-5775.201,-5786.2285,-11.027344,-9.864746,1.0,0.05575,0.05575,9,645,665,7,7,1.4927384286990082,77.9746326349008,4.05000000054,10.0,446.0,0.0,-8.719199,-139.69698,77.9254682215951,0.49999999916963384,77.42546822242547,52.83034675076473,0.8544886372876828,7.623318385650224,77.11308691878455,76.68706397416622,77.90668167210374,0.5858076980723371,0.125,52.01796544795418,51.59194250333586,52.81156020127338,1.0,41,50,42,0.84,0.8370909090909092,525,439,0.8361904761904762,0.0,1.0,0.952914798206278,0.12239521281871572,0.12239521281871572,0.09908183894848416,61.48780367915167,0.8459883478581888,2.9535603715170278,2.5833333333333335,2.976470588235294,0.0
426,template_deposition,C,C,none,0,1.0,template_site:index=666:site=C:neigh=1:ahead0=52.880:mode=shell,x,yz,647,221,426,0,426,8004.753261989256,40.888407866068356,500.0,0.001,55.75,0.05575,-5793.7876,-5786.2285,-5793.7876,-7.559082,-6.845703,0.8047996469808739,0.05575,0.05575,10,646,666,6,6,1.6128613495306108,77.9746326349008,16.83000000046,10.0,446.0,0.0,-8.736148,-139.96852,77.89866370037483,0.49999999916963384,77.3986637012052,52.80354222954446,0.8853024074815569,7.641255605381166,77.25372429895774,77.2214342876424,77.89864031573765,0.6065610911647886,0.125,52.15860282812737,52.12631281681203,52.80351884490729,1.0,41,50,42,0.84,0.8390909090909091,525,440,0.8380952380952381,0.0,1.0,0.9551569506726457,0.12243803480781074,0.12243803480781074,0.09934971967262357,61.48780367915167,0.8482755881198031,2.952086553323029,2.56,2.9741784037558685,0.0
427,template_deposition,C,C,none,0,1.0,template_site:index=667:site=C:neigh=2:ahead0=52.880:mode=shell,x,yz,648,221,427,0,427,8008.3325588240305,3.5792968347739906,500.0,0.001,55.75,0.05575,-5804.719,-5793.7876,-5804.719,-10.931641,-10.26709,1.0,0.05575,0.05575,10,647,667,5,5,1.4500705846880455,77.9746326349008,15.409999999230001,10.0,446.0,0.0,-8.760658,-140.36122,77.92406043699519,0.49999999916963384,77.42406043782556,52.82893896616483,0.9137495890076165,7.6591928251121075,77.4063391946002,77.80352969563106,77.90628272136094,0.594695497893425,0.125,52.31121772376984,52.70840822480069,52.811161250530574,1.0,41,50,42,0.84,0.8410909090909091,525,441,0.84,0.0,1.0,0.9573991031390134,0.12250870661304412,0.12250870661304412,0.09964041471194256,61.48780367915167,0.8507576233611142,2.9537037037037037,2.6153846153846154,2.9765807962529274,0.0
428,template_deposition,C,C,none,0,1.0,template_site:index=669:site=C:neigh=1:ahead0=52.880:mode=shell,x,yz,649,221,428,0,428,8009.938189344478,1.6056305204472159,500.0,0.001,55.75,0.05575,-5812.105,-5804.719,-5812.105,-7.385742,-6.9682617,0.986088550462613,0.05575,0.05575,10,648,669,4,4,1.5534543922614439,77.9746326349008,12.569999999,10.0,446.0,0.0,-8.777218,-140.62654,77.90111593790374,0.49999999916963384,77.40111593873411,52.805994467073376,0.9346811495007338,7.677130044843049,77.56181859229608,77.8629729282444,77.89939937163349,0.5302199495608277,0.125,52.466697121465714,52.76785145741404,52.80427790080313,1.0,41,50,42,0.84,0.8430909090909091,525,442,0.8419047619047619,0.0,1.0,0.9596412556053812,0.122585740938004,0.122585740938004,0.09993656594564898,61.48780367915167,0.8532862451103503,2.952234206471495,2.5925925925925926,2.9742990654205608,0.0
429,template_deposition,C,C,none,0,1.0,template_site:index=668:site=C:neigh=2:ahead0=52.880:mode=shell,x,yz,650,221,429,0,429,8031.916183402546,21.977994058068717,500.0,0.001,55.75,0.05575,-5823.0747,-5812.105,-5823.0747,-10.969727,-10.425781,1.0,0.05575,0.05575,10,649,668,3,3,1.4198170225321762,77.9746326349008,11.15,10.0,446.0,0.0,-8.801814,-141.02061,77.92400971665376,0.49999999916963384,77.42400971748413,52.82888824582339,0.9523660658134026,7.695067264573991,77.57253298684293,77.8629729282444,77.9062675052585,0.5192707839077217,0.125,52.477411516012566,52.76785145741404,52.811146034428134,1.0,41,50,42,0.84,0.8450909090909091,525,443,0.8438095238095238,0.0,1.0,0.9618834080717489,0.12232496856879387,0.12232496856879387,0.0999569743162144,61.48780367915167,0.8534604974645694,2.953846153846154,2.642857142857143,2.976689976689977,0.0
430,template_deposition,C,C,none,0,1.0,template_site:index=663:site=C:neigh=1:ahead0=52.880:mode=shell,x,yz,651,221,430,0,430,8061.745423784259,29.829240381713518,500.0,0.001,55.75,0.05575,-5830.6484,-5823.0747,-5830.6484,-7.5737305,-6.8476562,0.13355692315892553,0.05575,0.05575,10,650,663,2,2,1.6127053792789043,77.9746326349008,6.890000000770001,10.0,446.0,0.0,-8.818795,-141.29268,77.92400971665376,0.49999999916963384,77.42400971748413,52.82888824582339,0.9622761597444338,7.713004484304933,77.72496283103193,77.86458133198657,77.9062675052585,0.37287490120473465,0.125,52.62984136020157,52.76945986115621,52.811146034428134,1.0,42,50,43,0.86,0.8470909090909092,525,444,0.8457142857142858,0.0,1.0,0.9641255605381166,0.12239497990744551,0.12239497990744551,0.10024731687657441,61.48780367915167,0.8559395231423184,2.9523809523809526,2.6206896551724137,2.974418604651163,0.0
431,template_deposition,C,C,none,0,1.0,template_site:index=662:site=C:neigh=2:ahead0=52.880:mode=shell,x,yz,652,221,431,0,431,8071.417814608275,9.67239082401561,500.0,0.001,55.75,0.05575,-5842.1816,-5830.6484,-5842.1816,-11.533203,-11.046387,1.0,0.05575,0.05575,11,651,662,1,1,1.4372117796428419,77.9746326349008,8.30999999977,10.0,446.0,0.0,-8.844654,-141.70699,77.89866370037483,0.49999999916963384,77.3986637012052,52.80354222954446,0.9677780574429083,7.7309417040358746,77.72291937100483,77.87556740830323,77.89669510393513,0.3715962031203083,0.125,52.62779790017447,52.78044593747286,52.801573633104766,1.0,42,50,43,0.86,0.8490909090909091,525,445,0.8476190476190476,0.0,1.0,0.9663677130044843,0.12210625962917511,0.12210625962917511,0.1002434245717609,61.48780367915167,0.8559062895593178,2.9539877300613497,2.6666666666666665,2.976798143851508,0.0
432,template_deposition,C,C,none,0,1.0,template_site:index=673:site=C:neigh=1:ahead0=54.109:mode=shell,x,yz,653,221,432,0,432,8089.143816921622,17.726002313347,500.0,0.001,55.75,0.05575,-5848.769,-5842.1816,-5848.769,-6.5874023,-6.14209,0.8706619449048714,0.05575,0.05575,9,652,673,10,10,1.5499495837647783,79.20438870848383,9.01999999927,10.0,446.0,0.0,-8.859425,-141.94363,79.14990379093395,0.49999999916963384,78.64990379176432,54.054782320103584,0.6773531026187516,7.748878923766816,78.03597121415504,77.89725756006075,78.31745405761647,0.42409186114636355,0.125,52.94084974332468,52.80213608923039,53.22233258678611,1.0,42,50,43,0.86,0.850909090909091,525,446,0.8495238095238096,0.0,1.0,0.968609865470852,0.12254826329473305,0.12254826329473305,0.10083971379680891,61.48780367915167,0.8609975731052992,2.9525267993874427,2.4761904761904763,2.974537037037037,0.0
433,template_deposition,C,C,none,0,1.0,template_site:index=672:site=C:neigh=2:ahead0=54.109:mode=shell,x,yz,654,221,433,0,433,8103.502181811474,14.358364889851797,500.0,0.001,55.75,0.05575,-5859.805,-5848.769,-5859.805,-11.036133,-10.470215,1.0,0.05575,0.05575,10,653,672,9,9,1.4107040818730376,79.20438870848383,10.440000000500001,10.0,446.0,0.0,-8.884169,-142.34007,79.1512351580762,0.49999999916963384,78.65123515890657,54.05611368724584,0.7588570918522731,7.766816143497758,78.04583741759517,77.89725756006075,78.32794309005631,0.42223032538066174,0.125,52.9507159467648,52.80213608923039,53.232821619225945,1.0,42,50,43,0.86,0.8527272727272728,525,447,0.8514285714285714,0.0,1.0,0.9708520179372198,0.12228802759068083,0.12228802759068083,0.10085850656526629,61.48780367915167,0.8611580309985688,2.9541284403669725,2.5454545454545454,2.976905311778291,0.0
434,template_deposition,C,C,none,0,1.0,template_site:index=680:site=C:neigh=1:ahead0=54.109:mode=shell,x,yz,655,221,434,0,434,8108.010098566017,4.507916754543859,500.0,0.001,55.75,0.05575,-5867.1973,-5859.805,-5867.1973,-7.39209,-6.994629,0.8790212315589713,0.05575,0.05575,10,654,680,8,8,1.5311004615698958,79.20438870848383,13.28000000073,10.0,446.0,0.0,-8.9007435,-142.60564,79.1450160436456,0.49999999916963384,78.64501604447597,54.049894572815234,0.8170511282459356,7.7847533632287,78.19003890664337,77.90472686704143,79.13181188490289,0.5487966389406159,0.125,53.094917435813,52.80960539621107,54.036690414072524,1.0,42,50,43,0.86,0.8545454545454545,525,448,0.8533333333333334,0.0,1.0,0.9730941704035875,0.12233851943735714,0.12233851943735714,0.10113317606821524,61.48780367915167,0.8635032357451987,2.952671755725191,2.5217391304347827,2.974654377880184,0.0
435,template_deposition,C,C,none,0,1.0,template_site:index=681:site=C:neigh=2:ahead0=54.109:mode=shell,x,yz,656,221,435,0,435,8148.304147424011,40.29404885799373,500.0,0.001,55.75,0.05575,-5878.15,-5867.1973,-5878.15,-10.952637,-10.411133,1.0,0.05575,0.05575,10,655,681,7,7,1.4078163089115752,79.20438870848383,14.69999999973,10.0,446.0,0.0,-8.925301,-142.99908,79.14992299933853,0.49999999916963384,78.6499230001689,54.054801528508165,0.8626172348426355,7.802690582959642,78.34242948538846,77.93688366635416,79.13328397161077,0.6139768488761927,0.125,53.2473080145581,52.8417621955238,54.0381625007804,1.0,42,50,43,0.86,0.8563636363636364,525,449,0.8552380952380952,0.0,1.0,0.9753363228699552,0.12240760463116805,0.12240760463116805,0.10142344383725352,61.48780367915167,0.865981622833804,2.9542682926829267,2.5833333333333335,2.9770114942528734,0.0
436,template_deposition,C,C,none,0,1.0,template_site:index=679:site=C:neigh=1:ahead0=54.109:mode=shell,x,yz,657,221,436,0,436,8156.880285679402,8.576138255390685,500.0,0.001,55.75,0.05575,-5885.547,-5878.15,-5885.547,-7.3969727,-6.845215,0.18135005165793466,0.05575,0.05575,10,656,679,6,6,1.5464762525594928,79.20438870848383,17.539999999960003,10.0,446.0,0.0,-8.941886,-143.26482,79.14458503906194,0.49999999916963384,78.6445850398923,54.04946356823157,0.8973035201923789,7.820627802690583,78.50594442918833,78.5456474359919,79.13168258352779,0.6228970335132747,0.125,53.41082295835797,53.45052596516153,54.03656111269743,1.0,42,50,43,0.86,0.8581818181818182,525,450,0.8571428571428571,0.0,1.0,0.9775784753363229,0.12250188751916966,0.12250188751916966,0.10173490087306279,61.48780367915167,0.8686409297860103,2.9528158295281584,2.56,2.9747706422018347,0.0
437,template_deposition,C,C,none,0,1.0,template_site:index=678:site=C:neigh=2:ahead0=54.109:mode=shell,x,yz,658,221,437,0,437,8174.777124693442,17.89683901403962,500.0,0.001,55.75,0.05575,-5896.6094,-5885.547,-5896.6094,-11.0625,-10.340332,1.0,0.05575,0.05575,10,657,678,5,5,1.4130986432021293,79.20438870848383,18.95999999896,10.0,446.0,0.0,-8.966689,-143.6622,79.13348474030705,0.49999999916963384,78.63348474113742,54.03836326947669,0.922923904461263,7.838565022421525,78.51315334486355,78.55046214819379,79.12835249390133,0.6137096564277034,0.125,53.41803187403319,53.455340677363424,54.03323102307097,1.0,42,50,43,0.86,0.86,525,451,0.8590476190476191,0.0,1.0,0.9798206278026906,0.12223805920831393,0.12223805920831393,0.1017486321410156,61.48780367915167,0.8687581711776989,2.954407294832827,2.6153846153846154,2.977116704805492,0.0
438,template_deposition,C,C,none,0,1.0,template_site:index=677:site=C:neigh=1:ahead0=54.109:mode=shell,x,yz,659,221,438,0,438,8203.292834012047,28.515709318605037,500.0,0.001,55.75,0.05575,-5903.9634,-5896.6094,-5903.9634,-7.354004,-6.9101562,0.9999870342590997,0.05575,0.05575,10,658,677,4,4,1.5240066208860175,79.20438870848383,6.17999999904,10.0,446.0,0.0,-8.983178,-143.92639,79.1531037899336,0.49999999916963384,78.65310379076396,54.05798231910323,0.9445055677346643,7.856502242152466,78.6619473456353,79.11762242536302,79.13937045519502,0.6042325558692456,0.125,53.566825874804934,54.02250095453266,54.04424898436466,1.0,42,50,43,0.86,0.8618181818181818,525,452,0.8609523809523809,0.0,1.0,0.9820627802690582,0.12229868921188342,0.12229868921188342,0.10203204928534274,61.48780367915167,0.8711780657237485,2.952959028831563,2.5925925925925926,2.9748858447488584,0.0
439,template_deposition,C,C,none,0,1.0,template_site:index=676:site=C:neigh=2:ahead0=54.109:mode=shell,x,yz,660,221,439,0,439,8212.472872345761,9.180038333714467,500.0,0.001,55.75,0.05575,-5914.9375,-5903.9634,-5914.9375,-10.974121,-10.1875,1.0,0.05575,0.05575,9,659,676,3,3,1.4129247048659406,79.20438870848383,4.760000000040001,10.0,446.0,0.0,-9.007784,-144.32062,79.13348474030705,0.49999999916963384,78.63348474113742,54.03836326947669,0.9590340893829064,7.874439461883408,78.81540476156613,79.11762242536302,79.13166214119447,0.5333633426346073,0.125,53.720283290735765,54.02250095453266,54.036540670364104,1.0,42,50,43,0.86,0.8636363636363638,525,453,0.8628571428571429,0.0,1.0,0.984304932735426,0.12236966581033204,0.12236966581033204,0.10232434912521098,61.48780367915167,0.8736738031992906,2.9545454545454546,2.642857142857143,2.9772209567198176,0.0
440,template_deposition,C,C,none,0,1.0,template_site:index=674:site=C:neigh=1:ahead0=54.109:mode=shell,x,yz,661,221,440,0,440,8241.035659071342,28.5627867255811,500.0,0.001,55.75,0.05575,-5922.0703,-5914.9375,-5922.0703,-7.1328125,-6.5161133,0.8664430768410745,0.05575,0.05575,9,660,674,2,2,1.5029703780395036,79.20438870848383,1.9199999998100001,10.0,446.0,0.0,-9.023777,-144.57684,79.19833430516084,0.49999999916963384,78.69833430599121,54.10321283433048,0.97539692998959,7.8923766816143495,78.98370181962514,79.11762242536302,79.1529396097632,0.37879339063165857,0.125,53.888580348794775,54.02250095453266,54.05781813893283,1.0,42,50,43,0.86,0.8654545454545455,525,454,0.8647619047619047,0.0,1.0,0.9865470852017937,0.12247404624726085,0.12247404624726085,0.10264491495008529,61.48780367915167,0.8764108835304925,2.9531013615733737,2.6206896551724137,2.975,0.0
441,template_deposition,C,C,none,0,1.0,template_site:index=675:site=C:neigh=1:ahead0=54.109:mode=shell,x,yz,662,221,441,0,441,8261.072129403534,20.036470332192675,500.0,0.001,55.75,0.05575,-5933.1724,-5922.0703,-5933.1724,-11.102051,-8.285645,0.9999999999999163,0.05575,0.05575,10,661,675,2,2,1.4198062068749793,79.20438870848383,0.5000000008100001,10.0,446.0,0.0,-9.04867,-144.97568,79.11984240423742,0.49999999916963384,78.61984240506779,54.02472093340705,0.9751390306820203,7.910313901345291,78.98562400451614,79.11288845434333,79.11929024902426,0.3309665452700925,0.125,53.890502533685776,54.01776698351297,54.024168778193896,1.0,43,50,44,0.88,0.8652727272727273,525,454,0.8647619047619047,0.0,1.0,0.9887892376681614,0.12220068601742806,0.12220068601742806,0.10264857625463958,61.48780367915167,0.8764421447689167,2.9546827794561934,2.6666666666666665,2.9773242630385486,0.0
442,template_deposition,C,C,none,0,1.0,template_site:index=687:site=C:neigh=1:ahead0=55.339:mode=shell,x,yz,663,221,442,0,442,8291.325321135664,30.253191732130002,500.0,0.001,55.75,0.05575,-5939.9326,-5933.1724,-5939.9326,-6.760254,-6.319336,0.9590150199225965,0.05575,0.05575,9,662,687,9,9,1.5678951076768504,80.43414478206687,16.83000000046,10.0,446.0,0.0,-9.063827,-145.21852,80.35047267400186,0.49999999916963384,79.85047267483223,55.2553512031715,0.6767145566387295,7.928251121076233,79.14074673841208,79.1117765118696,79.4960484456834,0.562531512486627,0.125,54.04562526758171,54.01665504103924,54.400926974853036,1.0,43,50,44,0.88,0.8672727272727272,525,455,0.8666666666666667,0.0,1.0,0.9910313901345291,0.12227517028864641,0.12227517028864641,0.10294404812872707,61.48780367915167,0.8789649659564384,2.953242835595777,2.4761904761904763,2.975113122171946,0.0
443,template_deposition,C,C,none,0,1.0,template_site:index=688:site=C:neigh=2:ahead0=55.339:mode=shell,x,yz,664,221,443,0,443,8319.89110741523,28.565786279564254,500.0,0.001,55.75,0.05575,-5950.9526,-5939.9326,-5950.9526,-11.02002,-10.347656,1.0,0.05575,0.05575,10,663,688,8,8,1.4379395568514381,80.43414478206687,15.409999999230001,10.0,446.0,0.0,-9.088535,-145.6144,80.38099700679751,0.49999999916963384,79.88099700762788,55.28587553596715,0.7567297671320106,7.946188340807175,79.29299765824874,79.1117765118696,80.33924907104759,0.6905497257170611,0.125,54.19787618741837,54.01665504103924,55.244127600217226,1.0,43,50,44,0.88,0.8692727272727274,525,456,0.8685714285714285,0.0,1.0,0.9932735426008968,0.12234283563751326,0.12234283563751326,0.1032340498807969,61.48780367915167,0.8814410817180472,2.9548192771084336,2.5454545454545454,2.9774266365688487,0.0
444,template_deposition,C,C,none,0,1.0,template_site:index=690:site=C:neigh=1:ahead0=55.339:mode=shell,x,yz,665,221,444,0,444,8330.678518737463,10.787411322233025,500.0,0.001,55.75,0.05575,-5958.3403,-5950.9526,-5958.3403,-7.3876953,-6.994629,0.9999999861268796,0.05575,0.05575,10,664,690,7,7,1.5447343107551257,80.43414478206687,12.569999999,10.0,446.0,0.0,-9.1051,-145.87978,80.36431631720767,0.49999999916963384,79.86431631803804,55.2691948463773,0.813711979278105,7.9641255605381165,79.44785309185018,79.12264043881814,80.35271469338898,0.7632042958008012,0.125,54.352731621019814,54.027518967987774,55.25759322255861,1.0,43,50,44,0.88,0.8712727272727272,525,457,0.8704761904761905,0.0,1.0,0.9955156950672646,0.12241606220950409,0.12241606220950409,0.10352901261146631,61.48780367915167,0.883959555697204,2.9533834586466163,2.5217391304347827,2.975225225225225,0.0
445,template_deposition,C,C,none,0,1.0,template_site:index=689:site=C:neigh=2:ahead0=55.339:mode=shell,x,yz,666,221,445,0,445,8371.73327804803,41.05475931056785,500.0,0.001,55.75,0.05575,-5969.3066,-5958.3403,-5969.3066,-10.966309,-10.403809,1.0,0.05575,0.05575,10,665,689,6,6,1.4164918734617375,80.43414478206687,11.15,10.0,446.0,0.0,-9.129688,-146.27374,80.37961773873833,0.49999999916963384,79.8796177395687,55.28449626790797,0.8587976688807931,7.982062780269058,79.45803384420236,79.15571273746154,80.35730511984816,0.7623815906307776,0.125,54.362912373372,54.06059126663118,55.2621836490178,1.0,43,50,44,0.88,0.8732727272727273,525,458,0.8723809523809524,0.0,1.0,0.9977578475336323,0.12216384803004943,0.12216384803004943,0.10354840452070857,61.48780367915167,0.8841251292214318,2.954954954954955,2.5833333333333335,2.9775280898876404,0.0
446,template_deposition,C,C,none,0,1.0,template_site:index=683:site=C:neigh=1:ahead0=55.339:mode=shell,x,yz,667,221,446,0,446,8382.45232434996,10.719046301930168,500.0,0.001,55.75,0.05575,-5976.7144,-5969.3066,-5976.7144,-7.407715,-7.0166016,0.9999999884217122,0.05575,0.05575,10,666,683,5,5,1.5223206522040886,80.43414478206687,8.30999999977,10.0,446.0,0.0,-9.146297,-146.53984,80.37878972808758,0.49999999916963384,79.87878972891795,55.28366825725722,0.893358693381341,8.0,79.6069589133895,79.75649949299233,80.35947537677457,0.8049930325114875,0.125,54.51183744255914,54.66137802216197,55.264353905944205,1.0,43,50,44,0.88,0.8752727272727273,525,459,0.8742857142857143,0.0,1.0,1.0,0.12222385076806982,0.12222385076806982,0.10383207131916027,61.48780367915167,0.8865471553839575,2.9535232383808094,2.56,2.975336322869955,0.0
447,template_deposition,C,C,none,0,1.0,template_site:index=684:site=C:neigh=2:ahead0=55.339:mode=shell,x,yz,668,221,447,0,447,8425.415916670236,42.96359232027564,500.0,0.001,55.75,0.05575,-5987.6787,-5976.7144,-5987.6787,-10.964355,-10.359375,1.0,0.05575,0.05575,10,667,684,4,4,1.4073187464794956,80.43414478206687,6.890000000770001,10.0,446.0,0.0,-9.170881,-146.93372,80.36680038851573,0.49999999916963384,79.8668003893461,55.271678917685364,0.9191221974364295,8.01793721973094,79.60556709141343,79.75637274186113,80.35587857490302,0.8034843661956623,0.125,54.51044562058307,54.661251271030764,55.26075710407265,1.0,43,50,44,0.88,0.8772727272727272,525,460,0.8761904761904762,0.0,1.0,1.0022421524663676,0.1219473056388883,0.1219473056388883,0.10382942022968204,61.48780367915167,0.8865245196433261,2.9550898203592815,2.6153846153846154,2.9776286353467563,0.0
448,template_deposition,C,C,none,0,1.0,template_site:index=686:site=C:neigh=1:ahead0=55.339:mode=shell,x,yz,669,221,448,0,448,8431.931783808417,6.515867138181743,500.0,0.001,55.75,0.05575,-5995.0107,-5987.6787,-5995.0107,-7.3320312,-6.801758,0.9999993112057167,0.05575,0.05575,9,668,686,3,3,1.5314981547428261,80.43414478206687,4.05000000054,10.0,446.0,0.0,-9.187321,-147.19711,80.38855367170359,0.49999999916963384,79.88855367253396,55.29343220087323,0.9408544626224432,8.035874439461884,79.77139222012147,80.33454983373929,80.36240455985937,0.8078210520539644,0.125,54.676270749291106,55.239428362908924,55.26728308902901,1.0,43,50,44,0.88,0.8792727272727273,525,461,0.878095238095238,0.0,1.0,1.0044843049327354,0.12204524720823907,0.12204524720823907,0.10414527761769735,61.48780367915167,0.8892213980287262,2.9536621823617337,2.5925925925925926,2.9754464285714284,0.0
449,template_deposition,C,C,none,0,1.0,template_site:index=685:site=C:neigh=2:ahead0=55.339:mode=shell,x,yz,670,221,449,0,449,8454.555006332448,22.62322252403145,500.0,0.001,55.75,0.05575,-6006.016,-5995.0107,-6006.016,-11.005371,-9.699707,1.0,0.05575,0.05575,9,669,685,2,2,1.4228020547445313,80.43414478206687,2.62999999931,10.0,446.0,0.0,-9.211996,-147.59245,80.35119779764042,0.49999999916963384,79.85119779847079,55.25607632681006,0.9542957881584007,8.053811659192824,79.91763033104041,80.33405033136732,80.35094359170478,0.7797418505914343,0.125,54.82250886021005,55.23892886053696,55.25582212087441,1.0,43,50,44,0.88,0.8812727272727272,525,462,0.88,0.0,1.0,1.006726457399103,0.12209912886461036,0.12209912886461036,0.1044238264004001,61.48780367915167,0.8915997251467679,2.955223880597015,2.642857142857143,2.977728285077951,0.0
450,template_deposition,C,C,none,0,1.0,template_site:index=691:site=C:neigh=1:ahead0=55.339:mode=shell,x,yz,671,221,450,0,450,8455.414956914501,0.8599505820534035,500.0,0.001,55.75,0.05575,-6013.312,-6006.016,-6013.312,-7.2958984,-6.2070312,1.0,0.05575,0.05575,9,670,691,1,1,1.5663984926981191,80.43414478206687,19.67000000069,10.0,446.0,0.0,-9.228354,-147.85454,80.39745918706673,0.49999999916963384,79.8974591878971,55.302337716236366,0.9707483033149334,8.071748878923767,80.20051329534621,80.34439405086484,80.36507621446832,0.3823031295753927,0.125,55.10539182451585,55.24927258003447,55.26995474363795,1.0,44,50,45,0.9,0.8852727272727273,525,464,0.8838095238095238,0.0,1.0,1.0089686098654709,0.12245642627670189,0.12245642627670189,0.1049626510943159,61.48780367915167,0.8962003605147493,2.953800298062593,2.6206896551724137,2.9755555555555557,0.0
451,template_deposition,C,C,none,0,1.0,template_site:index=692:site=C:neigh=1:ahead0=55.339:mode=shell,x,yz,672,221,451,0,451,8465.60765254334,10.192695628839601,500.0,0.001,55.75,0.05575,-6024.7285,-6013.312,-6024.7285,-11.416504,-8.878906,1.0,0.05575,0.05575,10,671,692,1,1,1.430681898344746,80.43414478206687,21.08999999969,10.0,446.0,0.0,-9.253952,-148.26466,80.35119779764042,0.49999999916963384,79.85119779847079,55.25607632681006,0.974074959219033,8.089686098654708,80.181298951941,80.32517876440538,80.35094359170478,0.3752582390279722,0.125,55.08617748111064,55.230057293575015,55.25582212087441,1.0,44,50,45,0.9,0.889090909090909,525,466,0.8876190476190476,0.0,1.0,1.0112107623318385,0.1221423004015757,0.1221423004015757,0.10492605234497264,61.48780367915167,0.8958878701954418,2.955357142857143,2.6666666666666665,2.977827050997783,0.0
452,template_deposition,C,C,none,0,1.0,template_site:index=702:site=C:neigh=1:ahead0=56.569:mode=shell,x,yz,673,221,452,0,452,8481.320656336133,15.713003792792351,500.0,0.001,55.75,0.05575,-6031.3125,-6024.7285,-6031.3125,-6.5839844,-6.107422,0.20275851241807574,0.05575,0.05575,9,672,702,10,10,1.55954894864017,81.6639008556499,14.69999999973,10.0,446.0,0.0,-9.268715,-148.50119,81.60060789691349,0.49999999916963384,81.10060789774386,56.505486426083124,0.680638035322021,8.10762331838565,80.3380545329943,80.32517876440538,80.73105578547086,0.6039289826905382,0.125,55.24293306216394,55.230057293575015,55.635934314640494,1.0,44,50,45,0.9,0.890909090909091,525,467,0.8895238095238095,0.0,1.0,1.0134529147982063,0.12221887845611491,0.12221887845611491,0.10522463440412179,61.48780367915167,0.8984372470096027,2.9539375928677565,2.4761904761904763,2.975663716814159,0.0
453,template_deposition,C,C,none,0,1.0,template_site:index=701:site=C:neigh=2:ahead0=56.569:mode=shell,x,yz,674,221,453,0,453,8481.381380431834,0.06072409570185265,500.0,0.001,55.75,0.05575,-6042.3574,-6031.3125,-6042.3574,-11.044922,-10.449219,1.0,0.05575,0.05575,10,673,701,9,9,1.417347116409842,81.6639008556499,13.28000000073,10.0,446.0,0.0,-9.293479,-148.89795,81.60759352769078,0.49999999916963384,81.10759352852115,56.51247205686042,0.7604624145861085,8.125560538116591,80.49216007626833,80.32517876440538,81.58629309445779,0.7314292575078027,0.125,55.39703860543797,55.230057293575015,56.49117162362742,1.0,44,50,45,0.9,0.8927272727272728,525,468,0.8914285714285715,0.0,1.0,1.015695067264574,0.12228926844467543,0.12228926844467543,0.1055181687722628,61.48780367915167,0.9009435252315109,2.9554896142433233,2.5454545454545454,2.977924944812362,0.0
454,template_deposition,C,C,none,0,1.0,template_site:index=693:site=C:neigh=1:ahead0=56.569:mode=shell,x,yz,675,221,454,0,454,8510.502972774417,29.12159234258185,500.0,0.001,55.75,0.05575,-6049.7393,-6042.3574,-6049.7393,-7.381836,-7.036133,0.9506304817415454,0.05575,0.05575,10,674,693,8,8,1.5221457117230506,81.6639008556499,10.440000000500001,10.0,446.0,0.0,-9.31003,-149.16313,81.60651501529533,0.49999999916963384,81.1065150161257,56.511393544464966,0.8184589747152944,8.143497757847534,80.79149935047735,80.34309846835467,81.58716625607943,0.6171845549190587,0.125,55.69637787964699,55.247976997524304,56.492044785249064,1.0,44,50,45,0.9,0.8945454545454546,525,469,0.8933333333333333,0.0,1.0,1.0179372197309418,0.1226792464309405,0.1226792464309405,0.10608833881837522,61.48780367915167,0.9058117959502212,2.954074074074074,2.5217391304347827,2.9757709251101323,0.0
455,template_deposition,C,C,none,0,1.0,template_site:index=694:site=C:neigh=2:ahead0=56.569:mode=shell,x,yz,676,221,455,0,455,8539.045898924465,28.542926150048455,500.0,0.001,55.75,0.05575,-6060.7188,-6049.7393,-6060.7188,-10.979492,-10.416992,1.0,0.05575,0.05575,10,675,694,7,7,1.4076860199923542,81.6639008556499,9.01999999927,10.0,446.0,0.0,-9.334648,-149.55756,81.60688585087982,0.49999999916963384,81.10688585171019,56.511764380049456,0.8627089836576701,8.161434977578475,80.80025124743125,80.37792063837799,81.58727750675477,0.6115506792876275,0.125,55.705129776600884,55.28279916754762,56.49215603592441,1.0,44,50,45,0.9,0.8963636363636364,525,470,0.8952380952380953,0.0,1.0,1.0201793721973094,0.12242885665187007,0.12242885665187007,0.10610500909828739,61.48780367915167,0.9059541314449082,2.955621301775148,2.5833333333333335,2.978021978021978,0.0
456,template_deposition,C,C,none,0,1.0,template_site:index=698:site=C:neigh=1:ahead0=56.569:mode=shell,x,yz,677,221,456,0,456,8540.903305159196,1.8574062347314402,500.0,0.001,55.75,0.05575,-6068.141,-6060.7188,-6068.141,-7.4223633,-6.991699,0.8753589779266011,0.05575,0.05575,10,676,698,6,6,1.5150691853528298,81.6639008556499,6.17999999904,10.0,446.0,0.0,-9.35129,-149.82419,81.6132026931908,0.49999999916963384,81.11320269402117,56.518081222360436,0.8972783043556574,8.179372197309418,80.9413284134593,80.95708556304118,81.59048897705752,0.6470223310675173,0.125,55.84620694262894,55.86196409221081,56.495367506227154,1.0,44,50,45,0.9,0.8981818181818181,525,471,0.8971428571428571,0.0,1.0,1.0224215246636772,0.12246975206716873,0.12246975206716873,0.10637372750976941,61.48780367915167,0.9082485241144563,2.9542097488921715,2.56,2.9758771929824563,0.0
457,template_deposition,C,C,none,0,1.0,template_site:index=697:site=C:neigh=2:ahead0=56.569:mode=shell,x,yz,678,221,457,0,457,8544.45490247673,3.551597317533327,500.0,0.001,55.75,0.05575,-6079.1455,-6068.141,-6079.1455,-11.004395,-10.293945,1.0,0.05575,0.05575,9,677,697,5,5,1.4110941851917407,81.6639008556499,4.760000000040001,10.0,446.0,0.0,-9.375963,-150.2195,81.59015799408628,0.49999999916963384,81.09015799491665,56.49503652325592,0.9218119976224917,8.197309417040358,81.09382213554774,81.57586204712021,81.58357556732616,0.628550941613611,0.125,55.998700664717376,56.48074057628985,56.4884540964958,1.0,44,50,45,0.9,0.9,525,472,0.8990476190476191,0.0,1.0,1.0246636771300448,0.12253545003220433,0.12253545003220433,0.10666419174231881,61.48780367915167,0.9107285886632596,2.9557522123893807,2.6153846153846154,2.9781181619256016,0.0
458,template_deposition,C,C,none,0,1.0,template_site:index=700:site=C:neigh=1:ahead0=56.569:mode=shell,x,yz,679,221,458,0,458,8546.690124383907,2.2352219071776527,500.0,0.001,55.75,0.05575,-6086.4585,-6079.1455,-6086.4585,-7.3129883,-6.9072266,0.9999954806383402,0.05575,0.05575,10,678,700,4,4,1.5137898317040426,81.6639008556499,17.539999999960003,10.0,446.0,0.0,-9.392361,-150.48221,81.62011919656196,0.49999999916963384,81.12011919739233,56.524997725731595,0.9435362871476662,8.215246636771301,81.25729006098301,81.57671684379184,81.59914635482899,0.5652460927260771,0.125,56.162168590152646,56.48159537296148,56.504024883998625,1.0,44,50,45,0.9,0.9018181818181819,525,473,0.900952380952381,0.0,1.0,1.0269058295964126,0.12262482224924158,0.12262482224924158,0.10697555921933838,61.48780367915167,0.9133871309375658,2.9543446244477174,2.5925925925925926,2.975982532751092,0.0
459,template_deposition,C,C,none,0,1.0,template_site:index=699:site=C:neigh=2:ahead0=56.569:mode=shell,x,yz,680,221,459,0,459,8579.278518658179,32.588394274271444,500.0,0.001,55.75,0.05575,-6097.422,-6086.4585,-6097.422,-10.963379,-9.902344,1.0,0.05575,0.05575,9,679,699,3,3,1.416301139360458,81.6639008556499,18.95999999896,10.0,446.0,0.0,-9.416942,-150.87604,81.59022377873,0.49999999916963384,81.09022377956038,56.49510230789964,0.958152184644904,8.233183856502242,81.26689207141746,81.57671684379184,81.5901777294794,0.5418072805154661,0.125,56.171770600587095,56.48159537296148,56.49505625864903,1.0,44,50,45,0.9,0.9036363636363638,525,474,0.9028571428571428,0.0,1.0,1.0291479820627802,0.12237858518646426,0.12237858518646426,0.10699384876302304,61.48780367915167,0.9135432921575136,2.9558823529411766,2.642857142857143,2.9782135076252723,0.0
460,template_deposition,C,C,none,0,1.0,template_site:index=703:site=C:neigh=1:ahead0=56.569:mode=shell,x,yz,681,221,460,0,460,8589.951642773654,10.673124115475392,500.0,0.001,55.75,0.05575,-6104.6616,-6097.422,-6104.6616,-7.239746,-6.713867,0.9994846427094937,0.05575,0.05575,9,680,703,2,2,1.442778453001668,81.6639008556499,21.79999999919,10.0,446.0,0.0,-9.433174,-151.13611,81.67205733607045,0.49999999916963384,81.17205733690082,56.57693586524009,0.9763947706785134,8.251121076233185,81.42055509030773,81.5779407379278,81.61472779668154,0.44866065757309187,0.125,56.325433619477366,56.48281926709744,56.51960632585117,1.0,44,50,45,0.9,0.9072727272727272,525,476,0.9066666666666666,0.0,1.0,1.031390134529148,0.1224465948249508,0.1224465948249508,0.10728654022757593,61.48780367915167,0.9160423734337306,2.9544787077826724,2.6206896551724137,2.976086956521739,0.0
461,template_deposition,C,C,none,0,1.0,template_site:index=695:site=C:neigh=1:ahead0=56.569:mode=shell,x,yz,682,221,461,0,461,8591.647365025787,1.6957222521326207,500.0,0.001,55.75,0.05575,-6112.652,-6104.6616,-6112.652,-7.9902344,-6.9648438,1.0,0.05575,0.05575,10,681,695,1,1,1.5294258492589887,81.6639008556499,1.9199999998100001,10.0,446.0,0.0,-9.45109,-151.42316,81.66426743988042,0.49999999916963384,81.16426744071079,56.569145969050055,0.9868341121031505,8.269058295964125,81.58704603397223,81.5779407379278,81.63748280061981,0.03720605171722707,0.125,56.491924563141865,56.48281926709744,56.54236132978944,1.0,45,50,46,0.92,0.9090909090909091,525,477,0.9085714285714286,0.0,1.0,1.0336322869955157,0.12254213571180447,0.12254213571180447,0.10760366583455594,61.48780367915167,0.9187500802260119,2.9530791788856305,2.6,2.9739696312364425,0.0
462,template_deposition,C,C,none,0,1.0,template_site:index=713:site=C:neigh=1:ahead0=57.799:mode=shell,x,yz,683,221,462,0,462,8600.158618502463,8.511253476675662,500.0,0.001,55.75,0.05575,-6121.015,-6112.652,-6121.015,-8.363281,-7.6469727,0.7564388567726806,0.05575,0.05575,8,682,713,10,10,1.4690204027471052,82.89365692923293,21.08999999969,10.0,446.0,0.0,-9.469842,-151.7236,82.81135075241004,0.49999999916963384,82.3113507532404,57.71622928157967,0.6949893078992022,8.286995515695068,81.72699335476233,81.57671684379184,81.97305514938849,0.41034879978561506,0.125,56.631871883931964,56.48159537296148,56.87793367855812,1.0,45,50,46,0.92,0.9110909090909091,525,478,0.9104761904761904,0.0,1.0,1.0358744394618835,0.12257980927258001,0.12257980927258001,0.1078702321598704,61.48780367915167,0.9210260977842314,2.951683748169839,2.380952380952381,2.9718614718614718,0.0
463,template_deposition,C,C,none,0,1.0,template_site:index=712:site=C:neigh=2:ahead0=57.799:mode=shell,x,yz,684,221,463,0,463,8612.432352260197,12.273733757735082,500.0,0.001,55.75,0.05575,-6131.828,-6121.015,-6131.828,-10.812988,-9.664551,1.0,0.05575,0.05575,9,683,712,9,9,1.456206041769116,82.89365692923293,19.67000000069,10.0,446.0,0.0,-9.494086,-152.11203,82.84584571235388,0.49999999916963384,82.34584571318425,57.750724241523514,0.7667986724266604,8.304932735426009,81.73951071248698,81.57981422899365,81.99290904925562,0.4189937525796237,0.125,56.64438924165661,56.48469275816329,56.89778757842525,1.0,45,50,46,0.92,0.9130909090909092,525,479,0.9123809523809524,0.0,1.0,1.0381165919282511,0.12234209339450672,0.12234209339450672,0.10789407474601259,61.48780367915167,0.9212296724279113,2.953216374269006,2.4545454545454546,2.974082073434125,0.0
464,template_deposition,C,C,none,0,1.0,template_site:index=706:site=C:neigh=1:ahead0=57.799:mode=shell,x,yz,685,221,464,0,464,8635.055966566117,22.62361430591959,500.0,0.001,55.75,0.05575,-6140.396,-6131.828,-6140.396,-8.567871,-7.2817383,0.9999798288983718,0.05575,0.05575,9,684,706,8,8,1.5437825005563712,82.89365692923293,2.62999999931,10.0,446.0,0.0,-9.513296,-152.41982,82.84584571235388,0.49999999916963384,82.34584571318425,57.750724241523514,0.8130927126515444,8.32286995515695,81.87820213394313,81.57981422899365,82.77642873519807,0.5312016028325218,0.125,56.78308066311277,56.48469275816329,57.6813072643677,1.0,45,50,46,0.92,0.915090909090909,525,480,0.9142857142857143,0.0,1.0,1.0403587443946187,0.12237732901532924,0.12237732901532924,0.10815824888211956,61.48780367915167,0.9234852648081476,2.9547445255474454,2.5217391304347827,2.976293103448276,0.0
465,template_deposition,C,C,none,0,1.0,template_site:index=707:site=C:neigh=2:ahead0=57.799:mode=shell,x,yz,686,221,465,0,465,8636.444690762763,1.3887241966456032,500.0,0.001,55.75,0.05575,-6151.428,-6140.396,-6151.428,-11.032227,-9.858398,1.0,0.05575,0.05575,9,685,707,7,7,1.4977090706476612,82.89365692923293,4.05000000054,10.0,446.0,0.0,-9.538033,-152.81613,82.84584571235388,0.49999999916963384,82.34584571318425,57.750724241523514,0.8546422729024151,8.340807174887892,82.02865229781196,81.60405964617837,82.82605600205538,0.5887332784073455,0.125,56.933530826981595,56.50893817534801,57.73093453122502,1.0,45,50,46,0.92,0.9170909090909091,525,481,0.9161904761904762,0.0,1.0,1.0426008968609866,0.12243770070318623,0.12243770070318623,0.10844482062282208,61.48780367915167,0.9259320941770073,2.956268221574344,2.5833333333333335,2.978494623655914,0.0
466,template_deposition,C,C,none,0,1.0,template_site:index=708:site=C:neigh=1:ahead0=57.799:mode=shell,x,yz,687,221,466,0,466,8649.221557612032,12.776866849269348,500.0,0.001,55.75,0.05575,-6158.967,-6151.428,-6158.967,-7.538574,-6.8305664,0.5841846860397074,0.05575,0.05575,10,686,708,6,6,1.6115697468024222,82.89365692923293,16.83000000046,10.0,446.0,0.0,-9.5549345,-153.08693,82.81867885377565,0.49999999916963384,82.31867885460602,57.72355738294529,0.885417588200895,8.358744394618833,82.16964948416461,82.137990319281,82.81790594448191,0.6097765887101445,0.125,57.074528013334245,57.04286884845064,57.722784473651544,1.0,45,50,46,0.92,0.9190909090909091,525,482,0.9180952380952381,0.0,1.0,1.0448430493273542,0.12247752792560997,0.12247752792560997,0.10871338669206523,61.48780367915167,0.9282251861060731,2.954876273653566,2.56,2.976394849785408,0.0
467,template_deposition,C,C,none,0,1.0,template_site:index=709:site=C:neigh=2:ahead0=57.799:mode=shell,x,yz,688,221,467,0,467,8649.825771920023,0.6042143079901487,500.0,0.001,55.75,0.05575,-6169.9062,-6158.967,-6169.9062,-10.939453,-10.227051,1.0,0.05575,0.05575,10,687,709,5,5,1.4536074685159384,82.89365692923293,15.409999999230001,10.0,446.0,0.0,-9.579463,-153.47992,82.83971822684352,0.49999999916963384,82.33971822767388,57.74459675601315,0.9135182847383685,8.376681614349776,82.32407471370189,82.72261045524083,82.824990665696,0.5957315626115666,0.125,57.228953242871526,57.62748898441046,57.72986919486564,1.0,45,50,46,0.92,0.9210909090909091,525,483,0.92,0.0,1.0,1.047085201793722,0.12254593842156644,0.12254593842156644,0.10900752998642195,61.48780367915167,0.9307366635096748,2.9563953488372094,2.6153846153846154,2.9785867237687365,0.0
468,template_deposition,C,C,none,0,1.0,template_site:index=711:site=C:neigh=1:ahead0=57.799:mode=shell,x,yz,689,221,468,0,468,8686.889899330576,37.06412741055291,500.0,0.001,55.75,0.05575,-6177.283,-6169.9062,-6177.283,-7.376953,-6.9643555,0.9700868876860368,0.05575,0.05575,10,688,711,4,4,1.5519216137866194,82.89365692923293,12.569999999,10.0,446.0,0.0,-9.596004,-153.74493,82.81940025204766,0.49999999916963384,82.31940025287803,57.72427878121729,0.9346982647891202,8.394618834080717,82.4794330928304,82.78176505014613,82.81889527325725,0.5323453735550858,0.125,57.38431162200004,57.68664357931577,57.72377380242689,1.0,45,50,46,0.92,0.9230909090909091,525,484,0.9219047619047619,0.0,1.0,1.0493273542600896,0.12261605047435906,0.12261605047435906,0.1093034507085715,61.48780367915167,0.9332633170870116,2.9550072568940493,2.5925925925925926,2.9764957264957266,0.0
469,template_deposition,C,C,none,0,1.0,template_site:index=710:site=C:neigh=2:ahead0=57.799:mode=shell,x,yz,690,221,469,0,469,8687.333977666562,0.4440783359862269,500.0,0.001,55.75,0.05575,-6188.2656,-6177.283,-6188.2656,-10.982422,-10.397461,1.0,0.05575,0.05575,10,689,710,3,3,1.422361420647761,82.89365692923293,11.15,10.0,446.0,0.0,-9.620627,-154.13945,82.83763453399877,0.49999999916963384,82.33763453482914,57.7425130631684,0.952070689147323,8.41255605381166,82.4901187659118,82.78176505014613,82.82436555784258,0.5201064588273547,0.125,57.39499729508144,57.68664357931577,57.72924408701222,1.0,45,50,46,0.92,0.925090909090909,525,485,0.9238095238095239,0.0,1.0,1.0515695067264574,0.12237739295326533,0.12237739295326533,0.10932380437158369,61.48780367915167,0.933437102332898,2.9565217391304346,2.642857142857143,2.978678038379531,0.0
470,template_deposition,C,C,none,0,1.0,template_site:index=704:site=C:neigh=1:ahead0=57.799:mode=shell,x,yz,691,221,470,0,470,8739.897587890462,52.56361022389983,500.0,0.001,55.75,0.05575,-6195.606,-6188.2656,-6195.606,-7.340332,-6.9956055,0.9575661205450565,0.05575,0.05575,10,690,704,2,2,1.5157712388534794,82.89365692923293,8.30999999977,10.0,446.0,0.0,-9.637086,-154.40314,82.84163070769435,0.49999999916963384,82.34163070852472,57.746509236863986,0.9654810368128489,8.4304932735426,82.64991225016946,82.81162019612677,82.82556440995126,0.3794162969728817,0.125,57.5547907793391,57.716498725296404,57.73044293912089,1.0,46,50,47,0.94,0.9270909090909091,525,486,0.9257142857142857,0.0,1.0,1.053811659192825,0.1224570016581683,0.1224570016581683,0.10962817291302686,61.48780367915167,0.9360358857451577,2.955137481910275,2.6206896551724137,2.976595744680851,0.0
471,template_deposition,C,C,none,0,1.0,template_site:index=705:site=C:neigh=2:ahead0=57.799:mode=shell,x,yz,692,221,471,0,471,8756.884495948985,16.98690805852269,500.0,0.001,55.75,0.05575,-6207.387,-6195.606,-6207.387,-11.78125,-11.112305,1.0,0.05575,0.05575,11,691,705,1,1,1.4093916065872423,82.89365692923293,6.890000000770001,10.0,446.0,0.0,-9.663501,-154.82635,82.81867885377565,0.49999999916963384,82.31867885460602,57.72355738294529,0.9687766682543714,8.448430493273543,82.6411676790069,82.7924347982464,82.81507836689325,0.37388211410068944,0.125,57.546046208176534,57.69731332741604,57.71995689606288,1.0,46,50,47,0.94,0.9290909090909091,525,487,0.9276190476190476,0.0,1.0,1.0560538116591929,0.1221784420555765,0.1221784420555765,0.10961151658700292,61.48780367915167,0.9358936693926564,2.9566473988439306,2.6666666666666665,2.978768577494692,0.0
472,template_deposition,C,C,none,0,1.0,template_site:index=722:site=C:neigh=1:ahead0=59.028:mode=shell,x,yz,693,221,472,0,472,8765.449209498487,8.564713549501995,500.0,0.001,55.75,0.05575,-6213.944,-6207.387,-6213.944,-6.5566406,-5.9750977,0.1071780214114526,0.05575,0.05575,9,692,722,10,10,1.5455111071158392,84.12341300281597,13.28000000073,10.0,446.0,0.0,-9.678202,-155.06189,84.0770403167961,0.49999999916963384,83.57704031762647,58.98191884596574,0.6772776196986205,8.466367713004484,82.79996116296378,82.7924347982464,83.20483757287238,0.6075875518978887,0.125,57.70483969213342,57.69731332741604,58.109716102042015,1.0,46,50,47,0.94,0.9309090909090909,525,488,0.9295238095238095,0.0,1.0,1.0582959641255605,0.12225601629689284,0.12225601629689284,0.10991398036596842,61.48780367915167,0.9384761894121627,2.9552669552669553,2.4761904761904763,2.9766949152542375,0.0
473,template_deposition,C,C,none,0,1.0,template_site:index=723:site=C:neigh=2:ahead0=59.028:mode=shell,x,yz,694,221,473,0,473,8798.289694108365,32.8404846098776,500.0,0.001,55.75,0.05575,-6225.001,-6213.944,-6225.001,-11.057129,-10.515137,1.0,0.05575,0.05575,10,693,723,9,9,1.3999620422468573,84.12341300281597,14.69999999973,10.0,446.0,0.0,-9.702993,-155.45909,84.06596233593692,0.49999999916963384,83.56596233676729,58.97084086510655,0.7583088928926006,8.484304932735427,82.95260644569254,82.7924347982464,84.05984416918623,0.7346529596106607,0.125,57.857484974862174,57.69731332741604,58.96472269835587,1.0,46,50,47,0.94,0.9327272727272726,525,489,0.9314285714285714,0.0,1.0,1.0605381165919283,0.1223202642174676,0.1223202642174676,0.11020473328545176,61.48780367915167,0.940958718850444,2.956772334293948,2.5454545454545454,2.9788583509513744,0.0
474,template_deposition,C,C,none,0,1.0,template_site:index=714:site=C:neigh=1:ahead0=59.028:mode=shell,x,yz,695,221,474,0,474,8825.280541186696,26.99084707832955,500.0,0.001,55.75,0.05575,-6232.3667,-6225.001,-6232.3667,-7.3657227,-7.0512695,0.9920583472191862,0.05575,0.05575,10,694,714,8,8,1.512426276589423,84.12341300281597,10.440000000500001,10.0,446.0,0.0,-9.719509,-155.72371,84.0692083590013,0.49999999916963384,83.56920835983166,58.97408688817093,0.817679041489333,8.502242152466367,83.25262144931935,82.81848925259638,84.06693614285624,0.6227778539292632,0.125,58.157499978488985,57.723367781766015,58.97181467202587,1.0,46,50,47,0.94,0.9345454545454546,525,490,0.9333333333333333,0.0,1.0,1.062780269058296,0.12269514763394301,0.12269514763394301,0.11077619043521711,61.48780367915167,0.9458379792187654,2.9553956834532373,2.5217391304347827,2.976793248945148,0.0
475,template_deposition,C,C,none,0,1.0,template_site:index=715:site=C:neigh=2:ahead0=59.028:mode=shell,x,yz,696,221,475,0,475,8828.272840089809,2.9922989031132405,500.0,0.001,55.75,0.05575,-6243.352,-6232.3667,-6243.352,-10.985352,-10.378906,1.0,0.05575,0.05575,10,695,715,7,7,1.4089049929289745,84.12341300281597,9.01999999927,10.0,446.0,0.0,-9.74414,-156.11833,84.06745852412085,0.49999999916963384,83.56745852495122,58.97233705329049,0.8634904959255348,8.52017937219731,83.26132803206946,82.85419050103704,84.0664111923921,0.6166879152395556,0.125,58.16620656123909,57.759069030206675,58.97128972156173,1.0,46,50,47,0.94,0.9363636363636364,525,491,0.9352380952380952,0.0,1.0,1.0650224215246638,0.12245517170787178,0.12245517170787178,0.11079277440236018,61.48780367915167,0.9459795777509807,2.956896551724138,2.5833333333333335,2.9789473684210526,0.0
476,template_deposition,C,C,none,0,1.0,template_site:index=719:site=C:neigh=1:ahead0=59.028:mode=shell,x,yz,697,221,476,0,476,8858.738444218254,30.465604128444287,500.0,0.001,55.75,0.05575,-6250.7017,-6243.352,-6250.7017,-7.3496094,-6.904785,0.799403358751451,0.05575,0.05575,10,696,719,6,6,1.5238815362935076,84.12341300281597,6.17999999904,10.0,446.0,0.0,-9.760618,-156.38235,84.07158711170852,0.49999999916963384,83.5715871125389,58.97646564087816,0.8985615617456513,8.538116591928251,83.4092656866861,83.42431894448646,84.0676497686684,0.6442443794809486,0.125,58.314144215855734,58.329197473656095,58.97252829783804,1.0,46,50,47,0.94,0.9381818181818181,525,492,0.9371428571428572,0.0,1.0,1.0672645739910314,0.12250870633583137,0.12250870633583137,0.11107456041115378,61.48780367915167,0.948385545207366,2.9555236728837877,2.56,2.976890756302521,0.0
477,template_deposition,C,C,none,0,1.0,template_site:index=718:site=C:neigh=2:ahead0=59.028:mode=shell,x,yz,698,221,477,0,477,8875.18556487375,16.447120655495734,500.0,0.001,55.75,0.05575,-6261.71,-6250.7017,-6261.71,-11.008301,-10.204102,1.0,0.05575,0.05575,9,697,718,5,5,1.41490222062516,84.12341300281597,4.760000000040001,10.0,446.0,0.0,-9.785301,-156.77782,84.06596233593692,0.49999999916963384,83.56596233676729,58.97084086510655,0.9233614093748607,8.556053811659194,83.56341977076781,84.03180405697051,84.05337153233661,0.6211513880873947,0.125,58.468298299937445,58.93668258614015,58.95825006150625,1.0,46,50,47,0.94,0.94,525,493,0.939047619047619,0.0,1.0,1.0695067264573992,0.12257504884682903,0.12257504884682903,0.11136818723797609,61.48780367915167,0.9508926128672567,2.95702005730659,2.6153846153846154,2.9790356394129978,0.0
478,template_deposition,C,C,none,0,1.0,template_site:index=721:site=C:neigh=1:ahead0=59.028:mode=shell,x,yz,699,221,478,0,478,8892.373305313145,17.187740439396894,500.0,0.001,55.75,0.05575,-6269.1074,-6261.71,-6269.1074,-7.397461,-6.845703,0.9998202659223074,0.05575,0.05575,10,698,721,4,4,1.543606434044553,84.12341300281597,17.539999999960003,10.0,446.0,0.0,-9.801887,-157.04353,84.0654292952284,0.49999999916963384,83.56542929605877,58.970307824398034,0.9443214091710156,8.573991031390134,83.72692841594942,84.03382354107106,84.05321162012406,0.5470822435016637,0.125,58.63180694511905,58.938702070240694,58.958090149293696,1.0,46,50,47,0.94,0.9418181818181819,525,494,0.940952380952381,0.0,1.0,1.0717488789237668,0.12266068398560472,0.12266068398560472,0.11167963227641724,61.48780367915167,0.9535518173825912,2.955650929899857,2.5925925925925926,2.9769874476987446,0.0
479,template_deposition,C,C,none,0,1.0,template_site:index=720:site=C:neigh=2:ahead0=59.028:mode=shell,x,yz,700,221,479,0,479,8917.451843741308,25.0785384281628,500.0,0.001,55.75,0.05575,-6280.1426,-6269.1074,-6280.1426,-11.035156,-10.342773,1.0,0.05575,0.05575,10,699,720,3,3,1.4116756918348747,84.12341300281597,18.95999999896,10.0,446.0,0.0,-9.82663,-157.43997,84.05235748759256,0.49999999916963384,83.55235748842293,58.957236016762195,0.9596061424563578,8.591928251121077,83.73389834905211,84.03382354107106,84.0492900778333,0.5323597902562175,0.125,58.63877687822175,58.938702070240694,58.95416860700294,1.0,46,50,47,0.94,0.9436363636363636,525,495,0.9428571428571428,0.0,1.0,1.0739910313901346,0.12241915840964875,0.12241915840964875,0.11169290833947,61.48780367915167,0.9536651721080107,2.9571428571428573,2.642857142857143,2.979123173277662,0.0
480,template_deposition,C,C,none,0,1.0,template_site:index=716:site=C:neigh=1:ahead0=59.028:mode=shell,x,yz,701,221,480,0,480,8919.395710512561,1.9438667712525401,500.0,0.001,55.75,0.05575,-6287.2744,-6280.1426,-6287.2744,-7.131836,-6.5117188,0.8837595528316676,0.05575,0.05575,9,700,716,2,2,1.5002111377926963,84.12341300281597,1.9199999998100001,10.0,446.0,0.0,-9.84262,-157.69615,84.11706418043921,0.49999999916963384,83.61706418126958,59.02194270960885,0.9758185097053904,8.609865470852018,83.90184982589145,84.03382354107106,84.07176949544656,0.3785408130242191,0.125,58.80672835506108,58.938702070240694,58.976648024616196,1.0,46,50,47,0.94,0.9454545454545454,525,496,0.9447619047619048,0.0,1.0,1.0762331838565022,0.12251401740637725,0.12251401740637725,0.11201281591440206,61.48780367915167,0.9563966321177992,2.955777460770328,2.6206896551724137,2.9770833333333333,0.0
481,template_deposition,C,C,none,0,1.0,template_site:index=717:site=C:neigh=1:ahead0=59.028:mode=shell,x,yz,702,221,481,0,481,8929.721142219498,10.32543170693596,500.0,0.001,55.75,0.05575,-6298.374,-6287.2744,-6298.374,-11.099609,-8.280762,0.9999999999999007,0.05575,0.05575,10,701,717,2,2,1.420353552283203,84.12341300281597,0.5000000008100001,10.0,446.0,0.0,-9.867507,-158.0949,84.04304292647184,0.49999999916963384,83.54304292730221,58.94792145564148,0.975597442190047,8.627802690582959,83.90382665586364,84.03111420382103,84.03671148032038,0.33105898012307194,0.125,58.808705185033276,58.93599273299067,58.941590009490014,1.0,47,50,48,0.96,0.9452727272727273,525,496,0.9447619047619048,0.0,1.0,1.0784753363228698,0.12226342034310453,0.12226342034310453,0.11201658130482528,61.48780367915167,0.9564287820703737,2.9572649572649574,2.6666666666666665,2.9792099792099793,0.0
482,template_deposition,C,C,none,0,1.0,template_site:index=729:site=C:neigh=1:ahead0=60.258:mode=shell,x,yz,703,221,482,0,482,8988.318235743445,58.5970935239483,500.0,0.001,55.75,0.05575,-6305.1367,-6298.374,-6305.1367,-6.7626953,-6.3217773,0.9534111072182865,0.05575,0.05575,9,702,729,9,9,1.5676041454661902,85.353169076399,16.83000000046,10.0,446.0,0.0,-9.88267,-158.33784,85.26974974540128,0.49999999916963384,84.76974974623165,60.17462827457092,0.6768147032098151,8.645739910313901,84.05918091371815,84.0309230910838,84.41452448667005,0.5628836079182742,0.125,58.96405944288779,58.93580162025344,59.31940301583968,1.0,47,50,48,0.96,0.9472727272727274,525,497,0.9466666666666667,0.0,1.0,1.0807174887892377,0.12233207353296222,0.12233207353296222,0.11231249417692912,61.48780367915167,0.9589553686218331,2.9559032716927454,2.4761904761904763,2.9771784232365146,0.0
483,template_deposition,C,C,none,0,1.0,template_site:index=730:site=C:neigh=2:ahead0=60.258:mode=shell,x,yz,704,221,483,0,483,9026.69227678178,38.37404103833444,500.0,0.001,55.75,0.05575,-6316.1514,-6305.1367,-6316.1514,-11.014648,-10.341797,1.0,0.05575,0.05575,10,703,730,8,8,1.4379195240342681,85.353169076399,15.409999999230001,10.0,446.0,0.0,-9.907367,-158.73352,85.30057736013896,0.49999999916963384,84.80057736096933,60.205455889308595,0.7565417475871533,8.663677130044842,84.2121395683503,84.0309230910838,85.25835590691756,0.6908240221459914,0.125,59.11701809751993,58.93580162025344,60.163234436087194,1.0,47,50,48,0.96,0.9492727272727274,525,498,0.9485714285714286,0.0,1.0,1.0829596412556053,0.12239548260356094,0.12239548260356094,0.11260384399527607,61.48780367915167,0.9614429945489241,2.9573863636363638,2.5454545454545454,2.979296066252588,0.0
484,template_deposition,C,C,none,0,1.0,template_site:index=732:site=C:neigh=1:ahead0=60.258:mode=shell,x,yz,705,221,484,0,484,9037.414119939502,10.721843157721677,500.0,0.001,55.75,0.05575,-6323.536,-6316.1514,-6323.536,-7.3847656,-6.965332,0.9999999672766009,0.05575,0.05575,10,704,732,7,7,1.5497660291676494,85.353169076399,12.569999999,10.0,446.0,0.0,-9.923924,-158.9988,85.28268121586184,0.49999999916963384,84.78268121669221,60.18755974503148,0.8135356961689456,8.681614349775785,84.3669688757521,84.04355223456525,85.27241100914257,0.7634414040710391,0.125,59.27184740492173,58.94843076373489,60.17728953831221,1.0,47,50,48,0.96,0.9512727272727273,525,499,0.9504761904761905,0.0,1.0,1.0852017937219731,0.12246249463826804,0.12246249463826804,0.11289875696175568,61.48780367915167,0.9639610436275626,2.956028368794326,2.5217391304347827,2.977272727272727,0.0
485,template_deposition,C,C,none,0,1.0,template_site:index=731:site=C:neigh=2:ahead0=60.258:mode=shell,x,yz,706,221,485,0,485,9058.64229224031,21.228172300809288,500.0,0.001,55.75,0.05575,-6334.512,-6323.536,-6334.512,-10.976074,-10.393066,1.0,0.05575,0.05575,10,705,731,6,6,1.4194709441412603,85.353169076399,11.15,10.0,446.0,0.0,-9.948535,-159.39311,85.29864139061864,0.49999999916963384,84.79864139144901,60.20351991978828,0.8588001657664466,8.699551569506726,84.37722948959868,84.07661460257319,85.27719906156962,0.7627495535032172,0.125,59.28210801876831,58.98149313174282,60.182077590739254,1.0,47,50,48,0.96,0.9532727272727273,525,500,0.9523809523809523,0.0,1.0,1.0874439461883407,0.12223115055416146,0.12223115055416146,0.11291830098813012,61.48780367915167,0.964127915970249,2.9575070821529743,2.5833333333333335,2.979381443298969,0.0
486,template_deposition,C,C,none,0,1.0,template_site:index=725:site=C:neigh=1:ahead0=60.258:mode=shell,x,yz,707,221,486,0,486,9068.332195495615,9.689903255303804,500.0,0.001,55.75,0.05575,-6341.924,-6334.512,-6341.924,-7.411621,-7.046875,0.9999999925879413,0.05575,0.05575,10,706,725,5,5,1.5144831184792713,85.353169076399,8.30999999977,10.0,446.0,0.0,-9.965153,-159.65935,85.29904095617606,0.49999999916963384,84.79904095700643,60.20391948534569,0.8935023108104826,8.717488789237668,84.52626955894098,84.67674674311901,85.27980000224433,0.8057449412766001,0.125,59.43114808811062,59.58162527228865,60.184678531413965,1.0,47,50,48,0.96,0.9552727272727273,525,501,0.9542857142857143,0.0,1.0,1.0896860986547086,0.12228631293849922,0.12228631293849922,0.11320218683449641,61.48780367915167,0.9665518124249023,2.9561527581329563,2.56,2.977366255144033,0.0
487,template_deposition,C,C,none,0,1.0,template_site:index=726:site=C:neigh=2:ahead0=60.258:mode=shell,x,yz,708,221,487,0,487,9075.816867350883,7.484671855267454,500.0,0.001,55.75,0.05575,-6352.8853,-6341.924,-6352.8853,-10.961426,-10.3671875,1.0,0.05575,0.05575,10,707,726,4,4,1.4056503389920483,85.353169076399,6.890000000770001,10.0,446.0,0.0,-9.98973,-160.05312,85.28684984053321,0.49999999916963384,84.78684984136358,60.191728369702844,0.919234657570546,8.73542600896861,84.52466360089471,84.67570999535349,85.27614266755148,0.8043012353437844,0.125,59.42954213006435,59.58058852452312,60.18102119672112,1.0,47,50,48,0.96,0.9572727272727274,525,502,0.9561904761904761,0.0,1.0,1.0919282511210762,0.12203191402477279,0.12203191402477279,0.11319912786678923,61.48780367915167,0.9665256941063061,2.957627118644068,2.6153846153846154,2.979466119096509,0.0
488,template_deposition,C,C,none,0,1.0,template_site:index=728:site=C:neigh=1:ahead0=60.258:mode=shell,x,yz,709,221,488,0,488,9090.610260789146,14.793393438262848,500.0,0.001,55.75,0.05575,-6360.215,-6352.8853,-6360.215,-7.32959,-6.788574,0.9999989038356457,0.05575,0.05575,9,708,728,3,3,1.5346625881142046,85.353169076399,4.05000000054,10.0,446.0,0.0,-10.006164,-160.31642,85.30686107379202,0.49999999916963384,84.80686107462239,60.21173960296166,0.9408602286915293,8.753363228699552,84.69048574469394,85.25413524518564,85.28214603752912,0.8081700953738062,0.125,59.59536427386358,60.15901377435527,60.18702456669875,1.0,47,50,48,0.96,0.9592727272727274,525,503,0.9580952380952381,0.0,1.0,1.094170403587444,0.12212164810217947,0.12212164810217947,0.11351497956926396,61.48780367915167,0.9692225239469767,2.9562764456981663,2.5925925925925926,2.9774590163934427,0.0
489,template_deposition,C,C,none,0,1.0,template_site:index=727:site=C:neigh=2:ahead0=60.258:mode=shell,x,yz,710,221,489,0,489,9099.21698169815,8.606720909002615,500.0,0.001,55.75,0.05575,-6371.22,-6360.215,-6371.22,-11.005371,-9.699219,1.0,0.05575,0.05575,9,709,727,2,2,1.4236293621319909,85.353169076399,2.62999999931,10.0,446.0,0.0,-10.03084,-160.71178,85.27155387913074,0.49999999916963384,84.7715538799611,60.17643240830037,0.954294377558086,8.771300448430493,84.83675631676212,85.25261137688065,85.27004572294786,0.7800227957196465,0.125,59.741634845931756,60.15748990605029,60.17492425211749,1.0,47,50,48,0.96,0.9612727272727273,525,504,0.96,0.0,1.0,1.0964125560538116,0.12217103240476841,0.12217103240476841,0.11379359018272715,61.48780367915167,0.9716013789932787,2.9577464788732395,2.642857142857143,2.9795501022494886,0.0
490,template_deposition,C,C,none,0,1.0,template_site:index=733:site=C:neigh=1:ahead0=60.258:mode=shell,x,yz,711,221,490,0,490,9125.173978566247,25.956996868096393,500.0,0.001,55.75,0.05575,-6378.517,-6371.22,-6378.517,-7.296875,-6.2148438,1.0,0.05575,0.05575,9,710,733,1,1,1.5644154087382514,85.353169076399,19.67000000069,10.0,446.0,0.0,-10.0472,-160.97389,85.31757829194741,0.49999999916963384,84.81757829277778,60.22245682111705,0.970804863307051,8.789237668161435,85.119993748305,85.26398892367534,85.28536120297574,0.38221182011580107,0.125,60.02487227747464,60.16886745284498,60.19023973214537,1.0,48,50,49,0.98,0.9652727272727272,525,506,0.9638095238095238,0.0,1.0,1.0986547085201794,0.12249973934178499,0.12249973934178499,0.11433309005233265,61.48780367915167,0.976207779199421,2.9563994374120957,2.6206896551724137,2.977551020408163,0.0
491,template_deposition,C,C,none,0,1.0,template_site:index=734:site=C:neigh=1:ahead0=60.258:mode=shell,x,yz,712,221,491,0,491,9129.631261980534,4.457283414286852,500.0,0.001,55.75,0.05575,-6389.934,-6378.517,-6389.934,-11.416992,-8.872559,1.0,0.05575,0.05575,10,711,734,1,1,1.43025514005905,85.353169076399,21.08999999969,10.0,446.0,0.0,-10.072799,-161.38403,85.27155387913074,0.49999999916963384,84.7715538799611,60.17643240830037,0.9740973119370323,8.807174887892376,85.10073133987734,85.24413517109912,85.27004572294786,0.3751455238710213,0.125,60.00560986904698,60.14901370026875,60.17492425211749,1.0,48,50,49,0.98,0.9690909090909091,525,508,0.9676190476190476,0.0,1.0,1.100896860986547,0.12221101806323213,0.12221101806323213,0.11429639975056567,61.48780367915167,0.9758945071800109,2.957865168539326,2.6666666666666665,2.979633401221996,0.0
492,template_deposition,C,C,none,0,1.0,template_site:index=736:site=C:neigh=1:ahead0=61.488:mode=shell,x,yz,713,221,492,0,492,9160.432975926244,30.801713945709782,500.0,0.001,55.75,0.05575,-6396.532,-6389.934,-6396.532,-6.5981445,-6.1030273,0.19076915563776514,0.05575,0.05575,9,712,736,10,10,1.551975695642573,86.58292514998203,9.01999999927,10.0,446.0,0.0,-10.087593,-161.62106,86.52526939774803,0.49999999916963384,86.0252693985784,61.43014792691767,0.6820183258094316,8.825112107623319,85.41313212820808,85.25663194518248,85.6927651977368,0.42260144064409133,0.125,60.31801065737771,60.16151047435211,60.59764372690644,1.0,48,50,49,0.98,0.9709090909090909,525,509,0.9695238095238096,0.0,1.0,1.1031390134529149,0.12259758263694658,0.12259758263694658,0.11489144887119564,61.48780367915167,0.9809752023689441,2.9565217391304346,2.4761904761904763,2.977642276422764,0.0
493,template_deposition,C,C,none,0,1.0,template_site:index=735:site=C:neigh=2:ahead0=61.488:mode=shell,x,yz,714,221,493,0,493,9200.508594699912,40.07561877366736,500.0,0.001,55.75,0.05575,-6407.571,-6396.532,-6407.571,-11.038574,-10.508301,1.0,0.05575,0.05575,10,713,735,9,9,1.4069091314325324,86.58292514998203,10.440000000500001,10.0,446.0,0.0,-10.112343,-162.0176,86.53414649611345,0.49999999916963384,86.03414649694382,61.43902502528309,0.7622644725707117,8.84304932735426,85.42402781835546,85.25663194518248,85.70856979797553,0.4233733075756993,0.125,60.32890634752509,60.16151047435211,60.613448327145164,1.0,48,50,49,0.98,0.9727272727272727,525,510,0.9714285714285714,0.0,1.0,1.1053811659192825,0.12237100679011174,0.12237100679011174,0.11491220256671446,61.48780367915167,0.9811524032038321,2.957983193277311,2.5454545454545454,2.979716024340771,0.0
494,template_deposition,C,C,none,0,1.0,template_site:index=743:site=C:neigh=1:ahead0=61.488:mode=shell,x,yz,715,221,494,0,494,9215.622101439187,15.113506739275772,500.0,0.001,55.75,0.05575,-6414.949,-6407.571,-6414.949,-7.378418,-7.0024414,0.24356114203268356,0.05575,0.05575,10,714,743,8,8,1.5269649352375194,86.58292514998203,13.28000000073,10.0,446.0,0.0,-10.128886,-162.28265,86.52542777584313,0.49999999916963384,86.0254277766735,61.43030630501276,0.8195477000464546,8.860986547085203,85.56507332058605,85.26091074946791,86.50908522175811,0.5500097847186344,0.125,60.46995184975569,60.16578927863755,61.41396375092775,1.0,48,50,49,0.98,0.9745454545454545,525,511,0.9733333333333334,0.0,1.0,1.1076233183856503,0.1224088094124609,0.1224088094124609,0.11518086066620131,61.48780367915167,0.983446280912761,2.9566433566433568,2.5217391304347827,2.977732793522267,0.0
495,template_deposition,C,C,none,0,1.0,template_site:index=744:site=C:neigh=2:ahead0=61.488:mode=shell,x,yz,716,221,495,0,495,9230.268195759289,14.64609432010231,500.0,0.001,55.75,0.05575,-6425.915,-6414.949,-6425.915,-10.96582,-10.3828125,1.0,0.05575,0.05575,10,715,744,7,7,1.4081249175483936,86.58292514998203,14.69999999973,10.0,446.0,0.0,-10.153474,-162.67659,86.52250369554628,0.49999999916963384,86.02250369637665,61.42738222471591,0.8630787513471693,8.878923766816143,85.71820693948942,85.30000280572352,86.50820799766906,0.6138022166424787,0.125,60.623085468659056,60.20488133489316,61.4130865268387,1.0,48,50,49,0.98,0.9763636363636364,525,512,0.9752380952380952,0.0,1.0,1.109865470852018,0.12247087973466476,0.12247087973466476,0.11547254374982677,61.48780367915167,0.9859367523516569,2.958100558659218,2.5833333333333335,2.9797979797979797,0.0
496,template_deposition,C,C,none,0,1.0,template_site:index=740:site=C:neigh=1:ahead0=61.488:mode=shell,x,yz,717,221,496,0,496,9287.66528059684,57.39708483755179,500.0,0.001,55.75,0.05575,-6433.342,-6425.915,-6433.342,-7.426758,-7.0512695,0.9972174046865422,0.05575,0.05575,10,716,740,6,6,1.4959420584697973,86.58292514998203,6.17999999904,10.0,446.0,0.0,-10.170126,-162.94339,86.53869299877779,0.49999999916963384,86.03869299960816,61.44357152794743,0.8980937613772454,8.896860986547086,85.86253842743022,85.87783054965763,86.52736048651573,0.6541249428880367,0.125,60.76741695659986,60.78270907882727,61.43223901568537,1.0,48,50,49,0.98,0.9781818181818182,525,513,0.9771428571428571,0.0,1.0,1.1121076233183858,0.12251495354153198,0.12251495354153198,0.11574746086971402,61.48780367915167,0.988284071320699,2.9567642956764297,2.56,2.9778225806451615,0.0
497,template_deposition,C,C,none,0,1.0,template_site:index=739:site=C:neigh=2:ahead0=61.488:mode=shell,x,yz,718,221,497,0,497,9332.474266744888,44.808986148048234,500.0,0.001,55.75,0.05575,-6444.3486,-6433.342,-6444.3486,-11.006836,-10.303711,1.0,0.05575,0.05575,9,717,739,5,5,1.4058004295704503,86.58292514998203,4.760000000040001,10.0,446.0,0.0,-10.194804,-163.33878,86.52250369554628,0.49999999916963384,86.02250369637665,61.42738222471591,0.9224302377415878,8.914798206278027,86.0149410516972,86.49921171846509,86.51352939641846,0.6351512595243937,0.125,60.91981958086684,61.40409024763473,61.4184079255881,1.0,48,50,49,0.98,0.98,525,514,0.979047619047619,0.0,1.0,1.1143497757847534,0.12257508969993329,0.12257508969993329,0.11603775158260352,61.48780367915167,0.9907626543102985,2.9582172701949863,2.6153846153846154,2.9798792756539236,0.0
498,template_deposition,C,C,none,0,1.0,template_site:index=742:site=C:neigh=1:ahead0=61.488:mode=shell,x,yz,719,221,498,0,498,9336.98541687175,4.511150126862951,500.0,0.001,55.75,0.05575,-6451.662,-6444.3486,-6451.662,-7.3134766,-6.7978516,0.9999446979137392,0.05575,0.05575,10,718,742,4,4,1.5403626072142194,86.58292514998203,17.539999999960003,10.0,446.0,0.0,-10.211203,-163.6015,86.53225364571352,0.49999999916963384,86.0322536465439,61.43713217488316,0.9436186505509994,8.932735426008968,86.17889538304752,86.49921171846509,86.51645438146863,0.566465148528943,0.125,61.083773912217154,61.40409024763473,61.42133291063827,1.0,48,50,49,0.98,0.9818181818181817,525,515,0.9809523809523809,0.0,1.0,1.116591928251121,0.1226581805466208,0.1226581805466208,0.1163500455470803,61.48780367915167,0.9934291071926593,2.956884561891516,2.5925925925925926,2.9779116465863456,0.0
499,template_deposition,C,C,none,0,1.0,template_site:index=741:site=C:neigh=2:ahead0=61.488:mode=shell,x,yz,720,221,499,0,499,9389.252270650919,52.266853779168294,500.0,0.001,55.75,0.05575,-6462.623,-6451.662,-6462.623,-10.9609375,-9.902832,1.0,0.05575,0.05575,9,719,741,3,3,1.4201044033721857,86.58292514998203,18.95999999896,10.0,446.0,0.0,-10.235779,-163.99525,86.51028700542331,0.49999999916963384,86.01028700625368,61.415165534592944,0.9583307743178286,8.95067264573991,86.18939596104019,86.49921171846509,86.50986438938158,0.5438189767217405,0.125,61.09427449020983,61.40409024763473,61.41474291855121,1.0,48,50,49,0.98,0.9836363636363636,525,516,0.9828571428571429,0.0,1.0,1.1188340807174888,0.12243341581204374,0.12243341581204374,0.11637004664801871,61.48780367915167,0.9935998821653265,2.9583333333333335,2.642857142857143,2.9799599198396796,0.0
500,template_deposition,C,C,none,0,1.0,template_site:index=745:site=C:neigh=1:ahead0=61.488:mode=shell,x,yz,721,221,500,0,500,9406.7092134839,17.45694283298106,500.0,0.001,55.75,0.05575,-6469.8633,-6462.623,-6469.8633,-7.2402344,-6.713867,0.9995074710599815,0.05575,0.05575,9,720,745,2,2,1.4427188440342902,86.58292514998203,21.79999999919,10.0,446.0,0.0,-10.252012,-164.25534,86.59097295176709,0.49999999916963384,86.09097295259745,61.49585148093672,0.9764843816911156,8.968609865470851,86.34214404723141,86.49921171846509,86.5340701732847,0.44955682775490186,0.125,61.24702257640105,61.40409024763473,61.43894870245434,1.0,48,50,49,0.98,0.9872727272727273,525,518,0.9866666666666667,0.0,1.0,1.1210762331838564,0.1224940451528021,0.1224940451528021,0.11666099538362106,61.48780367915167,0.9960840835361915,2.957004160887656,2.6206896551724137,2.978,0.0
