MPI: rank=0/1; backend_comunicador=serial-sem-gpaw; launcher_size_detectado=1
CHGNet v0.3.0 initialized with 412,525 parameters
CHGNet will run on cpu
Backend = chgnet; device = cpu; dtype = float32
Semente sincronizada em todos os ranks = 7
Espécies competindo: ['C']
Fluxo relativo por espécie: {'C': 1.0}
Mu por espécie: todos 0.0 eV
Impurezas/vacâncias: desligado
Modo de vacância: frozen
growth_axis = x; surface_axes = yz
replicate antes do slab = (1, 1, 1)
miller = (0, 0, 1)
build_mode = direct; site_mode = template
pbc = (0, 1, 0)
bulk_energy_repeat = (1, 1, 1); skip_bulk_reference = True
cif_wrap_mode = all (aplicado somente aos arquivos .cif salvos)
/home/tromer/.anaconda3/lib/python3.13/site-packages/ase/io/cif.py:411: UserWarning: crystal system 'triclinic' is not interpreted for space group Spacegroup(1, setting=1). This may result in wrong setting!
  warnings.warn(
Restrição cristalográfica de crescimento: desligada
Template-base filtrado para extend-columns: N=221; espécies=['C']; restrict_fractional=(None, None, None)
Template extend-columns: eixo=x periodo_colunas=2(auto) periodo_gaps=1(auto) gaps=[1.229756] Å; dx_mediana=1.229756 Å; colunas_base=21, colunas_novas=50, N_template=746; restrict_fractional=(None, None, None)
/home/tromer/.anaconda3/lib/python3.13/site-packages/chgnet/model/model.py:898: UserWarning: Converting a tensor with requires_grad=True to a scalar may lead to unexpected behavior.
Consider using tensor.detach() first. (Triggered internally at /pytorch/torch/csrc/autograd/generated/python_variable_methods.cpp:836.)
  volumes = torch.tensor(volumes, dtype=TORCH_DTYPE, device=atomic_numbers.device)
Referência bulk: pulada (--skip-bulk-reference).
  Usando E0/N0 como referência; gamma vira energia relativa ao estado inicial.
Slab inicial:
  N0 = 221
  area(yz) = 446.000000 Å²
  E0 = -1897.465820 eV
  gamma0 = 0.000000 eV/Å² = 0.000000 J/m²
  growth_origin_species = C; origin_front=25.095121 Å; origin_back=0.500000 Å
  regra_deposicao = template: somente sítios do CIF-template
  template_cif = grafeno_retangular.cif
  template_repeat = (1, 1, 1); N_template = 746
  template_front = [0.050, 3.500] Å
  template_connect_cutoff = 1.800 Å; min_neighbors = 1
  template_species_mode = template; template_build_mode = extend-columns
Corte absoluto de Eads: +50.000000 eV
[TEMPLATE DEBUG] total=746 species_filter=0 restriction=0 direction=221 global_front=0 occupied=0 connection=515 min_dist=0 pre_shell=10 post_shell=10 tested_energy=10
[TEMPLATE DEBUG] camada candidata x: min=26.324878 max=26.324878 n=10
[INFO] primeira deposição: relaxação local pulada por --no-relax-first-added.
step=00001 species=  C N=00222 vac=0000 axis=x surf=yz Eads=-6.8887 eV P=1.513e-01 E=-1904.3545 eV hmax=1.230 A hmean=0.154 A rough=0.709 A occ1=0.100 tested=10
[TEMPLATE DEBUG] total=746 species_filter=0 restriction=0 direction=221 global_front=0 occupied=1 connection=514 min_dist=0 pre_shell=10 post_shell=9 tested_energy=9
[TEMPLATE DEBUG] camada candidata x: min=26.324878 max=26.324878 n=9
step=00002 species=  C N=00223 vac=0000 axis=x surf=yz Eads=-10.8521 eV P=1.000e+00 E=-1915.6913 eV hmax=1.204 A hmean=0.296 A rough=0.773 A occ1=0.200 tested=9
[TEMPLATE DEBUG] total=746 species_filter=0 restriction=0 direction=221 global_front=0 occupied=2 connection=513 min_dist=0 pre_shell=10 post_shell=8 tested_energy=8
[TEMPLATE DEBUG] camada candidata x: min=26.324878 max=26.324878 n=8
step=00003 species=  C N=00224 vac=0000 axis=x surf=yz Eads=-7.3156 eV P=9.823e-01 E=-1923.3811 eV hmax=1.204 A hmean=0.447 A rough=0.821 A occ1=0.300 tested=8
[TEMPLATE DEBUG] total=746 species_filter=0 restriction=0 direction=221 global_front=0 occupied=3 connection=512 min_dist=0 pre_shell=10 post_shell=7 tested_energy=7
[TEMPLATE DEBUG] camada candidata x: min=26.324878 max=26.324878 n=7
step=00004 species=  C N=00225 vac=0000 axis=x surf=yz Eads=-10.6190 eV P=1.000e+00 E=-1934.3376 eV hmax=1.210 A hmean=0.454 A rough=0.860 A occ1=0.400 tested=7
[TEMPLATE DEBUG] total=746 species_filter=0 restriction=0 direction=221 global_front=0 occupied=4 connection=511 min_dist=0 pre_shell=10 post_shell=6 tested_energy=6
[TEMPLATE DEBUG] camada candidata x: min=26.324878 max=26.324878 n=6
step=00005 species=  C N=00226 vac=0000 axis=x surf=yz Eads=-7.3032 eV P=9.736e-01 E=-1942.0377 eV hmax=1.204 A hmean=0.595 A rough=0.889 A occ1=0.500 tested=6
[TEMPLATE DEBUG] total=746 species_filter=0 restriction=0 direction=221 global_front=0 occupied=5 connection=510 min_dist=0 pre_shell=10 post_shell=5 tested_energy=5
[TEMPLATE DEBUG] camada candidata x: min=26.324878 max=26.324878 n=5
step=00006 species=  C N=00227 vac=0000 axis=x surf=yz Eads=-10.6149 eV P=1.000e+00 E=-1952.9919 eV hmax=1.210 A hmean=0.598 A rough=0.914 A occ1=0.600 tested=5
[TEMPLATE DEBUG] total=746 species_filter=0 restriction=0 direction=221 global_front=0 occupied=6 connection=509 min_dist=0 pre_shell=10 post_shell=4 tested_energy=4
[TEMPLATE DEBUG] camada candidata x: min=26.324878 max=26.324878 n=4
step=00007 species=  C N=00228 vac=0000 axis=x surf=yz Eads=-7.1732 eV P=6.458e-01 E=-1965.2451 eV hmax=1.204 A hmean=0.758 A rough=0.934 A occ1=0.700 tested=4
[TEMPLATE DEBUG] total=746 species_filter=0 restriction=0 direction=221 global_front=0 occupied=7 connection=508 min_dist=0 pre_shell=10 post_shell=3 tested_energy=3
[TEMPLATE DEBUG] camada candidata x: min=26.324878 max=26.324878 n=3
step=00008 species=  C N=00229 vac=0000 axis=x surf=yz Eads=-10.0168 eV P=1.000e+00 E=-1975.9786 eV hmax=1.253 A hmean=0.901 A rough=0.951 A occ1=0.800 tested=3
[TEMPLATE DEBUG] total=746 species_filter=0 restriction=0 direction=221 global_front=0 occupied=8 connection=507 min_dist=0 pre_shell=10 post_shell=2 tested_energy=2
[TEMPLATE DEBUG] camada candidata x: min=26.324878 max=26.324878 n=2
step=00009 species=  C N=00230 vac=0000 axis=x surf=yz Eads=-7.2212 eV P=1.000e+00 E=-1983.7164 eV hmax=1.253 A hmean=1.054 A rough=0.962 A occ1=0.900 tested=2
[TEMPLATE DEBUG] total=746 species_filter=0 restriction=0 direction=221 global_front=0 occupied=9 connection=506 min_dist=0 pre_shell=10 post_shell=1 tested_energy=1
[TEMPLATE DEBUG] camada candidata x: min=26.324878 max=26.324878 n=1
step=00010 species=  C N=00231 vac=0000 axis=x surf=yz Eads=-9.4508 eV P=1.000e+00 E=-1998.2296 eV hmax=1.259 A hmean=1.060 A rough=0.970 A occ1=1.000 tested=1
[TEMPLATE DEBUG] total=746 species_filter=0 restriction=0 direction=221 global_front=0 occupied=10 connection=505 min_dist=0 pre_shell=10 post_shell=10 tested_energy=10
[TEMPLATE DEBUG] camada candidata x: min=27.554634 max=27.554634 n=10
step=00011 species=  C N=00232 vac=0000 axis=x surf=yz Eads=-6.1389 eV P=3.928e-01 E=-2004.9210 eV hmax=2.447 A hmean=1.220 A rough=0.689 A occ1=1.000 tested=10
[TEMPLATE DEBUG] total=746 species_filter=0 restriction=0 direction=221 global_front=0 occupied=11 connection=504 min_dist=0 pre_shell=10 post_shell=9 tested_energy=9
[TEMPLATE DEBUG] camada candidata x: min=27.554634 max=27.554634 n=9
step=00012 species=  C N=00233 vac=0000 axis=x surf=yz Eads=-10.4402 eV P=1.000e+00 E=-2015.8059 eV hmax=2.450 A hmean=1.371 A rough=0.765 A occ1=1.000 tested=9
[TEMPLATE DEBUG] total=746 species_filter=0 restriction=0 direction=221 global_front=0 occupied=12 connection=503 min_dist=0 pre_shell=10 post_shell=8 tested_energy=8
[TEMPLATE DEBUG] camada candidata x: min=27.554634 max=27.554634 n=8
step=00013 species=  C N=00234 vac=0000 axis=x surf=yz Eads=-7.2081 eV P=7.372e-01 E=-2023.2533 eV hmax=2.450 A hmean=1.672 A rough=0.821 A occ1=1.000 tested=8
[TEMPLATE DEBUG] total=746 species_filter=0 restriction=0 direction=221 global_front=0 occupied=13 connection=502 min_dist=0 pre_shell=10 post_shell=7 tested_energy=7
[TEMPLATE DEBUG] camada candidata x: min=27.554634 max=27.554634 n=7
step=00014 species=  C N=00235 vac=0000 axis=x surf=yz Eads=-10.5186 eV P=1.000e+00 E=-2034.1614 eV hmax=2.450 A hmean=1.680 A rough=0.865 A occ1=1.000 tested=7
[TEMPLATE DEBUG] total=746 species_filter=0 restriction=0 direction=221 global_front=0 occupied=14 connection=501 min_dist=0 pre_shell=10 post_shell=6 tested_energy=6
[TEMPLATE DEBUG] camada candidata x: min=27.554634 max=27.554634 n=6
step=00015 species=  C N=00236 vac=0000 axis=x surf=yz Eads=-7.1708 eV P=6.964e-01 E=-2041.5604 eV hmax=2.446 A hmean=1.832 A rough=0.898 A occ1=1.000 tested=6
[TEMPLATE DEBUG] total=746 species_filter=0 restriction=0 direction=221 global_front=0 occupied=15 connection=499 min_dist=0 pre_shell=11 post_shell=6 tested_energy=6
[TEMPLATE DEBUG] camada candidata x: min=27.554634 max=27.554634 n=6
step=00016 species=  C N=00237 vac=0000 axis=x surf=yz Eads=-8.3544 eV P=1.000e+00 E=-2050.5181 eV hmax=2.444 A hmean=1.836 A rough=0.920 A occ1=1.000 tested=6
[TEMPLATE DEBUG] total=746 species_filter=0 restriction=0 direction=221 global_front=0 occupied=16 connection=499 min_dist=1 pre_shell=9 post_shell=4 tested_energy=4
[TEMPLATE DEBUG] camada candidata x: min=27.554634 max=27.554634 n=4
step=00017 species=  C N=00238 vac=0000 axis=x surf=yz Eads=-7.1345 eV P=1.000e+00 E=-2057.9468 eV hmax=2.440 A hmean=1.984 A rough=0.941 A occ1=1.000 tested=4
[TEMPLATE DEBUG] total=746 species_filter=0 restriction=0 direction=221 global_front=0 occupied=17 connection=498 min_dist=1 pre_shell=9 post_shell=3 tested_energy=3
[TEMPLATE DEBUG] camada candidata x: min=27.554634 max=27.554634 n=3
step=00018 species=  C N=00239 vac=0000 axis=x surf=yz Eads=-10.4946 eV P=1.000e+00 E=-2068.8884 eV hmax=2.440 A hmean=2.137 A rough=0.958 A occ1=1.000 tested=3
[TEMPLATE DEBUG] total=746 species_filter=0 restriction=0 direction=221 global_front=0 occupied=18 connection=497 min_dist=1 pre_shell=9 post_shell=2 tested_energy=2
[TEMPLATE DEBUG] camada candidata x: min=27.554634 max=27.554634 n=2
step=00019 species=  C N=00240 vac=0000 axis=x surf=yz Eads=-7.1655 eV P=1.000e+00 E=-2076.3726 eV hmax=2.440 A hmean=2.295 A rough=0.970 A occ1=1.000 tested=2
[TEMPLATE DEBUG] total=746 species_filter=0 restriction=0 direction=221 global_front=0 occupied=19 connection=496 min_dist=1 pre_shell=9 post_shell=1 tested_energy=1
[TEMPLATE DEBUG] camada candidata x: min=27.554634 max=27.554634 n=1
step=00020 species=  C N=00241 vac=0000 axis=x surf=yz Eads=-10.6760 eV P=1.000e+00 E=-2087.8115 eV hmax=2.445 A hmean=2.295 A rough=0.977 A occ1=1.000 tested=1
[TEMPLATE DEBUG] total=746 species_filter=0 restriction=0 direction=221 global_front=0 occupied=20 connection=495 min_dist=1 pre_shell=9 post_shell=9 tested_energy=9
[TEMPLATE DEBUG] camada candidata x: min=28.784390 max=28.784390 n=9
step=00021 species=  C N=00242 vac=0000 axis=x surf=yz Eads=-6.0647 eV P=1.147e-01 E=-2094.3962 eV hmax=3.674 A hmean=2.456 A rough=0.678 A occ1=1.000 tested=9
[TEMPLATE DEBUG] total=746 species_filter=0 restriction=0 direction=221 global_front=0 occupied=21 connection=494 min_dist=1 pre_shell=9 post_shell=8 tested_energy=8
[TEMPLATE DEBUG] camada candidata x: min=28.784390 max=28.784390 n=8
step=00022 species=  C N=00243 vac=0000 axis=x surf=yz Eads=-10.5408 eV P=1.000e+00 E=-2105.3735 eV hmax=3.682 A hmean=2.605 A rough=0.755 A occ1=1.000 tested=8
[TEMPLATE DEBUG] total=746 species_filter=0 restriction=0 direction=221 global_front=0 occupied=22 connection=493 min_dist=1 pre_shell=9 post_shell=7 tested_energy=7
[TEMPLATE DEBUG] camada candidata x: min=28.784390 max=28.784390 n=7
step=00023 species=  C N=00244 vac=0000 axis=x surf=yz Eads=-7.2183 eV P=9.999e-01 E=-2112.8137 eV hmax=3.682 A hmean=2.762 A rough=0.812 A occ1=1.000 tested=7
[TEMPLATE DEBUG] total=746 species_filter=0 restriction=0 direction=221 global_front=0 occupied=23 connection=492 min_dist=1 pre_shell=9 post_shell=6 tested_energy=6
[TEMPLATE DEBUG] camada candidata x: min=28.784390 max=28.784390 n=6
step=00024 species=  C N=00245 vac=0000 axis=x surf=yz Eads=-10.5288 eV P=1.000e+00 E=-2123.7283 eV hmax=3.682 A hmean=2.769 A rough=0.856 A occ1=1.000 tested=6
[TEMPLATE DEBUG] total=746 species_filter=0 restriction=0 direction=221 global_front=0 occupied=24 connection=491 min_dist=1 pre_shell=9 post_shell=5 tested_energy=5
[TEMPLATE DEBUG] camada candidata x: min=28.784390 max=28.784390 n=5
step=00025 species=  C N=00246 vac=0000 axis=x surf=yz Eads=-7.1482 eV P=9.997e-01 E=-2131.1868 eV hmax=3.682 A hmean=2.923 A rough=0.889 A occ1=1.000 tested=5
[TEMPLATE DEBUG] total=746 species_filter=0 restriction=0 direction=221 global_front=0 occupied=25 connection=490 min_dist=1 pre_shell=9 post_shell=4 tested_energy=4
[TEMPLATE DEBUG] camada candidata x: min=28.784390 max=28.784390 n=4
step=00026 species=  C N=00247 vac=0000 axis=x surf=yz Eads=-10.4863 eV P=1.000e+00 E=-2142.0923 eV hmax=3.682 A hmean=2.928 A rough=0.915 A occ1=1.000 tested=4
[TEMPLATE DEBUG] total=746 species_filter=0 restriction=0 direction=221 global_front=0 occupied=26 connection=489 min_dist=1 pre_shell=9 post_shell=3 tested_energy=3
[TEMPLATE DEBUG] camada candidata x: min=28.784390 max=28.784390 n=3
step=00027 species=  C N=00248 vac=0000 axis=x surf=yz Eads=-7.1462 eV P=9.997e-01 E=-2149.7788 eV hmax=3.682 A hmean=3.076 A rough=0.936 A occ1=1.000 tested=3
[TEMPLATE DEBUG] total=746 species_filter=0 restriction=0 direction=221 global_front=0 occupied=27 connection=488 min_dist=1 pre_shell=9 post_shell=2 tested_energy=2
[TEMPLATE DEBUG] camada candidata x: min=28.784390 max=28.784390 n=2
step=00028 species=  C N=00249 vac=0000 axis=x surf=yz Eads=-10.1855 eV P=1.000e+00 E=-2161.3418 eV hmax=3.682 A hmean=3.223 A rough=0.948 A occ1=1.000 tested=2
[TEMPLATE DEBUG] total=746 species_filter=0 restriction=0 direction=221 global_front=0 occupied=28 connection=487 min_dist=1 pre_shell=9 post_shell=1 tested_energy=1
[TEMPLATE DEBUG] camada candidata x: min=28.784390 max=28.784390 n=1
step=00029 species=  C N=00250 vac=0000 axis=x surf=yz Eads=-6.7551 eV P=1.000e+00 E=-2168.8735 eV hmax=3.705 A hmean=3.513 A rough=0.964 A occ1=1.000 tested=1
[TEMPLATE DEBUG] total=746 species_filter=0 restriction=0 direction=221 global_front=0 occupied=29 connection=485 min_dist=1 pre_shell=10 post_shell=1 tested_energy=1
[TEMPLATE DEBUG] camada candidata x: min=28.784390 max=28.784390 n=1
step=00030 species=  C N=00251 vac=0000 axis=x surf=yz Eads=-7.6211 eV P=1.000e+00 E=-2177.8127 eV hmax=3.754 A hmean=3.515 A rough=0.978 A occ1=1.000 tested=1
[TEMPLATE DEBUG] total=746 species_filter=0 restriction=0 direction=221 global_front=0 occupied=29 connection=484 min_dist=1 pre_shell=11 post_shell=1 tested_energy=1
[TEMPLATE DEBUG] camada candidata x: min=27.554634 max=27.554634 n=1
step=00031 species=  C N=00252 vac=0000 axis=x surf=yz Eads=-6.1650 eV P=1.000e+00 E=-2191.0242 eV hmax=3.769 A hmean=3.519 A rough=0.968 A occ1=1.000 tested=1
[TEMPLATE DEBUG] total=746 species_filter=0 restriction=0 direction=221 global_front=0 occupied=30 connection=484 min_dist=1 pre_shell=10 post_shell=10 tested_energy=10
[TEMPLATE DEBUG] camada candidata x: min=30.014146 max=30.014146 n=10
step=00032 species=  C N=00253 vac=0000 axis=x surf=yz Eads=-6.1165 eV P=1.690e-01 E=-2197.6272 eV hmax=4.920 A hmean=3.676 A rough=0.690 A occ1=1.000 tested=10
[TEMPLATE DEBUG] total=746 species_filter=0 restriction=0 direction=221 global_front=0 occupied=31 connection=483 min_dist=1 pre_shell=10 post_shell=9 tested_energy=9
[TEMPLATE DEBUG] camada candidata x: min=30.014146 max=30.014146 n=9
step=00033 species=  C N=00254 vac=0000 axis=x surf=yz Eads=-10.6150 eV P=1.000e+00 E=-2208.6892 eV hmax=4.919 A hmean=3.681 A rough=0.768 A occ1=1.000 tested=9
[TEMPLATE DEBUG] total=746 species_filter=0 restriction=0 direction=221 global_front=0 occupied=32 connection=482 min_dist=1 pre_shell=10 post_shell=8 tested_energy=8
[TEMPLATE DEBUG] camada candidata x: min=30.014146 max=30.014146 n=8
step=00034 species=  C N=00255 vac=0000 axis=x surf=yz Eads=-7.1533 eV P=9.468e-01 E=-2216.1016 eV hmax=4.916 A hmean=3.837 A rough=0.825 A occ1=1.000 tested=8
[TEMPLATE DEBUG] total=746 species_filter=0 restriction=0 direction=221 global_front=0 occupied=33 connection=481 min_dist=1 pre_shell=10 post_shell=7 tested_energy=7
[TEMPLATE DEBUG] camada candidata x: min=30.014146 max=30.014146 n=7
step=00035 species=  C N=00256 vac=0000 axis=x surf=yz Eads=-10.5415 eV P=1.000e+00 E=-2227.0630 eV hmax=4.916 A hmean=3.988 A rough=0.867 A occ1=1.000 tested=7
[TEMPLATE DEBUG] total=746 species_filter=0 restriction=0 direction=221 global_front=0 occupied=34 connection=480 min_dist=1 pre_shell=10 post_shell=6 tested_energy=6
[TEMPLATE DEBUG] camada candidata x: min=30.014146 max=30.014146 n=6
step=00036 species=  C N=00257 vac=0000 axis=x surf=yz Eads=-7.1790 eV P=9.673e-01 E=-2234.4993 eV hmax=4.916 A hmean=4.287 A rough=0.900 A occ1=1.000 tested=6
[TEMPLATE DEBUG] total=746 species_filter=0 restriction=0 direction=221 global_front=0 occupied=35 connection=479 min_dist=1 pre_shell=10 post_shell=5 tested_energy=5
[TEMPLATE DEBUG] camada candidata x: min=30.014146 max=30.014146 n=5
step=00037 species=  C N=00258 vac=0000 axis=x surf=yz Eads=-10.5176 eV P=1.000e+00 E=-2245.4250 eV hmax=4.916 A hmean=4.294 A rough=0.925 A occ1=1.000 tested=5
[TEMPLATE DEBUG] total=746 species_filter=0 restriction=0 direction=221 global_front=0 occupied=36 connection=478 min_dist=1 pre_shell=10 post_shell=4 tested_energy=4
[TEMPLATE DEBUG] camada candidata x: min=30.014146 max=30.014146 n=4
step=00038 species=  C N=00259 vac=0000 axis=x surf=yz Eads=-7.1331 eV P=9.103e-01 E=-2252.7893 eV hmax=4.916 A hmean=4.445 A rough=0.945 A occ1=1.000 tested=4
[TEMPLATE DEBUG] total=746 species_filter=0 restriction=0 direction=221 global_front=0 occupied=37 connection=477 min_dist=1 pre_shell=10 post_shell=3 tested_energy=3
[TEMPLATE DEBUG] camada candidata x: min=30.014146 max=30.014146 n=3
step=00039 species=  C N=00260 vac=0000 axis=x surf=yz Eads=-10.4783 eV P=1.000e+00 E=-2263.8164 eV hmax=4.916 A hmean=4.598 A rough=0.960 A occ1=1.000 tested=3
[TEMPLATE DEBUG] total=746 species_filter=0 restriction=0 direction=221 global_front=0 occupied=38 connection=476 min_dist=1 pre_shell=10 post_shell=2 tested_energy=2
[TEMPLATE DEBUG] camada candidata x: min=30.014146 max=30.014146 n=2
step=00040 species=  C N=00261 vac=0000 axis=x surf=yz Eads=-7.0588 eV P=9.309e-01 E=-2271.3943 eV hmax=4.938 A hmean=4.745 A rough=0.975 A occ1=1.000 tested=2
[TEMPLATE DEBUG] total=746 species_filter=0 restriction=0 direction=221 global_front=0 occupied=39 connection=474 min_dist=2 pre_shell=10 post_shell=1 tested_energy=1
[TEMPLATE DEBUG] camada candidata x: min=30.014146 max=30.014146 n=1
step=00041 species=  C N=00262 vac=0000 axis=x surf=yz Eads=-7.2937 eV P=1.000e+00 E=-2279.2410 eV hmax=4.931 A hmean=4.902 A rough=0.985 A occ1=1.000 tested=1
[TEMPLATE DEBUG] total=746 species_filter=0 restriction=0 direction=221 global_front=0 occupied=40 connection=473 min_dist=2 pre_shell=10 post_shell=10 tested_energy=10
[TEMPLATE DEBUG] camada candidata x: min=31.243902 max=31.243902 n=10
step=00042 species=  C N=00263 vac=0000 axis=x surf=yz Eads=-7.6863 eV P=7.339e-01 E=-2287.4116 eV hmax=6.078 A hmean=5.049 A rough=0.678 A occ1=1.000 tested=10
[TEMPLATE DEBUG] total=746 species_filter=0 restriction=0 direction=221 global_front=0 occupied=41 connection=472 min_dist=2 pre_shell=10 post_shell=9 tested_energy=9
[TEMPLATE DEBUG] camada candidata x: min=31.243902 max=31.243902 n=9
step=00043 species=  C N=00264 vac=0000 axis=x surf=yz Eads=-9.5962 eV P=1.000e+00 E=-2297.7412 eV hmax=6.144 A hmean=5.198 A rough=0.752 A occ1=1.000 tested=9
[TEMPLATE DEBUG] total=746 species_filter=0 restriction=0 direction=221 global_front=0 occupied=42 connection=471 min_dist=2 pre_shell=10 post_shell=8 tested_energy=8
[TEMPLATE DEBUG] camada candidata x: min=31.243902 max=31.243902 n=8
step=00044 species=  C N=00265 vac=0000 axis=x surf=yz Eads=-7.5010 eV P=9.992e-01 E=-2305.8862 eV hmax=6.144 A hmean=5.341 A rough=0.803 A occ1=1.000 tested=8
[TEMPLATE DEBUG] total=746 species_filter=0 restriction=0 direction=221 global_front=0 occupied=43 connection=470 min_dist=2 pre_shell=10 post_shell=7 tested_energy=7
[TEMPLATE DEBUG] camada candidata x: min=31.243902 max=31.243902 n=7
step=00045 species=  C N=00266 vac=0000 axis=x surf=yz Eads=-9.7271 eV P=1.000e+00 E=-2316.4402 eV hmax=6.152 A hmean=5.358 A rough=0.846 A occ1=1.000 tested=7
[TEMPLATE DEBUG] total=746 species_filter=0 restriction=0 direction=221 global_front=0 occupied=44 connection=469 min_dist=2 pre_shell=10 post_shell=6 tested_energy=6
[TEMPLATE DEBUG] camada candidata x: min=31.243902 max=31.243902 n=6
step=00046 species=  C N=00267 vac=0000 axis=x surf=yz Eads=-7.1960 eV P=3.646e-01 E=-2323.9031 eV hmax=6.152 A hmean=5.514 A rough=0.881 A occ1=1.000 tested=6
[TEMPLATE DEBUG] total=746 species_filter=0 restriction=0 direction=221 global_front=0 occupied=45 connection=468 min_dist=2 pre_shell=10 post_shell=5 tested_energy=5
[TEMPLATE DEBUG] camada candidata x: min=31.243902 max=31.243902 n=5
step=00047 species=  C N=00268 vac=0000 axis=x surf=yz Eads=-10.5029 eV P=1.000e+00 E=-2334.8308 eV hmax=6.152 A hmean=5.522 A rough=0.908 A occ1=1.000 tested=5
[TEMPLATE DEBUG] total=746 species_filter=0 restriction=0 direction=221 global_front=0 occupied=46 connection=467 min_dist=2 pre_shell=10 post_shell=4 tested_energy=4
[TEMPLATE DEBUG] camada candidata x: min=31.243902 max=31.243902 n=4
step=00048 species=  C N=00269 vac=0000 axis=x surf=yz Eads=-7.1995 eV P=3.819e-01 E=-2342.2922 eV hmax=6.152 A hmean=5.676 A rough=0.929 A occ1=1.000 tested=4
[TEMPLATE DEBUG] total=746 species_filter=0 restriction=0 direction=221 global_front=0 occupied=47 connection=466 min_dist=2 pre_shell=10 post_shell=3 tested_energy=3
[TEMPLATE DEBUG] camada candidata x: min=31.243902 max=31.243902 n=3
step=00049 species=  C N=00270 vac=0000 axis=x surf=yz Eads=-10.5415 eV P=1.000e+00 E=-2353.2085 eV hmax=6.152 A hmean=5.679 A rough=0.945 A occ1=1.000 tested=3
[TEMPLATE DEBUG] total=746 species_filter=0 restriction=0 direction=221 global_front=0 occupied=48 connection=465 min_dist=2 pre_shell=10 post_shell=2 tested_energy=2
[TEMPLATE DEBUG] camada candidata x: min=31.243902 max=31.243902 n=2
step=00050 species=  C N=00271 vac=0000 axis=x surf=yz Eads=-7.2891 eV P=5.564e-01 E=-2360.8743 eV hmax=6.152 A hmean=5.831 A rough=0.957 A occ1=1.000 tested=2
[TEMPLATE DEBUG] total=746 species_filter=0 restriction=0 direction=221 global_front=0 occupied=49 connection=464 min_dist=2 pre_shell=10 post_shell=1 tested_energy=1
[TEMPLATE DEBUG] camada candidata x: min=31.243902 max=31.243902 n=1
step=00051 species=  C N=00272 vac=0000 axis=x surf=yz Eads=-11.2058 eV P=1.000e+00 E=-2372.3281 eV hmax=6.147 A hmean=5.969 A rough=0.966 A occ1=1.000 tested=1
[TEMPLATE DEBUG] total=746 species_filter=0 restriction=0 direction=221 global_front=0 occupied=50 connection=463 min_dist=2 pre_shell=10 post_shell=10 tested_energy=10
[TEMPLATE DEBUG] camada candidata x: min=32.473658 max=32.473658 n=10
step=00052 species=  C N=00273 vac=0000 axis=x surf=yz Eads=-6.4480 eV P=7.969e-01 E=-2379.3545 eV hmax=7.345 A hmean=6.121 A rough=0.673 A occ1=1.000 tested=10
[TEMPLATE DEBUG] total=746 species_filter=0 restriction=0 direction=221 global_front=0 occupied=51 connection=462 min_dist=2 pre_shell=10 post_shell=9 tested_energy=9
[TEMPLATE DEBUG] camada candidata x: min=32.473658 max=32.473658 n=9
step=00053 species=  C N=00274 vac=0000 axis=x surf=yz Eads=-10.4814 eV P=1.000e+00 E=-2390.3784 eV hmax=7.360 A hmean=6.269 A rough=0.751 A occ1=1.000 tested=9
[TEMPLATE DEBUG] total=746 species_filter=0 restriction=0 direction=221 global_front=0 occupied=52 connection=461 min_dist=2 pre_shell=10 post_shell=8 tested_energy=8
[TEMPLATE DEBUG] camada candidata x: min=32.473658 max=32.473658 n=8
step=00054 species=  C N=00275 vac=0000 axis=x surf=yz Eads=-7.1768 eV P=1.000e+00 E=-2397.8000 eV hmax=7.358 A hmean=6.567 A rough=0.809 A occ1=1.000 tested=8
[TEMPLATE DEBUG] total=746 species_filter=0 restriction=0 direction=221 global_front=0 occupied=53 connection=460 min_dist=2 pre_shell=10 post_shell=7 tested_energy=7
[TEMPLATE DEBUG] camada candidata x: min=32.473658 max=32.473658 n=7
step=00055 species=  C N=00276 vac=0000 axis=x surf=yz Eads=-10.5232 eV P=1.000e+00 E=-2408.7524 eV hmax=7.363 A hmean=6.575 A rough=0.853 A occ1=1.000 tested=7
[TEMPLATE DEBUG] total=746 species_filter=0 restriction=0 direction=221 global_front=0 occupied=54 connection=459 min_dist=2 pre_shell=10 post_shell=6 tested_energy=6
[TEMPLATE DEBUG] camada candidata x: min=32.473658 max=32.473658 n=6
step=00056 species=  C N=00277 vac=0000 axis=x surf=yz Eads=-7.1799 eV P=1.000e+00 E=-2416.1782 eV hmax=7.359 A hmean=6.724 A rough=0.888 A occ1=1.000 tested=6
[TEMPLATE DEBUG] total=746 species_filter=0 restriction=0 direction=221 global_front=0 occupied=55 connection=458 min_dist=2 pre_shell=10 post_shell=5 tested_energy=5
[TEMPLATE DEBUG] camada candidata x: min=32.473658 max=32.473658 n=5
step=00057 species=  C N=00278 vac=0000 axis=x surf=yz Eads=-10.5288 eV P=1.000e+00 E=-2427.1196 eV hmax=7.367 A hmean=6.876 A rough=0.915 A occ1=1.000 tested=5
[TEMPLATE DEBUG] total=746 species_filter=0 restriction=0 direction=221 global_front=0 occupied=56 connection=457 min_dist=2 pre_shell=10 post_shell=4 tested_energy=4
[TEMPLATE DEBUG] camada candidata x: min=32.473658 max=32.473658 n=4
step=00058 species=  C N=00279 vac=0000 axis=x surf=yz Eads=-7.1680 eV P=1.000e+00 E=-2434.5186 eV hmax=7.366 A hmean=7.031 A rough=0.937 A occ1=1.000 tested=4
[TEMPLATE DEBUG] total=746 species_filter=0 restriction=0 direction=221 global_front=0 occupied=57 connection=456 min_dist=2 pre_shell=10 post_shell=3 tested_energy=3
[TEMPLATE DEBUG] camada candidata x: min=32.473658 max=32.473658 n=3
step=00059 species=  C N=00280 vac=0000 axis=x surf=yz Eads=-10.8577 eV P=1.000e+00 E=-2445.7739 eV hmax=7.362 A hmean=7.036 A rough=0.953 A occ1=1.000 tested=3
[TEMPLATE DEBUG] total=746 species_filter=0 restriction=0 direction=221 global_front=0 occupied=58 connection=455 min_dist=2 pre_shell=10 post_shell=2 tested_energy=2
[TEMPLATE DEBUG] camada candidata x: min=32.473658 max=32.473658 n=2
step=00060 species=  C N=00281 vac=0000 axis=x surf=yz Eads=-6.1646 eV P=9.748e-01 E=-2452.5879 eV hmax=7.380 A hmean=7.180 A rough=0.969 A occ1=1.000 tested=2
[TEMPLATE DEBUG] total=746 species_filter=0 restriction=0 direction=221 global_front=0 occupied=59 connection=453 min_dist=2 pre_shell=11 post_shell=2 tested_energy=2
[TEMPLATE DEBUG] camada candidata x: min=32.473658 max=32.473658 n=2
step=00061 species=  C N=00282 vac=0000 axis=x surf=yz Eads=-6.6904 eV P=1.000e+00 E=-2460.3979 eV hmax=7.371 A hmean=7.348 A rough=0.979 A occ1=1.000 tested=2
[TEMPLATE DEBUG] total=746 species_filter=0 restriction=0 direction=221 global_front=0 occupied=60 connection=452 min_dist=3 pre_shell=10 post_shell=10 tested_energy=10
[TEMPLATE DEBUG] camada candidata x: min=33.703414 max=33.703414 n=10
step=00062 species=  C N=00283 vac=0000 axis=x surf=yz Eads=-7.6541 eV P=3.686e-01 E=-2468.7761 eV hmax=8.528 A hmean=7.492 A rough=0.683 A occ1=1.000 tested=10
[TEMPLATE DEBUG] total=746 species_filter=0 restriction=0 direction=221 global_front=0 occupied=61 connection=451 min_dist=3 pre_shell=10 post_shell=9 tested_energy=9
[TEMPLATE DEBUG] camada candidata x: min=33.703414 max=33.703414 n=9
step=00063 species=  C N=00284 vac=0000 axis=x surf=yz Eads=-9.5276 eV P=1.000e+00 E=-2479.5081 eV hmax=8.579 A hmean=7.640 A rough=0.752 A occ1=1.000 tested=9
[TEMPLATE DEBUG] total=746 species_filter=0 restriction=0 direction=221 global_front=0 occupied=62 connection=450 min_dist=3 pre_shell=10 post_shell=8 tested_energy=8
[TEMPLATE DEBUG] camada candidata x: min=33.703414 max=33.703414 n=8
step=00064 species=  C N=00285 vac=0000 axis=x surf=yz Eads=-7.3838 eV P=9.992e-01 E=-2488.1187 eV hmax=8.579 A hmean=7.772 A rough=0.800 A occ1=1.000 tested=8
[TEMPLATE DEBUG] total=746 species_filter=0 restriction=0 direction=221 global_front=0 occupied=63 connection=449 min_dist=3 pre_shell=10 post_shell=7 tested_energy=7
[TEMPLATE DEBUG] camada candidata x: min=33.703414 max=33.703414 n=7
step=00065 species=  C N=00286 vac=0000 axis=x surf=yz Eads=-9.8948 eV P=1.000e+00 E=-2499.1296 eV hmax=8.591 A hmean=7.791 A rough=0.843 A occ1=1.000 tested=7
[TEMPLATE DEBUG] total=746 species_filter=0 restriction=0 direction=221 global_front=0 occupied=64 connection=448 min_dist=3 pre_shell=10 post_shell=6 tested_energy=6
[TEMPLATE DEBUG] camada candidata x: min=33.703414 max=33.703414 n=6
step=00066 species=  C N=00287 vac=0000 axis=x surf=yz Eads=-7.0918 eV P=4.943e-01 E=-2506.6667 eV hmax=8.579 A hmean=7.935 A rough=0.875 A occ1=1.000 tested=6
[TEMPLATE DEBUG] total=746 species_filter=0 restriction=0 direction=221 global_front=0 occupied=65 connection=447 min_dist=3 pre_shell=10 post_shell=5 tested_energy=5
[TEMPLATE DEBUG] camada candidata x: min=33.703414 max=33.703414 n=5
step=00067 species=  C N=00288 vac=0000 axis=x surf=yz Eads=-10.3477 eV P=1.000e+00 E=-2517.5837 eV hmax=8.598 A hmean=8.085 A rough=0.904 A occ1=1.000 tested=5
[TEMPLATE DEBUG] total=746 species_filter=0 restriction=0 direction=221 global_front=0 occupied=66 connection=446 min_dist=3 pre_shell=10 post_shell=4 tested_energy=4
[TEMPLATE DEBUG] camada candidata x: min=33.703414 max=33.703414 n=4
step=00068 species=  C N=00289 vac=0000 axis=x surf=yz Eads=-7.1953 eV P=9.148e-01 E=-2525.0259 eV hmax=8.585 A hmean=8.240 A rough=0.926 A occ1=1.000 tested=4
[TEMPLATE DEBUG] total=746 species_filter=0 restriction=0 direction=221 global_front=0 occupied=67 connection=445 min_dist=3 pre_shell=10 post_shell=3 tested_energy=3
[TEMPLATE DEBUG] camada candidata x: min=33.703414 max=33.703414 n=3
step=00069 species=  C N=00290 vac=0000 axis=x surf=yz Eads=-10.5422 eV P=1.000e+00 E=-2535.9612 eV hmax=8.598 A hmean=8.247 A rough=0.944 A occ1=1.000 tested=3
[TEMPLATE DEBUG] total=746 species_filter=0 restriction=0 direction=221 global_front=0 occupied=68 connection=444 min_dist=3 pre_shell=10 post_shell=2 tested_energy=2
[TEMPLATE DEBUG] camada candidata x: min=33.703414 max=33.703414 n=2
step=00070 species=  C N=00291 vac=0000 axis=x surf=yz Eads=-7.1746 eV P=7.192e-01 E=-2543.6599 eV hmax=8.598 A hmean=8.397 A rough=0.954 A occ1=1.000 tested=2
[TEMPLATE DEBUG] total=746 species_filter=0 restriction=0 direction=221 global_front=0 occupied=69 connection=443 min_dist=3 pre_shell=10 post_shell=1 tested_energy=1
[TEMPLATE DEBUG] camada candidata x: min=33.703414 max=33.703414 n=1
step=00071 species=  C N=00292 vac=0000 axis=x surf=yz Eads=-11.1694 eV P=1.000e+00 E=-2555.1482 eV hmax=8.586 A hmean=8.401 A rough=0.963 A occ1=1.000 tested=1
[TEMPLATE DEBUG] total=746 species_filter=0 restriction=0 direction=221 global_front=0 occupied=70 connection=442 min_dist=3 pre_shell=10 post_shell=10 tested_energy=10
[TEMPLATE DEBUG] camada candidata x: min=34.933170 max=34.933170 n=10
step=00072 species=  C N=00293 vac=0000 axis=x surf=yz Eads=-6.1582 eV P=4.768e-01 E=-2561.7571 eV hmax=9.813 A hmean=8.710 A rough=0.674 A occ1=1.000 tested=10
[TEMPLATE DEBUG] total=746 species_filter=0 restriction=0 direction=221 global_front=0 occupied=71 connection=441 min_dist=3 pre_shell=10 post_shell=9 tested_energy=9
[TEMPLATE DEBUG] camada candidata x: min=34.933170 max=34.933170 n=9
step=00073 species=  C N=00294 vac=0000 axis=x surf=yz Eads=-10.5808 eV P=1.000e+00 E=-2572.7546 eV hmax=9.825 A hmean=8.719 A rough=0.755 A occ1=1.000 tested=9
[TEMPLATE DEBUG] total=746 species_filter=0 restriction=0 direction=221 global_front=0 occupied=72 connection=440 min_dist=3 pre_shell=10 post_shell=8 tested_energy=8
[TEMPLATE DEBUG] camada candidata x: min=34.933170 max=34.933170 n=8
step=00074 species=  C N=00295 vac=0000 axis=x surf=yz Eads=-7.1453 eV P=9.036e-01 E=-2580.1377 eV hmax=9.815 A hmean=8.865 A rough=0.814 A occ1=1.000 tested=8
[TEMPLATE DEBUG] total=746 species_filter=0 restriction=0 direction=221 global_front=0 occupied=73 connection=439 min_dist=3 pre_shell=10 post_shell=7 tested_energy=7
[TEMPLATE DEBUG] camada candidata x: min=34.933170 max=34.933170 n=7
step=00075 species=  C N=00296 vac=0000 axis=x surf=yz Eads=-10.5195 eV P=1.000e+00 E=-2591.1035 eV hmax=9.824 A hmean=9.015 A rough=0.860 A occ1=1.000 tested=7
[TEMPLATE DEBUG] total=746 species_filter=0 restriction=0 direction=221 global_front=0 occupied=74 connection=438 min_dist=3 pre_shell=10 post_shell=6 tested_energy=6
[TEMPLATE DEBUG] camada candidata x: min=34.933170 max=34.933170 n=6
step=00076 species=  C N=00297 vac=0000 axis=x surf=yz Eads=-7.0486 eV P=9.501e-01 E=-2598.4929 eV hmax=9.824 A hmean=9.167 A rough=0.895 A occ1=1.000 tested=6
[TEMPLATE DEBUG] total=746 species_filter=0 restriction=0 direction=221 global_front=0 occupied=75 connection=437 min_dist=3 pre_shell=10 post_shell=5 tested_energy=5
[TEMPLATE DEBUG] camada candidata x: min=34.933170 max=34.933170 n=5
step=00077 species=  C N=00298 vac=0000 axis=x surf=yz Eads=-10.5042 eV P=1.000e+00 E=-2609.5991 eV hmax=9.824 A hmean=9.314 A rough=0.919 A occ1=1.000 tested=5
[TEMPLATE DEBUG] total=746 species_filter=0 restriction=0 direction=221 global_front=0 occupied=76 connection=436 min_dist=3 pre_shell=10 post_shell=4 tested_energy=4
[TEMPLATE DEBUG] camada candidata x: min=34.933170 max=34.933170 n=4
step=00078 species=  C N=00299 vac=0000 axis=x surf=yz Eads=-6.9214 eV P=1.000e+00 E=-2616.9263 eV hmax=9.818 A hmean=9.476 A rough=0.941 A occ1=1.000 tested=4
[TEMPLATE DEBUG] total=746 species_filter=0 restriction=0 direction=221 global_front=0 occupied=77 connection=435 min_dist=3 pre_shell=10 post_shell=3 tested_energy=3
[TEMPLATE DEBUG] camada candidata x: min=34.933170 max=34.933170 n=3
step=00079 species=  C N=00300 vac=0000 axis=x surf=yz Eads=-10.3169 eV P=1.000e+00 E=-2627.9353 eV hmax=9.808 A hmean=9.482 A rough=0.955 A occ1=1.000 tested=3
[TEMPLATE DEBUG] total=746 species_filter=0 restriction=0 direction=221 global_front=0 occupied=78 connection=434 min_dist=3 pre_shell=10 post_shell=2 tested_energy=2
[TEMPLATE DEBUG] camada candidata x: min=34.933170 max=34.933170 n=2
step=00080 species=  C N=00301 vac=0000 axis=x surf=yz Eads=-6.5725 eV P=9.953e-01 E=-2635.0244 eV hmax=9.847 A hmean=9.632 A rough=0.971 A occ1=1.000 tested=2
[TEMPLATE DEBUG] total=746 species_filter=0 restriction=0 direction=221 global_front=0 occupied=79 connection=432 min_dist=4 pre_shell=10 post_shell=1 tested_energy=1
[TEMPLATE DEBUG] camada candidata x: min=34.933170 max=34.933170 n=1
step=00081 species=  C N=00302 vac=0000 axis=x surf=yz Eads=-6.9373 eV P=1.000e+00 E=-2642.9702 eV hmax=9.840 A hmean=9.800 A rough=0.980 A occ1=1.000 tested=1
[TEMPLATE DEBUG] total=746 species_filter=0 restriction=0 direction=221 global_front=0 occupied=80 connection=431 min_dist=4 pre_shell=10 post_shell=10 tested_energy=10
[TEMPLATE DEBUG] camada candidata x: min=36.162926 max=36.162926 n=10
step=00082 species=  C N=00303 vac=0000 axis=x surf=yz Eads=-7.6492 eV P=6.750e-01 E=-2651.3416 eV hmax=10.990 A hmean=9.941 A rough=0.688 A occ1=1.000 tested=10
[TEMPLATE DEBUG] total=746 species_filter=0 restriction=0 direction=221 global_front=0 occupied=81 connection=430 min_dist=4 pre_shell=10 post_shell=9 tested_energy=9
[TEMPLATE DEBUG] camada candidata x: min=36.162926 max=36.162926 n=9
step=00083 species=  C N=00304 vac=0000 axis=x surf=yz Eads=-9.6804 eV P=1.000e+00 E=-2662.1384 eV hmax=11.041 A hmean=9.953 A rough=0.759 A occ1=1.000 tested=9
[TEMPLATE DEBUG] total=746 species_filter=0 restriction=0 direction=221 global_front=0 occupied=82 connection=429 min_dist=4 pre_shell=10 post_shell=8 tested_energy=8
[TEMPLATE DEBUG] camada candidata x: min=36.162926 max=36.162926 n=8
step=00084 species=  C N=00305 vac=0000 axis=x surf=yz Eads=-7.2812 eV P=9.965e-01 E=-2670.7524 eV hmax=11.041 A hmean=10.093 A rough=0.804 A occ1=1.000 tested=8
[TEMPLATE DEBUG] total=746 species_filter=0 restriction=0 direction=221 global_front=0 occupied=83 connection=428 min_dist=4 pre_shell=10 post_shell=7 tested_energy=7
[TEMPLATE DEBUG] camada candidata x: min=36.162926 max=36.162926 n=7
step=00085 species=  C N=00306 vac=0000 axis=x surf=yz Eads=-9.8872 eV P=1.000e+00 E=-2681.7749 eV hmax=11.041 A hmean=10.242 A rough=0.845 A occ1=1.000 tested=7
[TEMPLATE DEBUG] total=746 species_filter=0 restriction=0 direction=221 global_front=0 occupied=84 connection=427 min_dist=4 pre_shell=10 post_shell=6 tested_energy=6
[TEMPLATE DEBUG] camada candidata x: min=36.162926 max=36.162926 n=6
step=00086 species=  C N=00307 vac=0000 axis=x surf=yz Eads=-7.0540 eV P=9.183e-01 E=-2689.3623 eV hmax=11.018 A hmean=10.386 A rough=0.876 A occ1=1.000 tested=6
[TEMPLATE DEBUG] total=746 species_filter=0 restriction=0 direction=221 global_front=0 occupied=85 connection=426 min_dist=4 pre_shell=10 post_shell=5 tested_energy=5
[TEMPLATE DEBUG] camada candidata x: min=36.162926 max=36.162926 n=5
step=00087 species=  C N=00308 vac=0000 axis=x surf=yz Eads=-10.3264 eV P=1.000e+00 E=-2700.2612 eV hmax=11.054 A hmean=10.537 A rough=0.906 A occ1=1.000 tested=5
[TEMPLATE DEBUG] total=746 species_filter=0 restriction=0 direction=221 global_front=0 occupied=86 connection=425 min_dist=4 pre_shell=10 post_shell=4 tested_energy=4
[TEMPLATE DEBUG] camada candidata x: min=36.162926 max=36.162926 n=4
step=00088 species=  C N=00309 vac=0000 axis=x surf=yz Eads=-7.1389 eV P=9.877e-01 E=-2707.6638 eV hmax=11.037 A hmean=10.690 A rough=0.927 A occ1=1.000 tested=4
[TEMPLATE DEBUG] total=746 species_filter=0 restriction=0 direction=221 global_front=0 occupied=87 connection=424 min_dist=4 pre_shell=10 post_shell=3 tested_energy=3
[TEMPLATE DEBUG] camada candidata x: min=36.162926 max=36.162926 n=3
step=00089 species=  C N=00310 vac=0000 axis=x surf=yz Eads=-10.5105 eV P=1.000e+00 E=-2718.6372 eV hmax=11.045 A hmean=10.699 A rough=0.945 A occ1=1.000 tested=3
[TEMPLATE DEBUG] total=746 species_filter=0 restriction=0 direction=221 global_front=0 occupied=88 connection=423 min_dist=4 pre_shell=10 post_shell=2 tested_energy=2
[TEMPLATE DEBUG] camada candidata x: min=36.162926 max=36.162926 n=2
step=00090 species=  C N=00311 vac=0000 axis=x surf=yz Eads=-7.0940 eV P=8.110e-01 E=-2725.9722 eV hmax=11.047 A hmean=10.858 A rough=0.959 A occ1=1.000 tested=2
[TEMPLATE DEBUG] total=746 species_filter=0 restriction=0 direction=221 global_front=0 occupied=89 connection=422 min_dist=4 pre_shell=10 post_shell=1 tested_energy=1
[TEMPLATE DEBUG] camada candidata x: min=36.162926 max=36.162926 n=1
step=00091 species=  C N=00312 vac=0000 axis=x surf=yz Eads=-11.2834 eV P=1.000e+00 E=-2737.7822 eV hmax=11.037 A hmean=10.852 A rough=0.963 A occ1=1.000 tested=1
[TEMPLATE DEBUG] total=746 species_filter=0 restriction=0 direction=221 global_front=0 occupied=90 connection=421 min_dist=4 pre_shell=10 post_shell=10 tested_energy=10
[TEMPLATE DEBUG] camada candidata x: min=37.392682 max=37.392682 n=10
step=00092 species=  C N=00313 vac=0000 axis=x surf=yz Eads=-6.0549 eV P=2.683e-01 E=-2744.3611 eV hmax=12.264 A hmean=11.008 A rough=0.673 A occ1=1.000 tested=10
[TEMPLATE DEBUG] total=746 species_filter=0 restriction=0 direction=221 global_front=0 occupied=91 connection=420 min_dist=4 pre_shell=10 post_shell=9 tested_energy=9
[TEMPLATE DEBUG] camada candidata x: min=37.392682 max=37.392682 n=9
step=00093 species=  C N=00314 vac=0000 axis=x surf=yz Eads=-10.5461 eV P=1.000e+00 E=-2755.3911 eV hmax=12.270 A hmean=11.160 A rough=0.754 A occ1=1.000 tested=9
[TEMPLATE DEBUG] total=746 species_filter=0 restriction=0 direction=221 global_front=0 occupied=92 connection=419 min_dist=4 pre_shell=10 post_shell=8 tested_energy=8
[TEMPLATE DEBUG] camada candidata x: min=37.392682 max=37.392682 n=8
step=00094 species=  C N=00315 vac=0000 axis=x surf=yz Eads=-7.1277 eV P=8.549e-01 E=-2762.7559 eV hmax=12.271 A hmean=11.460 A rough=0.814 A occ1=1.000 tested=8
[TEMPLATE DEBUG] total=746 species_filter=0 restriction=0 direction=221 global_front=0 occupied=93 connection=418 min_dist=4 pre_shell=10 post_shell=7 tested_energy=7
[TEMPLATE DEBUG] camada candidata x: min=37.392682 max=37.392682 n=7
step=00095 species=  C N=00316 vac=0000 axis=x surf=yz Eads=-10.4734 eV P=1.000e+00 E=-2773.7405 eV hmax=12.266 A hmean=11.467 A rough=0.860 A occ1=1.000 tested=7
[TEMPLATE DEBUG] total=746 species_filter=0 restriction=0 direction=221 global_front=0 occupied=94 connection=417 min_dist=4 pre_shell=10 post_shell=6 tested_energy=6
[TEMPLATE DEBUG] camada candidata x: min=37.392682 max=37.392682 n=6
step=00096 species=  C N=00317 vac=0000 axis=x surf=yz Eads=-7.0496 eV P=7.994e-01 E=-2781.1250 eV hmax=12.276 A hmean=11.630 A rough=0.895 A occ1=1.000 tested=6
[TEMPLATE DEBUG] total=746 species_filter=0 restriction=0 direction=221 global_front=0 occupied=95 connection=416 min_dist=4 pre_shell=10 post_shell=5 tested_energy=5
[TEMPLATE DEBUG] camada candidata x: min=37.392682 max=37.392682 n=5
step=00097 species=  C N=00318 vac=0000 axis=x surf=yz Eads=-10.3845 eV P=1.000e+00 E=-2792.1804 eV hmax=12.266 A hmean=11.635 A rough=0.919 A occ1=1.000 tested=5
[TEMPLATE DEBUG] total=746 species_filter=0 restriction=0 direction=221 global_front=0 occupied=96 connection=415 min_dist=4 pre_shell=10 post_shell=4 tested_energy=4
[TEMPLATE DEBUG] camada candidata x: min=37.392682 max=37.392682 n=4
step=00098 species=  C N=00319 vac=0000 axis=x surf=yz Eads=-6.9897 eV P=1.000e+00 E=-2799.5205 eV hmax=12.274 A hmean=11.782 A rough=0.942 A occ1=1.000 tested=4
[TEMPLATE DEBUG] total=746 species_filter=0 restriction=0 direction=221 global_front=0 occupied=97 connection=414 min_dist=4 pre_shell=10 post_shell=3 tested_energy=3
[TEMPLATE DEBUG] camada candidata x: min=37.392682 max=37.392682 n=3
step=00099 species=  C N=00320 vac=0000 axis=x surf=yz Eads=-10.1770 eV P=1.000e+00 E=-2810.4954 eV hmax=12.255 A hmean=11.935 A rough=0.955 A occ1=1.000 tested=3
[TEMPLATE DEBUG] total=746 species_filter=0 restriction=0 direction=221 global_front=0 occupied=98 connection=413 min_dist=4 pre_shell=10 post_shell=2 tested_energy=2
[TEMPLATE DEBUG] camada candidata x: min=37.392682 max=37.392682 n=2
step=00100 species=  C N=00321 vac=0000 axis=x surf=yz Eads=-6.5935 eV P=9.309e-01 E=-2817.6179 eV hmax=12.302 A hmean=12.104 A rough=0.971 A occ1=1.000 tested=2
[TEMPLATE DEBUG] total=746 species_filter=0 restriction=0 direction=221 global_front=0 occupied=99 connection=411 min_dist=4 pre_shell=11 post_shell=2 tested_energy=2
[TEMPLATE DEBUG] camada candidata x: min=37.392682 max=37.392682 n=2
step=00101 species=  C N=00322 vac=0000 axis=x surf=yz Eads=-8.3374 eV P=1.000e+00 E=-2828.6741 eV hmax=12.255 A hmean=12.106 A rough=0.970 A occ1=1.000 tested=2
[TEMPLATE DEBUG] total=746 species_filter=0 restriction=0 direction=221 global_front=0 occupied=99 connection=411 min_dist=6 pre_shell=9 post_shell=9 tested_energy=9
[TEMPLATE DEBUG] camada candidata x: min=38.622438 max=38.622438 n=9
step=00102 species=  C N=00323 vac=0000 axis=x surf=yz Eads=-6.3735 eV P=9.721e-01 E=-2835.4324 eV hmax=13.457 A hmean=12.260 A rough=0.671 A occ1=1.000 tested=9
[TEMPLATE DEBUG] total=746 species_filter=0 restriction=0 direction=221 global_front=0 occupied=100 connection=410 min_dist=6 pre_shell=9 post_shell=8 tested_energy=8
[TEMPLATE DEBUG] camada candidata x: min=38.622438 max=38.622438 n=8
step=00103 species=  C N=00324 vac=0000 axis=x surf=yz Eads=-10.3569 eV P=1.000e+00 E=-2846.4351 eV hmax=13.496 A hmean=12.412 A rough=0.751 A occ1=1.000 tested=8
[TEMPLATE DEBUG] total=746 species_filter=0 restriction=0 direction=221 global_front=0 occupied=101 connection=409 min_dist=6 pre_shell=9 post_shell=7 tested_energy=7
[TEMPLATE DEBUG] camada candidata x: min=38.622438 max=38.622438 n=7
step=00104 species=  C N=00325 vac=0000 axis=x surf=yz Eads=-7.1123 eV P=1.000e+00 E=-2853.8245 eV hmax=13.486 A hmean=12.566 A rough=0.809 A occ1=1.000 tested=7
[TEMPLATE DEBUG] total=746 species_filter=0 restriction=0 direction=221 global_front=0 occupied=102 connection=408 min_dist=6 pre_shell=9 post_shell=6 tested_energy=6
[TEMPLATE DEBUG] camada candidata x: min=38.622438 max=38.622438 n=6
step=00105 species=  C N=00326 vac=0000 axis=x surf=yz Eads=-10.4636 eV P=1.000e+00 E=-2864.7988 eV hmax=13.495 A hmean=12.575 A rough=0.855 A occ1=1.000 tested=6
[TEMPLATE DEBUG] total=746 species_filter=0 restriction=0 direction=221 global_front=0 occupied=103 connection=407 min_dist=6 pre_shell=9 post_shell=5 tested_energy=5
[TEMPLATE DEBUG] camada candidata x: min=38.622438 max=38.622438 n=5
step=00106 species=  C N=00327 vac=0000 axis=x surf=yz Eads=-7.1433 eV P=1.000e+00 E=-2872.1992 eV hmax=13.501 A hmean=12.725 A rough=0.890 A occ1=1.000 tested=5
[TEMPLATE DEBUG] total=746 species_filter=0 restriction=0 direction=221 global_front=0 occupied=104 connection=406 min_dist=6 pre_shell=9 post_shell=4 tested_energy=4
[TEMPLATE DEBUG] camada candidata x: min=38.622438 max=38.622438 n=4
step=00107 species=  C N=00328 vac=0000 axis=x surf=yz Eads=-10.4331 eV P=1.000e+00 E=-2883.1653 eV hmax=13.479 A hmean=12.723 A rough=0.915 A occ1=1.000 tested=4
[TEMPLATE DEBUG] total=746 species_filter=0 restriction=0 direction=221 global_front=0 occupied=105 connection=405 min_dist=6 pre_shell=9 post_shell=3 tested_energy=3
[TEMPLATE DEBUG] camada candidata x: min=38.622438 max=38.622438 n=3
step=00108 species=  C N=00329 vac=0000 axis=x surf=yz Eads=-6.8718 eV P=1.000e+00 E=-2890.4868 eV hmax=13.500 A hmean=12.892 A rough=0.937 A occ1=1.000 tested=3
[TEMPLATE DEBUG] total=746 species_filter=0 restriction=0 direction=221 global_front=0 occupied=106 connection=404 min_dist=6 pre_shell=9 post_shell=2 tested_energy=2
[TEMPLATE DEBUG] camada candidata x: min=38.622438 max=38.622438 n=2
step=00109 species=  C N=00330 vac=0000 axis=x surf=yz Eads=-9.7390 eV P=1.000e+00 E=-2901.5291 eV hmax=13.479 A hmean=13.039 A rough=0.950 A occ1=1.000 tested=2
[TEMPLATE DEBUG] total=746 species_filter=0 restriction=0 direction=221 global_front=0 occupied=107 connection=403 min_dist=6 pre_shell=9 post_shell=1 tested_energy=1
[TEMPLATE DEBUG] camada candidata x: min=38.622438 max=38.622438 n=1
step=00110 species=  C N=00331 vac=0000 axis=x surf=yz Eads=-6.3103 eV P=1.000e+00 E=-2908.8103 eV hmax=13.513 A hmean=13.323 A rough=0.966 A occ1=1.000 tested=1
[TEMPLATE DEBUG] total=746 species_filter=0 restriction=0 direction=221 global_front=0 occupied=109 connection=401 min_dist=5 pre_shell=10 post_shell=1 tested_energy=1
[TEMPLATE DEBUG] camada candidata x: min=38.622438 max=38.622438 n=1
step=00111 species=  C N=00332 vac=0000 axis=x surf=yz Eads=-8.9580 eV P=1.000e+00 E=-2920.2891 eV hmax=13.479 A hmean=13.304 A rough=0.970 A occ1=1.000 tested=1
[TEMPLATE DEBUG] total=746 species_filter=0 restriction=0 direction=221 global_front=0 occupied=111 connection=400 min_dist=4 pre_shell=10 post_shell=10 tested_energy=10
[TEMPLATE DEBUG] camada candidata x: min=39.852194 max=39.852194 n=10
step=00112 species=  C N=00333 vac=0000 axis=x surf=yz Eads=-6.1418 eV P=2.357e-01 E=-2926.8979 eV hmax=14.713 A hmean=13.614 A rough=0.678 A occ1=1.000 tested=10
[TEMPLATE DEBUG] total=746 species_filter=0 restriction=0 direction=221 global_front=0 occupied=112 connection=399 min_dist=4 pre_shell=10 post_shell=9 tested_energy=9
[TEMPLATE DEBUG] camada candidata x: min=39.852194 max=39.852194 n=9
step=00113 species=  C N=00334 vac=0000 axis=x surf=yz Eads=-10.5403 eV P=1.000e+00 E=-2937.9133 eV hmax=14.731 A hmean=13.625 A rough=0.758 A occ1=1.000 tested=9
[TEMPLATE DEBUG] total=746 species_filter=0 restriction=0 direction=221 global_front=0 occupied=113 connection=398 min_dist=4 pre_shell=10 post_shell=8 tested_energy=8
[TEMPLATE DEBUG] camada candidata x: min=39.852194 max=39.852194 n=8
step=00114 species=  C N=00335 vac=0000 axis=x surf=yz Eads=-7.1174 eV P=6.775e-01 E=-2945.3367 eV hmax=14.736 A hmean=13.769 A rough=0.817 A occ1=1.000 tested=8
[TEMPLATE DEBUG] total=746 species_filter=0 restriction=0 direction=221 global_front=0 occupied=114 connection=397 min_dist=4 pre_shell=10 post_shell=7 tested_energy=7
[TEMPLATE DEBUG] camada candidata x: min=39.852194 max=39.852194 n=7
step=00115 species=  C N=00336 vac=0000 axis=x surf=yz Eads=-10.3210 eV P=1.000e+00 E=-2956.3582 eV hmax=14.731 A hmean=13.919 A rough=0.857 A occ1=1.000 tested=7
[TEMPLATE DEBUG] total=746 species_filter=0 restriction=0 direction=221 global_front=0 occupied=115 connection=396 min_dist=4 pre_shell=10 post_shell=6 tested_energy=6
[TEMPLATE DEBUG] camada candidata x: min=39.852194 max=39.852194 n=6
step=00116 species=  C N=00337 vac=0000 axis=x surf=yz Eads=-7.0886 eV P=1.000e+00 E=-2963.7385 eV hmax=14.718 A hmean=14.062 A rough=0.891 A occ1=1.000 tested=6
[TEMPLATE DEBUG] total=746 species_filter=0 restriction=0 direction=221 global_front=0 occupied=116 connection=395 min_dist=4 pre_shell=10 post_shell=5 tested_energy=5
[TEMPLATE DEBUG] camada candidata x: min=39.852194 max=39.852194 n=5
step=00117 species=  C N=00338 vac=0000 axis=x surf=yz Eads=-10.4448 eV P=1.000e+00 E=-2974.7031 eV hmax=14.716 A hmean=14.214 A rough=0.918 A occ1=1.000 tested=5
[TEMPLATE DEBUG] total=746 species_filter=0 restriction=0 direction=221 global_front=0 occupied=117 connection=394 min_dist=4 pre_shell=10 post_shell=4 tested_energy=4
[TEMPLATE DEBUG] camada candidata x: min=39.852194 max=39.852194 n=4
step=00118 species=  C N=00339 vac=0000 axis=x surf=yz Eads=-6.8784 eV P=1.000e+00 E=-2981.9978 eV hmax=14.730 A hmean=14.378 A rough=0.940 A occ1=1.000 tested=4
[TEMPLATE DEBUG] total=746 species_filter=0 restriction=0 direction=221 global_front=0 occupied=118 connection=393 min_dist=4 pre_shell=10 post_shell=3 tested_energy=3
[TEMPLATE DEBUG] camada candidata x: min=39.852194 max=39.852194 n=3
step=00119 species=  C N=00340 vac=0000 axis=x surf=yz Eads=-9.9575 eV P=1.000e+00 E=-2993.0266 eV hmax=14.711 A hmean=14.385 A rough=0.955 A occ1=1.000 tested=3
[TEMPLATE DEBUG] total=746 species_filter=0 restriction=0 direction=221 global_front=0 occupied=119 connection=392 min_dist=4 pre_shell=10 post_shell=2 tested_energy=2
[TEMPLATE DEBUG] camada candidata x: min=39.852194 max=39.852194 n=2
step=00120 species=  C N=00341 vac=0000 axis=x surf=yz Eads=-6.8350 eV P=9.996e-01 E=-3000.2183 eV hmax=14.770 A hmean=14.538 A rough=0.972 A occ1=1.000 tested=2
[TEMPLATE DEBUG] total=746 species_filter=0 restriction=0 direction=221 global_front=0 occupied=121 connection=390 min_dist=4 pre_shell=10 post_shell=1 tested_energy=1
[TEMPLATE DEBUG] camada candidata x: min=39.852194 max=39.852194 n=1
step=00121 species=  C N=00342 vac=0000 axis=x surf=yz Eads=-7.0554 eV P=1.000e+00 E=-3008.2634 eV hmax=14.766 A hmean=14.706 A rough=0.982 A occ1=1.000 tested=1
[TEMPLATE DEBUG] total=746 species_filter=0 restriction=0 direction=221 global_front=0 occupied=122 connection=389 min_dist=4 pre_shell=10 post_shell=10 tested_energy=10
[TEMPLATE DEBUG] camada candidata x: min=41.081950 max=41.081950 n=10
step=00122 species=  C N=00343 vac=0000 axis=x surf=yz Eads=-7.6443 eV P=6.548e-01 E=-3016.6536 eV hmax=15.907 A hmean=14.846 A rough=0.690 A occ1=1.000 tested=10
[TEMPLATE DEBUG] total=746 species_filter=0 restriction=0 direction=221 global_front=0 occupied=123 connection=388 min_dist=4 pre_shell=10 post_shell=9 tested_energy=9
[TEMPLATE DEBUG] camada candidata x: min=41.081950 max=41.081950 n=9
step=00123 species=  C N=00344 vac=0000 axis=x surf=yz Eads=-9.7078 eV P=1.000e+00 E=-3027.5229 eV hmax=15.951 A hmean=14.858 A rough=0.762 A occ1=1.000 tested=9
[TEMPLATE DEBUG] total=746 species_filter=0 restriction=0 direction=221 global_front=0 occupied=124 connection=387 min_dist=4 pre_shell=10 post_shell=8 tested_energy=8
[TEMPLATE DEBUG] camada candidata x: min=41.081950 max=41.081950 n=8
step=00124 species=  C N=00345 vac=0000 axis=x surf=yz Eads=-7.2871 eV P=9.998e-01 E=-3036.0938 eV hmax=15.951 A hmean=14.997 A rough=0.807 A occ1=1.000 tested=8
[TEMPLATE DEBUG] total=746 species_filter=0 restriction=0 direction=221 global_front=0 occupied=125 connection=386 min_dist=4 pre_shell=10 post_shell=7 tested_energy=7
[TEMPLATE DEBUG] camada candidata x: min=41.081950 max=41.081950 n=7
step=00125 species=  C N=00346 vac=0000 axis=x surf=yz Eads=-9.8811 eV P=1.000e+00 E=-3047.0959 eV hmax=15.951 A hmean=15.147 A rough=0.849 A occ1=1.000 tested=7
[TEMPLATE DEBUG] total=746 species_filter=0 restriction=0 direction=221 global_front=0 occupied=126 connection=385 min_dist=4 pre_shell=10 post_shell=6 tested_energy=6
[TEMPLATE DEBUG] camada candidata x: min=41.081950 max=41.081950 n=6
step=00126 species=  C N=00347 vac=0000 axis=x surf=yz Eads=-6.8545 eV P=1.575e-01 E=-3054.5879 eV hmax=15.951 A hmean=15.297 A rough=0.880 A occ1=1.000 tested=6
[TEMPLATE DEBUG] total=746 species_filter=0 restriction=0 direction=221 global_front=0 occupied=127 connection=384 min_dist=4 pre_shell=10 post_shell=5 tested_energy=5
[TEMPLATE DEBUG] camada candidata x: min=41.081950 max=41.081950 n=5
step=00127 species=  C N=00348 vac=0000 axis=x surf=yz Eads=-10.2424 eV P=1.000e+00 E=-3065.5339 eV hmax=15.951 A hmean=15.312 A rough=0.909 A occ1=1.000 tested=5
[TEMPLATE DEBUG] total=746 species_filter=0 restriction=0 direction=221 global_front=0 occupied=128 connection=383 min_dist=4 pre_shell=10 post_shell=4 tested_energy=4
[TEMPLATE DEBUG] camada candidata x: min=41.081950 max=41.081950 n=4
step=00128 species=  C N=00349 vac=0000 axis=x surf=yz Eads=-6.9258 eV P=2.066e-02 E=-3073.1052 eV hmax=15.947 A hmean=15.454 A rough=0.926 A occ1=1.000 tested=4
[TEMPLATE DEBUG] total=746 species_filter=0 restriction=0 direction=221 global_front=0 occupied=129 connection=382 min_dist=4 pre_shell=10 post_shell=3 tested_energy=3
[TEMPLATE DEBUG] camada candidata x: min=41.081950 max=41.081950 n=3
step=00129 species=  C N=00350 vac=0000 axis=x surf=yz Eads=-10.3096 eV P=1.000e+00 E=-3084.0352 eV hmax=15.957 A hmean=15.606 A rough=0.945 A occ1=1.000 tested=3
[TEMPLATE DEBUG] total=746 species_filter=0 restriction=0 direction=221 global_front=0 occupied=130 connection=381 min_dist=4 pre_shell=10 post_shell=2 tested_energy=2
[TEMPLATE DEBUG] camada candidata x: min=41.081950 max=41.081950 n=2
step=00130 species=  C N=00351 vac=0000 axis=x surf=yz Eads=-7.0857 eV P=3.325e-01 E=-3091.4961 eV hmax=15.947 A hmean=15.759 A rough=0.957 A occ1=1.000 tested=2
[TEMPLATE DEBUG] total=746 species_filter=0 restriction=0 direction=221 global_front=0 occupied=131 connection=380 min_dist=4 pre_shell=10 post_shell=1 tested_energy=1
[TEMPLATE DEBUG] camada candidata x: min=41.081950 max=41.081950 n=1
step=00131 species=  C N=00352 vac=0000 axis=x surf=yz Eads=-11.3022 eV P=1.000e+00 E=-3103.0830 eV hmax=15.935 A hmean=15.757 A rough=0.965 A occ1=1.000 tested=1
[TEMPLATE DEBUG] total=746 species_filter=0 restriction=0 direction=221 global_front=0 occupied=132 connection=379 min_dist=4 pre_shell=10 post_shell=10 tested_energy=10
[TEMPLATE DEBUG] camada candidata x: min=42.311707 max=42.311707 n=10
step=00132 species=  C N=00353 vac=0000 axis=x surf=yz Eads=-6.0388 eV P=2.907e-01 E=-3109.6338 eV hmax=17.188 A hmean=16.069 A rough=0.676 A occ1=1.000 tested=10
[TEMPLATE DEBUG] total=746 species_filter=0 restriction=0 direction=221 global_front=0 occupied=133 connection=378 min_dist=4 pre_shell=10 post_shell=9 tested_energy=9
[TEMPLATE DEBUG] camada candidata x: min=42.311707 max=42.311707 n=9
step=00133 species=  C N=00354 vac=0000 axis=x surf=yz Eads=-10.5625 eV P=1.000e+00 E=-3120.6843 eV hmax=17.174 A hmean=16.077 A rough=0.757 A occ1=1.000 tested=9
[TEMPLATE DEBUG] total=746 species_filter=0 restriction=0 direction=221 global_front=0 occupied=134 connection=377 min_dist=4 pre_shell=10 post_shell=8 tested_energy=8
[TEMPLATE DEBUG] camada candidata x: min=42.311707 max=42.311707 n=8
step=00134 species=  C N=00355 vac=0000 axis=x surf=yz Eads=-7.1248 eV P=9.978e-01 E=-3128.0774 eV hmax=17.179 A hmean=16.224 A rough=0.816 A occ1=1.000 tested=8
[TEMPLATE DEBUG] total=746 species_filter=0 restriction=0 direction=221 global_front=0 occupied=135 connection=376 min_dist=4 pre_shell=10 post_shell=7 tested_energy=7
[TEMPLATE DEBUG] camada candidata x: min=42.311707 max=42.311707 n=7
step=00135 species=  C N=00356 vac=0000 axis=x surf=yz Eads=-10.4722 eV P=1.000e+00 E=-3139.0303 eV hmax=17.177 A hmean=16.376 A rough=0.861 A occ1=1.000 tested=7
[TEMPLATE DEBUG] total=746 species_filter=0 restriction=0 direction=221 global_front=0 occupied=136 connection=375 min_dist=4 pre_shell=10 post_shell=6 tested_energy=6
[TEMPLATE DEBUG] camada candidata x: min=42.311707 max=42.311707 n=6
step=00136 species=  C N=00357 vac=0000 axis=x surf=yz Eads=-6.9138 eV P=7.575e-01 E=-3146.4165 eV hmax=17.175 A hmean=16.538 A rough=0.896 A occ1=1.000 tested=6
[TEMPLATE DEBUG] total=746 species_filter=0 restriction=0 direction=221 global_front=0 occupied=137 connection=374 min_dist=4 pre_shell=10 post_shell=5 tested_energy=5
[TEMPLATE DEBUG] camada candidata x: min=42.311707 max=42.311707 n=5
step=00137 species=  C N=00358 vac=0000 axis=x surf=yz Eads=-10.2827 eV P=1.000e+00 E=-3157.4158 eV hmax=17.174 A hmean=16.545 A rough=0.921 A occ1=1.000 tested=5
[TEMPLATE DEBUG] total=746 species_filter=0 restriction=0 direction=221 global_front=0 occupied=138 connection=373 min_dist=4 pre_shell=10 post_shell=4 tested_energy=4
[TEMPLATE DEBUG] camada candidata x: min=42.311707 max=42.311707 n=4
step=00138 species=  C N=00359 vac=0000 axis=x surf=yz Eads=-6.8647 eV P=9.996e-01 E=-3164.7537 eV hmax=17.176 A hmean=16.691 A rough=0.942 A occ1=1.000 tested=4
[TEMPLATE DEBUG] total=746 species_filter=0 restriction=0 direction=221 global_front=0 occupied=139 connection=372 min_dist=4 pre_shell=10 post_shell=3 tested_energy=3
[TEMPLATE DEBUG] camada candidata x: min=42.311707 max=42.311707 n=3
step=00139 species=  C N=00360 vac=0000 axis=x surf=yz Eads=-10.2058 eV P=1.000e+00 E=-3175.7483 eV hmax=17.158 A hmean=16.843 A rough=0.956 A occ1=1.000 tested=3
[TEMPLATE DEBUG] total=746 species_filter=0 restriction=0 direction=221 global_front=0 occupied=140 connection=371 min_dist=4 pre_shell=10 post_shell=2 tested_energy=2
[TEMPLATE DEBUG] camada candidata x: min=42.311707 max=42.311707 n=2
step=00140 species=  C N=00361 vac=0000 axis=x surf=yz Eads=-6.5515 eV P=5.883e-01 E=-3182.8777 eV hmax=17.220 A hmean=17.011 A rough=0.972 A occ1=1.000 tested=2
[TEMPLATE DEBUG] total=746 species_filter=0 restriction=0 direction=221 global_front=0 occupied=141 connection=369 min_dist=4 pre_shell=11 post_shell=2 tested_energy=2
[TEMPLATE DEBUG] camada candidata x: min=42.311707 max=42.311707 n=2
step=00141 species=  C N=00362 vac=0000 axis=x surf=yz Eads=-8.3870 eV P=1.000e+00 E=-3193.9478 eV hmax=17.158 A hmean=17.014 A rough=0.972 A occ1=1.000 tested=2
[TEMPLATE DEBUG] total=746 species_filter=0 restriction=0 direction=221 global_front=0 occupied=141 connection=369 min_dist=6 pre_shell=9 post_shell=9 tested_energy=9
[TEMPLATE DEBUG] camada candidata x: min=43.541463 max=43.541463 n=9
step=00142 species=  C N=00363 vac=0000 axis=x surf=yz Eads=-6.3569 eV P=9.725e-01 E=-3200.7227 eV hmax=18.368 A hmean=17.168 A rough=0.672 A occ1=1.000 tested=9
[TEMPLATE DEBUG] total=746 species_filter=0 restriction=0 direction=221 global_front=0 occupied=142 connection=368 min_dist=6 pre_shell=9 post_shell=8 tested_energy=8
[TEMPLATE DEBUG] camada candidata x: min=43.541463 max=43.541463 n=8
step=00143 species=  C N=00364 vac=0000 axis=x surf=yz Eads=-10.3687 eV P=1.000e+00 E=-3211.7212 eV hmax=18.410 A hmean=17.320 A rough=0.753 A occ1=1.000 tested=8
[TEMPLATE DEBUG] total=746 species_filter=0 restriction=0 direction=221 global_front=0 occupied=143 connection=367 min_dist=6 pre_shell=9 post_shell=7 tested_energy=7
[TEMPLATE DEBUG] camada candidata x: min=43.541463 max=43.541463 n=7
step=00144 species=  C N=00365 vac=0000 axis=x surf=yz Eads=-7.0469 eV P=1.000e+00 E=-3219.1021 eV hmax=18.392 A hmean=17.473 A rough=0.810 A occ1=1.000 tested=7
[TEMPLATE DEBUG] total=746 species_filter=0 restriction=0 direction=221 global_front=0 occupied=144 connection=366 min_dist=6 pre_shell=9 post_shell=6 tested_energy=6
[TEMPLATE DEBUG] camada candidata x: min=43.541463 max=43.541463 n=6
step=00145 species=  C N=00366 vac=0000 axis=x surf=yz Eads=-10.4175 eV P=1.000e+00 E=-3230.0791 eV hmax=18.402 A hmean=17.483 A rough=0.855 A occ1=1.000 tested=6
[TEMPLATE DEBUG] total=746 species_filter=0 restriction=0 direction=221 global_front=0 occupied=145 connection=365 min_dist=6 pre_shell=9 post_shell=5 tested_energy=5
[TEMPLATE DEBUG] camada candidata x: min=43.541463 max=43.541463 n=5
step=00146 species=  C N=00367 vac=0000 axis=x surf=yz Eads=-7.1086 eV P=1.000e+00 E=-3237.4844 eV hmax=18.407 A hmean=17.634 A rough=0.890 A occ1=1.000 tested=5
[TEMPLATE DEBUG] total=746 species_filter=0 restriction=0 direction=221 global_front=0 occupied=146 connection=364 min_dist=6 pre_shell=9 post_shell=4 tested_energy=4
[TEMPLATE DEBUG] camada candidata x: min=43.541463 max=43.541463 n=4
step=00147 species=  C N=00368 vac=0000 axis=x surf=yz Eads=-10.3928 eV P=1.000e+00 E=-3248.4475 eV hmax=18.388 A hmean=17.631 A rough=0.916 A occ1=1.000 tested=4
[TEMPLATE DEBUG] total=746 species_filter=0 restriction=0 direction=221 global_front=0 occupied=147 connection=363 min_dist=6 pre_shell=9 post_shell=3 tested_energy=3
[TEMPLATE DEBUG] camada candidata x: min=43.541463 max=43.541463 n=3
step=00148 species=  C N=00369 vac=0000 axis=x surf=yz Eads=-6.8513 eV P=1.000e+00 E=-3255.7661 eV hmax=18.413 A hmean=17.800 A rough=0.938 A occ1=1.000 tested=3
[TEMPLATE DEBUG] total=746 species_filter=0 restriction=0 direction=221 global_front=0 occupied=148 connection=362 min_dist=6 pre_shell=9 post_shell=2 tested_energy=2
[TEMPLATE DEBUG] camada candidata x: min=43.541463 max=43.541463 n=2
step=00149 species=  C N=00370 vac=0000 axis=x surf=yz Eads=-9.7217 eV P=1.000e+00 E=-3266.8159 eV hmax=18.382 A hmean=17.947 A rough=0.951 A occ1=1.000 tested=2
[TEMPLATE DEBUG] total=746 species_filter=0 restriction=0 direction=221 global_front=0 occupied=149 connection=361 min_dist=6 pre_shell=9 post_shell=1 tested_energy=1
[TEMPLATE DEBUG] camada candidata x: min=43.541463 max=43.541463 n=1
step=00150 species=  C N=00371 vac=0000 axis=x surf=yz Eads=-6.2708 eV P=1.000e+00 E=-3274.1145 eV hmax=18.423 A hmean=18.230 A rough=0.968 A occ1=1.000 tested=1
[TEMPLATE DEBUG] total=746 species_filter=0 restriction=0 direction=221 global_front=0 occupied=151 connection=359 min_dist=5 pre_shell=10 post_shell=1 tested_energy=1
[TEMPLATE DEBUG] camada candidata x: min=43.541463 max=43.541463 n=1
step=00151 species=  C N=00372 vac=0000 axis=x surf=yz Eads=-8.9304 eV P=1.000e+00 E=-3285.5688 eV hmax=18.382 A hmean=18.211 A rough=0.972 A occ1=1.000 tested=1
[TEMPLATE DEBUG] total=746 species_filter=0 restriction=0 direction=221 global_front=0 occupied=153 connection=358 min_dist=4 pre_shell=10 post_shell=10 tested_energy=10
[TEMPLATE DEBUG] camada candidata x: min=44.771219 max=44.771219 n=10
step=00152 species=  C N=00373 vac=0000 axis=x surf=yz Eads=-6.1506 eV P=3.857e-01 E=-3292.3296 eV hmax=19.584 A hmean=18.361 A rough=0.672 A occ1=1.000 tested=10
[TEMPLATE DEBUG] total=746 species_filter=0 restriction=0 direction=221 global_front=0 occupied=154 connection=357 min_dist=4 pre_shell=10 post_shell=9 tested_energy=9
[TEMPLATE DEBUG] camada candidata x: min=44.771219 max=44.771219 n=9
step=00153 species=  C N=00374 vac=0000 axis=x surf=yz Eads=-10.2944 eV P=1.000e+00 E=-3303.3210 eV hmax=19.629 A hmean=18.514 A rough=0.752 A occ1=1.000 tested=9
[TEMPLATE DEBUG] total=746 species_filter=0 restriction=0 direction=221 global_front=0 occupied=155 connection=356 min_dist=4 pre_shell=10 post_shell=8 tested_energy=8
[TEMPLATE DEBUG] camada candidata x: min=44.771219 max=44.771219 n=8
step=00154 species=  C N=00375 vac=0000 axis=x surf=yz Eads=-6.9937 eV P=1.000e+00 E=-3310.7231 eV hmax=19.604 A hmean=18.810 A rough=0.809 A occ1=1.000 tested=8
[TEMPLATE DEBUG] total=746 species_filter=0 restriction=0 direction=221 global_front=0 occupied=156 connection=355 min_dist=4 pre_shell=10 post_shell=7 tested_energy=7
[TEMPLATE DEBUG] camada candidata x: min=44.771219 max=44.771219 n=7
step=00155 species=  C N=00376 vac=0000 axis=x surf=yz Eads=-10.4082 eV P=1.000e+00 E=-3321.6646 eV hmax=19.639 A hmean=18.810 A rough=0.855 A occ1=1.000 tested=7
[TEMPLATE DEBUG] total=746 species_filter=0 restriction=0 direction=221 global_front=0 occupied=157 connection=354 min_dist=4 pre_shell=10 post_shell=6 tested_energy=6
[TEMPLATE DEBUG] camada candidata x: min=44.771219 max=44.771219 n=6
step=00156 species=  C N=00377 vac=0000 axis=x surf=yz Eads=-7.0513 eV P=1.000e+00 E=-3329.0398 eV hmax=19.627 A hmean=18.963 A rough=0.890 A occ1=1.000 tested=6
[TEMPLATE DEBUG] total=746 species_filter=0 restriction=0 direction=221 global_front=0 occupied=158 connection=353 min_dist=4 pre_shell=10 post_shell=5 tested_energy=5
[TEMPLATE DEBUG] camada candidata x: min=44.771219 max=44.771219 n=5
step=00157 species=  C N=00378 vac=0000 axis=x surf=yz Eads=-10.4077 eV P=1.000e+00 E=-3340.0039 eV hmax=19.624 A hmean=19.116 A rough=0.917 A occ1=1.000 tested=5
[TEMPLATE DEBUG] total=746 species_filter=0 restriction=0 direction=221 global_front=0 occupied=159 connection=352 min_dist=4 pre_shell=10 post_shell=4 tested_energy=4
[TEMPLATE DEBUG] camada candidata x: min=44.771219 max=44.771219 n=4
step=00158 species=  C N=00379 vac=0000 axis=x surf=yz Eads=-6.8457 eV P=9.999e-01 E=-3347.3088 eV hmax=19.638 A hmean=19.280 A rough=0.938 A occ1=1.000 tested=4
[TEMPLATE DEBUG] total=746 species_filter=0 restriction=0 direction=221 global_front=0 occupied=160 connection=351 min_dist=4 pre_shell=10 post_shell=3 tested_energy=3
[TEMPLATE DEBUG] camada candidata x: min=44.771219 max=44.771219 n=3
step=00159 species=  C N=00380 vac=0000 axis=x surf=yz Eads=-9.9307 eV P=1.000e+00 E=-3358.2800 eV hmax=19.615 A hmean=19.289 A rough=0.953 A occ1=1.000 tested=3
[TEMPLATE DEBUG] total=746 species_filter=0 restriction=0 direction=221 global_front=0 occupied=161 connection=350 min_dist=4 pre_shell=10 post_shell=2 tested_energy=2
[TEMPLATE DEBUG] camada candidata x: min=44.771219 max=44.771219 n=2
step=00160 species=  C N=00381 vac=0000 axis=x surf=yz Eads=-6.7358 eV P=9.989e-01 E=-3365.5134 eV hmax=19.691 A hmean=19.442 A rough=0.972 A occ1=1.000 tested=2
[TEMPLATE DEBUG] total=746 species_filter=0 restriction=0 direction=221 global_front=0 occupied=163 connection=348 min_dist=4 pre_shell=10 post_shell=1 tested_energy=1
[TEMPLATE DEBUG] camada candidata x: min=44.771219 max=44.771219 n=1
step=00161 species=  C N=00382 vac=0000 axis=x surf=yz Eads=-7.0244 eV P=1.000e+00 E=-3373.5442 eV hmax=19.688 A hmean=19.612 A rough=0.983 A occ1=1.000 tested=1
[TEMPLATE DEBUG] total=746 species_filter=0 restriction=0 direction=221 global_front=0 occupied=164 connection=347 min_dist=4 pre_shell=10 post_shell=10 tested_energy=10
[TEMPLATE DEBUG] camada candidata x: min=46.000975 max=46.000975 n=10
step=00162 species=  C N=00383 vac=0000 axis=x surf=yz Eads=-7.6492 eV P=7.647e-01 E=-3381.9260 eV hmax=20.826 A hmean=19.752 A rough=0.692 A occ1=1.000 tested=10
[TEMPLATE DEBUG] total=746 species_filter=0 restriction=0 direction=221 global_front=0 occupied=165 connection=346 min_dist=4 pre_shell=10 post_shell=9 tested_energy=9
[TEMPLATE DEBUG] camada candidata x: min=46.000975 max=46.000975 n=9
step=00163 species=  C N=00384 vac=0000 axis=x surf=yz Eads=-9.7170 eV P=1.000e+00 E=-3392.7930 eV hmax=20.865 A hmean=19.765 A rough=0.764 A occ1=1.000 tested=9
[TEMPLATE DEBUG] total=746 species_filter=0 restriction=0 direction=221 global_front=0 occupied=166 connection=345 min_dist=4 pre_shell=10 post_shell=8 tested_energy=8
[TEMPLATE DEBUG] camada candidata x: min=46.000975 max=46.000975 n=8
step=00164 species=  C N=00385 vac=0000 axis=x surf=yz Eads=-7.2695 eV P=9.998e-01 E=-3401.3330 eV hmax=20.865 A hmean=19.904 A rough=0.810 A occ1=1.000 tested=8
[TEMPLATE DEBUG] total=746 species_filter=0 restriction=0 direction=221 global_front=0 occupied=167 connection=344 min_dist=4 pre_shell=10 post_shell=7 tested_energy=7
[TEMPLATE DEBUG] camada candidata x: min=46.000975 max=46.000975 n=7
step=00165 species=  C N=00386 vac=0000 axis=x surf=yz Eads=-9.8096 eV P=1.000e+00 E=-3412.3477 eV hmax=20.865 A hmean=20.056 A rough=0.852 A occ1=1.000 tested=7
[TEMPLATE DEBUG] total=746 species_filter=0 restriction=0 direction=221 global_front=0 occupied=168 connection=343 min_dist=4 pre_shell=10 post_shell=6 tested_energy=6
[TEMPLATE DEBUG] camada candidata x: min=46.000975 max=46.000975 n=6
step=00166 species=  C N=00387 vac=0000 axis=x surf=yz Eads=-6.9080 eV P=8.996e-01 E=-3419.9182 eV hmax=20.837 A hmean=20.197 A rough=0.882 A occ1=1.000 tested=6
[TEMPLATE DEBUG] total=746 species_filter=0 restriction=0 direction=221 global_front=0 occupied=169 connection=342 min_dist=4 pre_shell=10 post_shell=5 tested_energy=5
[TEMPLATE DEBUG] camada candidata x: min=46.000975 max=46.000975 n=5
step=00167 species=  C N=00388 vac=0000 axis=x surf=yz Eads=-10.2815 eV P=1.000e+00 E=-3430.8455 eV hmax=20.865 A hmean=20.350 A rough=0.911 A occ1=1.000 tested=5
[TEMPLATE DEBUG] total=746 species_filter=0 restriction=0 direction=221 global_front=0 occupied=170 connection=341 min_dist=4 pre_shell=10 post_shell=4 tested_energy=4
[TEMPLATE DEBUG] camada candidata x: min=46.000975 max=46.000975 n=4
step=00168 species=  C N=00389 vac=0000 axis=x surf=yz Eads=-7.0154 eV P=9.908e-01 E=-3438.2358 eV hmax=20.841 A hmean=20.505 A rough=0.932 A occ1=1.000 tested=4
[TEMPLATE DEBUG] total=746 species_filter=0 restriction=0 direction=221 global_front=0 occupied=171 connection=340 min_dist=4 pre_shell=10 post_shell=3 tested_energy=3
[TEMPLATE DEBUG] camada candidata x: min=46.000975 max=46.000975 n=3
step=00169 species=  C N=00390 vac=0000 axis=x surf=yz Eads=-10.4570 eV P=1.000e+00 E=-3449.2031 eV hmax=20.866 A hmean=20.515 A rough=0.950 A occ1=1.000 tested=3
[TEMPLATE DEBUG] total=746 species_filter=0 restriction=0 direction=221 global_front=0 occupied=172 connection=339 min_dist=4 pre_shell=10 post_shell=2 tested_energy=2
[TEMPLATE DEBUG] camada candidata x: min=46.000975 max=46.000975 n=2
step=00170 species=  C N=00391 vac=0000 axis=x surf=yz Eads=-6.9644 eV P=8.549e-01 E=-3456.5339 eV hmax=20.859 A hmean=20.673 A rough=0.963 A occ1=1.000 tested=2
[TEMPLATE DEBUG] total=746 species_filter=0 restriction=0 direction=221 global_front=0 occupied=173 connection=338 min_dist=4 pre_shell=10 post_shell=1 tested_energy=1
[TEMPLATE DEBUG] camada candidata x: min=46.000975 max=46.000975 n=1
step=00171 species=  C N=00392 vac=0000 axis=x surf=yz Eads=-11.1470 eV P=1.000e+00 E=-3468.3228 eV hmax=20.841 A hmean=20.665 A rough=0.966 A occ1=1.000 tested=1
[TEMPLATE DEBUG] total=746 species_filter=0 restriction=0 direction=221 global_front=0 occupied=174 connection=337 min_dist=4 pre_shell=10 post_shell=10 tested_energy=10
[TEMPLATE DEBUG] camada candidata x: min=47.230731 max=47.230731 n=10
step=00172 species=  C N=00393 vac=0000 axis=x surf=yz Eads=-5.9822 eV P=9.225e-02 E=-3474.8789 eV hmax=22.096 A hmean=20.823 A rough=0.675 A occ1=1.000 tested=10
[TEMPLATE DEBUG] total=746 species_filter=0 restriction=0 direction=221 global_front=0 occupied=175 connection=336 min_dist=4 pre_shell=10 post_shell=9 tested_energy=9
[TEMPLATE DEBUG] camada candidata x: min=47.230731 max=47.230731 n=9
step=00173 species=  C N=00394 vac=0000 axis=x surf=yz Eads=-10.5430 eV P=1.000e+00 E=-3485.9346 eV hmax=22.087 A hmean=20.975 A rough=0.757 A occ1=1.000 tested=9
[TEMPLATE DEBUG] total=746 species_filter=0 restriction=0 direction=221 global_front=0 occupied=176 connection=335 min_dist=4 pre_shell=10 post_shell=8 tested_energy=8
[TEMPLATE DEBUG] camada candidata x: min=47.230731 max=47.230731 n=8
step=00174 species=  C N=00395 vac=0000 axis=x surf=yz Eads=-7.0906 eV P=9.930e-01 E=-3493.3022 eV hmax=22.091 A hmean=21.276 A rough=0.816 A occ1=1.000 tested=8
[TEMPLATE DEBUG] total=746 species_filter=0 restriction=0 direction=221 global_front=0 occupied=177 connection=334 min_dist=4 pre_shell=10 post_shell=7 tested_energy=7
[TEMPLATE DEBUG] camada candidata x: min=47.230731 max=47.230731 n=7
step=00175 species=  C N=00396 vac=0000 axis=x surf=yz Eads=-10.4036 eV P=1.000e+00 E=-3504.2844 eV hmax=22.087 A hmean=21.284 A rough=0.861 A occ1=1.000 tested=7
[TEMPLATE DEBUG] total=746 species_filter=0 restriction=0 direction=221 global_front=0 occupied=178 connection=333 min_dist=4 pre_shell=10 post_shell=6 tested_energy=6
[TEMPLATE DEBUG] camada candidata x: min=47.230731 max=47.230731 n=6
step=00176 species=  C N=00397 vac=0000 axis=x surf=yz Eads=-6.9292 eV P=7.596e-01 E=-3511.6252 eV hmax=22.093 A hmean=21.433 A rough=0.897 A occ1=1.000 tested=6
[TEMPLATE DEBUG] total=746 species_filter=0 restriction=0 direction=221 global_front=0 occupied=179 connection=332 min_dist=4 pre_shell=10 post_shell=5 tested_energy=5
[TEMPLATE DEBUG] camada candidata x: min=47.230731 max=47.230731 n=5
step=00177 species=  C N=00398 vac=0000 axis=x surf=yz Eads=-10.1694 eV P=1.000e+00 E=-3522.6206 eV hmax=22.087 A hmean=21.586 A rough=0.921 A occ1=1.000 tested=5
[TEMPLATE DEBUG] total=746 species_filter=0 restriction=0 direction=221 global_front=0 occupied=180 connection=331 min_dist=4 pre_shell=10 post_shell=4 tested_energy=4
[TEMPLATE DEBUG] camada candidata x: min=47.230731 max=47.230731 n=4
step=00178 species=  C N=00399 vac=0000 axis=x surf=yz Eads=-6.8796 eV P=9.995e-01 E=-3530.0059 eV hmax=22.087 A hmean=21.749 A rough=0.942 A occ1=1.000 tested=4
[TEMPLATE DEBUG] total=746 species_filter=0 restriction=0 direction=221 global_front=0 occupied=181 connection=330 min_dist=4 pre_shell=10 post_shell=3 tested_energy=3
[TEMPLATE DEBUG] camada candidata x: min=47.230731 max=47.230731 n=3
step=00179 species=  C N=00400 vac=0000 axis=x surf=yz Eads=-10.2971 eV P=1.000e+00 E=-3541.0122 eV hmax=22.067 A hmean=21.756 A rough=0.957 A occ1=1.000 tested=3
[TEMPLATE DEBUG] total=746 species_filter=0 restriction=0 direction=221 global_front=0 occupied=182 connection=329 min_dist=4 pre_shell=10 post_shell=2 tested_energy=2
[TEMPLATE DEBUG] camada candidata x: min=47.230731 max=47.230731 n=2
step=00180 species=  C N=00401 vac=0000 axis=x surf=yz Eads=-6.5024 eV P=1.890e-01 E=-3548.1946 eV hmax=22.135 A hmean=21.905 A rough=0.973 A occ1=1.000 tested=2
[TEMPLATE DEBUG] total=746 species_filter=0 restriction=0 direction=221 global_front=0 occupied=183 connection=327 min_dist=5 pre_shell=10 post_shell=1 tested_energy=1
[TEMPLATE DEBUG] camada candidata x: min=47.230731 max=47.230731 n=1
step=00181 species=  C N=00402 vac=0000 axis=x surf=yz Eads=-7.1125 eV P=1.000e+00 E=-3556.3381 eV hmax=22.130 A hmean=22.069 A rough=0.985 A occ1=1.000 tested=1
[TEMPLATE DEBUG] total=746 species_filter=0 restriction=0 direction=221 global_front=0 occupied=184 connection=326 min_dist=5 pre_shell=10 post_shell=10 tested_energy=10
[TEMPLATE DEBUG] camada candidata x: min=48.460487 max=48.460487 n=10
step=00182 species=  C N=00403 vac=0000 axis=x surf=yz Eads=-7.4995 eV P=4.422e-01 E=-3564.7607 eV hmax=23.271 A hmean=22.209 A rough=0.690 A occ1=1.000 tested=10
[TEMPLATE DEBUG] total=746 species_filter=0 restriction=0 direction=221 global_front=0 occupied=185 connection=325 min_dist=5 pre_shell=10 post_shell=9 tested_energy=9
[TEMPLATE DEBUG] camada candidata x: min=48.460487 max=48.460487 n=9
step=00183 species=  C N=00404 vac=0000 axis=x surf=yz Eads=-9.7517 eV P=1.000e+00 E=-3575.7651 eV hmax=23.318 A hmean=22.223 A rough=0.762 A occ1=1.000 tested=9
[TEMPLATE DEBUG] total=746 species_filter=0 restriction=0 direction=221 global_front=0 occupied=186 connection=324 min_dist=5 pre_shell=10 post_shell=8 tested_energy=8
[TEMPLATE DEBUG] camada candidata x: min=48.460487 max=48.460487 n=8
step=00184 species=  C N=00405 vac=0000 axis=x surf=yz Eads=-7.1082 eV P=9.913e-01 E=-3584.1208 eV hmax=23.318 A hmean=22.358 A rough=0.809 A occ1=1.000 tested=8
[TEMPLATE DEBUG] total=746 species_filter=0 restriction=0 direction=221 global_front=0 occupied=187 connection=323 min_dist=5 pre_shell=10 post_shell=7 tested_energy=7
[TEMPLATE DEBUG] camada candidata x: min=48.460487 max=48.460487 n=7
step=00185 species=  C N=00406 vac=0000 axis=x surf=yz Eads=-9.7363 eV P=1.000e+00 E=-3595.0515 eV hmax=23.318 A hmean=22.511 A rough=0.852 A occ1=1.000 tested=7
[TEMPLATE DEBUG] total=746 species_filter=0 restriction=0 direction=221 global_front=0 occupied=188 connection=322 min_dist=5 pre_shell=10 post_shell=6 tested_energy=6
[TEMPLATE DEBUG] camada candidata x: min=48.460487 max=48.460487 n=6
step=00186 species=  C N=00407 vac=0000 axis=x surf=yz Eads=-6.9197 eV P=9.334e-01 E=-3602.6379 eV hmax=23.292 A hmean=22.652 A rough=0.882 A occ1=1.000 tested=6
[TEMPLATE DEBUG] total=746 species_filter=0 restriction=0 direction=221 global_front=0 occupied=189 connection=321 min_dist=5 pre_shell=10 post_shell=5 tested_energy=5
[TEMPLATE DEBUG] camada candidata x: min=48.460487 max=48.460487 n=5
step=00187 species=  C N=00408 vac=0000 axis=x surf=yz Eads=-10.3022 eV P=1.000e+00 E=-3613.5728 eV hmax=23.323 A hmean=22.805 A rough=0.911 A occ1=1.000 tested=5
[TEMPLATE DEBUG] total=746 species_filter=0 restriction=0 direction=221 global_front=0 occupied=190 connection=320 min_dist=5 pre_shell=10 post_shell=4 tested_energy=4
[TEMPLATE DEBUG] camada candidata x: min=48.460487 max=48.460487 n=4
step=00188 species=  C N=00409 vac=0000 axis=x surf=yz Eads=-6.9980 eV P=9.886e-01 E=-3620.9497 eV hmax=23.300 A hmean=22.959 A rough=0.932 A occ1=1.000 tested=4
[TEMPLATE DEBUG] total=746 species_filter=0 restriction=0 direction=221 global_front=0 occupied=191 connection=319 min_dist=5 pre_shell=10 post_shell=3 tested_energy=3
[TEMPLATE DEBUG] camada candidata x: min=48.460487 max=48.460487 n=3
step=00189 species=  C N=00410 vac=0000 axis=x surf=yz Eads=-10.4287 eV P=1.000e+00 E=-3631.9336 eV hmax=23.317 A hmean=22.970 A rough=0.949 A occ1=1.000 tested=3
[TEMPLATE DEBUG] total=746 species_filter=0 restriction=0 direction=221 global_front=0 occupied=192 connection=318 min_dist=5 pre_shell=10 post_shell=2 tested_energy=2
[TEMPLATE DEBUG] camada candidata x: min=48.460487 max=48.460487 n=2
step=00190 species=  C N=00411 vac=0000 axis=x surf=yz Eads=-7.0154 eV P=9.735e-01 E=-3639.2617 eV hmax=23.322 A hmean=23.130 A rough=0.963 A occ1=1.000 tested=2
[TEMPLATE DEBUG] total=746 species_filter=0 restriction=0 direction=221 global_front=0 occupied=193 connection=317 min_dist=5 pre_shell=10 post_shell=1 tested_energy=1
[TEMPLATE DEBUG] camada candidata x: min=48.460487 max=48.460487 n=1
step=00191 species=  C N=00412 vac=0000 axis=x surf=yz Eads=-11.0999 eV P=1.000e+00 E=-3651.0884 eV hmax=23.298 A hmean=23.120 A rough=0.967 A occ1=1.000 tested=1
[TEMPLATE DEBUG] total=746 species_filter=0 restriction=0 direction=221 global_front=0 occupied=194 connection=316 min_dist=5 pre_shell=10 post_shell=10 tested_energy=10
[TEMPLATE DEBUG] camada candidata x: min=49.690243 max=49.690243 n=10
step=00192 species=  C N=00413 vac=0000 axis=x surf=yz Eads=-5.9910 eV P=1.489e-01 E=-3657.6465 eV hmax=24.554 A hmean=23.279 A rough=0.676 A occ1=1.000 tested=10
[TEMPLATE DEBUG] total=746 species_filter=0 restriction=0 direction=221 global_front=0 occupied=195 connection=315 min_dist=5 pre_shell=10 post_shell=9 tested_energy=9
[TEMPLATE DEBUG] camada candidata x: min=49.690243 max=49.690243 n=9
step=00193 species=  C N=00414 vac=0000 axis=x surf=yz Eads=-10.5383 eV P=1.000e+00 E=-3668.6985 eV hmax=24.546 A hmean=23.431 A rough=0.757 A occ1=1.000 tested=9
[TEMPLATE DEBUG] total=746 species_filter=0 restriction=0 direction=221 global_front=0 occupied=196 connection=314 min_dist=5 pre_shell=10 post_shell=8 tested_energy=8
[TEMPLATE DEBUG] camada candidata x: min=49.690243 max=49.690243 n=8
step=00194 species=  C N=00415 vac=0000 axis=x surf=yz Eads=-7.0798 eV P=9.943e-01 E=-3676.0613 eV hmax=24.549 A hmean=23.731 A rough=0.817 A occ1=1.000 tested=8
[TEMPLATE DEBUG] total=746 species_filter=0 restriction=0 direction=221 global_front=0 occupied=197 connection=313 min_dist=5 pre_shell=10 post_shell=7 tested_energy=7
[TEMPLATE DEBUG] camada candidata x: min=49.690243 max=49.690243 n=7
step=00195 species=  C N=00416 vac=0000 axis=x surf=yz Eads=-10.3901 eV P=1.000e+00 E=-3687.0452 eV hmax=24.546 A hmean=23.739 A rough=0.862 A occ1=1.000 tested=7
[TEMPLATE DEBUG] total=746 species_filter=0 restriction=0 direction=221 global_front=0 occupied=198 connection=312 min_dist=5 pre_shell=10 post_shell=6 tested_energy=6
[TEMPLATE DEBUG] camada candidata x: min=49.690243 max=49.690243 n=6
step=00196 species=  C N=00417 vac=0000 axis=x surf=yz Eads=-6.9121 eV P=7.698e-01 E=-3694.3745 eV hmax=24.551 A hmean=23.888 A rough=0.898 A occ1=1.000 tested=6
[TEMPLATE DEBUG] total=746 species_filter=0 restriction=0 direction=221 global_front=0 occupied=199 connection=311 min_dist=5 pre_shell=10 post_shell=5 tested_energy=5
[TEMPLATE DEBUG] camada candidata x: min=49.690243 max=49.690243 n=5
step=00197 species=  C N=00418 vac=0000 axis=x surf=yz Eads=-10.0457 eV P=1.000e+00 E=-3705.3396 eV hmax=24.546 A hmean=24.042 A rough=0.922 A occ1=1.000 tested=5
[TEMPLATE DEBUG] total=746 species_filter=0 restriction=0 direction=221 global_front=0 occupied=200 connection=310 min_dist=5 pre_shell=10 post_shell=4 tested_energy=4
[TEMPLATE DEBUG] camada candidata x: min=49.690243 max=49.690243 n=4
step=00198 species=  C N=00419 vac=0000 axis=x surf=yz Eads=-6.8604 eV P=9.972e-01 E=-3712.7131 eV hmax=24.546 A hmean=24.204 A rough=0.943 A occ1=1.000 tested=4
[TEMPLATE DEBUG] total=746 species_filter=0 restriction=0 direction=221 global_front=0 occupied=201 connection=309 min_dist=5 pre_shell=10 post_shell=3 tested_energy=3
[TEMPLATE DEBUG] camada candidata x: min=49.690243 max=49.690243 n=3
step=00199 species=  C N=00420 vac=0000 axis=x surf=yz Eads=-10.2222 eV P=1.000e+00 E=-3723.6973 eV hmax=24.527 A hmean=24.212 A rough=0.958 A occ1=1.000 tested=3
[TEMPLATE DEBUG] total=746 species_filter=0 restriction=0 direction=221 global_front=0 occupied=202 connection=308 min_dist=5 pre_shell=10 post_shell=2 tested_energy=2
[TEMPLATE DEBUG] camada candidata x: min=49.690243 max=49.690243 n=2
step=00200 species=  C N=00421 vac=0000 axis=x surf=yz Eads=-6.6184 eV P=9.501e-01 E=-3730.8340 eV hmax=24.598 A hmean=24.379 A rough=0.974 A occ1=1.000 tested=2
[TEMPLATE DEBUG] total=746 species_filter=0 restriction=0 direction=221 global_front=0 occupied=203 connection=306 min_dist=5 pre_shell=11 post_shell=2 tested_energy=2
[TEMPLATE DEBUG] camada candidata x: min=49.690243 max=49.690243 n=2
step=00201 species=  C N=00422 vac=0000 axis=x surf=yz Eads=-8.3491 eV P=1.000e+00 E=-3741.8645 eV hmax=24.523 A hmean=24.382 A rough=0.973 A occ1=1.000 tested=2
[TEMPLATE DEBUG] total=746 species_filter=0 restriction=0 direction=221 global_front=0 occupied=203 connection=306 min_dist=7 pre_shell=9 post_shell=9 tested_energy=9
[TEMPLATE DEBUG] camada candidata x: min=50.919999 max=50.919999 n=9
step=00202 species=  C N=00423 vac=0000 axis=x surf=yz Eads=-6.3318 eV P=9.549e-01 E=-3748.6213 eV hmax=25.744 A hmean=24.537 A rough=0.674 A occ1=1.000 tested=9
[TEMPLATE DEBUG] total=746 species_filter=0 restriction=0 direction=221 global_front=0 occupied=204 connection=305 min_dist=7 pre_shell=9 post_shell=8 tested_energy=8
[TEMPLATE DEBUG] camada candidata x: min=50.919999 max=50.919999 n=8
step=00203 species=  C N=00424 vac=0000 axis=x surf=yz Eads=-10.3550 eV P=1.000e+00 E=-3759.6316 eV hmax=25.778 A hmean=24.690 A rough=0.754 A occ1=1.000 tested=8
[TEMPLATE DEBUG] total=746 species_filter=0 restriction=0 direction=221 global_front=0 occupied=205 connection=304 min_dist=7 pre_shell=9 post_shell=7 tested_energy=7
[TEMPLATE DEBUG] camada candidata x: min=50.919999 max=50.919999 n=7
step=00204 species=  C N=00425 vac=0000 axis=x surf=yz Eads=-6.9990 eV P=1.000e+00 E=-3767.0144 eV hmax=25.762 A hmean=24.844 A rough=0.812 A occ1=1.000 tested=7
[TEMPLATE DEBUG] total=746 species_filter=0 restriction=0 direction=221 global_front=0 occupied=206 connection=303 min_dist=7 pre_shell=9 post_shell=6 tested_energy=6
[TEMPLATE DEBUG] camada candidata x: min=50.919999 max=50.919999 n=6
step=00205 species=  C N=00426 vac=0000 axis=x surf=yz Eads=-10.4148 eV P=1.000e+00 E=-3777.9922 eV hmax=25.775 A hmean=24.854 A rough=0.857 A occ1=1.000 tested=6
[TEMPLATE DEBUG] total=746 species_filter=0 restriction=0 direction=221 global_front=0 occupied=207 connection=302 min_dist=7 pre_shell=9 post_shell=5 tested_energy=5
[TEMPLATE DEBUG] camada candidata x: min=50.919999 max=50.919999 n=5
step=00206 species=  C N=00427 vac=0000 axis=x surf=yz Eads=-7.0667 eV P=1.000e+00 E=-3785.3989 eV hmax=25.777 A hmean=25.004 A rough=0.892 A occ1=1.000 tested=5
[TEMPLATE DEBUG] total=746 species_filter=0 restriction=0 direction=221 global_front=0 occupied=208 connection=301 min_dist=7 pre_shell=9 post_shell=4 tested_energy=4
[TEMPLATE DEBUG] camada candidata x: min=50.919999 max=50.919999 n=4
step=00207 species=  C N=00428 vac=0000 axis=x surf=yz Eads=-10.3630 eV P=1.000e+00 E=-3796.3604 eV hmax=25.761 A hmean=25.002 A rough=0.917 A occ1=1.000 tested=4
[TEMPLATE DEBUG] total=746 species_filter=0 restriction=0 direction=221 global_front=0 occupied=209 connection=300 min_dist=7 pre_shell=9 post_shell=3 tested_energy=3
[TEMPLATE DEBUG] camada candidata x: min=50.919999 max=50.919999 n=3
step=00208 species=  C N=00429 vac=0000 axis=x surf=yz Eads=-6.8264 eV P=1.000e+00 E=-3803.6924 eV hmax=25.786 A hmean=25.170 A rough=0.939 A occ1=1.000 tested=3
[TEMPLATE DEBUG] total=746 species_filter=0 restriction=0 direction=221 global_front=0 occupied=210 connection=299 min_dist=7 pre_shell=9 post_shell=2 tested_energy=2
[TEMPLATE DEBUG] camada candidata x: min=50.919999 max=50.919999 n=2
step=00209 species=  C N=00430 vac=0000 axis=x surf=yz Eads=-9.7148 eV P=1.000e+00 E=-3814.7170 eV hmax=25.750 A hmean=25.317 A rough=0.953 A occ1=1.000 tested=2
[TEMPLATE DEBUG] total=746 species_filter=0 restriction=0 direction=221 global_front=0 occupied=211 connection=298 min_dist=7 pre_shell=9 post_shell=1 tested_energy=1
[TEMPLATE DEBUG] camada candidata x: min=50.919999 max=50.919999 n=1
step=00210 species=  C N=00431 vac=0000 axis=x surf=yz Eads=-6.2310 eV P=1.000e+00 E=-3822.0020 eV hmax=25.794 A hmean=25.599 A rough=0.969 A occ1=1.000 tested=1
[TEMPLATE DEBUG] total=746 species_filter=0 restriction=0 direction=221 global_front=0 occupied=213 connection=296 min_dist=6 pre_shell=10 post_shell=1 tested_energy=1
[TEMPLATE DEBUG] camada candidata x: min=50.919999 max=50.919999 n=1
step=00211 species=  C N=00432 vac=0000 axis=x surf=yz Eads=-8.9387 eV P=1.000e+00 E=-3833.4561 eV hmax=25.750 A hmean=25.581 A rough=0.973 A occ1=1.000 tested=1
[TEMPLATE DEBUG] total=746 species_filter=0 restriction=0 direction=221 global_front=0 occupied=215 connection=295 min_dist=5 pre_shell=10 post_shell=10 tested_energy=10
[TEMPLATE DEBUG] camada candidata x: min=52.149755 max=52.149755 n=10
step=00212 species=  C N=00433 vac=0000 axis=x surf=yz Eads=-6.1196 eV P=2.196e-01 E=-3840.0583 eV hmax=26.999 A hmean=25.893 A rough=0.680 A occ1=1.000 tested=10
[TEMPLATE DEBUG] total=746 species_filter=0 restriction=0 direction=221 global_front=0 occupied=216 connection=294 min_dist=5 pre_shell=10 post_shell=9 tested_energy=9
[TEMPLATE DEBUG] camada candidata x: min=52.149755 max=52.149755 n=9
step=00213 species=  C N=00434 vac=0000 axis=x surf=yz Eads=-10.5129 eV P=1.000e+00 E=-3851.0894 eV hmax=27.010 A hmean=25.904 A rough=0.760 A occ1=1.000 tested=9
[TEMPLATE DEBUG] total=746 species_filter=0 restriction=0 direction=221 global_front=0 occupied=217 connection=293 min_dist=5 pre_shell=10 post_shell=8 tested_energy=8
[TEMPLATE DEBUG] camada candidata x: min=52.149755 max=52.149755 n=8
step=00214 species=  C N=00435 vac=0000 axis=x surf=yz Eads=-7.0647 eV P=7.249e-01 E=-3858.5112 eV hmax=27.016 A hmean=26.048 A rough=0.819 A occ1=1.000 tested=8
[TEMPLATE DEBUG] total=746 species_filter=0 restriction=0 direction=221 global_front=0 occupied=218 connection=292 min_dist=5 pre_shell=10 post_shell=7 tested_energy=7
[TEMPLATE DEBUG] camada candidata x: min=52.149755 max=52.149755 n=7
step=00215 species=  C N=00436 vac=0000 axis=x surf=yz Eads=-10.3135 eV P=1.000e+00 E=-3869.5288 eV hmax=27.010 A hmean=26.200 A rough=0.860 A occ1=1.000 tested=7
[TEMPLATE DEBUG] total=746 species_filter=0 restriction=0 direction=221 global_front=0 occupied=219 connection=291 min_dist=5 pre_shell=10 post_shell=6 tested_energy=6
[TEMPLATE DEBUG] camada candidata x: min=52.149755 max=52.149755 n=6
step=00216 species=  C N=00437 vac=0000 axis=x surf=yz Eads=-7.0247 eV P=1.000e+00 E=-3876.9104 eV hmax=27.000 A hmean=26.341 A rough=0.894 A occ1=1.000 tested=6
[TEMPLATE DEBUG] total=746 species_filter=0 restriction=0 direction=221 global_front=0 occupied=220 connection=290 min_dist=5 pre_shell=10 post_shell=5 tested_energy=5
[TEMPLATE DEBUG] camada candidata x: min=52.149755 max=52.149755 n=5
step=00217 species=  C N=00438 vac=0000 axis=x surf=yz Eads=-10.3850 eV P=1.000e+00 E=-3887.8750 eV hmax=26.999 A hmean=26.494 A rough=0.920 A occ1=1.000 tested=5
[TEMPLATE DEBUG] total=746 species_filter=0 restriction=0 direction=221 global_front=0 occupied=221 connection=289 min_dist=5 pre_shell=10 post_shell=4 tested_energy=4
[TEMPLATE DEBUG] camada candidata x: min=52.149755 max=52.149755 n=4
step=00218 species=  C N=00439 vac=0000 axis=x surf=yz Eads=-6.8252 eV P=9.999e-01 E=-3895.1814 eV hmax=27.009 A hmean=26.658 A rough=0.942 A occ1=1.000 tested=4
[TEMPLATE DEBUG] total=746 species_filter=0 restriction=0 direction=221 global_front=0 occupied=222 connection=288 min_dist=5 pre_shell=10 post_shell=3 tested_energy=3
[TEMPLATE DEBUG] camada candidata x: min=52.149755 max=52.149755 n=3
step=00219 species=  C N=00440 vac=0000 axis=x surf=yz Eads=-9.9336 eV P=1.000e+00 E=-3906.1565 eV hmax=26.985 A hmean=26.668 A rough=0.956 A occ1=1.000 tested=3
[TEMPLATE DEBUG] total=746 species_filter=0 restriction=0 direction=221 global_front=0 occupied=223 connection=287 min_dist=5 pre_shell=10 post_shell=2 tested_energy=2
[TEMPLATE DEBUG] camada candidata x: min=52.149755 max=52.149755 n=2
step=00220 species=  C N=00441 vac=0000 axis=x surf=yz Eads=-6.7209 eV P=9.988e-01 E=-3913.3875 eV hmax=27.067 A hmean=26.821 A rough=0.975 A occ1=1.000 tested=2
[TEMPLATE DEBUG] total=746 species_filter=0 restriction=0 direction=221 global_front=0 occupied=225 connection=285 min_dist=5 pre_shell=10 post_shell=1 tested_energy=1
[TEMPLATE DEBUG] camada candidata x: min=52.149755 max=52.149755 n=1
step=00221 species=  C N=00442 vac=0000 axis=x surf=yz Eads=-7.0129 eV P=1.000e+00 E=-3921.3977 eV hmax=27.062 A hmean=26.987 A rough=0.986 A occ1=1.000 tested=1
[TEMPLATE DEBUG] total=746 species_filter=0 restriction=0 direction=221 global_front=0 occupied=226 connection=284 min_dist=5 pre_shell=10 post_shell=10 tested_energy=10
[TEMPLATE DEBUG] camada candidata x: min=53.379511 max=53.379511 n=10
step=00222 species=  C N=00443 vac=0000 axis=x surf=yz Eads=-7.6514 eV P=6.982e-01 E=-3929.7610 eV hmax=28.205 A hmean=27.127 A rough=0.694 A occ1=1.000 tested=10
[TEMPLATE DEBUG] total=746 species_filter=0 restriction=0 direction=221 global_front=0 occupied=227 connection=283 min_dist=5 pre_shell=10 post_shell=9 tested_energy=9
[TEMPLATE DEBUG] camada candidata x: min=53.379511 max=53.379511 n=9
step=00223 species=  C N=00444 vac=0000 axis=x surf=yz Eads=-9.6919 eV P=1.000e+00 E=-3940.5859 eV hmax=28.238 A hmean=27.140 A rough=0.765 A occ1=1.000 tested=9
[TEMPLATE DEBUG] total=746 species_filter=0 restriction=0 direction=221 global_front=0 occupied=228 connection=282 min_dist=5 pre_shell=10 post_shell=8 tested_energy=8
[TEMPLATE DEBUG] camada candidata x: min=53.379511 max=53.379511 n=8
step=00224 species=  C N=00445 vac=0000 axis=x surf=yz Eads=-7.2979 eV P=9.999e-01 E=-3949.1611 eV hmax=28.238 A hmean=27.279 A rough=0.812 A occ1=1.000 tested=8
[TEMPLATE DEBUG] total=746 species_filter=0 restriction=0 direction=221 global_front=0 occupied=229 connection=281 min_dist=5 pre_shell=10 post_shell=7 tested_energy=7
[TEMPLATE DEBUG] camada candidata x: min=53.379511 max=53.379511 n=7
step=00225 species=  C N=00446 vac=0000 axis=x surf=yz Eads=-9.8723 eV P=1.000e+00 E=-3960.1870 eV hmax=28.238 A hmean=27.429 A rough=0.854 A occ1=1.000 tested=7
[TEMPLATE DEBUG] total=746 species_filter=0 restriction=0 direction=221 global_front=0 occupied=230 connection=280 min_dist=5 pre_shell=10 post_shell=6 tested_energy=6
[TEMPLATE DEBUG] camada candidata x: min=53.379511 max=53.379511 n=6
step=00226 species=  C N=00447 vac=0000 axis=x surf=yz Eads=-6.8918 eV P=8.996e-01 E=-3967.7505 eV hmax=28.217 A hmean=27.570 A rough=0.885 A occ1=1.000 tested=6
[TEMPLATE DEBUG] total=746 species_filter=0 restriction=0 direction=221 global_front=0 occupied=231 connection=279 min_dist=5 pre_shell=10 post_shell=5 tested_energy=5
[TEMPLATE DEBUG] camada candidata x: min=53.379511 max=53.379511 n=5
step=00227 species=  C N=00448 vac=0000 axis=x surf=yz Eads=-10.2849 eV P=1.000e+00 E=-3978.6814 eV hmax=28.237 A hmean=27.723 A rough=0.913 A occ1=1.000 tested=5
[TEMPLATE DEBUG] total=746 species_filter=0 restriction=0 direction=221 global_front=0 occupied=232 connection=278 min_dist=5 pre_shell=10 post_shell=4 tested_energy=4
[TEMPLATE DEBUG] camada candidata x: min=53.379511 max=53.379511 n=4
step=00228 species=  C N=00449 vac=0000 axis=x surf=yz Eads=-6.9900 eV P=9.887e-01 E=-3986.0676 eV hmax=28.217 A hmean=27.878 A rough=0.934 A occ1=1.000 tested=4
[TEMPLATE DEBUG] total=746 species_filter=0 restriction=0 direction=221 global_front=0 occupied=233 connection=277 min_dist=5 pre_shell=10 post_shell=3 tested_energy=3
[TEMPLATE DEBUG] camada candidata x: min=53.379511 max=53.379511 n=3
step=00229 species=  C N=00450 vac=0000 axis=x surf=yz Eads=-10.4402 eV P=1.000e+00 E=-3997.0361 eV hmax=28.237 A hmean=27.888 A rough=0.951 A occ1=1.000 tested=3
[TEMPLATE DEBUG] total=746 species_filter=0 restriction=0 direction=221 global_front=0 occupied=234 connection=276 min_dist=5 pre_shell=10 post_shell=2 tested_energy=2
[TEMPLATE DEBUG] camada candidata x: min=53.379511 max=53.379511 n=2
step=00230 species=  C N=00451 vac=0000 axis=x surf=yz Eads=-6.9458 eV P=8.625e-01 E=-4004.3665 eV hmax=28.232 A hmean=28.046 A rough=0.964 A occ1=1.000 tested=2
[TEMPLATE DEBUG] total=746 species_filter=0 restriction=0 direction=221 global_front=0 occupied=235 connection=275 min_dist=5 pre_shell=10 post_shell=1 tested_energy=1
[TEMPLATE DEBUG] camada candidata x: min=53.379511 max=53.379511 n=1
step=00231 species=  C N=00452 vac=0000 axis=x surf=yz Eads=-11.1252 eV P=1.000e+00 E=-4016.1594 eV hmax=28.213 A hmean=28.038 A rough=0.968 A occ1=1.000 tested=1
[TEMPLATE DEBUG] total=746 species_filter=0 restriction=0 direction=221 global_front=0 occupied=236 connection=274 min_dist=5 pre_shell=10 post_shell=10 tested_energy=10
[TEMPLATE DEBUG] camada candidata x: min=54.609267 max=54.609267 n=10
step=00232 species=  C N=00453 vac=0000 axis=x surf=yz Eads=-6.0142 eV P=2.141e-01 E=-4022.7407 eV hmax=29.460 A hmean=28.195 A rough=0.676 A occ1=1.000 tested=10
[TEMPLATE DEBUG] total=746 species_filter=0 restriction=0 direction=221 global_front=0 occupied=237 connection=273 min_dist=5 pre_shell=10 post_shell=9 tested_energy=9
[TEMPLATE DEBUG] camada candidata x: min=54.609267 max=54.609267 n=9
step=00233 species=  C N=00454 vac=0000 axis=x surf=yz Eads=-10.4744 eV P=1.000e+00 E=-4033.7854 eV hmax=29.461 A hmean=28.348 A rough=0.756 A occ1=1.000 tested=9
[TEMPLATE DEBUG] total=746 species_filter=0 restriction=0 direction=221 global_front=0 occupied=238 connection=272 min_dist=5 pre_shell=10 post_shell=8 tested_energy=8
[TEMPLATE DEBUG] camada candidata x: min=54.609267 max=54.609267 n=8
step=00234 species=  C N=00455 vac=0000 axis=x surf=yz Eads=-7.0239 eV P=7.796e-01 E=-4041.1477 eV hmax=29.461 A hmean=28.648 A rough=0.815 A occ1=1.000 tested=8
[TEMPLATE DEBUG] total=746 species_filter=0 restriction=0 direction=221 global_front=0 occupied=239 connection=271 min_dist=5 pre_shell=10 post_shell=7 tested_energy=7
[TEMPLATE DEBUG] camada candidata x: min=54.609267 max=54.609267 n=7
step=00235 species=  C N=00456 vac=0000 axis=x surf=yz Eads=-10.3784 eV P=1.000e+00 E=-4052.1316 eV hmax=29.460 A hmean=28.657 A rough=0.861 A occ1=1.000 tested=7
[TEMPLATE DEBUG] total=746 species_filter=0 restriction=0 direction=221 global_front=0 occupied=240 connection=270 min_dist=5 pre_shell=10 post_shell=6 tested_energy=6
[TEMPLATE DEBUG] camada candidata x: min=54.609267 max=54.609267 n=6
step=00236 species=  C N=00457 vac=0000 axis=x surf=yz Eads=-6.9685 eV P=7.708e-01 E=-4059.5234 eV hmax=29.466 A hmean=28.820 A rough=0.896 A occ1=1.000 tested=6
[TEMPLATE DEBUG] total=746 species_filter=0 restriction=0 direction=221 global_front=0 occupied=241 connection=269 min_dist=5 pre_shell=10 post_shell=5 tested_energy=5
[TEMPLATE DEBUG] camada candidata x: min=54.609267 max=54.609267 n=5
step=00237 species=  C N=00458 vac=0000 axis=x surf=yz Eads=-10.3352 eV P=1.000e+00 E=-4070.5815 eV hmax=29.460 A hmean=28.827 A rough=0.922 A occ1=1.000 tested=5
[TEMPLATE DEBUG] total=746 species_filter=0 restriction=0 direction=221 global_front=0 occupied=242 connection=268 min_dist=5 pre_shell=10 post_shell=4 tested_energy=4
[TEMPLATE DEBUG] camada candidata x: min=54.609267 max=54.609267 n=4
step=00238 species=  C N=00459 vac=0000 axis=x surf=yz Eads=-6.9165 eV P=1.000e+00 E=-4077.9275 eV hmax=29.466 A hmean=28.974 A rough=0.943 A occ1=1.000 tested=4
[TEMPLATE DEBUG] total=746 species_filter=0 restriction=0 direction=221 global_front=0 occupied=243 connection=267 min_dist=5 pre_shell=10 post_shell=3 tested_energy=3
[TEMPLATE DEBUG] camada candidata x: min=54.609267 max=54.609267 n=3
step=00239 species=  C N=00460 vac=0000 axis=x surf=yz Eads=-10.1641 eV P=1.000e+00 E=-4088.8987 eV hmax=29.445 A hmean=29.128 A rough=0.958 A occ1=1.000 tested=3
[TEMPLATE DEBUG] total=746 species_filter=0 restriction=0 direction=221 global_front=0 occupied=244 connection=266 min_dist=5 pre_shell=10 post_shell=2 tested_energy=2
[TEMPLATE DEBUG] camada candidata x: min=54.609267 max=54.609267 n=2
step=00240 species=  C N=00461 vac=0000 axis=x surf=yz Eads=-6.5598 eV P=8.735e-01 E=-4096.0293 eV hmax=29.513 A hmean=29.296 A rough=0.974 A occ1=1.000 tested=2
[TEMPLATE DEBUG] total=746 species_filter=0 restriction=0 direction=221 global_front=0 occupied=245 connection=264 min_dist=5 pre_shell=11 post_shell=2 tested_energy=2
[TEMPLATE DEBUG] camada candidata x: min=54.609267 max=54.609267 n=2
step=00241 species=  C N=00462 vac=0000 axis=x surf=yz Eads=-8.3174 eV P=1.000e+00 E=-4107.0972 eV hmax=29.436 A hmean=29.298 A rough=0.974 A occ1=1.000 tested=2
[TEMPLATE DEBUG] total=746 species_filter=0 restriction=0 direction=221 global_front=0 occupied=245 connection=264 min_dist=7 pre_shell=9 post_shell=9 tested_energy=9
[TEMPLATE DEBUG] camada candidata x: min=55.839023 max=55.839023 n=9
step=00242 species=  C N=00463 vac=0000 axis=x surf=yz Eads=-6.3193 eV P=9.511e-01 E=-4113.8452 eV hmax=30.662 A hmean=29.453 A rough=0.675 A occ1=1.000 tested=9
[TEMPLATE DEBUG] total=746 species_filter=0 restriction=0 direction=221 global_front=0 occupied=246 connection=263 min_dist=7 pre_shell=9 post_shell=8 tested_energy=8
[TEMPLATE DEBUG] camada candidata x: min=55.839023 max=55.839023 n=8
step=00243 species=  C N=00464 vac=0000 axis=x surf=yz Eads=-10.3193 eV P=1.000e+00 E=-4124.8691 eV hmax=30.690 A hmean=29.607 A rough=0.755 A occ1=1.000 tested=8
[TEMPLATE DEBUG] total=746 species_filter=0 restriction=0 direction=221 global_front=0 occupied=247 connection=262 min_dist=7 pre_shell=9 post_shell=7 tested_energy=7
[TEMPLATE DEBUG] camada candidata x: min=55.839023 max=55.839023 n=7
step=00244 species=  C N=00465 vac=0000 axis=x surf=yz Eads=-7.0098 eV P=1.000e+00 E=-4132.2568 eV hmax=30.678 A hmean=29.762 A rough=0.812 A occ1=1.000 tested=7
[TEMPLATE DEBUG] total=746 species_filter=0 restriction=0 direction=221 global_front=0 occupied=248 connection=261 min_dist=7 pre_shell=9 post_shell=6 tested_energy=6
[TEMPLATE DEBUG] camada candidata x: min=55.839023 max=55.839023 n=6
step=00245 species=  C N=00466 vac=0000 axis=x surf=yz Eads=-10.4058 eV P=1.000e+00 E=-4143.2295 eV hmax=30.692 A hmean=29.772 A rough=0.857 A occ1=1.000 tested=6
[TEMPLATE DEBUG] total=746 species_filter=0 restriction=0 direction=221 global_front=0 occupied=249 connection=260 min_dist=7 pre_shell=9 post_shell=5 tested_energy=5
[TEMPLATE DEBUG] camada candidata x: min=55.839023 max=55.839023 n=5
step=00246 species=  C N=00467 vac=0000 axis=x surf=yz Eads=-7.0547 eV P=1.000e+00 E=-4150.6387 eV hmax=30.693 A hmean=29.921 A rough=0.892 A occ1=1.000 tested=5
[TEMPLATE DEBUG] total=746 species_filter=0 restriction=0 direction=221 global_front=0 occupied=250 connection=259 min_dist=7 pre_shell=9 post_shell=4 tested_energy=4
[TEMPLATE DEBUG] camada candidata x: min=55.839023 max=55.839023 n=4
step=00247 species=  C N=00468 vac=0000 axis=x surf=yz Eads=-10.3687 eV P=1.000e+00 E=-4161.6006 eV hmax=30.680 A hmean=29.919 A rough=0.918 A occ1=1.000 tested=4
[TEMPLATE DEBUG] total=746 species_filter=0 restriction=0 direction=221 global_front=0 occupied=251 connection=258 min_dist=7 pre_shell=9 post_shell=3 tested_energy=3
[TEMPLATE DEBUG] camada candidata x: min=55.839023 max=55.839023 n=3
step=00248 species=  C N=00469 vac=0000 axis=x surf=yz Eads=-6.8140 eV P=1.000e+00 E=-4168.9321 eV hmax=30.702 A hmean=30.085 A rough=0.939 A occ1=1.000 tested=3
[TEMPLATE DEBUG] total=746 species_filter=0 restriction=0 direction=221 global_front=0 occupied=252 connection=257 min_dist=7 pre_shell=9 post_shell=2 tested_energy=2
[TEMPLATE DEBUG] camada candidata x: min=55.839023 max=55.839023 n=2
step=00249 species=  C N=00470 vac=0000 axis=x surf=yz Eads=-9.7300 eV P=1.000e+00 E=-4179.9561 eV hmax=30.666 A hmean=30.233 A rough=0.953 A occ1=1.000 tested=2
[TEMPLATE DEBUG] total=746 species_filter=0 restriction=0 direction=221 global_front=0 occupied=253 connection=256 min_dist=7 pre_shell=9 post_shell=1 tested_energy=1
[TEMPLATE DEBUG] camada candidata x: min=55.839023 max=55.839023 n=1
step=00250 species=  C N=00471 vac=0000 axis=x surf=yz Eads=-6.2310 eV P=1.000e+00 E=-4187.2500 eV hmax=30.712 A hmean=30.515 A rough=0.970 A occ1=1.000 tested=1
[TEMPLATE DEBUG] total=746 species_filter=0 restriction=0 direction=221 global_front=0 occupied=255 connection=254 min_dist=6 pre_shell=10 post_shell=1 tested_energy=1
[TEMPLATE DEBUG] camada candidata x: min=55.839023 max=55.839023 n=1
step=00251 species=  C N=00472 vac=0000 axis=x surf=yz Eads=-8.8970 eV P=1.000e+00 E=-4198.6792 eV hmax=30.666 A hmean=30.497 A rough=0.973 A occ1=1.000 tested=1
[TEMPLATE DEBUG] total=746 species_filter=0 restriction=0 direction=221 global_front=0 occupied=257 connection=253 min_dist=5 pre_shell=10 post_shell=10 tested_energy=10
[TEMPLATE DEBUG] camada candidata x: min=57.068779 max=57.068779 n=10
step=00252 species=  C N=00473 vac=0000 axis=x surf=yz Eads=-6.1128 eV P=1.997e-01 E=-4205.2812 eV hmax=31.917 A hmean=30.809 A rough=0.681 A occ1=1.000 tested=10
[TEMPLATE DEBUG] total=746 species_filter=0 restriction=0 direction=221 global_front=0 occupied=258 connection=252 min_dist=5 pre_shell=10 post_shell=9 tested_energy=9
[TEMPLATE DEBUG] camada candidata x: min=57.068779 max=57.068779 n=9
step=00253 species=  C N=00474 vac=0000 axis=x surf=yz Eads=-10.5161 eV P=1.000e+00 E=-4216.3164 eV hmax=31.928 A hmean=30.820 A rough=0.761 A occ1=1.000 tested=9
[TEMPLATE DEBUG] total=746 species_filter=0 restriction=0 direction=221 global_front=0 occupied=259 connection=251 min_dist=5 pre_shell=10 post_shell=8 tested_energy=8
[TEMPLATE DEBUG] camada candidata x: min=57.068779 max=57.068779 n=8
step=00254 species=  C N=00475 vac=0000 axis=x surf=yz Eads=-7.0620 eV P=7.564e-01 E=-4223.7373 eV hmax=31.933 A hmean=30.964 A rough=0.820 A occ1=1.000 tested=8
[TEMPLATE DEBUG] total=746 species_filter=0 restriction=0 direction=221 global_front=0 occupied=260 connection=250 min_dist=5 pre_shell=10 post_shell=7 tested_energy=7
[TEMPLATE DEBUG] camada candidata x: min=57.068779 max=57.068779 n=7
step=00255 species=  C N=00476 vac=0000 axis=x surf=yz Eads=-10.3218 eV P=1.000e+00 E=-4234.7559 eV hmax=31.928 A hmean=31.116 A rough=0.861 A occ1=1.000 tested=7
[TEMPLATE DEBUG] total=746 species_filter=0 restriction=0 direction=221 global_front=0 occupied=261 connection=249 min_dist=5 pre_shell=10 post_shell=6 tested_energy=6
[TEMPLATE DEBUG] camada candidata x: min=57.068779 max=57.068779 n=6
step=00256 species=  C N=00477 vac=0000 axis=x surf=yz Eads=-7.0156 eV P=1.000e+00 E=-4242.1377 eV hmax=31.917 A hmean=31.257 A rough=0.895 A occ1=1.000 tested=6
[TEMPLATE DEBUG] total=746 species_filter=0 restriction=0 direction=221 global_front=0 occupied=262 connection=248 min_dist=5 pre_shell=10 post_shell=5 tested_energy=5
[TEMPLATE DEBUG] camada candidata x: min=57.068779 max=57.068779 n=5
step=00257 species=  C N=00478 vac=0000 axis=x surf=yz Eads=-10.3813 eV P=1.000e+00 E=-4253.1006 eV hmax=31.916 A hmean=31.411 A rough=0.921 A occ1=1.000 tested=5
[TEMPLATE DEBUG] total=746 species_filter=0 restriction=0 direction=221 global_front=0 occupied=263 connection=247 min_dist=5 pre_shell=10 post_shell=4 tested_energy=4
[TEMPLATE DEBUG] camada candidata x: min=57.068779 max=57.068779 n=4
step=00258 species=  C N=00479 vac=0000 axis=x surf=yz Eads=-6.8110 eV P=9.999e-01 E=-4260.4097 eV hmax=31.926 A hmean=31.574 A rough=0.942 A occ1=1.000 tested=4
[TEMPLATE DEBUG] total=746 species_filter=0 restriction=0 direction=221 global_front=0 occupied=264 connection=246 min_dist=5 pre_shell=10 post_shell=3 tested_energy=3
[TEMPLATE DEBUG] camada candidata x: min=57.068779 max=57.068779 n=3
step=00259 species=  C N=00480 vac=0000 axis=x surf=yz Eads=-9.9199 eV P=1.000e+00 E=-4271.3779 eV hmax=31.903 A hmean=31.585 A rough=0.957 A occ1=1.000 tested=3
[TEMPLATE DEBUG] total=746 species_filter=0 restriction=0 direction=221 global_front=0 occupied=265 connection=245 min_dist=5 pre_shell=10 post_shell=2 tested_energy=2
[TEMPLATE DEBUG] camada candidata x: min=57.068779 max=57.068779 n=2
step=00260 species=  C N=00481 vac=0000 axis=x surf=yz Eads=-6.7236 eV P=9.993e-01 E=-4278.6143 eV hmax=31.985 A hmean=31.737 A rough=0.975 A occ1=1.000 tested=2
[TEMPLATE DEBUG] total=746 species_filter=0 restriction=0 direction=221 global_front=0 occupied=267 connection=243 min_dist=5 pre_shell=10 post_shell=1 tested_energy=1
[TEMPLATE DEBUG] camada candidata x: min=57.068779 max=57.068779 n=1
step=00261 species=  C N=00482 vac=0000 axis=x surf=yz Eads=-6.9912 eV P=1.000e+00 E=-4286.6123 eV hmax=31.979 A hmean=31.904 A rough=0.986 A occ1=1.000 tested=1
[TEMPLATE DEBUG] total=746 species_filter=0 restriction=0 direction=221 global_front=0 occupied=268 connection=242 min_dist=5 pre_shell=10 post_shell=10 tested_energy=10
[TEMPLATE DEBUG] camada candidata x: min=58.298535 max=58.298535 n=10
step=00262 species=  C N=00483 vac=0000 axis=x surf=yz Eads=-7.6104 eV P=2.854e-01 E=-4295.0386 eV hmax=33.113 A hmean=32.047 A rough=0.692 A occ1=1.000 tested=10
[TEMPLATE DEBUG] total=746 species_filter=0 restriction=0 direction=221 global_front=0 occupied=269 connection=241 min_dist=5 pre_shell=10 post_shell=9 tested_energy=9
[TEMPLATE DEBUG] camada candidata x: min=58.298535 max=58.298535 n=9
step=00263 species=  C N=00484 vac=0000 axis=x surf=yz Eads=-9.6514 eV P=1.000e+00 E=-4305.8960 eV hmax=33.150 A hmean=32.195 A rough=0.763 A occ1=1.000 tested=9
[TEMPLATE DEBUG] total=746 species_filter=0 restriction=0 direction=221 global_front=0 occupied=270 connection=240 min_dist=5 pre_shell=10 post_shell=8 tested_energy=8
[TEMPLATE DEBUG] camada candidata x: min=58.298535 max=58.298535 n=8
step=00264 species=  C N=00485 vac=0000 axis=x surf=yz Eads=-7.2734 eV P=9.999e-01 E=-4314.3896 eV hmax=33.150 A hmean=32.323 A rough=0.811 A occ1=1.000 tested=8
[TEMPLATE DEBUG] total=746 species_filter=0 restriction=0 direction=221 global_front=0 occupied=271 connection=239 min_dist=5 pre_shell=10 post_shell=7 tested_energy=7
[TEMPLATE DEBUG] camada candidata x: min=58.298535 max=58.298535 n=7
step=00265 species=  C N=00486 vac=0000 axis=x surf=yz Eads=-9.8413 eV P=1.000e+00 E=-4325.4336 eV hmax=33.150 A hmean=32.341 A rough=0.854 A occ1=1.000 tested=7
[TEMPLATE DEBUG] total=746 species_filter=0 restriction=0 direction=221 global_front=0 occupied=272 connection=238 min_dist=5 pre_shell=10 post_shell=6 tested_energy=6
[TEMPLATE DEBUG] camada candidata x: min=58.298535 max=58.298535 n=6
step=00266 species=  C N=00487 vac=0000 axis=x surf=yz Eads=-6.8755 eV P=8.849e-01 E=-4332.9531 eV hmax=33.137 A hmean=32.493 A rough=0.885 A occ1=1.000 tested=6
[TEMPLATE DEBUG] total=746 species_filter=0 restriction=0 direction=221 global_front=0 occupied=273 connection=237 min_dist=5 pre_shell=10 post_shell=5 tested_energy=5
[TEMPLATE DEBUG] camada candidata x: min=58.298535 max=58.298535 n=5
step=00267 species=  C N=00488 vac=0000 axis=x surf=yz Eads=-10.2627 eV P=1.000e+00 E=-4343.9062 eV hmax=33.150 A hmean=32.508 A rough=0.913 A occ1=1.000 tested=5
[TEMPLATE DEBUG] total=746 species_filter=0 restriction=0 direction=221 global_front=0 occupied=274 connection=236 min_dist=5 pre_shell=10 post_shell=4 tested_energy=4
[TEMPLATE DEBUG] camada candidata x: min=58.298535 max=58.298535 n=4
step=00268 species=  C N=00489 vac=0000 axis=x surf=yz Eads=-7.0293 eV P=9.964e-01 E=-4351.2842 eV hmax=33.140 A hmean=32.658 A rough=0.935 A occ1=1.000 tested=4
[TEMPLATE DEBUG] total=746 species_filter=0 restriction=0 direction=221 global_front=0 occupied=275 connection=235 min_dist=5 pre_shell=10 post_shell=3 tested_energy=3
[TEMPLATE DEBUG] camada candidata x: min=58.298535 max=58.298535 n=3
step=00269 species=  C N=00490 vac=0000 axis=x surf=yz Eads=-10.4233 eV P=1.000e+00 E=-4362.2734 eV hmax=33.149 A hmean=32.660 A rough=0.952 A occ1=1.000 tested=3
[TEMPLATE DEBUG] total=746 species_filter=0 restriction=0 direction=221 global_front=0 occupied=276 connection=234 min_dist=5 pre_shell=10 post_shell=2 tested_energy=2
[TEMPLATE DEBUG] camada candidata x: min=58.298535 max=58.298535 n=2
step=00270 species=  C N=00491 vac=0000 axis=x surf=yz Eads=-6.9834 eV P=9.662e-01 E=-4369.6045 eV hmax=33.154 A hmean=32.817 A rough=0.965 A occ1=1.000 tested=2
[TEMPLATE DEBUG] total=746 species_filter=0 restriction=0 direction=221 global_front=0 occupied=277 connection=233 min_dist=5 pre_shell=10 post_shell=1 tested_energy=1
[TEMPLATE DEBUG] camada candidata x: min=58.298535 max=58.298535 n=1
step=00271 species=  C N=00492 vac=0000 axis=x surf=yz Eads=-11.0630 eV P=1.000e+00 E=-4381.4155 eV hmax=33.127 A hmean=32.950 A rough=0.969 A occ1=1.000 tested=1
[TEMPLATE DEBUG] total=746 species_filter=0 restriction=0 direction=221 global_front=0 occupied=278 connection=232 min_dist=5 pre_shell=10 post_shell=10 tested_energy=10
[TEMPLATE DEBUG] camada candidata x: min=59.528292 max=59.528292 n=10
step=00272 species=  C N=00493 vac=0000 axis=x surf=yz Eads=-6.0410 eV P=3.521e-01 E=-4387.9497 eV hmax=34.395 A hmean=33.110 A rough=0.679 A occ1=1.000 tested=10
[TEMPLATE DEBUG] total=746 species_filter=0 restriction=0 direction=221 global_front=0 occupied=279 connection=231 min_dist=5 pre_shell=10 post_shell=9 tested_energy=9
[TEMPLATE DEBUG] camada candidata x: min=59.528292 max=59.528292 n=9
step=00273 species=  C N=00494 vac=0000 axis=x surf=yz Eads=-10.4766 eV P=1.000e+00 E=-4399.0376 eV hmax=34.374 A hmean=33.262 A rough=0.759 A occ1=1.000 tested=9
[TEMPLATE DEBUG] total=746 species_filter=0 restriction=0 direction=221 global_front=0 occupied=280 connection=230 min_dist=5 pre_shell=10 post_shell=8 tested_energy=8
[TEMPLATE DEBUG] camada candidata x: min=59.528292 max=59.528292 n=8
step=00274 species=  C N=00495 vac=0000 axis=x surf=yz Eads=-7.0601 eV P=9.788e-01 E=-4406.4287 eV hmax=34.379 A hmean=33.563 A rough=0.817 A occ1=1.000 tested=8
[TEMPLATE DEBUG] total=746 species_filter=0 restriction=0 direction=221 global_front=0 occupied=281 connection=229 min_dist=5 pre_shell=10 post_shell=7 tested_energy=7
[TEMPLATE DEBUG] camada candidata x: min=59.528292 max=59.528292 n=7
step=00275 species=  C N=00496 vac=0000 axis=x surf=yz Eads=-10.4351 eV P=1.000e+00 E=-4417.3843 eV hmax=34.384 A hmean=33.572 A rough=0.863 A occ1=1.000 tested=7
[TEMPLATE DEBUG] total=746 species_filter=0 restriction=0 direction=221 global_front=0 occupied=282 connection=228 min_dist=5 pre_shell=10 post_shell=6 tested_energy=6
[TEMPLATE DEBUG] camada candidata x: min=59.528292 max=59.528292 n=6
step=00276 species=  C N=00497 vac=0000 axis=x surf=yz Eads=-6.8989 eV P=5.842e-01 E=-4424.7373 eV hmax=34.386 A hmean=33.733 A rough=0.898 A occ1=1.000 tested=6
[TEMPLATE DEBUG] total=746 species_filter=0 restriction=0 direction=221 global_front=0 occupied=283 connection=227 min_dist=5 pre_shell=10 post_shell=5 tested_energy=5
[TEMPLATE DEBUG] camada candidata x: min=59.528292 max=59.528292 n=5
step=00277 species=  C N=00498 vac=0000 axis=x surf=yz Eads=-10.1099 eV P=1.000e+00 E=-4435.7144 eV hmax=34.384 A hmean=33.742 A rough=0.923 A occ1=1.000 tested=5
[TEMPLATE DEBUG] total=746 species_filter=0 restriction=0 direction=221 global_front=0 occupied=284 connection=226 min_dist=5 pre_shell=10 post_shell=4 tested_energy=4
[TEMPLATE DEBUG] camada candidata x: min=59.528292 max=59.528292 n=4
step=00278 species=  C N=00499 vac=0000 axis=x surf=yz Eads=-6.8843 eV P=9.989e-01 E=-4443.0908 eV hmax=34.378 A hmean=33.889 A rough=0.944 A occ1=1.000 tested=4
[TEMPLATE DEBUG] total=746 species_filter=0 restriction=0 direction=221 global_front=0 occupied=285 connection=225 min_dist=5 pre_shell=10 post_shell=3 tested_energy=3
[TEMPLATE DEBUG] camada candidata x: min=59.528292 max=59.528292 n=3
step=00279 species=  C N=00500 vac=0000 axis=x surf=yz Eads=-10.3584 eV P=1.000e+00 E=-4454.1177 eV hmax=34.362 A hmean=34.040 A rough=0.959 A occ1=1.000 tested=3
[TEMPLATE DEBUG] total=746 species_filter=0 restriction=0 direction=221 global_front=0 occupied=286 connection=224 min_dist=5 pre_shell=10 post_shell=2 tested_energy=2
[TEMPLATE DEBUG] camada candidata x: min=59.528292 max=59.528292 n=2
step=00280 species=  C N=00501 vac=0000 axis=x surf=yz Eads=-6.6162 eV P=9.961e-01 E=-4461.2695 eV hmax=34.437 A hmean=34.193 A rough=0.975 A occ1=1.000 tested=2
[TEMPLATE DEBUG] total=746 species_filter=0 restriction=0 direction=221 global_front=0 occupied=288 connection=222 min_dist=5 pre_shell=10 post_shell=1 tested_energy=1
[TEMPLATE DEBUG] camada candidata x: min=59.528292 max=59.528292 n=1
step=00281 species=  C N=00502 vac=0000 axis=x surf=yz Eads=-6.9507 eV P=1.000e+00 E=-4469.1978 eV hmax=34.432 A hmean=34.360 A rough=0.986 A occ1=1.000 tested=1
[TEMPLATE DEBUG] total=746 species_filter=0 restriction=0 direction=221 global_front=0 occupied=289 connection=221 min_dist=5 pre_shell=10 post_shell=10 tested_energy=10
[TEMPLATE DEBUG] camada candidata x: min=60.758048 max=60.758048 n=10
step=00282 species=  C N=00503 vac=0000 axis=x surf=yz Eads=-7.6187 eV P=3.090e-01 E=-4477.6152 eV hmax=35.575 A hmean=34.502 A rough=0.693 A occ1=1.000 tested=10
[TEMPLATE DEBUG] total=746 species_filter=0 restriction=0 direction=221 global_front=0 occupied=290 connection=220 min_dist=5 pre_shell=10 post_shell=9 tested_energy=9
[TEMPLATE DEBUG] camada candidata x: min=60.758048 max=60.758048 n=9
step=00283 species=  C N=00504 vac=0000 axis=x surf=yz Eads=-9.6357 eV P=1.000e+00 E=-4488.4624 eV hmax=35.607 A hmean=34.650 A rough=0.764 A occ1=1.000 tested=9
[TEMPLATE DEBUG] total=746 species_filter=0 restriction=0 direction=221 global_front=0 occupied=291 connection=219 min_dist=5 pre_shell=10 post_shell=8 tested_energy=8
[TEMPLATE DEBUG] camada candidata x: min=60.758048 max=60.758048 n=8
step=00284 species=  C N=00505 vac=0000 axis=x surf=yz Eads=-7.2886 eV P=9.999e-01 E=-4497.0020 eV hmax=35.607 A hmean=34.778 A rough=0.812 A occ1=1.000 tested=8
[TEMPLATE DEBUG] total=746 species_filter=0 restriction=0 direction=221 global_front=0 occupied=291 connection=218 min_dist=6 pre_shell=10 post_shell=7 tested_energy=7
[TEMPLATE DEBUG] camada candidata x: min=60.758048 max=60.758048 n=7
step=00285 species=  C N=00506 vac=0000 axis=x surf=yz Eads=-9.8354 eV P=1.000e+00 E=-4508.0469 eV hmax=35.607 A hmean=34.796 A rough=0.854 A occ1=1.000 tested=7
[TEMPLATE DEBUG] total=746 species_filter=0 restriction=0 direction=221 global_front=0 occupied=292 connection=217 min_dist=6 pre_shell=10 post_shell=6 tested_energy=6
[TEMPLATE DEBUG] camada candidata x: min=60.758048 max=60.758048 n=6
step=00286 species=  C N=00507 vac=0000 axis=x surf=yz Eads=-6.9067 eV P=9.580e-01 E=-4515.5938 eV hmax=35.594 A hmean=34.951 A rough=0.885 A occ1=1.000 tested=6
[TEMPLATE DEBUG] total=746 species_filter=0 restriction=0 direction=221 global_front=0 occupied=293 connection=216 min_dist=6 pre_shell=10 post_shell=5 tested_energy=5
[TEMPLATE DEBUG] camada candidata x: min=60.758048 max=60.758048 n=5
step=00287 species=  C N=00508 vac=0000 axis=x surf=yz Eads=-10.3140 eV P=1.000e+00 E=-4526.5327 eV hmax=35.617 A hmean=34.965 A rough=0.914 A occ1=1.000 tested=5
[TEMPLATE DEBUG] total=746 species_filter=0 restriction=0 direction=221 global_front=0 occupied=294 connection=215 min_dist=6 pre_shell=10 post_shell=4 tested_energy=4
[TEMPLATE DEBUG] camada candidata x: min=60.758048 max=60.758048 n=4
step=00288 species=  C N=00509 vac=0000 axis=x surf=yz Eads=-6.9888 eV P=9.936e-01 E=-4533.9028 eV hmax=35.596 A hmean=35.116 A rough=0.935 A occ1=1.000 tested=4
[TEMPLATE DEBUG] total=746 species_filter=0 restriction=0 direction=221 global_front=0 occupied=295 connection=214 min_dist=6 pre_shell=10 post_shell=3 tested_energy=3
[TEMPLATE DEBUG] camada candidata x: min=60.758048 max=60.758048 n=3
step=00289 species=  C N=00510 vac=0000 axis=x surf=yz Eads=-10.4004 eV P=1.000e+00 E=-4544.8921 eV hmax=35.606 A hmean=35.118 A rough=0.952 A occ1=1.000 tested=3
[TEMPLATE DEBUG] total=746 species_filter=0 restriction=0 direction=221 global_front=0 occupied=296 connection=213 min_dist=6 pre_shell=10 post_shell=2 tested_energy=2
[TEMPLATE DEBUG] camada candidata x: min=60.758048 max=60.758048 n=2
step=00290 species=  C N=00511 vac=0000 axis=x surf=yz Eads=-6.9800 eV P=9.746e-01 E=-4552.2212 eV hmax=35.613 A hmean=35.275 A rough=0.966 A occ1=1.000 tested=2
[TEMPLATE DEBUG] total=746 species_filter=0 restriction=0 direction=221 global_front=0 occupied=297 connection=212 min_dist=6 pre_shell=10 post_shell=1 tested_energy=1
[TEMPLATE DEBUG] camada candidata x: min=60.758048 max=60.758048 n=1
step=00291 species=  C N=00512 vac=0000 axis=x surf=yz Eads=-11.0527 eV P=1.000e+00 E=-4564.0229 eV hmax=35.590 A hmean=35.409 A rough=0.969 A occ1=1.000 tested=1
[TEMPLATE DEBUG] total=746 species_filter=0 restriction=0 direction=221 global_front=0 occupied=298 connection=211 min_dist=6 pre_shell=10 post_shell=10 tested_energy=10
[TEMPLATE DEBUG] camada candidata x: min=61.987804 max=61.987804 n=10
step=00292 species=  C N=00513 vac=0000 axis=x surf=yz Eads=-6.0347 eV P=2.982e-01 E=-4570.5532 eV hmax=36.854 A hmean=35.568 A rough=0.679 A occ1=1.000 tested=10
[TEMPLATE DEBUG] total=746 species_filter=0 restriction=0 direction=221 global_front=0 occupied=299 connection=210 min_dist=6 pre_shell=10 post_shell=9 tested_energy=9
[TEMPLATE DEBUG] camada candidata x: min=61.987804 max=61.987804 n=9
step=00293 species=  C N=00514 vac=0000 axis=x surf=yz Eads=-10.4663 eV P=1.000e+00 E=-4581.6406 eV hmax=36.832 A hmean=35.721 A rough=0.759 A occ1=1.000 tested=9
[TEMPLATE DEBUG] total=746 species_filter=0 restriction=0 direction=221 global_front=0 occupied=300 connection=209 min_dist=6 pre_shell=10 post_shell=8 tested_energy=8
[TEMPLATE DEBUG] camada candidata x: min=61.987804 max=61.987804 n=8
step=00294 species=  C N=00515 vac=0000 axis=x surf=yz Eads=-7.0625 eV P=9.806e-01 E=-4589.0352 eV hmax=36.838 A hmean=36.021 A rough=0.817 A occ1=1.000 tested=8
[TEMPLATE DEBUG] total=746 species_filter=0 restriction=0 direction=221 global_front=0 occupied=301 connection=208 min_dist=6 pre_shell=10 post_shell=7 tested_energy=7
[TEMPLATE DEBUG] camada candidata x: min=61.987804 max=61.987804 n=7
step=00295 species=  C N=00516 vac=0000 axis=x surf=yz Eads=-10.4375 eV P=1.000e+00 E=-4599.9902 eV hmax=36.844 A hmean=36.029 A rough=0.863 A occ1=1.000 tested=7
[TEMPLATE DEBUG] total=746 species_filter=0 restriction=0 direction=221 global_front=0 occupied=302 connection=207 min_dist=6 pre_shell=10 post_shell=6 tested_energy=6
[TEMPLATE DEBUG] camada candidata x: min=61.987804 max=61.987804 n=6
step=00296 species=  C N=00517 vac=0000 axis=x surf=yz Eads=-6.8818 eV P=4.158e-01 E=-4607.3716 eV hmax=36.836 A hmean=36.177 A rough=0.898 A occ1=1.000 tested=6
[TEMPLATE DEBUG] total=746 species_filter=0 restriction=0 direction=221 global_front=0 occupied=303 connection=206 min_dist=6 pre_shell=10 post_shell=5 tested_energy=5
[TEMPLATE DEBUG] camada candidata x: min=61.987804 max=61.987804 n=5
step=00297 species=  C N=00518 vac=0000 axis=x surf=yz Eads=-10.3560 eV P=1.000e+00 E=-4618.4185 eV hmax=36.832 A hmean=36.327 A rough=0.923 A occ1=1.000 tested=5
[TEMPLATE DEBUG] total=746 species_filter=0 restriction=0 direction=221 global_front=0 occupied=304 connection=205 min_dist=6 pre_shell=10 post_shell=4 tested_energy=4
[TEMPLATE DEBUG] camada candidata x: min=61.987804 max=61.987804 n=4
step=00298 species=  C N=00519 vac=0000 axis=x surf=yz Eads=-6.8965 eV P=1.000e+00 E=-4625.7783 eV hmax=36.844 A hmean=36.488 A rough=0.945 A occ1=1.000 tested=4
[TEMPLATE DEBUG] total=746 species_filter=0 restriction=0 direction=221 global_front=0 occupied=305 connection=204 min_dist=6 pre_shell=10 post_shell=3 tested_energy=3
[TEMPLATE DEBUG] camada candidata x: min=61.987804 max=61.987804 n=3
step=00299 species=  C N=00520 vac=0000 axis=x surf=yz Eads=-10.0869 eV P=1.000e+00 E=-4636.7314 eV hmax=36.822 A hmean=36.497 A rough=0.959 A occ1=1.000 tested=3
[TEMPLATE DEBUG] total=746 species_filter=0 restriction=0 direction=221 global_front=0 occupied=306 connection=203 min_dist=6 pre_shell=10 post_shell=2 tested_energy=2
[TEMPLATE DEBUG] camada candidata x: min=61.987804 max=61.987804 n=2
step=00300 species=  C N=00521 vac=0000 axis=x surf=yz Eads=-6.6069 eV P=9.960e-01 E=-4643.8813 eV hmax=36.896 A hmean=36.651 A rough=0.976 A occ1=1.000 tested=2
[TEMPLATE DEBUG] total=746 species_filter=0 restriction=0 direction=221 global_front=0 occupied=307 connection=201 min_dist=7 pre_shell=10 post_shell=1 tested_energy=1
[TEMPLATE DEBUG] camada candidata x: min=61.987804 max=61.987804 n=1
step=00301 species=  C N=00522 vac=0000 axis=x surf=yz Eads=-6.9277 eV P=1.000e+00 E=-4651.8076 eV hmax=36.891 A hmean=36.818 A rough=0.986 A occ1=1.000 tested=1
[TEMPLATE DEBUG] total=746 species_filter=0 restriction=0 direction=221 global_front=0 occupied=309 connection=200 min_dist=6 pre_shell=10 post_shell=10 tested_energy=10
[TEMPLATE DEBUG] camada candidata x: min=63.217560 max=63.217560 n=10
step=00302 species=  C N=00523 vac=0000 axis=x surf=yz Eads=-7.6577 eV P=7.192e-01 E=-4660.1743 eV hmax=38.042 A hmean=36.958 A rough=0.695 A occ1=1.000 tested=10
[TEMPLATE DEBUG] total=746 species_filter=0 restriction=0 direction=221 global_front=0 occupied=310 connection=199 min_dist=6 pre_shell=10 post_shell=9 tested_energy=9
[TEMPLATE DEBUG] camada candidata x: min=63.217560 max=63.217560 n=9
step=00303 species=  C N=00524 vac=0000 axis=x surf=yz Eads=-9.6499 eV P=1.000e+00 E=-4670.9629 eV hmax=38.072 A hmean=36.970 A rough=0.767 A occ1=1.000 tested=9
[TEMPLATE DEBUG] total=746 species_filter=0 restriction=0 direction=221 global_front=0 occupied=311 connection=198 min_dist=6 pre_shell=10 post_shell=8 tested_energy=8
[TEMPLATE DEBUG] camada candidata x: min=63.217560 max=63.217560 n=8
step=00304 species=  C N=00525 vac=0000 axis=x surf=yz Eads=-7.2905 eV P=1.000e+00 E=-4679.5630 eV hmax=38.072 A hmean=37.109 A rough=0.813 A occ1=1.000 tested=8
[TEMPLATE DEBUG] total=746 species_filter=0 restriction=0 direction=221 global_front=0 occupied=312 connection=197 min_dist=6 pre_shell=10 post_shell=7 tested_energy=7
[TEMPLATE DEBUG] camada candidata x: min=63.217560 max=63.217560 n=7
step=00305 species=  C N=00526 vac=0000 axis=x surf=yz Eads=-9.8726 eV P=1.000e+00 E=-4690.6069 eV hmax=38.072 A hmean=37.259 A rough=0.855 A occ1=1.000 tested=7
[TEMPLATE DEBUG] total=746 species_filter=0 restriction=0 direction=221 global_front=0 occupied=313 connection=196 min_dist=6 pre_shell=10 post_shell=6 tested_energy=6
[TEMPLATE DEBUG] camada candidata x: min=63.217560 max=63.217560 n=6
step=00306 species=  C N=00527 vac=0000 axis=x surf=yz Eads=-6.8477 eV P=6.637e-01 E=-4698.1499 eV hmax=38.052 A hmean=37.401 A rough=0.886 A occ1=1.000 tested=6
[TEMPLATE DEBUG] total=746 species_filter=0 restriction=0 direction=221 global_front=0 occupied=314 connection=195 min_dist=6 pre_shell=10 post_shell=5 tested_energy=5
[TEMPLATE DEBUG] camada candidata x: min=63.217560 max=63.217560 n=5
step=00307 species=  C N=00528 vac=0000 axis=x surf=yz Eads=-10.2739 eV P=1.000e+00 E=-4709.0820 eV hmax=38.072 A hmean=37.554 A rough=0.914 A occ1=1.000 tested=5
[TEMPLATE DEBUG] total=746 species_filter=0 restriction=0 direction=221 global_front=0 occupied=315 connection=194 min_dist=6 pre_shell=10 post_shell=4 tested_energy=4
[TEMPLATE DEBUG] camada candidata x: min=63.217560 max=63.217560 n=4
step=00308 species=  C N=00529 vac=0000 axis=x surf=yz Eads=-6.9468 eV P=9.522e-01 E=-4716.4614 eV hmax=38.052 A hmean=37.710 A rough=0.935 A occ1=1.000 tested=4
[TEMPLATE DEBUG] total=746 species_filter=0 restriction=0 direction=221 global_front=0 occupied=316 connection=193 min_dist=6 pre_shell=10 post_shell=3 tested_energy=3
[TEMPLATE DEBUG] camada candidata x: min=63.217560 max=63.217560 n=3
step=00309 species=  C N=00530 vac=0000 axis=x surf=yz Eads=-10.4038 eV P=1.000e+00 E=-4727.4458 eV hmax=38.067 A hmean=37.721 A rough=0.952 A occ1=1.000 tested=3
[TEMPLATE DEBUG] total=746 species_filter=0 restriction=0 direction=221 global_front=0 occupied=317 connection=192 min_dist=6 pre_shell=10 post_shell=2 tested_energy=2
[TEMPLATE DEBUG] camada candidata x: min=63.217560 max=63.217560 n=2
step=00310 species=  C N=00531 vac=0000 axis=x surf=yz Eads=-7.0029 eV P=9.624e-01 E=-4734.7871 eV hmax=38.072 A hmean=37.881 A rough=0.965 A occ1=1.000 tested=2
[TEMPLATE DEBUG] total=746 species_filter=0 restriction=0 direction=221 global_front=0 occupied=318 connection=191 min_dist=6 pre_shell=10 post_shell=1 tested_energy=1
[TEMPLATE DEBUG] camada candidata x: min=63.217560 max=63.217560 n=1
step=00311 species=  C N=00532 vac=0000 axis=x surf=yz Eads=-11.1094 eV P=1.000e+00 E=-4746.5640 eV hmax=38.047 A hmean=37.872 A rough=0.969 A occ1=1.000 tested=1
[TEMPLATE DEBUG] total=746 species_filter=0 restriction=0 direction=221 global_front=0 occupied=319 connection=190 min_dist=6 pre_shell=10 post_shell=10 tested_energy=10
[TEMPLATE DEBUG] camada candidata x: min=64.447316 max=64.447316 n=10
step=00312 species=  C N=00533 vac=0000 axis=x surf=yz Eads=-6.0049 eV P=1.807e-01 E=-4753.1421 eV hmax=39.296 A hmean=38.028 A rough=0.676 A occ1=1.000 tested=10
[TEMPLATE DEBUG] total=746 species_filter=0 restriction=0 direction=221 global_front=0 occupied=320 connection=189 min_dist=6 pre_shell=10 post_shell=9 tested_energy=9
[TEMPLATE DEBUG] camada candidata x: min=64.447316 max=64.447316 n=9
step=00313 species=  C N=00534 vac=0000 axis=x surf=yz Eads=-10.4634 eV P=1.000e+00 E=-4764.1865 eV hmax=39.294 A hmean=38.182 A rough=0.757 A occ1=1.000 tested=9
[TEMPLATE DEBUG] total=746 species_filter=0 restriction=0 direction=221 global_front=0 occupied=321 connection=188 min_dist=6 pre_shell=10 post_shell=8 tested_energy=8
[TEMPLATE DEBUG] camada candidata x: min=64.447316 max=64.447316 n=8
step=00314 species=  C N=00535 vac=0000 axis=x surf=yz Eads=-7.0127 eV P=7.522e-01 E=-4771.5488 eV hmax=39.296 A hmean=38.482 A rough=0.816 A occ1=1.000 tested=8
[TEMPLATE DEBUG] total=746 species_filter=0 restriction=0 direction=221 global_front=0 occupied=322 connection=187 min_dist=6 pre_shell=10 post_shell=7 tested_energy=7
[TEMPLATE DEBUG] camada candidata x: min=64.447316 max=64.447316 n=7
step=00315 species=  C N=00536 vac=0000 axis=x surf=yz Eads=-10.3682 eV P=1.000e+00 E=-4782.5327 eV hmax=39.296 A hmean=38.491 A rough=0.862 A occ1=1.000 tested=7
[TEMPLATE DEBUG] total=746 species_filter=0 restriction=0 direction=221 global_front=0 occupied=323 connection=186 min_dist=6 pre_shell=10 post_shell=6 tested_energy=6
[TEMPLATE DEBUG] camada candidata x: min=64.447316 max=64.447316 n=6
step=00316 species=  C N=00537 vac=0000 axis=x surf=yz Eads=-6.9648 eV P=7.667e-01 E=-4789.9351 eV hmax=39.300 A hmean=38.655 A rough=0.897 A occ1=1.000 tested=6
[TEMPLATE DEBUG] total=746 species_filter=0 restriction=0 direction=221 global_front=0 occupied=324 connection=185 min_dist=6 pre_shell=10 post_shell=5 tested_energy=5
[TEMPLATE DEBUG] camada candidata x: min=64.447316 max=64.447316 n=5
step=00317 species=  C N=00538 vac=0000 axis=x surf=yz Eads=-10.3672 eV P=1.000e+00 E=-4801.0068 eV hmax=39.296 A hmean=38.661 A rough=0.923 A occ1=1.000 tested=5
[TEMPLATE DEBUG] total=746 species_filter=0 restriction=0 direction=221 global_front=0 occupied=325 connection=184 min_dist=6 pre_shell=10 post_shell=4 tested_energy=4
[TEMPLATE DEBUG] camada candidata x: min=64.447316 max=64.447316 n=4
step=00318 species=  C N=00539 vac=0000 axis=x surf=yz Eads=-6.9131 eV P=1.000e+00 E=-4808.3618 eV hmax=39.302 A hmean=38.809 A rough=0.944 A occ1=1.000 tested=4
[TEMPLATE DEBUG] total=746 species_filter=0 restriction=0 direction=221 global_front=0 occupied=326 connection=183 min_dist=6 pre_shell=10 post_shell=3 tested_energy=3
[TEMPLATE DEBUG] camada candidata x: min=64.447316 max=64.447316 n=3
step=00319 species=  C N=00540 vac=0000 axis=x surf=yz Eads=-10.1763 eV P=1.000e+00 E=-4819.3354 eV hmax=39.283 A hmean=38.962 A rough=0.959 A occ1=1.000 tested=3
[TEMPLATE DEBUG] total=746 species_filter=0 restriction=0 direction=221 global_front=0 occupied=327 connection=182 min_dist=6 pre_shell=10 post_shell=2 tested_energy=2
[TEMPLATE DEBUG] camada candidata x: min=64.447316 max=64.447316 n=2
step=00320 species=  C N=00541 vac=0000 axis=x surf=yz Eads=-6.5269 eV P=9.108e-01 E=-4826.4688 eV hmax=39.348 A hmean=39.131 A rough=0.975 A occ1=1.000 tested=2
[TEMPLATE DEBUG] total=746 species_filter=0 restriction=0 direction=221 global_front=0 occupied=328 connection=180 min_dist=6 pre_shell=11 post_shell=2 tested_energy=2
[TEMPLATE DEBUG] camada candidata x: min=64.447316 max=64.447316 n=2
step=00321 species=  C N=00542 vac=0000 axis=x surf=yz Eads=-8.2705 eV P=1.000e+00 E=-4837.5684 eV hmax=39.271 A hmean=39.134 A rough=0.975 A occ1=1.000 tested=2
[TEMPLATE DEBUG] total=746 species_filter=0 restriction=0 direction=221 global_front=0 occupied=328 connection=180 min_dist=8 pre_shell=9 post_shell=9 tested_energy=9
[TEMPLATE DEBUG] camada candidata x: min=65.677072 max=65.677072 n=9
step=00322 species=  C N=00543 vac=0000 axis=x surf=yz Eads=-6.3062 eV P=9.369e-01 E=-4844.3145 eV hmax=40.499 A hmean=39.289 A rough=0.676 A occ1=1.000 tested=9
[TEMPLATE DEBUG] total=746 species_filter=0 restriction=0 direction=221 global_front=0 occupied=329 connection=179 min_dist=8 pre_shell=9 post_shell=8 tested_energy=8
[TEMPLATE DEBUG] camada candidata x: min=65.677072 max=65.677072 n=8
step=00323 species=  C N=00544 vac=0000 axis=x surf=yz Eads=-10.3164 eV P=1.000e+00 E=-4855.3389 eV hmax=40.526 A hmean=39.442 A rough=0.756 A occ1=1.000 tested=8
[TEMPLATE DEBUG] total=746 species_filter=0 restriction=0 direction=221 global_front=0 occupied=330 connection=178 min_dist=8 pre_shell=9 post_shell=7 tested_energy=7
[TEMPLATE DEBUG] camada candidata x: min=65.677072 max=65.677072 n=7
step=00324 species=  C N=00545 vac=0000 axis=x surf=yz Eads=-6.9907 eV P=1.000e+00 E=-4862.7261 eV hmax=40.513 A hmean=39.597 A rough=0.813 A occ1=1.000 tested=7
[TEMPLATE DEBUG] total=746 species_filter=0 restriction=0 direction=221 global_front=0 occupied=331 connection=177 min_dist=8 pre_shell=9 post_shell=6 tested_energy=6
[TEMPLATE DEBUG] camada candidata x: min=65.677072 max=65.677072 n=6
step=00325 species=  C N=00546 vac=0000 axis=x surf=yz Eads=-10.3989 eV P=1.000e+00 E=-4873.6992 eV hmax=40.528 A hmean=39.608 A rough=0.858 A occ1=1.000 tested=6
[TEMPLATE DEBUG] total=746 species_filter=0 restriction=0 direction=221 global_front=0 occupied=332 connection=176 min_dist=8 pre_shell=9 post_shell=5 tested_energy=5
[TEMPLATE DEBUG] camada candidata x: min=65.677072 max=65.677072 n=5
step=00326 species=  C N=00547 vac=0000 axis=x surf=yz Eads=-7.0430 eV P=1.000e+00 E=-4881.1108 eV hmax=40.528 A hmean=39.757 A rough=0.893 A occ1=1.000 tested=5
[TEMPLATE DEBUG] total=746 species_filter=0 restriction=0 direction=221 global_front=0 occupied=333 connection=175 min_dist=8 pre_shell=9 post_shell=4 tested_energy=4
[TEMPLATE DEBUG] camada candidata x: min=65.677072 max=65.677072 n=4
step=00327 species=  C N=00548 vac=0000 axis=x surf=yz Eads=-10.3672 eV P=1.000e+00 E=-4892.0728 eV hmax=40.516 A hmean=39.755 A rough=0.919 A occ1=1.000 tested=4
[TEMPLATE DEBUG] total=746 species_filter=0 restriction=0 direction=221 global_front=0 occupied=334 connection=174 min_dist=8 pre_shell=9 post_shell=3 tested_energy=3
[TEMPLATE DEBUG] camada candidata x: min=65.677072 max=65.677072 n=3
step=00328 species=  C N=00549 vac=0000 axis=x surf=yz Eads=-6.8013 eV P=1.000e+00 E=-4899.4058 eV hmax=40.537 A hmean=39.921 A rough=0.940 A occ1=1.000 tested=3
[TEMPLATE DEBUG] total=746 species_filter=0 restriction=0 direction=221 global_front=0 occupied=335 connection=173 min_dist=8 pre_shell=9 post_shell=2 tested_energy=2
[TEMPLATE DEBUG] camada candidata x: min=65.677072 max=65.677072 n=2
step=00329 species=  C N=00550 vac=0000 axis=x surf=yz Eads=-9.7007 eV P=1.000e+00 E=-4910.4043 eV hmax=40.501 A hmean=40.067 A rough=0.954 A occ1=1.000 tested=2
[TEMPLATE DEBUG] total=746 species_filter=0 restriction=0 direction=221 global_front=0 occupied=336 connection=172 min_dist=8 pre_shell=9 post_shell=1 tested_energy=1
[TEMPLATE DEBUG] camada candidata x: min=65.677072 max=65.677072 n=1
step=00330 species=  C N=00551 vac=0000 axis=x surf=yz Eads=-6.2192 eV P=1.000e+00 E=-4917.6963 eV hmax=40.547 A hmean=40.350 A rough=0.970 A occ1=1.000 tested=1
[TEMPLATE DEBUG] total=746 species_filter=0 restriction=0 direction=221 global_front=0 occupied=338 connection=170 min_dist=7 pre_shell=10 post_shell=1 tested_energy=1
[TEMPLATE DEBUG] camada candidata x: min=65.677072 max=65.677072 n=1
step=00331 species=  C N=00552 vac=0000 axis=x surf=yz Eads=-8.8887 eV P=1.000e+00 E=-4929.1172 eV hmax=40.501 A hmean=40.330 A rough=0.974 A occ1=1.000 tested=1
[TEMPLATE DEBUG] total=746 species_filter=0 restriction=0 direction=221 global_front=0 occupied=340 connection=169 min_dist=6 pre_shell=10 post_shell=10 tested_energy=10
[TEMPLATE DEBUG] camada candidata x: min=66.906828 max=66.906828 n=10
step=00332 species=  C N=00553 vac=0000 axis=x surf=yz Eads=-6.1050 eV P=1.886e-01 E=-4935.6987 eV hmax=41.749 A hmean=40.487 A rough=0.680 A occ1=1.000 tested=10
[TEMPLATE DEBUG] total=746 species_filter=0 restriction=0 direction=221 global_front=0 occupied=341 connection=168 min_dist=6 pre_shell=10 post_shell=9 tested_energy=9
[TEMPLATE DEBUG] camada candidata x: min=66.906828 max=66.906828 n=9
step=00333 species=  C N=00554 vac=0000 axis=x surf=yz Eads=-10.4492 eV P=1.000e+00 E=-4946.7432 eV hmax=41.756 A hmean=40.641 A rough=0.760 A occ1=1.000 tested=9
[TEMPLATE DEBUG] total=746 species_filter=0 restriction=0 direction=221 global_front=0 occupied=342 connection=167 min_dist=6 pre_shell=10 post_shell=8 tested_energy=8
[TEMPLATE DEBUG] camada candidata x: min=66.906828 max=66.906828 n=8
step=00334 species=  C N=00555 vac=0000 axis=x surf=yz Eads=-7.0439 eV P=9.527e-01 E=-4954.1260 eV hmax=41.756 A hmean=40.941 A rough=0.818 A occ1=1.000 tested=8
[TEMPLATE DEBUG] total=746 species_filter=0 restriction=0 direction=221 global_front=0 occupied=343 connection=166 min_dist=6 pre_shell=10 post_shell=7 tested_energy=7
[TEMPLATE DEBUG] camada candidata x: min=66.906828 max=66.906828 n=7
step=00335 species=  C N=00556 vac=0000 axis=x surf=yz Eads=-10.4175 eV P=1.000e+00 E=-4965.1055 eV hmax=41.755 A hmean=40.949 A rough=0.862 A occ1=1.000 tested=7
[TEMPLATE DEBUG] total=746 species_filter=0 restriction=0 direction=221 global_front=0 occupied=344 connection=165 min_dist=6 pre_shell=10 post_shell=6 tested_energy=6
[TEMPLATE DEBUG] camada candidata x: min=66.906828 max=66.906828 n=6
step=00336 species=  C N=00557 vac=0000 axis=x surf=yz Eads=-6.9971 eV P=8.741e-01 E=-4972.5293 eV hmax=41.761 A hmean=41.091 A rough=0.897 A occ1=1.000 tested=6
[TEMPLATE DEBUG] total=746 species_filter=0 restriction=0 direction=221 global_front=0 occupied=345 connection=164 min_dist=6 pre_shell=10 post_shell=5 tested_energy=5
[TEMPLATE DEBUG] camada candidata x: min=66.906828 max=66.906828 n=5
step=00337 species=  C N=00558 vac=0000 axis=x surf=yz Eads=-10.2969 eV P=1.000e+00 E=-4983.5347 eV hmax=41.739 A hmean=41.243 A rough=0.921 A occ1=1.000 tested=5
[TEMPLATE DEBUG] total=746 species_filter=0 restriction=0 direction=221 global_front=0 occupied=346 connection=163 min_dist=6 pre_shell=10 post_shell=4 tested_energy=4
[TEMPLATE DEBUG] camada candidata x: min=66.906828 max=66.906828 n=4
step=00338 species=  C N=00559 vac=0000 axis=x surf=yz Eads=-6.9136 eV P=1.000e+00 E=-4990.8462 eV hmax=41.769 A hmean=41.406 A rough=0.943 A occ1=1.000 tested=4
[TEMPLATE DEBUG] total=746 species_filter=0 restriction=0 direction=221 global_front=0 occupied=347 connection=162 min_dist=6 pre_shell=10 post_shell=3 tested_energy=3
[TEMPLATE DEBUG] camada candidata x: min=66.906828 max=66.906828 n=3
step=00339 species=  C N=00560 vac=0000 axis=x surf=yz Eads=-9.9116 eV P=1.000e+00 E=-5001.8140 eV hmax=41.739 A hmean=41.416 A rough=0.958 A occ1=1.000 tested=3
[TEMPLATE DEBUG] total=746 species_filter=0 restriction=0 direction=221 global_front=0 occupied=348 connection=161 min_dist=6 pre_shell=10 post_shell=2 tested_energy=2
[TEMPLATE DEBUG] camada candidata x: min=66.906828 max=66.906828 n=2
step=00340 species=  C N=00561 vac=0000 axis=x surf=yz Eads=-6.7153 eV P=9.994e-01 E=-5009.0522 eV hmax=41.821 A hmean=41.570 A rough=0.976 A occ1=1.000 tested=2
[TEMPLATE DEBUG] total=746 species_filter=0 restriction=0 direction=221 global_front=0 occupied=350 connection=159 min_dist=6 pre_shell=10 post_shell=1 tested_energy=1
[TEMPLATE DEBUG] camada candidata x: min=66.906828 max=66.906828 n=1
step=00341 species=  C N=00562 vac=0000 axis=x surf=yz Eads=-6.9712 eV P=1.000e+00 E=-5017.0459 eV hmax=41.814 A hmean=41.736 A rough=0.987 A occ1=1.000 tested=1
[TEMPLATE DEBUG] total=746 species_filter=0 restriction=0 direction=221 global_front=0 occupied=351 connection=158 min_dist=6 pre_shell=10 post_shell=10 tested_energy=10
[TEMPLATE DEBUG] camada candidata x: min=68.136584 max=68.136584 n=10
step=00342 species=  C N=00563 vac=0000 axis=x surf=yz Eads=-7.6514 eV P=7.708e-01 E=-5025.4102 eV hmax=42.961 A hmean=41.876 A rough=0.695 A occ1=1.000 tested=10
[TEMPLATE DEBUG] total=746 species_filter=0 restriction=0 direction=221 global_front=0 occupied=352 connection=157 min_dist=6 pre_shell=10 post_shell=9 tested_energy=9
[TEMPLATE DEBUG] camada candidata x: min=68.136584 max=68.136584 n=9
step=00343 species=  C N=00564 vac=0000 axis=x surf=yz Eads=-9.6675 eV P=1.000e+00 E=-5036.2241 eV hmax=42.995 A hmean=41.888 A rough=0.767 A occ1=1.000 tested=9
[TEMPLATE DEBUG] total=746 species_filter=0 restriction=0 direction=221 global_front=0 occupied=353 connection=156 min_dist=6 pre_shell=10 post_shell=8 tested_energy=8
[TEMPLATE DEBUG] camada candidata x: min=68.136584 max=68.136584 n=8
step=00344 species=  C N=00565 vac=0000 axis=x surf=yz Eads=-7.2827 eV P=1.000e+00 E=-5044.7910 eV hmax=42.995 A hmean=42.027 A rough=0.813 A occ1=1.000 tested=8
[TEMPLATE DEBUG] total=746 species_filter=0 restriction=0 direction=221 global_front=0 occupied=354 connection=155 min_dist=6 pre_shell=10 post_shell=7 tested_energy=7
[TEMPLATE DEBUG] camada candidata x: min=68.136584 max=68.136584 n=7
step=00345 species=  C N=00566 vac=0000 axis=x surf=yz Eads=-9.8608 eV P=1.000e+00 E=-5055.8213 eV hmax=42.995 A hmean=42.178 A rough=0.855 A occ1=1.000 tested=7
[TEMPLATE DEBUG] total=746 species_filter=0 restriction=0 direction=221 global_front=0 occupied=355 connection=154 min_dist=6 pre_shell=10 post_shell=6 tested_energy=6
[TEMPLATE DEBUG] camada candidata x: min=68.136584 max=68.136584 n=6
step=00346 species=  C N=00567 vac=0000 axis=x surf=yz Eads=-6.8389 eV P=6.248e-01 E=-5063.3613 eV hmax=42.968 A hmean=42.319 A rough=0.885 A occ1=1.000 tested=6
[TEMPLATE DEBUG] total=746 species_filter=0 restriction=0 direction=221 global_front=0 occupied=356 connection=153 min_dist=6 pre_shell=10 post_shell=5 tested_energy=5
[TEMPLATE DEBUG] camada candidata x: min=68.136584 max=68.136584 n=5
step=00347 species=  C N=00568 vac=0000 axis=x surf=yz Eads=-10.2310 eV P=1.000e+00 E=-5074.3013 eV hmax=42.988 A hmean=42.473 A rough=0.913 A occ1=1.000 tested=5
[TEMPLATE DEBUG] total=746 species_filter=0 restriction=0 direction=221 global_front=0 occupied=357 connection=152 min_dist=6 pre_shell=10 post_shell=4 tested_energy=4
[TEMPLATE DEBUG] camada candidata x: min=68.136584 max=68.136584 n=4
step=00348 species=  C N=00569 vac=0000 axis=x surf=yz Eads=-6.9688 eV P=9.714e-01 E=-5081.6792 eV hmax=42.968 A hmean=42.628 A rough=0.935 A occ1=1.000 tested=4
[TEMPLATE DEBUG] total=746 species_filter=0 restriction=0 direction=221 global_front=0 occupied=358 connection=151 min_dist=6 pre_shell=10 post_shell=3 tested_energy=3
[TEMPLATE DEBUG] camada candidata x: min=68.136584 max=68.136584 n=3
step=00349 species=  C N=00570 vac=0000 axis=x surf=yz Eads=-10.4004 eV P=1.000e+00 E=-5092.6621 eV hmax=42.987 A hmean=42.639 A rough=0.952 A occ1=1.000 tested=3
[TEMPLATE DEBUG] total=746 species_filter=0 restriction=0 direction=221 global_front=0 occupied=359 connection=150 min_dist=6 pre_shell=10 post_shell=2 tested_energy=2
[TEMPLATE DEBUG] camada candidata x: min=68.136584 max=68.136584 n=2
step=00350 species=  C N=00571 vac=0000 axis=x surf=yz Eads=-6.9941 eV P=9.552e-01 E=-5100.0010 eV hmax=42.989 A hmean=42.799 A rough=0.965 A occ1=1.000 tested=2
[TEMPLATE DEBUG] total=746 species_filter=0 restriction=0 direction=221 global_front=0 occupied=360 connection=149 min_dist=6 pre_shell=10 post_shell=1 tested_energy=1
[TEMPLATE DEBUG] camada candidata x: min=68.136584 max=68.136584 n=1
step=00351 species=  C N=00572 vac=0000 axis=x surf=yz Eads=-11.1143 eV P=1.000e+00 E=-5111.7842 eV hmax=42.968 A hmean=42.790 A rough=0.969 A occ1=1.000 tested=1
[TEMPLATE DEBUG] total=746 species_filter=0 restriction=0 direction=221 global_front=0 occupied=361 connection=148 min_dist=6 pre_shell=10 post_shell=10 tested_energy=10
[TEMPLATE DEBUG] camada candidata x: min=69.366340 max=69.366340 n=10
step=00352 species=  C N=00573 vac=0000 axis=x surf=yz Eads=-5.9985 eV P=1.820e-01 E=-5118.3652 eV hmax=44.215 A hmean=42.947 A rough=0.676 A occ1=1.000 tested=10
[TEMPLATE DEBUG] total=746 species_filter=0 restriction=0 direction=221 global_front=0 occupied=362 connection=147 min_dist=6 pre_shell=10 post_shell=9 tested_energy=9
[TEMPLATE DEBUG] camada candidata x: min=69.366340 max=69.366340 n=9
step=00353 species=  C N=00574 vac=0000 axis=x surf=yz Eads=-10.4590 eV P=1.000e+00 E=-5129.4077 eV hmax=44.213 A hmean=43.101 A rough=0.757 A occ1=1.000 tested=9
[TEMPLATE DEBUG] total=746 species_filter=0 restriction=0 direction=221 global_front=0 occupied=363 connection=146 min_dist=6 pre_shell=10 post_shell=8 tested_energy=8
[TEMPLATE DEBUG] camada candidata x: min=69.366340 max=69.366340 n=8
step=00354 species=  C N=00575 vac=0000 axis=x surf=yz Eads=-7.0107 eV P=7.626e-01 E=-5136.7715 eV hmax=44.214 A hmean=43.401 A rough=0.816 A occ1=1.000 tested=8
[TEMPLATE DEBUG] total=746 species_filter=0 restriction=0 direction=221 global_front=0 occupied=364 connection=145 min_dist=6 pre_shell=10 post_shell=7 tested_energy=7
[TEMPLATE DEBUG] camada candidata x: min=69.366340 max=69.366340 n=7
step=00355 species=  C N=00576 vac=0000 axis=x surf=yz Eads=-10.3682 eV P=1.000e+00 E=-5147.7554 eV hmax=44.215 A hmean=43.410 A rough=0.862 A occ1=1.000 tested=7
[TEMPLATE DEBUG] total=746 species_filter=0 restriction=0 direction=221 global_front=0 occupied=365 connection=144 min_dist=6 pre_shell=10 post_shell=6 tested_energy=6
[TEMPLATE DEBUG] camada candidata x: min=69.366340 max=69.366340 n=6
step=00356 species=  C N=00577 vac=0000 axis=x surf=yz Eads=-6.9600 eV P=7.806e-01 E=-5155.1543 eV hmax=44.220 A hmean=43.573 A rough=0.897 A occ1=1.000 tested=6
[TEMPLATE DEBUG] total=746 species_filter=0 restriction=0 direction=221 global_front=0 occupied=366 connection=143 min_dist=6 pre_shell=10 post_shell=5 tested_energy=5
[TEMPLATE DEBUG] camada candidata x: min=69.366340 max=69.366340 n=5
step=00357 species=  C N=00578 vac=0000 axis=x surf=yz Eads=-10.3452 eV P=1.000e+00 E=-5166.2202 eV hmax=44.215 A hmean=43.579 A rough=0.923 A occ1=1.000 tested=5
[TEMPLATE DEBUG] total=746 species_filter=0 restriction=0 direction=221 global_front=0 occupied=367 connection=142 min_dist=6 pre_shell=10 post_shell=4 tested_energy=4
[TEMPLATE DEBUG] camada candidata x: min=69.366340 max=69.366340 n=4
step=00358 species=  C N=00579 vac=0000 axis=x surf=yz Eads=-6.9048 eV P=1.000e+00 E=-5173.5684 eV hmax=44.219 A hmean=43.727 A rough=0.944 A occ1=1.000 tested=4
[TEMPLATE DEBUG] total=746 species_filter=0 restriction=0 direction=221 global_front=0 occupied=368 connection=141 min_dist=6 pre_shell=10 post_shell=3 tested_energy=3
[TEMPLATE DEBUG] camada candidata x: min=69.366340 max=69.366340 n=3
step=00359 species=  C N=00580 vac=0000 axis=x surf=yz Eads=-10.1689 eV P=1.000e+00 E=-5184.5415 eV hmax=44.202 A hmean=43.881 A rough=0.959 A occ1=1.000 tested=3
[TEMPLATE DEBUG] total=746 species_filter=0 restriction=0 direction=221 global_front=0 occupied=369 connection=140 min_dist=6 pre_shell=10 post_shell=2 tested_energy=2
[TEMPLATE DEBUG] camada candidata x: min=69.366340 max=69.366340 n=2
step=00360 species=  C N=00581 vac=0000 axis=x surf=yz Eads=-6.5269 eV P=8.826e-01 E=-5191.6753 eV hmax=44.265 A hmean=44.049 A rough=0.975 A occ1=1.000 tested=2
[TEMPLATE DEBUG] total=746 species_filter=0 restriction=0 direction=221 global_front=0 occupied=370 connection=138 min_dist=6 pre_shell=11 post_shell=2 tested_energy=2
[TEMPLATE DEBUG] camada candidata x: min=69.366340 max=69.366340 n=2
step=00361 species=  C N=00582 vac=0000 axis=x surf=yz Eads=-8.2959 eV P=1.000e+00 E=-5202.7725 eV hmax=44.189 A hmean=44.051 A rough=0.975 A occ1=1.000 tested=2
[TEMPLATE DEBUG] total=746 species_filter=0 restriction=0 direction=221 global_front=0 occupied=370 connection=138 min_dist=8 pre_shell=9 post_shell=9 tested_energy=9
[TEMPLATE DEBUG] camada candidata x: min=70.596096 max=70.596096 n=9
step=00362 species=  C N=00583 vac=0000 axis=x surf=yz Eads=-6.3091 eV P=9.426e-01 E=-5209.5205 eV hmax=45.417 A hmean=44.206 A rough=0.676 A occ1=1.000 tested=9
[TEMPLATE DEBUG] total=746 species_filter=0 restriction=0 direction=221 global_front=0 occupied=371 connection=137 min_dist=8 pre_shell=9 post_shell=8 tested_energy=8
[TEMPLATE DEBUG] camada candidata x: min=70.596096 max=70.596096 n=8
step=00363 species=  C N=00584 vac=0000 axis=x surf=yz Eads=-10.3115 eV P=1.000e+00 E=-5220.5444 eV hmax=45.445 A hmean=44.360 A rough=0.756 A occ1=1.000 tested=8
[TEMPLATE DEBUG] total=746 species_filter=0 restriction=0 direction=221 global_front=0 occupied=372 connection=136 min_dist=8 pre_shell=9 post_shell=7 tested_energy=7
[TEMPLATE DEBUG] camada candidata x: min=70.596096 max=70.596096 n=7
step=00364 species=  C N=00585 vac=0000 axis=x surf=yz Eads=-6.9893 eV P=1.000e+00 E=-5227.9326 eV hmax=45.431 A hmean=44.515 A rough=0.813 A occ1=1.000 tested=7
[TEMPLATE DEBUG] total=746 species_filter=0 restriction=0 direction=221 global_front=0 occupied=373 connection=135 min_dist=8 pre_shell=9 post_shell=6 tested_energy=6
[TEMPLATE DEBUG] camada candidata x: min=70.596096 max=70.596096 n=6
step=00365 species=  C N=00586 vac=0000 axis=x surf=yz Eads=-10.3960 eV P=1.000e+00 E=-5238.9053 eV hmax=45.447 A hmean=44.525 A rough=0.858 A occ1=1.000 tested=6
[TEMPLATE DEBUG] total=746 species_filter=0 restriction=0 direction=221 global_front=0 occupied=374 connection=134 min_dist=8 pre_shell=9 post_shell=5 tested_energy=5
[TEMPLATE DEBUG] camada candidata x: min=70.596096 max=70.596096 n=5
step=00366 species=  C N=00587 vac=0000 axis=x surf=yz Eads=-7.0405 eV P=1.000e+00 E=-5246.3154 eV hmax=45.446 A hmean=44.674 A rough=0.893 A occ1=1.000 tested=5
[TEMPLATE DEBUG] total=746 species_filter=0 restriction=0 direction=221 global_front=0 occupied=375 connection=133 min_dist=8 pre_shell=9 post_shell=4 tested_energy=4
[TEMPLATE DEBUG] camada candidata x: min=70.596096 max=70.596096 n=4
step=00367 species=  C N=00588 vac=0000 axis=x surf=yz Eads=-10.3667 eV P=1.000e+00 E=-5257.2773 eV hmax=45.435 A hmean=44.673 A rough=0.919 A occ1=1.000 tested=4
[TEMPLATE DEBUG] total=746 species_filter=0 restriction=0 direction=221 global_front=0 occupied=376 connection=132 min_dist=8 pre_shell=9 post_shell=3 tested_energy=3
[TEMPLATE DEBUG] camada candidata x: min=70.596096 max=70.596096 n=3
step=00368 species=  C N=00589 vac=0000 axis=x surf=yz Eads=-6.7900 eV P=1.000e+00 E=-5264.6074 eV hmax=45.455 A hmean=44.839 A rough=0.940 A occ1=1.000 tested=3
[TEMPLATE DEBUG] total=746 species_filter=0 restriction=0 direction=221 global_front=0 occupied=377 connection=131 min_dist=8 pre_shell=9 post_shell=2 tested_energy=2
[TEMPLATE DEBUG] camada candidata x: min=70.596096 max=70.596096 n=2
step=00369 species=  C N=00590 vac=0000 axis=x surf=yz Eads=-9.7075 eV P=1.000e+00 E=-5275.6182 eV hmax=45.420 A hmean=44.985 A rough=0.954 A occ1=1.000 tested=2
[TEMPLATE DEBUG] total=746 species_filter=0 restriction=0 direction=221 global_front=0 occupied=378 connection=130 min_dist=8 pre_shell=9 post_shell=1 tested_energy=1
[TEMPLATE DEBUG] camada candidata x: min=70.596096 max=70.596096 n=1
step=00370 species=  C N=00591 vac=0000 axis=x surf=yz Eads=-6.2192 eV P=1.000e+00 E=-5282.9141 eV hmax=45.467 A hmean=45.268 A rough=0.971 A occ1=1.000 tested=1
[TEMPLATE DEBUG] total=746 species_filter=0 restriction=0 direction=221 global_front=0 occupied=380 connection=128 min_dist=7 pre_shell=10 post_shell=1 tested_energy=1
[TEMPLATE DEBUG] camada candidata x: min=70.596096 max=70.596096 n=1
step=00371 species=  C N=00592 vac=0000 axis=x surf=yz Eads=-8.8711 eV P=1.000e+00 E=-5294.3325 eV hmax=45.420 A hmean=45.249 A rough=0.974 A occ1=1.000 tested=1
[TEMPLATE DEBUG] total=746 species_filter=0 restriction=0 direction=221 global_front=0 occupied=382 connection=127 min_dist=6 pre_shell=10 post_shell=10 tested_energy=10
[TEMPLATE DEBUG] camada candidata x: min=71.825852 max=71.825852 n=10
step=00372 species=  C N=00593 vac=0000 axis=x surf=yz Eads=-6.1025 eV P=1.892e-01 E=-5300.9321 eV hmax=46.673 A hmean=45.562 A rough=0.682 A occ1=1.000 tested=10
[TEMPLATE DEBUG] total=746 species_filter=0 restriction=0 direction=221 global_front=0 occupied=383 connection=126 min_dist=6 pre_shell=10 post_shell=9 tested_energy=9
[TEMPLATE DEBUG] camada candidata x: min=71.825852 max=71.825852 n=9
step=00373 species=  C N=00594 vac=0000 axis=x surf=yz Eads=-10.5107 eV P=1.000e+00 E=-5311.9707 eV hmax=46.682 A hmean=45.572 A rough=0.762 A occ1=1.000 tested=9
[TEMPLATE DEBUG] total=746 species_filter=0 restriction=0 direction=221 global_front=0 occupied=384 connection=125 min_dist=6 pre_shell=10 post_shell=8 tested_energy=8
[TEMPLATE DEBUG] camada candidata x: min=71.825852 max=71.825852 n=8
step=00374 species=  C N=00595 vac=0000 axis=x surf=yz Eads=-7.0522 eV P=7.687e-01 E=-5319.3911 eV hmax=46.688 A hmean=45.717 A rough=0.821 A occ1=1.000 tested=8
[TEMPLATE DEBUG] total=746 species_filter=0 restriction=0 direction=221 global_front=0 occupied=385 connection=124 min_dist=6 pre_shell=10 post_shell=7 tested_energy=7
[TEMPLATE DEBUG] camada candidata x: min=71.825852 max=71.825852 n=7
step=00375 species=  C N=00596 vac=0000 axis=x surf=yz Eads=-10.3130 eV P=1.000e+00 E=-5330.4058 eV hmax=46.682 A hmean=45.869 A rough=0.862 A occ1=1.000 tested=7
[TEMPLATE DEBUG] total=746 species_filter=0 restriction=0 direction=221 global_front=0 occupied=386 connection=123 min_dist=6 pre_shell=10 post_shell=6 tested_energy=6
[TEMPLATE DEBUG] camada candidata x: min=71.825852 max=71.825852 n=6
step=00376 species=  C N=00597 vac=0000 axis=x surf=yz Eads=-7.0029 eV P=1.000e+00 E=-5337.7896 eV hmax=46.672 A hmean=46.011 A rough=0.896 A occ1=1.000 tested=6
[TEMPLATE DEBUG] total=746 species_filter=0 restriction=0 direction=221 global_front=0 occupied=387 connection=122 min_dist=6 pre_shell=10 post_shell=5 tested_energy=5
[TEMPLATE DEBUG] camada candidata x: min=71.825852 max=71.825852 n=5
step=00377 species=  C N=00598 vac=0000 axis=x surf=yz Eads=-10.3765 eV P=1.000e+00 E=-5348.7505 eV hmax=46.671 A hmean=46.164 A rough=0.922 A occ1=1.000 tested=5
[TEMPLATE DEBUG] total=746 species_filter=0 restriction=0 direction=221 global_front=0 occupied=388 connection=121 min_dist=6 pre_shell=10 post_shell=4 tested_energy=4
[TEMPLATE DEBUG] camada candidata x: min=71.825852 max=71.825852 n=4
step=00378 species=  C N=00599 vac=0000 axis=x surf=yz Eads=-6.8003 eV P=9.999e-01 E=-5356.0630 eV hmax=46.681 A hmean=46.328 A rough=0.943 A occ1=1.000 tested=4
[TEMPLATE DEBUG] total=746 species_filter=0 restriction=0 direction=221 global_front=0 occupied=389 connection=120 min_dist=6 pre_shell=10 post_shell=3 tested_energy=3
[TEMPLATE DEBUG] camada candidata x: min=71.825852 max=71.825852 n=3
step=00379 species=  C N=00600 vac=0000 axis=x surf=yz Eads=-9.9033 eV P=1.000e+00 E=-5367.0239 eV hmax=46.658 A hmean=46.338 A rough=0.958 A occ1=1.000 tested=3
[TEMPLATE DEBUG] total=746 species_filter=0 restriction=0 direction=221 global_front=0 occupied=390 connection=119 min_dist=6 pre_shell=10 post_shell=2 tested_energy=2
[TEMPLATE DEBUG] camada candidata x: min=71.825852 max=71.825852 n=2
step=00380 species=  C N=00601 vac=0000 axis=x surf=yz Eads=-6.7178 eV P=9.995e-01 E=-5374.2632 eV hmax=46.740 A hmean=46.491 A rough=0.976 A occ1=1.000 tested=2
[TEMPLATE DEBUG] total=746 species_filter=0 restriction=0 direction=221 global_front=0 occupied=392 connection=117 min_dist=6 pre_shell=10 post_shell=1 tested_energy=1
[TEMPLATE DEBUG] camada candidata x: min=71.825852 max=71.825852 n=1
step=00381 species=  C N=00602 vac=0000 axis=x surf=yz Eads=-6.9688 eV P=1.000e+00 E=-5382.2568 eV hmax=46.733 A hmean=46.658 A rough=0.987 A occ1=1.000 tested=1
[TEMPLATE DEBUG] total=746 species_filter=0 restriction=0 direction=221 global_front=0 occupied=393 connection=116 min_dist=6 pre_shell=10 post_shell=10 tested_energy=10
[TEMPLATE DEBUG] camada candidata x: min=73.055608 max=73.055608 n=10
step=00382 species=  C N=00603 vac=0000 axis=x surf=yz Eads=-7.6436 eV P=7.215e-01 E=-5390.6143 eV hmax=47.879 A hmean=46.798 A rough=0.695 A occ1=1.000 tested=10
[TEMPLATE DEBUG] total=746 species_filter=0 restriction=0 direction=221 global_front=0 occupied=394 connection=115 min_dist=6 pre_shell=10 post_shell=9 tested_energy=9
[TEMPLATE DEBUG] camada candidata x: min=73.055608 max=73.055608 n=9
step=00383 species=  C N=00604 vac=0000 axis=x surf=yz Eads=-9.6655 eV P=1.000e+00 E=-5401.4331 eV hmax=47.912 A hmean=46.810 A rough=0.767 A occ1=1.000 tested=9
[TEMPLATE DEBUG] total=746 species_filter=0 restriction=0 direction=221 global_front=0 occupied=395 connection=114 min_dist=6 pre_shell=10 post_shell=8 tested_energy=8
[TEMPLATE DEBUG] camada candidata x: min=73.055608 max=73.055608 n=8
step=00384 species=  C N=00605 vac=0000 axis=x surf=yz Eads=-7.2856 eV P=1.000e+00 E=-5410.0063 eV hmax=47.912 A hmean=46.949 A rough=0.813 A occ1=1.000 tested=8
[TEMPLATE DEBUG] total=746 species_filter=0 restriction=0 direction=221 global_front=0 occupied=396 connection=113 min_dist=6 pre_shell=10 post_shell=7 tested_energy=7
[TEMPLATE DEBUG] camada candidata x: min=73.055608 max=73.055608 n=7
step=00385 species=  C N=00606 vac=0000 axis=x surf=yz Eads=-9.8657 eV P=1.000e+00 E=-5421.0332 eV hmax=47.912 A hmean=47.099 A rough=0.854 A occ1=1.000 tested=7
[TEMPLATE DEBUG] total=746 species_filter=0 restriction=0 direction=221 global_front=0 occupied=397 connection=112 min_dist=6 pre_shell=10 post_shell=6 tested_energy=6
[TEMPLATE DEBUG] camada candidata x: min=73.055608 max=73.055608 n=6
step=00386 species=  C N=00607 vac=0000 axis=x surf=yz Eads=-6.8496 eV P=8.170e-01 E=-5428.5938 eV hmax=47.885 A hmean=47.240 A rough=0.885 A occ1=1.000 tested=6
[TEMPLATE DEBUG] total=746 species_filter=0 restriction=0 direction=221 global_front=0 occupied=398 connection=111 min_dist=6 pre_shell=10 post_shell=5 tested_energy=5
[TEMPLATE DEBUG] camada candidata x: min=73.055608 max=73.055608 n=5
step=00387 species=  C N=00608 vac=0000 axis=x surf=yz Eads=-10.2695 eV P=1.000e+00 E=-5439.5264 eV hmax=47.911 A hmean=47.393 A rough=0.914 A occ1=1.000 tested=5
[TEMPLATE DEBUG] total=746 species_filter=0 restriction=0 direction=221 global_front=0 occupied=399 connection=110 min_dist=6 pre_shell=10 post_shell=4 tested_energy=4
[TEMPLATE DEBUG] camada candidata x: min=73.055608 max=73.055608 n=4
step=00388 species=  C N=00609 vac=0000 axis=x surf=yz Eads=-6.9644 eV P=9.844e-01 E=-5446.9111 eV hmax=47.886 A hmean=47.548 A rough=0.935 A occ1=1.000 tested=4
[TEMPLATE DEBUG] total=746 species_filter=0 restriction=0 direction=221 global_front=0 occupied=400 connection=109 min_dist=6 pre_shell=10 post_shell=3 tested_energy=3
[TEMPLATE DEBUG] camada candidata x: min=73.055608 max=73.055608 n=3
step=00389 species=  C N=00610 vac=0000 axis=x surf=yz Eads=-10.4263 eV P=1.000e+00 E=-5457.8809 eV hmax=47.910 A hmean=47.559 A rough=0.952 A occ1=1.000 tested=3
[TEMPLATE DEBUG] total=746 species_filter=0 restriction=0 direction=221 global_front=0 occupied=401 connection=108 min_dist=6 pre_shell=10 post_shell=2 tested_energy=2
[TEMPLATE DEBUG] camada candidata x: min=73.055608 max=73.055608 n=2
step=00390 species=  C N=00611 vac=0000 axis=x surf=yz Eads=-6.9282 eV P=8.625e-01 E=-5465.2134 eV hmax=47.903 A hmean=47.717 A rough=0.965 A occ1=1.000 tested=2
[TEMPLATE DEBUG] total=746 species_filter=0 restriction=0 direction=221 global_front=0 occupied=402 connection=107 min_dist=6 pre_shell=10 post_shell=1 tested_energy=1
[TEMPLATE DEBUG] camada candidata x: min=73.055608 max=73.055608 n=1
step=00391 species=  C N=00612 vac=0000 axis=x surf=yz Eads=-11.1138 eV P=1.000e+00 E=-5476.9941 eV hmax=47.885 A hmean=47.709 A rough=0.969 A occ1=1.000 tested=1
[TEMPLATE DEBUG] total=746 species_filter=0 restriction=0 direction=221 global_front=0 occupied=403 connection=106 min_dist=6 pre_shell=10 post_shell=10 tested_energy=10
[TEMPLATE DEBUG] camada candidata x: min=74.285364 max=74.285364 n=10
step=00392 species=  C N=00613 vac=0000 axis=x surf=yz Eads=-6.0352 eV P=3.660e-01 E=-5483.5347 eV hmax=49.149 A hmean=48.022 A rough=0.679 A occ1=1.000 tested=10
[TEMPLATE DEBUG] total=746 species_filter=0 restriction=0 direction=221 global_front=0 occupied=404 connection=105 min_dist=6 pre_shell=10 post_shell=9 tested_energy=9
[TEMPLATE DEBUG] camada candidata x: min=74.285364 max=74.285364 n=9
step=00393 species=  C N=00614 vac=0000 axis=x surf=yz Eads=-10.4844 eV P=1.000e+00 E=-5494.6128 eV hmax=49.133 A hmean=48.031 A rough=0.760 A occ1=1.000 tested=9
[TEMPLATE DEBUG] total=746 species_filter=0 restriction=0 direction=221 global_front=0 occupied=405 connection=104 min_dist=6 pre_shell=10 post_shell=8 tested_energy=8
[TEMPLATE DEBUG] camada candidata x: min=74.285364 max=74.285364 n=8
step=00394 species=  C N=00615 vac=0000 axis=x surf=yz Eads=-7.0571 eV P=9.812e-01 E=-5502.0078 eV hmax=49.137 A hmean=48.178 A rough=0.818 A occ1=1.000 tested=8
[TEMPLATE DEBUG] total=746 species_filter=0 restriction=0 direction=221 global_front=0 occupied=406 connection=103 min_dist=6 pre_shell=10 post_shell=7 tested_energy=7
[TEMPLATE DEBUG] camada candidata x: min=74.285364 max=74.285364 n=7
step=00395 species=  C N=00616 vac=0000 axis=x surf=yz Eads=-10.4238 eV P=1.000e+00 E=-5512.9614 eV hmax=49.138 A hmean=48.330 A rough=0.863 A occ1=1.000 tested=7
[TEMPLATE DEBUG] total=746 species_filter=0 restriction=0 direction=221 global_front=0 occupied=407 connection=102 min_dist=6 pre_shell=10 post_shell=6 tested_energy=6
[TEMPLATE DEBUG] camada candidata x: min=74.285364 max=74.285364 n=6
step=00396 species=  C N=00617 vac=0000 axis=x surf=yz Eads=-6.8892 eV P=7.260e-01 E=-5520.3110 eV hmax=49.138 A hmean=48.477 A rough=0.898 A occ1=1.000 tested=6
[TEMPLATE DEBUG] total=746 species_filter=0 restriction=0 direction=221 global_front=0 occupied=408 connection=101 min_dist=6 pre_shell=10 post_shell=5 tested_energy=5
[TEMPLATE DEBUG] camada candidata x: min=74.285364 max=74.285364 n=5
step=00397 species=  C N=00618 vac=0000 axis=x surf=yz Eads=-10.2036 eV P=1.000e+00 E=-5531.3198 eV hmax=49.138 A hmean=48.631 A rough=0.923 A occ1=1.000 tested=5
[TEMPLATE DEBUG] total=746 species_filter=0 restriction=0 direction=221 global_front=0 occupied=409 connection=100 min_dist=6 pre_shell=10 post_shell=4 tested_energy=4
[TEMPLATE DEBUG] camada candidata x: min=74.285364 max=74.285364 n=4
step=00398 species=  C N=00619 vac=0000 axis=x surf=yz Eads=-6.8477 eV P=9.998e-01 E=-5538.7153 eV hmax=49.132 A hmean=48.795 A rough=0.944 A occ1=1.000 tested=4
[TEMPLATE DEBUG] total=746 species_filter=0 restriction=0 direction=221 global_front=0 occupied=410 connection=99 min_dist=6 pre_shell=10 post_shell=3 tested_energy=3
[TEMPLATE DEBUG] camada candidata x: min=74.285364 max=74.285364 n=3
step=00399 species=  C N=00620 vac=0000 axis=x surf=yz Eads=-10.3350 eV P=1.000e+00 E=-5549.7466 eV hmax=49.119 A hmean=48.802 A rough=0.959 A occ1=1.000 tested=3
[TEMPLATE DEBUG] total=746 species_filter=0 restriction=0 direction=221 global_front=0 occupied=411 connection=98 min_dist=6 pre_shell=10 post_shell=2 tested_energy=2
[TEMPLATE DEBUG] camada candidata x: min=74.285364 max=74.285364 n=2
step=00400 species=  C N=00621 vac=0000 axis=x surf=yz Eads=-6.5171 eV P=8.690e-01 E=-5556.8774 eV hmax=49.184 A hmean=48.970 A rough=0.976 A occ1=1.000 tested=2
[TEMPLATE DEBUG] total=746 species_filter=0 restriction=0 direction=221 global_front=0 occupied=412 connection=96 min_dist=6 pre_shell=11 post_shell=2 tested_energy=2
[TEMPLATE DEBUG] camada candidata x: min=74.285364 max=74.285364 n=2
step=00401 species=  C N=00622 vac=0000 axis=x surf=yz Eads=-8.2896 eV P=1.000e+00 E=-5567.9736 eV hmax=49.109 A hmean=48.972 A rough=0.975 A occ1=1.000 tested=2
[TEMPLATE DEBUG] total=746 species_filter=0 restriction=0 direction=221 global_front=0 occupied=412 connection=96 min_dist=8 pre_shell=9 post_shell=9 tested_energy=9
[TEMPLATE DEBUG] camada candidata x: min=75.515120 max=75.515120 n=9
step=00402 species=  C N=00623 vac=0000 axis=x surf=yz Eads=-6.3257 eV P=9.574e-01 E=-5574.7412 eV hmax=50.336 A hmean=49.127 A rough=0.677 A occ1=1.000 tested=9
[TEMPLATE DEBUG] total=746 species_filter=0 restriction=0 direction=221 global_front=0 occupied=413 connection=95 min_dist=8 pre_shell=9 post_shell=8 tested_energy=8
[TEMPLATE DEBUG] camada candidata x: min=75.515120 max=75.515120 n=8
step=00403 species=  C N=00624 vac=0000 axis=x surf=yz Eads=-10.3491 eV P=1.000e+00 E=-5585.7563 eV hmax=50.368 A hmean=49.279 A rough=0.757 A occ1=1.000 tested=8
[TEMPLATE DEBUG] total=746 species_filter=0 restriction=0 direction=221 global_front=0 occupied=414 connection=94 min_dist=8 pre_shell=9 post_shell=7 tested_energy=7
[TEMPLATE DEBUG] camada candidata x: min=75.515120 max=75.515120 n=7
step=00404 species=  C N=00625 vac=0000 axis=x surf=yz Eads=-6.9785 eV P=1.000e+00 E=-5593.1328 eV hmax=50.351 A hmean=49.433 A rough=0.814 A occ1=1.000 tested=7
[TEMPLATE DEBUG] total=746 species_filter=0 restriction=0 direction=221 global_front=0 occupied=415 connection=93 min_dist=8 pre_shell=9 post_shell=6 tested_energy=6
[TEMPLATE DEBUG] camada candidata x: min=75.515120 max=75.515120 n=6
step=00405 species=  C N=00626 vac=0000 axis=x surf=yz Eads=-10.3662 eV P=1.000e+00 E=-5604.1104 eV hmax=50.363 A hmean=49.444 A rough=0.859 A occ1=1.000 tested=6
[TEMPLATE DEBUG] total=746 species_filter=0 restriction=0 direction=221 global_front=0 occupied=416 connection=92 min_dist=8 pre_shell=9 post_shell=5 tested_energy=5
[TEMPLATE DEBUG] camada candidata x: min=75.515120 max=75.515120 n=5
step=00406 species=  C N=00627 vac=0000 axis=x surf=yz Eads=-7.0454 eV P=1.000e+00 E=-5611.5215 eV hmax=50.366 A hmean=49.593 A rough=0.893 A occ1=1.000 tested=5
[TEMPLATE DEBUG] total=746 species_filter=0 restriction=0 direction=221 global_front=0 occupied=417 connection=91 min_dist=8 pre_shell=9 post_shell=4 tested_energy=4
[TEMPLATE DEBUG] camada candidata x: min=75.515120 max=75.515120 n=4
step=00407 species=  C N=00628 vac=0000 axis=x surf=yz Eads=-10.3677 eV P=1.000e+00 E=-5622.4824 eV hmax=50.354 A hmean=49.591 A rough=0.919 A occ1=1.000 tested=4
[TEMPLATE DEBUG] total=746 species_filter=0 restriction=0 direction=221 global_front=0 occupied=418 connection=90 min_dist=8 pre_shell=9 post_shell=3 tested_energy=3
[TEMPLATE DEBUG] camada candidata x: min=75.515120 max=75.515120 n=3
step=00408 species=  C N=00629 vac=0000 axis=x surf=yz Eads=-6.7905 eV P=1.000e+00 E=-5629.8120 eV hmax=50.374 A hmean=49.757 A rough=0.941 A occ1=1.000 tested=3
[TEMPLATE DEBUG] total=746 species_filter=0 restriction=0 direction=221 global_front=0 occupied=419 connection=89 min_dist=8 pre_shell=9 post_shell=2 tested_energy=2
[TEMPLATE DEBUG] camada candidata x: min=75.515120 max=75.515120 n=2
step=00409 species=  C N=00630 vac=0000 axis=x surf=yz Eads=-9.7007 eV P=1.000e+00 E=-5640.8203 eV hmax=50.337 A hmean=49.904 A rough=0.954 A occ1=1.000 tested=2
[TEMPLATE DEBUG] total=746 species_filter=0 restriction=0 direction=221 global_front=0 occupied=420 connection=88 min_dist=8 pre_shell=9 post_shell=1 tested_energy=1
[TEMPLATE DEBUG] camada candidata x: min=75.515120 max=75.515120 n=1
step=00410 species=  C N=00631 vac=0000 axis=x surf=yz Eads=-6.2124 eV P=1.000e+00 E=-5648.1167 eV hmax=50.384 A hmean=50.187 A rough=0.971 A occ1=1.000 tested=1
[TEMPLATE DEBUG] total=746 species_filter=0 restriction=0 direction=221 global_front=0 occupied=422 connection=86 min_dist=7 pre_shell=10 post_shell=1 tested_energy=1
[TEMPLATE DEBUG] camada candidata x: min=75.515120 max=75.515120 n=1
step=00411 species=  C N=00632 vac=0000 axis=x surf=yz Eads=-8.8745 eV P=1.000e+00 E=-5659.5317 eV hmax=50.337 A hmean=50.167 A rough=0.974 A occ1=1.000 tested=1
[TEMPLATE DEBUG] total=746 species_filter=0 restriction=0 direction=221 global_front=0 occupied=424 connection=85 min_dist=6 pre_shell=10 post_shell=10 tested_energy=10
[TEMPLATE DEBUG] camada candidata x: min=76.744877 max=76.744877 n=10
step=00412 species=  C N=00633 vac=0000 axis=x surf=yz Eads=-6.1035 eV P=1.885e-01 E=-5666.1309 eV hmax=51.592 A hmean=50.480 A rough=0.682 A occ1=1.000 tested=10
[TEMPLATE DEBUG] total=746 species_filter=0 restriction=0 direction=221 global_front=0 occupied=425 connection=84 min_dist=6 pre_shell=10 post_shell=9 tested_energy=9
[TEMPLATE DEBUG] camada candidata x: min=76.744877 max=76.744877 n=9
step=00413 species=  C N=00634 vac=0000 axis=x surf=yz Eads=-10.5049 eV P=1.000e+00 E=-5677.1689 eV hmax=51.601 A hmean=50.491 A rough=0.762 A occ1=1.000 tested=9
[TEMPLATE DEBUG] total=746 species_filter=0 restriction=0 direction=221 global_front=0 occupied=426 connection=83 min_dist=6 pre_shell=10 post_shell=8 tested_energy=8
[TEMPLATE DEBUG] camada candidata x: min=76.744877 max=76.744877 n=8
step=00414 species=  C N=00635 vac=0000 axis=x surf=yz Eads=-7.0513 eV P=7.522e-01 E=-5684.5884 eV hmax=51.607 A hmean=50.635 A rough=0.821 A occ1=1.000 tested=8
[TEMPLATE DEBUG] total=746 species_filter=0 restriction=0 direction=221 global_front=0 occupied=427 connection=82 min_dist=6 pre_shell=10 post_shell=7 tested_energy=7
[TEMPLATE DEBUG] camada candidata x: min=76.744877 max=76.744877 n=7
step=00415 species=  C N=00636 vac=0000 axis=x surf=yz Eads=-10.3110 eV P=1.000e+00 E=-5695.6030 eV hmax=51.601 A hmean=50.788 A rough=0.862 A occ1=1.000 tested=7
[TEMPLATE DEBUG] total=746 species_filter=0 restriction=0 direction=221 global_front=0 occupied=428 connection=81 min_dist=6 pre_shell=10 post_shell=6 tested_energy=6
[TEMPLATE DEBUG] camada candidata x: min=76.744877 max=76.744877 n=6
step=00416 species=  C N=00637 vac=0000 axis=x surf=yz Eads=-7.0068 eV P=1.000e+00 E=-5702.9868 eV hmax=51.592 A hmean=50.929 A rough=0.896 A occ1=1.000 tested=6
[TEMPLATE DEBUG] total=746 species_filter=0 restriction=0 direction=221 global_front=0 occupied=429 connection=80 min_dist=6 pre_shell=10 post_shell=5 tested_energy=5
[TEMPLATE DEBUG] camada candidata x: min=76.744877 max=76.744877 n=5
step=00417 species=  C N=00638 vac=0000 axis=x surf=yz Eads=-10.3779 eV P=1.000e+00 E=-5713.9502 eV hmax=51.589 A hmean=51.082 A rough=0.922 A occ1=1.000 tested=5
[TEMPLATE DEBUG] total=746 species_filter=0 restriction=0 direction=221 global_front=0 occupied=430 connection=79 min_dist=6 pre_shell=10 post_shell=4 tested_energy=4
[TEMPLATE DEBUG] camada candidata x: min=76.744877 max=76.744877 n=4
step=00418 species=  C N=00639 vac=0000 axis=x surf=yz Eads=-6.7969 eV P=9.999e-01 E=-5721.2627 eV hmax=51.599 A hmean=51.246 A rough=0.944 A occ1=1.000 tested=4
[TEMPLATE DEBUG] total=746 species_filter=0 restriction=0 direction=221 global_front=0 occupied=431 connection=78 min_dist=6 pre_shell=10 post_shell=3 tested_energy=3
[TEMPLATE DEBUG] camada candidata x: min=76.744877 max=76.744877 n=3
step=00419 species=  C N=00640 vac=0000 axis=x surf=yz Eads=-9.9038 eV P=1.000e+00 E=-5732.2236 eV hmax=51.577 A hmean=51.257 A rough=0.958 A occ1=1.000 tested=3
[TEMPLATE DEBUG] total=746 species_filter=0 restriction=0 direction=221 global_front=0 occupied=432 connection=77 min_dist=6 pre_shell=10 post_shell=2 tested_energy=2
[TEMPLATE DEBUG] camada candidata x: min=76.744877 max=76.744877 n=2
step=00420 species=  C N=00641 vac=0000 axis=x surf=yz Eads=-6.7148 eV P=9.995e-01 E=-5739.4648 eV hmax=51.658 A hmean=51.410 A rough=0.976 A occ1=1.000 tested=2
[TEMPLATE DEBUG] total=746 species_filter=0 restriction=0 direction=221 global_front=0 occupied=434 connection=75 min_dist=6 pre_shell=10 post_shell=1 tested_energy=1
[TEMPLATE DEBUG] camada candidata x: min=76.744877 max=76.744877 n=1
step=00421 species=  C N=00642 vac=0000 axis=x surf=yz Eads=-6.9658 eV P=1.000e+00 E=-5747.4551 eV hmax=51.650 A hmean=51.576 A rough=0.987 A occ1=1.000 tested=1
[TEMPLATE DEBUG] total=746 species_filter=0 restriction=0 direction=221 global_front=0 occupied=435 connection=74 min_dist=6 pre_shell=10 post_shell=10 tested_energy=10
[TEMPLATE DEBUG] camada candidata x: min=77.974633 max=77.974633 n=10
step=00422 species=  C N=00643 vac=0000 axis=x surf=yz Eads=-7.6431 eV P=7.192e-01 E=-5755.8120 eV hmax=52.798 A hmean=51.716 A rough=0.695 A occ1=1.000 tested=10
[TEMPLATE DEBUG] total=746 species_filter=0 restriction=0 direction=221 global_front=0 occupied=436 connection=73 min_dist=6 pre_shell=10 post_shell=9 tested_energy=9
[TEMPLATE DEBUG] camada candidata x: min=77.974633 max=77.974633 n=9
step=00423 species=  C N=00644 vac=0000 axis=x surf=yz Eads=-9.6650 eV P=1.000e+00 E=-5766.6265 eV hmax=52.830 A hmean=51.729 A rough=0.767 A occ1=1.000 tested=9
[TEMPLATE DEBUG] total=746 species_filter=0 restriction=0 direction=221 global_front=0 occupied=437 connection=72 min_dist=6 pre_shell=10 post_shell=8 tested_energy=8
[TEMPLATE DEBUG] camada candidata x: min=77.974633 max=77.974633 n=8
step=00424 species=  C N=00645 vac=0000 axis=x surf=yz Eads=-7.2866 eV P=1.000e+00 E=-5775.2012 eV hmax=52.830 A hmean=51.868 A rough=0.813 A occ1=1.000 tested=8
[TEMPLATE DEBUG] total=746 species_filter=0 restriction=0 direction=221 global_front=0 occupied=438 connection=71 min_dist=6 pre_shell=10 post_shell=7 tested_energy=7
[TEMPLATE DEBUG] camada candidata x: min=77.974633 max=77.974633 n=7
step=00425 species=  C N=00646 vac=0000 axis=x surf=yz Eads=-9.8647 eV P=1.000e+00 E=-5786.2285 eV hmax=52.830 A hmean=52.018 A rough=0.854 A occ1=1.000 tested=7
[TEMPLATE DEBUG] total=746 species_filter=0 restriction=0 direction=221 global_front=0 occupied=439 connection=70 min_dist=6 pre_shell=10 post_shell=6 tested_energy=6
[TEMPLATE DEBUG] camada candidata x: min=77.974633 max=77.974633 n=6
step=00426 species=  C N=00647 vac=0000 axis=x surf=yz Eads=-6.8457 eV P=8.048e-01 E=-5793.7876 eV hmax=52.804 A hmean=52.159 A rough=0.885 A occ1=1.000 tested=6
[TEMPLATE DEBUG] total=746 species_filter=0 restriction=0 direction=221 global_front=0 occupied=440 connection=69 min_dist=6 pre_shell=10 post_shell=5 tested_energy=5
[TEMPLATE DEBUG] camada candidata x: min=77.974633 max=77.974633 n=5
step=00427 species=  C N=00648 vac=0000 axis=x surf=yz Eads=-10.2671 eV P=1.000e+00 E=-5804.7192 eV hmax=52.829 A hmean=52.311 A rough=0.914 A occ1=1.000 tested=5
[TEMPLATE DEBUG] total=746 species_filter=0 restriction=0 direction=221 global_front=0 occupied=441 connection=68 min_dist=6 pre_shell=10 post_shell=4 tested_energy=4
[TEMPLATE DEBUG] camada candidata x: min=77.974633 max=77.974633 n=4
step=00428 species=  C N=00649 vac=0000 axis=x surf=yz Eads=-6.9683 eV P=9.861e-01 E=-5812.1050 eV hmax=52.806 A hmean=52.467 A rough=0.935 A occ1=1.000 tested=4
[TEMPLATE DEBUG] total=746 species_filter=0 restriction=0 direction=221 global_front=0 occupied=442 connection=67 min_dist=6 pre_shell=10 post_shell=3 tested_energy=3
[TEMPLATE DEBUG] camada candidata x: min=77.974633 max=77.974633 n=3
step=00429 species=  C N=00650 vac=0000 axis=x surf=yz Eads=-10.4258 eV P=1.000e+00 E=-5823.0747 eV hmax=52.829 A hmean=52.477 A rough=0.952 A occ1=1.000 tested=3
[TEMPLATE DEBUG] total=746 species_filter=0 restriction=0 direction=221 global_front=0 occupied=443 connection=66 min_dist=6 pre_shell=10 post_shell=2 tested_energy=2
[TEMPLATE DEBUG] camada candidata x: min=77.974633 max=77.974633 n=2
step=00430 species=  C N=00651 vac=0000 axis=x surf=yz Eads=-6.8477 eV P=1.336e-01 E=-5830.6484 eV hmax=52.829 A hmean=52.630 A rough=0.962 A occ1=1.000 tested=2
[TEMPLATE DEBUG] total=746 species_filter=0 restriction=0 direction=221 global_front=0 occupied=444 connection=65 min_dist=6 pre_shell=10 post_shell=1 tested_energy=1
[TEMPLATE DEBUG] camada candidata x: min=77.974633 max=77.974633 n=1
step=00431 species=  C N=00652 vac=0000 axis=x surf=yz Eads=-11.0464 eV P=1.000e+00 E=-5842.1816 eV hmax=52.804 A hmean=52.628 A rough=0.968 A occ1=1.000 tested=1
[TEMPLATE DEBUG] total=746 species_filter=0 restriction=0 direction=221 global_front=0 occupied=445 connection=64 min_dist=6 pre_shell=10 post_shell=10 tested_energy=10
[TEMPLATE DEBUG] camada candidata x: min=79.204389 max=79.204389 n=10
step=00432 species=  C N=00653 vac=0000 axis=x surf=yz Eads=-6.1421 eV P=8.707e-01 E=-5848.7690 eV hmax=54.055 A hmean=52.941 A rough=0.677 A occ1=1.000 tested=10
[TEMPLATE DEBUG] total=746 species_filter=0 restriction=0 direction=221 global_front=0 occupied=446 connection=63 min_dist=6 pre_shell=10 post_shell=9 tested_energy=9
[TEMPLATE DEBUG] camada candidata x: min=79.204389 max=79.204389 n=9
step=00433 species=  C N=00654 vac=0000 axis=x surf=yz Eads=-10.4702 eV P=1.000e+00 E=-5859.8052 eV hmax=54.056 A hmean=52.951 A rough=0.759 A occ1=1.000 tested=9
[TEMPLATE DEBUG] total=746 species_filter=0 restriction=0 direction=221 global_front=0 occupied=447 connection=62 min_dist=6 pre_shell=10 post_shell=8 tested_energy=8
[TEMPLATE DEBUG] camada candidata x: min=79.204389 max=79.204389 n=8
step=00434 species=  C N=00655 vac=0000 axis=x surf=yz Eads=-6.9946 eV P=8.790e-01 E=-5867.1973 eV hmax=54.050 A hmean=53.095 A rough=0.817 A occ1=1.000 tested=8
[TEMPLATE DEBUG] total=746 species_filter=0 restriction=0 direction=221 global_front=0 occupied=448 connection=61 min_dist=6 pre_shell=10 post_shell=7 tested_energy=7
[TEMPLATE DEBUG] camada candidata x: min=79.204389 max=79.204389 n=7
step=00435 species=  C N=00656 vac=0000 axis=x surf=yz Eads=-10.4111 eV P=1.000e+00 E=-5878.1499 eV hmax=54.055 A hmean=53.247 A rough=0.863 A occ1=1.000 tested=7
[TEMPLATE DEBUG] total=746 species_filter=0 restriction=0 direction=221 global_front=0 occupied=449 connection=60 min_dist=6 pre_shell=10 post_shell=6 tested_energy=6
[TEMPLATE DEBUG] camada candidata x: min=79.204389 max=79.204389 n=6
step=00436 species=  C N=00657 vac=0000 axis=x surf=yz Eads=-6.8452 eV P=1.814e-01 E=-5885.5469 eV hmax=54.049 A hmean=53.411 A rough=0.897 A occ1=1.000 tested=6
[TEMPLATE DEBUG] total=746 species_filter=0 restriction=0 direction=221 global_front=0 occupied=450 connection=59 min_dist=6 pre_shell=10 post_shell=5 tested_energy=5
[TEMPLATE DEBUG] camada candidata x: min=79.204389 max=79.204389 n=5
step=00437 species=  C N=00658 vac=0000 axis=x surf=yz Eads=-10.3403 eV P=1.000e+00 E=-5896.6094 eV hmax=54.038 A hmean=53.418 A rough=0.923 A occ1=1.000 tested=5
[TEMPLATE DEBUG] total=746 species_filter=0 restriction=0 direction=221 global_front=0 occupied=451 connection=58 min_dist=6 pre_shell=10 post_shell=4 tested_energy=4
[TEMPLATE DEBUG] camada candidata x: min=79.204389 max=79.204389 n=4
step=00438 species=  C N=00659 vac=0000 axis=x surf=yz Eads=-6.9102 eV P=1.000e+00 E=-5903.9634 eV hmax=54.058 A hmean=53.567 A rough=0.945 A occ1=1.000 tested=4
[TEMPLATE DEBUG] total=746 species_filter=0 restriction=0 direction=221 global_front=0 occupied=452 connection=57 min_dist=6 pre_shell=10 post_shell=3 tested_energy=3
[TEMPLATE DEBUG] camada candidata x: min=79.204389 max=79.204389 n=3
step=00439 species=  C N=00660 vac=0000 axis=x surf=yz Eads=-10.1875 eV P=1.000e+00 E=-5914.9375 eV hmax=54.038 A hmean=53.720 A rough=0.959 A occ1=1.000 tested=3
[TEMPLATE DEBUG] total=746 species_filter=0 restriction=0 direction=221 global_front=0 occupied=453 connection=56 min_dist=6 pre_shell=10 post_shell=2 tested_energy=2
[TEMPLATE DEBUG] camada candidata x: min=79.204389 max=79.204389 n=2
step=00440 species=  C N=00661 vac=0000 axis=x surf=yz Eads=-6.5161 eV P=8.664e-01 E=-5922.0703 eV hmax=54.103 A hmean=53.889 A rough=0.975 A occ1=1.000 tested=2
[TEMPLATE DEBUG] total=746 species_filter=0 restriction=0 direction=221 global_front=0 occupied=454 connection=54 min_dist=6 pre_shell=11 post_shell=2 tested_energy=2
[TEMPLATE DEBUG] camada candidata x: min=79.204389 max=79.204389 n=2
step=00441 species=  C N=00662 vac=0000 axis=x surf=yz Eads=-8.2856 eV P=1.000e+00 E=-5933.1724 eV hmax=54.025 A hmean=53.891 A rough=0.975 A occ1=1.000 tested=2
[TEMPLATE DEBUG] total=746 species_filter=0 restriction=0 direction=221 global_front=0 occupied=454 connection=54 min_dist=8 pre_shell=9 post_shell=9 tested_energy=9
[TEMPLATE DEBUG] camada candidata x: min=80.434145 max=80.434145 n=9
step=00442 species=  C N=00663 vac=0000 axis=x surf=yz Eads=-6.3193 eV P=9.590e-01 E=-5939.9326 eV hmax=55.255 A hmean=54.046 A rough=0.677 A occ1=1.000 tested=9
[TEMPLATE DEBUG] total=746 species_filter=0 restriction=0 direction=221 global_front=0 occupied=455 connection=53 min_dist=8 pre_shell=9 post_shell=8 tested_energy=8
[TEMPLATE DEBUG] camada candidata x: min=80.434145 max=80.434145 n=8
step=00443 species=  C N=00664 vac=0000 axis=x surf=yz Eads=-10.3477 eV P=1.000e+00 E=-5950.9526 eV hmax=55.286 A hmean=54.198 A rough=0.757 A occ1=1.000 tested=8
[TEMPLATE DEBUG] total=746 species_filter=0 restriction=0 direction=221 global_front=0 occupied=456 connection=52 min_dist=8 pre_shell=9 post_shell=7 tested_energy=7
[TEMPLATE DEBUG] camada candidata x: min=80.434145 max=80.434145 n=7
step=00444 species=  C N=00665 vac=0000 axis=x surf=yz Eads=-6.9946 eV P=1.000e+00 E=-5958.3403 eV hmax=55.269 A hmean=54.353 A rough=0.814 A occ1=1.000 tested=7
[TEMPLATE DEBUG] total=746 species_filter=0 restriction=0 direction=221 global_front=0 occupied=457 connection=51 min_dist=8 pre_shell=9 post_shell=6 tested_energy=6
[TEMPLATE DEBUG] camada candidata x: min=80.434145 max=80.434145 n=6
step=00445 species=  C N=00666 vac=0000 axis=x surf=yz Eads=-10.4038 eV P=1.000e+00 E=-5969.3066 eV hmax=55.284 A hmean=54.363 A rough=0.859 A occ1=1.000 tested=6
[TEMPLATE DEBUG] total=746 species_filter=0 restriction=0 direction=221 global_front=0 occupied=458 connection=50 min_dist=8 pre_shell=9 post_shell=5 tested_energy=5
[TEMPLATE DEBUG] camada candidata x: min=80.434145 max=80.434145 n=5
step=00446 species=  C N=00667 vac=0000 axis=x surf=yz Eads=-7.0166 eV P=1.000e+00 E=-5976.7144 eV hmax=55.284 A hmean=54.512 A rough=0.893 A occ1=1.000 tested=5
[TEMPLATE DEBUG] total=746 species_filter=0 restriction=0 direction=221 global_front=0 occupied=459 connection=49 min_dist=8 pre_shell=9 post_shell=4 tested_energy=4
[TEMPLATE DEBUG] camada candidata x: min=80.434145 max=80.434145 n=4
step=00447 species=  C N=00668 vac=0000 axis=x surf=yz Eads=-10.3594 eV P=1.000e+00 E=-5987.6787 eV hmax=55.272 A hmean=54.510 A rough=0.919 A occ1=1.000 tested=4
[TEMPLATE DEBUG] total=746 species_filter=0 restriction=0 direction=221 global_front=0 occupied=460 connection=48 min_dist=8 pre_shell=9 post_shell=3 tested_energy=3
[TEMPLATE DEBUG] camada candidata x: min=80.434145 max=80.434145 n=3
step=00448 species=  C N=00669 vac=0000 axis=x surf=yz Eads=-6.8018 eV P=1.000e+00 E=-5995.0107 eV hmax=55.293 A hmean=54.676 A rough=0.941 A occ1=1.000 tested=3
[TEMPLATE DEBUG] total=746 species_filter=0 restriction=0 direction=221 global_front=0 occupied=461 connection=47 min_dist=8 pre_shell=9 post_shell=2 tested_energy=2
[TEMPLATE DEBUG] camada candidata x: min=80.434145 max=80.434145 n=2
step=00449 species=  C N=00670 vac=0000 axis=x surf=yz Eads=-9.6997 eV P=1.000e+00 E=-6006.0161 eV hmax=55.256 A hmean=54.823 A rough=0.954 A occ1=1.000 tested=2
[TEMPLATE DEBUG] total=746 species_filter=0 restriction=0 direction=221 global_front=0 occupied=462 connection=46 min_dist=8 pre_shell=9 post_shell=1 tested_energy=1
[TEMPLATE DEBUG] camada candidata x: min=80.434145 max=80.434145 n=1
step=00450 species=  C N=00671 vac=0000 axis=x surf=yz Eads=-6.2070 eV P=1.000e+00 E=-6013.3120 eV hmax=55.302 A hmean=55.105 A rough=0.971 A occ1=1.000 tested=1
[TEMPLATE DEBUG] total=746 species_filter=0 restriction=0 direction=221 global_front=0 occupied=464 connection=44 min_dist=7 pre_shell=10 post_shell=1 tested_energy=1
[TEMPLATE DEBUG] camada candidata x: min=80.434145 max=80.434145 n=1
step=00451 species=  C N=00672 vac=0000 axis=x surf=yz Eads=-8.8789 eV P=1.000e+00 E=-6024.7285 eV hmax=55.256 A hmean=55.086 A rough=0.974 A occ1=1.000 tested=1
[TEMPLATE DEBUG] total=746 species_filter=0 restriction=0 direction=221 global_front=0 occupied=466 connection=43 min_dist=6 pre_shell=10 post_shell=10 tested_energy=10
[TEMPLATE DEBUG] camada candidata x: min=81.663901 max=81.663901 n=10
step=00452 species=  C N=00673 vac=0000 axis=x surf=yz Eads=-6.1074 eV P=2.028e-01 E=-6031.3125 eV hmax=56.505 A hmean=55.243 A rough=0.681 A occ1=1.000 tested=10
[TEMPLATE DEBUG] total=746 species_filter=0 restriction=0 direction=221 global_front=0 occupied=467 connection=42 min_dist=6 pre_shell=10 post_shell=9 tested_energy=9
[TEMPLATE DEBUG] camada candidata x: min=81.663901 max=81.663901 n=9
step=00453 species=  C N=00674 vac=0000 axis=x surf=yz Eads=-10.4492 eV P=1.000e+00 E=-6042.3574 eV hmax=56.512 A hmean=55.397 A rough=0.760 A occ1=1.000 tested=9
[TEMPLATE DEBUG] total=746 species_filter=0 restriction=0 direction=221 global_front=0 occupied=468 connection=41 min_dist=6 pre_shell=10 post_shell=8 tested_energy=8
[TEMPLATE DEBUG] camada candidata x: min=81.663901 max=81.663901 n=8
step=00454 species=  C N=00675 vac=0000 axis=x surf=yz Eads=-7.0361 eV P=9.506e-01 E=-6049.7393 eV hmax=56.511 A hmean=55.696 A rough=0.818 A occ1=1.000 tested=8
[TEMPLATE DEBUG] total=746 species_filter=0 restriction=0 direction=221 global_front=0 occupied=469 connection=40 min_dist=6 pre_shell=10 post_shell=7 tested_energy=7
[TEMPLATE DEBUG] camada candidata x: min=81.663901 max=81.663901 n=7
step=00455 species=  C N=00676 vac=0000 axis=x surf=yz Eads=-10.4170 eV P=1.000e+00 E=-6060.7188 eV hmax=56.512 A hmean=55.705 A rough=0.863 A occ1=1.000 tested=7
[TEMPLATE DEBUG] total=746 species_filter=0 restriction=0 direction=221 global_front=0 occupied=470 connection=39 min_dist=6 pre_shell=10 post_shell=6 tested_energy=6
[TEMPLATE DEBUG] camada candidata x: min=81.663901 max=81.663901 n=6
step=00456 species=  C N=00677 vac=0000 axis=x surf=yz Eads=-6.9917 eV P=8.754e-01 E=-6068.1411 eV hmax=56.518 A hmean=55.846 A rough=0.897 A occ1=1.000 tested=6
[TEMPLATE DEBUG] total=746 species_filter=0 restriction=0 direction=221 global_front=0 occupied=471 connection=38 min_dist=6 pre_shell=10 post_shell=5 tested_energy=5
[TEMPLATE DEBUG] camada candidata x: min=81.663901 max=81.663901 n=5
step=00457 species=  C N=00678 vac=0000 axis=x surf=yz Eads=-10.2939 eV P=1.000e+00 E=-6079.1455 eV hmax=56.495 A hmean=55.999 A rough=0.922 A occ1=1.000 tested=5
[TEMPLATE DEBUG] total=746 species_filter=0 restriction=0 direction=221 global_front=0 occupied=472 connection=37 min_dist=6 pre_shell=10 post_shell=4 tested_energy=4
[TEMPLATE DEBUG] camada candidata x: min=81.663901 max=81.663901 n=4
step=00458 species=  C N=00679 vac=0000 axis=x surf=yz Eads=-6.9072 eV P=1.000e+00 E=-6086.4585 eV hmax=56.525 A hmean=56.162 A rough=0.944 A occ1=1.000 tested=4
[TEMPLATE DEBUG] total=746 species_filter=0 restriction=0 direction=221 global_front=0 occupied=473 connection=36 min_dist=6 pre_shell=10 post_shell=3 tested_energy=3
[TEMPLATE DEBUG] camada candidata x: min=81.663901 max=81.663901 n=3
step=00459 species=  C N=00680 vac=0000 axis=x surf=yz Eads=-9.9023 eV P=1.000e+00 E=-6097.4219 eV hmax=56.495 A hmean=56.172 A rough=0.958 A occ1=1.000 tested=3
[TEMPLATE DEBUG] total=746 species_filter=0 restriction=0 direction=221 global_front=0 occupied=474 connection=35 min_dist=6 pre_shell=10 post_shell=2 tested_energy=2
[TEMPLATE DEBUG] camada candidata x: min=81.663901 max=81.663901 n=2
step=00460 species=  C N=00681 vac=0000 axis=x surf=yz Eads=-6.7139 eV P=9.995e-01 E=-6104.6616 eV hmax=56.577 A hmean=56.325 A rough=0.976 A occ1=1.000 tested=2
[TEMPLATE DEBUG] total=746 species_filter=0 restriction=0 direction=221 global_front=0 occupied=476 connection=33 min_dist=6 pre_shell=10 post_shell=1 tested_energy=1
[TEMPLATE DEBUG] camada candidata x: min=81.663901 max=81.663901 n=1
step=00461 species=  C N=00682 vac=0000 axis=x surf=yz Eads=-6.9648 eV P=1.000e+00 E=-6112.6519 eV hmax=56.569 A hmean=56.492 A rough=0.987 A occ1=1.000 tested=1
[TEMPLATE DEBUG] total=746 species_filter=0 restriction=0 direction=221 global_front=0 occupied=477 connection=32 min_dist=6 pre_shell=10 post_shell=10 tested_energy=10
[TEMPLATE DEBUG] camada candidata x: min=82.893657 max=82.893657 n=10
step=00462 species=  C N=00683 vac=0000 axis=x surf=yz Eads=-7.6470 eV P=7.564e-01 E=-6121.0151 eV hmax=57.716 A hmean=56.632 A rough=0.695 A occ1=1.000 tested=10
[TEMPLATE DEBUG] total=746 species_filter=0 restriction=0 direction=221 global_front=0 occupied=478 connection=31 min_dist=6 pre_shell=10 post_shell=9 tested_energy=9
[TEMPLATE DEBUG] camada candidata x: min=82.893657 max=82.893657 n=9
step=00463 species=  C N=00684 vac=0000 axis=x surf=yz Eads=-9.6646 eV P=1.000e+00 E=-6131.8281 eV hmax=57.751 A hmean=56.644 A rough=0.767 A occ1=1.000 tested=9
[TEMPLATE DEBUG] total=746 species_filter=0 restriction=0 direction=221 global_front=0 occupied=479 connection=30 min_dist=6 pre_shell=10 post_shell=8 tested_energy=8
[TEMPLATE DEBUG] camada candidata x: min=82.893657 max=82.893657 n=8
step=00464 species=  C N=00685 vac=0000 axis=x surf=yz Eads=-7.2817 eV P=1.000e+00 E=-6140.3960 eV hmax=57.751 A hmean=56.783 A rough=0.813 A occ1=1.000 tested=8
[TEMPLATE DEBUG] total=746 species_filter=0 restriction=0 direction=221 global_front=0 occupied=480 connection=29 min_dist=6 pre_shell=10 post_shell=7 tested_energy=7
[TEMPLATE DEBUG] camada candidata x: min=82.893657 max=82.893657 n=7
step=00465 species=  C N=00686 vac=0000 axis=x surf=yz Eads=-9.8584 eV P=1.000e+00 E=-6151.4282 eV hmax=57.751 A hmean=56.934 A rough=0.855 A occ1=1.000 tested=7
[TEMPLATE DEBUG] total=746 species_filter=0 restriction=0 direction=221 global_front=0 occupied=481 connection=28 min_dist=6 pre_shell=10 post_shell=6 tested_energy=6
[TEMPLATE DEBUG] camada candidata x: min=82.893657 max=82.893657 n=6
step=00466 species=  C N=00687 vac=0000 axis=x surf=yz Eads=-6.8306 eV P=5.842e-01 E=-6158.9668 eV hmax=57.724 A hmean=57.075 A rough=0.885 A occ1=1.000 tested=6
[TEMPLATE DEBUG] total=746 species_filter=0 restriction=0 direction=221 global_front=0 occupied=482 connection=27 min_dist=6 pre_shell=10 post_shell=5 tested_energy=5
[TEMPLATE DEBUG] camada candidata x: min=82.893657 max=82.893657 n=5
step=00467 species=  C N=00688 vac=0000 axis=x surf=yz Eads=-10.2271 eV P=1.000e+00 E=-6169.9062 eV hmax=57.745 A hmean=57.229 A rough=0.914 A occ1=1.000 tested=5
[TEMPLATE DEBUG] total=746 species_filter=0 restriction=0 direction=221 global_front=0 occupied=483 connection=26 min_dist=6 pre_shell=10 post_shell=4 tested_energy=4
[TEMPLATE DEBUG] camada candidata x: min=82.893657 max=82.893657 n=4
step=00468 species=  C N=00689 vac=0000 axis=x surf=yz Eads=-6.9644 eV P=9.701e-01 E=-6177.2832 eV hmax=57.724 A hmean=57.384 A rough=0.935 A occ1=1.000 tested=4
[TEMPLATE DEBUG] total=746 species_filter=0 restriction=0 direction=221 global_front=0 occupied=484 connection=25 min_dist=6 pre_shell=10 post_shell=3 tested_energy=3
[TEMPLATE DEBUG] camada candidata x: min=82.893657 max=82.893657 n=3
step=00469 species=  C N=00690 vac=0000 axis=x surf=yz Eads=-10.3975 eV P=1.000e+00 E=-6188.2656 eV hmax=57.743 A hmean=57.395 A rough=0.952 A occ1=1.000 tested=3
[TEMPLATE DEBUG] total=746 species_filter=0 restriction=0 direction=221 global_front=0 occupied=485 connection=24 min_dist=6 pre_shell=10 post_shell=2 tested_energy=2
[TEMPLATE DEBUG] camada candidata x: min=82.893657 max=82.893657 n=2
step=00470 species=  C N=00691 vac=0000 axis=x surf=yz Eads=-6.9956 eV P=9.576e-01 E=-6195.6060 eV hmax=57.747 A hmean=57.555 A rough=0.965 A occ1=1.000 tested=2
[TEMPLATE DEBUG] total=746 species_filter=0 restriction=0 direction=221 global_front=0 occupied=486 connection=23 min_dist=6 pre_shell=10 post_shell=1 tested_energy=1
[TEMPLATE DEBUG] camada candidata x: min=82.893657 max=82.893657 n=1
step=00471 species=  C N=00692 vac=0000 axis=x surf=yz Eads=-11.1123 eV P=1.000e+00 E=-6207.3872 eV hmax=57.724 A hmean=57.546 A rough=0.969 A occ1=1.000 tested=1
[TEMPLATE DEBUG] total=746 species_filter=0 restriction=0 direction=221 global_front=0 occupied=487 connection=22 min_dist=6 pre_shell=10 post_shell=10 tested_energy=10
[TEMPLATE DEBUG] camada candidata x: min=84.123413 max=84.123413 n=10
step=00472 species=  C N=00693 vac=0000 axis=x surf=yz Eads=-5.9751 eV P=1.072e-01 E=-6213.9438 eV hmax=58.982 A hmean=57.705 A rough=0.677 A occ1=1.000 tested=10
[TEMPLATE DEBUG] total=746 species_filter=0 restriction=0 direction=221 global_front=0 occupied=488 connection=21 min_dist=6 pre_shell=10 post_shell=9 tested_energy=9
[TEMPLATE DEBUG] camada candidata x: min=84.123413 max=84.123413 n=9
step=00473 species=  C N=00694 vac=0000 axis=x surf=yz Eads=-10.5151 eV P=1.000e+00 E=-6225.0010 eV hmax=58.971 A hmean=57.857 A rough=0.758 A occ1=1.000 tested=9
[TEMPLATE DEBUG] total=746 species_filter=0 restriction=0 direction=221 global_front=0 occupied=489 connection=20 min_dist=6 pre_shell=10 post_shell=8 tested_energy=8
[TEMPLATE DEBUG] camada candidata x: min=84.123413 max=84.123413 n=8
step=00474 species=  C N=00695 vac=0000 axis=x surf=yz Eads=-7.0513 eV P=9.921e-01 E=-6232.3667 eV hmax=58.974 A hmean=58.157 A rough=0.818 A occ1=1.000 tested=8
[TEMPLATE DEBUG] total=746 species_filter=0 restriction=0 direction=221 global_front=0 occupied=490 connection=19 min_dist=6 pre_shell=10 post_shell=7 tested_energy=7
[TEMPLATE DEBUG] camada candidata x: min=84.123413 max=84.123413 n=7
step=00475 species=  C N=00696 vac=0000 axis=x surf=yz Eads=-10.3789 eV P=1.000e+00 E=-6243.3521 eV hmax=58.972 A hmean=58.166 A rough=0.863 A occ1=1.000 tested=7
[TEMPLATE DEBUG] total=746 species_filter=0 restriction=0 direction=221 global_front=0 occupied=491 connection=18 min_dist=6 pre_shell=10 post_shell=6 tested_energy=6
[TEMPLATE DEBUG] camada candidata x: min=84.123413 max=84.123413 n=6
step=00476 species=  C N=00697 vac=0000 axis=x surf=yz Eads=-6.9048 eV P=7.994e-01 E=-6250.7017 eV hmax=58.976 A hmean=58.314 A rough=0.899 A occ1=1.000 tested=6
[TEMPLATE DEBUG] total=746 species_filter=0 restriction=0 direction=221 global_front=0 occupied=492 connection=17 min_dist=6 pre_shell=10 post_shell=5 tested_energy=5
[TEMPLATE DEBUG] camada candidata x: min=84.123413 max=84.123413 n=5
step=00477 species=  C N=00698 vac=0000 axis=x surf=yz Eads=-10.2041 eV P=1.000e+00 E=-6261.7100 eV hmax=58.971 A hmean=58.468 A rough=0.923 A occ1=1.000 tested=5
[TEMPLATE DEBUG] total=746 species_filter=0 restriction=0 direction=221 global_front=0 occupied=493 connection=16 min_dist=6 pre_shell=10 post_shell=4 tested_energy=4
[TEMPLATE DEBUG] camada candidata x: min=84.123413 max=84.123413 n=4
step=00478 species=  C N=00699 vac=0000 axis=x surf=yz Eads=-6.8457 eV P=9.998e-01 E=-6269.1074 eV hmax=58.970 A hmean=58.632 A rough=0.944 A occ1=1.000 tested=4
[TEMPLATE DEBUG] total=746 species_filter=0 restriction=0 direction=221 global_front=0 occupied=494 connection=15 min_dist=6 pre_shell=10 post_shell=3 tested_energy=3
[TEMPLATE DEBUG] camada candidata x: min=84.123413 max=84.123413 n=3
step=00479 species=  C N=00700 vac=0000 axis=x surf=yz Eads=-10.3428 eV P=1.000e+00 E=-6280.1426 eV hmax=58.957 A hmean=58.639 A rough=0.960 A occ1=1.000 tested=3
[TEMPLATE DEBUG] total=746 species_filter=0 restriction=0 direction=221 global_front=0 occupied=495 connection=14 min_dist=6 pre_shell=10 post_shell=2 tested_energy=2
[TEMPLATE DEBUG] camada candidata x: min=84.123413 max=84.123413 n=2
step=00480 species=  C N=00701 vac=0000 axis=x surf=yz Eads=-6.5117 eV P=8.838e-01 E=-6287.2744 eV hmax=59.022 A hmean=58.807 A rough=0.976 A occ1=1.000 tested=2
[TEMPLATE DEBUG] total=746 species_filter=0 restriction=0 direction=221 global_front=0 occupied=496 connection=12 min_dist=6 pre_shell=11 post_shell=2 tested_energy=2
[TEMPLATE DEBUG] camada candidata x: min=84.123413 max=84.123413 n=2
step=00481 species=  C N=00702 vac=0000 axis=x surf=yz Eads=-8.2808 eV P=1.000e+00 E=-6298.3740 eV hmax=58.948 A hmean=58.809 A rough=0.976 A occ1=1.000 tested=2
[TEMPLATE DEBUG] total=746 species_filter=0 restriction=0 direction=221 global_front=0 occupied=496 connection=12 min_dist=8 pre_shell=9 post_shell=9 tested_energy=9
[TEMPLATE DEBUG] camada candidata x: min=85.353169 max=85.353169 n=9
step=00482 species=  C N=00703 vac=0000 axis=x surf=yz Eads=-6.3218 eV P=9.534e-01 E=-6305.1367 eV hmax=60.175 A hmean=58.964 A rough=0.677 A occ1=1.000 tested=9
[TEMPLATE DEBUG] total=746 species_filter=0 restriction=0 direction=221 global_front=0 occupied=497 connection=11 min_dist=8 pre_shell=9 post_shell=8 tested_energy=8
[TEMPLATE DEBUG] camada candidata x: min=85.353169 max=85.353169 n=8
step=00483 species=  C N=00704 vac=0000 axis=x surf=yz Eads=-10.3418 eV P=1.000e+00 E=-6316.1514 eV hmax=60.205 A hmean=59.117 A rough=0.757 A occ1=1.000 tested=8
[TEMPLATE DEBUG] total=746 species_filter=0 restriction=0 direction=221 global_front=0 occupied=498 connection=10 min_dist=8 pre_shell=9 post_shell=7 tested_energy=7
[TEMPLATE DEBUG] camada candidata x: min=85.353169 max=85.353169 n=7
step=00484 species=  C N=00705 vac=0000 axis=x surf=yz Eads=-6.9653 eV P=1.000e+00 E=-6323.5361 eV hmax=60.188 A hmean=59.272 A rough=0.814 A occ1=1.000 tested=7
[TEMPLATE DEBUG] total=746 species_filter=0 restriction=0 direction=221 global_front=0 occupied=499 connection=9 min_dist=8 pre_shell=9 post_shell=6 tested_energy=6
[TEMPLATE DEBUG] camada candidata x: min=85.353169 max=85.353169 n=6
step=00485 species=  C N=00706 vac=0000 axis=x surf=yz Eads=-10.3931 eV P=1.000e+00 E=-6334.5122 eV hmax=60.204 A hmean=59.282 A rough=0.859 A occ1=1.000 tested=6
[TEMPLATE DEBUG] total=746 species_filter=0 restriction=0 direction=221 global_front=0 occupied=500 connection=8 min_dist=8 pre_shell=9 post_shell=5 tested_energy=5
[TEMPLATE DEBUG] camada candidata x: min=85.353169 max=85.353169 n=5
step=00486 species=  C N=00707 vac=0000 axis=x surf=yz Eads=-7.0469 eV P=1.000e+00 E=-6341.9238 eV hmax=60.204 A hmean=59.431 A rough=0.894 A occ1=1.000 tested=5
[TEMPLATE DEBUG] total=746 species_filter=0 restriction=0 direction=221 global_front=0 occupied=501 connection=7 min_dist=8 pre_shell=9 post_shell=4 tested_energy=4
[TEMPLATE DEBUG] camada candidata x: min=85.353169 max=85.353169 n=4
step=00487 species=  C N=00708 vac=0000 axis=x surf=yz Eads=-10.3672 eV P=1.000e+00 E=-6352.8853 eV hmax=60.192 A hmean=59.430 A rough=0.919 A occ1=1.000 tested=4
[TEMPLATE DEBUG] total=746 species_filter=0 restriction=0 direction=221 global_front=0 occupied=502 connection=6 min_dist=8 pre_shell=9 post_shell=3 tested_energy=3
[TEMPLATE DEBUG] camada candidata x: min=85.353169 max=85.353169 n=3
step=00488 species=  C N=00709 vac=0000 axis=x surf=yz Eads=-6.7886 eV P=1.000e+00 E=-6360.2148 eV hmax=60.212 A hmean=59.595 A rough=0.941 A occ1=1.000 tested=3
[TEMPLATE DEBUG] total=746 species_filter=0 restriction=0 direction=221 global_front=0 occupied=503 connection=5 min_dist=8 pre_shell=9 post_shell=2 tested_energy=2
[TEMPLATE DEBUG] camada candidata x: min=85.353169 max=85.353169 n=2
step=00489 species=  C N=00710 vac=0000 axis=x surf=yz Eads=-9.6992 eV P=1.000e+00 E=-6371.2202 eV hmax=60.176 A hmean=59.742 A rough=0.954 A occ1=1.000 tested=2
[TEMPLATE DEBUG] total=746 species_filter=0 restriction=0 direction=221 global_front=0 occupied=504 connection=4 min_dist=8 pre_shell=9 post_shell=1 tested_energy=1
[TEMPLATE DEBUG] camada candidata x: min=85.353169 max=85.353169 n=1
step=00490 species=  C N=00711 vac=0000 axis=x surf=yz Eads=-6.2148 eV P=1.000e+00 E=-6378.5171 eV hmax=60.222 A hmean=60.025 A rough=0.971 A occ1=1.000 tested=1
[TEMPLATE DEBUG] total=746 species_filter=0 restriction=0 direction=221 global_front=0 occupied=506 connection=2 min_dist=7 pre_shell=10 post_shell=1 tested_energy=1
[TEMPLATE DEBUG] camada candidata x: min=85.353169 max=85.353169 n=1
step=00491 species=  C N=00712 vac=0000 axis=x surf=yz Eads=-8.8726 eV P=1.000e+00 E=-6389.9341 eV hmax=60.176 A hmean=60.006 A rough=0.974 A occ1=1.000 tested=1
[TEMPLATE DEBUG] total=746 species_filter=0 restriction=0 direction=221 global_front=0 occupied=508 connection=1 min_dist=6 pre_shell=10 post_shell=10 tested_energy=10
[TEMPLATE DEBUG] camada candidata x: min=86.582925 max=86.582925 n=10
step=00492 species=  C N=00713 vac=0000 axis=x surf=yz Eads=-6.1030 eV P=1.908e-01 E=-6396.5322 eV hmax=61.430 A hmean=60.318 A rough=0.682 A occ1=1.000 tested=10
[TEMPLATE DEBUG] total=746 species_filter=0 restriction=0 direction=221 global_front=0 occupied=509 connection=1 min_dist=6 pre_shell=9 post_shell=9 tested_energy=9
[TEMPLATE DEBUG] camada candidata x: min=86.582925 max=86.582925 n=9
step=00493 species=  C N=00714 vac=0000 axis=x surf=yz Eads=-10.5083 eV P=1.000e+00 E=-6407.5708 eV hmax=61.439 A hmean=60.329 A rough=0.762 A occ1=1.000 tested=9
[TEMPLATE DEBUG] total=746 species_filter=0 restriction=0 direction=221 global_front=0 occupied=510 connection=1 min_dist=6 pre_shell=8 post_shell=8 tested_energy=8
[TEMPLATE DEBUG] camada candidata x: min=86.582925 max=86.582925 n=8
step=00494 species=  C N=00715 vac=0000 axis=x surf=yz Eads=-7.0024 eV P=2.436e-01 E=-6414.9492 eV hmax=61.430 A hmean=60.470 A rough=0.820 A occ1=1.000 tested=8
[TEMPLATE DEBUG] total=746 species_filter=0 restriction=0 direction=221 global_front=0 occupied=511 connection=1 min_dist=6 pre_shell=7 post_shell=7 tested_energy=7
[TEMPLATE DEBUG] camada candidata x: min=86.582925 max=86.582925 n=7
step=00495 species=  C N=00716 vac=0000 axis=x surf=yz Eads=-10.3828 eV P=1.000e+00 E=-6425.9150 eV hmax=61.427 A hmean=60.623 A rough=0.863 A occ1=1.000 tested=7
[TEMPLATE DEBUG] total=746 species_filter=0 restriction=0 direction=221 global_front=0 occupied=512 connection=1 min_dist=6 pre_shell=6 post_shell=6 tested_energy=6
[TEMPLATE DEBUG] camada candidata x: min=86.582925 max=86.582925 n=6
step=00496 species=  C N=00717 vac=0000 axis=x surf=yz Eads=-7.0513 eV P=9.972e-01 E=-6433.3418 eV hmax=61.444 A hmean=60.767 A rough=0.898 A occ1=1.000 tested=6
[TEMPLATE DEBUG] total=746 species_filter=0 restriction=0 direction=221 global_front=0 occupied=513 connection=1 min_dist=6 pre_shell=5 post_shell=5 tested_energy=5
[TEMPLATE DEBUG] camada candidata x: min=86.582925 max=86.582925 n=5
step=00497 species=  C N=00718 vac=0000 axis=x surf=yz Eads=-10.3037 eV P=1.000e+00 E=-6444.3486 eV hmax=61.427 A hmean=60.920 A rough=0.922 A occ1=1.000 tested=5
[TEMPLATE DEBUG] total=746 species_filter=0 restriction=0 direction=221 global_front=0 occupied=514 connection=1 min_dist=6 pre_shell=4 post_shell=4 tested_energy=4
[TEMPLATE DEBUG] camada candidata x: min=86.582925 max=86.582925 n=4
step=00498 species=  C N=00719 vac=0000 axis=x surf=yz Eads=-6.7979 eV P=9.999e-01 E=-6451.6621 eV hmax=61.437 A hmean=61.084 A rough=0.944 A occ1=1.000 tested=4
[TEMPLATE DEBUG] total=746 species_filter=0 restriction=0 direction=221 global_front=0 occupied=515 connection=1 min_dist=6 pre_shell=3 post_shell=3 tested_energy=3
[TEMPLATE DEBUG] camada candidata x: min=86.582925 max=86.582925 n=3
step=00499 species=  C N=00720 vac=0000 axis=x surf=yz Eads=-9.9028 eV P=1.000e+00 E=-6462.6230 eV hmax=61.415 A hmean=61.094 A rough=0.958 A occ1=1.000 tested=3
[TEMPLATE DEBUG] total=746 species_filter=0 restriction=0 direction=221 global_front=0 occupied=516 connection=1 min_dist=6 pre_shell=2 post_shell=2 tested_energy=2
[TEMPLATE DEBUG] camada candidata x: min=86.582925 max=86.582925 n=2
step=00500 species=  C N=00721 vac=0000 axis=x surf=yz Eads=-6.7139 eV P=9.995e-01 E=-6469.8633 eV hmax=61.496 A hmean=61.247 A rough=0.976 A occ1=1.000 tested=2

Arquivos salvos:
  grafeno_cutoff.traj
  grafeno_cutoff.csv
  grafeno_cutoff_initial.xyz
  grafeno_cutoff_initial.cif
  grafeno_cutoff_checkpoint.xyz
  grafeno_cutoff_checkpoint.cif
  grafeno_cutoff_vacancies.csv
  grafeno_cutoff_final.xyz
  grafeno_cutoff_final.cif
