step,event_type,deposited_species,intended_species,impurity_kind,is_vacancy,species_flux,anchor_mode,growth_axis,surface_axes,n_atoms,n_initial,n_added,n_vacancies,n_growth_events,kmc_time,dt,temperature_K,flux_ML_s,n_sites,deposition_total_rate_s_inv,e_total_eV,e_before_eV,e_after_eV,delta_e_relaxed_eV,e_ads_unrelaxed_eV,chosen_boltzmann_probability,rate_s_inv,total_rate_s_inv,mobile_count,added_index,anchor_index,n_surface_anchors,n_tested_candidates,min_distance_A,x_event_A,y_event_A,z_event_A,surface_area_A2,gamma_initial_eV_A2,gamma_effective_eV_A2,gamma_effective_J_m2,top_coord_A,bottom_coord_A,slab_thickness_A,growth_height_A,roughness_A,coverage_estimate_ML,front_mean_A,front_median_A,front_p90_A,front_grid_rms_A,front_grid_occupied_fraction,growth_front_mean_A,growth_front_median_A,growth_front_p90_A,first_template_layer_occupancy,highest_90pct_complete_layer,n_template_layers,contiguous_90pct_complete_layers,contiguous_complete_layer_fraction,mean_template_layer_occupancy,n_template_growth_sites,n_occupied_template_growth_sites,template_growth_occupancy_fraction,frozen_vacancy_fraction_of_template,incorporation_efficiency_per_event,added_areal_density_atoms_A2,growth_front_mean_per_event_A,growth_front_mean_per_added_atom_A,growth_front_mean_per_template_site_A,template_growth_extent_A,growth_front_mean_fraction_of_template,coordination_mean,coordination_surface_mean,coordination_added_mean,fraction_added_CN4
1,template_deposition,C,C,none,0,1.0,template_site:index=155:site=C:neigh=2:ahead0=0.890:mode=shell,z,xy,145,144,1,0,1,132.6069424853093,132.6069424853093,500.0,0.001,14.263768955687528,0.014263768955687529,-1214.6112,-1204.66,-1214.6112,-9.951172,-9.951172,0.05560799620787148,0.014263768955687529,0.014263768955687529,0,144,155,18,18,1.5418478608306043,0.0,1.780372555,17.566583358749998,114.11015164550022,0.0,-0.087206714,-1.3972056,17.566583358749998,10.44509313875,7.121490219999998,0.8901862774999962,0.7584629547644665,0.07010769755922473,15.531871867321428,15.78621080375,16.676397081250002,1.033129643669991,0.875,0.06358473410714183,0.0,0.0,0.05555555555555555,-1,50,0,0.0,0.0011111111111111111,900,1,0.0011111111111111111,0.0,1.0,0.008763462194903092,0.06358473410714183,0.06358473410714183,7.064970456349092e-05,44.50931387499999,0.0014285714285714058,3.503448275862069,3.3454545454545452,2.0,0.0
2,template_deposition,C,C,none,0,1.0,template_site:index=158:site=C:neigh=2:ahead0=0.890:mode=shell,z,xy,146,144,2,0,2,316.6430073036157,184.03606481830641,500.0,0.001,14.263768955687528,0.014263768955687529,-1225.8467,-1214.6112,-1225.8467,-11.235474,-9.96228,0.04939197550908105,0.014263768955687529,0.014263768955687529,20,145,158,17,17,1.5418478608306045,8.901862775,7.12149022,17.566583358749998,114.11015164550022,0.0,-0.18566836,-2.9747353,17.566583358749998,10.44509313875,7.121490219999998,0.8901862774999962,0.7640872666350921,0.14021539511844947,15.367940213195556,15.78621080375,16.676397081250002,1.3186284265772052,0.921875,-0.10034692001872969,0.0,0.0,0.1111111111111111,-1,50,0,0.0,0.0022222222222222222,900,2,0.0022222222222222222,0.0,1.0,0.017526924389806183,-0.050173460009364845,-0.050173460009364845,-0.00011149657779858855,44.50931387499999,-0.0022545150954369707,3.506849315068493,3.357142857142857,2.0,0.0
3,template_deposition,C,C,none,0,1.0,template_site:index=151:site=C:neigh=2:ahead0=0.890:mode=shell,z,xy,147,144,3,0,3,387.16940631584373,70.526399012228,500.0,0.001,14.263768955687528,0.014263768955687529,-1237.4028,-1225.8467,-1237.4028,-11.556152,-10.08374,0.7223124208755205,0.014263768955687529,0.014263768955687529,20,146,151,16,16,1.5418478608306048,3.56074511,8.901862775,17.566583358749998,114.11015164550022,0.0,-0.28694028,-4.59729,17.566583358749998,10.44509313875,7.121490219999998,0.8901862774999962,0.7783326605971083,0.21032309267767418,15.387087172158546,15.78621080375,16.676397081250002,1.3402951410601192,0.9375,-0.08119996105573968,0.0,0.0,0.16666666666666666,-1,50,0,0.0,0.003333333333333333,900,3,0.0033333333333333335,0.0,1.0,0.026290386584709273,-0.02706665368524656,-0.02706665368524656,-9.022217895082187e-05,44.50931387499999,-0.001824336391340063,3.510204081632653,3.3684210526315788,2.0,0.0
4,template_deposition,C,C,none,0,1.0,template_site:index=149:site=C:neigh=2:ahead0=0.890:mode=shell,z,xy,148,144,4,0,4,434.7294314608099,47.560025144966204,500.0,0.001,14.263768955687528,0.014263768955687529,-1251.2941,-1237.4028,-1251.2941,-13.891235,-9.997314,0.4779194461570255,0.014263768955687529,0.014263768955687529,20,147,149,15,15,1.541847860830604,5.3411176650000005,3.56074511,17.566583358749998,114.11015164550022,0.0,-0.40867558,-6.5477047,17.566583358749998,10.44509313875,7.121490219999998,0.8901862774999962,0.7857924024758127,0.28043079023689893,15.460256174425732,15.78621080375,16.654973077099047,1.32352553648662,0.953125,-0.008030958788554088,0.0,-0.0214240041509548,0.2222222222222222,-1,50,0,0.0,0.0044444444444444444,900,4,0.0044444444444444444,0.0,1.0,0.035053848779612366,-0.002007739697138522,-0.002007739697138522,-8.923287542837875e-06,44.50931387499999,-0.0001804332192382979,3.5405405405405403,3.4482758620689653,2.0,0.0
5,template_deposition,C,C,none,0,1.0,template_site:index=157:site=C:neigh=2:ahead0=0.890:mode=shell,z,xy,149,144,5,0,5,493.3063390090386,58.57690754822868,500.0,0.001,14.263768955687528,0.014263768955687529,-1263.749,-1251.2941,-1263.749,-12.454956,-9.800415,0.9986669693756466,0.014263768955687529,0.014263768955687529,21,148,157,13,13,1.493296753342676,1.780372555,7.12149022,17.566583358749998,114.11015164550022,0.0,-0.5178241,-8.296457,17.566583358749998,10.44509313875,7.121490219999998,0.8901862774999962,0.80563573107589,0.3505384877961237,15.537018439782772,15.830940337360621,16.65198299922348,1.2630595811828136,0.96875,0.0687313065684858,0.04472953361062082,-0.024414082026520845,0.2777777777777778,-1,50,0,0.0,0.005555555555555556,900,5,0.005555555555555556,0.0,1.0,0.04381731097451546,0.013746261313697161,0.013746261313697161,7.636811840942868e-05,44.50931387499999,0.0015442005410712663,3.557046979865772,3.4915254237288136,2.0,0.0
6,template_deposition,C,C,none,0,1.0,template_site:index=146:site=C:neigh=2:ahead0=0.890:mode=shell,z,xy,150,144,6,0,6,661.568630892051,168.2622918830125,500.0,0.001,14.263768955687528,0.014263768955687529,-1274.9868,-1263.749,-1274.9868,-11.237793,-9.151123,0.9999999999980933,0.014263768955687529,0.014263768955687529,20,149,146,12,12,1.341342766573516,8.901862775,0.0,17.566583358749998,114.11015164550022,0.0,-0.61630607,-9.874312,17.45568197736703,10.44509313875,7.0105888386170285,0.7792848961170264,0.8191348285931295,0.42064618535534837,15.526941229061968,15.82668390124852,16.64838742592281,1.2108101829416216,0.984375,0.05865409584768244,0.040473097498519905,-0.028009655327192462,0.3333333333333333,-1,50,0,0.0,0.006666666666666666,900,6,0.006666666666666667,0.0,1.0,0.052580773169418546,0.009775682641280406,0.009775682641280406,6.517121760853605e-05,44.50931387499999,0.0013177937546376625,3.56,3.5,2.0,0.0
7,template_deposition,C,C,none,0,1.0,template_site:index=144:site=C:neigh=2:ahead0=0.890:mode=shell,z,xy,151,144,7,0,7,674.8981660157607,13.329535123709606,500.0,0.001,14.263768955687528,0.014263768955687529,-1283.8646,-1274.9868,-1283.8646,-8.877808,-8.002075,1.0,0.014263768955687529,0.014263768955687529,20,150,144,11,11,1.3317876925270462,7.12149022,5.3411176650000005,17.566583358749998,114.11015164550022,0.0,-0.6941064,-11.1208105,17.56196999660857,10.44509313875,7.116876857858571,0.8855729153585692,0.8416794499785397,0.4907538829145731,15.453315554234704,15.81571150857419,17.30163391134664,1.3515314504334228,0.96875,-0.014971578979581679,0.029500704824188873,0.6252368300966396,0.3888888888888889,-1,50,0,0.0,0.0077777777777777776,900,7,0.0077777777777777776,0.0,1.0,0.06134423536432164,-0.002138796997083097,-0.002138796997083097,-1.6635087755090754e-05,44.50931387499999,-0.000336369574728289,3.5496688741721854,3.4754098360655736,2.0,0.0
8,template_deposition,C,C,none,0,1.0,template_site:index=148:site=C:neigh=2:ahead0=0.890:mode=shell,z,xy,152,144,8,0,8,780.0255342280044,105.12736821224374,500.0,0.001,14.263768955687528,0.014263768955687529,-1292.6002,-1283.8646,-1292.6002,-8.735596,-6.460205,0.7334916188030349,0.014263768955687529,0.014263768955687529,24,151,148,10,10,1.6540020078389608,3.56074511,5.3411176650000005,17.566583358749998,114.11015164550022,0.0,-0.77066046,-12.3473425,17.45568197736703,10.44509313875,7.0105888386170285,0.7792848961170264,0.858838163964971,0.5608615804737979,15.51210986125861,15.812217151335787,17.428691143274563,1.3920809634475209,0.96875,0.043822728044323966,0.02600634758578657,0.7522940620245606,0.4444444444444444,-1,50,0,0.0,0.008888888888888889,900,8,0.008888888888888889,0.0,1.0,0.07010769755922473,0.005477841005540496,0.005477841005540496,4.869192004924885e-05,44.50931387499999,0.000984574333529287,3.5526315789473686,3.4838709677419355,2.0,0.0
9,template_deposition,C,C,none,0,1.0,template_site:index=150:site=C:neigh=2:ahead0=0.890:mode=shell,z,xy,153,144,9,0,9,783.790867693498,3.765333465493585,500.0,0.001,14.263768955687528,0.014263768955687529,-1302.3214,-1292.6002,-1302.3214,-9.721191,-6.576782,0.9997710941756972,0.014263768955687529,0.014263768955687529,26,152,150,9,9,1.6754416545035378,5.3411176650000005,7.12149022,17.566583358749998,114.11015164550022,0.0,-0.85585177,-13.712257,17.460960114794705,10.44509313875,7.015866976044705,0.7845630335447034,0.8739641009405118,0.6309692780330226,15.69739500632039,15.810909544151118,17.42473301975022,1.1290569917074815,0.96875,0.2291078731061038,0.024698740401117192,0.7483359385002188,0.5,-1,50,0,0.0,0.01,900,9,0.01,0.0,1.0,0.07887115975412783,0.025456430345122644,0.025456430345122644,0.0002545643034512265,44.50931387499999,0.005147414173795863,3.5686274509803924,3.5238095238095237,2.2222222222222223,0.0
10,template_deposition,C,C,none,0,1.0,template_site:index=156:site=C:neigh=2:ahead0=0.890:mode=shell,z,xy,154,144,10,0,10,848.614139507492,64.82327181399411,500.0,0.001,14.263768955687528,0.014263768955687529,-1310.783,-1302.3214,-1310.783,-8.461548,-6.3618164,0.9946749609110501,0.014263768955687529,0.014263768955687529,25,153,156,8,8,1.6551838898142337,0.0,8.901862775,17.566583358749998,114.11015164550022,0.0,-0.93000424,-14.9003105,17.460960114794705,10.44509313875,7.015866976044705,0.7845630335447034,0.8863089432169503,0.7010769755922474,15.607675576643617,15.802789673181984,17.421196956833455,1.3254844400086834,0.96875,0.13938844342933088,0.01657886943198328,0.7447998755834533,0.5555555555555556,-1,50,0,0.0,0.011111111111111112,900,10,0.011111111111111112,0.0,1.0,0.08763462194903092,0.013938844342933087,0.013938844342933087,0.0001548760482548121,44.50931387499999,0.00313166911134127,3.5714285714285716,3.53125,2.2,0.0
11,template_deposition,C,C,none,0,1.0,template_site:index=154:site=C:neigh=2:ahead0=0.890:mode=shell,z,xy,155,144,11,0,11,1063.6012496481023,214.9871101406102,500.0,0.001,14.263768955687528,0.014263768955687529,-1319.4727,-1310.783,-1319.4727,-8.689697,-6.5369873,0.9999651553687822,0.014263768955687529,0.014263768955687529,25,154,154,7,7,1.6574158503568566,1.780372555,0.0,17.566583358749998,114.11015164550022,0.0,-1.0061561,-16.120398,17.4790574270452,10.44509313875,7.0339642882951985,0.8026603457951964,0.8986017779188871,0.771184673151472,15.62320268608447,15.798845606667815,17.426110156392195,1.329565189612995,0.984375,0.15491555287018421,0.01263480291781427,0.7497130751421928,0.6111111111111112,-1,50,0,0.0,0.012222222222222223,900,11,0.012222222222222223,0.0,1.0,0.096398084143934,0.014083232079107656,0.014083232079107656,0.00017212839207798246,44.50931387499999,0.0034805199043339385,3.574193548387097,3.5384615384615383,2.1818181818181817,0.0
12,template_deposition,C,C,none,0,1.0,template_site:index=147:site=C:neigh=2:ahead0=0.890:mode=shell,z,xy,156,144,12,0,12,1150.4802895969467,86.87903994884437,500.0,0.001,14.263768955687528,0.014263768955687529,-1328.8107,-1319.4727,-1328.8107,-9.338013,-6.015259,0.9650404705332871,0.014263768955687529,0.014263768955687529,24,155,147,6,6,1.644814530002123,7.12149022,1.780372555,17.566583358749998,114.11015164550022,0.0,-1.0879893,-17.43151,17.4790574270452,10.44509313875,7.0339642882951985,0.8026603457951964,0.9104100029937021,0.8412923707106967,15.718083772467223,15.79361413238837,17.42578119866965,1.3313855233504304,0.984375,0.24979663925293671,0.007403328638369899,0.7493841174196483,0.6111111111111112,-1,50,0,0.0,0.012222222222222223,900,11,0.012222222222222223,0.0,1.0,0.10516154633883709,0.02081638660441139,0.02081638660441139,0.0002775518213921519,44.50931387499999,0.005612232980145816,3.58974358974359,3.5757575757575757,2.3333333333333335,0.0
13,template_deposition,C,C,none,0,1.0,template_site:index=145:site=C:neigh=2:ahead0=0.890:mode=shell,z,xy,157,144,13,0,13,1300.428939722739,149.94865012579228,500.0,0.001,14.263768955687528,0.014263768955687529,-1338.6927,-1328.8107,-1338.6927,-9.88208,-6.662964,0.9999999987888772,0.014263768955687529,0.014263768955687529,26,156,145,5,5,1.6781776539549849,8.901862775,3.56074511,17.566583358749998,114.11015164550022,0.0,-1.1745906,-18.819016,17.4790574270452,10.44509313875,7.0339642882951985,0.8026603457951964,0.9195302213601981,0.9114000682699215,15.729104682433682,15.806733739696151,17.43240604735938,1.3322620042352304,0.984375,0.2608175492193965,0.02052293594615051,0.756008966109377,0.7222222222222222,-1,50,0,0.0,0.014444444444444444,900,13,0.014444444444444444,0.0,1.0,0.11392500853374019,0.02006288840149204,0.02006288840149204,0.00028979727691044054,44.50931387499999,0.005859842053550337,3.605095541401274,3.611940298507463,2.4615384615384617,0.0
14,template_deposition,C,C,none,0,1.0,template_site:index=153:site=C:neigh=2:ahead0=0.890:mode=shell,z,xy,158,144,14,0,14,1314.6738482581188,14.24490853537979,500.0,0.001,14.263768955687528,0.014263768955687529,-1346.3733,-1338.6927,-1346.3733,-7.680542,-5.7562256,0.9999923013530644,0.014263768955687529,0.014263768955687529,24,157,153,4,4,1.2642906769175848,1.780372555,3.56074511,17.566583358749998,114.11015164550022,0.0,-1.2418988,-19.897413,17.668113115685085,10.44509313875,7.223019976935085,0.9917160344350826,0.9330328987666007,0.9815077658291462,15.748512959040605,15.801562231737847,17.43964692947881,1.3517781774100313,0.984375,0.28022582582631905,0.015351427987846833,0.7632498482288064,0.7777777777777778,-1,50,0,0.0,0.015555555555555555,900,14,0.015555555555555555,0.0,1.0,0.12268847072864328,0.020016130416165647,0.020016130416165647,0.00031136202869591005,44.50931387499999,0.0062958918354325925,3.607594936708861,3.6176470588235294,2.4285714285714284,0.0
15,template_deposition,C,C,none,0,1.0,template_site:index=160:site=C:neigh=2:ahead0=0.890:mode=shell,z,xy,159,144,15,0,15,1352.670262322746,37.996414064627174,500.0,0.001,14.263768955687528,0.014263768955687529,-1354.0306,-1346.3733,-1354.0306,-7.6573486,-5.2384033,0.9998404448692437,0.014263768955687529,0.014263768955687529,24,158,160,3,3,1.243874617318699,5.3411176650000005,0.0,17.566583358749998,114.11015164550022,0.0,-1.3090036,-20.97255,17.668113115685085,10.44509313875,7.223019976935085,0.9917160344350826,0.9447629703896966,1.051615463388371,15.766549542959444,15.800535797459686,17.44777630844197,1.3699199286616925,0.984375,0.29826240974515805,0.01432499370968543,0.7713792271919679,0.8333333333333334,-1,50,0,0.0,0.016666666666666666,900,15,0.016666666666666666,0.0,1.0,0.13145193292354637,0.019884160649677202,0.019884160649677202,0.00033140267749462004,44.50931387499999,0.006701123512773047,3.610062893081761,3.6231884057971016,2.4,0.0
16,template_deposition,C,C,none,0,1.0,template_site:index=152:site=C:neigh=1:ahead0=0.890:mode=shell,z,xy,160,144,16,0,16,1421.922178499359,69.25191617661288,500.0,0.001,14.263768955687528,0.014263768955687529,-1363.9976,-1354.0306,-1363.9976,-9.966919,-4.8408203,0.9538504849264227,0.014263768955687529,0.014263768955687529,28,159,152,2,2,1.6745737011961392,0.0,5.3411176650000005,17.566583358749998,114.11015164550022,0.0,-1.3963484,-22.371967,17.665730901341135,10.44509313875,7.220637762591135,0.989333820091133,0.9493611927048086,1.1217231609475957,15.782551618519491,15.799117376205878,17.451089979213037,1.3141199781476196,0.984375,0.31426448530520545,0.012906572455877452,0.7746928979630354,0.8888888888888888,-1,50,0,0.0,0.017777777777777778,900,16,0.017777777777777778,0.0,1.0,0.14021539511844947,0.01964153033157534,0.01964153033157534,0.0003491827614502283,44.50931387499999,0.007060645468222364,3.625,3.657142857142857,2.625,0.0
17,template_deposition,C,C,none,0,1.0,template_site:index=159:site=C:neigh=1:ahead0=0.890:mode=shell,z,xy,161,144,17,0,17,1615.9785872415925,194.05640874223357,500.0,0.001,14.263768955687528,0.014263768955687529,-1373.6128,-1363.9976,-1373.6128,-9.615234,-4.529785,0.9996591653755325,0.014263768955687529,0.014263768955687529,28,160,159,2,2,1.6618762909070324,7.12149022,8.901862775,17.566583358749998,114.11015164550022,0.0,-1.4806111,-23.722006,17.583280114659814,10.44509313875,7.138186975909814,0.9068830334098124,0.9526125729899751,1.1918308585068205,15.798247035680792,15.810073172685604,17.441005630489396,1.4072015238428703,0.984375,0.32995990246650564,0.02386236893560323,0.7646085492393944,0.8333333333333334,-1,50,0,0.0,0.016666666666666666,900,15,0.016666666666666666,0.0,1.0,0.14897885731335256,0.019409406027441508,0.019409406027441508,0.0003666221138516729,44.50931387499999,0.007413277665730041,3.6149068322981366,3.6338028169014085,2.588235294117647,0.0
18,template_deposition,C,C,none,0,1.0,template_site:index=161:site=C:neigh=2:ahead0=0.890:mode=shell,z,xy,162,144,18,0,18,1726.7543266969826,110.77573945539012,500.0,0.001,14.263768955687528,0.014263768955687529,-1381.0789,-1373.6128,-1381.0789,-7.4660645,-5.0427246,1.0,0.014263768955687529,0.014263768955687529,27,161,161,1,1,1.7307973766112363,3.56074511,1.780372555,17.566583358749998,114.11015164550022,0.0,-1.5460397,-24.770287,17.542990775022826,10.44509313875,7.097897636272826,0.866593693772824,0.9548513460884837,1.2619385560660452,15.827756082940033,15.81838613779616,17.44426243272617,1.456170784814611,0.984375,0.3594689497257466,0.03217533404616013,0.7678653514761677,0.8888888888888888,-1,50,0,0.0,0.017777777777777778,900,16,0.017777777777777778,0.0,1.0,0.15774231950825565,0.01997049720698592,0.01997049720698592,0.0003994099441397185,44.50931387499999,0.008076263559920955,3.617283950617284,3.638888888888889,2.5555555555555554,0.0
19,template_deposition,C,C,none,0,1.0,template_site:index=172:site=C:neigh=2:ahead0=1.780:mode=shell,z,xy,163,144,19,0,19,1786.3167815332517,59.56245483626903,500.0,0.001,14.263768955687528,0.014263768955687529,-1391.3663,-1381.0789,-1391.3663,-10.287476,-9.642944,0.9918777285732985,0.014263768955687529,0.014263768955687529,19,162,172,18,18,1.3772520663693721,9.792049052500001,8.0116764975,18.45676963625,114.11015164550022,0.0,-1.6361935,-26.21471,18.3182137351344,10.44509313875,7.8731205963844,1.6418166538843977,0.7062231612361112,1.33204625362527,15.884799399550463,15.825529035762822,17.44896707064679,1.4875315863865683,0.984375,0.4165122663361771,0.03931823201282114,0.7725699893967892,0.8888888888888888,-1,50,0,0.0,0.01888888888888889,900,17,0.01888888888888889,0.0,1.0,0.16650578170315875,0.02192169822821985,0.02192169822821985,0.0004627914070401968,44.50931387499999,0.009357867602855228,3.6196319018404908,3.5272727272727273,2.6315789473684212,0.0
20,template_deposition,C,C,none,0,1.0,template_site:index=164:site=C:neigh=2:ahead0=1.780:mode=shell,z,xy,164,144,20,0,20,1823.837260441029,37.52047890777726,500.0,0.001,14.263768955687528,0.014263768955687529,-1402.2954,-1391.3663,-1402.2954,-10.929077,-8.903564,0.9529695902704824,0.014263768955687529,0.014263768955687529,19,163,164,17,17,1.6030313031951349,2.6705588325000003,0.8901862775,18.45676963625,114.11015164550022,0.0,-1.7319701,-27.74922,18.3182137351344,10.44509313875,7.8731205963844,1.6418166538843977,0.730275750724416,1.4021539511844947,15.92756544082852,15.837681626266752,17.44896707064679,1.4955609448532805,0.984375,0.45927830761423394,0.051470822516751724,0.7725699893967892,0.8888888888888888,-1,50,0,0.0,0.02,900,18,0.02,0.0,1.0,0.17526924389806184,0.022963915380711696,0.022963915380711696,0.0005103092306824821,44.50931387499999,0.01031870113531904,3.6219512195121952,3.5357142857142856,2.7,0.0
21,template_deposition,C,C,none,0,1.0,template_site:index=175:site=C:neigh=1:ahead0=1.780:mode=shell,z,xy,165,144,21,0,21,1908.2994938773431,84.46223343631422,500.0,0.001,14.263768955687528,0.014263768955687529,-1410.8931,-1402.2954,-1410.8931,-8.597656,-6.915161,0.043732922705724125,0.014263768955687529,0.014263768955687529,20,164,175,16,16,1.5932577385092312,2.6705588325000003,4.4509313875,18.45676963625,114.11015164550022,0.0,-1.8073153,-28.956385,18.373769015010307,10.44509313875,7.928675876260307,1.697371933760305,0.7597464609101816,1.4722616487437195,15.98374015543314,15.853695827971757,17.52144313892643,1.514384041631611,0.984375,0.5154530222188534,0.06748502422175662,0.8450460576764272,0.9444444444444444,0,50,1,0.02,0.022222222222222223,900,20,0.022222222222222223,0.0,1.0,0.18403270609296493,0.024545382010421588,0.024545382010421588,0.0005727255802431704,44.50931387499999,0.011580790116568686,3.624242424242424,3.543859649122807,2.761904761904762,0.047619047619047616
22,template_deposition,C,C,none,0,1.0,template_site:index=169:site=C:neigh=1:ahead0=1.780:mode=shell,z,xy,166,144,22,0,22,1933.405936717482,25.106442840139014,500.0,0.001,14.263768955687528,0.014263768955687529,-1419.4218,-1410.8931,-1419.4218,-8.528687,-7.045532,0.9259128320239028,0.014263768955687529,0.014263768955687529,20,165,169,15,15,1.5924918662024135,4.4509313875,9.792049052500001,18.45676963625,114.11015164550022,0.0,-1.8820562,-30.153866,18.40999414995679,10.44509313875,7.964901011206791,1.7335970687067892,0.782866094954578,1.542369346302944,16.113733879441337,15.872049684147472,17.55852337322658,1.4632352092784144,0.984375,0.6454467462270514,0.08583888039747123,0.8821262919765793,0.8888888888888888,-1,50,0,0.0,0.022222222222222223,900,20,0.022222222222222223,0.0,1.0,0.192796168287868,0.029338488464865975,0.029338488464865975,0.0007171630513633905,44.50931387499999,0.014501386115268477,3.6265060240963853,3.5517241379310347,2.8181818181818183,0.09090909090909091
23,template_deposition,C,C,none,0,1.0,template_site:index=174:site=C:neigh=1:ahead0=1.780:mode=shell,z,xy,167,144,23,0,23,1972.2728018158195,38.86686509833758,500.0,0.001,14.263768955687528,0.014263768955687529,-1428.7834,-1419.4218,-1428.7834,-9.361694,-7.1778564,0.9993897779820351,0.014263768955687529,0.014263768955687529,21,166,174,14,14,1.6404449994178023,0.8901862775,6.231303942499999,18.45676963625,114.11015164550022,0.0,-1.964097,-31.468304,18.40999414995679,10.44509313875,7.964901011206791,1.7335970687067892,0.8048197562868432,1.6124770438621687,16.158679458121437,15.872406086578223,17.57116064389248,1.4761402156126198,0.984375,0.6903923249071511,0.08619528282822309,0.8947635626424777,0.8888888888888888,-1,50,0,0.0,0.02333333333333333,900,21,0.023333333333333334,0.0,1.0,0.2015596304827711,0.030017057604658743,0.030017057604658743,0.0007671025832301679,44.50931387499999,0.015511187767262595,3.6167664670658684,3.5254237288135593,2.782608695652174,0.043478260869565216
24,template_deposition,C,C,none,0,1.0,template_site:index=167:site=C:neigh=2:ahead0=1.780:mode=shell,z,xy,168,144,24,0,24,1981.623364600839,9.350562785019536,500.0,0.001,14.263768955687528,0.014263768955687529,-1438.0908,-1428.7834,-1438.0908,-9.307373,-7.022827,0.9943562708764428,0.014263768955687529,0.014263768955687529,25,167,167,13,13,1.3095093303218446,2.6705588325000003,8.0116764975,18.45676963625,114.11015164550022,0.0,-2.045662,-32.77512,18.484575521179792,10.44509313875,8.039482382429792,1.8081784399297902,0.8210140720693261,1.6825847414213935,16.170379988230746,15.872406086578223,17.58386377720907,1.4900525508430862,0.984375,0.7020928550164598,0.08619528282822309,0.9074666959590694,0.8888888888888888,-1,50,0,0.0,0.024444444444444442,900,22,0.024444444444444446,0.0,1.0,0.21032309267767418,0.029253868959019158,0.029253868959019158,0.0007801031722405109,44.50931387499999,0.015774066007582552,3.619047619047619,3.533333333333333,2.8333333333333335,0.125
25,template_deposition,C,C,none,0,1.0,template_site:index=166:site=C:neigh=2:ahead0=1.780:mode=shell,z,xy,169,144,25,0,25,2068.908213380779,87.28484877994002,500.0,0.001,14.263768955687528,0.014263768955687529,-1447.158,-1438.0908,-1447.158,-9.067139,-7.091919,0.9999614536418344,0.014263768955687529,0.014263768955687529,25,168,166,12,12,1.5869001124789268,0.8901862775,9.792049052500001,18.45676963625,114.11015164550022,0.0,-2.1251214,-34.0482,18.417027176545915,10.44509313875,7.971934037795915,1.7406300952959128,0.8416164872674582,1.7526924389806182,16.286888500896367,15.881728109052254,18.135944532483414,1.4212487638119153,0.984375,0.8186013676820814,0.09551730530225377,1.4595474512334121,0.8888888888888888,-1,50,0,0.0,0.025555555555555554,900,23,0.025555555555555557,0.0,1.0,0.21908655487257728,0.032744054707283254,0.032744054707283254,0.0009095570752023127,44.50931387499999,0.018391686961992774,3.621301775147929,3.540983606557377,2.88,0.2
26,template_deposition,C,C,none,0,1.0,template_site:index=168:site=C:neigh=1:ahead0=1.780:mode=shell,z,xy,170,144,26,0,26,2218.69424634505,149.7860329642707,500.0,0.001,14.263768955687528,0.014263768955687529,-1456.2375,-1447.158,-1456.2375,-9.07959,-6.5579834,0.12650754173061712,0.014263768955687529,0.014263768955687529,22,169,168,11,11,1.6341894639219274,6.231303942499999,8.0116764975,18.45676963625,114.11015164550022,0.0,-2.20469,-35.32303,18.394629767556513,10.44509313875,7.949536628806513,1.7182326863065107,0.8575216759695173,1.822800136539843,16.315761535357726,16.689025576049296,18.29559209191764,1.499055693296209,0.984375,0.8474744021434404,0.9028147722992959,1.6191950106676387,0.9444444444444444,0,50,1,0.02,0.027777777777777776,900,25,0.027777777777777776,0.0,1.0,0.22785001706748037,0.032595169313209243,0.032595169313209243,0.0009416382246038227,44.50931387499999,0.019040383424545445,3.623529411764706,3.5483870967741935,2.923076923076923,0.23076923076923078
27,template_deposition,C,C,none,0,1.0,template_site:index=170:site=C:neigh=2:ahead0=1.780:mode=shell,z,xy,171,144,27,0,27,2238.198619643719,19.504373298669,500.0,0.001,14.263768955687528,0.014263768955687529,-1465.8271,-1456.2375,-1465.8271,-9.5896,-6.4155273,0.9999999999996021,0.014263768955687529,0.014263768955687529,25,170,170,10,10,1.271738193489717,4.4509313875,6.231303942499999,18.45676963625,114.11015164550022,0.0,-2.288728,-36.669464,18.512436203112657,10.44509313875,8.067343064362657,1.8360391218626546,0.873844876885893,1.8929078340990677,16.337060369797868,16.689569508306015,18.303406388686163,1.5198902888598997,1.0,0.8687732365835821,0.9033587045560143,1.6270093074361611,0.9444444444444444,0,50,1,0.02,0.028888888888888888,900,26,0.028888888888888888,0.0,1.0,0.23661347926238346,0.03217678654013267,0.03217678654013267,0.0009653035962039801,44.50931387499999,0.01951890876196038,3.625730994152047,3.5555555555555554,2.962962962962963,0.2222222222222222
28,template_deposition,C,C,none,0,1.0,template_site:index=176:site=C:neigh=2:ahead0=1.780:mode=shell,z,xy,172,144,28,0,28,2288.3584514333984,50.159831789679004,500.0,0.001,14.263768955687528,0.014263768955687529,-1474.6249,-1465.8271,-1474.6249,-8.7977295,-5.1798096,0.9982998180110138,0.014263768955687529,0.014263768955687529,21,171,176,9,9,1.2477138112632067,9.792049052500001,0.8901862775,18.45676963625,114.11015164550022,0.0,-2.3658266,-37.90472,18.57825302711655,10.44509313875,8.13315988836655,1.9018559458665472,0.8924098148534919,1.9630155316582925,16.39429084326405,16.689839420884557,18.311449505742342,1.5343416661128688,1.0,0.9260037100497627,0.9036286171345562,1.63505242449234,1.0,0,50,1,0.02,0.03111111111111111,900,28,0.03111111111111111,0.0,1.0,0.24537694145728656,0.03307156107320581,0.03307156107320581,0.001028893011166403,44.50931387499999,0.020804717696847733,3.63953488372093,3.59375,3.0714285714285716,0.2857142857142857
29,template_deposition,C,C,none,0,1.0,template_site:index=177:site=C:neigh=2:ahead0=1.780:mode=shell,z,xy,173,144,29,0,29,2316.6219503986003,28.26349896520209,500.0,0.001,14.263768955687528,0.014263768955687529,-1481.8187,-1474.6249,-1481.8187,-7.1938477,-5.000366,0.8551042764756461,0.014263768955687529,0.014263768955687529,19,172,177,8,8,1.2220453260103035,8.0116764975,2.6705588325000003,18.45676963625,114.11015164550022,0.0,-2.4288697,-38.914783,18.57774693779912,10.44509313875,8.13265379904912,1.9013498565491176,0.9095283265765941,2.033123229217517,16.45277491669682,16.693202133158714,18.327292460020757,1.5216291502144241,1.0,0.9844877834825354,0.9069913294087133,1.6508953787707554,1.0,0,50,1,0.02,0.03222222222222222,900,29,0.03222222222222222,0.0,1.0,0.25414040365218965,0.03394785460284605,0.03394785460284605,0.0010938753149805948,44.50931387499999,0.022118691522573727,3.6416184971098264,3.6,3.103448275862069,0.3448275862068966
30,template_deposition,C,C,none,0,1.0,template_site:index=171:site=C:neigh=2:ahead0=1.780:mode=shell,z,xy,174,144,30,0,30,2355.6596194769313,39.03766907833088,500.0,0.001,14.263768955687528,0.014263768955687529,-1489.5485,-1481.8187,-1489.5485,-7.7297363,-4.9399414,0.7563748787378592,0.014263768955687529,0.014263768955687529,22,173,171,7,7,1.2401501868132054,6.231303942499999,4.4509313875,18.45676963625,114.11015164550022,0.0,-2.496609,-40.000088,18.603290672616847,10.44509313875,8.158197533866847,1.926893591366845,0.9258172716253019,2.103230926776742,16.509749133960323,16.716031592830596,18.332867228844144,1.5322456961321387,1.0,1.0414620007460371,0.9298207890805958,1.656470147594142,1.0,0,50,1,0.02,0.03333333333333333,900,30,0.03333333333333333,0.0,1.0,0.26290386584709274,0.03471540002486791,0.03471540002486791,0.00115718000082893,44.50931387499999,0.023398743096127706,3.6436781609195403,3.606060606060606,3.1333333333333333,0.4
31,template_deposition,C,C,none,0,1.0,template_site:index=163:site=C:neigh=1:ahead0=1.780:mode=shell,z,xy,175,144,31,0,31,2436.9261290050977,81.2665095281664,500.0,0.001,14.263768955687528,0.014263768955687529,-1498.9144,-1489.5485,-1498.9144,-9.365967,-5.0125732,0.6242162624139567,0.014263768955687529,0.014263768955687529,26,174,163,6,6,1.6608818202286104,4.4509313875,2.6705588325000003,18.45676963625,114.11015164550022,0.0,-2.5786872,-41.315125,18.54344632715637,10.44509313875,8.09835318840637,1.8670492459063688,0.9319588310608999,2.1733386243359667,16.5216931114643,16.682505739915882,18.3422976709391,1.5675064258646956,1.0,1.0534059782500158,0.8962949361658819,1.6659005896890982,1.0,0,50,1,0.02,0.034444444444444444,900,31,0.034444444444444444,0.0,1.0,0.27166732804199584,0.03398083800806503,0.03398083800806503,0.001170451086944462,44.50931387499999,0.023667090919630943,3.645714285714286,3.611940298507463,3.161290322580645,0.3870967741935484
32,template_deposition,C,C,none,0,1.0,template_site:index=162:site=C:neigh=2:ahead0=1.780:mode=shell,z,xy,176,144,32,0,32,2473.3999015610702,36.4737725559725,500.0,0.001,14.263768955687528,0.014263768955687529,-1508.4882,-1498.9144,-1508.4882,-9.57373,-6.171753,0.9999877140163123,0.014263768955687529,0.014263768955687529,27,175,162,5,5,1.651621497676675,6.231303942499999,0.8901862775,18.45676963625,114.11015164550022,0.0,-2.6625862,-42.659336,18.50506723221286,10.44509313875,8.05997409346286,1.8286701509628571,0.9364915516877225,2.2434463218951914,16.59098070333381,16.745042164647018,18.35242460650417,1.598094789277616,1.0,1.122693570119523,0.9588313608970171,1.6760275252541668,1.0,0,50,1,0.02,0.035555555555555556,900,32,0.035555555555555556,0.0,1.0,0.28043079023689893,0.035084174066235096,0.035084174066235096,0.0012474373001328035,44.50931387499999,0.02522378963810804,3.6363636363636362,3.588235294117647,3.125,0.375
33,template_deposition,C,C,none,0,1.0,template_site:index=178:site=C:neigh=2:ahead0=1.780:mode=shell,z,xy,177,144,33,0,33,2528.4212837296527,55.0213821685826,500.0,0.001,14.263768955687528,0.014263768955687529,-1518.3302,-1508.4882,-1518.3302,-9.842041,-5.7578125,0.9994642907913525,0.014263768955687529,0.014263768955687529,26,176,178,4,4,1.6701467348695345,8.0116764975,6.231303942499999,18.45676963625,114.11015164550022,0.0,-2.7488365,-44.041218,18.50506723221286,10.44509313875,8.05997409346286,1.8286701509628571,0.9411124251648334,2.313554019454416,16.657719293318088,16.746183850726805,18.35242460650417,1.6021116147609227,1.0,1.1894321601038023,0.9599730469768044,1.6760275252541668,1.0,0,50,1,0.02,0.03666666666666667,900,33,0.03666666666666667,0.0,1.0,0.289194252431802,0.03604339879102431,0.03604339879102431,0.0013215912890042246,44.50931387499999,0.02672321940176847,3.6497175141242937,3.6231884057971016,3.212121212121212,0.42424242424242425
34,template_deposition,C,C,none,0,1.0,template_site:index=179:site=C:neigh=2:ahead0=1.780:mode=shell,z,xy,178,144,34,0,34,2532.4109637443617,3.989680014709063,500.0,0.001,14.263768955687528,0.014263768955687529,-1526.9979,-1518.3302,-1526.9979,-8.667725,-5.9954834,0.9995501378658883,0.014263768955687529,0.014263768955687529,27,177,179,3,3,1.687451823700434,9.792049052500001,4.4509313875,18.45676963625,114.11015164550022,0.0,-2.824796,-45.25822,18.45712878822277,10.44509313875,8.012035649472772,1.7807317069727695,0.9475081210593672,2.383661717013641,16.780797463738377,17.47774672640295,18.35268224818613,1.472567393777704,1.0,1.3125103305240913,1.6915359226529478,1.676285166936129,1.0,0,50,1,0.02,0.03777777777777778,900,34,0.03777777777777778,0.0,1.0,0.2979577146267051,0.03860324501541445,0.03860324501541445,0.0014583448116934348,44.50931387499999,0.029488442221557196,3.640449438202247,3.6,3.176470588235294,0.4117647058823529
35,template_deposition,C,C,none,0,1.0,template_site:index=165:site=C:neigh=2:ahead0=1.780:mode=shell,z,xy,179,144,35,0,35,2561.102113463113,28.691149718751014,500.0,0.001,14.263768955687528,0.014263768955687529,-1537.8094,-1526.9979,-1537.8094,-10.811523,-6.1241455,0.9991589367771437,0.014263768955687529,0.014263768955687529,28,178,165,2,2,1.6662022986590825,0.8901862775,2.6705588325000003,18.45676963625,114.11015164550022,0.0,-2.9195423,-46.776226,18.375558807029403,10.44509313875,7.930465668279403,1.6991617257794012,0.9503549384088588,2.4537694145728657,16.923822836468283,17.57827746592986,18.343919305093696,1.385957188872121,0.984375,1.4555357032539966,1.7920666621798613,1.6675222238436938,1.0,1,50,2,0.04,0.03888888888888889,900,35,0.03888888888888889,0.0,1.0,0.3067211768216082,0.04158673437868562,0.04158673437868562,0.0016172618925044406,44.50931387499999,0.032701822978932565,3.653631284916201,3.6338028169014085,3.257142857142857,0.45714285714285713
36,template_deposition,C,C,none,0,1.0,template_site:index=173:site=C:neigh=2:ahead0=1.780:mode=shell,z,xy,180,144,36,0,36,2585.9584999041676,24.856386441054713,500.0,0.001,14.263768955687528,0.014263768955687529,-1549.5679,-1537.8094,-1549.5679,-11.758423,-6.4868164,1.0,0.014263768955687529,0.014263768955687529,28,179,173,1,1,1.661463886423924,8.0116764975,9.792049052500001,18.45676963625,114.11015164550022,0.0,-3.0225868,-48.42718,18.374239127368455,10.44509313875,7.929145988618455,1.6978420461184527,0.9555354711272607,2.5238771121320904,16.932961158402748,17.603584021384755,18.340892910770776,1.482183556889357,1.0,1.4646740251884616,1.8173732176347546,1.6644958295207744,1.0,0,50,1,0.02,0.03777777777777778,900,34,0.03777777777777778,0.0,1.0,0.3154846390165113,0.04068538958856838,0.04068538958856838,0.001627415583542735,44.50931387499999,0.03290713555598394,3.6777777777777776,3.6944444444444446,3.388888888888889,0.5
37,template_deposition,C,C,none,0,1.0,template_site:index=185:site=C:neigh=2:ahead0=2.671:mode=shell,z,xy,181,144,37,0,37,2586.444206301153,0.4857063969850661,500.0,0.001,14.263768955687528,0.014263768955687529,-1560.0006,-1549.5679,-1560.0006,-10.432739,-9.551392,0.9999797143070872,0.014263768955687529,0.014263768955687529,18,180,185,14,14,1.517061585176256,0.0,3.56074511,19.34695591375,114.11015164550022,0.0,-3.1140137,-49.892002,19.22758326393436,10.44509313875,8.78249012518436,2.551186182684358,0.706335161529296,2.593984809691315,16.979256230340408,17.6103742570311,18.352668067607173,1.51119579898821,1.0,1.5109690971261216,1.8241634532811002,1.6762709863571708,1.0,0,50,1,0.02,0.03888888888888889,900,35,0.03888888888888889,0.0,1.0,0.3242481012114144,0.040837002625030316,0.040837002625030316,0.0016788545523623573,44.50931387499999,0.03394725655330318,3.679558011049724,3.6,3.4054054054054053,0.4864864864864865
38,template_deposition,C,C,none,0,1.0,template_site:index=187:site=C:neigh=2:ahead0=2.671:mode=shell,z,xy,182,144,38,0,38,2674.547588811755,88.10338251060189,500.0,0.001,14.263768955687528,0.014263768955687529,-1570.2881,-1560.0006,-1570.2881,-10.287476,-9.099365,1.0,0.014263768955687529,0.014263768955687529,18,181,187,13,13,1.4592820716196375,8.901862775,8.901862775,19.34695591375,114.11015164550022,0.0,-3.2041676,-51.336426,19.24077394605748,10.44509313875,8.79568080730748,2.5643768648074783,0.73666463212279,2.66409250725054,17.034451554483294,17.614057962861462,18.37017304621764,1.5314923052750942,1.0,1.5661644212690078,1.827847159111462,1.6937759649676387,1.0,1,50,2,0.04,0.042222222222222223,900,38,0.042222222222222223,0.0,1.0,0.3330115634063175,0.04121485319128968,0.04121485319128968,0.0017401826902988975,44.50931387499999,0.03518734136561678,3.681318681318681,3.607142857142857,3.4210526315789473,0.47368421052631576
39,template_deposition,C,C,none,0,1.0,template_site:index=197:site=C:neigh=2:ahead0=2.671:mode=shell,z,xy,183,144,39,0,39,2702.765268457252,28.217679645497444,500.0,0.001,14.263768955687528,0.014263768955687529,-1578.5049,-1570.2881,-1578.5049,-8.216797,-7.3199463,0.9999999999999918,0.014263768955687529,0.014263768955687529,18,182,197,12,12,1.2580455351094695,5.3411176650000005,1.780372555,19.34695591375,114.11015164550022,0.0,-3.2761753,-52.490116,19.381650541224012,10.44509313875,8.936557402474012,2.70525345997401,0.7673455984117793,2.7342002048097647,17.05049083088439,17.61150715793236,18.40770796587631,1.5506491170347574,1.0,1.5822036976701028,1.825296354182358,1.731310884626307,1.0,1,50,2,0.04,0.04333333333333333,900,39,0.043333333333333335,0.0,1.0,0.3417750256012206,0.04056932558128469,0.04056932558128469,0.0017580041085223364,44.50931387499999,0.03554769912008901,3.6721311475409837,3.5789473684210527,3.3846153846153846,0.46153846153846156
40,template_deposition,C,C,none,0,1.0,template_site:index=186:site=C:neigh=2:ahead0=2.671:mode=shell,z,xy,184,144,40,0,40,2756.9480136605816,54.18274520332953,500.0,0.001,14.263768955687528,0.014263768955687529,-1585.8855,-1578.5049,-1585.8855,-7.380615,-5.9228516,0.9854099815898791,0.014263768955687529,0.014263768955687529,19,183,186,11,11,1.2629186864220026,7.12149022,7.12149022,19.34695591375,114.11015164550022,0.0,-3.340855,-53.526398,19.433120542288872,10.44509313875,8.988027403538872,2.7567234610388702,0.7961030681624702,2.8043079023689894,17.063881745952617,17.607823452101997,18.427297959993965,1.63964513568673,1.0,1.5955946127383314,1.821612648351996,1.7509008787439626,1.0,1,50,2,0.04,0.044444444444444446,900,40,0.044444444444444446,0.0,1.0,0.3505384877961237,0.039889865318458284,0.039889865318458284,0.0017728829030425905,44.50931387499999,0.03584855559039623,3.6739130434782608,3.586206896551724,3.4,0.5
41,template_deposition,C,C,none,0,1.0,template_site:index=188:site=C:neigh=2:ahead0=2.671:mode=shell,z,xy,185,144,41,0,41,2907.312403997479,150.3643903368976,500.0,0.001,14.263768955687528,0.014263768955687529,-1593.2819,-1585.8855,-1593.2819,-7.3963623,-5.427002,0.8335680277070049,0.014263768955687529,0.014263768955687529,20,184,188,10,10,1.2275149545135955,5.3411176650000005,5.3411176650000005,19.34695591375,114.11015164550022,0.0,-3.4056726,-54.56489,19.44438259709921,10.44509313875,8.99928945834921,2.767985515849208,0.821456957219137,2.874415599928214,17.080310242764035,17.605902478611075,18.430412562574958,1.6581274970170465,1.0,1.6120231095497495,1.8196916748610743,1.7540154813249558,1.0,1,50,2,0.04,0.04555555555555555,900,41,0.04555555555555556,0.0,1.0,0.35930194999102677,0.039317636818286573,0.039317636818286573,0.0017911367883886105,44.50931387499999,0.0362176580406734,3.675675675675676,3.593220338983051,3.4146341463414633,0.5365853658536586
42,template_deposition,C,C,none,0,1.0,template_site:index=184:site=C:neigh=2:ahead0=2.671:mode=shell,z,xy,186,144,42,0,42,2925.79715527564,18.484751278160708,500.0,0.001,14.263768955687528,0.014263768955687529,-1600.479,-1593.2819,-1600.479,-7.1971436,-5.3103027,0.75792978368534,0.014263768955687529,0.014263768955687529,20,185,184,10,10,1.2470099752355033,1.780372555,5.3411176650000005,19.34695591375,114.11015164550022,0.0,-3.4687445,-55.575417,19.451776682691364,10.44509313875,9.006683543941364,2.7753796014413616,0.8457936550006121,2.944523297487439,17.0810853824852,17.603212035291946,18.43026203110658,1.6837373879945605,1.0,1.612798249270913,1.817001231541946,1.7538649498565775,1.0,1,50,2,0.04,0.04666666666666667,900,42,0.04666666666666667,0.0,1.0,0.36806541218592986,0.03839995831597412,0.03839995831597412,0.0017919980547454588,44.50931387499999,0.0362350732657955,3.6774193548387095,3.6,3.4285714285714284,0.5714285714285714
43,template_deposition,C,C,none,0,1.0,template_site:index=182:site=C:neigh=2:ahead0=2.671:mode=shell,z,xy,187,144,43,0,43,3023.6591463370355,97.86199106139571,500.0,0.001,14.263768955687528,0.014263768955687529,-1608.6912,-1600.479,-1608.6912,-8.212158,-5.137451,0.4246423779394893,0.014263768955687529,0.014263768955687529,23,186,182,10,10,1.6787188126953076,7.12149022,0.0,19.34695591375,114.11015164550022,0.0,-3.5407114,-56.72845,19.451776682691364,10.44509313875,9.006683543941364,2.7753796014413616,0.860799026904466,3.0146309950466637,17.095628358364085,17.59475052718524,19.01345329862908,1.7402359538884729,1.0,1.6273412251497987,1.8085397234352403,2.3370562173790788,1.0,1,50,2,0.04,0.04777777777777778,900,43,0.04777777777777778,0.0,1.0,0.37682887438083296,0.03784514477092555,0.03784514477092555,0.0018081569168331096,44.50931387499999,0.03656181332563395,3.6684491978609626,3.5737704918032787,3.395348837209302,0.5581395348837209
44,template_deposition,C,C,none,0,1.0,template_site:index=183:site=C:neigh=2:ahead0=2.671:mode=shell,z,xy,188,144,44,0,44,3033.307995039437,9.64884870240174,500.0,0.001,14.263768955687528,0.014263768955687529,-1615.8422,-1608.6912,-1615.8422,-7.151001,-5.46167,0.9997770268753949,0.014263768955687529,0.014263768955687529,22,187,183,9,9,1.2465233069306128,8.901862775,1.780372555,19.34695591375,114.11015164550022,0.0,-3.603379,-57.7325,19.461749994465666,10.44509313875,9.016656855715667,2.7853529132156645,0.8802088295730114,3.084738692605888,17.1117408146327,17.5882968590848,19.23121065447379,1.757794778925925,1.0,1.6434536814184142,1.802086055334799,2.5548135732237895,1.0,1,50,2,0.04,0.04888888888888889,900,44,0.04888888888888889,0.0,1.0,0.385592336575736,0.03735122003223668,0.03735122003223668,0.0018260596460204603,44.50931387499999,0.036923815227390196,3.6702127659574466,3.5806451612903225,3.409090909090909,0.5909090909090909
45,template_deposition,C,C,none,0,1.0,template_site:index=180:site=C:neigh=2:ahead0=2.671:mode=shell,z,xy,189,144,45,0,45,3089.416244321274,56.1082492818369,500.0,0.001,14.263768955687528,0.014263768955687529,-1624.3035,-1615.8422,-1624.3035,-8.461304,-5.1208496,0.9965682742323754,0.014263768955687529,0.014263768955687529,26,188,180,8,8,1.6894249699905695,8.901862775,5.3411176650000005,19.34695591375,114.11015164550022,0.0,-3.6775293,-58.920517,19.450609048799443,10.44509313875,9.005515910049443,2.7742119675494408,0.8911004134783744,3.1548463901651127,17.185430523434018,17.585405262471635,19.22884978071789,1.7536820264303716,0.984375,1.7171433902197322,1.7991944587216349,2.5524526994678887,1.0,1,50,2,0.04,0.05,900,45,0.05,0.0,1.0,0.3943557987706391,0.03815874200488294,0.03815874200488294,0.001907937100244147,44.50931387499999,0.038579417221351914,3.6613756613756614,3.5555555555555554,3.3777777777777778,0.5777777777777777
46,template_deposition,C,C,none,0,1.0,template_site:index=193:site=C:neigh=2:ahead0=2.671:mode=shell,z,xy,190,144,46,0,46,3098.1092825133264,8.693038192052525,500.0,0.001,14.263768955687528,0.014263768955687529,-1633.6627,-1624.3035,-1633.6627,-9.359253,-5.236084,0.9994756186945859,0.014263768955687529,0.014263768955687529,25,189,193,8,8,1.664436751128361,0.0,7.12149022,19.34695591375,114.11015164550022,0.0,-3.7595487,-60.23461,19.450609048799443,10.44509313875,9.005515910049443,2.7742119675494408,0.9005783644648634,3.2249540877243374,17.267186114477923,17.585405262471635,19.245950002405756,1.6330410159684208,0.984375,1.798898981263637,1.7991944587216349,2.569552921155754,1.0,1,50,2,0.04,0.05111111111111111,900,46,0.051111111111111114,0.0,1.0,0.4031192609655422,0.039106499592687756,0.039106499592687756,0.0019987766458484857,44.50931387499999,0.04041623706704774,3.6526315789473682,3.53125,3.347826086956522,0.5652173913043478
47,template_deposition,C,C,none,0,1.0,template_site:index=189:site=C:neigh=2:ahead0=2.671:mode=shell,z,xy,191,144,47,0,47,3108.3590619145352,10.24977940120893,500.0,0.001,14.263768955687528,0.014263768955687529,-1641.8795,-1633.6627,-1641.8795,-8.216797,-5.6115723,0.9999803841404544,0.014263768955687529,0.014263768955687529,24,190,189,7,7,1.6585358934435361,3.56074511,3.56074511,19.34695591375,114.11015164550022,0.0,-3.8315563,-61.3883,19.450609048799443,10.44509313875,9.005515910049443,2.7742119675494408,0.9089580458140001,3.295061785283562,17.404302912354513,17.591188455697964,19.248391589643333,1.6288383883811381,0.984375,1.9360157791402273,1.8049776519479632,2.571994508393331,1.0,1,50,2,0.04,0.052222222222222225,900,47,0.052222222222222225,0.0,1.0,0.4118827231604453,0.04119182508808994,0.04119182508808994,0.0021511286434891413,44.50931387499999,0.04349686864590491,3.654450261780105,3.5384615384615383,3.3617021276595747,0.5957446808510638
48,template_deposition,C,C,none,0,1.0,template_site:index=181:site=C:neigh=2:ahead0=2.671:mode=shell,z,xy,192,144,48,0,48,3169.967078513041,61.60801659850577,500.0,0.001,14.263768955687528,0.014263768955687529,-1654.3455,-1641.8795,-1654.3455,-12.465942,-5.269165,0.9394584172319026,0.014263768955687529,0.014263768955687529,28,191,181,6,6,1.7374093819411507,7.12149022,3.56074511,19.34695591375,114.11015164550022,0.0,-3.9408011,-63.138596,19.303361680584636,10.44509313875,8.858268541834637,2.6269645993346344,0.9120866478598263,3.365169482842787,17.32075467254929,17.592019139506384,19.238573474413876,1.8300584487440184,1.0,1.8524675393350023,1.8058083357563834,2.562176393163874,1.0,1,50,2,0.04,0.05333333333333333,900,48,0.05333333333333334,0.0,1.0,0.42064618535534837,0.03859307373614588,0.03859307373614588,0.0020582972659277804,44.50931387499999,0.04161977298813175,3.6666666666666665,3.5757575757575757,3.4166666666666665,0.5833333333333334
49,template_deposition,C,C,none,0,1.0,template_site:index=192:site=C:neigh=2:ahead0=2.671:mode=shell,z,xy,193,144,49,0,49,3178.5959416276282,8.628863114587231,500.0,0.001,14.263768955687528,0.014263768955687529,-1663.4498,-1654.3455,-1663.4498,-9.10437,-5.138794,0.9909821080574185,0.014263768955687529,0.014263768955687529,21,192,192,6,6,1.2258747504682908,1.780372555,8.901862775,19.34695591375,114.11015164550022,0.0,-4.020587,-64.41691,19.478532529053084,10.44509313875,9.033439390303084,2.8021354478030815,0.926348373003805,3.4352771804020117,17.390797468537514,17.59603264173628,19.237903885564855,1.8243186833243004,1.0,1.9225103353232278,1.809821837986279,2.5615068043148526,1.0,1,50,2,0.04,0.05444444444444445,900,49,0.05444444444444444,0.0,1.0,0.42940964755025146,0.039234904802514854,0.039234904802514854,0.0021361225948035864,44.50931387499999,0.043193439034409926,3.678756476683938,3.611940298507463,3.4693877551020407,0.6122448979591837
50,template_deposition,C,C,none,0,1.0,template_site:index=191:site=C:neigh=1:ahead0=2.671:mode=shell,z,xy,194,144,50,0,50,3311.1695543931132,132.57361276548485,500.0,0.001,14.263768955687528,0.014263768955687529,-1672.3828,-1663.4498,-1672.3828,-8.932983,-4.9874268,0.6464759132948524,0.014263768955687529,0.014263768955687529,26,193,191,5,5,1.679096710646583,5.3411176650000005,8.901862775,19.34695591375,114.11015164550022,0.0,-4.0988708,-65.67115,19.378783813382466,10.44509313875,8.933690674632466,2.7023867321324637,0.9329655870437179,3.5053848779612364,17.54533819555192,17.60201459533539,19.226572294994646,1.6566220342518283,1.0,2.0770510623376346,1.81580379158539,2.5501752137446445,1.0,1,50,2,0.04,0.05333333333333333,900,48,0.05333333333333334,0.0,1.0,0.43817310974515455,0.04154102124675269,0.04154102124675269,0.002307834513708483,44.50931387499999,0.046665537648385845,3.7010309278350517,3.676470588235294,3.56,0.6
51,template_deposition,C,C,none,0,1.0,template_site:index=196:site=C:neigh=2:ahead0=2.671:mode=shell,z,xy,195,144,51,0,51,3413.6111915243396,102.44163713122656,500.0,0.001,14.263768955687528,0.014263768955687529,-1682.4144,-1672.3828,-1682.4144,-10.031616,-7.1365967,0.9999999999917972,0.014263768955687529,0.014263768955687529,24,194,196,4,4,1.2414851524985118,3.56074511,0.0,19.34695591375,114.11015164550022,0.0,-4.1867824,-67.07965,19.353793454178025,10.44509313875,8.908700315428025,2.6773963729280226,0.9424897930793406,3.575492575520461,17.53598517644273,17.59643130532185,19.23893523113041,1.6369714878509458,1.0,2.067698043228443,1.81022050157185,2.5625381498804067,1.0,1,50,2,0.04,0.05333333333333333,900,48,0.05333333333333334,0.0,1.0,0.44693657194005765,0.04054309888683222,0.04054309888683222,0.0022974422702538256,44.50931387499999,0.04645540142531446,3.6923076923076925,3.652173913043478,3.5294117647058822,0.5882352941176471
52,template_deposition,C,C,none,0,1.0,template_site:index=195:site=C:neigh=2:ahead0=2.671:mode=shell,z,xy,196,144,52,0,52,3464.346956938276,50.7357654139365,500.0,0.001,14.263768955687528,0.014263768955687529,-1691.3916,-1682.4144,-1691.3916,-8.977173,-6.345337,0.12998899272365888,0.014263768955687529,0.014263768955687529,26,195,195,3,3,1.6734968744230811,1.780372555,1.780372555,19.34695591375,114.11015164550022,0.0,-4.265454,-68.3401,19.30002995125552,10.44509313875,8.854936812505521,2.623632870005519,0.9442993733835021,3.645600273079686,17.644111057721034,17.619707568308854,19.231656949420913,1.5387510265605941,1.0,2.175823924506748,1.8334967645588538,2.5552598681709107,1.0,1,50,2,0.04,0.05444444444444445,900,49,0.05444444444444444,0.0,1.0,0.45570003413496074,0.04184276777897592,0.04184276777897592,0.002417582138340831,44.50931387499999,0.048884688059162955,3.693877551020408,3.657142857142857,3.5384615384615383,0.6153846153846154
53,template_deposition,C,C,none,0,1.0,template_site:index=190:site=C:neigh=2:ahead0=2.671:mode=shell,z,xy,197,144,53,0,53,3558.0504612553245,93.7035043170487,500.0,0.001,14.263768955687528,0.014263768955687529,-1702.9402,-1691.3916,-1702.9402,-11.548584,-6.489868,0.9881384711183975,0.014263768955687529,0.014263768955687529,28,196,190,2,2,1.6972103626898134,3.56074511,7.12149022,19.34695591375,114.11015164550022,0.0,-4.366659,-69.96159,19.290360102342753,10.44509313875,8.845266963592753,2.6139630210927507,0.9498345078618298,3.7157079706389107,17.768518800509266,17.65055240655535,19.224394076121822,1.4822095249310352,1.0,2.3002316672949803,1.8643416028053483,2.54799699487182,1.0,1,50,2,0.04,0.05444444444444445,900,49,0.05444444444444444,0.0,1.0,0.46446349632986383,0.043400597496131704,0.043400597496131704,0.002555812963661089,44.50931387499999,0.05167978265751195,3.7055837563451774,3.6901408450704225,3.5849056603773586,0.6415094339622641
54,template_deposition,C,C,none,0,1.0,template_site:index=194:site=C:neigh=2:ahead0=2.671:mode=shell,z,xy,198,144,54,0,54,3619.0450028938876,60.99454163856326,500.0,0.001,14.263768955687528,0.014263768955687529,-1712.8444,-1702.9402,-1712.8444,-9.904175,-6.6833496,1.0,0.014263768955687529,0.014263768955687529,27,197,194,1,1,1.6846349706167452,0.0,0.0,19.34695591375,114.11015164550022,0.0,-4.453454,-71.3522,19.290360102342753,10.44509313875,8.845266963592753,2.6139630210927507,0.9552854123873725,3.7858156681981354,17.689770045286377,18.509267067149604,19.22779053330302,1.8082704369361222,0.984375,2.2214829120720907,2.723056263399604,2.5513934520530164,1.0,1,50,2,0.04,0.05666666666666667,900,51,0.056666666666666664,0.0,1.0,0.4732269585247669,0.04113857244577946,0.04113857244577946,0.0024683143467467672,44.50931387499999,0.04991051801676624,3.707070707070707,3.6944444444444446,3.5925925925925926,0.6666666666666666
55,template_deposition,C,C,none,0,1.0,template_site:index=210:site=C:neigh=2:ahead0=3.561:mode=shell,z,xy,199,144,55,0,55,3658.9053312165356,39.86032832264804,500.0,0.001,14.263768955687528,0.014263768955687529,-1723.1552,-1712.8444,-1723.1552,-10.310791,-9.567749,0.9994683378219504,0.014263768955687529,0.014263768955687529,18,198,210,14,14,1.5258685676145238,0.8901862775,0.8901862775,20.23714219125,114.11015164550022,0.0,-4.5438123,-72.7999,20.10347093120481,10.44509313875,9.65837779245481,3.427073849954809,0.703516715180244,3.85592336575736,17.705349084517074,18.50147726831454,19.230444635718698,1.8239383720569344,0.984375,2.2370619513027883,2.7152664645645412,2.5540475544686956,1.0,1,50,2,0.04,0.057777777777777775,900,52,0.057777777777777775,0.0,1.0,0.48199042071967,0.0406738536600507,0.0406738536600507,0.0024856243903364312,44.50931387499999,0.050260535527133846,3.708542713567839,3.6,3.6,0.6545454545454545
56,template_deposition,C,C,none,0,1.0,template_site:index=206:site=C:neigh=2:ahead0=3.561:mode=shell,z,xy,200,144,56,0,56,3684.869611290451,25.96428007391502,500.0,0.001,14.263768955687528,0.014263768955687529,-1733.2203,-1723.1552,-1733.2203,-10.065186,-9.228638,1.0,0.014263768955687529,0.014263768955687529,18,199,206,13,13,1.43963614271643,4.4509313875,8.0116764975,20.23714219125,114.11015164550022,0.0,-4.632018,-74.21311,20.117638763484486,10.44509313875,9.672545624734486,3.441241682234484,0.7313761912236892,3.926031063316585,17.72042865261457,18.50147726831454,19.231784632746415,1.8396346150443774,0.984375,2.2521415194002827,2.7152664645645412,2.5553875514964126,1.0,1,50,2,0.04,0.05888888888888889,900,53,0.058888888888888886,0.0,1.0,0.4907538829145731,0.04021681284643362,0.04021681284643362,0.002502379466000314,44.50931387499999,0.05059933131580504,3.71,3.607142857142857,3.607142857142857,0.6428571428571429
57,template_deposition,C,C,none,0,1.0,template_site:index=198:site=C:neigh=2:ahead0=3.561:mode=shell,z,xy,201,144,57,0,57,3718.6563349666417,33.78672367619093,500.0,0.001,14.263768955687528,0.014263768955687529,-1741.1428,-1733.2203,-1741.1428,-7.9224854,-5.3165283,0.859577116602862,0.014263768955687529,0.014263768955687529,18,200,198,12,12,1.1264038876163984,6.231303942499999,2.6705588325000003,20.23714219125,114.11015164550022,0.0,-4.7014465,-75.32548,20.313545578294853,10.44509313875,9.868452439544853,3.6371484970448513,0.7641926558213422,3.9961387608758097,17.820533910703624,18.50868467097679,19.25016811963642,1.7422396759814025,0.984375,2.352246777489338,2.7224738672267907,2.5737710383864183,1.0,1,50,2,0.04,0.06111111111111111,900,55,0.06111111111111111,0.0,1.0,0.4995173451094762,0.041267487324374345,0.041267487324374345,0.002613607530543709,44.50931387499999,0.05284841694247165,3.711442786069652,3.6140350877192984,3.6140350877192984,0.6666666666666666
58,template_deposition,C,C,none,0,1.0,template_site:index=212:site=C:neigh=2:ahead0=3.561:mode=shell,z,xy,202,144,58,0,58,3923.293893042187,204.63755807554534,500.0,0.001,14.263768955687528,0.014263768955687529,-1748.1647,-1741.1428,-1748.1647,-7.0218506,-5.2023926,0.43238412523464803,0.014263768955687529,0.014263768955687529,20,201,212,11,11,1.2468552885358406,2.6705588325000003,9.792049052500001,20.23714219125,114.11015164550022,0.0,-4.7629824,-76.31139,20.35806708873469,10.44509313875,9.91297394998469,3.681670007484687,0.7945025711116678,4.066246458435034,17.821433278721923,18.489712238609307,19.26956974373391,1.760518442974082,0.984375,2.353146145507637,2.703501434859307,2.5931726624839087,1.0,1,50,2,0.04,0.06222222222222222,900,56,0.06222222222222222,0.0,1.0,0.5082808073043793,0.040571485267373045,0.040571485267373045,0.0026146068283418185,44.50931387499999,0.05286862323054935,3.712871287128713,3.6206896551724137,3.6206896551724137,0.6896551724137931
59,template_deposition,C,C,none,0,1.0,template_site:index=214:site=C:neigh=2:ahead0=3.561:mode=shell,z,xy,203,144,59,0,59,3940.7156891547634,17.421796112576384,500.0,0.001,14.263768955687528,0.014263768955687529,-1755.5461,-1748.1647,-1755.5461,-7.3814697,-5.219116,0.9709891201515579,0.014263768955687529,0.014263768955687529,19,202,214,10,10,1.2294891469288098,8.0116764975,8.0116764975,20.23714219125,114.11015164550022,0.0,-4.8276696,-77.34779,20.35806708873469,10.44509313875,9.91297394998469,3.681670007484687,0.8237959460952485,4.136354155994259,17.86390299541964,18.491572615885453,19.311331886597653,1.7890159444515674,0.984375,2.3956158622053536,2.705361812135452,2.634934805347651,1.0,1,50,2,0.04,0.06333333333333332,900,57,0.06333333333333334,0.0,1.0,0.5170442694992824,0.04060365868144667,0.04060365868144667,0.002661795402450393,44.50931387499999,0.053822799177116146,3.7142857142857144,3.6271186440677967,3.6271186440677967,0.711864406779661
60,template_deposition,C,C,none,0,1.0,template_site:index=209:site=C:neigh=2:ahead0=3.561:mode=shell,z,xy,204,144,60,0,60,3956.5464061882003,15.830717033436791,500.0,0.001,14.263768955687528,0.014263768955687529,-1762.602,-1755.5461,-1762.602,-7.055908,-5.05542,0.8117186999704809,0.014263768955687529,0.014263768955687529,19,203,209,9,9,1.2283207122529884,0.8901862775,4.4509313875,20.23714219125,114.11015164550022,0.0,-4.8895035,-78.338486,20.35806708873469,10.44509313875,9.91297394998469,3.681670007484687,0.8486470536889442,4.206461853553484,17.878137958434106,18.489712238609307,19.322841135634256,1.8192766122715074,0.984375,2.40985082521982,2.703501434859307,2.6464440543842542,1.0,1,50,2,0.04,0.06444444444444444,900,58,0.06444444444444444,0.0,1.0,0.5258077316941855,0.040164180420330334,0.040164180420330334,0.0026776120280220224,44.50931387499999,0.054142619047951354,3.715686274509804,3.6333333333333333,3.6333333333333333,0.7333333333333333
61,template_deposition,C,C,none,0,1.0,template_site:index=202:site=C:neigh=2:ahead0=3.561:mode=shell,z,xy,205,144,61,0,61,4020.9646478312748,64.41824164307434,500.0,0.001,14.263768955687528,0.014263768955687529,-1769.9213,-1762.602,-1769.9213,-7.319214,-4.9866943,0.903258577274949,0.014263768955687529,0.014263768955687529,21,204,202,8,8,1.2028660012491241,8.0116764975,0.8901862775,20.23714219125,114.11015164550022,0.0,-4.953645,-79.36615,20.35806708873469,10.44509313875,9.91297394998469,3.681670007484687,0.8716991418924214,4.276569551112709,18.05000431647262,18.48763856100509,19.94852159721761,1.582713211703519,0.984375,2.581717183258334,2.7014277572550913,3.272124515967608,1.0,2,50,3,0.06,0.06666666666666667,900,60,0.06666666666666667,0.0,1.0,0.5345711938890886,0.042323232512431704,0.042323232512431704,0.002868574648064816,44.50931387499999,0.058003976212907524,3.7170731707317075,3.639344262295082,3.639344262295082,0.7540983606557377
62,template_deposition,C,C,none,0,1.0,template_site:index=215:site=C:neigh=2:ahead0=3.561:mode=shell,z,xy,206,144,62,0,62,4052.881156155049,31.916508323774398,500.0,0.001,14.263768955687528,0.014263768955687529,-1778.6202,-1769.9213,-1778.6202,-8.698975,-5.1203613,0.9901079708761121,0.014263768955687529,0.014263768955687529,24,205,215,7,7,1.6723298025796174,9.792049052500001,9.792049052500001,20.23714219125,114.11015164550022,0.0,-5.0298786,-80.58754,20.35337080110985,10.44509313875,9.90827766235985,3.6769737198598484,0.8863370020858428,4.346677248671933,18.12374436554881,18.485760356762068,20.11386496543786,1.5584463302911435,1.0,2.6554572323345234,2.6995495530120674,3.437467884187857,1.0,2,50,3,0.06,0.06777777777777777,900,61,0.06777777777777778,0.0,1.0,0.5433346560839917,0.04282995536023425,0.04282995536023425,0.0029505080359272483,44.50931387499999,0.05966070921228111,3.70873786407767,3.6129032258064515,3.6129032258064515,0.7419354838709677
63,template_deposition,C,C,none,0,1.0,template_site:index=207:site=C:neigh=2:ahead0=3.561:mode=shell,z,xy,207,144,63,0,63,4242.023856421954,189.14270026690528,500.0,0.001,14.263768955687528,0.014263768955687529,-1787.9495,-1778.6202,-1787.9495,-9.329224,-5.5620117,0.9970219904647124,0.014263768955687529,0.014263768955687529,26,206,207,9,9,1.666577288214796,6.231303942499999,9.792049052500001,20.23714219125,114.11015164550022,0.0,-5.1116347,-81.897415,20.345669516210776,10.44509313875,9.900576377460776,3.6692724349607744,0.8934226837986647,4.416784946231158,18.163726428761183,18.488957120086095,20.142782159536804,1.703153556265762,1.0,2.6954392955468975,2.7027463163360945,3.4663850782868018,1.0,2,50,3,0.06,0.06888888888888889,900,62,0.06888888888888889,0.0,1.0,0.5520981182788948,0.04278475072296663,0.04278475072296663,0.002994932550607664,44.50931387499999,0.06055899453127434,3.6908212560386473,3.5555555555555554,3.5555555555555554,0.6984126984126984
64,template_deposition,C,C,none,0,1.0,template_site:index=200:site=C:neigh=2:ahead0=3.561:mode=shell,z,xy,208,144,64,0,64,4369.499923166331,127.47606674437672,500.0,0.001,14.263768955687528,0.014263768955687529,-1795.4092,-1787.9495,-1795.4092,-7.459717,-5.2509766,0.9996713837198821,0.014263768955687529,0.014263768955687529,21,207,200,9,9,1.2042813831574688,9.792049052500001,6.231303942499999,20.23714219125,114.11015164550022,0.0,-5.1770077,-82.94481,20.35008106031467,10.44509313875,9.904987921564668,3.6736839790646663,0.911659201806189,4.486892643790383,18.289242919711924,18.488254667046206,20.151017239242513,1.6311211539213133,1.0,2.8209557864976382,2.702043863296206,3.4746201579925113,1.0,2,50,3,0.06,0.07111111111111111,900,64,0.07111111111111111,0.0,1.0,0.5608615804737979,0.0440774341640256,0.0440774341640256,0.0031343953183307093,44.50931387499999,0.063378999604892,3.6923076923076925,3.5625,3.5625,0.71875
65,template_deposition,C,C,none,0,1.0,template_site:index=203:site=C:neigh=2:ahead0=3.561:mode=shell,z,xy,209,144,65,0,65,4576.002361641546,206.50243847521432,500.0,0.001,14.263768955687528,0.014263768955687529,-1804.9492,-1795.4092,-1804.9492,-9.540039,-4.9523926,0.7018784345839463,0.014263768955687529,0.014263768955687529,26,208,203,8,8,1.693673440939055,9.792049052500001,2.6705588325000003,20.23714219125,114.11015164550022,0.0,-5.2606115,-84.284294,20.34152933184826,10.44509313875,9.89643619309826,3.6651322505982584,0.9162771561234412,4.557000341349608,18.440562836315028,18.490033386419,20.139402356407516,1.3950332319078667,1.0,2.972275703100742,2.703822582669,3.4630052751575136,1.0,2,50,3,0.06,0.07222222222222223,900,65,0.07222222222222222,0.0,1.0,0.569625042668701,0.04572731850924218,0.04572731850924218,0.0033025285590008242,44.50931387499999,0.06677873560235245,3.6842105263157894,3.5384615384615383,3.5384615384615383,0.7076923076923077
66,template_deposition,C,C,none,0,1.0,template_site:index=208:site=C:neigh=2:ahead0=3.561:mode=shell,z,xy,210,144,66,0,66,4708.4163447197525,132.41398307820674,500.0,0.001,14.263768955687528,0.014263768955687529,-1812.8954,-1804.9492,-1812.8954,-7.946167,-5.4500732,0.9495498073608597,0.014263768955687529,0.014263768955687529,24,209,208,7,7,1.6604403619399741,2.6705588325000003,6.231303942499999,20.23714219125,114.11015164550022,0.0,-5.3302474,-85.39998,20.29976306648757,10.44509313875,9.854669927737572,3.6233659852375695,0.9233742700240835,4.627108038908832,18.27933333798762,18.48685500432822,20.1524159573652,1.7191418229083502,0.96875,2.8110462047733336,2.7006442005782194,3.476018876115198,1.0,2,50,3,0.06,0.07333333333333333,900,66,0.07333333333333333,0.0,1.0,0.578388504863604,0.042591609163232326,0.042591609163232326,0.0031233846719703707,44.50931387499999,0.06315635897394148,3.676190476190476,3.515151515151515,3.515151515151515,0.696969696969697
67,template_deposition,C,C,none,0,1.0,template_site:index=201:site=C:neigh=2:ahead0=3.561:mode=shell,z,xy,211,144,67,0,67,4779.342453511204,70.92610879145207,500.0,0.001,14.263768955687528,0.014263768955687529,-1823.3112,-1812.8954,-1823.3112,-10.4157715,-5.4316406,0.9976818825839452,0.014263768955687529,0.014263768955687529,26,210,201,6,6,1.6788254927557116,8.0116764975,4.4509313875,20.23714219125,114.11015164550022,0.0,-5.4215255,-86.86242,20.242573490663624,10.44509313875,9.797480351913624,3.5661764094136217,0.9266212712811813,4.697215736468057,18.2628703559639,18.482781405405873,20.136923231198764,1.7246911260123317,0.96875,2.7945832227496155,2.696570601655873,3.4605261499487625,1.0,2,50,3,0.06,0.07444444444444445,900,67,0.07444444444444444,0.0,1.0,0.5871519670585071,0.04171019735447187,0.04171019735447187,0.003105092469721795,44.50931387499999,0.06278648173723653,3.6872037914691944,3.5522388059701493,3.5522388059701493,0.6865671641791045
68,template_deposition,C,C,none,0,1.0,template_site:index=213:site=C:neigh=2:ahead0=3.561:mode=shell,z,xy,212,144,68,0,68,4788.7575444005315,9.415090889327361,500.0,0.001,14.263768955687528,0.014263768955687529,-1834.2219,-1823.3112,-1834.2219,-10.910767,-5.8323975,0.99999923955812,0.014263768955687529,0.014263768955687529,28,211,213,5,5,1.7413989167940176,0.8901862775,8.0116764975,20.23714219125,114.11015164550022,0.0,-5.517142,-88.394356,20.174748183100945,10.44509313875,9.729655044350945,3.4983511018509432,0.9297603807825681,4.767323434027282,18.32258107025103,18.490063902557374,20.137372221114024,1.70750764214723,1.0,2.8542939370367435,2.7038530988073735,3.460975139864022,1.0,2,50,3,0.06,0.07555555555555556,900,68,0.07555555555555556,0.0,1.0,0.5959154292534102,0.041974910838775636,0.041974910838775636,0.0031714377078186037,44.50931387499999,0.06412801475782678,3.688679245283019,3.5588235294117645,3.5588235294117645,0.7058823529411765
69,template_deposition,C,C,none,0,1.0,template_site:index=199:site=C:neigh=2:ahead0=3.561:mode=shell,z,xy,213,144,69,0,69,4922.441034078558,133.6834896780264,500.0,0.001,14.263768955687528,0.014263768955687529,-1844.3451,-1834.2219,-1844.3451,-10.123169,-5.5377197,0.9998471947328003,0.014263768955687529,0.014263768955687529,26,212,199,4,4,1.700615840878889,4.4509313875,0.8901862775,20.23714219125,114.11015164550022,0.0,-5.605856,-89.81572,20.167497471656386,10.44509313875,9.722404332906386,3.491100390406384,0.9348185353673618,4.837431131586507,18.430120179870638,18.513282055126915,20.10748082157869,1.6713437697874425,1.0,2.961833046656352,2.7270712513769144,3.4310837403286882,1.0,2,50,3,0.06,0.07333333333333333,900,66,0.07333333333333333,0.0,1.0,0.6046788914483133,0.042925116618208,0.042925116618208,0.0032909256073959466,44.50931387499999,0.06654411827093915,3.708920187793427,3.6231884057971016,3.6231884057971016,0.7246376811594203
70,template_deposition,C,C,none,0,1.0,template_site:index=205:site=C:neigh=2:ahead0=3.561:mode=shell,z,xy,214,144,70,0,70,4996.566499856281,74.12546577772284,500.0,0.001,14.263768955687528,0.014263768955687529,-1851.8965,-1844.3451,-1851.8965,-7.5513916,-5.4056396,0.9974507629451906,0.014263768955687529,0.014263768955687529,23,213,205,3,3,1.2554413185468698,4.4509313875,4.4509313875,20.23714219125,114.11015164550022,0.0,-5.672032,-90.87597,20.345738811834718,10.44509313875,9.900645673084718,3.6693417305847156,0.9461877486118411,4.907538829145731,18.464101009996135,18.531357501002702,20.11861856568516,1.6959861117789607,0.984375,2.995813876781849,2.745146697252702,3.4422214844351586,1.0,2,50,3,0.06,0.07444444444444445,900,67,0.07444444444444444,0.0,1.0,0.6134423536432164,0.04279734109688356,0.04279734109688356,0.0033286820853131657,44.50931387499999,0.0673075726396344,3.710280373831776,3.6285714285714286,3.6285714285714286,0.7428571428571429
71,template_deposition,C,C,none,0,1.0,template_site:index=204:site=C:neigh=1:ahead0=3.561:mode=shell,z,xy,215,144,71,0,71,5143.572135616923,147.00563576064258,500.0,0.001,14.263768955687528,0.014263768955687529,-1861.5424,-1851.8965,-1861.5424,-9.645874,-5.097534,0.9998661566867372,0.014263768955687529,0.014263768955687529,28,214,204,2,2,1.6636551147760217,6.231303942499999,6.231303942499999,20.23714219125,114.11015164550022,0.0,-5.756563,-92.23031,20.256456226448538,10.44509313875,9.811363087698538,3.580059145198536,0.9521493631811195,4.977646526704956,18.520769817750114,18.531466721177164,20.12655949366683,1.6786314000736087,0.984375,3.0524826845358284,2.745255917427164,3.4501624124168266,1.0,2,50,3,0.06,0.07777777777777778,900,70,0.07777777777777778,0.0,1.0,0.6222058158381195,0.04299271386670181,0.04299271386670181,0.0033916474272620315,44.50931387499999,0.06858076251430037,3.702325581395349,3.6056338028169015,3.6056338028169015,0.7323943661971831
72,template_deposition,C,C,none,0,1.0,template_site:index=211:site=C:neigh=2:ahead0=3.561:mode=shell,z,xy,216,144,72,0,72,5144.057363222833,0.4852276059100627,500.0,0.001,14.263768955687528,0.014263768955687529,-1874.2842,-1861.5424,-1874.2842,-12.741821,-5.7717285,1.0,0.014263768955687529,0.014263768955687529,27,215,211,1,1,1.666682746282463,2.6705588325000003,2.6705588325000003,20.23714219125,114.11015164550022,0.0,-5.8682256,-94.01934,20.16365577048024,10.44509313875,9.71856263173024,3.487258689230238,0.9556604321398644,5.047754224264181,18.63472985757183,18.963054687882064,20.13305752557151,1.6053247397456158,1.0,3.1664427243575446,3.1768438841320634,3.456660444321507,1.0,2,50,3,0.06,0.07777777777777778,900,70,0.07777777777777778,0.0,1.0,0.6309692780330226,0.043978371171632565,0.043978371171632565,0.003518269693730605,44.50931387499999,0.0711411263999752,3.7314814814814814,3.6944444444444446,3.6944444444444446,0.75
73,template_deposition,C,C,none,0,1.0,template_site:index=216:site=C:neigh=2:ahead0=4.451:mode=shell,z,xy,217,144,73,0,73,5194.956396420908,50.89903319807492,500.0,0.001,14.263768955687528,0.014263768955687529,-1885.2328,-1874.2842,-1885.2328,-10.948608,-9.53894,0.9990004259671782,0.014263768955687529,0.014263768955687529,18,216,216,14,14,1.5516665216104826,7.12149022,5.3411176650000005,21.12732846875,114.11015164550022,0.0,-5.9641733,-95.556595,20.962791632467805,10.44509313875,10.517698493717806,4.286394551217803,0.7018649828107967,5.117861921823406,18.72154371974826,19.39293916686111,20.131155925996364,1.601573661021957,1.0,3.2532565865339755,3.6067283631111113,3.4547588447463617,1.0,2,50,3,0.06,0.07888888888888888,900,71,0.07888888888888888,0.0,1.0,0.6397327402279257,0.0445651587196435,0.0445651587196435,0.0036147295405933063,44.50931387499999,0.073091591473875,3.7327188940092166,3.6,3.6986301369863015,0.7397260273972602
74,template_deposition,C,C,none,0,1.0,template_site:index=233:site=C:neigh=2:ahead0=4.451:mode=shell,z,xy,218,144,74,0,74,5354.86818288405,159.9117864631418,500.0,0.001,14.263768955687528,0.014263768955687529,-1895.4363,-1885.2328,-1895.4363,-10.203491,-9.237061,1.0,0.014263768955687529,0.014263768955687529,18,217,233,13,13,1.4475721377565984,3.56074511,1.780372555,21.12732846875,114.11015164550022,0.0,-6.0535913,-96.98923,21.00287092608826,10.44509313875,10.55777778733826,4.326473844838258,0.7310180130839612,5.18796961938263,18.72521542370945,19.39638599299856,20.13084747240464,1.6385111542461632,0.984375,3.256928290495164,3.61017518924856,3.454450391154637,1.0,2,50,3,0.06,0.08,900,72,0.08,0.0,1.0,0.6484962024228288,0.04401254446615087,0.04401254446615087,0.0036188092116612937,44.50931387499999,0.07317408440943227,3.7339449541284404,3.607142857142857,3.7027027027027026,0.7297297297297297
75,template_deposition,C,C,none,0,1.0,template_site:index=223:site=C:neigh=2:ahead0=4.451:mode=shell,z,xy,219,144,75,0,75,5448.037335296043,93.1691524119937,500.0,0.001,14.263768955687528,0.014263768955687529,-1904.1686,-1895.4363,-1904.1686,-8.7323,-6.116577,0.843105080035348,0.014263768955687529,0.014263768955687529,19,218,223,12,12,1.2095320906056168,3.56074511,8.901862775,21.12732846875,114.11015164550022,0.0,-6.1301165,-98.215294,21.23084924095529,10.44509313875,10.78575610220529,4.5544521597052885,0.7648748738954606,5.258077316941855,18.784062604852387,19.402997221717378,20.15639040738504,1.6618653737588107,0.984375,3.3157754716381014,3.6167864179673774,3.4799933261350375,1.0,2,50,3,0.06,0.0811111111111111,900,73,0.0811111111111111,0.0,1.0,0.6572596646177319,0.04421033962184135,0.04421033962184135,0.0036841949684867795,44.50931387499999,0.07449621625150478,3.7351598173515983,3.6140350877192984,3.7066666666666666,0.7466666666666667
76,template_deposition,C,C,none,0,1.0,template_site:index=227:site=C:neigh=2:ahead0=4.451:mode=shell,z,xy,220,144,76,0,76,5575.887858872828,127.8505235767847,500.0,0.001,14.263768955687528,0.014263768955687529,-1911.6866,-1904.1686,-1911.6866,-7.5180664,-5.9975586,0.9107769859177091,0.014263768955687529,0.014263768955687529,20,219,227,10,10,1.2026718758234243,0.0,1.780372555,21.12732846875,114.11015164550022,0.0,-6.196001,-99.27088,21.23084924095529,10.44509313875,10.78575610220529,4.5544521597052885,0.7952132395837896,5.32818501450108,18.801124191756916,19.389161980907318,20.164309452191397,1.681763719494236,0.984375,3.33283705854263,3.6029511771573173,3.4879123709413946,1.0,3,50,4,0.08,0.08333333333333334,900,75,0.08333333333333333,0.0,1.0,0.666023126812635,0.0438531191913504,0.0438531191913504,0.0037031522872695887,44.50931387499999,0.074879542468405,3.7363636363636363,3.6206896551724137,3.710526315789474,0.7631578947368421
77,template_deposition,C,C,none,0,1.0,template_site:index=218:site=C:neigh=2:ahead0=4.451:mode=shell,z,xy,221,144,77,0,77,5579.411218455187,3.52335958235901,500.0,0.001,14.263768955687528,0.014263768955687529,-1919.0896,-1911.6866,-1919.0896,-7.402954,-5.3201904,0.9645758164807808,0.014263768955687529,0.014263768955687529,19,220,218,9,9,1.2397110123999413,8.901862775,0.0,21.12732846875,114.11015164550022,0.0,-6.260876,-100.310295,21.234733924446697,10.44509313875,10.789640785696697,4.558336843196695,0.8228125517582942,5.398292712060305,18.8016825493035,19.38206331530148,20.208350623731036,1.7079039072733093,0.984375,3.333395416089214,3.5958525115514792,3.531953542481034,1.0,3,50,4,0.08,0.08444444444444445,900,76,0.08444444444444445,0.0,1.0,0.6747865890075381,0.043290849559600185,0.043290849559600185,0.0037037726845435713,44.50931387499999,0.07489208720338232,3.737556561085973,3.6271186440677967,3.7142857142857144,0.7792207792207793
78,template_deposition,C,C,none,0,1.0,template_site:index=217:site=C:neigh=2:ahead0=4.451:mode=shell,z,xy,222,144,78,0,78,5714.020112997486,134.60889454229928,500.0,0.001,14.263768955687528,0.014263768955687529,-1927.3602,-1919.0896,-1927.3602,-8.27063,-5.513916,0.9997270112821784,0.014263768955687529,0.014263768955687529,23,221,217,9,9,1.6467643111895025,8.901862775,3.56074511,21.12732846875,114.11015164550022,0.0,-6.333356,-101.47155,21.23084924095529,10.44509313875,10.78575610220529,4.5544521597052885,0.8412008013398916,5.468400409619529,18.899119265084003,19.38206331530148,20.2986513783398,1.7452881086156522,0.984375,3.4308321318697175,3.5958525115514792,3.6222542970897997,1.0,3,50,4,0.08,0.08555555555555555,900,77,0.08555555555555555,0.0,1.0,0.6835500512024412,0.04398502733166305,0.04398502733166305,0.003812035702077464,44.50931387499999,0.07708121813571134,3.72972972972973,3.6,3.6923076923076925,0.7692307692307693
79,template_deposition,C,C,none,0,1.0,template_site:index=221:site=C:neigh=2:ahead0=4.451:mode=shell,z,xy,223,144,79,0,79,5967.133150994253,253.1130379967674,500.0,0.001,14.263768955687528,0.014263768955687529,-1934.491,-1927.3602,-1934.491,-7.1307373,-5.050049,0.988996186399123,0.014263768955687529,0.014263768955687529,21,222,221,9,9,1.2313118869651398,5.3411176650000005,3.56074511,21.12732846875,114.11015164550022,0.0,-6.395846,-102.47275,21.251819196625586,10.44509313875,10.806726057875586,4.575422115375584,0.8636066539753199,5.538508107178754,18.908603011810733,19.37793850893281,20.792613209187454,1.7434406181231668,1.0,3.440315878596447,3.5917277051828105,4.116216127937452,1.0,3,50,4,0.08,0.08666666666666668,900,78,0.08666666666666667,0.0,1.0,0.6923135133973443,0.04354830226071452,0.04354830226071452,0.003822573198440497,44.50931387499999,0.0772942914433198,3.7309417040358746,3.6065573770491803,3.6962025316455698,0.7848101265822784
80,template_deposition,C,C,none,0,1.0,template_site:index=232:site=C:neigh=1:ahead0=4.451:mode=shell,z,xy,224,144,80,0,80,5968.656817157792,1.5236661635385795,500.0,0.001,14.263768955687528,0.014263768955687529,-1942.3351,-1934.491,-1942.3351,-7.844116,-4.8862305,0.7915779267727387,0.014263768955687529,0.014263768955687529,24,223,232,8,8,1.6559957202176163,5.3411176650000005,0.0,21.12732846875,114.11015164550022,0.0,-6.464587,-103.574104,21.19996842148662,10.44509313875,10.75487528273662,4.523571340236618,0.8753921961899238,5.608615804737979,18.85063779154673,19.36303749113958,21.00697314319527,1.9030547028391651,1.0,3.382350658332445,3.5768266873895787,4.330576061945269,1.0,3,50,4,0.08,0.08777777777777779,900,79,0.08777777777777777,0.0,1.0,0.7010769755922474,0.042279383229155566,0.042279383229155566,0.0037581673981471613,44.50931387499999,0.07599197479950921,3.7142857142857144,3.5483870967741935,3.65,0.75
81,template_deposition,C,C,none,0,1.0,template_site:index=231:site=C:neigh=2:ahead0=4.451:mode=shell,z,xy,225,144,81,0,81,5994.044421329058,25.38760417126691,500.0,0.001,14.263768955687528,0.014263768955687529,-1953.0331,-1942.3351,-1953.0331,-10.697998,-6.895508,0.9999997231179946,0.014263768955687529,0.014263768955687529,23,224,231,7,7,1.212785615751798,7.12149022,8.901862775,21.12732846875,114.11015164550022,0.0,-6.5583386,-105.07617,21.19996842148662,10.44509313875,10.75487528273662,4.523571340236618,0.8854249458382212,5.678723502297204,19.085158535071486,19.37385455639699,21.00790010146205,1.5401055764023959,1.0,3.6168714018571997,3.587643752646988,4.331503020212047,1.0,3,50,4,0.08,0.08888888888888889,900,80,0.08888888888888889,0.0,1.0,0.7098404377871504,0.04465273335626172,0.04465273335626172,0.004018746002063555,44.50931387499999,0.08126100105732534,3.7155555555555555,3.5555555555555554,3.654320987654321,0.7407407407407407
82,template_deposition,C,C,none,0,1.0,template_site:index=226:site=C:neigh=2:ahead0=4.451:mode=shell,z,xy,226,144,82,0,82,6064.377288812686,70.33286748362751,500.0,0.001,14.263768955687528,0.014263768955687529,-1962.3937,-1953.0331,-1962.3937,-9.360596,-6.4908447,0.4590101206864083,0.014263768955687529,0.014263768955687529,25,225,226,8,8,1.659116579925309,1.780372555,0.0,21.12732846875,114.11015164550022,0.0,-6.64037,-106.39046,21.19996842148662,10.44509313875,10.75487528273662,4.523571340236618,0.8952957350892448,5.748831199856428,19.151167261748853,19.38270555932325,21.004602842842722,1.5214623090126824,1.0,3.682880128534567,3.5964947555732483,4.32820576159272,1.0,3,50,4,0.08,0.09,900,81,0.09,0.0,1.0,0.7186038999820535,0.04491317229920203,0.04491317229920203,0.0040920890317050745,44.50931387499999,0.08274403283046716,3.725663716814159,3.59375,3.682926829268293,0.7560975609756098
83,template_deposition,C,C,none,0,1.0,template_site:index=222:site=C:neigh=2:ahead0=4.451:mode=shell,z,xy,227,144,83,0,83,6082.524747771618,18.147458958932624,500.0,0.001,14.263768955687528,0.014263768955687529,-1970.9489,-1962.3937,-1970.9489,-8.555176,-6.316162,0.9872789447886241,0.014263768955687529,0.014263768955687529,25,226,222,7,7,1.6522518053470285,5.3411176650000005,7.12149022,21.12732846875,114.11015164550022,0.0,-6.715343,-107.59166,21.143199113958122,10.44509313875,10.698105975208122,4.46680203270812,0.9032902079540547,5.818938897415653,19.207555033560187,19.387810854086204,21.008680289469588,1.5161645670821942,1.0,3.739267900345901,3.601600050336204,4.332283208219586,1.0,3,50,4,0.08,0.0911111111111111,900,82,0.09111111111111111,0.0,1.0,0.7273673621769566,0.045051420486095194,0.045051420486095194,0.004154742111495445,44.50931387499999,0.08401090861223486,3.7180616740088106,3.5692307692307694,3.6626506024096384,0.7469879518072289
84,template_deposition,C,C,none,0,1.0,template_site:index=219:site=C:neigh=2:ahead0=4.451:mode=shell,z,xy,228,144,84,0,84,6100.028801049594,17.504053277976237,500.0,0.001,14.263768955687528,0.014263768955687529,-1982.0675,-1970.9489,-1982.0675,-11.118652,-6.2216797,0.9999999999817606,0.014263768955687529,0.014263768955687529,28,227,219,7,7,1.6748766167200118,7.12149022,1.780372555,21.12732846875,114.11015164550022,0.0,-6.812781,-109.15279,21.062717888285103,10.44509313875,10.617624749535103,4.386320807035101,0.9087529135304687,5.889046594974878,19.077638965472786,19.3907873299636,21.007770248035396,1.8586498367597217,1.0,3.6093518322585005,3.6045765262136005,4.331373166785394,1.0,3,50,4,0.08,0.09222222222222223,900,83,0.09222222222222222,0.0,1.0,0.7361308243718597,0.042968474193553576,0.042968474193553576,0.004010390924731667,44.50931387499999,0.08109205732523778,3.719298245614035,3.5757575757575757,3.6666666666666665,0.7619047619047619
85,template_deposition,C,C,none,0,1.0,template_site:index=228:site=C:neigh=1:ahead0=4.451:mode=shell,z,xy,229,144,85,0,85,6205.218155612191,105.18935456259722,500.0,0.001,14.263768955687528,0.014263768955687529,-1989.2518,-1982.0675,-1989.2518,-7.184326,-5.1585693,0.9998774894112512,0.014263768955687529,0.014263768955687529,25,228,228,6,6,1.6922386256388033,0.0,8.901862775,21.12732846875,114.11015164550022,0.0,-6.8757405,-110.16151,21.062717888285103,10.44509313875,10.617624749535103,4.386320807035101,0.9204783238558308,5.959154292534103,19.103184134858154,19.39044690845281,21.013271993885542,1.9020230292070475,1.0,3.6348970016438678,3.6042361047028084,4.33687491263554,1.0,3,50,4,0.08,0.09444444444444444,900,85,0.09444444444444444,0.0,1.0,0.7448942865667628,0.04276349413698668,0.04276349413698668,0.004038774446270964,44.50931387499999,0.08166598595188676,3.7205240174672487,3.582089552238806,3.6705882352941175,0.7764705882352941
86,template_deposition,C,C,none,0,1.0,template_site:index=229:site=C:neigh=2:ahead0=4.451:mode=shell,z,xy,230,144,86,0,86,6206.283001531793,1.064845919601374,500.0,0.001,14.263768955687528,0.014263768955687529,-1998.3251,-1989.2518,-1998.3251,-9.073242,-5.579468,0.9999999503828101,0.014263768955687529,0.014263768955687529,23,229,229,5,5,1.187187800661001,1.780372555,7.12149022,21.12732846875,114.11015164550022,0.0,-6.9552536,-111.43545,21.2483788347484,10.44509313875,10.803285695998401,4.571981753498399,0.9343445323041007,6.029261990093327,19.14507549234345,19.39044690845281,21.021078011813756,1.9059728813408936,1.0,3.6767883591291657,3.6042361047028084,4.344680930563754,1.0,3,50,4,0.08,0.09555555555555556,900,86,0.09555555555555556,0.0,1.0,0.7536577487616659,0.04275335301312983,0.04275335301312983,0.004085320399032406,44.50931387499999,0.08260716778189532,3.7217391304347824,3.588235294117647,3.6744186046511627,0.7674418604651163
87,template_deposition,C,C,none,0,1.0,template_site:index=220:site=C:neigh=2:ahead0=4.451:mode=shell,z,xy,231,144,87,0,87,6221.3964012344895,15.113399702696546,500.0,0.001,14.263768955687528,0.014263768955687529,-2008.3557,-1998.3251,-2008.3557,-10.03064,-5.4105225,0.9999352225109795,0.014263768955687529,0.014263768955687529,26,230,220,4,4,1.7049453761381959,3.56074511,5.3411176650000005,21.12732846875,114.11015164550022,0.0,-7.0431566,-112.84381,21.105897954853727,10.44509313875,10.660804816103727,4.429500873603725,0.9372731304882544,6.099369687652552,19.158205278373174,19.39671387018826,21.013271993885542,1.9204247815653945,1.0,3.689918145158888,3.6105030664382607,4.33687491263554,1.0,3,50,4,0.08,0.09666666666666666,900,87,0.09666666666666666,0.0,1.0,0.762421210956569,0.04241285224320561,0.04241285224320561,0.004099909050176542,44.50931387499999,0.08290215741185449,3.7316017316017316,3.6231884057971016,3.7011494252873565,0.7816091954022989
88,template_deposition,C,C,none,0,1.0,template_site:index=224:site=C:neigh=2:ahead0=4.451:mode=shell,z,xy,232,144,88,0,88,6242.518217111535,21.12181587704512,500.0,0.001,14.263768955687528,0.014263768955687529,-2015.8523,-2008.3557,-2015.8523,-7.496582,-5.1640625,0.9961535745207623,0.014263768955687529,0.014263768955687529,24,231,224,3,3,1.2494867435722663,0.0,5.3411176650000005,21.12732846875,114.11015164550022,0.0,-7.1088524,-113.89638,21.247761854569166,10.44509313875,10.802668715819166,4.571364773319164,0.9487392119967835,6.169477385211776,19.285571524085423,19.39671387018826,21.016552911447747,1.7453568479858068,1.0,3.817284390871137,3.6105030664382607,4.3401558301977445,1.0,3,50,4,0.08,0.09777777777777778,900,88,0.09777777777777778,0.0,1.0,0.771184673151472,0.04337823171444474,0.04337823171444474,0.00424142710096793,44.50931387499999,0.08576372130991736,3.7327586206896552,3.6285714285714286,3.7045454545454546,0.7954545454545454
89,template_deposition,C,C,none,0,1.0,template_site:index=230:site=C:neigh=1:ahead0=4.451:mode=shell,z,xy,233,144,89,0,89,6288.682574206813,46.164357095278305,500.0,0.001,14.263768955687528,0.014263768955687529,-2025.5583,-2015.8523,-2025.5583,-9.706055,-4.904541,0.8289289869962045,0.014263768955687529,0.014263768955687529,27,232,230,2,2,1.6696221347198523,8.901862775,7.12149022,21.12732846875,114.11015164550022,0.0,-7.193911,-115.25916,21.163540840271633,10.44509313875,10.718447701521633,4.487143759021631,0.9550597101785752,6.239585082771001,19.325881493690797,19.394379843399985,21.016939945161905,1.7424046303041416,1.0,3.8575943604765115,3.608169039649985,4.340542863911903,1.0,4,50,5,0.1,0.09888888888888889,900,89,0.09888888888888889,0.0,1.0,0.7799481353463751,0.043343756859286646,0.043343756859286646,0.004286215956085013,44.50931387499999,0.0866693737699526,3.7339055793991416,3.6338028169014085,3.707865168539326,0.7865168539325843
90,template_deposition,C,C,none,0,1.0,template_site:index=225:site=C:neigh=2:ahead0=4.451:mode=shell,z,xy,234,144,90,0,90,6536.944036625253,248.2614624184396,500.0,0.001,14.263768955687528,0.014263768955687529,-2038.5381,-2025.5583,-2038.5381,-12.979736,-5.8808594,1.0,0.014263768955687529,0.014263768955687529,28,233,225,1,1,1.6552585105882793,1.780372555,3.56074511,21.12732846875,114.11015164550022,0.0,-7.3076587,-117.081604,21.05431284651145,10.44509313875,10.60921970776145,4.377915765261449,0.9569806384068144,6.309692780330225,19.435002104216853,19.410632360495367,21.026925890298223,1.6710222768451033,0.984375,3.966714971002567,3.624421556745366,4.350528809048221,1.0,4,50,5,0.1,0.09888888888888889,900,89,0.09888888888888889,0.0,1.0,0.7887115975412782,0.04407461078891741,0.04407461078891741,0.004407461078891741,44.50931387499999,0.08912100919242867,3.752136752136752,3.6944444444444446,3.7555555555555555,0.8
91,template_deposition,C,C,none,0,1.0,template_site:index=244:site=C:neigh=2:ahead0=5.341:mode=shell,z,xy,235,144,91,0,91,6626.33446949381,89.39043286855687,500.0,0.001,14.263768955687528,0.014263768955687529,-2049.5044,-2038.5381,-2049.5044,-10.966309,-9.583496,0.9999943148708254,0.014263768955687529,0.014263768955687529,18,234,244,14,14,1.5458949518216307,9.792049052500001,8.0116764975,22.01751474625,114.11015164550022,0.0,-7.4037614,-118.62134,21.86256725006013,10.44509313875,11.417474111310131,5.186170168810129,0.7031631279063753,6.37980047788945,19.524207348237525,19.45918422744139,21.017665952297023,1.6406537491668973,0.984375,4.055920215023239,3.6729734236913902,4.341268871047021,1.0,4,50,5,0.1,0.1,900,90,0.1,0.0,1.0,0.7974750597361813,0.04457055181344218,0.04457055181344218,0.0045065780166924875,44.50931387499999,0.09112520193894451,3.753191489361702,3.6,3.758241758241758,0.7912087912087912
92,template_deposition,C,C,none,0,1.0,template_site:index=247:site=C:neigh=2:ahead0=5.341:mode=shell,z,xy,236,144,92,0,92,6652.093114196939,25.758644703128823,500.0,0.001,14.263768955687528,0.014263768955687529,-2059.439,-2049.5044,-2059.439,-9.93457,-9.065674,1.0,0.014263768955687529,0.014263768955687529,18,235,247,13,13,1.4328262911598557,2.6705588325000003,4.4509313875,22.01751474625,114.11015164550022,0.0,-7.490823,-120.01621,21.901611046113242,10.44509313875,11.456517907363242,5.22521396486324,0.7326997240233579,6.449908175448675,19.55186866665876,19.879387311014217,21.016495987209446,1.6481423602837115,1.0,4.083581533444473,4.093176507264216,4.340098905959444,1.0,4,50,5,0.1,0.10111111111111111,900,91,0.10111111111111111,0.0,1.0,0.8062385219310844,0.04438675579830949,0.04438675579830949,0.004537312814938303,44.50931387499999,0.09174667452553432,3.7542372881355934,3.607142857142857,3.760869565217391,0.782608695652174
93,template_deposition,C,C,none,0,1.0,template_site:index=243:site=C:neigh=2:ahead0=5.341:mode=shell,z,xy,237,144,93,0,93,6708.507899819654,56.41478562271507,500.0,0.001,14.263768955687528,0.014263768955687529,-2067.538,-2059.439,-2067.538,-8.099121,-5.255127,0.8241442144200086,0.014263768955687529,0.014263768955687529,19,236,243,12,12,1.235654688037954,6.231303942499999,4.4509313875,22.01751474625,114.11015164550022,0.0,-7.561799,-121.15338,22.146077869893347,10.44509313875,11.700984731143347,5.469680788643345,0.7672917584214126,6.5200158730079,19.60856344481517,20.279294100551283,21.032090667015087,1.6733470703503364,1.0,4.140276311600886,4.493083296801283,4.355693585765085,1.0,4,50,5,0.1,0.10222222222222221,900,92,0.10222222222222223,0.0,1.0,0.8150019841259875,0.0445191001247407,0.0445191001247407,0.004600307012889873,44.50931387499999,0.09302044788262616,3.7552742616033754,3.6140350877192984,3.763440860215054,0.7956989247311828
94,template_deposition,C,C,none,0,1.0,template_site:index=236:site=C:neigh=2:ahead0=5.341:mode=shell,z,xy,238,144,94,0,94,6709.351580165663,0.8436803460087705,500.0,0.001,14.263768955687528,0.014263768955687529,-2074.6213,-2067.538,-2074.6213,-7.083252,-5.1882324,0.9722222552021729,0.014263768955687529,0.014263768955687529,20,237,236,10,10,1.216718159567875,2.6705588325000003,0.8901862775,22.01751474625,114.11015164550022,0.0,-7.6238728,-122.14791,22.146077869893347,10.44509313875,11.700984731143347,5.469680788643345,0.7975054923988527,6.590123570567124,19.62447378809208,20.270589429463108,21.05094394354877,1.693513018903849,1.0,4.156186654877793,4.4843786257131075,4.374546862298768,1.0,4,50,5,0.1,0.10333333333333332,900,93,0.10333333333333333,0.0,1.0,0.8237654463208905,0.044214751647636094,0.044214751647636094,0.004617985172086436,44.50931387499999,0.09337790886981616,3.7563025210084033,3.6206896551724137,3.765957446808511,0.8085106382978723
95,template_deposition,C,C,none,0,1.0,template_site:index=242:site=C:neigh=1:ahead0=5.341:mode=shell,z,xy,239,144,95,0,95,6780.08015133036,70.72857116469773,500.0,0.001,14.263768955687528,0.014263768955687529,-2082.0403,-2074.6213,-2082.0403,-7.4189453,-4.779785,0.02070344287309452,0.014263768955687529,0.014263768955687529,22,238,242,9,9,1.6640477138739664,4.4509313875,6.231303942499999,22.01751474625,114.11015164550022,0.0,-7.6888885,-123.189575,22.11731868085822,10.44509313875,11.672225542108219,5.440921599608217,0.8188181526345798,6.660231268126349,19.721290647889212,20.270589429463108,21.133405261914227,1.7081956919622219,1.0,4.253003514674926,4.4843786257131075,4.457008180664225,1.0,4,50,5,0.1,0.10444444444444445,900,94,0.10444444444444445,0.0,1.0,0.8325289085157936,0.04476845804920975,0.04476845804920975,0.004725559460749918,44.50931387499999,0.09555311336901455,3.7489539748953975,3.593220338983051,3.7473684210526317,0.8
96,template_deposition,C,C,none,0,1.0,template_site:index=240:site=C:neigh=2:ahead0=5.341:mode=shell,z,xy,240,144,96,0,96,6884.083845883499,104.00369455313823,500.0,0.001,14.263768955687528,0.014263768955687529,-2092.195,-2082.0403,-2092.195,-10.154785,-6.8554688,0.9999986784652785,0.014263768955687529,0.014263768955687529,22,239,240,9,9,1.2128835245165788,6.231303942499999,8.0116764975,22.01751474625,114.11015164550022,0.0,-7.7778797,-124.61537,22.11731868085822,10.44509313875,11.672225542108219,5.440921599608217,0.8334862893508201,6.730338965685574,19.80348075667778,20.272685006827714,21.224554655616192,1.5217208362786232,1.0,4.335193623463493,4.486474203077714,4.54815757436619,1.0,4,50,5,0.1,0.10444444444444445,900,94,0.10444444444444445,0.0,1.0,0.8412923707106967,0.04515826691107805,0.04515826691107805,0.004816881803848325,44.50931387499999,0.09739969561513474,3.75,3.6,3.75,0.7916666666666666
97,template_deposition,C,C,none,0,1.0,template_site:index=250:site=C:neigh=2:ahead0=5.341:mode=shell,z,xy,241,144,97,0,97,6995.401321000337,111.31747511683778,500.0,0.001,14.263768955687528,0.014263768955687529,-2101.1377,-2092.195,-2101.1377,-8.942627,-6.678955,0.9999999999904408,0.014263768955687529,0.014263768955687529,24,240,250,9,9,1.6830884426990806,8.0116764975,6.231303942499999,22.01751474625,114.11015164550022,0.0,-7.856248,-125.87097,22.11731868085822,10.44509313875,11.672225542108219,5.440921599608217,0.8492589831333966,6.800446663244799,19.816000225596774,20.272685006827714,21.674977874108563,1.5177398287198118,1.0,4.347713092382488,4.486474203077714,4.9985807928585615,1.0,4,50,5,0.1,0.10666666666666666,900,96,0.10666666666666667,0.0,1.0,0.8500558329055998,0.044821784457551424,0.044821784457551424,0.004830792324869431,44.50931387499999,0.09768097312379631,3.7510373443983402,3.6065573770491803,3.752577319587629,0.8041237113402062
98,template_deposition,C,C,none,0,1.0,template_site:index=235:site=C:neigh=1:ahead0=5.341:mode=shell,z,xy,242,144,98,0,98,7002.763889547839,7.3625685475022875,500.0,0.001,14.263768955687528,0.014263768955687529,-2110.2998,-2101.1377,-2110.2998,-9.162109,-5.1381836,0.6939248586308364,0.014263768955687529,0.014263768955687529,24,241,235,8,8,1.6765213471752727,4.4509313875,2.6705588325000003,22.01751474625,114.11015164550022,0.0,-7.9365396,-127.15739,22.026346116261,10.44509313875,11.581252977511,5.349949035010997,0.863805515567585,6.870554360804023,19.98065084525028,20.26246689872103,21.890126793319858,1.2620658860646592,1.0,4.512363712035995,4.4762560949710295,5.213729712069856,1.0,4,50,5,0.1,0.10777777777777779,900,97,0.10777777777777778,0.0,1.0,0.8588192951005029,0.04604452767383668,0.04604452767383668,0.005013737457817772,44.50931387499999,0.10138021279565268,3.743801652892562,3.5806451612903225,3.7346938775510203,0.7959183673469388
99,template_deposition,C,C,none,0,1.0,template_site:index=238:site=C:neigh=2:ahead0=5.341:mode=shell,z,xy,243,144,99,0,99,7054.297730860183,51.53384131234385,500.0,0.001,14.263768955687528,0.014263768955687529,-2117.505,-2110.2998,-2117.505,-7.205078,-5.461914,0.874111761519458,0.014263768955687529,0.014263768955687529,22,242,238,7,7,1.633900947740954,0.8901862775,9.792049052500001,22.01751474625,114.11015164550022,0.0,-7.999681,-128.16902,21.994964102072068,10.44509313875,11.549870963322068,5.318567020822066,0.8764342448680155,6.940662058363248,20.13083103997147,20.274175363897687,21.893459587568916,1.2192108546744518,1.0,4.6625439067571826,4.487964560147686,5.217062506318914,1.0,4,50,5,0.1,0.1088888888888889,900,98,0.10888888888888888,0.0,1.0,0.867582757295406,0.0470964030985574,0.0470964030985574,0.005180604340841314,44.50931387499999,0.10475434242485689,3.7448559670781894,3.5873015873015874,3.7373737373737375,0.8080808080808081
100,template_deposition,C,C,none,0,1.0,template_site:index=241:site=C:neigh=2:ahead0=5.341:mode=shell,z,xy,244,144,100,0,100,7069.973038706985,15.675307846802003,500.0,0.001,14.263768955687528,0.014263768955687529,-2125.0889,-2117.505,-2125.0889,-7.5839844,-5.2421875,0.9297994515315853,0.014263768955687529,0.014263768955687529,23,243,241,6,6,1.2416993245256163,4.4509313875,9.792049052500001,22.01751474625,114.11015164550022,0.0,-8.066143,-129.23386,22.137772645370582,10.44509313875,11.692679506620582,5.46137556412058,0.8939631492977861,7.010769755922473,20.093617627898254,20.26809265147233,21.903013451985462,1.348574101323045,1.0,4.625330494683968,4.481881847722329,5.22661637073546,1.0,4,50,5,0.1,0.11,900,99,0.11,0.0,1.0,0.8763462194903091,0.046253304946839685,0.046253304946839685,0.0051392561052044095,44.50931387499999,0.10391826096609245,3.7459016393442623,3.59375,3.74,0.82
101,template_deposition,C,C,none,0,1.0,template_site:index=246:site=C:neigh=2:ahead0=5.341:mode=shell,z,xy,245,144,101,0,101,7099.041687387125,29.068648680140335,500.0,0.001,14.263768955687528,0.014263768955687529,-2132.8013,-2125.0889,-2132.8013,-7.7124023,-5.1279297,0.9821774861218163,0.014263768955687529,0.014263768955687529,23,244,246,5,5,1.2325389503511297,0.8901862775,6.231303942499999,22.01751474625,114.11015164550022,0.0,-8.133731,-130.31674,22.137772645370582,10.44509313875,11.692679506620582,5.46137556412058,0.9102535827787644,7.080877453481698,20.110278275844376,20.259115007341116,21.904265840328073,1.368072953870052,1.0,4.64199114263009,4.472904203591115,5.227868759078071,1.0,4,50,5,0.1,0.1111111111111111,900,100,0.1111111111111111,0.0,1.0,0.8851096816852122,0.04596030834287218,0.04596030834287218,0.005157767936255655,44.50931387499999,0.10429257920413385,3.7551020408163267,3.6307692307692307,3.762376237623762,0.8316831683168316
102,template_deposition,C,C,none,0,1.0,template_site:index=237:site=C:neigh=1:ahead0=5.341:mode=shell,z,xy,246,144,102,0,102,7116.254059122112,17.212371734986572,500.0,0.001,14.263768955687528,0.014263768955687529,-2141.1353,-2132.8013,-2141.1353,-8.333984,-4.8789062,0.5990780974229613,0.014263768955687529,0.014263768955687529,25,245,237,4,4,1.663299785041645,0.8901862775,2.6705588325000003,22.01751474625,114.11015164550022,0.0,-8.206765,-131.48688,22.137772645370582,10.44509313875,11.692679506620582,5.46137556412058,0.9232150673896106,7.150985151040922,20.206765470330215,20.259115007341116,21.918270286649093,1.315433500497151,1.0,4.738478337115929,4.472904203591115,5.2418732053990915,1.0,4,50,5,0.1,0.11333333333333333,900,102,0.11333333333333333,0.0,1.0,0.8938731438801153,0.04645566997172479,0.04645566997172479,0.00526497593012881,44.50931387499999,0.10646037704430755,3.7560975609756095,3.6363636363636362,3.764705882352941,0.8431372549019608
103,template_deposition,C,C,none,0,1.0,template_site:index=248:site=C:neigh=2:ahead0=5.341:mode=shell,z,xy,247,144,103,0,103,7167.998871295889,51.744812173776744,500.0,0.001,14.263768955687528,0.014263768955687529,-2150.6426,-2141.1353,-2150.6426,-9.507324,-6.6262207,0.9999999999999956,0.014263768955687529,0.014263768955687529,23,246,248,4,4,1.2514461434594368,9.792049052500001,0.8901862775,22.01751474625,114.11015164550022,0.0,-8.290082,-132.82176,22.137772645370582,10.44509313875,11.692679506620582,5.46137556412058,0.9355738991821464,7.221092848600147,20.250411864661867,20.26070733985822,21.92543662493961,1.3298590477553103,1.0,4.782124731447581,4.474496536108221,5.249039543689609,1.0,4,50,5,0.1,0.11333333333333333,900,102,0.11333333333333333,0.0,1.0,0.9026366060750184,0.04642839545094739,0.04642839545094739,0.005313471923830646,44.50931387499999,0.10744098965168743,3.748987854251012,3.611940298507463,3.7475728155339807,0.8349514563106796
104,template_deposition,C,C,none,0,1.0,template_site:index=245:site=C:neigh=2:ahead0=5.341:mode=shell,z,xy,248,144,104,0,104,7184.601588617908,16.60271732201914,500.0,0.001,14.263768955687528,0.014263768955687529,-2161.4172,-2150.6426,-2161.4172,-10.774658,-5.8598633,0.9999999999878038,0.014263768955687529,0.014263768955687529,26,247,245,3,3,1.6610103398402698,8.0116764975,9.792049052500001,22.01751474625,114.11015164550022,0.0,-8.384505,-134.33458,22.119711029306053,10.44509313875,11.674617890556053,5.443313948056051,0.9409409544042915,7.291200546159372,20.332464527850707,20.26823313550667,21.925266737752803,1.2934344719560096,1.0,4.864177394636421,4.482022331756669,5.2488696565028015,1.0,4,50,5,0.1,0.11222222222222221,900,101,0.11222222222222222,0.0,1.0,0.9114000682699215,0.04677093648688867,0.04677093648688867,0.005404641549596023,44.50931387499999,0.1092844838789693,3.7661290322580645,3.676470588235294,3.7884615384615383,0.8461538461538461
105,template_deposition,C,C,none,0,1.0,template_site:index=249:site=C:neigh=2:ahead0=5.341:mode=shell,z,xy,249,144,105,0,105,7200.173533201075,15.571944583166385,500.0,0.001,14.263768955687528,0.014263768955687529,-2169.4524,-2161.4172,-2169.4524,-8.035156,-4.8789062,0.9999999999988298,0.014263768955687529,0.014263768955687529,23,248,249,3,3,1.2195446070917053,8.0116764975,2.6705588325000003,22.01751474625,114.11015164550022,0.0,-8.454921,-135.46277,22.14457437802095,10.44509313875,11.699481239270948,5.468177296770946,0.9531367721710202,7.361308243718597,20.33768027244549,20.26230166721394,21.923320440954946,1.3074382674172778,1.0,4.869393139231203,4.47609086346394,5.246923359704944,1.0,4,50,5,0.1,0.11444444444444445,900,103,0.11444444444444445,0.0,1.0,0.9201635304648246,0.04637517275458289,0.04637517275458289,0.005410436821368003,44.50931387499999,0.10940166709615907,3.7670682730923697,3.681159420289855,3.7904761904761903,0.8571428571428571
106,template_deposition,C,C,none,0,1.0,template_site:index=251:site=C:neigh=1:ahead0=5.341:mode=shell,z,xy,250,144,106,0,106,7265.145771221061,64.97223801998653,500.0,0.001,14.263768955687528,0.014263768955687529,-2179.2908,-2169.4524,-2179.2908,-9.838379,-3.72583,0.046274389104449025,0.014263768955687529,0.014263768955687529,28,249,251,2,2,1.8497250361962772,9.792049052500001,4.4509313875,22.01751474625,114.11015164550022,0.0,-8.54114,-136.84415,22.09417760658048,10.44509313875,11.64908446783048,5.417780525330478,0.9527264364381336,7.431415941277821,20.39653133231284,20.288093601777746,21.93096775256781,1.295906500659812,1.0,4.928244199098554,4.501882798027745,5.254570671317808,1.0,4,50,5,0.1,0.11444444444444445,900,103,0.11444444444444445,0.0,1.0,0.9289269926597277,0.04649286980281655,0.04649286980281655,0.005475826887887282,44.50931387499999,0.11072388608233866,3.76,3.657142857142857,3.7735849056603774,0.8301886792452831
107,template_deposition,C,C,none,0,1.0,template_site:index=234:site=C:neigh=2:ahead0=5.341:mode=shell,z,xy,251,144,107,0,107,7268.978598523355,3.832827302293337,500.0,0.001,14.263768955687528,0.014263768955687529,-2188.3281,-2179.2908,-2188.3281,-9.0373535,-4.7958984,0.9964323381940223,0.014263768955687529,0.014263768955687529,26,250,234,2,2,1.6984335689513614,6.231303942499999,0.8901862775,22.01751474625,114.11015164550022,0.0,-8.620338,-138.11305,22.006081834479378,10.44509313875,11.560988695729378,5.329684753229376,0.9521803524485243,7.501523638837046,20.365919381765025,20.29628208302296,21.93096775256781,1.5537386983208201,1.0,4.897632248550739,4.5100712792729585,5.254570671317808,1.0,4,50,5,0.1,0.11555555555555555,900,104,0.11555555555555555,0.0,1.0,0.9376904548546308,0.04577226400514709,0.04577226400514709,0.005441813609500821,44.50931387499999,0.11003612103087582,3.752988047808765,3.6338028169014085,3.7570093457943927,0.822429906542056
108,template_deposition,C,C,none,0,1.0,template_site:index=239:site=C:neigh=2:ahead0=5.341:mode=shell,z,xy,252,144,108,0,108,7393.204903535863,124.22630501250804,500.0,0.001,14.263768955687528,0.014263768955687529,-2196.4631,-2188.3281,-2196.4631,-8.13501,-5.4052734,1.0,0.014263768955687529,0.014263768955687529,26,251,239,1,1,1.6561330374203507,2.6705588325000003,8.0116764975,22.01751474625,114.11015164550022,0.0,-8.691628,-139.25525,21.99840137081513,10.44509313875,11.553308232065131,5.322004289565129,0.954243204252606,7.571631336396271,20.25631092724821,20.305619900810825,21.927044521010057,1.6856235138839935,1.0,4.788023794033926,4.519409097060825,5.250647439760055,1.0,4,50,5,0.1,0.11666666666666668,900,105,0.11666666666666667,0.0,1.0,0.9464539170495339,0.044333553648462275,0.044333553648462275,0.0053200264378154725,44.50931387499999,0.10757352511612778,3.753968253968254,3.638888888888889,3.759259259259259,0.8333333333333334
109,template_deposition,C,C,none,0,1.0,template_site:index=254:site=C:neigh=2:ahead0=6.231:mode=shell,z,xy,253,144,109,0,109,7525.671850382263,132.4669468464001,500.0,0.001,14.263768955687528,0.014263768955687529,-2207.4941,-2196.4631,-2207.4941,-11.031006,-9.461914,0.9999986558603863,0.014263768955687529,0.014263768955687529,18,252,254,18,18,1.589637910650376,7.12149022,0.0,22.90770102375,114.11015164550022,0.0,-8.788299,-140.80408,22.735369768390992,10.44509313875,12.290276629640992,6.05897268714099,0.7032166635769888,7.641739033955496,20.298512823760554,20.31755126402164,21.933775595269474,1.702547965405469,1.0,4.830225690546268,4.531340460271638,5.2573785140194715,1.0,4,50,5,0.1,0.11777777777777779,900,106,0.11777777777777777,0.0,1.0,0.955217379244437,0.044313997160974936,0.044313997160974936,0.0053669174339402975,44.50931387499999,0.10852168389095998,3.7549407114624507,3.5272727272727273,3.761467889908257,0.8256880733944955
110,template_deposition,C,C,none,0,1.0,template_site:index=265:site=C:neigh=2:ahead0=6.231:mode=shell,z,xy,254,144,110,0,110,7540.748435295795,15.076584913531985,500.0,0.001,14.263768955687528,0.014263768955687529,-2217.1262,-2207.4941,-2217.1262,-9.63208,-8.9470215,1.0,0.014263768955687529,0.014263768955687529,19,253,265,17,17,1.2931597373746484,0.0,7.12149022,22.90770102375,114.11015164550022,0.0,-8.872709,-142.15648,22.853899240113723,10.44509313875,12.408806101363723,6.177502158863721,0.7323122406433903,7.71184673151472,20.383127237127407,20.31755126402164,21.933775595269474,1.6464328530377323,1.0,4.9148401039131215,4.531340460271638,5.2573785140194715,1.0,4,50,5,0.1,0.11888888888888889,900,107,0.11888888888888889,0.0,1.0,0.96398084143934,0.04468036458102838,0.04468036458102838,0.005460933448792357,44.50931387499999,0.11042273349160053,3.7559055118110236,3.5357142857142856,3.7636363636363637,0.8181818181818182
111,template_deposition,C,C,none,0,1.0,template_site:index=268:site=C:neigh=1:ahead0=6.231:mode=shell,z,xy,255,144,111,0,111,7554.1069441304335,13.358508834638195,500.0,0.001,14.263768955687528,0.014263768955687529,-2225.8538,-2217.1262,-2225.8538,-8.727539,-7.159424,0.14264765103449079,0.014263768955687529,0.014263768955687529,20,254,268,16,16,1.5837006955222745,3.56074511,0.0,22.90770102375,114.11015164550022,0.0,-8.949192,-143.38187,22.853899240113723,10.44509313875,12.408806101363723,6.177502158863721,0.7606631714644745,7.781954429073945,20.450443689105555,20.341803245546117,21.982884773589024,1.6973106688326012,1.0,4.982156555891269,4.555592441796117,5.306487692339022,1.0,4,50,5,0.1,0.12111111111111111,900,109,0.12111111111111111,0.0,1.0,0.9727443036342431,0.04488429329631774,0.04488429329631774,0.005535729506545854,44.50931387499999,0.11193514620070674,3.756862745098039,3.543859649122807,3.765765765765766,0.8198198198198198
112,template_deposition,C,C,none,0,1.0,template_site:index=264:site=C:neigh=1:ahead0=6.231:mode=shell,z,xy,256,144,112,0,112,7583.528549656215,29.421605525780738,500.0,0.001,14.263768955687528,0.014263768955687529,-2234.8962,-2225.8538,-2234.8962,-9.04248,-7.3356934,0.9984046994858425,0.014263768955687529,0.014263768955687529,21,255,264,15,15,1.6089385114660708,1.780372555,8.901862775,22.90770102375,114.11015164550022,0.0,-9.028436,-144.65149,22.836533948922956,10.44509313875,12.391440810172956,6.1601368676729535,0.781969387561826,7.85206212663317,20.452155685314914,20.347342058166003,22.009126116098116,1.7154806022692588,1.0,4.983868552100628,4.5611312544160025,5.332729034848114,1.0,4,50,5,0.1,0.12222222222222222,900,110,0.12222222222222222,0.0,1.0,0.9815077658291462,0.04449882635804132,0.04449882635804132,0.005537631724556253,44.50931387499999,0.11197360997514655,3.7578125,3.5517241379310347,3.767857142857143,0.8214285714285714
113,template_deposition,C,C,none,0,1.0,template_site:index=255:site=C:neigh=1:ahead0=6.231:mode=shell,z,xy,257,144,113,0,113,7625.612535932836,42.08398627662145,500.0,0.001,14.263768955687528,0.014263768955687529,-2243.7395,-2234.8962,-2243.7395,-8.843262,-7.256592,0.9998967327892861,0.014263768955687529,0.014263768955687529,20,256,255,14,14,1.5706362630256647,8.901862775,1.780372555,22.90770102375,114.11015164550022,0.0,-9.105933,-145.89314,22.873943115935965,10.44509313875,12.428849977185966,6.197546034685963,0.8054117937703995,7.922169824192395,20.497560681437278,20.35510576548822,22.026825446886114,1.730239811955665,1.0,5.029273548222992,4.568894961738218,5.3504283656361125,1.0,4,50,5,0.1,0.12333333333333332,900,111,0.12333333333333334,0.0,1.0,0.9902712280240493,0.04450684555949551,0.04450684555949551,0.005588081720247769,44.50931387499999,0.11299373345424309,3.7509727626459144,3.5254237288135593,3.752212389380531,0.8053097345132744
114,template_deposition,C,C,none,0,1.0,template_site:index=252:site=C:neigh=1:ahead0=6.231:mode=shell,z,xy,258,144,114,0,114,7923.674995883102,298.06245995026666,500.0,0.001,14.263768955687528,0.014263768955687529,-2252.8188,-2243.7395,-2252.8188,-9.079346,-6.7790527,0.8384899276440052,0.014263768955687529,0.014263768955687529,21,257,252,13,13,1.64502598669731,8.901862775,5.3411176650000005,22.90770102375,114.11015164550022,0.0,-9.1855,-147.16794,22.836533948922956,10.44509313875,12.391440810172956,6.1601368676729535,0.8235181391451628,7.992277521751619,20.550389610162448,20.74208819999488,22.040634957477224,1.742888577633099,1.0,5.082102476948162,4.955877396244878,5.364237876227222,1.0,4,50,5,0.1,0.12444444444444444,900,112,0.12444444444444444,0.0,1.0,0.9990346902189524,0.04457984628901896,0.04457984628901896,0.005646780529942402,44.50931387499999,0.11418065196917536,3.751937984496124,3.533333333333333,3.754385964912281,0.8070175438596491
115,template_deposition,C,C,none,0,1.0,template_site:index=259:site=C:neigh=2:ahead0=6.231:mode=shell,z,xy,259,144,115,0,115,7953.911292539508,30.2362966564056,500.0,0.001,14.263768955687528,0.014263768955687529,-2261.5085,-2252.8188,-2261.5085,-8.689697,-6.675537,0.9972174096938771,0.014263768955687529,0.014263768955687529,25,258,259,12,12,1.5668424990527228,8.901862775,8.901862775,22.90770102375,114.11015164550022,0.0,-9.261652,-148.38803,22.823821308167766,10.44509313875,12.378728169417766,6.147424226917764,0.8387253313883279,8.062385219310844,20.744608293384022,21.17091397071657,22.547133372078896,1.5076739905125054,1.0,5.276321160169736,5.384703166966569,5.870736290828894,1.0,4,50,5,0.1,0.12555555555555556,900,113,0.12555555555555556,0.0,1.0,1.0077981524138555,0.04588105356669336,0.04588105356669336,0.005862579066855262,44.50931387499999,0.11854420346689151,3.752895752895753,3.540983606557377,3.756521739130435,0.8173913043478261
116,template_deposition,C,C,none,0,1.0,template_site:index=266:site=C:neigh=2:ahead0=6.231:mode=shell,z,xy,260,144,116,0,116,7958.7263333130995,4.815040773591236,500.0,0.001,14.263768955687528,0.014263768955687529,-2273.215,-2261.5085,-2273.215,-11.706543,-7.621338,1.0,0.014263768955687529,0.014263768955687529,26,259,266,11,11,1.3386586441082162,0.0,0.0,22.90770102375,114.11015164550022,0.0,-9.364242,-150.0317,22.86969829680232,10.44509313875,12.42460515805232,6.193301215552317,0.8574979222843329,8.132492916870069,20.732697457954178,21.196341479916946,22.737739799118383,1.591493222725642,1.0,5.264410324739892,5.410130676166945,6.061342717868381,1.0,4,50,5,0.1,0.12666666666666665,900,114,0.12666666666666668,0.0,1.0,1.0165616146087586,0.04538284762706803,0.04538284762706803,0.005849344805266546,44.50931387499999,0.11827660025325189,3.7615384615384615,3.5806451612903225,3.7758620689655173,0.8275862068965517
117,template_deposition,C,C,none,0,1.0,template_site:index=269:site=C:neigh=1:ahead0=6.231:mode=shell,z,xy,261,144,117,0,117,7968.349365368331,9.623032055230873,500.0,0.001,14.263768955687528,0.014263768955687529,-2280.164,-2273.215,-2280.164,-6.9489746,-5.0563965,0.6942884259233096,0.014263768955687529,0.014263768955687529,23,260,269,10,10,1.66640458639834,5.3411176650000005,1.780372555,22.90770102375,114.11015164550022,0.0,-9.425138,-151.00737,22.86969829680232,10.44509313875,12.42460515805232,6.193301215552317,0.8747236248905453,8.202600614429294,20.844059184491787,21.163638049362405,22.75692828055664,1.5037609535591894,1.0,5.375772051277501,5.377427245612404,6.0805311993066375,1.0,4,50,5,0.1,0.1277777777777778,900,115,0.12777777777777777,0.0,1.0,1.0253250768036617,0.04594676966903847,0.04594676966903847,0.005973080056975001,44.50931387499999,0.12077858729466884,3.7624521072796937,3.5873015873015874,3.7777777777777777,0.8376068376068376
118,template_deposition,C,C,none,0,1.0,template_site:index=261:site=C:neigh=2:ahead0=6.231:mode=shell,z,xy,262,144,118,0,118,8077.41566612113,109.06630075279885,500.0,0.001,14.263768955687528,0.014263768955687529,-2288.712,-2280.164,-2288.712,-8.547852,-5.876709,0.9999998033286461,0.014263768955687529,0.014263768955687529,21,261,261,9,9,1.215232189053404,3.56074511,3.56074511,22.90770102375,114.11015164550022,0.0,-9.500048,-152.20755,23.014159954323134,10.44509313875,12.569066815573134,6.337762873073132,0.89209607254398,8.272708311988518,20.858311880928202,21.1361997185149,22.781789565793794,1.5206851504591656,1.0,5.390024747713916,5.349988914764898,6.105392484543792,1.0,4,50,5,0.1,0.1288888888888889,900,116,0.1288888888888889,0.0,1.0,1.0340885389985648,0.04567817582808403,0.04567817582808403,0.005988916386348795,44.50931387499999,0.12109880558597844,3.763358778625954,3.59375,3.7796610169491527,0.8305084745762712
119,template_deposition,C,C,none,0,1.0,template_site:index=256:site=C:neigh=2:ahead0=6.231:mode=shell,z,xy,263,144,119,0,119,8163.486640326373,86.07097420524317,500.0,0.001,14.263768955687528,0.014263768955687529,-2297.8318,-2288.712,-2297.8318,-9.119873,-5.4509277,0.9967007704877621,0.014263768955687529,0.014263768955687529,24,262,256,8,8,1.6621305722298483,1.780372555,5.3411176650000005,22.90770102375,114.11015164550022,0.0,-9.579969,-153.48804,22.880438125895026,10.44509313875,12.435344987145026,6.204041044645024,0.9004642682682897,8.342816009547743,20.9281083024537,21.181008889582433,22.765275744955854,1.5159308031534005,1.0,5.459821169239415,5.3947980858324325,6.088878663705852,1.0,4,50,5,0.1,0.13,900,117,0.13,0.0,1.0,1.0428520011934679,0.04588085016167576,0.04588085016167576,0.006066467965821573,44.50931387499999,0.12266693628602732,3.7718631178707223,3.6307692307692307,3.7983193277310923,0.8403361344537815
120,template_deposition,C,C,none,0,1.0,template_site:index=262:site=C:neigh=1:ahead0=6.231:mode=shell,z,xy,264,144,120,0,120,8200.902399684033,37.415759357659894,500.0,0.001,14.263768955687528,0.014263768955687529,-2305.2302,-2297.8318,-2305.2302,-7.3984375,-5.101074,0.14405315293289742,0.014263768955687529,0.014263768955687529,25,263,262,7,7,1.6528413472062466,3.56074511,7.12149022,22.90770102375,114.11015164550022,0.0,-9.644805,-154.52681,22.886981239511,10.44509313875,12.441888100761002,6.210584158261,0.9129651185472891,8.412923707106968,21.055407244576706,21.19826826642689,22.797930606982852,1.4525246118491024,1.0,5.58712011136242,5.41205746267689,6.1215335257328505,1.0,4,50,5,0.1,0.13,900,117,0.13,0.0,1.0,1.051615463388371,0.0465593342613535,0.0465593342613535,0.006207911234847134,44.50931387499999,0.1255269880603708,3.772727272727273,3.6363636363636362,3.8,0.85
121,template_deposition,C,C,none,0,1.0,template_site:index=260:site=C:neigh=2:ahead0=6.231:mode=shell,z,xy,265,144,121,0,121,8261.885888926581,60.98348924254821,500.0,0.001,14.263768955687528,0.014263768955687529,-2316.761,-2305.2302,-2316.761,-11.530762,-6.1621094,0.9999998748662738,0.014263768955687529,0.014263768955687529,24,264,260,6,6,1.2584342587164297,5.3411176650000005,5.3411176650000005,22.90770102375,114.11015164550022,0.0,-9.745854,-156.1458,22.898293799921337,10.44509313875,12.453200661171337,6.221896718671335,0.924116805450848,8.483031404666193,21.165194949471225,21.205952154227816,22.79438251484801,1.3971623009196712,1.0,5.696907816256939,5.419741350477816,6.117985433598008,1.0,4,50,5,0.1,0.1311111111111111,900,118,0.13111111111111112,0.0,1.0,1.060378925583274,0.04708188277898297,0.04708188277898297,0.006329897573618821,44.50931387499999,0.12799361123058742,3.7735849056603774,3.6417910447761193,3.8016528925619837,0.8429752066115702
122,template_deposition,C,C,none,0,1.0,template_site:index=253:site=C:neigh=2:ahead0=6.231:mode=shell,z,xy,266,144,122,0,122,8268.496479489,6.610590562418413,500.0,0.001,14.263768955687528,0.014263768955687529,-2327.768,-2316.761,-2327.768,-11.00708,-7.0109863,1.0,0.014263768955687529,0.014263768955687529,26,265,253,5,5,1.5993607203486788,7.12149022,3.56074511,22.90770102375,114.11015164550022,0.0,-9.842315,-157.69127,22.86969829680232,10.44509313875,12.42460515805232,6.193301215552317,0.9261096458525468,8.553139102225417,21.165504135438095,21.258807962087836,22.795459852089294,1.4517254733224267,1.0,5.697217002223809,5.472597158337836,6.119062770839292,1.0,4,50,5,0.1,0.1311111111111111,900,118,0.13111111111111112,0.0,1.0,1.0691423877781772,0.046698500018227944,0.046698500018227944,0.00633024111358201,44.50931387499999,0.1280005577759271,3.781954887218045,3.676470588235294,3.819672131147541,0.8524590163934426
123,template_deposition,C,C,none,0,1.0,template_site:index=258:site=C:neigh=2:ahead0=6.231:mode=shell,z,xy,267,144,123,0,123,8323.217967211318,54.72148772231686,500.0,0.001,14.263768955687528,0.014263768955687529,-2336.7742,-2327.768,-2336.7742,-9.0061035,-4.664551,0.8169874225626906,0.014263768955687529,0.014263768955687529,26,266,258,4,4,1.129797009994875,7.12149022,7.12149022,22.90770102375,114.11015164550022,0.0,-9.921239,-158.95578,23.00715488806972,10.44509313875,12.56206174931972,6.330757806819719,0.9385876459449426,8.623246799784642,21.180037969664717,21.596790644089623,22.800587264435553,1.5491667100357418,1.0,5.711750836450431,5.8105798403396225,6.124190183185551,1.0,5,50,6,0.12,0.13444444444444445,900,121,0.13444444444444445,0.0,1.0,1.0779058499730803,0.04643699867032871,0.04643699867032871,0.006346389818278257,44.50931387499999,0.12832709244836527,3.790262172284644,3.710144927536232,3.83739837398374,0.8455284552845529
124,template_deposition,C,C,none,0,1.0,template_site:index=263:site=C:neigh=1:ahead0=6.231:mode=shell,z,xy,268,144,124,0,124,8330.270639079137,7.052671867819884,500.0,0.001,14.263768955687528,0.014263768955687529,-2346.2385,-2336.7742,-2346.2385,-9.464355,-4.7995605,0.9906504902308565,0.014263768955687529,0.014263768955687529,27,267,263,3,3,1.7349998290696602,5.3411176650000005,8.901862775,22.90770102375,114.11015164550022,0.0,-10.00418,-160.28464,22.86969829680232,10.44509313875,12.42460515805232,6.193301215552317,0.9429717495237329,8.693354497343867,21.3079821703409,21.615371101001834,22.797876071575157,1.393532996415161,1.0,5.839695037126614,5.829160297251834,6.121478990325155,1.0,5,50,6,0.12,0.13555555555555554,900,122,0.13555555555555557,0.0,1.0,1.0866693121679833,0.047094314815537205,0.047094314815537205,0.006488550041251793,44.50931387499999,0.1312016413806517,3.791044776119403,3.7142857142857144,3.838709677419355,0.8548387096774194
125,template_deposition,C,C,none,0,1.0,template_site:index=267:site=C:neigh=2:ahead0=6.231:mode=shell,z,xy,269,144,125,0,125,8336.290209676927,6.019570597789937,500.0,0.001,14.263768955687528,0.014263768955687529,-2355.0972,-2346.2385,-2355.0972,-8.858643,-4.52124,0.955444938874672,0.014263768955687529,0.014263768955687529,26,268,267,2,2,1.1344368198528312,1.780372555,1.780372555,22.90770102375,114.11015164550022,0.0,-10.081812,-161.52844,23.011135420216124,10.44509313875,12.566042281466125,6.3347383389661225,0.9523495732012324,8.763462194903092,21.310693920859965,21.966131079303537,22.80036550639996,1.429696039617135,1.0,5.842406787645679,6.1799202755535365,6.1239684251499575,1.0,5,50,6,0.12,0.13777777777777778,900,124,0.13777777777777778,0.0,1.0,1.0954327743628864,0.046739254301165434,0.046739254301165434,0.0064915630973840874,44.50931387499999,0.13126256684282983,3.7843866171003717,3.6901408450704225,3.824,0.848
126,template_deposition,C,C,none,0,1.0,template_site:index=257:site=C:neigh=1:ahead0=6.231:mode=shell,z,xy,270,144,126,0,126,8380.559074639477,44.268864962550474,500.0,0.001,14.263768955687528,0.014263768955687529,-2363.6602,-2355.0972,-2363.6602,-8.562988,-4.7578125,1.0,0.014263768955687529,0.014263768955687529,28,269,257,1,1,1.7171274842540225,0.0,3.56074511,22.90770102375,114.11015164550022,0.0,-10.156854,-162.73074,22.868550632480225,10.44509313875,12.423457493730226,6.1921535512302235,0.956007664883234,8.833569892462316,21.33788625675213,22.069936273188134,22.800826368853393,1.4621563119162537,1.0,5.869599123537846,6.283725469438133,6.124429287603391,1.0,6,50,7,0.14,0.1388888888888889,900,125,0.1388888888888889,0.0,1.0,1.1041962365577895,0.046584120028078144,0.046584120028078144,0.00652177680393094,44.50931387499999,0.13187350270152523,3.785185185185185,3.6944444444444446,3.8253968253968256,0.8571428571428571
127,template_deposition,C,C,none,0,1.0,template_site:index=282:site=C:neigh=1:ahead0=7.121:mode=shell,z,xy,271,144,127,0,127,8659.515603279367,278.9565286398893,500.0,0.001,14.263768955687528,0.014263768955687529,-2372.4365,-2363.6602,-2372.4365,-8.776367,-7.09375,0.9611005612168181,0.014263768955687529,0.014263768955687529,19,270,282,15,15,1.545803991039098,0.8901862775,0.8901862775,23.797887301249997,114.11015164550022,0.0,-10.233765,-163.96298,23.748378159196495,10.44509313875,13.303285020446495,7.071981077946493,0.7076555297564814,8.903677590021541,21.395835456841187,22.063597258098074,22.80641424284404,1.4869749784466917,1.0,5.927548323626901,6.277386454348074,6.130017161594036,1.0,6,50,7,0.14,0.14,900,126,0.14,0.0,1.0,1.1129596987526926,0.046673608847455916,0.046673608847455916,0.00658616480402989,44.50931387499999,0.1331754594167377,3.7859778597785976,3.6,3.826771653543307,0.8582677165354331
128,template_deposition,C,C,none,0,1.0,template_site:index=286:site=C:neigh=1:ahead0=7.121:mode=shell,z,xy,272,144,128,0,128,8778.536021879416,119.02041860004915,500.0,0.001,14.263768955687528,0.014263768955687529,-2381.9124,-2372.4365,-2381.9124,-9.47583,-7.3479004,0.999993130772134,0.014263768955687529,0.014263768955687529,19,271,286,14,14,1.5487310407639727,8.0116764975,8.0116764975,23.797887301249997,114.11015164550022,0.0,-10.316806,-165.29346,23.748378159196495,10.44509313875,13.303285020446495,7.071981077946493,0.7331156668322887,8.973785287580766,21.371286358696626,22.063597258098074,22.813921365312865,1.5328010593961348,1.0,5.90299922548234,6.277386454348074,6.137524284062863,1.0,6,50,7,0.14,0.14222222222222222,900,128,0.14222222222222222,0.0,1.0,1.1217231609475957,0.04611718144908078,0.04611718144908078,0.006558888028313711,44.50931387499999,0.132623909729553,3.7794117647058822,3.5714285714285716,3.8125,0.84375
129,template_deposition,C,C,none,0,1.0,template_site:index=281:site=C:neigh=1:ahead0=7.121:mode=shell,z,xy,273,144,129,0,129,8794.252837462056,15.71681558263988,500.0,0.001,14.263768955687528,0.014263768955687529,-2390.546,-2381.9124,-2390.546,-8.633545,-6.8325195,0.8353740875641443,0.014263768955687529,0.014263768955687529,20,272,281,13,13,1.5994016580310995,0.8901862775,4.4509313875,23.797887301249997,114.11015164550022,0.0,-10.392466,-166.50566,23.72939863633963,10.44509313875,13.284305497589632,7.0530015550896294,0.7610495283628762,9.04389298513999,21.411488372529945,22.068621237150793,22.91901348721241,1.5610173556446916,1.0,5.943201239315659,6.282410433400793,6.2426164059624085,1.0,6,50,7,0.14,0.14333333333333334,900,129,0.14333333333333334,0.0,1.0,1.1304866231424988,0.046071327436555495,0.046071327436555495,0.006603556932572955,44.50931387499999,0.13352713672483366,3.78021978021978,3.5789473684210527,3.813953488372093,0.8449612403100775
130,template_deposition,C,C,none,0,1.0,template_site:index=278:site=C:neigh=1:ahead0=7.121:mode=shell,z,xy,274,144,130,0,130,8846.666634611513,52.41379714945582,500.0,0.001,14.263768955687528,0.014263768955687529,-2400.2725,-2390.546,-2400.2725,-9.7265625,-6.6657715,0.9840485929999295,0.014263768955687529,0.014263768955687529,20,273,278,12,12,1.6216288070025506,4.4509313875,8.0116764975,23.797887301249997,114.11015164550022,0.0,-10.477704,-167.87132,23.814798007674863,10.44509313875,13.369704868924863,7.138400926424861,0.7927207342214841,9.114000682699215,21.484765828188717,22.074215396428183,22.938248270901795,1.5722967027611074,1.0,6.016478694974431,6.288004592678183,6.261851189651793,1.0,6,50,7,0.14,0.14444444444444446,900,130,0.14444444444444443,0.0,1.0,1.139250085337402,0.04628060534595716,0.04628060534595716,0.006684976327749368,44.50931387499999,0.1351734765418114,3.7737226277372264,3.5517241379310347,3.8,0.8307692307692308
131,template_deposition,C,C,none,0,1.0,template_site:index=287:site=C:neigh=2:ahead0=7.121:mode=shell,z,xy,275,144,131,0,131,8887.75899328344,41.09235867192758,500.0,0.001,14.263768955687528,0.014263768955687529,-2408.376,-2400.2725,-2408.376,-8.103516,-7.4648438,0.9426291518462239,0.014263768955687529,0.014263768955687529,22,274,287,11,11,1.5165279671946914,9.792049052500001,9.792049052500001,23.797887301249997,114.11015164550022,0.0,-10.548719,-169.00912,23.776009715655768,10.44509313875,13.330916576905768,7.099612634405766,0.8111475605214863,9.18410838025844,21.52678769346403,22.07366888808341,22.94240949691359,1.580358063654485,1.0,6.058500560249744,6.2874580843334105,6.266012415663589,1.0,6,50,7,0.14,0.14555555555555555,900,131,0.14555555555555555,0.0,1.0,1.148013547532305,0.04624809587976904,0.04624809587976904,0.006731667289166382,44.50931387499999,0.1361175905174464,3.7745454545454544,3.559322033898305,3.801526717557252,0.8396946564885496
132,template_deposition,C,C,none,0,1.0,template_site:index=280:site=C:neigh=2:ahead0=7.121:mode=shell,z,xy,276,144,132,0,132,8933.82725719803,46.06826391459111,500.0,0.001,14.263768955687528,0.014263768955687529,-2417.357,-2408.376,-2417.357,-8.980957,-7.3410645,1.0,0.014263768955687529,0.014263768955687529,22,275,280,10,10,1.286288295484563,2.6705588325000003,6.231303942499999,23.797887301249997,114.11015164550022,0.0,-10.627423,-170.2701,23.816700878825596,10.44509313875,13.371607740075596,7.140303797575594,0.8297421815524297,9.254216077817665,21.579959272718703,22.071563852723962,23.008611896182042,1.5166210845354875,1.0,6.111672139504417,6.2853530489739615,6.3322148149320405,1.0,6,50,7,0.14,0.14666666666666667,900,132,0.14666666666666667,0.0,1.0,1.156777009727208,0.0463005465113971,0.0463005465113971,0.006790746821671575,44.50931387499999,0.13731220743299807,3.7753623188405796,3.566666666666667,3.803030303030303,0.8484848484848485
133,template_deposition,C,C,none,0,1.0,template_site:index=284:site=C:neigh=2:ahead0=7.121:mode=shell,z,xy,277,144,133,0,133,8950.863341746051,17.036084548020046,500.0,0.001,14.263768955687528,0.014263768955687529,-2424.569,-2417.357,-2424.569,-7.212158,-5.27417,0.9999866675100223,0.014263768955687529,0.014263768955687529,22,276,284,9,9,1.227882119987335,2.6705588325000003,9.792049052500001,23.797887301249997,114.11015164550022,0.0,-10.690627,-171.28273,23.919056403129602,10.44509313875,13.473963264379602,7.2426593218796,0.8512673505108996,9.32432377537689,21.692217050470454,22.071563852723962,23.48618750363185,1.4569430915598285,1.0,6.223929917256168,6.2853530489739615,6.809790422381848,1.0,6,50,7,0.14,0.14777777777777779,900,133,0.14777777777777779,0.0,1.0,1.1655404719221112,0.04679646554327946,0.04679646554327946,0.0069154776858401865,44.50931387499999,0.13983432624316475,3.776173285198556,3.5737704918032787,3.8045112781954886,0.8571428571428571
134,template_deposition,C,C,none,0,1.0,template_site:index=272:site=C:neigh=2:ahead0=7.121:mode=shell,z,xy,278,144,134,0,134,8991.476017599956,40.6126758539042,500.0,0.001,14.263768955687528,0.014263768955687529,-2431.7778,-2424.569,-2431.7778,-7.20874,-4.7839355,0.9714652300016906,0.014263768955687529,0.014263768955687529,22,277,272,8,8,1.2089343093611027,9.792049052500001,6.231303942499999,23.797887301249997,114.11015164550022,0.0,-10.7538,-172.29488,23.933604442488832,10.44509313875,13.488511303738832,7.25720736123883,0.871897719655825,9.394431472936114,21.74758817585816,22.07275446466475,23.688328464708157,1.4713319141445704,1.0,6.279301042643873,6.2865436609147505,7.011931383458155,1.0,6,50,7,0.14,0.1488888888888889,900,134,0.14888888888888888,0.0,1.0,1.1743039341170143,0.04686045554211845,0.04686045554211845,0.006977001158493192,44.50931387499999,0.14107836081856193,3.776978417266187,3.5806451612903225,3.8059701492537314,0.8656716417910447
135,template_deposition,C,C,none,0,1.0,template_site:index=274:site=C:neigh=2:ahead0=7.121:mode=shell,z,xy,279,144,135,0,135,9081.496909428199,90.02089182824264,500.0,0.001,14.263768955687528,0.014263768955687529,-2438.8264,-2431.7778,-2438.8264,-7.048584,-4.602783,0.6733239955038589,0.014263768955687529,0.014263768955687529,21,278,274,7,7,1.2212171158138827,8.0116764975,0.8901862775,23.797887301249997,114.11015164550022,0.0,-10.81557,-173.28453,23.933982189673785,10.44509313875,13.488889050923785,7.257585108423783,0.8916632576616407,9.464539170495339,21.832244838461165,22.08015083680273,23.70001511740328,1.488223091870044,1.0,6.363957705246879,6.2939400330527295,7.023618036153277,1.0,6,50,7,0.14,0.15,900,135,0.15,0.0,1.0,1.1830673963119174,0.04714042744627318,0.04714042744627318,0.007071064116940976,44.50931387499999,0.14298035964156683,3.7777777777777777,3.5873015873015874,3.8074074074074074,0.8740740740740741
136,template_deposition,C,C,none,0,1.0,template_site:index=275:site=C:neigh=1:ahead0=7.121:mode=shell,z,xy,280,144,136,0,136,9129.018500694923,47.52159126672364,500.0,0.001,14.263768955687528,0.014263768955687529,-2447.268,-2438.8264,-2447.268,-8.44165,-4.5004883,0.1284888312598982,0.014263768955687529,0.014263768955687529,25,279,275,6,6,1.6738701794935287,9.792049052500001,2.6705588325000003,23.797887301249997,114.11015164550022,0.0,-10.889548,-174.4698,23.919056403129602,10.44509313875,13.473963264379602,7.2426593218796,0.9056591666317113,9.534646868054564,21.916838571445602,22.0762252448923,23.73614649675079,1.5088775102312275,1.0,6.448551438231316,6.290014441142299,7.059749415500789,1.0,6,50,7,0.14,0.1511111111111111,900,136,0.1511111111111111,0.0,1.0,1.1918308585068205,0.047415819398759676,0.047415819398759676,0.007165057153590351,44.50931387499999,0.14488094461176004,3.7714285714285714,3.5625,3.7941176470588234,0.8676470588235294
137,template_deposition,C,C,none,0,1.0,template_site:index=279:site=C:neigh=2:ahead0=7.121:mode=shell,z,xy,281,144,137,0,137,9148.25926865064,19.240767955716745,500.0,0.001,14.263768955687528,0.014263768955687529,-2455.9302,-2447.268,-2455.9302,-8.662109,-5.5786133,0.9999999980246348,0.014263768955687529,0.014263768955687529,25,280,279,6,6,1.6882595220446635,6.231303942499999,9.792049052500001,23.797887301249997,114.11015164550022,0.0,-10.965459,-175.68602,23.90469935991346,10.44509313875,13.459606221163462,7.22830227866346,0.9145347244712034,9.604754565613788,21.869296260942676,22.075939980480193,23.737887742350956,1.8437670899995093,1.0,6.40100912772839,6.289729176730193,7.0614906611009545,1.0,6,50,7,0.14,0.1522222222222222,900,137,0.15222222222222223,0.0,1.0,1.2005943207017236,0.046722694362980946,0.046722694362980946,0.007112232364142656,44.50931387499999,0.1438128016465271,3.772241992882562,3.5692307692307694,3.795620437956204,0.8759124087591241
138,template_deposition,C,C,none,0,1.0,template_site:index=283:site=C:neigh=1:ahead0=7.121:mode=shell,z,xy,282,144,138,0,138,9205.300641148526,57.04137249788654,500.0,0.001,14.263768955687528,0.014263768955687529,-2465.08,-2455.9302,-2465.08,-9.149902,-4.689209,0.2900186872188959,0.014263768955687529,0.014263768955687529,25,281,283,6,6,1.6702295191774772,2.6705588325000003,2.6705588325000003,23.797887301249997,114.11015164550022,0.0,-11.045643,-176.97072,23.90469935991346,10.44509313875,13.459606221163462,7.22830227866346,0.9230527412005561,9.674862263173013,21.767443726277758,22.059099369833433,23.734309295036592,1.940119231124293,1.0,6.299156593063472,6.272888566083433,7.05791221378659,1.0,6,50,7,0.14,0.15333333333333332,900,138,0.15333333333333332,0.0,1.0,1.2093577828966267,0.045646062268575885,0.045646062268575885,0.006999062881181636,44.50931387499999,0.14152445959409823,3.773049645390071,3.5757575757575757,3.7971014492753623,0.8695652173913043
139,template_deposition,C,C,none,0,1.0,template_site:index=277:site=C:neigh=2:ahead0=7.121:mode=shell,z,xy,283,144,139,0,139,9253.121251719433,47.82061057090688,500.0,0.001,14.263768955687528,0.014263768955687529,-2476.802,-2465.08,-2476.802,-11.721924,-6.9504395,1.0,0.014263768955687529,0.014263768955687529,23,282,277,5,5,1.2023836526388065,4.4509313875,4.4509313875,23.797887301249997,114.11015164550022,0.0,-11.148368,-178.61655,23.90469935991346,10.44509313875,13.459606221163462,7.22830227866346,0.934907735915,9.744969960732238,21.7959754732435,22.059099369833433,23.74005884103801,1.956246496669824,1.0,6.327688340029216,6.272888566083433,7.063661759788008,1.0,6,50,7,0.14,0.15444444444444444,900,139,0.15444444444444444,0.0,1.0,1.2181212450915297,0.045522937698051914,0.045522937698051914,0.007030764822254684,44.50931387499999,0.14216548827959702,3.7738515901060072,3.582089552238806,3.7985611510791366,0.8633093525179856
140,template_deposition,C,C,none,0,1.0,template_site:index=276:site=C:neigh=2:ahead0=7.121:mode=shell,z,xy,284,144,140,0,140,9278.858735269456,25.737483550023022,500.0,0.001,14.263768955687528,0.014263768955687529,-2487.596,-2476.802,-2487.596,-10.793945,-6.45874,0.9999999999999967,0.014263768955687529,0.014263768955687529,26,283,276,4,4,1.5805762359405635,6.231303942499999,6.231303942499999,23.797887301249997,114.11015164550022,0.0,-11.24296,-180.13208,23.8322369215323,10.44509313875,13.3871437827823,7.155839840282297,0.9370790436889214,9.815077658291463,21.864483309133288,22.077445879057308,23.727498753305653,1.9635668019779842,1.0,6.396196175919002,6.291235075307307,7.051101672055651,1.0,6,50,7,0.14,0.15333333333333332,900,138,0.15333333333333332,0.0,1.0,1.2268847072864328,0.045687115542278584,0.045687115542278584,0.007106884639910002,44.50931387499999,0.14370466805851212,3.7816901408450705,3.6176470588235294,3.8142857142857145,0.8571428571428571
141,template_deposition,C,C,none,0,1.0,template_site:index=270:site=C:neigh=2:ahead0=7.121:mode=shell,z,xy,285,144,141,0,141,9322.935337319534,44.07660205007814,500.0,0.001,14.263768955687528,0.014263768955687529,-2496.1782,-2487.596,-2496.1782,-8.582275,-5.0305176,0.9999823770200684,0.014263768955687529,0.014263768955687529,23,284,270,3,3,1.2474010003030087,6.231303942499999,2.6705588325000003,23.797887301249997,114.11015164550022,0.0,-11.318171,-181.33708,23.926426998304514,10.44509313875,13.481333859554514,7.250029917054512,0.9483706733611097,9.885185355850687,21.881721775887197,22.07176162527375,23.734309295036592,1.977135575913913,1.0,6.413434642672911,6.285550821523751,7.05791221378659,1.0,6,50,7,0.14,0.15555555555555556,900,140,0.15555555555555556,0.0,1.0,1.235648169481336,0.0454853520756944,0.0454853520756944,0.00712603849185879,44.50931387499999,0.14409196827172865,3.789473684210526,3.652173913043478,3.8297872340425534,0.8652482269503546
142,template_deposition,C,C,none,0,1.0,template_site:index=273:site=C:neigh=1:ahead0=7.121:mode=shell,z,xy,286,144,142,0,142,9327.161410629817,4.226073310282307,500.0,0.001,14.263768955687528,0.014263768955687529,-2506.4265,-2496.1782,-2506.4265,-10.248291,-4.7158203,0.985853426421743,0.014263768955687529,0.014263768955687529,28,285,273,2,2,1.6990248075776697,8.0116764975,4.4509313875,23.797887301249997,114.11015164550022,0.0,-11.407981,-182.776,23.8322369215323,10.44509313875,13.3871437827823,7.155839840282297,0.9497903190094602,9.955293053409912,21.939113005105245,22.084272748307612,23.718064566148193,1.946935853152531,1.0,6.470825871890959,6.298061944557611,7.041667484898191,1.0,6,50,7,0.14,0.15555555555555556,900,140,0.15555555555555556,0.0,1.0,1.244411631676239,0.04556919628092225,0.04556919628092225,0.007189806524323288,44.50931387499999,0.14538138893948432,3.7832167832167833,3.6285714285714286,3.816901408450704,0.8591549295774648
143,template_deposition,C,C,none,0,1.0,template_site:index=271:site=C:neigh=2:ahead0=7.121:mode=shell,z,xy,287,144,143,0,143,9336.400069405036,9.238658775218903,500.0,0.001,14.263768955687528,0.014263768955687529,-2516.1128,-2506.4265,-2516.1128,-9.686279,-5.303955,0.9999999960080022,0.014263768955687529,0.014263768955687529,27,286,271,2,2,1.7192041337620692,4.4509313875,0.8901862775,23.797887301249997,114.11015164550022,0.0,-11.4928665,-184.13603,23.788893379520786,10.44509313875,13.343800240770786,7.112496298270784,0.9489560511450265,10.025400750969137,22.063372315866744,22.864838241128215,23.707563453291975,1.9223222275619358,1.0,6.595085182652458,7.0786274373782145,7.031166372041973,1.0,6,50,7,0.14,0.15666666666666668,900,141,0.15666666666666668,0.0,1.0,1.2531750938711421,0.04611947680176544,0.04611947680176544,0.007327872425169397,44.50931387499999,0.1481731486846574,3.7909407665505226,3.6619718309859155,3.832167832167832,0.8671328671328671
144,template_deposition,C,C,none,0,1.0,template_site:index=285:site=C:neigh=2:ahead0=7.121:mode=shell,z,xy,288,144,144,0,144,9430.95032344088,94.55025403584442,500.0,0.001,14.263768955687528,0.014263768955687529,-2524.4558,-2516.1128,-2524.4558,-8.343018,-5.6811523,1.0,0.014263768955687529,0.014263768955687529,28,287,285,1,1,1.7097824565895503,0.8901862775,8.0116764975,23.797887301249997,114.11015164550022,0.0,-11.56598,-185.30743,23.788893379520786,10.44509313875,13.343800240770786,7.112496298270784,0.9532791922802024,10.095508448528362,22.122770779247954,22.974790626637102,23.70683093791776,1.9080499954324823,1.0,6.654483646033668,7.188579822887101,7.030433856667759,1.0,7,50,8,0.16,0.15888888888888889,900,143,0.15888888888888889,0.0,1.0,1.2619385560660452,0.04621169198634492,0.04621169198634492,0.007393870717815187,44.50931387499999,0.14950766629928577,3.7916666666666665,3.6666666666666665,3.8333333333333335,0.875
145,template_deposition,C,C,none,0,1.0,template_site:index=288:site=C:neigh=2:ahead0=8.012:mode=shell,z,xy,289,144,145,0,145,9435.045023910918,4.094700470037587,500.0,0.001,14.263768955687528,0.014263768955687529,-2534.846,-2524.4558,-2534.846,-10.390137,-9.733887,1.0,0.014263768955687529,0.014263768955687529,18,288,288,17,17,1.4697803508180265,7.12149022,5.3411176650000005,24.68807357875,114.11015164550022,0.0,-11.657034,-186.76628,24.56978511375536,10.44509313875,14.124691975005359,7.8933880325053565,0.6994029046879866,10.165616146087586,22.15146922988645,22.980769800866533,23.710669883321387,1.907126090893837,1.0,6.683182096672166,7.194558997116532,7.034272802071385,1.0,7,50,8,0.16,0.16,900,144,0.16,0.0,1.0,1.2707020182609483,0.046090911011532176,0.046090911011532176,0.007425757885191295,44.50931387499999,0.15015244035082684,3.792387543252595,3.5636363636363635,3.8344827586206898,0.8689655172413793
146,template_deposition,C,C,none,0,1.0,template_site:index=293:site=C:neigh=1:ahead0=8.012:mode=shell,z,xy,290,144,146,0,146,9574.334545253558,139.28952134263966,500.0,0.001,14.263768955687528,0.014263768955687529,-2543.425,-2534.846,-2543.425,-8.579102,-7.231201,0.9076982984282046,0.014263768955687529,0.014263768955687529,20,289,293,16,16,1.5635253885109346,5.3411176650000005,3.56074511,24.68807357875,114.11015164550022,0.0,-11.732217,-187.97084,24.66090849848787,10.44509313875,14.21581535973787,7.984511417237869,0.7325278214451217,10.235723843646811,22.137493050323556,22.97725350415827,23.719346015774054,1.9622674949221124,1.0,6.66920591710927,7.1910427004082695,7.042948934524052,1.0,7,50,8,0.16,0.1611111111111111,900,145,0.16111111111111112,0.0,1.0,1.2794654804558514,0.045679492582940205,0.045679492582940205,0.007410228796788078,44.50931387499999,0.1498384346215508,3.793103448275862,3.5714285714285716,3.835616438356164,0.8698630136986302
147,template_deposition,C,C,none,0,1.0,template_site:index=302:site=C:neigh=1:ahead0=8.012:mode=shell,z,xy,291,144,147,0,147,9631.554924178648,57.22037892509031,500.0,0.001,14.263768955687528,0.014263768955687529,-2552.0376,-2543.425,-2552.0376,-8.612549,-7.0566406,0.6913704548427106,0.014263768955687529,0.014263768955687529,20,290,302,15,15,1.5932788368302078,8.901862775,7.12149022,24.68807357875,114.11015164550022,0.0,-11.807693,-189.1801,24.66090849848787,10.44509313875,14.21581535973787,7.984511417237869,0.762077328683993,10.305831541206036,22.039595746876678,22.96010192565059,23.764255480297184,2.1940795222682685,1.0,6.571308613662392,7.17389112190059,7.087858399047182,1.0,7,50,8,0.16,0.1622222222222222,900,146,0.1622222222222222,0.0,1.0,1.2882289426507545,0.04470277968477818,0.04470277968477818,0.007301454015180436,44.50931387499999,0.14763895557045123,3.7938144329896906,3.5789473684210527,3.836734693877551,0.8707482993197279
148,template_deposition,C,C,none,0,1.0,template_site:index=300:site=C:neigh=1:ahead0=8.012:mode=shell,z,xy,292,144,148,0,148,9731.42042270238,99.86549852373234,500.0,0.001,14.263768955687528,0.014263768955687529,-2561.0894,-2552.0376,-2561.0894,-9.051758,-6.994629,0.9926123584447928,0.014263768955687529,0.014263768955687529,20,291,300,14,14,1.628373354165706,0.0,8.901862775,24.68807357875,114.11015164550022,0.0,-11.887017,-190.45102,24.66090849848787,10.44509313875,14.21581535973787,7.984511417237869,0.7850068435213114,10.37593923876526,22.236006752800655,22.969025038642854,23.78649116086792,2.0084090920445754,1.0,6.767719619586369,7.182814234892854,7.1100940796179195,1.0,7,50,8,0.16,0.16333333333333336,900,147,0.16333333333333333,0.0,1.0,1.2969924048456576,0.04572783526747547,0.04572783526747547,0.007519688466207077,44.50931387499999,0.15205176243769655,3.7945205479452055,3.586206896551724,3.8378378378378377,0.8716216216216216
149,template_deposition,C,C,none,0,1.0,template_site:index=305:site=C:neigh=1:ahead0=8.012:mode=shell,z,xy,293,144,149,0,149,9759.552238436077,28.131815733697184,500.0,0.001,14.263768955687528,0.014263768955687529,-2569.7156,-2561.0894,-2569.7156,-8.626221,-6.718994,0.2970734858548166,0.014263768955687529,0.014263768955687529,20,292,305,13,13,1.6223392618470138,3.56074511,1.780372555,24.68807357875,114.11015164550022,0.0,-11.962612,-191.66219,24.62553625928883,10.44509313875,14.180443120538829,7.949139178038827,0.8072180505259775,10.446046936324485,22.386675002928584,22.974825354591573,23.811508207901745,1.9467554208320608,1.0,6.918387869714298,7.188614550841573,7.1351111266517435,1.0,7,50,8,0.16,0.16444444444444442,900,148,0.16444444444444445,0.0,1.0,1.3057558670405607,0.046432133353787236,0.046432133353787236,0.007687097633015887,44.50931387499999,0.15543685730909954,3.795221843003413,3.593220338983051,3.838926174496644,0.87248322147651
150,template_deposition,C,C,none,0,1.0,template_site:index=292:site=C:neigh=2:ahead0=8.012:mode=shell,z,xy,294,144,150,0,150,9767.170838372942,7.618599936864157,500.0,0.001,14.263768955687528,0.014263768955687529,-2578.345,-2569.7156,-2578.345,-8.629395,-6.033203,0.8617852615721769,0.014263768955687529,0.014263768955687529,22,293,292,12,12,1.2238101630148062,3.56074511,5.3411176650000005,24.68807357875,114.11015164550022,0.0,-12.038236,-192.87381,24.773479344062437,10.44509313875,14.328386205312437,8.097082262812435,0.8275413048984076,10.51615463388371,22.373141020367328,22.967013740562994,23.827881472344064,1.9526329023051765,1.0,6.904853887153042,7.180802936812993,7.151484391094062,1.0,6,50,7,0.14,0.16444444444444442,900,148,0.16444444444444445,0.0,1.0,1.3145193292354638,0.04603235924768694,0.04603235924768694,0.007672059874614491,44.50931387499999,0.15513278651170948,3.7891156462585034,3.566666666666667,3.8266666666666667,0.8666666666666667
151,template_deposition,C,C,none,0,1.0,template_site:index=303:site=C:neigh=2:ahead0=8.012:mode=shell,z,xy,295,144,151,0,151,9790.580337854644,23.40949948170191,500.0,0.001,14.263768955687528,0.014263768955687529,-2586.783,-2578.345,-2586.783,-8.437988,-5.9553223,0.996371388624669,0.014263768955687529,0.014263768955687529,22,294,303,11,11,1.186070218187481,7.12149022,8.901862775,24.68807357875,114.11015164550022,0.0,-12.112182,-194.05855,24.773479344062437,10.44509313875,14.328386205312437,8.097082262812435,0.8456269649882383,10.586262331442935,22.386506087970943,22.961980764123176,24.325312294548738,1.965657483829296,1.0,6.918218954756657,7.1757699603731755,7.648915213298736,1.0,6,50,7,0.14,0.16555555555555557,900,149,0.16555555555555557,0.0,1.0,1.3232827914303669,0.04581601956792488,0.04581601956792488,0.007686909949729619,44.50931387499999,0.15543306226166037,3.783050847457627,3.540983606557377,3.814569536423841,0.8609271523178808
152,template_deposition,C,C,none,0,1.0,template_site:index=301:site=C:neigh=2:ahead0=8.012:mode=shell,z,xy,296,144,152,0,152,9926.943842704844,136.36350485019926,500.0,0.001,14.263768955687528,0.014263768955687529,-2594.8005,-2586.783,-2594.8005,-8.017578,-5.805664,0.9999939488539583,0.014263768955687529,0.014263768955687529,22,295,301,10,10,1.6778105242722647,1.780372555,7.12149022,24.68807357875,114.11015164550022,0.0,-12.182444,-195.18427,24.7188712674745,10.44509313875,14.273778128724501,8.0424741862245,0.8588367688950166,10.65637002900216,22.48241940555217,22.971294518799212,24.55009041080509,1.972607424405189,1.0,7.014132272337886,7.1850837150492115,7.873693329555088,1.0,6,50,7,0.14,0.16666666666666669,900,150,0.16666666666666666,0.0,1.0,1.33204625362527,0.04614560705485451,0.04614560705485451,0.00779348030259765,44.50931387499999,0.1575879666902164,3.7837837837837838,3.5483870967741935,3.8157894736842106,0.868421052631579
153,template_deposition,C,C,none,0,1.0,template_site:index=294:site=C:neigh=1:ahead0=8.012:mode=shell,z,xy,297,144,153,0,153,9929.256945802506,2.3131030976616977,500.0,0.001,14.263768955687528,0.014263768955687529,-2604.6074,-2594.8005,-2604.6074,-9.806885,-5.3310547,0.9997405626400767,0.014263768955687529,0.014263768955687529,26,296,294,9,9,1.6573375565554678,5.3411176650000005,7.12149022,24.68807357875,114.11015164550022,0.0,-12.268386,-196.56122,24.646178152802783,10.44509313875,14.201085014052783,7.969781071552781,0.875243754858918,10.726477726561384,22.583105675081057,22.98145032544884,24.5573960860268,1.97970844838858,1.0,7.1148185418667715,7.19523952169884,7.880999004776797,1.0,6,50,7,0.14,0.16777777777777778,900,151,0.16777777777777778,0.0,1.0,1.340809715820173,0.046502081972985436,0.046502081972985436,0.007905353935407524,44.50931387499999,0.15985010602158542,3.797979797979798,3.619047619047619,3.843137254901961,0.8758169934640523
154,template_deposition,C,C,none,0,1.0,template_site:index=295:site=C:neigh=2:ahead0=8.012:mode=shell,z,xy,298,144,154,0,154,9932.66844505763,3.411499255124336,500.0,0.001,14.263768955687528,0.014263768955687529,-2616.4333,-2604.6074,-2616.4333,-11.825928,-6.847168,0.9999999966700022,0.014263768955687529,0.014263768955687529,25,297,295,8,8,1.1995160318923768,3.56074511,8.901862775,24.68807357875,114.11015164550022,0.0,-12.372022,-198.22165,24.65286064703616,10.44509313875,14.20776750828616,7.976463565786158,0.8854497314869656,10.79658542412061,22.594467351944342,22.98443541589758,24.570107463556102,1.9891893025994318,1.0,7.126180218730056,7.198224612147579,7.8937103823061,1.0,6,50,7,0.14,0.16666666666666669,900,150,0.16666666666666666,0.0,1.0,1.3495731780150761,0.04627389752422114,0.04627389752422114,0.007917978020811173,44.50931387499999,0.1601053711756427,3.7986577181208054,3.625,3.844155844155844,0.8701298701298701
155,template_deposition,C,C,none,0,1.0,template_site:index=298:site=C:neigh=1:ahead0=8.012:mode=shell,z,xy,299,144,155,0,155,9983.072782732102,50.40433767447205,500.0,0.001,14.263768955687528,0.014263768955687529,-2625.7786,-2616.4333,-2625.7786,-9.345215,-5.3115234,0.8753216704055493,0.014263768955687529,0.014263768955687529,24,298,298,8,8,1.5785101755911284,1.780372555,0.0,24.68807357875,114.11015164550022,0.0,-12.453918,-199.53378,24.619911809364716,10.44509313875,14.174818670614716,7.943514728114714,0.8957741626860714,10.866693121679834,22.662170248686444,22.99222467283323,24.57688493729293,1.9265472070234027,1.0,7.193883115472158,7.206013869083231,7.900487856042929,1.0,6,50,7,0.14,0.16777777777777778,900,151,0.16777777777777778,0.0,1.0,1.3583366402099792,0.04641214913207844,0.04641214913207844,0.00799320346163573,44.50931387499999,0.1616264662195303,3.8060200668896322,3.6615384615384614,3.858064516129032,0.8774193548387097
156,template_deposition,C,C,none,0,1.0,template_site:index=299:site=C:neigh=2:ahead0=8.012:mode=shell,z,xy,300,144,156,0,156,9995.929729797746,12.856947065644173,500.0,0.001,14.263768955687528,0.014263768955687529,-2634.6794,-2625.7786,-2634.6794,-8.900879,-6.1726074,0.9999999997288163,0.014263768955687529,0.014263768955687529,22,299,299,7,7,1.158140713540312,0.0,1.780372555,24.68807357875,114.11015164550022,0.0,-12.53192,-200.78351,24.721852079186107,10.44509313875,14.276758940436107,8.045454997936105,0.9081768547094586,10.936800819239059,22.661948292390846,22.99222467283323,24.577182908415036,1.9637842556286946,1.0,7.1936611591765605,7.206013869083231,7.900785827165034,1.0,6,50,7,0.14,0.1688888888888889,900,152,0.1688888888888889,0.0,1.0,1.3671001024048823,0.046113212558824106,0.046113212558824106,0.00799295684352951,44.50931387499999,0.16162147948133387,3.8,3.6363636363636362,3.8461538461538463,0.8717948717948718
157,template_deposition,C,C,none,0,1.0,template_site:index=289:site=C:neigh=2:ahead0=8.012:mode=shell,z,xy,301,144,157,0,157,10054.85084729492,58.92111749717367,500.0,0.001,14.263768955687528,0.014263768955687529,-2642.8557,-2634.6794,-2642.8557,-8.17627,-5.2978516,0.7636701941985479,0.014263768955687529,0.014263768955687529,24,300,289,6,6,1.6577872861654006,8.901862775,3.56074511,24.68807357875,114.11015164550022,0.0,-12.603573,-201.9315,24.712210330744004,10.44509313875,14.267117191994004,8.035813249494002,0.9158896476657722,11.006908516798283,22.743705241374087,22.99616911762216,24.57688493729293,1.907454126135827,1.0,7.275418108159801,7.209958313872159,7.900487856042929,1.0,6,50,7,0.14,0.17,900,153,0.17,0.0,1.0,1.3758635645997854,0.04634024272713249,0.04634024272713249,0.008083797897955335,44.50931387499999,0.16345832983613484,3.8006644518272426,3.6417910447761193,3.8471337579617835,0.8789808917197452
158,template_deposition,C,C,none,0,1.0,template_site:index=304:site=C:neigh=2:ahead0=8.012:mode=shell,z,xy,302,144,158,0,158,10130.666196307451,75.81534901253066,500.0,0.001,14.263768955687528,0.014263768955687529,-2651.0498,-2642.8557,-2651.0498,-8.194092,-5.236328,0.9564703099269031,0.014263768955687529,0.014263768955687529,24,301,304,4,4,1.6873750619502847,5.3411176650000005,0.0,24.68807357875,114.11015164550022,0.0,-12.675382,-203.082,24.712210330744004,10.44509313875,14.267117191994004,8.035813249494002,0.9249557010707851,11.077016214357508,22.731411348374614,22.9882847454041,24.577182908415036,1.946789582352147,1.0,7.263124215160328,7.202073941654101,7.900785827165034,1.0,6,50,7,0.14,0.17222222222222222,900,155,0.17222222222222222,0.0,1.0,1.3846270267946885,0.04596914060228056,0.04596914060228056,0.00807013801684481,44.50931387499999,0.16318212038851226,3.80794701986755,3.676470588235294,3.8607594936708862,0.8860759493670886
159,template_deposition,C,C,none,0,1.0,template_site:index=291:site=C:neigh=1:ahead0=8.012:mode=shell,z,xy,303,144,159,0,159,10210.8730850611,80.20688875364863,500.0,0.001,14.263768955687528,0.014263768955687529,-2660.133,-2651.0498,-2660.133,-9.083252,-5.305664,0.9994933227338488,0.014263768955687529,0.014263768955687529,26,302,291,3,3,1.6659802780776352,7.12149022,1.780372555,24.68807357875,114.11015164550022,0.0,-12.754983,-204.35736,24.684339502990632,10.44509313875,14.239246364240632,8.00794242174063,0.9351476191433072,11.147123911916733,22.828931142502178,22.998238703173392,24.59155421022219,1.9266093335319803,1.0,7.360644009287892,7.212027899423392,7.9151571289721865,1.0,7,50,8,0.16,0.17444444444444443,900,157,0.17444444444444446,0.0,1.0,1.3933904889895916,0.04629335854898045,0.04629335854898045,0.008178493343653214,44.50931387499999,0.16537311785932116,3.801980198019802,3.652173913043478,3.849056603773585,0.8805031446540881
160,template_deposition,C,C,none,0,1.0,template_site:index=290:site=C:neigh=2:ahead0=8.012:mode=shell,z,xy,304,144,160,0,160,10486.972389080964,276.09930401986395,500.0,0.001,14.263768955687528,0.014263768955687529,-2668.9453,-2660.133,-2668.9453,-8.812256,-7.637207,1.0,0.014263768955687529,0.014263768955687529,28,303,290,3,3,1.4572861717131387,8.901862775,0.0,24.68807357875,114.11015164550022,0.0,-12.832209,-205.59465,24.676027851346205,10.44509313875,14.230934712596206,7.9996307700962035,0.9430516026311193,11.217231609475958,22.854477603075185,22.998238703173392,24.597977698442595,1.9274750974784738,1.0,7.3861904698608996,7.212027899423392,7.921580617192593,1.0,7,50,8,0.16,0.17555555555555558,900,158,0.17555555555555555,0.0,1.0,1.4021539511844947,0.04616369043663062,0.04616369043663062,0.008206878299845444,44.50931387499999,0.16594707549535107,3.8026315789473686,3.657142857142857,3.85,0.8875
161,template_deposition,C,C,none,0,1.0,template_site:index=296:site=C:neigh=1:ahead0=8.012:mode=shell,z,xy,305,144,161,0,161,10544.456491338035,57.48410225707103,500.0,0.001,14.263768955687528,0.014263768955687529,-2677.702,-2668.9453,-2677.702,-8.756592,-4.7194824,0.9995552074938069,0.014263768955687529,0.014263768955687529,27,304,296,2,2,1.6674594811214745,0.0,5.3411176650000005,24.68807357875,114.11015164550022,0.0,-12.908947,-206.82414,24.676027851346205,10.44509313875,14.230934712596206,7.9996307700962035,0.9533447070104774,11.287339307035182,22.888389954449902,23.015050873419334,24.613487224148894,1.9641270555130537,1.0,7.420102821235616,7.228840069669333,7.937090142898892,1.0,8,50,9,0.18,0.1788888888888889,900,161,0.17888888888888888,0.0,1.0,1.4109174133793978,0.04608759516295414,0.04608759516295414,0.008244558690261796,44.50931387499999,0.1667089913377286,3.7967213114754097,3.6338028169014085,3.8385093167701863,0.8819875776397516
162,template_deposition,C,C,none,0,1.0,template_site:index=297:site=C:neigh=2:ahead0=8.012:mode=shell,z,xy,306,144,162,0,162,10621.864772445395,77.40828110736022,500.0,0.001,14.263768955687528,0.014263768955687529,-2686.0767,-2677.702,-2686.0767,-8.374756,-6.727295,1.0,0.014263768955687529,0.014263768955687529,28,305,297,1,1,1.4648461412949645,1.780372555,3.56074511,24.68807357875,114.11015164550022,0.0,-12.982338,-207.99998,24.676027851346205,10.44509313875,14.230934712596206,7.9996307700962035,0.9576337426135167,11.357447004594407,22.891067653313947,23.021000698052518,24.611975906557728,2.043409241830666,1.0,7.422780520099661,7.2347898943025175,7.935578825307726,1.0,8,50,9,0.18,0.18,900,162,0.18,0.0,1.0,1.419680875574301,0.04581963284012136,0.04581963284012136,0.008247533911221846,44.50931387499999,0.16676915175430038,3.7973856209150325,3.638888888888889,3.8395061728395063,0.8888888888888888
163,template_deposition,C,C,none,0,1.0,template_site:index=306:site=C:neigh=2:ahead0=8.902:mode=shell,z,xy,307,144,163,0,163,10668.761109090061,46.896336644665396,500.0,0.001,14.263768955687528,0.014263768955687529,-2697.6865,-2686.0767,-2697.6865,-11.609863,-9.6467285,0.9098712329789087,0.014263768955687529,0.014263768955687529,19,306,306,15,15,1.4145774374813187,6.231303942499999,0.8901862775,25.578259856249996,114.11015164550022,0.0,-13.084081,-209.63008,25.328815436284277,10.44509313875,14.883722297534277,8.652418355034275,0.7050345856940707,11.427554702153632,22.998990616432557,23.027829293873456,24.61240070221314,1.6621691961066487,1.0,7.5307034832182715,7.2416184901234555,7.936003620963138,1.0,8,50,9,0.18,0.18,900,162,0.18,0.0,1.0,1.428444337769204,0.046200634866369765,0.046200634866369765,0.008367448314686969,44.50931387499999,0.16919387938370625,3.811074918566775,3.6,3.8650306748466257,0.8895705521472392
164,template_deposition,C,C,none,0,1.0,template_site:index=309:site=C:neigh=2:ahead0=8.902:mode=shell,z,xy,308,144,164,0,164,10669.814766760512,1.0536576704510527,500.0,0.001,14.263768955687528,0.014263768955687529,-2707.0603,-2697.6865,-2707.0603,-9.373779,-8.145508,0.7564382194862062,0.014263768955687529,0.014263768955687529,19,307,309,14,14,1.5396975511001934,0.8901862775,2.6705588325000003,25.578259856249996,114.11015164550022,0.0,-13.166227,-210.94623,25.47945947013241,10.44509313875,15.034366331382412,8.80306238888241,0.7317904889830431,11.497662399712857,23.1120300258741,23.040659766479116,24.613544873625564,1.592230370557219,1.0,7.643742892659812,7.254448962729116,7.937147792375562,1.0,8,50,9,0.18,0.1822222222222222,900,164,0.18222222222222223,0.0,1.0,1.437207799964107,0.0466081883698769,0.0466081883698769,0.008493047658510902,44.50931387499999,0.17173355927540265,3.811688311688312,3.607142857142857,3.8658536585365852,0.8902439024390244
165,template_deposition,C,C,none,0,1.0,template_site:index=317:site=C:neigh=1:ahead0=8.902:mode=shell,z,xy,309,144,165,0,165,10671.82772163161,2.012954871096846,500.0,0.001,14.263768955687528,0.014263768955687529,-2717.5488,-2707.0603,-2717.5488,-10.488525,-7.92334,0.9999996988362126,0.014263768955687529,0.014263768955687529,20,308,317,13,13,1.4762943839849059,8.0116764975,9.792049052500001,25.578259856249996,114.11015164550022,0.0,-13.258143,-212.41888,25.47945947013241,10.44509313875,15.034366331382412,8.80306238888241,0.7551167617098536,11.567770097272081,23.1880969240217,23.072151828269586,24.690199305814833,1.6035267426184223,1.0,7.719809790807414,7.285941024519586,8.01380222456483,1.0,8,50,9,0.18,0.18333333333333335,900,165,0.18333333333333332,0.0,1.0,1.4459712621590102,0.04678672600489342,0.04678672600489342,0.00857756643423046,44.50931387499999,0.17344257007618083,3.8058252427184467,3.5789473684210527,3.8545454545454545,0.8787878787878788
166,template_deposition,C,C,none,0,1.0,template_site:index=320:site=C:neigh=2:ahead0=8.902:mode=shell,z,xy,310,144,166,0,166,10764.78340475618,92.95568312456996,500.0,0.001,14.263768955687528,0.014263768955687529,-2726.1533,-2717.5488,-2726.1533,-8.604492,-7.4538574,0.9726085052810727,0.014263768955687529,0.014263768955687529,23,309,320,12,12,1.4537352968141803,9.792049052500001,0.8901862775,25.578259856249996,114.11015164550022,0.0,-13.333549,-213.627,25.549998644896498,10.44509313875,15.104905506146498,8.873601563646496,0.7799370292854823,11.637877794831306,23.229550005994362,23.47220288834545,24.723191287172657,1.638701270205228,1.0,7.761262872780076,7.6859920845954495,8.046794205922655,1.0,8,50,9,0.18,0.18333333333333335,900,165,0.18333333333333332,0.0,1.0,1.4547347243539133,0.04675459561915708,0.04675459561915708,0.008623625414200085,44.50931387499999,0.1743739050792114,3.806451612903226,3.586206896551724,3.855421686746988,0.8855421686746988
167,template_deposition,C,C,none,0,1.0,template_site:index=323:site=C:neigh=1:ahead0=8.902:mode=shell,z,xy,311,144,167,0,167,10782.292629204989,17.509224448809185,500.0,0.001,14.263768955687528,0.014263768955687529,-2734.8564,-2726.1533,-2734.8564,-8.703125,-7.058838,0.9999929689443176,0.014263768955687529,0.014263768955687529,21,310,323,11,11,1.5720102558529658,9.792049052500001,4.4509313875,25.578259856249996,114.11015164550022,0.0,-13.409819,-214.84898,25.54536851824224,10.44509313875,15.100275379492238,8.868971436992236,0.8032742017889957,11.70798549239053,23.216889921390756,23.848880412077797,24.744743960067584,1.7649737714606002,1.0,7.74860278817647,8.062669608327797,8.068346878817582,1.0,8,50,9,0.18,0.18555555555555558,900,167,0.18555555555555556,0.0,1.0,1.4634981865488164,0.046398819090877064,0.046398819090877064,0.008609558653529411,44.50931387499999,0.174089468328756,3.807073954983923,3.593220338983051,3.856287425149701,0.8862275449101796
168,template_deposition,C,C,none,0,1.0,template_site:index=321:site=C:neigh=2:ahead0=8.902:mode=shell,z,xy,312,144,168,0,168,10925.567907065331,143.27527786034318,500.0,0.001,14.263768955687528,0.014263768955687529,-2746.7156,-2734.8564,-2746.7156,-11.859131,-6.241211,1.0,0.014263768955687529,0.014263768955687529,25,311,321,10,10,1.2509284565958128,8.0116764975,2.6705588325000003,25.578259856249996,114.11015164550022,0.0,-13.513745,-216.51407,25.616635883450805,10.44509313875,15.171542744700805,8.940238802200803,0.8282113386375892,11.778093189949756,23.27490303420098,23.864560981338194,24.79530751664268,1.7490817136737806,1.0,7.806615900986696,8.078350177588193,8.118910435392678,1.0,8,50,9,0.18,0.18666666666666665,900,168,0.18666666666666668,0.0,1.0,1.4722616487437195,0.046467951791587477,0.046467951791587477,0.008674017667762995,44.50931387499999,0.1753928609843505,3.8141025641025643,3.6333333333333333,3.869047619047619,0.8809523809523809
169,template_deposition,C,C,none,0,1.0,template_site:index=313:site=C:neigh=1:ahead0=8.902:mode=shell,z,xy,313,144,169,0,169,10932.070973769374,6.503066704043529,500.0,0.001,14.263768955687528,0.014263768955687529,-2753.592,-2746.7156,-2753.592,-6.876465,-4.876465,0.9943496838339825,0.014263768955687529,0.014263768955687529,22,312,313,9,9,1.672721800033432,4.4509313875,9.792049052500001,25.578259856249996,114.11015164550022,0.0,-13.574007,-217.47957,25.616635883450805,10.44509313875,15.171542744700805,8.940238802200803,0.8489137791988203,11.84820088750898,23.34158823621475,23.869509933652875,25.261358933861302,1.7739421950126302,1.0,7.873301103000465,8.083299129902874,8.5849618526113,1.0,8,50,9,0.18,0.1877777777777778,900,169,0.18777777777777777,0.0,1.0,1.4810251109386225,0.04658758049112701,0.04658758049112701,0.008748112336667183,44.50931387499999,0.1768910912693881,3.8146964856230032,3.639344262295082,3.8698224852071004,0.8875739644970414
170,template_deposition,C,C,none,0,1.0,template_site:index=311:site=C:neigh=2:ahead0=8.902:mode=shell,z,xy,314,144,170,0,170,11026.887284764165,94.81631099479152,500.0,0.001,14.263768955687528,0.014263768955687529,-2762.3848,-2753.592,-2762.3848,-8.792725,-5.836914,0.9999998903065865,0.014263768955687529,0.014263768955687529,20,313,311,8,8,1.2184766709094978,2.6705588325000003,8.0116764975,25.578259856249996,114.11015164550022,0.0,-13.651062,-218.71413,25.686308741930873,10.44509313875,15.241215603180873,9.00991166068087,0.8683072634442575,11.918308585068205,23.383246867365592,23.869034904532327,25.459331964926864,1.796783277980704,1.0,7.9149597341513065,8.082824100782327,8.782934883676862,1.0,8,50,9,0.18,0.18888888888888888,900,170,0.18888888888888888,0.0,1.0,1.4897885731335256,0.046558586671478275,0.046558586671478275,0.008794399704612562,44.50931387499999,0.1778270443885001,3.8089171974522293,3.6129032258064515,3.8588235294117648,0.8823529411764706
171,template_deposition,C,C,none,0,1.0,template_site:index=318:site=C:neigh=2:ahead0=8.902:mode=shell,z,xy,315,144,171,0,171,11032.796140211261,5.90885544709582,500.0,0.001,14.263768955687528,0.014263768955687529,-2771.0022,-2762.3848,-2771.0022,-8.617432,-5.6428223,0.9999962136808254,0.014263768955687529,0.014263768955687529,23,314,318,7,7,1.6950896112165657,0.8901862775,6.231303942499999,25.578259856249996,114.11015164550022,0.0,-13.726581,-219.92407,25.616635883450805,10.44509313875,15.171542744700805,8.940238802200803,0.8793494761193171,11.98841628262743,23.49201983649007,23.880469419246843,25.471654726079553,1.7715363574833616,1.0,8.023732703275783,8.094258615496843,8.795257644829551,1.0,8,50,9,0.18,0.19,900,171,0.19,0.0,1.0,1.4985520353284287,0.046922413469449024,0.046922413469449024,0.008915258559195314,44.50931387499999,0.1802708692793972,3.8095238095238093,3.619047619047619,3.8596491228070176,0.8888888888888888
172,template_deposition,C,C,none,0,1.0,template_site:index=319:site=C:neigh=1:ahead0=8.902:mode=shell,z,xy,316,144,172,0,172,11057.760002888986,24.963862677725952,500.0,0.001,14.263768955687528,0.014263768955687529,-2779.297,-2771.0022,-2779.297,-8.294922,-5.1047363,0.3735603488142544,0.014263768955687529,0.014263768955687529,24,315,319,6,6,1.676958252680307,2.6705588325000003,4.4509313875,25.578259856249996,114.11015164550022,0.0,-13.799273,-221.08873,25.616635883450805,10.44509313875,15.171542744700805,8.940238802200803,0.8930899713199568,12.058523980186655,23.434547404445855,23.889241912142474,25.49264840433128,1.9340955926674086,1.0,7.966260271231569,8.103031108392473,8.816251323081278,1.0,8,50,9,0.18,0.19111111111111112,900,172,0.19111111111111112,0.0,1.0,1.5073154975233318,0.0463154666932068,0.0463154666932068,0.00885140030136841,44.50931387499999,0.17897962421087918,3.8164556962025316,3.65625,3.872093023255814,0.8953488372093024
173,template_deposition,C,C,none,0,1.0,template_site:index=314:site=C:neigh=2:ahead0=8.902:mode=shell,z,xy,317,144,173,0,173,11257.953188882662,200.19318599367665,500.0,0.001,14.263768955687528,0.014263768955687529,-2789.3977,-2779.297,-2789.3977,-10.100586,-6.962158,0.9999999999999998,0.014263768955687529,0.014263768955687529,23,316,314,5,5,1.1994227248396057,4.4509313875,6.231303942499999,25.578259856249996,114.11015164550022,0.0,-13.887789,-222.50691,25.64671735055609,10.44509313875,15.201624211806092,8.97032026930609,0.9070799272458611,12.12863167774588,23.44893635098532,23.883340269691114,25.490206114190975,1.9459419005014376,1.0,7.980649217771035,8.097129465941114,8.813809032940974,1.0,8,50,9,0.18,0.1922222222222222,900,173,0.1922222222222222,0.0,1.0,1.516078959718235,0.04613092033393661,0.04613092033393661,0.008867388019745594,44.50931387499999,0.17930290366155496,3.810725552050473,3.6307692307692307,3.861271676300578,0.8901734104046243
174,template_deposition,C,C,none,0,1.0,template_site:index=312:site=C:neigh=2:ahead0=8.902:mode=shell,z,xy,318,144,174,0,174,11317.889690411419,59.93650152875614,500.0,0.001,14.263768955687528,0.014263768955687529,-2798.6147,-2789.3977,-2798.6147,-9.217041,-6.184082,0.9999999999999967,0.014263768955687529,0.014263768955687529,25,317,312,4,4,1.6726586876968323,6.231303942499999,8.0116764975,25.578259856249996,114.11015164550022,0.0,-13.968562,-223.80104,25.616635883450805,10.44509313875,15.171542744700805,8.940238802200803,0.9154789414459442,12.198739375305104,23.575085516570866,23.9024317961929,25.49301610583367,1.8980589072742147,1.0,8.10679838335658,8.1162209924429,8.81661902458367,1.0,8,50,9,0.18,0.19333333333333333,900,174,0.19333333333333333,0.0,1.0,1.524842421913138,0.04659079530664701,0.04659079530664701,0.00900755375928509,44.50931387499999,0.1821371231676076,3.811320754716981,3.6363636363636362,3.8620689655172415,0.896551724137931
175,template_deposition,C,C,none,0,1.0,template_site:index=315:site=C:neigh=2:ahead0=8.902:mode=shell,z,xy,319,144,175,0,175,11322.350823756933,4.46113334551418,500.0,0.001,14.263768955687528,0.014263768955687529,-2806.4438,-2798.6147,-2806.4438,-7.8291016,-4.8635254,0.9981761559794611,0.014263768955687529,0.014263768955687529,24,318,315,3,3,1.2319968156520391,6.231303942499999,4.4509313875,25.578259856249996,114.11015164550022,0.0,-14.037171,-224.90028,25.695972399194446,10.44509313875,15.250879260444446,9.019575317944444,0.926716916914033,12.268847072864327,23.701206628487263,23.912366262350368,25.493250175157073,1.8299555493392259,1.0,8.232919495272977,8.126155458600367,8.81685309390707,1.0,8,50,9,0.18,0.19444444444444442,900,175,0.19444444444444445,0.0,1.0,1.5336058841080409,0.04704525425870273,0.04704525425870273,0.009147688328081086,44.50931387499999,0.18497071238604842,3.811912225705329,3.6417910447761193,3.862857142857143,0.9028571428571428
176,template_deposition,C,C,none,0,1.0,template_site:index=308:site=C:neigh=2:ahead0=8.902:mode=shell,z,xy,320,144,176,0,176,11337.85232843263,15.501504675696724,500.0,0.001,14.263768955687528,0.014263768955687529,-2814.7732,-2806.4438,-2814.7732,-8.329346,-4.5776367,0.8765901747984428,0.014263768955687529,0.014263768955687529,24,319,308,2,2,1.1955092289318023,2.6705588325000003,0.8901862775,25.578259856249996,114.11015164550022,0.0,-14.110166,-226.06978,25.72364958077839,10.44509313875,15.278556442028389,9.047252499528387,0.9388538977663307,12.338954770423552,23.70324548979032,23.89458351888793,25.500496052558542,1.8463789171651568,1.0,8.234958356576033,8.10837271513793,8.82409897130854,1.0,8,50,9,0.18,0.19555555555555557,900,176,0.19555555555555557,0.0,1.0,1.542369346302944,0.04678953611690928,0.04678953611690928,0.009149953729528926,44.50931387499999,0.18501651990644252,3.81875,3.676470588235294,3.875,0.9090909090909091
177,template_deposition,C,C,none,0,1.0,template_site:index=316:site=C:neigh=2:ahead0=8.902:mode=shell,z,xy,321,144,177,0,177,11348.734293810889,10.881965378258625,500.0,0.001,14.263768955687528,0.014263768955687529,-2823.3584,-2814.7732,-2823.3584,-8.585205,-4.4851074,1.0,0.014263768955687529,0.014263768955687529,24,320,316,1,1,1.2035135730017577,9.792049052500001,8.0116764975,25.578259856249996,114.11015164550022,0.0,-14.185402,-227.27519,25.72364958077839,10.44509313875,15.278556442028389,9.047252499528387,0.9501628783853637,12.409062467982777,23.72113644216246,23.887861915347695,25.501571973534766,1.8605479468342316,1.0,8.252849308948175,8.101651111597695,8.825174892284764,1.0,8,50,9,0.18,0.19666666666666668,900,177,0.19666666666666666,0.0,1.0,1.551132808497847,0.04662626728219308,0.04662626728219308,0.009169832565497972,44.50931387499999,0.18541847964957373,3.8317757009345796,3.739130434782609,3.8983050847457625,0.9152542372881356
178,template_deposition,C,C,none,0,1.0,template_site:index=335:site=C:neigh=2:ahead0=9.792:mode=shell,z,xy,322,144,178,0,178,11359.082286451718,10.347992640828387,500.0,0.001,14.263768955687528,0.014263768955687529,-2832.9287,-2823.3584,-2832.9287,-9.5703125,-8.153076,0.9999292821508666,0.014263768955687529,0.014263768955687529,19,321,335,12,12,1.3157879046312728,5.3411176650000005,8.901862775,26.46844613375,114.11015164550022,0.0,-14.269271,-228.61893,26.460272229802776,10.44509313875,16.015179091052776,9.783875148552774,0.7219620649165965,12.479170165542001,23.748796555265542,24.236120429179252,25.53271319539491,1.9133709593000185,1.0,8.280509422051257,8.449909625429251,8.856316114144906,1.0,8,50,9,0.18,0.19777777777777777,900,178,0.19777777777777777,0.0,1.0,1.5598962706927502,0.046519715854220545,0.046519715854220545,0.009200566024501396,44.50931387499999,0.18603992515603024,3.8260869565217392,3.6153846153846154,3.8876404494382024,0.9101123595505618
179,template_deposition,C,C,none,0,1.0,template_site:index=325:site=C:neigh=2:ahead0=9.792:mode=shell,z,xy,323,144,179,0,179,11434.890269219402,75.80798276768525,500.0,0.001,14.263768955687528,0.014263768955687529,-2842.5078,-2832.9287,-2842.5078,-9.579102,-7.7089844,0.9961784122981155,0.014263768955687529,0.014263768955687529,17,322,325,12,12,1.4750477954367005,7.12149022,3.56074511,26.46844613375,114.11015164550022,0.0,-14.353217,-229.9639,26.460272229802776,10.44509313875,16.015179091052776,9.783875148552774,0.7475301966795719,12.549277863101226,23.808198710485243,24.59558525347055,25.561597190142262,1.9387902670921415,1.0,8.339911577270957,8.809374449720549,8.88520010889226,1.0,8,50,9,0.18,0.1988888888888889,900,179,0.1988888888888889,0.0,1.0,1.5686597328876533,0.04659168478922322,0.04659168478922322,0.009266568419189953,44.50931387499999,0.1873745257159608,3.820433436532508,3.5849056603773586,3.877094972067039,0.8994413407821229
180,template_deposition,C,C,none,0,1.0,template_site:index=322:site=C:neigh=1:ahead0=8.902:mode=shell,z,xy,324,144,180,0,180,11440.229568858149,5.3392996387459055,500.0,0.001,14.263768955687528,0.014263768955687529,-2850.9365,-2842.5078,-2850.9365,-8.428711,-4.899414,0.6573756278553973,0.014263768955687529,0.014263768955687529,30,323,322,2,2,1.6968319089023562,8.0116764975,6.231303942499999,25.578259856249996,114.11015164550022,0.0,-14.427081,-231.14732,26.371237464211607,10.44509313875,15.926144325461607,9.694840382961605,0.737703594368871,12.61938556066045,23.91676419171626,24.6566382786088,25.51763393775339,1.7156771111019116,1.0,8.448477058501975,8.870427474858799,8.84123685650339,1.0,8,50,9,0.18,0.2,900,180,0.2,0.0,1.0,1.5774231950825564,0.04693598365834431,0.04693598365834431,0.009387196731668861,44.50931387499999,0.18981368893325762,3.814814814814815,3.5555555555555554,3.8666666666666667,0.8944444444444445
181,template_deposition,C,C,none,0,1.0,template_site:index=307:site=C:neigh=1:ahead0=8.902:mode=shell,z,xy,325,144,181,0,181,11583.68406274095,143.45449388280113,500.0,0.001,14.263768955687528,0.014263768955687529,-2859.3464,-2850.9365,-2859.3464,-8.409912,-4.901367,0.9999943629899165,0.014263768955687529,0.014263768955687529,29,324,307,2,2,1.616629460350277,4.4509313875,2.6705588325000003,25.578259856249996,114.11015164550022,0.0,-14.500781,-232.32812,26.371237464211607,10.44509313875,15.926144325461607,9.694840382961605,0.7378892461632471,12.689493258219676,23.944857583168762,24.74035129459952,25.525146898588325,1.7514584374563371,1.0,8.476570449954476,8.95414049084952,8.848749817338323,1.0,9,50,10,0.2,0.2011111111111111,900,181,0.2011111111111111,0.0,1.0,1.5861866572774594,0.04683188093897501,0.04683188093897501,0.009418411611060528,44.50931387499999,0.19044486899438814,3.809230769230769,3.5272727272727273,3.856353591160221,0.8895027624309392
182,template_deposition,C,C,none,0,1.0,template_site:index=310:site=C:neigh=2:ahead0=8.902:mode=shell,z,xy,326,144,182,0,182,11684.194218381685,100.51015564073573,500.0,0.001,14.263768955687528,0.014263768955687529,-2866.8704,-2859.3464,-2866.8704,-7.523926,-5.209961,1.0,0.014263768955687529,0.014263768955687529,28,325,310,1,1,1.6821909404983502,0.8901862775,9.792049052500001,25.578259856249996,114.11015164550022,0.0,-14.566717,-233.38454,26.371237464211607,10.44509313875,15.926144325461607,9.694840382961605,0.7340337991250656,12.7596009557789,24.14007874140772,24.769594084806776,25.525473449797985,1.5999271235004064,1.0,8.671791608193434,8.983383281056776,8.849076368547983,1.0,9,50,10,0.2,0.20222222222222222,900,182,0.20222222222222222,0.0,1.0,1.5949501194723625,0.04764720663842546,0.04764720663842546,0.009635324009103816,44.50931387499999,0.19483094330654713,3.8098159509202456,3.5357142857142856,3.857142857142857,0.8956043956043956
183,template_deposition,C,C,none,0,1.0,template_site:index=340:site=C:neigh=2:ahead0=9.792:mode=shell,z,xy,327,144,183,0,183,11812.040190507523,127.84597212583877,500.0,0.001,14.263768955687528,0.014263768955687529,-2876.6465,-2866.8704,-2876.6465,-9.776123,-8.612305,0.9999270014304042,0.014263768955687529,0.014263768955687529,20,326,340,16,16,1.5193766537982432,3.56074511,0.0,26.46844613375,114.11015164550022,0.0,-14.65239,-234.75717,26.391728921129562,10.44509313875,15.946635782379563,9.71533183987956,0.7578205694065853,12.829708653338125,24.223494347031675,24.772176016762742,25.56728285230739,1.5967328045768834,1.0,8.755207213817389,8.985965213012742,8.890885771057388,1.0,9,50,10,0.2,0.20333333333333337,900,183,0.20333333333333334,0.0,1.0,1.6037135816672656,0.047842662370586826,0.047842662370586826,0.009728008015352655,44.50931387499999,0.19670505904461982,3.8103975535168195,3.543859649122807,3.8579234972677594,0.8961748633879781
184,template_deposition,C,C,none,0,1.0,template_site:index=330:site=C:neigh=2:ahead0=9.792:mode=shell,z,xy,328,144,184,0,184,11924.257061694312,112.21687118678919,500.0,0.001,14.263768955687528,0.014263768955687529,-2885.98,-2876.6465,-2885.98,-9.333496,-7.9143066,0.9999994694093448,0.014263768955687529,0.014263768955687529,21,327,330,15,15,1.5975456037549103,7.12149022,7.12149022,26.46844613375,114.11015164550022,0.0,-14.734183,-236.06764,26.41642613977835,10.44509313875,15.971333001028349,9.740029058528346,0.780047836403833,12.89981635089735,24.305038844282173,24.785461571064275,25.619678662884454,1.5883969047870388,1.0,8.836751711067887,8.999250767314274,8.943281581634452,1.0,9,50,10,0.2,0.20444444444444443,900,184,0.20444444444444446,0.0,1.0,1.6124770438621687,0.048025824516673296,0.048025824516673296,0.009818613012297653,44.50931387499999,0.19853713620221222,3.8109756097560976,3.5517241379310347,3.858695652173913,0.8967391304347826
185,template_deposition,C,C,none,0,1.0,template_site:index=331:site=C:neigh=1:ahead0=9.792:mode=shell,z,xy,329,144,185,0,185,12007.50475087489,83.2476891805781,500.0,0.001,14.263768955687528,0.014263768955687529,-2894.6904,-2885.98,-2894.6904,-8.710449,-7.23999,0.9220512340942987,0.014263768955687529,0.014263768955687529,21,328,331,14,14,1.5691974762201035,8.901862775,8.901862775,26.46844613375,114.11015164550022,0.0,-14.810517,-237.29065,26.428583388887976,10.44509313875,15.983490250137976,9.752186307637974,0.802271567747387,12.969924048456575,24.347360396368664,24.788379378813772,25.65411695522047,1.6107411117548138,1.0,8.879073263154378,9.002168575063772,8.977719873970468,1.0,9,50,10,0.2,0.20444444444444443,900,184,0.20444444444444446,0.0,1.0,1.6212405060570718,0.04799499061164529,0.04799499061164529,0.00986563695906042,44.50931387499999,0.19948798330368286,3.811550151975684,3.559322033898305,3.8594594594594596,0.8972972972972973
186,template_deposition,C,C,none,0,1.0,template_site:index=341:site=C:neigh=1:ahead0=9.792:mode=shell,z,xy,330,144,186,0,186,12094.298740713251,86.79398983836138,500.0,0.001,14.263768955687528,0.014263768955687529,-2903.8179,-2894.6904,-2903.8179,-9.127441,-7.3896484,0.9999976794466285,0.014263768955687529,0.014263768955687529,22,329,341,13,13,1.5840295599098086,5.3411176650000005,1.780372555,26.46844613375,114.11015164550022,0.0,-14.890505,-238.57219,26.428583388887976,10.44509313875,15.983490250137976,9.752186307637974,0.8234951611620522,13.0400317460158,24.407538306406646,24.7915973277861,25.674523879209772,1.5832553689910223,1.0,8.93925117319236,9.0053865240361,8.99812679795977,1.0,9,50,10,0.2,0.20555555555555557,900,185,0.20555555555555555,0.0,1.0,1.630003968251975,0.04806049017845355,0.04806049017845355,0.009932501303547068,44.50931387499999,0.20084001290825026,3.806060606060606,3.533333333333333,3.849462365591398,0.8870967741935484
187,template_deposition,C,C,none,0,1.0,template_site:index=326:site=C:neigh=2:ahead0=9.792:mode=shell,z,xy,331,144,187,0,187,12215.342087708643,121.04334699539109,500.0,0.001,14.263768955687528,0.014263768955687529,-2913.579,-2903.8179,-2913.579,-9.76123,-7.034912,0.9982231284310736,0.014263768955687529,0.014263768955687529,26,330,326,12,12,1.2888596600669122,7.12149022,0.0,26.46844613375,114.11015164550022,0.0,-14.9760475,-239.94273,26.527721209586183,10.44509313875,16.082628070836183,9.85132412833618,0.8409070259484904,13.110139443575024,24.529847712906665,24.794619814665186,26.112007992108346,1.5122958312265846,1.0,9.06156057969238,9.008409010915186,9.435610910858344,1.0,9,50,10,0.2,0.20666666666666667,900,186,0.20666666666666667,0.0,1.0,1.638767430446878,0.04845754320691112,0.04845754320691112,0.010068400644102644,44.50931387499999,0.2035879637493599,3.806646525679758,3.540983606557377,3.8502673796791442,0.893048128342246
188,template_deposition,C,C,none,0,1.0,template_site:index=336:site=C:neigh=1:ahead0=9.792:mode=shell,z,xy,332,144,188,0,188,12496.359175574324,281.0170878656808,500.0,0.001,14.263768955687528,0.014263768955687529,-2922.5164,-2913.579,-2922.5164,-8.937256,-6.7145996,0.7646930825648527,0.014263768955687529,0.014263768955687529,22,331,336,11,11,1.6159543381968282,1.780372555,8.901862775,26.46844613375,114.11015164550022,0.0,-15.054369,-241.19759,26.527721209586183,10.44509313875,16.082628070836183,9.85132412833618,0.8584956418925652,13.180247141134249,24.52937156943799,24.789488244051476,26.34277555296475,1.5767781702441286,1.0,9.061084436223705,9.003277440301476,9.666378471714747,1.0,9,50,10,0.2,0.20777777777777778,900,187,0.20777777777777778,0.0,1.0,1.647530892641781,0.048197257639487796,0.048197257639487796,0.010067871595804117,44.50931387499999,0.20357726613514793,3.8072289156626504,3.5483870967741935,3.851063829787234,0.8936170212765957
189,template_deposition,C,C,none,0,1.0,template_site:index=334:site=C:neigh=2:ahead0=9.792:mode=shell,z,xy,333,144,189,0,189,12789.19151073376,292.8323351594374,500.0,0.001,14.263768955687528,0.014263768955687529,-2931.495,-2922.5164,-2931.495,-8.97876,-5.4990234,0.9999996955469511,0.014263768955687529,0.014263768955687529,23,332,334,10,10,1.1945467804575538,3.56074511,7.12149022,26.46844613375,114.11015164550022,0.0,-15.133054,-242.45825,26.601643928564457,10.44509313875,16.156550789814457,9.925246847314455,0.8765222094805167,13.250354838693474,24.487710517468418,24.77797888959146,26.355681286480134,1.613600740537233,1.0,9.019423384254132,8.991768085841459,9.679284205230132,1.0,9,50,10,0.2,0.2088888888888889,900,188,0.2088888888888889,0.0,1.0,1.6562943548366842,0.04772181684790546,0.04772181684790546,0.010021581538060147,44.50931387499999,0.20264125862699864,3.8078078078078077,3.5555555555555554,3.8518518518518516,0.8888888888888888
190,template_deposition,C,C,none,0,1.0,template_site:index=324:site=C:neigh=1:ahead0=9.792:mode=shell,z,xy,334,144,190,0,190,12830.970882939684,41.77937220592252,500.0,0.001,14.263768955687528,0.014263768955687529,-2938.653,-2931.495,-2938.653,-7.157959,-5.0270996,0.97022961230045,0.014263768955687529,0.014263768955687529,23,333,324,9,9,1.6166107070539664,8.901862775,5.3411176650000005,26.46844613375,114.11015164550022,0.0,-15.195783,-243.46329,26.601643928564457,10.44509313875,16.156550789814457,9.925246847314455,0.8925360766450388,13.320462536252698,24.51341583759747,24.767225991294353,26.358339556446268,1.6483823005925868,1.0,9.045128704383185,8.981015187544353,9.681942475196266,1.0,9,50,10,0.2,0.21,900,189,0.21,0.0,1.0,1.6650578170315873,0.04760594054938518,0.04760594054938518,0.010050143004870206,44.50931387499999,0.20321878539367141,3.808383233532934,3.5625,3.8526315789473684,0.8947368421052632
191,template_deposition,C,C,none,0,1.0,template_site:index=329:site=C:neigh=2:ahead0=9.792:mode=shell,z,xy,335,144,191,0,191,12883.197228107052,52.22634516736864,500.0,0.001,14.263768955687528,0.014263768955687529,-2947.094,-2938.653,-2947.094,-8.440918,-5.498535,0.9456175954267955,0.014263768955687529,0.014263768955687529,22,334,329,8,8,1.1958647549501826,0.0,3.56074511,26.46844613375,114.11015164550022,0.0,-15.269753,-244.64842,26.601643928564457,10.44509313875,16.156550789814457,9.925246847314455,0.9070355709182304,13.390570233811923,24.60995701945517,24.77443361506259,26.370060776536793,1.579810034641,1.0,9.141669886240884,8.98822281131259,9.69366369528679,1.0,9,50,10,0.2,0.2111111111111111,900,190,0.2111111111111111,0.0,1.0,1.6738212792264904,0.04786214600126117,0.04786214600126117,0.010157410984712094,44.50931387499999,0.2053877961793426,3.8029850746268656,3.5384615384615383,3.842931937172775,0.8900523560209425
192,template_deposition,C,C,none,0,1.0,template_site:index=337:site=C:neigh=1:ahead0=9.792:mode=shell,z,xy,336,144,192,0,192,13040.355235196866,157.15800708981448,500.0,0.001,14.263768955687528,0.014263768955687529,-2954.5823,-2947.094,-2954.5823,-7.4882812,-5.354004,0.974781568560216,0.014263768955687529,0.014263768955687529,26,335,337,7,7,1.6413207174811095,0.0,7.12149022,26.46844613375,114.11015164550022,0.0,-15.335377,-245.69983,26.527721209586183,10.44509313875,16.082628070836183,9.85132412833618,0.9121990151494787,13.460677931371148,24.537373709279294,24.77443361506259,26.38238377529156,1.69423855098182,1.0,9.069086576065008,8.98822281131259,9.70598669404156,1.0,9,50,10,0.2,0.2122222222222222,900,191,0.21222222222222223,0.0,1.0,1.6825847414213935,0.04723482591700525,0.04723482591700525,0.010076762862294452,44.50931387499999,0.20375705187311224,3.8035714285714284,3.5454545454545454,3.84375,0.8958333333333334
193,template_deposition,C,C,none,0,1.0,template_site:index=328:site=C:neigh=2:ahead0=9.792:mode=shell,z,xy,337,144,193,0,193,13099.169893483122,58.81465828625517,500.0,0.001,14.263768955687528,0.014263768955687529,-2963.6716,-2954.5823,-2963.6716,-9.089355,-5.8083496,0.9999999889924517,0.014263768955687529,0.014263768955687529,24,336,328,6,6,1.2156064887274227,1.780372555,5.3411176650000005,26.46844613375,114.11015164550022,0.0,-15.415031,-246.97604,26.595425912337554,10.44509313875,16.150332773587554,9.919028831087552,0.9264133707331327,13.530785628930373,24.56544887603222,24.762507001835957,26.394413809654402,1.6979914956069382,1.0,9.097161742817935,8.976296198085956,9.7180167284044,1.0,9,50,10,0.2,0.21333333333333335,900,192,0.21333333333333335,0.0,1.0,1.6913482036162966,0.04713555307159552,0.04713555307159552,0.010107957492019927,44.50931387499999,0.20438782247613196,3.798219584569733,3.5223880597014925,3.8341968911917097,0.8911917098445595
194,template_deposition,C,C,none,0,1.0,template_site:index=339:site=C:neigh=2:ahead0=9.792:mode=shell,z,xy,338,144,194,0,194,13111.844384839877,12.674491356753764,500.0,0.001,14.263768955687528,0.014263768955687529,-2971.3062,-2963.6716,-2971.3062,-7.6345215,-5.576172,0.9589259403465535,0.014263768955687529,0.014263768955687529,25,337,339,5,5,1.624560623935443,1.780372555,1.780372555,26.46844613375,114.11015164550022,0.0,-15.481936,-248.04797,26.527721209586183,10.44509313875,16.082628070836183,9.85132412833618,0.9323306739665502,13.600893326489597,24.58941281415217,24.761072190943366,26.39915290806008,1.6996189234686812,1.0,9.121125680937883,8.974861387193366,9.72275582681008,1.0,9,50,10,0.2,0.21444444444444444,900,193,0.21444444444444444,0.0,1.0,1.7001116658111997,0.04701611175741177,0.04701611175741177,0.010134584089930981,44.50931387499999,0.20492622525149823,3.798816568047337,3.5294117647058822,3.8350515463917527,0.8969072164948454
195,template_deposition,C,C,none,0,1.0,template_site:index=333:site=C:neigh=2:ahead0=9.792:mode=shell,z,xy,339,144,195,0,195,13159.508076896462,47.66369205658569,500.0,0.001,14.263768955687528,0.014263768955687529,-2979.8584,-2971.3062,-2979.8584,-8.552246,-5.993164,0.9999999999822178,0.014263768955687529,0.014263768955687529,27,338,333,4,4,1.6597317483448057,3.56074511,3.56074511,26.46844613375,114.11015164550022,0.0,-15.556884,-249.24876,26.527721209586183,10.44509313875,16.082628070836183,9.85132412833618,0.9400563677770324,13.671001024048822,24.752425275617945,24.76821186244943,26.39954726435431,1.6486499525711644,1.0,9.284138142403659,8.98200105869943,9.723150183104309,1.0,9,50,10,0.2,0.21555555555555558,900,194,0.21555555555555556,0.0,1.0,1.7088751280061028,0.047610964832839275,0.047610964832839275,0.010315709047115177,44.50931387499999,0.20858866008308383,3.799410029498525,3.536231884057971,3.835897435897436,0.9025641025641026
196,template_deposition,C,C,none,0,1.0,template_site:index=332:site=C:neigh=2:ahead0=9.792:mode=shell,z,xy,340,144,196,0,196,13160.750066709033,1.241989812571179,500.0,0.001,14.263768955687528,0.014263768955687529,-2988.144,-2979.8584,-2988.144,-8.285645,-5.1293945,0.9999953475673519,0.014263768955687529,0.014263768955687529,27,339,332,3,3,1.670579073745193,5.3411176650000005,5.3411176650000005,26.46844613375,114.11015164550022,0.0,-15.629495,-250.41211,26.527721209586183,10.44509313875,16.082628070836183,9.85132412833618,0.9465748503714917,13.741108721608047,24.68138446465821,24.76423755701476,26.4036526149204,1.6949146512507869,1.0,9.213097331443922,8.978026753264759,9.727255533670398,1.0,9,50,10,0.2,0.21666666666666667,900,195,0.21666666666666667,0.0,1.0,1.7176385902010058,0.04700559862981593,0.04700559862981593,0.01023677481271547,44.50931387499999,0.20699257142713987,3.8058823529411763,3.5714285714285716,3.8469387755102042,0.9081632653061225
197,template_deposition,C,C,none,0,1.0,template_site:index=338:site=C:neigh=1:ahead0=9.792:mode=shell,z,xy,341,144,197,0,197,13173.620332279252,12.870265570218482,500.0,0.001,14.263768955687528,0.014263768955687529,-2999.9714,-2988.144,-2999.9714,-11.827393,-4.5617676,0.9998475288275668,0.014263768955687529,0.014263768955687529,27,340,338,2,2,1.6219233588723672,0.0,0.0,26.46844613375,114.11015164550022,0.0,-15.733144,-252.07275,26.42093444065185,10.44509313875,15.975841301901848,9.744537359401846,0.9481565848016154,13.811216419167271,24.680488171630223,24.752700123025335,26.396287540633136,1.6604361287831664,1.0,9.212201038415937,8.966489319275334,9.719890459383134,1.0,9,50,10,0.2,0.21666666666666667,900,195,0.21666666666666667,0.0,1.0,1.726402052395909,0.04676244181937024,0.04676244181937024,0.010235778931573264,44.50931387499999,0.20697243422550826,3.8181818181818183,3.6338028169014085,3.8680203045685277,0.9035532994923858
198,template_deposition,C,C,none,0,1.0,template_site:index=327:site=C:neigh=2:ahead0=9.792:mode=shell,z,xy,342,144,198,0,198,13205.35058264971,31.730250370457686,500.0,0.001,14.263768955687528,0.014263768955687529,-3009.7302,-2999.9714,-3009.7302,-9.758789,-6.5356445,1.0,0.014263768955687529,0.014263768955687529,28,341,327,1,1,1.405279696584778,8.901862775,1.780372555,26.46844613375,114.11015164550022,0.0,-15.818665,-253.44295,26.479735091443715,10.44509313875,16.034641952693715,9.803338010193713,0.9553202863615053,13.881324116726496,24.605720824666797,24.753993263890948,26.405958691314158,2.0466236701359906,1.0,9.137433691452511,8.967782460140947,9.729561610064156,1.0,9,50,10,0.2,0.2177777777777778,900,196,0.21777777777777776,0.0,1.0,1.735165514590812,0.04614865500733591,0.04614865500733591,0.010152704101613902,44.50931387499999,0.2052926207111188,3.818713450292398,3.638888888888889,3.8686868686868685,0.9090909090909091
199,template_deposition,C,C,none,0,1.0,template_site:index=344:site=C:neigh=2:ahead0=10.682:mode=shell,z,xy,343,144,199,0,199,13279.443234445536,74.0926517958275,500.0,0.001,14.263768955687528,0.014263768955687529,-3019.3093,-3009.7302,-3019.3093,-9.579102,-8.935059,0.8410235013254816,0.014263768955687529,0.014263768955687529,20,342,344,18,18,1.341424923785077,9.792049052500001,6.231303942499999,27.358632411249996,114.11015164550022,0.0,-15.90261,-254.7879,27.293231495854208,10.44509313875,16.848138357104208,10.616834414604206,0.7085371715305983,13.951431814285721,24.64860507081343,24.763601684829297,26.406763822592566,2.0749926242366317,1.0,9.180317937599145,8.977390881079296,9.730366741342564,1.0,9,50,10,0.2,0.21888888888888888,900,197,0.21888888888888888,0.0,1.0,1.7439289767857151,0.04613225094270927,0.04613225094270927,0.01020035326399905,44.50931387499999,0.20625610997691768,3.8192419825072887,3.5272727272727273,3.869346733668342,0.9045226130653267
200,template_deposition,C,C,none,0,1.0,template_site:index=345:site=C:neigh=2:ahead0=10.682:mode=shell,z,xy,344,144,200,0,200,13422.576324944692,143.13309049915594,500.0,0.001,14.263768955687528,0.014263768955687529,-3029.1887,-3019.3093,-3029.1887,-9.879395,-8.224609,0.05231800181423702,0.014263768955687529,0.014263768955687529,20,343,345,17,17,1.567852666403212,8.0116764975,4.4509313875,27.358632411249996,114.11015164550022,0.0,-15.989188,-256.17505,27.294445166426666,10.44509313875,16.849352027676666,10.618048085176664,0.7358490299570319,14.021539511844946,24.689439781125383,24.7894450686464,26.415467320738358,2.089683162043892,1.0,9.221152647911097,9.0032342648964,9.739070239488356,1.0,9,50,10,0.2,0.22,900,198,0.22,0.0,1.0,1.7526924389806182,0.04610576323955549,0.04610576323955549,0.010245725164345663,44.50931387499999,0.20717355189540312,3.8197674418604652,3.5357142857142856,3.87,0.905
201,template_deposition,C,C,none,0,1.0,template_site:index=349:site=C:neigh=2:ahead0=10.682:mode=shell,z,xy,345,144,201,0,201,13443.601917543394,21.02559259870203,500.0,0.001,14.263768955687528,0.014263768955687529,-3038.719,-3029.1887,-3038.719,-9.530273,-8.14917,0.30302343222981803,0.014263768955687529,0.014263768955687529,20,344,349,16,16,1.554417827936654,4.4509313875,4.4509313875,27.358632411249996,114.11015164550022,0.0,-16.072706,-257.51315,27.294445166426666,10.44509313875,16.849352027676666,10.618048085176664,0.7634167350603017,14.09164720940417,24.7043238101727,24.79250183086377,26.423080416808332,2.127992910197461,1.0,9.236036676958413,9.00629102711377,9.74668333555833,1.0,10,50,11,0.22,0.22333333333333336,900,201,0.22333333333333333,0.0,1.0,1.7614559011755213,0.04595043122864882,0.04595043122864882,0.010262262974398237,44.50931387499999,0.20750795446761794,3.8202898550724638,3.543859649122807,3.870646766169154,0.9054726368159204
202,template_deposition,C,C,none,0,1.0,template_site:index=357:site=C:neigh=2:ahead0=10.682:mode=shell,z,xy,346,144,202,0,202,13570.671686549682,127.06976900628823,500.0,0.001,14.263768955687528,0.014263768955687529,-3048.05,-3038.719,-3048.05,-9.331055,-8.16748,0.9999998133386852,0.014263768955687529,0.014263768955687529,20,345,357,15,15,1.5754673984084493,0.8901862775,8.0116764975,27.358632411249996,114.11015164550022,0.0,-16.154478,-258.82327,27.30974929477635,10.44509313875,16.86465615602635,10.633352213526347,0.7844257602848741,14.161754906963395,24.844476585861962,24.80220934445617,26.501347012548916,2.149385026904103,1.0,9.376189452647676,9.01599854070617,9.824949931298914,1.0,10,50,11,0.22,0.22444444444444442,900,202,0.22444444444444445,0.0,1.0,1.7702193633704244,0.04641677946855285,0.04641677946855285,0.01041798828071964,44.50931387499999,0.21065679599060497,3.820809248554913,3.5517241379310347,3.871287128712871,0.905940594059406
203,template_deposition,C,C,none,0,1.0,template_site:index=352:site=C:neigh=1:ahead0=10.682:mode=shell,z,xy,347,144,203,0,203,13582.789369817725,12.117683268042706,500.0,0.001,14.263768955687528,0.014263768955687529,-3056.9941,-3048.05,-3056.9941,-8.944092,-7.5273438,0.9982554595431171,0.014263768955687529,0.014263768955687529,22,346,352,14,14,1.5734408302635787,2.6705588325000003,6.231303942499999,27.358632411249996,114.11015164550022,0.0,-16.23286,-260.0791,27.3043521508913,10.44509313875,16.8592590121413,10.627955069641299,0.804443493125195,14.23186260452262,24.913592144587138,24.80220934445617,26.551135719186146,2.1177694499461626,1.0,9.445305011372852,9.01599854070617,9.874738637936144,1.0,10,50,11,0.22,0.22555555555555556,900,203,0.22555555555555556,0.0,1.0,1.7789828255653275,0.046528596115137204,0.046528596115137204,0.010494783345969837,44.50931387499999,0.21220962960469483,3.8213256484149856,3.559322033898305,3.87192118226601,0.9064039408866995
204,template_deposition,C,C,none,0,1.0,template_site:index=347:site=C:neigh=1:ahead0=10.682:mode=shell,z,xy,348,144,204,0,204,13610.80910317385,28.01973335612447,500.0,0.001,14.263768955687528,0.014263768955687529,-3066.0693,-3056.9941,-3066.0693,-9.075195,-7.395508,0.9976529154477857,0.014263768955687529,0.014263768955687529,21,347,347,13,13,1.5686927798741812,9.792049052500001,2.6705588325000003,27.358632411249996,114.11015164550022,0.0,-16.31239,-261.3533,27.325838588730036,10.44509313875,16.880745449980036,10.649441507480034,0.8240277591437524,14.301970302081845,25.02742596800911,24.815168156114296,26.56797580374309,2.0587940253363453,1.0,9.559138834794823,9.028957352364296,9.891578722493087,1.0,10,50,11,0.22,0.22666666666666666,900,204,0.22666666666666666,0.0,1.0,1.7877462877602306,0.04685852369997462,0.04685852369997462,0.010621265371994247,44.50931387499999,0.21476715776029978,3.8160919540229883,3.533333333333333,3.8627450980392157,0.8970588235294118
205,template_deposition,C,C,none,0,1.0,template_site:index=353:site=C:neigh=2:ahead0=10.682:mode=shell,z,xy,349,144,205,0,205,13710.217474942774,99.40837176892404,500.0,0.001,14.263768955687528,0.014263768955687529,-3076.125,-3066.0693,-3076.125,-10.055664,-6.9663086,0.2280813405043506,0.014263768955687529,0.014263768955687529,26,348,353,12,12,1.2459590538182608,0.8901862775,4.4509313875,27.358632411249996,114.11015164550022,0.0,-16.400513,-262.7652,27.43847503496276,10.44509313875,16.99338189621276,10.762077953712758,0.8416161466277388,14.37207799964107,25.08246877814917,25.21207284627517,26.992845048407162,2.073403269206934,1.0,9.614181644934884,9.42586204252517,10.31644796715716,1.0,10,50,11,0.22,0.22777777777777777,900,205,0.22777777777777777,0.0,1.0,1.7965097499551337,0.04689844704846285,0.04689844704846285,0.01068242404992765,44.50931387499999,0.21600381600883276,3.816618911174785,3.540983606557377,3.8634146341463413,0.9024390243902439
206,template_deposition,C,C,none,0,1.0,template_site:index=354:site=C:neigh=1:ahead0=10.682:mode=shell,z,xy,350,144,206,0,206,13764.741545903817,54.524070961043,500.0,0.001,14.263768955687528,0.014263768955687529,-3085.804,-3076.125,-3085.804,-9.678955,-6.918457,0.994139480895726,0.014263768955687529,0.014263768955687529,22,349,354,11,11,1.5792005772097317,0.8901862775,0.8901862775,27.358632411249996,114.11015164550022,0.0,-16.485332,-264.12415,27.339245223026122,10.44509313875,16.894152084276122,10.66284814177612,0.8556213890961699,14.442185697200294,25.09762137493367,25.21207284627517,27.235552790106755,2.0852213382814577,1.0,9.629334241719384,9.42586204252517,10.559155708856753,1.0,10,50,11,0.22,0.2288888888888889,900,206,0.2288888888888889,0.0,1.0,1.8052732121500368,0.04674434097922031,0.04674434097922031,0.010699260268577093,44.50931387499999,0.2163442525481839,3.817142857142857,3.5483870967741935,3.8640776699029127,0.8932038834951457
207,template_deposition,C,C,none,0,1.0,template_site:index=355:site=C:neigh=2:ahead0=10.682:mode=shell,z,xy,351,144,207,0,207,13821.376623343593,56.635077439775614,500.0,0.001,14.263768955687528,0.014263768955687529,-3095.128,-3085.804,-3095.128,-9.323975,-6.6203613,1.0,0.014263768955687529,0.014263768955687529,25,350,355,10,10,1.2716589083034862,2.6705588325000003,2.6705588325000003,27.358632411249996,114.11015164550022,0.0,-16.567043,-265.4333,27.4370174583838,10.44509313875,16.9919243196338,10.760620377133797,0.8715406331152101,14.512293394759519,25.070430402170356,25.21207284627517,27.252732647139013,2.1199784627329135,1.0,9.60214326895607,9.42586204252517,10.57633556588901,1.0,10,50,11,0.22,0.23,900,207,0.23,0.0,1.0,1.8140366743449399,0.046387165550512414,0.046387165550512414,0.010669048076617855,44.50931387499999,0.21573334731518756,3.8176638176638176,3.5555555555555554,3.864734299516908,0.8985507246376812
208,template_deposition,C,C,none,0,1.0,template_site:index=356:site=C:neigh=1:ahead0=10.682:mode=shell,z,xy,352,144,208,0,208,13824.10821215803,2.731588814437174,500.0,0.001,14.263768955687528,0.014263768955687529,-3104.094,-3095.128,-3104.094,-8.966064,-4.9680176,0.6196388156204554,0.014263768955687529,0.014263768955687529,24,351,356,9,9,1.635882265696299,2.6705588325000003,9.792049052500001,27.358632411249996,114.11015164550022,0.0,-16.645617,-266.69217,27.312324703077568,10.44509313875,16.867231564327568,10.635927621827566,0.8816488879148944,14.582401092318744,25.123581759042494,25.61880121556036,27.256598247777973,2.1385430761420907,1.0,9.655294625828208,9.83259041181036,10.58020116652797,1.0,10,50,11,0.22,0.2311111111111111,900,208,0.2311111111111111,0.0,1.0,1.822800136539843,0.046419685701097155,0.046419685701097155,0.01072810513980912,44.50931387499999,0.21692750989027038,3.8238636363636362,3.59375,3.875,0.9038461538461539
209,template_deposition,C,C,none,0,1.0,template_site:index=343:site=C:neigh=2:ahead0=10.682:mode=shell,z,xy,353,144,209,0,209,13866.395236595456,42.28702443742582,500.0,0.001,14.263768955687528,0.014263768955687529,-3113.7634,-3104.094,-3113.7634,-9.669434,-6.308838,0.9999999999980536,0.014263768955687529,0.014263768955687529,23,352,343,8,8,1.171329675315139,4.4509313875,0.8901862775,27.358632411249996,114.11015164550022,0.0,-16.730354,-268.04984,27.43734837610683,10.44509313875,16.99225523735683,10.760951294856827,0.8978776769836949,14.652508789877968,25.194720156036258,25.64560366556903,27.264932727411583,2.145526285911609,1.0,9.726433022821972,9.85939286181903,10.588535646161581,1.0,10,50,11,0.22,0.23222222222222222,900,209,0.23222222222222222,0.0,1.0,1.831563598734746,0.04653795704699508,0.04653795704699508,0.010807147803135525,44.50931387499999,0.21852579103191072,3.8243626062322944,3.6,3.875598086124402,0.8995215311004785
210,template_deposition,C,C,none,0,1.0,template_site:index=342:site=C:neigh=2:ahead0=10.682:mode=shell,z,xy,354,144,210,0,210,13868.844551564123,2.4493149686673457,500.0,0.001,14.263768955687528,0.014263768955687529,-3122.9912,-3113.7634,-3122.9912,-9.227783,-5.6523438,0.9999995959683607,0.014263768955687529,0.014263768955687529,25,353,342,7,7,1.637093442476465,6.231303942499999,2.6705588325000003,27.358632411249996,114.11015164550022,0.0,-16.811222,-269.3455,27.374152695929922,10.44509313875,16.929059557179922,10.69775561467992,0.908481185686051,14.722616487437193,25.235313701786048,25.645191558717144,27.269450214150037,2.1560120678117793,1.0,9.767026568571762,9.858980754967144,10.593053132900035,1.0,10,50,11,0.22,0.2333333333333333,900,210,0.23333333333333334,0.0,1.0,1.8403270609296492,0.0465096503265322,0.0465096503265322,0.010852251742857514,44.50931387499999,0.21943781465608503,3.824858757062147,3.606060606060606,3.876190476190476,0.9047619047619048
211,template_deposition,C,C,none,0,1.0,template_site:index=350:site=C:neigh=1:ahead0=10.682:mode=shell,z,xy,355,144,211,0,211,13941.138605028389,72.29405346426516,500.0,0.001,14.263768955687528,0.014263768955687529,-3131.536,-3122.9912,-3131.536,-8.544678,-5.005371,0.0655172921715388,0.014263768955687529,0.014263768955687529,25,354,350,6,6,1.6372782953849216,4.4509313875,8.0116764975,27.358632411249996,114.11015164550022,0.0,-16.886103,-270.5452,27.312324703077568,10.44509313875,16.867231564327568,10.635927621827566,0.918262147984723,14.792724184996418,25.29300252592676,25.648067061914432,27.269450214150037,2.1813273766072796,1.0,9.824715392712474,9.861856258164432,10.593053132900035,1.0,10,50,11,0.22,0.2333333333333333,900,210,0.23333333333333334,0.0,1.0,1.8490905231245522,0.046562632192950114,0.046562632192950114,0.010916350436347193,44.50931387499999,0.22073392145078255,3.8309859154929575,3.6417910447761193,3.8862559241706163,0.909952606635071
212,template_deposition,C,C,none,0,1.0,template_site:index=351:site=C:neigh=2:ahead0=10.682:mode=shell,z,xy,356,144,212,0,212,14008.674234706894,67.53562967850559,500.0,0.001,14.263768955687528,0.014263768955687529,-3140.745,-3131.536,-3140.745,-9.2092285,-6.4606934,0.9999999999953182,0.014263768955687529,0.014263768955687529,22,355,351,5,5,1.1761833653070435,6.231303942499999,9.792049052500001,27.358632411249996,114.11015164550022,0.0,-16.966808,-271.83826,27.433368349922073,10.44509313875,16.988275211172073,10.756971268672071,0.9305563109835949,14.862831882555643,25.297010917738575,25.65071624556762,27.280373362835892,2.1845975852554127,1.0,9.82872378452429,9.864505441817618,10.60397628158589,1.0,10,50,11,0.22,0.2333333333333333,900,210,0.23333333333333334,0.0,1.0,1.8578539853194553,0.046361904643982495,0.046361904643982495,0.010920804205026988,44.50931387499999,0.22082397882221436,3.8258426966292136,3.6176470588235294,3.8773584905660377,0.9056603773584906
213,template_deposition,C,C,none,0,1.0,template_site:index=346:site=C:neigh=2:ahead0=10.682:mode=shell,z,xy,357,144,213,0,213,14056.882698635907,48.20846392901285,500.0,0.001,14.263768955687528,0.014263768955687529,-3149.3337,-3140.745,-3149.3337,-8.588623,-5.6899414,0.9999999571636399,0.014263768955687529,0.014263768955687529,25,356,346,4,4,1.651803256594407,8.0116764975,0.8901862775,27.358632411249996,114.11015164550022,0.0,-17.042074,-273.04413,27.352193066337502,10.44509313875,16.907099927587502,10.6757959850875,0.9353334540713975,14.932939580114867,25.41003848732072,25.661799506006936,27.28742968587267,1.8382282414376983,1.0,9.941751354106433,9.875588702256936,10.611032604622668,1.0,10,50,11,0.22,0.23444444444444443,900,211,0.23444444444444446,0.0,1.0,1.8666174475143584,0.046674888986415176,0.046674888986415176,0.011046390393451592,44.50931387499999,0.22336339270533037,3.831932773109244,3.652173913043478,3.887323943661972,0.9107981220657277
214,template_deposition,C,C,none,0,1.0,template_site:index=359:site=C:neigh=1:ahead0=10.682:mode=shell,z,xy,358,144,214,0,214,14104.81676676389,47.93406812798336,500.0,0.001,14.263768955687528,0.014263768955687529,-3158.5415,-3149.3337,-3158.5415,-9.207764,-5.0561523,0.48442141231100694,0.014263768955687529,0.014263768955687529,26,357,359,3,3,1.6380897437475055,9.792049052500001,9.792049052500001,27.358632411249996,114.11015164550022,0.0,-17.122766,-274.33698,27.340023824972622,10.44509313875,16.894930686222622,10.66362674372262,0.9456023383158425,15.003047277674092,25.351573773507617,25.67801445520611,27.29190123175091,2.25982075891146,1.0,9.883286640293331,9.89180365145611,10.615504150500907,1.0,10,50,11,0.22,0.23555555555555557,900,212,0.23555555555555555,0.0,1.0,1.8753809097092615,0.04618358243127725,0.04618358243127725,0.010981429600325924,44.50931387499999,0.2220498538362008,3.8379888268156424,3.6857142857142855,3.897196261682243,0.9158878504672897
215,template_deposition,C,C,none,0,1.0,template_site:index=358:site=C:neigh=2:ahead0=10.682:mode=shell,z,xy,359,144,215,0,215,14198.14184954182,93.32508277793015,500.0,0.001,14.263768955687528,0.014263768955687529,-3169.879,-3158.5415,-3169.879,-11.337402,-7.1174316,1.0,0.014263768955687529,0.014263768955687529,26,358,358,2,2,1.2194141497903823,8.0116764975,8.0116764975,27.358632411249996,114.11015164550022,0.0,-17.22212,-275.9288,27.365534475534506,10.44509313875,16.920441336784506,10.689137394284504,0.9532708248261871,15.073154975233317,25.45760858215992,25.724219522312566,27.29190123175091,2.2468101667453513,1.0,9.989321448945635,9.938008718562566,10.615504150500907,1.0,10,50,11,0.22,0.2366666666666667,900,213,0.23666666666666666,0.0,1.0,1.8841443719041646,0.046461960227654114,0.046461960227654114,0.011099246054384039,44.50931387499999,0.2244321599070176,3.838440111420613,3.6901408450704225,3.8976744186046512,0.9116279069767442
216,template_deposition,C,C,none,0,1.0,template_site:index=348:site=C:neigh=2:ahead0=10.682:mode=shell,z,xy,360,144,216,0,216,14262.466612256636,64.32476271481495,500.0,0.001,14.263768955687528,0.014263768955687529,-3180.496,-3169.879,-3180.496,-10.6171875,-6.9833984,1.0,0.014263768955687529,0.014263768955687529,27,359,348,1,1,1.5742566160941918,6.231303942499999,6.231303942499999,27.358632411249996,114.11015164550022,0.0,-17.315165,-277.41953,27.365534475534506,10.44509313875,16.920441336784506,10.689137394284504,0.9572963794157703,15.143262672792542,25.39891678182824,25.73606427359374,27.29052048726741,2.332693292519654,1.0,9.930629648613955,9.94985346984374,10.61412340601741,1.0,10,50,11,0.22,0.23777777777777778,900,214,0.23777777777777778,0.0,1.0,1.8929078340990677,0.045975137262101645,0.045975137262101645,0.011034032942904394,44.50931387499999,0.22311351903790624,3.8444444444444446,3.7222222222222223,3.9074074074074074,0.9166666666666666
217,template_deposition,C,C,none,0,1.0,template_site:index=366:site=C:neigh=2:ahead0=11.572:mode=shell,z,xy,361,144,217,0,217,14528.490280338756,266.02366808212037,500.0,0.001,14.263768955687528,0.014263768955687529,-3190.7524,-3180.496,-3190.7524,-10.256348,-9.58374,1.0,0.014263768955687529,0.014263768955687529,18,360,366,12,12,1.4433837462271815,5.3411176650000005,7.12149022,28.24881868875,114.11015164550022,0.0,-17.405045,-278.85956,28.157055435674014,10.44509313875,17.711962296924014,11.480658354424012,0.7061336812845651,15.213370370351766,25.468763037565097,25.759883540213423,27.286998285615983,2.3093466203918633,1.0,10.000475904350811,9.973672736463422,10.610601204365981,1.0,10,50,11,0.22,0.2388888888888889,900,215,0.2388888888888889,0.0,1.0,1.9016712962939708,0.04608514241636318,0.04608514241636318,0.011111639893723123,44.50931387499999,0.2246827693735329,3.844875346260388,3.6363636363636362,3.9078341013824884,0.9124423963133641
218,template_deposition,C,C,none,0,1.0,template_site:index=369:site=C:neigh=2:ahead0=11.572:mode=shell,z,xy,362,144,218,0,218,14630.674666169323,102.18438583056813,500.0,0.001,14.263768955687528,0.014263768955687529,-3197.5032,-3190.7524,-3197.5032,-6.7507324,-5.743164,0.9999999966845656,0.014263768955687529,0.014263768955687529,20,361,369,11,11,1.7068233871322929,1.780372555,3.56074511,28.24881868875,114.11015164550022,0.0,-17.464205,-279.8074,28.157055435674014,10.44509313875,17.711962296924014,11.480658354424012,0.7351977278884371,15.283478067910991,25.57907603222779,26.139126128612077,27.291551260158975,2.291049962827955,1.0,10.110788899013503,10.352915324862076,10.615154178908973,1.0,10,50,11,0.22,0.2388888888888889,900,215,0.2388888888888889,0.0,1.0,1.910434758488874,0.04637976559180506,0.04637976559180506,0.01123420988779278,44.50931387499999,0.22716119433808069,3.845303867403315,3.642857142857143,3.908256880733945,0.9174311926605505
219,template_deposition,C,C,none,0,1.0,template_site:index=360:site=C:neigh=1:ahead0=11.572:mode=shell,z,xy,363,144,219,0,219,14675.291807608342,44.617141439018404,500.0,0.001,14.263768955687528,0.014263768955687529,-3203.8923,-3197.5032,-3203.8923,-6.38916,-4.614258,0.7308096217579773,0.014263768955687529,0.014263768955687529,21,362,360,9,9,1.6582500085928749,7.12149022,5.3411176650000005,28.24881868875,114.11015164550022,0.0,-17.520197,-280.7045,28.212055811995622,10.44509313875,17.766962673245622,11.53565873074562,0.7633687001383701,15.353585765470216,25.691402278667987,26.520418743769525,27.358419310451648,2.247746304842059,1.0,10.2231151454537,10.734207940019525,10.682022229201646,1.0,10,50,11,0.22,0.24,900,216,0.24,0.0,1.0,1.919198220683777,0.046680891075131056,0.046680891075131056,0.011359016828281889,44.50931387499999,0.22968485144849254,3.8457300275482096,3.6491228070175437,3.9086757990867578,0.9223744292237442
220,template_deposition,C,C,none,0,1.0,template_site:index=361:site=C:neigh=2:ahead0=11.572:mode=shell,z,xy,364,144,220,0,220,14704.684045743254,29.39223813491042,500.0,0.001,14.263768955687528,0.014263768955687529,-3213.1677,-3203.8923,-3213.1677,-9.275391,-5.664551,0.9999999981928285,0.014263768955687529,0.014263768955687529,21,363,361,8,8,1.1909381171719653,8.901862775,3.56074511,28.24881868875,114.11015164550022,0.0,-17.60148,-282.0068,28.370773296436194,10.44509313875,17.925680157686195,11.694376215186193,0.7923434834056858,15.42369346302944,25.74735592730718,26.532085484616363,27.37504743281782,2.2683623264868498,1.0,10.279068794092893,10.745874680866363,10.698650351567817,1.0,10,50,11,0.22,0.24111111111111114,900,217,0.2411111111111111,0.0,1.0,1.92796168287868,0.04672303997314951,0.04672303997314951,0.011421187548992103,44.50931387499999,0.23094197369477865,3.840659340659341,3.6206896551724137,3.9,0.9181818181818182
221,template_deposition,C,C,none,0,1.0,template_site:index=368:site=C:neigh=2:ahead0=11.572:mode=shell,z,xy,365,144,221,0,221,14713.718629022042,9.034583278788604,500.0,0.001,14.263768955687528,0.014263768955687529,-3222.384,-3213.1677,-3222.384,-9.216309,-4.871338,0.712542940661533,0.014263768955687529,0.014263768955687529,22,364,368,8,8,1.1113211802772551,0.0,5.3411176650000005,28.24881868875,114.11015164550022,0.0,-17.682247,-283.30084,28.36363354847157,10.44509313875,17.91854040972157,11.687236467221567,0.8146178133153005,15.493801160588665,25.76063301101118,26.532085484616363,27.362213112625987,2.2545439742831634,1.0,10.292345877796894,10.745874680866363,10.685816031375985,1.0,10,50,11,0.22,0.24333333333333335,900,219,0.24333333333333335,0.0,1.0,1.9367251450735832,0.046571700804510834,0.046571700804510834,0.01143593986421877,44.50931387499999,0.23124027269218148,3.835616438356164,3.593220338983051,3.8914027149321266,0.9140271493212669
222,template_deposition,C,C,none,0,1.0,template_site:index=365:site=C:neigh=2:ahead0=11.572:mode=shell,z,xy,366,144,222,0,222,14792.27042205014,78.55179302809817,500.0,0.001,14.263768955687528,0.014263768955687529,-3229.7427,-3222.384,-3229.7427,-7.3586426,-4.8242188,0.9981024876232854,0.014263768955687529,0.014263768955687529,22,365,365,8,8,1.2149804432922828,5.3411176650000005,3.56074511,28.24881868875,114.11015164550022,0.0,-17.746735,-284.33405,28.378798789864017,10.44509313875,17.933705651114018,11.702401708614016,0.8356264910190172,15.56390885814789,25.776538571421774,26.523760387842223,27.458402590382846,2.269083934923025,1.0,10.308251438207488,10.737549584092223,10.782005509132844,1.0,10,50,11,0.22,0.24444444444444444,900,220,0.24444444444444444,0.0,1.0,1.9454886072684863,0.046433565036970666,0.046433565036970666,0.011453612709119432,44.50931387499999,0.23159762622172056,3.8360655737704916,3.6,3.891891891891892,0.918918918918919
223,template_deposition,C,C,none,0,1.0,template_site:index=362:site=C:neigh=2:ahead0=11.572:mode=shell,z,xy,367,144,223,0,223,14925.524502170316,133.25408012017542,500.0,0.001,14.263768955687528,0.014263768955687529,-3237.0757,-3229.7427,-3237.0757,-7.333008,-4.4555664,0.22748098441559958,0.014263768955687529,0.014263768955687529,19,366,362,7,7,1.1394338157291253,8.901862775,0.0,28.24881868875,114.11015164550022,0.0,-17.810997,-285.36365,28.378798789864017,10.44509313875,17.933705651114018,11.702401708614016,0.8567477188751544,15.634016555707115,25.778246943108364,26.50279042421656,27.901814148984972,2.2820232612520286,1.0,10.309959809894078,10.71657962046656,11.22541706773497,1.0,11,50,12,0.24,0.24666666666666667,900,222,0.24666666666666667,0.0,1.0,1.9542520694633894,0.04623300363181201,0.04623300363181201,0.01145551089988231,44.50931387499999,0.23163600856325445,3.8365122615803813,3.6065573770491803,3.89237668161435,0.9237668161434978
224,template_deposition,C,C,none,0,1.0,template_site:index=371:site=C:neigh=1:ahead0=11.572:mode=shell,z,xy,368,144,224,0,224,14956.460878381748,30.93637621143131,500.0,0.001,14.263768955687528,0.014263768955687529,-3246.964,-3237.0757,-3246.964,-9.888428,-4.8303223,0.9999932513992996,0.014263768955687529,0.014263768955687529,24,367,371,7,7,1.700314144967779,0.0,1.780372555,28.24881868875,114.11015164550022,0.0,-17.897654,-286.75204,28.378798789864017,10.44509313875,17.933705651114018,11.702401708614016,0.8694792887611441,15.70412425326634,25.833718547567937,26.5263945565599,28.147748488870217,2.4035489747379923,1.0,10.365431414353651,10.7401837528099,11.471351407620215,1.0,11,50,12,0.24,0.2477777777777778,900,223,0.2477777777777778,0.0,1.0,1.9630155316582925,0.046274247385507374,0.046274247385507374,0.011517146015948502,44.50931387499999,0.2328823006228301,3.8369565217391304,3.6129032258064515,3.892857142857143,0.9196428571428571
225,template_deposition,C,C,none,0,1.0,template_site:index=370:site=C:neigh=2:ahead0=11.572:mode=shell,z,xy,369,144,225,0,225,14969.078641361031,12.617762979283254,500.0,0.001,14.263768955687528,0.014263768955687529,-3255.8818,-3246.964,-3255.8818,-8.917725,-6.033203,0.9999999999999158,0.014263768955687529,0.014263768955687529,23,368,370,7,7,1.1432211679439834,1.780372555,0.0,28.24881868875,114.11015164550022,0.0,-17.975803,-288.00412,28.378798789864017,10.44509313875,17.933705651114018,11.702401708614016,0.8823289416712792,15.774231950825564,25.874581027179417,26.541947151851268,28.168591194643344,2.421152095698872,1.0,10.406293893965131,10.755736348101268,11.492194113393342,1.0,11,50,12,0.24,0.24888888888888888,900,224,0.24888888888888888,0.0,1.0,1.9717789938531955,0.04625019508428947,0.04625019508428947,0.011562548771072368,44.50931387499999,0.23380036643993612,3.831978319783198,3.5873015873015874,3.8844444444444446,0.9155555555555556
226,template_deposition,C,C,none,0,1.0,template_site:index=367:site=C:neigh=2:ahead0=11.572:mode=shell,z,xy,370,144,226,0,226,15001.768400720053,32.689759359022595,500.0,0.001,14.263768955687528,0.014263768955687529,-3262.995,-3255.8818,-3262.995,-7.1132812,-4.8049316,0.9196699074925828,0.014263768955687529,0.014263768955687529,22,369,367,6,6,1.6208732797440752,3.56074511,8.901862775,28.24881868875,114.11015164550022,0.0,-18.038141,-289.0029,28.378798789864017,10.44509313875,17.933705651114018,11.702401708614016,0.8948242880621591,15.84433964838479,25.98539192988514,26.551523303153978,28.180031958460603,2.4162753186789625,1.0,10.517104796670854,10.765312499403977,11.503634877210601,1.0,11,50,12,0.24,0.25,900,225,0.25,0.0,1.0,1.9805424560480986,0.04653586193217192,0.04653586193217192,0.011685671996300948,44.50931387499999,0.2362899780079087,3.8324324324324324,3.59375,3.8849557522123894,0.9203539823008849
227,template_deposition,C,C,none,0,1.0,template_site:index=372:site=C:neigh=1:ahead0=11.572:mode=shell,z,xy,371,144,227,0,227,15016.349776454004,14.581375733951406,500.0,0.001,14.263768955687528,0.014263768955687529,-3272.396,-3262.995,-3272.396,-9.400879,-4.772705,0.8911112724256832,0.014263768955687529,0.014263768955687529,25,370,372,5,5,1.7127675083120442,0.0,8.901862775,28.24881868875,114.11015164550022,0.0,-18.120525,-290.3228,28.378798789864017,10.44509313875,17.933705651114018,11.702401708614016,0.9052532221377431,15.914447345944014,26.209916937108638,26.55845512624666,28.187215256157593,2.2558563427699316,1.0,10.741629803894352,10.77224432249666,11.510818174907591,1.0,11,50,12,0.24,0.25,900,225,0.25,0.0,1.0,1.9893059182430017,0.04731995508323503,0.04731995508323503,0.01193514422654928,44.50931387499999,0.2413344279819985,3.8436657681940702,3.6615384615384614,3.9030837004405288,0.9251101321585903
228,template_deposition,C,C,none,0,1.0,template_site:index=373:site=C:neigh=2:ahead0=11.572:mode=shell,z,xy,372,144,228,0,228,15061.690310322998,45.34053386899293,500.0,0.001,14.263768955687528,0.014263768955687529,-3282.8867,-3272.396,-3282.8867,-10.490723,-6.739746,1.0,0.014263768955687529,0.014263768955687529,25,371,373,4,4,1.1844995571176076,1.780372555,7.12149022,28.24881868875,114.11015164550022,0.0,-18.21246,-291.79578,28.378798789864017,10.44509313875,17.933705651114018,11.702401708614016,0.9178439544794579,15.984555043503239,26.15612444155674,26.555002549171647,28.192740548197776,2.310634715503754,1.0,10.687837308342456,10.768791745421646,11.516343466947774,1.0,11,50,12,0.24,0.2511111111111111,900,226,0.2511111111111111,0.0,1.0,1.9980693804379048,0.04687647942255463,0.04687647942255463,0.011875374787047173,44.50931387499999,0.24012586081102466,3.838709677419355,3.6363636363636362,3.8947368421052633,0.9210526315789473
229,template_deposition,C,C,none,0,1.0,template_site:index=364:site=C:neigh=1:ahead0=11.572:mode=shell,z,xy,373,144,229,0,229,15074.33761945171,12.647309128712001,500.0,0.001,14.263768955687528,0.014263768955687529,-3294.5774,-3282.8867,-3294.5774,-11.690674,-5.143799,0.9997492578480514,0.014263768955687529,0.014263768955687529,27,372,364,4,4,1.70464597027129,3.56074511,5.3411176650000005,28.24881868875,114.11015164550022,0.0,-18.314913,-293.43726,28.259584097575114,10.44509313875,17.814490958825115,11.583187016325112,0.9222044247105649,16.054662741062465,26.194930884596452,26.555002549171647,28.19414572229411,2.323692599163194,1.0,10.726643751382166,10.768791745421646,11.517748641044108,1.0,11,50,12,0.24,0.25222222222222224,900,227,0.25222222222222224,0.0,1.0,2.006832842632808,0.046841239089005095,0.046841239089005095,0.011918493057091296,44.50931387499999,0.24099773322740686,3.839142091152815,3.6417910447761193,3.8951965065502185,0.9170305676855895
230,template_deposition,C,C,none,0,1.0,template_site:index=363:site=C:neigh=2:ahead0=11.572:mode=shell,z,xy,374,144,230,0,230,15087.70472629384,13.367106842129063,500.0,0.001,14.263768955687528,0.014263768955687529,-3303.7708,-3294.5774,-3303.7708,-9.193359,-5.8117676,0.9999999999993068,0.014263768955687529,0.014263768955687529,24,373,363,3,3,1.6424640588657013,7.12149022,1.780372555,28.24881868875,114.11015164550022,0.0,-18.395477,-294.72806,28.244791677556954,10.44509313875,17.799698538806954,11.568394596306952,0.9260372190062055,16.124770438621688,26.567947765858996,26.580579887555132,28.186564061224352,1.4642107743297128,1.0,11.09966063264471,10.794369083805131,11.51016697997435,1.0,11,50,12,0.24,0.25333333333333335,900,228,0.25333333333333335,0.0,1.0,2.015596304827711,0.048259394054977,0.048259394054977,0.012332956258494123,44.50931387499999,0.24937838097924875,3.8449197860962565,3.676470588235294,3.9043478260869566,0.9217391304347826
231,template_deposition,C,C,none,0,1.0,template_site:index=374:site=C:neigh=1:ahead0=11.572:mode=shell,z,xy,375,144,231,0,231,15095.652091492764,7.947365198925329,500.0,0.001,14.263768955687528,0.014263768955687529,-3312.0469,-3303.7708,-3312.0469,-8.276123,-4.553711,0.9283192467144691,0.014263768955687529,0.014263768955687529,27,374,374,2,2,1.7131675661674697,8.901862775,7.12149022,28.24881868875,114.11015164550022,0.0,-18.468004,-295.89005,28.244791677556954,10.44509313875,17.799698538806954,11.568394596306952,0.9376315158294705,16.194878136180915,26.585096290669483,26.58665561811514,28.190936676791235,1.5555425176095996,1.0,11.116809157455197,10.800444814365141,11.514539595541233,1.0,11,50,12,0.24,0.2511111111111111,900,226,0.2511111111111111,0.0,1.0,2.0243597670226143,0.048124714967338514,0.048124714967338514,0.01235201017495022,44.50931387499999,0.2497636604481403,3.8506666666666667,3.710144927536232,3.9134199134199132,0.9264069264069265
232,template_deposition,C,C,none,0,1.0,template_site:index=375:site=C:neigh=2:ahead0=11.572:mode=shell,z,xy,376,144,232,0,232,15121.329370613485,25.677279120720772,500.0,0.001,14.263768955687528,0.014263768955687529,-3321.3557,-3312.0469,-3321.3557,-9.308838,-6.76416,1.0,0.014263768955687529,0.014263768955687529,25,375,375,1,1,1.1817379372494166,7.12149022,8.901862775,28.24881868875,114.11015164550022,0.0,-18.549583,-297.19708,28.320872848608342,10.44509313875,17.875779709858342,11.64447576735834,0.9463165577436895,16.264985833740138,26.61617120886325,26.60501207157279,28.20203372773364,1.5467401364600823,1.0,11.147884075648964,10.81880126782279,11.525636646483637,1.0,11,50,12,0.24,0.25222222222222224,900,227,0.25222222222222224,0.0,1.0,2.033123229217517,0.04805122446400416,0.04805122446400416,0.012386537861832182,44.50931387499999,0.2504618270898692,3.845744680851064,3.6857142857142855,3.9051724137931036,0.9224137931034483
233,template_deposition,C,C,none,0,1.0,template_site:index=376:site=C:neigh=1:ahead0=11.572:mode=shell,z,xy,377,144,233,0,233,15364.50515248367,243.17578187018717,500.0,0.001,14.263768955687528,0.014263768955687529,-3332.093,-3321.3557,-3332.093,-10.737305,-4.0822754,1.0,0.014263768955687529,0.014263768955687529,26,376,376,1,1,1.8210691356693633,5.3411176650000005,0.0,28.24881868875,114.11015164550022,0.0,-18.643679,-298.70468,28.241111606078732,10.44509313875,17.796018467328732,11.56471452482873,0.9499924382745659,16.33509353129936,26.661213973126415,26.64934878550853,28.20389111596279,1.691061508431277,1.0,11.192926839912129,10.863137981758529,11.527494034712788,1.0,11,50,12,0.24,0.2544444444444444,900,229,0.2544444444444444,0.0,1.0,2.04188669141242,0.04803831261764862,0.04803831261764862,0.012436585377680144,44.50931387499999,0.25147381223054477,3.8461538461538463,3.6901408450704225,3.9055793991416308,0.9184549356223176
234,template_deposition,C,C,none,0,1.0,template_site:index=377:site=C:neigh=2:ahead0=11.572:mode=shell,z,xy,378,144,234,0,234,15435.993127848953,71.48797536528204,500.0,0.001,14.263768955687528,0.014263768955687529,-3342.9048,-3332.093,-3342.9048,-10.811768,-7.598633,1.0,0.014263768955687529,0.014263768955687529,28,377,377,1,1,1.3247825231356014,3.56074511,1.780372555,28.24881868875,114.11015164550022,0.0,-18.738426,-300.2227,28.241111606078732,10.44509313875,17.796018467328732,11.56471452482873,0.9576332590261142,16.405201228858587,26.61057170600668,27.047916054124332,28.20389111596279,1.8497628003902706,1.0,11.142284572792395,11.261705250374332,11.527494034712788,1.0,11,50,12,0.24,0.25666666666666665,900,231,0.25666666666666665,0.0,1.0,2.0506501536073234,0.047616600738429035,0.047616600738429035,0.01238031619199155,44.50931387499999,0.2503360218961002,3.8518518518518516,3.7222222222222223,3.9145299145299144,0.9230769230769231
235,template_deposition,C,C,none,0,1.0,template_site:index=389:site=C:neigh=2:ahead0=12.463:mode=shell,z,xy,379,144,235,0,235,15448.566281912696,12.573154063742669,500.0,0.001,14.263768955687528,0.014263768955687529,-3351.936,-3342.9048,-3351.936,-9.03125,-7.802246,0.9999887582260933,0.014263768955687529,0.014263768955687529,18,378,389,12,12,1.2650613358164204,8.0116764975,9.792049052500001,29.139004966249995,114.11015164550022,0.0,-18.817572,-301.49075,29.177296309976843,10.44509313875,18.732203171226843,12.50089922872684,0.7084998313938364,16.47530892641781,26.625639324386796,27.047916054124332,28.203208770665622,1.8734601554831958,1.0,11.15735219117251,11.261705250374332,11.52681168941562,1.0,11,50,12,0.24,0.2577777777777778,900,232,0.2577777777777778,0.0,1.0,2.0594136158022263,0.04747809443052132,0.04747809443052132,0.012397057990191678,44.50931387499999,0.25067454920798893,3.846965699208443,3.6,3.9063829787234043,0.9191489361702128
236,template_deposition,C,C,none,0,1.0,template_site:index=379:site=C:neigh=1:ahead0=12.463:mode=shell,z,xy,380,144,236,0,236,15481.207446323358,32.641164410662896,500.0,0.001,14.263768955687528,0.014263768955687529,-3360.8196,-3351.936,-3360.8196,-8.883545,-7.3012695,0.9858517400156446,0.014263768955687529,0.014263768955687529,19,379,379,11,11,1.5607853783480843,4.4509313875,2.6705588325000003,29.139004966249995,114.11015164550022,0.0,-18.895424,-302.73807,29.177296309976843,10.44509313875,18.732203171226843,12.50089922872684,0.7375414207989301,16.545416623977037,26.708877429805042,27.036838693054648,28.230469560514287,1.813724241766052,1.0,11.240590296590756,11.250627889304647,11.554072479264285,1.0,11,50,12,0.24,0.26,900,234,0.26,0.0,1.0,2.0681770779971296,0.04762961990080829,0.04762961990080829,0.01248954477398973,44.50931387499999,0.25254467701207084,3.8473684210526318,3.607142857142857,3.906779661016949,0.9194915254237288
237,template_deposition,C,C,none,0,1.0,template_site:index=394:site=C:neigh=1:ahead0=12.463:mode=shell,z,xy,381,144,237,0,237,15508.176912049168,26.969465725809574,500.0,0.001,14.263768955687528,0.014263768955687529,-3369.7495,-3360.8196,-3369.7495,-8.929932,-6.878662,0.9771733652999719,0.014263768955687529,0.014263768955687529,20,380,394,11,11,1.5585271762934458,8.0116764975,6.231303942499999,29.139004966249995,114.11015164550022,0.0,-18.973679,-303.99185,29.120335816247007,10.44509313875,18.675242677497007,12.443938734997005,0.7633535992570974,16.61552432153626,26.833546862769197,27.431870900681297,28.2929085670942,1.794856466932673,1.0,11.36525972955491,11.645660096931296,11.6165114858442,1.0,11,50,12,0.24,0.2611111111111111,900,235,0.2611111111111111,0.0,1.0,2.0769405401920324,0.047954682403185275,0.047954682403185275,0.012628066366172122,44.50931387499999,0.2553456510579588,3.84251968503937,3.5789473684210527,3.8987341772151898,0.9113924050632911
238,template_deposition,C,C,none,0,1.0,template_site:index=387:site=C:neigh=2:ahead0=12.463:mode=shell,z,xy,382,144,238,0,238,15908.456857112025,400.2799450628568,500.0,0.001,14.263768955687528,0.014263768955687529,-3378.8735,-3369.7495,-3378.8735,-9.124023,-6.965088,1.0,0.014263768955687529,0.014263768955687529,22,381,387,10,10,1.2274199571964595,6.231303942499999,4.4509313875,29.139004966249995,114.11015164550022,0.0,-19.053637,-305.27292,29.18970439783984,10.44509313875,18.74461125908984,12.513307316589838,0.7860508026097708,16.685632019095486,26.8751217554356,27.450550399854524,28.31419724187451,1.8169444278778215,1.0,11.406834622221314,11.664339596104524,11.637800160624508,1.0,11,50,12,0.24,0.2622222222222222,900,236,0.26222222222222225,0.0,1.0,2.0857040023869358,0.0479278765639551,0.0479278765639551,0.012674260691357016,44.50931387499999,0.25627972280714734,3.842931937172775,3.586206896551724,3.899159663865546,0.9159663865546218
239,template_deposition,C,C,none,0,1.0,template_site:index=384:site=C:neigh=1:ahead0=12.463:mode=shell,z,xy,383,144,239,0,239,15928.787920507633,20.33106339560775,500.0,0.001,14.263768955687528,0.014263768955687529,-3386.5479,-3378.8735,-3386.5479,-7.6743164,-4.751465,0.9958499717955703,0.014263768955687529,0.014263768955687529,23,382,384,9,9,1.6504798146283057,6.231303942499999,8.0116764975,29.139004966249995,114.11015164550022,0.0,-19.12089,-306.35043,29.14113057013094,10.44509313875,18.69603743138094,12.464733488880938,0.807824552699083,16.75573971665471,26.99625042236333,27.43684319933869,28.371079387093552,1.5826623927370211,1.0,11.527963289149046,11.650632395588689,11.69468230584355,1.0,12,50,13,0.26,0.2644444444444444,900,238,0.2644444444444444,0.0,1.0,2.0944674645818386,0.04823415602154413,0.04823415602154413,0.012808848099054495,44.50931387499999,0.25900114572703126,3.843342036553525,3.593220338983051,3.899581589958159,0.9205020920502092
240,template_deposition,C,C,none,0,1.0,template_site:index=386:site=C:neigh=2:ahead0=12.463:mode=shell,z,xy,384,144,240,0,240,15972.613302089072,43.82538158143924,500.0,0.001,14.263768955687528,0.014263768955687529,-3397.0479,-3386.5479,-3397.0479,-10.5,-6.694336,1.0,0.014263768955687529,0.014263768955687529,23,383,386,8,8,1.186036951421412,4.4509313875,6.231303942499999,29.139004966249995,114.11015164550022,0.0,-19.212906,-307.8247,29.201647810249078,10.44509313875,18.756554671499078,12.525250728999076,0.830334041118292,16.825847414213936,27.152144636731002,27.454879101843737,28.421035177589232,1.3626643805914074,1.0,11.683857503516716,11.668668298093737,11.74463809633923,1.0,12,50,13,0.26,0.26555555555555554,900,239,0.26555555555555554,0.0,1.0,2.103230926776742,0.048682739597986316,0.048682739597986316,0.012982063892796351,44.50931387499999,0.2625036534225101,3.84375,3.6,3.9,0.9166666666666666
241,template_deposition,C,C,none,0,1.0,template_site:index=391:site=C:neigh=1:ahead0=12.463:mode=shell,z,xy,385,144,241,0,241,16163.119602580238,190.50630049116688,500.0,0.001,14.263768955687528,0.014263768955687529,-3407.2007,-3397.0479,-3407.2007,-10.152832,-5.493164,0.9985722193929274,0.014263768955687529,0.014263768955687529,23,384,391,9,9,1.5907776753899088,2.6705588325000003,4.4509313875,29.139004966249995,114.11015164550022,0.0,-19.30188,-309.2502,29.090304891204383,10.44509313875,18.645211752454383,12.413907809954381,0.8442846186658131,16.89595511177316,27.202848250414313,27.452373776281686,28.87414169586926,1.3410775753983841,1.0,11.734561117200027,11.666162972531685,12.197744614619257,1.0,12,50,13,0.26,0.26555555555555554,900,239,0.26555555555555554,0.0,1.0,2.111994388971645,0.04869112496763497,0.04869112496763497,0.013038401241333363,44.50931387499999,0.263642822042941,3.8493506493506495,3.639344262295082,3.908713692946058,0.921161825726141
242,template_deposition,C,C,none,0,1.0,template_site:index=381:site=C:neigh=2:ahead0=12.463:mode=shell,z,xy,386,144,242,0,242,16259.697057564455,96.57745498421717,500.0,0.001,14.263768955687528,0.014263768955687529,-3417.0415,-3407.2007,-3417.0415,-9.84082,-6.810791,1.0,0.014263768955687529,0.014263768955687529,22,385,381,8,8,1.1882134464750653,0.8901862775,2.6705588325000003,29.139004966249995,114.11015164550022,0.0,-19.38812,-310.63196,29.210624863179266,10.44509313875,18.765531724429266,12.534227781929264,0.8625590161904453,16.966062809332385,27.24458606033074,27.454863907117943,29.060604530135183,1.3611798141434146,1.0,11.776298927116454,11.668653103367943,12.384207448885181,1.0,12,50,13,0.26,0.26666666666666666,900,240,0.26666666666666666,0.0,1.0,2.120757851166548,0.048662392260811795,0.048662392260811795,0.013084776585684948,44.50931387499999,0.2645805540878259,3.849740932642487,3.6451612903225805,3.909090909090909,0.9173553719008265
243,template_deposition,C,C,none,0,1.0,template_site:index=392:site=C:neigh=2:ahead0=12.463:mode=shell,z,xy,387,144,243,0,243,16352.654337917382,92.95728035292697,500.0,0.001,14.263768955687528,0.014263768955687529,-3424.4575,-3417.0415,-3424.4575,-7.4160156,-6.0683594,0.9999999888251053,0.014263768955687529,0.014263768955687529,22,386,392,7,7,1.631666994510534,9.792049052500001,0.8901862775,29.139004966249995,114.11015164550022,0.0,-19.45311,-311.6732,29.118394798700205,10.44509313875,18.673301659950205,12.441997717450203,0.873622867853092,17.036170506891608,27.34129510825641,27.46466718522634,29.060604530135183,1.3447819085425177,1.0,11.873007975042125,11.67845638147634,12.384207448885181,1.0,11,50,12,0.24,0.26666666666666666,900,240,0.26666666666666666,0.0,1.0,2.129521313361451,0.04886011512363014,0.04886011512363014,0.013192231083380138,44.50931387499999,0.2667533363553142,3.850129198966408,3.6507936507936507,3.909465020576132,0.9218106995884774
244,template_deposition,C,C,none,0,1.0,template_site:index=380:site=C:neigh=1:ahead0=12.463:mode=shell,z,xy,388,144,244,0,244,16463.68282972926,111.02849181187946,500.0,0.001,14.263768955687528,0.014263768955687529,-3432.9055,-3424.4575,-3432.9055,-8.447998,-5.300537,0.79016277744955,0.014263768955687529,0.014263768955687529,24,387,380,6,6,1.648108232508949,2.6705588325000003,0.8901862775,29.139004966249995,114.11015164550022,0.0,-19.527145,-312.85938,29.118394798700205,10.44509313875,18.673301659950205,12.441997717450203,0.8886253970874062,17.106278204450835,27.45339519220171,27.46466718522634,29.07410718099366,1.14781379173158,1.0,11.985108058987425,11.67845638147634,12.397710099743659,1.0,12,50,13,0.26,0.2688888888888889,900,242,0.2688888888888889,0.0,1.0,2.1382847755563543,0.049119295323718955,0.049119295323718955,0.01331678673220825,44.50931387499999,0.2692719122259763,3.8556701030927836,3.6875,3.918032786885246,0.9262295081967213
245,template_deposition,C,C,none,0,1.0,template_site:index=382:site=C:neigh=2:ahead0=12.463:mode=shell,z,xy,389,144,245,0,245,16465.40496568527,1.7221359560081588,500.0,0.001,14.263768955687528,0.014263768955687529,-3442.765,-3432.9055,-3442.765,-9.859375,-6.119873,0.9999775361525368,0.014263768955687529,0.014263768955687529,23,388,382,5,5,1.1365440426953166,0.8901862775,9.792049052500001,29.139004966249995,114.11015164550022,0.0,-19.613548,-314.24368,29.222379685156984,10.44509313875,18.777286546406984,12.545982603906982,0.9020467396681936,17.176385902010058,27.38183979987387,27.44726891862642,29.081269148720565,1.2659022476391693,1.0,11.913552666659584,11.66105811487642,12.404872067470563,1.0,12,50,13,0.26,0.27,900,243,0.27,0.0,1.0,2.147048237751257,0.04862674557820238,0.04862674557820238,0.013237280740732871,44.50931387499999,0.2676642623635498,3.8508997429305913,3.6615384615384614,3.910204081632653,0.9224489795918367
246,template_deposition,C,C,none,0,1.0,template_site:index=388:site=C:neigh=2:ahead0=12.463:mode=shell,z,xy,390,144,246,0,246,16532.769245826585,67.36428014131697,500.0,0.001,14.263768955687528,0.014263768955687529,-3452.1824,-3442.765,-3452.1824,-9.41748,-6.088623,1.0,0.014263768955687529,0.014263768955687529,25,389,388,4,4,1.6501367476856261,9.792049052500001,8.0116764975,29.139004966249995,114.11015164550022,0.0,-19.696077,-315.56595,29.16484475088821,10.44509313875,18.71975161213821,12.488447669638209,0.9129811492331992,17.246493599569284,27.322331185971336,27.444358497826876,29.078393294516843,1.4540767295747352,1.0,11.85404405275705,11.658147694076876,12.401996213266841,1.0,12,50,13,0.26,0.2733333333333333,900,246,0.2733333333333333,0.0,1.0,2.1558116999461605,0.04818717094616687,0.04818717094616687,0.013171160058618944,44.50931387499999,0.26632726997427913,3.8512820512820514,3.6666666666666665,3.910569105691057,0.926829268292683
247,template_deposition,C,C,none,0,1.0,template_site:index=378:site=C:neigh=2:ahead0=12.463:mode=shell,z,xy,391,144,247,0,247,16559.42707257282,26.657826746233898,500.0,0.001,14.263768955687528,0.014263768955687529,-3459.8452,-3452.1824,-3459.8452,-7.662842,-4.418701,0.9999224832116232,0.014263768955687529,0.014263768955687529,24,390,378,3,3,1.2088170493079773,6.231303942499999,0.8901862775,29.139004966249995,114.11015164550022,0.0,-19.76323,-316.64185,29.288927357317334,10.44509313875,18.843834218567334,12.612530276067332,0.9251117118354202,17.316601297128507,27.339583231612593,27.446100519073486,29.07883630895216,1.4702007412001554,1.0,11.871296098398307,11.659889715323486,12.402439227702157,1.0,12,50,13,0.26,0.27444444444444444,900,247,0.27444444444444444,0.0,1.0,2.1645751621410634,0.048061927523879784,0.048061927523879784,0.013190328998220341,44.50931387499999,0.26671487526717824,3.8516624040920715,3.671641791044776,3.9109311740890687,0.9311740890688259
248,template_deposition,C,C,none,0,1.0,template_site:index=395:site=C:neigh=2:ahead0=12.463:mode=shell,z,xy,392,144,248,0,248,16593.284068663786,33.85699609096562,500.0,0.001,14.263768955687528,0.014263768955687529,-3467.4712,-3459.8452,-3467.4712,-7.6259766,-4.009033,0.9966660778766891,0.014263768955687529,0.014263768955687529,24,391,395,2,2,1.1939932506140112,9.792049052500001,4.4509313875,29.139004966249995,114.11015164550022,0.0,-19.83006,-317.7126,29.293105574267607,10.44509313875,18.848012435517607,12.616708493017605,0.9376133597669692,17.386708994687734,27.356949124609265,27.44953595675537,29.08064543376553,1.4869564338003523,1.0,11.88866199139498,11.663325153005369,12.404248352515527,1.0,12,50,13,0.26,0.27555555555555555,900,248,0.27555555555555555,0.0,1.0,2.1733386243359667,0.047938153191108786,0.047938153191108786,0.01320962443488331,44.50931387499999,0.267105038392259,3.8520408163265305,3.676470588235294,3.911290322580645,0.9354838709677419
249,template_deposition,C,C,none,0,1.0,template_site:index=383:site=C:neigh=2:ahead0=12.463:mode=shell,z,xy,393,144,249,0,249,16772.608413850514,179.3243451867285,500.0,0.001,14.263768955687528,0.014263768955687529,-3475.3474,-3467.4712,-3475.3474,-7.8762207,-3.7578125,1.0,0.014263768955687529,0.014263768955687529,24,392,383,1,1,1.1583126169386377,2.6705588325000003,8.0116764975,29.139004966249995,114.11015164550022,0.0,-19.899084,-318.81848,29.300216549459094,10.44509313875,18.855123410709094,12.623819468209092,0.9486510563088216,17.456816692246957,27.403098917781616,27.452423807054316,29.087207597099358,1.4694604104442592,1.0,11.93481178456733,11.666213003304316,12.410810515849356,1.0,12,50,13,0.26,0.27666666666666667,900,249,0.27666666666666667,0.0,1.0,2.1821020865308696,0.047930971022358757,0.047930971022358757,0.01326090198285259,44.50931387499999,0.2681418953813817,3.8575063613231553,3.710144927536232,3.9196787148594376,0.9397590361445783
250,template_deposition,C,C,none,0,1.0,template_site:index=385:site=C:neigh=1:ahead0=12.463:mode=shell,z,xy,394,144,250,0,250,16868.701960756367,96.09354690585421,500.0,0.001,14.263768955687528,0.014263768955687529,-3486.0261,-3475.3474,-3486.0261,-10.678711,-3.5109863,1.0,0.014263768955687529,0.014263768955687529,28,393,385,1,1,1.8911021742902183,4.4509313875,9.792049052500001,29.139004966249995,114.11015164550022,0.0,-19.992666,-320.31784,29.293105574267607,10.44509313875,18.848012435517607,12.616708493017605,0.9496398620563227,17.526924389806183,27.414171632490767,27.46226679596841,29.08290130972269,1.5527610094810622,1.0,11.945884499276481,11.67605599221841,12.406504228472688,1.0,12,50,13,0.26,0.27666666666666667,900,249,0.27666666666666667,0.0,1.0,2.190865548725773,0.04778353799710593,0.04778353799710593,0.01327320499919609,44.50931387499999,0.2683906683627008,3.8527918781725887,3.6857142857142855,3.912,0.928
251,template_deposition,C,C,none,0,1.0,template_site:index=393:site=C:neigh=1:ahead0=12.463:mode=shell,z,xy,395,144,251,0,251,16952.084996298265,83.38303554189845,500.0,0.001,14.263768955687528,0.014263768955687529,-3494.2637,-3486.0261,-3494.2637,-8.237549,-4.2214355,0.8491835571420993,0.014263768955687529,0.014263768955687529,28,394,393,2,2,1.7310994889432583,8.0116764975,2.6705588325000003,29.139004966249995,114.11015164550022,0.0,-20.064854,-321.4744,29.21543036356319,10.44509313875,18.77033722481319,12.539033282313188,0.9515552134318407,17.597032087365406,27.166583468623617,27.465660631698633,29.088514734630298,2.4124314349696587,1.0,11.698296335409331,11.679449827948632,12.412117653380296,1.0,12,50,13,0.26,0.27666666666666667,900,249,0.27666666666666667,0.0,1.0,2.1996290109206758,0.04660675830840371,0.04660675830840371,0.012998107039343702,44.50931387499999,0.2628280536577769,3.848101265822785,3.6619718309859155,3.904382470119522,0.9243027888446215
252,template_deposition,C,C,none,0,1.0,template_site:index=390:site=C:neigh=2:ahead0=12.463:mode=shell,z,xy,396,144,252,0,252,17259.471677918744,307.3866816204785,500.0,0.001,14.263768955687528,0.014263768955687529,-3501.5298,-3494.2637,-3501.5298,-7.2661133,-4.8779297,1.0,0.014263768955687529,0.014263768955687529,27,395,390,1,1,1.7362162382086082,0.8901862775,6.231303942499999,29.139004966249995,114.11015164550022,0.0,-20.12853,-322.49463,29.179962301846366,10.44509313875,18.734869163096366,12.503565220596364,0.953213768453884,17.667139784924633,27.136236851651425,27.47595035654366,29.092335768105166,2.557794257574611,1.0,11.66794971843714,11.68973955279366,12.415938686855164,1.0,12,50,13,0.26,0.2777777777777778,900,250,0.2777777777777778,0.0,1.0,2.208392473115579,0.04630138777157595,0.04630138777157595,0.012964388576041265,44.50931387499999,0.2621462499108709,3.8484848484848486,3.6666666666666665,3.9047619047619047,0.9285714285714286
253,template_deposition,C,C,none,0,1.0,template_site:index=401:site=C:neigh=1:ahead0=13.353:mode=shell,z,xy,397,144,253,0,253,17351.585410081418,92.11373216267401,500.0,0.001,14.263768955687528,0.014263768955687529,-3510.2385,-3501.5298,-3510.2385,-8.70874,-7.376709,0.9574317744821916,0.014263768955687529,0.014263768955687529,19,396,401,18,18,1.5095639088568513,0.0,3.56074511,30.02919124375,114.11015164550022,0.0,-20.204851,-323.7174,30.000264351650692,10.44509313875,19.555171212900692,13.32386727040069,0.7053456577688827,17.737247482483856,27.17861600753666,27.486046405374324,29.099645203324727,2.578965843164445,1.0,11.710328874322375,11.699835601624324,12.423248122074725,1.0,12,50,13,0.26,0.2788888888888889,900,251,0.2788888888888889,0.0,1.0,2.217155935310482,0.04628588487874456,0.04628588487874456,0.01301147652702486,44.50931387499999,0.263098391208853,3.8488664987405543,3.5636363636363635,3.9051383399209487,0.9288537549407114
254,template_deposition,C,C,none,0,1.0,template_site:index=399:site=C:neigh=1:ahead0=13.353:mode=shell,z,xy,398,144,254,0,254,17377.37815601579,25.79274593437513,500.0,0.001,14.263768955687528,0.014263768955687529,-3519.4792,-3510.2385,-3519.4792,-9.240723,-7.13501,0.2517761068991417,0.014263768955687529,0.014263768955687529,20,397,399,17,17,1.5905652397957684,8.901862775,1.780372555,30.02919124375,114.11015164550022,0.0,-20.285831,-325.01486,29.97978071864075,10.44509313875,19.53468757989075,13.303383637390748,0.7348532859404153,17.807355180043082,27.178464332908895,27.49425746393228,29.11818769175115,2.6697084381534073,1.0,11.71017719969461,11.708046660182278,12.441790610501148,1.0,13,50,14,0.28,0.2822222222222222,900,254,0.2822222222222222,0.0,1.0,2.2259193975053853,0.04610305984131736,0.04610305984131736,0.013011307999660677,44.50931387499999,0.26309498350348615,3.849246231155779,3.5714285714285716,3.905511811023622,0.9291338582677166
255,template_deposition,C,C,none,0,1.0,template_site:index=408:site=C:neigh=1:ahead0=13.353:mode=shell,z,xy,399,144,255,0,255,17463.95592789253,86.57777187674019,500.0,0.001,14.263768955687528,0.014263768955687529,-3528.8225,-3519.4792,-3528.8225,-9.343262,-7.4768066,0.9993184081402323,0.014263768955687529,0.014263768955687529,19,398,408,16,16,1.5228085745606774,1.780372555,8.901862775,30.02919124375,114.11015164550022,0.0,-20.36771,-326.3267,29.97978071864075,10.44509313875,19.53468757989075,13.303383637390748,0.7596246267446383,17.877462877602305,27.159355503537267,27.504316932909415,29.147585972883036,2.793364617115234,1.0,11.69106837032298,11.718106129159414,12.471188891633034,1.0,13,50,14,0.28,0.2822222222222222,900,254,0.2822222222222222,0.0,1.0,2.234682859700288,0.04584732694244306,0.04584732694244306,0.012990075967025535,44.50931387499999,0.2626656614648384,3.844611528822055,3.543859649122807,3.8980392156862744,0.9215686274509803
256,template_deposition,C,C,none,0,1.0,template_site:index=398:site=C:neigh=1:ahead0=13.353:mode=shell,z,xy,400,144,256,0,256,17517.689494753857,53.73356686132795,500.0,0.001,14.263768955687528,0.014263768955687529,-3537.5266,-3528.8225,-3537.5266,-8.704102,-7.085205,0.9871312643482483,0.014263768955687529,0.014263768955687529,20,399,398,14,14,1.5408538044560094,7.12149022,0.0,30.02919124375,114.11015164550022,0.0,-20.443989,-327.54883,30.01926721027074,10.44509313875,19.57417407152074,13.342870129020739,0.7811319705442784,17.94757057516153,27.215566276312032,27.52525416934931,29.19367469016031,2.81976116662043,1.0,11.747279143097746,11.73904336559931,12.517277608910309,1.0,13,50,14,0.28,0.2833333333333334,900,255,0.2833333333333333,0.0,1.0,2.2434463218951914,0.04588780915272557,0.04588780915272557,0.013052532381219718,44.50931387499999,0.2639285605724864,3.845,3.5517241379310347,3.8984375,0.921875
257,template_deposition,C,C,none,0,1.0,template_site:index=409:site=C:neigh=1:ahead0=13.353:mode=shell,z,xy,401,144,257,0,257,17667.216465325626,149.52697057176945,500.0,0.001,14.263768955687528,0.014263768955687529,-3547.1973,-3537.5266,-3547.1973,-9.670654,-7.0148926,0.999149803010142,0.014263768955687529,0.014263768955687529,21,400,409,13,13,1.5960098337177617,0.0,7.12149022,30.02919124375,114.11015164550022,0.0,-20.528734,-328.9066,30.01926721027074,10.44509313875,19.57417407152074,13.342870129020739,0.8040242637673025,18.017678272720755,27.39630106496017,27.93804899928668,29.206954113661766,2.7325709538249168,1.0,11.928013931745884,12.151838195536678,12.530557032411764,1.0,13,50,14,0.28,0.28444444444444444,900,256,0.28444444444444444,0.0,1.0,2.2522097840900943,0.04641250557099566,0.04641250557099566,0.013253348813050982,44.50931387499999,0.2679891666100388,3.8403990024937658,3.5254237288135593,3.8910505836575875,0.914396887159533
258,template_deposition,C,C,none,0,1.0,template_site:index=410:site=C:neigh=2:ahead0=13.353:mode=shell,z,xy,402,144,258,0,258,17780.313839271035,113.09737394541092,500.0,0.001,14.263768955687528,0.014263768955687529,-3557.0928,-3547.1973,-3557.0928,-9.895508,-7.0842285,0.9999114703437709,0.014263768955687529,0.014263768955687529,25,401,410,12,12,1.4690016633660659,0.0,0.0,30.02919124375,114.11015164550022,0.0,-20.615454,-330.296,30.002635703807236,10.44509313875,19.557542565057236,13.326238622557234,0.8178027629784078,18.08778597027998,27.599997235794994,27.536072948213317,29.276194239523207,1.9388949684986174,1.0,12.131710102580708,11.749862144463316,12.599797158273205,1.0,13,50,14,0.28,0.28555555555555556,900,257,0.28555555555555556,0.0,1.0,2.2609732462849976,0.04702213218054538,0.04702213218054538,0.013479677891756343,44.50931387499999,0.2725656507905608,3.845771144278607,3.566666666666667,3.89922480620155,0.9186046511627907
259,template_deposition,C,C,none,0,1.0,template_site:index=403:site=C:neigh=2:ahead0=13.353:mode=shell,z,xy,403,144,259,0,259,17784.931700639474,4.617861368437119,500.0,0.001,14.263768955687528,0.014263768955687529,-3566.4265,-3557.0928,-3566.4265,-9.33374,-6.9519043,0.9969648205588779,0.014263768955687529,0.014263768955687529,25,402,403,12,12,1.4761661571320717,8.901862775,8.901862775,30.02919124375,114.11015164550022,0.0,-20.697252,-331.60654,30.03076699587238,10.44509313875,19.58567385712238,13.354369914622378,0.8362548523432839,18.157893667839204,27.67009985764976,28.334856342264118,29.702816012729027,1.9907141135360638,1.0,12.201812724435474,12.548645538514117,13.026418931479025,1.0,13,50,14,0.28,0.2866666666666667,900,258,0.2866666666666667,0.0,1.0,2.2697367084799005,0.047111246040291405,0.047111246040291405,0.013557569693817193,44.50931387499999,0.2741406609570091,3.8461538461538463,3.5737704918032787,3.8996138996139,0.9227799227799228
260,template_deposition,C,C,none,0,1.0,template_site:index=407:site=C:neigh=1:ahead0=13.353:mode=shell,z,xy,404,144,260,0,260,17839.52937674384,54.5976761043661,500.0,0.001,14.263768955687528,0.014263768955687529,-3575.414,-3566.4265,-3575.414,-8.987549,-6.687744,0.6314158203141306,0.014263768955687529,0.014263768955687529,22,403,407,11,11,1.5953517882062345,5.3411176650000005,8.901862775,30.02919124375,114.11015164550022,0.0,-20.776012,-332.8684,30.025443665038722,10.44509313875,19.580350526288722,13.34904658378872,0.8552051129454642,18.22800136539843,27.740358819059587,28.322754727863206,29.924252468833533,1.9525366884568414,1.0,12.272071685845301,12.536543924113206,13.247855387583531,1.0,13,50,14,0.28,0.2877777777777778,900,259,0.2877777777777778,0.0,1.0,2.278500170674804,0.047200275714789616,0.047200275714789616,0.013635635206494778,44.50931387499999,0.2757191836367148,3.8514851485148514,3.6129032258064515,3.9076923076923076,0.9230769230769231
261,template_deposition,C,C,none,0,1.0,template_site:index=402:site=C:neigh=2:ahead0=13.353:mode=shell,z,xy,405,144,261,0,261,17841.80166311087,2.272286367026727,500.0,0.001,14.263768955687528,0.014263768955687529,-3584.8442,-3575.414,-3584.8442,-9.430176,-5.359131,0.9995271780232107,0.014263768955687529,0.014263768955687529,23,404,402,10,10,1.2112060982045783,7.12149022,7.12149022,30.02919124375,114.11015164550022,0.0,-20.858652,-334.19244,30.183196559095926,10.44509313875,19.738103420345926,13.506799477845924,0.8745827655856381,18.298109062957653,27.784057092993653,28.328566256357455,29.94394610417306,1.963695529601514,1.0,12.315769959779367,12.542355452607454,13.26754902292306,1.0,13,50,14,0.28,0.2888888888888889,900,260,0.28888888888888886,0.0,1.0,2.2872636328697067,0.047186858083445846,0.047186858083445846,0.013684188844199295,44.50931387499999,0.2767009618338982,3.8469135802469134,3.5873015873015874,3.900383141762452,0.9195402298850575
262,template_deposition,C,C,none,0,1.0,template_site:index=396:site=C:neigh=2:ahead0=13.353:mode=shell,z,xy,406,144,262,0,262,17933.94553588705,92.14387277618063,500.0,0.001,14.263768955687528,0.014263768955687529,-3593.3538,-3584.8442,-3593.3538,-8.5095215,-5.8828125,0.9999999998478666,0.014263768955687529,0.014263768955687529,24,405,396,9,9,1.7056189023821184,8.901862775,5.3411176650000005,30.02919124375,114.11015164550022,0.0,-20.933228,-335.3873,30.049933405505495,10.44509313875,19.604840266755495,13.373536324255493,0.8832484523613822,18.36821676051688,27.868244541619575,28.32984982531996,29.94394610417306,1.8977795525558638,1.0,12.399957408405289,12.54363902156996,13.26754902292306,1.0,13,50,14,0.28,0.29,900,261,0.29,0.0,1.0,2.29602709506461,0.04732808171147057,0.04732808171147057,0.013777730453783655,44.50931387499999,0.278592418729018,3.8472906403940885,3.59375,3.900763358778626,0.9236641221374046
263,template_deposition,C,C,none,0,1.0,template_site:index=397:site=C:neigh=1:ahead0=13.353:mode=shell,z,xy,407,144,263,0,263,17937.8679975909,3.922461703849553,500.0,0.001,14.263768955687528,0.014263768955687529,-3602.0957,-3593.3538,-3602.0957,-8.741943,-5.2609863,0.9999639217213696,0.014263768955687529,0.014263768955687529,25,406,397,8,8,1.653377507658605,7.12149022,3.56074511,30.02919124375,114.11015164550022,0.0,-21.009836,-336.6147,30.007339100845474,10.44509313875,19.562245962095474,13.330942019595472,0.8982668306667222,18.438324458076103,27.935903212124444,28.374935332968754,29.972617788452716,1.977791677822435,1.0,12.467616078910158,12.588724529218753,13.296220707202714,1.0,13,50,14,0.28,0.29,900,261,0.29,0.0,1.0,2.304790557259513,0.04740538433045687,0.04740538433045687,0.01385290675434462,44.50931387499999,0.2801125201328474,3.8574938574938575,3.6615384615384614,3.9163498098859315,0.9277566539923955
264,template_deposition,C,C,none,0,1.0,template_site:index=404:site=C:neigh=2:ahead0=13.353:mode=shell,z,xy,408,144,264,0,264,17975.87981822563,38.01182063472959,500.0,0.001,14.263768955687528,0.014263768955687529,-3612.9114,-3602.0957,-3612.9114,-10.815674,-6.352783,0.9999999999996965,0.014263768955687529,0.014263768955687529,23,407,404,7,7,1.1508007489600576,5.3411176650000005,5.3411176650000005,30.02919124375,114.11015164550022,0.0,-21.10462,-338.1333,30.159452823209918,10.44509313875,19.714359684459918,13.483055741959916,0.9119518762100147,18.50843215563533,27.948666527344464,28.374935332968754,29.973614428403295,1.9902858122120004,1.0,12.480379394130178,12.588724529218753,13.297217347153293,1.0,13,50,14,0.28,0.2911111111111111,900,262,0.2911111111111111,0.0,1.0,2.313554019454416,0.04727416437170522,0.04727416437170522,0.013867088215700199,44.50931387499999,0.28039927618700417,3.8529411764705883,3.6363636363636362,3.909090909090909,0.9242424242424242
265,template_deposition,C,C,none,0,1.0,template_site:index=406:site=C:neigh=2:ahead0=13.353:mode=shell,z,xy,409,144,265,0,265,18021.179079514288,45.29926128865928,500.0,0.001,14.263768955687528,0.014263768955687529,-3621.9375,-3612.9114,-3621.9375,-9.026123,-6.202881,0.9999999999999942,0.014263768955687529,0.014263768955687529,25,408,406,6,6,1.6362308716177267,3.56074511,7.12149022,30.02919124375,114.11015164550022,0.0,-21.183718,-339.40057,30.04398351949791,10.44509313875,19.59889038074791,13.367586438247908,0.9187704036649216,18.578539853194552,28.046756070104657,28.44265633292295,29.9761991980647,2.007992462921666,1.0,12.57846893689037,12.65644552917295,13.299802116814696,1.0,13,50,14,0.28,0.2922222222222222,900,263,0.2922222222222222,0.0,1.0,2.322317481649319,0.047465920516567436,0.047465920516567436,0.013976076596544856,44.50931387499999,0.2826030743186866,3.8533007334963325,3.6417910447761193,3.909433962264151,0.9283018867924528
266,template_deposition,C,C,none,0,1.0,template_site:index=400:site=C:neigh=1:ahead0=13.353:mode=shell,z,xy,410,144,266,0,266,18162.823265648924,141.64418613463576,500.0,0.001,14.263768955687528,0.014263768955687529,-3631.0425,-3621.9375,-3631.0425,-9.10498,-5.159424,0.9999263053976358,0.014263768955687529,0.014263768955687529,26,409,400,5,5,1.6133654582918853,1.780372555,5.3411176650000005,30.02919124375,114.11015164550022,0.0,-21.26351,-340.679,30.013126257818186,10.44509313875,19.568033119068186,13.336729176568184,0.928410446561787,18.64864755075378,28.10327102738772,28.76535723059112,29.97780025831467,1.9714408667880285,1.0,12.634983894173434,12.97914642684112,13.301403177064667,1.0,13,50,14,0.28,0.2922222222222222,900,263,0.2922222222222222,0.0,1.0,2.3310809438442224,0.04749993945177983,0.04749993945177983,0.014038870993526038,44.50931387499999,0.2838728076028657,3.8585365853658535,3.676470588235294,3.917293233082707,0.9323308270676691
267,template_deposition,C,C,none,0,1.0,template_site:index=405:site=C:neigh=2:ahead0=13.353:mode=shell,z,xy,411,144,267,0,267,18210.202723551352,47.37945790242933,500.0,0.001,14.263768955687528,0.014263768955687529,-3641.0354,-3631.0425,-3641.0354,-9.99292,-6.5827637,0.9999999999996596,0.014263768955687529,0.014263768955687529,23,410,405,4,4,1.1799143158688212,3.56074511,3.56074511,30.02919124375,114.11015164550022,0.0,-21.351084,-342.0821,30.129552579525818,10.44509313875,19.684459440775818,13.453155498275816,0.939027049532566,18.718755248313002,28.233854389820745,29.121426130572928,29.981358581058647,1.9291575456853478,1.0,12.76556725660646,13.335215326822928,13.304961499808645,1.0,13,50,14,0.28,0.29333333333333333,900,264,0.29333333333333333,0.0,1.0,2.3398444060391252,0.04781111332062345,0.04781111332062345,0.014183963618451622,44.50931387499999,0.2868066511305318,3.8588807785888077,3.681159420289855,3.9176029962546814,0.9288389513108615
268,template_deposition,C,C,none,0,1.0,template_site:index=413:site=C:neigh=2:ahead0=13.353:mode=shell,z,xy,412,144,268,0,268,18234.874959470184,24.672235918830886,500.0,0.001,14.263768955687528,0.014263768955687529,-3649.056,-3641.0354,-3649.056,-8.020508,-6.3601074,1.0,0.014263768955687529,0.014263768955687529,24,411,413,3,3,1.6436019687475811,5.3411176650000005,1.780372555,30.02919124375,114.11015164550022,0.0,-21.421371,-343.20822,30.03103554066251,10.44509313875,19.58594240191251,13.35463845941251,0.9441981330546629,18.78886294587223,28.261677936929566,29.131413443339866,29.984870535704058,1.9353882992998208,1.0,12.79339080371528,13.345202639589866,13.308473454454056,1.0,13,50,14,0.28,0.29444444444444445,900,265,0.29444444444444445,0.0,1.0,2.3486078682340286,0.04773653284968388,0.04773653284968388,0.014214878670794755,44.50931387499999,0.2874317685427426,3.8592233009708736,3.6857142857142855,3.917910447761194,0.9328358208955224
269,template_deposition,C,C,none,0,1.0,template_site:index=412:site=C:neigh=1:ahead0=13.353:mode=shell,z,xy,413,144,269,0,269,18242.440491267273,7.565531797090371,500.0,0.001,14.263768955687528,0.014263768955687529,-3659.931,-3649.056,-3659.931,-10.875,-5.0722656,0.9999971601870296,0.014263768955687529,0.014263768955687529,26,412,412,2,2,1.644307890113484,3.56074511,0.0,30.02919124375,114.11015164550022,0.0,-21.516674,-344.73514,30.03103554066251,10.44509313875,19.58594240191251,13.35463845941251,0.9511240150118437,18.85897064343145,28.347862455209608,29.177063753054128,29.984870535704058,1.8775338156637815,1.0,12.879575321995322,13.390852949304128,13.308473454454056,1.0,13,50,14,0.28,0.2966666666666667,900,267,0.2966666666666667,0.0,1.0,2.3573713304289314,0.047879462163551385,0.047879462163551385,0.014310639246661469,44.50931387499999,0.28936809401659924,3.8595641646489103,3.6901408450704225,3.9182156133828996,0.929368029739777
270,template_deposition,C,C,none,0,1.0,template_site:index=411:site=C:neigh=2:ahead0=13.353:mode=shell,z,xy,414,144,270,0,270,18501.52526592934,259.084774662067,500.0,0.001,14.263768955687528,0.014263768955687529,-3670.72,-3659.931,-3670.72,-10.7890625,-7.7026367,1.0,0.014263768955687529,0.014263768955687529,28,413,411,1,1,1.4131583195232305,1.780372555,1.780372555,30.02919124375,114.11015164550022,0.0,-21.611223,-346.24997,30.03103554066251,10.44509313875,19.58594240191251,13.35463845941251,0.9571507710637048,18.929078340990678,28.307319629771282,28.850267900187276,29.990073292684414,1.9786851748848207,1.0,12.839032496556996,13.064057096437276,13.313676211434412,1.0,14,50,15,0.3,0.29888888888888887,900,269,0.29888888888888887,0.0,1.0,2.3661347926238347,0.047551972209470356,0.047551972209470356,0.014265591662841106,44.50931387499999,0.28845720993619783,3.864734299516908,3.7222222222222223,3.925925925925926,0.9333333333333333
271,template_deposition,C,C,none,0,1.0,template_site:index=427:site=C:neigh=2:ahead0=14.243:mode=shell,z,xy,415,144,271,0,271,18551.294329013246,49.76906308390687,500.0,0.001,14.263768955687528,0.014263768955687529,-3681.052,-3670.72,-3681.052,-10.332031,-9.86377,1.0,0.014263768955687529,0.014263768955687529,18,414,427,11,11,1.4449701617244808,2.6705588325000003,2.6705588325000003,30.91937752125,114.11015164550022,0.0,-21.701769,-347.70068,30.839485495544242,10.44509313875,20.394392356794242,14.16308841429424,0.7037000354943033,18.9991860385499,28.349067984101858,29.250954282827806,29.992533125090812,2.0052766684838748,1.0,12.880780850887572,13.464743479077805,13.31613604384081,1.0,14,50,15,0.3,0.3,900,270,0.3,0.0,1.0,2.3748982548187376,0.047530556645341594,0.047530556645341594,0.014311978723208413,44.50931387499999,0.2893951788846256,3.8650602409638553,3.6363636363636362,3.92619926199262,0.9298892988929889
272,template_deposition,C,C,none,0,1.0,template_site:index=430:site=C:neigh=1:ahead0=14.243:mode=shell,z,xy,416,144,272,0,272,18635.247623086678,83.95329407343166,500.0,0.001,14.263768955687528,0.014263768955687529,-3687.2349,-3681.052,-3687.2349,-6.1828613,-5.0114746,0.9994116539549658,0.014263768955687529,0.014263768955687529,20,415,430,10,10,1.761665159025434,8.0116764975,8.0116764975,30.91937752125,114.11015164550022,0.0,-21.755949,-348.56873,30.859637844590395,10.44509313875,20.414544705840395,14.183240763340393,0.7318065346184742,19.069293736109127,28.40456003447963,29.230270979719418,30.01678534536856,1.9454513110060714,1.0,12.936272901265344,13.444060175969417,13.340388264118559,1.0,14,50,15,0.3,0.3011111111111111,900,271,0.3011111111111111,0.0,1.0,2.383661717013641,0.047559826842887294,0.047559826842887294,0.014373636556961493,44.50931387499999,0.29064193030689234,3.8653846153846154,3.642857142857143,3.926470588235294,0.9338235294117647
273,template_deposition,C,C,none,0,1.0,template_site:index=431:site=C:neigh=2:ahead0=14.243:mode=shell,z,xy,417,144,273,0,273,18710.06862481791,74.82100173123261,500.0,0.001,14.263768955687528,0.014263768955687529,-3696.161,-3687.2349,-3696.161,-8.926025,-4.887207,0.9753946510222162,0.014263768955687529,0.014263768955687529,20,416,431,9,9,1.1254110051414308,9.792049052500001,9.792049052500001,30.91937752125,114.11015164550022,0.0,-21.834175,-349.82205,31.035032492993356,10.44509313875,20.589939354243356,14.358635411743354,0.761288333440311,19.13940143366835,28.308471794521658,29.228685063866337,30.020274715372544,2.1575971366816167,1.0,12.840184661307372,13.442474260116336,13.343877634122542,1.0,14,50,15,0.3,0.3022222222222222,900,272,0.3022222222222222,0.0,1.0,2.392425179208544,0.04703364344801235,0.04703364344801235,0.01426687184589708,44.50931387499999,0.2884830958609643,3.8609112709832134,3.6140350877192984,3.9194139194139193,0.9304029304029304
274,template_deposition,C,C,none,0,1.0,template_site:index=426:site=C:neigh=2:ahead0=14.243:mode=shell,z,xy,418,144,274,0,274,18722.272859578377,12.204234760464287,500.0,0.001,14.263768955687528,0.014263768955687529,-3703.7937,-3696.161,-3703.7937,-7.6328125,-5.2839355,0.9999997121832362,0.014263768955687529,0.014263768955687529,22,417,426,8,8,1.6438018379154167,0.8901862775,0.8901862775,30.91937752125,114.11015164550022,0.0,-21.901064,-350.89374,30.94167506677226,10.44509313875,20.49658192802226,14.265277985522257,0.7832606746469056,19.209509131227577,28.335830053204702,29.225712972445884,30.020274715372544,2.1662792895867624,1.0,12.867542919990417,13.439502168695883,13.343877634122542,1.0,14,50,15,0.3,0.30333333333333334,900,273,0.30333333333333334,0.0,1.0,2.401188641403447,0.04696183547441758,0.04696183547441758,0.014297269911100462,44.50931387499999,0.28909775954146677,3.861244019138756,3.6206896551724137,3.9197080291970803,0.9343065693430657
275,template_deposition,C,C,none,0,1.0,template_site:index=421:site=C:neigh=1:ahead0=14.243:mode=shell,z,xy,419,144,275,0,275,18742.373004947836,20.100145369459124,500.0,0.001,14.263768955687528,0.014263768955687529,-3711.475,-3703.7937,-3711.475,-7.6813965,-4.3876953,0.9999452554761867,0.014263768955687529,0.014263768955687529,21,418,421,7,7,1.6123998924112009,4.4509313875,4.4509313875,30.91937752125,114.11015164550022,0.0,-21.968378,-351.97223,30.94167506677226,10.44509313875,20.49658192802226,14.265277985522257,0.8092467905223414,19.2796168287868,28.460665102671406,29.232721738385123,30.148849042439288,2.0480993472303592,1.0,12.99237796945712,13.446510934635123,13.472451961189286,1.0,14,50,15,0.3,0.3044444444444444,900,274,0.30444444444444446,0.0,1.0,2.40995210359835,0.04724501079802589,0.04724501079802589,0.014435975521619022,44.50931387499999,0.2919024545277182,3.856801909307876,3.593220338983051,3.9127272727272726,0.9309090909090909
276,template_deposition,C,C,none,0,1.0,template_site:index=420:site=C:neigh=2:ahead0=14.243:mode=shell,z,xy,420,144,276,0,276,18890.99564731298,148.62264236514417,500.0,0.001,14.263768955687528,0.014263768955687529,-3719.3152,-3711.475,-3719.3152,-7.840088,-5.4560547,0.9999999999999925,0.014263768955687529,0.014263768955687529,22,419,420,7,7,1.5390644454153624,6.231303942499999,6.231303942499999,30.91937752125,114.11015164550022,0.0,-22.037086,-353.07306,30.97349426897281,10.44509313875,20.52840113022281,14.297097187722809,0.8284227236064328,19.349724526346026,28.51636257543464,29.235693829805577,30.186703370716852,2.067165834009805,1.0,13.048075442220355,13.449483026055576,13.51030628946685,1.0,14,50,15,0.3,0.30666666666666664,900,276,0.30666666666666664,0.0,1.0,2.4187155657932533,0.04727563566021868,0.04727563566021868,0.014497861602467061,44.50931387499999,0.29315382121738803,3.857142857142857,3.6,3.9130434782608696,0.9347826086956522
277,template_deposition,C,C,none,0,1.0,template_site:index=415:site=C:neigh=2:ahead0=14.243:mode=shell,z,xy,421,144,277,0,277,18914.708931547757,23.713284234779675,500.0,0.001,14.263768955687528,0.014263768955687529,-3726.7568,-3719.3152,-3726.7568,-7.4416504,-4.0388184,0.9740775683377911,0.014263768955687529,0.014263768955687529,21,420,415,6,6,1.1693811856057659,4.4509313875,0.8901862775,30.91937752125,114.11015164550022,0.0,-22.102299,-354.11786,31.083877931644956,10.44509313875,20.638784792894956,14.407480850394954,0.8498255522175849,19.41983222390525,28.530493792855793,29.235693829805577,30.638134059403296,2.0804564604093554,1.0,13.062206659641507,13.449483026055576,13.961736978153294,1.0,14,50,15,0.3,0.30777777777777776,900,277,0.30777777777777776,0.0,1.0,2.427479027988156,0.047155980720727464,0.047155980720727464,0.01451356295515723,44.50931387499999,0.2934713102144289,3.857482185273159,3.6065573770491803,3.9133574007220218,0.9386281588447654
278,template_deposition,C,C,none,0,1.0,template_site:index=423:site=C:neigh=2:ahead0=14.243:mode=shell,z,xy,422,144,278,0,278,19001.533846430735,86.82491488297939,500.0,0.001,14.263768955687528,0.014263768955687529,-3734.1636,-3726.7568,-3734.1636,-7.4067383,-3.8342285,0.9381410717666269,0.014263768955687529,0.014263768955687529,22,421,423,7,7,1.1865301224547464,6.231303942499999,9.792049052500001,30.91937752125,114.11015164550022,0.0,-22.167208,-355.15784,31.089157192530717,10.44509313875,20.644064053780717,14.412760111280715,0.8702261110831873,19.489939921464476,28.50257464900971,29.23490307591485,30.867643969235953,2.2451043481618456,1.0,13.034287515795423,13.44869227216485,14.191246887985951,1.0,14,50,15,0.3,0.3088888888888889,900,278,0.3088888888888889,0.0,1.0,2.4362424901830595,0.04688592631581087,0.04688592631581087,0.014482541684217138,44.50931387499999,0.2928440450104653,3.853080568720379,3.5806451612903225,3.906474820143885,0.935251798561151
279,template_deposition,C,C,none,0,1.0,template_site:index=414:site=C:neigh=1:ahead0=14.243:mode=shell,z,xy,423,144,279,0,279,19067.02857844272,65.49473201198735,500.0,0.001,14.263768955687528,0.014263768955687529,-3741.8142,-3734.1636,-3741.8142,-7.650635,-4.128662,0.8703284182715973,0.014263768955687529,0.014263768955687529,25,422,414,6,6,1.7874223684907753,6.231303942499999,2.6705588325000003,30.91937752125,114.11015164550022,0.0,-22.234255,-356.23206,31.049438464647345,10.44509313875,20.604345325897345,14.373041383397343,0.8824992280767896,19.5600476190237,28.612710811526433,29.235693829805577,30.88685784155938,2.25464962052567,1.0,13.144423678312148,13.449483026055576,14.210460760309378,1.0,14,50,15,0.3,0.31,900,279,0.31,0.0,1.0,2.4450059523779624,0.047112629671369706,0.047112629671369706,0.014604915198124608,44.50931387499999,0.2953184970504592,3.8534278959810875,3.5873015873015874,3.9068100358422937,0.9390681003584229
280,template_deposition,C,C,none,0,1.0,template_site:index=417:site=C:neigh=2:ahead0=14.243:mode=shell,z,xy,424,144,280,0,280,19104.11759872127,37.0890202785489,500.0,0.001,14.263768955687528,0.014263768955687529,-3751.602,-3741.8142,-3751.602,-9.787842,-5.2023926,0.9999996848641347,0.014263768955687529,0.014263768955687529,23,423,417,6,6,1.1944797975465133,8.0116764975,4.4509313875,30.91937752125,114.11015164550022,0.0,-22.320028,-357.6063,31.08853255224769,10.44509313875,20.64343941349769,14.412135470997686,0.8997826244926126,19.630155316582925,28.80972886021359,29.23874180196804,30.903260848819066,2.0719204613058686,1.0,13.341441726999303,13.45253099821804,14.226863767569064,1.0,14,50,15,0.3,0.3111111111111111,900,280,0.3111111111111111,0.0,1.0,2.4537694145728657,0.047648006167854653,0.047648006167854653,0.014823824141110336,44.50931387499999,0.29974494247355565,3.849056603773585,3.5625,3.9,0.9357142857142857
281,template_deposition,C,C,none,0,1.0,template_site:index=428:site=C:neigh=1:ahead0=14.243:mode=shell,z,xy,425,144,281,0,281,19163.60459985827,59.48700113700136,500.0,0.001,14.263768955687528,0.014263768955687529,-3761.868,-3751.602,-3761.868,-10.265869,-4.5671387,0.9914824849159323,0.014263768955687529,0.014263768955687529,25,424,428,6,6,1.70534030377739,2.6705588325000003,9.792049052500001,30.91937752125,114.11015164550022,0.0,-22.409996,-359.04773,31.08853255224769,10.44509313875,20.64343941349769,14.412135470997686,0.9085389800581114,19.70026301414215,28.960142977015202,29.23874180196804,30.896501845620197,1.9107230555169845,1.0,13.491855843800916,13.45253099821804,14.220104764370195,1.0,14,50,15,0.3,0.31222222222222223,900,281,0.31222222222222223,0.0,1.0,2.4625328767677686,0.0480137218640602,0.0480137218640602,0.014990950937556573,44.50931387499999,0.30312432767872943,3.8494117647058825,3.5692307692307694,3.900355871886121,0.9323843416370107
282,template_deposition,C,C,none,0,1.0,template_site:index=429:site=C:neigh=2:ahead0=14.243:mode=shell,z,xy,426,144,282,0,282,19376.099941640674,212.49534178240452,500.0,0.001,14.263768955687528,0.014263768955687529,-3772.7007,-3761.868,-3772.7007,-10.832764,-6.5581055,1.0,0.014263768955687529,0.014263768955687529,23,425,429,6,6,1.1633377268089866,0.8901862775,8.0116764975,30.91937752125,114.11015164550022,0.0,-22.504927,-360.5687,31.08853255224769,10.44509313875,20.64343941349769,14.412135470997686,0.9231460178751032,19.770370711701375,29.181146925591012,29.24789835548505,30.90403481440239,1.568792867358067,1.0,13.712859792376726,13.461687551735048,14.227637733152388,1.0,14,50,15,0.3,0.3133333333333333,900,282,0.31333333333333335,0.0,1.0,2.471296338962672,0.04862716238431463,0.04862716238431463,0.015236510880418584,44.50931387499999,0.3080896692968114,3.8497652582159625,3.5757575757575757,3.900709219858156,0.9290780141843972
283,template_deposition,C,C,none,0,1.0,template_site:index=416:site=C:neigh=2:ahead0=14.243:mode=shell,z,xy,427,144,283,0,283,19388.769220003443,12.669278362768722,500.0,0.001,14.263768955687528,0.014263768955687529,-3785.1306,-3772.7007,-3785.1306,-12.429932,-6.2216797,0.9999999999993221,0.014263768955687529,0.014263768955687529,25,426,416,5,5,1.6220509788091495,9.792049052500001,6.231303942499999,30.91937752125,114.11015164550022,0.0,-22.613857,-362.31393,30.968149118818438,10.44509313875,20.52305598006844,14.291752037568436,0.9222991836342044,19.840478409260598,29.167089540189778,29.257798704252835,30.881150660778616,1.613906497365923,1.0,13.698802406975492,13.471587900502835,14.204753579528614,1.0,14,50,15,0.3,0.3144444444444444,900,283,0.31444444444444447,0.0,1.0,2.4800598011575747,0.0484056622154611,0.0484056622154611,0.015220891563306102,44.50931387499999,0.3077738390990979,3.8641686182669788,3.671641791044776,3.92226148409894,0.9328621908127208
284,template_deposition,C,C,none,0,1.0,template_site:index=422:site=C:neigh=1:ahead0=14.243:mode=shell,z,xy,428,144,284,0,284,19393.436853939627,4.667633936182142,500.0,0.001,14.263768955687528,0.014263768955687529,-3794.559,-3785.1306,-3794.559,-9.428467,-4.887207,0.9999999964690358,0.014263768955687529,0.014263768955687529,27,427,422,4,4,1.6706305213212735,4.4509313875,8.0116764975,30.91937752125,114.11015164550022,0.0,-22.696482,-363.63773,30.92355876548084,10.44509313875,20.47846562673084,14.24716168423084,0.9256227930111853,19.910586106819824,29.307957760695473,29.6258985640997,30.86763420269813,1.406659466470639,1.0,13.839670627481187,13.8396877603497,14.191237121448129,1.0,14,50,15,0.3,0.3133333333333333,900,282,0.31333333333333335,0.0,1.0,2.488823263352478,0.048731234603806996,0.048731234603806996,0.01537741180831243,44.50931387499999,0.31093875466938303,3.869158878504673,3.7058823529411766,3.9295774647887325,0.9366197183098591
285,template_deposition,C,C,none,0,1.0,template_site:index=424:site=C:neigh=2:ahead0=14.243:mode=shell,z,xy,429,144,285,0,285,19486.34932311322,92.91246917359176,500.0,0.001,14.263768955687528,0.014263768955687529,-3803.3374,-3794.559,-3803.3374,-8.77832,-5.9438477,0.9999999914216825,0.014263768955687529,0.014263768955687529,25,428,424,3,3,1.160411014945761,2.6705588325000003,6.231303942499999,30.91937752125,114.11015164550022,0.0,-22.773409,-364.87024,31.018505927652885,10.44509313875,20.573412788902885,14.342108846402883,0.936278713754337,19.980693804379047,29.365903798487988,29.948071608824876,30.872772083936315,1.4041629746110573,1.0,13.897616665273702,14.161860805074875,14.196375002686313,1.0,14,50,15,0.3,0.3144444444444444,900,283,0.31444444444444447,0.0,1.0,2.497586725547381,0.048763567246574394,0.048763567246574394,0.015441796294748558,44.50931387499999,0.31224064033662224,3.8648018648018647,3.681159420289855,3.92280701754386,0.9333333333333333
286,template_deposition,C,C,none,0,1.0,template_site:index=418:site=C:neigh=1:ahead0=14.243:mode=shell,z,xy,430,144,286,0,286,19602.83508619397,116.48576308074814,500.0,0.001,14.263768955687528,0.014263768955687529,-3810.9043,-3803.3374,-3810.9043,-7.5668945,-5.1677246,0.9999999999992861,0.014263768955687529,0.014263768955687529,27,429,418,3,3,1.6317334073061924,8.0116764975,0.8901862775,30.91937752125,114.11015164550022,0.0,-22.839722,-365.93268,31.018505927652885,10.44509313875,20.573412788902885,14.342108846402883,0.9440174260064802,20.050801501938274,29.46936917210779,30.021897420488916,30.875042670318756,1.3221407924461155,1.0,14.001082038893504,14.235686616738915,14.198645589068754,1.0,14,50,15,0.3,0.3155555555555556,900,284,0.31555555555555553,0.0,1.0,2.5063501877422842,0.04895483230382344,0.04895483230382344,0.015556757820992782,44.50931387499999,0.31456521837685836,3.8651162790697673,3.6857142857142855,3.923076923076923,0.9370629370629371
287,template_deposition,C,C,none,0,1.0,template_site:index=419:site=C:neigh=2:ahead0=14.243:mode=shell,z,xy,431,144,287,0,287,19605.97762936957,3.1425431756006557,500.0,0.001,14.263768955687528,0.014263768955687529,-3819.6516,-3810.9043,-3819.6516,-8.747314,-6.307373,1.0,0.014263768955687529,0.014263768955687529,26,430,419,2,2,1.198614406993805,9.792049052500001,2.6705588325000003,30.91937752125,114.11015164550022,0.0,-22.91638,-367.1609,31.018505927652885,10.44509313875,20.573412788902885,14.342108846402883,0.9514528798621377,20.120909199497497,29.316846969523823,30.120313266135867,30.887400348732022,2.3973805062979427,1.0,13.848559836309537,14.334102462385866,14.21100326748202,1.0,14,50,15,0.3,0.31666666666666665,900,285,0.31666666666666665,0.0,1.0,2.515113649937187,0.04825282172930152,0.04825282172930152,0.015387288707010597,44.50931387499999,0.3111384703705352,3.8607888631090486,3.6619718309859155,3.916376306620209,0.9337979094076655
288,template_deposition,C,C,none,0,1.0,template_site:index=425:site=C:neigh=2:ahead0=14.243:mode=shell,z,xy,432,144,288,0,288,19620.581161520106,14.603532150536923,500.0,0.001,14.263768955687528,0.014263768955687529,-3827.697,-3819.6516,-3827.697,-8.04541,-4.7663574,1.0,0.014263768955687529,0.014263768955687529,27,431,425,1,1,1.8124838190331671,0.8901862775,4.4509313875,30.91937752125,114.11015164550022,0.0,-22.986887,-368.29053,30.9574321048137,10.44509313875,20.5123389660637,14.2810350235637,0.9537427543930038,20.191016897056723,29.35988101886675,30.16411484647748,30.887400348732022,2.402656739332804,1.0,13.891593885652465,14.377904042727481,14.21100326748202,1.0,14,50,15,0.3,0.31777777777777777,900,286,0.31777777777777777,0.0,1.0,2.5238771121320904,0.04823470099184884,0.04823470099184884,0.015435104317391628,44.50931387499999,0.3121053252958613,3.861111111111111,3.6666666666666665,3.9166666666666665,0.9375
289,template_deposition,C,C,none,0,1.0,template_site:index=440:site=C:neigh=2:ahead0=15.133:mode=shell,z,xy,433,144,289,0,289,19626.929779940023,6.348618419916706,500.0,0.001,14.263768955687528,0.014263768955687529,-3838.3032,-3827.697,-3838.3032,-10.606201,-9.828857,1.0,0.014263768955687529,0.014263768955687529,18,432,440,17,17,1.490217185246929,0.0,5.3411176650000005,31.80956379875,114.11015164550022,0.0,-23.079832,-369.7797,31.712388136751844,10.44509313875,21.267294998001844,15.035991055501842,0.7012497327034508,20.261124594615946,29.40203437415512,30.159620502615958,30.89226139346358,2.386130032970552,1.0,13.933747240940836,14.373409698865958,14.21586431221358,1.0,14,50,15,0.3,0.3188888888888889,900,287,0.3188888888888889,0.0,1.0,2.5326405743269933,0.04821365827315168,0.04821365827315168,0.01548194137882315,44.50931387499999,0.3130523934849319,3.861431870669746,3.5636363636363635,3.916955017301038,0.9342560553633218
290,template_deposition,C,C,none,0,1.0,template_site:index=433:site=C:neigh=1:ahead0=15.133:mode=shell,z,xy,434,144,290,0,290,19668.941211504138,42.011431564115334,500.0,0.001,14.263768955687528,0.014263768955687529,-3847.1565,-3838.3032,-3847.1565,-8.8532715,-7.305908,0.9475248978131368,0.014263768955687529,0.014263768955687529,20,433,433,16,16,1.5529650332070435,8.901862775,3.56074511,31.80956379875,114.11015164550022,0.0,-23.15742,-371.02277,31.774808760969194,10.44509313875,21.329715622219194,15.098411679719192,0.7318189268648712,20.331232292175173,29.485103566197843,30.168978424718645,30.926758186900667,2.403499054160525,1.0,14.016816432983557,14.382767620968645,14.250361105650665,1.0,15,50,16,0.32,0.3211111111111111,900,289,0.3211111111111111,0.0,1.0,2.5414040365218966,0.04833384976890882,0.04833384976890882,0.01557424048109284,44.50931387499999,0.31491872627712036,3.8617511520737327,3.5714285714285716,3.9172413793103447,0.9344827586206896
291,template_deposition,C,C,none,0,1.0,template_site:index=438:site=C:neigh=1:ahead0=15.133:mode=shell,z,xy,435,144,291,0,291,19879.703660660587,210.7624491564497,500.0,0.001,14.263768955687528,0.014263768955687529,-3857.1133,-3847.1565,-3857.1133,-9.956787,-7.169922,0.8474708574057269,0.014263768955687529,0.014263768955687529,19,434,438,15,15,1.5589870585714478,5.3411176650000005,7.12149022,31.80956379875,114.11015164550022,0.0,-23.244673,-372.42072,31.774808760969194,10.44509313875,21.329715622219194,15.098411679719192,0.7577567929964418,20.401339989734396,29.417061238311785,30.168978424718645,30.977297734283145,2.668722930710059,1.0,13.948774105097499,14.382767620968645,14.300900653033143,1.0,15,50,16,0.32,0.3233333333333333,900,291,0.3233333333333333,0.0,1.0,2.5501674987167995,0.047933931632637455,0.047933931632637455,0.015498637894552776,44.50931387499999,0.31339000516321713,3.857471264367816,3.543859649122807,3.910652920962199,0.9278350515463918
292,template_deposition,C,C,none,0,1.0,template_site:index=432:site=C:neigh=2:ahead0=15.133:mode=shell,z,xy,436,144,292,0,292,19935.551275222442,55.847614561856524,500.0,0.001,14.263768955687528,0.014263768955687529,-3865.4758,-3857.1133,-3865.4758,-8.362549,-7.729004,0.9999994773724257,0.014263768955687529,0.014263768955687529,23,435,432,14,14,1.4088170413997814,7.12149022,5.3411176650000005,31.80956379875,114.11015164550022,0.0,-23.317959,-373.5949,31.805902850564706,10.44509313875,21.360809711814706,15.129505769314704,0.7790887630381048,20.471447687293622,29.428609486098306,30.168978424718645,30.977408905056258,2.677658264852743,1.0,13.96032235288402,14.382767620968645,14.301011823806256,1.0,15,50,16,0.32,0.3244444444444444,900,292,0.3244444444444444,0.0,1.0,2.558930960911703,0.04780932312631514,0.04780932312631514,0.015511469280982244,44.50931387499999,0.31364946204495997,3.8577981651376145,3.5517241379310347,3.910958904109589,0.9315068493150684
293,template_deposition,C,C,none,0,1.0,template_site:index=436:site=C:neigh=1:ahead0=15.133:mode=shell,z,xy,437,144,293,0,293,19966.349227131,30.79795190855764,500.0,0.001,14.263768955687528,0.014263768955687529,-3874.2034,-3865.4758,-3874.2034,-8.727539,-7.017578,0.9620068123142663,0.014263768955687529,0.014263768955687529,22,436,436,13,13,1.5498856666129692,3.56074511,5.3411176650000005,31.80956379875,114.11015164550022,0.0,-23.394444,-374.8203,31.815697598253625,10.44509313875,21.370604459503625,15.139300517003623,0.8035675361817831,20.541555384852845,29.357460095184802,30.165724286487183,30.977723142299066,2.7217912242831828,1.0,13.889172961970516,14.379513482737183,14.301326061049064,1.0,15,50,16,0.32,0.3255555555555556,900,293,0.32555555555555554,0.0,1.0,2.5676944231066057,0.04740332068931917,0.04740332068931917,0.015432414402189462,44.50931387499999,0.31205093390064126,3.85812356979405,3.559322033898305,3.9112627986348123,0.931740614334471
294,template_deposition,C,C,none,0,1.0,template_site:index=435:site=C:neigh=1:ahead0=15.133:mode=shell,z,xy,438,144,294,0,294,20177.822536053474,211.47330892247504,500.0,0.001,14.263768955687528,0.014263768955687529,-3883.3987,-3874.2034,-3883.3987,-9.1953125,-7.067871,0.9997694343700674,0.014263768955687529,0.014263768955687529,21,437,435,12,12,1.5951794649258881,7.12149022,1.780372555,31.80956379875,114.11015164550022,0.0,-23.475025,-376.1114,31.815697598253625,10.44509313875,21.370604459503625,15.139300517003623,0.8227734578660238,20.611663082412072,29.74944622728752,30.16797025799633,31.05464313356304,1.7456002584503223,1.0,14.281159094073235,14.38175945424633,14.378246052313038,1.0,15,50,16,0.32,0.3266666666666667,900,294,0.32666666666666666,0.0,1.0,2.576457885301509,0.04857537106827631,0.04857537106827631,0.01586795454897026,44.50931387499999,0.32085776775127245,3.853881278538813,3.533333333333333,3.9047619047619047,0.9251700680272109
295,template_deposition,C,C,none,0,1.0,template_site:index=437:site=C:neigh=2:ahead0=15.133:mode=shell,z,xy,439,144,295,0,295,20322.322903168846,144.50036711537024,500.0,0.001,14.263768955687528,0.014263768955687529,-3893.0115,-3883.3987,-3893.0115,-9.612793,-7.1467285,1.0,0.014263768955687529,0.014263768955687529,25,438,437,11,11,1.2905945555354266,5.3411176650000005,3.56074511,31.80956379875,114.11015164550022,0.0,-23.559267,-377.4611,31.88015475932194,10.44509313875,21.43506162057194,15.203757678071938,0.839927914064295,20.681770779971295,29.78865825443606,30.165013952909348,31.50455097148573,1.7211468822836469,1.0,14.320371121221775,14.378803149159348,14.828153890235729,1.0,15,50,16,0.32,0.3277777777777778,900,295,0.3277777777777778,0.0,1.0,2.585221347496412,0.04854363091939585,0.04854363091939585,0.015911523468024196,44.50931387499999,0.3217387525100729,3.854214123006834,3.540983606557377,3.905084745762712,0.9288135593220339
296,template_deposition,C,C,none,0,1.0,template_site:index=446:site=C:neigh=1:ahead0=15.133:mode=shell,z,xy,440,144,296,0,296,20397.204527023077,74.88162385423,500.0,0.001,14.263768955687528,0.014263768955687529,-3901.5647,-3893.0115,-3901.5647,-8.553223,-5.1047363,0.9858356142585205,0.014263768955687529,0.014263768955687529,24,439,446,10,10,1.6191235381926934,8.901862775,7.12149022,31.80956379875,114.11015164550022,0.0,-23.634222,-378.662,31.88015475932194,10.44509313875,21.43506162057194,15.203757678071938,0.8603934264807647,20.75187847753052,29.860004619504135,30.15971788272154,31.745743802618225,1.7234458514826072,1.0,14.39171748628985,14.37350707897154,15.069346721368223,1.0,15,50,16,0.32,0.32888888888888884,900,296,0.3288888888888889,0.0,1.0,2.593984809691315,0.04862066718341165,0.04862066718341165,0.015990797206988722,44.50931387499999,0.3233417061136365,3.8636363636363638,3.6129032258064515,3.918918918918919,0.9324324324324325
297,template_deposition,C,C,none,0,1.0,template_site:index=447:site=C:neigh=2:ahead0=15.133:mode=shell,z,xy,441,144,297,0,297,20418.406032377712,21.201505354636463,500.0,0.001,14.263768955687528,0.014263768955687529,-3910.285,-3901.5647,-3910.285,-8.720215,-6.1914062,0.9999999999977249,0.014263768955687529,0.014263768955687529,23,440,447,9,9,1.1546142602422098,7.12149022,8.901862775,31.80956379875,114.11015164550022,0.0,-23.710642,-379.88638,31.88015475932194,10.44509313875,21.43506162057194,15.203757678071938,0.8750271044903694,20.821986175089744,29.87427676429632,30.15971788272154,31.77306635252275,1.7360543745272383,1.0,14.405989631082033,14.37350707897154,15.096669271272749,1.0,15,50,16,0.32,0.33,900,297,0.33,0.0,1.0,2.602748271886218,0.048505015592868794,0.048505015592868794,0.016006655145646705,44.50931387499999,0.3236623613551948,3.8594104308390023,3.5873015873015874,3.9124579124579126,0.9292929292929293
298,template_deposition,C,C,none,0,1.0,template_site:index=441:site=C:neigh=1:ahead0=15.133:mode=shell,z,xy,442,144,298,0,298,20512.800694362933,94.39466198522294,500.0,0.001,14.263768955687528,0.014263768955687529,-3918.1802,-3910.285,-3918.1802,-7.8952637,-5.019287,0.5261255782898794,0.014263768955687529,0.014263768955687529,24,441,441,9,9,1.6192188126632179,1.780372555,3.56074511,31.80956379875,114.11015164550022,0.0,-23.779829,-380.99487,31.84866735886138,10.44509313875,21.40357422011138,15.172270277611378,0.8873500345889958,20.89209387264897,29.91246091929153,30.15175702614158,31.761774430468265,1.646838783508777,1.0,14.444173786077243,14.36554622239158,15.085377349218263,1.0,15,50,16,0.32,0.33111111111111113,900,298,0.33111111111111113,0.0,1.0,2.6115117340811214,0.04847038183247397,0.04847038183247397,0.01604908198453027,44.50931387499999,0.32452025269682383,3.8597285067873304,3.59375,3.912751677852349,0.9328859060402684
299,template_deposition,C,C,none,0,1.0,template_site:index=449:site=C:neigh=2:ahead0=15.133:mode=shell,z,xy,443,144,299,0,299,20597.01329269617,84.21259833323867,500.0,0.001,14.263768955687528,0.014263768955687529,-3926.8025,-3918.1802,-3926.8025,-8.622314,-5.8566895,0.999993048150626,0.014263768955687529,0.014263768955687529,23,442,449,8,8,1.158678074252207,3.56074511,1.780372555,31.80956379875,114.11015164550022,0.0,-23.855392,-382.20554,31.91702383088685,10.44509313875,21.47193069213685,15.24062674963685,0.901267519720395,20.962201570208194,29.925122908873938,30.14608281543327,31.766939370109352,1.6599982363320236,1.0,14.456835775659652,14.35987201168327,15.09054228885935,1.0,15,50,16,0.32,0.3322222222222222,900,299,0.3322222222222222,0.0,1.0,2.6202751962760242,0.04835062132327643,0.04835062132327643,0.016063150861844056,44.50931387499999,0.3248047322468337,3.855530474040632,3.5692307692307694,3.9063545150501673,0.9297658862876255
300,template_deposition,C,C,none,0,1.0,template_site:index=443:site=C:neigh=1:ahead0=15.133:mode=shell,z,xy,444,144,300,0,300,20662.246497329335,65.23320463316526,500.0,0.001,14.263768955687528,0.014263768955687529,-3934.9382,-3926.8025,-3934.9382,-8.135742,-5.2834473,0.999995800563171,0.014263768955687529,0.014263768955687529,25,443,443,7,7,1.6078727609819703,0.0,1.780372555,31.80956379875,114.11015164550022,0.0,-23.926691,-383.34787,31.84866735886138,10.44509313875,21.40357422011138,15.172270277611378,0.9120444256272966,21.03230926776742,29.8531276772009,30.14608281543327,31.781951262943238,2.0370220645140873,1.0,14.384840543986613,14.35987201168327,15.105554181693236,1.0,15,50,16,0.32,0.33333333333333326,900,300,0.3333333333333333,0.0,1.0,2.6290386584709275,0.047949468479955376,0.047949468479955376,0.015983156159985124,44.50931387499999,0.3231872004224782,3.8603603603603602,3.606060606060606,3.9133333333333336,0.9333333333333333
301,template_deposition,C,C,none,0,1.0,template_site:index=442:site=C:neigh=2:ahead0=15.133:mode=shell,z,xy,445,144,301,0,301,20790.002262073,127.75576474366592,500.0,0.001,14.263768955687528,0.014263768955687529,-3944.9148,-3934.9382,-3944.9148,-9.9765625,-6.1115723,0.999999999992057,0.014263768955687529,0.014263768955687529,22,444,442,6,6,1.1391663128046159,1.780372555,0.0,31.80956379875,114.11015164550022,0.0,-24.01412,-384.74863,31.94808327112466,10.44509313875,21.50299013237466,15.271686189874657,0.9247378705793993,21.102416965326643,30.02124484680832,30.14608281543327,31.787165567194386,1.7919206697803252,1.0,14.552957713594033,14.35987201168327,15.110768485944384,1.0,15,50,16,0.32,0.33444444444444443,900,301,0.33444444444444443,0.0,1.0,2.6378021206658304,0.04834869672290376,0.04834869672290376,0.01616995301510448,44.50931387499999,0.3269643237921972,3.856179775280899,3.582089552238806,3.9069767441860463,0.9302325581395349
302,template_deposition,C,C,none,0,1.0,template_site:index=439:site=C:neigh=2:ahead0=15.133:mode=shell,z,xy,446,144,302,0,302,20796.926113924885,6.923851851884683,500.0,0.001,14.263768955687528,0.014263768955687529,-3953.655,-3944.9148,-3953.655,-8.740234,-5.838135,0.9999999997482656,0.014263768955687529,0.014263768955687529,25,445,439,5,5,1.6638935495422893,3.56074511,8.901862775,31.80956379875,114.11015164550022,0.0,-24.090715,-385.97583,31.850237849757825,10.44509313875,21.405144711007825,15.173840768507823,0.9312908474516629,21.17252466288587,30.05818440266576,30.142742117214866,31.786512967546493,1.8030201273889446,1.0,14.589897269451473,14.356531313464865,15.11011588629649,1.0,15,50,16,0.32,0.33555555555555555,900,302,0.33555555555555555,0.0,1.0,2.6465655828607337,0.04831091811076647,0.04831091811076647,0.01621099696605719,44.50931387499999,0.3277942524664783,3.8565022421524664,3.588235294117647,3.9072847682119205,0.9337748344370861
303,template_deposition,C,C,none,0,1.0,template_site:index=448:site=C:neigh=2:ahead0=15.133:mode=shell,z,xy,447,144,303,0,303,20903.070076379023,106.14396245413786,500.0,0.001,14.263768955687528,0.014263768955687529,-3962.6587,-3953.655,-3962.6587,-9.003662,-5.9609375,0.9999999987893193,0.014263768955687529,0.014263768955687529,27,446,448,4,4,1.6756507322537575,5.3411176650000005,0.0,31.80956379875,114.11015164550022,0.0,-24.169615,-387.23993,31.824325195905946,10.44509313875,21.379232057155946,15.147928114655944,0.9374507178275865,21.242632360445093,30.140164104474643,30.150352291558267,31.78565531127188,1.7904270856032765,1.0,14.671876971260357,14.364141487808267,15.10925823002188,1.0,15,50,16,0.32,0.3366666666666667,900,303,0.33666666666666667,0.0,1.0,2.6553290450556366,0.04842203620878006,0.04842203620878006,0.01630208552362262,44.50931387499999,0.3296361074552817,3.8612975391498883,3.6231884057971016,3.9141914191419143,0.9372937293729373
304,template_deposition,C,C,none,0,1.0,template_site:index=434:site=C:neigh=1:ahead0=15.133:mode=shell,z,xy,448,144,304,0,304,20903.31763461105,0.24755823202543709,500.0,0.001,14.263768955687528,0.014263768955687529,-3971.479,-3962.6587,-3971.479,-8.8203125,-4.991699,0.7707553996694388,0.014263768955687529,0.014263768955687529,27,447,434,3,3,1.6001997746441934,8.901862775,0.0,31.80956379875,114.11015164550022,0.0,-24.246912,-388.47836,31.84413411224982,10.44509313875,21.39904097349982,15.167737030999817,0.9441817119214216,21.31274005800432,30.01760774115258,30.150352291558267,31.778946840479094,2.514207661177298,1.0,14.549320607938295,14.364141487808267,15.102549759229092,1.0,15,50,16,0.32,0.3366666666666667,900,303,0.33666666666666667,0.0,1.0,2.66409250725054,0.04785960726295492,0.04785960726295492,0.016165911786598104,44.50931387499999,0.32688260818395504,3.8660714285714284,3.657142857142857,3.9210526315789473,0.9407894736842105
305,template_deposition,C,C,none,0,1.0,template_site:index=444:site=C:neigh=2:ahead0=15.133:mode=shell,z,xy,449,144,305,0,305,21041.359851223835,138.04221661278558,500.0,0.001,14.263768955687528,0.014263768955687529,-3981.4426,-3971.479,-3981.4426,-9.963623,-6.1760254,0.9999999989338544,0.014263768955687529,0.014263768955687529,26,448,444,2,2,1.1514788310448054,0.0,8.901862775,31.80956379875,114.11015164550022,0.0,-24.33423,-389.87735,31.929735479346306,10.44509313875,21.484642340596306,15.253338398096304,0.953947831247217,21.382847755563542,30.047490757592684,30.18426300887551,31.796781414420497,2.5264156894724032,1.0,14.579203624378398,14.398052205125511,15.120384333170495,1.0,15,50,16,0.32,0.3366666666666667,900,303,0.33666666666666667,0.0,1.0,2.672855969445443,0.04780066762091278,0.04780066762091278,0.01619911513819822,44.50931387499999,0.3275539961214107,3.861915367483296,3.6338028169014085,3.914754098360656,0.9377049180327869
306,template_deposition,C,C,none,0,1.0,template_site:index=445:site=C:neigh=2:ahead0=15.133:mode=shell,z,xy,450,144,306,0,306,21209.620987886654,168.26113666281762,500.0,0.001,14.263768955687528,0.014263768955687529,-3989.531,-3981.4426,-3989.531,-8.088379,-5.9555664,1.0,0.014263768955687529,0.014263768955687529,27,449,445,1,1,1.6284656095486874,1.780372555,7.12149022,31.80956379875,114.11015164550022,0.0,-24.405111,-391.013,31.84413411224982,10.44509313875,21.39904097349982,15.167737030999817,0.9580337129997013,21.45295545312277,30.00551756600512,30.21522079397087,31.798337110123104,2.772327632698117,1.0,14.537230432790835,14.429009990220871,15.121940028873102,1.0,15,50,16,0.32,0.3377777777777778,900,304,0.3377777777777778,0.0,1.0,2.681619431640346,0.04750728899604848,0.04750728899604848,0.016152478258656483,44.50931387499999,0.32661097570762854,3.862222222222222,3.638888888888889,3.915032679738562,0.9411764705882353
307,template_deposition,C,C,none,0,1.0,template_site:index=450:site=C:neigh=2:ahead0=16.023:mode=shell,z,xy,451,144,307,0,307,21377.58918871796,167.96820083130717,500.0,0.001,14.263768955687528,0.014263768955687529,-4000.3247,-3989.531,-4000.3247,-10.793701,-9.821289,0.9646320074999628,0.014263768955687529,0.014263768955687529,19,450,450,14,14,1.355259395574556,6.231303942499999,0.8901862775,32.69975007625,114.11015164550022,0.0,-24.4997,-392.52847,32.59186476746467,10.44509313875,22.14677162871467,15.915467686214669,0.7059750453102477,21.523063150681992,30.230696243979022,30.63838235130883,31.80026250815523,1.8745399791060153,1.0,14.762409110764736,14.85217154755883,15.12386542690523,1.0,15,50,16,0.32,0.33888888888888885,900,305,0.3388888888888889,0.0,1.0,2.690382893835249,0.04808602316210012,0.04808602316210012,0.016402676789738595,44.50931387499999,0.33167011183824363,3.8625277161862526,3.5272727272727273,3.9153094462540716,0.9381107491856677
308,template_deposition,C,C,none,0,1.0,template_site:index=466:site=C:neigh=2:ahead0=16.023:mode=shell,z,xy,452,144,308,0,308,21472.47369888417,94.88451016620965,500.0,0.001,14.263768955687528,0.014263768955687529,-4010.287,-4000.3247,-4010.287,-9.962402,-9.425293,0.8605571564532378,0.014263768955687529,0.014263768955687529,20,451,466,12,12,1.378169296645818,8.0116764975,6.231303942499999,32.69975007625,114.11015164550022,0.0,-24.587006,-393.92728,32.60415793128266,10.44509313875,22.159064792532657,15.927760850032655,0.7333301381091645,21.59317084824122,30.299906474655685,31.028677715532808,31.809998893918426,1.8966400522905438,1.0,14.8316193414414,15.242466911782808,15.133601812668424,1.0,15,50,16,0.32,0.34,900,306,0.34,0.0,1.0,2.6991463560301523,0.04815460825143311,0.04815460825143311,0.016479577046046,44.50931387499999,0.33322507246673216,3.8672566371681416,3.5714285714285716,3.9220779220779223,0.9383116883116883
309,template_deposition,C,C,none,0,1.0,template_site:index=455:site=C:neigh=2:ahead0=16.023:mode=shell,z,xy,453,144,309,0,309,21480.860461399952,8.3867625157854,500.0,0.001,14.263768955687528,0.014263768955687529,-4021.1077,-4010.287,-4021.1077,-10.820557,-9.339111,0.999999961922268,0.014263768955687529,0.014263768955687529,19,452,455,11,11,1.5568938157917531,2.6705588325000003,8.0116764975,32.69975007625,114.11015164550022,0.0,-24.681833,-395.44656,32.60415793128266,10.44509313875,22.159064792532657,15.927760850032655,0.7562995253395223,21.66327854580044,30.299523787920602,31.028677715532808,31.853466008564066,1.914367149893015,1.0,14.831236654706316,15.242466911782808,15.177068927314064,1.0,15,50,16,0.32,0.34111111111111114,900,307,0.3411111111111111,0.0,1.0,2.707909818225055,0.04799752962688128,0.04799752962688128,0.016479151838562574,44.50931387499999,0.333216474564366,3.8675496688741724,3.5789473684210527,3.9223300970873787,0.9352750809061489
310,template_deposition,C,C,none,0,1.0,template_site:index=460:site=C:neigh=2:ahead0=16.023:mode=shell,z,xy,454,144,310,0,310,21542.894310948275,62.03384954832152,500.0,0.001,14.263768955687528,0.014263768955687529,-4030.3562,-4021.1077,-4030.3562,-9.248535,-8.141357,0.9999999999999969,0.014263768955687529,0.014263768955687529,21,453,460,11,11,1.5089149273000149,9.792049052500001,8.0116764975,32.69975007625,114.11015164550022,0.0,-24.762882,-396.74512,32.62816117185493,10.44509313875,22.183068033104927,15.951764090604925,0.7779397655018232,21.733386243359668,30.383025095977555,31.02497941140796,31.880050963639118,1.902741661969487,1.0,14.914737962763269,15.238768607657958,15.203653882389116,1.0,15,50,16,0.32,0.3422222222222222,900,308,0.3422222222222222,0.0,1.0,2.7166732804199585,0.04811205794439764,0.04811205794439764,0.016571931069736964,44.50931387499999,0.3350925157968024,3.86784140969163,3.586206896551724,3.92258064516129,0.9354838709677419
311,template_deposition,C,C,none,0,1.0,template_site:index=457:site=C:neigh=2:ahead0=16.023:mode=shell,z,xy,455,144,311,0,311,21588.179870818698,45.28555987042333,500.0,0.001,14.263768955687528,0.014263768955687529,-4038.057,-4030.3562,-4038.057,-7.7006836,-6.6691895,0.9999989816890689,0.014263768955687529,0.014263768955687529,22,454,457,10,10,1.5645005001021137,4.4509313875,9.792049052500001,32.69975007625,114.11015164550022,0.0,-24.830366,-397.82632,32.64816432810539,10.44509313875,22.203071189355388,15.971767246855386,0.8012239166394557,21.80349394091889,30.463389991795626,31.031037523543635,31.92286190100308,1.9276823900949496,1.0,14.99510285858134,15.244826719793634,15.24646481975308,1.0,15,50,16,0.32,0.34333333333333327,900,309,0.3433333333333333,0.0,1.0,2.7254367426148614,0.04821576481858952,0.04821576481858952,0.016661225398423712,44.50931387499999,0.3368980906039937,3.868131868131868,3.593220338983051,3.922829581993569,0.9389067524115756
312,template_deposition,C,C,none,0,1.0,template_site:index=459:site=C:neigh=2:ahead0=16.023:mode=shell,z,xy,456,144,312,0,312,21664.18423391975,76.00436310105229,500.0,0.001,14.263768955687528,0.014263768955687529,-4046.6309,-4038.057,-4046.6309,-8.573975,-6.069092,0.999999999999998,0.014263768955687529,0.014263768955687529,21,455,459,9,9,1.158439819013945,6.231303942499999,4.4509313875,32.69975007625,114.11015164550022,0.0,-24.905502,-399.03015,32.74448143546301,10.44509313875,22.29938829671301,16.068084354213006,0.821181466867036,21.873601638478117,30.506736276483103,31.035070945441298,31.9433474504918,1.9481626686285434,1.0,15.038449143268817,15.248860141691297,15.266950369241798,1.0,15,50,16,0.32,0.34444444444444444,900,310,0.34444444444444444,0.0,1.0,2.7342002048097647,0.04820015751047698,0.04820015751047698,0.01670938793696535,44.50931387499999,0.33787196058566116,3.8640350877192984,3.566666666666667,3.9166666666666665,0.9358974358974359
313,template_deposition,C,C,none,0,1.0,template_site:index=462:site=C:neigh=1:ahead0=16.023:mode=shell,z,xy,457,144,313,0,313,21754.05356954088,89.86933562112863,500.0,0.001,14.263768955687528,0.014263768955687529,-4053.5337,-4046.6309,-4053.5337,-6.902832,-4.626953,0.8528987242165335,0.014263768955687529,0.014263768955687529,23,456,462,9,9,1.6345457946761244,0.8901862775,6.231303942499999,32.69975007625,114.11015164550022,0.0,-24.965996,-399.99936,32.74448143546301,10.44509313875,22.29938829671301,16.068084354213006,0.8438982884103612,21.94370933603734,30.463996492114013,31.035070945441298,32.43333047658152,2.0602284020209884,1.0,14.995709358899727,15.248860141691297,15.756933395331515,1.0,15,50,16,0.32,0.34555555555555556,900,311,0.34555555555555556,0.0,1.0,2.7429636670046675,0.04790961456517485,0.04790961456517485,0.016661899287666364,44.50931387499999,0.336911716972625,3.8643326039387307,3.5737704918032787,3.916932907348243,0.939297124600639
314,template_deposition,C,C,none,0,1.0,template_site:index=467:site=C:neigh=2:ahead0=16.023:mode=shell,z,xy,458,144,314,0,314,21899.35005139808,145.2964818572004,500.0,0.001,14.263768955687528,0.014263768955687529,-4063.0012,-4053.5337,-4063.0012,-9.467529,-6.434326,0.9999999999999982,0.014263768955687529,0.014263768955687529,23,457,467,8,8,1.159290363597513,9.792049052500001,4.4509313875,32.69975007625,114.11015164550022,0.0,-25.048965,-401.32867,32.74283502435756,10.44509313875,22.29774188560756,16.06643794310756,0.860053709726418,22.013817033596567,30.503794569683954,31.031037523543635,32.63850699668629,2.006612892129221,1.0,15.035507436469668,15.244826719793634,15.962109915436287,1.0,15,50,16,0.32,0.34666666666666673,900,312,0.3466666666666667,0.0,1.0,2.751727129199571,0.04788378164480786,0.04788378164480786,0.01670611937385519,44.50931387499999,0.33780586864797346,3.8602620087336246,3.5483870967741935,3.910828025477707,0.9363057324840764
315,template_deposition,C,C,none,0,1.0,template_site:index=465:site=C:neigh=2:ahead0=16.023:mode=shell,z,xy,459,144,315,0,315,21931.783824645816,32.43377324773567,500.0,0.001,14.263768955687528,0.014263768955687529,-4071.1365,-4063.0012,-4071.1365,-8.135254,-5.173584,0.9974865431719308,0.014263768955687529,0.014263768955687529,24,458,465,7,7,1.6297476709527208,8.0116764975,2.6705588325000003,32.69975007625,114.11015164550022,0.0,-25.120258,-402.47092,32.75391849876887,10.44509313875,22.30882536001887,16.077521417518867,0.8751453891474453,22.08392473115579,30.519245049980867,31.037000163745297,32.65508274360665,2.091525431692111,1.0,15.050957916766581,15.250789359995297,15.978685662356646,1.0,15,50,16,0.32,0.3477777777777778,900,313,0.3477777777777778,0.0,1.0,2.7604905913944737,0.04778081878338597,0.04778081878338597,0.01672328657418509,44.50931387499999,0.33815299779807234,3.860566448801743,3.5555555555555554,3.911111111111111,0.9396825396825397
316,template_deposition,C,C,none,0,1.0,template_site:index=454:site=C:neigh=1:ahead0=16.023:mode=shell,z,xy,460,144,316,0,316,22039.234214158772,107.45038951295675,500.0,0.001,14.263768955687528,0.014263768955687529,-4079.6714,-4071.1365,-4079.6714,-8.534912,-4.916504,0.9224535087609218,0.014263768955687529,0.014263768955687529,24,459,454,6,6,1.6481568225089505,0.8901862775,9.792049052500001,32.69975007625,114.11015164550022,0.0,-25.195051,-403.66922,32.75391849876887,10.44509313875,22.30882536001887,16.077521417518867,0.8901010148294471,22.154032428715016,30.53114072690985,31.035070945441298,32.661467369227296,2.1211138083846177,1.0,15.062853593695564,15.248860141691297,15.985070287977294,1.0,16,50,17,0.34,0.35,900,315,0.35,0.0,1.0,2.769254053589377,0.047667258207897356,0.047667258207897356,0.01673650399299507,44.50931387499999,0.3384202604425245,3.865217391304348,3.59375,3.9177215189873418,0.9430379746835443
317,template_deposition,C,C,none,0,1.0,template_site:index=452:site=C:neigh=2:ahead0=16.023:mode=shell,z,xy,461,144,317,0,317,22136.85911086279,97.62489670401996,500.0,0.001,14.263768955687528,0.014263768955687529,-4090.6042,-4079.6714,-4090.6042,-10.932861,-6.003662,0.999999999053458,0.014263768955687529,0.014263768955687529,23,460,452,5,5,1.2158800367999893,2.6705588325000003,0.8901862775,32.69975007625,114.11015164550022,0.0,-25.290863,-405.2043,32.81310276081472,10.44509313875,22.368009622064722,16.13670567956472,0.9053659923347166,22.22414012627424,30.503707895408837,31.035070945441298,32.657473026265706,2.3609770858244854,1.0,15.035420762194551,15.248860141691297,15.981075945015704,1.0,16,50,17,0.34,0.3522222222222222,900,317,0.3522222222222222,0.0,1.0,2.77801751578428,0.04743034940755379,0.04743034940755379,0.016706023069105055,44.50931387499999,0.337803921319031,3.8655097613882865,3.6,3.917981072555205,0.9400630914826499
318,template_deposition,C,C,none,0,1.0,template_site:index=451:site=C:neigh=2:ahead0=16.023:mode=shell,z,xy,462,144,318,0,318,22193.4888758158,56.62976495301075,500.0,0.001,14.263768955687528,0.014263768955687529,-4104.314,-4090.6042,-4104.314,-13.709717,-6.494873,1.0,0.014263768955687529,0.014263768955687529,25,461,451,4,4,1.5991314737120543,4.4509313875,2.6705588325000003,32.69975007625,114.11015164550022,0.0,-25.411007,-407.1292,32.75391849876887,10.44509313875,22.30882536001887,16.077521417518867,0.9106635601511933,22.294247823833466,30.59791807205291,31.041768089015463,32.657049289108905,2.3601403499887885,1.0,15.129630938838623,15.255557285265462,15.980652207858903,1.0,16,50,17,0.34,0.3533333333333333,900,318,0.35333333333333333,0.0,1.0,2.7867809779791832,0.047577455782511394,0.047577455782511394,0.016810701043154026,44.50931387499999,0.33992056092638717,3.8744588744588744,3.6666666666666665,3.930817610062893,0.9433962264150944
319,template_deposition,C,C,none,0,1.0,template_site:index=461:site=C:neigh=2:ahead0=16.023:mode=shell,z,xy,463,144,319,0,319,22204.991357842286,11.502482026484175,500.0,0.001,14.263768955687528,0.014263768955687529,-4112.274,-4104.314,-4112.274,-7.959961,-3.4467773,0.5501827960012494,0.014263768955687529,0.014263768955687529,24,462,461,3,3,1.1775929279188202,8.0116764975,9.792049052500001,32.69975007625,114.11015164550022,0.0,-25.480762,-408.24683,32.86295782759657,10.44509313875,22.417864688846567,16.186560746346565,0.9228198070859345,22.36435552139269,30.615484854103244,31.042398395778385,32.656237846675054,2.3724917203457925,1.0,15.147197720888958,15.256187592028384,15.979840765425052,1.0,16,50,17,0.34,0.35444444444444445,900,319,0.35444444444444445,0.0,1.0,2.795544440174086,0.04748337843538858,0.04748337843538858,0.016830219689876618,44.50931387499999,0.34031523746756387,3.879049676025918,3.701492537313433,3.93730407523511,0.9467084639498433
320,template_deposition,C,C,none,0,1.0,template_site:index=458:site=C:neigh=2:ahead0=16.023:mode=shell,z,xy,464,144,320,0,320,22473.178771520437,268.1874136781514,500.0,0.001,14.263768955687528,0.014263768955687529,-4120.4204,-4112.274,-4120.4204,-8.146484,-3.4282227,0.9538749563513965,0.014263768955687529,0.014263768955687529,24,463,458,3,3,1.1841182238051695,4.4509313875,6.231303942499999,32.69975007625,114.11015164550022,0.0,-25.552155,-409.39066,32.86295782759657,10.44509313875,22.417864688846567,16.186560746346565,0.9347368851968284,22.434463218951915,30.715644204905338,31.04425581142184,32.65532141253325,2.342849181851336,1.0,15.247357071691052,15.258045007671841,15.978924331283245,1.0,16,50,17,0.34,0.35555555555555557,900,320,0.35555555555555557,0.0,1.0,2.8043079023689894,0.04764799084903454,0.04764799084903454,0.016941507857434503,44.50931387499999,0.3425655384064501,3.8793103448275863,3.7058823529411766,3.9375,0.95
321,template_deposition,C,C,none,0,1.0,template_site:index=453:site=C:neigh=2:ahead0=16.023:mode=shell,z,xy,465,144,321,0,321,22497.2382030342,24.059431513763883,500.0,0.001,14.263768955687528,0.014263768955687529,-4128.1313,-4120.4204,-4128.1313,-7.7109375,-3.2958984,0.9639605376246905,0.014263768955687529,0.014263768955687529,24,464,453,2,2,1.157129642960153,0.8901862775,2.6705588325000003,32.69975007625,114.11015164550022,0.0,-25.619728,-410.4733,32.86778075348688,10.44509313875,22.422687614736883,16.19138367223688,0.945630579573053,22.50457091651114,30.81426445303312,31.40156697908865,32.658845274724925,2.30402426569651,1.0,15.345977319818832,15.615356175338649,15.982448193474923,1.0,16,50,17,0.34,0.3566666666666667,900,321,0.3566666666666667,0.0,1.0,2.8130713645638923,0.04780678292778452,0.04780678292778452,0.017051085910909813,44.50931387499999,0.3447812600058606,3.879569892473118,3.710144927536232,3.9376947040498442,0.9532710280373832
322,template_deposition,C,C,none,0,1.0,template_site:index=464:site=C:neigh=1:ahead0=16.023:mode=shell,z,xy,466,144,322,0,322,22549.68527156773,52.447068533529006,500.0,0.001,14.263768955687528,0.014263768955687529,-4138.0044,-4128.1313,-4138.0044,-9.873047,-3.4003906,1.0,0.014263768955687529,0.014263768955687529,28,465,464,1,1,1.898419743371093,9.792049052500001,0.8901862775,32.69975007625,114.11015164550022,0.0,-25.706251,-411.85956,32.85964416409584,10.44509313875,22.41455102534584,16.18324708284584,0.9473833046321284,22.574678614070365,30.997278973184,31.806436173819243,32.658845274724925,2.1883735614443736,1.0,15.528991839969713,16.02022537006924,15.982448193474923,1.0,16,50,17,0.34,0.3566666666666667,900,321,0.3566666666666667,0.0,1.0,2.8218348267587956,0.048226682732825196,0.048226682732825196,0.017254435377744126,44.50931387499999,0.3488930852446154,3.875536480686695,3.6857142857142855,3.9316770186335406,0.9440993788819876
323,template_deposition,C,C,none,0,1.0,template_site:index=456:site=C:neigh=1:ahead0=16.023:mode=shell,z,xy,467,144,323,0,323,23154.70560857341,605.0203370056821,500.0,0.001,14.263768955687528,0.014263768955687529,-4146.2417,-4138.0044,-4146.2417,-8.237305,-4.3120117,0.8990923094558056,0.014263768955687529,0.014263768955687529,28,466,456,2,2,1.695972697510188,6.231303942499999,8.0116764975,32.69975007625,114.11015164550022,0.0,-25.778439,-413.0161,32.78458377339615,10.44509313875,22.33949063464615,16.10818669214615,0.9498582099223785,22.644786311629588,31.001977392441983,31.86570147303884,32.666647106766455,2.1759315758154023,1.0,15.533690259227697,16.079490669288838,15.990250025516453,1.0,16,50,17,0.34,0.3577777777777778,900,322,0.35777777777777775,0.0,1.0,2.8305982889536985,0.04809192030720649,0.04809192030720649,0.01725965584358633,44.50931387499999,0.348998645606008,3.8715203426124196,3.6619718309859155,3.9256965944272446,0.9411764705882353
324,template_deposition,C,C,none,0,1.0,template_site:index=463:site=C:neigh=2:ahead0=16.023:mode=shell,z,xy,468,144,324,0,324,23160.03295643266,5.327347859250075,500.0,0.001,14.263768955687528,0.014263768955687529,-4153.364,-4146.2417,-4153.364,-7.1220703,-5.004883,1.0,0.014263768955687529,0.014263768955687529,27,467,463,1,1,1.7113030637846405,2.6705588325000003,4.4509313875,32.69975007625,114.11015164550022,0.0,-25.840853,-414.0161,32.75575207028302,10.44509313875,22.310658931533023,16.07935498903302,0.9513999996888374,22.714894009188814,31.101788783099707,31.95295501411222,32.669898503420505,1.8592693737794281,1.0,15.633501649885421,16.166744210362218,15.993501422170503,1.0,17,50,18,0.36,0.35888888888888887,900,323,0.35888888888888887,0.0,1.0,2.839361751148602,0.0482515483021155,0.0482515483021155,0.01737055738876158,44.50931387499999,0.3512411288520548,3.871794871794872,3.6666666666666665,3.925925925925926,0.9444444444444444
325,template_deposition,C,C,none,0,1.0,template_site:index=476:site=C:neigh=1:ahead0=16.914:mode=shell,z,xy,469,144,325,0,325,23170.97766662316,10.944710190500066,500.0,0.001,14.263768955687528,0.014263768955687529,-4162.0967,-4153.364,-4162.0967,-8.73291,-7.385742,0.8200669645485538,0.014263768955687529,0.014263768955687529,19,468,476,18,18,1.5020342020194832,5.3411176650000005,5.3411176650000005,33.58993635375,114.11015164550022,0.0,-25.917383,-415.24228,33.57024631598022,10.44509313875,23.12515317723022,16.89384923473022,0.7038863464349626,22.785001706748037,31.132738121823166,31.93824868803261,32.67631360528294,1.8768587821770188,1.0,15.66445098860888,16.152037884282606,15.99991652403294,1.0,17,50,18,0.36,0.36,900,324,0.36,0.0,1.0,2.8481252133435047,0.04819831073418117,0.04819831073418117,0.017404945542898755,44.50931387499999,0.3519364740737398,3.8720682302771854,3.5636363636363635,3.9261538461538463,0.9446153846153846
326,template_deposition,C,C,none,0,1.0,template_site:index=470:site=C:neigh=1:ahead0=16.914:mode=shell,z,xy,470,144,326,0,326,23268.599280756815,97.62161413365688,500.0,0.001,14.263768955687528,0.014263768955687529,-4170.8677,-4162.0967,-4170.8677,-8.770996,-7.253418,0.4097441410263356,0.014263768955687529,0.014263768955687529,19,469,470,17,17,1.5228687054047716,7.12149022,0.0,33.58993635375,114.11015164550022,0.0,-25.994247,-416.47375,33.57024631598022,10.44509313875,23.12515317723022,16.89384923473022,0.7333931627490969,22.855109404307264,31.20200465394607,31.94706576591796,32.68236814490788,1.9006245900503695,1.0,15.733717520731783,16.16085496216796,16.00597106365788,1.0,17,50,18,0.36,0.36111111111111116,900,325,0.3611111111111111,0.0,1.0,2.856888675538408,0.048262937180158845,0.048262937180158845,0.017481908356368647,44.50931387499999,0.35349269963851554,3.872340425531915,3.5714285714285716,3.9263803680981595,0.9447852760736196
327,template_deposition,C,C,none,0,1.0,template_site:index=483:site=C:neigh=1:ahead0=16.914:mode=shell,z,xy,471,144,327,0,327,23399.584902255538,130.98562149872305,500.0,0.001,14.263768955687528,0.014263768955687529,-4179.476,-4170.8677,-4179.476,-8.608398,-7.262207,0.7209863412866817,0.014263768955687529,0.014263768955687529,19,470,483,16,16,1.5112211165964786,1.780372555,1.780372555,33.58993635375,114.11015164550022,0.0,-26.069687,-417.68243,33.57478280517773,10.44509313875,23.129689666427733,16.89838572392773,0.7585982492776887,22.925217101866487,31.258257869079447,31.944494690576363,32.75182002885371,1.9197395162167914,1.0,15.789970735865161,16.15828388682636,16.075422947603705,1.0,17,50,18,0.36,0.3622222222222222,900,326,0.3622222222222222,0.0,1.0,2.865652137733311,0.048287372280933216,0.048287372280933216,0.017544411928739068,44.50931387499999,0.3547565523074504,3.872611464968153,3.5789473684210527,3.926605504587156,0.944954128440367
328,template_deposition,C,C,none,0,1.0,template_site:index=477:site=C:neigh=1:ahead0=16.914:mode=shell,z,xy,472,144,328,0,328,23426.409198640136,26.824296384598576,500.0,0.001,14.263768955687528,0.014263768955687529,-4189.95,-4179.476,-4189.95,-10.474121,-7.2285156,0.9457234859980796,0.014263768955687529,0.014263768955687529,21,471,477,15,15,1.5710661202187668,3.56074511,3.56074511,33.58993635375,114.11015164550022,0.0,-26.161476,-419.15308,33.61125270686452,10.44509313875,23.16615956811452,16.934855625614517,0.7785621539610377,22.995324799425713,31.18480240333669,31.937348224968467,32.80799703158381,2.324371469178569,1.0,15.716515270122404,16.151137421218465,16.131599950333808,1.0,17,50,18,0.36,0.36333333333333334,900,327,0.36333333333333334,0.0,1.0,2.874415599928214,0.0479162050918366,0.0479162050918366,0.01746279474458045,44.50931387499999,0.3531062131009407,3.8686440677966103,3.5517241379310347,3.9207317073170733,0.9390243902439024
329,template_deposition,C,C,none,0,1.0,template_site:index=485:site=C:neigh=2:ahead0=16.914:mode=shell,z,xy,473,144,329,0,329,23449.271097492096,22.861898851958344,500.0,0.001,14.263768955687528,0.014263768955687529,-4198.3726,-4189.95,-4198.3726,-8.422363,-7.387207,0.9989877569596156,0.014263768955687529,0.014263768955687529,24,472,485,14,14,1.4249895307612688,5.3411176650000005,1.780372555,33.58993635375,114.11015164550022,0.0,-26.235285,-420.3356,33.618746237692314,10.44509313875,23.173653098942314,16.94234915644231,0.7998319601204873,23.065432496984936,31.22594779626134,31.95270314494782,32.81209107448945,2.343828096918696,1.0,15.757660663047055,16.166492341197817,16.13569399323945,1.0,17,50,18,0.36,0.3644444444444444,900,328,0.36444444444444446,0.0,1.0,2.883179062123117,0.04789562511564455,0.04789562511564455,0.01750851184783006,44.50931387499999,0.35403063519021855,3.86892177589852,3.559322033898305,3.9209726443768997,0.9422492401215805
330,template_deposition,C,C,none,0,1.0,template_site:index=474:site=C:neigh=1:ahead0=16.914:mode=shell,z,xy,474,144,330,0,330,23468.06978960856,18.79869211646268,500.0,0.001,14.263768955687528,0.014263768955687529,-4206.96,-4198.3726,-4206.96,-8.587402,-6.938965,0.5679942752479349,0.014263768955687529,0.014263768955687529,21,473,474,13,13,1.5707238178133036,7.12149022,7.12149022,33.58993635375,114.11015164550022,0.0,-26.310541,-421.54135,33.618746237692314,10.44509313875,23.173653098942314,16.94234915644231,0.8209388074674696,23.135540194544163,31.170665784232725,31.934295200863808,32.83918238647766,2.419460995359025,1.0,15.702378651018439,16.148084397113806,16.162785305227658,1.0,17,50,18,0.36,0.3666666666666667,900,330,0.36666666666666664,0.0,1.0,2.8919425243180203,0.047582965609146786,0.047582965609146786,0.017447087390020488,44.50931387499999,0.3527886027431701,3.869198312236287,3.566666666666667,3.9212121212121214,0.9424242424242424
331,template_deposition,C,C,none,0,1.0,template_site:index=471:site=C:neigh=1:ahead0=16.914:mode=shell,z,xy,475,144,331,0,331,23509.79170640042,41.721916791861375,500.0,0.001,14.263768955687528,0.014263768955687529,-4215.85,-4206.96,-4215.85,-8.890137,-6.890625,0.9955288127919345,0.014263768955687529,0.014263768955687529,22,474,471,12,12,1.5906431396126746,8.901862775,1.780372555,33.58993635375,114.11015164550022,0.0,-26.388449,-422.78958,33.618746237692314,10.44509313875,23.173653098942314,16.94234915644231,0.8404116379608857,23.205647892103386,31.224777288516375,31.934295200863808,33.297261032614706,2.436828031299445,1.0,15.756490155302089,16.148084397113806,16.620863951364704,1.0,17,50,18,0.36,0.3666666666666667,900,330,0.36666666666666664,0.0,1.0,2.900705986512923,0.047602689290942864,0.047602689290942864,0.01750721128366899,44.50931387499999,0.35400433714958257,3.869473684210526,3.5737704918032787,3.921450151057402,0.9425981873111783
332,template_deposition,C,C,none,0,1.0,template_site:index=469:site=C:neigh=2:ahead0=16.914:mode=shell,z,xy,476,144,332,0,332,23527.00446045159,17.212754051167312,500.0,0.001,14.263768955687528,0.014263768955687529,-4225.1934,-4215.85,-4225.1934,-9.343262,-6.0390625,0.9999999999999869,0.014263768955687529,0.014263768955687529,26,475,469,11,11,1.241819862452768,7.12149022,3.56074511,33.58993635375,114.11015164550022,0.0,-26.470327,-424.1014,33.72593546259748,10.44509313875,23.280842323847477,17.049538381347475,0.8577045113932708,23.275755589662612,31.19767535162688,31.940576280978703,33.49391677319754,2.523503167040063,1.0,15.729388218412595,16.1543654772287,16.81751969194754,1.0,17,50,18,0.36,0.36777777777777776,900,331,0.36777777777777776,0.0,1.0,2.9094694487078265,0.04737767535666444,0.04737767535666444,0.017477098020458437,44.50931387499999,0.35339543230405723,3.865546218487395,3.5483870967741935,3.9156626506024095,0.9397590361445783
333,template_deposition,C,C,none,0,1.0,template_site:index=475:site=C:neigh=1:ahead0=16.914:mode=shell,z,xy,477,144,333,0,333,23532.8562413152,5.851780863608206,500.0,0.001,14.263768955687528,0.014263768955687529,-4233.2446,-4225.1934,-4233.2446,-8.05127,-4.688965,0.32193066164258194,0.014263768955687529,0.014263768955687529,23,476,475,9,9,1.6064043391160623,8.901862775,8.901862775,33.58993635375,114.11015164550022,0.0,-26.540886,-425.23187,33.72593546259748,10.44509313875,23.280842323847477,17.049538381347475,0.8750419418266627,23.345863287221835,31.237299046125454,31.930100148295374,33.50505244468877,2.5367530612977993,1.0,15.769011912911168,16.14388934454537,16.82865536343877,1.0,16,50,17,0.34,0.3666666666666667,900,330,0.36666666666666664,0.0,1.0,2.9182329109027294,0.04735439012886237,0.04735439012886237,0.017521124347679076,44.50931387499999,0.3542856660787196,3.870020964360587,3.5873015873015874,3.921921921921922,0.9429429429429429
334,template_deposition,C,C,none,0,1.0,template_site:index=481:site=C:neigh=2:ahead0=16.914:mode=shell,z,xy,478,144,334,0,334,23616.385642453653,83.52940113845222,500.0,0.001,14.263768955687528,0.014263768955687529,-4241.916,-4233.2446,-4241.916,-8.671387,-5.6225586,0.9999453210590599,0.014263768955687529,0.014263768955687529,21,477,481,8,8,1.1311226742563205,0.0,7.12149022,33.58993635375,114.11015164550022,0.0,-26.616877,-426.44937,33.72593546259748,10.44509313875,23.280842323847477,17.049538381347475,0.8890350393251961,23.41597098478106,31.250928284701935,31.930100148295374,33.52015751922978,2.5477652265374884,1.0,15.782641151487649,16.14388934454537,16.843760437979775,1.0,17,50,18,0.36,0.3688888888888889,900,332,0.3688888888888889,0.0,1.0,2.9269963730976327,0.047253416621220505,0.047253416621220505,0.01753626794609739,44.50931387499999,0.35459187701278966,3.8661087866108788,3.5625,3.9161676646706587,0.9401197604790419
335,template_deposition,C,C,none,0,1.0,template_site:index=482:site=C:neigh=1:ahead0=16.914:mode=shell,z,xy,479,144,335,0,335,23713.074266599753,96.6886241460991,500.0,0.001,14.263768955687528,0.014263768955687529,-4249.1846,-4241.916,-4249.1846,-7.2685547,-5.254883,0.9999998107490068,0.014263768955687529,0.014263768955687529,25,478,482,7,7,1.602737002923963,0.0,0.0,33.58993635375,114.11015164550022,0.0,-26.680574,-427.46994,33.72593546259748,10.44509313875,23.280842323847477,17.049538381347475,0.9010460365046825,23.486078682340285,31.335361614448576,31.940576280978703,33.5391698889906,2.519640104786671,1.0,15.86707448123429,16.1543654772287,16.862772807740598,1.0,17,50,18,0.36,0.37111111111111117,900,334,0.3711111111111111,0.0,1.0,2.9357598352925356,0.04736440143652027,0.04736440143652027,0.017630082756926988,44.50931387499999,0.35648885817012144,3.8663883089770357,3.5692307692307694,3.916417910447761,0.9432835820895522
336,template_deposition,C,C,none,0,1.0,template_site:index=480:site=C:neigh=2:ahead0=16.914:mode=shell,z,xy,480,144,336,0,336,23738.222096197587,25.14782959783584,500.0,0.001,14.263768955687528,0.014263768955687529,-4258.185,-4249.1846,-4258.185,-9.000488,-5.282715,0.9999998250535012,0.014263768955687529,0.014263768955687529,23,479,480,6,6,1.184122769468748,1.780372555,8.901862775,33.58993635375,114.11015164550022,0.0,-26.759449,-428.73364,33.76165661741601,10.44509313875,23.31656347866601,17.085259536166006,0.9148575235345611,23.55618637989951,31.40692999341922,31.940576280978703,33.54314610791376,2.4950893409246184,1.0,15.938642860204933,16.1543654772287,16.86674902666376,1.0,17,50,18,0.36,0.37222222222222223,900,335,0.37222222222222223,0.0,1.0,2.944523297487439,0.04743643708394325,0.04743643708394325,0.01770960317800548,44.50931387499999,0.3580967998061493,3.8625,3.5454545454545454,3.9107142857142856,0.9404761904761905
337,template_deposition,C,C,none,0,1.0,template_site:index=478:site=C:neigh=2:ahead0=16.914:mode=shell,z,xy,481,144,337,0,337,23924.305127786472,186.0830315888855,500.0,0.001,14.263768955687528,0.014263768955687529,-4267.0464,-4258.185,-4267.0464,-8.861328,-5.229492,0.5452063612808192,0.014263768955687529,0.014263768955687529,25,480,478,5,5,1.749098612361081,3.56074511,7.12149022,33.58993635375,114.11015164550022,0.0,-26.837105,-429.97784,33.72593546259748,10.44509313875,23.280842323847477,17.049538381347475,0.921688719725624,23.626294077458734,31.40470424713404,31.943831196267986,33.563011549396464,2.549595661528719,1.0,15.936417113919752,16.157620392517984,16.886614468146462,1.0,16,50,17,0.34,0.37222222222222223,900,335,0.37222222222222223,0.0,1.0,2.9532867596823418,0.047289071554658016,0.047289071554658016,0.017707130126577503,44.50931387499999,0.3580467935020433,3.866943866943867,3.582089552238806,3.916913946587537,0.9436201780415431
338,template_deposition,C,C,none,0,1.0,template_site:index=472:site=C:neigh=2:ahead0=16.914:mode=shell,z,xy,482,144,338,0,338,23962.14611641329,37.84098862681764,500.0,0.001,14.263768955687528,0.014263768955687529,-4277.563,-4267.0464,-4277.563,-10.516602,-6.175293,1.0,0.014263768955687529,0.014263768955687529,26,481,472,4,4,1.6492824852081769,1.780372555,5.3411176650000005,33.58993635375,114.11015164550022,0.0,-26.929268,-431.45444,33.72593546259748,10.44509313875,23.280842323847477,17.049538381347475,0.9300406703466771,23.69640177501796,31.638305123183674,31.94433643660289,33.563011549396464,2.1378144294224186,1.0,16.170017989969388,16.158125632852887,16.886614468146462,1.0,16,50,17,0.34,0.37333333333333335,900,336,0.37333333333333335,0.0,1.0,2.962050221877245,0.04784028991115204,0.04784028991115204,0.017966686655521542,44.50931387499999,0.3632951529062273,3.87551867219917,3.6470588235294117,3.9289940828402368,0.9467455621301775
339,template_deposition,C,C,none,0,1.0,template_site:index=479:site=C:neigh=1:ahead0=16.914:mode=shell,z,xy,483,144,339,0,339,24067.165513708846,105.01939729555839,500.0,0.001,14.263768955687528,0.014263768955687529,-4286.7666,-4277.563,-4286.7666,-9.203613,-4.2939453,0.8765900388567969,0.014263768955687529,0.014263768955687529,26,482,479,4,4,1.7694492340398391,5.3411176650000005,8.901862775,33.58993635375,114.11015164550022,0.0,-27.009922,-432.74667,33.72593546259748,10.44509313875,23.280842323847477,17.049538381347475,0.9392510454155157,23.766509472577184,31.806983293440737,31.98242371472901,33.566046688339995,2.043970227687108,1.0,16.33869616022645,16.196212910979007,16.889649607089993,1.0,17,50,18,0.36,0.37333333333333335,900,336,0.37333333333333335,0.0,1.0,2.970813684072148,0.04819674383547626,0.04819674383547626,0.018154106844696056,44.50931387499999,0.3670848803940691,3.875776397515528,3.652173913043478,3.9292035398230087,0.943952802359882
340,template_deposition,C,C,none,0,1.0,template_site:index=484:site=C:neigh=2:ahead0=16.914:mode=shell,z,xy,484,144,340,0,340,24386.85942275557,319.69390904672326,500.0,0.001,14.263768955687528,0.014263768955687529,-4296.362,-4286.7666,-4296.362,-9.595215,-7.367676,1.0,0.014263768955687529,0.014263768955687529,28,483,484,3,3,1.3719531740102386,3.56074511,0.0,33.58993635375,114.11015164550022,0.0,-27.09401,-434.0939,33.72593546259748,10.44509313875,23.280842323847477,17.049538381347475,0.9455730937922836,23.83661717013641,31.75464996968644,32.32368988213878,33.56737166467036,2.161990752494422,1.0,16.286362836472154,16.537479078388778,16.89097458342036,1.0,17,50,18,0.36,0.37333333333333335,900,336,0.37333333333333335,0.0,1.0,2.9795771462670513,0.047901067166094574,0.047901067166094574,0.018095958707191283,44.50931387499999,0.3659090967389611,3.8801652892561984,3.6857142857142855,3.9352941176470586,0.9470588235294117
341,template_deposition,C,C,none,0,1.0,template_site:index=473:site=C:neigh=1:ahead0=16.914:mode=shell,z,xy,485,144,341,0,341,24441.19489009184,54.3354673362719,500.0,0.001,14.263768955687528,0.014263768955687529,-4306.5337,-4296.362,-4306.5337,-10.171875,-4.570801,0.9999999997384641,0.014263768955687529,0.014263768955687529,26,484,473,2,2,1.6925908997449084,0.0,3.56074511,33.58993635375,114.11015164550022,0.0,-27.183151,-435.5221,33.61227809738576,10.44509313875,23.16718495863576,16.93588101613576,0.9489909351720827,23.906724867695633,31.85219428100225,32.78997804202314,33.567536568230246,2.079536543805976,1.0,16.383907147787966,17.003767238273134,16.891139486980244,1.0,17,50,18,0.36,0.3744444444444444,900,337,0.37444444444444447,0.0,1.0,2.988340608461954,0.04804664852723744,0.04804664852723744,0.01820434127531996,44.50931387499999,0.36810064504253087,3.8762886597938144,3.6619718309859155,3.929618768328446,0.9442815249266863
342,template_deposition,C,C,none,0,1.0,template_site:index=468:site=C:neigh=2:ahead0=16.914:mode=shell,z,xy,486,144,342,0,342,24471.98360403876,30.78871394692156,500.0,0.001,14.263768955687528,0.014263768955687529,-4315.6836,-4306.5337,-4315.6836,-9.149902,-7.427246,1.0,0.014263768955687529,0.014263768955687529,28,485,468,1,1,1.3442610396602281,8.901862775,5.3411176650000005,33.58993635375,114.11015164550022,0.0,-27.263336,-436.80682,33.61488760293513,10.44509313875,23.169794464185127,16.938490521685125,0.9526113495004892,23.97683256525486,31.92243963107617,32.82587769195888,33.563793160846394,1.9850145601143725,1.0,16.454152497861884,17.039666888208878,16.887396079596392,1.0,18,50,19,0.38,0.37888888888888883,900,341,0.3788888888888889,0.0,1.0,2.9971040706568575,0.04811155701129206,0.04811155701129206,0.018282391664290982,44.50931387499999,0.36967886191352545,3.876543209876543,3.6666666666666665,3.9298245614035086,0.9473684210526315
343,template_deposition,C,C,none,0,1.0,template_site:index=489:site=C:neigh=1:ahead0=17.804:mode=shell,z,xy,487,144,343,0,343,24524.1297246726,52.14612063383933,500.0,0.001,14.263768955687528,0.014263768955687529,-4324.451,-4315.6836,-4324.451,-8.767578,-7.474121,0.8836838922953845,0.014263768955687529,0.014263768955687529,19,486,489,17,17,1.5338196680600231,8.0116764975,4.4509313875,34.48012263124999,114.11015164550022,0.0,-27.34017,-438.0378,34.437565459189194,10.44509313875,23.992472320439195,17.761168377939192,0.7047363289400174,24.046940262814083,31.99253132683826,32.82299598804566,33.567536568230246,2.0031456265899257,1.0,16.524244193623975,17.03678518429566,16.891139486980244,1.0,18,50,19,0.38,0.38,900,342,0.38,0.0,1.0,3.0058675328517603,0.0481756390484664,0.0481756390484664,0.018360271326248862,44.50931387499999,0.3712536266011802,3.8767967145790556,3.5636363636363635,3.9300291545189503,0.9475218658892128
344,template_deposition,C,C,none,0,1.0,template_site:index=497:site=C:neigh=1:ahead0=17.804:mode=shell,z,xy,488,144,344,0,344,24622.149441676498,98.01971700389772,500.0,0.001,14.263768955687528,0.014263768955687529,-4333.3936,-4324.451,-4333.3936,-8.942383,-7.1816406,0.8534577921111056,0.014263768955687529,0.014263768955687529,20,487,497,16,16,1.544756696338021,0.8901862775,4.4509313875,34.48012263124999,114.11015164550022,0.0,-27.418537,-439.2934,34.43200217042367,10.44509313875,23.986909031673672,17.75560508917367,0.7342771440670832,24.11704796037331,32.075629926941346,32.8227420408433,33.61127132797867,2.009216900376549,1.0,16.60734279372706,17.0365312370933,16.93487424672867,1.0,18,50,19,0.38,0.38222222222222224,900,344,0.38222222222222224,0.0,1.0,3.0146309950466637,0.04827715928409029,0.04827715928409029,0.018452603104141176,44.50931387499999,0.3731206201103693,3.877049180327869,3.5714285714285716,3.9302325581395348,0.9476744186046512
345,template_deposition,C,C,none,0,1.0,template_site:index=494:site=C:neigh=1:ahead0=17.804:mode=shell,z,xy,489,144,345,0,345,24646.69056095468,24.541119278183636,500.0,0.001,14.263768955687528,0.014263768955687529,-4343.092,-4333.3936,-4343.092,-9.698242,-7.117676,0.5742228019161624,0.014263768955687529,0.014263768955687529,19,488,494,16,16,1.5513630784012853,4.4509313875,8.0116764975,34.48012263124999,114.11015164550022,0.0,-27.503527,-440.6551,34.43350413197666,10.44509313875,23.988410993226662,17.75710705072666,0.7622197350546825,24.187155657932532,32.216268473638344,32.826510743445084,33.68897971896126,1.9068860486697035,1.0,16.747981340424058,17.040299939695082,17.012582637711255,1.0,18,50,19,0.38,0.3833333333333333,900,345,0.38333333333333336,0.0,1.0,3.0233944572415665,0.04854487345050452,0.04854487345050452,0.01860886815602673,44.50931387499999,0.37628037555148813,3.8732106339468304,3.543859649122807,3.92463768115942,0.9420289855072463
346,template_deposition,C,C,none,0,1.0,template_site:index=496:site=C:neigh=2:ahead0=17.804:mode=shell,z,xy,490,144,346,0,346,24914.952350612675,268.26178965799517,500.0,0.001,14.263768955687528,0.014263768955687529,-4351.4917,-4343.092,-4351.4917,-8.399902,-7.659668,0.9999999784494575,0.014263768955687529,0.014263768955687529,22,489,496,15,15,1.3956726893111289,2.6705588325000003,6.231303942499999,34.48012263124999,114.11015164550022,0.0,-27.577139,-441.83447,34.48623791929222,10.44509313875,24.041144780542222,17.80984083804222,0.7839348559444649,24.25726335549176,32.254615377891454,32.82576259824768,33.68724418701237,1.9141195435563423,1.0,16.78632824467717,17.039551794497676,17.010847105762366,1.0,18,50,19,0.38,0.3844444444444444,900,346,0.3844444444444444,0.0,1.0,3.03215791943647,0.048515399551090084,0.048515399551090084,0.018651475827419075,44.50931387499999,0.37714192341449954,3.873469387755102,3.5517241379310347,3.9248554913294798,0.9450867052023122
347,template_deposition,C,C,none,0,1.0,template_site:index=493:site=C:neigh=1:ahead0=17.804:mode=shell,z,xy,491,144,347,0,347,24942.563431038267,27.61108042559251,500.0,0.001,14.263768955687528,0.014263768955687529,-4360.8022,-4351.4917,-4360.8022,-9.310547,-7.054199,0.9809516472851763,0.014263768955687529,0.014263768955687529,23,490,493,14,14,1.5248394720549936,4.4509313875,4.4509313875,34.48012263124999,114.11015164550022,0.0,-27.658731,-443.14175,34.49831347492623,10.44509313875,24.053220336176228,17.821916393676226,0.8070571680804891,24.32737105305098,32.15869811238967,32.82593480614444,33.722595747385704,2.406712992276605,1.0,16.690410979175386,17.039724002394436,17.0461986661357,1.0,18,50,19,0.38,0.3855555555555556,900,347,0.38555555555555554,0.0,1.0,3.0409213816313727,0.04809916708696077,0.04809916708696077,0.018544901087972653,44.50931387499999,0.3749869302871924,3.8737270875763747,3.559322033898305,3.92507204610951,0.9452449567723343
348,template_deposition,C,C,none,0,1.0,template_site:index=500:site=C:neigh=1:ahead0=17.804:mode=shell,z,xy,492,144,348,0,348,25037.747467624904,95.18403658663595,500.0,0.001,14.263768955687528,0.014263768955687529,-4370.004,-4360.8022,-4370.004,-9.20166,-6.882324,0.7556369907946808,0.014263768955687529,0.014263768955687529,21,491,500,13,13,1.5834001321965678,2.6705588325000003,9.792049052500001,34.48012263124999,114.11015164550022,0.0,-27.73937,-444.43372,34.48684617479223,10.44509313875,24.041753036042227,17.810449093542225,0.8257183099917993,24.397478750610208,32.11990325715791,32.8227420408433,33.768298679733476,2.4732294895414593,1.0,16.651616123943622,17.0365312370933,17.091901598483474,1.0,18,50,19,0.38,0.3855555555555556,900,347,0.38555555555555554,0.0,1.0,3.049684843826276,0.04784947162052765,0.04784947162052765,0.018501795693270692,44.50931387499999,0.37411531821649824,3.8780487804878048,3.6,3.9310344827586206,0.9454022988505747
349,template_deposition,C,C,none,0,1.0,template_site:index=498:site=C:neigh=1:ahead0=17.804:mode=shell,z,xy,493,144,349,0,349,25043.200983361512,5.453515736606401,500.0,0.001,14.263768955687528,0.014263768955687529,-4379.1426,-4370.004,-4379.1426,-9.138672,-6.786621,0.974923050079427,0.014263768955687529,0.014263768955687529,21,492,498,12,12,1.6083761403311736,0.8901862775,0.8901862775,34.48012263124999,114.11015164550022,0.0,-27.819456,-445.71683,34.48684617479223,10.44509313875,24.041753036042227,17.810449093542225,0.8405615474138554,24.46758644816943,32.24474763072482,32.825543629394545,34.133484751783946,2.440177848343631,1.0,16.77646049751053,17.039332825644543,17.457087670533944,1.0,18,50,19,0.38,0.3877777777777778,900,349,0.3877777777777778,0.0,1.0,3.058448306021179,0.048070087385416994,0.048070087385416994,0.01864051166390059,44.50931387499999,0.37692022268924574,3.874239350912779,3.5737704918032787,3.9255014326647566,0.9398280802292264
350,template_deposition,C,C,none,0,1.0,template_site:index=499:site=C:neigh=2:ahead0=17.804:mode=shell,z,xy,494,144,350,0,350,25280.062185260027,236.86120189851516,500.0,0.001,14.263768955687528,0.014263768955687529,-4389.0986,-4379.1426,-4389.0986,-9.956055,-6.519043,0.9999999277773434,0.014263768955687529,0.014263768955687529,25,493,499,11,11,1.2184959239691149,2.6705588325000003,2.6705588325000003,34.48012263124999,114.11015164550022,0.0,-27.906706,-447.11472,34.58678466754819,10.44509313875,24.141691528798187,17.910387586298185,0.8543226748577716,24.537694145728654,32.116884576839226,32.82842533330776,34.349256499925474,2.744926497057297,1.0,16.64859744362494,17.04221452955776,17.672859418675472,1.0,18,50,19,0.38,0.3877777777777778,900,349,0.3877777777777778,0.0,1.0,3.0672117682160818,0.047567421267499826,0.047567421267499826,0.01849844160402771,44.50931387499999,0.37404749689875877,3.874493927125506,3.5806451612903225,3.9257142857142857,0.9428571428571428
351,template_deposition,C,C,none,0,1.0,template_site:index=501:site=C:neigh=2:ahead0=17.804:mode=shell,z,xy,495,144,351,0,351,25340.78776380531,60.725578545283966,500.0,0.001,14.263768955687528,0.014263768955687529,-4397.5522,-4389.0986,-4397.5522,-8.453613,-5.7666016,0.9999999996691313,0.014263768955687529,0.014263768955687529,24,494,501,9,9,1.1812383135575861,0.8901862775,8.0116764975,34.48012263124999,114.11015164550022,0.0,-27.98079,-448.30167,34.58678466754819,10.44509313875,24.141691528798187,17.910387586298185,0.8691475154778409,24.60780184328788,32.10468384259023,32.8227420408433,34.38710741948668,2.7488380488288224,1.0,16.63639670937594,17.0365312370933,17.71071033823668,1.0,18,50,19,0.38,0.38888888888888884,900,350,0.3888888888888889,0.0,1.0,3.075975230410985,0.04739714162215368,0.04739714162215368,0.018484885232639935,44.50931387499999,0.3737733804681334,3.8707070707070708,3.5555555555555554,3.92022792022792,0.9401709401709402
352,template_deposition,C,C,none,0,1.0,template_site:index=488:site=C:neigh=2:ahead0=17.804:mode=shell,z,xy,496,144,352,0,352,25454.298163537907,113.5103997325982,500.0,0.001,14.263768955687528,0.014263768955687529,-4404.7485,-4397.5522,-4404.7485,-7.196289,-4.9262695,0.9273555523895473,0.014263768955687529,0.014263768955687529,23,495,488,8,8,1.694969353536708,9.792049052500001,6.231303942499999,34.48012263124999,114.11015164550022,0.0,-28.043854,-449.31207,34.58678466754819,10.44509313875,24.141691528798187,17.910387586298185,0.8816720472080696,24.677909540847104,32.212926503114424,32.82900257808426,34.41079970732804,2.485059220273926,1.0,16.74463936990014,17.042791774334255,17.734402626078037,1.0,18,50,19,0.38,0.39,900,351,0.39,0.0,1.0,3.084738692605888,0.04756999820994357,0.04756999820994357,0.0186051548554446,44.50931387499999,0.376205290805556,3.870967741935484,3.5625,3.9204545454545454,0.9431818181818182
353,template_deposition,C,C,none,0,1.0,template_site:index=503:site=C:neigh=1:ahead0=17.804:mode=shell,z,xy,497,144,353,0,353,25475.49049453684,21.19233099893072,500.0,0.001,14.263768955687528,0.014263768955687529,-4413.2056,-4404.7485,-4413.2056,-8.457031,-4.8862305,0.15005255746743995,0.014263768955687529,0.014263768955687529,24,496,503,7,7,1.6290619499041161,9.792049052500001,9.792049052500001,34.48012263124999,114.11015164550022,0.0,-28.117966,-450.49948,34.58678466754819,10.44509313875,24.141691528798187,17.910387586298185,0.9001063251818916,24.74801723840633,32.45642712742661,32.83261890809537,34.44821091610406,2.1506192806861164,1.0,16.98813999421232,17.046408104345367,17.771813834854058,1.0,18,50,19,0.38,0.39111111111111113,900,352,0.39111111111111113,0.0,1.0,3.0935021548007913,0.048125042476522155,0.048125042476522155,0.018875711104680358,44.50931387499999,0.3816760699102627,3.8712273641851107,3.5692307692307694,3.9206798866855523,0.943342776203966
354,template_deposition,C,C,none,0,1.0,template_site:index=502:site=C:neigh=2:ahead0=17.804:mode=shell,z,xy,498,144,354,0,354,25586.518624240656,111.02812970381709,500.0,0.001,14.263768955687528,0.014263768955687529,-4423.2285,-4413.2056,-4423.2285,-10.022949,-6.366699,0.9999999999892157,0.014263768955687529,0.014263768955687529,24,497,502,6,6,1.1395756237234116,8.0116764975,8.0116764975,34.48012263124999,114.11015164550022,0.0,-28.205801,-451.90677,34.58678466754819,10.44509313875,24.141691528798187,17.910387586298185,0.9111219904629974,24.818124935965553,32.38485705244251,32.82900257808426,34.456320575192336,2.215082476722473,1.0,16.916569919228227,17.042791774334255,17.779923493942334,1.0,18,50,19,0.38,0.3922222222222222,900,353,0.39222222222222225,0.0,1.0,3.102265616995694,0.04778692067578595,0.04778692067578595,0.018796188799142473,44.50931387499999,0.3800680901695484,3.8714859437751006,3.5757575757575757,3.92090395480226,0.943502824858757
355,template_deposition,C,C,none,0,1.0,template_site:index=492:site=C:neigh=2:ahead0=17.804:mode=shell,z,xy,499,144,355,0,355,25668.240614494305,81.72199025364822,500.0,0.001,14.263768955687528,0.014263768955687529,-4432.0806,-4423.2285,-4432.0806,-8.852051,-5.6313477,0.9999981004204568,0.014263768955687529,0.014263768955687529,26,498,492,5,5,1.7131496774726362,6.231303942499999,6.231303942499999,34.48012263124999,114.11015164550022,0.0,-28.283377,-453.14966,34.58678466754819,10.44509313875,24.141691528798187,17.910387586298185,0.9210870607535372,24.88823263352478,32.4665355248719,32.83261890809537,34.45753229709674,2.228197636571012,1.0,16.998248391657615,17.046408104345367,17.78113521584674,1.0,18,50,19,0.38,0.39333333333333337,900,354,0.3933333333333333,0.0,1.0,3.1110290791905975,0.04788238983565525,0.04788238983565525,0.01888694265739735,44.50931387499999,0.3819031773753133,3.875751503006012,3.611940298507463,3.926760563380282,0.9464788732394366
356,template_deposition,C,C,none,0,1.0,template_site:index=495:site=C:neigh=1:ahead0=17.804:mode=shell,z,xy,500,144,356,0,356,25771.03010622273,102.7894917284261,500.0,0.001,14.263768955687528,0.014263768955687529,-4440.0645,-4432.0806,-4440.0645,-7.9838867,-4.9697266,0.9251835995236868,0.014263768955687529,0.014263768955687529,25,499,495,4,4,1.6184852192790051,6.231303942499999,9.792049052500001,34.48012263124999,114.11015164550022,0.0,-28.353342,-454.27063,34.58678466754819,10.44509313875,24.141691528798187,17.910387586298185,0.9301314314139051,24.958340331084003,32.46444845713774,32.83261890809537,34.45614121914856,2.3567166024469666,1.0,16.996161323923456,17.046408104345367,17.77974413789856,1.0,18,50,19,0.38,0.39444444444444443,900,355,0.39444444444444443,0.0,1.0,3.1197925413855003,0.047742026190796226,0.047742026190796226,0.018884623693248285,44.50931387499999,0.3818562867910185,3.876,3.6176470588235294,3.9269662921348316,0.949438202247191
357,template_deposition,C,C,none,0,1.0,template_site:index=490:site=C:neigh=2:ahead0=17.804:mode=shell,z,xy,501,144,357,0,357,25790.226830734453,19.19672451172345,500.0,0.001,14.263768955687528,0.014263768955687529,-4449.017,-4440.0645,-4449.017,-8.952637,-5.543457,0.8453076405176552,0.014263768955687529,0.014263768955687529,25,500,490,3,3,1.1599710585535796,8.0116764975,0.8901862775,34.48012263124999,114.11015164550022,0.0,-28.431799,-455.52765,34.589798534156046,10.44509313875,24.144705395406046,17.913401452906044,0.9403037678508167,25.02844802864323,32.56228049166177,32.83261890809537,34.46219115780034,2.2153262341282893,1.0,17.09399335844748,17.046408104345367,17.78579407655034,1.0,18,50,19,0.38,0.39555555555555555,900,356,0.39555555555555555,0.0,1.0,3.1285560035804036,0.0478823343373879,0.0478823343373879,0.018993325953830534,44.50931387499999,0.38405429943167113,3.8722554890219563,3.5942028985507246,3.9215686274509802,0.9467787114845938
358,template_deposition,C,C,none,0,1.0,template_site:index=491:site=C:neigh=2:ahead0=17.804:mode=shell,z,xy,502,144,358,0,358,25793.68083013473,3.4539994002768717,500.0,0.001,14.263768955687528,0.014263768955687529,-4457.579,-4449.017,-4457.579,-8.562012,-5.626465,0.991013484183893,0.014263768955687529,0.014263768955687529,26,501,491,2,2,1.609415156304173,9.792049052500001,2.6705588325000003,34.48012263124999,114.11015164550022,0.0,-28.506832,-456.7298,34.52555281508431,10.44509313875,24.08045967633431,17.84915573383431,0.9448646087793998,25.098555726202452,32.64291448494288,32.834220970731025,34.46219115780034,2.255503693783124,1.0,17.174627351728592,17.048010166981022,17.78579407655034,1.0,18,50,19,0.38,0.3966666666666667,900,357,0.39666666666666667,0.0,1.0,3.1373194657753065,0.047973819418236294,0.047973819418236294,0.019082919279698435,44.50931387499999,0.3858659201074597,3.8764940239043826,3.6285714285714286,3.9273743016759775,0.9497206703910615
359,template_deposition,C,C,none,0,1.0,template_site:index=487:site=C:neigh=1:ahead0=17.804:mode=shell,z,xy,503,144,359,0,359,25911.109339508283,117.42850937355101,500.0,0.001,14.263768955687528,0.014263768955687529,-4467.6025,-4457.579,-4467.6025,-10.0234375,-5.331543,1.0,0.014263768955687529,0.014263768955687529,27,502,487,1,1,1.6083684659554511,4.4509313875,0.8901862775,34.48012263124999,114.11015164550022,0.0,-28.594671,-458.13715,34.51632051541473,10.44509313875,24.071227376664734,17.83992343416473,0.9491040388026415,25.16866342376168,32.36530535785426,32.86788576673902,34.46692263481901,3.499497040384925,1.0,16.897018224639975,17.08167496298902,17.790525553569005,1.0,19,50,20,0.4,0.39888888888888885,900,359,0.3988888888888889,0.0,1.0,3.14608292797021,0.04706690313270188,0.04706690313270188,0.018774464694044417,44.50931387499999,0.3796288181860898,3.8767395626242545,3.6338028169014085,3.9275766016713094,0.947075208913649
360,template_deposition,C,C,none,0,1.0,template_site:index=486:site=C:neigh=2:ahead0=17.804:mode=shell,z,xy,504,144,360,0,360,25972.425484004678,61.31614449639451,500.0,0.001,14.263768955687528,0.014263768955687529,-4478.0977,-4467.6025,-4478.0977,-10.495117,-6.7578125,1.0,0.014263768955687529,0.014263768955687529,28,503,486,1,1,1.4493502771026483,6.231303942499999,2.6705588325000003,34.48012263124999,114.11015164550022,0.0,-28.686646,-459.61075,34.51761217877245,10.44509313875,24.072519040022453,17.84121509752245,0.9574984924097225,25.2387711213209,32.59119603809354,32.865284102434444,34.4764166166145,2.6060732059058687,1.0,17.122908904879257,17.079073298684442,17.8000195353645,1.0,19,50,20,0.4,0.39888888888888885,900,359,0.3988888888888889,0.0,1.0,3.1548463901651127,0.047563635846886824,0.047563635846886824,0.01902545433875473,44.50931387499999,0.38470395101949345,3.876984126984127,3.638888888888889,3.9277777777777776,0.95
361,template_deposition,C,C,none,0,1.0,template_site:index=507:site=C:neigh=2:ahead0=18.694:mode=shell,z,xy,505,144,361,0,361,25976.1130112084,3.687527203721593,500.0,0.001,14.263768955687528,0.014263768955687529,-4489.281,-4478.0977,-4489.281,-11.183105,-10.141113,0.9999999998384326,0.014263768955687529,0.014263768955687529,18,504,507,15,15,1.413880263736163,7.12149022,1.780372555,35.37030890875,114.11015164550022,0.0,-28.784649,-461.18094,35.267317891011366,10.44509313875,24.822224752261366,18.590920809761364,0.7042782617636593,25.308878818880128,32.691234568989614,33.717343362809316,34.4764166166145,2.61254486628339,1.0,17.22294743577533,17.931132559059314,17.8000195353645,1.0,18,50,19,0.38,0.39888888888888885,900,359,0.3988888888888889,0.0,1.0,3.163609852360016,0.047708995666967666,0.047708995666967666,0.019136608261972585,44.50931387499999,0.3869515374724552,3.881188118811881,3.5636363636363635,3.9335180055401664,0.9473684210526315
362,template_deposition,C,C,none,0,1.0,template_site:index=518:site=C:neigh=2:ahead0=18.694:mode=shell,z,xy,506,144,362,0,362,26041.507783916288,65.39477270788838,500.0,0.001,14.263768955687528,0.014263768955687529,-4499.4243,-4489.281,-4499.4243,-10.143555,-9.106445,0.9999719809078278,0.014263768955687529,0.014263768955687529,19,505,518,12,12,1.5309684548012903,8.901862775,7.12149022,35.37030890875,114.11015164550022,0.0,-28.87354,-462.60513,35.28410095644867,10.44509313875,24.83900781769867,18.607703875198666,0.7306701253407106,25.37898651643935,32.74737538931791,33.717343362809316,34.51428308713317,2.631759160829295,1.0,17.279088256103623,17.931132559059314,17.83788600588317,1.0,18,50,19,0.38,0.39888888888888885,900,359,0.3988888888888889,0.0,1.0,3.172373314554919,0.047732288000286255,0.047732288000286255,0.01919898695122625,44.50931387499999,0.38821286494395835,3.8814229249011856,3.5714285714285716,3.9337016574585637,0.9447513812154696
363,template_deposition,C,C,none,0,1.0,template_site:index=520:site=C:neigh=1:ahead0=18.694:mode=shell,z,xy,507,144,363,0,363,26043.34608364134,1.8382997250503113,500.0,0.001,14.263768955687528,0.014263768955687529,-4509.6865,-4499.4243,-4509.6865,-10.262207,-7.679199,0.9220472128103707,0.014263768955687529,0.014263768955687529,20,506,520,11,11,1.5078318932475194,5.3411176650000005,0.0,35.37030890875,114.11015164550022,0.0,-28.963472,-464.046,35.319520586380214,10.44509313875,24.874427447630215,18.643123505130212,0.7597489214938341,25.449094213998578,32.82145541227921,33.71892398767906,34.54851739909036,2.617840216052867,1.0,17.35316827906492,17.93271318392906,17.872120317840356,1.0,18,50,19,0.38,0.4,900,360,0.4,0.0,1.0,3.181136776749822,0.04780487129218986,0.04780487129218986,0.01928129808784991,44.50931387499999,0.38987723620722575,3.8816568047337277,3.5789473684210527,3.9338842975206614,0.9421487603305785
364,template_deposition,C,C,none,0,1.0,template_site:index=512:site=C:neigh=2:ahead0=18.694:mode=shell,z,xy,508,144,364,0,364,26250.835618065317,207.48953442397925,500.0,0.001,14.263768955687528,0.014263768955687529,-4517.5405,-4509.6865,-4517.5405,-7.854004,-6.692383,0.8484564382580368,0.014263768955687529,0.014263768955687529,21,507,512,10,10,1.59166541686305,0.0,5.3411176650000005,35.37030890875,114.11015164550022,0.0,-29.0323,-465.14874,35.319520586380214,10.44509313875,24.874427447630215,18.643123505130212,0.783037700796154,25.5192019115578,32.89106505504324,33.717980618415496,34.56912970113338,2.5307329596023176,1.0,17.422777921828956,17.931769814665493,17.892732619883375,1.0,18,50,19,0.38,0.4022222222222222,900,362,0.4022222222222222,0.0,1.0,3.189900238944725,0.04786477451051911,0.04786477451051911,0.019358642135365506,44.50931387499999,0.3914411705100444,3.8818897637795278,3.586206896551724,3.934065934065934,0.945054945054945
365,template_deposition,C,C,none,0,1.0,template_site:index=519:site=C:neigh=2:ahead0=18.694:mode=shell,z,xy,509,144,365,0,365,26316.255034155212,65.4194160898964,500.0,0.001,14.263768955687528,0.014263768955687529,-4525.513,-4517.5405,-4525.513,-7.9726562,-6.0839844,0.9999999999977753,0.014263768955687529,0.014263768955687529,23,508,519,9,9,1.5076746888512977,7.12149022,8.901862775,35.37030890875,114.11015164550022,0.0,-29.102169,-466.26816,35.40141905691654,10.44509313875,24.956325918166538,18.725021975666536,0.8042778027649806,25.589309609117027,32.915821444257546,33.719410049141146,34.603141844899355,2.576468769745169,1.0,17.44753431104326,17.933199245391144,17.926744763649353,1.0,18,50,19,0.38,0.4033333333333334,900,363,0.4033333333333333,0.0,1.0,3.1986637011396284,0.047801463865871946,0.047801463865871946,0.01938614923449251,44.50931387499999,0.3919973774487501,3.882121807465619,3.593220338983051,3.9342465753424656,0.947945205479452
366,template_deposition,C,C,none,0,1.0,template_site:index=506:site=C:neigh=1:ahead0=18.694:mode=shell,z,xy,510,144,366,0,366,26324.932216606976,8.677182451764082,500.0,0.001,14.263768955687528,0.014263768955687529,-4535.3535,-4525.513,-4535.3535,-9.840332,-5.239258,0.9957739729826367,0.014263768955687529,0.014263768955687529,24,509,506,8,8,1.5722976878228567,8.901862775,0.0,35.37030890875,114.11015164550022,0.0,-29.188404,-467.6498,35.39645480784543,10.44509313875,24.95136166909543,18.720057726595428,0.8290296742869325,25.65941730667625,32.62003861404763,33.71297211655073,34.66968391167924,3.6081972096006565,1.0,17.151751480833344,17.92676131280073,17.99328683042924,1.0,19,50,20,0.4,0.40666666666666673,900,366,0.4066666666666667,0.0,1.0,3.2074271633345313,0.04686270896402553,0.04686270896402553,0.019057501645370383,44.50931387499999,0.3853519631644366,3.8862745098039215,3.6333333333333333,3.939890710382514,0.9508196721311475
367,template_deposition,C,C,none,0,1.0,template_site:index=516:site=C:neigh=2:ahead0=18.694:mode=shell,z,xy,511,144,367,0,367,26325.1056105167,0.1733939097264723,500.0,0.001,14.263768955687528,0.014263768955687529,-4546.038,-4535.3535,-4546.038,-10.68457,-6.7060547,1.0,0.014263768955687529,0.014263768955687529,23,510,516,7,7,1.1855123656303999,0.0,8.901862775,35.37030890875,114.11015164550022,0.0,-29.28204,-469.15,35.458646890501775,10.44509313875,25.013553751751775,18.782249809251773,0.847543787288919,25.729525004235477,33.041189019414915,33.72087797447111,35.09278286581005,2.595723546667178,1.0,17.57290188620063,17.934667170721106,18.41638578456005,1.0,19,50,20,0.4,0.40666666666666673,900,366,0.4066666666666667,0.0,1.0,3.2161906255294346,0.04788256644741316,0.04788256644741316,0.01952544654022292,44.50931387499999,0.3948140368003063,3.8864970645792565,3.639344262295082,3.9400544959128063,0.9482288828337875
368,template_deposition,C,C,none,0,1.0,template_site:index=517:site=C:neigh=1:ahead0=18.694:mode=shell,z,xy,512,144,368,0,368,26402.992453174178,77.88684265747577,500.0,0.001,14.263768955687528,0.014263768955687529,-4556.314,-4546.038,-4556.314,-10.275879,-5.438965,0.9996065720434452,0.014263768955687529,0.014263768955687529,23,511,517,7,7,1.5488154403713028,1.780372555,7.12149022,35.37030890875,114.11015164550022,0.0,-29.372091,-470.5928,35.381304270239454,10.44509313875,24.936211131489454,18.704907188989452,0.859155137407717,25.7996327017947,33.093251445272564,33.73655316351997,35.31316728914812,2.6159242904054754,1.0,17.624964312058278,17.95034235976997,18.636770207898117,1.0,19,50,20,0.4,0.4077777777777778,900,367,0.4077777777777778,0.0,1.0,3.2249540877243374,0.04789392476102793,0.04789392476102793,0.019583293680064753,44.50931387499999,0.3959837341361013,3.890625,3.6774193548387095,3.9456521739130435,0.9510869565217391
369,template_deposition,C,C,none,0,1.0,template_site:index=508:site=C:neigh=2:ahead0=18.694:mode=shell,z,xy,513,144,369,0,369,26407.638234960068,4.645781785890526,500.0,0.001,14.263768955687528,0.014263768955687529,-4565.8086,-4556.314,-4565.8086,-9.494629,-6.349121,0.9999999986006161,0.014263768955687529,0.014263768955687529,21,512,508,6,6,1.1500995965854217,3.56074511,5.3411176650000005,35.37030890875,114.11015164550022,0.0,-29.455297,-471.9259,35.40633823964539,10.44509313875,24.961245100895393,18.72994115839539,0.873022240420392,25.869740399353926,33.105700885672064,33.73655316351997,35.32919460843665,2.6303201765726723,1.0,17.63741375245778,17.95034235976997,18.65279752718665,1.0,19,50,20,0.4,0.40888888888888886,900,368,0.4088888888888889,0.0,1.0,3.2337175499192408,0.04779786924785306,0.04779786924785306,0.019597126391619753,44.50931387499999,0.3962634382994695,3.8908382066276803,3.6825396825396823,3.94579945799458,0.948509485094851
370,template_deposition,C,C,none,0,1.0,template_site:index=509:site=C:neigh=2:ahead0=18.694:mode=shell,z,xy,514,144,370,0,370,26649.18359191332,241.54535695325046,500.0,0.001,14.263768955687528,0.014263768955687529,-4573.7637,-4565.8086,-4573.7637,-7.955078,-5.6132812,0.9999999948485727,0.014263768955687529,0.014263768955687529,23,513,509,5,5,1.616867721545022,5.3411176650000005,3.56074511,35.37030890875,114.11015164550022,0.0,-29.525011,-473.04285,35.40331075472754,10.44509313875,24.958217615977542,18.72691367347754,0.8841180745521388,25.93984809691315,33.159444882110535,33.73447270335921,35.32606863140327,2.640302531582875,1.0,17.69115774889625,17.948261899609207,18.649671550153265,1.0,19,50,20,0.4,0.41,900,369,0.41,0.0,1.0,3.2424810121141436,0.04781393986188175,0.04781393986188175,0.019656841943218054,44.50931387499999,0.3974709158307881,3.8910505836575875,3.6875,3.945945945945946,0.9513513513513514
371,template_deposition,C,C,none,0,1.0,template_site:index=521:site=C:neigh=1:ahead0=18.694:mode=shell,z,xy,515,144,371,0,371,26717.273853325933,68.09026141261216,500.0,0.001,14.263768955687528,0.014263768955687529,-4583.2974,-4573.7637,-4583.2974,-9.533691,-5.2036133,0.9999999999999858,0.014263768955687529,0.014263768955687529,24,514,521,5,5,1.6448668236102078,3.56074511,1.780372555,35.37030890875,114.11015164550022,0.0,-29.608559,-474.3814,35.381655237719045,10.44509313875,24.936562098969045,18.705258156469043,0.8972646916776558,26.009955794472376,33.27172267510611,33.7298214057033,35.335333051966046,2.314602703707386,1.0,17.803435541891826,17.943610601953296,18.658935970716044,1.0,19,50,20,0.4,0.41,900,369,0.41,0.0,1.0,3.251244474309047,0.04798769687841462,0.04798769687841462,0.019781595046546474,44.50931387499999,0.39999348432759524,3.887378640776699,3.6615384615384614,3.940700808625337,0.9487870619946092
372,template_deposition,C,C,none,0,1.0,template_site:index=513:site=C:neigh=2:ahead0=18.694:mode=shell,z,xy,516,144,372,0,372,26794.639934104296,77.36608077836217,500.0,0.001,14.263768955687528,0.014263768955687529,-4594.2007,-4583.2974,-4594.2007,-10.90332,-6.6640625,1.0,0.014263768955687529,0.014263768955687529,25,515,513,4,4,1.4524024048714235,1.780372555,3.56074511,35.37030890875,114.11015164550022,0.0,-29.70411,-475.9123,35.413166174479976,10.44509313875,24.968073035729976,18.736769093229974,0.908573938138661,26.0800634920316,33.55052551248977,33.73889761136394,35.33624483516067,1.647671590593553,1.0,18.082238379275484,17.952686807613937,18.659847753910668,1.0,19,50,20,0.4,0.41111111111111115,900,370,0.4111111111111111,0.0,1.0,3.26000793650395,0.04860816768622442,0.04860816768622442,0.02009137597697276,44.50931387499999,0.4062574055861132,3.891472868217054,3.696969696969697,3.946236559139785,0.9516129032258065
373,template_deposition,C,C,none,0,1.0,template_site:index=504:site=C:neigh=2:ahead0=18.694:mode=shell,z,xy,517,144,373,0,373,27204.993675031707,410.35374092740943,500.0,0.001,14.263768955687528,0.014263768955687529,-4601.717,-4594.2007,-4601.717,-7.5161133,-3.440918,0.9999999985316363,0.014263768955687529,0.014263768955687529,23,516,504,3,3,1.1807956503430292,7.12149022,5.3411176650000005,35.37030890875,114.11015164550022,0.0,-29.769978,-476.96762,35.53122157375019,10.44509313875,25.086128435000187,18.854824492500185,0.9211491074971787,26.150171189590825,33.62335460780943,33.741960818667906,35.342905497197016,1.6022777008495117,1.0,18.155067474595146,17.955750014917903,18.666508415947014,1.0,19,50,20,0.4,0.4122222222222222,900,371,0.4122222222222222,0.0,1.0,3.268771398698853,0.04867310314904865,0.04867310314904865,0.020172297193994607,44.50931387499999,0.40789367199822174,3.8916827852998064,3.701492537313433,3.9463806970509383,0.9544235924932976
374,template_deposition,C,C,none,0,1.0,template_site:index=505:site=C:neigh=1:ahead0=18.694:mode=shell,z,xy,518,144,374,0,374,27278.30107765415,73.30740262244235,500.0,0.001,14.263768955687528,0.014263768955687529,-4609.548,-4601.717,-4609.548,-7.8310547,-3.2661133,0.9999999250663884,0.014263768955687529,0.014263768955687529,26,517,505,3,3,1.8822596160483913,8.901862775,3.56074511,35.37030890875,114.11015164550022,0.0,-29.838604,-478.06714,35.413166174479976,10.44509313875,24.968073035729976,18.736769093229974,0.9269295728156188,26.220278887150048,33.70015438534183,33.77147894572734,35.34665889180573,1.586412785364481,1.0,18.231867252127547,17.985268141977336,18.67026181055573,1.0,19,50,20,0.4,0.4133333333333333,900,372,0.41333333333333333,0.0,1.0,3.277534860893756,0.04874830816076884,0.04874830816076884,0.020257630280141718,44.50931387499999,0.4096191485523669,3.888030888030888,3.676470588235294,3.9411764705882355,0.9518716577540107
375,template_deposition,C,C,none,0,1.0,template_site:index=515:site=C:neigh=2:ahead0=18.694:mode=shell,z,xy,519,144,375,0,375,27424.814180539597,146.51310288544767,500.0,0.001,14.263768955687528,0.014263768955687529,-4618.7803,-4609.548,-4618.7803,-9.232422,-6.2998047,1.0,0.014263768955687529,0.014263768955687529,25,518,515,3,3,1.1545752744823528,0.0,1.780372555,35.37030890875,114.11015164550022,0.0,-29.919512,-479.36343,35.47365568442731,10.44509313875,25.028562545677307,18.797258603177305,0.935967054990718,26.290386584709275,33.714950679808624,33.77147894572734,35.353670966397246,1.6064078585522046,1.0,18.246663546594338,17.985268141977336,18.677273885147244,1.0,19,50,20,0.4,0.41555555555555557,900,374,0.41555555555555557,0.0,1.0,3.2862983230886593,0.0486577694575849,0.0486577694575849,0.02027407060732704,44.50931387499999,0.4099515799735374,3.888246628131021,3.681159420289855,3.941333333333333,0.9493333333333334
376,template_deposition,C,C,none,0,1.0,template_site:index=510:site=C:neigh=1:ahead0=18.694:mode=shell,z,xy,520,144,376,0,376,27535.100196508305,110.28601596870628,500.0,0.001,14.263768955687528,0.014263768955687529,-4626.2886,-4618.7803,-4626.2886,-7.508301,-4.6152344,0.9999999992237343,0.014263768955687529,0.014263768955687529,27,519,510,3,3,1.6101364302274195,5.3411176650000005,7.12149022,35.37030890875,114.11015164550022,0.0,-29.985312,-480.41766,35.47365568442731,10.44509313875,25.028562545677307,18.797258603177305,0.939760023310527,26.360494282268498,33.76412995487004,34.47413073834769,35.35424698718332,1.6579280147818158,1.0,18.295842821655757,18.687919934597687,18.67784990593332,1.0,19,50,20,0.4,0.41666666666666674,900,375,0.4166666666666667,0.0,1.0,3.295061785283562,0.04865915644057382,0.04865915644057382,0.020328714246284175,44.50931387499999,0.41105650096152513,3.8884615384615384,3.6857142857142855,3.9414893617021276,0.9521276595744681
377,template_deposition,C,C,none,0,1.0,template_site:index=511:site=C:neigh=2:ahead0=18.694:mode=shell,z,xy,521,144,377,0,377,27548.878723962847,13.778527454541903,500.0,0.001,14.263768955687528,0.014263768955687529,-4634.8716,-4626.2886,-4634.8716,-8.583008,-5.9526367,1.0,0.014263768955687529,0.014263768955687529,25,520,511,2,2,1.1371528920620135,3.56074511,8.901862775,35.37030890875,114.11015164550022,0.0,-30.060528,-481.62277,35.47365568442731,10.44509313875,25.028562545677307,18.797258603177305,0.9470610683414348,26.430601979827724,33.83402680953887,34.55186608874175,35.3558637676405,1.6440197200276023,1.0,18.365739676324583,18.765655284991745,18.679466686390498,1.0,19,50,20,0.4,0.4177777777777778,900,376,0.4177777777777778,0.0,1.0,3.3038252474784655,0.04871548985762489,0.04871548985762489,0.020406377418138427,44.50931387499999,0.41262688811386644,3.8848368522072936,3.6619718309859155,3.9363395225464193,0.9496021220159151
378,template_deposition,C,C,none,0,1.0,template_site:index=514:site=C:neigh=2:ahead0=18.694:mode=shell,z,xy,522,144,378,0,378,27607.64931319792,58.77058923507116,500.0,0.001,14.263768955687528,0.014263768955687529,-4642.243,-4634.8716,-4642.243,-7.371582,-4.3598633,1.0,0.014263768955687529,0.014263768955687529,28,521,514,1,1,1.7859075490560041,1.780372555,0.0,35.37030890875,114.11015164550022,0.0,-30.125128,-482.65778,35.43515699637299,10.44509313875,24.99006385762299,18.758759915122987,0.9504557549982438,26.500709677386947,33.83806018753497,34.63722336930587,35.35828258489514,1.7759235270515654,1.0,18.369773054320685,18.85101256555587,18.68188550364514,1.0,20,50,21,0.42,0.41888888888888887,900,377,0.41888888888888887,0.0,1.0,3.3125887096733684,0.04859728321248859,0.04859728321248859,0.020410858949245207,44.50931387499999,0.41271750685509057,3.8850574712643677,3.6666666666666665,3.9365079365079363,0.9523809523809523
379,template_deposition,C,C,none,0,1.0,template_site:index=525:site=C:neigh=1:ahead0=19.584:mode=shell,z,xy,523,144,379,0,379,27660.067386830582,52.41807363266444,500.0,0.001,14.263768955687528,0.014263768955687529,-4651.166,-4642.243,-4651.166,-8.922852,-7.4833984,0.9689673742955935,0.014263768955687529,0.014263768955687529,19,522,525,18,18,1.5124910445506914,0.8901862775,2.6705588325000003,36.26049518625,114.11015164550022,0.0,-30.203323,-483.9106,36.23017736019759,10.44509313875,25.785084221447587,19.553780278947585,0.7022457404970224,26.570817374946174,33.92112388071808,34.63972123983197,35.369933732727056,1.78863519715193,1.0,18.45283674750379,18.85351043608197,18.693536651477054,1.0,20,50,21,0.42,0.42111111111111116,900,379,0.4211111111111111,0.0,1.0,3.3213521718682717,0.048688223608189425,0.048688223608189425,0.02050315194167088,44.50931387499999,0.41458371610325784,3.88527724665392,3.5636363636363635,3.936675461741425,0.9525065963060686
380,template_deposition,C,C,none,0,1.0,template_site:index=527:site=C:neigh=1:ahead0=19.584:mode=shell,z,xy,524,144,380,0,380,27665.950702397473,5.883315566889038,500.0,0.001,14.263768955687528,0.014263768955687529,-4659.954,-4651.166,-4659.954,-8.788086,-7.3569336,0.2626400509433419,0.014263768955687529,0.014263768955687529,19,523,527,17,17,1.5031687325806635,2.6705588325000003,8.0116764975,36.26049518625,114.11015164550022,0.0,-30.280338,-485.1445,36.249543691139166,10.44509313875,25.804450552389167,19.573146609889164,0.7316094700294509,26.640925072505397,33.936787874248786,34.63139603043638,35.375466212266396,1.8036550420116542,1.0,18.4685007410345,18.845185226686375,18.699069131016394,1.0,20,50,21,0.42,0.42111111111111116,900,379,0.4211111111111111,0.0,1.0,3.3301156340631746,0.04860131773956448,0.04860131773956448,0.020520556378927222,44.50931387499999,0.41493564229952995,3.885496183206107,3.5714285714285716,3.9368421052631577,0.9526315789473684
381,template_deposition,C,C,none,0,1.0,template_site:index=530:site=C:neigh=1:ahead0=19.584:mode=shell,z,xy,525,144,381,0,381,27736.753725090213,70.80302269274002,500.0,0.001,14.263768955687528,0.014263768955687529,-4670.393,-4659.954,-4670.393,-10.438965,-7.315918,0.18674926924319865,0.014263768955687529,0.014263768955687529,20,524,530,15,15,1.5244765780059895,4.4509313875,6.231303942499999,36.26049518625,114.11015164550022,0.0,-30.371819,-486.6102,36.294331866380055,10.44509313875,25.849238727630055,19.617934785130053,0.7584502826364725,26.711032770064623,33.99289281954027,34.63959057486485,35.48365950164287,1.8237785548735121,1.0,18.524605686325987,18.853379771114845,18.807262420392867,1.0,20,50,21,0.42,0.4233333333333333,900,381,0.42333333333333334,0.0,1.0,3.338879096258078,0.04862101230006821,0.04862101230006821,0.020582895207028874,44.50931387499999,0.41619616375912943,3.881904761904762,3.543859649122807,3.931758530183727,0.94750656167979
382,template_deposition,C,C,none,0,1.0,template_site:index=535:site=C:neigh=2:ahead0=19.584:mode=shell,z,xy,526,144,382,0,382,27981.9343638432,245.18063875298785,500.0,0.001,14.263768955687528,0.014263768955687529,-4679.1514,-4670.393,-4679.1514,-8.758301,-7.5878906,0.9887526393875289,0.014263768955687529,0.014263768955687529,23,525,535,15,15,1.4058386210293485,2.6705588325000003,4.4509313875,36.26049518625,114.11015164550022,0.0,-30.448572,-487.8399,36.27823330629034,10.44509313875,25.83314016754034,19.601836225040337,0.7803227879699957,26.781140467623846,34.06061151858294,34.65396400648021,35.497810751479676,1.8525515767020153,1.0,18.592324385368652,18.867753202730206,18.821413670229674,1.0,20,50,21,0.42,0.4244444444444444,900,382,0.42444444444444446,0.0,1.0,3.3476425584529808,0.048671006244420556,0.048671006244420556,0.020658138205965168,44.50931387499999,0.4177176138365862,3.8859315589353614,3.586206896551724,3.93717277486911,0.9502617801047121
383,template_deposition,C,C,none,0,1.0,template_site:index=539:site=C:neigh=1:ahead0=19.584:mode=shell,z,xy,527,144,383,0,383,27996.549789953224,14.615426110022966,500.0,0.001,14.263768955687528,0.014263768955687529,-4688.548,-4679.1514,-4688.548,-9.396484,-7.180176,0.9946209492232666,0.014263768955687529,0.014263768955687529,21,526,539,14,14,1.5563438797274922,9.792049052500001,4.4509313875,36.26049518625,114.11015164550022,0.0,-30.530918,-489.15924,36.27823330629034,10.44509313875,25.83314016754034,19.601836225040337,0.803571053866495,26.851248165183073,34.06183569512933,34.65642616728404,35.50403374375861,1.9068348935314554,1.0,18.593548561915046,18.870215363534037,18.82763666250861,1.0,20,50,21,0.42,0.4255555555555556,900,383,0.4255555555555556,0.0,1.0,3.356406020647884,0.048547124182545816,0.048547124182545816,0.02065949840212783,44.50931387499999,0.41774511766533157,3.8823529411764706,3.559322033898305,3.9321148825065273,0.9451697127937336
384,template_deposition,C,C,none,0,1.0,template_site:index=534:site=C:neigh=2:ahead0=19.584:mode=shell,z,xy,528,144,384,0,384,28221.088560092732,224.53877013950816,500.0,0.001,14.263768955687528,0.014263768955687529,-4700.2573,-4688.548,-4700.2573,-11.709473,-7.510742,0.9999999396217526,0.014263768955687529,0.014263768955687529,25,527,534,13,13,1.3074213078723902,0.8901862775,6.231303942499999,36.26049518625,114.11015164550022,0.0,-30.633533,-490.8033,36.3321133640967,10.44509313875,25.8870202253467,19.655716282846697,0.8245378852107835,26.921355862742296,34.145562056397736,34.6606958441223,35.55585526007408,1.8634676564049888,1.0,18.67727492318345,18.8744850403723,18.87945817882408,1.0,20,50,21,0.42,0.4266666666666667,900,384,0.4266666666666667,0.0,1.0,3.365169482842787,0.048638736779123566,0.048638736779123566,0.020752527692426057,44.50931387499999,0.41962621521501614,3.8863636363636362,3.6,3.9375,0.9479166666666666
385,template_deposition,C,C,none,0,1.0,template_site:index=531:site=C:neigh=1:ahead0=19.584:mode=shell,z,xy,529,144,385,0,385,28415.378754778154,194.29019468542177,500.0,0.001,14.263768955687528,0.014263768955687529,-4709.504,-4700.2573,-4709.504,-9.246582,-6.6845703,0.11545728876707498,0.014263768955687529,0.014263768955687529,22,528,531,12,12,1.5466449535724507,6.231303942499999,4.4509313875,36.26049518625,114.11015164550022,0.0,-30.714565,-492.1016,36.3321133640967,10.44509313875,25.8870202253467,19.655716282846697,0.8414384930085355,26.991463560301522,34.245090803000586,34.66269300243204,36.027954861836434,1.8417475182933265,1.0,18.7768036697863,18.87648219868204,19.351557780586433,1.0,20,50,21,0.42,0.4277777777777778,900,385,0.42777777777777776,0.0,1.0,3.3739329450376903,0.04877091862282156,0.04877091862282156,0.020863115188651443,44.50931387499999,0.42186234823837315,3.890359168241966,3.639344262295082,3.942857142857143,0.948051948051948
386,template_deposition,C,C,none,0,1.0,template_site:index=524:site=C:neigh=1:ahead0=19.584:mode=shell,z,xy,530,144,386,0,386,28510.628273227387,95.2495184492313,500.0,0.001,14.263768955687528,0.014263768955687529,-4719.798,-4709.504,-4719.798,-10.293945,-6.9956055,0.9998804949018524,0.014263768955687529,0.014263768955687529,22,529,524,11,11,1.5821072772349503,2.6705588325000003,0.8901862775,36.26049518625,114.11015164550022,0.0,-30.804775,-493.54694,36.3321133640967,10.44509313875,25.8870202253467,19.655716282846697,0.8589903333753477,27.061571257860745,34.283138493592524,34.68221216799908,36.21640611266232,1.8782579562620325,1.0,18.81485136037824,18.89600136424908,19.540009031412318,1.0,20,50,21,0.42,0.4277777777777778,900,385,0.42777777777777776,0.0,1.0,3.382696407232593,0.04874313823932186,0.04874313823932186,0.020905390400420266,44.50931387499999,0.4227171736059084,3.8867924528301887,3.6129032258064515,3.937823834196891,0.9430051813471503
387,template_deposition,C,C,none,0,1.0,template_site:index=523:site=C:neigh=2:ahead0=19.584:mode=shell,z,xy,531,144,387,0,387,28518.127759189938,7.499485962551641,500.0,0.001,14.263768955687528,0.014263768955687529,-4728.197,-4719.798,-4728.197,-8.398926,-7.4716797,1.0,0.014263768955687529,0.014263768955687529,25,530,523,10,10,1.3483776413103805,4.4509313875,2.6705588325000003,36.26049518625,114.11015164550022,0.0,-30.87838,-494.7262,36.3321133640967,10.44509313875,25.8870202253467,19.655716282846697,0.8723557462460021,27.13167895541997,34.30874844130202,34.67434167546725,36.23131693948676,1.8561345748126128,1.0,18.840461308087736,18.888130871717244,19.554919858236758,1.0,20,50,21,0.42,0.4288888888888889,900,386,0.4288888888888889,0.0,1.0,3.3914598694274964,0.04868336255319829,0.04868336255319829,0.020933845897875263,44.50931387499999,0.42329255762062096,3.8870056497175143,3.619047619047619,3.937984496124031,0.9457364341085271
388,template_deposition,C,C,none,0,1.0,template_site:index=537:site=C:neigh=1:ahead0=19.584:mode=shell,z,xy,532,144,388,0,388,28609.323644164422,91.1958849744827,500.0,0.001,14.263768955687528,0.014263768955687529,-4735.703,-4728.197,-4735.703,-7.5063477,-5.169922,0.9825328531050118,0.014263768955687529,0.014263768955687529,24,531,537,9,9,1.5840341088058936,8.0116764975,2.6705588325000003,36.26049518625,114.11015164550022,0.0,-30.94416,-495.78012,36.3321133640967,10.44509313875,25.8870202253467,19.655716282846697,0.8914201069133708,27.201786652979195,34.30592215886898,34.65909035407305,36.256980344843626,1.8708080590044571,1.0,18.837635025654695,18.87287955032305,19.580583263593624,1.0,20,50,21,0.42,0.4288888888888889,900,386,0.4288888888888889,0.0,1.0,3.4002233316223993,0.04855060573622344,0.04855060573622344,0.020930705584060773,44.50931387499999,0.4232290589461417,3.887218045112782,3.625,3.9381443298969074,0.9484536082474226
389,template_deposition,C,C,none,0,1.0,template_site:index=522:site=C:neigh=2:ahead0=19.584:mode=shell,z,xy,533,144,389,0,389,28643.180132783564,33.85648861914157,500.0,0.001,14.263768955687528,0.014263768955687529,-4745.084,-4735.703,-4745.084,-9.380859,-6.010254,0.9999980682227968,0.014263768955687529,0.014263768955687529,23,532,522,8,8,1.1399126087631812,6.231303942499999,0.8901862775,36.26049518625,114.11015164550022,0.0,-31.02637,-497.09726,36.380802498225876,10.44509313875,25.935709359475876,19.704405416975874,0.9037525747164019,27.27189435053842,34.37724929424944,34.66176062342518,36.265311387487536,1.8914976124379703,1.0,18.908962161035152,18.87554981967518,19.588914306237534,1.0,20,50,21,0.42,0.43111111111111117,900,388,0.4311111111111111,0.0,1.0,3.4089867938173026,0.04860915722631144,0.04860915722631144,0.021009957956705724,44.50931387499999,0.4248315805123194,3.8874296435272044,3.6307692307692307,3.9383033419023135,0.9460154241645244
390,template_deposition,C,C,none,0,1.0,template_site:index=529:site=C:neigh=2:ahead0=19.584:mode=shell,z,xy,534,144,390,0,390,28666.53914771216,23.359014928593922,500.0,0.001,14.263768955687528,0.014263768955687529,-4754.1846,-4745.084,-4754.1846,-9.100586,-5.9243164,0.9999999998996161,0.014263768955687529,0.014263768955687529,25,533,529,7,7,1.6259123396675708,4.4509313875,9.792049052500001,36.26049518625,114.11015164550022,0.0,-31.106123,-498.37503,36.33556570749395,10.44509313875,25.89047256874395,19.659168626243947,0.9134159798874546,27.342002048097644,34.456080113588,34.67504936628177,36.27017813199073,1.8716150277889165,1.0,18.987792980373715,18.888838562531767,19.59378105074073,1.0,20,50,21,0.42,0.43222222222222223,900,389,0.43222222222222223,0.0,1.0,3.4177502560122055,0.04868664866762491,0.04868664866762491,0.021097547755970794,44.50931387499999,0.42660268890459774,3.8876404494382024,3.6363636363636362,3.9384615384615387,0.9487179487179487
391,template_deposition,C,C,none,0,1.0,template_site:index=528:site=C:neigh=1:ahead0=19.584:mode=shell,z,xy,535,144,391,0,391,28756.88656633045,90.34741861829042,500.0,0.001,14.263768955687528,0.014263768955687529,-4762.178,-4754.1846,-4762.178,-7.9936523,-4.932617,0.4539688997976141,0.014263768955687529,0.014263768955687529,25,534,528,6,6,1.6378195919870475,6.231303942499999,8.0116764975,36.26049518625,114.11015164550022,0.0,-31.176174,-499.49738,36.3321133640967,10.44509313875,25.8870202253467,19.655716282846697,0.92428966244491,27.41210974565687,34.679024668544514,34.742413561692224,36.27465828759882,1.4337813593172377,1.0,19.210737535330228,18.956202757942222,19.598261206348816,1.0,20,50,21,0.42,0.43111111111111117,900,388,0.4311111111111111,0.0,1.0,3.426513718207109,0.04913232106222565,0.04913232106222565,0.021345263928144696,44.50931387499999,0.4316116305293244,3.891588785046729,3.671641791044776,3.9437340153452687,0.9514066496163683
392,template_deposition,C,C,none,0,1.0,template_site:index=533:site=C:neigh=2:ahead0=19.584:mode=shell,z,xy,536,144,392,0,392,28776.528908698187,19.642342367735782,500.0,0.001,14.263768955687528,0.014263768955687529,-4771.2324,-4762.178,-4771.2324,-9.054199,-5.8569336,0.9999932038830974,0.014263768955687529,0.014263768955687529,24,535,533,5,5,1.1271159468335317,8.0116764975,9.792049052500001,36.26049518625,114.11015164550022,0.0,-31.25552,-500.76865,36.3321133640967,10.44509313875,25.8870202253467,19.655716282846697,0.9324360417585131,27.482217443216093,34.70683738968008,35.038293975445185,36.28180676722638,1.481432633828214,1.0,19.238550256465796,19.252083171695183,19.605409685976376,1.0,20,50,21,0.42,0.43222222222222223,900,389,0.43222222222222223,0.0,1.0,3.4352771804020117,0.04907793432771887,0.04907793432771887,0.021376166951628663,44.50931387499999,0.43223650471214553,3.888059701492537,3.6470588235294117,3.938775510204082,0.9489795918367347
393,template_deposition,C,C,none,0,1.0,template_site:index=536:site=C:neigh=2:ahead0=19.584:mode=shell,z,xy,537,144,393,0,393,28808.47963677268,31.950728074493544,500.0,0.001,14.263768955687528,0.014263768955687529,-4779.3135,-4771.2324,-4779.3135,-8.081055,-5.4594727,0.9999784094232997,0.014263768955687529,0.014263768955687529,25,536,536,4,4,1.5828714964165973,9.792049052500001,0.8901862775,36.26049518625,114.11015164550022,0.0,-31.32634,-501.90332,36.3321133640967,10.44509313875,25.8870202253467,19.655716282846697,0.9384225597909379,27.55232514077532,34.749820693053465,35.325039673035384,36.28180676722638,1.480766622565751,1.0,19.28153355983918,19.538828869285382,19.605409685976376,1.0,20,50,21,0.42,0.4333333333333333,900,390,0.43333333333333335,0.0,1.0,3.444040642596915,0.049062426360913944,0.049062426360913944,0.021423926177599088,44.50931387499999,0.4332022195172332,3.888268156424581,3.652173913043478,3.9389312977099236,0.9516539440203562
394,template_deposition,C,C,none,0,1.0,template_site:index=538:site=C:neigh=1:ahead0=19.584:mode=shell,z,xy,538,144,394,0,394,29069.214525211723,260.73488843904295,500.0,0.001,14.263768955687528,0.014263768955687529,-4787.395,-4779.3135,-4787.395,-8.081543,-5.0195312,0.6379844739015272,0.014263768955687529,0.014263768955687529,27,537,538,3,3,1.6321385492667253,8.0116764975,6.231303942499999,36.26049518625,114.11015164550022,0.0,-31.397161,-503.038,36.30837851682039,10.44509313875,25.86328537807039,19.63198143557039,0.9438652085874732,27.622432838334543,34.78650527385493,35.02836980468373,36.28237259593755,1.4371308119114703,1.0,19.318218140640642,19.242159000933725,19.60597551468755,1.0,20,50,21,0.42,0.4355555555555556,900,392,0.43555555555555553,0.0,1.0,3.452804104791818,0.049031010509240205,0.049031010509240205,0.021464686822934047,44.50931387499999,0.43402641961397,3.8884758364312266,3.657142857142857,3.9390862944162435,0.9543147208121827
395,template_deposition,C,C,none,0,1.0,template_site:index=532:site=C:neigh=2:ahead0=19.584:mode=shell,z,xy,539,144,395,0,395,29121.377634409062,52.163109197340475,500.0,0.001,14.263768955687528,0.014263768955687529,-4796.687,-4787.395,-4796.687,-9.291992,-5.9814453,0.9999986249942073,0.014263768955687529,0.014263768955687529,27,538,532,2,2,1.1721376603718305,9.792049052500001,8.0116764975,36.26049518625,114.11015164550022,0.0,-31.478592,-504.34265,36.36745054283211,10.44509313875,25.92235740408211,19.691053461582108,0.9519489373719258,27.69254053589377,34.87240581459091,35.09378284954023,36.28281528172848,1.275406771541458,1.0,19.404118681376627,19.30757204579023,19.60641820047848,1.0,20,50,21,0.42,0.4366666666666667,900,393,0.43666666666666665,0.0,1.0,3.461567566986721,0.049124351092092726,0.049124351092092726,0.02156013186819625,44.50931387499999,0.4359563649053584,3.8849721706864564,3.6338028169014085,3.9341772151898735,0.9518987341772152
396,template_deposition,C,C,none,0,1.0,template_site:index=526:site=C:neigh=2:ahead0=19.584:mode=shell,z,xy,540,144,396,0,396,29124.68569019877,3.308055789709521,500.0,0.001,14.263768955687528,0.014263768955687529,-4808.5254,-4796.687,-4808.5254,-11.838379,-5.8066406,1.0,0.014263768955687529,0.014263768955687529,28,539,526,1,1,1.5952190685693357,0.8901862775,9.792049052500001,36.26049518625,114.11015164550022,0.0,-31.582336,-506.00482,36.30837851682039,10.44509313875,25.86328537807039,19.63198143557039,0.9586953747538941,27.762648233452992,34.77089623827117,35.51034888930878,36.27531997230866,2.016137517459066,1.0,19.302609105056884,19.724138085558778,19.598922891058656,1.0,20,50,21,0.42,0.4355555555555556,900,392,0.43555555555555553,0.0,1.0,3.470331029181624,0.048743962386507286,0.048743962386507286,0.021447343450063206,44.50931387499999,0.43367572816930755,3.8925925925925924,3.6944444444444446,3.9444444444444446,0.9545454545454546
397,template_deposition,C,C,none,0,1.0,template_site:index=546:site=C:neigh=2:ahead0=20.474:mode=shell,z,xy,541,144,397,0,397,29221.58264810416,96.89695790538718,500.0,0.001,14.263768955687528,0.014263768955687529,-4819.23,-4808.5254,-4819.23,-10.70459,-9.85791,0.999999996535269,0.014263768955687529,0.014263768955687529,18,540,546,12,12,1.3968264663355976,7.12149022,7.12149022,37.15068146375,114.11015164550022,0.0,-31.676146,-507.5078,37.090989917051985,10.44509313875,26.645896778301985,20.414592835801983,0.7023037203729608,27.83275593101222,34.85484133361179,35.54245647966697,36.270343561493874,2.0244293354095126,1.0,19.3865542003975,19.756245675916965,19.593946480243872,1.0,20,50,21,0.42,0.43666666666666665,900,393,0.43666666666666665,0.0,1.0,3.4790944913765274,0.04883263022770151,0.04883263022770151,0.021540615778219446,44.50931387499999,0.4355617400628265,3.8927911275415896,3.6,3.9445843828715366,0.9521410579345088
398,template_deposition,C,C,none,0,1.0,template_site:index=554:site=C:neigh=2:ahead0=20.474:mode=shell,z,xy,542,144,398,0,398,29271.098692935655,49.516044831496956,500.0,0.001,14.263768955687528,0.014263768955687529,-4829.323,-4819.23,-4829.323,-10.093262,-8.984375,1.0,0.014263768955687529,0.014263768955687529,18,541,554,10,10,1.3379146549362704,0.0,0.0,37.15068146375,114.11015164550022,0.0,-31.764597,-508.92496,37.13402009316821,10.44509313875,26.68892695441821,20.45762301191821,0.7298905185208728,27.902863628571442,34.81182532634894,35.53748436965263,36.302996986106066,2.067409245048106,1.0,19.343538193134652,19.75127356590263,19.626599904856064,1.0,20,50,21,0.42,0.4388888888888889,900,395,0.4388888888888889,0.0,1.0,3.4878579535714302,0.048601854756619725,0.048601854756619725,0.021492820214594057,44.50931387499999,0.4345952904926611,3.892988929889299,3.607142857142857,3.9447236180904524,0.949748743718593
399,template_deposition,C,C,none,0,1.0,template_site:index=540:site=C:neigh=1:ahead0=20.474:mode=shell,z,xy,543,144,399,0,399,29390.183715630992,119.0850226953373,500.0,0.001,14.263768955687528,0.014263768955687529,-4835.894,-4829.323,-4835.894,-6.570801,-4.623535,0.5903406450153413,0.014263768955687529,0.014263768955687529,21,542,540,10,10,1.6222620516894266,8.901862775,5.3411176650000005,37.15068146375,114.11015164550022,0.0,-31.82218,-509.84753,37.15704268778339,10.44509313875,26.71194954903339,20.480645606533386,0.7616791143480318,27.97297132613067,34.78244513313433,35.522149918326264,36.319529422622615,2.2002336149785795,1.0,19.314157999920045,19.73593911457626,19.643132341372613,1.0,20,50,21,0.42,0.44,900,396,0.44,0.0,1.0,3.4966214157663336,0.048406411027368534,0.048406411027368534,0.021460175555466716,44.50931387499999,0.4339351995890557,3.8931860036832413,3.6140350877192984,3.944862155388471,0.9523809523809523
400,template_deposition,C,C,none,0,1.0,template_site:index=545:site=C:neigh=2:ahead0=20.474:mode=shell,z,xy,544,144,400,0,400,29411.43689276802,21.253177137025162,500.0,0.001,14.263768955687528,0.014263768955687529,-4844.3525,-4835.894,-4844.3525,-8.458496,-5.3012695,0.9999996146020624,0.014263768955687529,0.014263768955687529,21,543,545,9,9,1.1190676283624397,0.0,3.56074511,37.15068146375,114.11015164550022,0.0,-31.896307,-511.0352,37.27947101102097,10.44509313875,26.834377872270974,20.60307392977097,0.7870075265753825,28.04307902368989,34.83624604788378,35.52822211360729,36.347776615999,2.2171899984629064,1.0,19.367958914669497,19.74201130985729,19.671379534749,1.0,20,50,21,0.42,0.4411111111111111,900,397,0.4411111111111111,0.0,1.0,3.5053848779612364,0.048419897286673744,0.048419897286673744,0.021519954349632775,44.50931387499999,0.4351439559158898,3.889705882352941,3.586206896551724,3.94,0.95
401,template_deposition,C,C,none,0,1.0,template_site:index=543:site=C:neigh=1:ahead0=20.474:mode=shell,z,xy,545,144,401,0,401,29429.50524899051,18.06835622249296,500.0,0.001,14.263768955687528,0.014263768955687529,-4851.939,-4844.3525,-4851.939,-7.586426,-5.0302734,0.9999929277273348,0.014263768955687529,0.014263768955687529,23,544,543,9,9,1.6377921914557199,8.901862775,1.780372555,37.15068146375,114.11015164550022,0.0,-31.96279,-512.10034,37.15704268778339,10.44509313875,26.71194954903339,20.480645606533386,0.8108764838684913,28.113186721249118,34.865178125308034,35.524207097716456,36.42098323929687,2.2264062338876305,1.0,19.39689099209375,19.737996293966454,19.74458615804687,1.0,20,50,21,0.42,0.44222222222222224,900,398,0.44222222222222224,0.0,1.0,3.5141483401561397,0.04837129923215398,0.04837129923215398,0.021552101102326388,44.50931387499999,0.43579397890895377,3.889908256880734,3.593220338983051,3.9401496259351623,0.9526184538653366
402,template_deposition,C,C,none,0,1.0,template_site:index=541:site=C:neigh=2:ahead0=20.474:mode=shell,z,xy,546,144,402,0,402,29507.70002296197,78.19477397145931,500.0,0.001,14.263768955687528,0.014263768955687529,-4862.233,-4851.939,-4862.233,-10.293945,-5.8935547,0.9999999153596449,0.014263768955687529,0.014263768955687529,23,545,541,8,8,1.130491743800539,7.12149022,3.56074511,37.15068146375,114.11015164550022,0.0,-32.053,-513.5457,37.31172436295358,10.44509313875,26.866631224203584,20.63532728170358,0.8298574279569182,28.18329441880834,34.96143901025226,35.52233775819221,36.460569153360865,2.220876907435075,1.0,19.493151877037977,19.736126954442206,19.784172072110863,1.0,20,50,21,0.42,0.44333333333333336,900,399,0.44333333333333336,0.0,1.0,3.5229118023510426,0.04849042755482084,0.04849042755482084,0.02165905764115331,44.50931387499999,0.43795669220564865,3.89010989010989,3.6,3.9402985074626864,0.9502487562189055
403,template_deposition,C,C,none,0,1.0,template_site:index=555:site=C:neigh=1:ahead0=20.474:mode=shell,z,xy,547,144,403,0,403,29578.96465114441,71.26462818244022,500.0,0.001,14.263768955687528,0.014263768955687529,-4870.4165,-4862.233,-4870.4165,-8.183594,-5.3164062,0.9999999522612116,0.014263768955687529,0.014263768955687529,23,546,555,8,8,1.5836433051337624,1.780372555,1.780372555,37.15068146375,114.11015164550022,0.0,-32.124718,-514.6947,37.31172436295358,10.44509313875,26.866631224203584,20.63532728170358,0.8466461355771896,28.253402116367567,34.915030919553786,35.51706144202704,36.90798524081552,2.467467965831658,1.0,19.4467437863395,19.73085063827704,20.23158815956552,1.0,20,50,21,0.42,0.4444444444444444,900,400,0.4444444444444444,0.0,1.0,3.531675264545946,0.04825494736064392,0.04825494736064392,0.021607493095932778,44.50931387499999,0.4369140319923546,3.890310786106033,3.6065573770491803,3.9404466501240694,0.9528535980148883
404,template_deposition,C,C,none,0,1.0,template_site:index=556:site=C:neigh=2:ahead0=20.474:mode=shell,z,xy,548,144,404,0,404,29756.906344330684,177.941693186274,500.0,0.001,14.263768955687528,0.014263768955687529,-4879.555,-4870.4165,-4879.555,-9.138672,-6.404785,0.9999999999999922,0.014263768955687529,0.014263768955687529,22,547,556,6,6,1.1667690277654061,3.56074511,0.0,37.15068146375,114.11015164550022,0.0,-32.204803,-515.97784,37.31172436295358,10.44509313875,26.866631224203584,20.63532728170358,0.8624414314943168,28.32350981392679,34.94026387277669,35.519256960222634,37.120008998766124,2.513593268144634,1.0,19.471976739562404,19.733046156472632,20.443611917516122,1.0,20,50,21,0.42,0.4455555555555556,900,401,0.44555555555555554,0.0,1.0,3.540438726740849,0.048197962226639614,0.048197962226639614,0.021635529710624893,44.50931387499999,0.43748094599363013,3.886861313868613,3.5806451612903225,3.9356435643564356,0.9504950495049505
405,template_deposition,C,C,none,0,1.0,template_site:index=551:site=C:neigh=2:ahead0=20.474:mode=shell,z,xy,549,144,405,0,405,29776.80584602498,19.89950169429573,500.0,0.001,14.263768955687528,0.014263768955687529,-4886.493,-4879.555,-4886.493,-6.9379883,-5.102051,0.9782835242925485,0.014263768955687529,0.014263768955687529,22,548,551,5,5,1.5985426462314047,5.3411176650000005,8.901862775,37.15068146375,114.11015164550022,0.0,-32.265602,-516.95197,37.31172436295358,10.44509313875,26.866631224203584,20.63532728170358,0.876345051801388,28.393617511486017,34.92564541609211,35.51326337359869,37.120008998766124,2.5356533969524495,1.0,19.457358282877824,19.727052569848688,20.443611917516122,1.0,21,50,22,0.44,0.4477777777777778,900,403,0.4477777777777778,0.0,1.0,3.549202188935752,0.04804285995772302,0.04804285995772302,0.021619286980975358,44.50931387499999,0.4371525100908518,3.8870673952641166,3.5873015873015874,3.9358024691358025,0.9530864197530864
406,template_deposition,C,C,none,0,1.0,template_site:index=552:site=C:neigh=1:ahead0=20.474:mode=shell,z,xy,550,144,406,0,406,29968.724529724153,191.91868369917213,500.0,0.001,14.263768955687528,0.014263768955687529,-4895.752,-4886.493,-4895.752,-9.258789,-5.0805664,0.9999972238273505,0.014263768955687529,0.014263768955687529,24,549,552,5,5,1.5942702847875612,1.780372555,8.901862775,37.15068146375,114.11015164550022,0.0,-32.346745,-518.252,37.31172436295358,10.44509313875,26.866631224203584,20.63532728170358,0.8904696579878172,28.46372520904524,35.03772909582813,35.51448735878104,37.13702917528611,2.240115872093831,1.0,19.569441962613848,19.728276555031037,20.460632094036107,1.0,21,50,22,0.44,0.44888888888888884,900,404,0.4488888888888889,0.0,1.0,3.557965651130655,0.048200595967029185,0.048200595967029185,0.021743824402904274,44.50931387499999,0.43967071740473673,3.890909090909091,3.625,3.9408866995073892,0.9556650246305419
407,template_deposition,C,C,none,0,1.0,template_site:index=550:site=C:neigh=2:ahead0=20.474:mode=shell,z,xy,551,144,407,0,407,30010.30754763463,41.58301791047742,500.0,0.001,14.263768955687528,0.014263768955687529,-4905.167,-4895.752,-4905.167,-9.415039,-5.6152344,0.9999994869964894,0.014263768955687529,0.014263768955687529,23,550,550,4,4,1.1276050979600103,3.56074511,7.12149022,37.15068146375,114.11015164550022,0.0,-32.429253,-519.5739,37.31172436295358,10.44509313875,26.866631224203584,20.63532728170358,0.9040655578967558,28.533832906604466,35.231019445171185,35.51706144202704,37.15302080751161,1.9814467485468246,1.0,19.7627323119569,19.73085063827704,20.476623726261607,1.0,21,50,22,0.44,0.45111111111111113,900,406,0.45111111111111113,0.0,1.0,3.5667291133255583,0.04855708184755995,0.04855708184755995,0.021958591457729888,44.50931387499999,0.4440134118323769,3.8911070780399273,3.6307692307692307,3.941031941031941,0.9533169533169533
408,template_deposition,C,C,none,0,1.0,template_site:index=548:site=C:neigh=2:ahead0=20.474:mode=shell,z,xy,552,144,408,0,408,30011.70561785973,1.3980702250985826,500.0,0.001,14.263768955687528,0.014263768955687529,-4915.1064,-4905.167,-4915.1064,-9.939453,-5.5117188,1.0,0.014263768955687529,0.014263768955687529,25,551,548,4,4,1.752832584828817,5.3411176650000005,5.3411176650000005,37.15068146375,114.11015164550022,0.0,-32.516354,-520.9694,37.20506373326457,10.44509313875,26.759970594514574,20.52866665201457,0.9113848374178085,28.60394060416369,35.20471307851551,35.51326337359869,37.1575044360163,2.043429553567621,1.0,19.736425945301225,19.727052569848688,20.4811073547663,1.0,21,50,22,0.44,0.4522222222222222,900,407,0.45222222222222225,0.0,1.0,3.575492575520461,0.048373593003189275,0.048373593003189275,0.021929362161445805,44.50931387499999,0.44342238122854527,3.891304347826087,3.6363636363636362,3.9411764705882355,0.9558823529411765
409,template_deposition,C,C,none,0,1.0,template_site:index=547:site=C:neigh=2:ahead0=20.474:mode=shell,z,xy,553,144,409,0,409,30012.564500760913,0.8588829011822996,500.0,0.001,14.263768955687528,0.014263768955687529,-4923.593,-4915.1064,-4923.593,-8.486328,-3.0776367,0.9999999708292693,0.014263768955687529,0.014263768955687529,24,552,547,3,3,1.1632773101590648,8.901862775,8.901862775,37.15068146375,114.11015164550022,0.0,-32.590725,-522.161,37.322722377092546,10.44509313875,26.877629238342546,20.646325295842544,0.923531994256216,28.674048301722916,35.2610913325359,35.524909914841444,37.155948664925965,2.0509635867980514,1.0,19.792804199321612,19.738699111091442,20.479551583675963,1.0,21,50,22,0.44,0.4533333333333333,900,408,0.4533333333333333,0.0,1.0,3.5842560377153645,0.04839316430151983,0.04839316430151983,0.021992004665912904,44.50931387499999,0.44468904317212676,3.891500904159132,3.6417910447761193,3.941320293398533,0.9584352078239609
